---------------- T ACLAddAllowedFirstArg
---------------- T ACLAddCommandCategory
---------------- T ACLAppendUserForLoading
---------------- T ACLAuthenticateUser
---------------- T ACLChangeSelectorPerm
---------------- T ACLCheckAllPerm
---------------- T ACLCheckAllUserCommandPerm
---------------- t ACLCheckChannelAgainstList
---------------- T ACLCheckPasswordHash
---------------- T ACLCheckUserCredentials
---------------- T ACLCleanupCategoriesOnFailure
---------------- T ACLClearCommandID
---------------- d ACLCommandCategories
---------------- T ACLCopySelector
---------------- T ACLCopyUser
---------------- T ACLCountCategoryBitsForCommands
---------------- T ACLCountCategoryBitsForSelector
---------------- T ACLCreateDefaultUser
---------------- T ACLCreateSelector
---------------- T ACLCreateUnlinkedUser
---------------- T ACLCreateUser
---------------- D ACLDefaultCommandCategories
---------------- T ACLDescribeSelector
---------------- T ACLDescribeSelectorCommandRules
---------------- T ACLDescribeUser
---------------- T ACLFreeLogEntry
---------------- T ACLFreeSelector
---------------- T ACLFreeUser
---------------- T ACLFreeUserAndKillClients
---------------- T ACLFreeUserGeneric
---------------- T ACLGetCommandBitCoordinates
---------------- T ACLGetCommandCategoryFlagByName
---------------- T ACLGetCommandID
---------------- T ACLGetSelectorCommandBit
---------------- T ACLGetUserByName
---------------- T ACLHashPassword
---------------- T ACLInit
---------------- T ACLInitCommandCategories
---------------- T ACLKeyPatternCreate
---------------- T ACLKeyPatternFree
---------------- T ACLKillPubsubClientsIfNeeded
---------------- T ACLListDupKeyPattern
---------------- T ACLListDupSds
---------------- T ACLListDuplicateSelector
---------------- T ACLListFreeKeyPattern
---------------- T ACLListFreeSds
---------------- T ACLListFreeSelector
---------------- T ACLListMatchKeyPattern
---------------- T ACLListMatchLoadedUser
---------------- T ACLListMatchSds
---------------- T ACLLoadConfiguredUsers
---------------- T ACLLoadFromFile
---------------- T ACLLoadUsersAtStartup
---------------- D ACLLog
---------------- D ACLLogEntryCount
---------------- T ACLLogMatchEntry
---------------- T ACLLookupCommand
---------------- T ACLMergeSelectorArguments
---------------- T ACLRecomputeCommandBitsFromCommandRulesAllUsers
---------------- T ACLResetFirstArgs
---------------- T ACLResetFirstArgsForCommand
---------------- T ACLSaveToFile
---------------- T ACLSelectorCanExecuteFutureCommands
---------------- t ACLSelectorCheckCmd
---------------- t ACLSelectorCheckKey
---------------- D ACLSelectorFlags
---------------- T ACLSelectorRemoveCommandRule
---------------- T ACLSetSelector
---------------- T ACLSetSelectorCategory
---------------- T ACLSetSelectorCommandBit
---------------- T ACLSetSelectorCommandBitsForCategory
---------------- T ACLSetUser
---------------- T ACLSetUserStringError
---------------- T ACLShouldKillPubsubClient
---------------- T ACLStringHasSpaces
---------------- T ACLStringSetUser
---------------- T ACLUpdateCommandRules
---------------- T ACLUpdateDefaultUserPassword
---------------- T ACLUpdateInfoMetrics
---------------- T ACLUserCheckChannelPerm
---------------- T ACLUserCheckCmdWithUnrestrictedKeyAccess
---------------- T ACLUserCheckKeyPerm
---------------- D ACLUserFlags
---------------- T ACLUserGetRootSelector
---------------- D ACL_CAT_Args
---------------- D ACL_DELUSER_Args
---------------- D ACL_DELUSER_Tips
---------------- D ACL_DRYRUN_Args
---------------- D ACL_GENPASS_Args
---------------- D ACL_GETUSER_Args
---------------- D ACL_GETUSER_History
---------------- D ACL_LOG_Args
---------------- D ACL_LOG_History
---------------- D ACL_LOG_operation_Subargs
---------------- D ACL_SAVE_Tips
---------------- D ACL_SETUSER_Args
---------------- D ACL_SETUSER_History
---------------- D ACL_SETUSER_Tips
---------------- D ACL_Subcommands
---------------- D APPEND_Args
---------------- D APPEND_Keyspecs
---------------- D ARG_TYPE_STR
---------------- D AUTH_Args
---------------- D AUTH_History
---------------- T AddReplyFromClient
---------------- t Arith
---------------- D BGSAVE_Args
---------------- D BGSAVE_History
                 U BIO_ctrl
                 U BIO_free
                 U BIO_new
                 U BIO_s_mem
---------------- D BITCOUNT_Args
---------------- D BITCOUNT_History
---------------- D BITCOUNT_Keyspecs
---------------- D BITCOUNT_range_Subargs
---------------- D BITCOUNT_range_unit_Subargs
---------------- D BITFIELD_Args
---------------- D BITFIELD_Keyspecs
---------------- D BITFIELD_RO_Args
---------------- D BITFIELD_RO_Keyspecs
---------------- D BITFIELD_RO_get_block_Subargs
---------------- D BITFIELD_operation_Subargs
---------------- D BITFIELD_operation_get_block_Subargs
---------------- D BITFIELD_operation_write_Subargs
---------------- D BITFIELD_operation_write_overflow_block_Subargs
---------------- D BITFIELD_operation_write_write_operation_Subargs
---------------- D BITFIELD_operation_write_write_operation_incrby_block_Subargs
---------------- D BITFIELD_operation_write_write_operation_set_block_Subargs
---------------- D BITOP_Args
---------------- D BITOP_Keyspecs
---------------- D BITOP_operation_Subargs
---------------- D BITPOS_Args
---------------- D BITPOS_History
---------------- D BITPOS_Keyspecs
---------------- D BITPOS_range_Subargs
---------------- D BITPOS_range_end_unit_block_Subargs
---------------- D BITPOS_range_end_unit_block_unit_Subargs
---------------- D BLMOVE_Args
---------------- D BLMOVE_Keyspecs
---------------- D BLMOVE_wherefrom_Subargs
---------------- D BLMOVE_whereto_Subargs
---------------- D BLMPOP_Args
---------------- D BLMPOP_Keyspecs
---------------- D BLMPOP_where_Subargs
---------------- D BLPOP_Args
---------------- D BLPOP_History
---------------- D BLPOP_Keyspecs
---------------- D BRPOPLPUSH_Args
---------------- D BRPOPLPUSH_History
---------------- D BRPOPLPUSH_Keyspecs
---------------- D BRPOP_Args
---------------- D BRPOP_History
---------------- D BRPOP_Keyspecs
---------------- D BZMPOP_Args
---------------- D BZMPOP_Keyspecs
---------------- D BZMPOP_where_Subargs
---------------- D BZPOPMAX_Args
---------------- D BZPOPMAX_History
---------------- D BZPOPMAX_Keyspecs
---------------- D BZPOPMIN_Args
---------------- D BZPOPMIN_History
---------------- D BZPOPMIN_Keyspecs
---------------- d CLASSIC_FOOTER
---------------- D CLIENT_CACHING_Args
---------------- D CLIENT_CACHING_mode_Subargs
---------------- D CLIENT_INFO_Tips
---------------- D CLIENT_KILL_Args
---------------- D CLIENT_KILL_History
---------------- D CLIENT_KILL_filter_Subargs
---------------- D CLIENT_KILL_filter_new_format_Subargs
---------------- D CLIENT_KILL_filter_new_format_client_type_Subargs
---------------- D CLIENT_KILL_filter_new_format_skipme_Subargs
---------------- D CLIENT_LIST_Args
---------------- D CLIENT_LIST_History
---------------- D CLIENT_LIST_Tips
---------------- D CLIENT_LIST_client_type_Subargs
---------------- D CLIENT_NO_EVICT_Args
---------------- D CLIENT_NO_EVICT_enabled_Subargs
---------------- D CLIENT_NO_TOUCH_Args
---------------- D CLIENT_NO_TOUCH_enabled_Subargs
---------------- D CLIENT_PAUSE_Args
---------------- D CLIENT_PAUSE_History
---------------- D CLIENT_PAUSE_mode_Subargs
---------------- D CLIENT_REPLY_Args
---------------- D CLIENT_REPLY_action_Subargs
---------------- D CLIENT_SETINFO_Args
---------------- D CLIENT_SETINFO_Tips
---------------- D CLIENT_SETINFO_attr_Subargs
---------------- D CLIENT_SETNAME_Args
---------------- D CLIENT_SETNAME_Tips
---------------- D CLIENT_Subcommands
---------------- D CLIENT_TRACKING_Args
---------------- D CLIENT_TRACKING_status_Subargs
---------------- D CLIENT_UNBLOCK_Args
---------------- D CLIENT_UNBLOCK_unblock_type_Subargs
---------------- D CLUSTER_ADDSLOTSRANGE_Args
---------------- D CLUSTER_ADDSLOTSRANGE_range_Subargs
---------------- D CLUSTER_ADDSLOTS_Args
---------------- D CLUSTER_BUMPEPOCH_Tips
---------------- D CLUSTER_COUNTKEYSINSLOT_Args
---------------- D CLUSTER_COUNT_FAILURE_REPORTS_Args
---------------- D CLUSTER_COUNT_FAILURE_REPORTS_Tips
---------------- D CLUSTER_DELSLOTSRANGE_Args
---------------- D CLUSTER_DELSLOTSRANGE_range_Subargs
---------------- D CLUSTER_DELSLOTS_Args
---------------- D CLUSTER_FAILOVER_Args
---------------- D CLUSTER_FAILOVER_options_Subargs
---------------- D CLUSTER_FORGET_Args
---------------- D CLUSTER_GETKEYSINSLOT_Args
---------------- D CLUSTER_GETKEYSINSLOT_Tips
---------------- D CLUSTER_INFO_Tips
---------------- D CLUSTER_KEYSLOT_Args
---------------- D CLUSTER_LINKS_Tips
---------------- D CLUSTER_MEET_Args
---------------- D CLUSTER_MEET_History
---------------- D CLUSTER_MIGRATION_Args
---------------- D CLUSTER_MIGRATION_subcommand_Subargs
---------------- D CLUSTER_MIGRATION_subcommand_cancel_Subargs
---------------- D CLUSTER_MIGRATION_subcommand_import_Subargs
---------------- D CLUSTER_MIGRATION_subcommand_status_Subargs
---------------- D CLUSTER_MYSHARDID_Tips
---------------- D CLUSTER_NODES_Tips
---------------- D CLUSTER_REPLICAS_Args
---------------- D CLUSTER_REPLICAS_Tips
---------------- D CLUSTER_REPLICATE_Args
---------------- D CLUSTER_RESET_Args
---------------- D CLUSTER_RESET_reset_type_Subargs
---------------- D CLUSTER_SETSLOT_Args
---------------- D CLUSTER_SETSLOT_subcommand_Subargs
---------------- D CLUSTER_SET_CONFIG_EPOCH_Args
---------------- D CLUSTER_SHARDS_Tips
---------------- D CLUSTER_SLAVES_Args
---------------- D CLUSTER_SLAVES_Tips
---------------- D CLUSTER_SLOTS_History
---------------- D CLUSTER_SLOTS_Tips
---------------- D CLUSTER_SLOT_STATS_Args
---------------- D CLUSTER_SLOT_STATS_Tips
---------------- D CLUSTER_SLOT_STATS_filter_Subargs
---------------- D CLUSTER_SLOT_STATS_filter_orderby_Subargs
---------------- D CLUSTER_SLOT_STATS_filter_orderby_order_Subargs
---------------- D CLUSTER_SLOT_STATS_filter_slotsrange_Subargs
---------------- D CLUSTER_SYNCSLOTS_Args
---------------- D CLUSTER_SYNCSLOTS_Tips
---------------- D CLUSTER_SYNCSLOTS_subcommand_Subargs
---------------- D CLUSTER_SYNCSLOTS_subcommand_ack_Subargs
---------------- D CLUSTER_SYNCSLOTS_subcommand_conf_Subargs
---------------- D CLUSTER_SYNCSLOTS_subcommand_sync_Subargs
---------------- D CLUSTER_SYNCSLOTS_subcommand_sync_slot_range_Subargs
---------------- D CLUSTER_Subcommands
---------------- D COMMAND_DOCS_Args
---------------- D COMMAND_DOCS_Tips
---------------- D COMMAND_GETKEYSANDFLAGS_Args
---------------- D COMMAND_GETKEYS_Args
---------------- D COMMAND_GROUP_STR
---------------- D COMMAND_INFO_Args
---------------- D COMMAND_INFO_History
---------------- D COMMAND_INFO_Tips
---------------- D COMMAND_LIST_Args
---------------- D COMMAND_LIST_Tips
---------------- D COMMAND_LIST_filterby_Subargs
---------------- D COMMAND_Subcommands
---------------- D COMMAND_Tips
---------------- D CONFIG_GET_Args
---------------- D CONFIG_GET_History
---------------- D CONFIG_RESETSTAT_Tips
---------------- D CONFIG_REWRITE_Tips
---------------- D CONFIG_SET_Args
---------------- D CONFIG_SET_History
---------------- D CONFIG_SET_Tips
---------------- D CONFIG_SET_data_Subargs
---------------- D CONFIG_Subcommands
---------------- D COPY_Args
---------------- D COPY_Keyspecs
---------------- d CRC64_DUAL_CUTOFF
---------------- d CRC64_TRI_CUTOFF
---------------- d CT_Socket
---------------- d CT_TLS
---------------- d CT_Unix
---------------- D ClientsPeakMemInput
---------------- D ClientsPeakMemOutput
---------------- D CurrentPeakMemUsageSlot
---------------- D DBSIZE_Tips
---------------- D DECRBY_Args
---------------- D DECRBY_Keyspecs
---------------- D DECR_Args
---------------- D DECR_Keyspecs
---------------- D DEG_TO_RAD
---------------- D DELEX_Args
---------------- D DELEX_Keyspecs
---------------- D DELEX_condition_Subargs
---------------- D DEL_Args
---------------- D DEL_Keyspecs
---------------- D DEL_Tips
---------------- D DIGEST_Args
---------------- D DIGEST_Keyspecs
---------------- D DUMP_Args
---------------- D DUMP_Keyspecs
---------------- D DUMP_Tips
---------------- d DefaultLuaTypeParserCallbacks
---------------- d DefaultParserCallbacks
---------------- D DefaultUser
---------------- t DumpFunction
---------------- D EARTH_RADIUS_IN_METERS
---------------- D ECHO_Args
                 U ERR_clear_error
                 U ERR_error_string_n
                 U ERR_get_error
---------------- D EVALSHA_Args
---------------- D EVALSHA_Keyspecs
---------------- D EVALSHA_RO_Args
---------------- D EVALSHA_RO_Keyspecs
---------------- D EVAL_Args
---------------- D EVAL_Keyspecs
---------------- D EVAL_RO_Args
---------------- D EVAL_RO_Keyspecs
                 U EVP_PKEY_free
---------------- D EXISTS_Args
---------------- D EXISTS_History
---------------- D EXISTS_Keyspecs
---------------- D EXISTS_Tips
---------------- D EXPIREAT_Args
---------------- D EXPIREAT_History
---------------- D EXPIREAT_Keyspecs
---------------- D EXPIREAT_condition_Subargs
---------------- D EXPIRETIME_Args
---------------- D EXPIRETIME_Keyspecs
---------------- D EXPIRE_Args
---------------- D EXPIRE_History
---------------- D EXPIRE_Keyspecs
---------------- D EXPIRE_condition_Subargs
---------------- d EvictionPoolLRU
---------------- D FAILOVER_Args
---------------- D FAILOVER_target_Subargs
---------------- D FCALL_Args
---------------- D FCALL_Keyspecs
---------------- D FCALL_RO_Args
---------------- D FCALL_RO_Keyspecs
---------------- D FLUSHALL_Args
---------------- D FLUSHALL_History
---------------- D FLUSHALL_Tips
---------------- D FLUSHALL_flush_type_Subargs
---------------- D FLUSHDB_Args
---------------- D FLUSHDB_History
---------------- D FLUSHDB_Tips
---------------- D FLUSHDB_flush_type_Subargs
---------------- D FUNCTION_DELETE_Args
---------------- D FUNCTION_DELETE_Tips
---------------- D FUNCTION_FLUSH_Args
---------------- D FUNCTION_FLUSH_Tips
---------------- D FUNCTION_FLUSH_flush_type_Subargs
---------------- D FUNCTION_KILL_Tips
---------------- D FUNCTION_LIST_Args
---------------- D FUNCTION_LIST_Tips
---------------- D FUNCTION_LOAD_Args
---------------- D FUNCTION_LOAD_Tips
---------------- D FUNCTION_RESTORE_Args
---------------- D FUNCTION_RESTORE_Tips
---------------- D FUNCTION_RESTORE_policy_Subargs
---------------- D FUNCTION_STATS_Tips
---------------- D FUNCTION_Subcommands
---------------- t GCTM
---------------- D GEOADD_Args
---------------- D GEOADD_History
---------------- D GEOADD_Keyspecs
---------------- D GEOADD_condition_Subargs
---------------- D GEOADD_data_Subargs
---------------- D GEODIST_Args
---------------- D GEODIST_Keyspecs
---------------- D GEODIST_unit_Subargs
---------------- D GEOHASH_Args
---------------- D GEOHASH_Keyspecs
---------------- D GEOPOS_Args
---------------- D GEOPOS_Keyspecs
---------------- D GEORADIUSBYMEMBER_Args
---------------- D GEORADIUSBYMEMBER_History
---------------- D GEORADIUSBYMEMBER_Keyspecs
---------------- D GEORADIUSBYMEMBER_RO_Args
---------------- D GEORADIUSBYMEMBER_RO_History
---------------- D GEORADIUSBYMEMBER_RO_Keyspecs
---------------- D GEORADIUSBYMEMBER_RO_count_block_Subargs
---------------- D GEORADIUSBYMEMBER_RO_order_Subargs
---------------- D GEORADIUSBYMEMBER_RO_unit_Subargs
---------------- D GEORADIUSBYMEMBER_count_block_Subargs
---------------- D GEORADIUSBYMEMBER_order_Subargs
---------------- D GEORADIUSBYMEMBER_store_Subargs
---------------- D GEORADIUSBYMEMBER_unit_Subargs
---------------- D GEORADIUS_Args
---------------- D GEORADIUS_History
---------------- D GEORADIUS_Keyspecs
---------------- D GEORADIUS_RO_Args
---------------- D GEORADIUS_RO_History
---------------- D GEORADIUS_RO_Keyspecs
---------------- D GEORADIUS_RO_count_block_Subargs
---------------- D GEORADIUS_RO_order_Subargs
---------------- D GEORADIUS_RO_unit_Subargs
---------------- D GEORADIUS_count_block_Subargs
---------------- D GEORADIUS_order_Subargs
---------------- D GEORADIUS_store_Subargs
---------------- D GEORADIUS_unit_Subargs
---------------- D GEOSEARCHSTORE_Args
---------------- D GEOSEARCHSTORE_History
---------------- D GEOSEARCHSTORE_Keyspecs
---------------- D GEOSEARCHSTORE_by_Subargs
---------------- D GEOSEARCHSTORE_by_box_Subargs
---------------- D GEOSEARCHSTORE_by_box_unit_Subargs
---------------- D GEOSEARCHSTORE_by_circle_Subargs
---------------- D GEOSEARCHSTORE_by_circle_unit_Subargs
---------------- D GEOSEARCHSTORE_count_block_Subargs
---------------- D GEOSEARCHSTORE_from_Subargs
---------------- D GEOSEARCHSTORE_from_fromlonlat_Subargs
---------------- D GEOSEARCHSTORE_order_Subargs
---------------- D GEOSEARCH_Args
---------------- D GEOSEARCH_History
---------------- D GEOSEARCH_Keyspecs
---------------- D GEOSEARCH_by_Subargs
---------------- D GEOSEARCH_by_box_Subargs
---------------- D GEOSEARCH_by_box_unit_Subargs
---------------- D GEOSEARCH_by_circle_Subargs
---------------- D GEOSEARCH_by_circle_unit_Subargs
---------------- D GEOSEARCH_count_block_Subargs
---------------- D GEOSEARCH_from_Subargs
---------------- D GEOSEARCH_from_fromlonlat_Subargs
---------------- D GEOSEARCH_order_Subargs
---------------- D GETBIT_Args
---------------- D GETBIT_Keyspecs
---------------- D GETDEL_Args
---------------- D GETDEL_Keyspecs
---------------- D GETEX_Args
---------------- D GETEX_Keyspecs
---------------- D GETEX_expiration_Subargs
---------------- D GETRANGE_Args
---------------- D GETRANGE_Keyspecs
---------------- D GETSET_Args
---------------- D GETSET_Keyspecs
---------------- D GET_Args
---------------- D GET_Keyspecs
---------------- D HDEL_Args
---------------- D HDEL_History
---------------- D HDEL_Keyspecs
---------------- D HELLO_Args
---------------- D HELLO_History
---------------- D HELLO_arguments_Subargs
---------------- D HELLO_arguments_auth_Subargs
---------------- d HEX
---------------- D HEXISTS_Args
---------------- D HEXISTS_Keyspecs
---------------- D HEXPIREAT_Args
---------------- D HEXPIREAT_Keyspecs
---------------- D HEXPIREAT_condition_Subargs
---------------- D HEXPIREAT_fields_Subargs
---------------- D HEXPIRETIME_Args
---------------- D HEXPIRETIME_Keyspecs
---------------- D HEXPIRETIME_fields_Subargs
---------------- D HEXPIRE_Args
---------------- D HEXPIRE_Keyspecs
---------------- D HEXPIRE_condition_Subargs
---------------- D HEXPIRE_fields_Subargs
---------------- D HGETALL_Args
---------------- D HGETALL_Keyspecs
---------------- D HGETALL_Tips
---------------- D HGETDEL_Args
---------------- D HGETDEL_Keyspecs
---------------- D HGETDEL_fields_Subargs
---------------- D HGETEX_Args
---------------- D HGETEX_Keyspecs
---------------- D HGETEX_expiration_Subargs
---------------- D HGETEX_fields_Subargs
---------------- D HGET_Args
---------------- D HGET_Keyspecs
---------------- D HINCRBYFLOAT_Args
---------------- D HINCRBYFLOAT_Keyspecs
---------------- D HINCRBY_Args
---------------- D HINCRBY_Keyspecs
---------------- D HKEYS_Args
---------------- D HKEYS_Keyspecs
---------------- D HKEYS_Tips
---------------- D HLEN_Args
---------------- D HLEN_Keyspecs
---------------- D HMGET_Args
---------------- D HMGET_Keyspecs
---------------- D HMSET_Args
---------------- D HMSET_Keyspecs
---------------- D HMSET_data_Subargs
---------------- D HOTKEYS_GET_Tips
---------------- D HOTKEYS_RESET_Tips
---------------- D HOTKEYS_START_Args
---------------- D HOTKEYS_START_Tips
---------------- D HOTKEYS_START_metrics_Subargs
---------------- D HOTKEYS_START_slots_Subargs
---------------- D HOTKEYS_STOP_Tips
---------------- D HOTKEYS_Subcommands
---------------- D HPERSIST_Args
---------------- D HPERSIST_Keyspecs
---------------- D HPERSIST_fields_Subargs
---------------- D HPEXPIREAT_Args
---------------- D HPEXPIREAT_Keyspecs
---------------- D HPEXPIREAT_condition_Subargs
---------------- D HPEXPIREAT_fields_Subargs
---------------- D HPEXPIRETIME_Args
---------------- D HPEXPIRETIME_Keyspecs
---------------- D HPEXPIRETIME_fields_Subargs
---------------- D HPEXPIRE_Args
---------------- D HPEXPIRE_Keyspecs
---------------- D HPEXPIRE_condition_Subargs
---------------- D HPEXPIRE_fields_Subargs
---------------- D HPTTL_Args
---------------- D HPTTL_Keyspecs
---------------- D HPTTL_Tips
---------------- D HPTTL_fields_Subargs
---------------- D HRANDFIELD_Args
---------------- D HRANDFIELD_Keyspecs
---------------- D HRANDFIELD_Tips
---------------- D HRANDFIELD_options_Subargs
---------------- D HSCAN_Args
---------------- D HSCAN_Keyspecs
---------------- D HSCAN_Tips
---------------- D HSETEX_Args
---------------- D HSETEX_Keyspecs
---------------- D HSETEX_condition_Subargs
---------------- D HSETEX_expiration_Subargs
---------------- D HSETEX_fields_Subargs
---------------- D HSETEX_fields_data_Subargs
---------------- D HSETNX_Args
---------------- D HSETNX_Keyspecs
---------------- D HSET_Args
---------------- D HSET_History
---------------- D HSET_Keyspecs
---------------- D HSET_data_Subargs
---------------- D HSTRLEN_Args
---------------- D HSTRLEN_Keyspecs
---------------- D HTTL_Args
---------------- D HTTL_Keyspecs
---------------- D HTTL_Tips
---------------- D HTTL_fields_Subargs
---------------- D HVALS_Args
---------------- D HVALS_Keyspecs
---------------- D HVALS_Tips
---------------- D INCRBYFLOAT_Args
---------------- D INCRBYFLOAT_Keyspecs
---------------- D INCRBY_Args
---------------- D INCRBY_Keyspecs
---------------- D INCR_Args
---------------- D INCR_Keyspecs
---------------- D INFO_Args
---------------- D INFO_History
---------------- D INFO_Tips
---------------- T IOThreadAfterSleep
---------------- T IOThreadBeforeSleep
---------------- T IOThreadClientsCron
---------------- T IOThreadCron
---------------- T IOThreadMain
---------------- d IOThreads
---------------- T InitServerLast
---------------- D KEYS_Args
---------------- D KEYS_Tips
---------------- d KEY_HOOK
---------------- D LASTSAVE_Tips
---------------- D LATENCY_DOCTOR_Tips
---------------- D LATENCY_GRAPH_Args
---------------- D LATENCY_GRAPH_Tips
---------------- D LATENCY_HISTOGRAM_Args
---------------- D LATENCY_HISTOGRAM_Tips
---------------- D LATENCY_HISTORY_Args
---------------- D LATENCY_HISTORY_Tips
---------------- D LATENCY_LATEST_Tips
---------------- D LATENCY_RESET_Args
---------------- D LATENCY_RESET_Tips
---------------- D LATENCY_Subcommands
---------------- D LCS_Args
---------------- D LCS_Keyspecs
---------------- T LFUDecrAndReturn
---------------- T LFUGetTimeInMinutes
---------------- T LFULogIncr
---------------- T LFUTimeElapsed
---------------- D LINDEX_Args
---------------- D LINDEX_Keyspecs
---------------- D LINSERT_Args
---------------- D LINSERT_Keyspecs
---------------- D LINSERT_where_Subargs
---------------- D LLEN_Args
---------------- D LLEN_Keyspecs
---------------- D LMOVE_Args
---------------- D LMOVE_Keyspecs
---------------- D LMOVE_wherefrom_Subargs
---------------- D LMOVE_whereto_Subargs
---------------- D LMPOP_Args
---------------- D LMPOP_Keyspecs
---------------- D LMPOP_where_Subargs
---------------- D LOLWUT_Args
---------------- D LPOP_Args
---------------- D LPOP_History
---------------- D LPOP_Keyspecs
---------------- D LPOS_Args
---------------- D LPOS_Keyspecs
---------------- D LPUSHX_Args
---------------- D LPUSHX_History
---------------- D LPUSHX_Keyspecs
---------------- D LPUSH_Args
---------------- D LPUSH_History
---------------- D LPUSH_Keyspecs
---------------- D LRANGE_Args
---------------- D LRANGE_Keyspecs
---------------- D LREM_Args
---------------- D LREM_Keyspecs
---------------- T LRU_CLOCK
---------------- D LSET_Args
---------------- D LSET_Keyspecs
---------------- D LTRIM_Args
---------------- D LTRIM_Keyspecs
---------------- t LoadFunction
---------------- t LoadInt
---------------- t LoadString
---------------- D MEMORY_DOCTOR_Tips
---------------- D MEMORY_MALLOC_STATS_Tips
---------------- D MEMORY_PURGE_Tips
---------------- D MEMORY_STATS_Tips
---------------- D MEMORY_Subcommands
---------------- D MEMORY_USAGE_Args
---------------- D MEMORY_USAGE_Keyspecs
---------------- D MERCATOR_MAX
---------------- D MERCATOR_MIN
---------------- D MGET_Args
---------------- D MGET_Keyspecs
---------------- D MGET_Tips
---------------- D MIGRATE_Args
---------------- D MIGRATE_History
---------------- D MIGRATE_Keyspecs
---------------- D MIGRATE_Tips
---------------- D MIGRATE_authentication_Subargs
---------------- D MIGRATE_authentication_auth2_Subargs
---------------- D MIGRATE_key_selector_Subargs
---------------- D MODULE_LIST_Tips
---------------- D MODULE_LOADEX_Args
---------------- D MODULE_LOADEX_configs_Subargs
---------------- D MODULE_LOAD_Args
---------------- D MODULE_Subcommands
---------------- D MODULE_UNLOAD_Args
---------------- D MOVE_Args
---------------- D MOVE_Keyspecs
---------------- D MSETEX_Args
---------------- D MSETEX_Keyspecs
---------------- D MSETEX_Tips
---------------- D MSETEX_condition_Subargs
---------------- D MSETEX_data_Subargs
---------------- D MSETEX_expiration_Subargs
---------------- D MSETNX_Args
---------------- D MSETNX_Keyspecs
---------------- D MSETNX_data_Subargs
---------------- D MSET_Args
---------------- D MSET_Keyspecs
---------------- D MSET_Tips
---------------- D MSET_data_Subargs
---------------- T ModuleForkDoneHandler
---------------- D ModuleTypeNameCharSet
---------------- T MurmurHash64A
---------------- D OBJECT_ENCODING_Args
---------------- D OBJECT_ENCODING_Keyspecs
---------------- D OBJECT_ENCODING_Tips
---------------- D OBJECT_FREQ_Args
---------------- D OBJECT_FREQ_Keyspecs
---------------- D OBJECT_FREQ_Tips
---------------- D OBJECT_IDLETIME_Args
---------------- D OBJECT_IDLETIME_Keyspecs
---------------- D OBJECT_IDLETIME_Tips
---------------- D OBJECT_REFCOUNT_Args
---------------- D OBJECT_REFCOUNT_Keyspecs
---------------- D OBJECT_REFCOUNT_Tips
---------------- D OBJECT_Subcommands
                 U OPENSSL_cleanup
                 U OPENSSL_init_crypto
                 U OSSL_DECODER_CTX_free
                 U OSSL_DECODER_CTX_new_for_pkey
                 U OSSL_DECODER_from_fp
                 U PEM_write_bio_X509
---------------- D PERSIST_Args
---------------- D PERSIST_Keyspecs
---------------- D PEXPIREAT_Args
---------------- D PEXPIREAT_History
---------------- D PEXPIREAT_Keyspecs
---------------- D PEXPIREAT_condition_Subargs
---------------- D PEXPIRETIME_Args
---------------- D PEXPIRETIME_Keyspecs
---------------- D PEXPIRE_Args
---------------- D PEXPIRE_History
---------------- D PEXPIRE_Keyspecs
---------------- D PEXPIRE_condition_Subargs
---------------- D PFADD_Args
---------------- D PFADD_Keyspecs
---------------- D PFCOUNT_Args
---------------- D PFCOUNT_Keyspecs
---------------- D PFDEBUG_Args
---------------- D PFDEBUG_Keyspecs
---------------- D PFMERGE_Args
---------------- D PFMERGE_Keyspecs
---------------- D PING_Args
---------------- D PING_Tips
---------------- D PSETEX_Args
---------------- D PSETEX_Keyspecs
---------------- D PSUBSCRIBE_Args
---------------- D PSYNC_Args
---------------- D PTTL_Args
---------------- D PTTL_History
---------------- D PTTL_Keyspecs
---------------- D PTTL_Tips
---------------- D PUBLISH_Args
---------------- D PUBSUB_CHANNELS_Args
---------------- D PUBSUB_NUMSUB_Args
---------------- D PUBSUB_SHARDCHANNELS_Args
---------------- D PUBSUB_SHARDNUMSUB_Args
---------------- D PUBSUB_Subcommands
---------------- D PUNSUBSCRIBE_Args
---------------- d PausedIOThreads
---------------- D PrefixTable
---------------- D ProcessingEventsWhileBlocked
---------------- D RANDOMKEY_Tips
                 U RAND_poll
---------------- D RDBGeneratedByReplication
---------------- D RENAMENX_Args
---------------- D RENAMENX_History
---------------- D RENAMENX_Keyspecs
---------------- D RENAME_Args
---------------- D RENAME_Keyspecs
---------------- D REPLICAOF_Args
---------------- D REPLICAOF_args_Subargs
---------------- D REPLICAOF_args_host_port_Subargs
---------------- D REPLICAOF_args_no_one_Subargs
---------------- D RESTORE_ASKING_Args
---------------- D RESTORE_ASKING_History
---------------- D RESTORE_ASKING_Keyspecs
---------------- D RESTORE_Args
---------------- D RESTORE_History
---------------- D RESTORE_Keyspecs
---------------- T RM_ACLAddLogEntry
---------------- T RM_ACLAddLogEntryByUserName
---------------- T RM_ACLCheckChannelPermissions
---------------- T RM_ACLCheckCommandPermissions
---------------- T RM_ACLCheckKeyPermissions
---------------- T RM_ACLCheckKeyPrefixPermissions
---------------- T RM_AbortBlock
---------------- T RM_AddACLCategory
---------------- T RM_AddPostNotificationJob
---------------- T RM_Alloc
---------------- T RM_AuthenticateClientWithACLUser
---------------- T RM_AuthenticateClientWithUser
---------------- T RM_AutoMemory
---------------- T RM_AvoidReplicaTraffic
---------------- T RM_BlockClient
---------------- T RM_BlockClientGetPrivateData
---------------- T RM_BlockClientOnAuth
---------------- T RM_BlockClientOnKeys
---------------- T RM_BlockClientOnKeysWithFlags
---------------- T RM_BlockClientSetPrivateData
---------------- T RM_BlockedClientDisconnected
---------------- T RM_BlockedClientMeasureTimeEnd
---------------- T RM_BlockedClientMeasureTimeStart
---------------- T RM_CachedMicroseconds
---------------- T RM_Call
---------------- T RM_CallReplyArrayElement
---------------- T RM_CallReplyAttribute
---------------- T RM_CallReplyAttributeElement
---------------- T RM_CallReplyBigNumber
---------------- T RM_CallReplyBool
---------------- T RM_CallReplyDouble
---------------- T RM_CallReplyInteger
---------------- T RM_CallReplyLength
---------------- T RM_CallReplyMapElement
---------------- T RM_CallReplyPromiseAbort
---------------- T RM_CallReplyPromiseSetUnblockHandler
---------------- T RM_CallReplyProto
---------------- T RM_CallReplySetElement
---------------- T RM_CallReplyStringPtr
---------------- T RM_CallReplyType
---------------- T RM_CallReplyVerbatim
---------------- T RM_Calloc
---------------- T RM_ChannelAtPosWithFlags
---------------- T RM_CloseKey
---------------- T RM_ClusterCanAccessKeysInSlot
---------------- T RM_ClusterCanonicalKeyNameInSlot
---------------- T RM_ClusterDisableTrim
---------------- T RM_ClusterEnableTrim
---------------- T RM_ClusterFreeSlotRanges
---------------- T RM_ClusterGetLocalSlotRanges
---------------- T RM_ClusterKeySlot
---------------- T RM_ClusterKeySlotC
---------------- T RM_ClusterPropagateForSlotMigration
---------------- T RM_CommandFilterArgDelete
---------------- T RM_CommandFilterArgGet
---------------- T RM_CommandFilterArgInsert
---------------- T RM_CommandFilterArgReplace
---------------- T RM_CommandFilterArgsCount
---------------- T RM_CommandFilterGetClientId
---------------- T RM_ConfigGet
---------------- T RM_ConfigGetBool
---------------- T RM_ConfigGetEnum
---------------- T RM_ConfigGetNumeric
---------------- T RM_ConfigGetType
---------------- T RM_ConfigIteratorCreate
---------------- T RM_ConfigIteratorNext
---------------- T RM_ConfigIteratorRelease
---------------- T RM_ConfigSet
---------------- T RM_ConfigSetBool
---------------- T RM_ConfigSetEnum
---------------- T RM_ConfigSetNumeric
---------------- T RM_CreateCommand
---------------- T RM_CreateDataType
---------------- T RM_CreateDict
---------------- T RM_CreateKeyMetaClass
---------------- T RM_CreateModuleUser
---------------- T RM_CreateString
---------------- T RM_CreateStringFromCallReply
---------------- T RM_CreateStringFromDouble
---------------- T RM_CreateStringFromLongDouble
---------------- T RM_CreateStringFromLongLong
---------------- T RM_CreateStringFromStreamID
---------------- T RM_CreateStringFromString
---------------- T RM_CreateStringFromULongLong
---------------- T RM_CreateStringPrintf
---------------- T RM_CreateSubcommand
---------------- T RM_CreateTimer
---------------- T RM_DbSize
---------------- T RM_DeauthenticateAndCloseClient
---------------- T RM_DefragAlloc
---------------- T RM_DefragAllocRaw
---------------- T RM_DefragCursorGet
---------------- T RM_DefragCursorSet
---------------- T RM_DefragFreeRaw
---------------- T RM_DefragRedisModuleDict
---------------- T RM_DefragRedisModuleString
---------------- T RM_DefragShouldStop
---------------- T RM_DeleteKey
---------------- T RM_DictCompare
---------------- T RM_DictCompareC
---------------- T RM_DictDel
---------------- T RM_DictDelC
---------------- T RM_DictGet
---------------- T RM_DictGetC
---------------- T RM_DictIteratorReseek
---------------- T RM_DictIteratorReseekC
---------------- T RM_DictIteratorStart
---------------- T RM_DictIteratorStartC
---------------- T RM_DictIteratorStop
---------------- T RM_DictNext
---------------- T RM_DictNextC
---------------- T RM_DictPrev
---------------- T RM_DictPrevC
---------------- T RM_DictReplace
---------------- T RM_DictReplaceC
---------------- T RM_DictSet
---------------- T RM_DictSetC
---------------- T RM_DictSize
---------------- T RM_DigestAddLongLong
---------------- T RM_DigestAddStringBuffer
---------------- T RM_DigestEndSequence
---------------- T RM_EmitAOF
---------------- T RM_EventLoopAdd
---------------- T RM_EventLoopAddOneShot
---------------- T RM_EventLoopDel
---------------- T RM_ExitFromChild
---------------- T RM_ExportSharedAPI
---------------- T RM_Fork
---------------- T RM_Free
---------------- T RM_FreeCallReply
---------------- T RM_FreeClusterNodesList
---------------- T RM_FreeDict
---------------- T RM_FreeModuleUser
---------------- T RM_FreeServerInfo
---------------- T RM_FreeString
---------------- T RM_FreeThreadSafeContext
---------------- T RM_GetAbsExpire
---------------- T RM_GetApi
---------------- T RM_GetBlockedClientHandle
---------------- T RM_GetBlockedClientPrivateData
---------------- T RM_GetBlockedClientReadyKey
---------------- T RM_GetClientCertificate
---------------- T RM_GetClientId
---------------- T RM_GetClientInfoById
---------------- T RM_GetClientNameById
---------------- T RM_GetClientUserNameById
---------------- T RM_GetClusterNodeInfo
---------------- T RM_GetClusterNodesList
---------------- T RM_GetClusterSize
---------------- T RM_GetCommand
---------------- T RM_GetCommandKeys
---------------- T RM_GetCommandKeysWithFlags
---------------- T RM_GetContextFlags
---------------- T RM_GetContextFlagsAll
---------------- T RM_GetContextFromIO
---------------- T RM_GetCurrentCommandName
---------------- T RM_GetCurrentUserName
---------------- T RM_GetDbIdFromDefragCtx
---------------- T RM_GetDbIdFromDigest
---------------- T RM_GetDbIdFromIO
---------------- T RM_GetDbIdFromModuleKey
---------------- T RM_GetDbIdFromOptCtx
---------------- T RM_GetDetachedThreadSafeContext
---------------- T RM_GetExpire
---------------- T RM_GetInternalSecret
---------------- T RM_GetKeyMeta
---------------- T RM_GetKeyNameFromDefragCtx
---------------- T RM_GetKeyNameFromDigest
---------------- T RM_GetKeyNameFromIO
---------------- T RM_GetKeyNameFromModuleKey
---------------- T RM_GetKeyNameFromOptCtx
---------------- T RM_GetKeyspaceNotificationFlagsAll
---------------- T RM_GetLFU
---------------- T RM_GetLRU
---------------- T RM_GetModuleOptionsAll
---------------- T RM_GetModuleUserACLString
---------------- T RM_GetModuleUserFromUserName
---------------- T RM_GetMyClusterID
---------------- T RM_GetNotifyKeyspaceEvents
---------------- T RM_GetOpenKeyModesAll
---------------- T RM_GetRandomBytes
---------------- T RM_GetRandomHexChars
---------------- T RM_GetSelectedDb
---------------- T RM_GetServerInfo
---------------- T RM_GetServerVersion
---------------- T RM_GetSharedAPI
---------------- T RM_GetThreadSafeContext
---------------- T RM_GetTimerInfo
---------------- T RM_GetToDbIdFromOptCtx
---------------- T RM_GetToKeyNameFromOptCtx
---------------- T RM_GetTypeMethodVersion
---------------- T RM_GetUsedMemoryRatio
---------------- T RM_HashFieldMinExpire
---------------- T RM_HashGet
---------------- T RM_HashSet
---------------- T RM_HoldString
---------------- T RM_InfoAddFieldCString
---------------- T RM_InfoAddFieldDouble
---------------- T RM_InfoAddFieldLongLong
---------------- T RM_InfoAddFieldString
---------------- T RM_InfoAddFieldULongLong
---------------- T RM_InfoAddSection
---------------- T RM_InfoBeginDictField
---------------- T RM_InfoEndDictField
---------------- T RM_IsBlockedReplyRequest
---------------- T RM_IsBlockedTimeoutRequest
---------------- T RM_IsChannelsPositionRequest
---------------- T RM_IsIOError
---------------- T RM_IsKeysPositionRequest
---------------- T RM_IsModuleNameBusy
---------------- T RM_IsSubEventSupported
---------------- T RM_KeyAtPos
---------------- T RM_KeyAtPosWithFlags
---------------- T RM_KeyExists
---------------- T RM_KeyType
---------------- T RM_KillForkChild
---------------- T RM_LatencyAddSample
---------------- T RM_ListDelete
---------------- T RM_ListGet
---------------- T RM_ListInsert
---------------- T RM_ListPop
---------------- T RM_ListPush
---------------- T RM_ListSet
---------------- T RM_LoadConfigs
---------------- T RM_LoadDataTypeFromString
---------------- T RM_LoadDataTypeFromStringEncver
---------------- T RM_LoadDefaultConfigs
---------------- T RM_LoadDouble
---------------- T RM_LoadFloat
---------------- T RM_LoadLongDouble
---------------- T RM_LoadSigned
---------------- T RM_LoadString
---------------- T RM_LoadStringBuffer
---------------- T RM_LoadUnsigned
---------------- T RM_Log
---------------- T RM_LogIOError
---------------- T RM_MallocSize
---------------- T RM_MallocSizeDict
---------------- T RM_MallocSizeString
---------------- T RM_MallocUsableSize
---------------- T RM_Microseconds
---------------- T RM_Milliseconds
---------------- T RM_ModuleTypeGetType
---------------- T RM_ModuleTypeGetValue
---------------- T RM_ModuleTypeReplaceValue
---------------- T RM_ModuleTypeSetValue
---------------- T RM_MonotonicMicroseconds
---------------- T RM_NotifyKeyspaceEvent
---------------- T RM_OpenKey
---------------- T RM_PoolAlloc
---------------- T RM_PublishMessage
---------------- T RM_PublishMessageShard
---------------- T RM_RandomKey
---------------- T RM_RdbLoad
---------------- T RM_RdbSave
---------------- T RM_RdbStreamCreateFromFile
---------------- T RM_RdbStreamFree
---------------- T RM_Realloc
---------------- T RM_RedactClientCommandArgument
---------------- T RM_RegisterAuthCallback
---------------- T RM_RegisterBoolConfig
---------------- T RM_RegisterClusterMessageReceiver
---------------- T RM_RegisterCommandFilter
---------------- T RM_RegisterDefragCallbacks
---------------- T RM_RegisterDefragFunc
---------------- T RM_RegisterDefragFunc2
---------------- T RM_RegisterEnumConfig
---------------- T RM_RegisterInfoFunc
---------------- T RM_RegisterNumericConfig
---------------- T RM_RegisterStringConfig
---------------- T RM_ReleaseKeyMetaClass
---------------- T RM_Replicate
---------------- T RM_ReplicateVerbatim
---------------- T RM_ReplySetArrayLength
---------------- T RM_ReplySetAttributeLength
---------------- T RM_ReplySetMapLength
---------------- T RM_ReplySetSetLength
---------------- T RM_ReplyWithArray
---------------- T RM_ReplyWithAttribute
---------------- T RM_ReplyWithBigNumber
---------------- T RM_ReplyWithBool
---------------- T RM_ReplyWithCString
---------------- T RM_ReplyWithCallReply
---------------- T RM_ReplyWithDouble
---------------- T RM_ReplyWithEmptyArray
---------------- T RM_ReplyWithEmptyString
---------------- T RM_ReplyWithError
---------------- T RM_ReplyWithErrorFormat
---------------- T RM_ReplyWithLongDouble
---------------- T RM_ReplyWithLongLong
---------------- T RM_ReplyWithMap
---------------- T RM_ReplyWithNull
---------------- T RM_ReplyWithNullArray
---------------- T RM_ReplyWithSet
---------------- T RM_ReplyWithSimpleString
---------------- T RM_ReplyWithString
---------------- T RM_ReplyWithStringBuffer
---------------- T RM_ReplyWithVerbatimString
---------------- T RM_ReplyWithVerbatimStringType
---------------- T RM_ResetDataset
---------------- T RM_RetainString
---------------- T RM_SaveDataTypeToString
---------------- T RM_SaveDouble
---------------- T RM_SaveFloat
---------------- T RM_SaveLongDouble
---------------- T RM_SaveSigned
---------------- T RM_SaveString
---------------- T RM_SaveStringBuffer
---------------- T RM_SaveUnsigned
---------------- T RM_Scan
---------------- T RM_ScanCursorCreate
---------------- T RM_ScanCursorDestroy
---------------- T RM_ScanCursorRestart
---------------- T RM_ScanKey
---------------- T RM_SelectDb
---------------- T RM_SendChildHeartbeat
---------------- T RM_SendClusterMessage
---------------- T RM_ServerInfoGetField
---------------- T RM_ServerInfoGetFieldC
---------------- T RM_ServerInfoGetFieldDouble
---------------- T RM_ServerInfoGetFieldSigned
---------------- T RM_ServerInfoGetFieldUnsigned
---------------- T RM_SetAbsExpire
---------------- T RM_SetClientNameById
---------------- T RM_SetClusterFlags
---------------- T RM_SetCommandACLCategories
---------------- T RM_SetCommandInfo
---------------- T RM_SetContextUser
---------------- T RM_SetDisconnectCallback
---------------- T RM_SetExpire
---------------- T RM_SetKeyMeta
---------------- T RM_SetLFU
---------------- T RM_SetLRU
---------------- T RM_SetModuleAttribs
---------------- T RM_SetModuleOptions
---------------- T RM_SetModuleUserACL
---------------- T RM_SetModuleUserACLString
---------------- T RM_SignalKeyAsReady
---------------- T RM_SignalModifiedKey
---------------- T RM_StopTimer
---------------- T RM_Strdup
---------------- T RM_StreamAdd
---------------- T RM_StreamDelete
---------------- T RM_StreamIteratorDelete
---------------- T RM_StreamIteratorNextField
---------------- T RM_StreamIteratorNextID
---------------- T RM_StreamIteratorStart
---------------- T RM_StreamIteratorStop
---------------- T RM_StreamTrimByID
---------------- T RM_StreamTrimByLength
---------------- T RM_StringAppendBuffer
---------------- T RM_StringCompare
---------------- T RM_StringDMA
---------------- T RM_StringPtrLen
---------------- T RM_StringSet
---------------- T RM_StringToDouble
---------------- T RM_StringToLongDouble
---------------- T RM_StringToLongLong
---------------- T RM_StringToStreamID
---------------- T RM_StringToULongLong
---------------- T RM_StringTruncate
---------------- T RM_SubscribeToKeyspaceEvents
---------------- T RM_SubscribeToServerEvent
---------------- T RM_ThreadSafeContextLock
---------------- T RM_ThreadSafeContextTryLock
---------------- T RM_ThreadSafeContextUnlock
---------------- T RM_TrimStringAllocation
---------------- T RM_TryAlloc
---------------- T RM_TryCalloc
---------------- T RM_TryRealloc
---------------- T RM_UnblockClient
---------------- T RM_UnlinkKey
---------------- T RM_UnregisterCommandFilter
---------------- T RM_UnsubscribeFromKeyspaceEvents
---------------- T RM_ValueLength
---------------- T RM_WrongArity
---------------- T RM_Yield
---------------- d RM_Yield.yield_nesting
---------------- T RM_ZsetAdd
---------------- T RM_ZsetFirstInLexRange
---------------- T RM_ZsetFirstInScoreRange
---------------- T RM_ZsetIncrby
---------------- T RM_ZsetLastInLexRange
---------------- T RM_ZsetLastInScoreRange
---------------- T RM_ZsetRangeCurrentElement
---------------- T RM_ZsetRangeEndReached
---------------- T RM_ZsetRangeNext
---------------- T RM_ZsetRangePrev
---------------- T RM_ZsetRangeStop
---------------- T RM_ZsetRem
---------------- T RM_ZsetScore
---------------- T RM__Assert
---------------- D RPOPLPUSH_Args
---------------- D RPOPLPUSH_Keyspecs
---------------- D RPOP_Args
---------------- D RPOP_History
---------------- D RPOP_Keyspecs
---------------- D RPUSHX_Args
---------------- D RPUSHX_History
---------------- D RPUSHX_Keyspecs
---------------- D RPUSH_Args
---------------- D RPUSH_History
---------------- D RPUSH_Keyspecs
---------------- D R_Nan
---------------- D R_NegInf
---------------- D R_PosInf
---------------- D R_Zero
---------------- T RedisModuleCommandDispatcher
---------------- C RedisModule_ACLAddLogEntry
---------------- C RedisModule_ACLAddLogEntryByUserName
---------------- C RedisModule_ACLCheckChannelPermissions
---------------- C RedisModule_ACLCheckCommandPermissions
---------------- C RedisModule_ACLCheckKeyPermissions
---------------- C RedisModule_ACLCheckKeyPrefixPermissions
---------------- C RedisModule_AbortBlock
---------------- C RedisModule_AddACLCategory
---------------- C RedisModule_AddPostNotificationJob
---------------- C RedisModule_Alloc
---------------- C RedisModule_AuthenticateClientWithACLUser
---------------- C RedisModule_AuthenticateClientWithUser
---------------- C RedisModule_AutoMemory
---------------- C RedisModule_AvoidReplicaTraffic
---------------- C RedisModule_BlockClient
---------------- C RedisModule_BlockClientGetPrivateData
---------------- C RedisModule_BlockClientOnAuth
---------------- C RedisModule_BlockClientOnKeys
---------------- C RedisModule_BlockClientOnKeysWithFlags
---------------- C RedisModule_BlockClientSetPrivateData
---------------- C RedisModule_BlockedClientDisconnected
---------------- C RedisModule_BlockedClientMeasureTimeEnd
---------------- C RedisModule_BlockedClientMeasureTimeStart
---------------- C RedisModule_CachedMicroseconds
---------------- C RedisModule_Call
---------------- C RedisModule_CallReplyArrayElement
---------------- C RedisModule_CallReplyAttribute
---------------- C RedisModule_CallReplyAttributeElement
---------------- C RedisModule_CallReplyBigNumber
---------------- C RedisModule_CallReplyBool
---------------- C RedisModule_CallReplyDouble
---------------- C RedisModule_CallReplyInteger
---------------- C RedisModule_CallReplyLength
---------------- C RedisModule_CallReplyMapElement
---------------- C RedisModule_CallReplyPromiseAbort
---------------- C RedisModule_CallReplyPromiseSetUnblockHandler
---------------- C RedisModule_CallReplyProto
---------------- C RedisModule_CallReplySetElement
---------------- C RedisModule_CallReplyStringPtr
---------------- C RedisModule_CallReplyType
---------------- C RedisModule_CallReplyVerbatim
---------------- C RedisModule_Calloc
---------------- C RedisModule_ChannelAtPosWithFlags
---------------- C RedisModule_CloseKey
---------------- C RedisModule_ClusterCanAccessKeysInSlot
---------------- C RedisModule_ClusterCanonicalKeyNameInSlot
---------------- C RedisModule_ClusterDisableTrim
---------------- C RedisModule_ClusterEnableTrim
---------------- C RedisModule_ClusterFreeSlotRanges
---------------- C RedisModule_ClusterGetLocalSlotRanges
---------------- C RedisModule_ClusterKeySlot
---------------- C RedisModule_ClusterKeySlotC
---------------- C RedisModule_ClusterPropagateForSlotMigration
---------------- C RedisModule_CommandFilterArgDelete
---------------- C RedisModule_CommandFilterArgGet
---------------- C RedisModule_CommandFilterArgInsert
---------------- C RedisModule_CommandFilterArgReplace
---------------- C RedisModule_CommandFilterArgsCount
---------------- C RedisModule_CommandFilterGetClientId
---------------- C RedisModule_ConfigGet
---------------- C RedisModule_ConfigGetBool
---------------- C RedisModule_ConfigGetEnum
---------------- C RedisModule_ConfigGetNumeric
---------------- C RedisModule_ConfigGetType
---------------- C RedisModule_ConfigIteratorCreate
---------------- C RedisModule_ConfigIteratorNext
---------------- C RedisModule_ConfigIteratorRelease
---------------- C RedisModule_ConfigSet
---------------- C RedisModule_ConfigSetBool
---------------- C RedisModule_ConfigSetEnum
---------------- C RedisModule_ConfigSetNumeric
---------------- C RedisModule_CreateCommand
---------------- C RedisModule_CreateDataType
---------------- C RedisModule_CreateDict
---------------- C RedisModule_CreateKeyMetaClass
---------------- C RedisModule_CreateModuleUser
---------------- C RedisModule_CreateString
---------------- C RedisModule_CreateStringFromCallReply
---------------- C RedisModule_CreateStringFromDouble
---------------- C RedisModule_CreateStringFromLongDouble
---------------- C RedisModule_CreateStringFromLongLong
---------------- C RedisModule_CreateStringFromStreamID
---------------- C RedisModule_CreateStringFromString
---------------- C RedisModule_CreateStringFromULongLong
---------------- C RedisModule_CreateStringPrintf
---------------- C RedisModule_CreateSubcommand
---------------- C RedisModule_CreateTimer
---------------- C RedisModule_DbSize
---------------- C RedisModule_DeauthenticateAndCloseClient
---------------- C RedisModule_DefragAlloc
---------------- C RedisModule_DefragAllocRaw
---------------- C RedisModule_DefragCursorGet
---------------- C RedisModule_DefragCursorSet
---------------- C RedisModule_DefragFreeRaw
---------------- C RedisModule_DefragRedisModuleDict
---------------- C RedisModule_DefragRedisModuleString
---------------- C RedisModule_DefragShouldStop
---------------- C RedisModule_DeleteKey
---------------- C RedisModule_DictCompare
---------------- C RedisModule_DictCompareC
---------------- C RedisModule_DictDel
---------------- C RedisModule_DictDelC
---------------- C RedisModule_DictGet
---------------- C RedisModule_DictGetC
---------------- C RedisModule_DictIteratorReseek
---------------- C RedisModule_DictIteratorReseekC
---------------- C RedisModule_DictIteratorStart
---------------- C RedisModule_DictIteratorStartC
---------------- C RedisModule_DictIteratorStop
---------------- C RedisModule_DictNext
---------------- C RedisModule_DictNextC
---------------- C RedisModule_DictPrev
---------------- C RedisModule_DictPrevC
---------------- C RedisModule_DictReplace
---------------- C RedisModule_DictReplaceC
---------------- C RedisModule_DictSet
---------------- C RedisModule_DictSetC
---------------- C RedisModule_DictSize
---------------- C RedisModule_DigestAddLongLong
---------------- C RedisModule_DigestAddStringBuffer
---------------- C RedisModule_DigestEndSequence
---------------- C RedisModule_EmitAOF
---------------- D RedisModule_EventListeners
---------------- C RedisModule_EventLoopAdd
---------------- C RedisModule_EventLoopAddOneShot
---------------- C RedisModule_EventLoopDel
---------------- C RedisModule_ExitFromChild
---------------- C RedisModule_ExportSharedAPI
---------------- C RedisModule_Fork
---------------- C RedisModule_Free
---------------- C RedisModule_FreeCallReply
---------------- C RedisModule_FreeClusterNodesList
---------------- C RedisModule_FreeDict
---------------- C RedisModule_FreeModuleUser
---------------- C RedisModule_FreeServerInfo
---------------- C RedisModule_FreeString
---------------- C RedisModule_FreeThreadSafeContext
---------------- C RedisModule_GetAbsExpire
---------------- C RedisModule_GetApi
---------------- C RedisModule_GetBlockedClientHandle
---------------- C RedisModule_GetBlockedClientPrivateData
---------------- C RedisModule_GetBlockedClientReadyKey
---------------- C RedisModule_GetClientCertificate
---------------- C RedisModule_GetClientId
---------------- C RedisModule_GetClientInfoById
---------------- C RedisModule_GetClientNameById
---------------- C RedisModule_GetClientUserNameById
---------------- C RedisModule_GetClusterNodeInfo
---------------- C RedisModule_GetClusterNodesList
---------------- C RedisModule_GetClusterSize
---------------- C RedisModule_GetCommand
---------------- C RedisModule_GetCommandKeys
---------------- C RedisModule_GetCommandKeysWithFlags
---------------- C RedisModule_GetContextFlags
---------------- C RedisModule_GetContextFlagsAll
---------------- C RedisModule_GetContextFromIO
---------------- C RedisModule_GetCurrentCommandName
---------------- C RedisModule_GetCurrentUserName
---------------- C RedisModule_GetDbIdFromDefragCtx
---------------- C RedisModule_GetDbIdFromDigest
---------------- C RedisModule_GetDbIdFromIO
---------------- C RedisModule_GetDbIdFromModuleKey
---------------- C RedisModule_GetDbIdFromOptCtx
---------------- C RedisModule_GetDetachedThreadSafeContext
---------------- C RedisModule_GetExpire
---------------- C RedisModule_GetInternalSecret
---------------- C RedisModule_GetKeyMeta
---------------- C RedisModule_GetKeyNameFromDefragCtx
---------------- C RedisModule_GetKeyNameFromDigest
---------------- C RedisModule_GetKeyNameFromIO
---------------- C RedisModule_GetKeyNameFromModuleKey
---------------- C RedisModule_GetKeyNameFromOptCtx
---------------- C RedisModule_GetKeyspaceNotificationFlagsAll
---------------- C RedisModule_GetLFU
---------------- C RedisModule_GetLRU
---------------- C RedisModule_GetModuleOptionsAll
---------------- C RedisModule_GetModuleUserACLString
---------------- C RedisModule_GetModuleUserFromUserName
---------------- C RedisModule_GetMyClusterID
---------------- C RedisModule_GetNotifyKeyspaceEvents
---------------- C RedisModule_GetOpenKeyModesAll
---------------- C RedisModule_GetRandomBytes
---------------- C RedisModule_GetRandomHexChars
---------------- C RedisModule_GetSelectedDb
---------------- C RedisModule_GetServerInfo
---------------- C RedisModule_GetServerVersion
---------------- C RedisModule_GetSharedAPI
---------------- C RedisModule_GetThreadSafeContext
---------------- C RedisModule_GetTimerInfo
---------------- C RedisModule_GetToDbIdFromOptCtx
---------------- C RedisModule_GetToKeyNameFromOptCtx
---------------- C RedisModule_GetTypeMethodVersion
---------------- C RedisModule_GetUsedMemoryRatio
---------------- C RedisModule_HashFieldMinExpire
---------------- C RedisModule_HashGet
---------------- C RedisModule_HashSet
---------------- C RedisModule_HoldString
---------------- C RedisModule_InfoAddFieldCString
---------------- C RedisModule_InfoAddFieldDouble
---------------- C RedisModule_InfoAddFieldLongLong
---------------- C RedisModule_InfoAddFieldString
---------------- C RedisModule_InfoAddFieldULongLong
---------------- C RedisModule_InfoAddSection
---------------- C RedisModule_InfoBeginDictField
---------------- C RedisModule_InfoEndDictField
---------------- C RedisModule_IsBlockedReplyRequest
---------------- C RedisModule_IsBlockedTimeoutRequest
---------------- C RedisModule_IsChannelsPositionRequest
---------------- C RedisModule_IsIOError
---------------- C RedisModule_IsKeysPositionRequest
---------------- C RedisModule_IsModuleNameBusy
---------------- C RedisModule_IsSubEventSupported
---------------- C RedisModule_KeyAtPos
---------------- C RedisModule_KeyAtPosWithFlags
---------------- C RedisModule_KeyExists
---------------- C RedisModule_KeyType
---------------- C RedisModule_KillForkChild
---------------- C RedisModule_LatencyAddSample
---------------- C RedisModule_ListDelete
---------------- C RedisModule_ListGet
---------------- C RedisModule_ListInsert
---------------- C RedisModule_ListPop
---------------- C RedisModule_ListPush
---------------- C RedisModule_ListSet
---------------- C RedisModule_LoadConfigs
---------------- C RedisModule_LoadDataTypeFromString
---------------- C RedisModule_LoadDataTypeFromStringEncver
---------------- C RedisModule_LoadDefaultConfigs
---------------- C RedisModule_LoadDouble
---------------- C RedisModule_LoadFloat
---------------- C RedisModule_LoadLongDouble
---------------- C RedisModule_LoadSigned
---------------- C RedisModule_LoadString
---------------- C RedisModule_LoadStringBuffer
---------------- C RedisModule_LoadUnsigned
---------------- C RedisModule_Log
---------------- C RedisModule_LogIOError
---------------- C RedisModule_MallocSize
---------------- C RedisModule_MallocSizeDict
---------------- C RedisModule_MallocSizeString
---------------- C RedisModule_MallocUsableSize
---------------- C RedisModule_Microseconds
---------------- C RedisModule_Milliseconds
---------------- C RedisModule_ModuleTypeGetType
---------------- C RedisModule_ModuleTypeGetValue
---------------- C RedisModule_ModuleTypeReplaceValue
---------------- C RedisModule_ModuleTypeSetValue
---------------- C RedisModule_MonotonicMicroseconds
---------------- C RedisModule_NotifyKeyspaceEvent
---------------- C RedisModule_OpenKey
---------------- C RedisModule_PoolAlloc
---------------- C RedisModule_PublishMessage
---------------- C RedisModule_PublishMessageShard
---------------- C RedisModule_RandomKey
---------------- C RedisModule_RdbLoad
---------------- C RedisModule_RdbSave
---------------- C RedisModule_RdbStreamCreateFromFile
---------------- C RedisModule_RdbStreamFree
---------------- C RedisModule_Realloc
---------------- C RedisModule_RedactClientCommandArgument
---------------- C RedisModule_RegisterAuthCallback
---------------- C RedisModule_RegisterBoolConfig
---------------- C RedisModule_RegisterClusterMessageReceiver
---------------- C RedisModule_RegisterCommandFilter
---------------- C RedisModule_RegisterDefragCallbacks
---------------- C RedisModule_RegisterDefragFunc
---------------- C RedisModule_RegisterDefragFunc2
---------------- C RedisModule_RegisterEnumConfig
---------------- C RedisModule_RegisterInfoFunc
---------------- C RedisModule_RegisterNumericConfig
---------------- C RedisModule_RegisterStringConfig
---------------- C RedisModule_ReleaseKeyMetaClass
---------------- C RedisModule_Replicate
---------------- C RedisModule_ReplicateVerbatim
---------------- C RedisModule_ReplySetArrayLength
---------------- C RedisModule_ReplySetAttributeLength
---------------- C RedisModule_ReplySetMapLength
---------------- C RedisModule_ReplySetPushLength
---------------- C RedisModule_ReplySetSetLength
---------------- C RedisModule_ReplyWithArray
---------------- C RedisModule_ReplyWithAttribute
---------------- C RedisModule_ReplyWithBigNumber
---------------- C RedisModule_ReplyWithBool
---------------- C RedisModule_ReplyWithCString
---------------- C RedisModule_ReplyWithCallReply
---------------- C RedisModule_ReplyWithDouble
---------------- C RedisModule_ReplyWithEmptyArray
---------------- C RedisModule_ReplyWithEmptyString
---------------- C RedisModule_ReplyWithError
---------------- C RedisModule_ReplyWithErrorFormat
---------------- C RedisModule_ReplyWithLongDouble
---------------- C RedisModule_ReplyWithLongLong
---------------- C RedisModule_ReplyWithMap
---------------- C RedisModule_ReplyWithNull
---------------- C RedisModule_ReplyWithNullArray
---------------- C RedisModule_ReplyWithSet
---------------- C RedisModule_ReplyWithSimpleString
---------------- C RedisModule_ReplyWithString
---------------- C RedisModule_ReplyWithStringBuffer
---------------- C RedisModule_ReplyWithVerbatimString
---------------- C RedisModule_ReplyWithVerbatimStringType
---------------- C RedisModule_ResetDataset
---------------- C RedisModule_RetainString
---------------- C RedisModule_SaveDataTypeToString
---------------- C RedisModule_SaveDouble
---------------- C RedisModule_SaveFloat
---------------- C RedisModule_SaveLongDouble
---------------- C RedisModule_SaveSigned
---------------- C RedisModule_SaveString
---------------- C RedisModule_SaveStringBuffer
---------------- C RedisModule_SaveUnsigned
---------------- C RedisModule_Scan
---------------- C RedisModule_ScanCursorCreate
---------------- C RedisModule_ScanCursorDestroy
---------------- C RedisModule_ScanCursorRestart
---------------- C RedisModule_ScanKey
---------------- C RedisModule_SelectDb
---------------- C RedisModule_SendChildHeartbeat
---------------- C RedisModule_SendClusterMessage
---------------- C RedisModule_ServerInfoGetField
---------------- C RedisModule_ServerInfoGetFieldC
---------------- C RedisModule_ServerInfoGetFieldDouble
---------------- C RedisModule_ServerInfoGetFieldSigned
---------------- C RedisModule_ServerInfoGetFieldUnsigned
---------------- C RedisModule_SetAbsExpire
---------------- C RedisModule_SetClientNameById
---------------- C RedisModule_SetClusterFlags
---------------- C RedisModule_SetCommandACLCategories
---------------- C RedisModule_SetCommandInfo
---------------- C RedisModule_SetContextUser
---------------- C RedisModule_SetDisconnectCallback
---------------- C RedisModule_SetExpire
---------------- C RedisModule_SetKeyMeta
---------------- C RedisModule_SetLFU
---------------- C RedisModule_SetLRU
---------------- C RedisModule_SetModuleAttribs
---------------- C RedisModule_SetModuleOptions
---------------- C RedisModule_SetModuleUserACL
---------------- C RedisModule_SetModuleUserACLString
---------------- C RedisModule_SignalKeyAsReady
---------------- C RedisModule_SignalModifiedKey
---------------- C RedisModule_StopTimer
---------------- C RedisModule_Strdup
---------------- C RedisModule_StreamAdd
---------------- C RedisModule_StreamDelete
---------------- C RedisModule_StreamIteratorDelete
---------------- C RedisModule_StreamIteratorNextField
---------------- C RedisModule_StreamIteratorNextID
---------------- C RedisModule_StreamIteratorStart
---------------- C RedisModule_StreamIteratorStop
---------------- C RedisModule_StreamTrimByID
---------------- C RedisModule_StreamTrimByLength
---------------- C RedisModule_StringAppendBuffer
---------------- C RedisModule_StringCompare
---------------- C RedisModule_StringDMA
---------------- C RedisModule_StringPtrLen
---------------- C RedisModule_StringSet
---------------- C RedisModule_StringToDouble
---------------- C RedisModule_StringToLongDouble
---------------- C RedisModule_StringToLongLong
---------------- C RedisModule_StringToStreamID
---------------- C RedisModule_StringToULongLong
---------------- C RedisModule_StringTruncate
---------------- C RedisModule_SubscribeToKeyspaceEvents
---------------- C RedisModule_SubscribeToServerEvent
---------------- C RedisModule_ThreadSafeContextLock
---------------- C RedisModule_ThreadSafeContextTryLock
---------------- C RedisModule_ThreadSafeContextUnlock
---------------- C RedisModule_TrimStringAllocation
---------------- C RedisModule_TryAlloc
---------------- C RedisModule_TryCalloc
---------------- C RedisModule_TryRealloc
---------------- C RedisModule_UnblockClient
---------------- C RedisModule_UnlinkKey
---------------- C RedisModule_UnregisterCommandFilter
---------------- C RedisModule_UnsubscribeFromKeyspaceEvents
---------------- C RedisModule_ValueLength
---------------- C RedisModule_WrongArity
---------------- C RedisModule_Yield
---------------- C RedisModule_ZsetAdd
---------------- C RedisModule_ZsetFirstInLexRange
---------------- C RedisModule_ZsetFirstInScoreRange
---------------- C RedisModule_ZsetIncrby
---------------- C RedisModule_ZsetLastInLexRange
---------------- C RedisModule_ZsetLastInScoreRange
---------------- C RedisModule_ZsetRangeCurrentElement
---------------- C RedisModule_ZsetRangeEndReached
---------------- C RedisModule_ZsetRangeNext
---------------- C RedisModule_ZsetRangePrev
---------------- C RedisModule_ZsetRangeStop
---------------- C RedisModule_ZsetRem
---------------- C RedisModule_ZsetScore
---------------- C RedisModule__Assert
---------------- T RedisRegisterConnectionTypeSocket
---------------- T RedisRegisterConnectionTypeTLS
---------------- T RedisRegisterConnectionTypeUnix
---------------- d ReplNumMasterDisconnection
---------------- D SADD_Args
---------------- D SADD_History
---------------- D SADD_Keyspecs
---------------- D SCAN_Args
---------------- D SCAN_History
---------------- D SCAN_Tips
---------------- D SCARD_Args
---------------- D SCARD_Keyspecs
---------------- D SCRIPT_DEBUG_Args
---------------- D SCRIPT_DEBUG_mode_Subargs
---------------- D SCRIPT_EXISTS_Args
---------------- D SCRIPT_EXISTS_Tips
---------------- D SCRIPT_FLUSH_Args
---------------- D SCRIPT_FLUSH_History
---------------- D SCRIPT_FLUSH_Tips
---------------- D SCRIPT_FLUSH_flush_type_Subargs
---------------- D SCRIPT_KILL_Tips
---------------- D SCRIPT_LOAD_Args
---------------- D SCRIPT_LOAD_Tips
---------------- D SCRIPT_Subcommands
---------------- D SDIFFSTORE_Args
---------------- D SDIFFSTORE_Keyspecs
---------------- D SDIFF_Args
---------------- D SDIFF_Keyspecs
---------------- D SDIFF_Tips
---------------- D SDS_NOINIT
---------------- D SELECT_Args
---------------- D SENTINEL_CKQUORUM_Args
---------------- D SENTINEL_CONFIG_Args
---------------- D SENTINEL_CONFIG_History
---------------- D SENTINEL_CONFIG_action_Subargs
---------------- D SENTINEL_CONFIG_action_set_Subargs
---------------- D SENTINEL_DEBUG_Args
---------------- D SENTINEL_DEBUG_data_Subargs
---------------- D SENTINEL_FAILOVER_Args
---------------- D SENTINEL_GET_MASTER_ADDR_BY_NAME_Args
---------------- D SENTINEL_INFO_CACHE_Args
---------------- D SENTINEL_IS_MASTER_DOWN_BY_ADDR_Args
---------------- D SENTINEL_MASTER_Args
---------------- D SENTINEL_MONITOR_Args
---------------- D SENTINEL_REMOVE_Args
---------------- D SENTINEL_REPLICAS_Args
---------------- D SENTINEL_RESET_Args
---------------- D SENTINEL_SENTINELS_Args
---------------- D SENTINEL_SET_Args
---------------- D SENTINEL_SET_data_Subargs
---------------- D SENTINEL_SIMULATE_FAILURE_Args
---------------- D SENTINEL_SIMULATE_FAILURE_mode_Subargs
---------------- D SENTINEL_SLAVES_Args
---------------- D SENTINEL_Subcommands
---------------- D SETBIT_Args
---------------- D SETBIT_Keyspecs
---------------- D SETEX_Args
---------------- D SETEX_Keyspecs
---------------- D SETNX_Args
---------------- D SETNX_Keyspecs
---------------- D SETRANGE_Args
---------------- D SETRANGE_Keyspecs
---------------- D SET_Args
---------------- D SET_History
---------------- D SET_Keyspecs
---------------- D SET_condition_Subargs
---------------- D SET_expiration_Subargs
---------------- T SHA1Final
---------------- T SHA1Init
---------------- T SHA1Transform
---------------- T SHA1Update
---------------- D SHUTDOWN_Args
---------------- D SHUTDOWN_History
---------------- D SHUTDOWN_save_selector_Subargs
---------------- D SINTERCARD_Args
---------------- D SINTERCARD_Keyspecs
---------------- D SINTERSTORE_Args
---------------- D SINTERSTORE_Keyspecs
---------------- D SINTER_Args
---------------- D SINTER_Keyspecs
---------------- D SINTER_Tips
---------------- D SISMEMBER_Args
---------------- D SISMEMBER_Keyspecs
---------------- D SLAVEOF_Args
---------------- D SLAVEOF_args_Subargs
---------------- D SLAVEOF_args_host_port_Subargs
---------------- D SLAVEOF_args_no_one_Subargs
---------------- D SLOWLOG_GET_Args
---------------- D SLOWLOG_GET_History
---------------- D SLOWLOG_GET_Tips
---------------- D SLOWLOG_LEN_Tips
---------------- D SLOWLOG_RESET_Tips
---------------- D SLOWLOG_Subcommands
---------------- D SMEMBERS_Args
---------------- D SMEMBERS_Keyspecs
---------------- D SMEMBERS_Tips
---------------- D SMISMEMBER_Args
---------------- D SMISMEMBER_Keyspecs
---------------- D SMOVE_Args
---------------- D SMOVE_Keyspecs
---------------- D SORT_Args
---------------- D SORT_Keyspecs
---------------- D SORT_RO_Args
---------------- D SORT_RO_Keyspecs
---------------- D SORT_RO_limit_Subargs
---------------- D SORT_RO_order_Subargs
---------------- D SORT_limit_Subargs
---------------- D SORT_order_Subargs
---------------- D SPOP_Args
---------------- D SPOP_History
---------------- D SPOP_Keyspecs
---------------- D SPOP_Tips
---------------- d SPT.0
---------------- d SPT.1
---------------- d SPT.2
---------------- d SPT.3
---------------- d SPT.4
---------------- D SPUBLISH_Args
---------------- D SPUBLISH_Keyspecs
---------------- D SRANDMEMBER_Args
---------------- D SRANDMEMBER_History
---------------- D SRANDMEMBER_Keyspecs
---------------- D SRANDMEMBER_Tips
---------------- D SREM_Args
---------------- D SREM_History
---------------- D SREM_Keyspecs
---------------- D SSCAN_Args
---------------- D SSCAN_Keyspecs
---------------- D SSCAN_Tips
                 U SSL_CTX_ctrl
                 U SSL_CTX_free
                 U SSL_CTX_load_verify_locations
                 U SSL_CTX_new
                 U SSL_CTX_set0_tmp_dh_pkey
                 U SSL_CTX_set_cipher_list
                 U SSL_CTX_set_ciphersuites
                 U SSL_CTX_set_default_passwd_cb
                 U SSL_CTX_set_default_passwd_cb_userdata
                 U SSL_CTX_set_options
                 U SSL_CTX_set_session_id_context
                 U SSL_CTX_set_timeout
                 U SSL_CTX_set_verify
                 U SSL_CTX_use_PrivateKey_file
                 U SSL_CTX_use_certificate_chain_file
                 U SSL_accept
                 U SSL_connect
                 U SSL_ctrl
                 U SSL_free
                 U SSL_get1_peer_certificate
                 U SSL_get_error
                 U SSL_is_init_finished
                 U SSL_new
                 U SSL_pending
                 U SSL_read
                 U SSL_set_accept_state
                 U SSL_set_fd
                 U SSL_set_verify
                 U SSL_shutdown
                 U SSL_write
---------------- D SSUBSCRIBE_Args
---------------- D SSUBSCRIBE_Keyspecs
---------------- D STRLEN_Args
---------------- D STRLEN_Keyspecs
---------------- D SUBSCRIBE_Args
---------------- D SUBSTR_Args
---------------- D SUBSTR_Keyspecs
---------------- D SUNIONSTORE_Args
---------------- D SUNIONSTORE_Keyspecs
---------------- D SUNION_Args
---------------- D SUNION_Keyspecs
---------------- D SUNION_Tips
---------------- D SUNSUBSCRIBE_Args
---------------- D SUNSUBSCRIBE_Keyspecs
---------------- D SWAPDB_Args
---------------- T THPGetAnonHugePagesSize
---------------- D TIME_Tips
                 U TLS_method
---------------- D TOUCH_Args
---------------- D TOUCH_Keyspecs
---------------- D TOUCH_Tips
---------------- D TRIMSLOTS_Args
---------------- D TRIMSLOTS_ranges_Subargs
---------------- D TRIMSLOTS_ranges_slots_Subargs
---------------- D TTL_Args
---------------- D TTL_History
---------------- D TTL_Keyspecs
---------------- D TTL_Tips
---------------- D TYPE_Args
---------------- D TYPE_Keyspecs
---------------- T TerminateModuleForkChild
---------------- T ThreadsManager_init
---------------- T ThreadsManager_runOnThreads
---------------- d Timers
---------------- D TrackingChannelName
---------------- D TrackingTable
---------------- D TrackingTableTotalItems
---------------- D UNLINK_Args
---------------- D UNLINK_Keyspecs
---------------- D UNLINK_Tips
---------------- D UNSUBSCRIBE_Args
---------------- D Users
---------------- D UsersToLoad
                 U VectorSets_OnLoad
---------------- D WAITAOF_Args
---------------- D WAITAOF_Tips
---------------- D WAIT_Args
---------------- D WAIT_Tips
---------------- D WATCH_Args
---------------- D WATCH_Keyspecs
                 U X509_NAME_get_text_by_NID
                 U X509_free
                 U X509_get_subject_name
---------------- D XACKDEL_Args
---------------- D XACKDEL_Keyspecs
---------------- D XACKDEL_condition_Subargs
---------------- D XACKDEL_ids_Subargs
---------------- D XACK_Args
---------------- D XACK_Keyspecs
---------------- D XADD_Args
---------------- D XADD_History
---------------- D XADD_Keyspecs
---------------- D XADD_Tips
---------------- D XADD_condition_Subargs
---------------- D XADD_data_Subargs
---------------- D XADD_id_selector_Subargs
---------------- D XADD_idmp_Subargs
---------------- D XADD_idmp_idmp_with_pid_iid_Subargs
---------------- D XADD_idmp_idmpauto_with_pid_Subargs
---------------- D XADD_trim_Subargs
---------------- D XADD_trim_operator_Subargs
---------------- D XADD_trim_strategy_Subargs
---------------- D XAUTOCLAIM_Args
---------------- D XAUTOCLAIM_History
---------------- D XAUTOCLAIM_Keyspecs
---------------- D XAUTOCLAIM_Tips
---------------- D XCFGSET_Args
---------------- D XCFGSET_Keyspecs
---------------- D XCFGSET_idmp_duration_block_Subargs
---------------- D XCFGSET_idmp_maxsize_block_Subargs
---------------- D XCLAIM_Args
---------------- D XCLAIM_Keyspecs
---------------- D XCLAIM_Tips
---------------- D XDELEX_Args
---------------- D XDELEX_Keyspecs
---------------- D XDELEX_condition_Subargs
---------------- D XDELEX_ids_Subargs
---------------- D XDEL_Args
---------------- D XDEL_Keyspecs
---------------- D XGROUP_CREATECONSUMER_Args
---------------- D XGROUP_CREATECONSUMER_Keyspecs
---------------- D XGROUP_CREATE_Args
---------------- D XGROUP_CREATE_History
---------------- D XGROUP_CREATE_Keyspecs
---------------- D XGROUP_CREATE_id_selector_Subargs
---------------- D XGROUP_DELCONSUMER_Args
---------------- D XGROUP_DELCONSUMER_Keyspecs
---------------- D XGROUP_DESTROY_Args
---------------- D XGROUP_DESTROY_Keyspecs
---------------- D XGROUP_SETID_Args
---------------- D XGROUP_SETID_History
---------------- D XGROUP_SETID_Keyspecs
---------------- D XGROUP_SETID_id_selector_Subargs
---------------- D XGROUP_Subcommands
---------------- D XINFO_CONSUMERS_Args
---------------- D XINFO_CONSUMERS_History
---------------- D XINFO_CONSUMERS_Keyspecs
---------------- D XINFO_CONSUMERS_Tips
---------------- D XINFO_GROUPS_Args
---------------- D XINFO_GROUPS_History
---------------- D XINFO_GROUPS_Keyspecs
---------------- D XINFO_STREAM_Args
---------------- D XINFO_STREAM_History
---------------- D XINFO_STREAM_Keyspecs
---------------- D XINFO_STREAM_full_block_Subargs
---------------- D XINFO_Subcommands
---------------- D XLEN_Args
---------------- D XLEN_Keyspecs
---------------- D XPENDING_Args
---------------- D XPENDING_History
---------------- D XPENDING_Keyspecs
---------------- D XPENDING_Tips
---------------- D XPENDING_filters_Subargs
---------------- D XRANGE_Args
---------------- D XRANGE_History
---------------- D XRANGE_Keyspecs
---------------- D XREADGROUP_Args
---------------- D XREADGROUP_Keyspecs
---------------- D XREADGROUP_group_block_Subargs
---------------- D XREADGROUP_streams_Subargs
---------------- D XREAD_Args
---------------- D XREAD_Keyspecs
---------------- D XREAD_streams_Subargs
---------------- D XREVRANGE_Args
---------------- D XREVRANGE_History
---------------- D XREVRANGE_Keyspecs
---------------- D XSETID_Args
---------------- D XSETID_History
---------------- D XSETID_Keyspecs
---------------- D XTRIM_Args
---------------- D XTRIM_History
---------------- D XTRIM_Keyspecs
---------------- D XTRIM_Tips
---------------- D XTRIM_trim_Subargs
---------------- D XTRIM_trim_condition_Subargs
---------------- D XTRIM_trim_operator_Subargs
---------------- D XTRIM_trim_strategy_Subargs
---------------- T XXH128
---------------- T XXH128_canonicalFromHash
---------------- T XXH128_cmp
---------------- T XXH128_hashFromCanonical
---------------- T XXH128_isEqual
---------------- T XXH32
---------------- T XXH32_canonicalFromHash
---------------- T XXH32_copyState
---------------- T XXH32_createState
---------------- T XXH32_digest
---------------- T XXH32_freeState
---------------- T XXH32_hashFromCanonical
---------------- T XXH32_reset
---------------- T XXH32_update
---------------- T XXH3_128bits
---------------- T XXH3_128bits_digest
---------------- T XXH3_128bits_reset
---------------- T XXH3_128bits_reset_withSecret
---------------- T XXH3_128bits_reset_withSecretandSeed
---------------- T XXH3_128bits_reset_withSeed
---------------- T XXH3_128bits_update
---------------- T XXH3_128bits_withSecret
---------------- T XXH3_128bits_withSecretandSeed
---------------- T XXH3_128bits_withSeed
---------------- T XXH3_64bits
---------------- T XXH3_64bits_digest
---------------- T XXH3_64bits_reset
---------------- T XXH3_64bits_reset_withSecret
---------------- T XXH3_64bits_reset_withSecretandSeed
---------------- T XXH3_64bits_reset_withSeed
---------------- T XXH3_64bits_update
---------------- T XXH3_64bits_withSecret
---------------- T XXH3_64bits_withSecretandSeed
---------------- T XXH3_64bits_withSeed
---------------- T XXH3_copyState
---------------- T XXH3_createState
---------------- t XXH3_finalizeLong_128b
---------------- T XXH3_freeState
---------------- T XXH3_generateSecret
---------------- T XXH3_generateSecret_fromSeed
---------------- t XXH3_hashLong_128b_default
---------------- t XXH3_hashLong_128b_withSecret
---------------- t XXH3_hashLong_128b_withSeed
---------------- t XXH3_hashLong_64b_default
---------------- t XXH3_hashLong_64b_withSecret
---------------- t XXH3_hashLong_64b_withSeed
---------------- d XXH3_kSecret
---------------- t XXH3_len_129to240_128b
---------------- t XXH3_len_129to240_64b
---------------- t XXH3_update_regular
---------------- T XXH64
---------------- T XXH64_canonicalFromHash
---------------- T XXH64_copyState
---------------- T XXH64_createState
---------------- T XXH64_digest
---------------- T XXH64_freeState
---------------- T XXH64_hashFromCanonical
---------------- T XXH64_reset
---------------- T XXH64_update
---------------- T XXH_versionNumber
---------------- D ZADD_Args
---------------- D ZADD_History
---------------- D ZADD_Keyspecs
---------------- D ZADD_comparison_Subargs
---------------- D ZADD_condition_Subargs
---------------- D ZADD_data_Subargs
---------------- D ZCARD_Args
---------------- D ZCARD_Keyspecs
---------------- D ZCOUNT_Args
---------------- D ZCOUNT_Keyspecs
---------------- D ZDIFFSTORE_Args
---------------- D ZDIFFSTORE_Keyspecs
---------------- D ZDIFF_Args
---------------- D ZDIFF_Keyspecs
---------------- D ZINCRBY_Args
---------------- D ZINCRBY_Keyspecs
---------------- D ZINTERCARD_Args
---------------- D ZINTERCARD_Keyspecs
---------------- D ZINTERSTORE_Args
---------------- D ZINTERSTORE_Keyspecs
---------------- D ZINTERSTORE_aggregate_Subargs
---------------- D ZINTER_Args
---------------- D ZINTER_Keyspecs
---------------- D ZINTER_aggregate_Subargs
---------------- D ZLEXCOUNT_Args
---------------- D ZLEXCOUNT_Keyspecs
---------------- D ZMPOP_Args
---------------- D ZMPOP_Keyspecs
---------------- D ZMPOP_where_Subargs
---------------- D ZMSCORE_Args
---------------- D ZMSCORE_Keyspecs
---------------- D ZPOPMAX_Args
---------------- D ZPOPMAX_Keyspecs
---------------- D ZPOPMIN_Args
---------------- D ZPOPMIN_Keyspecs
---------------- D ZRANDMEMBER_Args
---------------- D ZRANDMEMBER_Keyspecs
---------------- D ZRANDMEMBER_Tips
---------------- D ZRANDMEMBER_options_Subargs
---------------- D ZRANGEBYLEX_Args
---------------- D ZRANGEBYLEX_Keyspecs
---------------- D ZRANGEBYLEX_limit_Subargs
---------------- D ZRANGEBYSCORE_Args
---------------- D ZRANGEBYSCORE_History
---------------- D ZRANGEBYSCORE_Keyspecs
---------------- D ZRANGEBYSCORE_limit_Subargs
---------------- D ZRANGESTORE_Args
---------------- D ZRANGESTORE_Keyspecs
---------------- D ZRANGESTORE_limit_Subargs
---------------- D ZRANGESTORE_sortby_Subargs
---------------- D ZRANGE_Args
---------------- D ZRANGE_History
---------------- D ZRANGE_Keyspecs
---------------- D ZRANGE_limit_Subargs
---------------- D ZRANGE_sortby_Subargs
---------------- D ZRANK_Args
---------------- D ZRANK_History
---------------- D ZRANK_Keyspecs
---------------- D ZREMRANGEBYLEX_Args
---------------- D ZREMRANGEBYLEX_Keyspecs
---------------- D ZREMRANGEBYRANK_Args
---------------- D ZREMRANGEBYRANK_Keyspecs
---------------- D ZREMRANGEBYSCORE_Args
---------------- D ZREMRANGEBYSCORE_Keyspecs
---------------- D ZREM_Args
---------------- D ZREM_History
---------------- D ZREM_Keyspecs
---------------- D ZREVRANGEBYLEX_Args
---------------- D ZREVRANGEBYLEX_Keyspecs
---------------- D ZREVRANGEBYLEX_limit_Subargs
---------------- D ZREVRANGEBYSCORE_Args
---------------- D ZREVRANGEBYSCORE_History
---------------- D ZREVRANGEBYSCORE_Keyspecs
---------------- D ZREVRANGEBYSCORE_limit_Subargs
---------------- D ZREVRANGE_Args
---------------- D ZREVRANGE_Keyspecs
---------------- D ZREVRANK_Args
---------------- D ZREVRANK_History
---------------- D ZREVRANK_Keyspecs
---------------- D ZSCAN_Args
---------------- D ZSCAN_Keyspecs
---------------- D ZSCAN_Tips
---------------- D ZSCORE_Args
---------------- D ZSCORE_Keyspecs
---------------- D ZUNIONSTORE_Args
---------------- D ZUNIONSTORE_Keyspecs
---------------- D ZUNIONSTORE_aggregate_Subargs
---------------- D ZUNION_Args
---------------- D ZUNION_Keyspecs
---------------- D ZUNION_aggregate_Subargs
---------------- t _GLOBAL__sub_I_fast_float_strtod.cpp
---------------- W _ZN10fast_float11pow5_tablesIvE16large_power_of_5E
---------------- W _ZN10fast_float11pow5_tablesIvE16small_power_of_5E
---------------- W _ZN10fast_float14parse_mantissaIcEEvRNS_6bigintERNS_22parsed_number_string_tIT_EEmRm
---------------- W _ZN10fast_float15powers_templateIvE17power_of_five_128E
---------------- W _ZN10fast_float19from_chars_advancedIdcEENS_19from_chars_result_tIT0_EEPKS2_S5_RT_NS_15parse_options_tIS2_EE
---------------- W _ZN10fast_float19from_chars_advancedIdcEENS_19from_chars_result_tIT0_EERNS_22parsed_number_string_tIS2_EERT_
---------------- W _ZN10fast_float19negative_digit_compIdEENS_17adjusted_mantissaERNS_6bigintES1_i
---------------- W _ZN10fast_float19positive_digit_compIdEENS_17adjusted_mantissaERNS_6bigintEi
---------------- W _ZN10fast_float27binary_format_lookup_tablesIdvE12max_mantissaE
---------------- W _ZN10fast_float27binary_format_lookup_tablesIdvE13powers_of_tenE
---------------- W _ZN10fast_float6bigint4pow5Ej
---------------- W _ZN10fast_float6detail12parse_infnanIdcEENS_19from_chars_result_tIT0_EEPKS3_S6_RT_
---------------- W _ZN10fast_float8long_mulILt62EEEbRNS_8stackvecIXT_EEENS_4spanImEE
---------------- d _ZN10fast_floatL20powers_of_ten_uint64E
---------------- W _ZNK10fast_float6bigint4hi64ERb
                 U _ZNSt8ios_base4InitC1Ev
                 U _ZNSt8ios_base4InitD1Ev
---------------- d _ZStL8__ioinit
---------------- W _ZZN10fast_float6detail17rounds_to_nearestEvE4fmin
                 U __assert_fail
                 U __cpu_model
                 U __ctype_b_loc
                 U __ctype_tolower_loc
                 U __ctype_toupper_loc
                 U __cxa_atexit
                 U __dso_handle
                 U __errno_location
                 U __gxx_personality_v0
                 U __isoc99_fscanf
                 U __isoc99_sscanf
---------------- T __quicklistCompress
---------------- T __quicklistCompressNode
---------------- t __quicklistCreateNode
---------------- T __quicklistDecompressNode
---------------- T __quicklistDelNode
---------------- T __quicklistInsertNode
---------------- t __quicklistInsertPlainNode
---------------- T __redisAppendCommand
---------------- t __redisAsyncCommand
---------------- T __redisAsyncDisconnect
---------------- t __redisAsyncFree
---------------- t __redisAsyncHandleConnect
---------------- t __redisAsyncHandleConnectFailure
---------------- t __redisReaderSetError
---------------- t __redisReaderSetErrorOOM
---------------- T __redisSetError
                 U __xpg_strerror_r
---------------- T __ziplistCascadeUpdate
---------------- T __ziplistDelete
---------------- T __ziplistInsert
---------------- t _addReplyLongLongWithPrefix
---------------- t _addReplyPayloadToList
---------------- T _addReplyToBufferOrList
---------------- t _anetTcpServer
---------------- t _clientHasPendingRepliesSlave
---------------- T _crc64
---------------- T _dictBucketRehash
---------------- T _dictClear
---------------- T _dictExpand
---------------- T _dictResize
                 U _exit
---------------- t _listZiplistEntryConvertAndValidate
---------------- t _lpEntryValidation
---------------- t _pqsort
---------------- t _prepareClientToWrite
---------------- T _quicklistBookmarkDelete
---------------- T _quicklistBookmarkFindByName
---------------- T _quicklistBookmarkFindByNode
---------------- T _quicklistInsert
---------------- T _quicklistInsertNodeAfter
---------------- T _quicklistInsertNodeBefore
---------------- T _quicklistListpackMerge
---------------- T _quicklistMergeNodes
---------------- T _quicklistNodeAllowInsert
---------------- T _quicklistNodeAllowMerge
---------------- T _quicklistSaver
---------------- T _quicklistSplitNode
---------------- t _redisContextConnectTcp
---------------- T _sdsMakeRoomFor
---------------- T _sdsnewlen
---------------- T _serverAssert
---------------- T _serverAssertPrintClientInfo
---------------- T _serverAssertPrintObject
---------------- T _serverAssertWithInfo
---------------- T _serverLog
---------------- T _serverPanic
                 U _setjmp
---------------- t _writeToClientSlave
---------------- t _writevToClient
---------------- t _ziplistEntryConvertAndValidate
---------------- t _ziplistPairsEntryConvertAndValidate
                 U abort
---------------- T abortFailover
---------------- T abortShutdown
                 U accept4
---------------- T acceptCommonHandler
                 U access
---------------- t accessKeysShouldSkipDictIndex
---------------- T aclAddReplySelectorDescription
---------------- T aclCatWithFlags
---------------- T aclCommand
---------------- T aclCreateSelectorFromOpSet
---------------- D acl_pubsub_default_enum
                 U acos
---------------- T activeDefragAlloc
---------------- T activeDefragAllocRaw
---------------- T activeDefragCycle
---------------- T activeDefragFreeRaw
---------------- T activeDefragStringOb
---------------- T activeExpireCycle
---------------- d activeExpireCycle.current_db
---------------- d activeExpireCycle.last_fast_cycle
---------------- d activeExpireCycle.timelimit_exit
---------------- T activeExpireCycleTryExpire
---------------- T activeSubexpires
---------------- t activeSubexpiresCb
---------------- d activeSubexpiresCycle.activeExpirySequence
---------------- d activeSubexpiresCycle.currentDb
---------------- d activeSubexpiresCycle.currentSlot
---------------- T addACLLogEntry
---------------- T addAuthErrReply
---------------- T addClientToTimeoutTable
---------------- T addCommandToBatch
---------------- T addExtendedReplyHelp
---------------- t addHashFieldToReply
---------------- t addHashIteratorCursorToReply
---------------- T addInfoSectionsToDict
---------------- T addListListpackRangeReply
---------------- T addListQuicklistRangeReply
---------------- T addListRangeReply
---------------- T addModuleBoolConfig
---------------- T addModuleConfigApply
---------------- T addModuleEnumConfig
---------------- T addModuleNumericConfig
---------------- T addModuleStringConfig
---------------- T addNodeDetailsToShardReply
---------------- T addNodeReplyForClusterSlot
---------------- T addNodeToNodeReply
---------------- T addPendingCommand
---------------- T addReply
---------------- T addReplyAggregateLen
---------------- T addReplyArrayLen
---------------- T addReplyAttributeLen
---------------- T addReplyBigNum
---------------- T addReplyBool
---------------- T addReplyBulk
---------------- T addReplyBulkCBuffer
---------------- T addReplyBulkCString
---------------- T addReplyBulkLen
---------------- T addReplyBulkLongLong
---------------- T addReplyBulkSds
---------------- T addReplyClusterLinkDescription
---------------- T addReplyClusterLinksDescription
---------------- T addReplyCommandArgList
---------------- T addReplyCommandCategories
---------------- T addReplyCommandDocs
---------------- T addReplyCommandFlags
---------------- T addReplyCommandHistory
---------------- T addReplyCommandInfo
---------------- T addReplyCommandKeySpecs
---------------- T addReplyCommandSubCommands
---------------- T addReplyCommandTips
---------------- T addReplyDeferredLen
---------------- T addReplyDictOfRedisInstances
---------------- T addReplyDocFlagsForCommand
---------------- T addReplyDouble
---------------- T addReplyDoubleDistance
---------------- T addReplyError
---------------- T addReplyErrorArity
---------------- T addReplyErrorExpireTime
---------------- T addReplyErrorFormat
---------------- T addReplyErrorFormatEx
---------------- T addReplyErrorFormatInternal
---------------- T addReplyErrorLength
---------------- T addReplyErrorObject
---------------- T addReplyErrorSds
---------------- T addReplyErrorSdsEx
---------------- T addReplyErrorSdsSafe
---------------- T addReplyFlagsForArg
---------------- T addReplyFlagsForCommand
---------------- T addReplyFlagsForKeyArgs
---------------- T addReplyHelp
---------------- T addReplyHumanLongDouble
---------------- T addReplyLoadedModules
---------------- T addReplyLongLong
---------------- T addReplyLongLongFromStr
---------------- T addReplyMapLen
---------------- T addReplyNull
---------------- T addReplyNullArray
---------------- T addReplyOrErrorObject
---------------- T addReplyProto
---------------- T addReplyPubsubMessage
---------------- T addReplyPubsubPatMessage
---------------- T addReplyPubsubPatSubscribed
---------------- T addReplyPubsubPatUnsubscribed
---------------- T addReplyPubsubSubscribed
---------------- T addReplyPubsubUnsubscribed
---------------- T addReplyPushLen
---------------- T addReplyReplicationBacklog
---------------- T addReplySds
---------------- T addReplySentinelDebugInfo
---------------- T addReplySentinelRedisInstance
---------------- T addReplySetLen
---------------- t addReplySlotRangeArray
---------------- t addReplySlotStat
---------------- T addReplyStatus
---------------- T addReplyStatusFormat
---------------- T addReplyStatusLength
---------------- T addReplyStreamID
---------------- T addReplySubcommandSyntaxError
---------------- T addReplyVerbatim
---------------- T addShardReplyForClusterShards
---------------- t addk
---------------- T adjustOpenFilesLimit
---------------- t adjust_assign
---------------- T aeCreateEventLoop
---------------- T aeCreateFileEvent
---------------- T aeCreateTimeEvent
---------------- T aeDeleteEventLoop
---------------- T aeDeleteFileEvent
---------------- T aeDeleteTimeEvent
---------------- T aeGetApiName
---------------- T aeGetFileClientData
---------------- T aeGetFileEvents
---------------- T aeGetSetSize
---------------- T aeMain
---------------- T aeProcessEvents
---------------- T aeResizeSetSize
---------------- T aeSetAfterSleepProc
---------------- T aeSetBeforeSleepProc
---------------- T aeSetDontWait
---------------- T aeStop
---------------- D aeTimer
---------------- T aeWait
---------------- T afterCommand
---------------- T afterErrorReply
---------------- T afterSleep
---------------- T allPersistenceDisabled
---------------- t all_values_iter_next
---------------- T allowProtectedAction
---------------- T alsoPropagate
---------------- T analyzeLatencyForEvent
---------------- T anetAcceptFailureNeedsRetry
---------------- T anetBlock
---------------- T anetCloexec
---------------- t anetCreateSocket
---------------- T anetDisableTcpNoDelay
---------------- T anetEnableTcpNoDelay
---------------- T anetFdToString
---------------- T anetGetError
---------------- T anetIsFifo
---------------- T anetKeepAlive
---------------- T anetNonBlock
---------------- T anetPipe
---------------- T anetRecvTimeout
---------------- T anetResolve
---------------- T anetSendTimeout
---------------- T anetSetBlock
---------------- t anetSetError
---------------- T anetSetSockMarkId
---------------- T anetTcp6Server
---------------- T anetTcpAccept
---------------- t anetTcpGenericConnect
---------------- T anetTcpNonBlockBestEffortBindConnect
---------------- T anetTcpNonBlockConnect
---------------- T anetTcpServer
---------------- T anetUnixAccept
---------------- T anetUnixGenericConnect
---------------- T anetUnixServer
---------------- T announceSentinelAddr
---------------- T announceSentinelAddrAndPort
---------------- T anyOtherSlaveWaitRdb
---------------- T aofDelHistoryFiles
---------------- T aofDelTempIncrAofFile
---------------- T aofFileExist
---------------- T aofFsyncInProgress
---------------- T aofInfoCreate
---------------- T aofInfoDup
---------------- T aofInfoFormat
---------------- T aofInfoFree
---------------- T aofListDup
---------------- T aofListFree
---------------- T aofLoadManifestFromDisk
---------------- T aofLoadManifestFromFile
---------------- T aofManifestCreate
---------------- T aofManifestDup
---------------- T aofManifestFree
---------------- T aofManifestFreeAndUpdate
---------------- T aofOpenIfNeededOnServerStart
---------------- T aofRemoveTempFile
---------------- T aofRewriteLimited
---------------- d aofRewriteLimited.next_delay_minutes
---------------- d aofRewriteLimited.next_rewrite_time
---------------- T aofUpgradePrepare
---------------- T aofWrite
---------------- T aof_background_fsync
---------------- T aof_background_fsync_and_close
---------------- D aof_fsync_enum
---------------- T appendAofInfoFromList
---------------- T appendCommand
---------------- T appendServerSaveParams
---------------- T applyAppendOnlyConfig
---------------- t applyBind
---------------- t applyClientMaxMemoryUsage
---------------- t applyTLSPort
---------------- t applyTlsCfg
---------------- T applyWatchdogPeriod
---------------- T areCommandKeysInSameSlot
                 U asin
---------------- T askingCommand
---------------- T asmActiveTrimCycle
---------------- d asmActiveTrimCycle.blocked
---------------- T asmActiveTrimDeleteKey
---------------- T asmActiveTrimEnd
---------------- T asmActiveTrimStart
---------------- T asmBeforeSleep
---------------- T asmCallbackOnFreeClient
---------------- T asmCancelPendingTrimJobs
---------------- T asmCancelTrimJobs
---------------- T asmCatInfoString
---------------- T asmChannelToString
---------------- T asmCountKeysInSlots
---------------- T asmCreateImportTask
---------------- T asmCron
---------------- d asmCron.asm_cron_runs
---------------- T asmDebugIsFailPointActive
---------------- T asmDebugSetFailPoint
---------------- T asmDebugSetTrimMethod
---------------- T asmDumpActiveImportTask
---------------- T asmFeedMigrationClient
---------------- T asmFinalizeMasterTask
---------------- T asmGetImportInputBufferSize
---------------- T asmGetMigrateOutputBufferSize
---------------- T asmGetPeakSyncBufferSize
---------------- T asmGetTrimmingSlotForCommand
---------------- T asmImportInProgress
---------------- T asmImportIncrAppliedBytes
---------------- T asmImportSendACK
---------------- T asmImportSetFailed
---------------- T asmImportTakeover
---------------- T asmInit
---------------- T asmIsAnyTrimJobOverlaps
---------------- T asmIsKeyInTrimJob
---------------- T asmIsTrimInProgress
---------------- T asmLogTaskEvent
---------------- T asmLookupTaskById
---------------- T asmLookupTaskBySlotRangeArray
---------------- D asmManager
---------------- T asmMigrateInProgress
---------------- T asmMigrateSetFailed
---------------- T asmModulePropagateBeforeSlotSnapshot
---------------- T asmNotifyConfigUpdated
---------------- T asmNotifyReplicasStateChange
---------------- T asmNotifyStateChange
---------------- T asmRdbChannelSyncWithSource
---------------- t asmReadSyncBufferErrorHandler
---------------- T asmReplicaHandleMasterTask
---------------- T asmSendInternalAuth
---------------- T asmSendSlotRangesSync
---------------- T asmSendStreamEofIfDrained
---------------- T asmSlotSnapshotAndStreamStart
---------------- T asmSlotSnapshotFailed
---------------- T asmSlotSnapshotSucceed
---------------- t asmStartImportTask
---------------- d asmStartImportTask.start_blocked_logged
---------------- t asmSyncBufferReadFromConn
---------------- t asmSyncBufferStreamShouldContinue
---------------- T asmSyncBufferStreamToDb
---------------- t asmSyncBufferStreamYieldCallback
---------------- T asmSyncWithSource
---------------- t asmTaskCancel
---------------- T asmTaskCreate
---------------- T asmTaskDeserialize
---------------- T asmTaskFinalize
---------------- T asmTaskFree
---------------- T asmTaskGetSlotRanges
---------------- T asmTaskReset
---------------- T asmTaskSerialize
---------------- T asmTaskSetFailed
---------------- T asmTaskStateToEvent
---------------- T asmTaskStateToString
---------------- T asmTriggerActiveTrim
---------------- T asmTriggerBackgroundTrim
---------------- T asmTrimJobProcessPending
---------------- d asmTrimJobProcessPending.logged
---------------- T asmTrimJobSchedule
---------------- T asmTrimSlots
---------------- T asmTrimSlotsIfNotOwned
---------------- T asmUnblockMasterAfterTrim
---------------- T assignClientToIOThread
---------------- t assignment
                 U atan
                 U atan2
                 U atoi
---------------- T attemptBlockedAuthReplyCallback
---------------- T attemptNextAuthCb
---------------- T authCommand
---------------- T authRequired
---------------- T autoMemoryAdd
---------------- T autoMemoryCollect
---------------- T autoMemoryFreed
---------------- D auxFieldHandlers
---------------- T auxHumanNodenameGetter
---------------- T auxHumanNodenamePresent
---------------- T auxHumanNodenameSetter
---------------- T auxShardIdGetter
---------------- T auxShardIdPresent
---------------- T auxShardIdSetter
---------------- T auxTcpPortGetter
---------------- T auxTcpPortPresent
---------------- T auxTcpPortSetter
---------------- T auxTlsPortGetter
---------------- T auxTlsPortPresent
---------------- T auxTlsPortSetter
---------------- t auxresume
---------------- t auxsort
---------------- t auxupvalue
---------------- d avg_ttl_factor
---------------- t b_pack
---------------- t b_size
---------------- t b_unpack
---------------- T backgroundRewriteDoneHandler
---------------- T backgroundSaveDoneHandler
                 U backtrace
                 U backtrace_symbols_fd
---------------- d base_funcs
---------------- d batch
                 U bcmp
---------------- T beforeNextClient
---------------- T beforeSleep
---------------- T bg_unlink
---------------- T bgrewriteaofCommand
---------------- T bgsaveCommand
                 U bind
---------------- T bioCreateCloseAofJob
---------------- T bioCreateCloseJob
---------------- T bioCreateCompRq
---------------- T bioCreateFsyncJob
---------------- T bioCreateLazyFreeJob
---------------- T bioDrainWorker
---------------- T bioInit
---------------- T bioKillThreads
---------------- T bioPendingJobsOfType
---------------- T bioPipeReadJobCompList
---------------- T bioProcessBackgroundJobs
---------------- T bioSubmitJob
---------------- d bio_comp_list
---------------- d bio_job_to_worker
---------------- d bio_jobs
---------------- d bio_jobs_counter
---------------- d bio_mutex
---------------- d bio_mutex_comp
---------------- d bio_newjob_cond
---------------- d bio_threads.0
---------------- d bio_threads.1
---------------- d bio_threads.2
---------------- t bit_arshift
---------------- t bit_band
---------------- t bit_bnot
---------------- t bit_bor
---------------- t bit_bswap
---------------- t bit_bxor
---------------- d bit_funcs
---------------- t bit_lshift
---------------- t bit_rol
---------------- t bit_ror
---------------- t bit_rshift
---------------- t bit_tobit
---------------- t bit_tohex
---------------- T bitcountCommand
---------------- T bitfieldCommand
---------------- T bitfieldGeneric
---------------- T bitfieldGetKeys
---------------- T bitfieldroCommand
---------------- T bitmapClearBit
---------------- T bitmapSetBit
---------------- T bitmapTestBit
---------------- T bitopCommand
---------------- T bitopCommandAVX
---------------- T bitposCommand
---------------- d bitsinbyte
---------------- T blmoveCommand
---------------- T blmoveGenericCommand
---------------- T blmpopCommand
---------------- T blmpopGetKeys
---------------- t block
---------------- T blockClient
---------------- T blockClientShutdown
---------------- T blockForAofFsync
---------------- T blockForKeys
---------------- T blockForReplication
---------------- T blockPostponeClient
---------------- T blockPostponeClientWithType
---------------- T blockedBeforeSleep
---------------- T blockedClientMayTimeout
---------------- T blockingGenericZpopCommand
---------------- T blockingOperationEnds
---------------- T blockingOperationStarts
---------------- T blockingPopGenericCommand
---------------- T blpopCommand
---------------- t body
---------------- t boolConfigGet
---------------- t boolConfigInit
---------------- t boolConfigRewrite
---------------- t boolConfigSet
---------------- T brpopCommand
---------------- T brpoplpushCommand
---------------- T bugReportEnd
---------------- T bugReportStart
---------------- d bug_report_start
---------------- d bug_report_start_attr
---------------- d bug_report_start_mutex
---------------- T bytesToHuman
---------------- T bzmpopCommand
---------------- T bzmpopGetKeys
---------------- T bzpopmaxCommand
---------------- T bzpopminCommand
---------------- d cached_default_info_sections
---------------- T calculateKeySlot
---------------- T call
---------------- t callReplyArray
---------------- t callReplyAttribute
---------------- t callReplyBigNumber
---------------- t callReplyBool
---------------- t callReplyBulkString
---------------- T callReplyCreate
---------------- T callReplyCreateError
---------------- T callReplyCreatePromise
---------------- T callReplyDeferredErrorList
---------------- t callReplyDouble
---------------- t callReplyError
---------------- T callReplyGetArrayElement
---------------- T callReplyGetAttribute
---------------- T callReplyGetAttributeElement
---------------- T callReplyGetBigNumber
---------------- T callReplyGetBool
---------------- T callReplyGetDouble
---------------- T callReplyGetLen
---------------- T callReplyGetLongLong
---------------- T callReplyGetMapElement
---------------- T callReplyGetPrivateData
---------------- T callReplyGetProto
---------------- T callReplyGetSetElement
---------------- T callReplyGetString
---------------- T callReplyGetVerbatim
---------------- T callReplyIsResp3
---------------- t callReplyLong
---------------- t callReplyMap
---------------- t callReplyNull
---------------- t callReplyNullArray
---------------- t callReplyNullBulkString
---------------- t callReplyParseError
---------------- t callReplySet
---------------- t callReplySimpleStr
---------------- T callReplyType
---------------- t callReplyVerbatimString
---------------- t call_binTM
---------------- t call_orderTM
---------------- t callallgcTM
---------------- d callbackDict
---------------- t callbackHash
---------------- t callbackKeyCompare
---------------- t callbackKeyDestructor
---------------- t callbackValDestructor
---------------- t callbackValDup
                 U calloc
---------------- T canFeedReplicaReplBuffer
---------------- T cancelReplicationHandshake
---------------- T catAppendOnlyGenericCommand
---------------- T catClientInfoString
---------------- T catSubCommandFullname
---------------- T categoryFlagsFromString
---------------- t cbFindInListpack
---------------- T changeListener
---------------- T changeReplicationId
---------------- T channelList
---------------- d char2escape
---------------- d charset
---------------- d charset_fill
                 U chdir
---------------- T checkAlreadyExpired
---------------- T checkBlockedClientTimeout
---------------- T checkChildrenDone
---------------- T checkClientOutputBufferLimits
---------------- t checkClocksource
---------------- T checkForSentinelMode
---------------- T checkGoodReplicasStatus
---------------- T checkHeavyEntries
---------------- T checkIgnoreWarning
---------------- T checkLobbyEntries
---------------- T checkModuleAuthentication
---------------- T checkMultiPartAof
---------------- T checkOldStyleAof
---------------- T checkOvercommit
---------------- T checkPasswordBasedAuth
---------------- T checkPrefixCollisionsOrReply
---------------- T checkSignedBitfieldOverflow
---------------- T checkSingleAof
---------------- T checkSlotAssignmentsOrReply
---------------- T checkTHPEnabled
---------------- T checkTcpBacklogSettings
---------------- T checkType
---------------- T checkUnsignedBitfieldOverflow
---------------- T checkXenClocksource
---------------- t check_match
---------------- D checks
---------------- T chkDecayCounter
---------------- T chkHeapifyDown
---------------- T chkTopKCreate
---------------- T chkTopKGetMemoryUsage
---------------- T chkTopKList
---------------- T chkTopKRelease
---------------- T chkTopKUpdate
                 U chmod
---------------- t chunk
---------------- T cleanupACLKeyResultCache
---------------- T clearClientConnectionState
---------------- T clearFailoverState
---------------- T clearNodeFailureIfNeeded
---------------- T clearReplicationId2
                 U clearenv
                 U clearerr
---------------- T clientAcceptHandler
---------------- D clientBufferLimitsDefaults
---------------- T clientCommand
---------------- D clientDictType
---------------- T clientEvictionAllowed
---------------- T clientHasPendingReplies
---------------- T clientSetName
---------------- T clientSetNameOrReply
---------------- T clientSetinfoCommand
---------------- T clientShardSubscriptionsCount
---------------- T clientSubscriptionsCount
---------------- T clientTotalPubSubSubscriptionCount
---------------- T clientsCron
---------------- T clientsCronHandleTimeout
---------------- T clientsCronResizeOutputBuffer
---------------- T clientsCronResizeQueryBuffer
---------------- T clientsCronRunClient
---------------- T clientsCronTrackExpansiveClients
                 U clock
                 U clock_gettime
                 U close
---------------- T closeChildInfoPipe
---------------- T closeChildUnusedResourceAfterFork
---------------- T closeClientOnOutputBufferLimitReached
---------------- T closeDirectLogFiledes
---------------- T closeListener
---------------- T closeListeningSockets
---------------- T closeRepldbfd
---------------- t close_func
---------------- t close_state
                 U closedir
---------------- T clusterAcceptHandler
---------------- T clusterAddNode
---------------- T clusterAddNodeToShard
---------------- T clusterAddSlot
---------------- T clusterAllowFailoverCmd
---------------- T clusterAsmCancel
---------------- T clusterAsmCancelByNode
---------------- T clusterAsmCancelBySlot
---------------- T clusterAsmCancelBySlotRangeArray
---------------- T clusterAsmDone
---------------- T clusterAsmHandoff
---------------- T clusterAsmOnEvent
---------------- T clusterAsmProcess
---------------- d clusterAsmProcess.buf
---------------- T clusterBeforeSleep
---------------- T clusterBlacklistAddNode
---------------- T clusterBlacklistCleanup
---------------- T clusterBlacklistExists
---------------- T clusterBroadcastMessage
---------------- T clusterBroadcastPong
---------------- T clusterBumpConfigEpochWithoutConsensus
---------------- T clusterCanAccessKeysInSlot
---------------- T clusterClaimUnassignedSlots
---------------- T clusterCloseAllSlots
---------------- T clusterCommand
---------------- T clusterCommandExtendedHelp
---------------- d clusterCommandExtendedHelp.help
---------------- T clusterCommandHelp
---------------- T clusterCommandMyId
---------------- T clusterCommandMyShardId
---------------- T clusterCommandShards
---------------- T clusterCommandSlots
---------------- T clusterCommandSpecial
---------------- T clusterCommonInit
---------------- t clusterConnAcceptHandler
---------------- T clusterCountNonFailingSlaves
---------------- T clusterCreatePublishMsgBlock
---------------- T clusterCron
---------------- d clusterCron.iteration
---------------- T clusterDebugCommandExtendedHelp
---------------- d clusterDebugCommandExtendedHelp.help
---------------- T clusterDelKeysInSlot
---------------- T clusterDelKeysInSlotRangeArray
---------------- T clusterDelNode
---------------- T clusterDelNodeSlots
---------------- T clusterDelSlot
---------------- T clusterDeleteKeysInUnownedSlots
---------------- T clusterDoBeforeSleep
---------------- T clusterFailoverReplaceYourMaster
---------------- T clusterFreeNodesSlotsInfo
---------------- T clusterFreeShardIterator
---------------- T clusterGenNodeDescription
---------------- T clusterGenNodesDescription
---------------- T clusterGenNodesSlotsInfo
---------------- T clusterGetLocalSlotRanges
---------------- T clusterGetMaxEpoch
---------------- T clusterGetMessageTypeString
---------------- T clusterGetNodesInMyShard
---------------- T clusterGetSecret
---------------- T clusterGetShardCount
---------------- T clusterGetShardIterator
---------------- T clusterGetShardNodeCount
---------------- T clusterGetSlaveRank
---------------- T clusterHandleConfigEpochCollision
---------------- T clusterHandleManualFailover
---------------- T clusterHandleSlaveFailover
---------------- T clusterHandleSlaveMigration
---------------- T clusterHandshakeInProgress
---------------- T clusterInit
---------------- T clusterInitLast
---------------- T clusterIsMySlot
---------------- T clusterLinkConnectHandler
---------------- T clusterLoadConfig
---------------- T clusterLockConfig
---------------- T clusterLogCantFailover
---------------- d clusterLogCantFailover.lastlog_time
---------------- T clusterLookupNode
---------------- T clusterManualFailoverTimeLimit
---------------- T clusterMastersHaveSlaves
---------------- T clusterMigrationCommand
---------------- T clusterMoveNodeSlots
---------------- t clusterMsgSendBlockDecrRefCount
---------------- T clusterNextShardHandle
---------------- T clusterNodeAddFailureReport
---------------- T clusterNodeAddSlave
---------------- T clusterNodeCleanupFailureReports
---------------- T clusterNodeClearSlotBit
---------------- T clusterNodeClientPort
---------------- T clusterNodeCoversSlot
---------------- T clusterNodeDelFailureReport
---------------- T clusterNodeFailureReportsCount
---------------- T clusterNodeGetMaster
---------------- T clusterNodeGetName
---------------- T clusterNodeGetShardId
---------------- T clusterNodeGetSlave
---------------- T clusterNodeGetSlaveof
---------------- T clusterNodeHasSlotInfo
---------------- T clusterNodeHostname
---------------- T clusterNodeIp
---------------- T clusterNodeIsFailing
---------------- T clusterNodeIsMaster
---------------- T clusterNodeIsMyself
---------------- T clusterNodeIsNoFailover
---------------- T clusterNodeIsSlave
---------------- T clusterNodeNumSlaves
---------------- T clusterNodePending
---------------- T clusterNodePreferredEndpoint
---------------- T clusterNodeRemoveSlave
---------------- T clusterNodeReplOffset
---------------- T clusterNodeSetSlotBit
---------------- T clusterNodeSlotInfoCount
---------------- T clusterNodeSlotInfoEntry
---------------- T clusterNodeTcpPort
---------------- T clusterNodeTimedOut
---------------- T clusterNodeTlsPort
---------------- D clusterNodesBlackListDictType
---------------- D clusterNodesDictType
---------------- T clusterProcessGossipSection
---------------- T clusterProcessPacket
---------------- T clusterProcessPingExtensions
---------------- T clusterPromoteSelfToMaster
---------------- T clusterPropagatePublish
---------------- T clusterReadHandler
---------------- d clusterReceivers
---------------- T clusterRedirectBlockedClientIfNeeded
---------------- T clusterRedirectClient
---------------- T clusterRemoveNodeFromShard
---------------- T clusterRenameNode
---------------- T clusterRequestFailoverAuth
---------------- T clusterReset
---------------- T clusterSaveConfig
---------------- T clusterSaveConfigOrDie
---------------- D clusterSdsToListType
---------------- T clusterSendFail
---------------- T clusterSendFailoverAuth
---------------- T clusterSendFailoverAuthIfNeeded
---------------- T clusterSendMFStart
---------------- T clusterSendMessage
---------------- T clusterSendModule
---------------- T clusterSendModuleMessageToTarget
---------------- T clusterSendPing
---------------- d clusterSendPing.cluster_pings_sent
---------------- T clusterSendUpdate
---------------- T clusterSetGossipEntry
---------------- T clusterSetMaster
---------------- T clusterSetNodeAsMaster
---------------- T clusterShardHandleGetNodeIterator
---------------- T clusterShardNodeFirst
---------------- T clusterShardNodeIteratorFree
---------------- T clusterShardNodeIteratorNext
---------------- T clusterSlotStatReset
---------------- T clusterSlotStatResetAll
---------------- T clusterSlotStatsAddCpuDuration
---------------- T clusterSlotStatsAddNetworkBytesInForUserClient
---------------- T clusterSlotStatsAddNetworkBytesOutForShardedPubSubInternalPropagation
---------------- T clusterSlotStatsAddNetworkBytesOutForUserClient
---------------- T clusterSlotStatsCommand
---------------- T clusterSlotStatsDecrNetworkBytesOutForReplication
---------------- T clusterSlotStatsIncrNetworkBytesOutForReplication
---------------- T clusterSlotStatsInvalidateSlotIfApplicable
---------------- t clusterSlotStatsUpdateNetworkBytesOutForReplication
---------------- T clusterStartHandshake
---------------- T clusterSyncSlotsCommand
---------------- T clusterSyncSlotsSnapshotEOF
---------------- T clusterSyncSlotsStreamEOF
---------------- T clusterUpdateMyselfAnnouncedPorts
---------------- T clusterUpdateMyselfFlags
---------------- T clusterUpdateMyselfHostname
---------------- T clusterUpdateMyselfHumanNodename
---------------- T clusterUpdateMyselfIp
---------------- d clusterUpdateMyselfIp.prev_ip
---------------- T clusterUpdateSlots
---------------- T clusterUpdateSlotsConfigWith
---------------- T clusterUpdateState
---------------- d clusterUpdateState.among_minority_time
---------------- d clusterUpdateState.first_call_time
---------------- T clusterWriteHandler
---------------- D cluster_preferred_endpoint_type_enum
---------------- D cluster_slot_stats_enum
---------------- T cmdHasPushAsReply
---------------- t cmdTokenCollect
---------------- D cmds
---------------- T cmpchkHeapBucket
---------------- d co_funcs
---------------- t codearith
---------------- T collateStringObjects
---------------- t collect_stacktrace_data
---------------- d combine_cache
---------------- T commandAddSubcommand
---------------- T commandCheckArity
---------------- T commandCheckExistence
---------------- T commandCommand
---------------- T commandCountCommand
---------------- T commandDocsCommand
---------------- T commandFlagsFromString
---------------- T commandGetKeysAndFlagsCommand
---------------- T commandGetKeysCommand
---------------- T commandGroupStr
---------------- T commandHelpCommand
---------------- d commandId
---------------- T commandInfoCommand
---------------- T commandListCommand
---------------- T commandListWithFilter
---------------- T commandListWithoutFilter
---------------- T commandProcessed
---------------- D commandTableDictType
---------------- T commandTimeSnapshot
---------------- D commands_with_channels
---------------- T compareSlavesForPromotion
---------------- t compareSlotRange
---------------- T compareStringObjects
---------------- T compareStringObjectsWithFlags
---------------- T computeDatasetDigest
---------------- t condjump
---------------- T confAllowsExpireDel
---------------- t configEnumGetName
---------------- T configEnumGetValue
---------------- T configExists
---------------- T configGetCommand
---------------- T configHelpCommand
---------------- D configOOMScoreAdjValuesDefaults
---------------- T configResetStatCommand
---------------- T configRewriteCommand
---------------- T configSetCommand
---------------- d configerr
---------------- D configs
---------------- T connBlock
---------------- t connCreateAcceptedSocket
---------------- t connCreateAcceptedTLS
---------------- t connCreateAcceptedUnix
---------------- t connCreateSocket
---------------- t connCreateTLS
---------------- t connCreateUnix
---------------- T connDisableTcpNoDelay
---------------- T connEnableTcpNoDelay
---------------- T connKeepAlive
---------------- T connNonBlock
---------------- T connRecvTimeout
---------------- T connSendTimeout
---------------- t connSocketAccept
---------------- t connSocketAcceptHandler
---------------- t connSocketAddr
---------------- t connSocketBlockingConnect
---------------- t connSocketClose
---------------- t connSocketConnect
---------------- t connSocketEventHandler
---------------- t connSocketGetLastError
---------------- t connSocketGetType
---------------- t connSocketIsLocal
---------------- t connSocketListen
---------------- t connSocketRead
---------------- t connSocketRebindEventLoop
---------------- t connSocketSetReadHandler
---------------- t connSocketSetWriteHandler
---------------- t connSocketShutdown
---------------- t connSocketSyncRead
---------------- t connSocketSyncReadLine
---------------- t connSocketSyncWrite
---------------- t connSocketWrite
---------------- t connSocketWritev
---------------- t connTLSAccept
---------------- t connTLSAddr
---------------- t connTLSBlockingConnect
---------------- t connTLSClose
---------------- t connTLSConnect
---------------- t connTLSGetLastError
---------------- t connTLSGetPeerCert
---------------- t connTLSGetType
---------------- t connTLSIsLocal
---------------- t connTLSListen
---------------- t connTLSRead
---------------- t connTLSRebindEventLoop
---------------- t connTLSSetReadHandler
---------------- t connTLSSetWriteHandler
---------------- t connTLSShutdown
---------------- t connTLSSyncRead
---------------- t connTLSSyncReadLine
---------------- t connTLSSyncWrite
---------------- t connTLSUnbindEventLoop
---------------- t connTLSWrite
---------------- t connTLSWritev
---------------- T connTypeCleanupAll
---------------- T connTypeHasPendingData
---------------- T connTypeInitialize
---------------- T connTypeOfCluster
---------------- T connTypeOfReplication
---------------- T connTypeProcessPendingData
---------------- T connTypeRegister
---------------- d connTypes
---------------- t connUnixAccept
---------------- t connUnixAcceptHandler
---------------- t connUnixAddr
---------------- t connUnixClose
---------------- t connUnixEventHandler
---------------- t connUnixGetLastError
---------------- t connUnixGetType
---------------- t connUnixIsLocal
---------------- t connUnixListen
---------------- t connUnixRead
---------------- t connUnixRebindEventLoop
---------------- t connUnixSetReadHandler
---------------- t connUnixSetWriteHandler
---------------- t connUnixShutdown
---------------- t connUnixSyncRead
---------------- t connUnixSyncReadLine
---------------- t connUnixSyncWrite
---------------- t connUnixWrite
---------------- t connUnixWritev
                 U connect
---------------- T connectWithMaster
---------------- T connectionByType
---------------- T connectionIndexByType
---------------- T connectionTypeTcp
---------------- d connectionTypeTcp.ct_tcp
---------------- T connectionTypeTls
---------------- d connectionTypeTls.cached
---------------- d connectionTypeTls.ct_tls
---------------- T connectionTypeUnix
---------------- d connectionTypeUnix.ct_unix
---------------- t constructor
---------------- T consumeNewline
---------------- t controloptions
---------------- T copyCommand
---------------- T copyReplicaOutputBuffer
                 U cos
                 U cosh
---------------- T countChannelsInSlot
---------------- T countKeysInSlot
---------------- T counts_index_for
---------------- T crc16
---------------- D crc16_slot_table
---------------- d crc16tab
---------------- T crc64
---------------- T crc64_combine
---------------- T crc64_init
---------------- d crc64_table
---------------- T crcspeed16big
---------------- T crcspeed16big_init
---------------- T crcspeed16little
---------------- T crcspeed16little_init
---------------- T crcspeed16native
---------------- T crcspeed16native_init
---------------- T crcspeed64big
---------------- T crcspeed64big_init
---------------- T crcspeed64little
---------------- T crcspeed64little_init
---------------- T crcspeed64native
---------------- T crcspeed64native_init
---------------- T createAOFClient
---------------- t createArrayObject
---------------- t createBoolObject
---------------- T createClient
---------------- T createClusterLink
---------------- t createClusterMsgSendBlock
---------------- T createClusterNode
---------------- t createDoubleObject
---------------- T createDumpPayload
---------------- T createEmbeddedStringObject
---------------- T createEventNotifier
---------------- T createFunctionDumpPayload
---------------- T createHLLObject
---------------- T createHashObject
---------------- T createInstanceLink
---------------- t createIntegerObject
---------------- T createIntsetObject
---------------- T createLatencyReport
---------------- T createListListpackObject
---------------- T createLuaState
---------------- T createModuleConfig
---------------- T createModuleObject
---------------- t createNilObject
---------------- T createObject
---------------- T createObjectFromStreamID
---------------- T createPidFile
---------------- T createQuicklistObject
---------------- T createRawStringObject
---------------- T createReplicationBacklog
---------------- T createReplicationBacklogIfNeeded
---------------- T createReplicationBacklogIndex
---------------- t createSSLContext
---------------- T createSentinelAddr
---------------- T createSentinelRedisInstance
---------------- T createSetListpackObject
---------------- T createSetObject
---------------- T createSharedObjects
---------------- T createSocketAcceptHandler
---------------- T createSortOperation
---------------- T createSparklineSequence
---------------- T createStreamIDString
---------------- T createStreamObject
---------------- T createStringObject
---------------- t createStringObject.8679
---------------- T createStringObjectFromLongDouble
---------------- T createStringObjectFromLongLong
---------------- T createStringObjectFromLongLongForValue
---------------- T createStringObjectFromLongLongWithOptions
---------------- T createStringObjectFromLongLongWithSds
---------------- T createZsetListpackObject
---------------- T createZsetObject
---------------- T cronUpdateMemoryStats
                 U ctime_r
---------------- d curr_functions_lib_ctx
---------------- d curr_run_ctx
---------------- T d2string
---------------- T daemonize
---------------- T databasesCron
---------------- d databasesCron.rehash_db
---------------- d databasesCron.resize_db
---------------- T dbAdd
---------------- T dbAddByLink
---------------- T dbAddInternal
---------------- T dbAddRDBLoad
---------------- T dbAsyncDelete
---------------- T dbDelete
---------------- T dbDeleteSkipKeysizesUpdate
---------------- D dbDictType
---------------- T dbExpand
---------------- T dbExpandExpires
---------------- t dbExpandSkipSlot
---------------- D dbExpiresDictType
---------------- T dbFind
---------------- T dbFindByLink
---------------- T dbFindExpires
---------------- T dbGenericDelete
---------------- T dbRandomKey
---------------- T dbReplaceValue
---------------- T dbReplaceValueWithLink
---------------- T dbScan
---------------- t dbSetValue
---------------- T dbSize
---------------- T dbSwapDatabases
---------------- T dbSyncDelete
---------------- T dbTotalServerKeyCount
---------------- T dbUnshareStringValue
---------------- T dbUnshareStringValueByLink
---------------- t db_debug
---------------- t db_errorfb
---------------- t db_getfenv
---------------- t db_gethook
---------------- t db_getinfo
---------------- t db_getlocal
---------------- t db_getmetatable
---------------- t db_getregistry
---------------- t db_getupvalue
---------------- t db_setfenv
---------------- t db_sethook
---------------- t db_setlocal
---------------- t db_setmetatable
---------------- t db_setupvalue
---------------- T dbgAssertAllocSizePerSlot
---------------- t dbgAssertHist
---------------- T dbgAssertKeysizesHist
---------------- d dblib
---------------- T dbsizeCommand
---------------- T deauthenticateAndCloseClient
---------------- T debugCommand
---------------- T debugDelay
---------------- T debugPauseProcess
---------------- T decodeGeohash
---------------- T decodeTimeoutKey
---------------- T decrCommand
---------------- T decrRefCount
---------------- T decrbyCommand
---------------- d defaultFunctions
---------------- T deferredAfterErrorReply
---------------- T defragWhileBlocked
---------------- T delCommand
---------------- T delGenericCommand
---------------- T deleteEvictedKeyAndPropagate
---------------- T deleteExpiredKeyAndPropagate
---------------- t deleteKeyAndPropagate
---------------- T delexCommand
---------------- T delexGetKeys
---------------- T deriveAnnouncedPorts
---------------- T determinePrefetchCount
---------------- T dictAdd
---------------- T dictAddOrFind
---------------- T dictAddRaw
---------------- T dictCStrCaseHash
---------------- T dictCStrHash
---------------- T dictCStrKeyCaseCompare
---------------- T dictCStrKeyCompare
---------------- T dictCStringKeyCompare
---------------- T dictCStringKeyHash
---------------- T dictClientHash
---------------- T dictClientKeyCompare
---------------- T dictCombineStats
---------------- T dictCompareKeys
---------------- T dictCreate
---------------- t dictDefaultCompare
---------------- T dictDelete
---------------- t dictDestructorKV
---------------- T dictDictDestructor
---------------- T dictEmpty
---------------- T dictEncObjHash
---------------- T dictEncObjKeyCompare
---------------- t dictEntryDestructor
---------------- T dictEntryIsKey
---------------- T dictEntryMemUsage
---------------- T dictExpand
---------------- T dictExpandIfNeeded
---------------- T dictFetchValue
---------------- T dictFind
---------------- T dictFindByHashAndPtr
---------------- T dictFindLink
---------------- T dictFindLinkForInsert
---------------- t dictFindLinkInternal
---------------- T dictFingerprint
---------------- T dictFreeStats
---------------- T dictFreeUnlinkedEntry
---------------- T dictGenCaseHashFunction
---------------- T dictGenHashFunction
---------------- t dictGenericDelete
---------------- T dictGetDoubleVal
---------------- T dictGetDoubleValPtr
---------------- T dictGetFairRandomKey
---------------- T dictGetHash
---------------- T dictGetIterator
---------------- T dictGetKey
---------------- T dictGetNext
---------------- T dictGetRandomKey
---------------- T dictGetSafeIterator
---------------- T dictGetSignedIntegerVal
---------------- T dictGetSomeKeys
---------------- T dictGetStats
---------------- T dictGetStatsHt
---------------- T dictGetStatsMsg
---------------- T dictGetUnsignedIntegerVal
---------------- T dictGetVal
---------------- T dictIncrDoubleVal
---------------- T dictIncrSignedIntegerVal
---------------- T dictIncrUnsignedIntegerVal
---------------- T dictInitIterator
---------------- T dictInitSafeIterator
---------------- t dictInsertKeyAtLink
---------------- T dictInstancesValDestructor
---------------- T dictListDestructor
---------------- t dictLuaScriptDestructor
---------------- T dictMemUsage
---------------- T dictNext
---------------- T dictObjHash
---------------- T dictObjKeyCompare
---------------- T dictObjectDestructor
---------------- T dictPtrHash
---------------- T dictRehash
---------------- T dictRehashMicroseconds
---------------- T dictRehashingInfo
---------------- T dictRelease
---------------- T dictReleaseIterator
---------------- T dictReplace
---------------- T dictResetIterator
---------------- T dictResizeAllowed
---------------- T dictScan
---------------- T dictScanDefrag
---------------- T dictScanDefragBucket
---------------- T dictSdsCaseHash
---------------- T dictSdsCompareKV
---------------- T dictSdsDestructor
---------------- T dictSdsDup
---------------- T dictSdsHash
---------------- T dictSdsKeyCaseCompare
---------------- T dictSdsKeyCompare
---------------- T dictSdsKeyLen
---------------- T dictSetDoubleVal
---------------- T dictSetHashFunctionSeed
---------------- T dictSetKey
---------------- T dictSetKeyAtLink
---------------- T dictSetResizeEnabled
---------------- T dictSetSignedIntegerVal
---------------- T dictSetUnsignedIntegerVal
---------------- T dictSetVal
---------------- T dictShrink
---------------- T dictShrinkIfNeeded
---------------- t dictStrCaseHash
---------------- T dictStringHash
---------------- T dictStringKeyCompare
---------------- T dictTryExpand
---------------- T dictTwoPhaseUnlinkFind
---------------- T dictTwoPhaseUnlinkFree
---------------- T dictTypeAddMeta
---------------- T dictUnlink
---------------- T dictVanillaFree
---------------- d dict_can_resize
---------------- d dict_hash_function_seed
---------------- t die
---------------- T digestCommand
---------------- T digits10
---------------- T dirCreateIfMissing
---------------- T dirExists
---------------- T dirRemove
                 U dirname
---------------- T disableTracking
---------------- T discardCommand
---------------- T discardTempDb
---------------- T discardTransaction
---------------- t discharge2reg
---------------- T disconnectAllBlockedClients
---------------- T disconnectSlaves
---------------- T disklessLoadDiscardTempDb
---------------- T disklessLoadInitTempDb
---------------- d disklessLoadingRio
---------------- T dismissClientMemory
---------------- T dismissHashObject
---------------- T dismissListObject
---------------- T dismissMemory
---------------- T dismissMemoryInChild
---------------- T dismissObject
---------------- T dismissSds
---------------- T dismissSetObject
---------------- T dismissStreamObject
---------------- T dismissStringObject
---------------- T dismissZsetObject
                 U dladdr
                 U dlclose
                 U dlerror
                 U dlopen
                 U dlsym
---------------- T doFastMemoryTest
---------------- T doesCommandHaveChannelsWithFlags
---------------- T doesCommandHaveKeys
---------------- T double2ll
---------------- T dropInstanceConnections
---------------- d dummynode_
---------------- T dumpCodeAroundEIP
---------------- T dumpCommand
---------------- T dumpX86Calls
                 U dup
                 U dup2
---------------- T dupClientReplyValue
---------------- T dupSentinelAddr
---------------- T dupStringObject
---------------- T durationAddSample
---------------- T ebAdd
---------------- T ebAddToRax
---------------- t ebBucketPrint
---------------- T ebDefragList
---------------- T ebDefragRax
---------------- d ebDefragRax.next
---------------- T ebDefragRaxBucket
---------------- T ebDefragRaxNode
---------------- T ebDestroy
---------------- T ebExpire
---------------- T ebExpireDryRun
---------------- T ebGetExpireTime
---------------- T ebGetMaxExpireTime
---------------- T ebGetNextTimeToExpire
---------------- T ebGetTotalItems
---------------- T ebNext
---------------- T ebNextBucket
---------------- T ebPrint
---------------- T ebRaxDeleteCb
---------------- T ebRemove
---------------- T ebScanDefrag
---------------- t ebSegAddAvail
---------------- T ebSingleSegExpire
---------------- T ebStart
---------------- T ebStop
---------------- T ebValidate
---------------- T echoCommand
---------------- T emptyData
---------------- T emptyDbAsync
---------------- T emptyDbDataAsync
---------------- T emptyDbStructure
---------------- T enableBcastTrackingForPrefix
---------------- T enableTracking
---------------- T encodeTimeoutKey
---------------- D engineDictType
---------------- t engineDispose
---------------- t engineFunctionDispose
---------------- t engineLibraryDispose
---------------- t engineLibraryFree
---------------- t engineLibraryFreeGeneric
---------------- D engineStatsDictType
---------------- t engineStatsDispose
---------------- d engine_cache_memory
---------------- d engines
---------------- T enqueuePendingClienstToIOThreads
---------------- T enqueuePendingClientsToMainThread
---------------- T enterExecutionUnit
---------------- T entryCreate
---------------- T entryDefrag
---------------- T entryDismissMemory
---------------- t entryFieldLen
---------------- T entryFree
---------------- T entryGetAllocPtr
---------------- T entryGetExpiry
---------------- T entryGetValue
---------------- T entryGetValuePtrRef
---------------- T entryHasExpiry
---------------- D entryHashDictType
---------------- D entryHashDictTypeWithHFE
---------------- T entryIsExpired
---------------- T entryMemUsage
---------------- T entryUpdate
---------------- t entryWriteNew
---------------- t enumConfigGet
---------------- t enumConfigInit
---------------- t enumConfigRewrite
---------------- t enumConfigSet
                 U environ
                 U epoll_create
                 U epoll_ctl
                 U epoll_wait
---------------- d epos
---------------- T equalStringObjects
---------------- d error
---------------- T estimateObjectIdleTime
---------------- T estoreActiveExpire
---------------- T estoreAdd
---------------- T estoreCreate
---------------- T estoreEmpty
---------------- T estoreGetBuckets
---------------- T estoreGetFirstNonEmptyBucket
---------------- T estoreGetNextNonEmptyBucket
---------------- T estoreIsEmpty
---------------- T estoreMoveEbuckets
---------------- T estoreRelease
---------------- T estoreRemove
---------------- T estoreSize
---------------- T estoreUpdate
---------------- t evalCalcFunctionName
---------------- T evalCommand
---------------- T evalExtractShebangFlags
---------------- T evalGenericCommand
---------------- T evalGenericCommandWithDebugging
---------------- T evalGetCommandFlags
---------------- T evalGetKeys
---------------- T evalRoCommand
---------------- T evalScriptsDict
---------------- T evalScriptsMemoryEngine
---------------- T evalScriptsMemoryVM
---------------- T evalShaCommand
---------------- T evalShaRoCommand
---------------- t eventLoopCbReadable
---------------- t eventLoopCbWritable
                 U eventfd
---------------- T evictClients
---------------- T evictPolicyToString
---------------- T evictionPoolAlloc
---------------- T evictionPoolPopulate
---------------- t evictionTimeProc
---------------- T execCommand
---------------- T execCommandAbort
                 U execve
---------------- T existsCommand
                 U exit
---------------- T exitExecutionUnit
---------------- T exitFromChild
                 U exp
                 U exp2
---------------- t exp2reg
---------------- T expireCommand
---------------- T expireGenericCommand
---------------- t expireIfNeeded
---------------- T expireScanCallback
---------------- T expireSlaveKeys
---------------- T expireatCommand
---------------- T expiretimeCommand
---------------- t expirySamplingShouldSkipDict
---------------- T extend_to_usable
---------------- D externalStringType
---------------- T extractBoxOrReply
---------------- T extractDistanceOrReply
---------------- T extractKeysAndSlot
---------------- T extractLongLatOrReply
---------------- T extractSlotFromKeysResult
---------------- T extractUnitOrReply
---------------- t f_Ccall
---------------- t f_call
---------------- t f_flush
---------------- t f_lines
---------------- t f_luaopen
---------------- t f_parser
---------------- t f_read
---------------- t f_seek
---------------- d f_seek.mode
---------------- d f_seek.modenames
---------------- t f_setvbuf
---------------- d f_setvbuf.mode
---------------- d f_setvbuf.modenames
---------------- t f_write
---------------- T failoverCommand
---------------- T fast_float_strtod
---------------- T fcallCommand
---------------- t fcallCommandGeneric
---------------- T fcallGetCommandFlags
---------------- T fcallroCommand
                 U fchmod
                 U fclose
                 U fcntl
                 U fcntl64
                 U fdatasync
---------------- T feedAppendOnlyFile
---------------- T feedReplicationBuffer
---------------- d feedReplicationBuffer.repl_block_id
---------------- T feedReplicationBufferWithObject
                 U feof
                 U ferror
---------------- T fetchClientFromIOThread
                 U fflush
                 U fgets
---------------- T fgets_async_signal_safe
---------------- t field
---------------- T fileExist
---------------- T fileIsManifest
---------------- T fileIsRDB
                 U fileno
---------------- T fillCommandCDF
---------------- T fillPercentileDistributionLatencies
---------------- t findReplica
---------------- t findfile
---------------- T finishShutdown
---------------- T firePostExecutionUnitJobs
---------------- T fixedpoint_d2string
---------------- d fixedpoint_d2string.digitsd
---------------- d fixedpoint_d2string.powers_of_ten
---------------- T flagTransaction
---------------- d flib
                 U flock
---------------- T flushAllDataAndResetRDB
---------------- T flushAppendOnlyFile
---------------- d flushAppendOnlyFile.last_write_error_log
---------------- T flushCommandCommon
---------------- T flushSlaveKeysWithExpireList
---------------- T flushSlavesOutputBuffers
---------------- T flushallCommand
---------------- T flushallSyncBgDone
---------------- T flushdbCommand
                 U fmod
                 U fopen
                 U fopen64
---------------- t forbody
---------------- T forceCommandPropagation
---------------- t foreach
---------------- t foreachi
                 U fork
---------------- T fpconv_dtoa
---------------- T fpconv_g_fmt
---------------- T fpconv_init
---------------- T fpconv_strtod
                 U fprintf
                 U fputc
                 U fputs
                 U fread
                 U free
---------------- T freeCallReply
---------------- t freeCallReplyInternal
---------------- T freeClient
---------------- T freeClientArgv
---------------- T freeClientAsync
---------------- T freeClientDeferredObjects
---------------- T freeClientIODeferredObjects
---------------- T freeClientMultiState
---------------- T freeClientOriginalArgv
---------------- T freeClientPendingCommands
---------------- T freeClientReplyValue
---------------- T freeClientsInAsyncFreeQueue
---------------- T freeClusterLink
---------------- T freeClusterNode
---------------- T freeErrorsRadixTreeAsync
---------------- T freeEventNotifier
---------------- T freeFunctionsAsync
---------------- T freeHashObject
---------------- T freeListObject
---------------- T freeLuaRedisArgv
---------------- T freeLuaScriptsAsync
---------------- T freeLuaScriptsSync
---------------- T freeMemoryGetNotCountedMemory
---------------- T freeMemoryOverheadData
---------------- T freeModuleObject
---------------- T freeObjAsync
---------------- T freePendingCommand
---------------- T freePrefetchCommandsBatch
---------------- T freeReplicaReferencedReplBuffer
---------------- T freeReplicationBacklog
---------------- T freeReplicationBacklogRefMemAsync
---------------- T freeReplyObject
---------------- T freeSentinelConfig
---------------- T freeSentinelLoadQueueEntry
---------------- T freeServerClientMemUsageBuckets
---------------- T freeSetObject
---------------- T freeSparklineSequence
---------------- T freeStream
---------------- T freeStreamObject
---------------- T freeStringObject
---------------- T freeTrackingRadixTree
---------------- T freeTrackingRadixTreeAsync
---------------- T freeTrackingRadixTreeCallback
---------------- T freeZsetObject
                 U freeaddrinfo
                 U freopen
                 U frexp
                 U fseek
                 U fstat64
                 U fsync
---------------- T fsyncFileDir
                 U ftell
                 U ftello64
                 U ftruncate64
---------------- t funcargs
---------------- T functionDeleteCommand
---------------- D functionDictType
---------------- T functionDumpCommand
---------------- T functionExtractLibMetaData
---------------- T functionFlushCommand
---------------- T functionFreeLibMetaData
---------------- T functionGetKeys
---------------- T functionHelpCommand
---------------- T functionKillCommand
---------------- T functionLibCreateFunction
---------------- T functionListCommand
---------------- T functionLoadCommand
---------------- T functionRestoreCommand
---------------- T functionStatsCommand
---------------- T functionsCreateWithLibraryCtx
---------------- T functionsInit
---------------- T functionsLibCtxClear
---------------- T functionsLibCtxClearCurrent
---------------- T functionsLibCtxCreate
---------------- T functionsLibCtxFree
---------------- T functionsLibCtxFunctionsLen
---------------- T functionsLibCtxGetCurrent
---------------- T functionsLibCtxSwapWithCurrent
---------------- T functionsLibGet
---------------- T functionsLibNum
---------------- T functionsMemoryEngine
---------------- T functionsMemoryVM
---------------- T functionsNum
---------------- T functionsRegisterEngine
---------------- T fwTreeClear
---------------- T fwTreeCreate
---------------- T fwTreeDestroy
---------------- T fwTreeFindFirstNonEmpty
---------------- T fwTreeFindIndex
---------------- T fwTreeFindNextNonEmpty
---------------- T fwTreePrefixSum
---------------- T fwTreeUpdate
                 U fwrite
---------------- d g_callback
---------------- d g_in_progress
---------------- t g_iofile
---------------- d g_num_threads_done
---------------- t g_read
---------------- d g_tids_len
---------------- t g_write
                 U gai_strerror
---------------- d gc_count
---------------- d gc_count.7843
---------------- t gctm
---------------- T genAofTimestampAnnotationIfNeeded
---------------- T genClientAddrString
---------------- T genClusterDebugString
---------------- T genClusterInfoString
---------------- T genInfoSectionDict
---------------- T genModulesInfoString
---------------- T genModulesInfoStringRenderModuleOptions
---------------- T genModulesInfoStringRenderModulesList
---------------- T genRedisInfoString
---------------- d genRedisInfoString.call_uname
---------------- d genRedisInfoString.name
---------------- d genRedisInfoString.type_items_str
---------------- d genRedisInfoString.type_sizes_str
---------------- T genRedisInfoStringACLStats
---------------- T genRedisInfoStringCommandStats
---------------- T genRedisInfoStringLatencyStats
---------------- T generateItemFpAndIdxs
---------------- T generateSkyline
---------------- T generateSkyscraper
---------------- T genericCommandCommand
---------------- T genericGetKeys
---------------- T genericHgetallCommand
---------------- T genericZpopCommand
---------------- T genericZrangebylexCommand
---------------- T genericZrangebyrankCommand
---------------- T genericZrangebyscoreCommand
---------------- t generic_reader
---------------- T genrand64_int63
---------------- T genrand64_int64
---------------- d genrand64_int64.mag01
---------------- T genrand64_real1
---------------- T genrand64_real2
---------------- T genrand64_real3
---------------- T geoArrayAppend
---------------- T geoArrayCreate
---------------- T geoArrayFree
---------------- T geoGetPointsInRange
---------------- T geoWithinShape
---------------- T geoaddCommand
---------------- T geodistCommand
---------------- T geohashAlign52Bits
---------------- T geohashBoundingBox
---------------- T geohashCalculateAreasByShapeWGS84
---------------- T geohashCommand
---------------- T geohashDecode
---------------- T geohashDecodeAreaToLongLat
---------------- T geohashDecodeToLongLatType
---------------- T geohashDecodeToLongLatWGS84
---------------- T geohashDecodeType
---------------- T geohashDecodeWGS84
---------------- T geohashEncode
---------------- T geohashEncodeType
---------------- T geohashEncodeWGS84
---------------- T geohashEstimateStepsByRadius
---------------- T geohashGetCoordRange
---------------- T geohashGetDistance
---------------- T geohashGetDistanceIfInRadius
---------------- T geohashGetDistanceIfInRadiusWGS84
---------------- T geohashGetDistanceIfInRectangle
---------------- T geohashGetLatDistance
---------------- T geohashNeighbors
---------------- T geoposCommand
---------------- T georadiusCommand
---------------- T georadiusGeneric
---------------- T georadiusGetKeys
---------------- T georadiusbymemberCommand
---------------- T georadiusbymemberroCommand
---------------- T georadiusroCommand
---------------- T geosearchCommand
---------------- T geosearchstoreCommand
---------------- T getAbsolutePath
---------------- T getAclErrorMessage
---------------- T getAlignedPingExtSize
---------------- T getAllClientsInfoString
---------------- T getAllKeySpecsFlags
---------------- T getAofManifestAsString
---------------- T getAofManifestFileName
---------------- T getAppendOnlyFileSize
---------------- T getBaseAndIncrAppendOnlyFilesNum
---------------- T getBaseAndIncrAppendOnlyFilesSize
---------------- T getBitOffsetFromArgument
---------------- T getBitfieldTypeFromArgument
---------------- T getChannelsFromCommand
---------------- T getClientCachedKeyResult
---------------- T getClientEvictionLimit
---------------- T getClientMemoryUsage
---------------- T getClientOutputBufferMemoryUsage
---------------- T getClientPeerId
---------------- T getClientPubSubChannels
---------------- T getClientPubSubShardChannels
---------------- T getClientSockname
---------------- T getClientType
---------------- T getClientTypeByName
---------------- T getClientTypeName
---------------- T getClusterConnectionsCount
---------------- T getClusterNodesList
---------------- T getClusterSize
---------------- T getCommand
---------------- T getCommandFlags
---------------- t getConfigBindOption
---------------- t getConfigClientOutputBufferLimitOption
---------------- T getConfigDebugInfo
---------------- t getConfigDirOption
---------------- t getConfigLatencyTrackingInfoPercentilesOutputOption
---------------- t getConfigNotifyKeyspaceEventsOption
---------------- t getConfigOOMScoreAdjValuesOption
---------------- t getConfigReplicaOfOption
---------------- t getConfigSaveOption
---------------- T getCorruptedNodeIdByteString
---------------- T getDecodedObject
---------------- T getDoubleFromObject
---------------- T getDoubleFromObjectOrReply
---------------- T getExpansiveClientsInfo
---------------- T getExpire
---------------- t getF
---------------- T getFailoverStateString
---------------- T getFlushCommandFlags
---------------- T getForgottenNodeExtSize
---------------- T getGenericCommand
---------------- T getHostnamePingExtSize
---------------- T getHumanNodenamePingExtSize
---------------- T getImportingSlotSource
---------------- T getInputFileType
---------------- T getInstantaneousMetric
---------------- T getIntFromObjectOrReply
---------------- T getInternalSecretPingExtSize
---------------- T getKeySlot
---------------- T getKeysFreeResult
---------------- T getKeysFromCommand
---------------- T getKeysFromCommandWithSpecs
---------------- T getKeysPrepareResult
---------------- T getKeysSubcommand
---------------- T getKeysSubcommandImpl
---------------- T getKeysUsingKeySpecs
---------------- T getKeysUsingLegacyRangeSpec
---------------- T getLRUClock
---------------- T getLastIncrAofName
---------------- T getListPositionFromObjectOrReply
---------------- T getListensInfoString
---------------- T getLogLevel
---------------- T getLongDoubleFromObject
---------------- T getLongDoubleFromObjectOrReply
---------------- T getLongFromObjectOrReply
---------------- T getLongLongFromObject
---------------- T getLongLongFromObjectOrReply
---------------- T getMaxmemoryState
---------------- T getMemoryDoctorReport
---------------- T getMemoryOverheadData
---------------- T getMigratingSlotDest
---------------- T getModuleBoolConfig
---------------- T getModuleEnumConfig
---------------- T getModuleNumericConfig
---------------- T getModuleStringConfig
---------------- D getMonotonicUs
---------------- t getMonotonicUs_posix
---------------- t getMutableConfig
---------------- T getMyClusterId
---------------- T getMyClusterNode
---------------- T getMyShardSlotCount
---------------- T getNewBaseFileNameAndMarkPreAsHistory
---------------- T getNewIncrAofName
---------------- T getNodeByQuery
---------------- T getNodeBySlot
---------------- T getNodeDefaultClientPort
---------------- T getNormalClientPendingReplyBytes
---------------- T getObjectLength
---------------- T getObjectReadOnlyString
---------------- T getObjectTypeByName
---------------- T getObjectTypeName
---------------- t getObjectValuePtr
---------------- T getPositiveLongFromObjectOrReply
---------------- T getPsyncInitialOffset
---------------- T getRandomBytes
---------------- d getRandomBytes.counter
---------------- d getRandomBytes.seed
---------------- d getRandomBytes.seed_initialized
---------------- T getRandomHexChars
---------------- T getRangeLongFromObjectOrReply
---------------- T getReadEventFd
---------------- t getS
---------------- T getSafeInfoString
---------------- T getSentinelRedisInstanceByAddrAndRunID
---------------- T getShardIdPingExtSize
---------------- T getSignedBitfield
---------------- T getSlaveKeyWithExpireCount
---------------- T getSlotFromCommand
---------------- T getSlotOrReply
---------------- T getStringObjectFromListPosition
---------------- T getStringObjectLen
---------------- T getStringObjectSdsUsedMemory
---------------- T getTempAofManifestFileName
---------------- T getTempIncrAofName
---------------- T getTimeZone
---------------- T getTimeoutFromObjectOrReply
---------------- T getUnsignedBitfield
---------------- T getUpcomingChannelList
---------------- T getVersion
---------------- T getWriteEventFd
---------------- T get_proc_stat_ll
                 U getaddrinfo
---------------- T getbitCommand
                 U getc
                 U getcwd
---------------- T getdelCommand
                 U getenv
---------------- T getexCommand
---------------- t getfunc
---------------- t gethooktable
---------------- t getn
---------------- t getobjname
                 U getpeername
                 U getpid
---------------- T getrangeCommand
                 U getrlimit64
                 U getrusage
---------------- T getsetCommand
                 U getsockname
                 U getsockopt
                 U gettimeofday
---------------- T gf2_matrix_times_switch
---------------- t gfind_nodef
                 U glob64
                 U globfree64
---------------- t gmatch
---------------- t gmatch_aux
---------------- t growCI
---------------- T handleBlockedClientsTimeout
---------------- T handleClaimableStreamEntries
---------------- d handleClaimableStreamEntries.current_db
---------------- T handleClientReadError
---------------- T handleClientsBlockedOnKeys
---------------- d handleClientsBlockedOnKeys.in_handling_blocked_clients
---------------- T handleClientsFromIOThread
---------------- T handleClientsFromMainThread
---------------- T handleClientsWithPendingWrites
---------------- T handleDebugClusterCommand
---------------- T handleEventNotifier
---------------- T handleExpiredIdmpEntries
---------------- d handleExpiredIdmpEntries.current_db
---------------- T handleLinkIOError
---------------- T handlePauseAndResume
---------------- t handleSSLReturnCode
---------------- T hasActiveChildProcess
---------------- t hashDictMetadataBytes
---------------- D hashDictType
---------------- t hashDictWithExpireMetadataBytes
---------------- t hashDictWithExpireOnRelease
---------------- D hashFieldExpireBucketsType
---------------- T hashGetExpireMeta
---------------- T hashReplyFromListpackEntry
---------------- T hashSdsFromListpackEntry
---------------- T hashTypeAllocSize
---------------- T hashTypeConvert
---------------- T hashTypeConvertListpack
---------------- T hashTypeConvertListpackEx
---------------- T hashTypeCurrentFromHashTable
---------------- T hashTypeCurrentFromListpack
---------------- T hashTypeCurrentObject
---------------- T hashTypeCurrentObjectNewEntry
---------------- T hashTypeCurrentObjectNewSds
---------------- T hashTypeDelete
---------------- T hashTypeDup
---------------- T hashTypeExists
---------------- T hashTypeExpire
---------------- t hashTypeExpireIfNeeded
---------------- T hashTypeFree
---------------- T hashTypeGetDictMetaHFE
---------------- T hashTypeGetFromHashTable
---------------- T hashTypeGetFromListpack
---------------- T hashTypeGetMinExpire
---------------- T hashTypeGetValue
---------------- T hashTypeGetValueObject
---------------- T hashTypeInitIterator
---------------- T hashTypeIsExpired
---------------- T hashTypeIsFieldsWithExpire
---------------- T hashTypeLength
---------------- T hashTypeListpackGetLp
---------------- T hashTypeNext
---------------- T hashTypeRandomElement
---------------- T hashTypeResetIterator
---------------- T hashTypeSet
---------------- T hashTypeSetEx
---------------- T hashTypeSetExDone
---------------- T hashTypeSetExInit
---------------- T hashTypeSetExpiryHT
---------------- T hashTypeSetExpiryListpack
---------------- T hashTypeTryConversion
---------------- T hdelCommand
---------------- T hdr_add
---------------- T hdr_add_while_correcting_for_coordinated_omission
---------------- T hdr_alloc
---------------- T hdr_calculate_bucket_config
---------------- T hdr_close
---------------- T hdr_count_at_index
---------------- T hdr_count_at_value
---------------- T hdr_get_memory_size
---------------- T hdr_init
---------------- T hdr_init_preallocated
---------------- T hdr_iter_init
---------------- T hdr_iter_linear_init
---------------- T hdr_iter_linear_set_value_units_per_bucket
---------------- T hdr_iter_log_init
---------------- T hdr_iter_next
---------------- T hdr_iter_percentile_init
---------------- T hdr_iter_recorded_init
---------------- T hdr_lowest_equivalent_value
---------------- T hdr_max
---------------- T hdr_mean
---------------- T hdr_median_equivalent_value
---------------- T hdr_min
---------------- T hdr_next_non_equivalent_value
---------------- T hdr_percentiles_print
---------------- T hdr_record_corrected_value
---------------- T hdr_record_corrected_value_atomic
---------------- T hdr_record_corrected_values
---------------- T hdr_record_corrected_values_atomic
---------------- T hdr_record_value
---------------- T hdr_record_value_atomic
---------------- T hdr_record_values
---------------- T hdr_record_values_atomic
---------------- T hdr_reset
---------------- T hdr_reset_internal_counters
---------------- T hdr_size_of_equivalent_value_range
---------------- T hdr_stddev
---------------- T hdr_value_at_index
---------------- T hdr_value_at_percentile
---------------- T hdr_value_at_percentiles
---------------- T hdr_values_are_equivalent
---------------- T helloCommand
---------------- t hentryGetExpireMeta
---------------- T hex_digit_to_int
---------------- T hexistsCommand
---------------- T hexpireCommand
---------------- t hexpireGenericCommand
---------------- T hexpireatCommand
---------------- T hexpiretimeCommand
---------------- T hgetCommand
---------------- T hgetallCommand
---------------- T hgetdelCommand
---------------- T hgetexCommand
---------------- t hi_hex_digit_to_int
---------------- T hi_sdsAllocPtr
---------------- T hi_sdsAllocSize
---------------- T hi_sdsIncrLen
---------------- T hi_sdsMakeRoomFor
---------------- T hi_sdsRemoveFreeSpace
---------------- T hi_sds_free
---------------- T hi_sds_malloc
---------------- T hi_sds_realloc
---------------- T hi_sdscat
---------------- T hi_sdscatfmt
---------------- T hi_sdscatlen
---------------- T hi_sdscatprintf
---------------- T hi_sdscatrepr
---------------- T hi_sdscatsds
---------------- T hi_sdscatvprintf
---------------- T hi_sdsclear
---------------- T hi_sdscmp
---------------- T hi_sdscpy
---------------- T hi_sdscpylen
---------------- T hi_sdsdup
---------------- T hi_sdsempty
---------------- T hi_sdsfree
---------------- T hi_sdsfreesplitres
---------------- T hi_sdsfromlonglong
---------------- T hi_sdsgrowzero
---------------- T hi_sdsjoin
---------------- T hi_sdsjoinsds
---------------- T hi_sdsll2str
---------------- T hi_sdsmapchars
---------------- T hi_sdsnew
---------------- T hi_sdsnewlen
---------------- T hi_sdsrange
---------------- T hi_sdssplitargs
---------------- T hi_sdssplitlen
---------------- T hi_sdstolower
---------------- T hi_sdstoupper
---------------- T hi_sdstrim
---------------- T hi_sdsull2str
---------------- T hi_sdsupdatelen
---------------- T hincrbyCommand
---------------- T hincrbyfloatCommand
---------------- D hiredisAllocFns
---------------- T hiredisResetAllocators
---------------- T hiredisSetAllocators
---------------- T hkeysCommand
---------------- T hlenCommand
---------------- T hllAdd
---------------- T hllCount
---------------- T hllDenseAdd
---------------- T hllDenseCompress
---------------- T hllDenseCompressAVX2
---------------- T hllDenseRegHisto
---------------- T hllDenseSet
---------------- T hllMerge
---------------- T hllMergeDense
---------------- T hllMergeDenseAVX2
---------------- T hllPatLen
---------------- T hllRawRegHisto
---------------- T hllSigma
---------------- T hllSparseAdd
---------------- T hllSparseRegHisto
---------------- T hllSparseSet
---------------- T hllSparseToDense
---------------- T hllTau
---------------- T hmgetCommand
---------------- t hookf
---------------- T hotkeyStatsCreate
---------------- T hotkeyStatsPostCurrentCmd
---------------- T hotkeyStatsPreCurrentCmd
---------------- T hotkeyStatsRelease
---------------- T hotkeyStatsUpdateCurrentCmd
---------------- T hotkeysCommand
---------------- T hotkeysGetMemoryUsage
---------------- T hpersistCommand
---------------- T hpexpireCommand
---------------- T hpexpireatCommand
---------------- T hpexpiretimeCommand
---------------- T hpttlCommand
---------------- T hrandfieldCommand
---------------- t hrandfieldReplyWithListpack
---------------- T hrandfieldWithCountCommand
---------------- T hscanCommand
---------------- T hsetCommand
---------------- T hsetexCommand
---------------- T hsetnxCommand
---------------- T hstrlenCommand
---------------- T httlCommand
---------------- t httlGenericCommand
---------------- T hvalsCommand
---------------- T iAmMaster
---------------- t idmpDictHashFunction
---------------- t idmpDictKeyCompare
---------------- D idmpDictType
---------------- T idmpEntryCreate
---------------- T idmpEntryFree
---------------- T idmpProducerCreate
---------------- T idmpProducerFree
---------------- t inclinenumber
---------------- T incrCommand
---------------- T incrCommandStatsOnError
---------------- d incrCommandStatsOnError.prev_err_count
---------------- T incrDecrCommand
---------------- T incrRefCount
---------------- T incrbyCommand
---------------- T incrbyfloatCommand
---------------- T incrementErrorCount
---------------- T incrementalTrimReplicationBacklog
                 U inet_ntop
                 U inet_pton
---------------- T infoCommand
---------------- T initACLKeyResultCache
---------------- T initClientBlockingState
---------------- T initClientMultiState
---------------- T initConfigValues
---------------- T initDictExpireMetadata
---------------- T initListeners
---------------- T initObjectLRUOrLFU
---------------- T initPendingCommand
---------------- T initSentinel
---------------- T initSentinelConfig
---------------- T initServer
---------------- T initServerClientMemUsageBuckets
---------------- T initServerConfig
---------------- T initTempDb
---------------- T initThreadedIO
---------------- T init_by_array64
---------------- T init_combine_cache
---------------- T init_genrand64
---------------- T initializeSentinelConfig
---------------- T inputCatSds
---------------- T installClientWriteHandler
---------------- T instanceLinkCloseConnection
---------------- T instanceLinkConnectionError
---------------- t instanceLinkNegotiateTLS
---------------- D instancesDictType
---------------- t interleave64
---------------- T intrev16
---------------- T intrev32
---------------- T intrev64
---------------- T intsetAdd
---------------- T intsetAllocSize
---------------- T intsetBlobLen
---------------- T intsetFind
---------------- T intsetGet
---------------- T intsetLen
---------------- T intsetMax
---------------- T intsetMin
---------------- T intsetNew
---------------- T intsetRandom
---------------- T intsetRemove
---------------- T intsetValidateIntegrity
---------------- T invalidFunctionWasCalled
---------------- t invoke_callback
---------------- T ioDeferFreeRobj
---------------- t io_close
---------------- t io_fclose
---------------- t io_flush
---------------- t io_gc
---------------- t io_input
---------------- t io_lines
---------------- t io_noclose
---------------- t io_open
---------------- t io_output
---------------- t io_pclose
---------------- t io_popen
---------------- t io_read
---------------- t io_readline
---------------- t io_tmpfile
---------------- t io_tostring
---------------- t io_type
---------------- t io_write
                 U ioctl
---------------- d iolib
---------------- t ipairsaux
---------------- T isClientMustHandledByMainThread
---------------- T isClientReadErrorFatal
---------------- T isClusterHealthy
---------------- T isCommandNameValid
---------------- T isContainerCommandBySds
---------------- d isEvictionProcRunning
---------------- T isHLLObjectOrReply
---------------- T isHeavyHitter
---------------- T isInsideYieldingLongCommand
---------------- T isModuleClientUnblocked
---------------- T isModuleConfigNameRegistered
---------------- T isMutuallyExclusiveChildType
---------------- T isObjectRepresentableAsLongLong
---------------- T isPausedActions
---------------- T isPausedActionsWithUpdate
---------------- T isReadyToShutdown
---------------- T isSdsRepresentableAsLongLong
---------------- T isSlotInAsmTask
---------------- T isSlotInTrimJob
---------------- t isValidAOFdirname
---------------- t isValidAOFfilename
---------------- t isValidActiveDefrag
---------------- t isValidAnnouncedHostname
---------------- t isValidAnnouncedNodename
---------------- T isValidAuxChar
---------------- T isValidAuxString
---------------- t isValidDBfilename
---------------- t isValidProcTitleTemplate
---------------- t isValidShutdownOnSigFlags
---------------- T isWatchedKeyExpired
---------------- T is_hex_digit
                 U isatty
---------------- t iter_linear_next
---------------- T jemalloc_purge
---------------- d job_comp_pipe
---------------- t json_append_data
---------------- t json_append_number
---------------- t json_append_string
---------------- t json_arg_init
---------------- t json_cfg_decode_array_with_array_mt
---------------- t json_cfg_decode_invalid_numbers
---------------- t json_cfg_decode_max_depth
---------------- t json_cfg_encode_invalid_numbers
---------------- d json_cfg_encode_invalid_numbers.options
---------------- t json_cfg_encode_keep_buffer
---------------- t json_cfg_encode_max_depth
---------------- t json_cfg_encode_number_precision
---------------- t json_cfg_encode_sparse_array
---------------- t json_decode
---------------- t json_destroy_config
---------------- t json_encode
---------------- t json_enum_option
---------------- d json_enum_option.bool_options
---------------- t json_is_invalid_number
---------------- t json_next_number_token
---------------- t json_next_token
---------------- t json_process_value
---------------- t json_protect_conversion
---------------- d json_token_type_name
---------------- t jumponcond
---------------- d k
---------------- T keepClientInMainThread
---------------- T keyIsExpired
---------------- d keyMetaClass
---------------- T keyMetaClassCreate
---------------- T keyMetaClassDecode
---------------- t keyMetaClassLookupByName
---------------- T keyMetaClassRelease
---------------- T keyMetaGetMetadata
---------------- T keyMetaInit
---------------- T keyMetaOnAof
---------------- T keyMetaOnCopy
---------------- T keyMetaOnFree
---------------- T keyMetaOnMove
---------------- T keyMetaOnRename
---------------- T keyMetaOnUnlink
---------------- T keyMetaResetModuleValues
---------------- T keyMetaSetMetadata
---------------- T keyMetaSpecAdd
---------------- T keyMetaSpecCleanup
---------------- T keyMetaTransition
---------------- T keyModified
---------------- D keylistDictType
---------------- T keysCommand
---------------- T keyspaceEventsFlagsToString
---------------- T keyspaceEventsStringToFlags
---------------- T kickout
                 U kill
---------------- T killAppendOnlyChild
---------------- T killIOThreads
---------------- T killRDBChild
---------------- T killThreads
---------------- t kvGetKey
---------------- T kvobjAllocSize
---------------- T kvobjCommandLookup
---------------- T kvobjCommandLookupOrReply
---------------- T kvobjComputeSize
---------------- T kvobjCreate
---------------- T kvobjGetExpire
---------------- T kvobjGetKey
---------------- T kvobjMetaRef
---------------- T kvobjSet
---------------- T kvobjSetExpire
---------------- D kvstoreBaseType
---------------- T kvstoreBuckets
---------------- t kvstoreCanFreeDict
---------------- T kvstoreCreate
---------------- T kvstoreDictAddRaw
---------------- t kvstoreDictBaseMetaSize
---------------- t kvstoreDictBucketChanged
---------------- T kvstoreDictDelete
---------------- T kvstoreDictExpand
---------------- T kvstoreDictFetchValue
---------------- T kvstoreDictFind
---------------- T kvstoreDictFindLink
---------------- T kvstoreDictGetFairRandomKey
---------------- T kvstoreDictGetRandomKey
---------------- T kvstoreDictGetSomeKeys
---------------- T kvstoreDictIteratorNext
---------------- T kvstoreDictLUTDefrag
---------------- t kvstoreDictMetaBytes
---------------- t kvstoreDictRehashingCompleted
---------------- T kvstoreDictRehashingCount
---------------- t kvstoreDictRehashingStarted
---------------- T kvstoreDictScanDefrag
---------------- T kvstoreDictSetAtLink
---------------- T kvstoreDictSetKey
---------------- T kvstoreDictSetVal
---------------- T kvstoreDictSize
---------------- T kvstoreDictTwoPhaseUnlinkFind
---------------- T kvstoreDictTwoPhaseUnlinkFree
---------------- T kvstoreEmpty
---------------- D kvstoreExType
---------------- T kvstoreExpand
---------------- T kvstoreFindDictIndexByKeyIndex
---------------- T kvstoreFreeDictIfNeeded
---------------- T kvstoreGetDict
---------------- T kvstoreGetDictMeta
---------------- T kvstoreGetFairRandomDictIndex
---------------- T kvstoreGetFirstNonEmptyDictIndex
---------------- T kvstoreGetMetadata
---------------- T kvstoreGetNextNonEmptyDictIndex
---------------- T kvstoreGetStats
---------------- T kvstoreIncrementallyRehash
---------------- T kvstoreInitDictIterator
---------------- T kvstoreInitDictSafeIterator
---------------- T kvstoreIteratorGetCurrentDictIndex
---------------- T kvstoreIteratorInit
---------------- T kvstoreIteratorNext
---------------- T kvstoreIteratorNextDict
---------------- T kvstoreIteratorReset
---------------- T kvstoreMemUsage
---------------- t kvstoreMetadataBytes
---------------- T kvstoreMoveDict
---------------- T kvstoreNumAllocatedDicts
---------------- T kvstoreNumDicts
---------------- T kvstoreNumNonEmptyDicts
---------------- t kvstoreOnDictEmpty
---------------- t kvstoreOnEmpty
---------------- T kvstoreOverheadHashtableLut
---------------- T kvstoreOverheadHashtableRehashing
---------------- T kvstoreRelease
---------------- T kvstoreResetDictIterator
---------------- T kvstoreScan
---------------- T kvstoreSize
---------------- T kvstoreTryResizeDicts
---------------- t l_alloc
---------------- T lastsaveCommand
---------------- T latencyAddSample
---------------- T latencyAllCommandsFillCDF
---------------- T latencyCommand
---------------- T latencyCommandGenSparkeline
---------------- T latencyCommandReplyWithLatestEvents
---------------- T latencyCommandReplyWithSamples
---------------- T latencyMonitorInit
---------------- T latencyResetEvent
---------------- T latencySpecificCommandsFillCDF
---------------- D latencyTimeSeriesDictType
---------------- T lazyFreeErrors
---------------- T lazyFreeFunctionsCtx
---------------- T lazyFreeLuaScripts
---------------- T lazyFreeReplicationBacklogRefMem
---------------- T lazyFreeTrackingTable
---------------- T lazyfreeFreeDatabase
---------------- T lazyfreeFreeObject
---------------- T lazyfreeGetFreeEffort
---------------- T lazyfreeGetFreedObjectsCount
---------------- T lazyfreeGetPendingObjectsCount
---------------- T lazyfreeResetStats
---------------- d lazyfree_objects
---------------- d lazyfreed_objects
---------------- T lcsCommand
---------------- D lctx
---------------- T ld2string
---------------- D ldb
---------------- T ldbAddBreakpoint
---------------- T ldbBreak
---------------- T ldbCatStackValue
---------------- T ldbCatStackValueRec
---------------- T ldbDelBreakpoint
---------------- T ldbDisable
---------------- T ldbEnable
---------------- T ldbEndSession
---------------- T ldbEval
---------------- T ldbFlushLog
---------------- T ldbGetSourceLine
---------------- T ldbInit
---------------- T ldbIsBreakpoint
---------------- T ldbIsEnabled
---------------- T ldbKillForkedSessions
---------------- T ldbList
---------------- T ldbLog
---------------- T ldbLogRedisReply
---------------- T ldbLogSourceLine
---------------- T ldbLogStackValue
---------------- T ldbLogWithMaxLen
---------------- T ldbMaxlen
---------------- T ldbPendingChildren
---------------- T ldbPrint
---------------- T ldbPrintAll
---------------- T ldbRedis
---------------- T ldbRedisProtocolToHuman
---------------- T ldbRedisProtocolToHuman_Bool
---------------- T ldbRedisProtocolToHuman_Bulk
---------------- T ldbRedisProtocolToHuman_Double
---------------- T ldbRedisProtocolToHuman_Int
---------------- T ldbRedisProtocolToHuman_Map
---------------- T ldbRedisProtocolToHuman_MultiBulk
---------------- T ldbRedisProtocolToHuman_Null
---------------- T ldbRedisProtocolToHuman_Set
---------------- T ldbRedisProtocolToHuman_Status
---------------- T ldbRemoveChild
---------------- T ldbRepl
---------------- T ldbReplParseCommand
---------------- T ldbSendLogs
---------------- T ldbStartSession
---------------- T ldbTrace
                 U ldexp
---------------- D leaderVotesDictType
---------------- D librariesDictType
---------------- D libraryFunctionDictType
---------------- t libraryLink
---------------- t libraryUnlink
---------------- T lindexCommand
---------------- d line
---------------- T linkClient
---------------- T linsertCommand
---------------- T linuxMemoryWarnings
---------------- T listAddNodeHead
---------------- T listAddNodeTail
---------------- T listCreate
---------------- T listDelNode
---------------- T listDup
---------------- T listElementsRemoved
---------------- T listEmpty
---------------- T listIndex
---------------- T listInitIterator
---------------- T listInitNode
---------------- T listInsertNode
---------------- T listJoin
---------------- T listLinkNodeHead
---------------- T listLinkNodeTail
---------------- T listNext
---------------- T listPopRangeAndReplyWithKey
---------------- T listPopSaver
---------------- T listRelease
---------------- T listReleaseGeneric
---------------- T listRewind
---------------- T listRewindTail
---------------- T listRotateHeadToTail
---------------- T listRotateTailToHead
---------------- T listSearchKey
---------------- T listTypeAllocSize
---------------- T listTypeDelRange
---------------- T listTypeDelete
---------------- T listTypeDup
---------------- T listTypeEqual
---------------- T listTypeGet
---------------- T listTypeGetValue
---------------- T listTypeInitIterator
---------------- T listTypeInsert
---------------- T listTypeLength
---------------- T listTypeNext
---------------- T listTypePop
---------------- T listTypePush
---------------- T listTypeReplace
---------------- T listTypeReplaceAtIndex
---------------- T listTypeResetIterator
---------------- T listTypeSetIteratorDirection
---------------- T listTypeTryConversion
---------------- T listTypeTryConversionAppend
---------------- t listTypeTryConversionRaw
---------------- T listUnlinkNode
                 U listen
---------------- T listenToPort
---------------- T listenerByType
---------------- t listpackExAddInternal
---------------- T listpackExAddNew
---------------- T listpackExCreate
---------------- T listpackExExpire
---------------- t listpackExGetMinExpire
---------------- t listpackExUpdateExpiry
---------------- T ll2string
---------------- d ll_funcs
---------------- t ll_loadfunc
---------------- t ll_loadlib
---------------- t ll_module
---------------- t ll_require
---------------- t ll_seeall
---------------- T llenCommand
---------------- t llex
                 U llrint
                 U llroundl
---------------- T lmoveCommand
---------------- T lmoveGenericCommand
---------------- T lmoveHandlePush
---------------- T lmpopCommand
---------------- T lmpopGenericCommand
---------------- T lmpopGetKeys
---------------- T loadAppendOnlyFiles
---------------- T loadDataFromDisk
---------------- T loadModuleConfigs
---------------- T loadModuleDefaultConfigs
---------------- T loadSentinelConfigFromQueue
---------------- T loadServerConfig
---------------- T loadServerConfigFromString
---------------- T loadSingleAppendOnlyFile
---------------- d loadbuf
---------------- t loader_C
---------------- t loader_Croot
---------------- t loader_Lua
---------------- t loader_preload
---------------- T loadingAbsProgress
---------------- T loadingFireEvent
---------------- T loadingIncrProgress
---------------- T loadingSetFlags
---------------- d locale_decimal_point
                 U localeconv
                 U localtime_r
                 U log
                 U log10
---------------- T logConfigDebugInfo
---------------- T logCurrentClient
---------------- T logInvalidUseAndFreeClientAsync
---------------- T logModulesInfo
---------------- T logRegisters
---------------- T logServerInfo
---------------- T logStackContent
---------------- T logStackTrace
---------------- t log_iter_next
---------------- D loglevel_enum
---------------- T lolwut5Command
---------------- T lolwut6Command
---------------- T lolwut8Command
---------------- T lolwutCommand
---------------- T lolwutUnstableCommand
---------------- T longLatFromMember
                 U longjmp
---------------- T lookupClientByID
---------------- T lookupCommand
---------------- T lookupCommandByCString
---------------- T lookupCommandByCStringLogic
---------------- T lookupCommandBySds
---------------- T lookupCommandBySdsLogic
---------------- T lookupCommandLogic
---------------- T lookupCommandOrOriginal
---------------- T lookupKey
---------------- T lookupKeyByPattern
---------------- T lookupKeyRead
---------------- T lookupKeyReadOrReply
---------------- T lookupKeyReadWithFlags
---------------- T lookupKeyWrite
---------------- T lookupKeyWriteOrReply
---------------- T lookupKeyWriteWithFlags
---------------- T lookupKeyWriteWithLink
---------------- t lookupStringForBitCommand
---------------- T lookupSubcommand
---------------- T lpAppend
---------------- T lpAppendInteger
---------------- T lpBatchAppend
---------------- T lpBatchDelete
---------------- T lpBatchInsert
---------------- T lpBytes
---------------- T lpCompare
---------------- t lpDecodeBacklen
---------------- T lpDelete
---------------- T lpDeleteRange
---------------- T lpDeleteRangeWithEntry
---------------- T lpDup
---------------- t lpEncodeIntegerGetType
---------------- T lpEntrySizeInteger
---------------- T lpEstimateBytesRepeatedInteger
---------------- T lpFind
---------------- T lpFindCb
---------------- t lpFindCbInternal
---------------- t lpFindCmp
---------------- T lpFirst
---------------- T lpFree
---------------- T lpGet
---------------- T lpGetEdgeStreamID
---------------- t lpGetIntegerIfValid
---------------- T lpGetIntegerValue
---------------- T lpGetObject
---------------- T lpGetValue
---------------- T lpInsert
---------------- T lpInsertInteger
---------------- T lpInsertString
---------------- T lpLast
---------------- T lpLength
---------------- T lpMerge
---------------- T lpNew
---------------- T lpNext
---------------- T lpNextRandom
---------------- T lpNextWithBytes
---------------- T lpPrepend
---------------- T lpPrependInteger
---------------- T lpPrev
---------------- T lpRandomEntries
---------------- T lpRandomPair
---------------- T lpRandomPairs
---------------- T lpRandomPairsUnique
---------------- T lpReplace
---------------- T lpReplaceInteger
---------------- T lpRepr
---------------- T lpSafeToAdd
---------------- T lpSeek
---------------- T lpShrinkToFit
---------------- T lpStringToInt64
---------------- T lpValidateFirst
---------------- T lpValidateIntegrity
---------------- T lpValidateIntegrityAndDups
---------------- T lpValidateNext
---------------- T lpopCommand
---------------- T lposCommand
---------------- T lpushCommand
---------------- T lpushxCommand
---------------- T lrangeCommand
---------------- T lremCommand
                 U lseek64
---------------- T lsetCommand
                 U lstat64
---------------- T ltrimCommand
---------------- T luaA_pushobject
---------------- t luaArgsToRedisArgv
---------------- t luaB_assert
---------------- t luaB_auxwrap
---------------- t luaB_cocreate
---------------- t luaB_collectgarbage
---------------- d luaB_collectgarbage.opts
---------------- d luaB_collectgarbage.optsnum
---------------- t luaB_coresume
---------------- t luaB_corunning
---------------- t luaB_costatus
---------------- t luaB_cowrap
---------------- t luaB_dofile
---------------- t luaB_error
---------------- t luaB_gcinfo
---------------- t luaB_getfenv
---------------- t luaB_getmetatable
---------------- t luaB_ipairs
---------------- t luaB_load
---------------- t luaB_loadfile
---------------- t luaB_loadstring
---------------- t luaB_newproxy
---------------- t luaB_next
---------------- t luaB_pairs
---------------- t luaB_pcall
---------------- t luaB_print
---------------- t luaB_rawequal
---------------- t luaB_rawget
---------------- t luaB_rawset
---------------- t luaB_select
---------------- t luaB_setfenv
---------------- t luaB_setmetatable
---------------- t luaB_tonumber
---------------- t luaB_tostring
---------------- t luaB_type
---------------- t luaB_unpack
---------------- t luaB_xpcall
---------------- t luaB_yield
---------------- T luaC_barrierback
---------------- T luaC_barrierf
---------------- T luaC_callGCTM
---------------- T luaC_freeall
---------------- T luaC_fullgc
---------------- T luaC_link
---------------- T luaC_linkupval
---------------- T luaC_separateudata
---------------- T luaC_step
---------------- T luaCallFunction
---------------- T luaCreateFunction
---------------- T luaD_call
---------------- T luaD_callhook
---------------- T luaD_growstack
---------------- T luaD_pcall
---------------- T luaD_poscall
---------------- T luaD_precall
---------------- T luaD_protectedparser
---------------- T luaD_rawrunprotected
---------------- T luaD_reallocCI
---------------- T luaD_reallocstack
---------------- T luaD_seterrorobj
---------------- T luaD_throw
---------------- T luaDeleteFunction
---------------- T luaE_freethread
---------------- T luaE_newthread
---------------- t luaEngineCall
---------------- t luaEngineCreate
---------------- t luaEngineFreeCtx
---------------- t luaEngineFreeFunction
---------------- t luaEngineFunctionMemoryOverhead
---------------- t luaEngineGetUsedMemoy
---------------- T luaEngineInitEngine
---------------- t luaEngineLoadHook
---------------- t luaEngineMemoryOverhead
---------------- T luaEnvInit
---------------- T luaError
---------------- T luaErrorInformationDiscard
---------------- T luaExtractErrorInformation
---------------- T luaF_close
---------------- T luaF_findupval
---------------- T luaF_freeclosure
---------------- T luaF_freeproto
---------------- T luaF_freeupval
---------------- T luaF_getlocalname
---------------- T luaF_newCclosure
---------------- T luaF_newLclosure
---------------- T luaF_newproto
---------------- T luaF_newupval
---------------- T luaGC
---------------- T luaG_aritherror
---------------- T luaG_checkcode
---------------- T luaG_checkopenop
---------------- T luaG_concaterror
---------------- T luaG_errormsg
---------------- T luaG_ordererror
---------------- T luaG_runerror
---------------- T luaG_typeerror
---------------- T luaGetFromRegistry
---------------- T luaGetStringSds
---------------- T luaH_free
---------------- T luaH_get
---------------- T luaH_getn
---------------- T luaH_getnum
---------------- T luaH_getstr
---------------- T luaH_new
---------------- T luaH_next
---------------- T luaH_resizearray
---------------- T luaH_set
---------------- T luaH_setnum
---------------- T luaH_setstr
---------------- T luaK_checkstack
---------------- t luaK_code
---------------- T luaK_codeABC
---------------- T luaK_codeABx
---------------- T luaK_concat
---------------- T luaK_dischargevars
---------------- T luaK_exp2RK
---------------- T luaK_exp2anyreg
---------------- T luaK_exp2nextreg
---------------- T luaK_exp2val
---------------- T luaK_fixline
---------------- T luaK_getlabel
---------------- T luaK_goiftrue
---------------- T luaK_indexed
---------------- T luaK_infix
---------------- T luaK_jump
---------------- T luaK_nil
---------------- T luaK_numberK
---------------- T luaK_patchlist
---------------- T luaK_patchtohere
---------------- T luaK_posfix
---------------- T luaK_prefix
---------------- T luaK_reserveregs
---------------- T luaK_ret
---------------- T luaK_self
---------------- T luaK_setlist
---------------- T luaK_setoneret
---------------- T luaK_setreturns
---------------- T luaK_storevar
---------------- T luaK_stringK
---------------- T luaL_addlstring
---------------- T luaL_addstring
---------------- T luaL_addvalue
---------------- T luaL_argerror
---------------- T luaL_buffinit
---------------- T luaL_callmeta
---------------- T luaL_checkany
---------------- T luaL_checkinteger
---------------- T luaL_checklstring
---------------- T luaL_checknumber
---------------- T luaL_checkoption
---------------- T luaL_checkstack
---------------- T luaL_checktype
---------------- T luaL_checkudata
---------------- T luaL_error
---------------- T luaL_findtable
---------------- T luaL_getmetafield
---------------- T luaL_gsub
---------------- T luaL_loadbuffer
---------------- T luaL_loadfile
---------------- T luaL_loadstring
---------------- T luaL_newmetatable
---------------- T luaL_newstate
---------------- T luaL_openlib
---------------- T luaL_openlibs
---------------- T luaL_optinteger
---------------- T luaL_optlstring
---------------- T luaL_optnumber
---------------- T luaL_prepbuffer
---------------- T luaL_pushresult
---------------- T luaL_ref
---------------- T luaL_register
---------------- T luaL_typerror
---------------- T luaL_unref
---------------- T luaL_where
---------------- T luaLdbLineHook
---------------- t luaLogCommand
---------------- T luaM_growaux_
---------------- T luaM_realloc_
---------------- T luaM_toobig
---------------- t luaMaskCountHook
---------------- T luaMemory
---------------- t luaNewIndexAllowList
---------------- T luaO_chunkid
---------------- T luaO_fb2int
---------------- T luaO_int2fb
---------------- T luaO_log2
---------------- d luaO_log2.log_2
---------------- D luaO_nilobject_
---------------- T luaO_pushfstring
---------------- T luaO_pushvfstring
---------------- T luaO_rawequalObj
---------------- T luaO_str2d
---------------- D luaP_opmodes
---------------- D luaP_opnames
---------------- t luaProtectedTableError
---------------- T luaPushError
---------------- T luaPushErrorBuff
---------------- t luaRedisAclCheckCmdPermissionsCommand
---------------- T luaRedisBreakpointCommand
---------------- t luaRedisCallCommand
---------------- T luaRedisDebugCommand
---------------- t luaRedisErrorReplyCommand
---------------- t luaRedisGenericCommand
---------------- d luaRedisGenericCommand.inuse
---------------- t luaRedisPCallCommand
---------------- t luaRedisPcall
---------------- T luaRedisReplicateCommandsCommand
---------------- t luaRedisSetReplCommand
---------------- t luaRedisSha1hexCommand
---------------- t luaRedisStatusReplyCommand
---------------- t luaRegisterFunction
---------------- T luaRegisterLogFunction
---------------- T luaRegisterRedisAPI
---------------- T luaRegisterVersion
---------------- t luaReplyToRedisReply
---------------- T luaS_newlstr
---------------- T luaS_newudata
---------------- T luaS_resize
---------------- T luaSaveOnRegistry
---------------- T luaScriptsLRUAdd
---------------- T luaSetAllowListProtection
---------------- T luaSetErrorMetatable
---------------- t luaSetResp
---------------- T luaSetTableProtectionForBasicTypes
---------------- d luaSetTableProtectionForBasicTypes.types
---------------- T luaSetTableProtectionRecursively
---------------- T luaT_gettm
---------------- T luaT_gettmbyobj
---------------- T luaT_init
---------------- d luaT_init.luaT_eventname
---------------- D luaT_typenames
---------------- T luaU_dump
---------------- T luaU_header
---------------- T luaU_undump
---------------- T luaV_concat
---------------- T luaV_equalval
---------------- T luaV_execute
---------------- T luaV_gettable
---------------- T luaV_lessthan
---------------- T luaV_settable
---------------- T luaV_tonumber
---------------- T luaV_tostring
---------------- T luaX_init
---------------- T luaX_lexerror
---------------- T luaX_lookahead
---------------- T luaX_newstring
---------------- T luaX_next
---------------- T luaX_setinput
---------------- T luaX_syntaxerror
---------------- T luaX_token2str
---------------- D luaX_tokens
---------------- T luaY_parser
---------------- T luaZ_fill
---------------- T luaZ_init
---------------- T luaZ_lookahead
---------------- T luaZ_openspace
---------------- T luaZ_read
---------------- d lua_args_cached_objects
---------------- d lua_args_cached_objects_len
---------------- d lua_argv
---------------- d lua_argv_size
---------------- T lua_atpanic
---------------- T lua_call
---------------- T lua_checkstack
---------------- t lua_cjson_new
---------------- t lua_cjson_safe_new
---------------- T lua_close
---------------- T lua_concat
---------------- T lua_cpcall
---------------- T lua_createtable
---------------- T lua_dump
---------------- T lua_enablereadonlytable
---------------- T lua_equal
---------------- T lua_error
---------------- T lua_gc
---------------- T lua_getallocf
---------------- T lua_getfenv
---------------- T lua_getfield
---------------- T lua_gethook
---------------- T lua_gethookcount
---------------- T lua_gethookmask
---------------- T lua_getinfo
---------------- T lua_getlocal
---------------- T lua_getmetatable
---------------- T lua_getstack
---------------- T lua_gettable
---------------- T lua_gettop
---------------- T lua_getupvalue
---------------- D lua_ident
---------------- T lua_insert
---------------- T lua_iscfunction
---------------- T lua_isnumber
---------------- T lua_isreadonlytable
---------------- T lua_isstring
---------------- T lua_isuserdata
---------------- T lua_lessthan
---------------- T lua_load
---------------- T lua_newstate
---------------- T lua_newthread
---------------- T lua_newuserdata
---------------- T lua_next
---------------- T lua_objlen
---------------- T lua_pcall
---------------- T lua_pushboolean
---------------- T lua_pushcclosure
---------------- T lua_pushfstring
---------------- T lua_pushinteger
---------------- T lua_pushlightuserdata
---------------- T lua_pushlstring
---------------- T lua_pushnil
---------------- T lua_pushnumber
---------------- T lua_pushstring
---------------- T lua_pushthread
---------------- T lua_pushvalue
---------------- T lua_pushvfstring
---------------- T lua_rawequal
---------------- T lua_rawget
---------------- T lua_rawgeti
---------------- T lua_rawset
---------------- T lua_rawseti
---------------- T lua_remove
---------------- T lua_replace
---------------- T lua_resume
---------------- T lua_setallocf
---------------- T lua_setfenv
---------------- T lua_setfield
---------------- T lua_sethook
---------------- T lua_setlevel
---------------- T lua_setlocal
---------------- T lua_setmetatable
---------------- T lua_settable
---------------- T lua_settop
---------------- T lua_setupvalue
---------------- T lua_status
---------------- T lua_toboolean
---------------- T lua_tocfunction
---------------- T lua_tointeger
---------------- T lua_tolstring
---------------- T lua_tonumber
---------------- T lua_topointer
---------------- T lua_tothread
---------------- T lua_touserdata
---------------- T lua_type
---------------- T lua_typename
---------------- T lua_xmove
---------------- T lua_yield
---------------- T luaopen_base
---------------- T luaopen_bit
---------------- T luaopen_cjson
---------------- T luaopen_cjson_safe
---------------- T luaopen_cmsgpack
---------------- T luaopen_cmsgpack_safe
---------------- T luaopen_create
---------------- T luaopen_debug
---------------- T luaopen_io
---------------- T luaopen_math
---------------- T luaopen_os
---------------- T luaopen_package
---------------- T luaopen_string
---------------- T luaopen_struct
---------------- T luaopen_table
---------------- T lwCreateCanvas
---------------- T lwDrawLine
---------------- T lwDrawPixel
---------------- T lwDrawSchotter
---------------- T lwDrawSquare
---------------- T lwFreeCanvas
---------------- T lwGetPixel
---------------- T lwTranslatePixelsGroup
---------------- T lzf_compress
---------------- T lzf_decompress
---------------- T main
---------------- d mainThreadPendingClients
---------------- d mainThreadPendingClientsMutexes
---------------- d mainThreadPendingClientsNotifiers
---------------- d mainThreadPendingClientsToIOThreads
---------------- d mainThreadProcessingClients
---------------- t mainposition
---------------- T makeObjectShared
---------------- T makePath
---------------- T makeThreadKillable
                 U malloc
                 U malloc_usable_size
---------------- T manualFailoverCheckTimeout
---------------- T markClientAsPubSub
---------------- T markNodeAsFailingIfNeeded
---------------- T markRewrittenIncrAofAsHistory
---------------- t markmt
---------------- t markroot
---------------- T maskModuleConfigFlags
---------------- T maskModuleEnumConfigFlags
---------------- T maskModuleNumericConfigFlags
---------------- T masterTryPartialResynchronization
---------------- t match
---------------- T matchAclCategoryFlag
---------------- t match_class
---------------- t math_abs
---------------- t math_acos
---------------- t math_asin
---------------- t math_atan
---------------- t math_atan2
---------------- t math_ceil
---------------- t math_cos
---------------- t math_cosh
---------------- t math_deg
---------------- t math_exp
---------------- t math_floor
---------------- t math_fmod
---------------- t math_frexp
---------------- t math_ldexp
---------------- t math_log
---------------- t math_log10
---------------- t math_max
---------------- t math_min
---------------- t math_modf
---------------- t math_pow
---------------- t math_rad
---------------- t math_random
---------------- t math_randomseed
---------------- t math_sin
---------------- t math_sinh
---------------- t math_sqrt
---------------- t math_tan
---------------- t math_tanh
---------------- d mathlib
---------------- D maxmemory_policy_enum
---------------- t maxn
---------------- T membersOfAllNeighbors
---------------- T membersOfGeoHashBox
                 U memchr
                 U memcmp
---------------- T memmapchars
---------------- T memoryCommand
---------------- T mempbrk
---------------- T memrev16
---------------- T memrev32
---------------- T memrev64
---------------- T memrevifle
---------------- T memtest
---------------- T memtest_addressing
---------------- T memtest_alloc_and_test
---------------- T memtest_compare
---------------- T memtest_compare_times
---------------- T memtest_fill_random
---------------- T memtest_fill_value
---------------- T memtest_preserving_test
---------------- T memtest_progress_end
---------------- T memtest_progress_start
---------------- T memtest_progress_step
---------------- T memtest_test
---------------- T memtest_test_linux_anonymous_maps
---------------- T memtoull
---------------- T mgetCommand
---------------- D migrateCacheDictType
---------------- T migrateCloseSocket
---------------- T migrateCloseTimedoutSockets
---------------- T migrateCommand
---------------- T migrateGetKeys
---------------- T migrateGetSocket
---------------- T mixDigest
---------------- T mixStringObjectDigest
                 U mkdir
                 U mkostemp64
                 U mmap64
                 U modf
---------------- D moduleAPIDictType
---------------- T moduleAcquireGIL
---------------- T moduleAllDatatypesHandleErrors
---------------- T moduleAllModulesHandleReplAsyncLoad
---------------- T moduleAllocTempClient
---------------- T moduleAssertUnsharedString
---------------- d moduleAuthCallbacks
---------------- T moduleBlockClient
---------------- T moduleBlockedClientMayTimeout
---------------- T moduleBlockedClientTimedOut
---------------- T moduleCallClusterReceivers
---------------- T moduleCallCommandFilters
---------------- T moduleCallCommandUnblockedHandler
---------------- T moduleClientIsBlockedOnKeys
---------------- t moduleCloseKey
---------------- T moduleCommand
---------------- d moduleCommandFilters
---------------- T moduleConfigApply
---------------- T moduleConfigApplyConfig
---------------- T moduleConfigApplyInternal
---------------- T moduleConfigIteratorNext
---------------- T moduleConfigNeedsApply
---------------- T moduleConfigValidityCheck
---------------- t moduleConvertKeySpecsFlags
---------------- t moduleCopyCommandArgs
---------------- T moduleCount
---------------- T moduleCreateArgvFromUserFormat
---------------- T moduleCreateCommandProxy
---------------- T moduleCreateContext
---------------- T moduleCreateEmptyKey
---------------- T moduleDefragEnd
---------------- T moduleDefragRaxNode
---------------- T moduleDefragStart
---------------- T moduleDefragValue
---------------- T moduleDelKeyIfEmpty
---------------- d moduleEventLoopMutex
---------------- D moduleEventLoopOneShots
---------------- d moduleEventVersions
---------------- T moduleFireServerEvent
---------------- d moduleForkInfo.0
---------------- d moduleForkInfo.1
---------------- T moduleFreeArgs
---------------- T moduleFreeCommand
---------------- T moduleFreeContext
---------------- t moduleFreeKeyIterator
---------------- t moduleFreeListIterator
---------------- T moduleFreeModuleStructure
---------------- d moduleGIL
---------------- T moduleGILAfterLock
---------------- T moduleGILBeforeUnlock
---------------- T moduleGetACLLogEntryReason
---------------- T moduleGetBoolConfig
---------------- T moduleGetCommandChannelsViaAPI
---------------- T moduleGetCommandKeysViaAPI
---------------- T moduleGetConfigIterator
---------------- T moduleGetConfigType
---------------- T moduleGetEnumConfig
---------------- T moduleGetFreeEffort
---------------- T moduleGetHandleByName
---------------- T moduleGetMemUsage
---------------- T moduleGetNumericConfig
---------------- T moduleGetReplyClient
---------------- T moduleGetStringConfig
---------------- T moduleHandleBlockedClients
---------------- T moduleHasSubscribersForKeyspaceEvent
---------------- T moduleHoldsTimer
---------------- T moduleInitModulesSystem
---------------- T moduleInitModulesSystemLast
---------------- T moduleInvokeFreePrivDataCallback
---------------- T moduleIsModuleCommand
---------------- d moduleKeyspaceSubscribers
---------------- T moduleLateDefrag
---------------- T moduleListConfigMatch
---------------- T moduleListFree
---------------- T moduleListIteratorSeek
---------------- T moduleLoad
---------------- T moduleLoadFromQueue
---------------- T moduleLoadInternalModules
---------------- T moduleLoadQueueEntryFree
---------------- T moduleLoadString
---------------- T moduleLogRaw
---------------- T moduleNameFromCommand
---------------- T moduleNotifyKeyUnlink
---------------- T moduleNotifyKeyspaceEvent
---------------- T moduleNotifyUserChanged
---------------- T moduleOnLoad
---------------- t moduleParseReply
---------------- T modulePipeReadable
---------------- T modulePopulateClientInfoStructure
---------------- T modulePopulateReplicationInfoStructure
---------------- d modulePostExecUnitJobs
---------------- T modulePostExecutionUnitOperations
---------------- T moduleRDBLoadError
---------------- T moduleRegisterApi
---------------- T moduleRegisterCoreAPI
---------------- T moduleReleaseGIL
---------------- T moduleReleaseTempClient
---------------- T moduleRemoveCateogires
---------------- T moduleRemoveConfigs
---------------- T moduleReplySetCollectionLength
---------------- T moduleReplyWithCollection
---------------- t moduleScanCallback
---------------- t moduleScanKeyCallback
---------------- T moduleSetBoolConfig
---------------- T moduleSetEnumConfig
---------------- T moduleSetNumericConfig
---------------- T moduleSetStringConfig
---------------- d moduleTempClientCap
---------------- d moduleTempClientCount
---------------- d moduleTempClientMinCount
---------------- d moduleTempClients
---------------- T moduleTimerHandler
---------------- T moduleTryAcquireGIL
---------------- T moduleTryServeClientBlockedOnKey
---------------- T moduleTypeDupOrReply
---------------- T moduleTypeEncodeId
---------------- T moduleTypeLookupModuleByID
---------------- d moduleTypeLookupModuleByID.cache
---------------- T moduleTypeLookupModuleByName
---------------- T moduleTypeLookupModuleByNameIgnoreCase
---------------- T moduleTypeLookupModuleByNameInternal
---------------- T moduleTypeModuleName
---------------- T moduleTypeNameByID
---------------- T moduleUnblockClient
---------------- T moduleUnblockClientByHandle
---------------- d moduleUnblockedClients
---------------- d moduleUnblockedClientsMutex
---------------- T moduleUnload
---------------- T moduleUnregisterAuthCBs
---------------- T moduleUnregisterCleanup
---------------- T moduleUnregisterCommands
---------------- T moduleUnregisterFilters
---------------- T moduleUnregisterSharedAPI
---------------- T moduleUnregisterUsedAPI
---------------- T moduleUnsubscribeAllServerEvents
---------------- T moduleUnsubscribeNotifications
---------------- t moduleValidateCommandArgs
---------------- T moduleVerifyConfigFlags
---------------- T moduleVerifyResourceName
---------------- T moduleVerifyUnprefixedName
---------------- T moduleZsetAddFlagsFromCoreFlags
---------------- T moduleZsetAddFlagsToCoreFlags
---------------- D modules
---------------- T modulesCollectInfo
---------------- T modulesCron
---------------- D modulesDictType
---------------- T monitorCommand
---------------- T monotonicGetType
---------------- T monotonicInfoString
---------------- T monotonicInit
---------------- d monotonic_info_string
---------------- T moveCommand
---------------- t moveToNextTask
---------------- t move_next
---------------- T mp_buf_append
---------------- T mp_buf_free
---------------- T mp_buf_new
---------------- T mp_cur_init
---------------- T mp_decode_to_lua_array
---------------- T mp_decode_to_lua_hash
---------------- T mp_decode_to_lua_type
---------------- T mp_encode_array
---------------- T mp_encode_bytes
---------------- T mp_encode_double
---------------- T mp_encode_int
---------------- T mp_encode_lua_bool
---------------- T mp_encode_lua_integer
---------------- T mp_encode_lua_null
---------------- T mp_encode_lua_number
---------------- T mp_encode_lua_string
---------------- T mp_encode_lua_table
---------------- T mp_encode_lua_table_as_array
---------------- T mp_encode_lua_table_as_map
---------------- T mp_encode_lua_type
---------------- T mp_encode_map
---------------- T mp_pack
---------------- T mp_realloc
---------------- T mp_safe
---------------- T mp_unpack
---------------- T mp_unpack_full
---------------- T mp_unpack_limit
---------------- T mp_unpack_one
---------------- T mpopGenericCommand
---------------- T msetCommand
---------------- T msetGenericCommand
---------------- T msetexCommand
---------------- T msetnxCommand
---------------- T mstime
---------------- T mstrFlagsRef
---------------- T mstrFree
---------------- T mstrGetAllocPtr
---------------- T mstrGetStartAlloc
---------------- T mstrMetaRef
---------------- T mstrNew
---------------- T mstrNewCopy
---------------- T mstrNewWithMeta
---------------- T mstrPrint
---------------- T mstrlen
---------------- d mt
---------------- d mti
---------------- T multiCommand
---------------- T multiStateMemOverhead
---------------- T mustObeyClient
---------------- d my_thread_index
---------------- D myself
                 U nanosleep
---------------- t new_localvar
---------------- t newkey
---------------- d nextCommandCategory
---------------- T nextPingExt
---------------- d nextid
---------------- T nodeIp2String
---------------- T nodeUpdateAddressIfNeeded
---------------- T nolocks_localtime
---------------- T notifyKeyspaceEvent
---------------- d num_active_threads
---------------- t numericConfigGet
---------------- t numericConfigInit
---------------- t numericConfigRewrite
---------------- t numericConfigSet
---------------- t numericConfigSetInternal
---------------- D objToDictDictType
---------------- D obj_type_name
---------------- T objectCommand
---------------- D objectKeyHeapPointerValueDictType
---------------- D objectKeyPointerValueDictType
---------------- T objectSetLRUOrLFU
---------------- T objectTypeCompare
---------------- t onFieldExpire
---------------- T onMaxBatchSizeChange
---------------- D oom_score_adj_enum
                 U open64
---------------- T openChildInfoPipe
---------------- T openDirectLogFiledes
---------------- T openNewIncrAofForAppend
---------------- t open_func
                 U opendir
                 U openlog
---------------- d optimization_level
---------------- D optionSetDictType
---------------- D optionToLineDictType
---------------- t optsize
---------------- t os_clock
---------------- T overMaxmemoryAfterAlloc
---------------- d packed_threshold
---------------- t panic
---------------- t parlist
---------------- T parseExtendedExpireArgumentsOrReply
---------------- T parseExtendedStringArgumentsOrReply
---------------- t parseHashFieldExpireArgs
---------------- T parseLoadexArguments
---------------- T parseReply
---------------- T parseScanCursorOrReply
---------------- T parseSlotRangesOrReply
---------------- t patchlistaux
---------------- T pathIsBaseName
---------------- T patternHashSlot
---------------- T pauseActions
---------------- T pauseAllIOThreads
---------------- t pauseClientsByClient
---------------- T pauseIOThread
---------------- T pauseIOThreadsRange
---------------- T pelListInsertSorted
---------------- T pendingCommandPoolCron
---------------- t percentile_iter_next
---------------- T performEvictions
---------------- d performEvictions.next_db
---------------- t performInterfaceSet
---------------- T performModuleConfigSetDefaultFromName
---------------- T performModuleConfigSetFromName
                 U perror
---------------- T persistAofManifest
---------------- T persistCommand
---------------- T pexpireCommand
---------------- T pexpireatCommand
---------------- T pexpiretimeCommand
---------------- T pfaddCommand
---------------- T pfcountCommand
---------------- T pfdebugCommand
---------------- T pfmergeCommand
---------------- T pfselftestCommand
---------------- T pingCommand
                 U pipe
                 U pipe2
---------------- d pk_funcs
                 U poll
---------------- T poolAllocRelease
---------------- T popGenericCommand
---------------- T popPendingCommandFromHead
---------------- T popPendingCommandFromTail
---------------- T populateArgsStructure
---------------- T populateCommandLegacyRangeSpec
---------------- T populateCommandStructure
---------------- T populateCommandTable
                 U posix_fadvise64
---------------- T postExecutionUnitOperations
                 U pow
---------------- d powers_ten
---------------- T pqsort
                 U prctl
---------------- D preMonitorCfgName
---------------- T prefetchCommands
---------------- T prefetchCommandsBatchInit
---------------- T prefetchIOThreadCommands
---------------- d prefetchIOThreadCommands.c
---------------- T prefixmatch
---------------- T prepareClientToWrite
---------------- T prepareForNextCommand
---------------- T prepareForShutdown
---------------- T preparePingExt
---------------- T prepareReplicasToWrite
---------------- T preprocessCommand
---------------- T preventCommandAOF
---------------- T preventCommandPropagation
---------------- T preventCommandReplication
---------------- t primaryexp
---------------- T printAofStyle
---------------- T printBits
---------------- T printCrashReport
                 U printf
---------------- d priority
---------------- T processAnnotations
---------------- T processClientsFromIOThread
---------------- T processClientsFromMainThread
---------------- T processClientsOfAllIOThreads
---------------- T processClientsWaitingReplicas
---------------- T processCommand
---------------- d processCommand.last_log_time_ms
---------------- T processCommandAndResetClient
---------------- t processEncodedBufferForWrite
---------------- T processEventsWhileBlocked
---------------- T processInlineBuffer
---------------- T processInputBuffer
---------------- T processModuleLoadingProgressEvent
---------------- d processModuleLoadingProgressEvent.next_event
---------------- T processPendingCommandAndInputBuffer
---------------- T processRESP
---------------- t processSentDataInEncodedBuffer
---------------- T processUnblockedClients
                 U program_invocation_name
                 U program_invocation_short_name
---------------- D progress_full
---------------- D progress_printed
---------------- T propagateDeletion
---------------- t propagateHashFieldDeletion
---------------- t propagateNow
---------------- t propagatemark
---------------- D propagation_error_behavior_enum
---------------- T protectClient
---------------- D protected_action_enum
---------------- T psetexCommand
---------------- T psubscribeCommand
                 U pthread_attr_getstacksize
                 U pthread_attr_init
                 U pthread_attr_setstacksize
                 U pthread_cancel
                 U pthread_cond_init
                 U pthread_cond_signal
                 U pthread_cond_wait
                 U pthread_create
                 U pthread_join
                 U pthread_mutex_init
                 U pthread_mutex_lock
                 U pthread_mutex_trylock
                 U pthread_mutex_unlock
                 U pthread_mutexattr_init
                 U pthread_mutexattr_settype
                 U pthread_self
                 U pthread_setcancelstate
                 U pthread_setcanceltype
                 U pthread_setname_np
                 U pthread_sigmask
---------------- T pttlCommand
---------------- D pubSubShardType
---------------- D pubSubType
---------------- T publishCommand
---------------- T pubsubCommand
---------------- T pubsubMemOverhead
---------------- T pubsubPublishMessage
---------------- T pubsubPublishMessageAndPropagateToCluster
---------------- T pubsubPublishMessageInternal
---------------- T pubsubShardUnsubscribeAllChannelsInSlot
---------------- T pubsubSubscribeChannel
---------------- T pubsubSubscribePattern
---------------- T pubsubTotalSubscriptions
---------------- T pubsubUnsubscribeAllChannels
---------------- T pubsubUnsubscribeAllChannelsInternal
---------------- T pubsubUnsubscribeAllPatterns
---------------- T pubsubUnsubscribeChannel
---------------- T pubsubUnsubscribePattern
---------------- T pubsubUnsubscribeShardAllChannels
---------------- T punsubscribeCommand
---------------- T pushGenericCommand
---------------- t push_onecapture
---------------- t pushclosure
---------------- T putClientInPendingWriteQueue
---------------- T putReplicasInPendingClientsToIOThreads
                 U putc
                 U putchar
                 U puts
                 U qsort
---------------- T qsortCompareSetsByCardinality
---------------- T qsortCompareSetsByRevCardinality
---------------- T queueClientForReprocessing
---------------- T queueLoadModule
---------------- T queueMultiCommand
---------------- T queueSentinelConfig
---------------- T quicklistAllocSize
---------------- T quicklistAppendListpack
---------------- T quicklistAppendPlainNode
---------------- T quicklistBookmarkCreate
---------------- T quicklistBookmarkDelete
---------------- T quicklistBookmarkFind
---------------- T quicklistBookmarksClear
---------------- T quicklistCompare
---------------- T quicklistCount
---------------- T quicklistCreate
---------------- T quicklistCreateNode
---------------- T quicklistDelEntry
---------------- T quicklistDelIndex
---------------- T quicklistDelRange
---------------- T quicklistDup
---------------- T quicklistGetLzf
---------------- T quicklistInitIterator
---------------- T quicklistInitIteratorAtIdx
---------------- T quicklistInitIteratorEntryAtIdx
---------------- T quicklistInsertAfter
---------------- T quicklistInsertBefore
---------------- T quicklistNew
---------------- T quicklistNext
---------------- T quicklistNodeExceedsLimit
---------------- T quicklistNodeLimit
---------------- T quicklistPop
---------------- T quicklistPopCustom
---------------- T quicklistPush
---------------- T quicklistPushHead
---------------- T quicklistPushTail
---------------- T quicklistRelease
---------------- T quicklistReplaceAtIndex
---------------- T quicklistReplaceEntry
---------------- T quicklistRepr
---------------- T quicklistResetIterator
---------------- T quicklistRotate
---------------- T quicklistSetCompressDepth
---------------- T quicklistSetDirection
---------------- T quicklistSetFill
---------------- T quicklistSetOptions
---------------- T quicklistSetPackedThreshold
---------------- T quitCommand
                 U raise
                 U rand
                 U random
---------------- t randomEvictionShouldSkipDictIndex
---------------- T randomkeyCommand
---------------- T raxAddChild
---------------- T raxCompare
---------------- T raxCompressNode
---------------- d raxDebugMsg
---------------- T raxDebugShowNode
---------------- T raxEOF
---------------- T raxFind
---------------- T raxFindParentLink
---------------- T raxFree
---------------- T raxFreeNode
---------------- T raxFreeWithCallback
---------------- T raxFreeWithCbAndContext
---------------- T raxGenericInsert
---------------- T raxGetData
---------------- T raxInsert
---------------- T raxIteratorAddChars
---------------- T raxIteratorDelChars
---------------- T raxIteratorNextStep
---------------- T raxIteratorPrevStep
---------------- t raxLowWalk
---------------- T raxNew
---------------- T raxNewNode
---------------- T raxNewWithMetadata
---------------- T raxNext
---------------- T raxNodeRealloc
---------------- T raxPrev
---------------- T raxRandomWalk
---------------- T raxReallocForData
---------------- T raxRecursiveFree
---------------- T raxRecursiveFreeWithCtx
---------------- T raxRecursiveShow
---------------- T raxRemove
---------------- T raxRemoveChild
---------------- T raxSeek
---------------- T raxSeekGreatest
---------------- T raxSetData
---------------- T raxSetDebugMsg
---------------- T raxShow
---------------- T raxSize
---------------- T raxStart
---------------- T raxStop
---------------- T raxTouch
---------------- T raxTryInsert
---------------- t rdbChannelAbort
---------------- t rdbChannelBufferReplData
---------------- t rdbChannelFullSyncWithMaster
---------------- t rdbChannelStreamShouldContinue
---------------- t rdbChannelStreamYieldCallback
---------------- T rdbCheckError
---------------- T rdbCheckHandleCrash
---------------- T rdbCheckInfo
---------------- D rdbCheckMode
---------------- T rdbCheckSetError
---------------- T rdbCheckSetupSignals
---------------- T rdbEncodeInteger
---------------- D rdbFileBeingLoaded
---------------- T rdbFunctionLoad
---------------- T rdbGenericLoadStringObject
---------------- T rdbGenericLoadStringObjectUsable
---------------- T rdbLoad
---------------- T rdbLoadBinaryDoubleValue
---------------- T rdbLoadBinaryFloatValue
---------------- T rdbLoadCheckModuleValue
---------------- T rdbLoadDoubleValue
---------------- t rdbLoadEmptyDbFunc
---------------- T rdbLoadEncodedStringObject
---------------- T rdbLoadIntegerObject
---------------- T rdbLoadKeyMetadata
---------------- T rdbLoadLen
---------------- T rdbLoadLenByRef
---------------- T rdbLoadLzfStringObject
---------------- T rdbLoadMillisecondTime
---------------- T rdbLoadObject
---------------- T rdbLoadObjectType
---------------- T rdbLoadProgressCallback
---------------- T rdbLoadRio
---------------- T rdbLoadRioWithLoadingCtx
---------------- T rdbLoadSkipMetaIfAllowed
---------------- d rdbLoadSkipMetaIfAllowed.countDownNotice
---------------- d rdbLoadSkipMetaIfAllowed.lastRdb
---------------- T rdbLoadStreamIdmpEntries
---------------- T rdbLoadStringObject
---------------- T rdbLoadTime
---------------- T rdbLoadType
---------------- T rdbLoadWithEmptyFunc
---------------- T rdbPipeReadHandler
---------------- T rdbPipeWriteHandler
---------------- T rdbPipeWriteHandlerConnRemoved
---------------- T rdbPopulateSaveInfo
---------------- T rdbRemoveTempFile
---------------- T rdbReportError
---------------- T rdbResolveKeyType
---------------- T rdbSave
---------------- T rdbSaveAuxField
---------------- T rdbSaveAuxFieldStrInt
---------------- T rdbSaveAuxFieldStrStr
---------------- T rdbSaveBackground
---------------- T rdbSaveBinaryDoubleValue
---------------- T rdbSaveBinaryFloatValue
---------------- T rdbSaveDb
---------------- d rdbSaveDb.info_updated_time
---------------- T rdbSaveDoubleValue
---------------- T rdbSaveFunctions
---------------- T rdbSaveInfoAuxFields
---------------- t rdbSaveInternal
---------------- T rdbSaveKeyMetadata
---------------- T rdbSaveKeyValuePair
---------------- T rdbSaveLen
---------------- T rdbSaveLongLongAsStringObject
---------------- T rdbSaveLzfBlob
---------------- T rdbSaveLzfStringObject
---------------- T rdbSaveMillisecondTime
---------------- T rdbSaveModulesAux
---------------- T rdbSaveObject
---------------- T rdbSaveObjectType
---------------- T rdbSaveRawString
---------------- T rdbSaveRio
---------------- T rdbSaveRioWithEOFMark
---------------- T rdbSaveSingleModuleAux
---------------- T rdbSaveStreamConsumers
---------------- T rdbSaveStreamIdmpEntries
---------------- T rdbSaveStreamPEL
---------------- T rdbSaveStringObject
---------------- T rdbSaveToFile
---------------- T rdbSaveToSlavesSockets
---------------- T rdbSaveType
---------------- T rdbSavedObjectLen
---------------- T rdbShowGenericInfo
---------------- T rdbTryIntegerEncoding
---------------- T rdbWriteRaw
---------------- D rdb_check_doing_string
---------------- D rdb_type_string
---------------- D rdbstate
                 U read
---------------- T readArgc
---------------- T readBytes
---------------- T readChildInfo
---------------- d readChildInfo.buffer
---------------- T readLong
---------------- T readQueryFromClient
---------------- t readReplBufferErrorHandler
---------------- T readString
---------------- T readSyncBulkPayload
---------------- d readSyncBulkPayload.eofmark
---------------- d readSyncBulkPayload.lastbytes
---------------- d readSyncBulkPayload.usemark
---------------- t read_chars
---------------- t read_line
---------------- t read_long_string
---------------- t read_numeral
                 U readdir64
---------------- d reading_config_file
---------------- T readonlyCommand
---------------- T readwriteCommand
                 U realloc
---------------- t reallymarkobject
---------------- T rebaseReplicationBuffer
---------------- T receiveChildInfo
---------------- T receiveSynchronousResponse
---------------- t recfield
---------------- T reclaimFilePageCache
---------------- t recorded_iter_next
                 U recv
---------------- T redactClientCommandArgument
---------------- t redisAeAddRead
---------------- t redisAeAddWrite
---------------- t redisAeAttach
---------------- t redisAeCleanup
---------------- t redisAeDelRead
---------------- t redisAeDelWrite
---------------- t redisAeReadEvent
---------------- t redisAeWriteEvent
---------------- T redisAppendCommand
---------------- T redisAppendCommandArgv
---------------- T redisAppendFormattedCommand
---------------- T redisAsciiArt
---------------- T redisAsyncCommand
---------------- T redisAsyncCommandArgv
---------------- T redisAsyncConnect
---------------- T redisAsyncConnectBind
---------------- T redisAsyncConnectBindWithReuse
---------------- T redisAsyncConnectUnix
---------------- T redisAsyncConnectWithOptions
---------------- T redisAsyncDisconnect
---------------- T redisAsyncFormattedCommand
---------------- T redisAsyncFree
---------------- T redisAsyncHandleRead
---------------- T redisAsyncHandleTimeout
---------------- T redisAsyncHandleWrite
---------------- T redisAsyncRead
---------------- T redisAsyncSetConnectCallback
---------------- T redisAsyncSetConnectCallbackNC
---------------- T redisAsyncSetDisconnectCallback
---------------- T redisAsyncSetPushCallback
---------------- T redisAsyncSetTimeout
---------------- T redisAsyncWrite
---------------- T redisBitpos
---------------- T redisBufferRead
---------------- T redisBufferWrite
---------------- T redisBuildId
---------------- T redisBuildIdRaw
---------------- T redisBuildIdString
---------------- d redisBuildIdString.buf
---------------- d redisBuildIdString.cached
---------------- T redisCheckConnectDone
---------------- T redisCheckSocketError
---------------- T redisCommand
---------------- T redisCommandArgv
---------------- D redisCommandTable
---------------- T redisCommunicateSystemd
---------------- T redisConnect
---------------- T redisConnectBindNonBlock
---------------- T redisConnectBindNonBlockWithReuse
---------------- T redisConnectFd
---------------- T redisConnectNonBlock
---------------- T redisConnectUnix
---------------- T redisConnectUnixNonBlock
---------------- T redisConnectUnixWithTimeout
---------------- T redisConnectWithOptions
---------------- T redisConnectWithTimeout
---------------- T redisContextConnectBindTcp
---------------- T redisContextConnectTcp
---------------- T redisContextConnectUnix
---------------- d redisContextDefaultFuncs
---------------- T redisContextSetTcpUserTimeout
---------------- T redisContextSetTimeout
---------------- T redisContextUpdateCommandTimeout
---------------- T redisContextUpdateConnectTimeout
---------------- t redisContextWaitReady
---------------- T redisEnableKeepAlive
---------------- T redisEnableKeepAliveWithInterval
---------------- T redisFork
---------------- T redisFormatCommand
---------------- T redisFormatCommandArgv
---------------- T redisFormatSdsCommandArgv
---------------- T redisFree
---------------- T redisFreeCommand
---------------- T redisFreeKeepFd
---------------- T redisFreeSdsCommand
---------------- T redisGetReply
---------------- T redisGetReplyFromReader
---------------- T redisGitDirty
---------------- T redisGitSHA1
                 U redisInitiateSSL
---------------- T redisIsSupervised
---------------- T redisKeepAlive
---------------- T redisLrand48
---------------- T redisNetClose
---------------- T redisNetRead
---------------- T redisNetWrite
---------------- T redisOpArrayAppend
---------------- T redisOpArrayFree
---------------- T redisOutOfMemoryHandler
---------------- T redisPopCountAvx2
---------------- T redisPopCountAvx512
---------------- T redisPopcount
---------------- t redisPopcountAuto
---------------- t redisProcTitleGetVariable
---------------- T redisProcessCallbacks
---------------- t redisProtocolToLuaType_Array
---------------- t redisProtocolToLuaType_Attribute
---------------- t redisProtocolToLuaType_BigNumber
---------------- t redisProtocolToLuaType_Bool
---------------- t redisProtocolToLuaType_BulkString
---------------- t redisProtocolToLuaType_Double
---------------- t redisProtocolToLuaType_Error
---------------- t redisProtocolToLuaType_Int
---------------- t redisProtocolToLuaType_Map
---------------- t redisProtocolToLuaType_Null
---------------- t redisProtocolToLuaType_NullArray
---------------- t redisProtocolToLuaType_NullBulkString
---------------- t redisProtocolToLuaType_Set
---------------- t redisProtocolToLuaType_Status
---------------- t redisProtocolToLuaType_VerbatimString
---------------- t redisPushAutoFree
---------------- T redisReaderCreate
---------------- T redisReaderCreateWithFunctions
---------------- T redisReaderFeed
---------------- T redisReaderFree
---------------- T redisReaderGetReply
---------------- T redisReconnect
---------------- t redisSetBlocking
---------------- T redisSetCpuAffinity
---------------- T redisSetProcTitle
---------------- T redisSetPushCallback
---------------- T redisSetTcpNoDelay
---------------- T redisSetTcpUserTimeout
---------------- T redisSetTimeout
---------------- T redisSrand48
---------------- T redis_check_aof_main
---------------- T redis_check_rdb
---------------- d redis_check_rdb.rdb
---------------- T redis_check_rdb_main
---------------- t redis_math_random
---------------- t redis_math_randomseed
---------------- T redis_strlcat
---------------- T redis_strlcpy
---------------- D redis_tls_client_ctx
---------------- D redis_tls_ctx
---------------- T redisvAppendCommand
---------------- T redisvAsyncCommand
---------------- T redisvCommand
---------------- T redisvFormatCommand
---------------- d redisvFormatCommand.intfmts
---------------- T refreshGoodSlavesCount
---------------- T registerConfigValue
---------------- t registerSSLEvent
---------------- t rehashEntriesInBucketAtIndex
---------------- T rejectCommand
---------------- T rejectCommandFormat
---------------- T rejectCommandSds
---------------- t releaseBlockedEntry
---------------- t releaseBufReferences
---------------- T releaseInfoSectionDict
---------------- T releaseInstanceLink
---------------- T releaseSentinelAddr
---------------- T releaseSentinelRedisInstance
---------------- d reltable.bioProcessBackgroundJobs
---------------- d reltable.hookf
---------------- d reltable.sdscatHistograms
---------------- T rememberSlaveKeyWithExpire
---------------- d rememberSlaveKeyWithExpire.dt
---------------- T removeChannelsInSlot
---------------- T removeClientFromMemUsageBucket
---------------- T removeClientFromTimeoutTable
---------------- T removeConfig
---------------- T removeExpire
---------------- T removeMatchingSentinelFromMaster
---------------- T removeRDBUsedToSyncReplicas
---------------- T removeSigSegvHandlers
                 U rename
---------------- T renameCommand
---------------- T renameGenericCommand
---------------- D renamedCommandsDictType
---------------- T renamenxCommand
---------------- T replDataBufClear
---------------- T replDataBufInit
---------------- T replDataBufReadFromConn
---------------- T replDataBufStreamToDb
---------------- D repl_diskless_load_enum
---------------- T replaceClientCommandVector
---------------- T replconfCommand
---------------- T replicaFromIOThreadHasPendingRead
---------------- T replicaPutOnline
---------------- T replicaStartCommandStream
---------------- T replicaofCommand
---------------- T replicationAbortSyncTransfer
---------------- T replicationAttachToNewMaster
---------------- T replicationCacheMaster
---------------- T replicationCacheMasterUsingMyself
---------------- T replicationCheckHasMainChannel
---------------- T replicationCountAOFAcksByOffset
---------------- T replicationCountAcksByOffset
---------------- T replicationCreateMasterClient
---------------- T replicationCron
---------------- T replicationCronRunMasterClient
---------------- T replicationDiscardCachedMaster
---------------- T replicationEmptyDbCallback
---------------- T replicationFeedMonitors
---------------- T replicationFeedSlaves
---------------- T replicationFeedStreamFromMasterStream
---------------- T replicationGetSlaveName
---------------- d replicationGetSlaveName.buf
---------------- T replicationGetSlaveOffset
---------------- T replicationHandleMasterDisconnection
---------------- T replicationLogicalReplicaCount
---------------- T replicationRequestAckFromSlaves
---------------- T replicationResurrectCachedMaster
---------------- T replicationSendAck
---------------- T replicationSendNewlineToMaster
---------------- d replicationSendNewlineToMaster.newline_sent
---------------- T replicationSetMaster
---------------- T replicationSetupSlaveForFullResync
---------------- T replicationStartPendingFork
---------------- T replicationUnsetMaster
---------------- T replstateToString
---------------- T replySlotsFlushAndFree
---------------- t replyTaskStatus
---------------- T replyToBlockedClientTimedOut
---------------- T replyToClientsBlockedOnShutdown
---------------- T representClusterNodeFlags
---------------- T representSlotInfo
---------------- T reqresAppendRequest
---------------- T reqresAppendResponse
---------------- T reqresReset
---------------- T reqresSaveClientReplyOffset
---------------- T resetChildState
---------------- T resetClient
---------------- t resetClientInternal
---------------- T resetClientQbufState
---------------- T resetClusterStats
---------------- T resetCommand
---------------- T resetCommandTableStats
---------------- T resetCommandsBatch
---------------- T resetErrorTableStats
---------------- T resetManualFailover
---------------- T resetReplicationBuffer
---------------- t resetReusableQueryBuf
---------------- T resetServerSaveParams
---------------- T resetServerStats
---------------- t resize
---------------- T resizeAllIOThreadsEventLoops
---------------- T resizeReplicationBacklog
---------------- T restartServer
---------------- t restoreBackupConfig
---------------- T restoreCommand
---------------- t resume
---------------- T resumeAllIOThreads
---------------- T resumeIOThread
---------------- T resumeIOThreadsRange
---------------- T revokeClientAuthentication
---------------- T rewriteAppendOnlyFile
---------------- T rewriteAppendOnlyFileBackground
---------------- T rewriteAppendOnlyFileRio
---------------- T rewriteClientCommandArgument
---------------- T rewriteClientCommandVector
---------------- T rewriteConfig
---------------- T rewriteConfigAddLineNumberToOption
---------------- T rewriteConfigAppendLine
---------------- T rewriteConfigBindOption
---------------- T rewriteConfigBytesOption
---------------- T rewriteConfigClientOutputBufferLimitOption
---------------- T rewriteConfigCreateState
---------------- T rewriteConfigDirOption
---------------- T rewriteConfigEnumOption
---------------- T rewriteConfigFormatMemory
---------------- T rewriteConfigGetContentFromState
---------------- T rewriteConfigLatencyTrackingInfoPercentilesOutputOption
---------------- T rewriteConfigLoadmoduleOption
---------------- T rewriteConfigMarkAsProcessed
---------------- T rewriteConfigNotifyKeyspaceEventsOption
---------------- T rewriteConfigNumericalOption
---------------- T rewriteConfigOOMScoreAdjValuesOption
---------------- T rewriteConfigOctalOption
---------------- T rewriteConfigOverwriteFile
---------------- T rewriteConfigPercentOption
---------------- T rewriteConfigReadOldFile
---------------- T rewriteConfigReleaseState
---------------- T rewriteConfigRemoveOrphaned
---------------- T rewriteConfigReplicaOfOption
---------------- T rewriteConfigRewriteLine
---------------- T rewriteConfigSaveOption
---------------- T rewriteConfigSdsOption
---------------- T rewriteConfigSentinelOption
---------------- T rewriteConfigStringOption
---------------- T rewriteConfigUserOption
---------------- T rewriteConfigYesNoOption
---------------- T rewriteHashObject
---------------- T rewriteListObject
---------------- T rewriteModuleObject
---------------- T rewriteObject
---------------- d rewriteObject.cmd
---------------- d rewriteObject.cmd.148
---------------- T rewriteSetObject
---------------- T rewriteSortedSetObject
---------------- T rewriteStreamObject
---------------- t rioBufferFlush
---------------- d rioBufferIO
---------------- t rioBufferRead
---------------- t rioBufferTell
---------------- t rioBufferWrite
---------------- T rioCheckType
---------------- t rioConnFlush
---------------- d rioConnIO
---------------- t rioConnRead
---------------- t rioConnTell
---------------- t rioConnWrite
---------------- t rioConnsetFlush
---------------- d rioConnsetIO
---------------- t rioConnsetRead
---------------- t rioConnsetTell
---------------- t rioConnsetWrite
---------------- t rioFdFlush
---------------- d rioFdIO
---------------- t rioFdRead
---------------- t rioFdTell
---------------- t rioFdWrite
---------------- t rioFileFlush
---------------- d rioFileIO
---------------- t rioFileRead
---------------- t rioFileTell
---------------- t rioFileWrite
---------------- T rioFreeConn
---------------- T rioFreeConnset
---------------- T rioFreeFd
---------------- T rioGenericUpdateChecksum
---------------- T rioInitWithBuffer
---------------- T rioInitWithConn
---------------- T rioInitWithConnset
---------------- T rioInitWithFd
---------------- T rioInitWithFile
---------------- t rioRead
---------------- t rioRead.5631
---------------- T rioSetAutoSync
---------------- T rioSetReclaimCache
---------------- T rioWriteBulkCount
---------------- T rioWriteBulkDouble
---------------- T rioWriteBulkLongLong
---------------- T rioWriteBulkObject
---------------- T rioWriteBulkStreamID
---------------- T rioWriteBulkString
---------------- t rioWriteHashIteratorCursor
---------------- T rioWriteStreamEmptyConsumer
---------------- T rioWriteStreamPendingEntry
                 U rmdir
---------------- T roleCommand
---------------- T rpopCommand
---------------- T rpoplpushCommand
---------------- T rpushCommand
---------------- T rpushxCommand
---------------- T runClientCronFromIOThread
---------------- T saddCommand
---------------- d sandbox_syslib
---------------- D sanitize_dump_payload_enum
---------------- t save
---------------- T saveCommand
---------------- T scanCallback
---------------- T scanCommand
---------------- T scanDatabaseForDeletedKeys
---------------- T scanDatabaseForReadyKeys
---------------- T scanGenericCommand
---------------- t scanShouldSkipDict
---------------- T scardCommand
                 U sched_setaffinity
---------------- T scoresOfGeoHashBox
---------------- T scriptCall
---------------- t scriptCheckClusterCompatibility
---------------- T scriptCommand
---------------- T scriptCurrFunction
---------------- T scriptFlagsToCmdFlags
---------------- T scriptGetCaller
---------------- T scriptGetClient
---------------- T scriptInterrupt
---------------- T scriptIsEval
---------------- T scriptIsRunning
---------------- T scriptIsTimedout
---------------- T scriptKill
---------------- T scriptPrepareForRun
---------------- T scriptResetRun
---------------- T scriptRunDuration
---------------- T scriptSetRepl
---------------- T scriptSetResp
---------------- t scriptVerifyClusterState
---------------- t scriptVerifyOOM
---------------- T scriptingInit
---------------- T scriptingRelease
---------------- T scriptingReset
---------------- D scripts_flags_def
---------------- T sdiffCommand
---------------- T sdiffstoreCommand
---------------- T sdigits10
---------------- T sdsAllocPtr
---------------- t sdsAllocSize
---------------- T sdsCatPatternString
---------------- t sdsConfigGet
---------------- t sdsConfigInit
---------------- t sdsConfigRewrite
---------------- t sdsConfigSet
---------------- D sdsHashDictType
---------------- T sdsIncrLen
---------------- D sdsKeyValueHashDictType
---------------- T sdsMakeRoomFor
---------------- T sdsMakeRoomForNonGreedy
---------------- T sdsRemoveFreeSpace
---------------- D sdsReplyDictType
---------------- T sdsReqType
---------------- T sdsResize
---------------- T sdsZmallocSize
---------------- T sds_free
---------------- T sds_malloc
---------------- T sds_realloc
---------------- t sdsavail
---------------- T sdscat
---------------- t sdscatHistograms
---------------- T sdscatfmt
---------------- T sdscatlen
---------------- T sdscatprintf
---------------- T sdscatrepr
---------------- T sdscatsds
---------------- T sdscatvprintf
---------------- T sdsclear
---------------- T sdscmp
---------------- T sdscpy
---------------- T sdscpylen
---------------- T sdsdup
---------------- T sdsempty
---------------- T sdsfree
---------------- T sdsfreegeneric
---------------- T sdsfreesplitres
---------------- T sdsfreeusable
---------------- T sdsfromlonglong
---------------- T sdsgrowzero
---------------- T sdsjoin
---------------- T sdsjoinsds
---------------- t sdslen
---------------- t sdslen.1278
---------------- t sdslen.1833
---------------- t sdslen.1997
---------------- t sdslen.2145
---------------- t sdslen.2223
---------------- t sdslen.3207
---------------- t sdslen.4345
---------------- t sdslen.5250
---------------- t sdslen.5466
---------------- t sdslen.6728
---------------- t sdslen.7256
---------------- t sdslen.7628
---------------- t sdslen.791
---------------- t sdslen.8562
---------------- T sdsmapchars
---------------- T sdsneedsrepr
---------------- T sdsnew
---------------- T sdsnewlen
---------------- T sdsnewplacement
---------------- T sdsrange
---------------- T sdssplitargs
---------------- T sdssplitlen
---------------- T sdssubstr
---------------- T sdstemplate
---------------- T sdstolower
---------------- T sdstoupper
---------------- T sdstrim
---------------- T sdstrynewlen
---------------- T sdsupdatelen
---------------- T searchPreMonitorCfgName
---------------- T securityWarningCommand
---------------- d securityWarningCommand.logged_time
                 U select
---------------- T selectCommand
---------------- T selectDb
                 U send
---------------- T sendBulkToSlave
---------------- T sendChildCowInfo
---------------- T sendChildInfo
---------------- T sendChildInfoGeneric
---------------- d sendChildInfoGeneric.cow
---------------- d sendChildInfoGeneric.cow_update_cost
---------------- d sendChildInfoGeneric.cow_updated
---------------- d sendChildInfoGeneric.peak_cow
---------------- d sendChildInfoGeneric.sum_cow
---------------- d sendChildInfoGeneric.update_count
---------------- T sendCommand
---------------- T sendCommandArgv
---------------- T sendCommandRaw
---------------- T sendPendingClientsToIOThreads
---------------- T sendReplyToClient
---------------- T sendTrackingMessage
---------------- D sentinel
---------------- T sentinelAbortFailover
---------------- T sentinelAddrEqualsHostname
---------------- T sentinelAddrOrHostnameEqual
---------------- T sentinelAskMasterStateToOtherSentinels
---------------- T sentinelCallClientReconfScript
---------------- T sentinelCheckConfigFile
---------------- T sentinelCheckCreateInstanceErrors
---------------- T sentinelCheckObjectivelyDown
---------------- T sentinelCheckSubjectivelyDown
---------------- T sentinelCheckTiltCondition
---------------- T sentinelCollectTerminatedScripts
---------------- T sentinelCommand
---------------- T sentinelConfigGetCommand
---------------- T sentinelConfigSetCommand
---------------- d sentinelConfigSetCommand.options_dict
---------------- T sentinelDiscardReplyCallback
---------------- T sentinelDisconnectCallback
---------------- T sentinelDropConnections
---------------- T sentinelEvent
---------------- T sentinelFailoverDetectEnd
---------------- T sentinelFailoverReconfNextSlave
---------------- T sentinelFailoverSelectSlave
---------------- T sentinelFailoverSendSlaveOfNoOne
---------------- T sentinelFailoverStateMachine
---------------- T sentinelFailoverStateStr
---------------- T sentinelFailoverSwitchToPromotedSlave
---------------- T sentinelFailoverWaitPromotion
---------------- T sentinelFailoverWaitStart
---------------- T sentinelFlushConfig
---------------- t sentinelFlushConfigAndReply
---------------- T sentinelForceHelloUpdateDictOfRedisInstances
---------------- T sentinelForceHelloUpdateForMaster
---------------- T sentinelGenerateInitialMonitorEvents
---------------- T sentinelGetCurrentMasterAddress
---------------- T sentinelGetLeader
---------------- T sentinelGetMasterByName
---------------- T sentinelGetMasterByNameOrReplyError
---------------- T sentinelGetScriptListNodeByPid
---------------- T sentinelHandleConfiguration
---------------- T sentinelHandleDictOfRedisInstances
---------------- T sentinelHandleRedisInstance
---------------- T sentinelInfoCommand
---------------- d sentinelInfoCommand.cached_all_info_sections
---------------- T sentinelInfoReplyCallback
---------------- T sentinelInstanceMapCommand
---------------- T sentinelIsQuorumReachable
---------------- T sentinelIsRunning
---------------- T sentinelKillTimedoutScripts
---------------- T sentinelLeaderIncr
---------------- T sentinelLinkEstablishedCallback
---------------- T sentinelMasterLooksSane
---------------- T sentinelPendingScriptsCommand
---------------- T sentinelPingReplyCallback
---------------- T sentinelProcessHelloMessage
---------------- T sentinelPropagateDownAfterPeriod
---------------- T sentinelPublishCommand
---------------- T sentinelPublishReplyCallback
---------------- T sentinelReceiveHelloMessages
---------------- T sentinelReceiveIsMasterDownReply
---------------- T sentinelReconnectInstance
---------------- T sentinelRedisInstanceLookupSlave
---------------- T sentinelRedisInstanceNoDownFor
---------------- T sentinelRedisInstanceTypeStr
---------------- T sentinelRefreshInstanceInfo
---------------- T sentinelReleaseScriptJob
---------------- T sentinelResetMaster
---------------- T sentinelResetMasterAndChangeAddress
---------------- T sentinelResetMastersByPattern
---------------- T sentinelRoleCommand
---------------- T sentinelRunPendingScripts
---------------- T sentinelScheduleScriptExecution
---------------- T sentinelScriptRetryDelay
---------------- T sentinelSelectSlave
---------------- T sentinelSendAuthIfNeeded
---------------- T sentinelSendHello
---------------- T sentinelSendPeriodicCommands
---------------- T sentinelSendPing
---------------- T sentinelSendSlaveOf
---------------- T sentinelSetClientName
---------------- T sentinelSetCommand
---------------- T sentinelSetDebugConfigParameters
---------------- T sentinelSimFailureCrash
---------------- T sentinelStartFailover
---------------- T sentinelStartFailoverIfNeeded
---------------- T sentinelTimer
---------------- T sentinelTryConnectionSharing
---------------- T sentinelUpdateSentinelAddressInAllMasters
---------------- T sentinelVoteLeader
---------------- d sentinel_
---------------- d sentinel_ask_period
---------------- d sentinel_default_down_after
---------------- d sentinel_default_failover_timeout
---------------- d sentinel_election_timeout
---------------- d sentinel_info_period
---------------- d sentinel_min_link_reconnect_period
---------------- d sentinel_ping_period
---------------- d sentinel_publish_period
---------------- d sentinel_script_max_runtime
---------------- d sentinel_script_retry_delay
---------------- d sentinel_slave_reconf_timeout
---------------- d sentinel_tilt_period
---------------- d sentinel_tilt_trigger
---------------- D server
---------------- T serverCron
---------------- T serverLogFromHandler
---------------- T serverLogHexDump
---------------- T serverLogObjectDebugInfo
---------------- T serverLogRaw
---------------- T serverLogRawFromHandler
---------------- T serverPubsubShardSubscriptionCount
---------------- T serverPubsubSubscriptionCount
---------------- T setClusterNodeToInboundClusterLink
---------------- T setCommand
---------------- t setConfigBindOption
---------------- t setConfigClientOutputBufferLimitOption
---------------- t setConfigDirOption
---------------- t setConfigLatencyTrackingInfoPercentilesOutputOption
---------------- t setConfigNotifyKeyspaceEventsOption
---------------- t setConfigOOMScoreAdjValuesOption
---------------- t setConfigReplicaOfOption
---------------- t setConfigSaveOption
---------------- d setConfigSaveOption.save_loaded
---------------- T setDeferredAggregateLen
---------------- T setDeferredArrayLen
---------------- T setDeferredAttributeLen
---------------- T setDeferredMapLen
---------------- T setDeferredPushLen
---------------- T setDeferredReply
---------------- T setDeferredReplyBulkSds
---------------- T setDeferredReplyStreamID
---------------- T setDeferredSetLen
---------------- T setDictMetadataBytes
---------------- D setDictType
---------------- t setEntryWriteInfo
---------------- T setExpire
---------------- T setExpireByLink
---------------- T setGenericCommand
---------------- T setGetKeys
---------------- T setImplicitACLCategories
---------------- T setKey
---------------- T setKeyByLink
---------------- T setModuleBoolConfig
---------------- T setModuleEnumConfig
---------------- T setModuleNumericConfig
---------------- T setModuleStringConfig
---------------- T setNumericType
---------------- T setOOMScoreAdj
---------------- d setOOMScoreAdj.oom_score_adj_base
---------------- d setOOMScoreAdj.oom_score_adjusted_by_redis
---------------- t setProtocolError
---------------- T setSdsDestructor
---------------- T setSignedBitfield
---------------- T setTypeAdd
---------------- T setTypeAddAux
---------------- T setTypeAllocSize
---------------- T setTypeConvert
---------------- T setTypeConvertAndExpand
---------------- T setTypeCreate
---------------- T setTypeDup
---------------- T setTypeInitIterator
---------------- T setTypeIsMember
---------------- T setTypeIsMemberAux
---------------- T setTypeMaybeConvert
---------------- T setTypeNext
---------------- T setTypeNextObject
---------------- T setTypePopRandom
---------------- T setTypeRandomElement
---------------- T setTypeRemove
---------------- T setTypeRemoveAux
---------------- T setTypeResetIterator
---------------- T setTypeSize
---------------- T setUnsignedBitfield
---------------- T set_crc64_cutoffs
---------------- T set_jemalloc_bg_thread
---------------- T setbitCommand
---------------- T setcpuaffinity
                 U setenv
---------------- T setexCommand
                 U setitimer
                 U setlocale
---------------- t setn
---------------- t setnodevector
---------------- T setnxCommand
---------------- T setproctitle
---------------- T setrangeCommand
                 U setrlimit64
                 U setsid
                 U setsockopt
---------------- T setupChildSignalHandlers
---------------- T setupDebugSigHandlers
---------------- T setupSigSegvHandler
---------------- T setupSignalHandlers
                 U setvbuf
---------------- T sflushCommand
---------------- T sha1hex
---------------- T sha256_final
---------------- T sha256_init
---------------- T sha256_transform
---------------- T sha256_update
---------------- D shaScriptObjectDictType
---------------- D shared
---------------- T shiftReplicationId
---------------- T shouldFilterFromCommandList
---------------- T shouldStartChildReplication
---------------- T showLatestBacklog
---------------- T shrinkPendingCommandPool
                 U shutdown
---------------- T shutdownCommand
---------------- D shutdown_on_sig_enum
---------------- t sigKillChildHandler
---------------- t sigShutdownHandler
                 U sigaction
                 U sigaddset
---------------- T sigalrmSignalHandler
                 U sigemptyset
                 U signal
---------------- T signalDeletedKeyAsReady
---------------- T signalFlushedDb
---------------- T signalKeyAsReady
---------------- t signalKeyAsReadyLogic
---------------- d signal_handler_lock
---------------- d signal_handler_lock_attr
---------------- d signal_handler_lock_initialized
---------------- t sigsegvHandler
---------------- d simd_enabled
                 U sin
---------------- t singlestep
---------------- t singlevar
---------------- t singlevaraux
                 U sinh
---------------- T sinterCardCommand
---------------- T sinterCommand
---------------- T sinterGenericCommand
---------------- T sintercardGetKeys
---------------- T sinterstoreCommand
---------------- T siphash
---------------- T siphash_nocase
---------------- T siptlw
---------------- T sismemberCommand
---------------- t skip_sep
---------------- T slaveGetPortStr
---------------- T slaveIsInHandshakeState
---------------- D slaveKeysWithExpire
---------------- T slaveTryPartialResynchronization
                 U sleep
---------------- t slotCompare
---------------- T slotRangeArrayAppend
---------------- T slotRangeArrayContains
---------------- T slotRangeArrayCreate
---------------- T slotRangeArrayDup
---------------- T slotRangeArrayFree
---------------- T slotRangeArrayFreeGeneric
---------------- T slotRangeArrayFromString
---------------- T slotRangeArrayGetCurrentSlot
---------------- T slotRangeArrayGetIterator
---------------- T slotRangeArrayIsEqual
---------------- T slotRangeArrayIteratorFree
---------------- T slotRangeArrayNext
---------------- T slotRangeArrayNormalizeAndValidate
---------------- T slotRangeArraySet
---------------- T slotRangeArraySortAndMerge
---------------- T slotRangeArrayToString
---------------- T slotSnapshotSaveRio
---------------- t slotStatForSortAscCmp
---------------- t slotStatForSortDescCmp
---------------- T slowlogCommand
---------------- T slowlogCreateEntry
---------------- T slowlogFreeEntry
---------------- T slowlogInit
---------------- T slowlogPushCurrentCommand
---------------- T slowlogPushEntryIfNeeded
---------------- T slowlogReset
---------------- T smembersCommand
---------------- T smismemberCommand
---------------- T smoveCommand
                 U snprintf
---------------- T snprintf_async_signal_safe
                 U socket
---------------- t sort
---------------- T sortCommand
---------------- T sortCommandGeneric
---------------- T sortCompare
---------------- T sortGetKeys
---------------- T sortROGetKeys
---------------- t sort_comp
---------------- t sort_gp_asc
---------------- t sort_gp_desc
---------------- T sortroCommand
---------------- T sparklineRender
---------------- T sparklineRenderRange
---------------- T sparklineSequenceAddSample
---------------- T spopCommand
---------------- T spopWithCountCommand
                 U sprintf
---------------- T spt_clearenv
---------------- T spt_init
---------------- T spublishCommand
                 U sqrt
                 U srand
---------------- T srandmemberCommand
---------------- T srandmemberWithCountCommand
                 U srandom
---------------- T sremCommand
---------------- T sscanCommand
---------------- T ssubscribeCommand
---------------- d stacktrace_pipe
---------------- T startAppendOnly
---------------- T startAppendOnlyWithRetry
---------------- T startBgsaveForReplication
---------------- T startEvictionTimeProc
---------------- T startLoading
---------------- T startLoadingFile
---------------- T startSaving
                 U stat64
---------------- D static_configs
---------------- d statnames
                 U stderr
                 U stdin
                 U stdout
---------------- T stopAppendOnly
---------------- T stopLoading
---------------- T stopSaving
---------------- T strChildType
---------------- T strEncoding
---------------- t str_byte
---------------- t str_char
---------------- t str_dump
---------------- t str_find
---------------- t str_find_aux
---------------- t str_format
---------------- t str_gsub
---------------- t str_len
---------------- t str_lower
---------------- t str_match
---------------- t str_rep
---------------- t str_reverse
---------------- t str_sub
---------------- t str_upper
---------------- t strbuf_append_mem
---------------- T strbuf_append_string
---------------- T strbuf_free
---------------- T strbuf_free_to_string
---------------- T strbuf_init
---------------- T strbuf_new
---------------- T strbuf_resize
                 U strcasecmp
                 U strcat
                 U strchr
                 U strcmp
                 U strcoll
                 U strcspn
                 U strdup
---------------- T streamAppendItem
---------------- T streamCleanupEntryCGroupRefs
---------------- t streamClearIdmpEntries
---------------- T streamCompareID
---------------- T streamCreateCG
---------------- T streamCreateConsumer
---------------- T streamCreateNACK
---------------- T streamDecodeID
---------------- T streamDecrID
---------------- T streamDelConsumer
---------------- T streamDeleteItem
---------------- T streamDestroyCG
---------------- T streamDestroyNACK
---------------- T streamDup
---------------- T streamEncodeID
---------------- T streamEntryExists
---------------- T streamEntryIsReferenced
---------------- T streamEstimateDistanceFromFirstEverEntry
---------------- t streamFreeCG
---------------- T streamFreeCGGeneric
---------------- T streamFreeConsumer
---------------- T streamFreeConsumerGeneric
---------------- T streamFreeIdmpProducerGeneric
---------------- T streamFreeNACK
---------------- T streamFreeNACKGeneric
---------------- T streamGenericParseIDOrReply
---------------- T streamGetEdgeID
---------------- T streamIDEqZero
---------------- T streamIncrID
---------------- T streamIteratorGetField
---------------- T streamIteratorGetID
---------------- T streamIteratorRemoveEntry
---------------- T streamIteratorStart
---------------- T streamIteratorStop
---------------- T streamLastValidID
---------------- T streamLength
---------------- T streamLinkCGroupToEntry
---------------- T streamLogListpackContent
---------------- T streamLookupCG
---------------- T streamLookupConsumer
---------------- t streamLpFreeGeneric
---------------- T streamNew
---------------- T streamNextID
---------------- t streamParseAckDelArgsOrReply
---------------- t streamParseAddOrTrimArgsOrReply
---------------- T streamParseID
---------------- T streamParseIDOrReply
---------------- T streamParseIntervalIDOrReply
---------------- T streamParseStrictIDOrReply
---------------- T streamPropagateConsumerCreation
---------------- T streamPropagateGroupID
---------------- t streamPropagateXCLAIM
---------------- T streamRangeHasTombstones
---------------- T streamReplyWithCGLag
---------------- T streamReplyWithRange
---------------- T streamReplyWithRangeFromConsumerPEL
---------------- T streamRewriteApproxSpecifier
---------------- T streamRewriteTrimArgument
---------------- T streamTrim
---------------- T streamTrimByID
---------------- T streamTrimByLength
---------------- T streamTypeLookupWriteOrCreate
---------------- T streamUnlinkEntryFromCGroupRef
---------------- T streamUpdateCGroupLastId
---------------- T streamValidateListpackIntegrity
                 U strerror
                 U strftime
---------------- T string2d
---------------- T string2l
---------------- T string2ld
---------------- T string2ll
---------------- T string2ul_base16_async_signal_safe
---------------- d string2ul_base16_async_signal_safe.ascii_to_dec
---------------- T string2ull
---------------- t stringConfigGet
---------------- t stringConfigInit
---------------- t stringConfigRewrite
---------------- t stringConfigSet
---------------- T stringDigest
---------------- T stringObjectAllocSize
---------------- T stringObjectLen
---------------- D stringSetDictType
---------------- T stringmatch
---------------- T stringmatchlen
---------------- T stringmatchlen_fuzz_test
---------------- t stringmatchlen_impl
                 U strlen
---------------- T strlenCommand
---------------- d strlib
                 U strncasecmp
                 U strncat
                 U strncmp
                 U strncpy
                 U strpbrk
                 U strrchr
                 U strstr
                 U strtod
                 U strtol
                 U strtold
                 U strtoll
                 U strtoul
                 U strtoull
---------------- D subexpiresBucketsType
---------------- t subexpr
---------------- T subscribeCommand
---------------- T sunionCommand
---------------- T sunionDiffGenericCommand
---------------- T sunionstoreCommand
---------------- T sunsubscribeCommand
---------------- D supervised_mode_enum
---------------- T swapMainDbWithTempDb
---------------- T swapdbCommand
---------------- t sweeplist
---------------- t symbexec
---------------- T syncCommand
---------------- T syncRead
---------------- T syncReadLine
---------------- T syncWithMaster
---------------- d syncWithMaster.replconf_rdb_no_compress
---------------- T syncWrite
                 U sync_file_range
                 U syscall
---------------- T syscheck
                 U sysconf
                 U syslog
---------------- D syslog_facility_enum
---------------- d tab_funcs
---------------- T table_is_an_array
                 U tan
                 U tanh
---------------- t tconcat
---------------- d tempIncAofStartReplOffset
---------------- d tens
---------------- d thislib
---------------- D thread_reusable_qb
---------------- D thread_reusable_qb_used
                 U time
---------------- T timeCommand
---------------- T timeInMilliseconds
---------------- T time_independent_strcmp
                 U timezone
---------------- t tinsert
---------------- t tlsAcceptHandler
---------------- t tlsCleanup
---------------- t tlsConfigure
---------------- t tlsEventHandler
---------------- T tlsGetPeerUsername
---------------- t tlsHandleEvent
---------------- t tlsHasPendingData
---------------- t tlsInit
---------------- t tlsPasswordCallback
---------------- t tlsProcessPendingData
---------------- D tls_auth_clients_enum
---------------- D tls_client_auth_user_enum
                 U tmpfile
---------------- d to_timestamp
---------------- T totalNumberOfStatefulKeys
---------------- T touchAllWatchedKeysInDb
---------------- T touchCommand
---------------- T touchWatchedKey
---------------- T trackInstantaneousMetric
---------------- T trackStreamClaimTimeouts
---------------- T trackingBroadcastInvalidationMessages
---------------- T trackingBuildBroadcastReply
---------------- T trackingGetTotalItems
---------------- T trackingGetTotalKeys
---------------- T trackingGetTotalPrefixes
---------------- T trackingHandlePendingKeyInvalidations
---------------- T trackingInvalidateKey
---------------- T trackingInvalidateKeysOnFlush
---------------- T trackingLimitUsedSlots
---------------- d trackingLimitUsedSlots.timeout_counter
---------------- T trackingRememberKeyToBroadcast
---------------- T trackingRememberKeys
---------------- t tremove
---------------- T triggerEventNotifier
---------------- t trimACLLogEntriesToMaxLen
---------------- T trimDoubleString
---------------- T trimReplyUnusedTailSpace
---------------- T trimStringObjectIfNeeded
---------------- T trimslotsCommand
                 U truncate64
---------------- t truncateAppendOnlyFile
---------------- T tryCreateRawStringObject
---------------- T tryCreateStringObject
---------------- T tryDeferFreeClientObject
---------------- T tryObjectEncoding
---------------- T tryObjectEncodingEx
---------------- T tryPromoteAndKickout
---------------- T tryUnlinkClientFromPendingRefReply
---------------- T ttlCommand
---------------- T ttlGenericCommand
---------------- T typeCommand
                 U tzset
---------------- T uintCompare
---------------- t uintCompare.6985
---------------- T ull2string
                 U umask
                 U uname
---------------- T unbindClientFromIOThreadEventLoop
---------------- T unblockClient
---------------- T unblockClientFromModule
---------------- T unblockClientOnError
---------------- T unblockClientOnTimeout
---------------- t unblockClientWaitingData
---------------- T unblockClientWaitingReplicas
---------------- T unblockPostponedClients
---------------- T undoConnectWithMaster
                 U ungetc
                 U unlink
---------------- T unlinkClient
---------------- T unlinkCommand
---------------- T unmarkClientAsPubSub
---------------- T unpauseActions
---------------- T unprotectClient
---------------- d unsafe_info_chars
---------------- d unsafe_info_chars_substs
                 U unsetenv
---------------- T unsubscribeCommand
---------------- T unwatchAllKeys
---------------- T unwatchCommand
---------------- t updateAnnouncedHostname
---------------- t updateAnnouncedHumanNodename
---------------- t updateAofAutoGCEnabled
---------------- T updateAppendFsync
---------------- t updateAppendonly
---------------- T updateCachedTime
---------------- T updateChildInfo
---------------- T updateClientDataFromIOThread
---------------- T updateClientMemUsageAndBucket
---------------- T updateClientMemoryUsage
---------------- t updateClusterAnnouncedPort
---------------- T updateClusterFlags
---------------- T updateClusterHostname
---------------- T updateClusterHumanNodename
---------------- t updateClusterIp
---------------- T updateCommandLatencyHistogram
---------------- T updateCurIncrAofEndOffset
---------------- t updateDefragConfiguration
---------------- T updateDictResizePolicy
---------------- T updateFailoverStatus
---------------- t updateGoodSlaves
---------------- t updateHZ
---------------- t updateJemallocBgThread
---------------- T updateKeysizesHist
---------------- T updateLFU
---------------- T updateLRM
---------------- T updateLoadingFileName
---------------- t updateLocaleCollate
---------------- t updateMaxclients
---------------- d updateMaxclients.msg
---------------- t updateMaxmemory
---------------- t updateMemoryTrackingEnabled
---------------- t updateOOMScoreAdj
---------------- T updatePausedActions
---------------- T updatePeakMemory
---------------- t updatePort
---------------- t updateProcTitleTemplate
---------------- t updateReplBacklogSize
---------------- T updateReplOffsetAndResetEndOffset
---------------- T updateRequirePass
---------------- t updateSSLEvent
---------------- t updateShardId
---------------- t updateSighandlerEnabled
---------------- T updateSlavesWaitingBgsave
---------------- T updateSlotAllocSize
---------------- T updateSlotHist
---------------- T updateStatsOnUnblock
---------------- t updateWatchdogPeriod
---------------- T usage
---------------- t useDisklessLoad
---------------- d used_memory
                 U usleep
---------------- T ustime
---------------- T validateClientAttr
---------------- T validateClientName
---------------- T validateHexDigest
---------------- t validateImportSlotRanges
---------------- T validateProcTitleTemplate
---------------- T verifyClusterConfigWithData
---------------- T verifyClusterNodeId
---------------- T verifyDumpPayload
---------------- T verifyGossipSectionNodeIds
                 U vfprintf
                 U vsnprintf
---------------- T vsnprintf_async_signal_safe
---------------- T waitCommand
---------------- T waitaofCommand
                 U waitpid
---------------- T warnAboutInsecureConfig
---------------- T watchCommand
---------------- T watchForKey
---------------- T watchdogScheduleSignal
---------------- T whileBlockedCron
                 U write
---------------- T writeAofManifestFile
---------------- T writeCommandsDeniedByDiskError
---------------- T writeCommandsGetDiskErrorMessage
---------------- t writeCurrentThreadsStackTrace
---------------- T writePingExt
---------------- t writeStacktraces
---------------- T writeToClient
---------------- t writer
                 U writev
---------------- d ws
---------------- d x.0
---------------- d x.1
---------------- d x.2
---------------- T xackCommand
---------------- T xackdelCommand
---------------- T xaddCommand
---------------- T xautoclaimCommand
---------------- T xcfgsetCommand
---------------- T xclaimCommand
---------------- T xdelCommand
---------------- T xdelexCommand
---------------- T xgroupCommand
---------------- T xinfoCommand
---------------- T xinfoReplyWithStreamInfo
---------------- T xlenCommand
---------------- T xorDigest
---------------- T xorObjectDigest
---------------- T xorStringObjectDigest
---------------- T xpendingCommand
---------------- T xrangeCommand
---------------- T xrangeGenericCommand
---------------- T xreadCommand
---------------- T xreadGetKeys
---------------- T xrevrangeCommand
---------------- T xsetidCommand
---------------- T xtrimCommand
---------------- T yesnotoi
---------------- T zaddCommand
---------------- T zaddGenericCommand
---------------- T zcalloc
---------------- T zcalloc_num
---------------- T zcalloc_usable
---------------- T zcardCommand
---------------- T zcountCommand
---------------- t zdiff
---------------- T zdiffCommand
---------------- T zdiffstoreCommand
---------------- T zfree
---------------- T zfree_usable
---------------- T zincrbyCommand
---------------- T zinterCardCommand
---------------- T zinterCommand
---------------- T zinterstoreCommand
---------------- t zipEntry
---------------- t zipEntrySafe
---------------- T zipLoadInteger
---------------- T zipPrevLenByteDiff
---------------- T zipSaveInteger
---------------- T zipStoreEntryEncoding
---------------- T zipStorePrevEntryLength
---------------- T zipStorePrevEntryLengthLarge
---------------- T zipTryEncoding
---------------- T ziplistBlobLen
---------------- T ziplistCompare
---------------- T ziplistDelete
---------------- T ziplistDeleteRange
---------------- T ziplistFind
---------------- T ziplistGet
---------------- T ziplistIndex
---------------- T ziplistInsert
---------------- T ziplistLen
---------------- T ziplistMerge
---------------- T ziplistNew
---------------- T ziplistNext
---------------- T ziplistPairsConvertAndValidateIntegrity
---------------- T ziplistPrev
---------------- T ziplistPush
---------------- T ziplistRandomPair
---------------- T ziplistRandomPairs
---------------- T ziplistRandomPairsUnique
---------------- T ziplistReplace
---------------- T ziplistRepr
---------------- T ziplistResize
---------------- T ziplistSafeToAdd
---------------- T ziplistValidateIntegrity
---------------- T zipmapBlobLen
---------------- T zipmapDel
---------------- T zipmapExists
---------------- T zipmapGet
---------------- T zipmapLen
---------------- T zipmapNew
---------------- T zipmapNext
---------------- T zipmapRewind
---------------- T zipmapSet
---------------- T zipmapValidateIntegrity
---------------- T zlexcountCommand
---------------- T zlibc_free
---------------- T zmadvise_dontneed
---------------- T zmalloc
---------------- t zmalloc_default_oom
---------------- T zmalloc_get_allocator_info
---------------- T zmalloc_get_allocator_info_by_arena
---------------- T zmalloc_get_memory_size
---------------- T zmalloc_get_peak_memory
---------------- T zmalloc_get_peak_memory_time
---------------- T zmalloc_get_private_dirty
---------------- T zmalloc_get_rss
---------------- T zmalloc_get_smap_bytes_by_field
---------------- d zmalloc_oom_handler
---------------- d zmalloc_peak
---------------- d zmalloc_peak_time
---------------- T zmalloc_set_oom_handler
---------------- T zmalloc_usable
---------------- T zmalloc_used_memory
---------------- T zmpopCommand
---------------- T zmpopGenericCommand
---------------- T zmpopGetKeys
---------------- T zmscoreCommand
---------------- T zpopMinMaxCommand
---------------- T zpopmaxCommand
---------------- T zpopminCommand
---------------- T zrandmemberCommand
---------------- t zrandmemberReplyWithListpack
---------------- T zrandmemberWithCountCommand
---------------- T zrangeCommand
---------------- T zrangeGenericCommand
---------------- t zrangeResultBeginClient
---------------- t zrangeResultBeginStore
---------------- t zrangeResultEmitCBufferForStore
---------------- t zrangeResultEmitCBufferToClient
---------------- t zrangeResultEmitLongLongForStore
---------------- t zrangeResultEmitLongLongToClient
---------------- t zrangeResultFinalizeClient
---------------- t zrangeResultFinalizeStore
---------------- T zrangebylexCommand
---------------- T zrangebyscoreCommand
---------------- T zrangestoreCommand
---------------- T zrankCommand
---------------- T zrankGenericCommand
---------------- T zrealloc
---------------- T zrealloc_usable
---------------- T zremCommand
---------------- T zremrangeGenericCommand
---------------- T zremrangebylexCommand
---------------- T zremrangebyrankCommand
---------------- T zremrangebyscoreCommand
---------------- T zrevrangeCommand
---------------- T zrevrangebylexCommand
---------------- T zrevrangebyscoreCommand
---------------- T zrevrankCommand
---------------- T zscanCommand
---------------- T zscoreCommand
---------------- T zsetAdd
---------------- T zsetAllocSize
---------------- T zsetConvert
---------------- T zsetConvertAndExpand
---------------- T zsetConvertToListpackIfNeeded
---------------- T zsetDel
---------------- D zsetDictType
---------------- T zsetDup
---------------- T zsetInitLexRange
---------------- T zsetInitScoreRange
---------------- T zsetLength
---------------- T zsetRank
---------------- t zsetRemoveFromSkiplist
---------------- T zsetReplyFromListpackEntry
---------------- T zsetScore
---------------- T zsetSdsFromListpackEntry
---------------- T zsetTypeCreate
---------------- T zsetTypeMaybeConvert
---------------- T zsetTypeRandomElement
---------------- T zslAllocSize
---------------- T zslCompareWithNode
---------------- T zslCreate
---------------- t zslCreateNode
---------------- t zslDeleteRangeByLex
---------------- t zslDeleteRangeByRank
---------------- t zslDeleteRangeByScore
---------------- T zslFree
---------------- T zslFreeLexRange
---------------- T zslGetElementByRank
---------------- T zslGetNodeElement
---------------- T zslGetNodeElementForDict
---------------- T zslGetRank
---------------- T zslGetRankByNode
---------------- T zslInsert
---------------- t zslInsertNode
---------------- T zslLexValueGteMin
---------------- T zslLexValueLteMax
---------------- T zslNthInLexRange
---------------- T zslNthInRange
---------------- T zslParseLexRange
---------------- t zslParseLexRangeItem
---------------- t zslParseRange
---------------- t zslUnlinkNode
---------------- T zslValueGteMin
---------------- T zslValueLteMax
---------------- T zstrdup
---------------- T zstrdup_usable
---------------- T ztrycalloc
---------------- T ztrycalloc_usable
---------------- T ztrymalloc
---------------- T ztrymalloc_usable
---------------- T ztryrealloc
---------------- T ztryrealloc_usable
---------------- t ztryrealloc_usable_internal
---------------- T zuiBufferFromValue
---------------- T zuiClearIterator
---------------- T zuiCompareByCardinality
---------------- t zuiCompareByRevCardinality
---------------- T zuiDiscardDirtyValue
---------------- T zuiFind
---------------- T zuiInitIterator
---------------- T zuiLength
---------------- T zuiLongLongFromValue
---------------- T zuiNewSdsFromValue
---------------- T zuiNext
---------------- T zuiSdsFromValue
---------------- T zunionCommand
---------------- T zunionInterDiffGenericCommand
---------------- T zunionInterDiffGetKeys
---------------- T zunionInterDiffStoreGetKeys
---------------- T zunionstoreCommand
---------------- t zzlDeleteRangeByLex
---------------- t zzlDeleteRangeByScore
---------------- t zzlFind
---------------- T zzlFirstInLexRange
---------------- T zzlFirstInRange
---------------- T zzlGetScore
---------------- T zzlInsert
---------------- t zzlInsertAt
---------------- t zzlIsInLexRange
---------------- t zzlIsInRange
---------------- T zzlLastInLexRange
---------------- T zzlLastInRange
---------------- T zzlLexValueGteMin
---------------- T zzlLexValueLteMax
---------------- T zzlNext
---------------- T zzlPrev
