case_id,source_mode,file,line,column,message,bitcode_snippet,log_file
1,smc_typeoff,Target/Tengine/examples/common/common.h,67,36,Possible read of undefined value at,"%108 = shufflevector <2 x i64> %105, <2 x i64> poison, <2 x i32> <i32 1, i32 undef>, !dbg !1043",/home/jimi/PaperExperiment/CompilerOptimization/Result/tengine/seahorn/seahorn-O2-g/result/run_20260322_185943_fixed_fullmatrix/log/sea.smc.stats.typeoff.stderr.log
2,smc_typeoff,Target/Tengine/examples/tm_classification.c,138,26,Possible read of undefined value at,"%113 = shufflevector <2 x double> %112, <2 x double> poison, <2 x i32> <i32 1, i32 undef>, !dbg !1048",/home/jimi/PaperExperiment/CompilerOptimization/Result/tengine/seahorn/seahorn-O2-g/result/run_20260322_185943_fixed_fullmatrix/log/sea.smc.stats.typeoff.stderr.log
3,smc_typeoff,Target/Tengine/examples/common/stb_image.h,5802,15,Possible read of undefined value at,"%2424 = shufflevector <2 x i32> %2423, <2 x i32> poison, <2 x i32> <i32 1, i32 0>, !dbg !3751",/home/jimi/PaperExperiment/CompilerOptimization/Result/tengine/seahorn/seahorn-O2-g/result/run_20260322_185943_fixed_fullmatrix/log/sea.smc.stats.typeoff.stderr.log
4,smc_typeoff,Target/Tengine/examples/common/stb_image.h,3591,31,Possible read of undefined value at,"%18 = insertelement <2 x i64> poison, i64 %17, i64 0, !dbg !915",/home/jimi/PaperExperiment/CompilerOptimization/Result/tengine/seahorn/seahorn-O2-g/result/run_20260322_185943_fixed_fullmatrix/log/sea.smc.stats.typeoff.stderr.log
5,smc_typeoff,Target/Tengine/examples/common/stb_image.h,3592,32,Possible read of undefined value at,"%22 = insertelement <2 x i64> poison, i64 %21, i64 0, !dbg !921",/home/jimi/PaperExperiment/CompilerOptimization/Result/tengine/seahorn/seahorn-O2-g/result/run_20260322_185943_fixed_fullmatrix/log/sea.smc.stats.typeoff.stderr.log
6,smc_typeoff,Target/Tengine/examples/common/stb_image.h,3593,32,Possible read of undefined value at,"%26 = insertelement <2 x i64> poison, i64 %25, i64 0, !dbg !923",/home/jimi/PaperExperiment/CompilerOptimization/Result/tengine/seahorn/seahorn-O2-g/result/run_20260322_185943_fixed_fullmatrix/log/sea.smc.stats.typeoff.stderr.log
7,smc_typeoff,Target/Tengine/examples/common/stb_image.h,3410,24,Possible read of undefined value at,"%35 = insertelement <2 x i64> poison, i64 %34, i64 0, !dbg !912",/home/jimi/PaperExperiment/CompilerOptimization/Result/tengine/seahorn/seahorn-O2-g/result/run_20260322_185943_fixed_fullmatrix/log/sea.smc.stats.typeoff.stderr.log
8,smc_typeoff,Target/Tengine/examples/common/stb_image.h,3411,25,Possible read of undefined value at,"%39 = insertelement <2 x i64> poison, i64 %38, i64 0, !dbg !914",/home/jimi/PaperExperiment/CompilerOptimization/Result/tengine/seahorn/seahorn-O2-g/result/run_20260322_185943_fixed_fullmatrix/log/sea.smc.stats.typeoff.stderr.log
9,smc_typeoff,Target/Tengine/examples/common/stb_image.h,3425,24,Possible read of undefined value at,"%49 = shufflevector <8 x i16> %48, <8 x i16> poison, <8 x i32> <i32 undef, i32 0, i32 1, i32 2, i32 3, i32 4, i32 5, i32 6>, !dbg !920",/home/jimi/PaperExperiment/CompilerOptimization/Result/tengine/seahorn/seahorn-O2-g/result/run_20260322_185943_fixed_fullmatrix/log/sea.smc.stats.typeoff.stderr.log
10,smc_typeoff,Target/Tengine/examples/common/stb_image.h,3426,24,Possible read of undefined value at,"%52 = shufflevector <8 x i16> %48, <8 x i16> poison, <8 x i32> <i32 1, i32 2, i32 3, i32 4, i32 5, i32 6, i32 7, i32 undef>, !dbg !921",/home/jimi/PaperExperiment/CompilerOptimization/Result/tengine/seahorn/seahorn-O2-g/result/run_20260322_185943_fixed_fullmatrix/log/sea.smc.stats.typeoff.stderr.log
11,smc_typeoff,Target/Tengine/examples/common/stb_image.h,3514,29,Possible read of undefined value at,"%70 = insertelement <16 x i8> poison, i8 %69, i64 0, !dbg !876",/home/jimi/PaperExperiment/CompilerOptimization/Result/tengine/seahorn/seahorn-O2-g/result/run_20260322_185943_fixed_fullmatrix/log/sea.smc.stats.typeoff.stderr.log
12,smc_typeoff,Target/Tengine/examples/common/stb_image.h,3514,29,Possible read of undefined value at,"%71 = shufflevector <16 x i8> %70, <16 x i8> poison, <16 x i32> zeroinitializer, !dbg !876",/home/jimi/PaperExperiment/CompilerOptimization/Result/tengine/seahorn/seahorn-O2-g/result/run_20260322_185943_fixed_fullmatrix/log/sea.smc.stats.typeoff.stderr.log
13,smc_typeoff,Target/Tengine/examples/common/stb_image.h,1346,43,Possible read of undefined value at,"%158 = shufflevector <16 x i8> %157, <16 x i8> poison, <4 x i32> <i32 0, i32 4, i32 8, i32 12>, !dbg !978",/home/jimi/PaperExperiment/CompilerOptimization/Result/tengine/seahorn/seahorn-O2-g/result/run_20260322_185943_fixed_fullmatrix/log/sea.smc.stats.typeoff.stderr.log
14,smc_typeoff,Target/Tengine/examples/common/stb_image.h,1346,43,Possible read of undefined value at,"%159 = shufflevector <16 x i8> %157, <16 x i8> poison, <4 x i32> <i32 1, i32 5, i32 9, i32 13>, !dbg !978",/home/jimi/PaperExperiment/CompilerOptimization/Result/tengine/seahorn/seahorn-O2-g/result/run_20260322_185943_fixed_fullmatrix/log/sea.smc.stats.typeoff.stderr.log
15,smc_typeoff,Target/Tengine/examples/common/stb_image.h,1346,43,Possible read of undefined value at,"%160 = shufflevector <16 x i8> %157, <16 x i8> poison, <4 x i32> <i32 2, i32 6, i32 10, i32 14>, !dbg !978",/home/jimi/PaperExperiment/CompilerOptimization/Result/tengine/seahorn/seahorn-O2-g/result/run_20260322_185943_fixed_fullmatrix/log/sea.smc.stats.typeoff.stderr.log
16,smc_typeoff,Target/Tengine/examples/common/stb_image.h,1346,43,Possible read of undefined value at,"%161 = shufflevector <16 x i8> %157, <16 x i8> poison, <4 x i32> <i32 3, i32 7, i32 11, i32 15>, !dbg !978",/home/jimi/PaperExperiment/CompilerOptimization/Result/tengine/seahorn/seahorn-O2-g/result/run_20260322_185943_fixed_fullmatrix/log/sea.smc.stats.typeoff.stderr.log
17,smc_typeoff,Target/Tengine/examples/common/stb_image.h,1341,43,Possible read of undefined value at,"%198 = shufflevector <16 x i8> %197, <16 x i8> poison, <4 x i32> <i32 0, i32 4, i32 8, i32 12>, !dbg !1005",/home/jimi/PaperExperiment/CompilerOptimization/Result/tengine/seahorn/seahorn-O2-g/result/run_20260322_185943_fixed_fullmatrix/log/sea.smc.stats.typeoff.stderr.log
18,smc_typeoff,Target/Tengine/examples/common/stb_image.h,1341,43,Possible read of undefined value at,"%199 = shufflevector <16 x i8> %197, <16 x i8> poison, <4 x i32> <i32 1, i32 5, i32 9, i32 13>, !dbg !1005",/home/jimi/PaperExperiment/CompilerOptimization/Result/tengine/seahorn/seahorn-O2-g/result/run_20260322_185943_fixed_fullmatrix/log/sea.smc.stats.typeoff.stderr.log
19,smc_typeoff,Target/Tengine/examples/common/stb_image.h,1341,43,Possible read of undefined value at,"%200 = shufflevector <16 x i8> %197, <16 x i8> poison, <4 x i32> <i32 2, i32 6, i32 10, i32 14>, !dbg !1005",/home/jimi/PaperExperiment/CompilerOptimization/Result/tengine/seahorn/seahorn-O2-g/result/run_20260322_185943_fixed_fullmatrix/log/sea.smc.stats.typeoff.stderr.log
20,smc_typeoff,Target/Tengine/examples/common/stb_image.h,1336,43,Possible read of undefined value at,"%228 = shufflevector <12 x i8> %227, <12 x i8> poison, <4 x i32> <i32 0, i32 3, i32 6, i32 9>, !dbg !1023",/home/jimi/PaperExperiment/CompilerOptimization/Result/tengine/seahorn/seahorn-O2-g/result/run_20260322_185943_fixed_fullmatrix/log/sea.smc.stats.typeoff.stderr.log
21,smc_typeoff,Target/Tengine/examples/common/stb_image.h,1336,43,Possible read of undefined value at,"%229 = shufflevector <12 x i8> %227, <12 x i8> poison, <4 x i32> <i32 1, i32 4, i32 7, i32 10>, !dbg !1023",/home/jimi/PaperExperiment/CompilerOptimization/Result/tengine/seahorn/seahorn-O2-g/result/run_20260322_185943_fixed_fullmatrix/log/sea.smc.stats.typeoff.stderr.log
22,smc_typeoff,Target/Tengine/examples/common/stb_image.h,1336,43,Possible read of undefined value at,"%230 = shufflevector <12 x i8> %227, <12 x i8> poison, <4 x i32> <i32 2, i32 5, i32 8, i32 11>, !dbg !1023",/home/jimi/PaperExperiment/CompilerOptimization/Result/tengine/seahorn/seahorn-O2-g/result/run_20260322_185943_fixed_fullmatrix/log/sea.smc.stats.typeoff.stderr.log
23,smc_typeoff,Target/Tengine/examples/common/stb_image.h,1331,43,Possible read of undefined value at,"%263 = shufflevector <12 x i8> %262, <12 x i8> poison, <4 x i32> <i32 0, i32 3, i32 6, i32 9>, !dbg !1042",/home/jimi/PaperExperiment/CompilerOptimization/Result/tengine/seahorn/seahorn-O2-g/result/run_20260322_185943_fixed_fullmatrix/log/sea.smc.stats.typeoff.stderr.log
24,smc_typeoff,Target/Tengine/examples/common/stb_image.h,1331,43,Possible read of undefined value at,"%264 = shufflevector <12 x i8> %262, <12 x i8> poison, <4 x i32> <i32 1, i32 4, i32 7, i32 10>, !dbg !1042",/home/jimi/PaperExperiment/CompilerOptimization/Result/tengine/seahorn/seahorn-O2-g/result/run_20260322_185943_fixed_fullmatrix/log/sea.smc.stats.typeoff.stderr.log
25,smc_typeoff,Target/Tengine/examples/common/stb_image.h,1331,43,Possible read of undefined value at,"%265 = shufflevector <12 x i8> %262, <12 x i8> poison, <4 x i32> <i32 2, i32 5, i32 8, i32 11>, !dbg !1042",/home/jimi/PaperExperiment/CompilerOptimization/Result/tengine/seahorn/seahorn-O2-g/result/run_20260322_185943_fixed_fullmatrix/log/sea.smc.stats.typeoff.stderr.log
26,smc_typeoff,Target/Tengine/examples/common/stb_image.h,1311,27,Possible read of undefined value at,"%351 = shufflevector <16 x i8> %350, <16 x i8> poison, <8 x i32> <i32 0, i32 2, i32 4, i32 6, i32 8, i32 10, i32 12, i32 14>, !dbg !1103",/home/jimi/PaperExperiment/CompilerOptimization/Result/tengine/seahorn/seahorn-O2-g/result/run_20260322_185943_fixed_fullmatrix/log/sea.smc.stats.typeoff.stderr.log
27,smc_typeoff,Target/Tengine/examples/common/stb_image.h,1440,46,Possible read of undefined value at,"%183 = shufflevector <12 x i16> %182, <12 x i16> poison, <4 x i32> <i32 0, i32 3, i32 6, i32 9>, !dbg !984",/home/jimi/PaperExperiment/CompilerOptimization/Result/tengine/seahorn/seahorn-O2-g/result/run_20260322_185943_fixed_fullmatrix/log/sea.smc.stats.typeoff.stderr.log
28,smc_typeoff,Target/Tengine/examples/common/stb_image.h,1440,46,Possible read of undefined value at,"%184 = shufflevector <12 x i16> %182, <12 x i16> poison, <4 x i32> <i32 1, i32 4, i32 7, i32 10>, !dbg !984",/home/jimi/PaperExperiment/CompilerOptimization/Result/tengine/seahorn/seahorn-O2-g/result/run_20260322_185943_fixed_fullmatrix/log/sea.smc.stats.typeoff.stderr.log
29,smc_typeoff,Target/Tengine/examples/common/stb_image.h,1440,46,Possible read of undefined value at,"%185 = shufflevector <12 x i16> %182, <12 x i16> poison, <4 x i32> <i32 2, i32 5, i32 8, i32 11>, !dbg !984",/home/jimi/PaperExperiment/CompilerOptimization/Result/tengine/seahorn/seahorn-O2-g/result/run_20260322_185943_fixed_fullmatrix/log/sea.smc.stats.typeoff.stderr.log
30,smc_typeoff,Target/Tengine/examples/common/stb_image.h,1415,27,Possible read of undefined value at,"%312 = shufflevector <8 x i16> %308, <8 x i16> poison, <4 x i32> <i32 0, i32 2, i32 4, i32 6>, !dbg !1065",/home/jimi/PaperExperiment/CompilerOptimization/Result/tengine/seahorn/seahorn-O2-g/result/run_20260322_185943_fixed_fullmatrix/log/sea.smc.stats.typeoff.stderr.log
31,smc_typeoff,Target/Tengine/examples/common/stb_image.h,1415,27,Possible read of undefined value at,"%313 = shufflevector <8 x i16> %309, <8 x i16> poison, <4 x i32> <i32 0, i32 2, i32 4, i32 6>, !dbg !1065",/home/jimi/PaperExperiment/CompilerOptimization/Result/tengine/seahorn/seahorn-O2-g/result/run_20260322_185943_fixed_fullmatrix/log/sea.smc.stats.typeoff.stderr.log
32,smc_typeoff,Target/Tengine/examples/common/stb_image.h,1415,27,Possible read of undefined value at,"%314 = shufflevector <8 x i16> %310, <8 x i16> poison, <4 x i32> <i32 0, i32 2, i32 4, i32 6>, !dbg !1065",/home/jimi/PaperExperiment/CompilerOptimization/Result/tengine/seahorn/seahorn-O2-g/result/run_20260322_185943_fixed_fullmatrix/log/sea.smc.stats.typeoff.stderr.log
33,smc_typeoff,Target/Tengine/examples/common/stb_image.h,1415,27,Possible read of undefined value at,"%315 = shufflevector <8 x i16> %311, <8 x i16> poison, <4 x i32> <i32 0, i32 2, i32 4, i32 6>, !dbg !1065",/home/jimi/PaperExperiment/CompilerOptimization/Result/tengine/seahorn/seahorn-O2-g/result/run_20260322_185943_fixed_fullmatrix/log/sea.smc.stats.typeoff.stderr.log
34,smc_typeoff,Target/Tengine/examples/common/stb_image.h,5097,21,Possible read of undefined value at,"%87 = shufflevector <8 x i16> %86, <8 x i16> poison, <4 x i32> <i32 0, i32 2, i32 4, i32 6>, !dbg !896",/home/jimi/PaperExperiment/CompilerOptimization/Result/tengine/seahorn/seahorn-O2-g/result/run_20260322_185943_fixed_fullmatrix/log/sea.smc.stats.typeoff.stderr.log
35,smc_typeoff,Target/Tengine/examples/common/stb_image.h,5067,21,Possible read of undefined value at,"%98 = shufflevector <16 x i8> %97, <16 x i8> poison, <8 x i32> <i32 0, i32 2, i32 4, i32 6, i32 8, i32 10, i32 12, i32 14>, !dbg !896",/home/jimi/PaperExperiment/CompilerOptimization/Result/tengine/seahorn/seahorn-O2-g/result/run_20260322_185943_fixed_fullmatrix/log/sea.smc.stats.typeoff.stderr.log
36,smc_typeoff,Target/Tengine/examples/common/stb_image.h,3153,31,Possible read of undefined value at,"%513 = insertelement <4 x i32> poison, i32 %509, i64 0, !dbg !1373",/home/jimi/PaperExperiment/CompilerOptimization/Result/tengine/seahorn/seahorn-O2-g/result/run_20260322_185943_fixed_fullmatrix/log/sea.smc.stats.typeoff.stderr.log
37,smc_typeoff,Target/Tengine/examples/common/stb_image.h,3153,31,Possible read of undefined value at,"%521 = insertelement <4 x i32> poison, i32 %517, i64 0, !dbg !1373",/home/jimi/PaperExperiment/CompilerOptimization/Result/tengine/seahorn/seahorn-O2-g/result/run_20260322_185943_fixed_fullmatrix/log/sea.smc.stats.typeoff.stderr.log
38,smc_typeoff,Target/Tengine/examples/common/stb_image.h,3153,31,Possible read of undefined value at,"%529 = insertelement <4 x i32> poison, i32 %525, i64 0, !dbg !1373",/home/jimi/PaperExperiment/CompilerOptimization/Result/tengine/seahorn/seahorn-O2-g/result/run_20260322_185943_fixed_fullmatrix/log/sea.smc.stats.typeoff.stderr.log
39,smc_typeoff,Target/Tengine/examples/common/stb_image.h,3153,31,Possible read of undefined value at,"%537 = insertelement <4 x i32> poison, i32 %533, i64 0, !dbg !1373",/home/jimi/PaperExperiment/CompilerOptimization/Result/tengine/seahorn/seahorn-O2-g/result/run_20260322_185943_fixed_fullmatrix/log/sea.smc.stats.typeoff.stderr.log
40,smc_typeoff,Target/Tengine/examples/common/stb_image.h,3153,31,Possible read of undefined value at,"%569 = insertelement <4 x i32> poison, i32 %565, i64 0, !dbg !1373",/home/jimi/PaperExperiment/CompilerOptimization/Result/tengine/seahorn/seahorn-O2-g/result/run_20260322_185943_fixed_fullmatrix/log/sea.smc.stats.typeoff.stderr.log
41,smc_typeoff,Target/Tengine/examples/common/stb_image.h,3153,31,Possible read of undefined value at,"%577 = insertelement <4 x i32> poison, i32 %573, i64 0, !dbg !1373",/home/jimi/PaperExperiment/CompilerOptimization/Result/tengine/seahorn/seahorn-O2-g/result/run_20260322_185943_fixed_fullmatrix/log/sea.smc.stats.typeoff.stderr.log
42,smc_typeoff,Target/Tengine/examples/common/stb_image.h,3153,31,Possible read of undefined value at,"%585 = insertelement <4 x i32> poison, i32 %581, i64 0, !dbg !1373",/home/jimi/PaperExperiment/CompilerOptimization/Result/tengine/seahorn/seahorn-O2-g/result/run_20260322_185943_fixed_fullmatrix/log/sea.smc.stats.typeoff.stderr.log
43,smc_typeoff,Target/Tengine/examples/common/stb_image.h,3153,31,Possible read of undefined value at,"%593 = insertelement <4 x i32> poison, i32 %589, i64 0, !dbg !1373",/home/jimi/PaperExperiment/CompilerOptimization/Result/tengine/seahorn/seahorn-O2-g/result/run_20260322_185943_fixed_fullmatrix/log/sea.smc.stats.typeoff.stderr.log
44,smc_typeoff,Target/Tengine/examples/common/stb_image.h,0,0,Possible read of undefined value at,"%623 = insertelement <2 x i32> poison, i32 %614, i64 0, !dbg !854",/home/jimi/PaperExperiment/CompilerOptimization/Result/tengine/seahorn/seahorn-O2-g/result/run_20260322_185943_fixed_fullmatrix/log/sea.smc.stats.typeoff.stderr.log
45,smc_typeoff,Target/Tengine/examples/common/stb_image_write.h,301,12,Possible read of undefined value at,"%17 = call i32 (%struct.stbi__write_context*, i32, i32, i32, i32, i32, i32, i8*, i32, i32, i8*, ...) @stbiw__outfile(%struct.stbi__write_context* noundef nonnull %7, i32 undef, i32 undef, i32 noundef %2, i32 noundef %3, i32 noundef %4, i32 noundef 1, i8* noundef %5, i32 noundef 0, i32 noundef %12, i8* noundef getelementptr inbounds ([24 x i8], [24 x i8]* @.str.145, i64 0, i64 0), i32 noundef 66, i32 noundef 77, i32 noundef %16, i32 noundef 0, i32 noundef 0, i32 noundef 54, i32 noundef 40, i32 noundef %2, i32 noundef %3, i32 noundef 1, i32 noundef 24, i32 noundef 0, i32 noundef 0, i32 noundef 0, i32 noundef 0, i32 noundef 0, i32 noundef 0) #31, !dbg !905",/home/jimi/PaperExperiment/CompilerOptimization/Result/tengine/seahorn/seahorn-O2-g/result/run_20260322_185943_fixed_fullmatrix/log/sea.smc.stats.typeoff.stderr.log
46,smc_typeoff,Target/Tengine/examples/common/stb_image_write.h,301,12,Possible read of undefined value at,"%17 = call i32 (%struct.stbi__write_context*, i32, i32, i32, i32, i32, i32, i8*, i32, i32, i8*, ...) @stbiw__outfile(%struct.stbi__write_context* noundef nonnull %7, i32 undef, i32 undef, i32 noundef %2, i32 noundef %3, i32 noundef %4, i32 noundef 1, i8* noundef %5, i32 noundef 0, i32 noundef %12, i8* noundef getelementptr inbounds ([24 x i8], [24 x i8]* @.str.145, i64 0, i64 0), i32 noundef 66, i32 noundef 77, i32 noundef %16, i32 noundef 0, i32 noundef 0, i32 noundef 54, i32 noundef 40, i32 noundef %2, i32 noundef %3, i32 noundef 1, i32 noundef 24, i32 noundef 0, i32 noundef 0, i32 noundef 0, i32 noundef 0, i32 noundef 0, i32 noundef 0) #31, !dbg !905",/home/jimi/PaperExperiment/CompilerOptimization/Result/tengine/seahorn/seahorn-O2-g/result/run_20260322_185943_fixed_fullmatrix/log/sea.smc.stats.typeoff.stderr.log
47,smc_typeoff,Target/Tengine/examples/common/stb_image_write.h,301,12,Possible read of undefined value at,"%20 = call i32 (%struct.stbi__write_context*, i32, i32, i32, i32, i32, i32, i8*, i32, i32, i8*, ...) @stbiw__outfile(%struct.stbi__write_context* noundef nonnull %6, i32 undef, i32 undef, i32 noundef %1, i32 noundef %2, i32 noundef %3, i32 noundef 1, i8* noundef %4, i32 noundef 0, i32 noundef %15, i8* noundef getelementptr inbounds ([24 x i8], [24 x i8]* @.str.145, i64 0, i64 0), i32 noundef 66, i32 noundef 77, i32 noundef %19, i32 noundef 0, i32 noundef 0, i32 noundef 54, i32 noundef 40, i32 noundef %1, i32 noundef %2, i32 noundef 1, i32 noundef 24, i32 noundef 0, i32 noundef 0, i32 noundef 0, i32 noundef 0, i32 noundef 0, i32 noundef 0) #31, !dbg !919",/home/jimi/PaperExperiment/CompilerOptimization/Result/tengine/seahorn/seahorn-O2-g/result/run_20260322_185943_fixed_fullmatrix/log/sea.smc.stats.typeoff.stderr.log
48,smc_typeoff,Target/Tengine/examples/common/stb_image_write.h,301,12,Possible read of undefined value at,"%20 = call i32 (%struct.stbi__write_context*, i32, i32, i32, i32, i32, i32, i8*, i32, i32, i8*, ...) @stbiw__outfile(%struct.stbi__write_context* noundef nonnull %6, i32 undef, i32 undef, i32 noundef %1, i32 noundef %2, i32 noundef %3, i32 noundef 1, i8* noundef %4, i32 noundef 0, i32 noundef %15, i8* noundef getelementptr inbounds ([24 x i8], [24 x i8]* @.str.145, i64 0, i64 0), i32 noundef 66, i32 noundef 77, i32 noundef %19, i32 noundef 0, i32 noundef 0, i32 noundef 54, i32 noundef 40, i32 noundef %1, i32 noundef %2, i32 noundef 1, i32 noundef 24, i32 noundef 0, i32 noundef 0, i32 noundef 0, i32 noundef 0, i32 noundef 0, i32 noundef 0) #31, !dbg !919",/home/jimi/PaperExperiment/CompilerOptimization/Result/tengine/seahorn/seahorn-O2-g/result/run_20260322_185943_fixed_fullmatrix/log/sea.smc.stats.typeoff.stderr.log
49,smc_typeoff,Target/Tengine/examples/common/stb_image_write.h,341,16,Possible read of undefined value at,"%25 = tail call i32 (%struct.stbi__write_context*, i32, i32, i32, i32, i32, i32, i8*, i32, i32, i8*, ...) @stbiw__outfile(%struct.stbi__write_context* noundef %0, i32 undef, i32 undef, i32 noundef %1, i32 noundef %2, i32 noundef %3, i32 noundef 0, i8* noundef %4, i32 noundef %11, i32 noundef 0, i8* noundef getelementptr inbounds ([16 x i8], [16 x i8]* @.str.146, i64 0, i64 0), i32 noundef 0, i32 noundef 0, i32 noundef %15, i32 noundef 0, i32 noundef 0, i32 noundef 0, i32 noundef 0, i32 noundef 0, i32 noundef %1, i32 noundef %2, i32 noundef %23, i32 noundef %24), !dbg !911",/home/jimi/PaperExperiment/CompilerOptimization/Result/tengine/seahorn/seahorn-O2-g/result/run_20260322_185943_fixed_fullmatrix/log/sea.smc.stats.typeoff.stderr.log
50,smc_typeoff,Target/Tengine/examples/common/stb_image_write.h,341,16,Possible read of undefined value at,"%25 = tail call i32 (%struct.stbi__write_context*, i32, i32, i32, i32, i32, i32, i8*, i32, i32, i8*, ...) @stbiw__outfile(%struct.stbi__write_context* noundef %0, i32 undef, i32 undef, i32 noundef %1, i32 noundef %2, i32 noundef %3, i32 noundef 0, i8* noundef %4, i32 noundef %11, i32 noundef 0, i8* noundef getelementptr inbounds ([16 x i8], [16 x i8]* @.str.146, i64 0, i64 0), i32 noundef 0, i32 noundef 0, i32 noundef %15, i32 noundef 0, i32 noundef 0, i32 noundef 0, i32 noundef 0, i32 noundef 0, i32 noundef %1, i32 noundef %2, i32 noundef %23, i32 noundef %24), !dbg !911",/home/jimi/PaperExperiment/CompilerOptimization/Result/tengine/seahorn/seahorn-O2-g/result/run_20260322_185943_fixed_fullmatrix/log/sea.smc.stats.typeoff.stderr.log
51,smc_typeoff,Target/Tengine/examples/common/stb_image_write.h,349,9,Possible read of undefined value at,"tail call void (%struct.stbi__write_context*, i8*, ...) @stbiw__writef(%struct.stbi__write_context* noundef %0, i8* undef, i32 noundef 0, i32 noundef 0, i32 noundef %27, i32 noundef 0, i32 noundef 0, i32 noundef 0, i32 noundef 0, i32 noundef 0, i32 noundef %1, i32 noundef %2, i32 noundef %29, i32 noundef %30), !dbg !917",/home/jimi/PaperExperiment/CompilerOptimization/Result/tengine/seahorn/seahorn-O2-g/result/run_20260322_185943_fixed_fullmatrix/log/sea.smc.stats.typeoff.stderr.log
52,smc_typeoff,Target/Tengine/examples/common/stb_image_write.h,1408,9,Possible read of undefined value at,"%90 = insertelement <8 x float> poison, float %89, i64 0, !dbg !899",/home/jimi/PaperExperiment/CompilerOptimization/Result/tengine/seahorn/seahorn-O2-g/result/run_20260322_185943_fixed_fullmatrix/log/sea.smc.stats.typeoff.stderr.log
53,smc_typeoff,Target/Tengine/examples/common/stb_image_write.h,1408,9,Possible read of undefined value at,"%91 = shufflevector <8 x float> %90, <8 x float> poison, <8 x i32> zeroinitializer, !dbg !899",/home/jimi/PaperExperiment/CompilerOptimization/Result/tengine/seahorn/seahorn-O2-g/result/run_20260322_185943_fixed_fullmatrix/log/sea.smc.stats.typeoff.stderr.log
54,smc_typeoff,Target/Tengine/examples/common/stb_image_write.h,1408,32,Possible read of undefined value at,"%140 = insertelement <8 x i8> poison, i8 %132, i64 0, !dbg !906",/home/jimi/PaperExperiment/CompilerOptimization/Result/tengine/seahorn/seahorn-O2-g/result/run_20260322_185943_fixed_fullmatrix/log/sea.smc.stats.typeoff.stderr.log
55,smc_typeoff,Target/Tengine/examples/common/stb_image_write.h,1408,32,Possible read of undefined value at,"%170 = insertelement <8 x i8> poison, i8 %162, i64 0, !dbg !906",/home/jimi/PaperExperiment/CompilerOptimization/Result/tengine/seahorn/seahorn-O2-g/result/run_20260322_185943_fixed_fullmatrix/log/sea.smc.stats.typeoff.stderr.log
56,smc_typeoff,Target/Tengine/examples/common/stb_image_write.h,1192,27,Possible read of undefined value at,"%70 = insertelement <4 x float> poison, float %66, i64 0, !dbg !958",/home/jimi/PaperExperiment/CompilerOptimization/Result/tengine/seahorn/seahorn-O2-g/result/run_20260322_185943_fixed_fullmatrix/log/sea.smc.stats.typeoff.stderr.log
57,smc_typeoff,Target/Tengine/examples/common/stb_image_write.h,1192,38,Possible read of undefined value at,"%78 = insertelement <4 x float> poison, float %74, i64 0, !dbg !959",/home/jimi/PaperExperiment/CompilerOptimization/Result/tengine/seahorn/seahorn-O2-g/result/run_20260322_185943_fixed_fullmatrix/log/sea.smc.stats.typeoff.stderr.log
58,smc_typeoff,Target/Tengine/examples/common/stb_image_write.h,1192,49,Possible read of undefined value at,"%86 = insertelement <4 x float> poison, float %82, i64 0, !dbg !960",/home/jimi/PaperExperiment/CompilerOptimization/Result/tengine/seahorn/seahorn-O2-g/result/run_20260322_185943_fixed_fullmatrix/log/sea.smc.stats.typeoff.stderr.log
59,smc_typeoff,Target/Tengine/examples/common/stb_image_write.h,1192,60,Possible read of undefined value at,"%94 = insertelement <4 x float> poison, float %90, i64 0, !dbg !961",/home/jimi/PaperExperiment/CompilerOptimization/Result/tengine/seahorn/seahorn-O2-g/result/run_20260322_185943_fixed_fullmatrix/log/sea.smc.stats.typeoff.stderr.log
60,smc_typeoff,Target/Tengine/examples/common/stb_image_write.h,1192,71,Possible read of undefined value at,"%102 = insertelement <4 x float> poison, float %98, i64 0, !dbg !962",/home/jimi/PaperExperiment/CompilerOptimization/Result/tengine/seahorn/seahorn-O2-g/result/run_20260322_185943_fixed_fullmatrix/log/sea.smc.stats.typeoff.stderr.log
61,smc_typeoff,Target/Tengine/examples/common/stb_image_write.h,1192,82,Possible read of undefined value at,"%110 = insertelement <4 x float> poison, float %106, i64 0, !dbg !963",/home/jimi/PaperExperiment/CompilerOptimization/Result/tengine/seahorn/seahorn-O2-g/result/run_20260322_185943_fixed_fullmatrix/log/sea.smc.stats.typeoff.stderr.log
62,smc_typeoff,Target/Tengine/examples/common/stb_image_write.h,1192,93,Possible read of undefined value at,"%118 = insertelement <4 x float> poison, float %114, i64 0, !dbg !964",/home/jimi/PaperExperiment/CompilerOptimization/Result/tengine/seahorn/seahorn-O2-g/result/run_20260322_185943_fixed_fullmatrix/log/sea.smc.stats.typeoff.stderr.log
63,smc_typeoff,Target/Tengine/examples/common/stb_image_write.h,1192,27,Possible read of undefined value at,"%206 = insertelement <4 x float> poison, float %202, i64 0, !dbg !958",/home/jimi/PaperExperiment/CompilerOptimization/Result/tengine/seahorn/seahorn-O2-g/result/run_20260322_185943_fixed_fullmatrix/log/sea.smc.stats.typeoff.stderr.log
64,smc_typeoff,Target/Tengine/examples/common/stb_image_write.h,1192,38,Possible read of undefined value at,"%214 = insertelement <4 x float> poison, float %210, i64 0, !dbg !959",/home/jimi/PaperExperiment/CompilerOptimization/Result/tengine/seahorn/seahorn-O2-g/result/run_20260322_185943_fixed_fullmatrix/log/sea.smc.stats.typeoff.stderr.log
65,smc_typeoff,Target/Tengine/examples/common/stb_image_write.h,1192,49,Possible read of undefined value at,"%222 = insertelement <4 x float> poison, float %218, i64 0, !dbg !960",/home/jimi/PaperExperiment/CompilerOptimization/Result/tengine/seahorn/seahorn-O2-g/result/run_20260322_185943_fixed_fullmatrix/log/sea.smc.stats.typeoff.stderr.log
66,smc_typeoff,Target/Tengine/examples/common/stb_image_write.h,1192,60,Possible read of undefined value at,"%230 = insertelement <4 x float> poison, float %226, i64 0, !dbg !961",/home/jimi/PaperExperiment/CompilerOptimization/Result/tengine/seahorn/seahorn-O2-g/result/run_20260322_185943_fixed_fullmatrix/log/sea.smc.stats.typeoff.stderr.log
67,smc_typeoff,Target/Tengine/examples/common/stb_image_write.h,1192,71,Possible read of undefined value at,"%238 = insertelement <4 x float> poison, float %234, i64 0, !dbg !962",/home/jimi/PaperExperiment/CompilerOptimization/Result/tengine/seahorn/seahorn-O2-g/result/run_20260322_185943_fixed_fullmatrix/log/sea.smc.stats.typeoff.stderr.log
68,smc_typeoff,Target/Tengine/examples/common/stb_image_write.h,1192,82,Possible read of undefined value at,"%246 = insertelement <4 x float> poison, float %242, i64 0, !dbg !963",/home/jimi/PaperExperiment/CompilerOptimization/Result/tengine/seahorn/seahorn-O2-g/result/run_20260322_185943_fixed_fullmatrix/log/sea.smc.stats.typeoff.stderr.log
69,smc_typeoff,Target/Tengine/examples/common/stb_image_write.h,1192,93,Possible read of undefined value at,"%254 = insertelement <4 x float> poison, float %250, i64 0, !dbg !964",/home/jimi/PaperExperiment/CompilerOptimization/Result/tengine/seahorn/seahorn-O2-g/result/run_20260322_185943_fixed_fullmatrix/log/sea.smc.stats.typeoff.stderr.log
70,smc_typeoff,Target/Tengine/examples/common/tengine_operations.c,107,13,Possible read of undefined value at,"%240 = insertelement <8 x float> poison, float %237, i64 0, !dbg !1100",/home/jimi/PaperExperiment/CompilerOptimization/Result/tengine/seahorn/seahorn-O2-g/result/run_20260322_185943_fixed_fullmatrix/log/sea.smc.stats.typeoff.stderr.log
71,smc_typeoff,Target/Tengine/examples/common/tengine_operations.c,107,13,Possible read of undefined value at,"%241 = shufflevector <8 x float> %240, <8 x float> poison, <8 x i32> zeroinitializer, !dbg !1100",/home/jimi/PaperExperiment/CompilerOptimization/Result/tengine/seahorn/seahorn-O2-g/result/run_20260322_185943_fixed_fullmatrix/log/sea.smc.stats.typeoff.stderr.log
72,smc_typeoff,Target/Tengine/examples/common/tengine_operations.c,107,13,Possible read of undefined value at,"%242 = insertelement <8 x float> poison, float %237, i64 0, !dbg !1100",/home/jimi/PaperExperiment/CompilerOptimization/Result/tengine/seahorn/seahorn-O2-g/result/run_20260322_185943_fixed_fullmatrix/log/sea.smc.stats.typeoff.stderr.log
73,smc_typeoff,Target/Tengine/examples/common/tengine_operations.c,107,13,Possible read of undefined value at,"%243 = shufflevector <8 x float> %242, <8 x float> poison, <8 x i32> zeroinitializer, !dbg !1100",/home/jimi/PaperExperiment/CompilerOptimization/Result/tengine/seahorn/seahorn-O2-g/result/run_20260322_185943_fixed_fullmatrix/log/sea.smc.stats.typeoff.stderr.log
74,smc_typeoff,Target/Tengine/examples/common/tengine_operations.c,107,13,Possible read of undefined value at,"%244 = insertelement <8 x float> poison, float %237, i64 0, !dbg !1100",/home/jimi/PaperExperiment/CompilerOptimization/Result/tengine/seahorn/seahorn-O2-g/result/run_20260322_185943_fixed_fullmatrix/log/sea.smc.stats.typeoff.stderr.log
75,smc_typeoff,Target/Tengine/examples/common/tengine_operations.c,107,13,Possible read of undefined value at,"%245 = shufflevector <8 x float> %244, <8 x float> poison, <8 x i32> zeroinitializer, !dbg !1100",/home/jimi/PaperExperiment/CompilerOptimization/Result/tengine/seahorn/seahorn-O2-g/result/run_20260322_185943_fixed_fullmatrix/log/sea.smc.stats.typeoff.stderr.log
76,smc_typeoff,Target/Tengine/examples/common/tengine_operations.c,107,13,Possible read of undefined value at,"%246 = insertelement <8 x float> poison, float %237, i64 0, !dbg !1100",/home/jimi/PaperExperiment/CompilerOptimization/Result/tengine/seahorn/seahorn-O2-g/result/run_20260322_185943_fixed_fullmatrix/log/sea.smc.stats.typeoff.stderr.log
77,smc_typeoff,Target/Tengine/examples/common/tengine_operations.c,107,13,Possible read of undefined value at,"%247 = shufflevector <8 x float> %246, <8 x float> poison, <8 x i32> zeroinitializer, !dbg !1100",/home/jimi/PaperExperiment/CompilerOptimization/Result/tengine/seahorn/seahorn-O2-g/result/run_20260322_185943_fixed_fullmatrix/log/sea.smc.stats.typeoff.stderr.log
78,smc_typeoff,Target/Tengine/examples/common/tengine_operations.c,107,13,Possible read of undefined value at,"%248 = insertelement <8 x float> poison, float %238, i64 0, !dbg !1100",/home/jimi/PaperExperiment/CompilerOptimization/Result/tengine/seahorn/seahorn-O2-g/result/run_20260322_185943_fixed_fullmatrix/log/sea.smc.stats.typeoff.stderr.log
79,smc_typeoff,Target/Tengine/examples/common/tengine_operations.c,107,13,Possible read of undefined value at,"%249 = shufflevector <8 x float> %248, <8 x float> poison, <8 x i32> zeroinitializer, !dbg !1100",/home/jimi/PaperExperiment/CompilerOptimization/Result/tengine/seahorn/seahorn-O2-g/result/run_20260322_185943_fixed_fullmatrix/log/sea.smc.stats.typeoff.stderr.log
80,smc_typeoff,Target/Tengine/examples/common/tengine_operations.c,107,13,Possible read of undefined value at,"%250 = insertelement <8 x float> poison, float %238, i64 0, !dbg !1100",/home/jimi/PaperExperiment/CompilerOptimization/Result/tengine/seahorn/seahorn-O2-g/result/run_20260322_185943_fixed_fullmatrix/log/sea.smc.stats.typeoff.stderr.log
81,smc_typeoff,Target/Tengine/examples/common/tengine_operations.c,107,13,Possible read of undefined value at,"%251 = shufflevector <8 x float> %250, <8 x float> poison, <8 x i32> zeroinitializer, !dbg !1100",/home/jimi/PaperExperiment/CompilerOptimization/Result/tengine/seahorn/seahorn-O2-g/result/run_20260322_185943_fixed_fullmatrix/log/sea.smc.stats.typeoff.stderr.log
82,smc_typeoff,Target/Tengine/examples/common/tengine_operations.c,107,13,Possible read of undefined value at,"%252 = insertelement <8 x float> poison, float %238, i64 0, !dbg !1100",/home/jimi/PaperExperiment/CompilerOptimization/Result/tengine/seahorn/seahorn-O2-g/result/run_20260322_185943_fixed_fullmatrix/log/sea.smc.stats.typeoff.stderr.log
83,smc_typeoff,Target/Tengine/examples/common/tengine_operations.c,107,13,Possible read of undefined value at,"%253 = shufflevector <8 x float> %252, <8 x float> poison, <8 x i32> zeroinitializer, !dbg !1100",/home/jimi/PaperExperiment/CompilerOptimization/Result/tengine/seahorn/seahorn-O2-g/result/run_20260322_185943_fixed_fullmatrix/log/sea.smc.stats.typeoff.stderr.log
84,smc_typeoff,Target/Tengine/examples/common/tengine_operations.c,107,13,Possible read of undefined value at,"%254 = insertelement <8 x float> poison, float %238, i64 0, !dbg !1100",/home/jimi/PaperExperiment/CompilerOptimization/Result/tengine/seahorn/seahorn-O2-g/result/run_20260322_185943_fixed_fullmatrix/log/sea.smc.stats.typeoff.stderr.log
85,smc_typeoff,Target/Tengine/examples/common/tengine_operations.c,107,13,Possible read of undefined value at,"%255 = shufflevector <8 x float> %254, <8 x float> poison, <8 x i32> zeroinitializer, !dbg !1100",/home/jimi/PaperExperiment/CompilerOptimization/Result/tengine/seahorn/seahorn-O2-g/result/run_20260322_185943_fixed_fullmatrix/log/sea.smc.stats.typeoff.stderr.log
86,smc_typeoff,Target/Tengine/examples/common/tengine_operations.c,882,5,Possible read of undefined value at,"%60 = insertelement <16 x float> poison, float %10, i64 0, !dbg !935",/home/jimi/PaperExperiment/CompilerOptimization/Result/tengine/seahorn/seahorn-O2-g/result/run_20260322_185943_fixed_fullmatrix/log/sea.smc.stats.typeoff.stderr.log
87,smc_typeoff,Target/Tengine/examples/common/tengine_operations.c,882,5,Possible read of undefined value at,"%61 = shufflevector <16 x float> %60, <16 x float> poison, <16 x i32> zeroinitializer, !dbg !935",/home/jimi/PaperExperiment/CompilerOptimization/Result/tengine/seahorn/seahorn-O2-g/result/run_20260322_185943_fixed_fullmatrix/log/sea.smc.stats.typeoff.stderr.log
88,smc_typeoff,Target/Tengine/examples/common/tengine_operations.c,882,5,Possible read of undefined value at,"%62 = insertelement <16 x i32> poison, i32 %32, i64 0, !dbg !935",/home/jimi/PaperExperiment/CompilerOptimization/Result/tengine/seahorn/seahorn-O2-g/result/run_20260322_185943_fixed_fullmatrix/log/sea.smc.stats.typeoff.stderr.log
89,smc_typeoff,Target/Tengine/examples/common/tengine_operations.c,882,5,Possible read of undefined value at,"%63 = shufflevector <16 x i32> %62, <16 x i32> poison, <16 x i32> zeroinitializer, !dbg !935",/home/jimi/PaperExperiment/CompilerOptimization/Result/tengine/seahorn/seahorn-O2-g/result/run_20260322_185943_fixed_fullmatrix/log/sea.smc.stats.typeoff.stderr.log
90,smc_typeoff,Target/Tengine/examples/common/tengine_operations.c,882,5,Possible read of undefined value at,"%64 = insertelement <16 x i32> poison, i32 %33, i64 0, !dbg !935",/home/jimi/PaperExperiment/CompilerOptimization/Result/tengine/seahorn/seahorn-O2-g/result/run_20260322_185943_fixed_fullmatrix/log/sea.smc.stats.typeoff.stderr.log
91,smc_typeoff,Target/Tengine/examples/common/tengine_operations.c,882,5,Possible read of undefined value at,"%65 = shufflevector <16 x i32> %64, <16 x i32> poison, <16 x i32> zeroinitializer, !dbg !935",/home/jimi/PaperExperiment/CompilerOptimization/Result/tengine/seahorn/seahorn-O2-g/result/run_20260322_185943_fixed_fullmatrix/log/sea.smc.stats.typeoff.stderr.log
92,smc_typeoff,Target/Tengine/examples/common/tengine_operations.c,902,5,Possible read of undefined value at,"%137 = insertelement <16 x float> poison, float %13, i64 0, !dbg !975",/home/jimi/PaperExperiment/CompilerOptimization/Result/tengine/seahorn/seahorn-O2-g/result/run_20260322_185943_fixed_fullmatrix/log/sea.smc.stats.typeoff.stderr.log
93,smc_typeoff,Target/Tengine/examples/common/tengine_operations.c,902,5,Possible read of undefined value at,"%138 = shufflevector <16 x float> %137, <16 x float> poison, <16 x i32> zeroinitializer, !dbg !975",/home/jimi/PaperExperiment/CompilerOptimization/Result/tengine/seahorn/seahorn-O2-g/result/run_20260322_185943_fixed_fullmatrix/log/sea.smc.stats.typeoff.stderr.log
94,smc_typeoff,Target/Tengine/examples/common/tengine_operations.c,902,5,Possible read of undefined value at,"%139 = insertelement <16 x i32> poison, i32 %104, i64 0, !dbg !975",/home/jimi/PaperExperiment/CompilerOptimization/Result/tengine/seahorn/seahorn-O2-g/result/run_20260322_185943_fixed_fullmatrix/log/sea.smc.stats.typeoff.stderr.log
95,smc_typeoff,Target/Tengine/examples/common/tengine_operations.c,902,5,Possible read of undefined value at,"%140 = shufflevector <16 x i32> %139, <16 x i32> poison, <16 x i32> zeroinitializer, !dbg !975",/home/jimi/PaperExperiment/CompilerOptimization/Result/tengine/seahorn/seahorn-O2-g/result/run_20260322_185943_fixed_fullmatrix/log/sea.smc.stats.typeoff.stderr.log
96,smc_typeoff,Target/Tengine/examples/common/tengine_operations.c,902,5,Possible read of undefined value at,"%141 = insertelement <16 x i32> poison, i32 %105, i64 0, !dbg !975",/home/jimi/PaperExperiment/CompilerOptimization/Result/tengine/seahorn/seahorn-O2-g/result/run_20260322_185943_fixed_fullmatrix/log/sea.smc.stats.typeoff.stderr.log
97,smc_typeoff,Target/Tengine/examples/common/tengine_operations.c,902,5,Possible read of undefined value at,"%142 = shufflevector <16 x i32> %141, <16 x i32> poison, <16 x i32> zeroinitializer, !dbg !975",/home/jimi/PaperExperiment/CompilerOptimization/Result/tengine/seahorn/seahorn-O2-g/result/run_20260322_185943_fixed_fullmatrix/log/sea.smc.stats.typeoff.stderr.log
98,smc_typeoff,Target/Tengine/examples/common/tengine_operations.c,966,13,Possible read of undefined value at,"%279 = insertelement <4 x i32> poison, i32 %273, i64 0, !dbg !1043",/home/jimi/PaperExperiment/CompilerOptimization/Result/tengine/seahorn/seahorn-O2-g/result/run_20260322_185943_fixed_fullmatrix/log/sea.smc.stats.typeoff.stderr.log
99,smc_typeoff,Target/Tengine/examples/common/tengine_operations.c,966,13,Possible read of undefined value at,"%280 = shufflevector <4 x i32> %279, <4 x i32> poison, <4 x i32> zeroinitializer, !dbg !1043",/home/jimi/PaperExperiment/CompilerOptimization/Result/tengine/seahorn/seahorn-O2-g/result/run_20260322_185943_fixed_fullmatrix/log/sea.smc.stats.typeoff.stderr.log
100,smc_typeoff,Target/Tengine/examples/common/tengine_operations.c,966,13,Possible read of undefined value at,"%281 = insertelement <4 x i32> poison, i32 %273, i64 0, !dbg !1043",/home/jimi/PaperExperiment/CompilerOptimization/Result/tengine/seahorn/seahorn-O2-g/result/run_20260322_185943_fixed_fullmatrix/log/sea.smc.stats.typeoff.stderr.log
101,smc_typeoff,Target/Tengine/examples/common/tengine_operations.c,966,13,Possible read of undefined value at,"%282 = shufflevector <4 x i32> %281, <4 x i32> poison, <4 x i32> zeroinitializer, !dbg !1043",/home/jimi/PaperExperiment/CompilerOptimization/Result/tengine/seahorn/seahorn-O2-g/result/run_20260322_185943_fixed_fullmatrix/log/sea.smc.stats.typeoff.stderr.log
102,smc_typeoff,Target/Tengine/examples/common/tengine_operations.c,966,13,Possible read of undefined value at,"%283 = insertelement <4 x i32> poison, i32 %273, i64 0, !dbg !1043",/home/jimi/PaperExperiment/CompilerOptimization/Result/tengine/seahorn/seahorn-O2-g/result/run_20260322_185943_fixed_fullmatrix/log/sea.smc.stats.typeoff.stderr.log
103,smc_typeoff,Target/Tengine/examples/common/tengine_operations.c,966,13,Possible read of undefined value at,"%284 = shufflevector <4 x i32> %283, <4 x i32> poison, <4 x i32> zeroinitializer, !dbg !1043",/home/jimi/PaperExperiment/CompilerOptimization/Result/tengine/seahorn/seahorn-O2-g/result/run_20260322_185943_fixed_fullmatrix/log/sea.smc.stats.typeoff.stderr.log
104,smc_typeoff,Target/Tengine/examples/common/tengine_operations.c,966,13,Possible read of undefined value at,"%285 = insertelement <4 x i32> poison, i32 %273, i64 0, !dbg !1043",/home/jimi/PaperExperiment/CompilerOptimization/Result/tengine/seahorn/seahorn-O2-g/result/run_20260322_185943_fixed_fullmatrix/log/sea.smc.stats.typeoff.stderr.log
105,smc_typeoff,Target/Tengine/examples/common/tengine_operations.c,966,13,Possible read of undefined value at,"%286 = shufflevector <4 x i32> %285, <4 x i32> poison, <4 x i32> zeroinitializer, !dbg !1043",/home/jimi/PaperExperiment/CompilerOptimization/Result/tengine/seahorn/seahorn-O2-g/result/run_20260322_185943_fixed_fullmatrix/log/sea.smc.stats.typeoff.stderr.log
106,smc_typeoff,Target/Tengine/examples/common/tengine_operations.c,966,13,Possible read of undefined value at,"%287 = insertelement <4 x i32> poison, i32 %276, i64 0, !dbg !1043",/home/jimi/PaperExperiment/CompilerOptimization/Result/tengine/seahorn/seahorn-O2-g/result/run_20260322_185943_fixed_fullmatrix/log/sea.smc.stats.typeoff.stderr.log
107,smc_typeoff,Target/Tengine/examples/common/tengine_operations.c,966,13,Possible read of undefined value at,"%288 = shufflevector <4 x i32> %287, <4 x i32> poison, <4 x i32> zeroinitializer, !dbg !1043",/home/jimi/PaperExperiment/CompilerOptimization/Result/tengine/seahorn/seahorn-O2-g/result/run_20260322_185943_fixed_fullmatrix/log/sea.smc.stats.typeoff.stderr.log
108,smc_typeoff,Target/Tengine/examples/common/tengine_operations.c,966,13,Possible read of undefined value at,"%289 = insertelement <4 x i32> poison, i32 %276, i64 0, !dbg !1043",/home/jimi/PaperExperiment/CompilerOptimization/Result/tengine/seahorn/seahorn-O2-g/result/run_20260322_185943_fixed_fullmatrix/log/sea.smc.stats.typeoff.stderr.log
109,smc_typeoff,Target/Tengine/examples/common/tengine_operations.c,966,13,Possible read of undefined value at,"%290 = shufflevector <4 x i32> %289, <4 x i32> poison, <4 x i32> zeroinitializer, !dbg !1043",/home/jimi/PaperExperiment/CompilerOptimization/Result/tengine/seahorn/seahorn-O2-g/result/run_20260322_185943_fixed_fullmatrix/log/sea.smc.stats.typeoff.stderr.log
110,smc_typeoff,Target/Tengine/examples/common/tengine_operations.c,966,13,Possible read of undefined value at,"%291 = insertelement <4 x i32> poison, i32 %276, i64 0, !dbg !1043",/home/jimi/PaperExperiment/CompilerOptimization/Result/tengine/seahorn/seahorn-O2-g/result/run_20260322_185943_fixed_fullmatrix/log/sea.smc.stats.typeoff.stderr.log
111,smc_typeoff,Target/Tengine/examples/common/tengine_operations.c,966,13,Possible read of undefined value at,"%292 = shufflevector <4 x i32> %291, <4 x i32> poison, <4 x i32> zeroinitializer, !dbg !1043",/home/jimi/PaperExperiment/CompilerOptimization/Result/tengine/seahorn/seahorn-O2-g/result/run_20260322_185943_fixed_fullmatrix/log/sea.smc.stats.typeoff.stderr.log
112,smc_typeoff,Target/Tengine/examples/common/tengine_operations.c,966,13,Possible read of undefined value at,"%293 = insertelement <4 x i32> poison, i32 %276, i64 0, !dbg !1043",/home/jimi/PaperExperiment/CompilerOptimization/Result/tengine/seahorn/seahorn-O2-g/result/run_20260322_185943_fixed_fullmatrix/log/sea.smc.stats.typeoff.stderr.log
113,smc_typeoff,Target/Tengine/examples/common/tengine_operations.c,966,13,Possible read of undefined value at,"%294 = shufflevector <4 x i32> %293, <4 x i32> poison, <4 x i32> zeroinitializer, !dbg !1043",/home/jimi/PaperExperiment/CompilerOptimization/Result/tengine/seahorn/seahorn-O2-g/result/run_20260322_185943_fixed_fullmatrix/log/sea.smc.stats.typeoff.stderr.log
114,smc_typeoff,Target/Tengine/examples/common/tengine_operations.c,537,16,Possible read of undefined value at,"%30 = insertelement <2 x i32> poison, i32 %13, i64 0, !dbg !889",/home/jimi/PaperExperiment/CompilerOptimization/Result/tengine/seahorn/seahorn-O2-g/result/run_20260322_185943_fixed_fullmatrix/log/sea.smc.stats.typeoff.stderr.log
115,smc_typeoff,Target/Tengine/examples/common/tengine_operations.c,537,16,Possible read of undefined value at,"%31 = shufflevector <2 x i32> %30, <2 x i32> poison, <2 x i32> zeroinitializer, !dbg !889",/home/jimi/PaperExperiment/CompilerOptimization/Result/tengine/seahorn/seahorn-O2-g/result/run_20260322_185943_fixed_fullmatrix/log/sea.smc.stats.typeoff.stderr.log
116,smc_typeoff,Target/Tengine/examples/common/tengine_operations.c,537,13,Possible read of undefined value at,"%32 = insertelement <2 x i32> poison, i32 %14, i64 0, !dbg !892",/home/jimi/PaperExperiment/CompilerOptimization/Result/tengine/seahorn/seahorn-O2-g/result/run_20260322_185943_fixed_fullmatrix/log/sea.smc.stats.typeoff.stderr.log
117,smc_typeoff,Target/Tengine/examples/common/tengine_operations.c,537,13,Possible read of undefined value at,"%33 = shufflevector <2 x i32> %32, <2 x i32> poison, <2 x i32> zeroinitializer, !dbg !892",/home/jimi/PaperExperiment/CompilerOptimization/Result/tengine/seahorn/seahorn-O2-g/result/run_20260322_185943_fixed_fullmatrix/log/sea.smc.stats.typeoff.stderr.log
118,smc_typeoff,Target/Tengine/examples/common/tengine_operations.c,546,16,Possible read of undefined value at,"%34 = insertelement <2 x i32> poison, i32 %16, i64 0, !dbg !893",/home/jimi/PaperExperiment/CompilerOptimization/Result/tengine/seahorn/seahorn-O2-g/result/run_20260322_185943_fixed_fullmatrix/log/sea.smc.stats.typeoff.stderr.log
119,smc_typeoff,Target/Tengine/examples/common/tengine_operations.c,546,16,Possible read of undefined value at,"%35 = shufflevector <2 x i32> %34, <2 x i32> poison, <2 x i32> zeroinitializer, !dbg !893",/home/jimi/PaperExperiment/CompilerOptimization/Result/tengine/seahorn/seahorn-O2-g/result/run_20260322_185943_fixed_fullmatrix/log/sea.smc.stats.typeoff.stderr.log
120,smc_typeoff,Target/Tengine/examples/common/tengine_operations.c,546,13,Possible read of undefined value at,"%36 = insertelement <2 x i32> poison, i32 %17, i64 0, !dbg !895",/home/jimi/PaperExperiment/CompilerOptimization/Result/tengine/seahorn/seahorn-O2-g/result/run_20260322_185943_fixed_fullmatrix/log/sea.smc.stats.typeoff.stderr.log
121,smc_typeoff,Target/Tengine/examples/common/tengine_operations.c,546,13,Possible read of undefined value at,"%37 = shufflevector <2 x i32> %36, <2 x i32> poison, <2 x i32> zeroinitializer, !dbg !895",/home/jimi/PaperExperiment/CompilerOptimization/Result/tengine/seahorn/seahorn-O2-g/result/run_20260322_185943_fixed_fullmatrix/log/sea.smc.stats.typeoff.stderr.log
122,smc_typeoff,Target/Tengine/examples/common/tengine_operations.c,566,24,Possible read of undefined value at,"%89 = insertelement <2 x i64> poison, i64 %88, i64 0, !dbg !932",/home/jimi/PaperExperiment/CompilerOptimization/Result/tengine/seahorn/seahorn-O2-g/result/run_20260322_185943_fixed_fullmatrix/log/sea.smc.stats.typeoff.stderr.log
123,smc_typeoff,Target/Tengine/examples/common/tengine_operations.c,566,24,Possible read of undefined value at,"%90 = shufflevector <2 x i64> %89, <2 x i64> poison, <2 x i32> zeroinitializer, !dbg !932",/home/jimi/PaperExperiment/CompilerOptimization/Result/tengine/seahorn/seahorn-O2-g/result/run_20260322_185943_fixed_fullmatrix/log/sea.smc.stats.typeoff.stderr.log
124,smc_typeoff,Target/Tengine/examples/common/tengine_operations.c,771,9,Possible read of undefined value at,"%113 = insertelement <8 x i32> poison, i32 %91, i64 0, !dbg !914",/home/jimi/PaperExperiment/CompilerOptimization/Result/tengine/seahorn/seahorn-O2-g/result/run_20260322_185943_fixed_fullmatrix/log/sea.smc.stats.typeoff.stderr.log
125,smc_typeoff,Target/Tengine/examples/common/tengine_operations.c,771,9,Possible read of undefined value at,"%114 = shufflevector <8 x i32> %113, <8 x i32> poison, <8 x i32> zeroinitializer, !dbg !914",/home/jimi/PaperExperiment/CompilerOptimization/Result/tengine/seahorn/seahorn-O2-g/result/run_20260322_185943_fixed_fullmatrix/log/sea.smc.stats.typeoff.stderr.log
126,smc_typeoff,Target/Tengine/examples/common/tengine_operations.c,800,5,Possible read of undefined value at,"%28 = insertelement <8 x float> poison, float %1, i64 0, !dbg !891",/home/jimi/PaperExperiment/CompilerOptimization/Result/tengine/seahorn/seahorn-O2-g/result/run_20260322_185943_fixed_fullmatrix/log/sea.smc.stats.typeoff.stderr.log
127,smc_typeoff,Target/Tengine/examples/common/tengine_operations.c,800,5,Possible read of undefined value at,"%29 = shufflevector <8 x float> %28, <8 x float> poison, <8 x i32> zeroinitializer, !dbg !891",/home/jimi/PaperExperiment/CompilerOptimization/Result/tengine/seahorn/seahorn-O2-g/result/run_20260322_185943_fixed_fullmatrix/log/sea.smc.stats.typeoff.stderr.log
128,smc_typeoff,Target/Tengine/examples/common/tengine_operations.c,800,5,Possible read of undefined value at,"%30 = insertelement <8 x float> poison, float %1, i64 0, !dbg !891",/home/jimi/PaperExperiment/CompilerOptimization/Result/tengine/seahorn/seahorn-O2-g/result/run_20260322_185943_fixed_fullmatrix/log/sea.smc.stats.typeoff.stderr.log
129,smc_typeoff,Target/Tengine/examples/common/tengine_operations.c,800,5,Possible read of undefined value at,"%31 = shufflevector <8 x float> %30, <8 x float> poison, <8 x i32> zeroinitializer, !dbg !891",/home/jimi/PaperExperiment/CompilerOptimization/Result/tengine/seahorn/seahorn-O2-g/result/run_20260322_185943_fixed_fullmatrix/log/sea.smc.stats.typeoff.stderr.log
130,smc_typeoff,Target/Tengine/examples/common/tengine_operations.c,800,5,Possible read of undefined value at,"%32 = insertelement <8 x float> poison, float %1, i64 0, !dbg !891",/home/jimi/PaperExperiment/CompilerOptimization/Result/tengine/seahorn/seahorn-O2-g/result/run_20260322_185943_fixed_fullmatrix/log/sea.smc.stats.typeoff.stderr.log
131,smc_typeoff,Target/Tengine/examples/common/tengine_operations.c,800,5,Possible read of undefined value at,"%33 = shufflevector <8 x float> %32, <8 x float> poison, <8 x i32> zeroinitializer, !dbg !891",/home/jimi/PaperExperiment/CompilerOptimization/Result/tengine/seahorn/seahorn-O2-g/result/run_20260322_185943_fixed_fullmatrix/log/sea.smc.stats.typeoff.stderr.log
132,smc_typeoff,Target/Tengine/examples/common/tengine_operations.c,800,5,Possible read of undefined value at,"%34 = insertelement <8 x float> poison, float %1, i64 0, !dbg !891",/home/jimi/PaperExperiment/CompilerOptimization/Result/tengine/seahorn/seahorn-O2-g/result/run_20260322_185943_fixed_fullmatrix/log/sea.smc.stats.typeoff.stderr.log
133,smc_typeoff,Target/Tengine/examples/common/tengine_operations.c,800,5,Possible read of undefined value at,"%35 = shufflevector <8 x float> %34, <8 x float> poison, <8 x i32> zeroinitializer, !dbg !891",/home/jimi/PaperExperiment/CompilerOptimization/Result/tengine/seahorn/seahorn-O2-g/result/run_20260322_185943_fixed_fullmatrix/log/sea.smc.stats.typeoff.stderr.log
134,smc_typeoff,Target/Tengine/examples/common/tengine_operations.c,842,10,Possible read of undefined value at,"%6 = insertelement <2 x i32> poison, i32 %2, i64 0, !dbg !877",/home/jimi/PaperExperiment/CompilerOptimization/Result/tengine/seahorn/seahorn-O2-g/result/run_20260322_185943_fixed_fullmatrix/log/sea.smc.stats.typeoff.stderr.log
135,smc_typeoff,Target/Tengine/examples/common/tengine_operations.c,842,27,Possible read of undefined value at,"%13 = shufflevector <2 x float> %12, <2 x float> poison, <2 x i32> <i32 1, i32 undef>, !dbg !886",/home/jimi/PaperExperiment/CompilerOptimization/Result/tengine/seahorn/seahorn-O2-g/result/run_20260322_185943_fixed_fullmatrix/log/sea.smc.stats.typeoff.stderr.log
136,smc_typeon,Target/Tengine/examples/common/common.h,67,36,Possible read of undefined value at,"%108 = shufflevector <2 x i64> %105, <2 x i64> poison, <2 x i32> <i32 1, i32 undef>, !dbg !1043",/home/jimi/PaperExperiment/CompilerOptimization/Result/tengine/seahorn/seahorn-O2-g/result/run_20260322_185943_fixed_fullmatrix/log/sea.smc.stats.typeon.stderr.log
137,smc_typeon,Target/Tengine/examples/tm_classification.c,138,26,Possible read of undefined value at,"%113 = shufflevector <2 x double> %112, <2 x double> poison, <2 x i32> <i32 1, i32 undef>, !dbg !1048",/home/jimi/PaperExperiment/CompilerOptimization/Result/tengine/seahorn/seahorn-O2-g/result/run_20260322_185943_fixed_fullmatrix/log/sea.smc.stats.typeon.stderr.log
138,smc_typeon,Target/Tengine/examples/common/stb_image.h,5802,15,Possible read of undefined value at,"%2424 = shufflevector <2 x i32> %2423, <2 x i32> poison, <2 x i32> <i32 1, i32 0>, !dbg !3751",/home/jimi/PaperExperiment/CompilerOptimization/Result/tengine/seahorn/seahorn-O2-g/result/run_20260322_185943_fixed_fullmatrix/log/sea.smc.stats.typeon.stderr.log
139,smc_typeon,Target/Tengine/examples/common/stb_image.h,3591,31,Possible read of undefined value at,"%18 = insertelement <2 x i64> poison, i64 %17, i64 0, !dbg !915",/home/jimi/PaperExperiment/CompilerOptimization/Result/tengine/seahorn/seahorn-O2-g/result/run_20260322_185943_fixed_fullmatrix/log/sea.smc.stats.typeon.stderr.log
140,smc_typeon,Target/Tengine/examples/common/stb_image.h,3592,32,Possible read of undefined value at,"%22 = insertelement <2 x i64> poison, i64 %21, i64 0, !dbg !921",/home/jimi/PaperExperiment/CompilerOptimization/Result/tengine/seahorn/seahorn-O2-g/result/run_20260322_185943_fixed_fullmatrix/log/sea.smc.stats.typeon.stderr.log
141,smc_typeon,Target/Tengine/examples/common/stb_image.h,3593,32,Possible read of undefined value at,"%26 = insertelement <2 x i64> poison, i64 %25, i64 0, !dbg !923",/home/jimi/PaperExperiment/CompilerOptimization/Result/tengine/seahorn/seahorn-O2-g/result/run_20260322_185943_fixed_fullmatrix/log/sea.smc.stats.typeon.stderr.log
142,smc_typeon,Target/Tengine/examples/common/stb_image.h,3410,24,Possible read of undefined value at,"%35 = insertelement <2 x i64> poison, i64 %34, i64 0, !dbg !912",/home/jimi/PaperExperiment/CompilerOptimization/Result/tengine/seahorn/seahorn-O2-g/result/run_20260322_185943_fixed_fullmatrix/log/sea.smc.stats.typeon.stderr.log
143,smc_typeon,Target/Tengine/examples/common/stb_image.h,3411,25,Possible read of undefined value at,"%39 = insertelement <2 x i64> poison, i64 %38, i64 0, !dbg !914",/home/jimi/PaperExperiment/CompilerOptimization/Result/tengine/seahorn/seahorn-O2-g/result/run_20260322_185943_fixed_fullmatrix/log/sea.smc.stats.typeon.stderr.log
144,smc_typeon,Target/Tengine/examples/common/stb_image.h,3425,24,Possible read of undefined value at,"%49 = shufflevector <8 x i16> %48, <8 x i16> poison, <8 x i32> <i32 undef, i32 0, i32 1, i32 2, i32 3, i32 4, i32 5, i32 6>, !dbg !920",/home/jimi/PaperExperiment/CompilerOptimization/Result/tengine/seahorn/seahorn-O2-g/result/run_20260322_185943_fixed_fullmatrix/log/sea.smc.stats.typeon.stderr.log
145,smc_typeon,Target/Tengine/examples/common/stb_image.h,3426,24,Possible read of undefined value at,"%52 = shufflevector <8 x i16> %48, <8 x i16> poison, <8 x i32> <i32 1, i32 2, i32 3, i32 4, i32 5, i32 6, i32 7, i32 undef>, !dbg !921",/home/jimi/PaperExperiment/CompilerOptimization/Result/tengine/seahorn/seahorn-O2-g/result/run_20260322_185943_fixed_fullmatrix/log/sea.smc.stats.typeon.stderr.log
146,smc_typeon,Target/Tengine/examples/common/stb_image.h,3514,29,Possible read of undefined value at,"%70 = insertelement <16 x i8> poison, i8 %69, i64 0, !dbg !876",/home/jimi/PaperExperiment/CompilerOptimization/Result/tengine/seahorn/seahorn-O2-g/result/run_20260322_185943_fixed_fullmatrix/log/sea.smc.stats.typeon.stderr.log
147,smc_typeon,Target/Tengine/examples/common/stb_image.h,3514,29,Possible read of undefined value at,"%71 = shufflevector <16 x i8> %70, <16 x i8> poison, <16 x i32> zeroinitializer, !dbg !876",/home/jimi/PaperExperiment/CompilerOptimization/Result/tengine/seahorn/seahorn-O2-g/result/run_20260322_185943_fixed_fullmatrix/log/sea.smc.stats.typeon.stderr.log
148,smc_typeon,Target/Tengine/examples/common/stb_image.h,1346,43,Possible read of undefined value at,"%158 = shufflevector <16 x i8> %157, <16 x i8> poison, <4 x i32> <i32 0, i32 4, i32 8, i32 12>, !dbg !978",/home/jimi/PaperExperiment/CompilerOptimization/Result/tengine/seahorn/seahorn-O2-g/result/run_20260322_185943_fixed_fullmatrix/log/sea.smc.stats.typeon.stderr.log
149,smc_typeon,Target/Tengine/examples/common/stb_image.h,1346,43,Possible read of undefined value at,"%159 = shufflevector <16 x i8> %157, <16 x i8> poison, <4 x i32> <i32 1, i32 5, i32 9, i32 13>, !dbg !978",/home/jimi/PaperExperiment/CompilerOptimization/Result/tengine/seahorn/seahorn-O2-g/result/run_20260322_185943_fixed_fullmatrix/log/sea.smc.stats.typeon.stderr.log
150,smc_typeon,Target/Tengine/examples/common/stb_image.h,1346,43,Possible read of undefined value at,"%160 = shufflevector <16 x i8> %157, <16 x i8> poison, <4 x i32> <i32 2, i32 6, i32 10, i32 14>, !dbg !978",/home/jimi/PaperExperiment/CompilerOptimization/Result/tengine/seahorn/seahorn-O2-g/result/run_20260322_185943_fixed_fullmatrix/log/sea.smc.stats.typeon.stderr.log
151,smc_typeon,Target/Tengine/examples/common/stb_image.h,1346,43,Possible read of undefined value at,"%161 = shufflevector <16 x i8> %157, <16 x i8> poison, <4 x i32> <i32 3, i32 7, i32 11, i32 15>, !dbg !978",/home/jimi/PaperExperiment/CompilerOptimization/Result/tengine/seahorn/seahorn-O2-g/result/run_20260322_185943_fixed_fullmatrix/log/sea.smc.stats.typeon.stderr.log
152,smc_typeon,Target/Tengine/examples/common/stb_image.h,1341,43,Possible read of undefined value at,"%198 = shufflevector <16 x i8> %197, <16 x i8> poison, <4 x i32> <i32 0, i32 4, i32 8, i32 12>, !dbg !1005",/home/jimi/PaperExperiment/CompilerOptimization/Result/tengine/seahorn/seahorn-O2-g/result/run_20260322_185943_fixed_fullmatrix/log/sea.smc.stats.typeon.stderr.log
153,smc_typeon,Target/Tengine/examples/common/stb_image.h,1341,43,Possible read of undefined value at,"%199 = shufflevector <16 x i8> %197, <16 x i8> poison, <4 x i32> <i32 1, i32 5, i32 9, i32 13>, !dbg !1005",/home/jimi/PaperExperiment/CompilerOptimization/Result/tengine/seahorn/seahorn-O2-g/result/run_20260322_185943_fixed_fullmatrix/log/sea.smc.stats.typeon.stderr.log
154,smc_typeon,Target/Tengine/examples/common/stb_image.h,1341,43,Possible read of undefined value at,"%200 = shufflevector <16 x i8> %197, <16 x i8> poison, <4 x i32> <i32 2, i32 6, i32 10, i32 14>, !dbg !1005",/home/jimi/PaperExperiment/CompilerOptimization/Result/tengine/seahorn/seahorn-O2-g/result/run_20260322_185943_fixed_fullmatrix/log/sea.smc.stats.typeon.stderr.log
155,smc_typeon,Target/Tengine/examples/common/stb_image.h,1336,43,Possible read of undefined value at,"%228 = shufflevector <12 x i8> %227, <12 x i8> poison, <4 x i32> <i32 0, i32 3, i32 6, i32 9>, !dbg !1023",/home/jimi/PaperExperiment/CompilerOptimization/Result/tengine/seahorn/seahorn-O2-g/result/run_20260322_185943_fixed_fullmatrix/log/sea.smc.stats.typeon.stderr.log
156,smc_typeon,Target/Tengine/examples/common/stb_image.h,1336,43,Possible read of undefined value at,"%229 = shufflevector <12 x i8> %227, <12 x i8> poison, <4 x i32> <i32 1, i32 4, i32 7, i32 10>, !dbg !1023",/home/jimi/PaperExperiment/CompilerOptimization/Result/tengine/seahorn/seahorn-O2-g/result/run_20260322_185943_fixed_fullmatrix/log/sea.smc.stats.typeon.stderr.log
157,smc_typeon,Target/Tengine/examples/common/stb_image.h,1336,43,Possible read of undefined value at,"%230 = shufflevector <12 x i8> %227, <12 x i8> poison, <4 x i32> <i32 2, i32 5, i32 8, i32 11>, !dbg !1023",/home/jimi/PaperExperiment/CompilerOptimization/Result/tengine/seahorn/seahorn-O2-g/result/run_20260322_185943_fixed_fullmatrix/log/sea.smc.stats.typeon.stderr.log
158,smc_typeon,Target/Tengine/examples/common/stb_image.h,1331,43,Possible read of undefined value at,"%263 = shufflevector <12 x i8> %262, <12 x i8> poison, <4 x i32> <i32 0, i32 3, i32 6, i32 9>, !dbg !1042",/home/jimi/PaperExperiment/CompilerOptimization/Result/tengine/seahorn/seahorn-O2-g/result/run_20260322_185943_fixed_fullmatrix/log/sea.smc.stats.typeon.stderr.log
159,smc_typeon,Target/Tengine/examples/common/stb_image.h,1331,43,Possible read of undefined value at,"%264 = shufflevector <12 x i8> %262, <12 x i8> poison, <4 x i32> <i32 1, i32 4, i32 7, i32 10>, !dbg !1042",/home/jimi/PaperExperiment/CompilerOptimization/Result/tengine/seahorn/seahorn-O2-g/result/run_20260322_185943_fixed_fullmatrix/log/sea.smc.stats.typeon.stderr.log
160,smc_typeon,Target/Tengine/examples/common/stb_image.h,1331,43,Possible read of undefined value at,"%265 = shufflevector <12 x i8> %262, <12 x i8> poison, <4 x i32> <i32 2, i32 5, i32 8, i32 11>, !dbg !1042",/home/jimi/PaperExperiment/CompilerOptimization/Result/tengine/seahorn/seahorn-O2-g/result/run_20260322_185943_fixed_fullmatrix/log/sea.smc.stats.typeon.stderr.log
161,smc_typeon,Target/Tengine/examples/common/stb_image.h,1311,27,Possible read of undefined value at,"%351 = shufflevector <16 x i8> %350, <16 x i8> poison, <8 x i32> <i32 0, i32 2, i32 4, i32 6, i32 8, i32 10, i32 12, i32 14>, !dbg !1103",/home/jimi/PaperExperiment/CompilerOptimization/Result/tengine/seahorn/seahorn-O2-g/result/run_20260322_185943_fixed_fullmatrix/log/sea.smc.stats.typeon.stderr.log
162,smc_typeon,Target/Tengine/examples/common/stb_image.h,1440,46,Possible read of undefined value at,"%183 = shufflevector <12 x i16> %182, <12 x i16> poison, <4 x i32> <i32 0, i32 3, i32 6, i32 9>, !dbg !984",/home/jimi/PaperExperiment/CompilerOptimization/Result/tengine/seahorn/seahorn-O2-g/result/run_20260322_185943_fixed_fullmatrix/log/sea.smc.stats.typeon.stderr.log
163,smc_typeon,Target/Tengine/examples/common/stb_image.h,1440,46,Possible read of undefined value at,"%184 = shufflevector <12 x i16> %182, <12 x i16> poison, <4 x i32> <i32 1, i32 4, i32 7, i32 10>, !dbg !984",/home/jimi/PaperExperiment/CompilerOptimization/Result/tengine/seahorn/seahorn-O2-g/result/run_20260322_185943_fixed_fullmatrix/log/sea.smc.stats.typeon.stderr.log
164,smc_typeon,Target/Tengine/examples/common/stb_image.h,1440,46,Possible read of undefined value at,"%185 = shufflevector <12 x i16> %182, <12 x i16> poison, <4 x i32> <i32 2, i32 5, i32 8, i32 11>, !dbg !984",/home/jimi/PaperExperiment/CompilerOptimization/Result/tengine/seahorn/seahorn-O2-g/result/run_20260322_185943_fixed_fullmatrix/log/sea.smc.stats.typeon.stderr.log
165,smc_typeon,Target/Tengine/examples/common/stb_image.h,1415,27,Possible read of undefined value at,"%312 = shufflevector <8 x i16> %308, <8 x i16> poison, <4 x i32> <i32 0, i32 2, i32 4, i32 6>, !dbg !1065",/home/jimi/PaperExperiment/CompilerOptimization/Result/tengine/seahorn/seahorn-O2-g/result/run_20260322_185943_fixed_fullmatrix/log/sea.smc.stats.typeon.stderr.log
166,smc_typeon,Target/Tengine/examples/common/stb_image.h,1415,27,Possible read of undefined value at,"%313 = shufflevector <8 x i16> %309, <8 x i16> poison, <4 x i32> <i32 0, i32 2, i32 4, i32 6>, !dbg !1065",/home/jimi/PaperExperiment/CompilerOptimization/Result/tengine/seahorn/seahorn-O2-g/result/run_20260322_185943_fixed_fullmatrix/log/sea.smc.stats.typeon.stderr.log
167,smc_typeon,Target/Tengine/examples/common/stb_image.h,1415,27,Possible read of undefined value at,"%314 = shufflevector <8 x i16> %310, <8 x i16> poison, <4 x i32> <i32 0, i32 2, i32 4, i32 6>, !dbg !1065",/home/jimi/PaperExperiment/CompilerOptimization/Result/tengine/seahorn/seahorn-O2-g/result/run_20260322_185943_fixed_fullmatrix/log/sea.smc.stats.typeon.stderr.log
168,smc_typeon,Target/Tengine/examples/common/stb_image.h,1415,27,Possible read of undefined value at,"%315 = shufflevector <8 x i16> %311, <8 x i16> poison, <4 x i32> <i32 0, i32 2, i32 4, i32 6>, !dbg !1065",/home/jimi/PaperExperiment/CompilerOptimization/Result/tengine/seahorn/seahorn-O2-g/result/run_20260322_185943_fixed_fullmatrix/log/sea.smc.stats.typeon.stderr.log
169,smc_typeon,Target/Tengine/examples/common/stb_image.h,5097,21,Possible read of undefined value at,"%87 = shufflevector <8 x i16> %86, <8 x i16> poison, <4 x i32> <i32 0, i32 2, i32 4, i32 6>, !dbg !896",/home/jimi/PaperExperiment/CompilerOptimization/Result/tengine/seahorn/seahorn-O2-g/result/run_20260322_185943_fixed_fullmatrix/log/sea.smc.stats.typeon.stderr.log
170,smc_typeon,Target/Tengine/examples/common/stb_image.h,5067,21,Possible read of undefined value at,"%98 = shufflevector <16 x i8> %97, <16 x i8> poison, <8 x i32> <i32 0, i32 2, i32 4, i32 6, i32 8, i32 10, i32 12, i32 14>, !dbg !896",/home/jimi/PaperExperiment/CompilerOptimization/Result/tengine/seahorn/seahorn-O2-g/result/run_20260322_185943_fixed_fullmatrix/log/sea.smc.stats.typeon.stderr.log
171,smc_typeon,Target/Tengine/examples/common/stb_image.h,3153,31,Possible read of undefined value at,"%513 = insertelement <4 x i32> poison, i32 %509, i64 0, !dbg !1373",/home/jimi/PaperExperiment/CompilerOptimization/Result/tengine/seahorn/seahorn-O2-g/result/run_20260322_185943_fixed_fullmatrix/log/sea.smc.stats.typeon.stderr.log
172,smc_typeon,Target/Tengine/examples/common/stb_image.h,3153,31,Possible read of undefined value at,"%521 = insertelement <4 x i32> poison, i32 %517, i64 0, !dbg !1373",/home/jimi/PaperExperiment/CompilerOptimization/Result/tengine/seahorn/seahorn-O2-g/result/run_20260322_185943_fixed_fullmatrix/log/sea.smc.stats.typeon.stderr.log
173,smc_typeon,Target/Tengine/examples/common/stb_image.h,3153,31,Possible read of undefined value at,"%529 = insertelement <4 x i32> poison, i32 %525, i64 0, !dbg !1373",/home/jimi/PaperExperiment/CompilerOptimization/Result/tengine/seahorn/seahorn-O2-g/result/run_20260322_185943_fixed_fullmatrix/log/sea.smc.stats.typeon.stderr.log
174,smc_typeon,Target/Tengine/examples/common/stb_image.h,3153,31,Possible read of undefined value at,"%537 = insertelement <4 x i32> poison, i32 %533, i64 0, !dbg !1373",/home/jimi/PaperExperiment/CompilerOptimization/Result/tengine/seahorn/seahorn-O2-g/result/run_20260322_185943_fixed_fullmatrix/log/sea.smc.stats.typeon.stderr.log
175,smc_typeon,Target/Tengine/examples/common/stb_image.h,3153,31,Possible read of undefined value at,"%569 = insertelement <4 x i32> poison, i32 %565, i64 0, !dbg !1373",/home/jimi/PaperExperiment/CompilerOptimization/Result/tengine/seahorn/seahorn-O2-g/result/run_20260322_185943_fixed_fullmatrix/log/sea.smc.stats.typeon.stderr.log
176,smc_typeon,Target/Tengine/examples/common/stb_image.h,3153,31,Possible read of undefined value at,"%577 = insertelement <4 x i32> poison, i32 %573, i64 0, !dbg !1373",/home/jimi/PaperExperiment/CompilerOptimization/Result/tengine/seahorn/seahorn-O2-g/result/run_20260322_185943_fixed_fullmatrix/log/sea.smc.stats.typeon.stderr.log
177,smc_typeon,Target/Tengine/examples/common/stb_image.h,3153,31,Possible read of undefined value at,"%585 = insertelement <4 x i32> poison, i32 %581, i64 0, !dbg !1373",/home/jimi/PaperExperiment/CompilerOptimization/Result/tengine/seahorn/seahorn-O2-g/result/run_20260322_185943_fixed_fullmatrix/log/sea.smc.stats.typeon.stderr.log
178,smc_typeon,Target/Tengine/examples/common/stb_image.h,3153,31,Possible read of undefined value at,"%593 = insertelement <4 x i32> poison, i32 %589, i64 0, !dbg !1373",/home/jimi/PaperExperiment/CompilerOptimization/Result/tengine/seahorn/seahorn-O2-g/result/run_20260322_185943_fixed_fullmatrix/log/sea.smc.stats.typeon.stderr.log
179,smc_typeon,Target/Tengine/examples/common/stb_image.h,0,0,Possible read of undefined value at,"%623 = insertelement <2 x i32> poison, i32 %614, i64 0, !dbg !854",/home/jimi/PaperExperiment/CompilerOptimization/Result/tengine/seahorn/seahorn-O2-g/result/run_20260322_185943_fixed_fullmatrix/log/sea.smc.stats.typeon.stderr.log
180,smc_typeon,Target/Tengine/examples/common/stb_image_write.h,301,12,Possible read of undefined value at,"%17 = call i32 (%struct.stbi__write_context*, i32, i32, i32, i32, i32, i32, i8*, i32, i32, i8*, ...) @stbiw__outfile(%struct.stbi__write_context* noundef nonnull %7, i32 undef, i32 undef, i32 noundef %2, i32 noundef %3, i32 noundef %4, i32 noundef 1, i8* noundef %5, i32 noundef 0, i32 noundef %12, i8* noundef getelementptr inbounds ([24 x i8], [24 x i8]* @.str.145, i64 0, i64 0), i32 noundef 66, i32 noundef 77, i32 noundef %16, i32 noundef 0, i32 noundef 0, i32 noundef 54, i32 noundef 40, i32 noundef %2, i32 noundef %3, i32 noundef 1, i32 noundef 24, i32 noundef 0, i32 noundef 0, i32 noundef 0, i32 noundef 0, i32 noundef 0, i32 noundef 0) #31, !dbg !905",/home/jimi/PaperExperiment/CompilerOptimization/Result/tengine/seahorn/seahorn-O2-g/result/run_20260322_185943_fixed_fullmatrix/log/sea.smc.stats.typeon.stderr.log
181,smc_typeon,Target/Tengine/examples/common/stb_image_write.h,301,12,Possible read of undefined value at,"%17 = call i32 (%struct.stbi__write_context*, i32, i32, i32, i32, i32, i32, i8*, i32, i32, i8*, ...) @stbiw__outfile(%struct.stbi__write_context* noundef nonnull %7, i32 undef, i32 undef, i32 noundef %2, i32 noundef %3, i32 noundef %4, i32 noundef 1, i8* noundef %5, i32 noundef 0, i32 noundef %12, i8* noundef getelementptr inbounds ([24 x i8], [24 x i8]* @.str.145, i64 0, i64 0), i32 noundef 66, i32 noundef 77, i32 noundef %16, i32 noundef 0, i32 noundef 0, i32 noundef 54, i32 noundef 40, i32 noundef %2, i32 noundef %3, i32 noundef 1, i32 noundef 24, i32 noundef 0, i32 noundef 0, i32 noundef 0, i32 noundef 0, i32 noundef 0, i32 noundef 0) #31, !dbg !905",/home/jimi/PaperExperiment/CompilerOptimization/Result/tengine/seahorn/seahorn-O2-g/result/run_20260322_185943_fixed_fullmatrix/log/sea.smc.stats.typeon.stderr.log
182,smc_typeon,Target/Tengine/examples/common/stb_image_write.h,301,12,Possible read of undefined value at,"%20 = call i32 (%struct.stbi__write_context*, i32, i32, i32, i32, i32, i32, i8*, i32, i32, i8*, ...) @stbiw__outfile(%struct.stbi__write_context* noundef nonnull %6, i32 undef, i32 undef, i32 noundef %1, i32 noundef %2, i32 noundef %3, i32 noundef 1, i8* noundef %4, i32 noundef 0, i32 noundef %15, i8* noundef getelementptr inbounds ([24 x i8], [24 x i8]* @.str.145, i64 0, i64 0), i32 noundef 66, i32 noundef 77, i32 noundef %19, i32 noundef 0, i32 noundef 0, i32 noundef 54, i32 noundef 40, i32 noundef %1, i32 noundef %2, i32 noundef 1, i32 noundef 24, i32 noundef 0, i32 noundef 0, i32 noundef 0, i32 noundef 0, i32 noundef 0, i32 noundef 0) #31, !dbg !919",/home/jimi/PaperExperiment/CompilerOptimization/Result/tengine/seahorn/seahorn-O2-g/result/run_20260322_185943_fixed_fullmatrix/log/sea.smc.stats.typeon.stderr.log
183,smc_typeon,Target/Tengine/examples/common/stb_image_write.h,301,12,Possible read of undefined value at,"%20 = call i32 (%struct.stbi__write_context*, i32, i32, i32, i32, i32, i32, i8*, i32, i32, i8*, ...) @stbiw__outfile(%struct.stbi__write_context* noundef nonnull %6, i32 undef, i32 undef, i32 noundef %1, i32 noundef %2, i32 noundef %3, i32 noundef 1, i8* noundef %4, i32 noundef 0, i32 noundef %15, i8* noundef getelementptr inbounds ([24 x i8], [24 x i8]* @.str.145, i64 0, i64 0), i32 noundef 66, i32 noundef 77, i32 noundef %19, i32 noundef 0, i32 noundef 0, i32 noundef 54, i32 noundef 40, i32 noundef %1, i32 noundef %2, i32 noundef 1, i32 noundef 24, i32 noundef 0, i32 noundef 0, i32 noundef 0, i32 noundef 0, i32 noundef 0, i32 noundef 0) #31, !dbg !919",/home/jimi/PaperExperiment/CompilerOptimization/Result/tengine/seahorn/seahorn-O2-g/result/run_20260322_185943_fixed_fullmatrix/log/sea.smc.stats.typeon.stderr.log
184,smc_typeon,Target/Tengine/examples/common/stb_image_write.h,341,16,Possible read of undefined value at,"%25 = tail call i32 (%struct.stbi__write_context*, i32, i32, i32, i32, i32, i32, i8*, i32, i32, i8*, ...) @stbiw__outfile(%struct.stbi__write_context* noundef %0, i32 undef, i32 undef, i32 noundef %1, i32 noundef %2, i32 noundef %3, i32 noundef 0, i8* noundef %4, i32 noundef %11, i32 noundef 0, i8* noundef getelementptr inbounds ([16 x i8], [16 x i8]* @.str.146, i64 0, i64 0), i32 noundef 0, i32 noundef 0, i32 noundef %15, i32 noundef 0, i32 noundef 0, i32 noundef 0, i32 noundef 0, i32 noundef 0, i32 noundef %1, i32 noundef %2, i32 noundef %23, i32 noundef %24), !dbg !911",/home/jimi/PaperExperiment/CompilerOptimization/Result/tengine/seahorn/seahorn-O2-g/result/run_20260322_185943_fixed_fullmatrix/log/sea.smc.stats.typeon.stderr.log
185,smc_typeon,Target/Tengine/examples/common/stb_image_write.h,341,16,Possible read of undefined value at,"%25 = tail call i32 (%struct.stbi__write_context*, i32, i32, i32, i32, i32, i32, i8*, i32, i32, i8*, ...) @stbiw__outfile(%struct.stbi__write_context* noundef %0, i32 undef, i32 undef, i32 noundef %1, i32 noundef %2, i32 noundef %3, i32 noundef 0, i8* noundef %4, i32 noundef %11, i32 noundef 0, i8* noundef getelementptr inbounds ([16 x i8], [16 x i8]* @.str.146, i64 0, i64 0), i32 noundef 0, i32 noundef 0, i32 noundef %15, i32 noundef 0, i32 noundef 0, i32 noundef 0, i32 noundef 0, i32 noundef 0, i32 noundef %1, i32 noundef %2, i32 noundef %23, i32 noundef %24), !dbg !911",/home/jimi/PaperExperiment/CompilerOptimization/Result/tengine/seahorn/seahorn-O2-g/result/run_20260322_185943_fixed_fullmatrix/log/sea.smc.stats.typeon.stderr.log
186,smc_typeon,Target/Tengine/examples/common/stb_image_write.h,349,9,Possible read of undefined value at,"tail call void (%struct.stbi__write_context*, i8*, ...) @stbiw__writef(%struct.stbi__write_context* noundef %0, i8* undef, i32 noundef 0, i32 noundef 0, i32 noundef %27, i32 noundef 0, i32 noundef 0, i32 noundef 0, i32 noundef 0, i32 noundef 0, i32 noundef %1, i32 noundef %2, i32 noundef %29, i32 noundef %30), !dbg !917",/home/jimi/PaperExperiment/CompilerOptimization/Result/tengine/seahorn/seahorn-O2-g/result/run_20260322_185943_fixed_fullmatrix/log/sea.smc.stats.typeon.stderr.log
187,smc_typeon,Target/Tengine/examples/common/stb_image_write.h,1408,9,Possible read of undefined value at,"%90 = insertelement <8 x float> poison, float %89, i64 0, !dbg !899",/home/jimi/PaperExperiment/CompilerOptimization/Result/tengine/seahorn/seahorn-O2-g/result/run_20260322_185943_fixed_fullmatrix/log/sea.smc.stats.typeon.stderr.log
188,smc_typeon,Target/Tengine/examples/common/stb_image_write.h,1408,9,Possible read of undefined value at,"%91 = shufflevector <8 x float> %90, <8 x float> poison, <8 x i32> zeroinitializer, !dbg !899",/home/jimi/PaperExperiment/CompilerOptimization/Result/tengine/seahorn/seahorn-O2-g/result/run_20260322_185943_fixed_fullmatrix/log/sea.smc.stats.typeon.stderr.log
189,smc_typeon,Target/Tengine/examples/common/stb_image_write.h,1408,32,Possible read of undefined value at,"%140 = insertelement <8 x i8> poison, i8 %132, i64 0, !dbg !906",/home/jimi/PaperExperiment/CompilerOptimization/Result/tengine/seahorn/seahorn-O2-g/result/run_20260322_185943_fixed_fullmatrix/log/sea.smc.stats.typeon.stderr.log
190,smc_typeon,Target/Tengine/examples/common/stb_image_write.h,1408,32,Possible read of undefined value at,"%170 = insertelement <8 x i8> poison, i8 %162, i64 0, !dbg !906",/home/jimi/PaperExperiment/CompilerOptimization/Result/tengine/seahorn/seahorn-O2-g/result/run_20260322_185943_fixed_fullmatrix/log/sea.smc.stats.typeon.stderr.log
191,smc_typeon,Target/Tengine/examples/common/stb_image_write.h,1192,27,Possible read of undefined value at,"%70 = insertelement <4 x float> poison, float %66, i64 0, !dbg !958",/home/jimi/PaperExperiment/CompilerOptimization/Result/tengine/seahorn/seahorn-O2-g/result/run_20260322_185943_fixed_fullmatrix/log/sea.smc.stats.typeon.stderr.log
192,smc_typeon,Target/Tengine/examples/common/stb_image_write.h,1192,38,Possible read of undefined value at,"%78 = insertelement <4 x float> poison, float %74, i64 0, !dbg !959",/home/jimi/PaperExperiment/CompilerOptimization/Result/tengine/seahorn/seahorn-O2-g/result/run_20260322_185943_fixed_fullmatrix/log/sea.smc.stats.typeon.stderr.log
193,smc_typeon,Target/Tengine/examples/common/stb_image_write.h,1192,49,Possible read of undefined value at,"%86 = insertelement <4 x float> poison, float %82, i64 0, !dbg !960",/home/jimi/PaperExperiment/CompilerOptimization/Result/tengine/seahorn/seahorn-O2-g/result/run_20260322_185943_fixed_fullmatrix/log/sea.smc.stats.typeon.stderr.log
194,smc_typeon,Target/Tengine/examples/common/stb_image_write.h,1192,60,Possible read of undefined value at,"%94 = insertelement <4 x float> poison, float %90, i64 0, !dbg !961",/home/jimi/PaperExperiment/CompilerOptimization/Result/tengine/seahorn/seahorn-O2-g/result/run_20260322_185943_fixed_fullmatrix/log/sea.smc.stats.typeon.stderr.log
195,smc_typeon,Target/Tengine/examples/common/stb_image_write.h,1192,71,Possible read of undefined value at,"%102 = insertelement <4 x float> poison, float %98, i64 0, !dbg !962",/home/jimi/PaperExperiment/CompilerOptimization/Result/tengine/seahorn/seahorn-O2-g/result/run_20260322_185943_fixed_fullmatrix/log/sea.smc.stats.typeon.stderr.log
196,smc_typeon,Target/Tengine/examples/common/stb_image_write.h,1192,82,Possible read of undefined value at,"%110 = insertelement <4 x float> poison, float %106, i64 0, !dbg !963",/home/jimi/PaperExperiment/CompilerOptimization/Result/tengine/seahorn/seahorn-O2-g/result/run_20260322_185943_fixed_fullmatrix/log/sea.smc.stats.typeon.stderr.log
197,smc_typeon,Target/Tengine/examples/common/stb_image_write.h,1192,93,Possible read of undefined value at,"%118 = insertelement <4 x float> poison, float %114, i64 0, !dbg !964",/home/jimi/PaperExperiment/CompilerOptimization/Result/tengine/seahorn/seahorn-O2-g/result/run_20260322_185943_fixed_fullmatrix/log/sea.smc.stats.typeon.stderr.log
198,smc_typeon,Target/Tengine/examples/common/stb_image_write.h,1192,27,Possible read of undefined value at,"%206 = insertelement <4 x float> poison, float %202, i64 0, !dbg !958",/home/jimi/PaperExperiment/CompilerOptimization/Result/tengine/seahorn/seahorn-O2-g/result/run_20260322_185943_fixed_fullmatrix/log/sea.smc.stats.typeon.stderr.log
199,smc_typeon,Target/Tengine/examples/common/stb_image_write.h,1192,38,Possible read of undefined value at,"%214 = insertelement <4 x float> poison, float %210, i64 0, !dbg !959",/home/jimi/PaperExperiment/CompilerOptimization/Result/tengine/seahorn/seahorn-O2-g/result/run_20260322_185943_fixed_fullmatrix/log/sea.smc.stats.typeon.stderr.log
200,smc_typeon,Target/Tengine/examples/common/stb_image_write.h,1192,49,Possible read of undefined value at,"%222 = insertelement <4 x float> poison, float %218, i64 0, !dbg !960",/home/jimi/PaperExperiment/CompilerOptimization/Result/tengine/seahorn/seahorn-O2-g/result/run_20260322_185943_fixed_fullmatrix/log/sea.smc.stats.typeon.stderr.log
201,smc_typeon,Target/Tengine/examples/common/stb_image_write.h,1192,60,Possible read of undefined value at,"%230 = insertelement <4 x float> poison, float %226, i64 0, !dbg !961",/home/jimi/PaperExperiment/CompilerOptimization/Result/tengine/seahorn/seahorn-O2-g/result/run_20260322_185943_fixed_fullmatrix/log/sea.smc.stats.typeon.stderr.log
202,smc_typeon,Target/Tengine/examples/common/stb_image_write.h,1192,71,Possible read of undefined value at,"%238 = insertelement <4 x float> poison, float %234, i64 0, !dbg !962",/home/jimi/PaperExperiment/CompilerOptimization/Result/tengine/seahorn/seahorn-O2-g/result/run_20260322_185943_fixed_fullmatrix/log/sea.smc.stats.typeon.stderr.log
203,smc_typeon,Target/Tengine/examples/common/stb_image_write.h,1192,82,Possible read of undefined value at,"%246 = insertelement <4 x float> poison, float %242, i64 0, !dbg !963",/home/jimi/PaperExperiment/CompilerOptimization/Result/tengine/seahorn/seahorn-O2-g/result/run_20260322_185943_fixed_fullmatrix/log/sea.smc.stats.typeon.stderr.log
204,smc_typeon,Target/Tengine/examples/common/stb_image_write.h,1192,93,Possible read of undefined value at,"%254 = insertelement <4 x float> poison, float %250, i64 0, !dbg !964",/home/jimi/PaperExperiment/CompilerOptimization/Result/tengine/seahorn/seahorn-O2-g/result/run_20260322_185943_fixed_fullmatrix/log/sea.smc.stats.typeon.stderr.log
205,smc_typeon,Target/Tengine/examples/common/tengine_operations.c,107,13,Possible read of undefined value at,"%240 = insertelement <8 x float> poison, float %237, i64 0, !dbg !1100",/home/jimi/PaperExperiment/CompilerOptimization/Result/tengine/seahorn/seahorn-O2-g/result/run_20260322_185943_fixed_fullmatrix/log/sea.smc.stats.typeon.stderr.log
206,smc_typeon,Target/Tengine/examples/common/tengine_operations.c,107,13,Possible read of undefined value at,"%241 = shufflevector <8 x float> %240, <8 x float> poison, <8 x i32> zeroinitializer, !dbg !1100",/home/jimi/PaperExperiment/CompilerOptimization/Result/tengine/seahorn/seahorn-O2-g/result/run_20260322_185943_fixed_fullmatrix/log/sea.smc.stats.typeon.stderr.log
207,smc_typeon,Target/Tengine/examples/common/tengine_operations.c,107,13,Possible read of undefined value at,"%242 = insertelement <8 x float> poison, float %237, i64 0, !dbg !1100",/home/jimi/PaperExperiment/CompilerOptimization/Result/tengine/seahorn/seahorn-O2-g/result/run_20260322_185943_fixed_fullmatrix/log/sea.smc.stats.typeon.stderr.log
208,smc_typeon,Target/Tengine/examples/common/tengine_operations.c,107,13,Possible read of undefined value at,"%243 = shufflevector <8 x float> %242, <8 x float> poison, <8 x i32> zeroinitializer, !dbg !1100",/home/jimi/PaperExperiment/CompilerOptimization/Result/tengine/seahorn/seahorn-O2-g/result/run_20260322_185943_fixed_fullmatrix/log/sea.smc.stats.typeon.stderr.log
209,smc_typeon,Target/Tengine/examples/common/tengine_operations.c,107,13,Possible read of undefined value at,"%244 = insertelement <8 x float> poison, float %237, i64 0, !dbg !1100",/home/jimi/PaperExperiment/CompilerOptimization/Result/tengine/seahorn/seahorn-O2-g/result/run_20260322_185943_fixed_fullmatrix/log/sea.smc.stats.typeon.stderr.log
210,smc_typeon,Target/Tengine/examples/common/tengine_operations.c,107,13,Possible read of undefined value at,"%245 = shufflevector <8 x float> %244, <8 x float> poison, <8 x i32> zeroinitializer, !dbg !1100",/home/jimi/PaperExperiment/CompilerOptimization/Result/tengine/seahorn/seahorn-O2-g/result/run_20260322_185943_fixed_fullmatrix/log/sea.smc.stats.typeon.stderr.log
211,smc_typeon,Target/Tengine/examples/common/tengine_operations.c,107,13,Possible read of undefined value at,"%246 = insertelement <8 x float> poison, float %237, i64 0, !dbg !1100",/home/jimi/PaperExperiment/CompilerOptimization/Result/tengine/seahorn/seahorn-O2-g/result/run_20260322_185943_fixed_fullmatrix/log/sea.smc.stats.typeon.stderr.log
212,smc_typeon,Target/Tengine/examples/common/tengine_operations.c,107,13,Possible read of undefined value at,"%247 = shufflevector <8 x float> %246, <8 x float> poison, <8 x i32> zeroinitializer, !dbg !1100",/home/jimi/PaperExperiment/CompilerOptimization/Result/tengine/seahorn/seahorn-O2-g/result/run_20260322_185943_fixed_fullmatrix/log/sea.smc.stats.typeon.stderr.log
213,smc_typeon,Target/Tengine/examples/common/tengine_operations.c,107,13,Possible read of undefined value at,"%248 = insertelement <8 x float> poison, float %238, i64 0, !dbg !1100",/home/jimi/PaperExperiment/CompilerOptimization/Result/tengine/seahorn/seahorn-O2-g/result/run_20260322_185943_fixed_fullmatrix/log/sea.smc.stats.typeon.stderr.log
214,smc_typeon,Target/Tengine/examples/common/tengine_operations.c,107,13,Possible read of undefined value at,"%249 = shufflevector <8 x float> %248, <8 x float> poison, <8 x i32> zeroinitializer, !dbg !1100",/home/jimi/PaperExperiment/CompilerOptimization/Result/tengine/seahorn/seahorn-O2-g/result/run_20260322_185943_fixed_fullmatrix/log/sea.smc.stats.typeon.stderr.log
215,smc_typeon,Target/Tengine/examples/common/tengine_operations.c,107,13,Possible read of undefined value at,"%250 = insertelement <8 x float> poison, float %238, i64 0, !dbg !1100",/home/jimi/PaperExperiment/CompilerOptimization/Result/tengine/seahorn/seahorn-O2-g/result/run_20260322_185943_fixed_fullmatrix/log/sea.smc.stats.typeon.stderr.log
216,smc_typeon,Target/Tengine/examples/common/tengine_operations.c,107,13,Possible read of undefined value at,"%251 = shufflevector <8 x float> %250, <8 x float> poison, <8 x i32> zeroinitializer, !dbg !1100",/home/jimi/PaperExperiment/CompilerOptimization/Result/tengine/seahorn/seahorn-O2-g/result/run_20260322_185943_fixed_fullmatrix/log/sea.smc.stats.typeon.stderr.log
217,smc_typeon,Target/Tengine/examples/common/tengine_operations.c,107,13,Possible read of undefined value at,"%252 = insertelement <8 x float> poison, float %238, i64 0, !dbg !1100",/home/jimi/PaperExperiment/CompilerOptimization/Result/tengine/seahorn/seahorn-O2-g/result/run_20260322_185943_fixed_fullmatrix/log/sea.smc.stats.typeon.stderr.log
218,smc_typeon,Target/Tengine/examples/common/tengine_operations.c,107,13,Possible read of undefined value at,"%253 = shufflevector <8 x float> %252, <8 x float> poison, <8 x i32> zeroinitializer, !dbg !1100",/home/jimi/PaperExperiment/CompilerOptimization/Result/tengine/seahorn/seahorn-O2-g/result/run_20260322_185943_fixed_fullmatrix/log/sea.smc.stats.typeon.stderr.log
219,smc_typeon,Target/Tengine/examples/common/tengine_operations.c,107,13,Possible read of undefined value at,"%254 = insertelement <8 x float> poison, float %238, i64 0, !dbg !1100",/home/jimi/PaperExperiment/CompilerOptimization/Result/tengine/seahorn/seahorn-O2-g/result/run_20260322_185943_fixed_fullmatrix/log/sea.smc.stats.typeon.stderr.log
220,smc_typeon,Target/Tengine/examples/common/tengine_operations.c,107,13,Possible read of undefined value at,"%255 = shufflevector <8 x float> %254, <8 x float> poison, <8 x i32> zeroinitializer, !dbg !1100",/home/jimi/PaperExperiment/CompilerOptimization/Result/tengine/seahorn/seahorn-O2-g/result/run_20260322_185943_fixed_fullmatrix/log/sea.smc.stats.typeon.stderr.log
221,smc_typeon,Target/Tengine/examples/common/tengine_operations.c,882,5,Possible read of undefined value at,"%60 = insertelement <16 x float> poison, float %10, i64 0, !dbg !935",/home/jimi/PaperExperiment/CompilerOptimization/Result/tengine/seahorn/seahorn-O2-g/result/run_20260322_185943_fixed_fullmatrix/log/sea.smc.stats.typeon.stderr.log
222,smc_typeon,Target/Tengine/examples/common/tengine_operations.c,882,5,Possible read of undefined value at,"%61 = shufflevector <16 x float> %60, <16 x float> poison, <16 x i32> zeroinitializer, !dbg !935",/home/jimi/PaperExperiment/CompilerOptimization/Result/tengine/seahorn/seahorn-O2-g/result/run_20260322_185943_fixed_fullmatrix/log/sea.smc.stats.typeon.stderr.log
223,smc_typeon,Target/Tengine/examples/common/tengine_operations.c,882,5,Possible read of undefined value at,"%62 = insertelement <16 x i32> poison, i32 %32, i64 0, !dbg !935",/home/jimi/PaperExperiment/CompilerOptimization/Result/tengine/seahorn/seahorn-O2-g/result/run_20260322_185943_fixed_fullmatrix/log/sea.smc.stats.typeon.stderr.log
224,smc_typeon,Target/Tengine/examples/common/tengine_operations.c,882,5,Possible read of undefined value at,"%63 = shufflevector <16 x i32> %62, <16 x i32> poison, <16 x i32> zeroinitializer, !dbg !935",/home/jimi/PaperExperiment/CompilerOptimization/Result/tengine/seahorn/seahorn-O2-g/result/run_20260322_185943_fixed_fullmatrix/log/sea.smc.stats.typeon.stderr.log
225,smc_typeon,Target/Tengine/examples/common/tengine_operations.c,882,5,Possible read of undefined value at,"%64 = insertelement <16 x i32> poison, i32 %33, i64 0, !dbg !935",/home/jimi/PaperExperiment/CompilerOptimization/Result/tengine/seahorn/seahorn-O2-g/result/run_20260322_185943_fixed_fullmatrix/log/sea.smc.stats.typeon.stderr.log
226,smc_typeon,Target/Tengine/examples/common/tengine_operations.c,882,5,Possible read of undefined value at,"%65 = shufflevector <16 x i32> %64, <16 x i32> poison, <16 x i32> zeroinitializer, !dbg !935",/home/jimi/PaperExperiment/CompilerOptimization/Result/tengine/seahorn/seahorn-O2-g/result/run_20260322_185943_fixed_fullmatrix/log/sea.smc.stats.typeon.stderr.log
227,smc_typeon,Target/Tengine/examples/common/tengine_operations.c,902,5,Possible read of undefined value at,"%137 = insertelement <16 x float> poison, float %13, i64 0, !dbg !975",/home/jimi/PaperExperiment/CompilerOptimization/Result/tengine/seahorn/seahorn-O2-g/result/run_20260322_185943_fixed_fullmatrix/log/sea.smc.stats.typeon.stderr.log
228,smc_typeon,Target/Tengine/examples/common/tengine_operations.c,902,5,Possible read of undefined value at,"%138 = shufflevector <16 x float> %137, <16 x float> poison, <16 x i32> zeroinitializer, !dbg !975",/home/jimi/PaperExperiment/CompilerOptimization/Result/tengine/seahorn/seahorn-O2-g/result/run_20260322_185943_fixed_fullmatrix/log/sea.smc.stats.typeon.stderr.log
229,smc_typeon,Target/Tengine/examples/common/tengine_operations.c,902,5,Possible read of undefined value at,"%139 = insertelement <16 x i32> poison, i32 %104, i64 0, !dbg !975",/home/jimi/PaperExperiment/CompilerOptimization/Result/tengine/seahorn/seahorn-O2-g/result/run_20260322_185943_fixed_fullmatrix/log/sea.smc.stats.typeon.stderr.log
230,smc_typeon,Target/Tengine/examples/common/tengine_operations.c,902,5,Possible read of undefined value at,"%140 = shufflevector <16 x i32> %139, <16 x i32> poison, <16 x i32> zeroinitializer, !dbg !975",/home/jimi/PaperExperiment/CompilerOptimization/Result/tengine/seahorn/seahorn-O2-g/result/run_20260322_185943_fixed_fullmatrix/log/sea.smc.stats.typeon.stderr.log
231,smc_typeon,Target/Tengine/examples/common/tengine_operations.c,902,5,Possible read of undefined value at,"%141 = insertelement <16 x i32> poison, i32 %105, i64 0, !dbg !975",/home/jimi/PaperExperiment/CompilerOptimization/Result/tengine/seahorn/seahorn-O2-g/result/run_20260322_185943_fixed_fullmatrix/log/sea.smc.stats.typeon.stderr.log
232,smc_typeon,Target/Tengine/examples/common/tengine_operations.c,902,5,Possible read of undefined value at,"%142 = shufflevector <16 x i32> %141, <16 x i32> poison, <16 x i32> zeroinitializer, !dbg !975",/home/jimi/PaperExperiment/CompilerOptimization/Result/tengine/seahorn/seahorn-O2-g/result/run_20260322_185943_fixed_fullmatrix/log/sea.smc.stats.typeon.stderr.log
233,smc_typeon,Target/Tengine/examples/common/tengine_operations.c,966,13,Possible read of undefined value at,"%279 = insertelement <4 x i32> poison, i32 %273, i64 0, !dbg !1043",/home/jimi/PaperExperiment/CompilerOptimization/Result/tengine/seahorn/seahorn-O2-g/result/run_20260322_185943_fixed_fullmatrix/log/sea.smc.stats.typeon.stderr.log
234,smc_typeon,Target/Tengine/examples/common/tengine_operations.c,966,13,Possible read of undefined value at,"%280 = shufflevector <4 x i32> %279, <4 x i32> poison, <4 x i32> zeroinitializer, !dbg !1043",/home/jimi/PaperExperiment/CompilerOptimization/Result/tengine/seahorn/seahorn-O2-g/result/run_20260322_185943_fixed_fullmatrix/log/sea.smc.stats.typeon.stderr.log
235,smc_typeon,Target/Tengine/examples/common/tengine_operations.c,966,13,Possible read of undefined value at,"%281 = insertelement <4 x i32> poison, i32 %273, i64 0, !dbg !1043",/home/jimi/PaperExperiment/CompilerOptimization/Result/tengine/seahorn/seahorn-O2-g/result/run_20260322_185943_fixed_fullmatrix/log/sea.smc.stats.typeon.stderr.log
236,smc_typeon,Target/Tengine/examples/common/tengine_operations.c,966,13,Possible read of undefined value at,"%282 = shufflevector <4 x i32> %281, <4 x i32> poison, <4 x i32> zeroinitializer, !dbg !1043",/home/jimi/PaperExperiment/CompilerOptimization/Result/tengine/seahorn/seahorn-O2-g/result/run_20260322_185943_fixed_fullmatrix/log/sea.smc.stats.typeon.stderr.log
237,smc_typeon,Target/Tengine/examples/common/tengine_operations.c,966,13,Possible read of undefined value at,"%283 = insertelement <4 x i32> poison, i32 %273, i64 0, !dbg !1043",/home/jimi/PaperExperiment/CompilerOptimization/Result/tengine/seahorn/seahorn-O2-g/result/run_20260322_185943_fixed_fullmatrix/log/sea.smc.stats.typeon.stderr.log
238,smc_typeon,Target/Tengine/examples/common/tengine_operations.c,966,13,Possible read of undefined value at,"%284 = shufflevector <4 x i32> %283, <4 x i32> poison, <4 x i32> zeroinitializer, !dbg !1043",/home/jimi/PaperExperiment/CompilerOptimization/Result/tengine/seahorn/seahorn-O2-g/result/run_20260322_185943_fixed_fullmatrix/log/sea.smc.stats.typeon.stderr.log
239,smc_typeon,Target/Tengine/examples/common/tengine_operations.c,966,13,Possible read of undefined value at,"%285 = insertelement <4 x i32> poison, i32 %273, i64 0, !dbg !1043",/home/jimi/PaperExperiment/CompilerOptimization/Result/tengine/seahorn/seahorn-O2-g/result/run_20260322_185943_fixed_fullmatrix/log/sea.smc.stats.typeon.stderr.log
240,smc_typeon,Target/Tengine/examples/common/tengine_operations.c,966,13,Possible read of undefined value at,"%286 = shufflevector <4 x i32> %285, <4 x i32> poison, <4 x i32> zeroinitializer, !dbg !1043",/home/jimi/PaperExperiment/CompilerOptimization/Result/tengine/seahorn/seahorn-O2-g/result/run_20260322_185943_fixed_fullmatrix/log/sea.smc.stats.typeon.stderr.log
241,smc_typeon,Target/Tengine/examples/common/tengine_operations.c,966,13,Possible read of undefined value at,"%287 = insertelement <4 x i32> poison, i32 %276, i64 0, !dbg !1043",/home/jimi/PaperExperiment/CompilerOptimization/Result/tengine/seahorn/seahorn-O2-g/result/run_20260322_185943_fixed_fullmatrix/log/sea.smc.stats.typeon.stderr.log
242,smc_typeon,Target/Tengine/examples/common/tengine_operations.c,966,13,Possible read of undefined value at,"%288 = shufflevector <4 x i32> %287, <4 x i32> poison, <4 x i32> zeroinitializer, !dbg !1043",/home/jimi/PaperExperiment/CompilerOptimization/Result/tengine/seahorn/seahorn-O2-g/result/run_20260322_185943_fixed_fullmatrix/log/sea.smc.stats.typeon.stderr.log
243,smc_typeon,Target/Tengine/examples/common/tengine_operations.c,966,13,Possible read of undefined value at,"%289 = insertelement <4 x i32> poison, i32 %276, i64 0, !dbg !1043",/home/jimi/PaperExperiment/CompilerOptimization/Result/tengine/seahorn/seahorn-O2-g/result/run_20260322_185943_fixed_fullmatrix/log/sea.smc.stats.typeon.stderr.log
244,smc_typeon,Target/Tengine/examples/common/tengine_operations.c,966,13,Possible read of undefined value at,"%290 = shufflevector <4 x i32> %289, <4 x i32> poison, <4 x i32> zeroinitializer, !dbg !1043",/home/jimi/PaperExperiment/CompilerOptimization/Result/tengine/seahorn/seahorn-O2-g/result/run_20260322_185943_fixed_fullmatrix/log/sea.smc.stats.typeon.stderr.log
245,smc_typeon,Target/Tengine/examples/common/tengine_operations.c,966,13,Possible read of undefined value at,"%291 = insertelement <4 x i32> poison, i32 %276, i64 0, !dbg !1043",/home/jimi/PaperExperiment/CompilerOptimization/Result/tengine/seahorn/seahorn-O2-g/result/run_20260322_185943_fixed_fullmatrix/log/sea.smc.stats.typeon.stderr.log
246,smc_typeon,Target/Tengine/examples/common/tengine_operations.c,966,13,Possible read of undefined value at,"%292 = shufflevector <4 x i32> %291, <4 x i32> poison, <4 x i32> zeroinitializer, !dbg !1043",/home/jimi/PaperExperiment/CompilerOptimization/Result/tengine/seahorn/seahorn-O2-g/result/run_20260322_185943_fixed_fullmatrix/log/sea.smc.stats.typeon.stderr.log
247,smc_typeon,Target/Tengine/examples/common/tengine_operations.c,966,13,Possible read of undefined value at,"%293 = insertelement <4 x i32> poison, i32 %276, i64 0, !dbg !1043",/home/jimi/PaperExperiment/CompilerOptimization/Result/tengine/seahorn/seahorn-O2-g/result/run_20260322_185943_fixed_fullmatrix/log/sea.smc.stats.typeon.stderr.log
248,smc_typeon,Target/Tengine/examples/common/tengine_operations.c,966,13,Possible read of undefined value at,"%294 = shufflevector <4 x i32> %293, <4 x i32> poison, <4 x i32> zeroinitializer, !dbg !1043",/home/jimi/PaperExperiment/CompilerOptimization/Result/tengine/seahorn/seahorn-O2-g/result/run_20260322_185943_fixed_fullmatrix/log/sea.smc.stats.typeon.stderr.log
249,smc_typeon,Target/Tengine/examples/common/tengine_operations.c,537,16,Possible read of undefined value at,"%30 = insertelement <2 x i32> poison, i32 %13, i64 0, !dbg !889",/home/jimi/PaperExperiment/CompilerOptimization/Result/tengine/seahorn/seahorn-O2-g/result/run_20260322_185943_fixed_fullmatrix/log/sea.smc.stats.typeon.stderr.log
250,smc_typeon,Target/Tengine/examples/common/tengine_operations.c,537,16,Possible read of undefined value at,"%31 = shufflevector <2 x i32> %30, <2 x i32> poison, <2 x i32> zeroinitializer, !dbg !889",/home/jimi/PaperExperiment/CompilerOptimization/Result/tengine/seahorn/seahorn-O2-g/result/run_20260322_185943_fixed_fullmatrix/log/sea.smc.stats.typeon.stderr.log
251,smc_typeon,Target/Tengine/examples/common/tengine_operations.c,537,13,Possible read of undefined value at,"%32 = insertelement <2 x i32> poison, i32 %14, i64 0, !dbg !892",/home/jimi/PaperExperiment/CompilerOptimization/Result/tengine/seahorn/seahorn-O2-g/result/run_20260322_185943_fixed_fullmatrix/log/sea.smc.stats.typeon.stderr.log
252,smc_typeon,Target/Tengine/examples/common/tengine_operations.c,537,13,Possible read of undefined value at,"%33 = shufflevector <2 x i32> %32, <2 x i32> poison, <2 x i32> zeroinitializer, !dbg !892",/home/jimi/PaperExperiment/CompilerOptimization/Result/tengine/seahorn/seahorn-O2-g/result/run_20260322_185943_fixed_fullmatrix/log/sea.smc.stats.typeon.stderr.log
253,smc_typeon,Target/Tengine/examples/common/tengine_operations.c,546,16,Possible read of undefined value at,"%34 = insertelement <2 x i32> poison, i32 %16, i64 0, !dbg !893",/home/jimi/PaperExperiment/CompilerOptimization/Result/tengine/seahorn/seahorn-O2-g/result/run_20260322_185943_fixed_fullmatrix/log/sea.smc.stats.typeon.stderr.log
254,smc_typeon,Target/Tengine/examples/common/tengine_operations.c,546,16,Possible read of undefined value at,"%35 = shufflevector <2 x i32> %34, <2 x i32> poison, <2 x i32> zeroinitializer, !dbg !893",/home/jimi/PaperExperiment/CompilerOptimization/Result/tengine/seahorn/seahorn-O2-g/result/run_20260322_185943_fixed_fullmatrix/log/sea.smc.stats.typeon.stderr.log
255,smc_typeon,Target/Tengine/examples/common/tengine_operations.c,546,13,Possible read of undefined value at,"%36 = insertelement <2 x i32> poison, i32 %17, i64 0, !dbg !895",/home/jimi/PaperExperiment/CompilerOptimization/Result/tengine/seahorn/seahorn-O2-g/result/run_20260322_185943_fixed_fullmatrix/log/sea.smc.stats.typeon.stderr.log
256,smc_typeon,Target/Tengine/examples/common/tengine_operations.c,546,13,Possible read of undefined value at,"%37 = shufflevector <2 x i32> %36, <2 x i32> poison, <2 x i32> zeroinitializer, !dbg !895",/home/jimi/PaperExperiment/CompilerOptimization/Result/tengine/seahorn/seahorn-O2-g/result/run_20260322_185943_fixed_fullmatrix/log/sea.smc.stats.typeon.stderr.log
257,smc_typeon,Target/Tengine/examples/common/tengine_operations.c,566,24,Possible read of undefined value at,"%89 = insertelement <2 x i64> poison, i64 %88, i64 0, !dbg !932",/home/jimi/PaperExperiment/CompilerOptimization/Result/tengine/seahorn/seahorn-O2-g/result/run_20260322_185943_fixed_fullmatrix/log/sea.smc.stats.typeon.stderr.log
258,smc_typeon,Target/Tengine/examples/common/tengine_operations.c,566,24,Possible read of undefined value at,"%90 = shufflevector <2 x i64> %89, <2 x i64> poison, <2 x i32> zeroinitializer, !dbg !932",/home/jimi/PaperExperiment/CompilerOptimization/Result/tengine/seahorn/seahorn-O2-g/result/run_20260322_185943_fixed_fullmatrix/log/sea.smc.stats.typeon.stderr.log
259,smc_typeon,Target/Tengine/examples/common/tengine_operations.c,771,9,Possible read of undefined value at,"%113 = insertelement <8 x i32> poison, i32 %91, i64 0, !dbg !914",/home/jimi/PaperExperiment/CompilerOptimization/Result/tengine/seahorn/seahorn-O2-g/result/run_20260322_185943_fixed_fullmatrix/log/sea.smc.stats.typeon.stderr.log
260,smc_typeon,Target/Tengine/examples/common/tengine_operations.c,771,9,Possible read of undefined value at,"%114 = shufflevector <8 x i32> %113, <8 x i32> poison, <8 x i32> zeroinitializer, !dbg !914",/home/jimi/PaperExperiment/CompilerOptimization/Result/tengine/seahorn/seahorn-O2-g/result/run_20260322_185943_fixed_fullmatrix/log/sea.smc.stats.typeon.stderr.log
261,smc_typeon,Target/Tengine/examples/common/tengine_operations.c,800,5,Possible read of undefined value at,"%28 = insertelement <8 x float> poison, float %1, i64 0, !dbg !891",/home/jimi/PaperExperiment/CompilerOptimization/Result/tengine/seahorn/seahorn-O2-g/result/run_20260322_185943_fixed_fullmatrix/log/sea.smc.stats.typeon.stderr.log
262,smc_typeon,Target/Tengine/examples/common/tengine_operations.c,800,5,Possible read of undefined value at,"%29 = shufflevector <8 x float> %28, <8 x float> poison, <8 x i32> zeroinitializer, !dbg !891",/home/jimi/PaperExperiment/CompilerOptimization/Result/tengine/seahorn/seahorn-O2-g/result/run_20260322_185943_fixed_fullmatrix/log/sea.smc.stats.typeon.stderr.log
263,smc_typeon,Target/Tengine/examples/common/tengine_operations.c,800,5,Possible read of undefined value at,"%30 = insertelement <8 x float> poison, float %1, i64 0, !dbg !891",/home/jimi/PaperExperiment/CompilerOptimization/Result/tengine/seahorn/seahorn-O2-g/result/run_20260322_185943_fixed_fullmatrix/log/sea.smc.stats.typeon.stderr.log
264,smc_typeon,Target/Tengine/examples/common/tengine_operations.c,800,5,Possible read of undefined value at,"%31 = shufflevector <8 x float> %30, <8 x float> poison, <8 x i32> zeroinitializer, !dbg !891",/home/jimi/PaperExperiment/CompilerOptimization/Result/tengine/seahorn/seahorn-O2-g/result/run_20260322_185943_fixed_fullmatrix/log/sea.smc.stats.typeon.stderr.log
265,smc_typeon,Target/Tengine/examples/common/tengine_operations.c,800,5,Possible read of undefined value at,"%32 = insertelement <8 x float> poison, float %1, i64 0, !dbg !891",/home/jimi/PaperExperiment/CompilerOptimization/Result/tengine/seahorn/seahorn-O2-g/result/run_20260322_185943_fixed_fullmatrix/log/sea.smc.stats.typeon.stderr.log
266,smc_typeon,Target/Tengine/examples/common/tengine_operations.c,800,5,Possible read of undefined value at,"%33 = shufflevector <8 x float> %32, <8 x float> poison, <8 x i32> zeroinitializer, !dbg !891",/home/jimi/PaperExperiment/CompilerOptimization/Result/tengine/seahorn/seahorn-O2-g/result/run_20260322_185943_fixed_fullmatrix/log/sea.smc.stats.typeon.stderr.log
267,smc_typeon,Target/Tengine/examples/common/tengine_operations.c,800,5,Possible read of undefined value at,"%34 = insertelement <8 x float> poison, float %1, i64 0, !dbg !891",/home/jimi/PaperExperiment/CompilerOptimization/Result/tengine/seahorn/seahorn-O2-g/result/run_20260322_185943_fixed_fullmatrix/log/sea.smc.stats.typeon.stderr.log
268,smc_typeon,Target/Tengine/examples/common/tengine_operations.c,800,5,Possible read of undefined value at,"%35 = shufflevector <8 x float> %34, <8 x float> poison, <8 x i32> zeroinitializer, !dbg !891",/home/jimi/PaperExperiment/CompilerOptimization/Result/tengine/seahorn/seahorn-O2-g/result/run_20260322_185943_fixed_fullmatrix/log/sea.smc.stats.typeon.stderr.log
269,smc_typeon,Target/Tengine/examples/common/tengine_operations.c,842,10,Possible read of undefined value at,"%6 = insertelement <2 x i32> poison, i32 %2, i64 0, !dbg !877",/home/jimi/PaperExperiment/CompilerOptimization/Result/tengine/seahorn/seahorn-O2-g/result/run_20260322_185943_fixed_fullmatrix/log/sea.smc.stats.typeon.stderr.log
270,smc_typeon,Target/Tengine/examples/common/tengine_operations.c,842,27,Possible read of undefined value at,"%13 = shufflevector <2 x float> %12, <2 x float> poison, <2 x i32> <i32 1, i32 undef>, !dbg !886",/home/jimi/PaperExperiment/CompilerOptimization/Result/tengine/seahorn/seahorn-O2-g/result/run_20260322_185943_fixed_fullmatrix/log/sea.smc.stats.typeon.stderr.log
