target,priority_reason,reported_file,reported_line,reported_column,location_validity,source_region,example_case_uid,example_raw_artifact,example_raw_row_or_line,source_snippet,validation_status
zopfli,LineZero,/home/jimi/PaperExperiment/CompilerOptimization/Target/zopfli/src/zopfli/lz77.c,0,,line_zero,project_source,yapall.zopfli.O2g.000000013,/home/jimi/PaperExperiment/CompilerOptimization/Result/zopfli/yapall/LLVM14-O2-g/run_20260427_yapall_docker_smoke/log/CompilerOptimization_CompilerResult_zopfli_LLVM14-O2-g_artifacts_zopfli_O2_g_zopfli_only_bc_subset_k0_default.log,line=32; kind=invalid_load; operand=ZopfliStoreLitLenDist:ZopfliStoreLitLenDist:285:0; allocation=*null,,ok
zopfli,LineZero,/home/jimi/PaperExperiment/CompilerOptimization/Target/zopfli/src/zopfli/deflate.c,0,,line_zero,project_source,yapall.zopfli.O2g.000000090,/home/jimi/PaperExperiment/CompilerOptimization/Result/zopfli/yapall/LLVM14-O2-g/run_20260427_yapall_docker_smoke/log/CompilerOptimization_CompilerResult_zopfli_LLVM14-O2-g_artifacts_zopfli_O2_g_zopfli_only_bc_subset_k0_default.log,line=72; kind=invalid_load; operand=EncodeTree:7; allocation=*null,,ok
zopfli,LineZero,/home/jimi/PaperExperiment/CompilerOptimization/Target/zopfli/src/zopfli/blocksplitter.c,0,,line_zero,project_source,yapall.zopfli.O2g.000000259,/home/jimi/PaperExperiment/CompilerOptimization/Result/zopfli/yapall/LLVM14-O2-g/run_20260427_yapall_docker_smoke/log/CompilerOptimization_CompilerResult_zopfli_LLVM14-O2-g_artifacts_zopfli_O2_g_zopfli_only_bc_subset_k0_default.log,line=208; kind=invalid_store; operand=ZopfliBlockSplitLZ77:ZopfliBlockSplitLZ77:420:0; allocation=*null,,ok
libsndfile,LineZero,/home/jimi/PaperExperiment/CompilerOptimization/Target/libsndfile/src/ALAC/alac_decoder.c,0,,line_zero,project_source,yapall.libsndfile.O2g.000056761,/home/jimi/PaperExperiment/CompilerOptimization/Result/libsndfile/yapall/LLVM14-O2-g/run_20260427_yapall_docker_sndfile_convert_linked/log/CompilerOptimization_CompilerResult_libsndfile_LLVM14-O2-g_artifacts_libsndfile_sndfile_convert_O2_g_bc_subset_k0_default.log,line=157995; kind=invalid_load; operand=alac_decoder_init:alac_decoder_init:24:1; allocation=*@sds_3byte_read,,ok
libsndfile,LineZero,/home/jimi/PaperExperiment/CompilerOptimization/Target/libsndfile/src/common.c,0,,line_zero,project_source,yapall.libsndfile.O2g.000085123,/home/jimi/PaperExperiment/CompilerOptimization/Result/libsndfile/yapall/LLVM14-O2-g/run_20260427_yapall_docker_sndfile_convert_linked/log/CompilerOptimization_CompilerResult_libsndfile_LLVM14-O2-g_artifacts_libsndfile_sndfile_convert_O2_g_bc_subset_k0_default.log,line=194834; kind=invalid_load; operand=psf_binheader_readf:psf_binheader_readf:583:5; allocation=*@wav_next_chunk_iterator,,ok
libsndfile,LineZero,/home/jimi/PaperExperiment/CompilerOptimization/Target/libsndfile/src/ms_adpcm.c,0,,line_zero,project_source,yapall.libsndfile.O2g.000088709,/home/jimi/PaperExperiment/CompilerOptimization/Result/libsndfile/yapall/LLVM14-O2-g/run_20260427_yapall_docker_sndfile_convert_linked/log/CompilerOptimization_CompilerResult_libsndfile_LLVM14-O2-g_artifacts_libsndfile_sndfile_convert_O2_g_bc_subset_k0_default.log,line=199072; kind=invalid_load; operand=msadpcm_decode_block:msadpcm_decode_block:36:3; allocation=*@wav_next_chunk_iterator,,ok
libsndfile,LineZero,/home/jimi/PaperExperiment/CompilerOptimization/Target/libsndfile/src/aiff.c,0,,line_zero,project_source,yapall.libsndfile.O2g.000150651,/home/jimi/PaperExperiment/CompilerOptimization/Result/libsndfile/yapall/LLVM14-O2-g/run_20260427_yapall_docker_sndfile_convert_linked/log/CompilerOptimization_CompilerResult_libsndfile_LLVM14-O2-g_artifacts_libsndfile_sndfile_convert_O2_g_bc_subset_k0_default.log,line=287095; kind=invalid_load; operand=aiff_open:aiff_open:711:11; allocation=*@wav_next_chunk_iterator,,ok
libsndfile,LineZero,/home/jimi/PaperExperiment/CompilerOptimization/Target/libsndfile/src/sndfile.c,0,,line_zero,project_source,yapall.libsndfile.O2g.000176731,/home/jimi/PaperExperiment/CompilerOptimization/Result/libsndfile/yapall/LLVM14-O2-g/run_20260427_yapall_docker_sndfile_convert_linked/log/CompilerOptimization_CompilerResult_libsndfile_LLVM14-O2-g_artifacts_libsndfile_sndfile_convert_O2_g_bc_subset_k0_default.log,line=323933; kind=invalid_load; operand=sf_perror:sf_perror:18:0; allocation=*null,,ok
libsndfile,LineZero,/home/jimi/PaperExperiment/CompilerOptimization/Target/libsndfile/programs/common.c,0,,line_zero,project_source,yapall.libsndfile.O2g.000222046,/home/jimi/PaperExperiment/CompilerOptimization/Result/libsndfile/yapall/LLVM14-O2-g/run_20260427_yapall_docker_sndfile_convert_linked/log/CompilerOptimization_CompilerResult_libsndfile_LLVM14-O2-g_artifacts_libsndfile_sndfile_convert_O2_g_bc_subset_k0_default.log,line=384897; kind=invalid_load; operand=sfe_apply_metadata_changes:0; allocation=*@codec_close,,ok
libsndfile,LineZero,/home/jimi/PaperExperiment/CompilerOptimization/Target/libsndfile/src/ALAC/alac_encoder.c,0,,line_zero,project_source,yapall.libsndfile.O2g.000373712,/home/jimi/PaperExperiment/CompilerOptimization/Result/libsndfile/yapall/LLVM14-O2-g/run_20260427_yapall_docker_sndfile_convert_linked/log/CompilerOptimization_CompilerResult_libsndfile_LLVM14-O2-g_artifacts_libsndfile_sndfile_convert_O2_g_bc_subset_k0_default.log,line=581821; kind=invalid_store; operand=alac_get_magic_cookie:2; allocation=*@.str.73.1738:true(_),,ok
libsndfile,LineZero,/home/jimi/PaperExperiment/CompilerOptimization/Target/libsndfile/src/nms_adpcm.c,0,,line_zero,project_source,yapall.libsndfile.O2g.000489004,/home/jimi/PaperExperiment/CompilerOptimization/Result/libsndfile/yapall/LLVM14-O2-g/run_20260427_yapall_docker_sndfile_convert_linked/log/CompilerOptimization_CompilerResult_libsndfile_LLVM14-O2-g_artifacts_libsndfile_sndfile_convert_O2_g_bc_subset_k0_default.log,line=754758; kind=invalid_store; operand=nms_adpcm_update:nms_adpcm_update:171:0; allocation=*null,,ok
libsndfile,LineZero,/home/jimi/PaperExperiment/CompilerOptimization/Target/libsndfile/src/alac.c,0,,line_zero,project_source,yapall.libsndfile.O2g.000748866,/home/jimi/PaperExperiment/CompilerOptimization/Result/libsndfile/yapall/LLVM14-O2-g/run_20260427_yapall_docker_sndfile_convert_linked/log/CompilerOptimization_CompilerResult_libsndfile_LLVM14-O2-g_artifacts_libsndfile_sndfile_convert_O2_g_bc_subset_k0_default.log,line=1141809; kind=invalid_store; operand=alac_get_desc_chunk_items:1; allocation=*@.str.73.1738:true(_),,ok
libsndfile,LineZero,/home/jimi/PaperExperiment/CompilerOptimization/Target/libsndfile/src/wav.c,0,,line_zero,project_source,yapall.libsndfile.O2g.000762591,/home/jimi/PaperExperiment/CompilerOptimization/Result/libsndfile/yapall/LLVM14-O2-g/run_20260427_yapall_docker_sndfile_convert_linked/log/CompilerOptimization_CompilerResult_libsndfile_LLVM14-O2-g_artifacts_libsndfile_sndfile_convert_O2_g_bc_subset_k0_default.log,line=1163769; kind=invalid_store; operand=wav_open:wav_open:494:2; allocation=*@wav_next_chunk_iterator,,ok
libsndfile,LineZero,/home/jimi/PaperExperiment/CompilerOptimization/Target/libsndfile/src/file_io.c,0,,line_zero,project_source,yapall.libsndfile.O2g.000779061,/home/jimi/PaperExperiment/CompilerOptimization/Result/libsndfile/yapall/LLVM14-O2-g/run_20260427_yapall_docker_sndfile_convert_linked/log/CompilerOptimization_CompilerResult_libsndfile_LLVM14-O2-g_artifacts_libsndfile_sndfile_convert_O2_g_bc_subset_k0_default.log,line=1193049; kind=invalid_store; operand=psf_copy_filename:psf_copy_filename:29:0; allocation=*@codec_close,,ok
libsndfile,LineZero,/home/jimi/PaperExperiment/CompilerOptimization/Target/libsndfile/src/rf64.c,0,,line_zero,project_source,yapall.libsndfile.O2g.000809266,/home/jimi/PaperExperiment/CompilerOptimization/Result/libsndfile/yapall/LLVM14-O2-g/run_20260427_yapall_docker_sndfile_convert_linked/log/CompilerOptimization_CompilerResult_libsndfile_LLVM14-O2-g_artifacts_libsndfile_sndfile_convert_O2_g_bc_subset_k0_default.log,line=1235185; kind=points_to_top; operand=rf64_write_header:rf64_write_header:208:1,,ok
libsndfile,LineZero,/home/jimi/PaperExperiment/CompilerOptimization/Target/libsndfile/src/caf.c,0,,line_zero,project_source,yapall.libsndfile.O2g.000809285,/home/jimi/PaperExperiment/CompilerOptimization/Result/libsndfile/yapall/LLVM14-O2-g/run_20260427_yapall_docker_sndfile_convert_linked/log/CompilerOptimization_CompilerResult_libsndfile_LLVM14-O2-g_artifacts_libsndfile_sndfile_convert_O2_g_bc_subset_k0_default.log,line=1235241; kind=points_to_top; operand=caf_write_header:caf_write_header:256:1,,ok
libsndfile,LineZero,/home/jimi/PaperExperiment/CompilerOptimization/Target/libsndfile/src/wavlike.c,0,,line_zero,project_source,yapall.libsndfile.O2g.000809288,/home/jimi/PaperExperiment/CompilerOptimization/Result/libsndfile/yapall/LLVM14-O2-g/run_20260427_yapall_docker_sndfile_convert_linked/log/CompilerOptimization_CompilerResult_libsndfile_LLVM14-O2-g_artifacts_libsndfile_sndfile_convert_O2_g_bc_subset_k0_default.log,line=1235267; kind=points_to_top; operand=wavlike_subchunk_parse:wavlike_subchunk_parse:3:17,,ok
libsndfile,LineZero,/home/jimi/PaperExperiment/CompilerOptimization/Target/libsndfile/src/sds.c,0,,line_zero,project_source,yapall.libsndfile.O2g.000809311,/home/jimi/PaperExperiment/CompilerOptimization/Result/libsndfile/yapall/LLVM14-O2-g/run_20260427_yapall_docker_sndfile_convert_linked/log/CompilerOptimization_CompilerResult_libsndfile_LLVM14-O2-g_artifacts_libsndfile_sndfile_convert_O2_g_bc_subset_k0_default.log,line=1235323; kind=points_to_top; operand=sds_3byte_read:1,,ok
libsndfile,LineZero,/home/jimi/PaperExperiment/CompilerOptimization/Target/libsndfile/src/mpc2k.c,0,,line_zero,project_source,yapall.libsndfile.O2g.000809349,/home/jimi/PaperExperiment/CompilerOptimization/Result/libsndfile/yapall/LLVM14-O2-g/run_20260427_yapall_docker_sndfile_convert_linked/log/CompilerOptimization_CompilerResult_libsndfile_LLVM14-O2-g_artifacts_libsndfile_sndfile_convert_O2_g_bc_subset_k0_default.log,line=1235331; kind=points_to_top; operand=mpc2k_write_header:1,,ok
libsndfile,LineZero,/home/jimi/PaperExperiment/CompilerOptimization/Target/libsndfile/src/paf.c,0,,line_zero,project_source,yapall.libsndfile.O2g.000809350,/home/jimi/PaperExperiment/CompilerOptimization/Result/libsndfile/yapall/LLVM14-O2-g/run_20260427_yapall_docker_sndfile_convert_linked/log/CompilerOptimization_CompilerResult_libsndfile_LLVM14-O2-g_artifacts_libsndfile_sndfile_convert_O2_g_bc_subset_k0_default.log,line=1235332; kind=points_to_top; operand=paf24_read_s:1,,ok
libsndfile,LineZero,/home/jimi/PaperExperiment/CompilerOptimization/Target/libsndfile/src/ircam.c,0,,line_zero,project_source,yapall.libsndfile.O2g.000809360,/home/jimi/PaperExperiment/CompilerOptimization/Result/libsndfile/yapall/LLVM14-O2-g/run_20260427_yapall_docker_sndfile_convert_linked/log/CompilerOptimization_CompilerResult_libsndfile_LLVM14-O2-g_artifacts_libsndfile_sndfile_convert_O2_g_bc_subset_k0_default.log,line=1235339; kind=points_to_top; operand=ircam_write_header:1,,ok
libsndfile,LineZero,/home/jimi/PaperExperiment/CompilerOptimization/Target/libsndfile/src/wve.c,0,,line_zero,project_source,yapall.libsndfile.O2g.000809361,/home/jimi/PaperExperiment/CompilerOptimization/Result/libsndfile/yapall/LLVM14-O2-g/run_20260427_yapall_docker_sndfile_convert_linked/log/CompilerOptimization_CompilerResult_libsndfile_LLVM14-O2-g_artifacts_libsndfile_sndfile_convert_O2_g_bc_subset_k0_default.log,line=1235340; kind=points_to_top; operand=wve_write_header:1,,ok
libsndfile,LineZero,/home/jimi/PaperExperiment/CompilerOptimization/Target/libsndfile/src/htk.c,0,,line_zero,project_source,yapall.libsndfile.O2g.000809364,/home/jimi/PaperExperiment/CompilerOptimization/Result/libsndfile/yapall/LLVM14-O2-g/run_20260427_yapall_docker_sndfile_convert_linked/log/CompilerOptimization_CompilerResult_libsndfile_LLVM14-O2-g_artifacts_libsndfile_sndfile_convert_O2_g_bc_subset_k0_default.log,line=1235343; kind=points_to_top; operand=htk_write_header:1,,ok
libsndfile,LineZero,/home/jimi/PaperExperiment/CompilerOptimization/Target/libsndfile/src/mat5.c,0,,line_zero,project_source,yapall.libsndfile.O2g.000809365,/home/jimi/PaperExperiment/CompilerOptimization/Result/libsndfile/yapall/LLVM14-O2-g/run_20260427_yapall_docker_sndfile_convert_linked/log/CompilerOptimization_CompilerResult_libsndfile_LLVM14-O2-g_artifacts_libsndfile_sndfile_convert_O2_g_bc_subset_k0_default.log,line=1235344; kind=points_to_top; operand=mat5_write_header:1,,ok
libsndfile,LineZero,/home/jimi/PaperExperiment/CompilerOptimization/Target/libsndfile/src/voc.c,0,,line_zero,project_source,yapall.libsndfile.O2g.000809366,/home/jimi/PaperExperiment/CompilerOptimization/Result/libsndfile/yapall/LLVM14-O2-g/run_20260427_yapall_docker_sndfile_convert_linked/log/CompilerOptimization_CompilerResult_libsndfile_LLVM14-O2-g_artifacts_libsndfile_sndfile_convert_O2_g_bc_subset_k0_default.log,line=1235345; kind=points_to_top; operand=voc_write_header:1,,ok
libsndfile,LineZero,/home/jimi/PaperExperiment/CompilerOptimization/Target/libsndfile/src/nist.c,0,,line_zero,project_source,yapall.libsndfile.O2g.000809371,/home/jimi/PaperExperiment/CompilerOptimization/Result/libsndfile/yapall/LLVM14-O2-g/run_20260427_yapall_docker_sndfile_convert_linked/log/CompilerOptimization_CompilerResult_libsndfile_LLVM14-O2-g_artifacts_libsndfile_sndfile_convert_O2_g_bc_subset_k0_default.log,line=1235350; kind=points_to_top; operand=nist_write_header:1,,ok
libsndfile,LineZero,/home/jimi/PaperExperiment/CompilerOptimization/Target/libsndfile/src/w64.c,0,,line_zero,project_source,yapall.libsndfile.O2g.000809379,/home/jimi/PaperExperiment/CompilerOptimization/Result/libsndfile/yapall/LLVM14-O2-g/run_20260427_yapall_docker_sndfile_convert_linked/log/CompilerOptimization_CompilerResult_libsndfile_LLVM14-O2-g_artifacts_libsndfile_sndfile_convert_O2_g_bc_subset_k0_default.log,line=1235356; kind=points_to_top; operand=w64_write_header:1,,ok
libsndfile,LineZero,/home/jimi/PaperExperiment/CompilerOptimization/Target/libsndfile/src/svx.c,0,,line_zero,project_source,yapall.libsndfile.O2g.000809388,/home/jimi/PaperExperiment/CompilerOptimization/Result/libsndfile/yapall/LLVM14-O2-g/run_20260427_yapall_docker_sndfile_convert_linked/log/CompilerOptimization_CompilerResult_libsndfile_LLVM14-O2-g_artifacts_libsndfile_sndfile_convert_O2_g_bc_subset_k0_default.log,line=1235361; kind=points_to_top; operand=svx_write_header:1,,ok
libsndfile,LineZero,/home/jimi/PaperExperiment/CompilerOptimization/Target/libsndfile/src/xi.c,0,,line_zero,project_source,yapall.libsndfile.O2g.000809390,/home/jimi/PaperExperiment/CompilerOptimization/Result/libsndfile/yapall/LLVM14-O2-g/run_20260427_yapall_docker_sndfile_convert_linked/log/CompilerOptimization_CompilerResult_libsndfile_LLVM14-O2-g_artifacts_libsndfile_sndfile_convert_O2_g_bc_subset_k0_default.log,line=1235363; kind=points_to_top; operand=xi_write_header:1,,ok
libsndfile,LineZero,/home/jimi/PaperExperiment/CompilerOptimization/Target/libsndfile/src/mat4.c,0,,line_zero,project_source,yapall.libsndfile.O2g.000809391,/home/jimi/PaperExperiment/CompilerOptimization/Result/libsndfile/yapall/LLVM14-O2-g/run_20260427_yapall_docker_sndfile_convert_linked/log/CompilerOptimization_CompilerResult_libsndfile_LLVM14-O2-g_artifacts_libsndfile_sndfile_convert_O2_g_bc_subset_k0_default.log,line=1235364; kind=points_to_top; operand=mat4_write_header:1,,ok
libsndfile,LineZero,/home/jimi/PaperExperiment/CompilerOptimization/Target/libsndfile/src/avr.c,0,,line_zero,project_source,yapall.libsndfile.O2g.000809400,/home/jimi/PaperExperiment/CompilerOptimization/Result/libsndfile/yapall/LLVM14-O2-g/run_20260427_yapall_docker_sndfile_convert_linked/log/CompilerOptimization_CompilerResult_libsndfile_LLVM14-O2-g_artifacts_libsndfile_sndfile_convert_O2_g_bc_subset_k0_default.log,line=1235371; kind=points_to_top; operand=avr_write_header:1,,ok
libsndfile,LineZero,/home/jimi/PaperExperiment/CompilerOptimization/Target/libsndfile/src/pvf.c,0,,line_zero,project_source,yapall.libsndfile.O2g.000809414,/home/jimi/PaperExperiment/CompilerOptimization/Result/libsndfile/yapall/LLVM14-O2-g/run_20260427_yapall_docker_sndfile_convert_linked/log/CompilerOptimization_CompilerResult_libsndfile_LLVM14-O2-g_artifacts_libsndfile_sndfile_convert_O2_g_bc_subset_k0_default.log,line=1235384; kind=points_to_top; operand=pvf_write_header:1,,ok
libsndfile,LineZero,/home/jimi/PaperExperiment/CompilerOptimization/Target/libsndfile/src/au.c,0,,line_zero,project_source,yapall.libsndfile.O2g.000809417,/home/jimi/PaperExperiment/CompilerOptimization/Result/libsndfile/yapall/LLVM14-O2-g/run_20260427_yapall_docker_sndfile_convert_linked/log/CompilerOptimization_CompilerResult_libsndfile_LLVM14-O2-g_artifacts_libsndfile_sndfile_convert_O2_g_bc_subset_k0_default.log,line=1235387; kind=points_to_top; operand=au_write_header:1,,ok
libsndfile,LineZero,/home/jimi/PaperExperiment/CompilerOptimization/Target/libsndfile/programs/sndfile-convert.c,0,,line_zero,project_source,yapall.libsndfile.O2g.000809419,/home/jimi/PaperExperiment/CompilerOptimization/Result/libsndfile/yapall/LLVM14-O2-g/run_20260427_yapall_docker_sndfile_convert_linked/log/CompilerOptimization_CompilerResult_libsndfile_LLVM14-O2-g_artifacts_libsndfile_sndfile_convert_O2_g_bc_subset_k0_default.log,line=1235389; kind=points_to_top; operand=main:1,,ok
libsndfile,LineZero,/home/jimi/PaperExperiment/CompilerOptimization/Target/libsndfile/src/ima_oki_adpcm.c,0,,line_zero,project_source,yapall.libsndfile.O2g.000809421,/home/jimi/PaperExperiment/CompilerOptimization/Result/libsndfile/yapall/LLVM14-O2-g/run_20260427_yapall_docker_sndfile_convert_linked/log/CompilerOptimization_CompilerResult_libsndfile_LLVM14-O2-g_artifacts_libsndfile_sndfile_convert_O2_g_bc_subset_k0_default.log,line=1235391; kind=points_to_top; operand=adpcm_encode:1,,ok
libsndfile,LineZero,/home/jimi/PaperExperiment/CompilerOptimization/Target/libsndfile/src/command.c,0,,line_zero,project_source,yapall.libsndfile.O2g.000809423,/home/jimi/PaperExperiment/CompilerOptimization/Result/libsndfile/yapall/LLVM14-O2-g/run_20260427_yapall_docker_sndfile_convert_linked/log/CompilerOptimization_CompilerResult_libsndfile_LLVM14-O2-g_artifacts_libsndfile_sndfile_convert_O2_g_bc_subset_k0_default.log,line=1235393; kind=points_to_top; operand=psf_get_signal_max:1,,ok
libsndfile,LineZero,/home/jimi/PaperExperiment/CompilerOptimization/Target/libsndfile/src/mpeg_l3_encode.c,0,,line_zero,project_source,yapall.libsndfile.O2g.000809424,/home/jimi/PaperExperiment/CompilerOptimization/Result/libsndfile/yapall/LLVM14-O2-g/run_20260427_yapall_docker_sndfile_convert_linked/log/CompilerOptimization_CompilerResult_libsndfile_LLVM14-O2-g_artifacts_libsndfile_sndfile_convert_O2_g_bc_subset_k0_default.log,line=1235394; kind=points_to_top; operand=mpeg_l3_encoder_init:1,,ok
libsndfile,LineZero,/home/jimi/PaperExperiment/CompilerOptimization/Target/libsndfile/src/GSM610/add.c,0,,line_zero,project_source,yapall.libsndfile.O2g.000809425,/home/jimi/PaperExperiment/CompilerOptimization/Result/libsndfile/yapall/LLVM14-O2-g/run_20260427_yapall_docker_sndfile_convert_linked/log/CompilerOptimization_CompilerResult_libsndfile_LLVM14-O2-g_artifacts_libsndfile_sndfile_convert_O2_g_bc_subset_k0_default.log,line=1235395; kind=points_to_top; operand=gsm_mult:1,,ok
libsndfile,LineZero,/home/jimi/PaperExperiment/CompilerOptimization/Target/libsndfile/src/ima_adpcm.c,0,,line_zero,project_source,yapall.libsndfile.O2g.000809431,/home/jimi/PaperExperiment/CompilerOptimization/Result/libsndfile/yapall/LLVM14-O2-g/run_20260427_yapall_docker_sndfile_convert_linked/log/CompilerOptimization_CompilerResult_libsndfile_LLVM14-O2-g_artifacts_libsndfile_sndfile_convert_O2_g_bc_subset_k0_default.log,line=1235400; kind=points_to_top; operand=wavlike_ima_decode_block:1,,ok
libsndfile,LineZero,/home/jimi/PaperExperiment/CompilerOptimization/Target/libsndfile/src/G72x/g72x.c,0,,line_zero,project_source,yapall.libsndfile.O2g.000809437,/home/jimi/PaperExperiment/CompilerOptimization/Result/libsndfile/yapall/LLVM14-O2-g/run_20260427_yapall_docker_sndfile_convert_linked/log/CompilerOptimization_CompilerResult_libsndfile_LLVM14-O2-g_artifacts_libsndfile_sndfile_convert_O2_g_bc_subset_k0_default.log,line=1235401; kind=points_to_top; operand=fmult:1,,ok
libsndfile,LineZero,/home/jimi/PaperExperiment/CompilerOptimization/Target/libsndfile/src/chunk.c,0,,line_zero,project_source,yapall.libsndfile.O2g.000809439,/home/jimi/PaperExperiment/CompilerOptimization/Result/libsndfile/yapall/LLVM14-O2-g/run_20260427_yapall_docker_sndfile_convert_linked/log/CompilerOptimization_CompilerResult_libsndfile_LLVM14-O2-g_artifacts_libsndfile_sndfile_convert_O2_g_bc_subset_k0_default.log,line=1235402; kind=points_to_top; operand=psf_find_read_chunk_str:1,,ok
libsndfile,LineZero,/home/jimi/PaperExperiment/CompilerOptimization/Target/libsndfile/src/G72x/g723_24.c,0,,line_zero,project_source,yapall.libsndfile.O2g.000809443,/home/jimi/PaperExperiment/CompilerOptimization/Result/libsndfile/yapall/LLVM14-O2-g/run_20260427_yapall_docker_sndfile_convert_linked/log/CompilerOptimization_CompilerResult_libsndfile_LLVM14-O2-g_artifacts_libsndfile_sndfile_convert_O2_g_bc_subset_k0_default.log,line=1235403; kind=points_to_top; operand=g723_24_decoder:1,,ok
libsndfile,LineZero,/home/jimi/PaperExperiment/CompilerOptimization/Target/libsndfile/src/ALAC/ALACBitUtilities.c,0,,line_zero,project_source,yapall.libsndfile.O2g.000809458,/home/jimi/PaperExperiment/CompilerOptimization/Result/libsndfile/yapall/LLVM14-O2-g/run_20260427_yapall_docker_sndfile_convert_linked/log/CompilerOptimization_CompilerResult_libsndfile_LLVM14-O2-g_artifacts_libsndfile_sndfile_convert_O2_g_bc_subset_k0_default.log,line=1235410; kind=points_to_top; operand=BitBufferByteAlign:1,,ok
libsndfile,LineZero,/home/jimi/PaperExperiment/CompilerOptimization/Target/libsndfile/src/dwvw.c,0,,line_zero,project_source,yapall.libsndfile.O2g.000809459,/home/jimi/PaperExperiment/CompilerOptimization/Result/libsndfile/yapall/LLVM14-O2-g/run_20260427_yapall_docker_sndfile_convert_linked/log/CompilerOptimization_CompilerResult_libsndfile_LLVM14-O2-g_artifacts_libsndfile_sndfile_convert_O2_g_bc_subset_k0_default.log,line=1235411; kind=points_to_top; operand=dwvw_init:1,,ok
libsndfile,LineZero,/home/jimi/PaperExperiment/CompilerOptimization/Target/libsndfile/src/G72x/g721.c,0,,line_zero,project_source,yapall.libsndfile.O2g.000809471,/home/jimi/PaperExperiment/CompilerOptimization/Result/libsndfile/yapall/LLVM14-O2-g/run_20260427_yapall_docker_sndfile_convert_linked/log/CompilerOptimization_CompilerResult_libsndfile_LLVM14-O2-g_artifacts_libsndfile_sndfile_convert_O2_g_bc_subset_k0_default.log,line=1235414; kind=points_to_top; operand=g721_encoder:1,,ok
libsndfile,LineZero,/home/jimi/PaperExperiment/CompilerOptimization/Target/libsndfile/src/g72x.c,0,,line_zero,project_source,yapall.libsndfile.O2g.000809527,/home/jimi/PaperExperiment/CompilerOptimization/Result/libsndfile/yapall/LLVM14-O2-g/run_20260427_yapall_docker_sndfile_convert_linked/log/CompilerOptimization_CompilerResult_libsndfile_LLVM14-O2-g_artifacts_libsndfile_sndfile_convert_O2_g_bc_subset_k0_default.log,line=1235424; kind=points_to_top; operand=psf_g72x_decode_block:1,,ok
libsndfile,LineZero,/home/jimi/PaperExperiment/CompilerOptimization/Target/libsndfile/src/GSM610/short_term.c,0,,line_zero,project_source,yapall.libsndfile.O2g.000809535,/home/jimi/PaperExperiment/CompilerOptimization/Result/libsndfile/yapall/LLVM14-O2-g/run_20260427_yapall_docker_sndfile_convert_linked/log/CompilerOptimization_CompilerResult_libsndfile_LLVM14-O2-g_artifacts_libsndfile_sndfile_convert_O2_g_bc_subset_k0_default.log,line=1235431; kind=points_to_top; operand=Decoding_of_the_coded_Log_Area_Ratios:1,,ok
libsndfile,LineZero,/home/jimi/PaperExperiment/CompilerOptimization/Target/libsndfile/src/chanmap.c,0,,line_zero,project_source,yapall.libsndfile.O2g.000809536,/home/jimi/PaperExperiment/CompilerOptimization/Result/libsndfile/yapall/LLVM14-O2-g/run_20260427_yapall_docker_sndfile_convert_linked/log/CompilerOptimization_CompilerResult_libsndfile_LLVM14-O2-g_artifacts_libsndfile_sndfile_convert_O2_g_bc_subset_k0_default.log,line=1235432; kind=points_to_top; operand=aiff_caf_find_channel_layout_tag:1,,ok
libsndfile,LineZero,/home/jimi/PaperExperiment/CompilerOptimization/Target/libsndfile/src/G72x/g723_40.c,0,,line_zero,project_source,yapall.libsndfile.O2g.000809594,/home/jimi/PaperExperiment/CompilerOptimization/Result/libsndfile/yapall/LLVM14-O2-g/run_20260427_yapall_docker_sndfile_convert_linked/log/CompilerOptimization_CompilerResult_libsndfile_LLVM14-O2-g_artifacts_libsndfile_sndfile_convert_O2_g_bc_subset_k0_default.log,line=1235440; kind=points_to_top; operand=g723_40_encoder:1,,ok
libsndfile,LineZero,/home/jimi/PaperExperiment/CompilerOptimization/Target/libsndfile/src/G72x/g723_16.c,0,,line_zero,project_source,yapall.libsndfile.O2g.000809595,/home/jimi/PaperExperiment/CompilerOptimization/Result/libsndfile/yapall/LLVM14-O2-g/run_20260427_yapall_docker_sndfile_convert_linked/log/CompilerOptimization_CompilerResult_libsndfile_LLVM14-O2-g_artifacts_libsndfile_sndfile_convert_O2_g_bc_subset_k0_default.log,line=1235441; kind=points_to_top; operand=g723_16_encoder:1,,ok
libsndfile,LineZero,/home/jimi/PaperExperiment/CompilerOptimization/Target/libsndfile/src/sd2.c,0,,line_zero,project_source,yapall.libsndfile.O2g.000809599,/home/jimi/PaperExperiment/CompilerOptimization/Result/libsndfile/yapall/LLVM14-O2-g/run_20260427_yapall_docker_sndfile_convert_linked/log/CompilerOptimization_CompilerResult_libsndfile_LLVM14-O2-g_artifacts_libsndfile_sndfile_convert_O2_g_bc_subset_k0_default.log,line=1235445; kind=points_to_top; operand=parse_str_rsrc:1,,ok
libsndfile,LineZero,/home/jimi/PaperExperiment/CompilerOptimization/Target/libsndfile/src/strings.c,0,,line_zero,project_source,yapall.libsndfile.O2g.000809618,/home/jimi/PaperExperiment/CompilerOptimization/Result/libsndfile/yapall/LLVM14-O2-g/run_20260427_yapall_docker_sndfile_convert_linked/log/CompilerOptimization_CompilerResult_libsndfile_LLVM14-O2-g_artifacts_libsndfile_sndfile_convert_O2_g_bc_subset_k0_default.log,line=1235448; kind=points_to_top; operand=psf_location_string_count:1,,ok
libsndfile,LineZero,/home/jimi/PaperExperiment/CompilerOptimization/Target/libsndfile/src/gsm610.c,0,,line_zero,project_source,yapall.libsndfile.O2g.000809633,/home/jimi/PaperExperiment/CompilerOptimization/Result/libsndfile/yapall/LLVM14-O2-g/run_20260427_yapall_docker_sndfile_convert_linked/log/CompilerOptimization_CompilerResult_libsndfile_LLVM14-O2-g_artifacts_libsndfile_sndfile_convert_O2_g_bc_subset_k0_default.log,line=1235460; kind=points_to_top; operand=gsm610_wav_encode_block:1,,ok
libsndfile,LineZero,/home/jimi/PaperExperiment/CompilerOptimization/Target/libsndfile/src/GSM610/gsm610_priv.h,0,,line_zero,project_header,yapall.libsndfile.O2g.000809643,/home/jimi/PaperExperiment/CompilerOptimization/Result/libsndfile/yapall/LLVM14-O2-g/run_20260427_yapall_docker_sndfile_convert_linked/log/CompilerOptimization_CompilerResult_libsndfile_LLVM14-O2-g_artifacts_libsndfile_sndfile_convert_O2_g_bc_subset_k0_default.log,line=1235467; kind=points_to_top; operand=gsm_asr:1,,ok
libsndfile,LineZero,/home/jimi/PaperExperiment/CompilerOptimization/Target/libsndfile/src/macos.c,0,,line_zero,project_source,yapall.libsndfile.O2g.000809664,/home/jimi/PaperExperiment/CompilerOptimization/Result/libsndfile/yapall/LLVM14-O2-g/run_20260427_yapall_docker_sndfile_convert_linked/log/CompilerOptimization_CompilerResult_libsndfile_LLVM14-O2-g_artifacts_libsndfile_sndfile_convert_O2_g_bc_subset_k0_default.log,line=1235481; kind=points_to_top; operand=macos_guess_file_type:1,,ok
libsndfile,LineZero,/home/jimi/PaperExperiment/CompilerOptimization/Target/libsndfile/src/dither.c,0,,line_zero,project_source,yapall.libsndfile.O2g.000809665,/home/jimi/PaperExperiment/CompilerOptimization/Result/libsndfile/yapall/LLVM14-O2-g/run_20260427_yapall_docker_sndfile_convert_linked/log/CompilerOptimization_CompilerResult_libsndfile_LLVM14-O2-g_artifacts_libsndfile_sndfile_convert_O2_g_bc_subset_k0_default.log,line=1235482; kind=points_to_top; operand=dither_init:1,,ok
libsndfile,LineZero,/home/jimi/PaperExperiment/CompilerOptimization/Target/libsndfile/src/double64.c,0,,line_zero,project_source,yapall.libsndfile.O2g.000809735,/home/jimi/PaperExperiment/CompilerOptimization/Result/libsndfile/yapall/LLVM14-O2-g/run_20260427_yapall_docker_sndfile_convert_linked/log/CompilerOptimization_CompilerResult_libsndfile_LLVM14-O2-g_artifacts_libsndfile_sndfile_convert_O2_g_bc_subset_k0_default.log,line=1235511; kind=points_to_top; operand=replace_write_i2d:1,,ok
libsndfile,LineZero,/home/jimi/PaperExperiment/CompilerOptimization/Target/libsndfile/src/float32.c,0,,line_zero,project_source,yapall.libsndfile.O2g.000809737,/home/jimi/PaperExperiment/CompilerOptimization/Result/libsndfile/yapall/LLVM14-O2-g/run_20260427_yapall_docker_sndfile_convert_linked/log/CompilerOptimization_CompilerResult_libsndfile_LLVM14-O2-g_artifacts_libsndfile_sndfile_convert_O2_g_bc_subset_k0_default.log,line=1235513; kind=points_to_top; operand=host_write_i2f:1,,ok
libsndfile,LineZero,/home/jimi/PaperExperiment/CompilerOptimization/Target/libsndfile/src/sfendian.h,0,,line_zero,project_header,yapall.libsndfile.O2g.000809740,/home/jimi/PaperExperiment/CompilerOptimization/Result/libsndfile/yapall/LLVM14-O2-g/run_20260427_yapall_docker_sndfile_convert_linked/log/CompilerOptimization_CompilerResult_libsndfile_LLVM14-O2-g_artifacts_libsndfile_sndfile_convert_O2_g_bc_subset_k0_default.log,line=1235515; kind=points_to_top; operand=host_read_d:1,,ok
libsndfile,LineZero,/home/jimi/PaperExperiment/CompilerOptimization/Target/libsndfile/src/audio_detect.c,0,,line_zero,project_source,yapall.libsndfile.O2g.000809786,/home/jimi/PaperExperiment/CompilerOptimization/Result/libsndfile/yapall/LLVM14-O2-g/run_20260427_yapall_docker_sndfile_convert_linked/log/CompilerOptimization_CompilerResult_libsndfile_LLVM14-O2-g_artifacts_libsndfile_sndfile_convert_O2_g_bc_subset_k0_default.log,line=1235543; kind=points_to_top; operand=audio_detect:0,,ok
libsndfile,LineZero,/home/jimi/PaperExperiment/CompilerOptimization/Target/libsndfile/src/pcm.c,0,,line_zero,project_source,yapall.libsndfile.O2g.000809793,/home/jimi/PaperExperiment/CompilerOptimization/Result/libsndfile/yapall/LLVM14-O2-g/run_20260427_yapall_docker_sndfile_convert_linked/log/CompilerOptimization_CompilerResult_libsndfile_LLVM14-O2-g_artifacts_libsndfile_sndfile_convert_O2_g_bc_subset_k0_default.log,line=1235550; kind=points_to_top; operand=pcm_read_lei2i:1,,ok
libsndfile,LineZero,/home/jimi/PaperExperiment/CompilerOptimization/Target/libsndfile/src/ALAC/ag_dec.c,0,,line_zero,project_source,yapall.libsndfile.O2g.000809794,/home/jimi/PaperExperiment/CompilerOptimization/Result/libsndfile/yapall/LLVM14-O2-g/run_20260427_yapall_docker_sndfile_convert_linked/log/CompilerOptimization_CompilerResult_libsndfile_LLVM14-O2-g_artifacts_libsndfile_sndfile_convert_O2_g_bc_subset_k0_default.log,line=1235551; kind=points_to_top; operand=set_standard_ag_params:1,,ok
libsndfile,LineZero,/home/jimi/PaperExperiment/CompilerOptimization/Target/libsndfile/src/ulaw.c,0,,line_zero,project_source,yapall.libsndfile.O2g.000809805,/home/jimi/PaperExperiment/CompilerOptimization/Result/libsndfile/yapall/LLVM14-O2-g/run_20260427_yapall_docker_sndfile_convert_linked/log/CompilerOptimization_CompilerResult_libsndfile_LLVM14-O2-g_artifacts_libsndfile_sndfile_convert_O2_g_bc_subset_k0_default.log,line=1235553; kind=points_to_top; operand=ulaw_write_i2ulaw:1,,ok
libsndfile,LineZero,/home/jimi/PaperExperiment/CompilerOptimization/Target/libsndfile/src/vox_adpcm.c,0,,line_zero,project_source,yapall.libsndfile.O2g.000809812,/home/jimi/PaperExperiment/CompilerOptimization/Result/libsndfile/yapall/LLVM14-O2-g/run_20260427_yapall_docker_sndfile_convert_linked/log/CompilerOptimization_CompilerResult_libsndfile_LLVM14-O2-g_artifacts_libsndfile_sndfile_convert_O2_g_bc_subset_k0_default.log,line=1235559; kind=points_to_top; operand=vox_read_s:1,,ok
libsndfile,LineZero,/home/jimi/PaperExperiment/CompilerOptimization/Target/libsndfile/src/alaw.c,0,,line_zero,project_source,yapall.libsndfile.O2g.000809813,/home/jimi/PaperExperiment/CompilerOptimization/Result/libsndfile/yapall/LLVM14-O2-g/run_20260427_yapall_docker_sndfile_convert_linked/log/CompilerOptimization_CompilerResult_libsndfile_LLVM14-O2-g_artifacts_libsndfile_sndfile_convert_O2_g_bc_subset_k0_default.log,line=1235560; kind=points_to_top; operand=alaw_write_i2alaw:1,,ok
libsndfile,LineZero,/home/jimi/PaperExperiment/CompilerOptimization/Target/libsndfile/src/ALAC/dp_enc.c,0,,line_zero,project_source,yapall.libsndfile.O2g.000809830,/home/jimi/PaperExperiment/CompilerOptimization/Result/libsndfile/yapall/LLVM14-O2-g/run_20260427_yapall_docker_sndfile_convert_linked/log/CompilerOptimization_CompilerResult_libsndfile_LLVM14-O2-g_artifacts_libsndfile_sndfile_convert_O2_g_bc_subset_k0_default.log,line=1235570; kind=points_to_top; operand=init_coefs:1,,ok
libsndfile,LineZero,/home/jimi/PaperExperiment/CompilerOptimization/Target/libsndfile/src/interleave.c,0,,line_zero,project_source,yapall.libsndfile.O2g.000809832,/home/jimi/PaperExperiment/CompilerOptimization/Result/libsndfile/yapall/LLVM14-O2-g/run_20260427_yapall_docker_sndfile_convert_linked/log/CompilerOptimization_CompilerResult_libsndfile_LLVM14-O2-g_artifacts_libsndfile_sndfile_convert_O2_g_bc_subset_k0_default.log,line=1235571; kind=points_to_top; operand=interleave_read_double:1,,ok
libsndfile,LineZero,/home/jimi/PaperExperiment/CompilerOptimization/Target/libsndfile/src/GSM610/lpc.c,0,,line_zero,project_source,yapall.libsndfile.O2g.000809855,/home/jimi/PaperExperiment/CompilerOptimization/Result/libsndfile/yapall/LLVM14-O2-g/run_20260427_yapall_docker_sndfile_convert_linked/log/CompilerOptimization_CompilerResult_libsndfile_LLVM14-O2-g_artifacts_libsndfile_sndfile_convert_O2_g_bc_subset_k0_default.log,line=1235579; kind=points_to_top; operand=Gsm_LPC_Analysis:1,,ok
libsndfile,LineZero,/home/jimi/PaperExperiment/CompilerOptimization/Target/libsndfile/src/cart.c,0,,line_zero,project_source,yapall.libsndfile.O2g.000810052,/home/jimi/PaperExperiment/CompilerOptimization/Result/libsndfile/yapall/LLVM14-O2-g/run_20260427_yapall_docker_sndfile_convert_linked/log/CompilerOptimization_CompilerResult_libsndfile_LLVM14-O2-g_artifacts_libsndfile_sndfile_convert_O2_g_bc_subset_k0_default.log,line=1235639; kind=points_to_top; operand=cart_var_set:1,,ok
libsndfile,LineZero,/home/jimi/PaperExperiment/CompilerOptimization/Target/libsndfile/src/GSM610/gsm_encode.c,0,,line_zero,project_source,yapall.libsndfile.O2g.000810085,/home/jimi/PaperExperiment/CompilerOptimization/Result/libsndfile/yapall/LLVM14-O2-g/run_20260427_yapall_docker_sndfile_convert_linked/log/CompilerOptimization_CompilerResult_libsndfile_LLVM14-O2-g_artifacts_libsndfile_sndfile_convert_O2_g_bc_subset_k0_default.log,line=1235654; kind=points_to_top; operand=gsm_encode:1,,ok
libsndfile,LineZero,/home/jimi/PaperExperiment/CompilerOptimization/Target/libsndfile/src/mpeg.c,0,,line_zero,project_source,yapall.libsndfile.O2g.000810127,/home/jimi/PaperExperiment/CompilerOptimization/Result/libsndfile/yapall/LLVM14-O2-g/run_20260427_yapall_docker_sndfile_convert_linked/log/CompilerOptimization_CompilerResult_libsndfile_LLVM14-O2-g_artifacts_libsndfile_sndfile_convert_O2_g_bc_subset_k0_default.log,line=1235684; kind=points_to_top; operand=mpeg_init:1,,ok
libsndfile,LineZero,/home/jimi/PaperExperiment/CompilerOptimization/Target/libsndfile/src/GSM610/gsm_decode.c,0,,line_zero,project_source,yapall.libsndfile.O2g.000810137,/home/jimi/PaperExperiment/CompilerOptimization/Result/libsndfile/yapall/LLVM14-O2-g/run_20260427_yapall_docker_sndfile_convert_linked/log/CompilerOptimization_CompilerResult_libsndfile_LLVM14-O2-g_artifacts_libsndfile_sndfile_convert_O2_g_bc_subset_k0_default.log,line=1235692; kind=points_to_top; operand=gsm_decode:1,,ok
libsndfile,LineZero,/home/jimi/PaperExperiment/CompilerOptimization/Target/libsndfile/src/broadcast.c,0,,line_zero,project_source,yapall.libsndfile.O2g.000810172,/home/jimi/PaperExperiment/CompilerOptimization/Result/libsndfile/yapall/LLVM14-O2-g/run_20260427_yapall_docker_sndfile_convert_linked/log/CompilerOptimization_CompilerResult_libsndfile_LLVM14-O2-g_artifacts_libsndfile_sndfile_convert_O2_g_bc_subset_k0_default.log,line=1235713; kind=points_to_top; operand=broadcast_var_set:1,,ok
libsndfile,LineZero,/home/jimi/PaperExperiment/CompilerOptimization/Target/libsndfile/src/GSM610/preprocess.c,0,,line_zero,project_source,yapall.libsndfile.O2g.000810184,/home/jimi/PaperExperiment/CompilerOptimization/Result/libsndfile/yapall/LLVM14-O2-g/run_20260427_yapall_docker_sndfile_convert_linked/log/CompilerOptimization_CompilerResult_libsndfile_LLVM14-O2-g_artifacts_libsndfile_sndfile_convert_O2_g_bc_subset_k0_default.log,line=1235722; kind=points_to_top; operand=Gsm_Preprocess:1,,ok
libsndfile,LineZero,/home/jimi/PaperExperiment/CompilerOptimization/Target/libsndfile/src/GSM610/gsm_option.c,0,,line_zero,project_source,yapall.libsndfile.O2g.000810214,/home/jimi/PaperExperiment/CompilerOptimization/Result/libsndfile/yapall/LLVM14-O2-g/run_20260427_yapall_docker_sndfile_convert_linked/log/CompilerOptimization_CompilerResult_libsndfile_LLVM14-O2-g_artifacts_libsndfile_sndfile_convert_O2_g_bc_subset_k0_default.log,line=1235746; kind=points_to_top; operand=gsm_option:1,,ok
libsndfile,LineZero,/home/jimi/PaperExperiment/CompilerOptimization/Target/libsndfile/src/id3.c,0,,line_zero,project_source,yapall.libsndfile.O2g.000810509,/home/jimi/PaperExperiment/CompilerOptimization/Result/libsndfile/yapall/LLVM14-O2-g/run_20260427_yapall_docker_sndfile_convert_linked/log/CompilerOptimization_CompilerResult_libsndfile_LLVM14-O2-g_artifacts_libsndfile_sndfile_convert_O2_g_bc_subset_k0_default.log,line=1236068; kind=points_to_top; operand=id3_process_v2_genre:id3_process_v2_genre:6:2,,ok
libsndfile,LineZero,/home/jimi/PaperExperiment/CompilerOptimization/Target/libsndfile/src/ogg_speex.c,0,,line_zero,project_source,yapall.libsndfile.O2g.000812256,/home/jimi/PaperExperiment/CompilerOptimization/Result/libsndfile/yapall/LLVM14-O2-g/run_20260427_yapall_docker_sndfile_convert_linked/log/CompilerOptimization_CompilerResult_libsndfile_LLVM14-O2-g_artifacts_libsndfile_sndfile_convert_O2_g_bc_subset_k0_default.log,line=1237790; kind=points_to_top; operand=ogg_speex_open:0,,ok
libsndfile,LineZero,/home/jimi/PaperExperiment/CompilerOptimization/Target/libsndfile/src/ogg_opus.c,0,,line_zero,project_source,yapall.libsndfile.O2g.000812534,/home/jimi/PaperExperiment/CompilerOptimization/Result/libsndfile/yapall/LLVM14-O2-g/run_20260427_yapall_docker_sndfile_convert_linked/log/CompilerOptimization_CompilerResult_libsndfile_LLVM14-O2-g_artifacts_libsndfile_sndfile_convert_O2_g_bc_subset_k0_default.log,line=1237816; kind=points_to_top; operand=ogg_opus_open:0,,ok
libsndfile,LineZero,/home/jimi/PaperExperiment/CompilerOptimization/Target/libsndfile/src/rx2.c,0,,line_zero,project_source,yapall.libsndfile.O2g.000812648,/home/jimi/PaperExperiment/CompilerOptimization/Result/libsndfile/yapall/LLVM14-O2-g/run_20260427_yapall_docker_sndfile_convert_linked/log/CompilerOptimization_CompilerResult_libsndfile_LLVM14-O2-g_artifacts_libsndfile_sndfile_convert_O2_g_bc_subset_k0_default.log,line=1237822; kind=points_to_top; operand=rx2_open:0,,ok
libsndfile,LineZero,/home/jimi/PaperExperiment/CompilerOptimization/Target/libsndfile/src/mpeg_decode.c,0,,line_zero,project_source,yapall.libsndfile.O2g.000812672,/home/jimi/PaperExperiment/CompilerOptimization/Result/libsndfile/yapall/LLVM14-O2-g/run_20260427_yapall_docker_sndfile_convert_linked/log/CompilerOptimization_CompilerResult_libsndfile_LLVM14-O2-g_artifacts_libsndfile_sndfile_convert_O2_g_bc_subset_k0_default.log,line=1237830; kind=points_to_top; operand=mpeg_decoder_init:0,,ok
libsndfile,LineZero,/home/jimi/PaperExperiment/CompilerOptimization/Target/libsndfile/src/raw.c,0,,line_zero,project_source,yapall.libsndfile.O2g.000812693,/home/jimi/PaperExperiment/CompilerOptimization/Result/libsndfile/yapall/LLVM14-O2-g/run_20260427_yapall_docker_sndfile_convert_linked/log/CompilerOptimization_CompilerResult_libsndfile_LLVM14-O2-g_artifacts_libsndfile_sndfile_convert_O2_g_bc_subset_k0_default.log,line=1237838; kind=points_to_top; operand=raw_open:0,,ok
libsndfile,LineZero,/home/jimi/PaperExperiment/CompilerOptimization/Target/libsndfile/src/ogg_vorbis.c,0,,line_zero,project_source,yapall.libsndfile.O2g.000812717,/home/jimi/PaperExperiment/CompilerOptimization/Result/libsndfile/yapall/LLVM14-O2-g/run_20260427_yapall_docker_sndfile_convert_linked/log/CompilerOptimization_CompilerResult_libsndfile_LLVM14-O2-g_artifacts_libsndfile_sndfile_convert_O2_g_bc_subset_k0_default.log,line=1237842; kind=points_to_top; operand=ogg_vorbis_open:0,,ok
libsndfile,LineZero,/home/jimi/PaperExperiment/CompilerOptimization/Target/libsndfile/src/GSM610/gsm_destroy.c,0,,line_zero,project_source,yapall.libsndfile.O2g.000812718,/home/jimi/PaperExperiment/CompilerOptimization/Result/libsndfile/yapall/LLVM14-O2-g/run_20260427_yapall_docker_sndfile_convert_linked/log/CompilerOptimization_CompilerResult_libsndfile_LLVM14-O2-g_artifacts_libsndfile_sndfile_convert_O2_g_bc_subset_k0_default.log,line=1237843; kind=points_to_top; operand=gsm_destroy:0,,ok
libsndfile,LineZero,/home/jimi/PaperExperiment/CompilerOptimization/Target/libsndfile/src/ogg.c,0,,line_zero,project_source,yapall.libsndfile.O2g.000812795,/home/jimi/PaperExperiment/CompilerOptimization/Result/libsndfile/yapall/LLVM14-O2-g/run_20260427_yapall_docker_sndfile_convert_linked/log/CompilerOptimization_CompilerResult_libsndfile_LLVM14-O2-g_artifacts_libsndfile_sndfile_convert_O2_g_bc_subset_k0_default.log,line=1237848; kind=points_to_top; operand=ogg_open:0,,ok
libsndfile,LineZero,/home/jimi/PaperExperiment/CompilerOptimization/Target/libsndfile/src/ogg_pcm.c,0,,line_zero,project_source,yapall.libsndfile.O2g.000812798,/home/jimi/PaperExperiment/CompilerOptimization/Result/libsndfile/yapall/LLVM14-O2-g/run_20260427_yapall_docker_sndfile_convert_linked/log/CompilerOptimization_CompilerResult_libsndfile_LLVM14-O2-g_artifacts_libsndfile_sndfile_convert_O2_g_bc_subset_k0_default.log,line=1237851; kind=points_to_top; operand=ogg_pcm_open:0,,ok
libsndfile,LineZero,/home/jimi/PaperExperiment/CompilerOptimization/Target/libsndfile/src/txw.c,0,,line_zero,project_source,yapall.libsndfile.O2g.000812884,/home/jimi/PaperExperiment/CompilerOptimization/Result/libsndfile/yapall/LLVM14-O2-g/run_20260427_yapall_docker_sndfile_convert_linked/log/CompilerOptimization_CompilerResult_libsndfile_LLVM14-O2-g_artifacts_libsndfile_sndfile_convert_O2_g_bc_subset_k0_default.log,line=1237862; kind=points_to_top; operand=txw_open:0,,ok
libsndfile,LineZero,/home/jimi/PaperExperiment/CompilerOptimization/Target/libsndfile/src/flac.c,0,,line_zero,project_source,yapall.libsndfile.O2g.000813037,/home/jimi/PaperExperiment/CompilerOptimization/Result/libsndfile/yapall/LLVM14-O2-g/run_20260427_yapall_docker_sndfile_convert_linked/log/CompilerOptimization_CompilerResult_libsndfile_LLVM14-O2-g_artifacts_libsndfile_sndfile_convert_O2_g_bc_subset_k0_default.log,line=1237878; kind=points_to_top; operand=flac_open:0,,ok
libsndfile,LineZero,/home/jimi/PaperExperiment/CompilerOptimization/Target/libsndfile/src/dwd.c,0,,line_zero,project_source,yapall.libsndfile.O2g.000813154,/home/jimi/PaperExperiment/CompilerOptimization/Result/libsndfile/yapall/LLVM14-O2-g/run_20260427_yapall_docker_sndfile_convert_linked/log/CompilerOptimization_CompilerResult_libsndfile_LLVM14-O2-g_artifacts_libsndfile_sndfile_convert_O2_g_bc_subset_k0_default.log,line=1237894; kind=points_to_top; operand=dwd_open:0,,ok
libsndfile,LineZero,/home/jimi/PaperExperiment/CompilerOptimization/Target/libsndfile/src/GSM610/gsm_create.c,0,,line_zero,project_source,yapall.libsndfile.O2g.000813156,/home/jimi/PaperExperiment/CompilerOptimization/Result/libsndfile/yapall/LLVM14-O2-g/run_20260427_yapall_docker_sndfile_convert_linked/log/CompilerOptimization_CompilerResult_libsndfile_LLVM14-O2-g_artifacts_libsndfile_sndfile_convert_O2_g_bc_subset_k0_default.log,line=1237896; kind=points_to_top; operand=gsm_init:0,,ok
libsndfile,LineZero,/home/jimi/PaperExperiment/CompilerOptimization/Target/libsndfile/src/common.h,0,,line_zero,project_header,yapall.libsndfile.O2g.000815207,/home/jimi/PaperExperiment/CompilerOptimization/Result/libsndfile/yapall/LLVM14-O2-g/run_20260427_yapall_docker_sndfile_convert_linked/log/CompilerOptimization_CompilerResult_libsndfile_LLVM14-O2-g_artifacts_libsndfile_sndfile_convert_O2_g_bc_subset_k0_default.log,line=1238537; kind=points_to_top; operand=sf_command:sf_command:173:2,,ok
libsndfile,LineZero,/home/jimi/PaperExperiment/CompilerOptimization/Target/libsndfile/src/ALAC/matrix_dec.c,0,,line_zero,project_source,yapall.libsndfile.O2g.000818329,/home/jimi/PaperExperiment/CompilerOptimization/Result/libsndfile/yapall/LLVM14-O2-g/run_20260427_yapall_docker_sndfile_convert_linked/log/CompilerOptimization_CompilerResult_libsndfile_LLVM14-O2-g_artifacts_libsndfile_sndfile_convert_O2_g_bc_subset_k0_default.log,line=1241483; kind=points_to_top; operand=copyPredictorTo32:0,,ok
libsndfile,LineZero,/home/jimi/PaperExperiment/CompilerOptimization/Target/libsndfile/src/GSM610/rpe.c,0,,line_zero,project_source,yapall.libsndfile.O2g.000818343,/home/jimi/PaperExperiment/CompilerOptimization/Result/libsndfile/yapall/LLVM14-O2-g/run_20260427_yapall_docker_sndfile_convert_linked/log/CompilerOptimization_CompilerResult_libsndfile_LLVM14-O2-g_artifacts_libsndfile_sndfile_convert_O2_g_bc_subset_k0_default.log,line=1241497; kind=points_to_top; operand=APCM_inverse_quantization:0,,ok
libsndfile,LineZero,/home/jimi/PaperExperiment/CompilerOptimization/Target/libsndfile/src/GSM610/decode.c,0,,line_zero,project_source,yapall.libsndfile.O2g.000820676,/home/jimi/PaperExperiment/CompilerOptimization/Result/libsndfile/yapall/LLVM14-O2-g/run_20260427_yapall_docker_sndfile_convert_linked/log/CompilerOptimization_CompilerResult_libsndfile_LLVM14-O2-g_artifacts_libsndfile_sndfile_convert_O2_g_bc_subset_k0_default.log,line=1243675; kind=points_to_top; operand=Gsm_Decoder:0,,ok
libsndfile,LineZero,/home/jimi/PaperExperiment/CompilerOptimization/Target/libsndfile/src/GSM610/code.c,0,,line_zero,project_source,yapall.libsndfile.O2g.000820788,/home/jimi/PaperExperiment/CompilerOptimization/Result/libsndfile/yapall/LLVM14-O2-g/run_20260427_yapall_docker_sndfile_convert_linked/log/CompilerOptimization_CompilerResult_libsndfile_LLVM14-O2-g_artifacts_libsndfile_sndfile_convert_O2_g_bc_subset_k0_default.log,line=1243686; kind=points_to_top; operand=Gsm_Coder:0,,ok
libsndfile,LineZero,/home/jimi/PaperExperiment/CompilerOptimization/Target/libsndfile/src/ALAC/shift.h,0,,line_zero,project_header,yapall.libsndfile.O2g.000820889,/home/jimi/PaperExperiment/CompilerOptimization/Result/libsndfile/yapall/LLVM14-O2-g/run_20260427_yapall_docker_sndfile_convert_linked/log/CompilerOptimization_CompilerResult_libsndfile_LLVM14-O2-g_artifacts_libsndfile_sndfile_convert_O2_g_bc_subset_k0_default.log,line=1243806; kind=points_to_top; operand=copyPredictorTo32:copyPredictorTo32:92:3,,ok
libsndfile,LineZero,/home/jimi/PaperExperiment/CompilerOptimization/Target/libsndfile/src/GSM610/long_term.c,0,,line_zero,project_source,yapall.libsndfile.O2g.000823340,/home/jimi/PaperExperiment/CompilerOptimization/Result/libsndfile/yapall/LLVM14-O2-g/run_20260427_yapall_docker_sndfile_convert_linked/log/CompilerOptimization_CompilerResult_libsndfile_LLVM14-O2-g_artifacts_libsndfile_sndfile_convert_O2_g_bc_subset_k0_default.log,line=1245701; kind=points_to_top; operand=Gsm_Long_Term_Predictor:0,,ok
libsndfile,LineZero,/home/jimi/PaperExperiment/CompilerOptimization/Target/libsndfile/src/ALAC/matrix_enc.c,0,,line_zero,project_source,yapall.libsndfile.O2g.000823569,/home/jimi/PaperExperiment/CompilerOptimization/Result/libsndfile/yapall/LLVM14-O2-g/run_20260427_yapall_docker_sndfile_convert_linked/log/CompilerOptimization_CompilerResult_libsndfile_LLVM14-O2-g_artifacts_libsndfile_sndfile_convert_O2_g_bc_subset_k0_default.log,line=1245733; kind=points_to_top; operand=mix16:0,,ok
libsndfile,LineZero,/home/jimi/PaperExperiment/CompilerOptimization/Target/libsndfile/src/ALAC/dp_dec.c,0,,line_zero,project_source,yapall.libsndfile.O2g.000823661,/home/jimi/PaperExperiment/CompilerOptimization/Result/libsndfile/yapall/LLVM14-O2-g/run_20260427_yapall_docker_sndfile_convert_linked/log/CompilerOptimization_CompilerResult_libsndfile_LLVM14-O2-g_artifacts_libsndfile_sndfile_convert_O2_g_bc_subset_k0_default.log,line=1245769; kind=points_to_top; operand=unpc_block:0,,ok
libsndfile,LineZero,/home/jimi/PaperExperiment/CompilerOptimization/Target/libsndfile/src/ALAC/ag_enc.c,0,,line_zero,project_source,yapall.libsndfile.O2g.000823666,/home/jimi/PaperExperiment/CompilerOptimization/Result/libsndfile/yapall/LLVM14-O2-g/run_20260427_yapall_docker_sndfile_convert_linked/log/CompilerOptimization_CompilerResult_libsndfile_LLVM14-O2-g_artifacts_libsndfile_sndfile_convert_O2_g_bc_subset_k0_default.log,line=1245772; kind=points_to_top; operand=dyn_comp:1,,ok
masscan,LineZero,/home/jimi/PaperExperiment/CompilerOptimization/Target/masscan/src/massip-rangesv4.c,0,,line_zero,project_source,yapall.masscan.O2g.000830685,/home/jimi/PaperExperiment/CompilerOptimization/Result/masscan/yapall/LLVM14-O2-g/run_20260427_yapall_docker_masscan_linked/log/CompilerOptimization_CompilerResult_masscan_LLVM14-O2-g_artifacts_masscan_O2_g_bc_subset_k0_default.log,line=21524; kind=invalid_load; operand=rangelist_exclude:rangelist_exclude:176:1; allocation=*null,,ok
masscan,LineZero,/home/jimi/PaperExperiment/CompilerOptimization/Target/masscan/src/main-conf.c,0,,line_zero,project_source,yapall.masscan.O2g.000833279,/home/jimi/PaperExperiment/CompilerOptimization/Result/masscan/yapall/LLVM14-O2-g/run_20260427_yapall_docker_masscan_linked/log/CompilerOptimization_CompilerResult_masscan_LLVM14-O2-g_artifacts_masscan_O2_g_bc_subset_k0_default.log,line=25171; kind=invalid_load; operand=SET_capture:SET_capture:89:1; allocation=*@mass_setconfig,,ok
masscan,LineZero,/home/jimi/PaperExperiment/CompilerOptimization/Target/masscan/src/smack1.c,0,,line_zero,project_source,yapall.masscan.O2g.000835062,/home/jimi/PaperExperiment/CompilerOptimization/Result/masscan/yapall/LLVM14-O2-g/run_20260427_yapall_docker_masscan_linked/log/CompilerOptimization_CompilerResult_masscan_LLVM14-O2-g_artifacts_masscan_O2_g_bc_subset_k0_default.log,line=27359; kind=invalid_load; operand=smack_compile:smack_compile:56:4; allocation=*@mass_setconfig,,ok
masscan,LineZero,/home/jimi/PaperExperiment/CompilerOptimization/Target/masscan/src/templ-payloads.c,0,,line_zero,project_source,yapall.masscan.O2g.000839275,/home/jimi/PaperExperiment/CompilerOptimization/Result/masscan/yapall/LLVM14-O2-g/run_20260427_yapall_docker_masscan_linked/log/CompilerOptimization_CompilerResult_masscan_LLVM14-O2-g_artifacts_masscan_O2_g_bc_subset_k0_default.log,line=33111; kind=invalid_load; operand=payloads_oproto_trim:payloads_oproto_trim:12:13; allocation=*null,,ok
masscan,LineZero,/home/jimi/PaperExperiment/CompilerOptimization/Target/masscan/src/output.c,0,,line_zero,project_source,yapall.masscan.O2g.000847699,/home/jimi/PaperExperiment/CompilerOptimization/Result/masscan/yapall/LLVM14-O2-g/run_20260427_yapall_docker_masscan_linked/log/CompilerOptimization_CompilerResult_masscan_LLVM14-O2-g_artifacts_masscan_O2_g_bc_subset_k0_default.log,line=43965; kind=invalid_load; operand=output_report_status:output_report_status:177:0; allocation=*@unicornscan_out_open,,ok
masscan,LineZero,/home/jimi/PaperExperiment/CompilerOptimization/Target/masscan/src/stack-arpv4.c,0,,line_zero,project_source,yapall.masscan.O2g.000848509,/home/jimi/PaperExperiment/CompilerOptimization/Result/masscan/yapall/LLVM14-O2-g/run_20260427_yapall_docker_masscan_linked/log/CompilerOptimization_CompilerResult_masscan_LLVM14-O2-g_artifacts_masscan_O2_g_bc_subset_k0_default.log,line=44856; kind=invalid_load; operand=stack_arp_resolve:stack_arp_resolve:121:3; allocation=*@dns_set_cookie,,ok
masscan,LineZero,/home/jimi/PaperExperiment/CompilerOptimization/Target/masscan/src/massip.c,0,,line_zero,project_source,yapall.masscan.O2g.000849562,/home/jimi/PaperExperiment/CompilerOptimization/Result/masscan/yapall/LLVM14-O2-g/run_20260427_yapall_docker_masscan_linked/log/CompilerOptimization_CompilerResult_masscan_LLVM14-O2-g_artifacts_masscan_O2_g_bc_subset_k0_default.log,line=46071; kind=invalid_load; operand=massip_pick:massip_pick:27:0; allocation=*@unicornscan_out_open,,ok
masscan,LineZero,/home/jimi/PaperExperiment/CompilerOptimization/Target/masscan/src/stack-tcp-core.c,0,,line_zero,project_source,yapall.masscan.O2g.000857715,/home/jimi/PaperExperiment/CompilerOptimization/Result/masscan/yapall/LLVM14-O2-g/run_20260427_yapall_docker_masscan_linked/log/CompilerOptimization_CompilerResult_masscan_LLVM14-O2-g_artifacts_masscan_O2_g_bc_subset_k0_default.log,line=56007; kind=invalid_load; operand=tcpcon_create_tcb:tcpcon_create_tcb:121:0; allocation=*@set_target,,ok
masscan,LineZero,/home/jimi/PaperExperiment/CompilerOptimization/Target/masscan/src/templ-pkt.c,0,,line_zero,project_source,yapall.masscan.O2g.000875673,/home/jimi/PaperExperiment/CompilerOptimization/Result/masscan/yapall/LLVM14-O2-g/run_20260427_yapall_docker_masscan_linked/log/CompilerOptimization_CompilerResult_masscan_LLVM14-O2-g_artifacts_masscan_O2_g_bc_subset_k0_default.log,line=78340; kind=invalid_load; operand=template_set_target_ipv6:template_set_target_ipv6:45:1; allocation=*@dns_set_cookie,,ok
masscan,LineZero,/home/jimi/PaperExperiment/CompilerOptimization/Target/masscan/src/proto-banout.c,0,,line_zero,project_source,yapall.masscan.O2g.000890474,/home/jimi/PaperExperiment/CompilerOptimization/Result/masscan/yapall/LLVM14-O2-g/run_20260427_yapall_docker_masscan_linked/log/CompilerOptimization_CompilerResult_masscan_LLVM14-O2-g_artifacts_masscan_O2_g_bc_subset_k0_default.log,line=96624; kind=invalid_load; operand=banout_append:banout_append:40:0; allocation=*@unicornscan_out_open,,ok
masscan,LineZero,/home/jimi/PaperExperiment/CompilerOptimization/Target/masscan/src/templ-tcp-hdr.c,0,,line_zero,project_source,yapall.masscan.O2g.000910934,/home/jimi/PaperExperiment/CompilerOptimization/Result/masscan/yapall/LLVM14-O2-g/run_20260427_yapall_docker_masscan_linked/log/CompilerOptimization_CompilerResult_masscan_LLVM14-O2-g_artifacts_masscan_O2_g_bc_subset_k0_default.log,line=120936; kind=invalid_memcpy_dst; operand=tcp_add_opt:tcp_add_opt:372:0; allocation=*@.str.5.990:true(_),,ok
masscan,LineZero,/home/jimi/PaperExperiment/CompilerOptimization/Target/masscan/src/proto-http.c,0,,line_zero,project_source,yapall.masscan.O2g.000932525,/home/jimi/PaperExperiment/CompilerOptimization/Result/masscan/yapall/LLVM14-O2-g/run_20260427_yapall_docker_masscan_linked/log/CompilerOptimization_CompilerResult_masscan_LLVM14-O2-g_artifacts_masscan_O2_g_bc_subset_k0_default.log,line=145380; kind=invalid_memcpy_src; operand=http_change_requestline:2; allocation=*null,,ok
masscan,LineZero,/home/jimi/PaperExperiment/CompilerOptimization/Target/masscan/src/templ-nmap-payloads.c,0,,line_zero,project_source,yapall.masscan.O2g.000945319,/home/jimi/PaperExperiment/CompilerOptimization/Result/masscan/yapall/LLVM14-O2-g/run_20260427_yapall_docker_masscan_linked/log/CompilerOptimization_CompilerResult_masscan_LLVM14-O2-g_artifacts_masscan_O2_g_bc_subset_k0_default.log,line=163059; kind=invalid_store; operand=parse_c_string:1; allocation=*null,,ok
masscan,LineZero,/home/jimi/PaperExperiment/CompilerOptimization/Target/masscan/src/read-service-probes.c,0,,line_zero,project_source,yapall.masscan.O2g.000954345,/home/jimi/PaperExperiment/CompilerOptimization/Result/masscan/yapall/LLVM14-O2-g/run_20260427_yapall_docker_masscan_linked/log/CompilerOptimization_CompilerResult_masscan_LLVM14-O2-g_artifacts_masscan_O2_g_bc_subset_k0_default.log,line=173150; kind=invalid_store; operand=parse_line:parse_line:839:0; allocation=*null,,ok
masscan,LineZero,/home/jimi/PaperExperiment/CompilerOptimization/Target/masscan/src/util-safefunc.c,0,,line_zero,project_source,yapall.masscan.O2g.000955938,/home/jimi/PaperExperiment/CompilerOptimization/Result/masscan/yapall/LLVM14-O2-g/run_20260427_yapall_docker_masscan_linked/log/CompilerOptimization_CompilerResult_masscan_LLVM14-O2-g_artifacts_masscan_O2_g_bc_subset_k0_default.log,line=174743; kind=invalid_store; operand=safe_strcpy:safe_strcpy:27:0; allocation=*@.str.29.2012:true(_),,ok
masscan,LineZero,/home/jimi/PaperExperiment/CompilerOptimization/Target/masscan/src/smackqueue.c,0,,line_zero,project_source,yapall.masscan.O2g.001047804,/home/jimi/PaperExperiment/CompilerOptimization/Result/masscan/yapall/LLVM14-O2-g/run_20260427_yapall_docker_masscan_linked/log/CompilerOptimization_CompilerResult_masscan_LLVM14-O2-g_artifacts_masscan_O2_g_bc_subset_k0_default.log,line=283601; kind=invalid_store; operand=enqueue:enqueue:20:0; allocation=*@.str.29.2012:true(_),,ok
masscan,LineZero,/home/jimi/PaperExperiment/CompilerOptimization/Target/masscan/src/proto-snmp.c,0,,line_zero,project_source,yapall.masscan.O2g.001093472,/home/jimi/PaperExperiment/CompilerOptimization/Result/masscan/yapall/LLVM14-O2-g/run_20260427_yapall_docker_masscan_linked/log/CompilerOptimization_CompilerResult_masscan_LLVM14-O2-g_artifacts_masscan_O2_g_bc_subset_k0_default.log,line=339889; kind=invalid_store; operand=asn1_length:2; allocation=*@.str.29.2012:true(_),,ok
masscan,LineZero,/home/jimi/PaperExperiment/CompilerOptimization/Target/masscan/src/proto-banner1.c,0,,line_zero,project_source,yapall.masscan.O2g.001100376,/home/jimi/PaperExperiment/CompilerOptimization/Result/masscan/yapall/LLVM14-O2-g/run_20260427_yapall_docker_masscan_linked/log/CompilerOptimization_CompilerResult_masscan_LLVM14-O2-g_artifacts_masscan_O2_g_bc_subset_k0_default.log,line=349448; kind=points_to_top; operand=banner1_selftest:banner1_selftest:79:1,,ok
masscan,LineZero,/home/jimi/PaperExperiment/CompilerOptimization/Target/masscan/src/crypto-lcg.c,0,,line_zero,project_source,yapall.masscan.O2g.001100377,/home/jimi/PaperExperiment/CompilerOptimization/Result/masscan/yapall/LLVM14-O2-g/run_20260427_yapall_docker_masscan_linked/log/CompilerOptimization_CompilerResult_masscan_LLVM14-O2-g_artifacts_masscan_O2_g_bc_subset_k0_default.log,line=349454; kind=points_to_top; operand=lcg_calculate_constants:lcg_calculate_constants:18:6,,ok
masscan,LineZero,/home/jimi/PaperExperiment/CompilerOptimization/Target/masscan/src/stack-tcp-app.c,0,,line_zero,project_source,yapall.masscan.O2g.001100398,/home/jimi/PaperExperiment/CompilerOptimization/Result/masscan/yapall/LLVM14-O2-g/run_20260427_yapall_docker_masscan_linked/log/CompilerOptimization_CompilerResult_masscan_LLVM14-O2-g_artifacts_masscan_O2_g_bc_subset_k0_default.log,line=349476; kind=points_to_top; operand=application_event:1,,ok
masscan,LineZero,/home/jimi/PaperExperiment/CompilerOptimization/Target/masscan/src/vulncheck-ntp-monlist.c,0,,line_zero,project_source,yapall.masscan.O2g.001100406,/home/jimi/PaperExperiment/CompilerOptimization/Result/masscan/yapall/LLVM14-O2-g/run_20260427_yapall_docker_masscan_linked/log/CompilerOptimization_CompilerResult_masscan_LLVM14-O2-g_artifacts_masscan_O2_g_bc_subset_k0_default.log,line=349479; kind=points_to_top; operand=set_target:0,,ok
masscan,LineZero,/home/jimi/PaperExperiment/CompilerOptimization/Target/masscan/src/crypto-primegen.c,0,,line_zero,project_source,yapall.masscan.O2g.001100408,/home/jimi/PaperExperiment/CompilerOptimization/Result/masscan/yapall/LLVM14-O2-g/run_20260427_yapall_docker_masscan_linked/log/CompilerOptimization_CompilerResult_masscan_LLVM14-O2-g_artifacts_masscan_O2_g_bc_subset_k0_default.log,line=349481; kind=points_to_top; operand=squarefree1:1,,ok
masscan,LineZero,/home/jimi/PaperExperiment/CompilerOptimization/Target/masscan/src/stack-queue.c,0,,line_zero,project_source,yapall.masscan.O2g.001100409,/home/jimi/PaperExperiment/CompilerOptimization/Result/masscan/yapall/LLVM14-O2-g/run_20260427_yapall_docker_masscan_linked/log/CompilerOptimization_CompilerResult_masscan_LLVM14-O2-g_artifacts_masscan_O2_g_bc_subset_k0_default.log,line=349482; kind=points_to_top; operand=stack_flush_packets:1,,ok
masscan,LineZero,/home/jimi/PaperExperiment/CompilerOptimization/Target/masscan/src/proto-x509.c,0,,line_zero,project_source,yapall.masscan.O2g.001100416,/home/jimi/PaperExperiment/CompilerOptimization/Result/masscan/yapall/LLVM14-O2-g/run_20260427_yapall_docker_masscan_linked/log/CompilerOptimization_CompilerResult_masscan_LLVM14-O2-g_artifacts_masscan_O2_g_bc_subset_k0_default.log,line=349486; kind=points_to_top; operand=ASN1_push:1,,ok
masscan,LineZero,/home/jimi/PaperExperiment/CompilerOptimization/Target/masscan/src/proto-udp.c,0,,line_zero,project_source,yapall.masscan.O2g.001100582,/home/jimi/PaperExperiment/CompilerOptimization/Result/masscan/yapall/LLVM14-O2-g/run_20260427_yapall_docker_masscan_linked/log/CompilerOptimization_CompilerResult_masscan_LLVM14-O2-g_artifacts_masscan_O2_g_bc_subset_k0_default.log,line=349497; kind=points_to_top; operand=handle_udp:5,,ok
masscan,LineZero,/home/jimi/PaperExperiment/CompilerOptimization/Target/masscan/src/proto-oproto.c,0,,line_zero,project_source,yapall.masscan.O2g.001100583,/home/jimi/PaperExperiment/CompilerOptimization/Result/masscan/yapall/LLVM14-O2-g/run_20260427_yapall_docker_masscan_linked/log/CompilerOptimization_CompilerResult_masscan_LLVM14-O2-g_artifacts_masscan_O2_g_bc_subset_k0_default.log,line=349498; kind=points_to_top; operand=handle_oproto:5,,ok
masscan,LineZero,/home/jimi/PaperExperiment/CompilerOptimization/Target/masscan/src/event-timeout.c,0,,line_zero,project_source,yapall.masscan.O2g.001100584,/home/jimi/PaperExperiment/CompilerOptimization/Result/masscan/yapall/LLVM14-O2-g/run_20260427_yapall_docker_masscan_linked/log/CompilerOptimization_CompilerResult_masscan_LLVM14-O2-g_artifacts_masscan_O2_g_bc_subset_k0_default.log,line=349499; kind=points_to_top; operand=timeouts_add:1,,ok
masscan,LineZero,/home/jimi/PaperExperiment/CompilerOptimization/Target/masscan/src/event-timeout.h,0,,line_zero,project_header,yapall.masscan.O2g.001100585,/home/jimi/PaperExperiment/CompilerOptimization/Result/masscan/yapall/LLVM14-O2-g/run_20260427_yapall_docker_masscan_linked/log/CompilerOptimization_CompilerResult_masscan_LLVM14-O2-g_artifacts_masscan_O2_g_bc_subset_k0_default.log,line=349499; kind=points_to_top; operand=timeouts_add:1,,ok
masscan,LineZero,/home/jimi/PaperExperiment/CompilerOptimization/Target/masscan/src/rawsock.c,0,,line_zero,project_source,yapall.masscan.O2g.001100588,/home/jimi/PaperExperiment/CompilerOptimization/Result/masscan/yapall/LLVM14-O2-g/run_20260427_yapall_docker_masscan_linked/log/CompilerOptimization_CompilerResult_masscan_LLVM14-O2-g_artifacts_masscan_O2_g_bc_subset_k0_default.log,line=349500; kind=points_to_top; operand=rawsock_send_probe_ipv4:0,,ok
masscan,LineZero,/home/jimi/PaperExperiment/CompilerOptimization/Target/masscan/src/scripting-banner.c,0,,line_zero,project_source,yapall.masscan.O2g.001100600,/home/jimi/PaperExperiment/CompilerOptimization/Result/masscan/yapall/LLVM14-O2-g/run_20260427_yapall_docker_masscan_linked/log/CompilerOptimization_CompilerResult_masscan_LLVM14-O2-g_artifacts_masscan_O2_g_bc_subset_k0_default.log,line=349509; kind=points_to_top; operand=register_script_for_ports:1,,ok
masscan,LineZero,/home/jimi/PaperExperiment/CompilerOptimization/Target/masscan/src/proto-tcp-rdp.c,0,,line_zero,project_source,yapall.masscan.O2g.001100601,/home/jimi/PaperExperiment/CompilerOptimization/Result/masscan/yapall/LLVM14-O2-g/run_20260427_yapall_docker_masscan_linked/log/CompilerOptimization_CompilerResult_masscan_LLVM14-O2-g_artifacts_masscan_O2_g_bc_subset_k0_default.log,line=349510; kind=points_to_top; operand=rdp_parse:3,,ok
masscan,LineZero,/home/jimi/PaperExperiment/CompilerOptimization/Target/masscan/src/syn-cookie.c,0,,line_zero,project_source,yapall.masscan.O2g.001100628,/home/jimi/PaperExperiment/CompilerOptimization/Result/masscan/yapall/LLVM14-O2-g/run_20260427_yapall_docker_masscan_linked/log/CompilerOptimization_CompilerResult_masscan_LLVM14-O2-g_artifacts_masscan_O2_g_bc_subset_k0_default.log,line=349521; kind=points_to_top; operand=syn_cookie_ipv4:4,,ok
masscan,LineZero,/home/jimi/PaperExperiment/CompilerOptimization/Target/masscan/src/proto-sctp.c,0,,line_zero,project_source,yapall.masscan.O2g.001100629,/home/jimi/PaperExperiment/CompilerOptimization/Result/masscan/yapall/LLVM14-O2-g/run_20260427_yapall_docker_masscan_linked/log/CompilerOptimization_CompilerResult_masscan_LLVM14-O2-g_artifacts_masscan_O2_g_bc_subset_k0_default.log,line=349522; kind=points_to_top; operand=handle_sctp:6,,ok
masscan,LineZero,/home/jimi/PaperExperiment/CompilerOptimization/Target/masscan/src/proto-icmp.c,0,,line_zero,project_source,yapall.masscan.O2g.001100696,/home/jimi/PaperExperiment/CompilerOptimization/Result/masscan/yapall/LLVM14-O2-g/run_20260427_yapall_docker_masscan_linked/log/CompilerOptimization_CompilerResult_masscan_LLVM14-O2-g_artifacts_masscan_O2_g_bc_subset_k0_default.log,line=349532; kind=points_to_top; operand=handle_icmp:5,,ok
masscan,LineZero,/home/jimi/PaperExperiment/CompilerOptimization/Target/masscan/src/in-binary.c,0,,line_zero,project_source,yapall.masscan.O2g.001100698,/home/jimi/PaperExperiment/CompilerOptimization/Result/masscan/yapall/LLVM14-O2-g/run_20260427_yapall_docker_masscan_linked/log/CompilerOptimization_CompilerResult_masscan_LLVM14-O2-g_artifacts_masscan_O2_g_bc_subset_k0_default.log,line=349533; kind=points_to_top; operand=readscan_binary_scanfile:1,,ok
masscan,LineZero,/home/jimi/PaperExperiment/CompilerOptimization/Target/masscan/src/massip-addr.c,0,,line_zero,project_source,yapall.masscan.O2g.001100750,/home/jimi/PaperExperiment/CompilerOptimization/Result/masscan/yapall/LLVM14-O2-g/run_20260427_yapall_docker_masscan_linked/log/CompilerOptimization_CompilerResult_masscan_LLVM14-O2-g_artifacts_masscan_O2_g_bc_subset_k0_default.log,line=349549; kind=points_to_top; operand=macaddress_fmt:1,,ok
masscan,LineZero,/home/jimi/PaperExperiment/CompilerOptimization/Target/masscan/src/util-malloc.c,0,,line_zero,project_source,yapall.masscan.O2g.001100756,/home/jimi/PaperExperiment/CompilerOptimization/Result/masscan/yapall/LLVM14-O2-g/run_20260427_yapall_docker_masscan_linked/log/CompilerOptimization_CompilerResult_masscan_LLVM14-O2-g_artifacts_masscan_O2_g_bc_subset_k0_default.log,line=349550; kind=points_to_top; operand=REALLOCARRAY:1,,ok
masscan,LineZero,/home/jimi/PaperExperiment/CompilerOptimization/Target/masscan/src/crypto-blackrock.c,0,,line_zero,project_source,yapall.masscan.O2g.001100778,/home/jimi/PaperExperiment/CompilerOptimization/Result/masscan/yapall/LLVM14-O2-g/run_20260427_yapall_docker_masscan_linked/log/CompilerOptimization_CompilerResult_masscan_LLVM14-O2-g_artifacts_masscan_O2_g_bc_subset_k0_default.log,line=349553; kind=points_to_top; operand=blackrock_init:3,,ok
masscan,LineZero,/home/jimi/PaperExperiment/CompilerOptimization/Target/masscan/src/massip-rangesv6.c,0,,line_zero,project_source,yapall.masscan.O2g.001100782,/home/jimi/PaperExperiment/CompilerOptimization/Result/masscan/yapall/LLVM14-O2-g/run_20260427_yapall_docker_masscan_linked/log/CompilerOptimization_CompilerResult_masscan_LLVM14-O2-g_artifacts_masscan_O2_g_bc_subset_k0_default.log,line=349555; kind=points_to_top; operand=range6list_add_range:1,,ok
masscan,LineZero,/home/jimi/PaperExperiment/CompilerOptimization/Target/masscan/src/massip-addr.h,0,,line_zero,project_header,yapall.masscan.O2g.001100819,/home/jimi/PaperExperiment/CompilerOptimization/Result/masscan/yapall/LLVM14-O2-g/run_20260427_yapall_docker_masscan_linked/log/CompilerOptimization_CompilerResult_masscan_LLVM14-O2-g_artifacts_masscan_O2_g_bc_subset_k0_default.log,line=349557; kind=points_to_top; operand=range6list_add_range:3,,ok
masscan,LineZero,/home/jimi/PaperExperiment/CompilerOptimization/Target/masscan/src/crypto-siphash24.c,0,,line_zero,project_source,yapall.masscan.O2g.001100860,/home/jimi/PaperExperiment/CompilerOptimization/Result/masscan/yapall/LLVM14-O2-g/run_20260427_yapall_docker_masscan_linked/log/CompilerOptimization_CompilerResult_masscan_LLVM14-O2-g_artifacts_masscan_O2_g_bc_subset_k0_default.log,line=349562; kind=points_to_top; operand=crypto_auth:1,,ok
masscan,LineZero,/home/jimi/PaperExperiment/CompilerOptimization/Target/masscan/src/in-filter.c,0,,line_zero,project_source,yapall.masscan.O2g.001100886,/home/jimi/PaperExperiment/CompilerOptimization/Result/masscan/yapall/LLVM14-O2-g/run_20260427_yapall_docker_masscan_linked/log/CompilerOptimization_CompilerResult_masscan_LLVM14-O2-g_artifacts_masscan_O2_g_bc_subset_k0_default.log,line=349571; kind=points_to_top; operand=readscan_filter_pass:3,,ok
masscan,LineZero,/home/jimi/PaperExperiment/CompilerOptimization/Target/masscan/src/proto-smb.c,0,,line_zero,project_source,yapall.masscan.O2g.001100888,/home/jimi/PaperExperiment/CompilerOptimization/Result/masscan/yapall/LLVM14-O2-g/run_20260427_yapall_docker_masscan_linked/log/CompilerOptimization_CompilerResult_masscan_LLVM14-O2-g_artifacts_masscan_O2_g_bc_subset_k0_default.log,line=349573; kind=points_to_top; operand=smb_parse_record:0,,ok
masscan,LineZero,/home/jimi/PaperExperiment/CompilerOptimization/Target/masscan/src/proto-ssl.c,0,,line_zero,project_source,yapall.masscan.O2g.001100889,/home/jimi/PaperExperiment/CompilerOptimization/Result/masscan/yapall/LLVM14-O2-g/run_20260427_yapall_docker_masscan_linked/log/CompilerOptimization_CompilerResult_masscan_LLVM14-O2-g_artifacts_masscan_O2_g_bc_subset_k0_default.log,line=349574; kind=points_to_top; operand=ssl_parse_record:0,,ok
masscan,LineZero,/home/jimi/PaperExperiment/CompilerOptimization/Target/masscan/src/proto-tcp-telnet.c,0,,line_zero,project_source,yapall.masscan.O2g.001100900,/home/jimi/PaperExperiment/CompilerOptimization/Result/masscan/yapall/LLVM14-O2-g/run_20260427_yapall_docker_masscan_linked/log/CompilerOptimization_CompilerResult_masscan_LLVM14-O2-g_artifacts_masscan_O2_g_bc_subset_k0_default.log,line=349576; kind=points_to_top; operand=telnet_parse:0,,ok
masscan,LineZero,/home/jimi/PaperExperiment/CompilerOptimization/Target/masscan/src/stub-pcap.c,0,,line_zero,project_source,yapall.masscan.O2g.001100902,/home/jimi/PaperExperiment/CompilerOptimization/Result/masscan/yapall/LLVM14-O2-g/run_20260427_yapall_docker_masscan_linked/log/CompilerOptimization_CompilerResult_masscan_LLVM14-O2-g_artifacts_masscan_O2_g_bc_subset_k0_default.log,line=349578; kind=points_to_top; operand=null_PCAP_DISPATCH:1,,ok
masscan,LineZero,/home/jimi/PaperExperiment/CompilerOptimization/Target/masscan/src/proto-pop3.c,0,,line_zero,project_source,yapall.masscan.O2g.001101044,/home/jimi/PaperExperiment/CompilerOptimization/Result/masscan/yapall/LLVM14-O2-g/run_20260427_yapall_docker_masscan_linked/log/CompilerOptimization_CompilerResult_masscan_LLVM14-O2-g_artifacts_masscan_O2_g_bc_subset_k0_default.log,line=349608; kind=points_to_top; operand=pop3_parse:0,,ok
masscan,LineZero,/home/jimi/PaperExperiment/CompilerOptimization/Target/masscan/src/proto-ssh.c,0,,line_zero,project_source,yapall.masscan.O2g.001101045,/home/jimi/PaperExperiment/CompilerOptimization/Result/masscan/yapall/LLVM14-O2-g/run_20260427_yapall_docker_masscan_linked/log/CompilerOptimization_CompilerResult_masscan_LLVM14-O2-g_artifacts_masscan_O2_g_bc_subset_k0_default.log,line=349609; kind=points_to_top; operand=ssh_parse:0,,ok
masscan,LineZero,/home/jimi/PaperExperiment/CompilerOptimization/Target/masscan/src/proto-vnc.c,0,,line_zero,project_source,yapall.masscan.O2g.001101047,/home/jimi/PaperExperiment/CompilerOptimization/Result/masscan/yapall/LLVM14-O2-g/run_20260427_yapall_docker_masscan_linked/log/CompilerOptimization_CompilerResult_masscan_LLVM14-O2-g_artifacts_masscan_O2_g_bc_subset_k0_default.log,line=349611; kind=points_to_top; operand=vnc_parse:0,,ok
masscan,LineZero,/home/jimi/PaperExperiment/CompilerOptimization/Target/masscan/src/proto-versioning.c,0,,line_zero,project_source,yapall.masscan.O2g.001101048,/home/jimi/PaperExperiment/CompilerOptimization/Result/masscan/yapall/LLVM14-O2-g/run_20260427_yapall_docker_masscan_linked/log/CompilerOptimization_CompilerResult_masscan_LLVM14-O2-g_artifacts_masscan_O2_g_bc_subset_k0_default.log,line=349612; kind=points_to_top; operand=versioning_tcp_parse:0,,ok
masscan,LineZero,/home/jimi/PaperExperiment/CompilerOptimization/Target/masscan/src/proto-imap4.c,0,,line_zero,project_source,yapall.masscan.O2g.001101049,/home/jimi/PaperExperiment/CompilerOptimization/Result/masscan/yapall/LLVM14-O2-g/run_20260427_yapall_docker_masscan_linked/log/CompilerOptimization_CompilerResult_masscan_LLVM14-O2-g_artifacts_masscan_O2_g_bc_subset_k0_default.log,line=349613; kind=points_to_top; operand=imap4_parse:0,,ok
masscan,LineZero,/home/jimi/PaperExperiment/CompilerOptimization/Target/masscan/src/proto-memcached.c,0,,line_zero,project_source,yapall.masscan.O2g.001101050,/home/jimi/PaperExperiment/CompilerOptimization/Result/masscan/yapall/LLVM14-O2-g/run_20260427_yapall_docker_masscan_linked/log/CompilerOptimization_CompilerResult_masscan_LLVM14-O2-g_artifacts_masscan_O2_g_bc_subset_k0_default.log,line=349614; kind=points_to_top; operand=memcached_tcp_parse:0,,ok
masscan,LineZero,/home/jimi/PaperExperiment/CompilerOptimization/Target/masscan/src/proto-ftp.c,0,,line_zero,project_source,yapall.masscan.O2g.001101051,/home/jimi/PaperExperiment/CompilerOptimization/Result/masscan/yapall/LLVM14-O2-g/run_20260427_yapall_docker_masscan_linked/log/CompilerOptimization_CompilerResult_masscan_LLVM14-O2-g_artifacts_masscan_O2_g_bc_subset_k0_default.log,line=349615; kind=points_to_top; operand=ftp_parse:0,,ok
masscan,LineZero,/home/jimi/PaperExperiment/CompilerOptimization/Target/masscan/src/proto-mc.c,0,,line_zero,project_source,yapall.masscan.O2g.001101052,/home/jimi/PaperExperiment/CompilerOptimization/Result/masscan/yapall/LLVM14-O2-g/run_20260427_yapall_docker_masscan_linked/log/CompilerOptimization_CompilerResult_masscan_LLVM14-O2-g_artifacts_masscan_O2_g_bc_subset_k0_default.log,line=349616; kind=points_to_top; operand=mc_parse:0,,ok
masscan,LineZero,/home/jimi/PaperExperiment/CompilerOptimization/Target/masscan/src/proto-smtp.c,0,,line_zero,project_source,yapall.masscan.O2g.001101053,/home/jimi/PaperExperiment/CompilerOptimization/Result/masscan/yapall/LLVM14-O2-g/run_20260427_yapall_docker_masscan_linked/log/CompilerOptimization_CompilerResult_masscan_LLVM14-O2-g_artifacts_masscan_O2_g_bc_subset_k0_default.log,line=349617; kind=points_to_top; operand=smtp_parse:0,,ok
masscan,LineZero,/home/jimi/PaperExperiment/CompilerOptimization/Target/masscan/src/out-null.c,0,,line_zero,project_source,yapall.masscan.O2g.001101059,/home/jimi/PaperExperiment/CompilerOptimization/Result/masscan/yapall/LLVM14-O2-g/run_20260427_yapall_docker_masscan_linked/log/CompilerOptimization_CompilerResult_masscan_LLVM14-O2-g_artifacts_masscan_O2_g_bc_subset_k0_default.log,line=349622; kind=points_to_top; operand=null_out_close:1,,ok
masscan,LineZero,/home/jimi/PaperExperiment/CompilerOptimization/Target/masscan/src/out-binary.c,0,,line_zero,project_source,yapall.masscan.O2g.001101060,/home/jimi/PaperExperiment/CompilerOptimization/Result/masscan/yapall/LLVM14-O2-g/run_20260427_yapall_docker_masscan_linked/log/CompilerOptimization_CompilerResult_masscan_LLVM14-O2-g_artifacts_masscan_O2_g_bc_subset_k0_default.log,line=349623; kind=points_to_top; operand=binary_out_open:1,,ok
masscan,LineZero,/home/jimi/PaperExperiment/CompilerOptimization/Target/masscan/src/out-grepable.c,0,,line_zero,project_source,yapall.masscan.O2g.001101074,/home/jimi/PaperExperiment/CompilerOptimization/Result/masscan/yapall/LLVM14-O2-g/run_20260427_yapall_docker_masscan_linked/log/CompilerOptimization_CompilerResult_masscan_LLVM14-O2-g_artifacts_masscan_O2_g_bc_subset_k0_default.log,line=349628; kind=points_to_top; operand=grepable_out_open:1,,ok
masscan,LineZero,/home/jimi/PaperExperiment/CompilerOptimization/Target/masscan/src/rawsock-pcapfile.c,0,,line_zero,project_source,yapall.masscan.O2g.001101083,/home/jimi/PaperExperiment/CompilerOptimization/Result/masscan/yapall/LLVM14-O2-g/run_20260427_yapall_docker_masscan_linked/log/CompilerOptimization_CompilerResult_masscan_LLVM14-O2-g_artifacts_masscan_O2_g_bc_subset_k0_default.log,line=349629; kind=points_to_top; operand=pcapfile_openwrite:1,,ok
masscan,LineZero,/home/jimi/PaperExperiment/CompilerOptimization/Target/masscan/src/proto-dns.c,0,,line_zero,project_source,yapall.masscan.O2g.001101089,/home/jimi/PaperExperiment/CompilerOptimization/Result/masscan/yapall/LLVM14-O2-g/run_20260427_yapall_docker_masscan_linked/log/CompilerOptimization_CompilerResult_masscan_LLVM14-O2-g_artifacts_masscan_O2_g_bc_subset_k0_default.log,line=349634; kind=points_to_top; operand=dns_name_skip:1,,ok
masscan,LineZero,/home/jimi/PaperExperiment/CompilerOptimization/Target/masscan/src/util-extract.c,0,,line_zero,project_source,yapall.masscan.O2g.001101101,/home/jimi/PaperExperiment/CompilerOptimization/Result/masscan/yapall/LLVM14-O2-g/run_20260427_yapall_docker_masscan_linked/log/CompilerOptimization_CompilerResult_masscan_LLVM14-O2-g_artifacts_masscan_O2_g_bc_subset_k0_default.log,line=349642; kind=points_to_top; operand=e_next_int32:1,,ok
masscan,LineZero,/home/jimi/PaperExperiment/CompilerOptimization/Target/masscan/src/main.c,0,,line_zero,project_source,yapall.masscan.O2g.001101147,/home/jimi/PaperExperiment/CompilerOptimization/Result/masscan/yapall/LLVM14-O2-g/run_20260427_yapall_docker_masscan_linked/log/CompilerOptimization_CompilerResult_masscan_LLVM14-O2-g_artifacts_masscan_O2_g_bc_subset_k0_default.log,line=349658; kind=points_to_top; operand=main:1,,ok
masscan,LineZero,/home/jimi/PaperExperiment/CompilerOptimization/Target/masscan/src/crypto-blackrock2.c,0,,line_zero,project_source,yapall.masscan.O2g.001101155,/home/jimi/PaperExperiment/CompilerOptimization/Result/masscan/yapall/LLVM14-O2-g/run_20260427_yapall_docker_masscan_linked/log/CompilerOptimization_CompilerResult_masscan_LLVM14-O2-g_artifacts_masscan_O2_g_bc_subset_k0_default.log,line=349662; kind=points_to_top; operand=blackrock2_shuffle:1,,ok
masscan,LineZero,/home/jimi/PaperExperiment/CompilerOptimization/Target/masscan/src/out-json.c,0,,line_zero,project_source,yapall.masscan.O2g.001101159,/home/jimi/PaperExperiment/CompilerOptimization/Result/masscan/yapall/LLVM14-O2-g/run_20260427_yapall_docker_masscan_linked/log/CompilerOptimization_CompilerResult_masscan_LLVM14-O2-g_artifacts_masscan_O2_g_bc_subset_k0_default.log,line=349663; kind=points_to_top; operand=json_out_close:1,,ok
masscan,LineZero,/home/jimi/PaperExperiment/CompilerOptimization/Target/masscan/src/rte-ring.h,0,,line_zero,project_header,yapall.masscan.O2g.001101167,/home/jimi/PaperExperiment/CompilerOptimization/Result/masscan/yapall/LLVM14-O2-g/run_20260427_yapall_docker_masscan_linked/log/CompilerOptimization_CompilerResult_masscan_LLVM14-O2-g_artifacts_masscan_O2_g_bc_subset_k0_default.log,line=349666; kind=points_to_top; operand=stack_transmit_packetbuffer:1,,ok
masscan,LineZero,/home/jimi/PaperExperiment/CompilerOptimization/Target/masscan/src/out-ndjson.c,0,,line_zero,project_source,yapall.masscan.O2g.001101173,/home/jimi/PaperExperiment/CompilerOptimization/Result/masscan/yapall/LLVM14-O2-g/run_20260427_yapall_docker_masscan_linked/log/CompilerOptimization_CompilerResult_masscan_LLVM14-O2-g_artifacts_masscan_O2_g_bc_subset_k0_default.log,line=349669; kind=points_to_top; operand=ndjson_out_open:1,,ok
masscan,LineZero,/home/jimi/PaperExperiment/CompilerOptimization/Target/masscan/src/out-unicornscan.c,0,,line_zero,project_source,yapall.masscan.O2g.001101185,/home/jimi/PaperExperiment/CompilerOptimization/Result/masscan/yapall/LLVM14-O2-g/run_20260427_yapall_docker_masscan_linked/log/CompilerOptimization_CompilerResult_masscan_LLVM14-O2-g_artifacts_masscan_O2_g_bc_subset_k0_default.log,line=349675; kind=points_to_top; operand=unicornscan_out_open:1,,ok
masscan,LineZero,/home/jimi/PaperExperiment/CompilerOptimization/Target/masscan/src/util-errormsg.c,0,,line_zero,project_source,yapall.masscan.O2g.001101186,/home/jimi/PaperExperiment/CompilerOptimization/Result/masscan/yapall/LLVM14-O2-g/run_20260427_yapall_docker_masscan_linked/log/CompilerOptimization_CompilerResult_masscan_LLVM14-O2-g_artifacts_masscan_O2_g_bc_subset_k0_default.log,line=349676; kind=points_to_top; operand=ERRMSGip:1,,ok
masscan,LineZero,/home/jimi/PaperExperiment/CompilerOptimization/Target/masscan/src/pixie-threads.c,0,,line_zero,project_source,yapall.masscan.O2g.001101192,/home/jimi/PaperExperiment/CompilerOptimization/Result/masscan/yapall/LLVM14-O2-g/run_20260427_yapall_docker_masscan_linked/log/CompilerOptimization_CompilerResult_masscan_LLVM14-O2-g_artifacts_masscan_O2_g_bc_subset_k0_default.log,line=349680; kind=points_to_top; operand=pixie_begin_thread:1,,ok
masscan,LineZero,/home/jimi/PaperExperiment/CompilerOptimization/Target/masscan/src/main-throttle.c,0,,line_zero,project_source,yapall.masscan.O2g.001101206,/home/jimi/PaperExperiment/CompilerOptimization/Result/masscan/yapall/LLVM14-O2-g/run_20260427_yapall_docker_masscan_linked/log/CompilerOptimization_CompilerResult_masscan_LLVM14-O2-g_artifacts_masscan_O2_g_bc_subset_k0_default.log,line=349686; kind=points_to_top; operand=throttler_start:1,,ok
masscan,LineZero,/home/jimi/PaperExperiment/CompilerOptimization/Target/masscan/src/out-certs.c,0,,line_zero,project_source,yapall.masscan.O2g.001101207,/home/jimi/PaperExperiment/CompilerOptimization/Result/masscan/yapall/LLVM14-O2-g/run_20260427_yapall_docker_masscan_linked/log/CompilerOptimization_CompilerResult_masscan_LLVM14-O2-g_artifacts_masscan_O2_g_bc_subset_k0_default.log,line=349687; kind=points_to_top; operand=cert_out_open:1,,ok
masscan,LineZero,/home/jimi/PaperExperiment/CompilerOptimization/Target/masscan/src/out-hostonly.c,0,,line_zero,project_source,yapall.masscan.O2g.001101208,/home/jimi/PaperExperiment/CompilerOptimization/Result/masscan/yapall/LLVM14-O2-g/run_20260427_yapall_docker_masscan_linked/log/CompilerOptimization_CompilerResult_masscan_LLVM14-O2-g_artifacts_masscan_O2_g_bc_subset_k0_default.log,line=349688; kind=points_to_top; operand=hostonly_out_open:1,,ok
masscan,LineZero,/home/jimi/PaperExperiment/CompilerOptimization/Target/masscan/src/out-text.c,0,,line_zero,project_source,yapall.masscan.O2g.001101227,/home/jimi/PaperExperiment/CompilerOptimization/Result/masscan/yapall/LLVM14-O2-g/run_20260427_yapall_docker_masscan_linked/log/CompilerOptimization_CompilerResult_masscan_LLVM14-O2-g_artifacts_masscan_O2_g_bc_subset_k0_default.log,line=349696; kind=points_to_top; operand=text_out_close:1,,ok
masscan,LineZero,/home/jimi/PaperExperiment/CompilerOptimization/Target/masscan/src/misc-rstfilter.c,0,,line_zero,project_source,yapall.masscan.O2g.001101312,/home/jimi/PaperExperiment/CompilerOptimization/Result/masscan/yapall/LLVM14-O2-g/run_20260427_yapall_docker_masscan_linked/log/CompilerOptimization_CompilerResult_masscan_LLVM14-O2-g_artifacts_masscan_O2_g_bc_subset_k0_default.log,line=349709; kind=points_to_top; operand=rstfilter_create:1,,ok
masscan,LineZero,/home/jimi/PaperExperiment/CompilerOptimization/Target/masscan/src/pixie-file.c,0,,line_zero,project_source,yapall.masscan.O2g.001101318,/home/jimi/PaperExperiment/CompilerOptimization/Result/masscan/yapall/LLVM14-O2-g/run_20260427_yapall_docker_masscan_linked/log/CompilerOptimization_CompilerResult_masscan_LLVM14-O2-g_artifacts_masscan_O2_g_bc_subset_k0_default.log,line=349710; kind=points_to_top; operand=pixie_fopen_shareable:1,,ok
masscan,LineZero,/home/jimi/PaperExperiment/CompilerOptimization/Target/masscan/src/rte-ring.c,0,,line_zero,project_source,yapall.masscan.O2g.001101320,/home/jimi/PaperExperiment/CompilerOptimization/Result/masscan/yapall/LLVM14-O2-g/run_20260427_yapall_docker_masscan_linked/log/CompilerOptimization_CompilerResult_masscan_LLVM14-O2-g_artifacts_masscan_O2_g_bc_subset_k0_default.log,line=349712; kind=points_to_top; operand=rte_ring_set_water_mark:1,,ok
masscan,LineZero,/home/jimi/PaperExperiment/CompilerOptimization/Target/masscan/src/rawsock-getmac.c,0,,line_zero,project_source,yapall.masscan.O2g.001101327,/home/jimi/PaperExperiment/CompilerOptimization/Result/masscan/yapall/LLVM14-O2-g/run_20260427_yapall_docker_masscan_linked/log/CompilerOptimization_CompilerResult_masscan_LLVM14-O2-g_artifacts_masscan_O2_g_bc_subset_k0_default.log,line=349716; kind=points_to_top; operand=rawsock_get_adapter_mac:1,,ok
masscan,LineZero,/home/jimi/PaperExperiment/CompilerOptimization/Target/masscan/src/proto-isakmp.c,0,,line_zero,project_source,yapall.masscan.O2g.001101332,/home/jimi/PaperExperiment/CompilerOptimization/Result/masscan/yapall/LLVM14-O2-g/run_20260427_yapall_docker_masscan_linked/log/CompilerOptimization_CompilerResult_masscan_LLVM14-O2-g_artifacts_masscan_O2_g_bc_subset_k0_default.log,line=349721; kind=points_to_top; operand=isakmp_set_cookie:1,,ok
masscan,LineZero,/home/jimi/PaperExperiment/CompilerOptimization/Target/masscan/src/proto-coap.c,0,,line_zero,project_source,yapall.masscan.O2g.001101335,/home/jimi/PaperExperiment/CompilerOptimization/Result/masscan/yapall/LLVM14-O2-g/run_20260427_yapall_docker_masscan_linked/log/CompilerOptimization_CompilerResult_masscan_LLVM14-O2-g_artifacts_masscan_O2_g_bc_subset_k0_default.log,line=349724; kind=points_to_top; operand=coap_udp_set_cookie:1,,ok
masscan,LineZero,/home/jimi/PaperExperiment/CompilerOptimization/Target/masscan/src/stack-src.c,0,,line_zero,project_source,yapall.masscan.O2g.001101336,/home/jimi/PaperExperiment/CompilerOptimization/Result/masscan/yapall/LLVM14-O2-g/run_20260427_yapall_docker_masscan_linked/log/CompilerOptimization_CompilerResult_masscan_LLVM14-O2-g_artifacts_masscan_O2_g_bc_subset_k0_default.log,line=349725; kind=points_to_top; operand=is_my_port:1,,ok
masscan,LineZero,/home/jimi/PaperExperiment/CompilerOptimization/Target/masscan/src/rawsock-getroute.c,0,,line_zero,project_source,yapall.masscan.O2g.001101342,/home/jimi/PaperExperiment/CompilerOptimization/Result/masscan/yapall/LLVM14-O2-g/run_20260427_yapall_docker_masscan_linked/log/CompilerOptimization_CompilerResult_masscan_LLVM14-O2-g_artifacts_masscan_O2_g_bc_subset_k0_default.log,line=349729; kind=points_to_top; operand=rawsock_get_default_gateway:1,,ok
masscan,LineZero,/home/jimi/PaperExperiment/CompilerOptimization/Target/masscan/src/massip-parse.c,0,,line_zero,project_source,yapall.masscan.O2g.001101390,/home/jimi/PaperExperiment/CompilerOptimization/Result/masscan/yapall/LLVM14-O2-g/run_20260427_yapall_docker_masscan_linked/log/CompilerOptimization_CompilerResult_masscan_LLVM14-O2-g_artifacts_masscan_O2_g_bc_subset_k0_default.log,line=349750; kind=points_to_top; operand=rangefile_test_error:1,,ok
masscan,LineZero,/home/jimi/PaperExperiment/CompilerOptimization/Target/masscan/src/out-redis.c,0,,line_zero,project_source,yapall.masscan.O2g.001101404,/home/jimi/PaperExperiment/CompilerOptimization/Result/masscan/yapall/LLVM14-O2-g/run_20260427_yapall_docker_masscan_linked/log/CompilerOptimization_CompilerResult_masscan_LLVM14-O2-g_artifacts_masscan_O2_g_bc_subset_k0_default.log,line=349757; kind=points_to_top; operand=redis_out_open:1,,ok
masscan,LineZero,/home/jimi/PaperExperiment/CompilerOptimization/Target/masscan/src/out-xml.c,0,,line_zero,project_source,yapall.masscan.O2g.001101422,/home/jimi/PaperExperiment/CompilerOptimization/Result/masscan/yapall/LLVM14-O2-g/run_20260427_yapall_docker_masscan_linked/log/CompilerOptimization_CompilerResult_masscan_LLVM14-O2-g_artifacts_masscan_O2_g_bc_subset_k0_default.log,line=349759; kind=points_to_top; operand=xml_out_open:1,,ok
masscan,LineZero,/home/jimi/PaperExperiment/CompilerOptimization/Target/masscan/src/proto-ntp.c,0,,line_zero,project_source,yapall.masscan.O2g.001101457,/home/jimi/PaperExperiment/CompilerOptimization/Result/masscan/yapall/LLVM14-O2-g/run_20260427_yapall_docker_masscan_linked/log/CompilerOptimization_CompilerResult_masscan_LLVM14-O2-g_artifacts_masscan_O2_g_bc_subset_k0_default.log,line=349775; kind=points_to_top; operand=ntp_set_cookie:1,,ok
masscan,LineZero,/home/jimi/PaperExperiment/CompilerOptimization/Target/masscan/src/rawsock-getif.c,0,,line_zero,project_source,yapall.masscan.O2g.001101477,/home/jimi/PaperExperiment/CompilerOptimization/Result/masscan/yapall/LLVM14-O2-g/run_20260427_yapall_docker_masscan_linked/log/CompilerOptimization_CompilerResult_masscan_LLVM14-O2-g_artifacts_masscan_O2_g_bc_subset_k0_default.log,line=349791; kind=points_to_top; operand=rawsock_get_default_interface:1,,ok
masscan,LineZero,/home/jimi/PaperExperiment/CompilerOptimization/Target/masscan/src/proto-ntlmssp.c,0,,line_zero,project_source,yapall.masscan.O2g.001101514,/home/jimi/PaperExperiment/CompilerOptimization/Result/masscan/yapall/LLVM14-O2-g/run_20260427_yapall_docker_masscan_linked/log/CompilerOptimization_CompilerResult_masscan_LLVM14-O2-g_artifacts_masscan_O2_g_bc_subset_k0_default.log,line=349804; kind=points_to_top; operand=ntlmssp_decode_init:1,,ok
masscan,LineZero,/home/jimi/PaperExperiment/CompilerOptimization/Target/masscan/src/util-logger.c,0,,line_zero,project_source,yapall.masscan.O2g.001101548,/home/jimi/PaperExperiment/CompilerOptimization/Result/masscan/yapall/LLVM14-O2-g/run_20260427_yapall_docker_masscan_linked/log/CompilerOptimization_CompilerResult_masscan_LLVM14-O2-g_artifacts_masscan_O2_g_bc_subset_k0_default.log,line=349822; kind=points_to_top; operand=LOG:1,,ok
masscan,LineZero,/home/jimi/PaperExperiment/CompilerOptimization/Target/masscan/src/main-ptrace.c,0,,line_zero,project_source,yapall.masscan.O2g.001101553,/home/jimi/PaperExperiment/CompilerOptimization/Result/masscan/yapall/LLVM14-O2-g/run_20260427_yapall_docker_masscan_linked/log/CompilerOptimization_CompilerResult_masscan_LLVM14-O2-g_artifacts_masscan_O2_g_bc_subset_k0_default.log,line=349825; kind=points_to_top; operand=packet_trace:1,,ok
masscan,LineZero,/home/jimi/PaperExperiment/CompilerOptimization/Target/masscan/src/pixie-backtrace.c,0,,line_zero,project_source,yapall.masscan.O2g.001103200,/home/jimi/PaperExperiment/CompilerOptimization/Result/masscan/yapall/LLVM14-O2-g/run_20260427_yapall_docker_masscan_linked/log/CompilerOptimization_CompilerResult_masscan_LLVM14-O2-g_artifacts_masscan_O2_g_bc_subset_k0_default.log,line=351101; kind=points_to_top; operand=handle_segfault:handle_segfault:1:14,,ok
masscan,LineZero,/home/jimi/PaperExperiment/CompilerOptimization/Target/masscan/src/out-tcp-services.c,0,,line_zero,project_source,yapall.masscan.O2g.001103201,/home/jimi/PaperExperiment/CompilerOptimization/Result/masscan/yapall/LLVM14-O2-g/run_20260427_yapall_docker_masscan_linked/log/CompilerOptimization_CompilerResult_masscan_LLVM14-O2-g_artifacts_masscan_O2_g_bc_subset_k0_default.log,line=351102; kind=points_to_top; operand=oproto_service_name:oproto_service_name:6:0,,ok
masscan,LineZero,/home/jimi/PaperExperiment/CompilerOptimization/Target/masscan/src/main-initadapter.c,0,,line_zero,project_source,yapall.masscan.O2g.001103343,/home/jimi/PaperExperiment/CompilerOptimization/Result/masscan/yapall/LLVM14-O2-g/run_20260427_yapall_docker_masscan_linked/log/CompilerOptimization_CompilerResult_masscan_LLVM14-O2-g_artifacts_masscan_O2_g_bc_subset_k0_default.log,line=351189; kind=points_to_top; operand=masscan_initialize_adapter:masscan_initialize_adapter:170:1,,ok
masscan,LineZero,/home/jimi/PaperExperiment/CompilerOptimization/Target/masscan/src/main-listscan.c,0,,line_zero,project_source,yapall.masscan.O2g.001103846,/home/jimi/PaperExperiment/CompilerOptimization/Result/masscan/yapall/LLVM14-O2-g/run_20260427_yapall_docker_masscan_linked/log/CompilerOptimization_CompilerResult_masscan_LLVM14-O2-g_artifacts_masscan_O2_g_bc_subset_k0_default.log,line=351573; kind=points_to_top; operand=main_listscan:main_listscan:36:0,,ok
masscan,LineZero,/home/jimi/PaperExperiment/CompilerOptimization/Target/masscan/src/proto-preprocess.c,0,,line_zero,project_source,yapall.masscan.O2g.001104017,/home/jimi/PaperExperiment/CompilerOptimization/Result/masscan/yapall/LLVM14-O2-g/run_20260427_yapall_docker_masscan_linked/log/CompilerOptimization_CompilerResult_masscan_LLVM14-O2-g_artifacts_masscan_O2_g_bc_subset_k0_default.log,line=351645; kind=points_to_top; operand=preprocess_frame:0,,ok
masscan,LineZero,/home/jimi/PaperExperiment/CompilerOptimization/Target/masscan/src/util-checksum.c,0,,line_zero,project_source,yapall.masscan.O2g.001104370,/home/jimi/PaperExperiment/CompilerOptimization/Result/masscan/yapall/LLVM14-O2-g/run_20260427_yapall_docker_masscan_linked/log/CompilerOptimization_CompilerResult_masscan_LLVM14-O2-g_artifacts_masscan_O2_g_bc_subset_k0_default.log,line=351771; kind=points_to_top; operand=checksum_ipv6:0,,ok
masscan,LineZero,/home/jimi/PaperExperiment/CompilerOptimization/Target/masscan/src/stack-ndpv6.c,0,,line_zero,project_source,yapall.masscan.O2g.001104393,/home/jimi/PaperExperiment/CompilerOptimization/Result/masscan/yapall/LLVM14-O2-g/run_20260427_yapall_docker_masscan_linked/log/CompilerOptimization_CompilerResult_masscan_LLVM14-O2-g_artifacts_masscan_O2_g_bc_subset_k0_default.log,line=351776; kind=points_to_top; operand=stack_ndpv6_incoming_request:0,,ok
masscan,LineZero,/home/jimi/PaperExperiment/CompilerOptimization/Target/masscan/src/crypto-base64.c,0,,line_zero,project_source,yapall.masscan.O2g.001104409,/home/jimi/PaperExperiment/CompilerOptimization/Result/masscan/yapall/LLVM14-O2-g/run_20260427_yapall_docker_masscan_linked/log/CompilerOptimization_CompilerResult_masscan_LLVM14-O2-g_artifacts_masscan_O2_g_bc_subset_k0_default.log,line=351781; kind=points_to_top; operand=base64_encode:0,,ok
masscan,LineZero,/home/jimi/PaperExperiment/CompilerOptimization/Target/masscan/src/main-dedup.c,0,,line_zero,project_source,yapall.masscan.O2g.001104474,/home/jimi/PaperExperiment/CompilerOptimization/Result/masscan/yapall/LLVM14-O2-g/run_20260427_yapall_docker_masscan_linked/log/CompilerOptimization_CompilerResult_masscan_LLVM14-O2-g_artifacts_masscan_O2_g_bc_subset_k0_default.log,line=351793; kind=points_to_top; operand=dedup_is_duplicate:0,,ok
masscan,LineZero,/home/jimi/PaperExperiment/CompilerOptimization/Target/masscan/src/proto-arp.c,0,,line_zero,project_source,yapall.masscan.O2g.001104607,/home/jimi/PaperExperiment/CompilerOptimization/Result/masscan/yapall/LLVM14-O2-g/run_20260427_yapall_docker_masscan_linked/log/CompilerOptimization_CompilerResult_masscan_LLVM14-O2-g_artifacts_masscan_O2_g_bc_subset_k0_default.log,line=351797; kind=points_to_top; operand=arp_recv_response:0,,ok
masscan,LineZero,/home/jimi/PaperExperiment/CompilerOptimization/Target/masscan/src/in-report.c,0,,line_zero,project_source,yapall.masscan.O2g.001104641,/home/jimi/PaperExperiment/CompilerOptimization/Result/masscan/yapall/LLVM14-O2-g/run_20260427_yapall_docker_masscan_linked/log/CompilerOptimization_CompilerResult_masscan_LLVM14-O2-g_artifacts_masscan_O2_g_bc_subset_k0_default.log,line=351803; kind=points_to_top; operand=readscan_report:0,,ok
masscan,LineZero,/home/jimi/PaperExperiment/CompilerOptimization/Target/masscan/src/proto-zeroaccess.c,0,,line_zero,project_source,yapall.masscan.O2g.001104817,/home/jimi/PaperExperiment/CompilerOptimization/Result/masscan/yapall/LLVM14-O2-g/run_20260427_yapall_docker_masscan_linked/log/CompilerOptimization_CompilerResult_masscan_LLVM14-O2-g_artifacts_masscan_O2_g_bc_subset_k0_default.log,line=351836; kind=points_to_top; operand=handle_zeroaccess:0,,ok
masscan,LineZero,/home/jimi/PaperExperiment/CompilerOptimization/Target/masscan/src/proto-netbios.c,0,,line_zero,project_source,yapall.masscan.O2g.001104819,/home/jimi/PaperExperiment/CompilerOptimization/Result/masscan/yapall/LLVM14-O2-g/run_20260427_yapall_docker_masscan_linked/log/CompilerOptimization_CompilerResult_masscan_LLVM14-O2-g_artifacts_masscan_O2_g_bc_subset_k0_default.log,line=351837; kind=points_to_top; operand=handle_nbtstat:0,,ok
masscan,LineZero,/home/jimi/PaperExperiment/CompilerOptimization/Target/masscan/src/stack-if.c,0,,line_zero,project_source,yapall.masscan.O2g.001104884,/home/jimi/PaperExperiment/CompilerOptimization/Result/masscan/yapall/LLVM14-O2-g/run_20260427_yapall_docker_masscan_linked/log/CompilerOptimization_CompilerResult_masscan_LLVM14-O2-g_artifacts_masscan_O2_g_bc_subset_k0_default.log,line=351873; kind=points_to_top; operand=stack_if_datalink:stack_if_datalink:5:1,,ok
masscan,LineZero,/home/jimi/PaperExperiment/CompilerOptimization/Target/masscan/src/xring.c,0,,line_zero,project_source,yapall.masscan.O2g.001105699,/home/jimi/PaperExperiment/CompilerOptimization/Result/masscan/yapall/LLVM14-O2-g/run_20260427_yapall_docker_masscan_linked/log/CompilerOptimization_CompilerResult_masscan_LLVM14-O2-g_artifacts_masscan_O2_g_bc_subset_k0_default.log,line=352582; kind=points_to_top; operand=test_consumer_thread.2862:test_consumer_thread.2862:27:3,,ok
masscan,LineZero,/home/jimi/PaperExperiment/CompilerOptimization/Target/masscan/src/scripting.c,0,,line_zero,project_source,yapall.masscan.O2g.001106783,/home/jimi/PaperExperiment/CompilerOptimization/Result/masscan/yapall/LLVM14-O2-g/run_20260427_yapall_docker_masscan_linked/log/CompilerOptimization_CompilerResult_masscan_LLVM14-O2-g_artifacts_masscan_O2_g_bc_subset_k0_default.log,line=353533; kind=points_to_top; operand=scripting_init:scripting_init:1:2,,ok
masscan,LineZero,/home/jimi/PaperExperiment/CompilerOptimization/Target/masscan/src/scripting-masscan.c,0,,line_zero,project_source,yapall.masscan.O2g.001107149,/home/jimi/PaperExperiment/CompilerOptimization/Result/masscan/yapall/LLVM14-O2-g/run_20260427_yapall_docker_masscan_linked/log/CompilerOptimization_CompilerResult_masscan_LLVM14-O2-g_artifacts_masscan_O2_g_bc_subset_k0_default.log,line=353980; kind=points_to_top; operand=scripting_masscan_init:scripting_masscan_init:1:2,,ok
masscan,LineZero,/home/jimi/PaperExperiment/CompilerOptimization/Target/masscan/src/main-readrange.c,0,,line_zero,project_source,yapall.masscan.O2g.001107691,/home/jimi/PaperExperiment/CompilerOptimization/Result/masscan/yapall/LLVM14-O2-g/run_20260427_yapall_docker_masscan_linked/log/CompilerOptimization_CompilerResult_masscan_LLVM14-O2-g_artifacts_masscan_O2_g_bc_subset_k0_default.log,line=354476; kind=points_to_top; operand=main_readrange:main_readrange:64:4,,ok
masscan,LineZero,/home/jimi/PaperExperiment/CompilerOptimization/Target/masscan/src/rawsock-getip6.c,0,,line_zero,project_source,yapall.masscan.O2g.001108148,/home/jimi/PaperExperiment/CompilerOptimization/Result/masscan/yapall/LLVM14-O2-g/run_20260427_yapall_docker_masscan_linked/log/CompilerOptimization_CompilerResult_masscan_LLVM14-O2-g_artifacts_masscan_O2_g_bc_subset_k0_default.log,line=354778; kind=points_to_top; operand=rawsock_get_adapter_ipv6:0,,ok
masscan,LineZero,/home/jimi/PaperExperiment/CompilerOptimization/Target/masscan/src/pixie-timer.c,0,,line_zero,project_source,yapall.masscan.O2g.001108227,/home/jimi/PaperExperiment/CompilerOptimization/Result/masscan/yapall/LLVM14-O2-g/run_20260427_yapall_docker_masscan_linked/log/CompilerOptimization_CompilerResult_masscan_LLVM14-O2-g_artifacts_masscan_O2_g_bc_subset_k0_default.log,line=354803; kind=points_to_top; operand=pixie_usleep:0,,ok
masscan,LineZero,/home/jimi/PaperExperiment/CompilerOptimization/Target/masscan/src/main-status.c,0,,line_zero,project_source,yapall.masscan.O2g.001108249,/home/jimi/PaperExperiment/CompilerOptimization/Result/masscan/yapall/LLVM14-O2-g/run_20260427_yapall_docker_masscan_linked/log/CompilerOptimization_CompilerResult_masscan_LLVM14-O2-g_artifacts_masscan_O2_g_bc_subset_k0_default.log,line=354813; kind=points_to_top; operand=status_finish:0,,ok
masscan,LineZero,/home/jimi/PaperExperiment/CompilerOptimization/Target/masscan/src/rawsock-getip.c,0,,line_zero,project_source,yapall.masscan.O2g.001108369,/home/jimi/PaperExperiment/CompilerOptimization/Result/masscan/yapall/LLVM14-O2-g/run_20260427_yapall_docker_masscan_linked/log/CompilerOptimization_CompilerResult_masscan_LLVM14-O2-g_artifacts_masscan_O2_g_bc_subset_k0_default.log,line=354854; kind=points_to_top; operand=rawsock_get_adapter_ip:0,,ok
masscan,LineZero,/home/jimi/PaperExperiment/CompilerOptimization/Target/masscan/src/masscan-app.c,0,,line_zero,project_source,yapall.masscan.O2g.001108436,/home/jimi/PaperExperiment/CompilerOptimization/Result/masscan/yapall/LLVM14-O2-g/run_20260427_yapall_docker_masscan_linked/log/CompilerOptimization_CompilerResult_masscan_LLVM14-O2-g_artifacts_masscan_O2_g_bc_subset_k0_default.log,line=354867; kind=points_to_top; operand=masscan_string_to_app:0,,ok
masscan,LineZero,/home/jimi/PaperExperiment/CompilerOptimization/Target/masscan/src/vulncheck.c,0,,line_zero,project_source,yapall.masscan.O2g.001108488,/home/jimi/PaperExperiment/CompilerOptimization/Result/masscan/yapall/LLVM14-O2-g/run_20260427_yapall_docker_masscan_linked/log/CompilerOptimization_CompilerResult_masscan_LLVM14-O2-g_artifacts_masscan_O2_g_bc_subset_k0_default.log,line=354894; kind=points_to_top; operand=vulncheck_lookup:0,,ok
masscan,LineZero,/home/jimi/PaperExperiment/CompilerOptimization/Target/masscan/src/stub-pfring.c,0,,line_zero,project_source,yapall.masscan.O2g.001108879,/home/jimi/PaperExperiment/CompilerOptimization/Result/masscan/yapall/LLVM14-O2-g/run_20260427_yapall_docker_masscan_linked/log/CompilerOptimization_CompilerResult_masscan_LLVM14-O2-g_artifacts_masscan_O2_g_bc_subset_k0_default.log,line=355173; kind=points_to_top; operand=PFRING_init:PFRING_init:0:3,,ok
masscan,LineZero,/home/jimi/PaperExperiment/CompilerOptimization/Target/masscan/src/stub-lua.c,0,,line_zero,project_source,yapall.masscan.O2g.001108889,/home/jimi/PaperExperiment/CompilerOptimization/Result/masscan/yapall/LLVM14-O2-g/run_20260427_yapall_docker_masscan_linked/log/CompilerOptimization_CompilerResult_masscan_LLVM14-O2-g_artifacts_masscan_O2_g_bc_subset_k0_default.log,line=355174; kind=points_to_top; operand=stublua_init:stublua_init:0:3,,ok
tengine,LineZero,/home/jimi/PaperExperiment/CompilerOptimization/Target/Tengine/tests/common/stb_image.h,0,,line_zero,project_header,yapall.tengine.O2g.001123917,/home/jimi/PaperExperiment/CompilerOptimization/Result/tengine/yapall/LLVM14-O2-g/run_20260427_yapall_docker_tengine_linked/log/CompilerOptimization_CompilerResult_tengine_LLVM14-O2-g_artifacts_tengine_bc_subset_k0_default.log,line=4887; kind=invalid_call; operand=stbi__load_main:stbi__load_main:2071:0; allocation=*stbi__load_main:stbi__load_main:1560:4(_),,ok
tengine,LineZero,/home/jimi/PaperExperiment/CompilerOptimization/Target/Tengine/examples/common/tengine_operations.c,0,,line_zero,project_source,yapall.tengine.O2g.001126502,/home/jimi/PaperExperiment/CompilerOptimization/Result/tengine/yapall/LLVM14-O2-g/run_20260427_yapall_docker_tengine_linked/log/CompilerOptimization_CompilerResult_tengine_LLVM14-O2-g_artifacts_tengine_bc_subset_k0_default.log,line=7543; kind=invalid_load; operand=imread_process:imread_process:6:21; allocation=*@stbi__stdio_read,,ok
tengine,LineZero,/home/jimi/PaperExperiment/CompilerOptimization/Target/Tengine/examples/tm_classification.c,0,,line_zero,project_source,yapall.tengine.O2g.001128349,/home/jimi/PaperExperiment/CompilerOptimization/Result/tengine/yapall/LLVM14-O2-g/run_20260427_yapall_docker_tengine_linked/log/CompilerOptimization_CompilerResult_tengine_LLVM14-O2-g_artifacts_tengine_bc_subset_k0_default.log,line=9827; kind=points_to_top; operand=tengine_classify:tengine_classify:38:1,,ok
lepton,LineZero,/home/jimi/PaperExperiment/CompilerOptimization/Target/lepton/src/lepton/jpgcoder.cc,0,,line_zero,project_source,yapall.lepton.O2g.001241800,/home/jimi/PaperExperiment/CompilerOptimization/Result/lepton/yapall/LLVM14-O2-g/run_20260427_yapall_docker_lepton_linked/log/CompilerOptimization_CompilerResult_lepton_LLVM14-O2-g_lepton_artifacts_lepton_O2_g_bc_subset_k0_default.log,line=113451; kind=invalid_call; operand=_Z10write_ujpgSt6vectorI13ThreadHandoffSaIS0_EEPS_IhN8Sirikata13JpegAllocatorIhEEE:_Z10write_ujpgSt6vectorI13ThreadHandoffSaIS0_EEPS_IhN8Sirikata13JpegAllocatorIhEEE:2:36; allocation=*@EOI:false(_),,ok
lepton,LineZero,/home/jimi/PaperExperiment/CompilerOptimization/Target/lepton/src/io/MemMgrAllocator.cc,0,,line_zero,project_source,yapall.lepton.O2g.001304864,/home/jimi/PaperExperiment/CompilerOptimization/Result/lepton/yapall/LLVM14-O2-g/run_20260427_yapall_docker_lepton_linked/log/CompilerOptimization_CompilerResult_lepton_LLVM14-O2-g_lepton_artifacts_lepton_O2_g_bc_subset_k0_default.log,line=176515; kind=invalid_load; operand=_ZN8Sirikata12memmgr_allocEm:_ZN8Sirikata12memmgr_allocEm:100:2; allocation=*@_ZN8Sirikata13JpegAllocatorIhE12free_wrapperEPvS2_,,ok
lepton,LineZero,/home/jimi/PaperExperiment/CompilerOptimization/Target/lepton/src/lepton/bitops.cc,0,,line_zero,project_source,yapall.lepton.O2g.001383397,/home/jimi/PaperExperiment/CompilerOptimization/Result/lepton/yapall/LLVM14-O2-g/run_20260427_yapall_docker_lepton_linked/log/CompilerOptimization_CompilerResult_lepton_LLVM14-O2-g_lepton_artifacts_lepton_O2_g_bc_subset_k0_default.log,line=254258; kind=invalid_load; operand=_ZN11ibytestream4readEPhj:_ZN11ibytestream4readEPhj:3:5; allocation=*@_Z17read_jpeg_wrapperPSt6vectorISt4pairIjjESaIS1_EEP11ibytestreamN8Sirikata7Array1dIhLj2ENS7_13DontRoundPow2ENS7_10DirectTypeINS7_15ArrayBaseType1dIhLj2ES9_EEEEEEb,,ok
lepton,LineZero,/home/jimi/PaperExperiment/CompilerOptimization/Target/lepton/src/io/ioutil.cc,0,,line_zero,project_source,yapall.lepton.O2g.001443601,/home/jimi/PaperExperiment/CompilerOptimization/Result/lepton/yapall/LLVM14-O2-g/run_20260427_yapall_docker_lepton_linked/log/CompilerOptimization_CompilerResult_lepton_LLVM14-O2-g_lepton_artifacts_lepton_O2_g_bc_subset_k0_default.log,line=313355; kind=invalid_load; operand=_ZN6IOUtil19md5_and_copy_to_teeEiiP7MD5_CTXPmmmbbPSt6vectorIhSaIhEE:3; allocation=*@_Z17read_jpeg_wrapperPSt6vectorISt4pairIjjESaIS1_EEP11ibytestreamN8Sirikata7Array1dIhLj2ENS7_13DontRoundPow2ENS7_10DirectTypeINS7_15ArrayBaseType1dIhLj2ES9_EEEEEEb,,ok
lepton,LineZero,/home/jimi/PaperExperiment/CompilerOptimization/Target/lepton/src/lepton/../io/BufferedIO.hh,0,,line_zero,project_header,yapall.lepton.O2g.001539514,/home/jimi/PaperExperiment/CompilerOptimization/Result/lepton/yapall/LLVM14-O2-g/run_20260427_yapall_docker_lepton_linked/log/CompilerOptimization_CompilerResult_lepton_LLVM14-O2-g_lepton_artifacts_lepton_O2_g_bc_subset_k0_default.log,line=407373; kind=invalid_load; operand=_ZN8Sirikata14BufferedReaderILj262144EE4ReadEPhj:_ZN8Sirikata14BufferedReaderILj262144EE4ReadEPhj:12:3; allocation=*@_Z17read_jpeg_wrapperPSt6vectorISt4pairIjjESaIS1_EEP11ibytestreamN8Sirikata7Array1dIhLj2ENS7_13DontRoundPow2ENS7_10DirectTypeINS7_15ArrayBaseType1dIhLj2ES9_EEEEEEb,,ok
lepton,LineZero,/home/jimi/PaperExperiment/CompilerOptimization/Target/lepton/src/lepton/vp8_encoder.cc,0,,line_zero,project_source,yapall.lepton.O2g.001544412,/home/jimi/PaperExperiment/CompilerOptimization/Result/lepton/yapall/LLVM14-O2-g/run_20260427_yapall_docker_lepton_linked/log/CompilerOptimization_CompilerResult_lepton_LLVM14-O2-g_lepton_artifacts_lepton_O2_g_bc_subset_k0_default.log,line=412113; kind=invalid_load; operand=_ZN19VP8ComponentEncoderI13VPXBoolReaderE17process_row_rangeI13VPXBoolWriterEEvjPK22UncompressedComponentsiiPN8Sirikata9MuxReader19ResizableByteBufferEPT_PNS7_7Array1dISt6vectorI15NeighborSummarySaISF_EELj3ENS7_13DontRoundPow2ENS7_10DirectTypeINS7_15ArrayBaseType1dISH_Lj3ESI_EEEEEE:_ZN19VP8ComponentEncoderI13VPXBoolReaderE17process_row_rangeI13VPXBoolWriterEEvjPK22UncompressedComponentsiiPN8Sirikata9MuxReader19ResizableByteBufferEPT_PNS7_7Array1dISt6vectorI15NeighborSummarySaISF_EELj3ENS7_13DontRoundPow2ENS7_10DirectTypeINS7_15ArrayBaseType1dISH_Lj3ESI_EEEEEE:103:0; allocation=*@_Z34read_jpeg_and_copy_to_side_channelPSt6vectorISt4pairIjjESaIS1_EEP17ibytestreamcopierN8Sirikata7Array1dIhLj2ENS7_13DontRoundPow2ENS7_10DirectTypeINS7_15ArrayBaseType1dIhLj2ES9_EEEEEEb,,ok
lepton,LineZero,/home/jimi/PaperExperiment/CompilerOptimization/Target/lepton/src/vp8/decoder/boolreader.hh,0,,line_zero,project_header,yapall.lepton.O2g.001660951,/home/jimi/PaperExperiment/CompilerOptimization/Result/lepton/yapall/LLVM14-O2-g/run_20260427_yapall_docker_lepton_linked/log/CompilerOptimization_CompilerResult_lepton_LLVM14-O2-g_lepton_artifacts_lepton_O2_g_bc_subset_k0_default.log,line=523330; kind=invalid_store; operand=_Z24vpx_reader_fill_and_readP10vpx_readerj7Billing:_Z24vpx_reader_fill_and_readP10vpx_readerj7Billing:127:2; allocation=*@_Z17read_jpeg_wrapperPSt6vectorISt4pairIjjESaIS1_EEP11ibytestreamN8Sirikata7Array1dIhLj2ENS7_13DontRoundPow2ENS7_10DirectTypeINS7_15ArrayBaseType1dIhLj2ES9_EEEEEEb,,ok
lepton,LineZero,/home/jimi/PaperExperiment/CompilerOptimization/Target/lepton/src/lepton/../vp8/util/block_based_image.hh,0,,line_zero,project_header,yapall.lepton.O2g.001668758,/home/jimi/PaperExperiment/CompilerOptimization/Result/lepton/yapall/LLVM14-O2-g/run_20260427_yapall_docker_lepton_linked/log/CompilerOptimization_CompilerResult_lepton_LLVM14-O2-g_lepton_artifacts_lepton_O2_g_bc_subset_k0_default.log,line=530293; kind=invalid_store; operand=_ZN11LeptonCodecI13VPXBoolReaderE11ThreadState10decode_rowI17ProbabilityTablesILb0EL9BlockType2EES4_ILb1ELS5_2EES6_Lb1EEEvRT_RT0_RT1_iR25BlockBasedImagePerChannelIXT2_EEi:_ZN11LeptonCodecI13VPXBoolReaderE11ThreadState10decode_rowI17ProbabilityTablesILb0EL9BlockType2EES4_ILb1ELS5_2EES6_Lb1EEEvRT_RT0_RT1_iR25BlockBasedImagePerChannelIXT2_EEi:123:23; allocation=*@_Z34read_jpeg_and_copy_to_side_channelPSt6vectorISt4pairIjjESaIS1_EEP17ibytestreamcopierN8Sirikata7Array1dIhLj2ENS7_13DontRoundPow2ENS7_10DirectTypeINS7_15ArrayBaseType1dIhLj2ES9_EEEEEEb,,ok
lepton,LineZero,/home/jimi/PaperExperiment/CompilerOptimization/Target/lepton/src/vp8/model/model.cc,0,,line_zero,project_source,yapall.lepton.O2g.001683739,/home/jimi/PaperExperiment/CompilerOptimization/Result/lepton/yapall/LLVM14-O2-g/run_20260427_yapall_docker_lepton_linked/log/CompilerOptimization_CompilerResult_lepton_LLVM14-O2-g_lepton_artifacts_lepton_O2_g_bc_subset_k0_default.log,line=545274; kind=invalid_store; operand=_Z12print_helperIN8Sirikata7Array3dI6BranchLj12ELj17ELj11ENS0_13DontRoundPow2ENS0_10DirectTypeINS0_15ArrayBaseType3dIS2_Lj12ELj17ELj11ES3_EEEEEEEvRKT_PSA_RKNSt7__cxx1112basic_stringIcSt11char_traitsIcESaIcEEERKSt6vectorISI_SaISI_EERSL_IjSaIjEEN5Model25PrintabilitySpecificationE:_Z12print_helperIN8Sirikata7Array3dI6BranchLj12ELj17ELj11ENS0_13DontRoundPow2ENS0_10DirectTypeINS0_15ArrayBaseType3dIS2_Lj12ELj17ELj11ES3_EEEEEEEvRKT_PSA_RKNSt7__cxx1112basic_stringIcSt11char_traitsIcESaIcEEERKSt6vectorISI_SaISI_EERSL_IjSaIjEEN5Model25PrintabilitySpecificationE:51:192; allocation=*@_ZTVN8Sirikata13MemReadWriterE:true(_),,ok
lepton,LineZero,/home/jimi/PaperExperiment/CompilerOptimization/Target/lepton/src/lepton/stream_interfaces.hh,0,,line_zero,project_header,yapall.lepton.O2g.001718135,/home/jimi/PaperExperiment/CompilerOptimization/Result/lepton/yapall/LLVM14-O2-g/run_20260427_yapall_docker_lepton_linked/log/CompilerOptimization_CompilerResult_lepton_LLVM14-O2-g_lepton_artifacts_lepton_O2_g_bc_subset_k0_default.log,line=578826; kind=invalid_store; operand=_ZN24ActualThreadPacketReader7getNextEv:_ZN24ActualThreadPacketReader7getNextEv:96:1; allocation=*@_Z17read_jpeg_wrapperPSt6vectorISt4pairIjjESaIS1_EEP11ibytestreamN8Sirikata7Array1dIhLj2ENS7_13DontRoundPow2ENS7_10DirectTypeINS7_15ArrayBaseType1dIhLj2ES9_EEEEEEb,,ok
lepton,LineZero,/home/jimi/PaperExperiment/CompilerOptimization/Target/lepton/src/vp8/model/JpegArithmeticCoder.cc,0,,line_zero,project_source,yapall.lepton.O2g.001787976,/home/jimi/PaperExperiment/CompilerOptimization/Result/lepton/yapall/LLVM14-O2-g/run_20260427_yapall_docker_lepton_linked/log/CompilerOptimization_CompilerResult_lepton_LLVM14-O2-g_lepton_artifacts_lepton_O2_g_bc_subset_k0_default.log,line=647823; kind=invalid_store; operand=_ZN8Sirikata15ArithmeticCoder12arith_encodeEPNS_13DecoderWriterEPhb:2; allocation=*@_Z17read_jpeg_wrapperPSt6vectorISt4pairIjjESaIS1_EEP11ibytestreamN8Sirikata7Array1dIhLj2ENS7_13DontRoundPow2ENS7_10DirectTypeINS7_15ArrayBaseType1dIhLj2ES9_EEEEEEb,,ok
lepton,LineZero,/home/jimi/PaperExperiment/CompilerOptimization/Target/lepton/src/lepton/recoder.cc,0,,line_zero,project_source,yapall.lepton.O2g.001794306,/home/jimi/PaperExperiment/CompilerOptimization/Result/lepton/yapall/LLVM14-O2-g/run_20260427_yapall_docker_lepton_linked/log/CompilerOptimization_CompilerResult_lepton_LLVM14-O2-g_lepton_artifacts_lepton_O2_g_bc_subset_k0_default.log,line=654153; kind=invalid_store; operand=_Z11next_mcuposPiS_S_S_S_S_i:4; allocation=*@_Z34read_jpeg_and_copy_to_side_channelPSt6vectorISt4pairIjjESaIS1_EEP17ibytestreamcopierN8Sirikata7Array1dIhLj2ENS7_13DontRoundPow2ENS7_10DirectTypeINS7_15ArrayBaseType1dIhLj2ES9_EEEEEEb,,ok
lepton,LineZero,/home/jimi/PaperExperiment/CompilerOptimization/Target/lepton/src/vp8/util/../../io/Allocator.hh,0,,line_zero,project_header,yapall.lepton.O2g.001892224,/home/jimi/PaperExperiment/CompilerOptimization/Result/lepton/yapall/LLVM14-O2-g/run_20260427_yapall_docker_lepton_linked/log/CompilerOptimization_CompilerResult_lepton_LLVM14-O2-g_lepton_artifacts_lepton_O2_g_bc_subset_k0_default.log,line=749960; kind=points_to_top; operand=_ZNSt6vectorIhN8Sirikata13JpegAllocatorIhEEE17_M_realloc_insertIJhEEEvN9__gnu_cxx17__normal_iteratorIPhS3_EEDpOT_:_ZNSt6vectorIhN8Sirikata13JpegAllocatorIhEEE17_M_realloc_insertIJhEEEvN9__gnu_cxx17__normal_iteratorIPhS3_EEDpOT_:27:9,,ok
lepton,LineZero,/home/jimi/PaperExperiment/CompilerOptimization/Target/lepton/src/vp8/util/memory.cc,0,,line_zero,project_source,yapall.lepton.O2g.001892235,/home/jimi/PaperExperiment/CompilerOptimization/Result/lepton/yapall/LLVM14-O2-g/run_20260427_yapall_docker_lepton_linked/log/CompilerOptimization_CompilerResult_lepton_LLVM14-O2-g_lepton_artifacts_lepton_O2_g_bc_subset_k0_default.log,line=749969; kind=points_to_top; operand=_Znam:_Znam:1:2,,ok
lepton,LineZero,/home/jimi/PaperExperiment/CompilerOptimization/Target/lepton/src/lepton/socket_serve.cc,0,,line_zero,project_source,yapall.lepton.O2g.001892337,/home/jimi/PaperExperiment/CompilerOptimization/Result/lepton/yapall/LLVM14-O2-g/run_20260427_yapall_docker_lepton_linked/log/CompilerOptimization_CompilerResult_lepton_LLVM14-O2-g_lepton_artifacts_lepton_O2_g_bc_subset_k0_default.log,line=750053; kind=points_to_top; operand=_Z12serving_loopiiiiRKSt8functionIFvPN6IOUtil10FileReaderEPNS0_10FileWriterEjbEEjjbi:4,,ok
lepton,LineZero,/home/jimi/PaperExperiment/CompilerOptimization/Target/lepton/src/lepton/../io/ioutil.hh,0,,line_zero,project_header,yapall.lepton.O2g.001892343,/home/jimi/PaperExperiment/CompilerOptimization/Result/lepton/yapall/LLVM14-O2-g/run_20260427_yapall_docker_lepton_linked/log/CompilerOptimization_CompilerResult_lepton_LLVM14-O2-g_lepton_artifacts_lepton_O2_g_bc_subset_k0_default.log,line=750055; kind=points_to_top; operand=_Z10open_fdoutPKcPN6IOUtil10FileWriterEbN8Sirikata7Array1dIhLj2ENS4_13DontRoundPow2ENS4_10DirectTypeINS4_15ArrayBaseType1dIhLj2ES6_EEEEEEbPb:1,,ok
lepton,LineZero,/home/jimi/PaperExperiment/CompilerOptimization/Target/lepton/src/lepton/bitops.hh,0,,line_zero,project_header,yapall.lepton.O2g.001892454,/home/jimi/PaperExperiment/CompilerOptimization/Result/lepton/yapall/LLVM14-O2-g/run_20260427_yapall_docker_lepton_linked/log/CompilerOptimization_CompilerResult_lepton_LLVM14-O2-g_lepton_artifacts_lepton_O2_g_bc_subset_k0_default.log,line=750062; kind=points_to_top; operand=_Z22recode_physical_threadI16bounded_iostreamEvPT_R25BlockBasedImagePerChannelILb1EEiRKSt6vectorI13ThreadHandoffSaIS7_EEN8Sirikata7Array1dIjLj3ENSC_13DontRoundPow2ENSC_10DirectTypeINSC_15ArrayBaseType1dIjLj3ESE_EEEEEESJ_iP10abitwriter:0,,ok
lepton,LineZero,/home/jimi/PaperExperiment/CompilerOptimization/Target/lepton/src/vp8/util/block_context.hh,0,,line_zero,project_header,yapall.lepton.O2g.001892524,/home/jimi/PaperExperiment/CompilerOptimization/Result/lepton/yapall/LLVM14-O2-g/run_20260427_yapall_docker_lepton_linked/log/CompilerOptimization_CompilerResult_lepton_LLVM14-O2-g_lepton_artifacts_lepton_O2_g_bc_subset_k0_default.log,line=750120; kind=points_to_top; operand=_Z12parse_tokensILb1EL9BlockType0E13VPXBoolReaderEv13MBlockContextI12AlignedBlockERT1_R17ProbabilityTablesIXT_EXT0_EER21ProbabilityTablesBase:_Z12parse_tokensILb1EL9BlockType0E13VPXBoolReaderEv13MBlockContextI12AlignedBlockERT1_R17ProbabilityTablesIXT_EXT0_EER21ProbabilityTablesBase:4:21,,ok
lepton,LineZero,/home/jimi/PaperExperiment/CompilerOptimization/Target/lepton/src/vp8/model/model.hh,0,,line_zero,project_header,yapall.lepton.O2g.001892525,/home/jimi/PaperExperiment/CompilerOptimization/Result/lepton/yapall/LLVM14-O2-g/run_20260427_yapall_docker_lepton_linked/log/CompilerOptimization_CompilerResult_lepton_LLVM14-O2-g_lepton_artifacts_lepton_O2_g_bc_subset_k0_default.log,line=750120; kind=points_to_top; operand=_Z12parse_tokensILb1EL9BlockType0E13VPXBoolReaderEv13MBlockContextI12AlignedBlockERT1_R17ProbabilityTablesIXT_EXT0_EER21ProbabilityTablesBase:_Z12parse_tokensILb1EL9BlockType0E13VPXBoolReaderEv13MBlockContextI12AlignedBlockERT1_R17ProbabilityTablesIXT_EXT0_EER21ProbabilityTablesBase:4:21,,ok
lepton,LineZero,/home/jimi/PaperExperiment/CompilerOptimization/Target/lepton/src/vp8/util/nd_array.hh,0,,line_zero,project_header,yapall.lepton.O2g.001892545,/home/jimi/PaperExperiment/CompilerOptimization/Result/lepton/yapall/LLVM14-O2-g/run_20260427_yapall_docker_lepton_linked/log/CompilerOptimization_CompilerResult_lepton_LLVM14-O2-g_lepton_artifacts_lepton_O2_g_bc_subset_k0_default.log,line=750126; kind=points_to_top; operand=_Z12parse_tokensILb1EL9BlockType0E13VPXBoolReaderEv13MBlockContextI12AlignedBlockERT1_R17ProbabilityTablesIXT_EXT0_EER21ProbabilityTablesBase:_Z12parse_tokensILb1EL9BlockType0E13VPXBoolReaderEv13MBlockContextI12AlignedBlockERT1_R17ProbabilityTablesIXT_EXT0_EER21ProbabilityTablesBase:259:2,,ok
lepton,LineZero,/home/jimi/PaperExperiment/CompilerOptimization/Target/lepton/src/vp8/util/aligned_block.hh,0,,line_zero,project_header,yapall.lepton.O2g.001892551,/home/jimi/PaperExperiment/CompilerOptimization/Result/lepton/yapall/LLVM14-O2-g/run_20260427_yapall_docker_lepton_linked/log/CompilerOptimization_CompilerResult_lepton_LLVM14-O2-g_lepton_artifacts_lepton_O2_g_bc_subset_k0_default.log,line=750128; kind=points_to_top; operand=_Z12parse_tokensILb1EL9BlockType0E13VPXBoolReaderEv13MBlockContextI12AlignedBlockERT1_R17ProbabilityTablesIXT_EXT0_EER21ProbabilityTablesBase:_Z12parse_tokensILb1EL9BlockType0E13VPXBoolReaderEv13MBlockContextI12AlignedBlockERT1_R17ProbabilityTablesIXT_EXT0_EER21ProbabilityTablesBase:1058:4,,ok
lepton,LineZero,/home/jimi/PaperExperiment/CompilerOptimization/Target/lepton/src/lepton/lepton_codec.cc,0,,line_zero,project_source,yapall.lepton.O2g.001892573,/home/jimi/PaperExperiment/CompilerOptimization/Result/lepton/yapall/LLVM14-O2-g/run_20260427_yapall_docker_lepton_linked/log/CompilerOptimization_CompilerResult_lepton_LLVM14-O2-g_lepton_artifacts_lepton_O2_g_bc_subset_k0_default.log,line=750131; kind=points_to_top; operand=_ZN11LeptonCodecI13VPXBoolReaderE11ThreadState17vp8_decode_threadEjP22UncompressedComponents:_ZN11LeptonCodecI13VPXBoolReaderE11ThreadState17vp8_decode_threadEjP22UncompressedComponents:11:14,,ok
lepton,LineZero,/home/jimi/PaperExperiment/CompilerOptimization/Target/lepton/src/lepton/uncompressed_components.hh,0,,line_zero,project_header,yapall.lepton.O2g.001892574,/home/jimi/PaperExperiment/CompilerOptimization/Result/lepton/yapall/LLVM14-O2-g/run_20260427_yapall_docker_lepton_linked/log/CompilerOptimization_CompilerResult_lepton_LLVM14-O2-g_lepton_artifacts_lepton_O2_g_bc_subset_k0_default.log,line=750131; kind=points_to_top; operand=_ZN11LeptonCodecI13VPXBoolReaderE11ThreadState17vp8_decode_threadEjP22UncompressedComponents:_ZN11LeptonCodecI13VPXBoolReaderE11ThreadState17vp8_decode_threadEjP22UncompressedComponents:11:14,,ok
lepton,LineZero,/home/jimi/PaperExperiment/CompilerOptimization/Target/lepton/src/lepton/lepton_codec.hh,0,,line_zero,project_header,yapall.lepton.O2g.001892584,/home/jimi/PaperExperiment/CompilerOptimization/Result/lepton/yapall/LLVM14-O2-g/run_20260427_yapall_docker_lepton_linked/log/CompilerOptimization_CompilerResult_lepton_LLVM14-O2-g_lepton_artifacts_lepton_O2_g_bc_subset_k0_default.log,line=750141; kind=points_to_top; operand=_ZN11LeptonCodecI13VPXBoolReaderE11ThreadState17vp8_decode_threadEjP22UncompressedComponents:_ZN11LeptonCodecI13VPXBoolReaderE11ThreadState17vp8_decode_threadEjP22UncompressedComponents:105:11,,ok
lepton,LineZero,/home/jimi/PaperExperiment/CompilerOptimization/Target/lepton/src/vp8/model/../util/nd_array.hh,0,,line_zero,project_header,yapall.lepton.O2g.001892667,/home/jimi/PaperExperiment/CompilerOptimization/Result/lepton/yapall/LLVM14-O2-g/run_20260427_yapall_docker_lepton_linked/log/CompilerOptimization_CompilerResult_lepton_LLVM14-O2-g_lepton_artifacts_lepton_O2_g_bc_subset_k0_default.log,line=750193; kind=points_to_top; operand=_ZN17ProbabilityTablesILb1EL9BlockType1EE20compute_lak_verticalERK13MBlockContextIK12AlignedBlockEj:_ZN17ProbabilityTablesILb1EL9BlockType1EE20compute_lak_verticalERK13MBlockContextIK12AlignedBlockEj:3:5,,ok
lepton,LineZero,/home/jimi/PaperExperiment/CompilerOptimization/Target/lepton/src/io/Allocator.hh,0,,line_zero,project_header,yapall.lepton.O2g.001892954,/home/jimi/PaperExperiment/CompilerOptimization/Result/lepton/yapall/LLVM14-O2-g/run_20260427_yapall_docker_lepton_linked/log/CompilerOptimization_CompilerResult_lepton_LLVM14-O2-g_lepton_artifacts_lepton_O2_g_bc_subset_k0_default.log,line=750262; kind=points_to_top; operand=_ZN8Sirikata13MemReadWriterD0Ev:_ZN8Sirikata13MemReadWriterD0Ev:1:9,,ok
lepton,LineZero,/home/jimi/PaperExperiment/CompilerOptimization/Target/lepton/src/lepton/../io/BoundedMemWriter.hh,0,,line_zero,project_header,yapall.lepton.O2g.001892964,/home/jimi/PaperExperiment/CompilerOptimization/Result/lepton/yapall/LLVM14-O2-g/run_20260427_yapall_docker_lepton_linked/log/CompilerOptimization_CompilerResult_lepton_LLVM14-O2-g_lepton_artifacts_lepton_O2_g_bc_subset_k0_default.log,line=750267; kind=points_to_top; operand=_Z29escape_0xff_huffman_and_writeIN8Sirikata16BoundedMemWriterEEvPT_PKhj:_Z29escape_0xff_huffman_and_writeIN8Sirikata16BoundedMemWriterEEvPT_PKhj:57:3,,ok
lepton,LineZero,/home/jimi/PaperExperiment/CompilerOptimization/Target/lepton/src/lepton/../io/Allocator.hh,0,,line_zero,project_header,yapall.lepton.O2g.001893261,/home/jimi/PaperExperiment/CompilerOptimization/Result/lepton/yapall/LLVM14-O2-g/run_20260427_yapall_docker_lepton_linked/log/CompilerOptimization_CompilerResult_lepton_LLVM14-O2-g_lepton_artifacts_lepton_O2_g_bc_subset_k0_default.log,line=750465; kind=points_to_top; operand=_ZN8Sirikata9MuxReaderD2Ev:_ZN8Sirikata9MuxReaderD2Ev:1:3,,ok
lepton,LineZero,/home/jimi/PaperExperiment/CompilerOptimization/Target/lepton/src/io/ZlibCompression.cc,0,,line_zero,project_source,yapall.lepton.O2g.001893452,/home/jimi/PaperExperiment/CompilerOptimization/Result/lepton/yapall/LLVM14-O2-g/run_20260427_yapall_docker_lepton_linked/log/CompilerOptimization_CompilerResult_lepton_LLVM14-O2-g_lepton_artifacts_lepton_O2_g_bc_subset_k0_default.log,line=750546; kind=points_to_top; operand=_ZN8Sirikata28ZlibDecoderCompressionWriter5WriteEPKhj:_ZN8Sirikata28ZlibDecoderCompressionWriter5WriteEPKhj:13:5,,ok
lepton,LineZero,/home/jimi/PaperExperiment/CompilerOptimization/Target/lepton/src/vp8/encoder/boolwriter.hh,0,,line_zero,project_header,yapall.lepton.O2g.001893459,/home/jimi/PaperExperiment/CompilerOptimization/Result/lepton/yapall/LLVM14-O2-g/run_20260427_yapall_docker_lepton_linked/log/CompilerOptimization_CompilerResult_lepton_LLVM14-O2-g_lepton_artifacts_lepton_O2_g_bc_subset_k0_default.log,line=750549; kind=points_to_top; operand=_ZN13VPXBoolWriter3putEbR6Branch7Billing:_ZN13VPXBoolWriter3putEbR6Branch7Billing:4:13,,ok
lepton,LineZero,/home/jimi/PaperExperiment/CompilerOptimization/Target/lepton/src/vp8/model/../util/aligned_block.hh,0,,line_zero,project_header,yapall.lepton.O2g.001893664,/home/jimi/PaperExperiment/CompilerOptimization/Result/lepton/yapall/LLVM14-O2-g/run_20260427_yapall_docker_lepton_linked/log/CompilerOptimization_CompilerResult_lepton_LLVM14-O2-g_lepton_artifacts_lepton_O2_g_bc_subset_k0_default.log,line=750612; kind=points_to_top; operand=_ZNK22UncompressedComponents9at_nosyncE9BlockTypeii:_ZNK22UncompressedComponents9at_nosyncE9BlockTypeii:22:3,,ok
lepton,LineZero,/home/jimi/PaperExperiment/CompilerOptimization/Target/lepton/src/lepton/vp8_decoder.cc,0,,line_zero,project_source,yapall.lepton.O2g.001893705,/home/jimi/PaperExperiment/CompilerOptimization/Result/lepton/yapall/LLVM14-O2-g/run_20260427_yapall_docker_lepton_linked/log/CompilerOptimization_CompilerResult_lepton_LLVM14-O2-g_lepton_artifacts_lepton_O2_g_bc_subset_k0_default.log,line=750647; kind=points_to_top; operand=_ZN39VP8ComponentDecoder_SendToVirtualThread4readERN8Sirikata9MuxReaderEh:_ZN39VP8ComponentDecoder_SendToVirtualThread4readERN8Sirikata9MuxReaderEh:6:4,,ok
lepton,LineZero,/home/jimi/PaperExperiment/CompilerOptimization/Target/lepton/src/vp8/util/../../io/MuxReader.hh,0,,line_zero,project_header,yapall.lepton.O2g.001893706,/home/jimi/PaperExperiment/CompilerOptimization/Result/lepton/yapall/LLVM14-O2-g/run_20260427_yapall_docker_lepton_linked/log/CompilerOptimization_CompilerResult_lepton_LLVM14-O2-g_lepton_artifacts_lepton_O2_g_bc_subset_k0_default.log,line=750647; kind=points_to_top; operand=_ZN39VP8ComponentDecoder_SendToVirtualThread4readERN8Sirikata9MuxReaderEh:_ZN39VP8ComponentDecoder_SendToVirtualThread4readERN8Sirikata9MuxReaderEh:6:4,,ok
lepton,LineZero,/home/jimi/PaperExperiment/CompilerOptimization/Target/lepton/src/vp8/util/generic_worker.cc,0,,line_zero,project_source,yapall.lepton.O2g.001893923,/home/jimi/PaperExperiment/CompilerOptimization/Result/lepton/yapall/LLVM14-O2-g/run_20260427_yapall_docker_lepton_linked/log/CompilerOptimization_CompilerResult_lepton_LLVM14-O2-g_lepton_artifacts_lepton_O2_g_bc_subset_k0_default.log,line=750760; kind=points_to_top; operand=_ZN13GenericWorker15batch_recv_dataEv:_ZN13GenericWorker15batch_recv_dataEv:118:4,,ok
lepton,LineZero,/home/jimi/PaperExperiment/CompilerOptimization/Target/lepton/src/lepton/benchmark.cc,0,,line_zero,project_source,yapall.lepton.O2g.001894179,/home/jimi/PaperExperiment/CompilerOptimization/Result/lepton/yapall/LLVM14-O2-g/run_20260427_yapall_docker_lepton_linked/log/CompilerOptimization_CompilerResult_lepton_LLVM14-O2-g_lepton_artifacts_lepton_O2_g_bc_subset_k0_default.log,line=750848; kind=points_to_top; operand=_Z15decode_in_placePhm:_Z15decode_in_placePhm:4:7,,ok
lepton,LineZero,/home/jimi/PaperExperiment/CompilerOptimization/Target/lepton/src/vp8/encoder/../../io/MuxReader.hh,0,,line_zero,project_header,yapall.lepton.O2g.001894531,/home/jimi/PaperExperiment/CompilerOptimization/Result/lepton/yapall/LLVM14-O2-g/run_20260427_yapall_docker_lepton_linked/log/CompilerOptimization_CompilerResult_lepton_LLVM14-O2-g_lepton_artifacts_lepton_O2_g_bc_subset_k0_default.log,line=750989; kind=points_to_top; operand=_ZN8Sirikata9MuxWriter5WriteEhPKhj:_ZN8Sirikata9MuxWriter5WriteEhPKhj:207:38,,ok
lepton,LineZero,/home/jimi/PaperExperiment/CompilerOptimization/Target/lepton/src/lepton/uncompressed_components.cc,0,,line_zero,project_source,yapall.lepton.O2g.001895291,/home/jimi/PaperExperiment/CompilerOptimization/Result/lepton/yapall/LLVM14-O2-g/run_20260427_yapall_docker_lepton_linked/log/CompilerOptimization_CompilerResult_lepton_LLVM14-O2-g_lepton_artifacts_lepton_O2_g_bc_subset_k0_default.log,line=751304; kind=points_to_top; operand=_ZNK22UncompressedComponents26min_vertical_luma_multipleEv:_ZNK22UncompressedComponents26min_vertical_luma_multipleEv:1:6,,ok
lepton,LineZero,/home/jimi/PaperExperiment/CompilerOptimization/Target/lepton/src/lepton/../io/MuxReader.hh,0,,line_zero,project_header,yapall.lepton.O2g.001895558,/home/jimi/PaperExperiment/CompilerOptimization/Result/lepton/yapall/LLVM14-O2-g/run_20260427_yapall_docker_lepton_linked/log/CompilerOptimization_CompilerResult_lepton_LLVM14-O2-g_lepton_artifacts_lepton_O2_g_bc_subset_k0_default.log,line=751443; kind=points_to_top; operand=_ZN21ResizableBufferWriter5WriteEPKhj:_ZN21ResizableBufferWriter5WriteEPKhj:3:4,,ok
lepton,LineZero,/home/jimi/PaperExperiment/CompilerOptimization/Target/lepton/src/lepton/thread_handoff.cc,0,,line_zero,project_source,yapall.lepton.O2g.001897112,/home/jimi/PaperExperiment/CompilerOptimization/Result/lepton/yapall/LLVM14-O2-g/run_20260427_yapall_docker_lepton_linked/log/CompilerOptimization_CompilerResult_lepton_LLVM14-O2-g_lepton_artifacts_lepton_O2_g_bc_subset_k0_default.log,line=751926; kind=points_to_top; operand=_ZNK13ThreadHandoffmiERKS_:_ZNK13ThreadHandoffmiERKS_:2:12,,ok
lepton,LineZero,/home/jimi/PaperExperiment/CompilerOptimization/Target/lepton/src/lepton/recoder.hh,0,,line_zero,project_header,yapall.lepton.O2g.001897361,/home/jimi/PaperExperiment/CompilerOptimization/Result/lepton/yapall/LLVM14-O2-g/run_20260427_yapall_docker_lepton_linked/log/CompilerOptimization_CompilerResult_lepton_LLVM14-O2-g_lepton_artifacts_lepton_O2_g_bc_subset_k0_default.log,line=752050; kind=points_to_top; operand=_Z20merge_jpeg_streamingP17MergeJpegProgressPKhjb:_Z20merge_jpeg_streamingP17MergeJpegProgressPKhjb:933:1,,ok
lepton,LineZero,/home/jimi/PaperExperiment/CompilerOptimization/Target/lepton/src/vp8/decoder/vpx_bool_reader.hh,0,,line_zero,project_header,yapall.lepton.O2g.001897558,/home/jimi/PaperExperiment/CompilerOptimization/Result/lepton/yapall/LLVM14-O2-g/run_20260427_yapall_docker_lepton_linked/log/CompilerOptimization_CompilerResult_lepton_LLVM14-O2-g_lepton_artifacts_lepton_O2_g_bc_subset_k0_default.log,line=752119; kind=points_to_top; operand=_ZN19VP8ComponentDecoderI13VPXBoolReaderE23initialize_bool_decoderEii:_ZN19VP8ComponentDecoderI13VPXBoolReaderE23initialize_bool_decoderEii:12:8,,ok
lepton,LineZero,/home/jimi/PaperExperiment/CompilerOptimization/Target/lepton/src/vp8/util/billing.hh,0,,line_zero,project_header,yapall.lepton.O2g.001898083,/home/jimi/PaperExperiment/CompilerOptimization/Result/lepton/yapall/LLVM14-O2-g/run_20260427_yapall_docker_lepton_linked/log/CompilerOptimization_CompilerResult_lepton_LLVM14-O2-g_lepton_artifacts_lepton_O2_g_bc_subset_k0_default.log,line=752354; kind=points_to_top; operand=_Z10write_ujpgSt6vectorI13ThreadHandoffSaIS0_EEPS_IhN8Sirikata13JpegAllocatorIhEEE:_Z10write_ujpgSt6vectorI13ThreadHandoffSaIS0_EEPS_IhN8Sirikata13JpegAllocatorIhEEE:878:5,,ok
lepton,LineZero,/home/jimi/PaperExperiment/CompilerOptimization/Target/lepton/src/vp8/model/../util/block_based_image.hh,0,,line_zero,project_header,yapall.lepton.O2g.001898144,/home/jimi/PaperExperiment/CompilerOptimization/Result/lepton/yapall/LLVM14-O2-g/run_20260427_yapall_docker_lepton_linked/log/CompilerOptimization_CompilerResult_lepton_LLVM14-O2-g_lepton_artifacts_lepton_O2_g_bc_subset_k0_default.log,line=752376; kind=points_to_top; operand=_ZN22UncompressedComponents5blockE9BlockTypei:_ZN22UncompressedComponents5blockE9BlockTypei:41:0,,ok
lepton,LineZero,/home/jimi/PaperExperiment/CompilerOptimization/Target/lepton/src/io/Zlib0.cc,0,,line_zero,project_source,yapall.lepton.O2g.001898337,/home/jimi/PaperExperiment/CompilerOptimization/Result/lepton/yapall/LLVM14-O2-g/run_20260427_yapall_docker_lepton_linked/log/CompilerOptimization_CompilerResult_lepton_LLVM14-O2-g_lepton_artifacts_lepton_O2_g_bc_subset_k0_default.log,line=752464; kind=points_to_top; operand=_ZN8Sirikata11Zlib0Writer5WriteEPKhj:_ZN8Sirikata11Zlib0Writer5WriteEPKhj:39:2,,ok
lepton,LineZero,/home/jimi/PaperExperiment/CompilerOptimization/Target/lepton/src/lepton/main.cc,0,,line_zero,project_source,yapall.lepton.O2g.001898408,/home/jimi/PaperExperiment/CompilerOptimization/Result/lepton/yapall/LLVM14-O2-g/run_20260427_yapall_docker_lepton_linked/log/CompilerOptimization_CompilerResult_lepton_LLVM14-O2-g_lepton_artifacts_lepton_O2_g_bc_subset_k0_default.log,line=752499; kind=points_to_top; operand=main:main:12:4,,ok
lepton,LineZero,/home/jimi/PaperExperiment/CompilerOptimization/Target/lepton/src/lepton/concat.cc,0,,line_zero,project_source,yapall.lepton.O2g.001898481,/home/jimi/PaperExperiment/CompilerOptimization/Result/lepton/yapall/LLVM14-O2-g/run_20260427_yapall_docker_lepton_linked/log/CompilerOptimization_CompilerResult_lepton_LLVM14-O2-g_lepton_artifacts_lepton_O2_g_bc_subset_k0_default.log,line=752530; kind=points_to_top; operand=_Z17concatenate_filesii:_Z17concatenate_filesii:2:59,,ok
lepton,LineZero,/home/jimi/PaperExperiment/CompilerOptimization/Target/lepton/src/vp8/model/branch.hh,0,,line_zero,project_header,yapall.lepton.O2g.001898539,/home/jimi/PaperExperiment/CompilerOptimization/Result/lepton/yapall/LLVM14-O2-g/run_20260427_yapall_docker_lepton_linked/log/CompilerOptimization_CompilerResult_lepton_LLVM14-O2-g_lepton_artifacts_lepton_O2_g_bc_subset_k0_default.log,line=752560; kind=points_to_top; operand=_Z25set_branch_range_identityP6BranchS0_:_Z25set_branch_range_identityP6BranchS0_:9:0,,ok
lepton,LineZero,/home/jimi/PaperExperiment/CompilerOptimization/Target/lepton/src/vp8/util/debug.cc,0,,line_zero,project_source,yapall.lepton.O2g.001898734,/home/jimi/PaperExperiment/CompilerOptimization/Result/lepton/yapall/LLVM14-O2-g/run_20260427_yapall_docker_lepton_linked/log/CompilerOptimization_CompilerResult_lepton_LLVM14-O2-g_lepton_artifacts_lepton_O2_g_bc_subset_k0_default.log,line=752632; kind=points_to_top; operand=_ZN11LeptonDebug14getDebugHeightEi:0,,ok
lepton,LineZero,/home/jimi/PaperExperiment/CompilerOptimization/Target/lepton/src/io/MemReadWriter.hh,0,,line_zero,project_header,yapall.lepton.O2g.001898742,/home/jimi/PaperExperiment/CompilerOptimization/Result/lepton/yapall/LLVM14-O2-g/run_20260427_yapall_docker_lepton_linked/log/CompilerOptimization_CompilerResult_lepton_LLVM14-O2-g_lepton_artifacts_lepton_O2_g_bc_subset_k0_default.log,line=752636; kind=points_to_top; operand=_ZThn8_N8Sirikata13MemReadWriterD1Ev:0,,ok
lepton,LineZero,/home/jimi/PaperExperiment/CompilerOptimization/Target/lepton/src/vp8/decoder/decoder.cc,0,,line_zero,project_source,yapall.lepton.O2g.001898779,/home/jimi/PaperExperiment/CompilerOptimization/Result/lepton/yapall/LLVM14-O2-g/run_20260427_yapall_docker_lepton_linked/log/CompilerOptimization_CompilerResult_lepton_LLVM14-O2-g_lepton_artifacts_lepton_O2_g_bc_subset_k0_default.log,line=752641; kind=points_to_top; operand=_Z12parse_tokensILb0EL9BlockType2E13VPXBoolReaderEv13MBlockContextI12AlignedBlockERT1_R17ProbabilityTablesIXT_EXT0_EER21ProbabilityTablesBase:1,,ok
lepton,LineZero,/home/jimi/PaperExperiment/CompilerOptimization/Target/lepton/src/lepton/vp8_encoder.hh,0,,line_zero,project_header,yapall.lepton.O2g.001898828,/home/jimi/PaperExperiment/CompilerOptimization/Result/lepton/yapall/LLVM14-O2-g/run_20260427_yapall_docker_lepton_linked/log/CompilerOptimization_CompilerResult_lepton_LLVM14-O2-g_lepton_artifacts_lepton_O2_g_bc_subset_k0_default.log,line=752645; kind=points_to_top; operand=_ZN19VP8ComponentDecoderI13VPXBoolReaderE15registerWorkersEP13GenericWorkerj:0,,ok
lepton,LineZero,/home/jimi/PaperExperiment/CompilerOptimization/Target/lepton/src/vp8/encoder/encoder.cc,0,,line_zero,project_source,yapall.lepton.O2g.001899082,/home/jimi/PaperExperiment/CompilerOptimization/Result/lepton/yapall/LLVM14-O2-g/run_20260427_yapall_docker_lepton_linked/log/CompilerOptimization_CompilerResult_lepton_LLVM14-O2-g_lepton_artifacts_lepton_O2_g_bc_subset_k0_default.log,line=752674; kind=points_to_top; operand=_Z16serialize_tokensILb1EL9BlockType0E13VPXBoolWriterEv13MBlockContextIK12AlignedBlockERT1_R17ProbabilityTablesIXT_EXT0_EER21ProbabilityTablesBase:1,,ok
lepton,LineZero,/home/jimi/PaperExperiment/CompilerOptimization/Target/lepton/src/lepton/simple_decoder.hh,0,,line_zero,project_header,yapall.lepton.O2g.001899133,/home/jimi/PaperExperiment/CompilerOptimization/Result/lepton/yapall/LLVM14-O2-g/run_20260427_yapall_docker_lepton_linked/log/CompilerOptimization_CompilerResult_lepton_LLVM14-O2-g_lepton_artifacts_lepton_O2_g_bc_subset_k0_default.log,line=752678; kind=points_to_top; operand=_ZN22SimpleComponentDecoder15registerWorkersEP13GenericWorkerj:0,,ok
lepton,LineZero,/home/jimi/PaperExperiment/CompilerOptimization/Target/lepton/src/io/MemReadWriter.cc,0,,line_zero,project_source,yapall.lepton.O2g.001899149,/home/jimi/PaperExperiment/CompilerOptimization/Result/lepton/yapall/LLVM14-O2-g/run_20260427_yapall_docker_lepton_linked/log/CompilerOptimization_CompilerResult_lepton_LLVM14-O2-g_lepton_artifacts_lepton_O2_g_bc_subset_k0_default.log,line=752684; kind=points_to_top; operand=_ZN8Sirikata13MemReadWriter5WriteEPKhj:0,,ok
lepton,LineZero,/home/jimi/PaperExperiment/CompilerOptimization/Target/lepton/src/vp8/encoder/vpx_bool_writer.hh,0,,line_zero,project_header,yapall.lepton.O2g.001899219,/home/jimi/PaperExperiment/CompilerOptimization/Result/lepton/yapall/LLVM14-O2-g/run_20260427_yapall_docker_lepton_linked/log/CompilerOptimization_CompilerResult_lepton_LLVM14-O2-g_lepton_artifacts_lepton_O2_g_bc_subset_k0_default.log,line=752697; kind=points_to_top; operand=_ZN13VPXBoolWriter3putEbR6Branch7Billing:0,,ok
lepton,LineZero,/home/jimi/PaperExperiment/CompilerOptimization/Target/lepton/src/io/Seccomp.cc,0,,line_zero,project_source,yapall.lepton.O2g.001899463,/home/jimi/PaperExperiment/CompilerOptimization/Result/lepton/yapall/LLVM14-O2-g/run_20260427_yapall_docker_lepton_linked/log/CompilerOptimization_CompilerResult_lepton_LLVM14-O2-g_lepton_artifacts_lepton_O2_g_bc_subset_k0_default.log,line=752721; kind=points_to_top; operand=_ZN8Sirikata26installStrictSyscallFilterEb:0,,ok
lepton,LineZero,/home/jimi/PaperExperiment/CompilerOptimization/Target/lepton/src/vp8/decoder/boolreader.cc,0,,line_zero,project_source,yapall.lepton.O2g.001899468,/home/jimi/PaperExperiment/CompilerOptimization/Result/lepton/yapall/LLVM14-O2-g/run_20260427_yapall_docker_lepton_linked/log/CompilerOptimization_CompilerResult_lepton_LLVM14-O2-g_lepton_artifacts_lepton_O2_g_bc_subset_k0_default.log,line=752722; kind=points_to_top; operand=_Z15vpx_reader_initP10vpx_readerP12PacketReader:0,,ok
lepton,LineZero,/home/jimi/PaperExperiment/CompilerOptimization/Target/lepton/src/io/BrotliCompression.cc,0,,line_zero,project_source,yapall.lepton.O2g.001899556,/home/jimi/PaperExperiment/CompilerOptimization/Result/lepton/yapall/LLVM14-O2-g/run_20260427_yapall_docker_lepton_linked/log/CompilerOptimization_CompilerResult_lepton_LLVM14-O2-g_lepton_artifacts_lepton_O2_g_bc_subset_k0_default.log,line=752738; kind=points_to_top; operand=_ZN8Sirikata19custom_bdeallocatorEPvS0_:0,,ok
lepton,LineZero,/home/jimi/PaperExperiment/CompilerOptimization/Target/lepton/src/lepton/simple_decoder.cc,0,,line_zero,project_source,yapall.lepton.O2g.001899670,/home/jimi/PaperExperiment/CompilerOptimization/Result/lepton/yapall/LLVM14-O2-g/run_20260427_yapall_docker_lepton_linked/log/CompilerOptimization_CompilerResult_lepton_LLVM14-O2-g_lepton_artifacts_lepton_O2_g_bc_subset_k0_default.log,line=752743; kind=points_to_top; operand=_ZN22SimpleComponentDecoder12decode_chunkEP22UncompressedComponents:0,,ok
lepton,LineZero,/home/jimi/PaperExperiment/CompilerOptimization/Target/lepton/src/lepton/vp8_decoder.hh,0,,line_zero,project_header,yapall.lepton.O2g.001899742,/home/jimi/PaperExperiment/CompilerOptimization/Result/lepton/yapall/LLVM14-O2-g/run_20260427_yapall_docker_lepton_linked/log/CompilerOptimization_CompilerResult_lepton_LLVM14-O2-g_lepton_artifacts_lepton_O2_g_bc_subset_k0_default.log,line=752751; kind=points_to_top; operand=_ZN19VP8ComponentDecoderI13VPXBoolReaderE37map_logical_thread_to_physical_threadEii:0,,ok
lepton,LineZero,/home/jimi/PaperExperiment/CompilerOptimization/Target/lepton/src/lepton/base_coders.hh,0,,line_zero,project_header,yapall.lepton.O2g.001899756,/home/jimi/PaperExperiment/CompilerOptimization/Result/lepton/yapall/LLVM14-O2-g/run_20260427_yapall_docker_lepton_linked/log/CompilerOptimization_CompilerResult_lepton_LLVM14-O2-g_lepton_artifacts_lepton_O2_g_bc_subset_k0_default.log,line=752756; kind=points_to_top; operand=_ZN19VP8ComponentDecoderI13VPXBoolReaderEC2Eb:0,,ok
lepton,LineZero,/home/jimi/PaperExperiment/CompilerOptimization/Target/lepton/src/lepton/generic_compress.cc,0,,line_zero,project_source,yapall.lepton.O2g.001899889,/home/jimi/PaperExperiment/CompilerOptimization/Result/lepton/yapall/LLVM14-O2-g/run_20260427_yapall_docker_lepton_linked/log/CompilerOptimization_CompilerResult_lepton_LLVM14-O2-g_lepton_artifacts_lepton_O2_g_bc_subset_k0_default.log,line=752775; kind=points_to_top; operand=_ZN21ResizableBufferWriter5WriteEPKhj:0,,ok
lepton,LineZero,/home/jimi/PaperExperiment/CompilerOptimization/Target/lepton/src/vp8/util/billing.cc,0,,line_zero,project_source,yapall.lepton.O2g.001900598,/home/jimi/PaperExperiment/CompilerOptimization/Result/lepton/yapall/LLVM14-O2-g/run_20260427_yapall_docker_lepton_linked/log/CompilerOptimization_CompilerResult_lepton_LLVM14-O2-g_lepton_artifacts_lepton_O2_g_bc_subset_k0_default.log,line=752818; kind=points_to_top; operand=_Z10print_itemImEviPKcRKT_S4_:0,,ok
lepton,LineZero,/home/jimi/PaperExperiment/CompilerOptimization/Target/lepton/src/lepton/idct.cc,0,,line_zero,project_source,yapall.lepton.O2g.001900917,/home/jimi/PaperExperiment/CompilerOptimization/Result/lepton/yapall/LLVM14-O2-g/run_20260427_yapall_docker_lepton_linked/log/CompilerOptimization_CompilerResult_lepton_LLVM14-O2-g_lepton_artifacts_lepton_O2_g_bc_subset_k0_default.log,line=752872; kind=points_to_top; operand=_Z4idctRK12AlignedBlockPKtPsb:0,,ok
lepton,LineZero,/home/jimi/PaperExperiment/CompilerOptimization/Target/lepton/src/lepton/simple_encoder.hh,0,,line_zero,project_header,yapall.lepton.O2g.001901417,/home/jimi/PaperExperiment/CompilerOptimization/Result/lepton/yapall/LLVM14-O2-g/run_20260427_yapall_docker_lepton_linked/log/CompilerOptimization_CompilerResult_lepton_LLVM14-O2-g_lepton_artifacts_lepton_O2_g_bc_subset_k0_default.log,line=752901; kind=points_to_top; operand=_ZN22SimpleComponentEncoder15registerWorkersEP13GenericWorkerj:0,,ok
lepton,LineZero,/home/jimi/PaperExperiment/CompilerOptimization/Target/lepton/src/lepton/simple_encoder.cc,0,,line_zero,project_source,yapall.lepton.O2g.001901774,/home/jimi/PaperExperiment/CompilerOptimization/Result/lepton/yapall/LLVM14-O2-g/run_20260427_yapall_docker_lepton_linked/log/CompilerOptimization_CompilerResult_lepton_LLVM14-O2-g_lepton_artifacts_lepton_O2_g_bc_subset_k0_default.log,line=752958; kind=points_to_top; operand=_ZN22SimpleComponentEncoderD2Ev:0,,ok
lepton,LineZero,/home/jimi/PaperExperiment/CompilerOptimization/Target/lepton/src/lepton/component_info.hh,0,,line_zero,project_header,yapall.lepton.O2g.001901839,/home/jimi/PaperExperiment/CompilerOptimization/Result/lepton/yapall/LLVM14-O2-g/run_20260427_yapall_docker_lepton_linked/log/CompilerOptimization_CompilerResult_lepton_LLVM14-O2-g_lepton_artifacts_lepton_O2_g_bc_subset_k0_default.log,line=752975; kind=points_to_top; operand=_ZNK13componentInfo23check_valid_value_rangeEv:0,,ok
lepton,LineZero,/home/jimi/PaperExperiment/CompilerOptimization/Target/lepton/src/io/ioutil.hh,0,,line_zero,project_header,yapall.lepton.O2g.001902601,/home/jimi/PaperExperiment/CompilerOptimization/Result/lepton/yapall/LLVM14-O2-g/run_20260427_yapall_docker_lepton_linked/log/CompilerOptimization_CompilerResult_lepton_LLVM14-O2-g_lepton_artifacts_lepton_O2_g_bc_subset_k0_default.log,line=753057; kind=points_to_top; operand=_ZN6IOUtil14BindFdToReaderEijb:0,,ok
lepton,LineZero,/home/jimi/PaperExperiment/CompilerOptimization/Target/lepton/src/vp8/util/../../io/Reader.hh,0,,line_zero,project_header,yapall.lepton.O2g.001902810,/home/jimi/PaperExperiment/CompilerOptimization/Result/lepton/yapall/LLVM14-O2-g/run_20260427_yapall_docker_lepton_linked/log/CompilerOptimization_CompilerResult_lepton_LLVM14-O2-g_lepton_artifacts_lepton_O2_g_bc_subset_k0_default.log,line=753088; kind=points_to_top; operand=_ZN8Sirikata13DecoderWriterD2Ev:0,,ok
lepton,LineZero,/home/jimi/PaperExperiment/CompilerOptimization/Target/lepton/src/vp8/util/memory.hh,0,,line_zero,project_header,yapall.lepton.O2g.001903072,/home/jimi/PaperExperiment/CompilerOptimization/Result/lepton/yapall/LLVM14-O2-g/run_20260427_yapall_docker_lepton_linked/log/CompilerOptimization_CompilerResult_lepton_LLVM14-O2-g_lepton_artifacts_lepton_O2_g_bc_subset_k0_default.log,line=753121; kind=points_to_top; operand=always_assert_outer:0,,ok
lepton,LineZero,/home/jimi/PaperExperiment/CompilerOptimization/Target/lepton/src/vp8/encoder/boolwriter.cc,0,,line_zero,project_source,yapall.lepton.O2g.001905068,/home/jimi/PaperExperiment/CompilerOptimization/Result/lepton/yapall/LLVM14-O2-g/run_20260427_yapall_docker_lepton_linked/log/CompilerOptimization_CompilerResult_lepton_LLVM14-O2-g_lepton_artifacts_lepton_O2_g_bc_subset_k0_default.log,line=753302; kind=points_to_top; operand=vpx_stop_encode:0,,ok
lepton,LineZero,/home/jimi/PaperExperiment/CompilerOptimization/Target/lepton/src/vp8/util/../../io/Error.hh,0,,line_zero,project_header,yapall.lepton.O2g.001905923,/home/jimi/PaperExperiment/CompilerOptimization/Result/lepton/yapall/LLVM14-O2-g/run_20260427_yapall_docker_lepton_linked/log/CompilerOptimization_CompilerResult_lepton_LLVM14-O2-g_lepton_artifacts_lepton_O2_g_bc_subset_k0_default.log,line=753397; kind=points_to_top; operand=_ZN16bounded_iostream6chkerrEv:0,,ok
lepton,LineZero,/home/jimi/PaperExperiment/CompilerOptimization/Target/lepton/src/lepton/fork_serve.cc,0,,line_zero,project_source,yapall.lepton.O2g.001906087,/home/jimi/PaperExperiment/CompilerOptimization/Result/lepton/yapall/LLVM14-O2-g/run_20260427_yapall_docker_lepton_linked/log/CompilerOptimization_CompilerResult_lepton_LLVM14-O2-g_lepton_artifacts_lepton_O2_g_bc_subset_k0_default.log,line=753412; kind=points_to_top; operand=_ZL13cleanup_pipesi:0,,ok
lepton,LineZero,/home/jimi/PaperExperiment/CompilerOptimization/Target/lepton/src/io/MuxReader.hh,0,,line_zero,project_header,yapall.lepton.O2g.001914627,/home/jimi/PaperExperiment/CompilerOptimization/Result/lepton/yapall/LLVM14-O2-g/run_20260427_yapall_docker_lepton_linked/log/CompilerOptimization_CompilerResult_lepton_LLVM14-O2-g_lepton_artifacts_lepton_O2_g_bc_subset_k0_default.log,line=756878; kind=points_to_top; operand=_ZN6IOUtil16transfer_and_md5EN8Sirikata7Array1dIhLj2ENS0_13DontRoundPow2ENS0_10DirectTypeINS0_15ArrayBaseType1dIhLj2ES2_EEEEEEmmbiiiPmPNS0_9MuxReader19ResizableByteBufferEPSt6vectorIhSaIhEEb:_ZN6IOUtil16transfer_and_md5EN8Sirikata7Array1dIhLj2ENS0_13DontRoundPow2ENS0_10DirectTypeINS0_15ArrayBaseType1dIhLj2ES2_EEEEEEmmbiiiPmPNS0_9MuxReader19ResizableByteBufferEPSt6vectorIhSaIhEEb:419:9,,ok
lepton,LineZero,/home/jimi/PaperExperiment/CompilerOptimization/Target/lepton/src/lepton/../vp8/util/memory.hh,0,,line_zero,project_header,yapall.lepton.O2g.001918254,/home/jimi/PaperExperiment/CompilerOptimization/Result/lepton/yapall/LLVM14-O2-g/run_20260427_yapall_docker_lepton_linked/log/CompilerOptimization_CompilerResult_lepton_LLVM14-O2-g_lepton_artifacts_lepton_O2_g_bc_subset_k0_default.log,line=757327; kind=points_to_top; operand=_ZNK22UncompressedComponents28allocate_channel_framebufferILb1EEEviP19BlockBasedImageBaseIXT_EEb:3,,ok
lepton,LineZero,/home/jimi/PaperExperiment/CompilerOptimization/Target/lepton/src/lepton/validation.cc,0,,line_zero,project_source,yapall.lepton.O2g.001920995,/home/jimi/PaperExperiment/CompilerOptimization/Result/lepton/yapall/LLVM14-O2-g/run_20260427_yapall_docker_lepton_linked/log/CompilerOptimization_CompilerResult_lepton_LLVM14-O2-g_lepton_artifacts_lepton_O2_g_bc_subset_k0_default.log,line=757591; kind=points_to_top; operand=_Z19validateAndCompressPiS_N8Sirikata7Array1dIhLj2ENS0_13DontRoundPow2ENS0_10DirectTypeINS0_15ArrayBaseType1dIhLj2ES2_EEEEEEmmmP8ExitCodePNS0_9MuxReader19ResizableByteBufferEiPPKcbbPSt6vectorIhSaIhEE:8,,ok
lepton,LineZero,/home/jimi/PaperExperiment/CompilerOptimization/Target/lepton/src/lepton/../vp8/model/model.hh,0,,line_zero,project_header,yapall.lepton.O2g.001923194,/home/jimi/PaperExperiment/CompilerOptimization/Result/lepton/yapall/LLVM14-O2-g/run_20260427_yapall_docker_lepton_linked/log/CompilerOptimization_CompilerResult_lepton_LLVM14-O2-g_lepton_artifacts_lepton_O2_g_bc_subset_k0_default.log,line=758336; kind=points_to_top; operand=_ZN19VP8ComponentEncoderI13VPXBoolReaderE17process_row_rangeI13VPXBoolWriterEEvjPK22UncompressedComponentsiiPN8Sirikata9MuxReader19ResizableByteBufferEPT_PNS7_7Array1dISt6vectorI15NeighborSummarySaISF_EELj3ENS7_13DontRoundPow2ENS7_10DirectTypeINS7_15ArrayBaseType1dISH_Lj3ESI_EEEEEE:_ZN19VP8ComponentEncoderI13VPXBoolReaderE17process_row_rangeI13VPXBoolWriterEEvjPK22UncompressedComponentsiiPN8Sirikata9MuxReader19ResizableByteBufferEPT_PNS7_7Array1dISt6vectorI15NeighborSummarySaISF_EELj3ENS7_13DontRoundPow2ENS7_10DirectTypeINS7_15ArrayBaseType1dISH_Lj3ESI_EEEEEE:99:0,,ok
lepton,LineZero,/home/jimi/PaperExperiment/CompilerOptimization/Target/lepton/src/lepton/../vp8/util/aligned_block.hh,0,,line_zero,project_header,yapall.lepton.O2g.001928134,/home/jimi/PaperExperiment/CompilerOptimization/Result/lepton/yapall/LLVM14-O2-g/run_20260427_yapall_docker_lepton_linked/log/CompilerOptimization_CompilerResult_lepton_LLVM14-O2-g_lepton_artifacts_lepton_O2_g_bc_subset_k0_default.log,line=760216; kind=points_to_top; operand=_ZN22SimpleComponentEncoder12encode_chunkEPK22UncompressedComponentsPN6IOUtil10FileWriterEPK13ThreadHandoffj:_ZN22SimpleComponentEncoder12encode_chunkEPK22UncompressedComponentsPN6IOUtil10FileWriterEPK13ThreadHandoffj:80:2,,ok
lepton,LineZero,/home/jimi/PaperExperiment/CompilerOptimization/Target/lepton/src/lepton/../io/MemReadWriter.hh,0,,line_zero,project_header,yapall.lepton.O2g.001929693,/home/jimi/PaperExperiment/CompilerOptimization/Result/lepton/yapall/LLVM14-O2-g/run_20260427_yapall_docker_lepton_linked/log/CompilerOptimization_CompilerResult_lepton_LLVM14-O2-g_lepton_artifacts_lepton_O2_g_bc_subset_k0_default.log,line=760885; kind=points_to_top; operand=_Z9read_ujpgv:_Z9read_ujpgv:122:2,,ok
lepton,LineZero,/home/jimi/PaperExperiment/CompilerOptimization/Target/lepton/src/lepton/thread_handoff.hh,0,,line_zero,project_header,yapall.lepton.O2g.001932093,/home/jimi/PaperExperiment/CompilerOptimization/Result/lepton/yapall/LLVM14-O2-g/run_20260427_yapall_docker_lepton_linked/log/CompilerOptimization_CompilerResult_lepton_LLVM14-O2-g_lepton_artifacts_lepton_O2_g_bc_subset_k0_default.log,line=761785; kind=points_to_top; operand=_Z22recode_physical_threadIN8Sirikata16BoundedMemWriterEEvPT_R25BlockBasedImagePerChannelILb1EEiRKSt6vectorI13ThreadHandoffSaIS8_EENS0_7Array1dIjLj3ENS0_13DontRoundPow2ENS0_10DirectTypeINS0_15ArrayBaseType1dIjLj3ESE_EEEEEESJ_iP10abitwriter:_Z22recode_physical_threadIN8Sirikata16BoundedMemWriterEEvPT_R25BlockBasedImagePerChannelILb1EEiRKSt6vectorI13ThreadHandoffSaIS8_EENS0_7Array1dIjLj3ENS0_13DontRoundPow2ENS0_10DirectTypeINS0_15ArrayBaseType1dIjLj3ESE_EEEEEESJ_iP10abitwriter:175:2,,ok
lepton,LineZero,/home/jimi/PaperExperiment/CompilerOptimization/Target/lepton/src/vp8/decoder/../model/numeric.hh,0,,line_zero,project_header,yapall.lepton.O2g.001933895,/home/jimi/PaperExperiment/CompilerOptimization/Result/lepton/yapall/LLVM14-O2-g/run_20260427_yapall_docker_lepton_linked/log/CompilerOptimization_CompilerResult_lepton_LLVM14-O2-g_lepton_artifacts_lepton_O2_g_bc_subset_k0_default.log,line=762652; kind=points_to_top; operand=_Z16encode_block_seqP10abitwriterP9huffCodesS2_Ps:_Z16encode_block_seqP10abitwriterP9huffCodesS2_Ps:4:9,,ok
