case_id,source_mode,file,line,column,message,bitcode_snippet,log_file
1,smc_typeoff,Target/libsndfile/src/common.c,1399,29,Possible read of undefined value at,"%20 = shufflevector <16 x i8> %19, <16 x i8> poison, <16 x i32> <i32 15, i32 14, i32 13, i32 12, i32 11, i32 10, i32 9, i32 8, i32 7, i32 6, i32 5, i32 4, i32 3, i32 2, i32 1, i32 0>, !dbg !6745",/home/jimi/PaperExperiment/CompilerOptimization/Result/libsndfile/seahorn/seahorn-O2-g/result/run_20260322_101107_fixed_fullmatrix/log/sea.smc.stats.typeoff.stderr.log
2,smc_typeoff,Target/libsndfile/src/common.c,1399,14,Possible read of undefined value at,"%25 = shufflevector <16 x i8> %24, <16 x i8> poison, <16 x i32> <i32 15, i32 14, i32 13, i32 12, i32 11, i32 10, i32 9, i32 8, i32 7, i32 6, i32 5, i32 4, i32 3, i32 2, i32 1, i32 0>, !dbg !6755",/home/jimi/PaperExperiment/CompilerOptimization/Result/libsndfile/seahorn/seahorn-O2-g/result/run_20260322_101107_fixed_fullmatrix/log/sea.smc.stats.typeoff.stderr.log
3,smc_typeoff,Target/libsndfile/src/common.c,1399,29,Possible read of undefined value at,"%50 = shufflevector <8 x i8> %49, <8 x i8> poison, <8 x i32> <i32 7, i32 6, i32 5, i32 4, i32 3, i32 2, i32 1, i32 0>, !dbg !6745",/home/jimi/PaperExperiment/CompilerOptimization/Result/libsndfile/seahorn/seahorn-O2-g/result/run_20260322_101107_fixed_fullmatrix/log/sea.smc.stats.typeoff.stderr.log
4,smc_typeoff,Target/libsndfile/src/common.c,1399,14,Possible read of undefined value at,"%55 = shufflevector <8 x i8> %54, <8 x i8> poison, <8 x i32> <i32 7, i32 6, i32 5, i32 4, i32 3, i32 2, i32 1, i32 0>, !dbg !6755",/home/jimi/PaperExperiment/CompilerOptimization/Result/libsndfile/seahorn/seahorn-O2-g/result/run_20260322_101107_fixed_fullmatrix/log/sea.smc.stats.typeoff.stderr.log
5,smc_typeoff,Target/libsndfile/src/common.h,967,26,Possible read of undefined value at,"%24 = insertelement <4 x float> poison, float %23, i64 0, !dbg !6765",/home/jimi/PaperExperiment/CompilerOptimization/Result/libsndfile/seahorn/seahorn-O2-g/result/run_20260322_101107_fixed_fullmatrix/log/sea.smc.stats.typeoff.stderr.log
6,smc_typeoff,Target/libsndfile/src/common.h,967,26,Possible read of undefined value at,"%38 = insertelement <4 x float> poison, float %37, i64 0, !dbg !6765",/home/jimi/PaperExperiment/CompilerOptimization/Result/libsndfile/seahorn/seahorn-O2-g/result/run_20260322_101107_fixed_fullmatrix/log/sea.smc.stats.typeoff.stderr.log
7,smc_typeoff,Target/libsndfile/src/common.h,967,26,Possible read of undefined value at,"%46 = insertelement <4 x float> poison, float %45, i64 0, !dbg !6765",/home/jimi/PaperExperiment/CompilerOptimization/Result/libsndfile/seahorn/seahorn-O2-g/result/run_20260322_101107_fixed_fullmatrix/log/sea.smc.stats.typeoff.stderr.log
8,smc_typeoff,Target/libsndfile/src/common.h,967,26,Possible read of undefined value at,"%54 = insertelement <4 x float> poison, float %53, i64 0, !dbg !6765",/home/jimi/PaperExperiment/CompilerOptimization/Result/libsndfile/seahorn/seahorn-O2-g/result/run_20260322_101107_fixed_fullmatrix/log/sea.smc.stats.typeoff.stderr.log
9,smc_typeoff,Target/libsndfile/src/common.h,967,26,Possible read of undefined value at,"%62 = insertelement <4 x float> poison, float %61, i64 0, !dbg !6765",/home/jimi/PaperExperiment/CompilerOptimization/Result/libsndfile/seahorn/seahorn-O2-g/result/run_20260322_101107_fixed_fullmatrix/log/sea.smc.stats.typeoff.stderr.log
10,smc_typeoff,Target/libsndfile/src/common.h,967,26,Possible read of undefined value at,"%25 = insertelement <4 x float> poison, float %20, i64 0, !dbg !6773",/home/jimi/PaperExperiment/CompilerOptimization/Result/libsndfile/seahorn/seahorn-O2-g/result/run_20260322_101107_fixed_fullmatrix/log/sea.smc.stats.typeoff.stderr.log
11,smc_typeoff,Target/libsndfile/src/common.h,967,26,Possible read of undefined value at,"%42 = insertelement <4 x float> poison, float %37, i64 0, !dbg !6773",/home/jimi/PaperExperiment/CompilerOptimization/Result/libsndfile/seahorn/seahorn-O2-g/result/run_20260322_101107_fixed_fullmatrix/log/sea.smc.stats.typeoff.stderr.log
12,smc_typeoff,Target/libsndfile/src/common.h,967,26,Possible read of undefined value at,"%56 = insertelement <4 x float> poison, float %51, i64 0, !dbg !6773",/home/jimi/PaperExperiment/CompilerOptimization/Result/libsndfile/seahorn/seahorn-O2-g/result/run_20260322_101107_fixed_fullmatrix/log/sea.smc.stats.typeoff.stderr.log
13,smc_typeoff,Target/libsndfile/src/common.h,976,26,Possible read of undefined value at,"%24 = insertelement <2 x double> poison, double %23, i64 0, !dbg !6765",/home/jimi/PaperExperiment/CompilerOptimization/Result/libsndfile/seahorn/seahorn-O2-g/result/run_20260322_101107_fixed_fullmatrix/log/sea.smc.stats.typeoff.stderr.log
14,smc_typeoff,Target/libsndfile/src/common.h,976,26,Possible read of undefined value at,"%38 = insertelement <2 x double> poison, double %37, i64 0, !dbg !6765",/home/jimi/PaperExperiment/CompilerOptimization/Result/libsndfile/seahorn/seahorn-O2-g/result/run_20260322_101107_fixed_fullmatrix/log/sea.smc.stats.typeoff.stderr.log
15,smc_typeoff,Target/libsndfile/src/common.h,976,26,Possible read of undefined value at,"%46 = insertelement <2 x double> poison, double %45, i64 0, !dbg !6765",/home/jimi/PaperExperiment/CompilerOptimization/Result/libsndfile/seahorn/seahorn-O2-g/result/run_20260322_101107_fixed_fullmatrix/log/sea.smc.stats.typeoff.stderr.log
16,smc_typeoff,Target/libsndfile/src/common.h,976,26,Possible read of undefined value at,"%54 = insertelement <2 x double> poison, double %53, i64 0, !dbg !6765",/home/jimi/PaperExperiment/CompilerOptimization/Result/libsndfile/seahorn/seahorn-O2-g/result/run_20260322_101107_fixed_fullmatrix/log/sea.smc.stats.typeoff.stderr.log
17,smc_typeoff,Target/libsndfile/src/common.h,976,26,Possible read of undefined value at,"%62 = insertelement <2 x double> poison, double %61, i64 0, !dbg !6765",/home/jimi/PaperExperiment/CompilerOptimization/Result/libsndfile/seahorn/seahorn-O2-g/result/run_20260322_101107_fixed_fullmatrix/log/sea.smc.stats.typeoff.stderr.log
18,smc_typeoff,Target/libsndfile/src/common.h,976,26,Possible read of undefined value at,"%25 = insertelement <2 x double> poison, double %20, i64 0, !dbg !6773",/home/jimi/PaperExperiment/CompilerOptimization/Result/libsndfile/seahorn/seahorn-O2-g/result/run_20260322_101107_fixed_fullmatrix/log/sea.smc.stats.typeoff.stderr.log
19,smc_typeoff,Target/libsndfile/src/common.h,976,26,Possible read of undefined value at,"%42 = insertelement <2 x double> poison, double %37, i64 0, !dbg !6773",/home/jimi/PaperExperiment/CompilerOptimization/Result/libsndfile/seahorn/seahorn-O2-g/result/run_20260322_101107_fixed_fullmatrix/log/sea.smc.stats.typeoff.stderr.log
20,smc_typeoff,Target/libsndfile/src/common.h,976,26,Possible read of undefined value at,"%56 = insertelement <2 x double> poison, double %51, i64 0, !dbg !6773",/home/jimi/PaperExperiment/CompilerOptimization/Result/libsndfile/seahorn/seahorn-O2-g/result/run_20260322_101107_fixed_fullmatrix/log/sea.smc.stats.typeoff.stderr.log
21,smc_typeoff,Target/libsndfile/src/common.h,967,26,Possible read of undefined value at,"%24 = insertelement <4 x float> poison, float %23, i64 0, !dbg !6765",/home/jimi/PaperExperiment/CompilerOptimization/Result/libsndfile/seahorn/seahorn-O2-g/result/run_20260322_101107_fixed_fullmatrix/log/sea.smc.stats.typeoff.stderr.log
22,smc_typeoff,Target/libsndfile/src/common.h,967,26,Possible read of undefined value at,"%37 = insertelement <4 x float> poison, float %36, i64 0, !dbg !6765",/home/jimi/PaperExperiment/CompilerOptimization/Result/libsndfile/seahorn/seahorn-O2-g/result/run_20260322_101107_fixed_fullmatrix/log/sea.smc.stats.typeoff.stderr.log
23,smc_typeoff,Target/libsndfile/src/common.h,967,26,Possible read of undefined value at,"%44 = insertelement <4 x float> poison, float %43, i64 0, !dbg !6765",/home/jimi/PaperExperiment/CompilerOptimization/Result/libsndfile/seahorn/seahorn-O2-g/result/run_20260322_101107_fixed_fullmatrix/log/sea.smc.stats.typeoff.stderr.log
24,smc_typeoff,Target/libsndfile/src/common.h,967,26,Possible read of undefined value at,"%51 = insertelement <4 x float> poison, float %50, i64 0, !dbg !6765",/home/jimi/PaperExperiment/CompilerOptimization/Result/libsndfile/seahorn/seahorn-O2-g/result/run_20260322_101107_fixed_fullmatrix/log/sea.smc.stats.typeoff.stderr.log
25,smc_typeoff,Target/libsndfile/src/common.h,967,26,Possible read of undefined value at,"%58 = insertelement <4 x float> poison, float %57, i64 0, !dbg !6765",/home/jimi/PaperExperiment/CompilerOptimization/Result/libsndfile/seahorn/seahorn-O2-g/result/run_20260322_101107_fixed_fullmatrix/log/sea.smc.stats.typeoff.stderr.log
26,smc_typeoff,Target/libsndfile/src/common.h,967,26,Possible read of undefined value at,"%26 = insertelement <4 x float> poison, float %20, i64 0, !dbg !6774",/home/jimi/PaperExperiment/CompilerOptimization/Result/libsndfile/seahorn/seahorn-O2-g/result/run_20260322_101107_fixed_fullmatrix/log/sea.smc.stats.typeoff.stderr.log
27,smc_typeoff,Target/libsndfile/src/common.h,967,26,Possible read of undefined value at,"%43 = insertelement <4 x float> poison, float %37, i64 0, !dbg !6774",/home/jimi/PaperExperiment/CompilerOptimization/Result/libsndfile/seahorn/seahorn-O2-g/result/run_20260322_101107_fixed_fullmatrix/log/sea.smc.stats.typeoff.stderr.log
28,smc_typeoff,Target/libsndfile/src/common.h,967,26,Possible read of undefined value at,"%57 = insertelement <4 x float> poison, float %51, i64 0, !dbg !6774",/home/jimi/PaperExperiment/CompilerOptimization/Result/libsndfile/seahorn/seahorn-O2-g/result/run_20260322_101107_fixed_fullmatrix/log/sea.smc.stats.typeoff.stderr.log
29,smc_typeoff,Target/libsndfile/src/common.h,976,26,Possible read of undefined value at,"%24 = insertelement <2 x double> poison, double %23, i64 0, !dbg !6765",/home/jimi/PaperExperiment/CompilerOptimization/Result/libsndfile/seahorn/seahorn-O2-g/result/run_20260322_101107_fixed_fullmatrix/log/sea.smc.stats.typeoff.stderr.log
30,smc_typeoff,Target/libsndfile/src/common.h,976,26,Possible read of undefined value at,"%37 = insertelement <2 x double> poison, double %36, i64 0, !dbg !6765",/home/jimi/PaperExperiment/CompilerOptimization/Result/libsndfile/seahorn/seahorn-O2-g/result/run_20260322_101107_fixed_fullmatrix/log/sea.smc.stats.typeoff.stderr.log
31,smc_typeoff,Target/libsndfile/src/common.h,976,26,Possible read of undefined value at,"%44 = insertelement <2 x double> poison, double %43, i64 0, !dbg !6765",/home/jimi/PaperExperiment/CompilerOptimization/Result/libsndfile/seahorn/seahorn-O2-g/result/run_20260322_101107_fixed_fullmatrix/log/sea.smc.stats.typeoff.stderr.log
32,smc_typeoff,Target/libsndfile/src/common.h,976,26,Possible read of undefined value at,"%51 = insertelement <2 x double> poison, double %50, i64 0, !dbg !6765",/home/jimi/PaperExperiment/CompilerOptimization/Result/libsndfile/seahorn/seahorn-O2-g/result/run_20260322_101107_fixed_fullmatrix/log/sea.smc.stats.typeoff.stderr.log
33,smc_typeoff,Target/libsndfile/src/common.h,976,26,Possible read of undefined value at,"%58 = insertelement <2 x double> poison, double %57, i64 0, !dbg !6765",/home/jimi/PaperExperiment/CompilerOptimization/Result/libsndfile/seahorn/seahorn-O2-g/result/run_20260322_101107_fixed_fullmatrix/log/sea.smc.stats.typeoff.stderr.log
34,smc_typeoff,Target/libsndfile/src/common.h,976,26,Possible read of undefined value at,"%25 = insertelement <2 x double> poison, double %20, i64 0, !dbg !6773",/home/jimi/PaperExperiment/CompilerOptimization/Result/libsndfile/seahorn/seahorn-O2-g/result/run_20260322_101107_fixed_fullmatrix/log/sea.smc.stats.typeoff.stderr.log
35,smc_typeoff,Target/libsndfile/src/common.h,976,26,Possible read of undefined value at,"%41 = insertelement <2 x double> poison, double %36, i64 0, !dbg !6773",/home/jimi/PaperExperiment/CompilerOptimization/Result/libsndfile/seahorn/seahorn-O2-g/result/run_20260322_101107_fixed_fullmatrix/log/sea.smc.stats.typeoff.stderr.log
36,smc_typeoff,Target/libsndfile/src/common.h,976,26,Possible read of undefined value at,"%54 = insertelement <2 x double> poison, double %49, i64 0, !dbg !6773",/home/jimi/PaperExperiment/CompilerOptimization/Result/libsndfile/seahorn/seahorn-O2-g/result/run_20260322_101107_fixed_fullmatrix/log/sea.smc.stats.typeoff.stderr.log
37,smc_typeoff,Target/libsndfile/src/command.c,409,39,Possible read of undefined value at,"%38 = insertelement <2 x double> poison, double %36, i64 0, !dbg !6772",/home/jimi/PaperExperiment/CompilerOptimization/Result/libsndfile/seahorn/seahorn-O2-g/result/run_20260322_101107_fixed_fullmatrix/log/sea.smc.stats.typeoff.stderr.log
38,smc_typeoff,Target/libsndfile/src/command.c,409,39,Possible read of undefined value at,"%42 = insertelement <2 x double> poison, double %40, i64 0, !dbg !6772",/home/jimi/PaperExperiment/CompilerOptimization/Result/libsndfile/seahorn/seahorn-O2-g/result/run_20260322_101107_fixed_fullmatrix/log/sea.smc.stats.typeoff.stderr.log
39,smc_typeoff,Target/libsndfile/src/pcm.c,307,33,Possible read of undefined value at,"%55 = insertelement <8 x i8> poison, i8 %47, i64 0, !dbg !7151",/home/jimi/PaperExperiment/CompilerOptimization/Result/libsndfile/seahorn/seahorn-O2-g/result/run_20260322_101107_fixed_fullmatrix/log/sea.smc.stats.typeoff.stderr.log
40,smc_typeoff,Target/libsndfile/src/pcm.c,307,33,Possible read of undefined value at,"%81 = insertelement <8 x i8> poison, i8 %73, i64 0, !dbg !7151",/home/jimi/PaperExperiment/CompilerOptimization/Result/libsndfile/seahorn/seahorn-O2-g/result/run_20260322_101107_fixed_fullmatrix/log/sea.smc.stats.typeoff.stderr.log
41,smc_typeoff,Target/libsndfile/src/pcm.c,301,33,Possible read of undefined value at,"%55 = insertelement <8 x i8> poison, i8 %47, i64 0, !dbg !7151",/home/jimi/PaperExperiment/CompilerOptimization/Result/libsndfile/seahorn/seahorn-O2-g/result/run_20260322_101107_fixed_fullmatrix/log/sea.smc.stats.typeoff.stderr.log
42,smc_typeoff,Target/libsndfile/src/pcm.c,301,33,Possible read of undefined value at,"%80 = insertelement <8 x i8> poison, i8 %72, i64 0, !dbg !7151",/home/jimi/PaperExperiment/CompilerOptimization/Result/libsndfile/seahorn/seahorn-O2-g/result/run_20260322_101107_fixed_fullmatrix/log/sea.smc.stats.typeoff.stderr.log
43,smc_typeoff,Target/libsndfile/src/pcm.c,431,32,Possible read of undefined value at,"%47 = insertelement <4 x i8> poison, i8 %43, i64 0, !dbg !7175",/home/jimi/PaperExperiment/CompilerOptimization/Result/libsndfile/seahorn/seahorn-O2-g/result/run_20260322_101107_fixed_fullmatrix/log/sea.smc.stats.typeoff.stderr.log
44,smc_typeoff,Target/libsndfile/src/pcm.c,431,32,Possible read of undefined value at,"%61 = insertelement <4 x i8> poison, i8 %57, i64 0, !dbg !7175",/home/jimi/PaperExperiment/CompilerOptimization/Result/libsndfile/seahorn/seahorn-O2-g/result/run_20260322_101107_fixed_fullmatrix/log/sea.smc.stats.typeoff.stderr.log
45,smc_typeoff,Target/libsndfile/src/pcm.c,431,32,Possible read of undefined value at,"%76 = insertelement <4 x i8> poison, i8 %72, i64 0, !dbg !7175",/home/jimi/PaperExperiment/CompilerOptimization/Result/libsndfile/seahorn/seahorn-O2-g/result/run_20260322_101107_fixed_fullmatrix/log/sea.smc.stats.typeoff.stderr.log
46,smc_typeoff,Target/libsndfile/src/pcm.c,421,32,Possible read of undefined value at,"%51 = insertelement <4 x i8> poison, i8 %47, i64 0, !dbg !7175",/home/jimi/PaperExperiment/CompilerOptimization/Result/libsndfile/seahorn/seahorn-O2-g/result/run_20260322_101107_fixed_fullmatrix/log/sea.smc.stats.typeoff.stderr.log
47,smc_typeoff,Target/libsndfile/src/pcm.c,421,32,Possible read of undefined value at,"%65 = insertelement <4 x i8> poison, i8 %61, i64 0, !dbg !7175",/home/jimi/PaperExperiment/CompilerOptimization/Result/libsndfile/seahorn/seahorn-O2-g/result/run_20260322_101107_fixed_fullmatrix/log/sea.smc.stats.typeoff.stderr.log
48,smc_typeoff,Target/libsndfile/src/pcm.c,421,32,Possible read of undefined value at,"%76 = insertelement <4 x i8> poison, i8 %72, i64 0, !dbg !7175",/home/jimi/PaperExperiment/CompilerOptimization/Result/libsndfile/seahorn/seahorn-O2-g/result/run_20260322_101107_fixed_fullmatrix/log/sea.smc.stats.typeoff.stderr.log
49,smc_typeoff,Target/libsndfile/src/common.h,976,26,Possible read of undefined value at,"%24 = insertelement <2 x double> poison, double %23, i64 0, !dbg !6767",/home/jimi/PaperExperiment/CompilerOptimization/Result/libsndfile/seahorn/seahorn-O2-g/result/run_20260322_101107_fixed_fullmatrix/log/sea.smc.stats.typeoff.stderr.log
50,smc_typeoff,Target/libsndfile/src/common.h,976,26,Possible read of undefined value at,"%38 = insertelement <2 x double> poison, double %37, i64 0, !dbg !6767",/home/jimi/PaperExperiment/CompilerOptimization/Result/libsndfile/seahorn/seahorn-O2-g/result/run_20260322_101107_fixed_fullmatrix/log/sea.smc.stats.typeoff.stderr.log
51,smc_typeoff,Target/libsndfile/src/common.h,976,26,Possible read of undefined value at,"%46 = insertelement <2 x double> poison, double %45, i64 0, !dbg !6767",/home/jimi/PaperExperiment/CompilerOptimization/Result/libsndfile/seahorn/seahorn-O2-g/result/run_20260322_101107_fixed_fullmatrix/log/sea.smc.stats.typeoff.stderr.log
52,smc_typeoff,Target/libsndfile/src/common.h,976,26,Possible read of undefined value at,"%54 = insertelement <2 x double> poison, double %53, i64 0, !dbg !6767",/home/jimi/PaperExperiment/CompilerOptimization/Result/libsndfile/seahorn/seahorn-O2-g/result/run_20260322_101107_fixed_fullmatrix/log/sea.smc.stats.typeoff.stderr.log
53,smc_typeoff,Target/libsndfile/src/common.h,976,26,Possible read of undefined value at,"%62 = insertelement <2 x double> poison, double %61, i64 0, !dbg !6767",/home/jimi/PaperExperiment/CompilerOptimization/Result/libsndfile/seahorn/seahorn-O2-g/result/run_20260322_101107_fixed_fullmatrix/log/sea.smc.stats.typeoff.stderr.log
54,smc_typeoff,Target/libsndfile/src/common.h,967,26,Possible read of undefined value at,"%26 = insertelement <4 x float> poison, float %25, i64 0, !dbg !6775",/home/jimi/PaperExperiment/CompilerOptimization/Result/libsndfile/seahorn/seahorn-O2-g/result/run_20260322_101107_fixed_fullmatrix/log/sea.smc.stats.typeoff.stderr.log
55,smc_typeoff,Target/libsndfile/src/common.h,967,26,Possible read of undefined value at,"%44 = insertelement <4 x float> poison, float %43, i64 0, !dbg !6775",/home/jimi/PaperExperiment/CompilerOptimization/Result/libsndfile/seahorn/seahorn-O2-g/result/run_20260322_101107_fixed_fullmatrix/log/sea.smc.stats.typeoff.stderr.log
56,smc_typeoff,Target/libsndfile/src/common.h,967,26,Possible read of undefined value at,"%59 = insertelement <4 x float> poison, float %58, i64 0, !dbg !6775",/home/jimi/PaperExperiment/CompilerOptimization/Result/libsndfile/seahorn/seahorn-O2-g/result/run_20260322_101107_fixed_fullmatrix/log/sea.smc.stats.typeoff.stderr.log
57,smc_typeoff,Target/libsndfile/src/common.h,976,26,Possible read of undefined value at,"%23 = insertelement <2 x double> poison, double %22, i64 0, !dbg !6770",/home/jimi/PaperExperiment/CompilerOptimization/Result/libsndfile/seahorn/seahorn-O2-g/result/run_20260322_101107_fixed_fullmatrix/log/sea.smc.stats.typeoff.stderr.log
58,smc_typeoff,Target/libsndfile/src/common.h,976,26,Possible read of undefined value at,"%44 = insertelement <2 x double> poison, double %43, i64 0, !dbg !6770",/home/jimi/PaperExperiment/CompilerOptimization/Result/libsndfile/seahorn/seahorn-O2-g/result/run_20260322_101107_fixed_fullmatrix/log/sea.smc.stats.typeoff.stderr.log
59,smc_typeoff,Target/libsndfile/src/common.h,976,26,Possible read of undefined value at,"%62 = insertelement <2 x double> poison, double %61, i64 0, !dbg !6770",/home/jimi/PaperExperiment/CompilerOptimization/Result/libsndfile/seahorn/seahorn-O2-g/result/run_20260322_101107_fixed_fullmatrix/log/sea.smc.stats.typeoff.stderr.log
60,smc_typeoff,Target/libsndfile/src/common.h,976,26,Possible read of undefined value at,"%28 = insertelement <2 x double> poison, double %17, i64 0, !dbg !6793",/home/jimi/PaperExperiment/CompilerOptimization/Result/libsndfile/seahorn/seahorn-O2-g/result/run_20260322_101107_fixed_fullmatrix/log/sea.smc.stats.typeoff.stderr.log
61,smc_typeoff,Target/libsndfile/src/common.h,976,26,Possible read of undefined value at,"%16 = insertelement <2 x double> poison, double %15, i64 0, !dbg !6768",/home/jimi/PaperExperiment/CompilerOptimization/Result/libsndfile/seahorn/seahorn-O2-g/result/run_20260322_101107_fixed_fullmatrix/log/sea.smc.stats.typeoff.stderr.log
62,smc_typeoff,Target/libsndfile/src/common.h,976,26,Possible read of undefined value at,"%26 = insertelement <2 x double> poison, double %15, i64 0, !dbg !6788",/home/jimi/PaperExperiment/CompilerOptimization/Result/libsndfile/seahorn/seahorn-O2-g/result/run_20260322_101107_fixed_fullmatrix/log/sea.smc.stats.typeoff.stderr.log
63,smc_typeoff,Target/libsndfile/src/common.h,976,26,Possible read of undefined value at,"%23 = insertelement <2 x double> poison, double %22, i64 0, !dbg !6770",/home/jimi/PaperExperiment/CompilerOptimization/Result/libsndfile/seahorn/seahorn-O2-g/result/run_20260322_101107_fixed_fullmatrix/log/sea.smc.stats.typeoff.stderr.log
64,smc_typeoff,Target/libsndfile/src/common.h,976,26,Possible read of undefined value at,"%38 = insertelement <2 x double> poison, double %37, i64 0, !dbg !6770",/home/jimi/PaperExperiment/CompilerOptimization/Result/libsndfile/seahorn/seahorn-O2-g/result/run_20260322_101107_fixed_fullmatrix/log/sea.smc.stats.typeoff.stderr.log
65,smc_typeoff,Target/libsndfile/src/common.h,976,26,Possible read of undefined value at,"%50 = insertelement <2 x double> poison, double %49, i64 0, !dbg !6770",/home/jimi/PaperExperiment/CompilerOptimization/Result/libsndfile/seahorn/seahorn-O2-g/result/run_20260322_101107_fixed_fullmatrix/log/sea.smc.stats.typeoff.stderr.log
66,smc_typeoff,Target/libsndfile/src/common.h,976,26,Possible read of undefined value at,"%24 = insertelement <2 x double> poison, double %17, i64 0, !dbg !6785",/home/jimi/PaperExperiment/CompilerOptimization/Result/libsndfile/seahorn/seahorn-O2-g/result/run_20260322_101107_fixed_fullmatrix/log/sea.smc.stats.typeoff.stderr.log
67,smc_typeoff,Target/libsndfile/src/common.h,976,26,Possible read of undefined value at,"%23 = insertelement <2 x double> poison, double %22, i64 0, !dbg !6770",/home/jimi/PaperExperiment/CompilerOptimization/Result/libsndfile/seahorn/seahorn-O2-g/result/run_20260322_101107_fixed_fullmatrix/log/sea.smc.stats.typeoff.stderr.log
68,smc_typeoff,Target/libsndfile/src/common.h,976,26,Possible read of undefined value at,"%44 = insertelement <2 x double> poison, double %43, i64 0, !dbg !6770",/home/jimi/PaperExperiment/CompilerOptimization/Result/libsndfile/seahorn/seahorn-O2-g/result/run_20260322_101107_fixed_fullmatrix/log/sea.smc.stats.typeoff.stderr.log
69,smc_typeoff,Target/libsndfile/src/common.h,976,26,Possible read of undefined value at,"%62 = insertelement <2 x double> poison, double %61, i64 0, !dbg !6770",/home/jimi/PaperExperiment/CompilerOptimization/Result/libsndfile/seahorn/seahorn-O2-g/result/run_20260322_101107_fixed_fullmatrix/log/sea.smc.stats.typeoff.stderr.log
70,smc_typeoff,Target/libsndfile/src/common.h,976,26,Possible read of undefined value at,"%30 = insertelement <2 x double> poison, double %17, i64 0, !dbg !6797",/home/jimi/PaperExperiment/CompilerOptimization/Result/libsndfile/seahorn/seahorn-O2-g/result/run_20260322_101107_fixed_fullmatrix/log/sea.smc.stats.typeoff.stderr.log
71,smc_typeoff,Target/libsndfile/src/common.h,976,26,Possible read of undefined value at,"%16 = insertelement <2 x double> poison, double %15, i64 0, !dbg !6768",/home/jimi/PaperExperiment/CompilerOptimization/Result/libsndfile/seahorn/seahorn-O2-g/result/run_20260322_101107_fixed_fullmatrix/log/sea.smc.stats.typeoff.stderr.log
72,smc_typeoff,Target/libsndfile/src/common.h,976,26,Possible read of undefined value at,"%26 = insertelement <2 x double> poison, double %15, i64 0, !dbg !6788",/home/jimi/PaperExperiment/CompilerOptimization/Result/libsndfile/seahorn/seahorn-O2-g/result/run_20260322_101107_fixed_fullmatrix/log/sea.smc.stats.typeoff.stderr.log
73,smc_typeoff,Target/libsndfile/src/common.h,976,26,Possible read of undefined value at,"%23 = insertelement <2 x double> poison, double %22, i64 0, !dbg !6770",/home/jimi/PaperExperiment/CompilerOptimization/Result/libsndfile/seahorn/seahorn-O2-g/result/run_20260322_101107_fixed_fullmatrix/log/sea.smc.stats.typeoff.stderr.log
74,smc_typeoff,Target/libsndfile/src/common.h,976,26,Possible read of undefined value at,"%38 = insertelement <2 x double> poison, double %37, i64 0, !dbg !6770",/home/jimi/PaperExperiment/CompilerOptimization/Result/libsndfile/seahorn/seahorn-O2-g/result/run_20260322_101107_fixed_fullmatrix/log/sea.smc.stats.typeoff.stderr.log
75,smc_typeoff,Target/libsndfile/src/common.h,976,26,Possible read of undefined value at,"%50 = insertelement <2 x double> poison, double %49, i64 0, !dbg !6770",/home/jimi/PaperExperiment/CompilerOptimization/Result/libsndfile/seahorn/seahorn-O2-g/result/run_20260322_101107_fixed_fullmatrix/log/sea.smc.stats.typeoff.stderr.log
76,smc_typeoff,Target/libsndfile/src/common.h,976,26,Possible read of undefined value at,"%26 = insertelement <2 x double> poison, double %17, i64 0, !dbg !6787",/home/jimi/PaperExperiment/CompilerOptimization/Result/libsndfile/seahorn/seahorn-O2-g/result/run_20260322_101107_fixed_fullmatrix/log/sea.smc.stats.typeoff.stderr.log
77,smc_typeoff,Target/libsndfile/src/common.h,976,26,Possible read of undefined value at,"%21 = insertelement <2 x double> poison, double %20, i64 0, !dbg !6766",/home/jimi/PaperExperiment/CompilerOptimization/Result/libsndfile/seahorn/seahorn-O2-g/result/run_20260322_101107_fixed_fullmatrix/log/sea.smc.stats.typeoff.stderr.log
78,smc_typeoff,Target/libsndfile/src/common.h,976,26,Possible read of undefined value at,"%33 = insertelement <2 x double> poison, double %32, i64 0, !dbg !6766",/home/jimi/PaperExperiment/CompilerOptimization/Result/libsndfile/seahorn/seahorn-O2-g/result/run_20260322_101107_fixed_fullmatrix/log/sea.smc.stats.typeoff.stderr.log
79,smc_typeoff,Target/libsndfile/src/common.h,976,26,Possible read of undefined value at,"%42 = insertelement <2 x double> poison, double %41, i64 0, !dbg !6766",/home/jimi/PaperExperiment/CompilerOptimization/Result/libsndfile/seahorn/seahorn-O2-g/result/run_20260322_101107_fixed_fullmatrix/log/sea.smc.stats.typeoff.stderr.log
80,smc_typeoff,Target/libsndfile/src/common.h,976,26,Possible read of undefined value at,"%25 = insertelement <2 x double> poison, double %20, i64 0, !dbg !6773",/home/jimi/PaperExperiment/CompilerOptimization/Result/libsndfile/seahorn/seahorn-O2-g/result/run_20260322_101107_fixed_fullmatrix/log/sea.smc.stats.typeoff.stderr.log
81,smc_typeoff,Target/libsndfile/src/common.h,976,26,Possible read of undefined value at,"%43 = insertelement <2 x double> poison, double %38, i64 0, !dbg !6773",/home/jimi/PaperExperiment/CompilerOptimization/Result/libsndfile/seahorn/seahorn-O2-g/result/run_20260322_101107_fixed_fullmatrix/log/sea.smc.stats.typeoff.stderr.log
82,smc_typeoff,Target/libsndfile/src/common.h,976,26,Possible read of undefined value at,"%58 = insertelement <2 x double> poison, double %53, i64 0, !dbg !6773",/home/jimi/PaperExperiment/CompilerOptimization/Result/libsndfile/seahorn/seahorn-O2-g/result/run_20260322_101107_fixed_fullmatrix/log/sea.smc.stats.typeoff.stderr.log
83,smc_typeoff,Target/libsndfile/src/common.h,967,26,Possible read of undefined value at,"%24 = insertelement <4 x float> poison, float %23, i64 0, !dbg !6767",/home/jimi/PaperExperiment/CompilerOptimization/Result/libsndfile/seahorn/seahorn-O2-g/result/run_20260322_101107_fixed_fullmatrix/log/sea.smc.stats.typeoff.stderr.log
84,smc_typeoff,Target/libsndfile/src/common.h,967,26,Possible read of undefined value at,"%38 = insertelement <4 x float> poison, float %37, i64 0, !dbg !6767",/home/jimi/PaperExperiment/CompilerOptimization/Result/libsndfile/seahorn/seahorn-O2-g/result/run_20260322_101107_fixed_fullmatrix/log/sea.smc.stats.typeoff.stderr.log
85,smc_typeoff,Target/libsndfile/src/common.h,967,26,Possible read of undefined value at,"%46 = insertelement <4 x float> poison, float %45, i64 0, !dbg !6767",/home/jimi/PaperExperiment/CompilerOptimization/Result/libsndfile/seahorn/seahorn-O2-g/result/run_20260322_101107_fixed_fullmatrix/log/sea.smc.stats.typeoff.stderr.log
86,smc_typeoff,Target/libsndfile/src/common.h,967,26,Possible read of undefined value at,"%54 = insertelement <4 x float> poison, float %53, i64 0, !dbg !6767",/home/jimi/PaperExperiment/CompilerOptimization/Result/libsndfile/seahorn/seahorn-O2-g/result/run_20260322_101107_fixed_fullmatrix/log/sea.smc.stats.typeoff.stderr.log
87,smc_typeoff,Target/libsndfile/src/common.h,967,26,Possible read of undefined value at,"%62 = insertelement <4 x float> poison, float %61, i64 0, !dbg !6767",/home/jimi/PaperExperiment/CompilerOptimization/Result/libsndfile/seahorn/seahorn-O2-g/result/run_20260322_101107_fixed_fullmatrix/log/sea.smc.stats.typeoff.stderr.log
88,smc_typeoff,Target/libsndfile/src/common.h,967,26,Possible read of undefined value at,"%25 = insertelement <4 x float> poison, float %20, i64 0, !dbg !6774",/home/jimi/PaperExperiment/CompilerOptimization/Result/libsndfile/seahorn/seahorn-O2-g/result/run_20260322_101107_fixed_fullmatrix/log/sea.smc.stats.typeoff.stderr.log
89,smc_typeoff,Target/libsndfile/src/common.h,967,26,Possible read of undefined value at,"%42 = insertelement <4 x float> poison, float %37, i64 0, !dbg !6774",/home/jimi/PaperExperiment/CompilerOptimization/Result/libsndfile/seahorn/seahorn-O2-g/result/run_20260322_101107_fixed_fullmatrix/log/sea.smc.stats.typeoff.stderr.log
90,smc_typeoff,Target/libsndfile/src/common.h,967,26,Possible read of undefined value at,"%56 = insertelement <4 x float> poison, float %51, i64 0, !dbg !6774",/home/jimi/PaperExperiment/CompilerOptimization/Result/libsndfile/seahorn/seahorn-O2-g/result/run_20260322_101107_fixed_fullmatrix/log/sea.smc.stats.typeoff.stderr.log
91,smc_typeoff,Target/libsndfile/src/common.h,967,26,Possible read of undefined value at,"%23 = insertelement <4 x float> poison, float %22, i64 0, !dbg !6770",/home/jimi/PaperExperiment/CompilerOptimization/Result/libsndfile/seahorn/seahorn-O2-g/result/run_20260322_101107_fixed_fullmatrix/log/sea.smc.stats.typeoff.stderr.log
92,smc_typeoff,Target/libsndfile/src/common.h,967,26,Possible read of undefined value at,"%44 = insertelement <4 x float> poison, float %43, i64 0, !dbg !6770",/home/jimi/PaperExperiment/CompilerOptimization/Result/libsndfile/seahorn/seahorn-O2-g/result/run_20260322_101107_fixed_fullmatrix/log/sea.smc.stats.typeoff.stderr.log
93,smc_typeoff,Target/libsndfile/src/common.h,967,26,Possible read of undefined value at,"%62 = insertelement <4 x float> poison, float %61, i64 0, !dbg !6770",/home/jimi/PaperExperiment/CompilerOptimization/Result/libsndfile/seahorn/seahorn-O2-g/result/run_20260322_101107_fixed_fullmatrix/log/sea.smc.stats.typeoff.stderr.log
94,smc_typeoff,Target/libsndfile/src/common.h,967,26,Possible read of undefined value at,"%29 = insertelement <4 x float> poison, float %17, i64 0, !dbg !6794",/home/jimi/PaperExperiment/CompilerOptimization/Result/libsndfile/seahorn/seahorn-O2-g/result/run_20260322_101107_fixed_fullmatrix/log/sea.smc.stats.typeoff.stderr.log
95,smc_typeoff,Target/libsndfile/src/common.h,967,26,Possible read of undefined value at,"%16 = insertelement <4 x float> poison, float %15, i64 0, !dbg !6768",/home/jimi/PaperExperiment/CompilerOptimization/Result/libsndfile/seahorn/seahorn-O2-g/result/run_20260322_101107_fixed_fullmatrix/log/sea.smc.stats.typeoff.stderr.log
96,smc_typeoff,Target/libsndfile/src/common.h,967,26,Possible read of undefined value at,"%26 = insertelement <4 x float> poison, float %15, i64 0, !dbg !6788",/home/jimi/PaperExperiment/CompilerOptimization/Result/libsndfile/seahorn/seahorn-O2-g/result/run_20260322_101107_fixed_fullmatrix/log/sea.smc.stats.typeoff.stderr.log
97,smc_typeoff,Target/libsndfile/src/common.h,967,26,Possible read of undefined value at,"%23 = insertelement <4 x float> poison, float %22, i64 0, !dbg !6770",/home/jimi/PaperExperiment/CompilerOptimization/Result/libsndfile/seahorn/seahorn-O2-g/result/run_20260322_101107_fixed_fullmatrix/log/sea.smc.stats.typeoff.stderr.log
98,smc_typeoff,Target/libsndfile/src/common.h,967,26,Possible read of undefined value at,"%38 = insertelement <4 x float> poison, float %37, i64 0, !dbg !6770",/home/jimi/PaperExperiment/CompilerOptimization/Result/libsndfile/seahorn/seahorn-O2-g/result/run_20260322_101107_fixed_fullmatrix/log/sea.smc.stats.typeoff.stderr.log
99,smc_typeoff,Target/libsndfile/src/common.h,967,26,Possible read of undefined value at,"%50 = insertelement <4 x float> poison, float %49, i64 0, !dbg !6770",/home/jimi/PaperExperiment/CompilerOptimization/Result/libsndfile/seahorn/seahorn-O2-g/result/run_20260322_101107_fixed_fullmatrix/log/sea.smc.stats.typeoff.stderr.log
100,smc_typeoff,Target/libsndfile/src/common.h,967,26,Possible read of undefined value at,"%24 = insertelement <4 x float> poison, float %17, i64 0, !dbg !6785",/home/jimi/PaperExperiment/CompilerOptimization/Result/libsndfile/seahorn/seahorn-O2-g/result/run_20260322_101107_fixed_fullmatrix/log/sea.smc.stats.typeoff.stderr.log
101,smc_typeoff,Target/libsndfile/src/common.h,967,26,Possible read of undefined value at,"%23 = insertelement <4 x float> poison, float %22, i64 0, !dbg !6770",/home/jimi/PaperExperiment/CompilerOptimization/Result/libsndfile/seahorn/seahorn-O2-g/result/run_20260322_101107_fixed_fullmatrix/log/sea.smc.stats.typeoff.stderr.log
102,smc_typeoff,Target/libsndfile/src/common.h,967,26,Possible read of undefined value at,"%44 = insertelement <4 x float> poison, float %43, i64 0, !dbg !6770",/home/jimi/PaperExperiment/CompilerOptimization/Result/libsndfile/seahorn/seahorn-O2-g/result/run_20260322_101107_fixed_fullmatrix/log/sea.smc.stats.typeoff.stderr.log
103,smc_typeoff,Target/libsndfile/src/common.h,967,26,Possible read of undefined value at,"%62 = insertelement <4 x float> poison, float %61, i64 0, !dbg !6770",/home/jimi/PaperExperiment/CompilerOptimization/Result/libsndfile/seahorn/seahorn-O2-g/result/run_20260322_101107_fixed_fullmatrix/log/sea.smc.stats.typeoff.stderr.log
104,smc_typeoff,Target/libsndfile/src/common.h,967,26,Possible read of undefined value at,"%29 = insertelement <4 x float> poison, float %17, i64 0, !dbg !6794",/home/jimi/PaperExperiment/CompilerOptimization/Result/libsndfile/seahorn/seahorn-O2-g/result/run_20260322_101107_fixed_fullmatrix/log/sea.smc.stats.typeoff.stderr.log
105,smc_typeoff,Target/libsndfile/src/common.h,967,26,Possible read of undefined value at,"%16 = insertelement <4 x float> poison, float %15, i64 0, !dbg !6768",/home/jimi/PaperExperiment/CompilerOptimization/Result/libsndfile/seahorn/seahorn-O2-g/result/run_20260322_101107_fixed_fullmatrix/log/sea.smc.stats.typeoff.stderr.log
106,smc_typeoff,Target/libsndfile/src/common.h,976,26,Possible read of undefined value at,"%27 = insertelement <2 x double> poison, double %16, i64 0, !dbg !6789",/home/jimi/PaperExperiment/CompilerOptimization/Result/libsndfile/seahorn/seahorn-O2-g/result/run_20260322_101107_fixed_fullmatrix/log/sea.smc.stats.typeoff.stderr.log
107,smc_typeoff,Target/libsndfile/src/common.h,967,26,Possible read of undefined value at,"%23 = insertelement <4 x float> poison, float %22, i64 0, !dbg !6770",/home/jimi/PaperExperiment/CompilerOptimization/Result/libsndfile/seahorn/seahorn-O2-g/result/run_20260322_101107_fixed_fullmatrix/log/sea.smc.stats.typeoff.stderr.log
108,smc_typeoff,Target/libsndfile/src/common.h,967,26,Possible read of undefined value at,"%38 = insertelement <4 x float> poison, float %37, i64 0, !dbg !6770",/home/jimi/PaperExperiment/CompilerOptimization/Result/libsndfile/seahorn/seahorn-O2-g/result/run_20260322_101107_fixed_fullmatrix/log/sea.smc.stats.typeoff.stderr.log
109,smc_typeoff,Target/libsndfile/src/common.h,967,26,Possible read of undefined value at,"%50 = insertelement <4 x float> poison, float %49, i64 0, !dbg !6770",/home/jimi/PaperExperiment/CompilerOptimization/Result/libsndfile/seahorn/seahorn-O2-g/result/run_20260322_101107_fixed_fullmatrix/log/sea.smc.stats.typeoff.stderr.log
110,smc_typeoff,Target/libsndfile/src/common.h,967,26,Possible read of undefined value at,"%26 = insertelement <4 x float> poison, float %17, i64 0, !dbg !6787",/home/jimi/PaperExperiment/CompilerOptimization/Result/libsndfile/seahorn/seahorn-O2-g/result/run_20260322_101107_fixed_fullmatrix/log/sea.smc.stats.typeoff.stderr.log
111,smc_typeoff,Target/libsndfile/src/common.h,967,26,Possible read of undefined value at,"%21 = insertelement <4 x float> poison, float %20, i64 0, !dbg !6766",/home/jimi/PaperExperiment/CompilerOptimization/Result/libsndfile/seahorn/seahorn-O2-g/result/run_20260322_101107_fixed_fullmatrix/log/sea.smc.stats.typeoff.stderr.log
112,smc_typeoff,Target/libsndfile/src/common.h,967,26,Possible read of undefined value at,"%33 = insertelement <4 x float> poison, float %32, i64 0, !dbg !6766",/home/jimi/PaperExperiment/CompilerOptimization/Result/libsndfile/seahorn/seahorn-O2-g/result/run_20260322_101107_fixed_fullmatrix/log/sea.smc.stats.typeoff.stderr.log
113,smc_typeoff,Target/libsndfile/src/common.h,967,26,Possible read of undefined value at,"%42 = insertelement <4 x float> poison, float %41, i64 0, !dbg !6766",/home/jimi/PaperExperiment/CompilerOptimization/Result/libsndfile/seahorn/seahorn-O2-g/result/run_20260322_101107_fixed_fullmatrix/log/sea.smc.stats.typeoff.stderr.log
114,smc_typeoff,Target/libsndfile/src/common.h,967,26,Possible read of undefined value at,"%25 = insertelement <4 x float> poison, float %20, i64 0, !dbg !6773",/home/jimi/PaperExperiment/CompilerOptimization/Result/libsndfile/seahorn/seahorn-O2-g/result/run_20260322_101107_fixed_fullmatrix/log/sea.smc.stats.typeoff.stderr.log
115,smc_typeoff,Target/libsndfile/src/common.h,967,26,Possible read of undefined value at,"%43 = insertelement <4 x float> poison, float %38, i64 0, !dbg !6773",/home/jimi/PaperExperiment/CompilerOptimization/Result/libsndfile/seahorn/seahorn-O2-g/result/run_20260322_101107_fixed_fullmatrix/log/sea.smc.stats.typeoff.stderr.log
116,smc_typeoff,Target/libsndfile/src/common.h,967,26,Possible read of undefined value at,"%58 = insertelement <4 x float> poison, float %53, i64 0, !dbg !6773",/home/jimi/PaperExperiment/CompilerOptimization/Result/libsndfile/seahorn/seahorn-O2-g/result/run_20260322_101107_fixed_fullmatrix/log/sea.smc.stats.typeoff.stderr.log
117,smc_typeoff,Target/libsndfile/src/ulaw.c,0,0,Possible read of undefined value at,"%29 = insertelement <4 x float> poison, float %28, i64 0, !dbg !7174",/home/jimi/PaperExperiment/CompilerOptimization/Result/libsndfile/seahorn/seahorn-O2-g/result/run_20260322_101107_fixed_fullmatrix/log/sea.smc.stats.typeoff.stderr.log
118,smc_typeoff,Target/libsndfile/src/ulaw.c,0,0,Possible read of undefined value at,"%32 = insertelement <2 x double> poison, double %31, i64 0, !dbg !7175",/home/jimi/PaperExperiment/CompilerOptimization/Result/libsndfile/seahorn/seahorn-O2-g/result/run_20260322_101107_fixed_fullmatrix/log/sea.smc.stats.typeoff.stderr.log
119,smc_typeoff,Target/libsndfile/src/alaw.c,0,0,Possible read of undefined value at,"%29 = insertelement <4 x float> poison, float %28, i64 0, !dbg !7174",/home/jimi/PaperExperiment/CompilerOptimization/Result/libsndfile/seahorn/seahorn-O2-g/result/run_20260322_101107_fixed_fullmatrix/log/sea.smc.stats.typeoff.stderr.log
120,smc_typeoff,Target/libsndfile/src/alaw.c,0,0,Possible read of undefined value at,"%32 = insertelement <2 x double> poison, double %31, i64 0, !dbg !7175",/home/jimi/PaperExperiment/CompilerOptimization/Result/libsndfile/seahorn/seahorn-O2-g/result/run_20260322_101107_fixed_fullmatrix/log/sea.smc.stats.typeoff.stderr.log
121,smc_typeoff,Target/libsndfile/src/common.h,967,26,Possible read of undefined value at,"%92 = insertelement <4 x float> poison, float %91, i64 0, !dbg !6893",/home/jimi/PaperExperiment/CompilerOptimization/Result/libsndfile/seahorn/seahorn-O2-g/result/run_20260322_101107_fixed_fullmatrix/log/sea.smc.stats.typeoff.stderr.log
122,smc_typeoff,Target/libsndfile/src/common.h,967,26,Possible read of undefined value at,"%100 = insertelement <4 x float> poison, float %99, i64 0, !dbg !6893",/home/jimi/PaperExperiment/CompilerOptimization/Result/libsndfile/seahorn/seahorn-O2-g/result/run_20260322_101107_fixed_fullmatrix/log/sea.smc.stats.typeoff.stderr.log
123,smc_typeoff,Target/libsndfile/src/common.h,967,26,Possible read of undefined value at,"%108 = insertelement <4 x float> poison, float %107, i64 0, !dbg !6893",/home/jimi/PaperExperiment/CompilerOptimization/Result/libsndfile/seahorn/seahorn-O2-g/result/run_20260322_101107_fixed_fullmatrix/log/sea.smc.stats.typeoff.stderr.log
124,smc_typeoff,Target/libsndfile/src/common.h,967,26,Possible read of undefined value at,"%116 = insertelement <4 x float> poison, float %115, i64 0, !dbg !6893",/home/jimi/PaperExperiment/CompilerOptimization/Result/libsndfile/seahorn/seahorn-O2-g/result/run_20260322_101107_fixed_fullmatrix/log/sea.smc.stats.typeoff.stderr.log
125,smc_typeoff,Target/libsndfile/src/common.h,967,26,Possible read of undefined value at,"%132 = insertelement <4 x float> poison, float %131, i64 0, !dbg !6893",/home/jimi/PaperExperiment/CompilerOptimization/Result/libsndfile/seahorn/seahorn-O2-g/result/run_20260322_101107_fixed_fullmatrix/log/sea.smc.stats.typeoff.stderr.log
126,smc_typeoff,Target/libsndfile/src/common.h,967,26,Possible read of undefined value at,"%92 = insertelement <4 x float> poison, float %91, i64 0, !dbg !6893",/home/jimi/PaperExperiment/CompilerOptimization/Result/libsndfile/seahorn/seahorn-O2-g/result/run_20260322_101107_fixed_fullmatrix/log/sea.smc.stats.typeoff.stderr.log
127,smc_typeoff,Target/libsndfile/src/common.h,967,26,Possible read of undefined value at,"%99 = insertelement <4 x float> poison, float %98, i64 0, !dbg !6893",/home/jimi/PaperExperiment/CompilerOptimization/Result/libsndfile/seahorn/seahorn-O2-g/result/run_20260322_101107_fixed_fullmatrix/log/sea.smc.stats.typeoff.stderr.log
128,smc_typeoff,Target/libsndfile/src/common.h,967,26,Possible read of undefined value at,"%106 = insertelement <4 x float> poison, float %105, i64 0, !dbg !6893",/home/jimi/PaperExperiment/CompilerOptimization/Result/libsndfile/seahorn/seahorn-O2-g/result/run_20260322_101107_fixed_fullmatrix/log/sea.smc.stats.typeoff.stderr.log
129,smc_typeoff,Target/libsndfile/src/common.h,967,26,Possible read of undefined value at,"%113 = insertelement <4 x float> poison, float %112, i64 0, !dbg !6893",/home/jimi/PaperExperiment/CompilerOptimization/Result/libsndfile/seahorn/seahorn-O2-g/result/run_20260322_101107_fixed_fullmatrix/log/sea.smc.stats.typeoff.stderr.log
130,smc_typeoff,Target/libsndfile/src/common.h,967,26,Possible read of undefined value at,"%128 = insertelement <4 x float> poison, float %127, i64 0, !dbg !6893",/home/jimi/PaperExperiment/CompilerOptimization/Result/libsndfile/seahorn/seahorn-O2-g/result/run_20260322_101107_fixed_fullmatrix/log/sea.smc.stats.typeoff.stderr.log
131,smc_typeoff,Target/libsndfile/src/common.h,967,26,Possible read of undefined value at,"%22 = insertelement <4 x float> poison, float %21, i64 0, !dbg !6764",/home/jimi/PaperExperiment/CompilerOptimization/Result/libsndfile/seahorn/seahorn-O2-g/result/run_20260322_101107_fixed_fullmatrix/log/sea.smc.stats.typeoff.stderr.log
132,smc_typeoff,Target/libsndfile/src/common.h,967,26,Possible read of undefined value at,"%35 = insertelement <4 x float> poison, float %34, i64 0, !dbg !6764",/home/jimi/PaperExperiment/CompilerOptimization/Result/libsndfile/seahorn/seahorn-O2-g/result/run_20260322_101107_fixed_fullmatrix/log/sea.smc.stats.typeoff.stderr.log
133,smc_typeoff,Target/libsndfile/src/common.h,967,26,Possible read of undefined value at,"%42 = insertelement <4 x float> poison, float %41, i64 0, !dbg !6764",/home/jimi/PaperExperiment/CompilerOptimization/Result/libsndfile/seahorn/seahorn-O2-g/result/run_20260322_101107_fixed_fullmatrix/log/sea.smc.stats.typeoff.stderr.log
134,smc_typeoff,Target/libsndfile/src/common.h,967,26,Possible read of undefined value at,"%49 = insertelement <4 x float> poison, float %48, i64 0, !dbg !6764",/home/jimi/PaperExperiment/CompilerOptimization/Result/libsndfile/seahorn/seahorn-O2-g/result/run_20260322_101107_fixed_fullmatrix/log/sea.smc.stats.typeoff.stderr.log
135,smc_typeoff,Target/libsndfile/src/common.h,967,26,Possible read of undefined value at,"%56 = insertelement <4 x float> poison, float %55, i64 0, !dbg !6764",/home/jimi/PaperExperiment/CompilerOptimization/Result/libsndfile/seahorn/seahorn-O2-g/result/run_20260322_101107_fixed_fullmatrix/log/sea.smc.stats.typeoff.stderr.log
136,smc_typeoff,Target/libsndfile/src/common.h,967,26,Possible read of undefined value at,"%24 = insertelement <4 x float> poison, float %18, i64 0, !dbg !6773",/home/jimi/PaperExperiment/CompilerOptimization/Result/libsndfile/seahorn/seahorn-O2-g/result/run_20260322_101107_fixed_fullmatrix/log/sea.smc.stats.typeoff.stderr.log
137,smc_typeoff,Target/libsndfile/src/common.h,967,26,Possible read of undefined value at,"%41 = insertelement <4 x float> poison, float %35, i64 0, !dbg !6773",/home/jimi/PaperExperiment/CompilerOptimization/Result/libsndfile/seahorn/seahorn-O2-g/result/run_20260322_101107_fixed_fullmatrix/log/sea.smc.stats.typeoff.stderr.log
138,smc_typeoff,Target/libsndfile/src/common.h,967,26,Possible read of undefined value at,"%55 = insertelement <4 x float> poison, float %49, i64 0, !dbg !6773",/home/jimi/PaperExperiment/CompilerOptimization/Result/libsndfile/seahorn/seahorn-O2-g/result/run_20260322_101107_fixed_fullmatrix/log/sea.smc.stats.typeoff.stderr.log
139,smc_typeoff,Target/libsndfile/src/common.h,967,26,Possible read of undefined value at,"%22 = insertelement <4 x float> poison, float %21, i64 0, !dbg !6764",/home/jimi/PaperExperiment/CompilerOptimization/Result/libsndfile/seahorn/seahorn-O2-g/result/run_20260322_101107_fixed_fullmatrix/log/sea.smc.stats.typeoff.stderr.log
140,smc_typeoff,Target/libsndfile/src/common.h,967,26,Possible read of undefined value at,"%36 = insertelement <4 x float> poison, float %35, i64 0, !dbg !6764",/home/jimi/PaperExperiment/CompilerOptimization/Result/libsndfile/seahorn/seahorn-O2-g/result/run_20260322_101107_fixed_fullmatrix/log/sea.smc.stats.typeoff.stderr.log
141,smc_typeoff,Target/libsndfile/src/common.h,967,26,Possible read of undefined value at,"%44 = insertelement <4 x float> poison, float %43, i64 0, !dbg !6764",/home/jimi/PaperExperiment/CompilerOptimization/Result/libsndfile/seahorn/seahorn-O2-g/result/run_20260322_101107_fixed_fullmatrix/log/sea.smc.stats.typeoff.stderr.log
142,smc_typeoff,Target/libsndfile/src/common.h,967,26,Possible read of undefined value at,"%52 = insertelement <4 x float> poison, float %51, i64 0, !dbg !6764",/home/jimi/PaperExperiment/CompilerOptimization/Result/libsndfile/seahorn/seahorn-O2-g/result/run_20260322_101107_fixed_fullmatrix/log/sea.smc.stats.typeoff.stderr.log
143,smc_typeoff,Target/libsndfile/src/common.h,967,26,Possible read of undefined value at,"%60 = insertelement <4 x float> poison, float %59, i64 0, !dbg !6764",/home/jimi/PaperExperiment/CompilerOptimization/Result/libsndfile/seahorn/seahorn-O2-g/result/run_20260322_101107_fixed_fullmatrix/log/sea.smc.stats.typeoff.stderr.log
144,smc_typeoff,Target/libsndfile/src/common.h,967,26,Possible read of undefined value at,"%23 = insertelement <4 x float> poison, float %18, i64 0, !dbg !6772",/home/jimi/PaperExperiment/CompilerOptimization/Result/libsndfile/seahorn/seahorn-O2-g/result/run_20260322_101107_fixed_fullmatrix/log/sea.smc.stats.typeoff.stderr.log
145,smc_typeoff,Target/libsndfile/src/common.h,967,26,Possible read of undefined value at,"%40 = insertelement <4 x float> poison, float %35, i64 0, !dbg !6772",/home/jimi/PaperExperiment/CompilerOptimization/Result/libsndfile/seahorn/seahorn-O2-g/result/run_20260322_101107_fixed_fullmatrix/log/sea.smc.stats.typeoff.stderr.log
146,smc_typeoff,Target/libsndfile/src/common.h,967,26,Possible read of undefined value at,"%54 = insertelement <4 x float> poison, float %49, i64 0, !dbg !6772",/home/jimi/PaperExperiment/CompilerOptimization/Result/libsndfile/seahorn/seahorn-O2-g/result/run_20260322_101107_fixed_fullmatrix/log/sea.smc.stats.typeoff.stderr.log
147,smc_typeoff,Target/libsndfile/src/common.h,976,26,Possible read of undefined value at,"%106 = insertelement <2 x double> poison, double %105, i64 0, !dbg !6899",/home/jimi/PaperExperiment/CompilerOptimization/Result/libsndfile/seahorn/seahorn-O2-g/result/run_20260322_101107_fixed_fullmatrix/log/sea.smc.stats.typeoff.stderr.log
148,smc_typeoff,Target/libsndfile/src/common.h,976,26,Possible read of undefined value at,"%114 = insertelement <2 x double> poison, double %113, i64 0, !dbg !6899",/home/jimi/PaperExperiment/CompilerOptimization/Result/libsndfile/seahorn/seahorn-O2-g/result/run_20260322_101107_fixed_fullmatrix/log/sea.smc.stats.typeoff.stderr.log
149,smc_typeoff,Target/libsndfile/src/common.h,976,26,Possible read of undefined value at,"%122 = insertelement <2 x double> poison, double %121, i64 0, !dbg !6899",/home/jimi/PaperExperiment/CompilerOptimization/Result/libsndfile/seahorn/seahorn-O2-g/result/run_20260322_101107_fixed_fullmatrix/log/sea.smc.stats.typeoff.stderr.log
150,smc_typeoff,Target/libsndfile/src/common.h,976,26,Possible read of undefined value at,"%130 = insertelement <2 x double> poison, double %129, i64 0, !dbg !6899",/home/jimi/PaperExperiment/CompilerOptimization/Result/libsndfile/seahorn/seahorn-O2-g/result/run_20260322_101107_fixed_fullmatrix/log/sea.smc.stats.typeoff.stderr.log
151,smc_typeoff,Target/libsndfile/src/common.h,976,26,Possible read of undefined value at,"%146 = insertelement <2 x double> poison, double %145, i64 0, !dbg !6899",/home/jimi/PaperExperiment/CompilerOptimization/Result/libsndfile/seahorn/seahorn-O2-g/result/run_20260322_101107_fixed_fullmatrix/log/sea.smc.stats.typeoff.stderr.log
152,smc_typeoff,Target/libsndfile/src/common.h,976,26,Possible read of undefined value at,"%106 = insertelement <2 x double> poison, double %105, i64 0, !dbg !6899",/home/jimi/PaperExperiment/CompilerOptimization/Result/libsndfile/seahorn/seahorn-O2-g/result/run_20260322_101107_fixed_fullmatrix/log/sea.smc.stats.typeoff.stderr.log
153,smc_typeoff,Target/libsndfile/src/common.h,976,26,Possible read of undefined value at,"%113 = insertelement <2 x double> poison, double %112, i64 0, !dbg !6899",/home/jimi/PaperExperiment/CompilerOptimization/Result/libsndfile/seahorn/seahorn-O2-g/result/run_20260322_101107_fixed_fullmatrix/log/sea.smc.stats.typeoff.stderr.log
154,smc_typeoff,Target/libsndfile/src/common.h,976,26,Possible read of undefined value at,"%120 = insertelement <2 x double> poison, double %119, i64 0, !dbg !6899",/home/jimi/PaperExperiment/CompilerOptimization/Result/libsndfile/seahorn/seahorn-O2-g/result/run_20260322_101107_fixed_fullmatrix/log/sea.smc.stats.typeoff.stderr.log
155,smc_typeoff,Target/libsndfile/src/common.h,976,26,Possible read of undefined value at,"%127 = insertelement <2 x double> poison, double %126, i64 0, !dbg !6899",/home/jimi/PaperExperiment/CompilerOptimization/Result/libsndfile/seahorn/seahorn-O2-g/result/run_20260322_101107_fixed_fullmatrix/log/sea.smc.stats.typeoff.stderr.log
156,smc_typeoff,Target/libsndfile/src/common.h,976,26,Possible read of undefined value at,"%142 = insertelement <2 x double> poison, double %141, i64 0, !dbg !6899",/home/jimi/PaperExperiment/CompilerOptimization/Result/libsndfile/seahorn/seahorn-O2-g/result/run_20260322_101107_fixed_fullmatrix/log/sea.smc.stats.typeoff.stderr.log
157,smc_typeoff,Target/libsndfile/src/common.h,976,26,Possible read of undefined value at,"%31 = insertelement <2 x double> poison, double %30, i64 0, !dbg !6779",/home/jimi/PaperExperiment/CompilerOptimization/Result/libsndfile/seahorn/seahorn-O2-g/result/run_20260322_101107_fixed_fullmatrix/log/sea.smc.stats.typeoff.stderr.log
158,smc_typeoff,Target/libsndfile/src/common.h,976,26,Possible read of undefined value at,"%48 = insertelement <2 x double> poison, double %47, i64 0, !dbg !6799",/home/jimi/PaperExperiment/CompilerOptimization/Result/libsndfile/seahorn/seahorn-O2-g/result/run_20260322_101107_fixed_fullmatrix/log/sea.smc.stats.typeoff.stderr.log
159,smc_typeoff,Target/libsndfile/src/common.h,976,26,Possible read of undefined value at,"%22 = insertelement <2 x double> poison, double %21, i64 0, !dbg !6764",/home/jimi/PaperExperiment/CompilerOptimization/Result/libsndfile/seahorn/seahorn-O2-g/result/run_20260322_101107_fixed_fullmatrix/log/sea.smc.stats.typeoff.stderr.log
160,smc_typeoff,Target/libsndfile/src/common.h,976,26,Possible read of undefined value at,"%35 = insertelement <2 x double> poison, double %34, i64 0, !dbg !6764",/home/jimi/PaperExperiment/CompilerOptimization/Result/libsndfile/seahorn/seahorn-O2-g/result/run_20260322_101107_fixed_fullmatrix/log/sea.smc.stats.typeoff.stderr.log
161,smc_typeoff,Target/libsndfile/src/common.h,976,26,Possible read of undefined value at,"%42 = insertelement <2 x double> poison, double %41, i64 0, !dbg !6764",/home/jimi/PaperExperiment/CompilerOptimization/Result/libsndfile/seahorn/seahorn-O2-g/result/run_20260322_101107_fixed_fullmatrix/log/sea.smc.stats.typeoff.stderr.log
162,smc_typeoff,Target/libsndfile/src/common.h,976,26,Possible read of undefined value at,"%49 = insertelement <2 x double> poison, double %48, i64 0, !dbg !6764",/home/jimi/PaperExperiment/CompilerOptimization/Result/libsndfile/seahorn/seahorn-O2-g/result/run_20260322_101107_fixed_fullmatrix/log/sea.smc.stats.typeoff.stderr.log
163,smc_typeoff,Target/libsndfile/src/common.h,976,26,Possible read of undefined value at,"%56 = insertelement <2 x double> poison, double %55, i64 0, !dbg !6764",/home/jimi/PaperExperiment/CompilerOptimization/Result/libsndfile/seahorn/seahorn-O2-g/result/run_20260322_101107_fixed_fullmatrix/log/sea.smc.stats.typeoff.stderr.log
164,smc_typeoff,Target/libsndfile/src/common.h,976,26,Possible read of undefined value at,"%25 = insertelement <2 x double> poison, double %20, i64 0, !dbg !6774",/home/jimi/PaperExperiment/CompilerOptimization/Result/libsndfile/seahorn/seahorn-O2-g/result/run_20260322_101107_fixed_fullmatrix/log/sea.smc.stats.typeoff.stderr.log
165,smc_typeoff,Target/libsndfile/src/common.h,976,26,Possible read of undefined value at,"%43 = insertelement <2 x double> poison, double %38, i64 0, !dbg !6774",/home/jimi/PaperExperiment/CompilerOptimization/Result/libsndfile/seahorn/seahorn-O2-g/result/run_20260322_101107_fixed_fullmatrix/log/sea.smc.stats.typeoff.stderr.log
166,smc_typeoff,Target/libsndfile/src/common.h,976,26,Possible read of undefined value at,"%58 = insertelement <2 x double> poison, double %53, i64 0, !dbg !6774",/home/jimi/PaperExperiment/CompilerOptimization/Result/libsndfile/seahorn/seahorn-O2-g/result/run_20260322_101107_fixed_fullmatrix/log/sea.smc.stats.typeoff.stderr.log
167,smc_typeoff,Target/libsndfile/src/common.h,976,26,Possible read of undefined value at,"%22 = insertelement <2 x double> poison, double %21, i64 0, !dbg !6764",/home/jimi/PaperExperiment/CompilerOptimization/Result/libsndfile/seahorn/seahorn-O2-g/result/run_20260322_101107_fixed_fullmatrix/log/sea.smc.stats.typeoff.stderr.log
168,smc_typeoff,Target/libsndfile/src/common.h,976,26,Possible read of undefined value at,"%36 = insertelement <2 x double> poison, double %35, i64 0, !dbg !6764",/home/jimi/PaperExperiment/CompilerOptimization/Result/libsndfile/seahorn/seahorn-O2-g/result/run_20260322_101107_fixed_fullmatrix/log/sea.smc.stats.typeoff.stderr.log
169,smc_typeoff,Target/libsndfile/src/common.h,976,26,Possible read of undefined value at,"%44 = insertelement <2 x double> poison, double %43, i64 0, !dbg !6764",/home/jimi/PaperExperiment/CompilerOptimization/Result/libsndfile/seahorn/seahorn-O2-g/result/run_20260322_101107_fixed_fullmatrix/log/sea.smc.stats.typeoff.stderr.log
170,smc_typeoff,Target/libsndfile/src/common.h,976,26,Possible read of undefined value at,"%52 = insertelement <2 x double> poison, double %51, i64 0, !dbg !6764",/home/jimi/PaperExperiment/CompilerOptimization/Result/libsndfile/seahorn/seahorn-O2-g/result/run_20260322_101107_fixed_fullmatrix/log/sea.smc.stats.typeoff.stderr.log
171,smc_typeoff,Target/libsndfile/src/common.h,976,26,Possible read of undefined value at,"%60 = insertelement <2 x double> poison, double %59, i64 0, !dbg !6764",/home/jimi/PaperExperiment/CompilerOptimization/Result/libsndfile/seahorn/seahorn-O2-g/result/run_20260322_101107_fixed_fullmatrix/log/sea.smc.stats.typeoff.stderr.log
172,smc_typeoff,Target/libsndfile/src/common.h,976,26,Possible read of undefined value at,"%23 = insertelement <2 x double> poison, double %18, i64 0, !dbg !6772",/home/jimi/PaperExperiment/CompilerOptimization/Result/libsndfile/seahorn/seahorn-O2-g/result/run_20260322_101107_fixed_fullmatrix/log/sea.smc.stats.typeoff.stderr.log
173,smc_typeoff,Target/libsndfile/src/common.h,976,26,Possible read of undefined value at,"%40 = insertelement <2 x double> poison, double %35, i64 0, !dbg !6772",/home/jimi/PaperExperiment/CompilerOptimization/Result/libsndfile/seahorn/seahorn-O2-g/result/run_20260322_101107_fixed_fullmatrix/log/sea.smc.stats.typeoff.stderr.log
174,smc_typeoff,Target/libsndfile/src/common.h,976,26,Possible read of undefined value at,"%54 = insertelement <2 x double> poison, double %49, i64 0, !dbg !6772",/home/jimi/PaperExperiment/CompilerOptimization/Result/libsndfile/seahorn/seahorn-O2-g/result/run_20260322_101107_fixed_fullmatrix/log/sea.smc.stats.typeoff.stderr.log
175,smc_typeoff,Target/libsndfile/src/common.h,976,26,Possible read of undefined value at,"%29 = insertelement <2 x double> poison, double %28, i64 0, !dbg !6777",/home/jimi/PaperExperiment/CompilerOptimization/Result/libsndfile/seahorn/seahorn-O2-g/result/run_20260322_101107_fixed_fullmatrix/log/sea.smc.stats.typeoff.stderr.log
176,smc_typeoff,Target/libsndfile/src/common.h,976,26,Possible read of undefined value at,"%46 = insertelement <2 x double> poison, double %45, i64 0, !dbg !6797",/home/jimi/PaperExperiment/CompilerOptimization/Result/libsndfile/seahorn/seahorn-O2-g/result/run_20260322_101107_fixed_fullmatrix/log/sea.smc.stats.typeoff.stderr.log
177,smc_typeoff,Target/libsndfile/src/common.h,967,26,Possible read of undefined value at,"%48 = insertelement <4 x float> poison, float %47, i64 0, !dbg !6820",/home/jimi/PaperExperiment/CompilerOptimization/Result/libsndfile/seahorn/seahorn-O2-g/result/run_20260322_101107_fixed_fullmatrix/log/sea.smc.stats.typeoff.stderr.log
178,smc_typeoff,Target/libsndfile/src/common.h,967,26,Possible read of undefined value at,"%57 = insertelement <4 x float> poison, float %56, i64 0, !dbg !6820",/home/jimi/PaperExperiment/CompilerOptimization/Result/libsndfile/seahorn/seahorn-O2-g/result/run_20260322_101107_fixed_fullmatrix/log/sea.smc.stats.typeoff.stderr.log
179,smc_typeoff,Target/libsndfile/src/common.h,967,26,Possible read of undefined value at,"%72 = insertelement <4 x float> poison, float %71, i64 0, !dbg !6820",/home/jimi/PaperExperiment/CompilerOptimization/Result/libsndfile/seahorn/seahorn-O2-g/result/run_20260322_101107_fixed_fullmatrix/log/sea.smc.stats.typeoff.stderr.log
180,smc_typeoff,Target/libsndfile/src/common.h,976,26,Possible read of undefined value at,"%48 = insertelement <2 x double> poison, double %47, i64 0, !dbg !6820",/home/jimi/PaperExperiment/CompilerOptimization/Result/libsndfile/seahorn/seahorn-O2-g/result/run_20260322_101107_fixed_fullmatrix/log/sea.smc.stats.typeoff.stderr.log
181,smc_typeoff,Target/libsndfile/src/common.h,976,26,Possible read of undefined value at,"%57 = insertelement <2 x double> poison, double %56, i64 0, !dbg !6820",/home/jimi/PaperExperiment/CompilerOptimization/Result/libsndfile/seahorn/seahorn-O2-g/result/run_20260322_101107_fixed_fullmatrix/log/sea.smc.stats.typeoff.stderr.log
182,smc_typeoff,Target/libsndfile/src/common.h,976,26,Possible read of undefined value at,"%72 = insertelement <2 x double> poison, double %71, i64 0, !dbg !6820",/home/jimi/PaperExperiment/CompilerOptimization/Result/libsndfile/seahorn/seahorn-O2-g/result/run_20260322_101107_fixed_fullmatrix/log/sea.smc.stats.typeoff.stderr.log
183,smc_typeoff,Target/libsndfile/src/common.h,967,26,Possible read of undefined value at,"%45 = insertelement <4 x float> poison, float %44, i64 0, !dbg !7176",/home/jimi/PaperExperiment/CompilerOptimization/Result/libsndfile/seahorn/seahorn-O2-g/result/run_20260322_101107_fixed_fullmatrix/log/sea.smc.stats.typeoff.stderr.log
184,smc_typeoff,Target/libsndfile/src/common.h,967,26,Possible read of undefined value at,"%54 = insertelement <4 x float> poison, float %53, i64 0, !dbg !7176",/home/jimi/PaperExperiment/CompilerOptimization/Result/libsndfile/seahorn/seahorn-O2-g/result/run_20260322_101107_fixed_fullmatrix/log/sea.smc.stats.typeoff.stderr.log
185,smc_typeoff,Target/libsndfile/src/common.h,967,26,Possible read of undefined value at,"%69 = insertelement <4 x float> poison, float %68, i64 0, !dbg !7176",/home/jimi/PaperExperiment/CompilerOptimization/Result/libsndfile/seahorn/seahorn-O2-g/result/run_20260322_101107_fixed_fullmatrix/log/sea.smc.stats.typeoff.stderr.log
186,smc_typeoff,Target/libsndfile/src/common.h,976,26,Possible read of undefined value at,"%45 = insertelement <2 x double> poison, double %44, i64 0, !dbg !7176",/home/jimi/PaperExperiment/CompilerOptimization/Result/libsndfile/seahorn/seahorn-O2-g/result/run_20260322_101107_fixed_fullmatrix/log/sea.smc.stats.typeoff.stderr.log
187,smc_typeoff,Target/libsndfile/src/common.h,976,26,Possible read of undefined value at,"%54 = insertelement <2 x double> poison, double %53, i64 0, !dbg !7176",/home/jimi/PaperExperiment/CompilerOptimization/Result/libsndfile/seahorn/seahorn-O2-g/result/run_20260322_101107_fixed_fullmatrix/log/sea.smc.stats.typeoff.stderr.log
188,smc_typeoff,Target/libsndfile/src/common.h,976,26,Possible read of undefined value at,"%69 = insertelement <2 x double> poison, double %68, i64 0, !dbg !7176",/home/jimi/PaperExperiment/CompilerOptimization/Result/libsndfile/seahorn/seahorn-O2-g/result/run_20260322_101107_fixed_fullmatrix/log/sea.smc.stats.typeoff.stderr.log
189,smc_typeoff,Target/libsndfile/src/common.h,967,26,Possible read of undefined value at,"%44 = insertelement <4 x float> poison, float %43, i64 0, !dbg !6820",/home/jimi/PaperExperiment/CompilerOptimization/Result/libsndfile/seahorn/seahorn-O2-g/result/run_20260322_101107_fixed_fullmatrix/log/sea.smc.stats.typeoff.stderr.log
190,smc_typeoff,Target/libsndfile/src/common.h,967,26,Possible read of undefined value at,"%53 = insertelement <4 x float> poison, float %52, i64 0, !dbg !6820",/home/jimi/PaperExperiment/CompilerOptimization/Result/libsndfile/seahorn/seahorn-O2-g/result/run_20260322_101107_fixed_fullmatrix/log/sea.smc.stats.typeoff.stderr.log
191,smc_typeoff,Target/libsndfile/src/common.h,967,26,Possible read of undefined value at,"%68 = insertelement <4 x float> poison, float %67, i64 0, !dbg !6820",/home/jimi/PaperExperiment/CompilerOptimization/Result/libsndfile/seahorn/seahorn-O2-g/result/run_20260322_101107_fixed_fullmatrix/log/sea.smc.stats.typeoff.stderr.log
192,smc_typeoff,Target/libsndfile/src/common.h,976,26,Possible read of undefined value at,"%44 = insertelement <2 x double> poison, double %43, i64 0, !dbg !6820",/home/jimi/PaperExperiment/CompilerOptimization/Result/libsndfile/seahorn/seahorn-O2-g/result/run_20260322_101107_fixed_fullmatrix/log/sea.smc.stats.typeoff.stderr.log
193,smc_typeoff,Target/libsndfile/src/common.h,976,26,Possible read of undefined value at,"%53 = insertelement <2 x double> poison, double %52, i64 0, !dbg !6820",/home/jimi/PaperExperiment/CompilerOptimization/Result/libsndfile/seahorn/seahorn-O2-g/result/run_20260322_101107_fixed_fullmatrix/log/sea.smc.stats.typeoff.stderr.log
194,smc_typeoff,Target/libsndfile/src/common.h,976,26,Possible read of undefined value at,"%68 = insertelement <2 x double> poison, double %67, i64 0, !dbg !6820",/home/jimi/PaperExperiment/CompilerOptimization/Result/libsndfile/seahorn/seahorn-O2-g/result/run_20260322_101107_fixed_fullmatrix/log/sea.smc.stats.typeoff.stderr.log
195,smc_typeoff,Target/libsndfile/src/common.h,967,26,Possible read of undefined value at,"%37 = insertelement <4 x float> poison, float %36, i64 0, !dbg !6820",/home/jimi/PaperExperiment/CompilerOptimization/Result/libsndfile/seahorn/seahorn-O2-g/result/run_20260322_101107_fixed_fullmatrix/log/sea.smc.stats.typeoff.stderr.log
196,smc_typeoff,Target/libsndfile/src/common.h,967,26,Possible read of undefined value at,"%45 = insertelement <4 x float> poison, float %44, i64 0, !dbg !6820",/home/jimi/PaperExperiment/CompilerOptimization/Result/libsndfile/seahorn/seahorn-O2-g/result/run_20260322_101107_fixed_fullmatrix/log/sea.smc.stats.typeoff.stderr.log
197,smc_typeoff,Target/libsndfile/src/common.h,967,26,Possible read of undefined value at,"%59 = insertelement <4 x float> poison, float %58, i64 0, !dbg !6820",/home/jimi/PaperExperiment/CompilerOptimization/Result/libsndfile/seahorn/seahorn-O2-g/result/run_20260322_101107_fixed_fullmatrix/log/sea.smc.stats.typeoff.stderr.log
198,smc_typeoff,Target/libsndfile/src/common.h,976,26,Possible read of undefined value at,"%37 = insertelement <2 x double> poison, double %36, i64 0, !dbg !6820",/home/jimi/PaperExperiment/CompilerOptimization/Result/libsndfile/seahorn/seahorn-O2-g/result/run_20260322_101107_fixed_fullmatrix/log/sea.smc.stats.typeoff.stderr.log
199,smc_typeoff,Target/libsndfile/src/common.h,976,26,Possible read of undefined value at,"%45 = insertelement <2 x double> poison, double %44, i64 0, !dbg !6820",/home/jimi/PaperExperiment/CompilerOptimization/Result/libsndfile/seahorn/seahorn-O2-g/result/run_20260322_101107_fixed_fullmatrix/log/sea.smc.stats.typeoff.stderr.log
200,smc_typeoff,Target/libsndfile/src/common.h,976,26,Possible read of undefined value at,"%59 = insertelement <2 x double> poison, double %58, i64 0, !dbg !6820",/home/jimi/PaperExperiment/CompilerOptimization/Result/libsndfile/seahorn/seahorn-O2-g/result/run_20260322_101107_fixed_fullmatrix/log/sea.smc.stats.typeoff.stderr.log
201,smc_typeoff,Target/libsndfile/src/common.h,967,26,Possible read of undefined value at,"%44 = insertelement <4 x float> poison, float %43, i64 0, !dbg !7177",/home/jimi/PaperExperiment/CompilerOptimization/Result/libsndfile/seahorn/seahorn-O2-g/result/run_20260322_101107_fixed_fullmatrix/log/sea.smc.stats.typeoff.stderr.log
202,smc_typeoff,Target/libsndfile/src/common.h,967,26,Possible read of undefined value at,"%53 = insertelement <4 x float> poison, float %52, i64 0, !dbg !7177",/home/jimi/PaperExperiment/CompilerOptimization/Result/libsndfile/seahorn/seahorn-O2-g/result/run_20260322_101107_fixed_fullmatrix/log/sea.smc.stats.typeoff.stderr.log
203,smc_typeoff,Target/libsndfile/src/common.h,967,26,Possible read of undefined value at,"%68 = insertelement <4 x float> poison, float %67, i64 0, !dbg !7177",/home/jimi/PaperExperiment/CompilerOptimization/Result/libsndfile/seahorn/seahorn-O2-g/result/run_20260322_101107_fixed_fullmatrix/log/sea.smc.stats.typeoff.stderr.log
204,smc_typeoff,Target/libsndfile/src/common.h,976,26,Possible read of undefined value at,"%44 = insertelement <2 x double> poison, double %43, i64 0, !dbg !7177",/home/jimi/PaperExperiment/CompilerOptimization/Result/libsndfile/seahorn/seahorn-O2-g/result/run_20260322_101107_fixed_fullmatrix/log/sea.smc.stats.typeoff.stderr.log
205,smc_typeoff,Target/libsndfile/src/common.h,976,26,Possible read of undefined value at,"%53 = insertelement <2 x double> poison, double %52, i64 0, !dbg !7177",/home/jimi/PaperExperiment/CompilerOptimization/Result/libsndfile/seahorn/seahorn-O2-g/result/run_20260322_101107_fixed_fullmatrix/log/sea.smc.stats.typeoff.stderr.log
206,smc_typeoff,Target/libsndfile/src/common.h,976,26,Possible read of undefined value at,"%68 = insertelement <2 x double> poison, double %67, i64 0, !dbg !7177",/home/jimi/PaperExperiment/CompilerOptimization/Result/libsndfile/seahorn/seahorn-O2-g/result/run_20260322_101107_fixed_fullmatrix/log/sea.smc.stats.typeoff.stderr.log
207,smc_typeoff,Target/libsndfile/src/sndfile.c,1263,41,Possible read of undefined value at,"%333 = shufflevector <2 x i64> %332, <2 x i64> poison, <2 x i32> <i32 1, i32 0>, !dbg !7146",/home/jimi/PaperExperiment/CompilerOptimization/Result/libsndfile/seahorn/seahorn-O2-g/result/run_20260322_101107_fixed_fullmatrix/log/sea.smc.stats.typeoff.stderr.log
208,smc_typeoff,Target/libsndfile/src/common.h,976,26,Possible read of undefined value at,"%58 = insertelement <2 x double> poison, double %47, i64 0, !dbg !7259",/home/jimi/PaperExperiment/CompilerOptimization/Result/libsndfile/seahorn/seahorn-O2-g/result/run_20260322_101107_fixed_fullmatrix/log/sea.smc.stats.typeoff.stderr.log
209,smc_typeoff,Target/libsndfile/src/common.h,967,26,Possible read of undefined value at,"%37 = insertelement <4 x float> poison, float %36, i64 0, !dbg !7176",/home/jimi/PaperExperiment/CompilerOptimization/Result/libsndfile/seahorn/seahorn-O2-g/result/run_20260322_101107_fixed_fullmatrix/log/sea.smc.stats.typeoff.stderr.log
210,smc_typeoff,Target/libsndfile/src/common.h,967,26,Possible read of undefined value at,"%46 = insertelement <4 x float> poison, float %45, i64 0, !dbg !7176",/home/jimi/PaperExperiment/CompilerOptimization/Result/libsndfile/seahorn/seahorn-O2-g/result/run_20260322_101107_fixed_fullmatrix/log/sea.smc.stats.typeoff.stderr.log
211,smc_typeoff,Target/libsndfile/src/common.h,967,26,Possible read of undefined value at,"%61 = insertelement <4 x float> poison, float %60, i64 0, !dbg !7176",/home/jimi/PaperExperiment/CompilerOptimization/Result/libsndfile/seahorn/seahorn-O2-g/result/run_20260322_101107_fixed_fullmatrix/log/sea.smc.stats.typeoff.stderr.log
212,smc_typeoff,Target/libsndfile/src/common.h,976,26,Possible read of undefined value at,"%37 = insertelement <2 x double> poison, double %36, i64 0, !dbg !7176",/home/jimi/PaperExperiment/CompilerOptimization/Result/libsndfile/seahorn/seahorn-O2-g/result/run_20260322_101107_fixed_fullmatrix/log/sea.smc.stats.typeoff.stderr.log
213,smc_typeoff,Target/libsndfile/src/common.h,976,26,Possible read of undefined value at,"%46 = insertelement <2 x double> poison, double %45, i64 0, !dbg !7176",/home/jimi/PaperExperiment/CompilerOptimization/Result/libsndfile/seahorn/seahorn-O2-g/result/run_20260322_101107_fixed_fullmatrix/log/sea.smc.stats.typeoff.stderr.log
214,smc_typeoff,Target/libsndfile/src/common.h,976,26,Possible read of undefined value at,"%61 = insertelement <2 x double> poison, double %60, i64 0, !dbg !7176",/home/jimi/PaperExperiment/CompilerOptimization/Result/libsndfile/seahorn/seahorn-O2-g/result/run_20260322_101107_fixed_fullmatrix/log/sea.smc.stats.typeoff.stderr.log
215,smc_typeoff,Target/libsndfile/src/common.h,976,26,Possible read of undefined value at,"%57 = insertelement <2 x double> poison, double %56, i64 0, !dbg !7189",/home/jimi/PaperExperiment/CompilerOptimization/Result/libsndfile/seahorn/seahorn-O2-g/result/run_20260322_101107_fixed_fullmatrix/log/sea.smc.stats.typeoff.stderr.log
216,smc_typeoff,Target/libsndfile/src/common.h,976,26,Possible read of undefined value at,"%127 = insertelement <2 x double> poison, double %126, i64 0, !dbg !6930",/home/jimi/PaperExperiment/CompilerOptimization/Result/libsndfile/seahorn/seahorn-O2-g/result/run_20260322_101107_fixed_fullmatrix/log/sea.smc.stats.typeoff.stderr.log
217,smc_typeoff,Target/libsndfile/src/common.h,967,26,Possible read of undefined value at,"%44 = insertelement <4 x float> poison, float %43, i64 0, !dbg !7176",/home/jimi/PaperExperiment/CompilerOptimization/Result/libsndfile/seahorn/seahorn-O2-g/result/run_20260322_101107_fixed_fullmatrix/log/sea.smc.stats.typeoff.stderr.log
218,smc_typeoff,Target/libsndfile/src/common.h,967,26,Possible read of undefined value at,"%52 = insertelement <4 x float> poison, float %51, i64 0, !dbg !7176",/home/jimi/PaperExperiment/CompilerOptimization/Result/libsndfile/seahorn/seahorn-O2-g/result/run_20260322_101107_fixed_fullmatrix/log/sea.smc.stats.typeoff.stderr.log
219,smc_typeoff,Target/libsndfile/src/common.h,967,26,Possible read of undefined value at,"%66 = insertelement <4 x float> poison, float %65, i64 0, !dbg !7176",/home/jimi/PaperExperiment/CompilerOptimization/Result/libsndfile/seahorn/seahorn-O2-g/result/run_20260322_101107_fixed_fullmatrix/log/sea.smc.stats.typeoff.stderr.log
220,smc_typeoff,Target/libsndfile/src/common.h,976,26,Possible read of undefined value at,"%44 = insertelement <2 x double> poison, double %43, i64 0, !dbg !7176",/home/jimi/PaperExperiment/CompilerOptimization/Result/libsndfile/seahorn/seahorn-O2-g/result/run_20260322_101107_fixed_fullmatrix/log/sea.smc.stats.typeoff.stderr.log
221,smc_typeoff,Target/libsndfile/src/common.h,976,26,Possible read of undefined value at,"%52 = insertelement <2 x double> poison, double %51, i64 0, !dbg !7176",/home/jimi/PaperExperiment/CompilerOptimization/Result/libsndfile/seahorn/seahorn-O2-g/result/run_20260322_101107_fixed_fullmatrix/log/sea.smc.stats.typeoff.stderr.log
222,smc_typeoff,Target/libsndfile/src/common.h,976,26,Possible read of undefined value at,"%66 = insertelement <2 x double> poison, double %65, i64 0, !dbg !7176",/home/jimi/PaperExperiment/CompilerOptimization/Result/libsndfile/seahorn/seahorn-O2-g/result/run_20260322_101107_fixed_fullmatrix/log/sea.smc.stats.typeoff.stderr.log
223,smc_typeoff,Target/libsndfile/src/xi.c,1166,2,Possible read of undefined value at,"%31 = insertelement <8 x i16> poison, i16 %24, i64 7, !dbg !7186",/home/jimi/PaperExperiment/CompilerOptimization/Result/libsndfile/seahorn/seahorn-O2-g/result/run_20260322_101107_fixed_fullmatrix/log/sea.smc.stats.typeoff.stderr.log
224,smc_typeoff,Target/libsndfile/src/xi.c,1036,2,Possible read of undefined value at,"%32 = insertelement <8 x i8> poison, i8 %27, i64 7, !dbg !7190",/home/jimi/PaperExperiment/CompilerOptimization/Result/libsndfile/seahorn/seahorn-O2-g/result/run_20260322_101107_fixed_fullmatrix/log/sea.smc.stats.typeoff.stderr.log
225,smc_typeoff,Target/libsndfile/src/xi.c,1182,2,Possible read of undefined value at,"%31 = insertelement <4 x i16> poison, i16 %24, i64 3, !dbg !7188",/home/jimi/PaperExperiment/CompilerOptimization/Result/libsndfile/seahorn/seahorn-O2-g/result/run_20260322_101107_fixed_fullmatrix/log/sea.smc.stats.typeoff.stderr.log
226,smc_typeoff,Target/libsndfile/src/xi.c,1052,2,Possible read of undefined value at,"%32 = insertelement <4 x i8> poison, i8 %27, i64 3, !dbg !7190",/home/jimi/PaperExperiment/CompilerOptimization/Result/libsndfile/seahorn/seahorn-O2-g/result/run_20260322_101107_fixed_fullmatrix/log/sea.smc.stats.typeoff.stderr.log
227,smc_typeoff,Target/libsndfile/src/common.h,967,26,Possible read of undefined value at,"%43 = insertelement <4 x float> poison, float %42, i64 0, !dbg !7208",/home/jimi/PaperExperiment/CompilerOptimization/Result/libsndfile/seahorn/seahorn-O2-g/result/run_20260322_101107_fixed_fullmatrix/log/sea.smc.stats.typeoff.stderr.log
228,smc_typeoff,Target/libsndfile/src/common.h,967,26,Possible read of undefined value at,"%52 = insertelement <4 x float> poison, float %51, i64 0, !dbg !7208",/home/jimi/PaperExperiment/CompilerOptimization/Result/libsndfile/seahorn/seahorn-O2-g/result/run_20260322_101107_fixed_fullmatrix/log/sea.smc.stats.typeoff.stderr.log
229,smc_typeoff,Target/libsndfile/src/common.h,967,26,Possible read of undefined value at,"%71 = insertelement <4 x float> poison, float %70, i64 0, !dbg !7208",/home/jimi/PaperExperiment/CompilerOptimization/Result/libsndfile/seahorn/seahorn-O2-g/result/run_20260322_101107_fixed_fullmatrix/log/sea.smc.stats.typeoff.stderr.log
230,smc_typeoff,Target/libsndfile/src/common.h,967,26,Possible read of undefined value at,"%44 = insertelement <4 x float> poison, float %43, i64 0, !dbg !7210",/home/jimi/PaperExperiment/CompilerOptimization/Result/libsndfile/seahorn/seahorn-O2-g/result/run_20260322_101107_fixed_fullmatrix/log/sea.smc.stats.typeoff.stderr.log
231,smc_typeoff,Target/libsndfile/src/common.h,967,26,Possible read of undefined value at,"%53 = insertelement <4 x float> poison, float %52, i64 0, !dbg !7210",/home/jimi/PaperExperiment/CompilerOptimization/Result/libsndfile/seahorn/seahorn-O2-g/result/run_20260322_101107_fixed_fullmatrix/log/sea.smc.stats.typeoff.stderr.log
232,smc_typeoff,Target/libsndfile/src/common.h,967,26,Possible read of undefined value at,"%72 = insertelement <4 x float> poison, float %71, i64 0, !dbg !7210",/home/jimi/PaperExperiment/CompilerOptimization/Result/libsndfile/seahorn/seahorn-O2-g/result/run_20260322_101107_fixed_fullmatrix/log/sea.smc.stats.typeoff.stderr.log
233,smc_typeoff,Target/libsndfile/src/common.h,976,26,Possible read of undefined value at,"%43 = insertelement <2 x double> poison, double %42, i64 0, !dbg !7208",/home/jimi/PaperExperiment/CompilerOptimization/Result/libsndfile/seahorn/seahorn-O2-g/result/run_20260322_101107_fixed_fullmatrix/log/sea.smc.stats.typeoff.stderr.log
234,smc_typeoff,Target/libsndfile/src/common.h,976,26,Possible read of undefined value at,"%52 = insertelement <2 x double> poison, double %51, i64 0, !dbg !7208",/home/jimi/PaperExperiment/CompilerOptimization/Result/libsndfile/seahorn/seahorn-O2-g/result/run_20260322_101107_fixed_fullmatrix/log/sea.smc.stats.typeoff.stderr.log
235,smc_typeoff,Target/libsndfile/src/common.h,976,26,Possible read of undefined value at,"%71 = insertelement <2 x double> poison, double %70, i64 0, !dbg !7208",/home/jimi/PaperExperiment/CompilerOptimization/Result/libsndfile/seahorn/seahorn-O2-g/result/run_20260322_101107_fixed_fullmatrix/log/sea.smc.stats.typeoff.stderr.log
236,smc_typeoff,Target/libsndfile/src/common.h,976,26,Possible read of undefined value at,"%44 = insertelement <2 x double> poison, double %43, i64 0, !dbg !7210",/home/jimi/PaperExperiment/CompilerOptimization/Result/libsndfile/seahorn/seahorn-O2-g/result/run_20260322_101107_fixed_fullmatrix/log/sea.smc.stats.typeoff.stderr.log
237,smc_typeoff,Target/libsndfile/src/common.h,976,26,Possible read of undefined value at,"%53 = insertelement <2 x double> poison, double %52, i64 0, !dbg !7210",/home/jimi/PaperExperiment/CompilerOptimization/Result/libsndfile/seahorn/seahorn-O2-g/result/run_20260322_101107_fixed_fullmatrix/log/sea.smc.stats.typeoff.stderr.log
238,smc_typeoff,Target/libsndfile/src/common.h,976,26,Possible read of undefined value at,"%72 = insertelement <2 x double> poison, double %71, i64 0, !dbg !7210",/home/jimi/PaperExperiment/CompilerOptimization/Result/libsndfile/seahorn/seahorn-O2-g/result/run_20260322_101107_fixed_fullmatrix/log/sea.smc.stats.typeoff.stderr.log
239,smc_typeoff,Target/libsndfile/src/common.h,967,26,Possible read of undefined value at,"%40 = insertelement <4 x float> poison, float %39, i64 0, !dbg !7176",/home/jimi/PaperExperiment/CompilerOptimization/Result/libsndfile/seahorn/seahorn-O2-g/result/run_20260322_101107_fixed_fullmatrix/log/sea.smc.stats.typeoff.stderr.log
240,smc_typeoff,Target/libsndfile/src/common.h,967,26,Possible read of undefined value at,"%49 = insertelement <4 x float> poison, float %48, i64 0, !dbg !7176",/home/jimi/PaperExperiment/CompilerOptimization/Result/libsndfile/seahorn/seahorn-O2-g/result/run_20260322_101107_fixed_fullmatrix/log/sea.smc.stats.typeoff.stderr.log
241,smc_typeoff,Target/libsndfile/src/common.h,967,26,Possible read of undefined value at,"%64 = insertelement <4 x float> poison, float %63, i64 0, !dbg !7176",/home/jimi/PaperExperiment/CompilerOptimization/Result/libsndfile/seahorn/seahorn-O2-g/result/run_20260322_101107_fixed_fullmatrix/log/sea.smc.stats.typeoff.stderr.log
242,smc_typeoff,Target/libsndfile/src/common.h,976,26,Possible read of undefined value at,"%40 = insertelement <2 x double> poison, double %39, i64 0, !dbg !7176",/home/jimi/PaperExperiment/CompilerOptimization/Result/libsndfile/seahorn/seahorn-O2-g/result/run_20260322_101107_fixed_fullmatrix/log/sea.smc.stats.typeoff.stderr.log
243,smc_typeoff,Target/libsndfile/src/common.h,976,26,Possible read of undefined value at,"%49 = insertelement <2 x double> poison, double %48, i64 0, !dbg !7176",/home/jimi/PaperExperiment/CompilerOptimization/Result/libsndfile/seahorn/seahorn-O2-g/result/run_20260322_101107_fixed_fullmatrix/log/sea.smc.stats.typeoff.stderr.log
244,smc_typeoff,Target/libsndfile/src/common.h,976,26,Possible read of undefined value at,"%64 = insertelement <2 x double> poison, double %63, i64 0, !dbg !7176",/home/jimi/PaperExperiment/CompilerOptimization/Result/libsndfile/seahorn/seahorn-O2-g/result/run_20260322_101107_fixed_fullmatrix/log/sea.smc.stats.typeoff.stderr.log
245,smc_typeoff,Target/libsndfile/src/nms_adpcm.c,212,19,Possible read of undefined value at,"%59 = insertelement <4 x i16> poison, i16 %52, i64 0, !dbg !6807",/home/jimi/PaperExperiment/CompilerOptimization/Result/libsndfile/seahorn/seahorn-O2-g/result/run_20260322_101107_fixed_fullmatrix/log/sea.smc.stats.typeoff.stderr.log
246,smc_typeoff,Target/libsndfile/src/nms_adpcm.c,212,19,Possible read of undefined value at,"%60 = shufflevector <4 x i16> %59, <4 x i16> poison, <4 x i32> zeroinitializer, !dbg !6807",/home/jimi/PaperExperiment/CompilerOptimization/Result/libsndfile/seahorn/seahorn-O2-g/result/run_20260322_101107_fixed_fullmatrix/log/sea.smc.stats.typeoff.stderr.log
247,smc_typeoff,Target/libsndfile/src/GSM610/long_term.c,502,2,Possible read of undefined value at,"%1262 = insertelement <4 x i32> poison, i32 %1260, i64 0, !dbg !7086",/home/jimi/PaperExperiment/CompilerOptimization/Result/libsndfile/seahorn/seahorn-O2-g/result/run_20260322_101107_fixed_fullmatrix/log/sea.smc.stats.typeoff.stderr.log
248,smc_typeoff,Target/libsndfile/src/GSM610/long_term.c,502,2,Possible read of undefined value at,"%1263 = shufflevector <4 x i32> %1262, <4 x i32> poison, <4 x i32> zeroinitializer, !dbg !7086",/home/jimi/PaperExperiment/CompilerOptimization/Result/libsndfile/seahorn/seahorn-O2-g/result/run_20260322_101107_fixed_fullmatrix/log/sea.smc.stats.typeoff.stderr.log
249,smc_typeoff,Target/libsndfile/src/GSM610/long_term.c,502,2,Possible read of undefined value at,"%1264 = insertelement <4 x i32> poison, i32 %1259, i64 0, !dbg !7086",/home/jimi/PaperExperiment/CompilerOptimization/Result/libsndfile/seahorn/seahorn-O2-g/result/run_20260322_101107_fixed_fullmatrix/log/sea.smc.stats.typeoff.stderr.log
250,smc_typeoff,Target/libsndfile/src/GSM610/long_term.c,502,2,Possible read of undefined value at,"%1265 = shufflevector <4 x i32> %1264, <4 x i32> poison, <4 x i32> zeroinitializer, !dbg !7086",/home/jimi/PaperExperiment/CompilerOptimization/Result/libsndfile/seahorn/seahorn-O2-g/result/run_20260322_101107_fixed_fullmatrix/log/sea.smc.stats.typeoff.stderr.log
251,smc_typeoff,Target/libsndfile/src/GSM610/long_term.c,921,2,Possible read of undefined value at,"%39 = insertelement <8 x i32> poison, i32 %23, i64 0, !dbg !6801",/home/jimi/PaperExperiment/CompilerOptimization/Result/libsndfile/seahorn/seahorn-O2-g/result/run_20260322_101107_fixed_fullmatrix/log/sea.smc.stats.typeoff.stderr.log
252,smc_typeoff,Target/libsndfile/src/GSM610/long_term.c,921,2,Possible read of undefined value at,"%40 = shufflevector <8 x i32> %39, <8 x i32> poison, <8 x i32> zeroinitializer, !dbg !6801",/home/jimi/PaperExperiment/CompilerOptimization/Result/libsndfile/seahorn/seahorn-O2-g/result/run_20260322_101107_fixed_fullmatrix/log/sea.smc.stats.typeoff.stderr.log
253,smc_typeoff,Target/libsndfile/src/GSM610/lpc.c,165,27,Possible read of undefined value at,"%488 = insertelement <8 x float> poison, float %272, i64 0, !dbg !6840",/home/jimi/PaperExperiment/CompilerOptimization/Result/libsndfile/seahorn/seahorn-O2-g/result/run_20260322_101107_fixed_fullmatrix/log/sea.smc.stats.typeoff.stderr.log
254,smc_typeoff,Target/libsndfile/src/GSM610/lpc.c,165,27,Possible read of undefined value at,"%496 = insertelement <8 x float> poison, float %487, i64 0, !dbg !6840",/home/jimi/PaperExperiment/CompilerOptimization/Result/libsndfile/seahorn/seahorn-O2-g/result/run_20260322_101107_fixed_fullmatrix/log/sea.smc.stats.typeoff.stderr.log
255,smc_typeoff,Target/libsndfile/src/GSM610/lpc.c,165,27,Possible read of undefined value at,"%497 = shufflevector <8 x float> %496, <8 x float> poison, <8 x i32> zeroinitializer, !dbg !6840",/home/jimi/PaperExperiment/CompilerOptimization/Result/libsndfile/seahorn/seahorn-O2-g/result/run_20260322_101107_fixed_fullmatrix/log/sea.smc.stats.typeoff.stderr.log
256,smc_typeoff,Target/libsndfile/src/GSM610/lpc.c,119,68,Possible read of undefined value at,"%1080 = shufflevector <8 x float> %1074, <8 x float> undef, <2 x i32> <i32 1, i32 0>, !dbg !6957",/home/jimi/PaperExperiment/CompilerOptimization/Result/libsndfile/seahorn/seahorn-O2-g/result/run_20260322_101107_fixed_fullmatrix/log/sea.smc.stats.typeoff.stderr.log
257,smc_typeoff,Target/libsndfile/src/GSM610/lpc.c,119,68,Possible read of undefined value at,"%1081 = shufflevector <8 x float> %1074, <8 x float> undef, <2 x i32> <i32 7, i32 6>, !dbg !6957",/home/jimi/PaperExperiment/CompilerOptimization/Result/libsndfile/seahorn/seahorn-O2-g/result/run_20260322_101107_fixed_fullmatrix/log/sea.smc.stats.typeoff.stderr.log
258,smc_typeoff,Target/libsndfile/src/GSM610/lpc.c,119,68,Possible read of undefined value at,"%1084 = shufflevector <2 x i32> %1083, <2 x i32> poison, <2 x i32> <i32 1, i32 undef>, !dbg !6957",/home/jimi/PaperExperiment/CompilerOptimization/Result/libsndfile/seahorn/seahorn-O2-g/result/run_20260322_101107_fixed_fullmatrix/log/sea.smc.stats.typeoff.stderr.log
259,smc_typeoff,Target/libsndfile/src/GSM610/lpc.c,117,57,Possible read of undefined value at,"%1088 = shufflevector <8 x float> %1074, <8 x float> undef, <2 x i32> <i32 6, i32 5>, !dbg !6959",/home/jimi/PaperExperiment/CompilerOptimization/Result/libsndfile/seahorn/seahorn-O2-g/result/run_20260322_101107_fixed_fullmatrix/log/sea.smc.stats.typeoff.stderr.log
260,smc_typeoff,Target/libsndfile/src/GSM610/lpc.c,117,57,Possible read of undefined value at,"%1091 = shufflevector <2 x i32> %1090, <2 x i32> poison, <2 x i32> <i32 1, i32 undef>, !dbg !6959",/home/jimi/PaperExperiment/CompilerOptimization/Result/libsndfile/seahorn/seahorn-O2-g/result/run_20260322_101107_fixed_fullmatrix/log/sea.smc.stats.typeoff.stderr.log
261,smc_typeoff,Target/libsndfile/src/GSM610/lpc.c,115,46,Possible read of undefined value at,"%1099 = shufflevector <8 x float> %1074, <8 x float> undef, <4 x i32> <i32 1, i32 0, i32 2, i32 3>, !dbg !6962",/home/jimi/PaperExperiment/CompilerOptimization/Result/libsndfile/seahorn/seahorn-O2-g/result/run_20260322_101107_fixed_fullmatrix/log/sea.smc.stats.typeoff.stderr.log
262,smc_typeoff,Target/libsndfile/src/GSM610/lpc.c,115,46,Possible read of undefined value at,"%1100 = shufflevector <8 x float> %1074, <8 x float> undef, <4 x i32> <i32 5, i32 4, i32 6, i32 7>, !dbg !6962",/home/jimi/PaperExperiment/CompilerOptimization/Result/libsndfile/seahorn/seahorn-O2-g/result/run_20260322_101107_fixed_fullmatrix/log/sea.smc.stats.typeoff.stderr.log
263,smc_typeoff,Target/libsndfile/src/GSM610/lpc.c,113,35,Possible read of undefined value at,"%1104 = shufflevector <8 x float> %1074, <8 x float> undef, <4 x i32> <i32 4, i32 3, i32 5, i32 6>, !dbg !6964",/home/jimi/PaperExperiment/CompilerOptimization/Result/libsndfile/seahorn/seahorn-O2-g/result/run_20260322_101107_fixed_fullmatrix/log/sea.smc.stats.typeoff.stderr.log
264,smc_typeoff,Target/libsndfile/src/GSM610/lpc.c,111,24,Possible read of undefined value at,"%1111 = shufflevector <8 x float> %1074, <8 x float> undef, <4 x i32> <i32 3, i32 2, i32 4, i32 5>, !dbg !6966",/home/jimi/PaperExperiment/CompilerOptimization/Result/libsndfile/seahorn/seahorn-O2-g/result/run_20260322_101107_fixed_fullmatrix/log/sea.smc.stats.typeoff.stderr.log
265,smc_typeoff,Target/libsndfile/src/GSM610/lpc.c,109,13,Possible read of undefined value at,"%1121 = shufflevector <8 x float> %1074, <8 x float> undef, <4 x i32> <i32 2, i32 1, i32 3, i32 4>, !dbg !6969",/home/jimi/PaperExperiment/CompilerOptimization/Result/libsndfile/seahorn/seahorn-O2-g/result/run_20260322_101107_fixed_fullmatrix/log/sea.smc.stats.typeoff.stderr.log
266,smc_typeoff,Target/libsndfile/src/GSM610/lpc.c,121,2,Possible read of undefined value at,"%1137 = shufflevector <8 x float> %1074, <8 x float> undef, <4 x i32> <i32 undef, i32 undef, i32 undef, i32 7>, !dbg !6975",/home/jimi/PaperExperiment/CompilerOptimization/Result/libsndfile/seahorn/seahorn-O2-g/result/run_20260322_101107_fixed_fullmatrix/log/sea.smc.stats.typeoff.stderr.log
267,smc_typeoff,Target/libsndfile/src/GSM610/gsm610_priv.h,0,0,Possible read of undefined value at,"%1224 = insertelement <8 x i32> poison, i32 %1222, i64 0, !dbg !6997",/home/jimi/PaperExperiment/CompilerOptimization/Result/libsndfile/seahorn/seahorn-O2-g/result/run_20260322_101107_fixed_fullmatrix/log/sea.smc.stats.typeoff.stderr.log
268,smc_typeoff,Target/libsndfile/src/GSM610/lpc.c,137,3,Possible read of undefined value at,"%1237 = insertelement <8 x i32> poison, i32 %1236, i64 0, !dbg !7008",/home/jimi/PaperExperiment/CompilerOptimization/Result/libsndfile/seahorn/seahorn-O2-g/result/run_20260322_101107_fixed_fullmatrix/log/sea.smc.stats.typeoff.stderr.log
269,smc_typeoff,Target/libsndfile/src/GSM610/lpc.c,137,3,Possible read of undefined value at,"%1238 = shufflevector <8 x i32> %1237, <8 x i32> poison, <8 x i32> zeroinitializer, !dbg !7008",/home/jimi/PaperExperiment/CompilerOptimization/Result/libsndfile/seahorn/seahorn-O2-g/result/run_20260322_101107_fixed_fullmatrix/log/sea.smc.stats.typeoff.stderr.log
270,smc_typeoff,Target/libsndfile/src/GSM610/lpc.c,137,3,Possible read of undefined value at,"%1239 = insertelement <8 x i32> poison, i32 %1236, i64 0, !dbg !7008",/home/jimi/PaperExperiment/CompilerOptimization/Result/libsndfile/seahorn/seahorn-O2-g/result/run_20260322_101107_fixed_fullmatrix/log/sea.smc.stats.typeoff.stderr.log
271,smc_typeoff,Target/libsndfile/src/GSM610/lpc.c,137,3,Possible read of undefined value at,"%1240 = shufflevector <8 x i32> %1239, <8 x i32> poison, <8 x i32> zeroinitializer, !dbg !7008",/home/jimi/PaperExperiment/CompilerOptimization/Result/libsndfile/seahorn/seahorn-O2-g/result/run_20260322_101107_fixed_fullmatrix/log/sea.smc.stats.typeoff.stderr.log
272,smc_typeoff,Target/libsndfile/src/GSM610/gsm610_priv.h,123,30,Possible read of undefined value at,"%1855 = insertelement <8 x i16> poison, i16 %1686, i64 0, !dbg !7266",/home/jimi/PaperExperiment/CompilerOptimization/Result/libsndfile/seahorn/seahorn-O2-g/result/run_20260322_101107_fixed_fullmatrix/log/sea.smc.stats.typeoff.stderr.log
273,smc_typeoff,Target/libsndfile/src/GSM610/rpe.c,47,2,Possible read of undefined value at,"%17 = insertelement <8 x i16> poison, i16 %11, i64 7, !dbg !6781",/home/jimi/PaperExperiment/CompilerOptimization/Result/libsndfile/seahorn/seahorn-O2-g/result/run_20260322_101107_fixed_fullmatrix/log/sea.smc.stats.typeoff.stderr.log
274,smc_typeoff,Target/libsndfile/src/GSM610/rpe.c,47,2,Possible read of undefined value at,"%18 = insertelement <8 x i16> poison, i16 %13, i64 7, !dbg !6781",/home/jimi/PaperExperiment/CompilerOptimization/Result/libsndfile/seahorn/seahorn-O2-g/result/run_20260322_101107_fixed_fullmatrix/log/sea.smc.stats.typeoff.stderr.log
275,smc_typeoff,Target/libsndfile/src/GSM610/rpe.c,47,2,Possible read of undefined value at,"%19 = insertelement <8 x i16> poison, i16 %15, i64 7, !dbg !6781",/home/jimi/PaperExperiment/CompilerOptimization/Result/libsndfile/seahorn/seahorn-O2-g/result/run_20260322_101107_fixed_fullmatrix/log/sea.smc.stats.typeoff.stderr.log
276,smc_typeoff,Target/libsndfile/src/GSM610/rpe.c,47,2,Possible read of undefined value at,"%20 = insertelement <8 x i16> poison, i16 %16, i64 7, !dbg !6781",/home/jimi/PaperExperiment/CompilerOptimization/Result/libsndfile/seahorn/seahorn-O2-g/result/run_20260322_101107_fixed_fullmatrix/log/sea.smc.stats.typeoff.stderr.log
277,smc_typeoff,Target/libsndfile/src/GSM610/rpe.c,158,2,Possible read of undefined value at,"%115 = shufflevector <8 x i16> %114, <8 x i16> poison, <4 x i32> <i32 0, i32 undef, i32 undef, i32 undef>, !dbg !6853",/home/jimi/PaperExperiment/CompilerOptimization/Result/libsndfile/seahorn/seahorn-O2-g/result/run_20260322_101107_fixed_fullmatrix/log/sea.smc.stats.typeoff.stderr.log
278,smc_typeoff,Target/libsndfile/src/GSM610/rpe.c,172,44,Possible read of undefined value at,"%167 = shufflevector <8 x i16> %166, <8 x i16> poison, <4 x i32> <i32 0, i32 undef, i32 undef, i32 undef>, !dbg !6893",/home/jimi/PaperExperiment/CompilerOptimization/Result/libsndfile/seahorn/seahorn-O2-g/result/run_20260322_101107_fixed_fullmatrix/log/sea.smc.stats.typeoff.stderr.log
279,smc_typeoff,Target/libsndfile/src/GSM610/rpe.c,185,44,Possible read of undefined value at,"%223 = shufflevector <8 x i16> %222, <8 x i16> poison, <4 x i32> <i32 0, i32 undef, i32 undef, i32 undef>, !dbg !6936",/home/jimi/PaperExperiment/CompilerOptimization/Result/libsndfile/seahorn/seahorn-O2-g/result/run_20260322_101107_fixed_fullmatrix/log/sea.smc.stats.typeoff.stderr.log
280,smc_typeoff,Target/libsndfile/src/GSM610/gsm610_priv.h,179,8,Possible read of undefined value at,"%302 = insertelement <4 x i16> poison, i16 %272, i64 0, !dbg !6998",/home/jimi/PaperExperiment/CompilerOptimization/Result/libsndfile/seahorn/seahorn-O2-g/result/run_20260322_101107_fixed_fullmatrix/log/sea.smc.stats.typeoff.stderr.log
281,smc_typeoff,Target/libsndfile/src/GSM610/gsm610_priv.h,179,8,Possible read of undefined value at,"%311 = insertelement <8 x i16> poison, i16 %296, i64 0, !dbg !6998",/home/jimi/PaperExperiment/CompilerOptimization/Result/libsndfile/seahorn/seahorn-O2-g/result/run_20260322_101107_fixed_fullmatrix/log/sea.smc.stats.typeoff.stderr.log
282,smc_typeoff,Target/libsndfile/src/GSM610/rpe.c,277,19,Possible read of undefined value at,"%333 = insertelement <4 x i16> poison, i16 %331, i64 0, !dbg !7013",/home/jimi/PaperExperiment/CompilerOptimization/Result/libsndfile/seahorn/seahorn-O2-g/result/run_20260322_101107_fixed_fullmatrix/log/sea.smc.stats.typeoff.stderr.log
283,smc_typeoff,Target/libsndfile/src/GSM610/rpe.c,277,19,Possible read of undefined value at,"%334 = shufflevector <4 x i16> %333, <4 x i16> poison, <4 x i32> zeroinitializer, !dbg !7013",/home/jimi/PaperExperiment/CompilerOptimization/Result/libsndfile/seahorn/seahorn-O2-g/result/run_20260322_101107_fixed_fullmatrix/log/sea.smc.stats.typeoff.stderr.log
284,smc_typeoff,Target/libsndfile/src/GSM610/short_term.c,234,2,Possible read of undefined value at,"%71 = insertelement <8 x float> poison, float %7, i64 7, !dbg !6803",/home/jimi/PaperExperiment/CompilerOptimization/Result/libsndfile/seahorn/seahorn-O2-g/result/run_20260322_101107_fixed_fullmatrix/log/sea.smc.stats.typeoff.stderr.log
285,smc_typeoff,Target/libsndfile/src/GSM610/short_term.c,234,2,Possible read of undefined value at,"%72 = insertelement <8 x float> poison, float %13, i64 7, !dbg !6803",/home/jimi/PaperExperiment/CompilerOptimization/Result/libsndfile/seahorn/seahorn-O2-g/result/run_20260322_101107_fixed_fullmatrix/log/sea.smc.stats.typeoff.stderr.log
286,smc_typeoff,Target/libsndfile/src/GSM610/short_term.c,234,2,Possible read of undefined value at,"%73 = insertelement <8 x float> poison, float %20, i64 7, !dbg !6803",/home/jimi/PaperExperiment/CompilerOptimization/Result/libsndfile/seahorn/seahorn-O2-g/result/run_20260322_101107_fixed_fullmatrix/log/sea.smc.stats.typeoff.stderr.log
287,smc_typeoff,Target/libsndfile/src/GSM610/short_term.c,234,2,Possible read of undefined value at,"%74 = insertelement <8 x float> poison, float %27, i64 7, !dbg !6803",/home/jimi/PaperExperiment/CompilerOptimization/Result/libsndfile/seahorn/seahorn-O2-g/result/run_20260322_101107_fixed_fullmatrix/log/sea.smc.stats.typeoff.stderr.log
288,smc_typeoff,Target/libsndfile/src/GSM610/short_term.c,234,2,Possible read of undefined value at,"%75 = insertelement <8 x float> poison, float %34, i64 7, !dbg !6803",/home/jimi/PaperExperiment/CompilerOptimization/Result/libsndfile/seahorn/seahorn-O2-g/result/run_20260322_101107_fixed_fullmatrix/log/sea.smc.stats.typeoff.stderr.log
289,smc_typeoff,Target/libsndfile/src/GSM610/short_term.c,234,2,Possible read of undefined value at,"%76 = insertelement <8 x float> poison, float %41, i64 7, !dbg !6803",/home/jimi/PaperExperiment/CompilerOptimization/Result/libsndfile/seahorn/seahorn-O2-g/result/run_20260322_101107_fixed_fullmatrix/log/sea.smc.stats.typeoff.stderr.log
290,smc_typeoff,Target/libsndfile/src/GSM610/short_term.c,234,2,Possible read of undefined value at,"%77 = insertelement <8 x float> poison, float %48, i64 7, !dbg !6803",/home/jimi/PaperExperiment/CompilerOptimization/Result/libsndfile/seahorn/seahorn-O2-g/result/run_20260322_101107_fixed_fullmatrix/log/sea.smc.stats.typeoff.stderr.log
291,smc_typeoff,Target/libsndfile/src/GSM610/short_term.c,234,2,Possible read of undefined value at,"%78 = insertelement <8 x float> poison, float %55, i64 7, !dbg !6803",/home/jimi/PaperExperiment/CompilerOptimization/Result/libsndfile/seahorn/seahorn-O2-g/result/run_20260322_101107_fixed_fullmatrix/log/sea.smc.stats.typeoff.stderr.log
292,smc_typeoff,Target/libsndfile/src/GSM610/short_term.c,234,2,Possible read of undefined value at,"%79 = insertelement <8 x float> poison, float %10, i64 0, !dbg !6803",/home/jimi/PaperExperiment/CompilerOptimization/Result/libsndfile/seahorn/seahorn-O2-g/result/run_20260322_101107_fixed_fullmatrix/log/sea.smc.stats.typeoff.stderr.log
293,smc_typeoff,Target/libsndfile/src/GSM610/short_term.c,234,2,Possible read of undefined value at,"%80 = shufflevector <8 x float> %79, <8 x float> poison, <8 x i32> zeroinitializer, !dbg !6803",/home/jimi/PaperExperiment/CompilerOptimization/Result/libsndfile/seahorn/seahorn-O2-g/result/run_20260322_101107_fixed_fullmatrix/log/sea.smc.stats.typeoff.stderr.log
294,smc_typeoff,Target/libsndfile/src/GSM610/short_term.c,234,2,Possible read of undefined value at,"%81 = insertelement <8 x float> poison, float %17, i64 0, !dbg !6803",/home/jimi/PaperExperiment/CompilerOptimization/Result/libsndfile/seahorn/seahorn-O2-g/result/run_20260322_101107_fixed_fullmatrix/log/sea.smc.stats.typeoff.stderr.log
295,smc_typeoff,Target/libsndfile/src/GSM610/short_term.c,234,2,Possible read of undefined value at,"%82 = shufflevector <8 x float> %81, <8 x float> poison, <8 x i32> zeroinitializer, !dbg !6803",/home/jimi/PaperExperiment/CompilerOptimization/Result/libsndfile/seahorn/seahorn-O2-g/result/run_20260322_101107_fixed_fullmatrix/log/sea.smc.stats.typeoff.stderr.log
296,smc_typeoff,Target/libsndfile/src/GSM610/short_term.c,234,2,Possible read of undefined value at,"%83 = insertelement <8 x float> poison, float %24, i64 0, !dbg !6803",/home/jimi/PaperExperiment/CompilerOptimization/Result/libsndfile/seahorn/seahorn-O2-g/result/run_20260322_101107_fixed_fullmatrix/log/sea.smc.stats.typeoff.stderr.log
297,smc_typeoff,Target/libsndfile/src/GSM610/short_term.c,234,2,Possible read of undefined value at,"%84 = shufflevector <8 x float> %83, <8 x float> poison, <8 x i32> zeroinitializer, !dbg !6803",/home/jimi/PaperExperiment/CompilerOptimization/Result/libsndfile/seahorn/seahorn-O2-g/result/run_20260322_101107_fixed_fullmatrix/log/sea.smc.stats.typeoff.stderr.log
298,smc_typeoff,Target/libsndfile/src/GSM610/short_term.c,234,2,Possible read of undefined value at,"%85 = insertelement <8 x float> poison, float %31, i64 0, !dbg !6803",/home/jimi/PaperExperiment/CompilerOptimization/Result/libsndfile/seahorn/seahorn-O2-g/result/run_20260322_101107_fixed_fullmatrix/log/sea.smc.stats.typeoff.stderr.log
299,smc_typeoff,Target/libsndfile/src/GSM610/short_term.c,234,2,Possible read of undefined value at,"%86 = shufflevector <8 x float> %85, <8 x float> poison, <8 x i32> zeroinitializer, !dbg !6803",/home/jimi/PaperExperiment/CompilerOptimization/Result/libsndfile/seahorn/seahorn-O2-g/result/run_20260322_101107_fixed_fullmatrix/log/sea.smc.stats.typeoff.stderr.log
300,smc_typeoff,Target/libsndfile/src/GSM610/short_term.c,234,2,Possible read of undefined value at,"%87 = insertelement <8 x float> poison, float %38, i64 0, !dbg !6803",/home/jimi/PaperExperiment/CompilerOptimization/Result/libsndfile/seahorn/seahorn-O2-g/result/run_20260322_101107_fixed_fullmatrix/log/sea.smc.stats.typeoff.stderr.log
301,smc_typeoff,Target/libsndfile/src/GSM610/short_term.c,234,2,Possible read of undefined value at,"%88 = shufflevector <8 x float> %87, <8 x float> poison, <8 x i32> zeroinitializer, !dbg !6803",/home/jimi/PaperExperiment/CompilerOptimization/Result/libsndfile/seahorn/seahorn-O2-g/result/run_20260322_101107_fixed_fullmatrix/log/sea.smc.stats.typeoff.stderr.log
302,smc_typeoff,Target/libsndfile/src/GSM610/short_term.c,234,2,Possible read of undefined value at,"%89 = insertelement <8 x float> poison, float %45, i64 0, !dbg !6803",/home/jimi/PaperExperiment/CompilerOptimization/Result/libsndfile/seahorn/seahorn-O2-g/result/run_20260322_101107_fixed_fullmatrix/log/sea.smc.stats.typeoff.stderr.log
303,smc_typeoff,Target/libsndfile/src/GSM610/short_term.c,234,2,Possible read of undefined value at,"%90 = shufflevector <8 x float> %89, <8 x float> poison, <8 x i32> zeroinitializer, !dbg !6803",/home/jimi/PaperExperiment/CompilerOptimization/Result/libsndfile/seahorn/seahorn-O2-g/result/run_20260322_101107_fixed_fullmatrix/log/sea.smc.stats.typeoff.stderr.log
304,smc_typeoff,Target/libsndfile/src/GSM610/short_term.c,234,2,Possible read of undefined value at,"%91 = insertelement <8 x float> poison, float %52, i64 0, !dbg !6803",/home/jimi/PaperExperiment/CompilerOptimization/Result/libsndfile/seahorn/seahorn-O2-g/result/run_20260322_101107_fixed_fullmatrix/log/sea.smc.stats.typeoff.stderr.log
305,smc_typeoff,Target/libsndfile/src/GSM610/short_term.c,234,2,Possible read of undefined value at,"%92 = shufflevector <8 x float> %91, <8 x float> poison, <8 x i32> zeroinitializer, !dbg !6803",/home/jimi/PaperExperiment/CompilerOptimization/Result/libsndfile/seahorn/seahorn-O2-g/result/run_20260322_101107_fixed_fullmatrix/log/sea.smc.stats.typeoff.stderr.log
306,smc_typeoff,Target/libsndfile/src/GSM610/short_term.c,234,2,Possible read of undefined value at,"%93 = insertelement <8 x float> poison, float %59, i64 0, !dbg !6803",/home/jimi/PaperExperiment/CompilerOptimization/Result/libsndfile/seahorn/seahorn-O2-g/result/run_20260322_101107_fixed_fullmatrix/log/sea.smc.stats.typeoff.stderr.log
307,smc_typeoff,Target/libsndfile/src/GSM610/short_term.c,234,2,Possible read of undefined value at,"%94 = shufflevector <8 x float> %93, <8 x float> poison, <8 x i32> zeroinitializer, !dbg !6803",/home/jimi/PaperExperiment/CompilerOptimization/Result/libsndfile/seahorn/seahorn-O2-g/result/run_20260322_101107_fixed_fullmatrix/log/sea.smc.stats.typeoff.stderr.log
308,smc_typeoff,Target/libsndfile/src/GSM610/short_term.c,0,0,Possible read of undefined value at,"%51 = insertelement <8 x float> poison, float %13, i64 0, !dbg !6786",/home/jimi/PaperExperiment/CompilerOptimization/Result/libsndfile/seahorn/seahorn-O2-g/result/run_20260322_101107_fixed_fullmatrix/log/sea.smc.stats.typeoff.stderr.log
309,smc_typeoff,Target/libsndfile/src/GSM610/short_term.c,0,0,Possible read of undefined value at,"%52 = shufflevector <2 x float> %25, <2 x float> poison, <8 x i32> <i32 0, i32 1, i32 undef, i32 undef, i32 undef, i32 undef, i32 undef, i32 undef>, !dbg !6786",/home/jimi/PaperExperiment/CompilerOptimization/Result/libsndfile/seahorn/seahorn-O2-g/result/run_20260322_101107_fixed_fullmatrix/log/sea.smc.stats.typeoff.stderr.log
310,smc_typeoff,Target/libsndfile/src/GSM610/short_term.c,0,0,Possible read of undefined value at,"%54 = shufflevector <4 x float> %45, <4 x float> poison, <8 x i32> <i32 0, i32 1, i32 2, i32 3, i32 undef, i32 undef, i32 undef, i32 undef>, !dbg !6786",/home/jimi/PaperExperiment/CompilerOptimization/Result/libsndfile/seahorn/seahorn-O2-g/result/run_20260322_101107_fixed_fullmatrix/log/sea.smc.stats.typeoff.stderr.log
311,smc_typeoff,Target/libsndfile/src/GSM610/short_term.c,0,0,Possible read of undefined value at,"%69 = insertelement <8 x float> poison, float %209, i64 0, !dbg !6786",/home/jimi/PaperExperiment/CompilerOptimization/Result/libsndfile/seahorn/seahorn-O2-g/result/run_20260322_101107_fixed_fullmatrix/log/sea.smc.stats.typeoff.stderr.log
312,smc_typeoff,Target/libsndfile/src/GSM610/short_term.c,0,0,Possible read of undefined value at,"%214 = insertelement <4 x float> poison, float %167, i64 0, !dbg !6786",/home/jimi/PaperExperiment/CompilerOptimization/Result/libsndfile/seahorn/seahorn-O2-g/result/run_20260322_101107_fixed_fullmatrix/log/sea.smc.stats.typeoff.stderr.log
313,smc_typeoff,Target/libsndfile/src/ALAC/dp_dec.c,346,4,Possible read of undefined value at,"%580 = insertelement <4 x i32> poison, i32 %577, i64 0, !dbg !7307",/home/jimi/PaperExperiment/CompilerOptimization/Result/libsndfile/seahorn/seahorn-O2-g/result/run_20260322_101107_fixed_fullmatrix/log/sea.smc.stats.typeoff.stderr.log
314,smc_typeoff,Target/libsndfile/src/ALAC/dp_dec.c,346,4,Possible read of undefined value at,"%581 = shufflevector <4 x i32> %580, <4 x i32> poison, <4 x i32> zeroinitializer, !dbg !7307",/home/jimi/PaperExperiment/CompilerOptimization/Result/libsndfile/seahorn/seahorn-O2-g/result/run_20260322_101107_fixed_fullmatrix/log/sea.smc.stats.typeoff.stderr.log
315,smc_typeoff,Target/libsndfile/src/ALAC/dp_dec.c,346,4,Possible read of undefined value at,"%582 = insertelement <4 x i32> poison, i32 %577, i64 0, !dbg !7307",/home/jimi/PaperExperiment/CompilerOptimization/Result/libsndfile/seahorn/seahorn-O2-g/result/run_20260322_101107_fixed_fullmatrix/log/sea.smc.stats.typeoff.stderr.log
316,smc_typeoff,Target/libsndfile/src/ALAC/dp_dec.c,346,4,Possible read of undefined value at,"%583 = shufflevector <4 x i32> %582, <4 x i32> poison, <4 x i32> zeroinitializer, !dbg !7307",/home/jimi/PaperExperiment/CompilerOptimization/Result/libsndfile/seahorn/seahorn-O2-g/result/run_20260322_101107_fixed_fullmatrix/log/sea.smc.stats.typeoff.stderr.log
317,smc_typeoff,Target/libsndfile/src/ALAC/dp_dec.c,347,26,Possible read of undefined value at,"%601 = shufflevector <4 x i32> %600, <4 x i32> poison, <4 x i32> <i32 3, i32 2, i32 1, i32 0>, !dbg !7312",/home/jimi/PaperExperiment/CompilerOptimization/Result/libsndfile/seahorn/seahorn-O2-g/result/run_20260322_101107_fixed_fullmatrix/log/sea.smc.stats.typeoff.stderr.log
318,smc_typeoff,Target/libsndfile/src/ALAC/dp_dec.c,347,26,Possible read of undefined value at,"%606 = shufflevector <4 x i32> %605, <4 x i32> poison, <4 x i32> <i32 3, i32 2, i32 1, i32 0>, !dbg !7312",/home/jimi/PaperExperiment/CompilerOptimization/Result/libsndfile/seahorn/seahorn-O2-g/result/run_20260322_101107_fixed_fullmatrix/log/sea.smc.stats.typeoff.stderr.log
319,smc_typeoff,Target/libsndfile/src/ALAC/dp_enc.c,99,3,Possible read of undefined value at,"%28 = insertelement <4 x i32> poison, i32 %8, i64 0, !dbg !6797",/home/jimi/PaperExperiment/CompilerOptimization/Result/libsndfile/seahorn/seahorn-O2-g/result/run_20260322_101107_fixed_fullmatrix/log/sea.smc.stats.typeoff.stderr.log
320,smc_typeoff,Target/libsndfile/src/ALAC/dp_enc.c,99,3,Possible read of undefined value at,"%29 = shufflevector <4 x i32> %28, <4 x i32> poison, <4 x i32> zeroinitializer, !dbg !6797",/home/jimi/PaperExperiment/CompilerOptimization/Result/libsndfile/seahorn/seahorn-O2-g/result/run_20260322_101107_fixed_fullmatrix/log/sea.smc.stats.typeoff.stderr.log
321,smc_typeoff,Target/libsndfile/src/ALAC/dp_enc.c,99,3,Possible read of undefined value at,"%30 = insertelement <4 x i32> poison, i32 %8, i64 0, !dbg !6797",/home/jimi/PaperExperiment/CompilerOptimization/Result/libsndfile/seahorn/seahorn-O2-g/result/run_20260322_101107_fixed_fullmatrix/log/sea.smc.stats.typeoff.stderr.log
322,smc_typeoff,Target/libsndfile/src/ALAC/dp_enc.c,99,3,Possible read of undefined value at,"%31 = shufflevector <4 x i32> %30, <4 x i32> poison, <4 x i32> zeroinitializer, !dbg !6797",/home/jimi/PaperExperiment/CompilerOptimization/Result/libsndfile/seahorn/seahorn-O2-g/result/run_20260322_101107_fixed_fullmatrix/log/sea.smc.stats.typeoff.stderr.log
323,smc_typeoff,Target/libsndfile/src/ALAC/dp_enc.c,107,2,Possible read of undefined value at,"%98 = insertelement <4 x i32> poison, i32 %8, i64 0, !dbg !6819",/home/jimi/PaperExperiment/CompilerOptimization/Result/libsndfile/seahorn/seahorn-O2-g/result/run_20260322_101107_fixed_fullmatrix/log/sea.smc.stats.typeoff.stderr.log
324,smc_typeoff,Target/libsndfile/src/ALAC/dp_enc.c,107,2,Possible read of undefined value at,"%99 = shufflevector <4 x i32> %98, <4 x i32> poison, <4 x i32> zeroinitializer, !dbg !6819",/home/jimi/PaperExperiment/CompilerOptimization/Result/libsndfile/seahorn/seahorn-O2-g/result/run_20260322_101107_fixed_fullmatrix/log/sea.smc.stats.typeoff.stderr.log
325,smc_typeoff,Target/libsndfile/src/ALAC/dp_enc.c,107,2,Possible read of undefined value at,"%100 = insertelement <4 x i32> poison, i32 %8, i64 0, !dbg !6819",/home/jimi/PaperExperiment/CompilerOptimization/Result/libsndfile/seahorn/seahorn-O2-g/result/run_20260322_101107_fixed_fullmatrix/log/sea.smc.stats.typeoff.stderr.log
326,smc_typeoff,Target/libsndfile/src/ALAC/dp_enc.c,107,2,Possible read of undefined value at,"%101 = shufflevector <4 x i32> %100, <4 x i32> poison, <4 x i32> zeroinitializer, !dbg !6819",/home/jimi/PaperExperiment/CompilerOptimization/Result/libsndfile/seahorn/seahorn-O2-g/result/run_20260322_101107_fixed_fullmatrix/log/sea.smc.stats.typeoff.stderr.log
327,smc_typeoff,Target/libsndfile/src/ALAC/dp_enc.c,352,4,Possible read of undefined value at,"%689 = insertelement <4 x i32> poison, i32 %684, i64 0, !dbg !7313",/home/jimi/PaperExperiment/CompilerOptimization/Result/libsndfile/seahorn/seahorn-O2-g/result/run_20260322_101107_fixed_fullmatrix/log/sea.smc.stats.typeoff.stderr.log
328,smc_typeoff,Target/libsndfile/src/ALAC/dp_enc.c,352,4,Possible read of undefined value at,"%690 = shufflevector <4 x i32> %689, <4 x i32> poison, <4 x i32> zeroinitializer, !dbg !7313",/home/jimi/PaperExperiment/CompilerOptimization/Result/libsndfile/seahorn/seahorn-O2-g/result/run_20260322_101107_fixed_fullmatrix/log/sea.smc.stats.typeoff.stderr.log
329,smc_typeoff,Target/libsndfile/src/ALAC/dp_enc.c,352,4,Possible read of undefined value at,"%691 = insertelement <4 x i32> poison, i32 %684, i64 0, !dbg !7313",/home/jimi/PaperExperiment/CompilerOptimization/Result/libsndfile/seahorn/seahorn-O2-g/result/run_20260322_101107_fixed_fullmatrix/log/sea.smc.stats.typeoff.stderr.log
330,smc_typeoff,Target/libsndfile/src/ALAC/dp_enc.c,352,4,Possible read of undefined value at,"%692 = shufflevector <4 x i32> %691, <4 x i32> poison, <4 x i32> zeroinitializer, !dbg !7313",/home/jimi/PaperExperiment/CompilerOptimization/Result/libsndfile/seahorn/seahorn-O2-g/result/run_20260322_101107_fixed_fullmatrix/log/sea.smc.stats.typeoff.stderr.log
331,smc_typeoff,Target/libsndfile/src/ALAC/dp_enc.c,353,32,Possible read of undefined value at,"%710 = shufflevector <4 x i32> %709, <4 x i32> poison, <4 x i32> <i32 3, i32 2, i32 1, i32 0>, !dbg !7318",/home/jimi/PaperExperiment/CompilerOptimization/Result/libsndfile/seahorn/seahorn-O2-g/result/run_20260322_101107_fixed_fullmatrix/log/sea.smc.stats.typeoff.stderr.log
332,smc_typeoff,Target/libsndfile/src/ALAC/dp_enc.c,353,32,Possible read of undefined value at,"%715 = shufflevector <4 x i32> %714, <4 x i32> poison, <4 x i32> <i32 3, i32 2, i32 1, i32 0>, !dbg !7318",/home/jimi/PaperExperiment/CompilerOptimization/Result/libsndfile/seahorn/seahorn-O2-g/result/run_20260322_101107_fixed_fullmatrix/log/sea.smc.stats.typeoff.stderr.log
333,smc_typeoff,Target/libsndfile/src/ALAC/alac_encoder.c,810,4,Possible read of undefined value at,"%57 = insertelement <4 x i32> poison, i32 %29, i64 0, !dbg !6855",/home/jimi/PaperExperiment/CompilerOptimization/Result/libsndfile/seahorn/seahorn-O2-g/result/run_20260322_101107_fixed_fullmatrix/log/sea.smc.stats.typeoff.stderr.log
334,smc_typeoff,Target/libsndfile/src/ALAC/alac_encoder.c,810,4,Possible read of undefined value at,"%58 = shufflevector <4 x i32> %57, <4 x i32> poison, <4 x i32> zeroinitializer, !dbg !6855",/home/jimi/PaperExperiment/CompilerOptimization/Result/libsndfile/seahorn/seahorn-O2-g/result/run_20260322_101107_fixed_fullmatrix/log/sea.smc.stats.typeoff.stderr.log
335,smc_typeoff,Target/libsndfile/src/ALAC/alac_encoder.c,810,4,Possible read of undefined value at,"%59 = insertelement <4 x i32> poison, i32 %29, i64 0, !dbg !6855",/home/jimi/PaperExperiment/CompilerOptimization/Result/libsndfile/seahorn/seahorn-O2-g/result/run_20260322_101107_fixed_fullmatrix/log/sea.smc.stats.typeoff.stderr.log
336,smc_typeoff,Target/libsndfile/src/ALAC/alac_encoder.c,810,4,Possible read of undefined value at,"%60 = shufflevector <4 x i32> %59, <4 x i32> poison, <4 x i32> zeroinitializer, !dbg !6855",/home/jimi/PaperExperiment/CompilerOptimization/Result/libsndfile/seahorn/seahorn-O2-g/result/run_20260322_101107_fixed_fullmatrix/log/sea.smc.stats.typeoff.stderr.log
337,smc_typeoff,Target/libsndfile/src/ALAC/alac_encoder.c,810,4,Possible read of undefined value at,"%61 = insertelement <4 x i32> poison, i32 %27, i64 0, !dbg !6855",/home/jimi/PaperExperiment/CompilerOptimization/Result/libsndfile/seahorn/seahorn-O2-g/result/run_20260322_101107_fixed_fullmatrix/log/sea.smc.stats.typeoff.stderr.log
338,smc_typeoff,Target/libsndfile/src/ALAC/alac_encoder.c,810,4,Possible read of undefined value at,"%62 = shufflevector <4 x i32> %61, <4 x i32> poison, <4 x i32> zeroinitializer, !dbg !6855",/home/jimi/PaperExperiment/CompilerOptimization/Result/libsndfile/seahorn/seahorn-O2-g/result/run_20260322_101107_fixed_fullmatrix/log/sea.smc.stats.typeoff.stderr.log
339,smc_typeoff,Target/libsndfile/src/ALAC/alac_encoder.c,810,4,Possible read of undefined value at,"%63 = insertelement <4 x i32> poison, i32 %27, i64 0, !dbg !6855",/home/jimi/PaperExperiment/CompilerOptimization/Result/libsndfile/seahorn/seahorn-O2-g/result/run_20260322_101107_fixed_fullmatrix/log/sea.smc.stats.typeoff.stderr.log
340,smc_typeoff,Target/libsndfile/src/ALAC/alac_encoder.c,810,4,Possible read of undefined value at,"%64 = shufflevector <4 x i32> %63, <4 x i32> poison, <4 x i32> zeroinitializer, !dbg !6855",/home/jimi/PaperExperiment/CompilerOptimization/Result/libsndfile/seahorn/seahorn-O2-g/result/run_20260322_101107_fixed_fullmatrix/log/sea.smc.stats.typeoff.stderr.log
341,smc_typeoff,Target/libsndfile/src/ALAC/alac_encoder.c,800,4,Possible read of undefined value at,"%136 = insertelement <4 x i32> poison, i32 %29, i64 0, !dbg !6879",/home/jimi/PaperExperiment/CompilerOptimization/Result/libsndfile/seahorn/seahorn-O2-g/result/run_20260322_101107_fixed_fullmatrix/log/sea.smc.stats.typeoff.stderr.log
342,smc_typeoff,Target/libsndfile/src/ALAC/alac_encoder.c,800,4,Possible read of undefined value at,"%137 = shufflevector <4 x i32> %136, <4 x i32> poison, <4 x i32> zeroinitializer, !dbg !6879",/home/jimi/PaperExperiment/CompilerOptimization/Result/libsndfile/seahorn/seahorn-O2-g/result/run_20260322_101107_fixed_fullmatrix/log/sea.smc.stats.typeoff.stderr.log
343,smc_typeoff,Target/libsndfile/src/ALAC/alac_encoder.c,800,4,Possible read of undefined value at,"%138 = insertelement <4 x i32> poison, i32 %29, i64 0, !dbg !6879",/home/jimi/PaperExperiment/CompilerOptimization/Result/libsndfile/seahorn/seahorn-O2-g/result/run_20260322_101107_fixed_fullmatrix/log/sea.smc.stats.typeoff.stderr.log
344,smc_typeoff,Target/libsndfile/src/ALAC/alac_encoder.c,800,4,Possible read of undefined value at,"%139 = shufflevector <4 x i32> %138, <4 x i32> poison, <4 x i32> zeroinitializer, !dbg !6879",/home/jimi/PaperExperiment/CompilerOptimization/Result/libsndfile/seahorn/seahorn-O2-g/result/run_20260322_101107_fixed_fullmatrix/log/sea.smc.stats.typeoff.stderr.log
345,smc_typeoff,Target/libsndfile/src/ALAC/alac_encoder.c,800,4,Possible read of undefined value at,"%140 = insertelement <4 x i32> poison, i32 %27, i64 0, !dbg !6879",/home/jimi/PaperExperiment/CompilerOptimization/Result/libsndfile/seahorn/seahorn-O2-g/result/run_20260322_101107_fixed_fullmatrix/log/sea.smc.stats.typeoff.stderr.log
346,smc_typeoff,Target/libsndfile/src/ALAC/alac_encoder.c,800,4,Possible read of undefined value at,"%141 = shufflevector <4 x i32> %140, <4 x i32> poison, <4 x i32> zeroinitializer, !dbg !6879",/home/jimi/PaperExperiment/CompilerOptimization/Result/libsndfile/seahorn/seahorn-O2-g/result/run_20260322_101107_fixed_fullmatrix/log/sea.smc.stats.typeoff.stderr.log
347,smc_typeoff,Target/libsndfile/src/ALAC/alac_encoder.c,800,4,Possible read of undefined value at,"%142 = insertelement <4 x i32> poison, i32 %27, i64 0, !dbg !6879",/home/jimi/PaperExperiment/CompilerOptimization/Result/libsndfile/seahorn/seahorn-O2-g/result/run_20260322_101107_fixed_fullmatrix/log/sea.smc.stats.typeoff.stderr.log
348,smc_typeoff,Target/libsndfile/src/ALAC/alac_encoder.c,800,4,Possible read of undefined value at,"%143 = shufflevector <4 x i32> %142, <4 x i32> poison, <4 x i32> zeroinitializer, !dbg !6879",/home/jimi/PaperExperiment/CompilerOptimization/Result/libsndfile/seahorn/seahorn-O2-g/result/run_20260322_101107_fixed_fullmatrix/log/sea.smc.stats.typeoff.stderr.log
349,smc_typeon,Target/libsndfile/src/common.c,1399,29,Possible read of undefined value at,"%20 = shufflevector <16 x i8> %19, <16 x i8> poison, <16 x i32> <i32 15, i32 14, i32 13, i32 12, i32 11, i32 10, i32 9, i32 8, i32 7, i32 6, i32 5, i32 4, i32 3, i32 2, i32 1, i32 0>, !dbg !6745",/home/jimi/PaperExperiment/CompilerOptimization/Result/libsndfile/seahorn/seahorn-O2-g/result/run_20260322_101107_fixed_fullmatrix/log/sea.smc.stats.typeon.stderr.log
350,smc_typeon,Target/libsndfile/src/common.c,1399,14,Possible read of undefined value at,"%25 = shufflevector <16 x i8> %24, <16 x i8> poison, <16 x i32> <i32 15, i32 14, i32 13, i32 12, i32 11, i32 10, i32 9, i32 8, i32 7, i32 6, i32 5, i32 4, i32 3, i32 2, i32 1, i32 0>, !dbg !6755",/home/jimi/PaperExperiment/CompilerOptimization/Result/libsndfile/seahorn/seahorn-O2-g/result/run_20260322_101107_fixed_fullmatrix/log/sea.smc.stats.typeon.stderr.log
351,smc_typeon,Target/libsndfile/src/common.c,1399,29,Possible read of undefined value at,"%50 = shufflevector <8 x i8> %49, <8 x i8> poison, <8 x i32> <i32 7, i32 6, i32 5, i32 4, i32 3, i32 2, i32 1, i32 0>, !dbg !6745",/home/jimi/PaperExperiment/CompilerOptimization/Result/libsndfile/seahorn/seahorn-O2-g/result/run_20260322_101107_fixed_fullmatrix/log/sea.smc.stats.typeon.stderr.log
352,smc_typeon,Target/libsndfile/src/common.c,1399,14,Possible read of undefined value at,"%55 = shufflevector <8 x i8> %54, <8 x i8> poison, <8 x i32> <i32 7, i32 6, i32 5, i32 4, i32 3, i32 2, i32 1, i32 0>, !dbg !6755",/home/jimi/PaperExperiment/CompilerOptimization/Result/libsndfile/seahorn/seahorn-O2-g/result/run_20260322_101107_fixed_fullmatrix/log/sea.smc.stats.typeon.stderr.log
353,smc_typeon,Target/libsndfile/src/common.h,967,26,Possible read of undefined value at,"%24 = insertelement <4 x float> poison, float %23, i64 0, !dbg !6765",/home/jimi/PaperExperiment/CompilerOptimization/Result/libsndfile/seahorn/seahorn-O2-g/result/run_20260322_101107_fixed_fullmatrix/log/sea.smc.stats.typeon.stderr.log
354,smc_typeon,Target/libsndfile/src/common.h,967,26,Possible read of undefined value at,"%38 = insertelement <4 x float> poison, float %37, i64 0, !dbg !6765",/home/jimi/PaperExperiment/CompilerOptimization/Result/libsndfile/seahorn/seahorn-O2-g/result/run_20260322_101107_fixed_fullmatrix/log/sea.smc.stats.typeon.stderr.log
355,smc_typeon,Target/libsndfile/src/common.h,967,26,Possible read of undefined value at,"%46 = insertelement <4 x float> poison, float %45, i64 0, !dbg !6765",/home/jimi/PaperExperiment/CompilerOptimization/Result/libsndfile/seahorn/seahorn-O2-g/result/run_20260322_101107_fixed_fullmatrix/log/sea.smc.stats.typeon.stderr.log
356,smc_typeon,Target/libsndfile/src/common.h,967,26,Possible read of undefined value at,"%54 = insertelement <4 x float> poison, float %53, i64 0, !dbg !6765",/home/jimi/PaperExperiment/CompilerOptimization/Result/libsndfile/seahorn/seahorn-O2-g/result/run_20260322_101107_fixed_fullmatrix/log/sea.smc.stats.typeon.stderr.log
357,smc_typeon,Target/libsndfile/src/common.h,967,26,Possible read of undefined value at,"%62 = insertelement <4 x float> poison, float %61, i64 0, !dbg !6765",/home/jimi/PaperExperiment/CompilerOptimization/Result/libsndfile/seahorn/seahorn-O2-g/result/run_20260322_101107_fixed_fullmatrix/log/sea.smc.stats.typeon.stderr.log
358,smc_typeon,Target/libsndfile/src/common.h,967,26,Possible read of undefined value at,"%25 = insertelement <4 x float> poison, float %20, i64 0, !dbg !6773",/home/jimi/PaperExperiment/CompilerOptimization/Result/libsndfile/seahorn/seahorn-O2-g/result/run_20260322_101107_fixed_fullmatrix/log/sea.smc.stats.typeon.stderr.log
359,smc_typeon,Target/libsndfile/src/common.h,967,26,Possible read of undefined value at,"%42 = insertelement <4 x float> poison, float %37, i64 0, !dbg !6773",/home/jimi/PaperExperiment/CompilerOptimization/Result/libsndfile/seahorn/seahorn-O2-g/result/run_20260322_101107_fixed_fullmatrix/log/sea.smc.stats.typeon.stderr.log
360,smc_typeon,Target/libsndfile/src/common.h,967,26,Possible read of undefined value at,"%56 = insertelement <4 x float> poison, float %51, i64 0, !dbg !6773",/home/jimi/PaperExperiment/CompilerOptimization/Result/libsndfile/seahorn/seahorn-O2-g/result/run_20260322_101107_fixed_fullmatrix/log/sea.smc.stats.typeon.stderr.log
361,smc_typeon,Target/libsndfile/src/common.h,976,26,Possible read of undefined value at,"%24 = insertelement <2 x double> poison, double %23, i64 0, !dbg !6765",/home/jimi/PaperExperiment/CompilerOptimization/Result/libsndfile/seahorn/seahorn-O2-g/result/run_20260322_101107_fixed_fullmatrix/log/sea.smc.stats.typeon.stderr.log
362,smc_typeon,Target/libsndfile/src/common.h,976,26,Possible read of undefined value at,"%38 = insertelement <2 x double> poison, double %37, i64 0, !dbg !6765",/home/jimi/PaperExperiment/CompilerOptimization/Result/libsndfile/seahorn/seahorn-O2-g/result/run_20260322_101107_fixed_fullmatrix/log/sea.smc.stats.typeon.stderr.log
363,smc_typeon,Target/libsndfile/src/common.h,976,26,Possible read of undefined value at,"%46 = insertelement <2 x double> poison, double %45, i64 0, !dbg !6765",/home/jimi/PaperExperiment/CompilerOptimization/Result/libsndfile/seahorn/seahorn-O2-g/result/run_20260322_101107_fixed_fullmatrix/log/sea.smc.stats.typeon.stderr.log
364,smc_typeon,Target/libsndfile/src/common.h,976,26,Possible read of undefined value at,"%54 = insertelement <2 x double> poison, double %53, i64 0, !dbg !6765",/home/jimi/PaperExperiment/CompilerOptimization/Result/libsndfile/seahorn/seahorn-O2-g/result/run_20260322_101107_fixed_fullmatrix/log/sea.smc.stats.typeon.stderr.log
365,smc_typeon,Target/libsndfile/src/common.h,976,26,Possible read of undefined value at,"%62 = insertelement <2 x double> poison, double %61, i64 0, !dbg !6765",/home/jimi/PaperExperiment/CompilerOptimization/Result/libsndfile/seahorn/seahorn-O2-g/result/run_20260322_101107_fixed_fullmatrix/log/sea.smc.stats.typeon.stderr.log
366,smc_typeon,Target/libsndfile/src/common.h,976,26,Possible read of undefined value at,"%25 = insertelement <2 x double> poison, double %20, i64 0, !dbg !6773",/home/jimi/PaperExperiment/CompilerOptimization/Result/libsndfile/seahorn/seahorn-O2-g/result/run_20260322_101107_fixed_fullmatrix/log/sea.smc.stats.typeon.stderr.log
367,smc_typeon,Target/libsndfile/src/common.h,976,26,Possible read of undefined value at,"%42 = insertelement <2 x double> poison, double %37, i64 0, !dbg !6773",/home/jimi/PaperExperiment/CompilerOptimization/Result/libsndfile/seahorn/seahorn-O2-g/result/run_20260322_101107_fixed_fullmatrix/log/sea.smc.stats.typeon.stderr.log
368,smc_typeon,Target/libsndfile/src/common.h,976,26,Possible read of undefined value at,"%56 = insertelement <2 x double> poison, double %51, i64 0, !dbg !6773",/home/jimi/PaperExperiment/CompilerOptimization/Result/libsndfile/seahorn/seahorn-O2-g/result/run_20260322_101107_fixed_fullmatrix/log/sea.smc.stats.typeon.stderr.log
369,smc_typeon,Target/libsndfile/src/common.h,967,26,Possible read of undefined value at,"%24 = insertelement <4 x float> poison, float %23, i64 0, !dbg !6765",/home/jimi/PaperExperiment/CompilerOptimization/Result/libsndfile/seahorn/seahorn-O2-g/result/run_20260322_101107_fixed_fullmatrix/log/sea.smc.stats.typeon.stderr.log
370,smc_typeon,Target/libsndfile/src/common.h,967,26,Possible read of undefined value at,"%37 = insertelement <4 x float> poison, float %36, i64 0, !dbg !6765",/home/jimi/PaperExperiment/CompilerOptimization/Result/libsndfile/seahorn/seahorn-O2-g/result/run_20260322_101107_fixed_fullmatrix/log/sea.smc.stats.typeon.stderr.log
371,smc_typeon,Target/libsndfile/src/common.h,967,26,Possible read of undefined value at,"%44 = insertelement <4 x float> poison, float %43, i64 0, !dbg !6765",/home/jimi/PaperExperiment/CompilerOptimization/Result/libsndfile/seahorn/seahorn-O2-g/result/run_20260322_101107_fixed_fullmatrix/log/sea.smc.stats.typeon.stderr.log
372,smc_typeon,Target/libsndfile/src/common.h,967,26,Possible read of undefined value at,"%51 = insertelement <4 x float> poison, float %50, i64 0, !dbg !6765",/home/jimi/PaperExperiment/CompilerOptimization/Result/libsndfile/seahorn/seahorn-O2-g/result/run_20260322_101107_fixed_fullmatrix/log/sea.smc.stats.typeon.stderr.log
373,smc_typeon,Target/libsndfile/src/common.h,967,26,Possible read of undefined value at,"%58 = insertelement <4 x float> poison, float %57, i64 0, !dbg !6765",/home/jimi/PaperExperiment/CompilerOptimization/Result/libsndfile/seahorn/seahorn-O2-g/result/run_20260322_101107_fixed_fullmatrix/log/sea.smc.stats.typeon.stderr.log
374,smc_typeon,Target/libsndfile/src/common.h,967,26,Possible read of undefined value at,"%26 = insertelement <4 x float> poison, float %20, i64 0, !dbg !6774",/home/jimi/PaperExperiment/CompilerOptimization/Result/libsndfile/seahorn/seahorn-O2-g/result/run_20260322_101107_fixed_fullmatrix/log/sea.smc.stats.typeon.stderr.log
375,smc_typeon,Target/libsndfile/src/common.h,967,26,Possible read of undefined value at,"%43 = insertelement <4 x float> poison, float %37, i64 0, !dbg !6774",/home/jimi/PaperExperiment/CompilerOptimization/Result/libsndfile/seahorn/seahorn-O2-g/result/run_20260322_101107_fixed_fullmatrix/log/sea.smc.stats.typeon.stderr.log
376,smc_typeon,Target/libsndfile/src/common.h,967,26,Possible read of undefined value at,"%57 = insertelement <4 x float> poison, float %51, i64 0, !dbg !6774",/home/jimi/PaperExperiment/CompilerOptimization/Result/libsndfile/seahorn/seahorn-O2-g/result/run_20260322_101107_fixed_fullmatrix/log/sea.smc.stats.typeon.stderr.log
377,smc_typeon,Target/libsndfile/src/common.h,976,26,Possible read of undefined value at,"%24 = insertelement <2 x double> poison, double %23, i64 0, !dbg !6765",/home/jimi/PaperExperiment/CompilerOptimization/Result/libsndfile/seahorn/seahorn-O2-g/result/run_20260322_101107_fixed_fullmatrix/log/sea.smc.stats.typeon.stderr.log
378,smc_typeon,Target/libsndfile/src/common.h,976,26,Possible read of undefined value at,"%37 = insertelement <2 x double> poison, double %36, i64 0, !dbg !6765",/home/jimi/PaperExperiment/CompilerOptimization/Result/libsndfile/seahorn/seahorn-O2-g/result/run_20260322_101107_fixed_fullmatrix/log/sea.smc.stats.typeon.stderr.log
379,smc_typeon,Target/libsndfile/src/common.h,976,26,Possible read of undefined value at,"%44 = insertelement <2 x double> poison, double %43, i64 0, !dbg !6765",/home/jimi/PaperExperiment/CompilerOptimization/Result/libsndfile/seahorn/seahorn-O2-g/result/run_20260322_101107_fixed_fullmatrix/log/sea.smc.stats.typeon.stderr.log
380,smc_typeon,Target/libsndfile/src/common.h,976,26,Possible read of undefined value at,"%51 = insertelement <2 x double> poison, double %50, i64 0, !dbg !6765",/home/jimi/PaperExperiment/CompilerOptimization/Result/libsndfile/seahorn/seahorn-O2-g/result/run_20260322_101107_fixed_fullmatrix/log/sea.smc.stats.typeon.stderr.log
381,smc_typeon,Target/libsndfile/src/common.h,976,26,Possible read of undefined value at,"%58 = insertelement <2 x double> poison, double %57, i64 0, !dbg !6765",/home/jimi/PaperExperiment/CompilerOptimization/Result/libsndfile/seahorn/seahorn-O2-g/result/run_20260322_101107_fixed_fullmatrix/log/sea.smc.stats.typeon.stderr.log
382,smc_typeon,Target/libsndfile/src/common.h,976,26,Possible read of undefined value at,"%25 = insertelement <2 x double> poison, double %20, i64 0, !dbg !6773",/home/jimi/PaperExperiment/CompilerOptimization/Result/libsndfile/seahorn/seahorn-O2-g/result/run_20260322_101107_fixed_fullmatrix/log/sea.smc.stats.typeon.stderr.log
383,smc_typeon,Target/libsndfile/src/common.h,976,26,Possible read of undefined value at,"%41 = insertelement <2 x double> poison, double %36, i64 0, !dbg !6773",/home/jimi/PaperExperiment/CompilerOptimization/Result/libsndfile/seahorn/seahorn-O2-g/result/run_20260322_101107_fixed_fullmatrix/log/sea.smc.stats.typeon.stderr.log
384,smc_typeon,Target/libsndfile/src/common.h,976,26,Possible read of undefined value at,"%54 = insertelement <2 x double> poison, double %49, i64 0, !dbg !6773",/home/jimi/PaperExperiment/CompilerOptimization/Result/libsndfile/seahorn/seahorn-O2-g/result/run_20260322_101107_fixed_fullmatrix/log/sea.smc.stats.typeon.stderr.log
385,smc_typeon,Target/libsndfile/src/command.c,409,39,Possible read of undefined value at,"%38 = insertelement <2 x double> poison, double %36, i64 0, !dbg !6772",/home/jimi/PaperExperiment/CompilerOptimization/Result/libsndfile/seahorn/seahorn-O2-g/result/run_20260322_101107_fixed_fullmatrix/log/sea.smc.stats.typeon.stderr.log
386,smc_typeon,Target/libsndfile/src/command.c,409,39,Possible read of undefined value at,"%42 = insertelement <2 x double> poison, double %40, i64 0, !dbg !6772",/home/jimi/PaperExperiment/CompilerOptimization/Result/libsndfile/seahorn/seahorn-O2-g/result/run_20260322_101107_fixed_fullmatrix/log/sea.smc.stats.typeon.stderr.log
387,smc_typeon,Target/libsndfile/src/pcm.c,307,33,Possible read of undefined value at,"%55 = insertelement <8 x i8> poison, i8 %47, i64 0, !dbg !7151",/home/jimi/PaperExperiment/CompilerOptimization/Result/libsndfile/seahorn/seahorn-O2-g/result/run_20260322_101107_fixed_fullmatrix/log/sea.smc.stats.typeon.stderr.log
388,smc_typeon,Target/libsndfile/src/pcm.c,307,33,Possible read of undefined value at,"%81 = insertelement <8 x i8> poison, i8 %73, i64 0, !dbg !7151",/home/jimi/PaperExperiment/CompilerOptimization/Result/libsndfile/seahorn/seahorn-O2-g/result/run_20260322_101107_fixed_fullmatrix/log/sea.smc.stats.typeon.stderr.log
389,smc_typeon,Target/libsndfile/src/pcm.c,301,33,Possible read of undefined value at,"%55 = insertelement <8 x i8> poison, i8 %47, i64 0, !dbg !7151",/home/jimi/PaperExperiment/CompilerOptimization/Result/libsndfile/seahorn/seahorn-O2-g/result/run_20260322_101107_fixed_fullmatrix/log/sea.smc.stats.typeon.stderr.log
390,smc_typeon,Target/libsndfile/src/pcm.c,301,33,Possible read of undefined value at,"%80 = insertelement <8 x i8> poison, i8 %72, i64 0, !dbg !7151",/home/jimi/PaperExperiment/CompilerOptimization/Result/libsndfile/seahorn/seahorn-O2-g/result/run_20260322_101107_fixed_fullmatrix/log/sea.smc.stats.typeon.stderr.log
391,smc_typeon,Target/libsndfile/src/pcm.c,431,32,Possible read of undefined value at,"%47 = insertelement <4 x i8> poison, i8 %43, i64 0, !dbg !7175",/home/jimi/PaperExperiment/CompilerOptimization/Result/libsndfile/seahorn/seahorn-O2-g/result/run_20260322_101107_fixed_fullmatrix/log/sea.smc.stats.typeon.stderr.log
392,smc_typeon,Target/libsndfile/src/pcm.c,431,32,Possible read of undefined value at,"%61 = insertelement <4 x i8> poison, i8 %57, i64 0, !dbg !7175",/home/jimi/PaperExperiment/CompilerOptimization/Result/libsndfile/seahorn/seahorn-O2-g/result/run_20260322_101107_fixed_fullmatrix/log/sea.smc.stats.typeon.stderr.log
393,smc_typeon,Target/libsndfile/src/pcm.c,431,32,Possible read of undefined value at,"%76 = insertelement <4 x i8> poison, i8 %72, i64 0, !dbg !7175",/home/jimi/PaperExperiment/CompilerOptimization/Result/libsndfile/seahorn/seahorn-O2-g/result/run_20260322_101107_fixed_fullmatrix/log/sea.smc.stats.typeon.stderr.log
394,smc_typeon,Target/libsndfile/src/pcm.c,421,32,Possible read of undefined value at,"%51 = insertelement <4 x i8> poison, i8 %47, i64 0, !dbg !7175",/home/jimi/PaperExperiment/CompilerOptimization/Result/libsndfile/seahorn/seahorn-O2-g/result/run_20260322_101107_fixed_fullmatrix/log/sea.smc.stats.typeon.stderr.log
395,smc_typeon,Target/libsndfile/src/pcm.c,421,32,Possible read of undefined value at,"%65 = insertelement <4 x i8> poison, i8 %61, i64 0, !dbg !7175",/home/jimi/PaperExperiment/CompilerOptimization/Result/libsndfile/seahorn/seahorn-O2-g/result/run_20260322_101107_fixed_fullmatrix/log/sea.smc.stats.typeon.stderr.log
396,smc_typeon,Target/libsndfile/src/pcm.c,421,32,Possible read of undefined value at,"%76 = insertelement <4 x i8> poison, i8 %72, i64 0, !dbg !7175",/home/jimi/PaperExperiment/CompilerOptimization/Result/libsndfile/seahorn/seahorn-O2-g/result/run_20260322_101107_fixed_fullmatrix/log/sea.smc.stats.typeon.stderr.log
397,smc_typeon,Target/libsndfile/src/common.h,976,26,Possible read of undefined value at,"%24 = insertelement <2 x double> poison, double %23, i64 0, !dbg !6767",/home/jimi/PaperExperiment/CompilerOptimization/Result/libsndfile/seahorn/seahorn-O2-g/result/run_20260322_101107_fixed_fullmatrix/log/sea.smc.stats.typeon.stderr.log
398,smc_typeon,Target/libsndfile/src/common.h,976,26,Possible read of undefined value at,"%38 = insertelement <2 x double> poison, double %37, i64 0, !dbg !6767",/home/jimi/PaperExperiment/CompilerOptimization/Result/libsndfile/seahorn/seahorn-O2-g/result/run_20260322_101107_fixed_fullmatrix/log/sea.smc.stats.typeon.stderr.log
399,smc_typeon,Target/libsndfile/src/common.h,976,26,Possible read of undefined value at,"%46 = insertelement <2 x double> poison, double %45, i64 0, !dbg !6767",/home/jimi/PaperExperiment/CompilerOptimization/Result/libsndfile/seahorn/seahorn-O2-g/result/run_20260322_101107_fixed_fullmatrix/log/sea.smc.stats.typeon.stderr.log
400,smc_typeon,Target/libsndfile/src/common.h,976,26,Possible read of undefined value at,"%54 = insertelement <2 x double> poison, double %53, i64 0, !dbg !6767",/home/jimi/PaperExperiment/CompilerOptimization/Result/libsndfile/seahorn/seahorn-O2-g/result/run_20260322_101107_fixed_fullmatrix/log/sea.smc.stats.typeon.stderr.log
401,smc_typeon,Target/libsndfile/src/common.h,976,26,Possible read of undefined value at,"%62 = insertelement <2 x double> poison, double %61, i64 0, !dbg !6767",/home/jimi/PaperExperiment/CompilerOptimization/Result/libsndfile/seahorn/seahorn-O2-g/result/run_20260322_101107_fixed_fullmatrix/log/sea.smc.stats.typeon.stderr.log
402,smc_typeon,Target/libsndfile/src/common.h,967,26,Possible read of undefined value at,"%26 = insertelement <4 x float> poison, float %25, i64 0, !dbg !6775",/home/jimi/PaperExperiment/CompilerOptimization/Result/libsndfile/seahorn/seahorn-O2-g/result/run_20260322_101107_fixed_fullmatrix/log/sea.smc.stats.typeon.stderr.log
403,smc_typeon,Target/libsndfile/src/common.h,967,26,Possible read of undefined value at,"%44 = insertelement <4 x float> poison, float %43, i64 0, !dbg !6775",/home/jimi/PaperExperiment/CompilerOptimization/Result/libsndfile/seahorn/seahorn-O2-g/result/run_20260322_101107_fixed_fullmatrix/log/sea.smc.stats.typeon.stderr.log
404,smc_typeon,Target/libsndfile/src/common.h,967,26,Possible read of undefined value at,"%59 = insertelement <4 x float> poison, float %58, i64 0, !dbg !6775",/home/jimi/PaperExperiment/CompilerOptimization/Result/libsndfile/seahorn/seahorn-O2-g/result/run_20260322_101107_fixed_fullmatrix/log/sea.smc.stats.typeon.stderr.log
405,smc_typeon,Target/libsndfile/src/common.h,976,26,Possible read of undefined value at,"%23 = insertelement <2 x double> poison, double %22, i64 0, !dbg !6770",/home/jimi/PaperExperiment/CompilerOptimization/Result/libsndfile/seahorn/seahorn-O2-g/result/run_20260322_101107_fixed_fullmatrix/log/sea.smc.stats.typeon.stderr.log
406,smc_typeon,Target/libsndfile/src/common.h,976,26,Possible read of undefined value at,"%44 = insertelement <2 x double> poison, double %43, i64 0, !dbg !6770",/home/jimi/PaperExperiment/CompilerOptimization/Result/libsndfile/seahorn/seahorn-O2-g/result/run_20260322_101107_fixed_fullmatrix/log/sea.smc.stats.typeon.stderr.log
407,smc_typeon,Target/libsndfile/src/common.h,976,26,Possible read of undefined value at,"%62 = insertelement <2 x double> poison, double %61, i64 0, !dbg !6770",/home/jimi/PaperExperiment/CompilerOptimization/Result/libsndfile/seahorn/seahorn-O2-g/result/run_20260322_101107_fixed_fullmatrix/log/sea.smc.stats.typeon.stderr.log
408,smc_typeon,Target/libsndfile/src/common.h,976,26,Possible read of undefined value at,"%28 = insertelement <2 x double> poison, double %17, i64 0, !dbg !6793",/home/jimi/PaperExperiment/CompilerOptimization/Result/libsndfile/seahorn/seahorn-O2-g/result/run_20260322_101107_fixed_fullmatrix/log/sea.smc.stats.typeon.stderr.log
409,smc_typeon,Target/libsndfile/src/common.h,976,26,Possible read of undefined value at,"%16 = insertelement <2 x double> poison, double %15, i64 0, !dbg !6768",/home/jimi/PaperExperiment/CompilerOptimization/Result/libsndfile/seahorn/seahorn-O2-g/result/run_20260322_101107_fixed_fullmatrix/log/sea.smc.stats.typeon.stderr.log
410,smc_typeon,Target/libsndfile/src/common.h,976,26,Possible read of undefined value at,"%26 = insertelement <2 x double> poison, double %15, i64 0, !dbg !6788",/home/jimi/PaperExperiment/CompilerOptimization/Result/libsndfile/seahorn/seahorn-O2-g/result/run_20260322_101107_fixed_fullmatrix/log/sea.smc.stats.typeon.stderr.log
411,smc_typeon,Target/libsndfile/src/common.h,976,26,Possible read of undefined value at,"%23 = insertelement <2 x double> poison, double %22, i64 0, !dbg !6770",/home/jimi/PaperExperiment/CompilerOptimization/Result/libsndfile/seahorn/seahorn-O2-g/result/run_20260322_101107_fixed_fullmatrix/log/sea.smc.stats.typeon.stderr.log
412,smc_typeon,Target/libsndfile/src/common.h,976,26,Possible read of undefined value at,"%38 = insertelement <2 x double> poison, double %37, i64 0, !dbg !6770",/home/jimi/PaperExperiment/CompilerOptimization/Result/libsndfile/seahorn/seahorn-O2-g/result/run_20260322_101107_fixed_fullmatrix/log/sea.smc.stats.typeon.stderr.log
413,smc_typeon,Target/libsndfile/src/common.h,976,26,Possible read of undefined value at,"%50 = insertelement <2 x double> poison, double %49, i64 0, !dbg !6770",/home/jimi/PaperExperiment/CompilerOptimization/Result/libsndfile/seahorn/seahorn-O2-g/result/run_20260322_101107_fixed_fullmatrix/log/sea.smc.stats.typeon.stderr.log
414,smc_typeon,Target/libsndfile/src/common.h,976,26,Possible read of undefined value at,"%24 = insertelement <2 x double> poison, double %17, i64 0, !dbg !6785",/home/jimi/PaperExperiment/CompilerOptimization/Result/libsndfile/seahorn/seahorn-O2-g/result/run_20260322_101107_fixed_fullmatrix/log/sea.smc.stats.typeon.stderr.log
415,smc_typeon,Target/libsndfile/src/common.h,976,26,Possible read of undefined value at,"%23 = insertelement <2 x double> poison, double %22, i64 0, !dbg !6770",/home/jimi/PaperExperiment/CompilerOptimization/Result/libsndfile/seahorn/seahorn-O2-g/result/run_20260322_101107_fixed_fullmatrix/log/sea.smc.stats.typeon.stderr.log
416,smc_typeon,Target/libsndfile/src/common.h,976,26,Possible read of undefined value at,"%44 = insertelement <2 x double> poison, double %43, i64 0, !dbg !6770",/home/jimi/PaperExperiment/CompilerOptimization/Result/libsndfile/seahorn/seahorn-O2-g/result/run_20260322_101107_fixed_fullmatrix/log/sea.smc.stats.typeon.stderr.log
417,smc_typeon,Target/libsndfile/src/common.h,976,26,Possible read of undefined value at,"%62 = insertelement <2 x double> poison, double %61, i64 0, !dbg !6770",/home/jimi/PaperExperiment/CompilerOptimization/Result/libsndfile/seahorn/seahorn-O2-g/result/run_20260322_101107_fixed_fullmatrix/log/sea.smc.stats.typeon.stderr.log
418,smc_typeon,Target/libsndfile/src/common.h,976,26,Possible read of undefined value at,"%30 = insertelement <2 x double> poison, double %17, i64 0, !dbg !6797",/home/jimi/PaperExperiment/CompilerOptimization/Result/libsndfile/seahorn/seahorn-O2-g/result/run_20260322_101107_fixed_fullmatrix/log/sea.smc.stats.typeon.stderr.log
419,smc_typeon,Target/libsndfile/src/common.h,976,26,Possible read of undefined value at,"%16 = insertelement <2 x double> poison, double %15, i64 0, !dbg !6768",/home/jimi/PaperExperiment/CompilerOptimization/Result/libsndfile/seahorn/seahorn-O2-g/result/run_20260322_101107_fixed_fullmatrix/log/sea.smc.stats.typeon.stderr.log
420,smc_typeon,Target/libsndfile/src/common.h,976,26,Possible read of undefined value at,"%26 = insertelement <2 x double> poison, double %15, i64 0, !dbg !6788",/home/jimi/PaperExperiment/CompilerOptimization/Result/libsndfile/seahorn/seahorn-O2-g/result/run_20260322_101107_fixed_fullmatrix/log/sea.smc.stats.typeon.stderr.log
421,smc_typeon,Target/libsndfile/src/common.h,976,26,Possible read of undefined value at,"%23 = insertelement <2 x double> poison, double %22, i64 0, !dbg !6770",/home/jimi/PaperExperiment/CompilerOptimization/Result/libsndfile/seahorn/seahorn-O2-g/result/run_20260322_101107_fixed_fullmatrix/log/sea.smc.stats.typeon.stderr.log
422,smc_typeon,Target/libsndfile/src/common.h,976,26,Possible read of undefined value at,"%38 = insertelement <2 x double> poison, double %37, i64 0, !dbg !6770",/home/jimi/PaperExperiment/CompilerOptimization/Result/libsndfile/seahorn/seahorn-O2-g/result/run_20260322_101107_fixed_fullmatrix/log/sea.smc.stats.typeon.stderr.log
423,smc_typeon,Target/libsndfile/src/common.h,976,26,Possible read of undefined value at,"%50 = insertelement <2 x double> poison, double %49, i64 0, !dbg !6770",/home/jimi/PaperExperiment/CompilerOptimization/Result/libsndfile/seahorn/seahorn-O2-g/result/run_20260322_101107_fixed_fullmatrix/log/sea.smc.stats.typeon.stderr.log
424,smc_typeon,Target/libsndfile/src/common.h,976,26,Possible read of undefined value at,"%26 = insertelement <2 x double> poison, double %17, i64 0, !dbg !6787",/home/jimi/PaperExperiment/CompilerOptimization/Result/libsndfile/seahorn/seahorn-O2-g/result/run_20260322_101107_fixed_fullmatrix/log/sea.smc.stats.typeon.stderr.log
425,smc_typeon,Target/libsndfile/src/common.h,976,26,Possible read of undefined value at,"%21 = insertelement <2 x double> poison, double %20, i64 0, !dbg !6766",/home/jimi/PaperExperiment/CompilerOptimization/Result/libsndfile/seahorn/seahorn-O2-g/result/run_20260322_101107_fixed_fullmatrix/log/sea.smc.stats.typeon.stderr.log
426,smc_typeon,Target/libsndfile/src/common.h,976,26,Possible read of undefined value at,"%33 = insertelement <2 x double> poison, double %32, i64 0, !dbg !6766",/home/jimi/PaperExperiment/CompilerOptimization/Result/libsndfile/seahorn/seahorn-O2-g/result/run_20260322_101107_fixed_fullmatrix/log/sea.smc.stats.typeon.stderr.log
427,smc_typeon,Target/libsndfile/src/common.h,976,26,Possible read of undefined value at,"%42 = insertelement <2 x double> poison, double %41, i64 0, !dbg !6766",/home/jimi/PaperExperiment/CompilerOptimization/Result/libsndfile/seahorn/seahorn-O2-g/result/run_20260322_101107_fixed_fullmatrix/log/sea.smc.stats.typeon.stderr.log
428,smc_typeon,Target/libsndfile/src/common.h,976,26,Possible read of undefined value at,"%25 = insertelement <2 x double> poison, double %20, i64 0, !dbg !6773",/home/jimi/PaperExperiment/CompilerOptimization/Result/libsndfile/seahorn/seahorn-O2-g/result/run_20260322_101107_fixed_fullmatrix/log/sea.smc.stats.typeon.stderr.log
429,smc_typeon,Target/libsndfile/src/common.h,976,26,Possible read of undefined value at,"%43 = insertelement <2 x double> poison, double %38, i64 0, !dbg !6773",/home/jimi/PaperExperiment/CompilerOptimization/Result/libsndfile/seahorn/seahorn-O2-g/result/run_20260322_101107_fixed_fullmatrix/log/sea.smc.stats.typeon.stderr.log
430,smc_typeon,Target/libsndfile/src/common.h,976,26,Possible read of undefined value at,"%58 = insertelement <2 x double> poison, double %53, i64 0, !dbg !6773",/home/jimi/PaperExperiment/CompilerOptimization/Result/libsndfile/seahorn/seahorn-O2-g/result/run_20260322_101107_fixed_fullmatrix/log/sea.smc.stats.typeon.stderr.log
431,smc_typeon,Target/libsndfile/src/common.h,967,26,Possible read of undefined value at,"%24 = insertelement <4 x float> poison, float %23, i64 0, !dbg !6767",/home/jimi/PaperExperiment/CompilerOptimization/Result/libsndfile/seahorn/seahorn-O2-g/result/run_20260322_101107_fixed_fullmatrix/log/sea.smc.stats.typeon.stderr.log
432,smc_typeon,Target/libsndfile/src/common.h,967,26,Possible read of undefined value at,"%38 = insertelement <4 x float> poison, float %37, i64 0, !dbg !6767",/home/jimi/PaperExperiment/CompilerOptimization/Result/libsndfile/seahorn/seahorn-O2-g/result/run_20260322_101107_fixed_fullmatrix/log/sea.smc.stats.typeon.stderr.log
433,smc_typeon,Target/libsndfile/src/common.h,967,26,Possible read of undefined value at,"%46 = insertelement <4 x float> poison, float %45, i64 0, !dbg !6767",/home/jimi/PaperExperiment/CompilerOptimization/Result/libsndfile/seahorn/seahorn-O2-g/result/run_20260322_101107_fixed_fullmatrix/log/sea.smc.stats.typeon.stderr.log
434,smc_typeon,Target/libsndfile/src/common.h,967,26,Possible read of undefined value at,"%54 = insertelement <4 x float> poison, float %53, i64 0, !dbg !6767",/home/jimi/PaperExperiment/CompilerOptimization/Result/libsndfile/seahorn/seahorn-O2-g/result/run_20260322_101107_fixed_fullmatrix/log/sea.smc.stats.typeon.stderr.log
435,smc_typeon,Target/libsndfile/src/common.h,967,26,Possible read of undefined value at,"%62 = insertelement <4 x float> poison, float %61, i64 0, !dbg !6767",/home/jimi/PaperExperiment/CompilerOptimization/Result/libsndfile/seahorn/seahorn-O2-g/result/run_20260322_101107_fixed_fullmatrix/log/sea.smc.stats.typeon.stderr.log
436,smc_typeon,Target/libsndfile/src/common.h,967,26,Possible read of undefined value at,"%25 = insertelement <4 x float> poison, float %20, i64 0, !dbg !6774",/home/jimi/PaperExperiment/CompilerOptimization/Result/libsndfile/seahorn/seahorn-O2-g/result/run_20260322_101107_fixed_fullmatrix/log/sea.smc.stats.typeon.stderr.log
437,smc_typeon,Target/libsndfile/src/common.h,967,26,Possible read of undefined value at,"%42 = insertelement <4 x float> poison, float %37, i64 0, !dbg !6774",/home/jimi/PaperExperiment/CompilerOptimization/Result/libsndfile/seahorn/seahorn-O2-g/result/run_20260322_101107_fixed_fullmatrix/log/sea.smc.stats.typeon.stderr.log
438,smc_typeon,Target/libsndfile/src/common.h,967,26,Possible read of undefined value at,"%56 = insertelement <4 x float> poison, float %51, i64 0, !dbg !6774",/home/jimi/PaperExperiment/CompilerOptimization/Result/libsndfile/seahorn/seahorn-O2-g/result/run_20260322_101107_fixed_fullmatrix/log/sea.smc.stats.typeon.stderr.log
439,smc_typeon,Target/libsndfile/src/common.h,967,26,Possible read of undefined value at,"%23 = insertelement <4 x float> poison, float %22, i64 0, !dbg !6770",/home/jimi/PaperExperiment/CompilerOptimization/Result/libsndfile/seahorn/seahorn-O2-g/result/run_20260322_101107_fixed_fullmatrix/log/sea.smc.stats.typeon.stderr.log
440,smc_typeon,Target/libsndfile/src/common.h,967,26,Possible read of undefined value at,"%44 = insertelement <4 x float> poison, float %43, i64 0, !dbg !6770",/home/jimi/PaperExperiment/CompilerOptimization/Result/libsndfile/seahorn/seahorn-O2-g/result/run_20260322_101107_fixed_fullmatrix/log/sea.smc.stats.typeon.stderr.log
441,smc_typeon,Target/libsndfile/src/common.h,967,26,Possible read of undefined value at,"%62 = insertelement <4 x float> poison, float %61, i64 0, !dbg !6770",/home/jimi/PaperExperiment/CompilerOptimization/Result/libsndfile/seahorn/seahorn-O2-g/result/run_20260322_101107_fixed_fullmatrix/log/sea.smc.stats.typeon.stderr.log
442,smc_typeon,Target/libsndfile/src/common.h,967,26,Possible read of undefined value at,"%29 = insertelement <4 x float> poison, float %17, i64 0, !dbg !6794",/home/jimi/PaperExperiment/CompilerOptimization/Result/libsndfile/seahorn/seahorn-O2-g/result/run_20260322_101107_fixed_fullmatrix/log/sea.smc.stats.typeon.stderr.log
443,smc_typeon,Target/libsndfile/src/common.h,967,26,Possible read of undefined value at,"%16 = insertelement <4 x float> poison, float %15, i64 0, !dbg !6768",/home/jimi/PaperExperiment/CompilerOptimization/Result/libsndfile/seahorn/seahorn-O2-g/result/run_20260322_101107_fixed_fullmatrix/log/sea.smc.stats.typeon.stderr.log
444,smc_typeon,Target/libsndfile/src/common.h,967,26,Possible read of undefined value at,"%26 = insertelement <4 x float> poison, float %15, i64 0, !dbg !6788",/home/jimi/PaperExperiment/CompilerOptimization/Result/libsndfile/seahorn/seahorn-O2-g/result/run_20260322_101107_fixed_fullmatrix/log/sea.smc.stats.typeon.stderr.log
445,smc_typeon,Target/libsndfile/src/common.h,967,26,Possible read of undefined value at,"%23 = insertelement <4 x float> poison, float %22, i64 0, !dbg !6770",/home/jimi/PaperExperiment/CompilerOptimization/Result/libsndfile/seahorn/seahorn-O2-g/result/run_20260322_101107_fixed_fullmatrix/log/sea.smc.stats.typeon.stderr.log
446,smc_typeon,Target/libsndfile/src/common.h,967,26,Possible read of undefined value at,"%38 = insertelement <4 x float> poison, float %37, i64 0, !dbg !6770",/home/jimi/PaperExperiment/CompilerOptimization/Result/libsndfile/seahorn/seahorn-O2-g/result/run_20260322_101107_fixed_fullmatrix/log/sea.smc.stats.typeon.stderr.log
447,smc_typeon,Target/libsndfile/src/common.h,967,26,Possible read of undefined value at,"%50 = insertelement <4 x float> poison, float %49, i64 0, !dbg !6770",/home/jimi/PaperExperiment/CompilerOptimization/Result/libsndfile/seahorn/seahorn-O2-g/result/run_20260322_101107_fixed_fullmatrix/log/sea.smc.stats.typeon.stderr.log
448,smc_typeon,Target/libsndfile/src/common.h,967,26,Possible read of undefined value at,"%24 = insertelement <4 x float> poison, float %17, i64 0, !dbg !6785",/home/jimi/PaperExperiment/CompilerOptimization/Result/libsndfile/seahorn/seahorn-O2-g/result/run_20260322_101107_fixed_fullmatrix/log/sea.smc.stats.typeon.stderr.log
449,smc_typeon,Target/libsndfile/src/common.h,967,26,Possible read of undefined value at,"%23 = insertelement <4 x float> poison, float %22, i64 0, !dbg !6770",/home/jimi/PaperExperiment/CompilerOptimization/Result/libsndfile/seahorn/seahorn-O2-g/result/run_20260322_101107_fixed_fullmatrix/log/sea.smc.stats.typeon.stderr.log
450,smc_typeon,Target/libsndfile/src/common.h,967,26,Possible read of undefined value at,"%44 = insertelement <4 x float> poison, float %43, i64 0, !dbg !6770",/home/jimi/PaperExperiment/CompilerOptimization/Result/libsndfile/seahorn/seahorn-O2-g/result/run_20260322_101107_fixed_fullmatrix/log/sea.smc.stats.typeon.stderr.log
451,smc_typeon,Target/libsndfile/src/common.h,967,26,Possible read of undefined value at,"%62 = insertelement <4 x float> poison, float %61, i64 0, !dbg !6770",/home/jimi/PaperExperiment/CompilerOptimization/Result/libsndfile/seahorn/seahorn-O2-g/result/run_20260322_101107_fixed_fullmatrix/log/sea.smc.stats.typeon.stderr.log
452,smc_typeon,Target/libsndfile/src/common.h,967,26,Possible read of undefined value at,"%29 = insertelement <4 x float> poison, float %17, i64 0, !dbg !6794",/home/jimi/PaperExperiment/CompilerOptimization/Result/libsndfile/seahorn/seahorn-O2-g/result/run_20260322_101107_fixed_fullmatrix/log/sea.smc.stats.typeon.stderr.log
453,smc_typeon,Target/libsndfile/src/common.h,967,26,Possible read of undefined value at,"%16 = insertelement <4 x float> poison, float %15, i64 0, !dbg !6768",/home/jimi/PaperExperiment/CompilerOptimization/Result/libsndfile/seahorn/seahorn-O2-g/result/run_20260322_101107_fixed_fullmatrix/log/sea.smc.stats.typeon.stderr.log
454,smc_typeon,Target/libsndfile/src/common.h,976,26,Possible read of undefined value at,"%27 = insertelement <2 x double> poison, double %16, i64 0, !dbg !6789",/home/jimi/PaperExperiment/CompilerOptimization/Result/libsndfile/seahorn/seahorn-O2-g/result/run_20260322_101107_fixed_fullmatrix/log/sea.smc.stats.typeon.stderr.log
455,smc_typeon,Target/libsndfile/src/common.h,967,26,Possible read of undefined value at,"%23 = insertelement <4 x float> poison, float %22, i64 0, !dbg !6770",/home/jimi/PaperExperiment/CompilerOptimization/Result/libsndfile/seahorn/seahorn-O2-g/result/run_20260322_101107_fixed_fullmatrix/log/sea.smc.stats.typeon.stderr.log
456,smc_typeon,Target/libsndfile/src/common.h,967,26,Possible read of undefined value at,"%38 = insertelement <4 x float> poison, float %37, i64 0, !dbg !6770",/home/jimi/PaperExperiment/CompilerOptimization/Result/libsndfile/seahorn/seahorn-O2-g/result/run_20260322_101107_fixed_fullmatrix/log/sea.smc.stats.typeon.stderr.log
457,smc_typeon,Target/libsndfile/src/common.h,967,26,Possible read of undefined value at,"%50 = insertelement <4 x float> poison, float %49, i64 0, !dbg !6770",/home/jimi/PaperExperiment/CompilerOptimization/Result/libsndfile/seahorn/seahorn-O2-g/result/run_20260322_101107_fixed_fullmatrix/log/sea.smc.stats.typeon.stderr.log
458,smc_typeon,Target/libsndfile/src/common.h,967,26,Possible read of undefined value at,"%26 = insertelement <4 x float> poison, float %17, i64 0, !dbg !6787",/home/jimi/PaperExperiment/CompilerOptimization/Result/libsndfile/seahorn/seahorn-O2-g/result/run_20260322_101107_fixed_fullmatrix/log/sea.smc.stats.typeon.stderr.log
459,smc_typeon,Target/libsndfile/src/common.h,967,26,Possible read of undefined value at,"%21 = insertelement <4 x float> poison, float %20, i64 0, !dbg !6766",/home/jimi/PaperExperiment/CompilerOptimization/Result/libsndfile/seahorn/seahorn-O2-g/result/run_20260322_101107_fixed_fullmatrix/log/sea.smc.stats.typeon.stderr.log
460,smc_typeon,Target/libsndfile/src/common.h,967,26,Possible read of undefined value at,"%33 = insertelement <4 x float> poison, float %32, i64 0, !dbg !6766",/home/jimi/PaperExperiment/CompilerOptimization/Result/libsndfile/seahorn/seahorn-O2-g/result/run_20260322_101107_fixed_fullmatrix/log/sea.smc.stats.typeon.stderr.log
461,smc_typeon,Target/libsndfile/src/common.h,967,26,Possible read of undefined value at,"%42 = insertelement <4 x float> poison, float %41, i64 0, !dbg !6766",/home/jimi/PaperExperiment/CompilerOptimization/Result/libsndfile/seahorn/seahorn-O2-g/result/run_20260322_101107_fixed_fullmatrix/log/sea.smc.stats.typeon.stderr.log
462,smc_typeon,Target/libsndfile/src/common.h,967,26,Possible read of undefined value at,"%25 = insertelement <4 x float> poison, float %20, i64 0, !dbg !6773",/home/jimi/PaperExperiment/CompilerOptimization/Result/libsndfile/seahorn/seahorn-O2-g/result/run_20260322_101107_fixed_fullmatrix/log/sea.smc.stats.typeon.stderr.log
463,smc_typeon,Target/libsndfile/src/common.h,967,26,Possible read of undefined value at,"%43 = insertelement <4 x float> poison, float %38, i64 0, !dbg !6773",/home/jimi/PaperExperiment/CompilerOptimization/Result/libsndfile/seahorn/seahorn-O2-g/result/run_20260322_101107_fixed_fullmatrix/log/sea.smc.stats.typeon.stderr.log
464,smc_typeon,Target/libsndfile/src/common.h,967,26,Possible read of undefined value at,"%58 = insertelement <4 x float> poison, float %53, i64 0, !dbg !6773",/home/jimi/PaperExperiment/CompilerOptimization/Result/libsndfile/seahorn/seahorn-O2-g/result/run_20260322_101107_fixed_fullmatrix/log/sea.smc.stats.typeon.stderr.log
465,smc_typeon,Target/libsndfile/src/ulaw.c,0,0,Possible read of undefined value at,"%29 = insertelement <4 x float> poison, float %28, i64 0, !dbg !7174",/home/jimi/PaperExperiment/CompilerOptimization/Result/libsndfile/seahorn/seahorn-O2-g/result/run_20260322_101107_fixed_fullmatrix/log/sea.smc.stats.typeon.stderr.log
466,smc_typeon,Target/libsndfile/src/ulaw.c,0,0,Possible read of undefined value at,"%32 = insertelement <2 x double> poison, double %31, i64 0, !dbg !7175",/home/jimi/PaperExperiment/CompilerOptimization/Result/libsndfile/seahorn/seahorn-O2-g/result/run_20260322_101107_fixed_fullmatrix/log/sea.smc.stats.typeon.stderr.log
467,smc_typeon,Target/libsndfile/src/alaw.c,0,0,Possible read of undefined value at,"%29 = insertelement <4 x float> poison, float %28, i64 0, !dbg !7174",/home/jimi/PaperExperiment/CompilerOptimization/Result/libsndfile/seahorn/seahorn-O2-g/result/run_20260322_101107_fixed_fullmatrix/log/sea.smc.stats.typeon.stderr.log
468,smc_typeon,Target/libsndfile/src/alaw.c,0,0,Possible read of undefined value at,"%32 = insertelement <2 x double> poison, double %31, i64 0, !dbg !7175",/home/jimi/PaperExperiment/CompilerOptimization/Result/libsndfile/seahorn/seahorn-O2-g/result/run_20260322_101107_fixed_fullmatrix/log/sea.smc.stats.typeon.stderr.log
469,smc_typeon,Target/libsndfile/src/common.h,967,26,Possible read of undefined value at,"%92 = insertelement <4 x float> poison, float %91, i64 0, !dbg !6893",/home/jimi/PaperExperiment/CompilerOptimization/Result/libsndfile/seahorn/seahorn-O2-g/result/run_20260322_101107_fixed_fullmatrix/log/sea.smc.stats.typeon.stderr.log
470,smc_typeon,Target/libsndfile/src/common.h,967,26,Possible read of undefined value at,"%100 = insertelement <4 x float> poison, float %99, i64 0, !dbg !6893",/home/jimi/PaperExperiment/CompilerOptimization/Result/libsndfile/seahorn/seahorn-O2-g/result/run_20260322_101107_fixed_fullmatrix/log/sea.smc.stats.typeon.stderr.log
471,smc_typeon,Target/libsndfile/src/common.h,967,26,Possible read of undefined value at,"%108 = insertelement <4 x float> poison, float %107, i64 0, !dbg !6893",/home/jimi/PaperExperiment/CompilerOptimization/Result/libsndfile/seahorn/seahorn-O2-g/result/run_20260322_101107_fixed_fullmatrix/log/sea.smc.stats.typeon.stderr.log
472,smc_typeon,Target/libsndfile/src/common.h,967,26,Possible read of undefined value at,"%116 = insertelement <4 x float> poison, float %115, i64 0, !dbg !6893",/home/jimi/PaperExperiment/CompilerOptimization/Result/libsndfile/seahorn/seahorn-O2-g/result/run_20260322_101107_fixed_fullmatrix/log/sea.smc.stats.typeon.stderr.log
473,smc_typeon,Target/libsndfile/src/common.h,967,26,Possible read of undefined value at,"%132 = insertelement <4 x float> poison, float %131, i64 0, !dbg !6893",/home/jimi/PaperExperiment/CompilerOptimization/Result/libsndfile/seahorn/seahorn-O2-g/result/run_20260322_101107_fixed_fullmatrix/log/sea.smc.stats.typeon.stderr.log
474,smc_typeon,Target/libsndfile/src/common.h,967,26,Possible read of undefined value at,"%92 = insertelement <4 x float> poison, float %91, i64 0, !dbg !6893",/home/jimi/PaperExperiment/CompilerOptimization/Result/libsndfile/seahorn/seahorn-O2-g/result/run_20260322_101107_fixed_fullmatrix/log/sea.smc.stats.typeon.stderr.log
475,smc_typeon,Target/libsndfile/src/common.h,967,26,Possible read of undefined value at,"%99 = insertelement <4 x float> poison, float %98, i64 0, !dbg !6893",/home/jimi/PaperExperiment/CompilerOptimization/Result/libsndfile/seahorn/seahorn-O2-g/result/run_20260322_101107_fixed_fullmatrix/log/sea.smc.stats.typeon.stderr.log
476,smc_typeon,Target/libsndfile/src/common.h,967,26,Possible read of undefined value at,"%106 = insertelement <4 x float> poison, float %105, i64 0, !dbg !6893",/home/jimi/PaperExperiment/CompilerOptimization/Result/libsndfile/seahorn/seahorn-O2-g/result/run_20260322_101107_fixed_fullmatrix/log/sea.smc.stats.typeon.stderr.log
477,smc_typeon,Target/libsndfile/src/common.h,967,26,Possible read of undefined value at,"%113 = insertelement <4 x float> poison, float %112, i64 0, !dbg !6893",/home/jimi/PaperExperiment/CompilerOptimization/Result/libsndfile/seahorn/seahorn-O2-g/result/run_20260322_101107_fixed_fullmatrix/log/sea.smc.stats.typeon.stderr.log
478,smc_typeon,Target/libsndfile/src/common.h,967,26,Possible read of undefined value at,"%128 = insertelement <4 x float> poison, float %127, i64 0, !dbg !6893",/home/jimi/PaperExperiment/CompilerOptimization/Result/libsndfile/seahorn/seahorn-O2-g/result/run_20260322_101107_fixed_fullmatrix/log/sea.smc.stats.typeon.stderr.log
479,smc_typeon,Target/libsndfile/src/common.h,967,26,Possible read of undefined value at,"%22 = insertelement <4 x float> poison, float %21, i64 0, !dbg !6764",/home/jimi/PaperExperiment/CompilerOptimization/Result/libsndfile/seahorn/seahorn-O2-g/result/run_20260322_101107_fixed_fullmatrix/log/sea.smc.stats.typeon.stderr.log
480,smc_typeon,Target/libsndfile/src/common.h,967,26,Possible read of undefined value at,"%35 = insertelement <4 x float> poison, float %34, i64 0, !dbg !6764",/home/jimi/PaperExperiment/CompilerOptimization/Result/libsndfile/seahorn/seahorn-O2-g/result/run_20260322_101107_fixed_fullmatrix/log/sea.smc.stats.typeon.stderr.log
481,smc_typeon,Target/libsndfile/src/common.h,967,26,Possible read of undefined value at,"%42 = insertelement <4 x float> poison, float %41, i64 0, !dbg !6764",/home/jimi/PaperExperiment/CompilerOptimization/Result/libsndfile/seahorn/seahorn-O2-g/result/run_20260322_101107_fixed_fullmatrix/log/sea.smc.stats.typeon.stderr.log
482,smc_typeon,Target/libsndfile/src/common.h,967,26,Possible read of undefined value at,"%49 = insertelement <4 x float> poison, float %48, i64 0, !dbg !6764",/home/jimi/PaperExperiment/CompilerOptimization/Result/libsndfile/seahorn/seahorn-O2-g/result/run_20260322_101107_fixed_fullmatrix/log/sea.smc.stats.typeon.stderr.log
483,smc_typeon,Target/libsndfile/src/common.h,967,26,Possible read of undefined value at,"%56 = insertelement <4 x float> poison, float %55, i64 0, !dbg !6764",/home/jimi/PaperExperiment/CompilerOptimization/Result/libsndfile/seahorn/seahorn-O2-g/result/run_20260322_101107_fixed_fullmatrix/log/sea.smc.stats.typeon.stderr.log
484,smc_typeon,Target/libsndfile/src/common.h,967,26,Possible read of undefined value at,"%24 = insertelement <4 x float> poison, float %18, i64 0, !dbg !6773",/home/jimi/PaperExperiment/CompilerOptimization/Result/libsndfile/seahorn/seahorn-O2-g/result/run_20260322_101107_fixed_fullmatrix/log/sea.smc.stats.typeon.stderr.log
485,smc_typeon,Target/libsndfile/src/common.h,967,26,Possible read of undefined value at,"%41 = insertelement <4 x float> poison, float %35, i64 0, !dbg !6773",/home/jimi/PaperExperiment/CompilerOptimization/Result/libsndfile/seahorn/seahorn-O2-g/result/run_20260322_101107_fixed_fullmatrix/log/sea.smc.stats.typeon.stderr.log
486,smc_typeon,Target/libsndfile/src/common.h,967,26,Possible read of undefined value at,"%55 = insertelement <4 x float> poison, float %49, i64 0, !dbg !6773",/home/jimi/PaperExperiment/CompilerOptimization/Result/libsndfile/seahorn/seahorn-O2-g/result/run_20260322_101107_fixed_fullmatrix/log/sea.smc.stats.typeon.stderr.log
487,smc_typeon,Target/libsndfile/src/common.h,967,26,Possible read of undefined value at,"%22 = insertelement <4 x float> poison, float %21, i64 0, !dbg !6764",/home/jimi/PaperExperiment/CompilerOptimization/Result/libsndfile/seahorn/seahorn-O2-g/result/run_20260322_101107_fixed_fullmatrix/log/sea.smc.stats.typeon.stderr.log
488,smc_typeon,Target/libsndfile/src/common.h,967,26,Possible read of undefined value at,"%36 = insertelement <4 x float> poison, float %35, i64 0, !dbg !6764",/home/jimi/PaperExperiment/CompilerOptimization/Result/libsndfile/seahorn/seahorn-O2-g/result/run_20260322_101107_fixed_fullmatrix/log/sea.smc.stats.typeon.stderr.log
489,smc_typeon,Target/libsndfile/src/common.h,967,26,Possible read of undefined value at,"%44 = insertelement <4 x float> poison, float %43, i64 0, !dbg !6764",/home/jimi/PaperExperiment/CompilerOptimization/Result/libsndfile/seahorn/seahorn-O2-g/result/run_20260322_101107_fixed_fullmatrix/log/sea.smc.stats.typeon.stderr.log
490,smc_typeon,Target/libsndfile/src/common.h,967,26,Possible read of undefined value at,"%52 = insertelement <4 x float> poison, float %51, i64 0, !dbg !6764",/home/jimi/PaperExperiment/CompilerOptimization/Result/libsndfile/seahorn/seahorn-O2-g/result/run_20260322_101107_fixed_fullmatrix/log/sea.smc.stats.typeon.stderr.log
491,smc_typeon,Target/libsndfile/src/common.h,967,26,Possible read of undefined value at,"%60 = insertelement <4 x float> poison, float %59, i64 0, !dbg !6764",/home/jimi/PaperExperiment/CompilerOptimization/Result/libsndfile/seahorn/seahorn-O2-g/result/run_20260322_101107_fixed_fullmatrix/log/sea.smc.stats.typeon.stderr.log
492,smc_typeon,Target/libsndfile/src/common.h,967,26,Possible read of undefined value at,"%23 = insertelement <4 x float> poison, float %18, i64 0, !dbg !6772",/home/jimi/PaperExperiment/CompilerOptimization/Result/libsndfile/seahorn/seahorn-O2-g/result/run_20260322_101107_fixed_fullmatrix/log/sea.smc.stats.typeon.stderr.log
493,smc_typeon,Target/libsndfile/src/common.h,967,26,Possible read of undefined value at,"%40 = insertelement <4 x float> poison, float %35, i64 0, !dbg !6772",/home/jimi/PaperExperiment/CompilerOptimization/Result/libsndfile/seahorn/seahorn-O2-g/result/run_20260322_101107_fixed_fullmatrix/log/sea.smc.stats.typeon.stderr.log
494,smc_typeon,Target/libsndfile/src/common.h,967,26,Possible read of undefined value at,"%54 = insertelement <4 x float> poison, float %49, i64 0, !dbg !6772",/home/jimi/PaperExperiment/CompilerOptimization/Result/libsndfile/seahorn/seahorn-O2-g/result/run_20260322_101107_fixed_fullmatrix/log/sea.smc.stats.typeon.stderr.log
495,smc_typeon,Target/libsndfile/src/common.h,976,26,Possible read of undefined value at,"%106 = insertelement <2 x double> poison, double %105, i64 0, !dbg !6899",/home/jimi/PaperExperiment/CompilerOptimization/Result/libsndfile/seahorn/seahorn-O2-g/result/run_20260322_101107_fixed_fullmatrix/log/sea.smc.stats.typeon.stderr.log
496,smc_typeon,Target/libsndfile/src/common.h,976,26,Possible read of undefined value at,"%114 = insertelement <2 x double> poison, double %113, i64 0, !dbg !6899",/home/jimi/PaperExperiment/CompilerOptimization/Result/libsndfile/seahorn/seahorn-O2-g/result/run_20260322_101107_fixed_fullmatrix/log/sea.smc.stats.typeon.stderr.log
497,smc_typeon,Target/libsndfile/src/common.h,976,26,Possible read of undefined value at,"%122 = insertelement <2 x double> poison, double %121, i64 0, !dbg !6899",/home/jimi/PaperExperiment/CompilerOptimization/Result/libsndfile/seahorn/seahorn-O2-g/result/run_20260322_101107_fixed_fullmatrix/log/sea.smc.stats.typeon.stderr.log
498,smc_typeon,Target/libsndfile/src/common.h,976,26,Possible read of undefined value at,"%130 = insertelement <2 x double> poison, double %129, i64 0, !dbg !6899",/home/jimi/PaperExperiment/CompilerOptimization/Result/libsndfile/seahorn/seahorn-O2-g/result/run_20260322_101107_fixed_fullmatrix/log/sea.smc.stats.typeon.stderr.log
499,smc_typeon,Target/libsndfile/src/common.h,976,26,Possible read of undefined value at,"%146 = insertelement <2 x double> poison, double %145, i64 0, !dbg !6899",/home/jimi/PaperExperiment/CompilerOptimization/Result/libsndfile/seahorn/seahorn-O2-g/result/run_20260322_101107_fixed_fullmatrix/log/sea.smc.stats.typeon.stderr.log
500,smc_typeon,Target/libsndfile/src/common.h,976,26,Possible read of undefined value at,"%106 = insertelement <2 x double> poison, double %105, i64 0, !dbg !6899",/home/jimi/PaperExperiment/CompilerOptimization/Result/libsndfile/seahorn/seahorn-O2-g/result/run_20260322_101107_fixed_fullmatrix/log/sea.smc.stats.typeon.stderr.log
501,smc_typeon,Target/libsndfile/src/common.h,976,26,Possible read of undefined value at,"%113 = insertelement <2 x double> poison, double %112, i64 0, !dbg !6899",/home/jimi/PaperExperiment/CompilerOptimization/Result/libsndfile/seahorn/seahorn-O2-g/result/run_20260322_101107_fixed_fullmatrix/log/sea.smc.stats.typeon.stderr.log
502,smc_typeon,Target/libsndfile/src/common.h,976,26,Possible read of undefined value at,"%120 = insertelement <2 x double> poison, double %119, i64 0, !dbg !6899",/home/jimi/PaperExperiment/CompilerOptimization/Result/libsndfile/seahorn/seahorn-O2-g/result/run_20260322_101107_fixed_fullmatrix/log/sea.smc.stats.typeon.stderr.log
503,smc_typeon,Target/libsndfile/src/common.h,976,26,Possible read of undefined value at,"%127 = insertelement <2 x double> poison, double %126, i64 0, !dbg !6899",/home/jimi/PaperExperiment/CompilerOptimization/Result/libsndfile/seahorn/seahorn-O2-g/result/run_20260322_101107_fixed_fullmatrix/log/sea.smc.stats.typeon.stderr.log
504,smc_typeon,Target/libsndfile/src/common.h,976,26,Possible read of undefined value at,"%142 = insertelement <2 x double> poison, double %141, i64 0, !dbg !6899",/home/jimi/PaperExperiment/CompilerOptimization/Result/libsndfile/seahorn/seahorn-O2-g/result/run_20260322_101107_fixed_fullmatrix/log/sea.smc.stats.typeon.stderr.log
505,smc_typeon,Target/libsndfile/src/common.h,976,26,Possible read of undefined value at,"%31 = insertelement <2 x double> poison, double %30, i64 0, !dbg !6779",/home/jimi/PaperExperiment/CompilerOptimization/Result/libsndfile/seahorn/seahorn-O2-g/result/run_20260322_101107_fixed_fullmatrix/log/sea.smc.stats.typeon.stderr.log
506,smc_typeon,Target/libsndfile/src/common.h,976,26,Possible read of undefined value at,"%48 = insertelement <2 x double> poison, double %47, i64 0, !dbg !6799",/home/jimi/PaperExperiment/CompilerOptimization/Result/libsndfile/seahorn/seahorn-O2-g/result/run_20260322_101107_fixed_fullmatrix/log/sea.smc.stats.typeon.stderr.log
507,smc_typeon,Target/libsndfile/src/common.h,976,26,Possible read of undefined value at,"%22 = insertelement <2 x double> poison, double %21, i64 0, !dbg !6764",/home/jimi/PaperExperiment/CompilerOptimization/Result/libsndfile/seahorn/seahorn-O2-g/result/run_20260322_101107_fixed_fullmatrix/log/sea.smc.stats.typeon.stderr.log
508,smc_typeon,Target/libsndfile/src/common.h,976,26,Possible read of undefined value at,"%35 = insertelement <2 x double> poison, double %34, i64 0, !dbg !6764",/home/jimi/PaperExperiment/CompilerOptimization/Result/libsndfile/seahorn/seahorn-O2-g/result/run_20260322_101107_fixed_fullmatrix/log/sea.smc.stats.typeon.stderr.log
509,smc_typeon,Target/libsndfile/src/common.h,976,26,Possible read of undefined value at,"%42 = insertelement <2 x double> poison, double %41, i64 0, !dbg !6764",/home/jimi/PaperExperiment/CompilerOptimization/Result/libsndfile/seahorn/seahorn-O2-g/result/run_20260322_101107_fixed_fullmatrix/log/sea.smc.stats.typeon.stderr.log
510,smc_typeon,Target/libsndfile/src/common.h,976,26,Possible read of undefined value at,"%49 = insertelement <2 x double> poison, double %48, i64 0, !dbg !6764",/home/jimi/PaperExperiment/CompilerOptimization/Result/libsndfile/seahorn/seahorn-O2-g/result/run_20260322_101107_fixed_fullmatrix/log/sea.smc.stats.typeon.stderr.log
511,smc_typeon,Target/libsndfile/src/common.h,976,26,Possible read of undefined value at,"%56 = insertelement <2 x double> poison, double %55, i64 0, !dbg !6764",/home/jimi/PaperExperiment/CompilerOptimization/Result/libsndfile/seahorn/seahorn-O2-g/result/run_20260322_101107_fixed_fullmatrix/log/sea.smc.stats.typeon.stderr.log
512,smc_typeon,Target/libsndfile/src/common.h,976,26,Possible read of undefined value at,"%25 = insertelement <2 x double> poison, double %20, i64 0, !dbg !6774",/home/jimi/PaperExperiment/CompilerOptimization/Result/libsndfile/seahorn/seahorn-O2-g/result/run_20260322_101107_fixed_fullmatrix/log/sea.smc.stats.typeon.stderr.log
513,smc_typeon,Target/libsndfile/src/common.h,976,26,Possible read of undefined value at,"%43 = insertelement <2 x double> poison, double %38, i64 0, !dbg !6774",/home/jimi/PaperExperiment/CompilerOptimization/Result/libsndfile/seahorn/seahorn-O2-g/result/run_20260322_101107_fixed_fullmatrix/log/sea.smc.stats.typeon.stderr.log
514,smc_typeon,Target/libsndfile/src/common.h,976,26,Possible read of undefined value at,"%58 = insertelement <2 x double> poison, double %53, i64 0, !dbg !6774",/home/jimi/PaperExperiment/CompilerOptimization/Result/libsndfile/seahorn/seahorn-O2-g/result/run_20260322_101107_fixed_fullmatrix/log/sea.smc.stats.typeon.stderr.log
515,smc_typeon,Target/libsndfile/src/common.h,976,26,Possible read of undefined value at,"%22 = insertelement <2 x double> poison, double %21, i64 0, !dbg !6764",/home/jimi/PaperExperiment/CompilerOptimization/Result/libsndfile/seahorn/seahorn-O2-g/result/run_20260322_101107_fixed_fullmatrix/log/sea.smc.stats.typeon.stderr.log
516,smc_typeon,Target/libsndfile/src/common.h,976,26,Possible read of undefined value at,"%36 = insertelement <2 x double> poison, double %35, i64 0, !dbg !6764",/home/jimi/PaperExperiment/CompilerOptimization/Result/libsndfile/seahorn/seahorn-O2-g/result/run_20260322_101107_fixed_fullmatrix/log/sea.smc.stats.typeon.stderr.log
517,smc_typeon,Target/libsndfile/src/common.h,976,26,Possible read of undefined value at,"%44 = insertelement <2 x double> poison, double %43, i64 0, !dbg !6764",/home/jimi/PaperExperiment/CompilerOptimization/Result/libsndfile/seahorn/seahorn-O2-g/result/run_20260322_101107_fixed_fullmatrix/log/sea.smc.stats.typeon.stderr.log
518,smc_typeon,Target/libsndfile/src/common.h,976,26,Possible read of undefined value at,"%52 = insertelement <2 x double> poison, double %51, i64 0, !dbg !6764",/home/jimi/PaperExperiment/CompilerOptimization/Result/libsndfile/seahorn/seahorn-O2-g/result/run_20260322_101107_fixed_fullmatrix/log/sea.smc.stats.typeon.stderr.log
519,smc_typeon,Target/libsndfile/src/common.h,976,26,Possible read of undefined value at,"%60 = insertelement <2 x double> poison, double %59, i64 0, !dbg !6764",/home/jimi/PaperExperiment/CompilerOptimization/Result/libsndfile/seahorn/seahorn-O2-g/result/run_20260322_101107_fixed_fullmatrix/log/sea.smc.stats.typeon.stderr.log
520,smc_typeon,Target/libsndfile/src/common.h,976,26,Possible read of undefined value at,"%23 = insertelement <2 x double> poison, double %18, i64 0, !dbg !6772",/home/jimi/PaperExperiment/CompilerOptimization/Result/libsndfile/seahorn/seahorn-O2-g/result/run_20260322_101107_fixed_fullmatrix/log/sea.smc.stats.typeon.stderr.log
521,smc_typeon,Target/libsndfile/src/common.h,976,26,Possible read of undefined value at,"%40 = insertelement <2 x double> poison, double %35, i64 0, !dbg !6772",/home/jimi/PaperExperiment/CompilerOptimization/Result/libsndfile/seahorn/seahorn-O2-g/result/run_20260322_101107_fixed_fullmatrix/log/sea.smc.stats.typeon.stderr.log
522,smc_typeon,Target/libsndfile/src/common.h,976,26,Possible read of undefined value at,"%54 = insertelement <2 x double> poison, double %49, i64 0, !dbg !6772",/home/jimi/PaperExperiment/CompilerOptimization/Result/libsndfile/seahorn/seahorn-O2-g/result/run_20260322_101107_fixed_fullmatrix/log/sea.smc.stats.typeon.stderr.log
523,smc_typeon,Target/libsndfile/src/common.h,976,26,Possible read of undefined value at,"%29 = insertelement <2 x double> poison, double %28, i64 0, !dbg !6777",/home/jimi/PaperExperiment/CompilerOptimization/Result/libsndfile/seahorn/seahorn-O2-g/result/run_20260322_101107_fixed_fullmatrix/log/sea.smc.stats.typeon.stderr.log
524,smc_typeon,Target/libsndfile/src/common.h,976,26,Possible read of undefined value at,"%46 = insertelement <2 x double> poison, double %45, i64 0, !dbg !6797",/home/jimi/PaperExperiment/CompilerOptimization/Result/libsndfile/seahorn/seahorn-O2-g/result/run_20260322_101107_fixed_fullmatrix/log/sea.smc.stats.typeon.stderr.log
525,smc_typeon,Target/libsndfile/src/common.h,967,26,Possible read of undefined value at,"%48 = insertelement <4 x float> poison, float %47, i64 0, !dbg !6820",/home/jimi/PaperExperiment/CompilerOptimization/Result/libsndfile/seahorn/seahorn-O2-g/result/run_20260322_101107_fixed_fullmatrix/log/sea.smc.stats.typeon.stderr.log
526,smc_typeon,Target/libsndfile/src/common.h,967,26,Possible read of undefined value at,"%57 = insertelement <4 x float> poison, float %56, i64 0, !dbg !6820",/home/jimi/PaperExperiment/CompilerOptimization/Result/libsndfile/seahorn/seahorn-O2-g/result/run_20260322_101107_fixed_fullmatrix/log/sea.smc.stats.typeon.stderr.log
527,smc_typeon,Target/libsndfile/src/common.h,967,26,Possible read of undefined value at,"%72 = insertelement <4 x float> poison, float %71, i64 0, !dbg !6820",/home/jimi/PaperExperiment/CompilerOptimization/Result/libsndfile/seahorn/seahorn-O2-g/result/run_20260322_101107_fixed_fullmatrix/log/sea.smc.stats.typeon.stderr.log
528,smc_typeon,Target/libsndfile/src/common.h,976,26,Possible read of undefined value at,"%48 = insertelement <2 x double> poison, double %47, i64 0, !dbg !6820",/home/jimi/PaperExperiment/CompilerOptimization/Result/libsndfile/seahorn/seahorn-O2-g/result/run_20260322_101107_fixed_fullmatrix/log/sea.smc.stats.typeon.stderr.log
529,smc_typeon,Target/libsndfile/src/common.h,976,26,Possible read of undefined value at,"%57 = insertelement <2 x double> poison, double %56, i64 0, !dbg !6820",/home/jimi/PaperExperiment/CompilerOptimization/Result/libsndfile/seahorn/seahorn-O2-g/result/run_20260322_101107_fixed_fullmatrix/log/sea.smc.stats.typeon.stderr.log
530,smc_typeon,Target/libsndfile/src/common.h,976,26,Possible read of undefined value at,"%72 = insertelement <2 x double> poison, double %71, i64 0, !dbg !6820",/home/jimi/PaperExperiment/CompilerOptimization/Result/libsndfile/seahorn/seahorn-O2-g/result/run_20260322_101107_fixed_fullmatrix/log/sea.smc.stats.typeon.stderr.log
531,smc_typeon,Target/libsndfile/src/common.h,967,26,Possible read of undefined value at,"%45 = insertelement <4 x float> poison, float %44, i64 0, !dbg !7176",/home/jimi/PaperExperiment/CompilerOptimization/Result/libsndfile/seahorn/seahorn-O2-g/result/run_20260322_101107_fixed_fullmatrix/log/sea.smc.stats.typeon.stderr.log
532,smc_typeon,Target/libsndfile/src/common.h,967,26,Possible read of undefined value at,"%54 = insertelement <4 x float> poison, float %53, i64 0, !dbg !7176",/home/jimi/PaperExperiment/CompilerOptimization/Result/libsndfile/seahorn/seahorn-O2-g/result/run_20260322_101107_fixed_fullmatrix/log/sea.smc.stats.typeon.stderr.log
533,smc_typeon,Target/libsndfile/src/common.h,967,26,Possible read of undefined value at,"%69 = insertelement <4 x float> poison, float %68, i64 0, !dbg !7176",/home/jimi/PaperExperiment/CompilerOptimization/Result/libsndfile/seahorn/seahorn-O2-g/result/run_20260322_101107_fixed_fullmatrix/log/sea.smc.stats.typeon.stderr.log
534,smc_typeon,Target/libsndfile/src/common.h,976,26,Possible read of undefined value at,"%45 = insertelement <2 x double> poison, double %44, i64 0, !dbg !7176",/home/jimi/PaperExperiment/CompilerOptimization/Result/libsndfile/seahorn/seahorn-O2-g/result/run_20260322_101107_fixed_fullmatrix/log/sea.smc.stats.typeon.stderr.log
535,smc_typeon,Target/libsndfile/src/common.h,976,26,Possible read of undefined value at,"%54 = insertelement <2 x double> poison, double %53, i64 0, !dbg !7176",/home/jimi/PaperExperiment/CompilerOptimization/Result/libsndfile/seahorn/seahorn-O2-g/result/run_20260322_101107_fixed_fullmatrix/log/sea.smc.stats.typeon.stderr.log
536,smc_typeon,Target/libsndfile/src/common.h,976,26,Possible read of undefined value at,"%69 = insertelement <2 x double> poison, double %68, i64 0, !dbg !7176",/home/jimi/PaperExperiment/CompilerOptimization/Result/libsndfile/seahorn/seahorn-O2-g/result/run_20260322_101107_fixed_fullmatrix/log/sea.smc.stats.typeon.stderr.log
537,smc_typeon,Target/libsndfile/src/common.h,967,26,Possible read of undefined value at,"%44 = insertelement <4 x float> poison, float %43, i64 0, !dbg !6820",/home/jimi/PaperExperiment/CompilerOptimization/Result/libsndfile/seahorn/seahorn-O2-g/result/run_20260322_101107_fixed_fullmatrix/log/sea.smc.stats.typeon.stderr.log
538,smc_typeon,Target/libsndfile/src/common.h,967,26,Possible read of undefined value at,"%53 = insertelement <4 x float> poison, float %52, i64 0, !dbg !6820",/home/jimi/PaperExperiment/CompilerOptimization/Result/libsndfile/seahorn/seahorn-O2-g/result/run_20260322_101107_fixed_fullmatrix/log/sea.smc.stats.typeon.stderr.log
539,smc_typeon,Target/libsndfile/src/common.h,967,26,Possible read of undefined value at,"%68 = insertelement <4 x float> poison, float %67, i64 0, !dbg !6820",/home/jimi/PaperExperiment/CompilerOptimization/Result/libsndfile/seahorn/seahorn-O2-g/result/run_20260322_101107_fixed_fullmatrix/log/sea.smc.stats.typeon.stderr.log
540,smc_typeon,Target/libsndfile/src/common.h,976,26,Possible read of undefined value at,"%44 = insertelement <2 x double> poison, double %43, i64 0, !dbg !6820",/home/jimi/PaperExperiment/CompilerOptimization/Result/libsndfile/seahorn/seahorn-O2-g/result/run_20260322_101107_fixed_fullmatrix/log/sea.smc.stats.typeon.stderr.log
541,smc_typeon,Target/libsndfile/src/common.h,976,26,Possible read of undefined value at,"%53 = insertelement <2 x double> poison, double %52, i64 0, !dbg !6820",/home/jimi/PaperExperiment/CompilerOptimization/Result/libsndfile/seahorn/seahorn-O2-g/result/run_20260322_101107_fixed_fullmatrix/log/sea.smc.stats.typeon.stderr.log
542,smc_typeon,Target/libsndfile/src/common.h,976,26,Possible read of undefined value at,"%68 = insertelement <2 x double> poison, double %67, i64 0, !dbg !6820",/home/jimi/PaperExperiment/CompilerOptimization/Result/libsndfile/seahorn/seahorn-O2-g/result/run_20260322_101107_fixed_fullmatrix/log/sea.smc.stats.typeon.stderr.log
543,smc_typeon,Target/libsndfile/src/common.h,967,26,Possible read of undefined value at,"%37 = insertelement <4 x float> poison, float %36, i64 0, !dbg !6820",/home/jimi/PaperExperiment/CompilerOptimization/Result/libsndfile/seahorn/seahorn-O2-g/result/run_20260322_101107_fixed_fullmatrix/log/sea.smc.stats.typeon.stderr.log
544,smc_typeon,Target/libsndfile/src/common.h,967,26,Possible read of undefined value at,"%45 = insertelement <4 x float> poison, float %44, i64 0, !dbg !6820",/home/jimi/PaperExperiment/CompilerOptimization/Result/libsndfile/seahorn/seahorn-O2-g/result/run_20260322_101107_fixed_fullmatrix/log/sea.smc.stats.typeon.stderr.log
545,smc_typeon,Target/libsndfile/src/common.h,967,26,Possible read of undefined value at,"%59 = insertelement <4 x float> poison, float %58, i64 0, !dbg !6820",/home/jimi/PaperExperiment/CompilerOptimization/Result/libsndfile/seahorn/seahorn-O2-g/result/run_20260322_101107_fixed_fullmatrix/log/sea.smc.stats.typeon.stderr.log
546,smc_typeon,Target/libsndfile/src/common.h,976,26,Possible read of undefined value at,"%37 = insertelement <2 x double> poison, double %36, i64 0, !dbg !6820",/home/jimi/PaperExperiment/CompilerOptimization/Result/libsndfile/seahorn/seahorn-O2-g/result/run_20260322_101107_fixed_fullmatrix/log/sea.smc.stats.typeon.stderr.log
547,smc_typeon,Target/libsndfile/src/common.h,976,26,Possible read of undefined value at,"%45 = insertelement <2 x double> poison, double %44, i64 0, !dbg !6820",/home/jimi/PaperExperiment/CompilerOptimization/Result/libsndfile/seahorn/seahorn-O2-g/result/run_20260322_101107_fixed_fullmatrix/log/sea.smc.stats.typeon.stderr.log
548,smc_typeon,Target/libsndfile/src/common.h,976,26,Possible read of undefined value at,"%59 = insertelement <2 x double> poison, double %58, i64 0, !dbg !6820",/home/jimi/PaperExperiment/CompilerOptimization/Result/libsndfile/seahorn/seahorn-O2-g/result/run_20260322_101107_fixed_fullmatrix/log/sea.smc.stats.typeon.stderr.log
549,smc_typeon,Target/libsndfile/src/common.h,967,26,Possible read of undefined value at,"%44 = insertelement <4 x float> poison, float %43, i64 0, !dbg !7177",/home/jimi/PaperExperiment/CompilerOptimization/Result/libsndfile/seahorn/seahorn-O2-g/result/run_20260322_101107_fixed_fullmatrix/log/sea.smc.stats.typeon.stderr.log
550,smc_typeon,Target/libsndfile/src/common.h,967,26,Possible read of undefined value at,"%53 = insertelement <4 x float> poison, float %52, i64 0, !dbg !7177",/home/jimi/PaperExperiment/CompilerOptimization/Result/libsndfile/seahorn/seahorn-O2-g/result/run_20260322_101107_fixed_fullmatrix/log/sea.smc.stats.typeon.stderr.log
551,smc_typeon,Target/libsndfile/src/common.h,967,26,Possible read of undefined value at,"%68 = insertelement <4 x float> poison, float %67, i64 0, !dbg !7177",/home/jimi/PaperExperiment/CompilerOptimization/Result/libsndfile/seahorn/seahorn-O2-g/result/run_20260322_101107_fixed_fullmatrix/log/sea.smc.stats.typeon.stderr.log
552,smc_typeon,Target/libsndfile/src/common.h,976,26,Possible read of undefined value at,"%44 = insertelement <2 x double> poison, double %43, i64 0, !dbg !7177",/home/jimi/PaperExperiment/CompilerOptimization/Result/libsndfile/seahorn/seahorn-O2-g/result/run_20260322_101107_fixed_fullmatrix/log/sea.smc.stats.typeon.stderr.log
553,smc_typeon,Target/libsndfile/src/common.h,976,26,Possible read of undefined value at,"%53 = insertelement <2 x double> poison, double %52, i64 0, !dbg !7177",/home/jimi/PaperExperiment/CompilerOptimization/Result/libsndfile/seahorn/seahorn-O2-g/result/run_20260322_101107_fixed_fullmatrix/log/sea.smc.stats.typeon.stderr.log
554,smc_typeon,Target/libsndfile/src/common.h,976,26,Possible read of undefined value at,"%68 = insertelement <2 x double> poison, double %67, i64 0, !dbg !7177",/home/jimi/PaperExperiment/CompilerOptimization/Result/libsndfile/seahorn/seahorn-O2-g/result/run_20260322_101107_fixed_fullmatrix/log/sea.smc.stats.typeon.stderr.log
555,smc_typeon,Target/libsndfile/src/sndfile.c,1263,41,Possible read of undefined value at,"%333 = shufflevector <2 x i64> %332, <2 x i64> poison, <2 x i32> <i32 1, i32 0>, !dbg !7146",/home/jimi/PaperExperiment/CompilerOptimization/Result/libsndfile/seahorn/seahorn-O2-g/result/run_20260322_101107_fixed_fullmatrix/log/sea.smc.stats.typeon.stderr.log
556,smc_typeon,Target/libsndfile/src/common.h,976,26,Possible read of undefined value at,"%58 = insertelement <2 x double> poison, double %47, i64 0, !dbg !7259",/home/jimi/PaperExperiment/CompilerOptimization/Result/libsndfile/seahorn/seahorn-O2-g/result/run_20260322_101107_fixed_fullmatrix/log/sea.smc.stats.typeon.stderr.log
557,smc_typeon,Target/libsndfile/src/common.h,967,26,Possible read of undefined value at,"%37 = insertelement <4 x float> poison, float %36, i64 0, !dbg !7176",/home/jimi/PaperExperiment/CompilerOptimization/Result/libsndfile/seahorn/seahorn-O2-g/result/run_20260322_101107_fixed_fullmatrix/log/sea.smc.stats.typeon.stderr.log
558,smc_typeon,Target/libsndfile/src/common.h,967,26,Possible read of undefined value at,"%46 = insertelement <4 x float> poison, float %45, i64 0, !dbg !7176",/home/jimi/PaperExperiment/CompilerOptimization/Result/libsndfile/seahorn/seahorn-O2-g/result/run_20260322_101107_fixed_fullmatrix/log/sea.smc.stats.typeon.stderr.log
559,smc_typeon,Target/libsndfile/src/common.h,967,26,Possible read of undefined value at,"%61 = insertelement <4 x float> poison, float %60, i64 0, !dbg !7176",/home/jimi/PaperExperiment/CompilerOptimization/Result/libsndfile/seahorn/seahorn-O2-g/result/run_20260322_101107_fixed_fullmatrix/log/sea.smc.stats.typeon.stderr.log
560,smc_typeon,Target/libsndfile/src/common.h,976,26,Possible read of undefined value at,"%37 = insertelement <2 x double> poison, double %36, i64 0, !dbg !7176",/home/jimi/PaperExperiment/CompilerOptimization/Result/libsndfile/seahorn/seahorn-O2-g/result/run_20260322_101107_fixed_fullmatrix/log/sea.smc.stats.typeon.stderr.log
561,smc_typeon,Target/libsndfile/src/common.h,976,26,Possible read of undefined value at,"%46 = insertelement <2 x double> poison, double %45, i64 0, !dbg !7176",/home/jimi/PaperExperiment/CompilerOptimization/Result/libsndfile/seahorn/seahorn-O2-g/result/run_20260322_101107_fixed_fullmatrix/log/sea.smc.stats.typeon.stderr.log
562,smc_typeon,Target/libsndfile/src/common.h,976,26,Possible read of undefined value at,"%61 = insertelement <2 x double> poison, double %60, i64 0, !dbg !7176",/home/jimi/PaperExperiment/CompilerOptimization/Result/libsndfile/seahorn/seahorn-O2-g/result/run_20260322_101107_fixed_fullmatrix/log/sea.smc.stats.typeon.stderr.log
563,smc_typeon,Target/libsndfile/src/common.h,976,26,Possible read of undefined value at,"%57 = insertelement <2 x double> poison, double %56, i64 0, !dbg !7189",/home/jimi/PaperExperiment/CompilerOptimization/Result/libsndfile/seahorn/seahorn-O2-g/result/run_20260322_101107_fixed_fullmatrix/log/sea.smc.stats.typeon.stderr.log
564,smc_typeon,Target/libsndfile/src/common.h,976,26,Possible read of undefined value at,"%127 = insertelement <2 x double> poison, double %126, i64 0, !dbg !6930",/home/jimi/PaperExperiment/CompilerOptimization/Result/libsndfile/seahorn/seahorn-O2-g/result/run_20260322_101107_fixed_fullmatrix/log/sea.smc.stats.typeon.stderr.log
565,smc_typeon,Target/libsndfile/src/common.h,967,26,Possible read of undefined value at,"%44 = insertelement <4 x float> poison, float %43, i64 0, !dbg !7176",/home/jimi/PaperExperiment/CompilerOptimization/Result/libsndfile/seahorn/seahorn-O2-g/result/run_20260322_101107_fixed_fullmatrix/log/sea.smc.stats.typeon.stderr.log
566,smc_typeon,Target/libsndfile/src/common.h,967,26,Possible read of undefined value at,"%52 = insertelement <4 x float> poison, float %51, i64 0, !dbg !7176",/home/jimi/PaperExperiment/CompilerOptimization/Result/libsndfile/seahorn/seahorn-O2-g/result/run_20260322_101107_fixed_fullmatrix/log/sea.smc.stats.typeon.stderr.log
567,smc_typeon,Target/libsndfile/src/common.h,967,26,Possible read of undefined value at,"%66 = insertelement <4 x float> poison, float %65, i64 0, !dbg !7176",/home/jimi/PaperExperiment/CompilerOptimization/Result/libsndfile/seahorn/seahorn-O2-g/result/run_20260322_101107_fixed_fullmatrix/log/sea.smc.stats.typeon.stderr.log
568,smc_typeon,Target/libsndfile/src/common.h,976,26,Possible read of undefined value at,"%44 = insertelement <2 x double> poison, double %43, i64 0, !dbg !7176",/home/jimi/PaperExperiment/CompilerOptimization/Result/libsndfile/seahorn/seahorn-O2-g/result/run_20260322_101107_fixed_fullmatrix/log/sea.smc.stats.typeon.stderr.log
569,smc_typeon,Target/libsndfile/src/common.h,976,26,Possible read of undefined value at,"%52 = insertelement <2 x double> poison, double %51, i64 0, !dbg !7176",/home/jimi/PaperExperiment/CompilerOptimization/Result/libsndfile/seahorn/seahorn-O2-g/result/run_20260322_101107_fixed_fullmatrix/log/sea.smc.stats.typeon.stderr.log
570,smc_typeon,Target/libsndfile/src/common.h,976,26,Possible read of undefined value at,"%66 = insertelement <2 x double> poison, double %65, i64 0, !dbg !7176",/home/jimi/PaperExperiment/CompilerOptimization/Result/libsndfile/seahorn/seahorn-O2-g/result/run_20260322_101107_fixed_fullmatrix/log/sea.smc.stats.typeon.stderr.log
571,smc_typeon,Target/libsndfile/src/xi.c,1166,2,Possible read of undefined value at,"%31 = insertelement <8 x i16> poison, i16 %24, i64 7, !dbg !7186",/home/jimi/PaperExperiment/CompilerOptimization/Result/libsndfile/seahorn/seahorn-O2-g/result/run_20260322_101107_fixed_fullmatrix/log/sea.smc.stats.typeon.stderr.log
572,smc_typeon,Target/libsndfile/src/xi.c,1036,2,Possible read of undefined value at,"%32 = insertelement <8 x i8> poison, i8 %27, i64 7, !dbg !7190",/home/jimi/PaperExperiment/CompilerOptimization/Result/libsndfile/seahorn/seahorn-O2-g/result/run_20260322_101107_fixed_fullmatrix/log/sea.smc.stats.typeon.stderr.log
573,smc_typeon,Target/libsndfile/src/xi.c,1182,2,Possible read of undefined value at,"%31 = insertelement <4 x i16> poison, i16 %24, i64 3, !dbg !7188",/home/jimi/PaperExperiment/CompilerOptimization/Result/libsndfile/seahorn/seahorn-O2-g/result/run_20260322_101107_fixed_fullmatrix/log/sea.smc.stats.typeon.stderr.log
574,smc_typeon,Target/libsndfile/src/xi.c,1052,2,Possible read of undefined value at,"%32 = insertelement <4 x i8> poison, i8 %27, i64 3, !dbg !7190",/home/jimi/PaperExperiment/CompilerOptimization/Result/libsndfile/seahorn/seahorn-O2-g/result/run_20260322_101107_fixed_fullmatrix/log/sea.smc.stats.typeon.stderr.log
575,smc_typeon,Target/libsndfile/src/common.h,967,26,Possible read of undefined value at,"%43 = insertelement <4 x float> poison, float %42, i64 0, !dbg !7208",/home/jimi/PaperExperiment/CompilerOptimization/Result/libsndfile/seahorn/seahorn-O2-g/result/run_20260322_101107_fixed_fullmatrix/log/sea.smc.stats.typeon.stderr.log
576,smc_typeon,Target/libsndfile/src/common.h,967,26,Possible read of undefined value at,"%52 = insertelement <4 x float> poison, float %51, i64 0, !dbg !7208",/home/jimi/PaperExperiment/CompilerOptimization/Result/libsndfile/seahorn/seahorn-O2-g/result/run_20260322_101107_fixed_fullmatrix/log/sea.smc.stats.typeon.stderr.log
577,smc_typeon,Target/libsndfile/src/common.h,967,26,Possible read of undefined value at,"%71 = insertelement <4 x float> poison, float %70, i64 0, !dbg !7208",/home/jimi/PaperExperiment/CompilerOptimization/Result/libsndfile/seahorn/seahorn-O2-g/result/run_20260322_101107_fixed_fullmatrix/log/sea.smc.stats.typeon.stderr.log
578,smc_typeon,Target/libsndfile/src/common.h,967,26,Possible read of undefined value at,"%44 = insertelement <4 x float> poison, float %43, i64 0, !dbg !7210",/home/jimi/PaperExperiment/CompilerOptimization/Result/libsndfile/seahorn/seahorn-O2-g/result/run_20260322_101107_fixed_fullmatrix/log/sea.smc.stats.typeon.stderr.log
579,smc_typeon,Target/libsndfile/src/common.h,967,26,Possible read of undefined value at,"%53 = insertelement <4 x float> poison, float %52, i64 0, !dbg !7210",/home/jimi/PaperExperiment/CompilerOptimization/Result/libsndfile/seahorn/seahorn-O2-g/result/run_20260322_101107_fixed_fullmatrix/log/sea.smc.stats.typeon.stderr.log
580,smc_typeon,Target/libsndfile/src/common.h,967,26,Possible read of undefined value at,"%72 = insertelement <4 x float> poison, float %71, i64 0, !dbg !7210",/home/jimi/PaperExperiment/CompilerOptimization/Result/libsndfile/seahorn/seahorn-O2-g/result/run_20260322_101107_fixed_fullmatrix/log/sea.smc.stats.typeon.stderr.log
581,smc_typeon,Target/libsndfile/src/common.h,976,26,Possible read of undefined value at,"%43 = insertelement <2 x double> poison, double %42, i64 0, !dbg !7208",/home/jimi/PaperExperiment/CompilerOptimization/Result/libsndfile/seahorn/seahorn-O2-g/result/run_20260322_101107_fixed_fullmatrix/log/sea.smc.stats.typeon.stderr.log
582,smc_typeon,Target/libsndfile/src/common.h,976,26,Possible read of undefined value at,"%52 = insertelement <2 x double> poison, double %51, i64 0, !dbg !7208",/home/jimi/PaperExperiment/CompilerOptimization/Result/libsndfile/seahorn/seahorn-O2-g/result/run_20260322_101107_fixed_fullmatrix/log/sea.smc.stats.typeon.stderr.log
583,smc_typeon,Target/libsndfile/src/common.h,976,26,Possible read of undefined value at,"%71 = insertelement <2 x double> poison, double %70, i64 0, !dbg !7208",/home/jimi/PaperExperiment/CompilerOptimization/Result/libsndfile/seahorn/seahorn-O2-g/result/run_20260322_101107_fixed_fullmatrix/log/sea.smc.stats.typeon.stderr.log
584,smc_typeon,Target/libsndfile/src/common.h,976,26,Possible read of undefined value at,"%44 = insertelement <2 x double> poison, double %43, i64 0, !dbg !7210",/home/jimi/PaperExperiment/CompilerOptimization/Result/libsndfile/seahorn/seahorn-O2-g/result/run_20260322_101107_fixed_fullmatrix/log/sea.smc.stats.typeon.stderr.log
585,smc_typeon,Target/libsndfile/src/common.h,976,26,Possible read of undefined value at,"%53 = insertelement <2 x double> poison, double %52, i64 0, !dbg !7210",/home/jimi/PaperExperiment/CompilerOptimization/Result/libsndfile/seahorn/seahorn-O2-g/result/run_20260322_101107_fixed_fullmatrix/log/sea.smc.stats.typeon.stderr.log
586,smc_typeon,Target/libsndfile/src/common.h,976,26,Possible read of undefined value at,"%72 = insertelement <2 x double> poison, double %71, i64 0, !dbg !7210",/home/jimi/PaperExperiment/CompilerOptimization/Result/libsndfile/seahorn/seahorn-O2-g/result/run_20260322_101107_fixed_fullmatrix/log/sea.smc.stats.typeon.stderr.log
587,smc_typeon,Target/libsndfile/src/common.h,967,26,Possible read of undefined value at,"%40 = insertelement <4 x float> poison, float %39, i64 0, !dbg !7176",/home/jimi/PaperExperiment/CompilerOptimization/Result/libsndfile/seahorn/seahorn-O2-g/result/run_20260322_101107_fixed_fullmatrix/log/sea.smc.stats.typeon.stderr.log
588,smc_typeon,Target/libsndfile/src/common.h,967,26,Possible read of undefined value at,"%49 = insertelement <4 x float> poison, float %48, i64 0, !dbg !7176",/home/jimi/PaperExperiment/CompilerOptimization/Result/libsndfile/seahorn/seahorn-O2-g/result/run_20260322_101107_fixed_fullmatrix/log/sea.smc.stats.typeon.stderr.log
589,smc_typeon,Target/libsndfile/src/common.h,967,26,Possible read of undefined value at,"%64 = insertelement <4 x float> poison, float %63, i64 0, !dbg !7176",/home/jimi/PaperExperiment/CompilerOptimization/Result/libsndfile/seahorn/seahorn-O2-g/result/run_20260322_101107_fixed_fullmatrix/log/sea.smc.stats.typeon.stderr.log
590,smc_typeon,Target/libsndfile/src/common.h,976,26,Possible read of undefined value at,"%40 = insertelement <2 x double> poison, double %39, i64 0, !dbg !7176",/home/jimi/PaperExperiment/CompilerOptimization/Result/libsndfile/seahorn/seahorn-O2-g/result/run_20260322_101107_fixed_fullmatrix/log/sea.smc.stats.typeon.stderr.log
591,smc_typeon,Target/libsndfile/src/common.h,976,26,Possible read of undefined value at,"%49 = insertelement <2 x double> poison, double %48, i64 0, !dbg !7176",/home/jimi/PaperExperiment/CompilerOptimization/Result/libsndfile/seahorn/seahorn-O2-g/result/run_20260322_101107_fixed_fullmatrix/log/sea.smc.stats.typeon.stderr.log
592,smc_typeon,Target/libsndfile/src/common.h,976,26,Possible read of undefined value at,"%64 = insertelement <2 x double> poison, double %63, i64 0, !dbg !7176",/home/jimi/PaperExperiment/CompilerOptimization/Result/libsndfile/seahorn/seahorn-O2-g/result/run_20260322_101107_fixed_fullmatrix/log/sea.smc.stats.typeon.stderr.log
593,smc_typeon,Target/libsndfile/src/nms_adpcm.c,212,19,Possible read of undefined value at,"%59 = insertelement <4 x i16> poison, i16 %52, i64 0, !dbg !6807",/home/jimi/PaperExperiment/CompilerOptimization/Result/libsndfile/seahorn/seahorn-O2-g/result/run_20260322_101107_fixed_fullmatrix/log/sea.smc.stats.typeon.stderr.log
594,smc_typeon,Target/libsndfile/src/nms_adpcm.c,212,19,Possible read of undefined value at,"%60 = shufflevector <4 x i16> %59, <4 x i16> poison, <4 x i32> zeroinitializer, !dbg !6807",/home/jimi/PaperExperiment/CompilerOptimization/Result/libsndfile/seahorn/seahorn-O2-g/result/run_20260322_101107_fixed_fullmatrix/log/sea.smc.stats.typeon.stderr.log
595,smc_typeon,Target/libsndfile/src/GSM610/long_term.c,502,2,Possible read of undefined value at,"%1262 = insertelement <4 x i32> poison, i32 %1260, i64 0, !dbg !7086",/home/jimi/PaperExperiment/CompilerOptimization/Result/libsndfile/seahorn/seahorn-O2-g/result/run_20260322_101107_fixed_fullmatrix/log/sea.smc.stats.typeon.stderr.log
596,smc_typeon,Target/libsndfile/src/GSM610/long_term.c,502,2,Possible read of undefined value at,"%1263 = shufflevector <4 x i32> %1262, <4 x i32> poison, <4 x i32> zeroinitializer, !dbg !7086",/home/jimi/PaperExperiment/CompilerOptimization/Result/libsndfile/seahorn/seahorn-O2-g/result/run_20260322_101107_fixed_fullmatrix/log/sea.smc.stats.typeon.stderr.log
597,smc_typeon,Target/libsndfile/src/GSM610/long_term.c,502,2,Possible read of undefined value at,"%1264 = insertelement <4 x i32> poison, i32 %1259, i64 0, !dbg !7086",/home/jimi/PaperExperiment/CompilerOptimization/Result/libsndfile/seahorn/seahorn-O2-g/result/run_20260322_101107_fixed_fullmatrix/log/sea.smc.stats.typeon.stderr.log
598,smc_typeon,Target/libsndfile/src/GSM610/long_term.c,502,2,Possible read of undefined value at,"%1265 = shufflevector <4 x i32> %1264, <4 x i32> poison, <4 x i32> zeroinitializer, !dbg !7086",/home/jimi/PaperExperiment/CompilerOptimization/Result/libsndfile/seahorn/seahorn-O2-g/result/run_20260322_101107_fixed_fullmatrix/log/sea.smc.stats.typeon.stderr.log
599,smc_typeon,Target/libsndfile/src/GSM610/long_term.c,921,2,Possible read of undefined value at,"%39 = insertelement <8 x i32> poison, i32 %23, i64 0, !dbg !6801",/home/jimi/PaperExperiment/CompilerOptimization/Result/libsndfile/seahorn/seahorn-O2-g/result/run_20260322_101107_fixed_fullmatrix/log/sea.smc.stats.typeon.stderr.log
600,smc_typeon,Target/libsndfile/src/GSM610/long_term.c,921,2,Possible read of undefined value at,"%40 = shufflevector <8 x i32> %39, <8 x i32> poison, <8 x i32> zeroinitializer, !dbg !6801",/home/jimi/PaperExperiment/CompilerOptimization/Result/libsndfile/seahorn/seahorn-O2-g/result/run_20260322_101107_fixed_fullmatrix/log/sea.smc.stats.typeon.stderr.log
601,smc_typeon,Target/libsndfile/src/GSM610/lpc.c,165,27,Possible read of undefined value at,"%488 = insertelement <8 x float> poison, float %272, i64 0, !dbg !6840",/home/jimi/PaperExperiment/CompilerOptimization/Result/libsndfile/seahorn/seahorn-O2-g/result/run_20260322_101107_fixed_fullmatrix/log/sea.smc.stats.typeon.stderr.log
602,smc_typeon,Target/libsndfile/src/GSM610/lpc.c,165,27,Possible read of undefined value at,"%496 = insertelement <8 x float> poison, float %487, i64 0, !dbg !6840",/home/jimi/PaperExperiment/CompilerOptimization/Result/libsndfile/seahorn/seahorn-O2-g/result/run_20260322_101107_fixed_fullmatrix/log/sea.smc.stats.typeon.stderr.log
603,smc_typeon,Target/libsndfile/src/GSM610/lpc.c,165,27,Possible read of undefined value at,"%497 = shufflevector <8 x float> %496, <8 x float> poison, <8 x i32> zeroinitializer, !dbg !6840",/home/jimi/PaperExperiment/CompilerOptimization/Result/libsndfile/seahorn/seahorn-O2-g/result/run_20260322_101107_fixed_fullmatrix/log/sea.smc.stats.typeon.stderr.log
604,smc_typeon,Target/libsndfile/src/GSM610/lpc.c,119,68,Possible read of undefined value at,"%1080 = shufflevector <8 x float> %1074, <8 x float> undef, <2 x i32> <i32 1, i32 0>, !dbg !6957",/home/jimi/PaperExperiment/CompilerOptimization/Result/libsndfile/seahorn/seahorn-O2-g/result/run_20260322_101107_fixed_fullmatrix/log/sea.smc.stats.typeon.stderr.log
605,smc_typeon,Target/libsndfile/src/GSM610/lpc.c,119,68,Possible read of undefined value at,"%1081 = shufflevector <8 x float> %1074, <8 x float> undef, <2 x i32> <i32 7, i32 6>, !dbg !6957",/home/jimi/PaperExperiment/CompilerOptimization/Result/libsndfile/seahorn/seahorn-O2-g/result/run_20260322_101107_fixed_fullmatrix/log/sea.smc.stats.typeon.stderr.log
606,smc_typeon,Target/libsndfile/src/GSM610/lpc.c,119,68,Possible read of undefined value at,"%1084 = shufflevector <2 x i32> %1083, <2 x i32> poison, <2 x i32> <i32 1, i32 undef>, !dbg !6957",/home/jimi/PaperExperiment/CompilerOptimization/Result/libsndfile/seahorn/seahorn-O2-g/result/run_20260322_101107_fixed_fullmatrix/log/sea.smc.stats.typeon.stderr.log
607,smc_typeon,Target/libsndfile/src/GSM610/lpc.c,117,57,Possible read of undefined value at,"%1088 = shufflevector <8 x float> %1074, <8 x float> undef, <2 x i32> <i32 6, i32 5>, !dbg !6959",/home/jimi/PaperExperiment/CompilerOptimization/Result/libsndfile/seahorn/seahorn-O2-g/result/run_20260322_101107_fixed_fullmatrix/log/sea.smc.stats.typeon.stderr.log
608,smc_typeon,Target/libsndfile/src/GSM610/lpc.c,117,57,Possible read of undefined value at,"%1091 = shufflevector <2 x i32> %1090, <2 x i32> poison, <2 x i32> <i32 1, i32 undef>, !dbg !6959",/home/jimi/PaperExperiment/CompilerOptimization/Result/libsndfile/seahorn/seahorn-O2-g/result/run_20260322_101107_fixed_fullmatrix/log/sea.smc.stats.typeon.stderr.log
609,smc_typeon,Target/libsndfile/src/GSM610/lpc.c,115,46,Possible read of undefined value at,"%1099 = shufflevector <8 x float> %1074, <8 x float> undef, <4 x i32> <i32 1, i32 0, i32 2, i32 3>, !dbg !6962",/home/jimi/PaperExperiment/CompilerOptimization/Result/libsndfile/seahorn/seahorn-O2-g/result/run_20260322_101107_fixed_fullmatrix/log/sea.smc.stats.typeon.stderr.log
610,smc_typeon,Target/libsndfile/src/GSM610/lpc.c,115,46,Possible read of undefined value at,"%1100 = shufflevector <8 x float> %1074, <8 x float> undef, <4 x i32> <i32 5, i32 4, i32 6, i32 7>, !dbg !6962",/home/jimi/PaperExperiment/CompilerOptimization/Result/libsndfile/seahorn/seahorn-O2-g/result/run_20260322_101107_fixed_fullmatrix/log/sea.smc.stats.typeon.stderr.log
611,smc_typeon,Target/libsndfile/src/GSM610/lpc.c,113,35,Possible read of undefined value at,"%1104 = shufflevector <8 x float> %1074, <8 x float> undef, <4 x i32> <i32 4, i32 3, i32 5, i32 6>, !dbg !6964",/home/jimi/PaperExperiment/CompilerOptimization/Result/libsndfile/seahorn/seahorn-O2-g/result/run_20260322_101107_fixed_fullmatrix/log/sea.smc.stats.typeon.stderr.log
612,smc_typeon,Target/libsndfile/src/GSM610/lpc.c,111,24,Possible read of undefined value at,"%1111 = shufflevector <8 x float> %1074, <8 x float> undef, <4 x i32> <i32 3, i32 2, i32 4, i32 5>, !dbg !6966",/home/jimi/PaperExperiment/CompilerOptimization/Result/libsndfile/seahorn/seahorn-O2-g/result/run_20260322_101107_fixed_fullmatrix/log/sea.smc.stats.typeon.stderr.log
613,smc_typeon,Target/libsndfile/src/GSM610/lpc.c,109,13,Possible read of undefined value at,"%1121 = shufflevector <8 x float> %1074, <8 x float> undef, <4 x i32> <i32 2, i32 1, i32 3, i32 4>, !dbg !6969",/home/jimi/PaperExperiment/CompilerOptimization/Result/libsndfile/seahorn/seahorn-O2-g/result/run_20260322_101107_fixed_fullmatrix/log/sea.smc.stats.typeon.stderr.log
614,smc_typeon,Target/libsndfile/src/GSM610/lpc.c,121,2,Possible read of undefined value at,"%1137 = shufflevector <8 x float> %1074, <8 x float> undef, <4 x i32> <i32 undef, i32 undef, i32 undef, i32 7>, !dbg !6975",/home/jimi/PaperExperiment/CompilerOptimization/Result/libsndfile/seahorn/seahorn-O2-g/result/run_20260322_101107_fixed_fullmatrix/log/sea.smc.stats.typeon.stderr.log
615,smc_typeon,Target/libsndfile/src/GSM610/gsm610_priv.h,0,0,Possible read of undefined value at,"%1224 = insertelement <8 x i32> poison, i32 %1222, i64 0, !dbg !6997",/home/jimi/PaperExperiment/CompilerOptimization/Result/libsndfile/seahorn/seahorn-O2-g/result/run_20260322_101107_fixed_fullmatrix/log/sea.smc.stats.typeon.stderr.log
616,smc_typeon,Target/libsndfile/src/GSM610/lpc.c,137,3,Possible read of undefined value at,"%1237 = insertelement <8 x i32> poison, i32 %1236, i64 0, !dbg !7008",/home/jimi/PaperExperiment/CompilerOptimization/Result/libsndfile/seahorn/seahorn-O2-g/result/run_20260322_101107_fixed_fullmatrix/log/sea.smc.stats.typeon.stderr.log
617,smc_typeon,Target/libsndfile/src/GSM610/lpc.c,137,3,Possible read of undefined value at,"%1238 = shufflevector <8 x i32> %1237, <8 x i32> poison, <8 x i32> zeroinitializer, !dbg !7008",/home/jimi/PaperExperiment/CompilerOptimization/Result/libsndfile/seahorn/seahorn-O2-g/result/run_20260322_101107_fixed_fullmatrix/log/sea.smc.stats.typeon.stderr.log
618,smc_typeon,Target/libsndfile/src/GSM610/lpc.c,137,3,Possible read of undefined value at,"%1239 = insertelement <8 x i32> poison, i32 %1236, i64 0, !dbg !7008",/home/jimi/PaperExperiment/CompilerOptimization/Result/libsndfile/seahorn/seahorn-O2-g/result/run_20260322_101107_fixed_fullmatrix/log/sea.smc.stats.typeon.stderr.log
619,smc_typeon,Target/libsndfile/src/GSM610/lpc.c,137,3,Possible read of undefined value at,"%1240 = shufflevector <8 x i32> %1239, <8 x i32> poison, <8 x i32> zeroinitializer, !dbg !7008",/home/jimi/PaperExperiment/CompilerOptimization/Result/libsndfile/seahorn/seahorn-O2-g/result/run_20260322_101107_fixed_fullmatrix/log/sea.smc.stats.typeon.stderr.log
620,smc_typeon,Target/libsndfile/src/GSM610/gsm610_priv.h,123,30,Possible read of undefined value at,"%1855 = insertelement <8 x i16> poison, i16 %1686, i64 0, !dbg !7266",/home/jimi/PaperExperiment/CompilerOptimization/Result/libsndfile/seahorn/seahorn-O2-g/result/run_20260322_101107_fixed_fullmatrix/log/sea.smc.stats.typeon.stderr.log
621,smc_typeon,Target/libsndfile/src/GSM610/rpe.c,47,2,Possible read of undefined value at,"%17 = insertelement <8 x i16> poison, i16 %11, i64 7, !dbg !6781",/home/jimi/PaperExperiment/CompilerOptimization/Result/libsndfile/seahorn/seahorn-O2-g/result/run_20260322_101107_fixed_fullmatrix/log/sea.smc.stats.typeon.stderr.log
622,smc_typeon,Target/libsndfile/src/GSM610/rpe.c,47,2,Possible read of undefined value at,"%18 = insertelement <8 x i16> poison, i16 %13, i64 7, !dbg !6781",/home/jimi/PaperExperiment/CompilerOptimization/Result/libsndfile/seahorn/seahorn-O2-g/result/run_20260322_101107_fixed_fullmatrix/log/sea.smc.stats.typeon.stderr.log
623,smc_typeon,Target/libsndfile/src/GSM610/rpe.c,47,2,Possible read of undefined value at,"%19 = insertelement <8 x i16> poison, i16 %15, i64 7, !dbg !6781",/home/jimi/PaperExperiment/CompilerOptimization/Result/libsndfile/seahorn/seahorn-O2-g/result/run_20260322_101107_fixed_fullmatrix/log/sea.smc.stats.typeon.stderr.log
624,smc_typeon,Target/libsndfile/src/GSM610/rpe.c,47,2,Possible read of undefined value at,"%20 = insertelement <8 x i16> poison, i16 %16, i64 7, !dbg !6781",/home/jimi/PaperExperiment/CompilerOptimization/Result/libsndfile/seahorn/seahorn-O2-g/result/run_20260322_101107_fixed_fullmatrix/log/sea.smc.stats.typeon.stderr.log
625,smc_typeon,Target/libsndfile/src/GSM610/rpe.c,158,2,Possible read of undefined value at,"%115 = shufflevector <8 x i16> %114, <8 x i16> poison, <4 x i32> <i32 0, i32 undef, i32 undef, i32 undef>, !dbg !6853",/home/jimi/PaperExperiment/CompilerOptimization/Result/libsndfile/seahorn/seahorn-O2-g/result/run_20260322_101107_fixed_fullmatrix/log/sea.smc.stats.typeon.stderr.log
626,smc_typeon,Target/libsndfile/src/GSM610/rpe.c,172,44,Possible read of undefined value at,"%167 = shufflevector <8 x i16> %166, <8 x i16> poison, <4 x i32> <i32 0, i32 undef, i32 undef, i32 undef>, !dbg !6893",/home/jimi/PaperExperiment/CompilerOptimization/Result/libsndfile/seahorn/seahorn-O2-g/result/run_20260322_101107_fixed_fullmatrix/log/sea.smc.stats.typeon.stderr.log
627,smc_typeon,Target/libsndfile/src/GSM610/rpe.c,185,44,Possible read of undefined value at,"%223 = shufflevector <8 x i16> %222, <8 x i16> poison, <4 x i32> <i32 0, i32 undef, i32 undef, i32 undef>, !dbg !6936",/home/jimi/PaperExperiment/CompilerOptimization/Result/libsndfile/seahorn/seahorn-O2-g/result/run_20260322_101107_fixed_fullmatrix/log/sea.smc.stats.typeon.stderr.log
628,smc_typeon,Target/libsndfile/src/GSM610/gsm610_priv.h,179,8,Possible read of undefined value at,"%302 = insertelement <4 x i16> poison, i16 %272, i64 0, !dbg !6998",/home/jimi/PaperExperiment/CompilerOptimization/Result/libsndfile/seahorn/seahorn-O2-g/result/run_20260322_101107_fixed_fullmatrix/log/sea.smc.stats.typeon.stderr.log
629,smc_typeon,Target/libsndfile/src/GSM610/gsm610_priv.h,179,8,Possible read of undefined value at,"%311 = insertelement <8 x i16> poison, i16 %296, i64 0, !dbg !6998",/home/jimi/PaperExperiment/CompilerOptimization/Result/libsndfile/seahorn/seahorn-O2-g/result/run_20260322_101107_fixed_fullmatrix/log/sea.smc.stats.typeon.stderr.log
630,smc_typeon,Target/libsndfile/src/GSM610/rpe.c,277,19,Possible read of undefined value at,"%333 = insertelement <4 x i16> poison, i16 %331, i64 0, !dbg !7013",/home/jimi/PaperExperiment/CompilerOptimization/Result/libsndfile/seahorn/seahorn-O2-g/result/run_20260322_101107_fixed_fullmatrix/log/sea.smc.stats.typeon.stderr.log
631,smc_typeon,Target/libsndfile/src/GSM610/rpe.c,277,19,Possible read of undefined value at,"%334 = shufflevector <4 x i16> %333, <4 x i16> poison, <4 x i32> zeroinitializer, !dbg !7013",/home/jimi/PaperExperiment/CompilerOptimization/Result/libsndfile/seahorn/seahorn-O2-g/result/run_20260322_101107_fixed_fullmatrix/log/sea.smc.stats.typeon.stderr.log
632,smc_typeon,Target/libsndfile/src/GSM610/short_term.c,234,2,Possible read of undefined value at,"%71 = insertelement <8 x float> poison, float %7, i64 7, !dbg !6803",/home/jimi/PaperExperiment/CompilerOptimization/Result/libsndfile/seahorn/seahorn-O2-g/result/run_20260322_101107_fixed_fullmatrix/log/sea.smc.stats.typeon.stderr.log
633,smc_typeon,Target/libsndfile/src/GSM610/short_term.c,234,2,Possible read of undefined value at,"%72 = insertelement <8 x float> poison, float %13, i64 7, !dbg !6803",/home/jimi/PaperExperiment/CompilerOptimization/Result/libsndfile/seahorn/seahorn-O2-g/result/run_20260322_101107_fixed_fullmatrix/log/sea.smc.stats.typeon.stderr.log
634,smc_typeon,Target/libsndfile/src/GSM610/short_term.c,234,2,Possible read of undefined value at,"%73 = insertelement <8 x float> poison, float %20, i64 7, !dbg !6803",/home/jimi/PaperExperiment/CompilerOptimization/Result/libsndfile/seahorn/seahorn-O2-g/result/run_20260322_101107_fixed_fullmatrix/log/sea.smc.stats.typeon.stderr.log
635,smc_typeon,Target/libsndfile/src/GSM610/short_term.c,234,2,Possible read of undefined value at,"%74 = insertelement <8 x float> poison, float %27, i64 7, !dbg !6803",/home/jimi/PaperExperiment/CompilerOptimization/Result/libsndfile/seahorn/seahorn-O2-g/result/run_20260322_101107_fixed_fullmatrix/log/sea.smc.stats.typeon.stderr.log
636,smc_typeon,Target/libsndfile/src/GSM610/short_term.c,234,2,Possible read of undefined value at,"%75 = insertelement <8 x float> poison, float %34, i64 7, !dbg !6803",/home/jimi/PaperExperiment/CompilerOptimization/Result/libsndfile/seahorn/seahorn-O2-g/result/run_20260322_101107_fixed_fullmatrix/log/sea.smc.stats.typeon.stderr.log
637,smc_typeon,Target/libsndfile/src/GSM610/short_term.c,234,2,Possible read of undefined value at,"%76 = insertelement <8 x float> poison, float %41, i64 7, !dbg !6803",/home/jimi/PaperExperiment/CompilerOptimization/Result/libsndfile/seahorn/seahorn-O2-g/result/run_20260322_101107_fixed_fullmatrix/log/sea.smc.stats.typeon.stderr.log
638,smc_typeon,Target/libsndfile/src/GSM610/short_term.c,234,2,Possible read of undefined value at,"%77 = insertelement <8 x float> poison, float %48, i64 7, !dbg !6803",/home/jimi/PaperExperiment/CompilerOptimization/Result/libsndfile/seahorn/seahorn-O2-g/result/run_20260322_101107_fixed_fullmatrix/log/sea.smc.stats.typeon.stderr.log
639,smc_typeon,Target/libsndfile/src/GSM610/short_term.c,234,2,Possible read of undefined value at,"%78 = insertelement <8 x float> poison, float %55, i64 7, !dbg !6803",/home/jimi/PaperExperiment/CompilerOptimization/Result/libsndfile/seahorn/seahorn-O2-g/result/run_20260322_101107_fixed_fullmatrix/log/sea.smc.stats.typeon.stderr.log
640,smc_typeon,Target/libsndfile/src/GSM610/short_term.c,234,2,Possible read of undefined value at,"%79 = insertelement <8 x float> poison, float %10, i64 0, !dbg !6803",/home/jimi/PaperExperiment/CompilerOptimization/Result/libsndfile/seahorn/seahorn-O2-g/result/run_20260322_101107_fixed_fullmatrix/log/sea.smc.stats.typeon.stderr.log
641,smc_typeon,Target/libsndfile/src/GSM610/short_term.c,234,2,Possible read of undefined value at,"%80 = shufflevector <8 x float> %79, <8 x float> poison, <8 x i32> zeroinitializer, !dbg !6803",/home/jimi/PaperExperiment/CompilerOptimization/Result/libsndfile/seahorn/seahorn-O2-g/result/run_20260322_101107_fixed_fullmatrix/log/sea.smc.stats.typeon.stderr.log
642,smc_typeon,Target/libsndfile/src/GSM610/short_term.c,234,2,Possible read of undefined value at,"%81 = insertelement <8 x float> poison, float %17, i64 0, !dbg !6803",/home/jimi/PaperExperiment/CompilerOptimization/Result/libsndfile/seahorn/seahorn-O2-g/result/run_20260322_101107_fixed_fullmatrix/log/sea.smc.stats.typeon.stderr.log
643,smc_typeon,Target/libsndfile/src/GSM610/short_term.c,234,2,Possible read of undefined value at,"%82 = shufflevector <8 x float> %81, <8 x float> poison, <8 x i32> zeroinitializer, !dbg !6803",/home/jimi/PaperExperiment/CompilerOptimization/Result/libsndfile/seahorn/seahorn-O2-g/result/run_20260322_101107_fixed_fullmatrix/log/sea.smc.stats.typeon.stderr.log
644,smc_typeon,Target/libsndfile/src/GSM610/short_term.c,234,2,Possible read of undefined value at,"%83 = insertelement <8 x float> poison, float %24, i64 0, !dbg !6803",/home/jimi/PaperExperiment/CompilerOptimization/Result/libsndfile/seahorn/seahorn-O2-g/result/run_20260322_101107_fixed_fullmatrix/log/sea.smc.stats.typeon.stderr.log
645,smc_typeon,Target/libsndfile/src/GSM610/short_term.c,234,2,Possible read of undefined value at,"%84 = shufflevector <8 x float> %83, <8 x float> poison, <8 x i32> zeroinitializer, !dbg !6803",/home/jimi/PaperExperiment/CompilerOptimization/Result/libsndfile/seahorn/seahorn-O2-g/result/run_20260322_101107_fixed_fullmatrix/log/sea.smc.stats.typeon.stderr.log
646,smc_typeon,Target/libsndfile/src/GSM610/short_term.c,234,2,Possible read of undefined value at,"%85 = insertelement <8 x float> poison, float %31, i64 0, !dbg !6803",/home/jimi/PaperExperiment/CompilerOptimization/Result/libsndfile/seahorn/seahorn-O2-g/result/run_20260322_101107_fixed_fullmatrix/log/sea.smc.stats.typeon.stderr.log
647,smc_typeon,Target/libsndfile/src/GSM610/short_term.c,234,2,Possible read of undefined value at,"%86 = shufflevector <8 x float> %85, <8 x float> poison, <8 x i32> zeroinitializer, !dbg !6803",/home/jimi/PaperExperiment/CompilerOptimization/Result/libsndfile/seahorn/seahorn-O2-g/result/run_20260322_101107_fixed_fullmatrix/log/sea.smc.stats.typeon.stderr.log
648,smc_typeon,Target/libsndfile/src/GSM610/short_term.c,234,2,Possible read of undefined value at,"%87 = insertelement <8 x float> poison, float %38, i64 0, !dbg !6803",/home/jimi/PaperExperiment/CompilerOptimization/Result/libsndfile/seahorn/seahorn-O2-g/result/run_20260322_101107_fixed_fullmatrix/log/sea.smc.stats.typeon.stderr.log
649,smc_typeon,Target/libsndfile/src/GSM610/short_term.c,234,2,Possible read of undefined value at,"%88 = shufflevector <8 x float> %87, <8 x float> poison, <8 x i32> zeroinitializer, !dbg !6803",/home/jimi/PaperExperiment/CompilerOptimization/Result/libsndfile/seahorn/seahorn-O2-g/result/run_20260322_101107_fixed_fullmatrix/log/sea.smc.stats.typeon.stderr.log
650,smc_typeon,Target/libsndfile/src/GSM610/short_term.c,234,2,Possible read of undefined value at,"%89 = insertelement <8 x float> poison, float %45, i64 0, !dbg !6803",/home/jimi/PaperExperiment/CompilerOptimization/Result/libsndfile/seahorn/seahorn-O2-g/result/run_20260322_101107_fixed_fullmatrix/log/sea.smc.stats.typeon.stderr.log
651,smc_typeon,Target/libsndfile/src/GSM610/short_term.c,234,2,Possible read of undefined value at,"%90 = shufflevector <8 x float> %89, <8 x float> poison, <8 x i32> zeroinitializer, !dbg !6803",/home/jimi/PaperExperiment/CompilerOptimization/Result/libsndfile/seahorn/seahorn-O2-g/result/run_20260322_101107_fixed_fullmatrix/log/sea.smc.stats.typeon.stderr.log
652,smc_typeon,Target/libsndfile/src/GSM610/short_term.c,234,2,Possible read of undefined value at,"%91 = insertelement <8 x float> poison, float %52, i64 0, !dbg !6803",/home/jimi/PaperExperiment/CompilerOptimization/Result/libsndfile/seahorn/seahorn-O2-g/result/run_20260322_101107_fixed_fullmatrix/log/sea.smc.stats.typeon.stderr.log
653,smc_typeon,Target/libsndfile/src/GSM610/short_term.c,234,2,Possible read of undefined value at,"%92 = shufflevector <8 x float> %91, <8 x float> poison, <8 x i32> zeroinitializer, !dbg !6803",/home/jimi/PaperExperiment/CompilerOptimization/Result/libsndfile/seahorn/seahorn-O2-g/result/run_20260322_101107_fixed_fullmatrix/log/sea.smc.stats.typeon.stderr.log
654,smc_typeon,Target/libsndfile/src/GSM610/short_term.c,234,2,Possible read of undefined value at,"%93 = insertelement <8 x float> poison, float %59, i64 0, !dbg !6803",/home/jimi/PaperExperiment/CompilerOptimization/Result/libsndfile/seahorn/seahorn-O2-g/result/run_20260322_101107_fixed_fullmatrix/log/sea.smc.stats.typeon.stderr.log
655,smc_typeon,Target/libsndfile/src/GSM610/short_term.c,234,2,Possible read of undefined value at,"%94 = shufflevector <8 x float> %93, <8 x float> poison, <8 x i32> zeroinitializer, !dbg !6803",/home/jimi/PaperExperiment/CompilerOptimization/Result/libsndfile/seahorn/seahorn-O2-g/result/run_20260322_101107_fixed_fullmatrix/log/sea.smc.stats.typeon.stderr.log
656,smc_typeon,Target/libsndfile/src/GSM610/short_term.c,0,0,Possible read of undefined value at,"%51 = insertelement <8 x float> poison, float %13, i64 0, !dbg !6786",/home/jimi/PaperExperiment/CompilerOptimization/Result/libsndfile/seahorn/seahorn-O2-g/result/run_20260322_101107_fixed_fullmatrix/log/sea.smc.stats.typeon.stderr.log
657,smc_typeon,Target/libsndfile/src/GSM610/short_term.c,0,0,Possible read of undefined value at,"%52 = shufflevector <2 x float> %25, <2 x float> poison, <8 x i32> <i32 0, i32 1, i32 undef, i32 undef, i32 undef, i32 undef, i32 undef, i32 undef>, !dbg !6786",/home/jimi/PaperExperiment/CompilerOptimization/Result/libsndfile/seahorn/seahorn-O2-g/result/run_20260322_101107_fixed_fullmatrix/log/sea.smc.stats.typeon.stderr.log
658,smc_typeon,Target/libsndfile/src/GSM610/short_term.c,0,0,Possible read of undefined value at,"%54 = shufflevector <4 x float> %45, <4 x float> poison, <8 x i32> <i32 0, i32 1, i32 2, i32 3, i32 undef, i32 undef, i32 undef, i32 undef>, !dbg !6786",/home/jimi/PaperExperiment/CompilerOptimization/Result/libsndfile/seahorn/seahorn-O2-g/result/run_20260322_101107_fixed_fullmatrix/log/sea.smc.stats.typeon.stderr.log
659,smc_typeon,Target/libsndfile/src/GSM610/short_term.c,0,0,Possible read of undefined value at,"%69 = insertelement <8 x float> poison, float %209, i64 0, !dbg !6786",/home/jimi/PaperExperiment/CompilerOptimization/Result/libsndfile/seahorn/seahorn-O2-g/result/run_20260322_101107_fixed_fullmatrix/log/sea.smc.stats.typeon.stderr.log
660,smc_typeon,Target/libsndfile/src/GSM610/short_term.c,0,0,Possible read of undefined value at,"%214 = insertelement <4 x float> poison, float %167, i64 0, !dbg !6786",/home/jimi/PaperExperiment/CompilerOptimization/Result/libsndfile/seahorn/seahorn-O2-g/result/run_20260322_101107_fixed_fullmatrix/log/sea.smc.stats.typeon.stderr.log
661,smc_typeon,Target/libsndfile/src/ALAC/dp_dec.c,346,4,Possible read of undefined value at,"%580 = insertelement <4 x i32> poison, i32 %577, i64 0, !dbg !7307",/home/jimi/PaperExperiment/CompilerOptimization/Result/libsndfile/seahorn/seahorn-O2-g/result/run_20260322_101107_fixed_fullmatrix/log/sea.smc.stats.typeon.stderr.log
662,smc_typeon,Target/libsndfile/src/ALAC/dp_dec.c,346,4,Possible read of undefined value at,"%581 = shufflevector <4 x i32> %580, <4 x i32> poison, <4 x i32> zeroinitializer, !dbg !7307",/home/jimi/PaperExperiment/CompilerOptimization/Result/libsndfile/seahorn/seahorn-O2-g/result/run_20260322_101107_fixed_fullmatrix/log/sea.smc.stats.typeon.stderr.log
663,smc_typeon,Target/libsndfile/src/ALAC/dp_dec.c,346,4,Possible read of undefined value at,"%582 = insertelement <4 x i32> poison, i32 %577, i64 0, !dbg !7307",/home/jimi/PaperExperiment/CompilerOptimization/Result/libsndfile/seahorn/seahorn-O2-g/result/run_20260322_101107_fixed_fullmatrix/log/sea.smc.stats.typeon.stderr.log
664,smc_typeon,Target/libsndfile/src/ALAC/dp_dec.c,346,4,Possible read of undefined value at,"%583 = shufflevector <4 x i32> %582, <4 x i32> poison, <4 x i32> zeroinitializer, !dbg !7307",/home/jimi/PaperExperiment/CompilerOptimization/Result/libsndfile/seahorn/seahorn-O2-g/result/run_20260322_101107_fixed_fullmatrix/log/sea.smc.stats.typeon.stderr.log
665,smc_typeon,Target/libsndfile/src/ALAC/dp_dec.c,347,26,Possible read of undefined value at,"%601 = shufflevector <4 x i32> %600, <4 x i32> poison, <4 x i32> <i32 3, i32 2, i32 1, i32 0>, !dbg !7312",/home/jimi/PaperExperiment/CompilerOptimization/Result/libsndfile/seahorn/seahorn-O2-g/result/run_20260322_101107_fixed_fullmatrix/log/sea.smc.stats.typeon.stderr.log
666,smc_typeon,Target/libsndfile/src/ALAC/dp_dec.c,347,26,Possible read of undefined value at,"%606 = shufflevector <4 x i32> %605, <4 x i32> poison, <4 x i32> <i32 3, i32 2, i32 1, i32 0>, !dbg !7312",/home/jimi/PaperExperiment/CompilerOptimization/Result/libsndfile/seahorn/seahorn-O2-g/result/run_20260322_101107_fixed_fullmatrix/log/sea.smc.stats.typeon.stderr.log
667,smc_typeon,Target/libsndfile/src/ALAC/dp_enc.c,99,3,Possible read of undefined value at,"%28 = insertelement <4 x i32> poison, i32 %8, i64 0, !dbg !6797",/home/jimi/PaperExperiment/CompilerOptimization/Result/libsndfile/seahorn/seahorn-O2-g/result/run_20260322_101107_fixed_fullmatrix/log/sea.smc.stats.typeon.stderr.log
668,smc_typeon,Target/libsndfile/src/ALAC/dp_enc.c,99,3,Possible read of undefined value at,"%29 = shufflevector <4 x i32> %28, <4 x i32> poison, <4 x i32> zeroinitializer, !dbg !6797",/home/jimi/PaperExperiment/CompilerOptimization/Result/libsndfile/seahorn/seahorn-O2-g/result/run_20260322_101107_fixed_fullmatrix/log/sea.smc.stats.typeon.stderr.log
669,smc_typeon,Target/libsndfile/src/ALAC/dp_enc.c,99,3,Possible read of undefined value at,"%30 = insertelement <4 x i32> poison, i32 %8, i64 0, !dbg !6797",/home/jimi/PaperExperiment/CompilerOptimization/Result/libsndfile/seahorn/seahorn-O2-g/result/run_20260322_101107_fixed_fullmatrix/log/sea.smc.stats.typeon.stderr.log
670,smc_typeon,Target/libsndfile/src/ALAC/dp_enc.c,99,3,Possible read of undefined value at,"%31 = shufflevector <4 x i32> %30, <4 x i32> poison, <4 x i32> zeroinitializer, !dbg !6797",/home/jimi/PaperExperiment/CompilerOptimization/Result/libsndfile/seahorn/seahorn-O2-g/result/run_20260322_101107_fixed_fullmatrix/log/sea.smc.stats.typeon.stderr.log
671,smc_typeon,Target/libsndfile/src/ALAC/dp_enc.c,107,2,Possible read of undefined value at,"%98 = insertelement <4 x i32> poison, i32 %8, i64 0, !dbg !6819",/home/jimi/PaperExperiment/CompilerOptimization/Result/libsndfile/seahorn/seahorn-O2-g/result/run_20260322_101107_fixed_fullmatrix/log/sea.smc.stats.typeon.stderr.log
672,smc_typeon,Target/libsndfile/src/ALAC/dp_enc.c,107,2,Possible read of undefined value at,"%99 = shufflevector <4 x i32> %98, <4 x i32> poison, <4 x i32> zeroinitializer, !dbg !6819",/home/jimi/PaperExperiment/CompilerOptimization/Result/libsndfile/seahorn/seahorn-O2-g/result/run_20260322_101107_fixed_fullmatrix/log/sea.smc.stats.typeon.stderr.log
673,smc_typeon,Target/libsndfile/src/ALAC/dp_enc.c,107,2,Possible read of undefined value at,"%100 = insertelement <4 x i32> poison, i32 %8, i64 0, !dbg !6819",/home/jimi/PaperExperiment/CompilerOptimization/Result/libsndfile/seahorn/seahorn-O2-g/result/run_20260322_101107_fixed_fullmatrix/log/sea.smc.stats.typeon.stderr.log
674,smc_typeon,Target/libsndfile/src/ALAC/dp_enc.c,107,2,Possible read of undefined value at,"%101 = shufflevector <4 x i32> %100, <4 x i32> poison, <4 x i32> zeroinitializer, !dbg !6819",/home/jimi/PaperExperiment/CompilerOptimization/Result/libsndfile/seahorn/seahorn-O2-g/result/run_20260322_101107_fixed_fullmatrix/log/sea.smc.stats.typeon.stderr.log
675,smc_typeon,Target/libsndfile/src/ALAC/dp_enc.c,352,4,Possible read of undefined value at,"%689 = insertelement <4 x i32> poison, i32 %684, i64 0, !dbg !7313",/home/jimi/PaperExperiment/CompilerOptimization/Result/libsndfile/seahorn/seahorn-O2-g/result/run_20260322_101107_fixed_fullmatrix/log/sea.smc.stats.typeon.stderr.log
676,smc_typeon,Target/libsndfile/src/ALAC/dp_enc.c,352,4,Possible read of undefined value at,"%690 = shufflevector <4 x i32> %689, <4 x i32> poison, <4 x i32> zeroinitializer, !dbg !7313",/home/jimi/PaperExperiment/CompilerOptimization/Result/libsndfile/seahorn/seahorn-O2-g/result/run_20260322_101107_fixed_fullmatrix/log/sea.smc.stats.typeon.stderr.log
677,smc_typeon,Target/libsndfile/src/ALAC/dp_enc.c,352,4,Possible read of undefined value at,"%691 = insertelement <4 x i32> poison, i32 %684, i64 0, !dbg !7313",/home/jimi/PaperExperiment/CompilerOptimization/Result/libsndfile/seahorn/seahorn-O2-g/result/run_20260322_101107_fixed_fullmatrix/log/sea.smc.stats.typeon.stderr.log
678,smc_typeon,Target/libsndfile/src/ALAC/dp_enc.c,352,4,Possible read of undefined value at,"%692 = shufflevector <4 x i32> %691, <4 x i32> poison, <4 x i32> zeroinitializer, !dbg !7313",/home/jimi/PaperExperiment/CompilerOptimization/Result/libsndfile/seahorn/seahorn-O2-g/result/run_20260322_101107_fixed_fullmatrix/log/sea.smc.stats.typeon.stderr.log
679,smc_typeon,Target/libsndfile/src/ALAC/dp_enc.c,353,32,Possible read of undefined value at,"%710 = shufflevector <4 x i32> %709, <4 x i32> poison, <4 x i32> <i32 3, i32 2, i32 1, i32 0>, !dbg !7318",/home/jimi/PaperExperiment/CompilerOptimization/Result/libsndfile/seahorn/seahorn-O2-g/result/run_20260322_101107_fixed_fullmatrix/log/sea.smc.stats.typeon.stderr.log
680,smc_typeon,Target/libsndfile/src/ALAC/dp_enc.c,353,32,Possible read of undefined value at,"%715 = shufflevector <4 x i32> %714, <4 x i32> poison, <4 x i32> <i32 3, i32 2, i32 1, i32 0>, !dbg !7318",/home/jimi/PaperExperiment/CompilerOptimization/Result/libsndfile/seahorn/seahorn-O2-g/result/run_20260322_101107_fixed_fullmatrix/log/sea.smc.stats.typeon.stderr.log
681,smc_typeon,Target/libsndfile/src/ALAC/alac_encoder.c,810,4,Possible read of undefined value at,"%57 = insertelement <4 x i32> poison, i32 %29, i64 0, !dbg !6855",/home/jimi/PaperExperiment/CompilerOptimization/Result/libsndfile/seahorn/seahorn-O2-g/result/run_20260322_101107_fixed_fullmatrix/log/sea.smc.stats.typeon.stderr.log
682,smc_typeon,Target/libsndfile/src/ALAC/alac_encoder.c,810,4,Possible read of undefined value at,"%58 = shufflevector <4 x i32> %57, <4 x i32> poison, <4 x i32> zeroinitializer, !dbg !6855",/home/jimi/PaperExperiment/CompilerOptimization/Result/libsndfile/seahorn/seahorn-O2-g/result/run_20260322_101107_fixed_fullmatrix/log/sea.smc.stats.typeon.stderr.log
683,smc_typeon,Target/libsndfile/src/ALAC/alac_encoder.c,810,4,Possible read of undefined value at,"%59 = insertelement <4 x i32> poison, i32 %29, i64 0, !dbg !6855",/home/jimi/PaperExperiment/CompilerOptimization/Result/libsndfile/seahorn/seahorn-O2-g/result/run_20260322_101107_fixed_fullmatrix/log/sea.smc.stats.typeon.stderr.log
684,smc_typeon,Target/libsndfile/src/ALAC/alac_encoder.c,810,4,Possible read of undefined value at,"%60 = shufflevector <4 x i32> %59, <4 x i32> poison, <4 x i32> zeroinitializer, !dbg !6855",/home/jimi/PaperExperiment/CompilerOptimization/Result/libsndfile/seahorn/seahorn-O2-g/result/run_20260322_101107_fixed_fullmatrix/log/sea.smc.stats.typeon.stderr.log
685,smc_typeon,Target/libsndfile/src/ALAC/alac_encoder.c,810,4,Possible read of undefined value at,"%61 = insertelement <4 x i32> poison, i32 %27, i64 0, !dbg !6855",/home/jimi/PaperExperiment/CompilerOptimization/Result/libsndfile/seahorn/seahorn-O2-g/result/run_20260322_101107_fixed_fullmatrix/log/sea.smc.stats.typeon.stderr.log
686,smc_typeon,Target/libsndfile/src/ALAC/alac_encoder.c,810,4,Possible read of undefined value at,"%62 = shufflevector <4 x i32> %61, <4 x i32> poison, <4 x i32> zeroinitializer, !dbg !6855",/home/jimi/PaperExperiment/CompilerOptimization/Result/libsndfile/seahorn/seahorn-O2-g/result/run_20260322_101107_fixed_fullmatrix/log/sea.smc.stats.typeon.stderr.log
687,smc_typeon,Target/libsndfile/src/ALAC/alac_encoder.c,810,4,Possible read of undefined value at,"%63 = insertelement <4 x i32> poison, i32 %27, i64 0, !dbg !6855",/home/jimi/PaperExperiment/CompilerOptimization/Result/libsndfile/seahorn/seahorn-O2-g/result/run_20260322_101107_fixed_fullmatrix/log/sea.smc.stats.typeon.stderr.log
688,smc_typeon,Target/libsndfile/src/ALAC/alac_encoder.c,810,4,Possible read of undefined value at,"%64 = shufflevector <4 x i32> %63, <4 x i32> poison, <4 x i32> zeroinitializer, !dbg !6855",/home/jimi/PaperExperiment/CompilerOptimization/Result/libsndfile/seahorn/seahorn-O2-g/result/run_20260322_101107_fixed_fullmatrix/log/sea.smc.stats.typeon.stderr.log
689,smc_typeon,Target/libsndfile/src/ALAC/alac_encoder.c,800,4,Possible read of undefined value at,"%136 = insertelement <4 x i32> poison, i32 %29, i64 0, !dbg !6879",/home/jimi/PaperExperiment/CompilerOptimization/Result/libsndfile/seahorn/seahorn-O2-g/result/run_20260322_101107_fixed_fullmatrix/log/sea.smc.stats.typeon.stderr.log
690,smc_typeon,Target/libsndfile/src/ALAC/alac_encoder.c,800,4,Possible read of undefined value at,"%137 = shufflevector <4 x i32> %136, <4 x i32> poison, <4 x i32> zeroinitializer, !dbg !6879",/home/jimi/PaperExperiment/CompilerOptimization/Result/libsndfile/seahorn/seahorn-O2-g/result/run_20260322_101107_fixed_fullmatrix/log/sea.smc.stats.typeon.stderr.log
691,smc_typeon,Target/libsndfile/src/ALAC/alac_encoder.c,800,4,Possible read of undefined value at,"%138 = insertelement <4 x i32> poison, i32 %29, i64 0, !dbg !6879",/home/jimi/PaperExperiment/CompilerOptimization/Result/libsndfile/seahorn/seahorn-O2-g/result/run_20260322_101107_fixed_fullmatrix/log/sea.smc.stats.typeon.stderr.log
692,smc_typeon,Target/libsndfile/src/ALAC/alac_encoder.c,800,4,Possible read of undefined value at,"%139 = shufflevector <4 x i32> %138, <4 x i32> poison, <4 x i32> zeroinitializer, !dbg !6879",/home/jimi/PaperExperiment/CompilerOptimization/Result/libsndfile/seahorn/seahorn-O2-g/result/run_20260322_101107_fixed_fullmatrix/log/sea.smc.stats.typeon.stderr.log
693,smc_typeon,Target/libsndfile/src/ALAC/alac_encoder.c,800,4,Possible read of undefined value at,"%140 = insertelement <4 x i32> poison, i32 %27, i64 0, !dbg !6879",/home/jimi/PaperExperiment/CompilerOptimization/Result/libsndfile/seahorn/seahorn-O2-g/result/run_20260322_101107_fixed_fullmatrix/log/sea.smc.stats.typeon.stderr.log
694,smc_typeon,Target/libsndfile/src/ALAC/alac_encoder.c,800,4,Possible read of undefined value at,"%141 = shufflevector <4 x i32> %140, <4 x i32> poison, <4 x i32> zeroinitializer, !dbg !6879",/home/jimi/PaperExperiment/CompilerOptimization/Result/libsndfile/seahorn/seahorn-O2-g/result/run_20260322_101107_fixed_fullmatrix/log/sea.smc.stats.typeon.stderr.log
695,smc_typeon,Target/libsndfile/src/ALAC/alac_encoder.c,800,4,Possible read of undefined value at,"%142 = insertelement <4 x i32> poison, i32 %27, i64 0, !dbg !6879",/home/jimi/PaperExperiment/CompilerOptimization/Result/libsndfile/seahorn/seahorn-O2-g/result/run_20260322_101107_fixed_fullmatrix/log/sea.smc.stats.typeon.stderr.log
696,smc_typeon,Target/libsndfile/src/ALAC/alac_encoder.c,800,4,Possible read of undefined value at,"%143 = shufflevector <4 x i32> %142, <4 x i32> poison, <4 x i32> zeroinitializer, !dbg !6879",/home/jimi/PaperExperiment/CompilerOptimization/Result/libsndfile/seahorn/seahorn-O2-g/result/run_20260322_101107_fixed_fullmatrix/log/sea.smc.stats.typeon.stderr.log
