step,analysis_kind,analysis_mode,channel,warning,stderr
pta_fi,PTA,fi,lines,"[pta] UNHANDLED:   %148 = invoke noundef i8* @_ZNSt7__cxx1112basic_stringIcSt11char_traitsIcESaIcEE9_M_createERmm(%""class.std::__cxx11::basic_string""* noundef nonnull align 8 dereferenceable(32) %144, i64* noundef nonnull align 8 dereferenceable(8) %21, i64 noundef 0)",/home/jimi/PaperExperiment/CompilerOptimization/Result/flatbuffers/dg/dg-LLVM14-O2-g/high_precision_20260326_164052/log/pta_fi.lines.stderr.log
pta_fi,PTA,fi,lines,"[pta] UNHANDLED:   invoke void @_ZN11flatbuffers22NewBinaryCodeGeneratorEv(%""class.std::unique_ptr.151""* nonnull sret(%""class.std::unique_ptr.151"") align 8 %27)",/home/jimi/PaperExperiment/CompilerOptimization/Result/flatbuffers/dg/dg-LLVM14-O2-g/high_precision_20260326_164052/log/pta_fi.lines.stderr.log
pta_fi,PTA,fi,lines,"[pta] UNHANDLED:   invoke void @_ZNSt8_Rb_treeINSt7__cxx1112basic_stringIcSt11char_traitsIcESaIcEEESt4pairIKS5_St10shared_ptrIN11flatbuffers13CodeGeneratorEEESt10_Select1stISC_ESt4lessIS5_ESaISC_EE8_M_eraseEPSt13_Rb_tree_nodeISC_E(%""class.std::_Rb_tree""* noundef nonnull align 8 dereferenceable(48) %2, %""struct.std::_Rb_tree_node.354""* noundef %6)",/home/jimi/PaperExperiment/CompilerOptimization/Result/flatbuffers/dg/dg-LLVM14-O2-g/high_precision_20260326_164052/log/pta_fi.lines.stderr.log
pta_fi,PTA,fi,lines,"[pta] UNHANDLED:   %8 = landingpad { i8*, i32 }",/home/jimi/PaperExperiment/CompilerOptimization/Result/flatbuffers/dg/dg-LLVM14-O2-g/high_precision_20260326_164052/log/pta_fi.lines.stderr.log
pta_fi,PTA,fi,lines,"[pta] UNHANDLED:   %2097 = landingpad { i8*, i32 }",/home/jimi/PaperExperiment/CompilerOptimization/Result/flatbuffers/dg/dg-LLVM14-O2-g/high_precision_20260326_164052/log/pta_fi.lines.stderr.log
pta_fi,PTA,fi,lines,"[pta] UNHANDLED:   invoke void @_ZNSt12__shared_ptrIN11flatbuffers13CodeGeneratorELN9__gnu_cxx12_Lock_policyE2EEC2IS1_St14default_deleteIS1_EvEEOSt10unique_ptrIT_T0_E(%""class.std::__shared_ptr""* noundef nonnull align 8 dereferenceable(16) %158, %""class.std::unique_ptr.151""* noundef nonnull align 8 dereferenceable(8) %27)",/home/jimi/PaperExperiment/CompilerOptimization/Result/flatbuffers/dg/dg-LLVM14-O2-g/high_precision_20260326_164052/log/pta_fi.lines.stderr.log
pta_fi,PTA,fi,lines,"[pta] UNHANDLED:   %2081 = landingpad { i8*, i32 }",/home/jimi/PaperExperiment/CompilerOptimization/Result/flatbuffers/dg/dg-LLVM14-O2-g/high_precision_20260326_164052/log/pta_fi.lines.stderr.log
pta_fi,PTA,fi,lines,"[pta] UNHANDLED:   resume { i8*, i32 } %2773, !dbg !106616",/home/jimi/PaperExperiment/CompilerOptimization/Result/flatbuffers/dg/dg-LLVM14-O2-g/high_precision_20260326_164052/log/pta_fi.lines.stderr.log
pta_fi,PTA,fi,lines,"[pta] UNHANDLED:   %160 = invoke noundef zeroext i1 bitcast (i1 (%""class.flatbuffers::FlatCompiler""*, %""struct.flatbuffers::FlatCOption""*, %""class.std::shared_ptr""*)* @_ZN11flatbuffers12FlatCompiler21RegisterCodeGeneratorERKNS_11FlatCOptionESt10shared_ptrINS_13CodeGeneratorEE to i1 (%""class.flatbuffers::FlatCompiler.2328""*, %""struct.flatbuffers::FlatCOption""*, %""class.std::shared_ptr""*)*)(%""class.flatbuffers::FlatCompiler.2328""* noundef nonnull align 8 dereferenceable(64) %24, %""struct.flatbuffers::FlatCOption""* noundef nonnull align 8 dereferenceable(128) %25, %""class.std::shared_ptr""* noundef nonnull %26)",/home/jimi/PaperExperiment/CompilerOptimization/Result/flatbuffers/dg/dg-LLVM14-O2-g/high_precision_20260326_164052/log/pta_fi.lines.stderr.log
pta_fi,PTA,fi,lines,"[pta] UNHANDLED:   %2083 = landingpad { i8*, i32 }",/home/jimi/PaperExperiment/CompilerOptimization/Result/flatbuffers/dg/dg-LLVM14-O2-g/high_precision_20260326_164052/log/pta_fi.lines.stderr.log
pta_fi,PTA,fi,lines,"[pta] UNHANDLED:   %2085 = landingpad { i8*, i32 }",/home/jimi/PaperExperiment/CompilerOptimization/Result/flatbuffers/dg/dg-LLVM14-O2-g/high_precision_20260326_164052/log/pta_fi.lines.stderr.log
pta_fi,PTA,fi,lines,"[pta] UNHANDLED:   %250 = invoke noundef i8* @_ZNSt7__cxx1112basic_stringIcSt11char_traitsIcESaIcEE9_M_createERmm(%""class.std::__cxx11::basic_string""* noundef nonnull align 8 dereferenceable(32) %246, i64* noundef nonnull align 8 dereferenceable(8) %20, i64 noundef 0)",/home/jimi/PaperExperiment/CompilerOptimization/Result/flatbuffers/dg/dg-LLVM14-O2-g/high_precision_20260326_164052/log/pta_fi.lines.stderr.log
pta_fi,PTA,fi,lines,"[pta] UNHANDLED:   invoke void @_ZN11flatbuffers19NewCppCodeGeneratorEv(%""class.std::unique_ptr.151""* nonnull sret(%""class.std::unique_ptr.151"") align 8 %30)",/home/jimi/PaperExperiment/CompilerOptimization/Result/flatbuffers/dg/dg-LLVM14-O2-g/high_precision_20260326_164052/log/pta_fi.lines.stderr.log
pta_fi,PTA,fi,lines,"[pta] UNHANDLED:   %2131 = landingpad { i8*, i32 }",/home/jimi/PaperExperiment/CompilerOptimization/Result/flatbuffers/dg/dg-LLVM14-O2-g/high_precision_20260326_164052/log/pta_fi.lines.stderr.log
pta_fi,PTA,fi,lines,"[pta] UNHANDLED:   invoke void @_ZNSt12__shared_ptrIN11flatbuffers13CodeGeneratorELN9__gnu_cxx12_Lock_policyE2EEC2IS1_St14default_deleteIS1_EvEEOSt10unique_ptrIT_T0_E(%""class.std::__shared_ptr""* noundef nonnull align 8 dereferenceable(16) %260, %""class.std::unique_ptr.151""* noundef nonnull align 8 dereferenceable(8) %30)",/home/jimi/PaperExperiment/CompilerOptimization/Result/flatbuffers/dg/dg-LLVM14-O2-g/high_precision_20260326_164052/log/pta_fi.lines.stderr.log
pta_fi,PTA,fi,lines,"[pta] UNHANDLED:   %2115 = landingpad { i8*, i32 }",/home/jimi/PaperExperiment/CompilerOptimization/Result/flatbuffers/dg/dg-LLVM14-O2-g/high_precision_20260326_164052/log/pta_fi.lines.stderr.log
pta_fi,PTA,fi,lines,"[pta] UNHANDLED:   %262 = invoke noundef zeroext i1 bitcast (i1 (%""class.flatbuffers::FlatCompiler""*, %""struct.flatbuffers::FlatCOption""*, %""class.std::shared_ptr""*)* @_ZN11flatbuffers12FlatCompiler21RegisterCodeGeneratorERKNS_11FlatCOptionESt10shared_ptrINS_13CodeGeneratorEE to i1 (%""class.flatbuffers::FlatCompiler.2328""*, %""struct.flatbuffers::FlatCOption""*, %""class.std::shared_ptr""*)*)(%""class.flatbuffers::FlatCompiler.2328""* noundef nonnull align 8 dereferenceable(64) %24, %""struct.flatbuffers::FlatCOption""* noundef nonnull align 8 dereferenceable(128) %28, %""class.std::shared_ptr""* noundef nonnull %29)",/home/jimi/PaperExperiment/CompilerOptimization/Result/flatbuffers/dg/dg-LLVM14-O2-g/high_precision_20260326_164052/log/pta_fi.lines.stderr.log
pta_fi,PTA,fi,lines,"[pta] UNHANDLED:   %2117 = landingpad { i8*, i32 }",/home/jimi/PaperExperiment/CompilerOptimization/Result/flatbuffers/dg/dg-LLVM14-O2-g/high_precision_20260326_164052/log/pta_fi.lines.stderr.log
pta_fi,PTA,fi,lines,"[pta] UNHANDLED:   %2119 = landingpad { i8*, i32 }",/home/jimi/PaperExperiment/CompilerOptimization/Result/flatbuffers/dg/dg-LLVM14-O2-g/high_precision_20260326_164052/log/pta_fi.lines.stderr.log
pta_fi,PTA,fi,lines,"[pta] UNHANDLED:   %352 = invoke noundef i8* @_ZNSt7__cxx1112basic_stringIcSt11char_traitsIcESaIcEE9_M_createERmm(%""class.std::__cxx11::basic_string""* noundef nonnull align 8 dereferenceable(32) %348, i64* noundef nonnull align 8 dereferenceable(8) %19, i64 noundef 0)",/home/jimi/PaperExperiment/CompilerOptimization/Result/flatbuffers/dg/dg-LLVM14-O2-g/high_precision_20260326_164052/log/pta_fi.lines.stderr.log
pta_fi,PTA,fi,lines,"[pta] UNHANDLED:   invoke void @_ZN11flatbuffers22NewCSharpCodeGeneratorEv(%""class.std::unique_ptr.151""* nonnull sret(%""class.std::unique_ptr.151"") align 8 %33)",/home/jimi/PaperExperiment/CompilerOptimization/Result/flatbuffers/dg/dg-LLVM14-O2-g/high_precision_20260326_164052/log/pta_fi.lines.stderr.log
pta_fi,PTA,fi,lines,"[pta] UNHANDLED:   %2165 = landingpad { i8*, i32 }",/home/jimi/PaperExperiment/CompilerOptimization/Result/flatbuffers/dg/dg-LLVM14-O2-g/high_precision_20260326_164052/log/pta_fi.lines.stderr.log
pta_fi,PTA,fi,lines,"[pta] UNHANDLED:   invoke void @_ZNSt12__shared_ptrIN11flatbuffers13CodeGeneratorELN9__gnu_cxx12_Lock_policyE2EEC2IS1_St14default_deleteIS1_EvEEOSt10unique_ptrIT_T0_E(%""class.std::__shared_ptr""* noundef nonnull align 8 dereferenceable(16) %362, %""class.std::unique_ptr.151""* noundef nonnull align 8 dereferenceable(8) %33)",/home/jimi/PaperExperiment/CompilerOptimization/Result/flatbuffers/dg/dg-LLVM14-O2-g/high_precision_20260326_164052/log/pta_fi.lines.stderr.log
pta_fi,PTA,fi,lines,"[pta] UNHANDLED:   %2149 = landingpad { i8*, i32 }",/home/jimi/PaperExperiment/CompilerOptimization/Result/flatbuffers/dg/dg-LLVM14-O2-g/high_precision_20260326_164052/log/pta_fi.lines.stderr.log
pta_fi,PTA,fi,lines,"[pta] UNHANDLED:   %364 = invoke noundef zeroext i1 bitcast (i1 (%""class.flatbuffers::FlatCompiler""*, %""struct.flatbuffers::FlatCOption""*, %""class.std::shared_ptr""*)* @_ZN11flatbuffers12FlatCompiler21RegisterCodeGeneratorERKNS_11FlatCOptionESt10shared_ptrINS_13CodeGeneratorEE to i1 (%""class.flatbuffers::FlatCompiler.2328""*, %""struct.flatbuffers::FlatCOption""*, %""class.std::shared_ptr""*)*)(%""class.flatbuffers::FlatCompiler.2328""* noundef nonnull align 8 dereferenceable(64) %24, %""struct.flatbuffers::FlatCOption""* noundef nonnull align 8 dereferenceable(128) %31, %""class.std::shared_ptr""* noundef nonnull %32)",/home/jimi/PaperExperiment/CompilerOptimization/Result/flatbuffers/dg/dg-LLVM14-O2-g/high_precision_20260326_164052/log/pta_fi.lines.stderr.log
pta_fi,PTA,fi,lines,"[pta] UNHANDLED:   %2151 = landingpad { i8*, i32 }",/home/jimi/PaperExperiment/CompilerOptimization/Result/flatbuffers/dg/dg-LLVM14-O2-g/high_precision_20260326_164052/log/pta_fi.lines.stderr.log
pta_fi,PTA,fi,lines,"[pta] UNHANDLED:   %2153 = landingpad { i8*, i32 }",/home/jimi/PaperExperiment/CompilerOptimization/Result/flatbuffers/dg/dg-LLVM14-O2-g/high_precision_20260326_164052/log/pta_fi.lines.stderr.log
pta_fi,PTA,fi,lines,"[pta] UNHANDLED:   %455 = invoke noundef i8* @_ZNSt7__cxx1112basic_stringIcSt11char_traitsIcESaIcEE9_M_createERmm(%""class.std::__cxx11::basic_string""* noundef nonnull align 8 dereferenceable(32) %451, i64* noundef nonnull align 8 dereferenceable(8) %18, i64 noundef 0)",/home/jimi/PaperExperiment/CompilerOptimization/Result/flatbuffers/dg/dg-LLVM14-O2-g/high_precision_20260326_164052/log/pta_fi.lines.stderr.log
pta_fi,PTA,fi,lines,"[pta] UNHANDLED:   invoke void @_ZN11flatbuffers20NewDartCodeGeneratorEv(%""class.std::unique_ptr.151""* nonnull sret(%""class.std::unique_ptr.151"") align 8 %36)",/home/jimi/PaperExperiment/CompilerOptimization/Result/flatbuffers/dg/dg-LLVM14-O2-g/high_precision_20260326_164052/log/pta_fi.lines.stderr.log
pta_fi,PTA,fi,lines,"[pta] UNHANDLED:   %2199 = landingpad { i8*, i32 }",/home/jimi/PaperExperiment/CompilerOptimization/Result/flatbuffers/dg/dg-LLVM14-O2-g/high_precision_20260326_164052/log/pta_fi.lines.stderr.log
pta_fi,PTA,fi,lines,"[pta] UNHANDLED:   invoke void @_ZNSt12__shared_ptrIN11flatbuffers13CodeGeneratorELN9__gnu_cxx12_Lock_policyE2EEC2IS1_St14default_deleteIS1_EvEEOSt10unique_ptrIT_T0_E(%""class.std::__shared_ptr""* noundef nonnull align 8 dereferenceable(16) %465, %""class.std::unique_ptr.151""* noundef nonnull align 8 dereferenceable(8) %36)",/home/jimi/PaperExperiment/CompilerOptimization/Result/flatbuffers/dg/dg-LLVM14-O2-g/high_precision_20260326_164052/log/pta_fi.lines.stderr.log
pta_fi,PTA,fi,lines,"[pta] UNHANDLED:   %2183 = landingpad { i8*, i32 }",/home/jimi/PaperExperiment/CompilerOptimization/Result/flatbuffers/dg/dg-LLVM14-O2-g/high_precision_20260326_164052/log/pta_fi.lines.stderr.log
pta_fi,PTA,fi,lines,"[pta] UNHANDLED:   %467 = invoke noundef zeroext i1 bitcast (i1 (%""class.flatbuffers::FlatCompiler""*, %""struct.flatbuffers::FlatCOption""*, %""class.std::shared_ptr""*)* @_ZN11flatbuffers12FlatCompiler21RegisterCodeGeneratorERKNS_11FlatCOptionESt10shared_ptrINS_13CodeGeneratorEE to i1 (%""class.flatbuffers::FlatCompiler.2328""*, %""struct.flatbuffers::FlatCOption""*, %""class.std::shared_ptr""*)*)(%""class.flatbuffers::FlatCompiler.2328""* noundef nonnull align 8 dereferenceable(64) %24, %""struct.flatbuffers::FlatCOption""* noundef nonnull align 8 dereferenceable(128) %34, %""class.std::shared_ptr""* noundef nonnull %35)",/home/jimi/PaperExperiment/CompilerOptimization/Result/flatbuffers/dg/dg-LLVM14-O2-g/high_precision_20260326_164052/log/pta_fi.lines.stderr.log
pta_fi,PTA,fi,lines,"[pta] UNHANDLED:   %2185 = landingpad { i8*, i32 }",/home/jimi/PaperExperiment/CompilerOptimization/Result/flatbuffers/dg/dg-LLVM14-O2-g/high_precision_20260326_164052/log/pta_fi.lines.stderr.log
pta_fi,PTA,fi,lines,"[pta] UNHANDLED:   %2187 = landingpad { i8*, i32 }",/home/jimi/PaperExperiment/CompilerOptimization/Result/flatbuffers/dg/dg-LLVM14-O2-g/high_precision_20260326_164052/log/pta_fi.lines.stderr.log
pta_fi,PTA,fi,lines,"[pta] UNHANDLED:   %556 = invoke noundef i8* @_ZNSt7__cxx1112basic_stringIcSt11char_traitsIcESaIcEE9_M_createERmm(%""class.std::__cxx11::basic_string""* noundef nonnull align 8 dereferenceable(32) %552, i64* noundef nonnull align 8 dereferenceable(8) %17, i64 noundef 0)",/home/jimi/PaperExperiment/CompilerOptimization/Result/flatbuffers/dg/dg-LLVM14-O2-g/high_precision_20260326_164052/log/pta_fi.lines.stderr.log
pta_fi,PTA,fi,lines,"[pta] UNHANDLED:   invoke void @_ZN11flatbuffers19NewFBSCodeGeneratorEb(%""class.std::unique_ptr.151""* nonnull sret(%""class.std::unique_ptr.151"") align 8 %39, i1 noundef zeroext false)",/home/jimi/PaperExperiment/CompilerOptimization/Result/flatbuffers/dg/dg-LLVM14-O2-g/high_precision_20260326_164052/log/pta_fi.lines.stderr.log
pta_fi,PTA,fi,lines,"[pta] UNHANDLED:   %2233 = landingpad { i8*, i32 }",/home/jimi/PaperExperiment/CompilerOptimization/Result/flatbuffers/dg/dg-LLVM14-O2-g/high_precision_20260326_164052/log/pta_fi.lines.stderr.log
pta_fi,PTA,fi,lines,"[pta] UNHANDLED:   invoke void @_ZNSt12__shared_ptrIN11flatbuffers13CodeGeneratorELN9__gnu_cxx12_Lock_policyE2EEC2IS1_St14default_deleteIS1_EvEEOSt10unique_ptrIT_T0_E(%""class.std::__shared_ptr""* noundef nonnull align 8 dereferenceable(16) %566, %""class.std::unique_ptr.151""* noundef nonnull align 8 dereferenceable(8) %39)",/home/jimi/PaperExperiment/CompilerOptimization/Result/flatbuffers/dg/dg-LLVM14-O2-g/high_precision_20260326_164052/log/pta_fi.lines.stderr.log
pta_fi,PTA,fi,lines,"[pta] UNHANDLED:   %2217 = landingpad { i8*, i32 }",/home/jimi/PaperExperiment/CompilerOptimization/Result/flatbuffers/dg/dg-LLVM14-O2-g/high_precision_20260326_164052/log/pta_fi.lines.stderr.log
pta_fi,PTA,fi,lines,"[pta] UNHANDLED:   %568 = invoke noundef zeroext i1 bitcast (i1 (%""class.flatbuffers::FlatCompiler""*, %""struct.flatbuffers::FlatCOption""*, %""class.std::shared_ptr""*)* @_ZN11flatbuffers12FlatCompiler21RegisterCodeGeneratorERKNS_11FlatCOptionESt10shared_ptrINS_13CodeGeneratorEE to i1 (%""class.flatbuffers::FlatCompiler.2328""*, %""struct.flatbuffers::FlatCOption""*, %""class.std::shared_ptr""*)*)(%""class.flatbuffers::FlatCompiler.2328""* noundef nonnull align 8 dereferenceable(64) %24, %""struct.flatbuffers::FlatCOption""* noundef nonnull align 8 dereferenceable(128) %37, %""class.std::shared_ptr""* noundef nonnull %38)",/home/jimi/PaperExperiment/CompilerOptimization/Result/flatbuffers/dg/dg-LLVM14-O2-g/high_precision_20260326_164052/log/pta_fi.lines.stderr.log
pta_fi,PTA,fi,lines,"[pta] UNHANDLED:   %2219 = landingpad { i8*, i32 }",/home/jimi/PaperExperiment/CompilerOptimization/Result/flatbuffers/dg/dg-LLVM14-O2-g/high_precision_20260326_164052/log/pta_fi.lines.stderr.log
pta_fi,PTA,fi,lines,"[pta] UNHANDLED:   %2221 = landingpad { i8*, i32 }",/home/jimi/PaperExperiment/CompilerOptimization/Result/flatbuffers/dg/dg-LLVM14-O2-g/high_precision_20260326_164052/log/pta_fi.lines.stderr.log
pta_fi,PTA,fi,lines,"[pta] UNHANDLED:   %659 = invoke noundef i8* @_ZNSt7__cxx1112basic_stringIcSt11char_traitsIcESaIcEE9_M_createERmm(%""class.std::__cxx11::basic_string""* noundef nonnull align 8 dereferenceable(32) %655, i64* noundef nonnull align 8 dereferenceable(8) %16, i64 noundef 0)",/home/jimi/PaperExperiment/CompilerOptimization/Result/flatbuffers/dg/dg-LLVM14-O2-g/high_precision_20260326_164052/log/pta_fi.lines.stderr.log
pta_fi,PTA,fi,lines,"[pta] UNHANDLED:   invoke void @_ZN11flatbuffers18NewGoCodeGeneratorEv(%""class.std::unique_ptr.151""* nonnull sret(%""class.std::unique_ptr.151"") align 8 %42)",/home/jimi/PaperExperiment/CompilerOptimization/Result/flatbuffers/dg/dg-LLVM14-O2-g/high_precision_20260326_164052/log/pta_fi.lines.stderr.log
pta_fi,PTA,fi,lines,"[pta] UNHANDLED:   %2267 = landingpad { i8*, i32 }",/home/jimi/PaperExperiment/CompilerOptimization/Result/flatbuffers/dg/dg-LLVM14-O2-g/high_precision_20260326_164052/log/pta_fi.lines.stderr.log
pta_fi,PTA,fi,lines,"[pta] UNHANDLED:   invoke void @_ZNSt12__shared_ptrIN11flatbuffers13CodeGeneratorELN9__gnu_cxx12_Lock_policyE2EEC2IS1_St14default_deleteIS1_EvEEOSt10unique_ptrIT_T0_E(%""class.std::__shared_ptr""* noundef nonnull align 8 dereferenceable(16) %669, %""class.std::unique_ptr.151""* noundef nonnull align 8 dereferenceable(8) %42)",/home/jimi/PaperExperiment/CompilerOptimization/Result/flatbuffers/dg/dg-LLVM14-O2-g/high_precision_20260326_164052/log/pta_fi.lines.stderr.log
pta_fi,PTA,fi,lines,"[pta] UNHANDLED:   %2251 = landingpad { i8*, i32 }",/home/jimi/PaperExperiment/CompilerOptimization/Result/flatbuffers/dg/dg-LLVM14-O2-g/high_precision_20260326_164052/log/pta_fi.lines.stderr.log
pta_fi,PTA,fi,lines,"[pta] UNHANDLED:   %671 = invoke noundef zeroext i1 bitcast (i1 (%""class.flatbuffers::FlatCompiler""*, %""struct.flatbuffers::FlatCOption""*, %""class.std::shared_ptr""*)* @_ZN11flatbuffers12FlatCompiler21RegisterCodeGeneratorERKNS_11FlatCOptionESt10shared_ptrINS_13CodeGeneratorEE to i1 (%""class.flatbuffers::FlatCompiler.2328""*, %""struct.flatbuffers::FlatCOption""*, %""class.std::shared_ptr""*)*)(%""class.flatbuffers::FlatCompiler.2328""* noundef nonnull align 8 dereferenceable(64) %24, %""struct.flatbuffers::FlatCOption""* noundef nonnull align 8 dereferenceable(128) %40, %""class.std::shared_ptr""* noundef nonnull %41)",/home/jimi/PaperExperiment/CompilerOptimization/Result/flatbuffers/dg/dg-LLVM14-O2-g/high_precision_20260326_164052/log/pta_fi.lines.stderr.log
pta_fi,PTA,fi,lines,"[pta] UNHANDLED:   %2253 = landingpad { i8*, i32 }",/home/jimi/PaperExperiment/CompilerOptimization/Result/flatbuffers/dg/dg-LLVM14-O2-g/high_precision_20260326_164052/log/pta_fi.lines.stderr.log
pta_fi,PTA,fi,lines,"[pta] UNHANDLED:   %2255 = landingpad { i8*, i32 }",/home/jimi/PaperExperiment/CompilerOptimization/Result/flatbuffers/dg/dg-LLVM14-O2-g/high_precision_20260326_164052/log/pta_fi.lines.stderr.log
pta_fi,PTA,fi,lines,"[pta] UNHANDLED:   %762 = invoke noundef i8* @_ZNSt7__cxx1112basic_stringIcSt11char_traitsIcESaIcEE9_M_createERmm(%""class.std::__cxx11::basic_string""* noundef nonnull align 8 dereferenceable(32) %758, i64* noundef nonnull align 8 dereferenceable(8) %15, i64 noundef 0)",/home/jimi/PaperExperiment/CompilerOptimization/Result/flatbuffers/dg/dg-LLVM14-O2-g/high_precision_20260326_164052/log/pta_fi.lines.stderr.log
pta_fi,PTA,fi,lines,"[pta] UNHANDLED:   invoke void @_ZN11flatbuffers20NewJavaCodeGeneratorEv(%""class.std::unique_ptr.151""* nonnull sret(%""class.std::unique_ptr.151"") align 8 %45)",/home/jimi/PaperExperiment/CompilerOptimization/Result/flatbuffers/dg/dg-LLVM14-O2-g/high_precision_20260326_164052/log/pta_fi.lines.stderr.log
pta_fi,PTA,fi,lines,"[pta] UNHANDLED:   %2301 = landingpad { i8*, i32 }",/home/jimi/PaperExperiment/CompilerOptimization/Result/flatbuffers/dg/dg-LLVM14-O2-g/high_precision_20260326_164052/log/pta_fi.lines.stderr.log
pta_fi,PTA,fi,lines,"[pta] UNHANDLED:   invoke void @_ZNSt12__shared_ptrIN11flatbuffers13CodeGeneratorELN9__gnu_cxx12_Lock_policyE2EEC2IS1_St14default_deleteIS1_EvEEOSt10unique_ptrIT_T0_E(%""class.std::__shared_ptr""* noundef nonnull align 8 dereferenceable(16) %772, %""class.std::unique_ptr.151""* noundef nonnull align 8 dereferenceable(8) %45)",/home/jimi/PaperExperiment/CompilerOptimization/Result/flatbuffers/dg/dg-LLVM14-O2-g/high_precision_20260326_164052/log/pta_fi.lines.stderr.log
pta_fi,PTA,fi,lines,"[pta] UNHANDLED:   %2285 = landingpad { i8*, i32 }",/home/jimi/PaperExperiment/CompilerOptimization/Result/flatbuffers/dg/dg-LLVM14-O2-g/high_precision_20260326_164052/log/pta_fi.lines.stderr.log
pta_fi,PTA,fi,lines,"[pta] UNHANDLED:   %774 = invoke noundef zeroext i1 bitcast (i1 (%""class.flatbuffers::FlatCompiler""*, %""struct.flatbuffers::FlatCOption""*, %""class.std::shared_ptr""*)* @_ZN11flatbuffers12FlatCompiler21RegisterCodeGeneratorERKNS_11FlatCOptionESt10shared_ptrINS_13CodeGeneratorEE to i1 (%""class.flatbuffers::FlatCompiler.2328""*, %""struct.flatbuffers::FlatCOption""*, %""class.std::shared_ptr""*)*)(%""class.flatbuffers::FlatCompiler.2328""* noundef nonnull align 8 dereferenceable(64) %24, %""struct.flatbuffers::FlatCOption""* noundef nonnull align 8 dereferenceable(128) %43, %""class.std::shared_ptr""* noundef nonnull %44)",/home/jimi/PaperExperiment/CompilerOptimization/Result/flatbuffers/dg/dg-LLVM14-O2-g/high_precision_20260326_164052/log/pta_fi.lines.stderr.log
pta_fi,PTA,fi,lines,"[pta] UNHANDLED:   %2287 = landingpad { i8*, i32 }",/home/jimi/PaperExperiment/CompilerOptimization/Result/flatbuffers/dg/dg-LLVM14-O2-g/high_precision_20260326_164052/log/pta_fi.lines.stderr.log
pta_fi,PTA,fi,lines,"[pta] UNHANDLED:   %2289 = landingpad { i8*, i32 }",/home/jimi/PaperExperiment/CompilerOptimization/Result/flatbuffers/dg/dg-LLVM14-O2-g/high_precision_20260326_164052/log/pta_fi.lines.stderr.log
pta_fi,PTA,fi,lines,"[pta] UNHANDLED:   %863 = invoke noundef i8* @_ZNSt7__cxx1112basic_stringIcSt11char_traitsIcESaIcEE9_M_createERmm(%""class.std::__cxx11::basic_string""* noundef nonnull align 8 dereferenceable(32) %859, i64* noundef nonnull align 8 dereferenceable(8) %14, i64 noundef 0)",/home/jimi/PaperExperiment/CompilerOptimization/Result/flatbuffers/dg/dg-LLVM14-O2-g/high_precision_20260326_164052/log/pta_fi.lines.stderr.log
pta_fi,PTA,fi,lines,"[pta] UNHANDLED:   invoke void @_ZN11flatbuffers26NewJsonSchemaCodeGeneratorEv(%""class.std::unique_ptr.151""* nonnull sret(%""class.std::unique_ptr.151"") align 8 %48)",/home/jimi/PaperExperiment/CompilerOptimization/Result/flatbuffers/dg/dg-LLVM14-O2-g/high_precision_20260326_164052/log/pta_fi.lines.stderr.log
pta_fi,PTA,fi,lines,"[pta] UNHANDLED:   %2335 = landingpad { i8*, i32 }",/home/jimi/PaperExperiment/CompilerOptimization/Result/flatbuffers/dg/dg-LLVM14-O2-g/high_precision_20260326_164052/log/pta_fi.lines.stderr.log
pta_fi,PTA,fi,lines,"[pta] UNHANDLED:   invoke void @_ZNSt12__shared_ptrIN11flatbuffers13CodeGeneratorELN9__gnu_cxx12_Lock_policyE2EEC2IS1_St14default_deleteIS1_EvEEOSt10unique_ptrIT_T0_E(%""class.std::__shared_ptr""* noundef nonnull align 8 dereferenceable(16) %873, %""class.std::unique_ptr.151""* noundef nonnull align 8 dereferenceable(8) %48)",/home/jimi/PaperExperiment/CompilerOptimization/Result/flatbuffers/dg/dg-LLVM14-O2-g/high_precision_20260326_164052/log/pta_fi.lines.stderr.log
pta_fi,PTA,fi,lines,"[pta] UNHANDLED:   %2319 = landingpad { i8*, i32 }",/home/jimi/PaperExperiment/CompilerOptimization/Result/flatbuffers/dg/dg-LLVM14-O2-g/high_precision_20260326_164052/log/pta_fi.lines.stderr.log
pta_fi,PTA,fi,lines,"[pta] UNHANDLED:   %875 = invoke noundef zeroext i1 bitcast (i1 (%""class.flatbuffers::FlatCompiler""*, %""struct.flatbuffers::FlatCOption""*, %""class.std::shared_ptr""*)* @_ZN11flatbuffers12FlatCompiler21RegisterCodeGeneratorERKNS_11FlatCOptionESt10shared_ptrINS_13CodeGeneratorEE to i1 (%""class.flatbuffers::FlatCompiler.2328""*, %""struct.flatbuffers::FlatCOption""*, %""class.std::shared_ptr""*)*)(%""class.flatbuffers::FlatCompiler.2328""* noundef nonnull align 8 dereferenceable(64) %24, %""struct.flatbuffers::FlatCOption""* noundef nonnull align 8 dereferenceable(128) %46, %""class.std::shared_ptr""* noundef nonnull %47)",/home/jimi/PaperExperiment/CompilerOptimization/Result/flatbuffers/dg/dg-LLVM14-O2-g/high_precision_20260326_164052/log/pta_fi.lines.stderr.log
pta_fi,PTA,fi,lines,"[pta] UNHANDLED:   %2321 = landingpad { i8*, i32 }",/home/jimi/PaperExperiment/CompilerOptimization/Result/flatbuffers/dg/dg-LLVM14-O2-g/high_precision_20260326_164052/log/pta_fi.lines.stderr.log
pta_fi,PTA,fi,lines,"[pta] UNHANDLED:   %2323 = landingpad { i8*, i32 }",/home/jimi/PaperExperiment/CompilerOptimization/Result/flatbuffers/dg/dg-LLVM14-O2-g/high_precision_20260326_164052/log/pta_fi.lines.stderr.log
pta_fi,PTA,fi,lines,"[pta] UNHANDLED:   %964 = invoke noundef i8* @_ZNSt7__cxx1112basic_stringIcSt11char_traitsIcESaIcEE9_M_createERmm(%""class.std::__cxx11::basic_string""* noundef nonnull align 8 dereferenceable(32) %960, i64* noundef nonnull align 8 dereferenceable(8) %13, i64 noundef 0)",/home/jimi/PaperExperiment/CompilerOptimization/Result/flatbuffers/dg/dg-LLVM14-O2-g/high_precision_20260326_164052/log/pta_fi.lines.stderr.log
pta_fi,PTA,fi,lines,"[pta] UNHANDLED:   invoke void @_ZN11flatbuffers22NewKotlinCodeGeneratorEv(%""class.std::unique_ptr.151""* nonnull sret(%""class.std::unique_ptr.151"") align 8 %51)",/home/jimi/PaperExperiment/CompilerOptimization/Result/flatbuffers/dg/dg-LLVM14-O2-g/high_precision_20260326_164052/log/pta_fi.lines.stderr.log
pta_fi,PTA,fi,lines,"[pta] UNHANDLED:   %2369 = landingpad { i8*, i32 }",/home/jimi/PaperExperiment/CompilerOptimization/Result/flatbuffers/dg/dg-LLVM14-O2-g/high_precision_20260326_164052/log/pta_fi.lines.stderr.log
pta_fi,PTA,fi,lines,"[pta] UNHANDLED:   invoke void @_ZNSt12__shared_ptrIN11flatbuffers13CodeGeneratorELN9__gnu_cxx12_Lock_policyE2EEC2IS1_St14default_deleteIS1_EvEEOSt10unique_ptrIT_T0_E(%""class.std::__shared_ptr""* noundef nonnull align 8 dereferenceable(16) %974, %""class.std::unique_ptr.151""* noundef nonnull align 8 dereferenceable(8) %51)",/home/jimi/PaperExperiment/CompilerOptimization/Result/flatbuffers/dg/dg-LLVM14-O2-g/high_precision_20260326_164052/log/pta_fi.lines.stderr.log
pta_fi,PTA,fi,lines,"[pta] UNHANDLED:   %2353 = landingpad { i8*, i32 }",/home/jimi/PaperExperiment/CompilerOptimization/Result/flatbuffers/dg/dg-LLVM14-O2-g/high_precision_20260326_164052/log/pta_fi.lines.stderr.log
pta_fi,PTA,fi,lines,"[pta] UNHANDLED:   %976 = invoke noundef zeroext i1 bitcast (i1 (%""class.flatbuffers::FlatCompiler""*, %""struct.flatbuffers::FlatCOption""*, %""class.std::shared_ptr""*)* @_ZN11flatbuffers12FlatCompiler21RegisterCodeGeneratorERKNS_11FlatCOptionESt10shared_ptrINS_13CodeGeneratorEE to i1 (%""class.flatbuffers::FlatCompiler.2328""*, %""struct.flatbuffers::FlatCOption""*, %""class.std::shared_ptr""*)*)(%""class.flatbuffers::FlatCompiler.2328""* noundef nonnull align 8 dereferenceable(64) %24, %""struct.flatbuffers::FlatCOption""* noundef nonnull align 8 dereferenceable(128) %49, %""class.std::shared_ptr""* noundef nonnull %50)",/home/jimi/PaperExperiment/CompilerOptimization/Result/flatbuffers/dg/dg-LLVM14-O2-g/high_precision_20260326_164052/log/pta_fi.lines.stderr.log
pta_fi,PTA,fi,lines,"[pta] UNHANDLED:   %2355 = landingpad { i8*, i32 }",/home/jimi/PaperExperiment/CompilerOptimization/Result/flatbuffers/dg/dg-LLVM14-O2-g/high_precision_20260326_164052/log/pta_fi.lines.stderr.log
pta_fi,PTA,fi,lines,"[pta] UNHANDLED:   %2357 = landingpad { i8*, i32 }",/home/jimi/PaperExperiment/CompilerOptimization/Result/flatbuffers/dg/dg-LLVM14-O2-g/high_precision_20260326_164052/log/pta_fi.lines.stderr.log
pta_fi,PTA,fi,lines,"[pta] UNHANDLED:   %1065 = invoke noundef i8* @_ZNSt7__cxx1112basic_stringIcSt11char_traitsIcESaIcEE9_M_createERmm(%""class.std::__cxx11::basic_string""* noundef nonnull align 8 dereferenceable(32) %1061, i64* noundef nonnull align 8 dereferenceable(8) %12, i64 noundef 0)",/home/jimi/PaperExperiment/CompilerOptimization/Result/flatbuffers/dg/dg-LLVM14-O2-g/high_precision_20260326_164052/log/pta_fi.lines.stderr.log
pta_fi,PTA,fi,lines,"[pta] UNHANDLED:   invoke void @_ZN11flatbuffers25NewKotlinKMPCodeGeneratorEv(%""class.std::unique_ptr.151""* nonnull sret(%""class.std::unique_ptr.151"") align 8 %54)",/home/jimi/PaperExperiment/CompilerOptimization/Result/flatbuffers/dg/dg-LLVM14-O2-g/high_precision_20260326_164052/log/pta_fi.lines.stderr.log
pta_fi,PTA,fi,lines,"[pta] UNHANDLED:   %2403 = landingpad { i8*, i32 }",/home/jimi/PaperExperiment/CompilerOptimization/Result/flatbuffers/dg/dg-LLVM14-O2-g/high_precision_20260326_164052/log/pta_fi.lines.stderr.log
pta_fi,PTA,fi,lines,"[pta] UNHANDLED:   invoke void @_ZNSt12__shared_ptrIN11flatbuffers13CodeGeneratorELN9__gnu_cxx12_Lock_policyE2EEC2IS1_St14default_deleteIS1_EvEEOSt10unique_ptrIT_T0_E(%""class.std::__shared_ptr""* noundef nonnull align 8 dereferenceable(16) %1075, %""class.std::unique_ptr.151""* noundef nonnull align 8 dereferenceable(8) %54)",/home/jimi/PaperExperiment/CompilerOptimization/Result/flatbuffers/dg/dg-LLVM14-O2-g/high_precision_20260326_164052/log/pta_fi.lines.stderr.log
pta_fi,PTA,fi,lines,"[pta] UNHANDLED:   %2387 = landingpad { i8*, i32 }",/home/jimi/PaperExperiment/CompilerOptimization/Result/flatbuffers/dg/dg-LLVM14-O2-g/high_precision_20260326_164052/log/pta_fi.lines.stderr.log
pta_fi,PTA,fi,lines,"[pta] UNHANDLED:   %1077 = invoke noundef zeroext i1 bitcast (i1 (%""class.flatbuffers::FlatCompiler""*, %""struct.flatbuffers::FlatCOption""*, %""class.std::shared_ptr""*)* @_ZN11flatbuffers12FlatCompiler21RegisterCodeGeneratorERKNS_11FlatCOptionESt10shared_ptrINS_13CodeGeneratorEE to i1 (%""class.flatbuffers::FlatCompiler.2328""*, %""struct.flatbuffers::FlatCOption""*, %""class.std::shared_ptr""*)*)(%""class.flatbuffers::FlatCompiler.2328""* noundef nonnull align 8 dereferenceable(64) %24, %""struct.flatbuffers::FlatCOption""* noundef nonnull align 8 dereferenceable(128) %52, %""class.std::shared_ptr""* noundef nonnull %53)",/home/jimi/PaperExperiment/CompilerOptimization/Result/flatbuffers/dg/dg-LLVM14-O2-g/high_precision_20260326_164052/log/pta_fi.lines.stderr.log
pta_fi,PTA,fi,lines,"[pta] UNHANDLED:   %2389 = landingpad { i8*, i32 }",/home/jimi/PaperExperiment/CompilerOptimization/Result/flatbuffers/dg/dg-LLVM14-O2-g/high_precision_20260326_164052/log/pta_fi.lines.stderr.log
pta_fi,PTA,fi,lines,"[pta] UNHANDLED:   %2391 = landingpad { i8*, i32 }",/home/jimi/PaperExperiment/CompilerOptimization/Result/flatbuffers/dg/dg-LLVM14-O2-g/high_precision_20260326_164052/log/pta_fi.lines.stderr.log
pta_fi,PTA,fi,lines,"[pta] UNHANDLED:   %1166 = invoke noundef i8* @_ZNSt7__cxx1112basic_stringIcSt11char_traitsIcESaIcEE9_M_createERmm(%""class.std::__cxx11::basic_string""* noundef nonnull align 8 dereferenceable(32) %1162, i64* noundef nonnull align 8 dereferenceable(8) %11, i64 noundef 0)",/home/jimi/PaperExperiment/CompilerOptimization/Result/flatbuffers/dg/dg-LLVM14-O2-g/high_precision_20260326_164052/log/pta_fi.lines.stderr.log
pta_fi,PTA,fi,lines,"[pta] UNHANDLED:   invoke void @_ZN11flatbuffers23NewLobsterCodeGeneratorEv(%""class.std::unique_ptr.151""* nonnull sret(%""class.std::unique_ptr.151"") align 8 %57)",/home/jimi/PaperExperiment/CompilerOptimization/Result/flatbuffers/dg/dg-LLVM14-O2-g/high_precision_20260326_164052/log/pta_fi.lines.stderr.log
pta_fi,PTA,fi,lines,"[pta] UNHANDLED:   %2437 = landingpad { i8*, i32 }",/home/jimi/PaperExperiment/CompilerOptimization/Result/flatbuffers/dg/dg-LLVM14-O2-g/high_precision_20260326_164052/log/pta_fi.lines.stderr.log
pta_fi,PTA,fi,lines,"[pta] UNHANDLED:   invoke void @_ZNSt12__shared_ptrIN11flatbuffers13CodeGeneratorELN9__gnu_cxx12_Lock_policyE2EEC2IS1_St14default_deleteIS1_EvEEOSt10unique_ptrIT_T0_E(%""class.std::__shared_ptr""* noundef nonnull align 8 dereferenceable(16) %1176, %""class.std::unique_ptr.151""* noundef nonnull align 8 dereferenceable(8) %57)",/home/jimi/PaperExperiment/CompilerOptimization/Result/flatbuffers/dg/dg-LLVM14-O2-g/high_precision_20260326_164052/log/pta_fi.lines.stderr.log
pta_fi,PTA,fi,lines,"[pta] UNHANDLED:   %2421 = landingpad { i8*, i32 }",/home/jimi/PaperExperiment/CompilerOptimization/Result/flatbuffers/dg/dg-LLVM14-O2-g/high_precision_20260326_164052/log/pta_fi.lines.stderr.log
pta_fi,PTA,fi,lines,"[pta] UNHANDLED:   %1178 = invoke noundef zeroext i1 bitcast (i1 (%""class.flatbuffers::FlatCompiler""*, %""struct.flatbuffers::FlatCOption""*, %""class.std::shared_ptr""*)* @_ZN11flatbuffers12FlatCompiler21RegisterCodeGeneratorERKNS_11FlatCOptionESt10shared_ptrINS_13CodeGeneratorEE to i1 (%""class.flatbuffers::FlatCompiler.2328""*, %""struct.flatbuffers::FlatCOption""*, %""class.std::shared_ptr""*)*)(%""class.flatbuffers::FlatCompiler.2328""* noundef nonnull align 8 dereferenceable(64) %24, %""struct.flatbuffers::FlatCOption""* noundef nonnull align 8 dereferenceable(128) %55, %""class.std::shared_ptr""* noundef nonnull %56)",/home/jimi/PaperExperiment/CompilerOptimization/Result/flatbuffers/dg/dg-LLVM14-O2-g/high_precision_20260326_164052/log/pta_fi.lines.stderr.log
pta_fi,PTA,fi,lines,"[pta] UNHANDLED:   %2423 = landingpad { i8*, i32 }",/home/jimi/PaperExperiment/CompilerOptimization/Result/flatbuffers/dg/dg-LLVM14-O2-g/high_precision_20260326_164052/log/pta_fi.lines.stderr.log
pta_fi,PTA,fi,lines,"[pta] UNHANDLED:   %2425 = landingpad { i8*, i32 }",/home/jimi/PaperExperiment/CompilerOptimization/Result/flatbuffers/dg/dg-LLVM14-O2-g/high_precision_20260326_164052/log/pta_fi.lines.stderr.log
pta_fi,PTA,fi,lines,"[pta] UNHANDLED:   %1268 = invoke noundef i8* @_ZNSt7__cxx1112basic_stringIcSt11char_traitsIcESaIcEE9_M_createERmm(%""class.std::__cxx11::basic_string""* noundef nonnull align 8 dereferenceable(32) %1264, i64* noundef nonnull align 8 dereferenceable(8) %10, i64 noundef 0)",/home/jimi/PaperExperiment/CompilerOptimization/Result/flatbuffers/dg/dg-LLVM14-O2-g/high_precision_20260326_164052/log/pta_fi.lines.stderr.log
pta_fi,PTA,fi,lines,"[pta] UNHANDLED:   invoke void @_ZN11flatbuffers19NewLuaBfbsGeneratorERKNSt7__cxx1112basic_stringIcSt11char_traitsIcESaIcEEE(%""class.std::unique_ptr.151""* nonnull sret(%""class.std::unique_ptr.151"") align 8 %60, %""class.std::__cxx11::basic_string""* noundef nonnull align 8 dereferenceable(32) %23)",/home/jimi/PaperExperiment/CompilerOptimization/Result/flatbuffers/dg/dg-LLVM14-O2-g/high_precision_20260326_164052/log/pta_fi.lines.stderr.log
pta_fi,PTA,fi,lines,"[pta] UNHANDLED:   %2471 = landingpad { i8*, i32 }",/home/jimi/PaperExperiment/CompilerOptimization/Result/flatbuffers/dg/dg-LLVM14-O2-g/high_precision_20260326_164052/log/pta_fi.lines.stderr.log
pta_fi,PTA,fi,lines,"[pta] UNHANDLED:   invoke void @_ZNSt12__shared_ptrIN11flatbuffers13CodeGeneratorELN9__gnu_cxx12_Lock_policyE2EEC2IS1_St14default_deleteIS1_EvEEOSt10unique_ptrIT_T0_E(%""class.std::__shared_ptr""* noundef nonnull align 8 dereferenceable(16) %1278, %""class.std::unique_ptr.151""* noundef nonnull align 8 dereferenceable(8) %60)",/home/jimi/PaperExperiment/CompilerOptimization/Result/flatbuffers/dg/dg-LLVM14-O2-g/high_precision_20260326_164052/log/pta_fi.lines.stderr.log
pta_fi,PTA,fi,lines,"[pta] UNHANDLED:   %2455 = landingpad { i8*, i32 }",/home/jimi/PaperExperiment/CompilerOptimization/Result/flatbuffers/dg/dg-LLVM14-O2-g/high_precision_20260326_164052/log/pta_fi.lines.stderr.log
pta_fi,PTA,fi,lines,"[pta] UNHANDLED:   %1280 = invoke noundef zeroext i1 bitcast (i1 (%""class.flatbuffers::FlatCompiler""*, %""struct.flatbuffers::FlatCOption""*, %""class.std::shared_ptr""*)* @_ZN11flatbuffers12FlatCompiler21RegisterCodeGeneratorERKNS_11FlatCOptionESt10shared_ptrINS_13CodeGeneratorEE to i1 (%""class.flatbuffers::FlatCompiler.2328""*, %""struct.flatbuffers::FlatCOption""*, %""class.std::shared_ptr""*)*)(%""class.flatbuffers::FlatCompiler.2328""* noundef nonnull align 8 dereferenceable(64) %24, %""struct.flatbuffers::FlatCOption""* noundef nonnull align 8 dereferenceable(128) %58, %""class.std::shared_ptr""* noundef nonnull %59)",/home/jimi/PaperExperiment/CompilerOptimization/Result/flatbuffers/dg/dg-LLVM14-O2-g/high_precision_20260326_164052/log/pta_fi.lines.stderr.log
pta_fi,PTA,fi,lines,"[pta] UNHANDLED:   %2457 = landingpad { i8*, i32 }",/home/jimi/PaperExperiment/CompilerOptimization/Result/flatbuffers/dg/dg-LLVM14-O2-g/high_precision_20260326_164052/log/pta_fi.lines.stderr.log
pta_fi,PTA,fi,lines,"[pta] UNHANDLED:   %2459 = landingpad { i8*, i32 }",/home/jimi/PaperExperiment/CompilerOptimization/Result/flatbuffers/dg/dg-LLVM14-O2-g/high_precision_20260326_164052/log/pta_fi.lines.stderr.log
pta_fi,PTA,fi,lines,"[pta] UNHANDLED:   %1369 = invoke noundef i8* @_ZNSt7__cxx1112basic_stringIcSt11char_traitsIcESaIcEE9_M_createERmm(%""class.std::__cxx11::basic_string""* noundef nonnull align 8 dereferenceable(32) %1365, i64* noundef nonnull align 8 dereferenceable(8) %9, i64 noundef 0)",/home/jimi/PaperExperiment/CompilerOptimization/Result/flatbuffers/dg/dg-LLVM14-O2-g/high_precision_20260326_164052/log/pta_fi.lines.stderr.log
pta_fi,PTA,fi,lines,"[pta] UNHANDLED:   invoke void @_ZN11flatbuffers19NewNimBfbsGeneratorERKNSt7__cxx1112basic_stringIcSt11char_traitsIcESaIcEEE(%""class.std::unique_ptr.151""* nonnull sret(%""class.std::unique_ptr.151"") align 8 %63, %""class.std::__cxx11::basic_string""* noundef nonnull align 8 dereferenceable(32) %23)",/home/jimi/PaperExperiment/CompilerOptimization/Result/flatbuffers/dg/dg-LLVM14-O2-g/high_precision_20260326_164052/log/pta_fi.lines.stderr.log
pta_fi,PTA,fi,lines,"[pta] UNHANDLED:   %2505 = landingpad { i8*, i32 }",/home/jimi/PaperExperiment/CompilerOptimization/Result/flatbuffers/dg/dg-LLVM14-O2-g/high_precision_20260326_164052/log/pta_fi.lines.stderr.log
pta_fi,PTA,fi,lines,"[pta] UNHANDLED:   invoke void @_ZNSt12__shared_ptrIN11flatbuffers13CodeGeneratorELN9__gnu_cxx12_Lock_policyE2EEC2IS1_St14default_deleteIS1_EvEEOSt10unique_ptrIT_T0_E(%""class.std::__shared_ptr""* noundef nonnull align 8 dereferenceable(16) %1379, %""class.std::unique_ptr.151""* noundef nonnull align 8 dereferenceable(8) %63)",/home/jimi/PaperExperiment/CompilerOptimization/Result/flatbuffers/dg/dg-LLVM14-O2-g/high_precision_20260326_164052/log/pta_fi.lines.stderr.log
pta_fi,PTA,fi,lines,"[pta] UNHANDLED:   %2489 = landingpad { i8*, i32 }",/home/jimi/PaperExperiment/CompilerOptimization/Result/flatbuffers/dg/dg-LLVM14-O2-g/high_precision_20260326_164052/log/pta_fi.lines.stderr.log
pta_fi,PTA,fi,lines,"[pta] UNHANDLED:   %1381 = invoke noundef zeroext i1 bitcast (i1 (%""class.flatbuffers::FlatCompiler""*, %""struct.flatbuffers::FlatCOption""*, %""class.std::shared_ptr""*)* @_ZN11flatbuffers12FlatCompiler21RegisterCodeGeneratorERKNS_11FlatCOptionESt10shared_ptrINS_13CodeGeneratorEE to i1 (%""class.flatbuffers::FlatCompiler.2328""*, %""struct.flatbuffers::FlatCOption""*, %""class.std::shared_ptr""*)*)(%""class.flatbuffers::FlatCompiler.2328""* noundef nonnull align 8 dereferenceable(64) %24, %""struct.flatbuffers::FlatCOption""* noundef nonnull align 8 dereferenceable(128) %61, %""class.std::shared_ptr""* noundef nonnull %62)",/home/jimi/PaperExperiment/CompilerOptimization/Result/flatbuffers/dg/dg-LLVM14-O2-g/high_precision_20260326_164052/log/pta_fi.lines.stderr.log
pta_fi,PTA,fi,lines,"[pta] UNHANDLED:   %2491 = landingpad { i8*, i32 }",/home/jimi/PaperExperiment/CompilerOptimization/Result/flatbuffers/dg/dg-LLVM14-O2-g/high_precision_20260326_164052/log/pta_fi.lines.stderr.log
pta_fi,PTA,fi,lines,"[pta] UNHANDLED:   %2493 = landingpad { i8*, i32 }",/home/jimi/PaperExperiment/CompilerOptimization/Result/flatbuffers/dg/dg-LLVM14-O2-g/high_precision_20260326_164052/log/pta_fi.lines.stderr.log
pta_fi,PTA,fi,lines,"[pta] UNHANDLED:   %1471 = invoke noundef i8* @_ZNSt7__cxx1112basic_stringIcSt11char_traitsIcESaIcEE9_M_createERmm(%""class.std::__cxx11::basic_string""* noundef nonnull align 8 dereferenceable(32) %1467, i64* noundef nonnull align 8 dereferenceable(8) %8, i64 noundef 0)",/home/jimi/PaperExperiment/CompilerOptimization/Result/flatbuffers/dg/dg-LLVM14-O2-g/high_precision_20260326_164052/log/pta_fi.lines.stderr.log
pta_fi,PTA,fi,lines,"[pta] UNHANDLED:   invoke void @_ZN11flatbuffers22NewPythonCodeGeneratorEv(%""class.std::unique_ptr.151""* nonnull sret(%""class.std::unique_ptr.151"") align 8 %66)",/home/jimi/PaperExperiment/CompilerOptimization/Result/flatbuffers/dg/dg-LLVM14-O2-g/high_precision_20260326_164052/log/pta_fi.lines.stderr.log
pta_fi,PTA,fi,lines,"[pta] UNHANDLED:   %2539 = landingpad { i8*, i32 }",/home/jimi/PaperExperiment/CompilerOptimization/Result/flatbuffers/dg/dg-LLVM14-O2-g/high_precision_20260326_164052/log/pta_fi.lines.stderr.log
pta_fi,PTA,fi,lines,"[pta] UNHANDLED:   invoke void @_ZNSt12__shared_ptrIN11flatbuffers13CodeGeneratorELN9__gnu_cxx12_Lock_policyE2EEC2IS1_St14default_deleteIS1_EvEEOSt10unique_ptrIT_T0_E(%""class.std::__shared_ptr""* noundef nonnull align 8 dereferenceable(16) %1481, %""class.std::unique_ptr.151""* noundef nonnull align 8 dereferenceable(8) %66)",/home/jimi/PaperExperiment/CompilerOptimization/Result/flatbuffers/dg/dg-LLVM14-O2-g/high_precision_20260326_164052/log/pta_fi.lines.stderr.log
pta_fi,PTA,fi,lines,"[pta] UNHANDLED:   %2523 = landingpad { i8*, i32 }",/home/jimi/PaperExperiment/CompilerOptimization/Result/flatbuffers/dg/dg-LLVM14-O2-g/high_precision_20260326_164052/log/pta_fi.lines.stderr.log
pta_fi,PTA,fi,lines,"[pta] UNHANDLED:   %1483 = invoke noundef zeroext i1 bitcast (i1 (%""class.flatbuffers::FlatCompiler""*, %""struct.flatbuffers::FlatCOption""*, %""class.std::shared_ptr""*)* @_ZN11flatbuffers12FlatCompiler21RegisterCodeGeneratorERKNS_11FlatCOptionESt10shared_ptrINS_13CodeGeneratorEE to i1 (%""class.flatbuffers::FlatCompiler.2328""*, %""struct.flatbuffers::FlatCOption""*, %""class.std::shared_ptr""*)*)(%""class.flatbuffers::FlatCompiler.2328""* noundef nonnull align 8 dereferenceable(64) %24, %""struct.flatbuffers::FlatCOption""* noundef nonnull align 8 dereferenceable(128) %64, %""class.std::shared_ptr""* noundef nonnull %65)",/home/jimi/PaperExperiment/CompilerOptimization/Result/flatbuffers/dg/dg-LLVM14-O2-g/high_precision_20260326_164052/log/pta_fi.lines.stderr.log
pta_fi,PTA,fi,lines,"[pta] UNHANDLED:   %2525 = landingpad { i8*, i32 }",/home/jimi/PaperExperiment/CompilerOptimization/Result/flatbuffers/dg/dg-LLVM14-O2-g/high_precision_20260326_164052/log/pta_fi.lines.stderr.log
pta_fi,PTA,fi,lines,"[pta] UNHANDLED:   %2527 = landingpad { i8*, i32 }",/home/jimi/PaperExperiment/CompilerOptimization/Result/flatbuffers/dg/dg-LLVM14-O2-g/high_precision_20260326_164052/log/pta_fi.lines.stderr.log
pta_fi,PTA,fi,lines,"[pta] UNHANDLED:   %1572 = invoke noundef i8* @_ZNSt7__cxx1112basic_stringIcSt11char_traitsIcESaIcEE9_M_createERmm(%""class.std::__cxx11::basic_string""* noundef nonnull align 8 dereferenceable(32) %1568, i64* noundef nonnull align 8 dereferenceable(8) %7, i64 noundef 0)",/home/jimi/PaperExperiment/CompilerOptimization/Result/flatbuffers/dg/dg-LLVM14-O2-g/high_precision_20260326_164052/log/pta_fi.lines.stderr.log
pta_fi,PTA,fi,lines,"[pta] UNHANDLED:   invoke void @_ZN11flatbuffers19NewPhpCodeGeneratorEv(%""class.std::unique_ptr.151""* nonnull sret(%""class.std::unique_ptr.151"") align 8 %69)",/home/jimi/PaperExperiment/CompilerOptimization/Result/flatbuffers/dg/dg-LLVM14-O2-g/high_precision_20260326_164052/log/pta_fi.lines.stderr.log
pta_fi,PTA,fi,lines,"[pta] UNHANDLED:   %2573 = landingpad { i8*, i32 }",/home/jimi/PaperExperiment/CompilerOptimization/Result/flatbuffers/dg/dg-LLVM14-O2-g/high_precision_20260326_164052/log/pta_fi.lines.stderr.log
pta_fi,PTA,fi,lines,"[pta] UNHANDLED:   invoke void @_ZNSt12__shared_ptrIN11flatbuffers13CodeGeneratorELN9__gnu_cxx12_Lock_policyE2EEC2IS1_St14default_deleteIS1_EvEEOSt10unique_ptrIT_T0_E(%""class.std::__shared_ptr""* noundef nonnull align 8 dereferenceable(16) %1582, %""class.std::unique_ptr.151""* noundef nonnull align 8 dereferenceable(8) %69)",/home/jimi/PaperExperiment/CompilerOptimization/Result/flatbuffers/dg/dg-LLVM14-O2-g/high_precision_20260326_164052/log/pta_fi.lines.stderr.log
pta_fi,PTA,fi,lines,"[pta] UNHANDLED:   %2557 = landingpad { i8*, i32 }",/home/jimi/PaperExperiment/CompilerOptimization/Result/flatbuffers/dg/dg-LLVM14-O2-g/high_precision_20260326_164052/log/pta_fi.lines.stderr.log
pta_fi,PTA,fi,lines,"[pta] UNHANDLED:   %1584 = invoke noundef zeroext i1 bitcast (i1 (%""class.flatbuffers::FlatCompiler""*, %""struct.flatbuffers::FlatCOption""*, %""class.std::shared_ptr""*)* @_ZN11flatbuffers12FlatCompiler21RegisterCodeGeneratorERKNS_11FlatCOptionESt10shared_ptrINS_13CodeGeneratorEE to i1 (%""class.flatbuffers::FlatCompiler.2328""*, %""struct.flatbuffers::FlatCOption""*, %""class.std::shared_ptr""*)*)(%""class.flatbuffers::FlatCompiler.2328""* noundef nonnull align 8 dereferenceable(64) %24, %""struct.flatbuffers::FlatCOption""* noundef nonnull align 8 dereferenceable(128) %67, %""class.std::shared_ptr""* noundef nonnull %68)",/home/jimi/PaperExperiment/CompilerOptimization/Result/flatbuffers/dg/dg-LLVM14-O2-g/high_precision_20260326_164052/log/pta_fi.lines.stderr.log
pta_fi,PTA,fi,lines,"[pta] UNHANDLED:   %2559 = landingpad { i8*, i32 }",/home/jimi/PaperExperiment/CompilerOptimization/Result/flatbuffers/dg/dg-LLVM14-O2-g/high_precision_20260326_164052/log/pta_fi.lines.stderr.log
pta_fi,PTA,fi,lines,"[pta] UNHANDLED:   %2561 = landingpad { i8*, i32 }",/home/jimi/PaperExperiment/CompilerOptimization/Result/flatbuffers/dg/dg-LLVM14-O2-g/high_precision_20260326_164052/log/pta_fi.lines.stderr.log
pta_fi,PTA,fi,lines,"[pta] UNHANDLED:   %1675 = invoke noundef i8* @_ZNSt7__cxx1112basic_stringIcSt11char_traitsIcESaIcEE9_M_createERmm(%""class.std::__cxx11::basic_string""* noundef nonnull align 8 dereferenceable(32) %1671, i64* noundef nonnull align 8 dereferenceable(8) %6, i64 noundef 0)",/home/jimi/PaperExperiment/CompilerOptimization/Result/flatbuffers/dg/dg-LLVM14-O2-g/high_precision_20260326_164052/log/pta_fi.lines.stderr.log
pta_fi,PTA,fi,lines,"[pta] UNHANDLED:   invoke void @_ZN11flatbuffers20NewRustCodeGeneratorEv(%""class.std::unique_ptr.151""* nonnull sret(%""class.std::unique_ptr.151"") align 8 %72)",/home/jimi/PaperExperiment/CompilerOptimization/Result/flatbuffers/dg/dg-LLVM14-O2-g/high_precision_20260326_164052/log/pta_fi.lines.stderr.log
pta_fi,PTA,fi,lines,"[pta] UNHANDLED:   %2607 = landingpad { i8*, i32 }",/home/jimi/PaperExperiment/CompilerOptimization/Result/flatbuffers/dg/dg-LLVM14-O2-g/high_precision_20260326_164052/log/pta_fi.lines.stderr.log
pta_fi,PTA,fi,lines,"[pta] UNHANDLED:   invoke void @_ZNSt12__shared_ptrIN11flatbuffers13CodeGeneratorELN9__gnu_cxx12_Lock_policyE2EEC2IS1_St14default_deleteIS1_EvEEOSt10unique_ptrIT_T0_E(%""class.std::__shared_ptr""* noundef nonnull align 8 dereferenceable(16) %1685, %""class.std::unique_ptr.151""* noundef nonnull align 8 dereferenceable(8) %72)",/home/jimi/PaperExperiment/CompilerOptimization/Result/flatbuffers/dg/dg-LLVM14-O2-g/high_precision_20260326_164052/log/pta_fi.lines.stderr.log
pta_fi,PTA,fi,lines,"[pta] UNHANDLED:   %2591 = landingpad { i8*, i32 }",/home/jimi/PaperExperiment/CompilerOptimization/Result/flatbuffers/dg/dg-LLVM14-O2-g/high_precision_20260326_164052/log/pta_fi.lines.stderr.log
pta_fi,PTA,fi,lines,"[pta] UNHANDLED:   %1687 = invoke noundef zeroext i1 bitcast (i1 (%""class.flatbuffers::FlatCompiler""*, %""struct.flatbuffers::FlatCOption""*, %""class.std::shared_ptr""*)* @_ZN11flatbuffers12FlatCompiler21RegisterCodeGeneratorERKNS_11FlatCOptionESt10shared_ptrINS_13CodeGeneratorEE to i1 (%""class.flatbuffers::FlatCompiler.2328""*, %""struct.flatbuffers::FlatCOption""*, %""class.std::shared_ptr""*)*)(%""class.flatbuffers::FlatCompiler.2328""* noundef nonnull align 8 dereferenceable(64) %24, %""struct.flatbuffers::FlatCOption""* noundef nonnull align 8 dereferenceable(128) %70, %""class.std::shared_ptr""* noundef nonnull %71)",/home/jimi/PaperExperiment/CompilerOptimization/Result/flatbuffers/dg/dg-LLVM14-O2-g/high_precision_20260326_164052/log/pta_fi.lines.stderr.log
pta_fi,PTA,fi,lines,"[pta] UNHANDLED:   %2593 = landingpad { i8*, i32 }",/home/jimi/PaperExperiment/CompilerOptimization/Result/flatbuffers/dg/dg-LLVM14-O2-g/high_precision_20260326_164052/log/pta_fi.lines.stderr.log
pta_fi,PTA,fi,lines,"[pta] UNHANDLED:   %2595 = landingpad { i8*, i32 }",/home/jimi/PaperExperiment/CompilerOptimization/Result/flatbuffers/dg/dg-LLVM14-O2-g/high_precision_20260326_164052/log/pta_fi.lines.stderr.log
pta_fi,PTA,fi,lines,"[pta] UNHANDLED:   %1778 = invoke noundef i8* @_ZNSt7__cxx1112basic_stringIcSt11char_traitsIcESaIcEE9_M_createERmm(%""class.std::__cxx11::basic_string""* noundef nonnull align 8 dereferenceable(32) %1774, i64* noundef nonnull align 8 dereferenceable(8) %5, i64 noundef 0)",/home/jimi/PaperExperiment/CompilerOptimization/Result/flatbuffers/dg/dg-LLVM14-O2-g/high_precision_20260326_164052/log/pta_fi.lines.stderr.log
pta_fi,PTA,fi,lines,"[pta] UNHANDLED:   invoke void @_ZN11flatbuffers20NewTextCodeGeneratorEv(%""class.std::unique_ptr.151""* nonnull sret(%""class.std::unique_ptr.151"") align 8 %75)",/home/jimi/PaperExperiment/CompilerOptimization/Result/flatbuffers/dg/dg-LLVM14-O2-g/high_precision_20260326_164052/log/pta_fi.lines.stderr.log
pta_fi,PTA,fi,lines,"[pta] UNHANDLED:   %2641 = landingpad { i8*, i32 }",/home/jimi/PaperExperiment/CompilerOptimization/Result/flatbuffers/dg/dg-LLVM14-O2-g/high_precision_20260326_164052/log/pta_fi.lines.stderr.log
pta_fi,PTA,fi,lines,"[pta] UNHANDLED:   invoke void @_ZNSt12__shared_ptrIN11flatbuffers13CodeGeneratorELN9__gnu_cxx12_Lock_policyE2EEC2IS1_St14default_deleteIS1_EvEEOSt10unique_ptrIT_T0_E(%""class.std::__shared_ptr""* noundef nonnull align 8 dereferenceable(16) %1788, %""class.std::unique_ptr.151""* noundef nonnull align 8 dereferenceable(8) %75)",/home/jimi/PaperExperiment/CompilerOptimization/Result/flatbuffers/dg/dg-LLVM14-O2-g/high_precision_20260326_164052/log/pta_fi.lines.stderr.log
pta_fi,PTA,fi,lines,"[pta] UNHANDLED:   %2625 = landingpad { i8*, i32 }",/home/jimi/PaperExperiment/CompilerOptimization/Result/flatbuffers/dg/dg-LLVM14-O2-g/high_precision_20260326_164052/log/pta_fi.lines.stderr.log
pta_fi,PTA,fi,lines,"[pta] UNHANDLED:   %1790 = invoke noundef zeroext i1 bitcast (i1 (%""class.flatbuffers::FlatCompiler""*, %""struct.flatbuffers::FlatCOption""*, %""class.std::shared_ptr""*)* @_ZN11flatbuffers12FlatCompiler21RegisterCodeGeneratorERKNS_11FlatCOptionESt10shared_ptrINS_13CodeGeneratorEE to i1 (%""class.flatbuffers::FlatCompiler.2328""*, %""struct.flatbuffers::FlatCOption""*, %""class.std::shared_ptr""*)*)(%""class.flatbuffers::FlatCompiler.2328""* noundef nonnull align 8 dereferenceable(64) %24, %""struct.flatbuffers::FlatCOption""* noundef nonnull align 8 dereferenceable(128) %73, %""class.std::shared_ptr""* noundef nonnull %74)",/home/jimi/PaperExperiment/CompilerOptimization/Result/flatbuffers/dg/dg-LLVM14-O2-g/high_precision_20260326_164052/log/pta_fi.lines.stderr.log
pta_fi,PTA,fi,lines,"[pta] UNHANDLED:   %2627 = landingpad { i8*, i32 }",/home/jimi/PaperExperiment/CompilerOptimization/Result/flatbuffers/dg/dg-LLVM14-O2-g/high_precision_20260326_164052/log/pta_fi.lines.stderr.log
pta_fi,PTA,fi,lines,"[pta] UNHANDLED:   %2629 = landingpad { i8*, i32 }",/home/jimi/PaperExperiment/CompilerOptimization/Result/flatbuffers/dg/dg-LLVM14-O2-g/high_precision_20260326_164052/log/pta_fi.lines.stderr.log
pta_fi,PTA,fi,lines,"[pta] UNHANDLED:   %1879 = invoke noundef i8* @_ZNSt7__cxx1112basic_stringIcSt11char_traitsIcESaIcEE9_M_createERmm(%""class.std::__cxx11::basic_string""* noundef nonnull align 8 dereferenceable(32) %1875, i64* noundef nonnull align 8 dereferenceable(8) %4, i64 noundef 0)",/home/jimi/PaperExperiment/CompilerOptimization/Result/flatbuffers/dg/dg-LLVM14-O2-g/high_precision_20260326_164052/log/pta_fi.lines.stderr.log
pta_fi,PTA,fi,lines,"[pta] UNHANDLED:   invoke void @_ZN11flatbuffers21NewSwiftCodeGeneratorEv(%""class.std::unique_ptr.151""* nonnull sret(%""class.std::unique_ptr.151"") align 8 %78)",/home/jimi/PaperExperiment/CompilerOptimization/Result/flatbuffers/dg/dg-LLVM14-O2-g/high_precision_20260326_164052/log/pta_fi.lines.stderr.log
pta_fi,PTA,fi,lines,"[pta] UNHANDLED:   %2675 = landingpad { i8*, i32 }",/home/jimi/PaperExperiment/CompilerOptimization/Result/flatbuffers/dg/dg-LLVM14-O2-g/high_precision_20260326_164052/log/pta_fi.lines.stderr.log
pta_fi,PTA,fi,lines,"[pta] UNHANDLED:   invoke void @_ZNSt12__shared_ptrIN11flatbuffers13CodeGeneratorELN9__gnu_cxx12_Lock_policyE2EEC2IS1_St14default_deleteIS1_EvEEOSt10unique_ptrIT_T0_E(%""class.std::__shared_ptr""* noundef nonnull align 8 dereferenceable(16) %1889, %""class.std::unique_ptr.151""* noundef nonnull align 8 dereferenceable(8) %78)",/home/jimi/PaperExperiment/CompilerOptimization/Result/flatbuffers/dg/dg-LLVM14-O2-g/high_precision_20260326_164052/log/pta_fi.lines.stderr.log
pta_fi,PTA,fi,lines,"[pta] UNHANDLED:   %2659 = landingpad { i8*, i32 }",/home/jimi/PaperExperiment/CompilerOptimization/Result/flatbuffers/dg/dg-LLVM14-O2-g/high_precision_20260326_164052/log/pta_fi.lines.stderr.log
pta_fi,PTA,fi,lines,"[pta] UNHANDLED:   %1891 = invoke noundef zeroext i1 bitcast (i1 (%""class.flatbuffers::FlatCompiler""*, %""struct.flatbuffers::FlatCOption""*, %""class.std::shared_ptr""*)* @_ZN11flatbuffers12FlatCompiler21RegisterCodeGeneratorERKNS_11FlatCOptionESt10shared_ptrINS_13CodeGeneratorEE to i1 (%""class.flatbuffers::FlatCompiler.2328""*, %""struct.flatbuffers::FlatCOption""*, %""class.std::shared_ptr""*)*)(%""class.flatbuffers::FlatCompiler.2328""* noundef nonnull align 8 dereferenceable(64) %24, %""struct.flatbuffers::FlatCOption""* noundef nonnull align 8 dereferenceable(128) %76, %""class.std::shared_ptr""* noundef nonnull %77)",/home/jimi/PaperExperiment/CompilerOptimization/Result/flatbuffers/dg/dg-LLVM14-O2-g/high_precision_20260326_164052/log/pta_fi.lines.stderr.log
pta_fi,PTA,fi,lines,"[pta] UNHANDLED:   %2661 = landingpad { i8*, i32 }",/home/jimi/PaperExperiment/CompilerOptimization/Result/flatbuffers/dg/dg-LLVM14-O2-g/high_precision_20260326_164052/log/pta_fi.lines.stderr.log
pta_fi,PTA,fi,lines,"[pta] UNHANDLED:   %2663 = landingpad { i8*, i32 }",/home/jimi/PaperExperiment/CompilerOptimization/Result/flatbuffers/dg/dg-LLVM14-O2-g/high_precision_20260326_164052/log/pta_fi.lines.stderr.log
pta_fi,PTA,fi,lines,"[pta] UNHANDLED:   %1982 = invoke noundef i8* @_ZNSt7__cxx1112basic_stringIcSt11char_traitsIcESaIcEE9_M_createERmm(%""class.std::__cxx11::basic_string""* noundef nonnull align 8 dereferenceable(32) %1978, i64* noundef nonnull align 8 dereferenceable(8) %3, i64 noundef 0)",/home/jimi/PaperExperiment/CompilerOptimization/Result/flatbuffers/dg/dg-LLVM14-O2-g/high_precision_20260326_164052/log/pta_fi.lines.stderr.log
pta_fi,PTA,fi,lines,"[pta] UNHANDLED:   invoke void @_ZN11flatbuffers18NewTsCodeGeneratorEv(%""class.std::unique_ptr.151""* nonnull sret(%""class.std::unique_ptr.151"") align 8 %81)",/home/jimi/PaperExperiment/CompilerOptimization/Result/flatbuffers/dg/dg-LLVM14-O2-g/high_precision_20260326_164052/log/pta_fi.lines.stderr.log
pta_fi,PTA,fi,lines,"[pta] UNHANDLED:   %2709 = landingpad { i8*, i32 }",/home/jimi/PaperExperiment/CompilerOptimization/Result/flatbuffers/dg/dg-LLVM14-O2-g/high_precision_20260326_164052/log/pta_fi.lines.stderr.log
pta_fi,PTA,fi,lines,"[pta] UNHANDLED:   invoke void @_ZNSt12__shared_ptrIN11flatbuffers13CodeGeneratorELN9__gnu_cxx12_Lock_policyE2EEC2IS1_St14default_deleteIS1_EvEEOSt10unique_ptrIT_T0_E(%""class.std::__shared_ptr""* noundef nonnull align 8 dereferenceable(16) %1992, %""class.std::unique_ptr.151""* noundef nonnull align 8 dereferenceable(8) %81)",/home/jimi/PaperExperiment/CompilerOptimization/Result/flatbuffers/dg/dg-LLVM14-O2-g/high_precision_20260326_164052/log/pta_fi.lines.stderr.log
pta_fi,PTA,fi,lines,"[pta] UNHANDLED:   %2693 = landingpad { i8*, i32 }",/home/jimi/PaperExperiment/CompilerOptimization/Result/flatbuffers/dg/dg-LLVM14-O2-g/high_precision_20260326_164052/log/pta_fi.lines.stderr.log
pta_fi,PTA,fi,lines,"[pta] UNHANDLED:   %1994 = invoke noundef zeroext i1 bitcast (i1 (%""class.flatbuffers::FlatCompiler""*, %""struct.flatbuffers::FlatCOption""*, %""class.std::shared_ptr""*)* @_ZN11flatbuffers12FlatCompiler21RegisterCodeGeneratorERKNS_11FlatCOptionESt10shared_ptrINS_13CodeGeneratorEE to i1 (%""class.flatbuffers::FlatCompiler.2328""*, %""struct.flatbuffers::FlatCOption""*, %""class.std::shared_ptr""*)*)(%""class.flatbuffers::FlatCompiler.2328""* noundef nonnull align 8 dereferenceable(64) %24, %""struct.flatbuffers::FlatCOption""* noundef nonnull align 8 dereferenceable(128) %79, %""class.std::shared_ptr""* noundef nonnull %80)",/home/jimi/PaperExperiment/CompilerOptimization/Result/flatbuffers/dg/dg-LLVM14-O2-g/high_precision_20260326_164052/log/pta_fi.lines.stderr.log
pta_fi,PTA,fi,lines,"[pta] UNHANDLED:   %2695 = landingpad { i8*, i32 }",/home/jimi/PaperExperiment/CompilerOptimization/Result/flatbuffers/dg/dg-LLVM14-O2-g/high_precision_20260326_164052/log/pta_fi.lines.stderr.log
pta_fi,PTA,fi,lines,"[pta] UNHANDLED:   %2697 = landingpad { i8*, i32 }",/home/jimi/PaperExperiment/CompilerOptimization/Result/flatbuffers/dg/dg-LLVM14-O2-g/high_precision_20260326_164052/log/pta_fi.lines.stderr.log
pta_fi,PTA,fi,lines,"[pta] UNHANDLED:   invoke void bitcast (void (%""struct.flatbuffers::FlatCOptions""*, %""class.flatbuffers::FlatCompiler""*, i32, i8**)* @_ZN11flatbuffers12FlatCompiler29ParseFromCommandLineArgumentsEiPPKc to void (%""struct.flatbuffers::FlatCOptions""*, %""class.flatbuffers::FlatCompiler.2328""*, i32, i8**)*)(%""struct.flatbuffers::FlatCOptions""* nonnull sret(%""struct.flatbuffers::FlatCOptions"") align 8 %82, %""class.flatbuffers::FlatCompiler.2328""* noundef nonnull align 8 dereferenceable(64) %24, i32 noundef %0, i8** noundef nonnull %1)",/home/jimi/PaperExperiment/CompilerOptimization/Result/flatbuffers/dg/dg-LLVM14-O2-g/high_precision_20260326_164052/log/pta_fi.lines.stderr.log
pta_fi,PTA,fi,lines,"[pta] UNHANDLED:   %2727 = landingpad { i8*, i32 }",/home/jimi/PaperExperiment/CompilerOptimization/Result/flatbuffers/dg/dg-LLVM14-O2-g/high_precision_20260326_164052/log/pta_fi.lines.stderr.log
pta_fi,PTA,fi,lines,[pta] UNHANDLED:   %2731 = invoke noalias noundef nonnull dereferenceable(8) i8* @_Znwm(i64 noundef 8) #52,/home/jimi/PaperExperiment/CompilerOptimization/Result/flatbuffers/dg/dg-LLVM14-O2-g/high_precision_20260326_164052/log/pta_fi.lines.stderr.log
pta_fi,PTA,fi,lines,"[pta] UNHANDLED:   %2739 = invoke noundef i32 bitcast (i32 (%""class.flatbuffers::FlatCompiler""*, %""struct.flatbuffers::FlatCOptions""*)* @_ZN11flatbuffers12FlatCompiler7CompileERKNS_12FlatCOptionsE to i32 (%""class.flatbuffers::FlatCompiler.2328""*, %""struct.flatbuffers::FlatCOptions""*)*)(%""class.flatbuffers::FlatCompiler.2328""* noundef nonnull align 8 dereferenceable(64) %24, %""struct.flatbuffers::FlatCOptions""* noundef nonnull align 8 dereferenceable(1104) %82)",/home/jimi/PaperExperiment/CompilerOptimization/Result/flatbuffers/dg/dg-LLVM14-O2-g/high_precision_20260326_164052/log/pta_fi.lines.stderr.log
pta_fi,PTA,fi,lines,"[pta] UNHANDLED:   %2729 = landingpad { i8*, i32 }",/home/jimi/PaperExperiment/CompilerOptimization/Result/flatbuffers/dg/dg-LLVM14-O2-g/high_precision_20260326_164052/log/pta_fi.lines.stderr.log
pta_fi,PTA,fi,lines,[pta] UNHANDLED:   %2067 = invoke noalias noundef nonnull dereferenceable(56) i8* @_Znwm(i64 noundef 56) #52,/home/jimi/PaperExperiment/CompilerOptimization/Result/flatbuffers/dg/dg-LLVM14-O2-g/high_precision_20260326_164052/log/pta_fi.lines.stderr.log
pta_fi,PTA,fi,lines,"[pta] UNHANDLED:   invoke void %2745(%""class.flatbuffers::FileSaver""* noundef nonnull align 8 dereferenceable(8) %2741)",/home/jimi/PaperExperiment/CompilerOptimization/Result/flatbuffers/dg/dg-LLVM14-O2-g/high_precision_20260326_164052/log/pta_fi.lines.stderr.log
pta_fi,PTA,fi,lines,"[pta] UNHANDLED:   %2763 = landingpad { i8*, i32 }",/home/jimi/PaperExperiment/CompilerOptimization/Result/flatbuffers/dg/dg-LLVM14-O2-g/high_precision_20260326_164052/log/pta_fi.lines.stderr.log
pta_fi,PTA,fi,lines,"[pta] UNHANDLED:   invoke void @_ZNSt8_Rb_treeINSt7__cxx1112basic_stringIcSt11char_traitsIcESaIcEEESt4pairIKS5_St10shared_ptrIN11flatbuffers13CodeGeneratorEEESt10_Select1stISC_ESt4lessIS5_ESaISC_EE8_M_eraseEPSt13_Rb_tree_nodeISC_E(%""class.std::_Rb_tree""* noundef nonnull align 8 dereferenceable(48) %2751, %""struct.std::_Rb_tree_node.354""* noundef %2753)",/home/jimi/PaperExperiment/CompilerOptimization/Result/flatbuffers/dg/dg-LLVM14-O2-g/high_precision_20260326_164052/log/pta_fi.lines.stderr.log
pta_fi,PTA,fi,lines,"[pta] UNHANDLED:   %2755 = landingpad { i8*, i32 }",/home/jimi/PaperExperiment/CompilerOptimization/Result/flatbuffers/dg/dg-LLVM14-O2-g/high_precision_20260326_164052/log/pta_fi.lines.stderr.log
pta_fi,PTA,fi,dot,"[pta] UNHANDLED:   %148 = invoke noundef i8* @_ZNSt7__cxx1112basic_stringIcSt11char_traitsIcESaIcEE9_M_createERmm(%""class.std::__cxx11::basic_string""* noundef nonnull align 8 dereferenceable(32) %144, i64* noundef nonnull align 8 dereferenceable(8) %21, i64 noundef 0)",/home/jimi/PaperExperiment/CompilerOptimization/Result/flatbuffers/dg/dg-LLVM14-O2-g/high_precision_20260326_164052/log/pta_fi.dot.stderr.log
pta_fi,PTA,fi,dot,"[pta] UNHANDLED:   invoke void @_ZN11flatbuffers22NewBinaryCodeGeneratorEv(%""class.std::unique_ptr.151""* nonnull sret(%""class.std::unique_ptr.151"") align 8 %27)",/home/jimi/PaperExperiment/CompilerOptimization/Result/flatbuffers/dg/dg-LLVM14-O2-g/high_precision_20260326_164052/log/pta_fi.dot.stderr.log
pta_fi,PTA,fi,dot,"[pta] UNHANDLED:   invoke void @_ZNSt8_Rb_treeINSt7__cxx1112basic_stringIcSt11char_traitsIcESaIcEEESt4pairIKS5_St10shared_ptrIN11flatbuffers13CodeGeneratorEEESt10_Select1stISC_ESt4lessIS5_ESaISC_EE8_M_eraseEPSt13_Rb_tree_nodeISC_E(%""class.std::_Rb_tree""* noundef nonnull align 8 dereferenceable(48) %2, %""struct.std::_Rb_tree_node.354""* noundef %6)",/home/jimi/PaperExperiment/CompilerOptimization/Result/flatbuffers/dg/dg-LLVM14-O2-g/high_precision_20260326_164052/log/pta_fi.dot.stderr.log
pta_fi,PTA,fi,dot,"[pta] UNHANDLED:   %8 = landingpad { i8*, i32 }",/home/jimi/PaperExperiment/CompilerOptimization/Result/flatbuffers/dg/dg-LLVM14-O2-g/high_precision_20260326_164052/log/pta_fi.dot.stderr.log
pta_fi,PTA,fi,dot,"[pta] UNHANDLED:   %2097 = landingpad { i8*, i32 }",/home/jimi/PaperExperiment/CompilerOptimization/Result/flatbuffers/dg/dg-LLVM14-O2-g/high_precision_20260326_164052/log/pta_fi.dot.stderr.log
pta_fi,PTA,fi,dot,"[pta] UNHANDLED:   invoke void @_ZNSt12__shared_ptrIN11flatbuffers13CodeGeneratorELN9__gnu_cxx12_Lock_policyE2EEC2IS1_St14default_deleteIS1_EvEEOSt10unique_ptrIT_T0_E(%""class.std::__shared_ptr""* noundef nonnull align 8 dereferenceable(16) %158, %""class.std::unique_ptr.151""* noundef nonnull align 8 dereferenceable(8) %27)",/home/jimi/PaperExperiment/CompilerOptimization/Result/flatbuffers/dg/dg-LLVM14-O2-g/high_precision_20260326_164052/log/pta_fi.dot.stderr.log
pta_fi,PTA,fi,dot,"[pta] UNHANDLED:   %2081 = landingpad { i8*, i32 }",/home/jimi/PaperExperiment/CompilerOptimization/Result/flatbuffers/dg/dg-LLVM14-O2-g/high_precision_20260326_164052/log/pta_fi.dot.stderr.log
pta_fi,PTA,fi,dot,"[pta] UNHANDLED:   resume { i8*, i32 } %2773, !dbg !106616",/home/jimi/PaperExperiment/CompilerOptimization/Result/flatbuffers/dg/dg-LLVM14-O2-g/high_precision_20260326_164052/log/pta_fi.dot.stderr.log
pta_fi,PTA,fi,dot,"[pta] UNHANDLED:   %160 = invoke noundef zeroext i1 bitcast (i1 (%""class.flatbuffers::FlatCompiler""*, %""struct.flatbuffers::FlatCOption""*, %""class.std::shared_ptr""*)* @_ZN11flatbuffers12FlatCompiler21RegisterCodeGeneratorERKNS_11FlatCOptionESt10shared_ptrINS_13CodeGeneratorEE to i1 (%""class.flatbuffers::FlatCompiler.2328""*, %""struct.flatbuffers::FlatCOption""*, %""class.std::shared_ptr""*)*)(%""class.flatbuffers::FlatCompiler.2328""* noundef nonnull align 8 dereferenceable(64) %24, %""struct.flatbuffers::FlatCOption""* noundef nonnull align 8 dereferenceable(128) %25, %""class.std::shared_ptr""* noundef nonnull %26)",/home/jimi/PaperExperiment/CompilerOptimization/Result/flatbuffers/dg/dg-LLVM14-O2-g/high_precision_20260326_164052/log/pta_fi.dot.stderr.log
pta_fi,PTA,fi,dot,"[pta] UNHANDLED:   %2083 = landingpad { i8*, i32 }",/home/jimi/PaperExperiment/CompilerOptimization/Result/flatbuffers/dg/dg-LLVM14-O2-g/high_precision_20260326_164052/log/pta_fi.dot.stderr.log
pta_fi,PTA,fi,dot,"[pta] UNHANDLED:   %2085 = landingpad { i8*, i32 }",/home/jimi/PaperExperiment/CompilerOptimization/Result/flatbuffers/dg/dg-LLVM14-O2-g/high_precision_20260326_164052/log/pta_fi.dot.stderr.log
pta_fi,PTA,fi,dot,"[pta] UNHANDLED:   %250 = invoke noundef i8* @_ZNSt7__cxx1112basic_stringIcSt11char_traitsIcESaIcEE9_M_createERmm(%""class.std::__cxx11::basic_string""* noundef nonnull align 8 dereferenceable(32) %246, i64* noundef nonnull align 8 dereferenceable(8) %20, i64 noundef 0)",/home/jimi/PaperExperiment/CompilerOptimization/Result/flatbuffers/dg/dg-LLVM14-O2-g/high_precision_20260326_164052/log/pta_fi.dot.stderr.log
pta_fi,PTA,fi,dot,"[pta] UNHANDLED:   invoke void @_ZN11flatbuffers19NewCppCodeGeneratorEv(%""class.std::unique_ptr.151""* nonnull sret(%""class.std::unique_ptr.151"") align 8 %30)",/home/jimi/PaperExperiment/CompilerOptimization/Result/flatbuffers/dg/dg-LLVM14-O2-g/high_precision_20260326_164052/log/pta_fi.dot.stderr.log
pta_fi,PTA,fi,dot,"[pta] UNHANDLED:   %2131 = landingpad { i8*, i32 }",/home/jimi/PaperExperiment/CompilerOptimization/Result/flatbuffers/dg/dg-LLVM14-O2-g/high_precision_20260326_164052/log/pta_fi.dot.stderr.log
pta_fi,PTA,fi,dot,"[pta] UNHANDLED:   invoke void @_ZNSt12__shared_ptrIN11flatbuffers13CodeGeneratorELN9__gnu_cxx12_Lock_policyE2EEC2IS1_St14default_deleteIS1_EvEEOSt10unique_ptrIT_T0_E(%""class.std::__shared_ptr""* noundef nonnull align 8 dereferenceable(16) %260, %""class.std::unique_ptr.151""* noundef nonnull align 8 dereferenceable(8) %30)",/home/jimi/PaperExperiment/CompilerOptimization/Result/flatbuffers/dg/dg-LLVM14-O2-g/high_precision_20260326_164052/log/pta_fi.dot.stderr.log
pta_fi,PTA,fi,dot,"[pta] UNHANDLED:   %2115 = landingpad { i8*, i32 }",/home/jimi/PaperExperiment/CompilerOptimization/Result/flatbuffers/dg/dg-LLVM14-O2-g/high_precision_20260326_164052/log/pta_fi.dot.stderr.log
pta_fi,PTA,fi,dot,"[pta] UNHANDLED:   %262 = invoke noundef zeroext i1 bitcast (i1 (%""class.flatbuffers::FlatCompiler""*, %""struct.flatbuffers::FlatCOption""*, %""class.std::shared_ptr""*)* @_ZN11flatbuffers12FlatCompiler21RegisterCodeGeneratorERKNS_11FlatCOptionESt10shared_ptrINS_13CodeGeneratorEE to i1 (%""class.flatbuffers::FlatCompiler.2328""*, %""struct.flatbuffers::FlatCOption""*, %""class.std::shared_ptr""*)*)(%""class.flatbuffers::FlatCompiler.2328""* noundef nonnull align 8 dereferenceable(64) %24, %""struct.flatbuffers::FlatCOption""* noundef nonnull align 8 dereferenceable(128) %28, %""class.std::shared_ptr""* noundef nonnull %29)",/home/jimi/PaperExperiment/CompilerOptimization/Result/flatbuffers/dg/dg-LLVM14-O2-g/high_precision_20260326_164052/log/pta_fi.dot.stderr.log
pta_fi,PTA,fi,dot,"[pta] UNHANDLED:   %2117 = landingpad { i8*, i32 }",/home/jimi/PaperExperiment/CompilerOptimization/Result/flatbuffers/dg/dg-LLVM14-O2-g/high_precision_20260326_164052/log/pta_fi.dot.stderr.log
pta_fi,PTA,fi,dot,"[pta] UNHANDLED:   %2119 = landingpad { i8*, i32 }",/home/jimi/PaperExperiment/CompilerOptimization/Result/flatbuffers/dg/dg-LLVM14-O2-g/high_precision_20260326_164052/log/pta_fi.dot.stderr.log
pta_fi,PTA,fi,dot,"[pta] UNHANDLED:   %352 = invoke noundef i8* @_ZNSt7__cxx1112basic_stringIcSt11char_traitsIcESaIcEE9_M_createERmm(%""class.std::__cxx11::basic_string""* noundef nonnull align 8 dereferenceable(32) %348, i64* noundef nonnull align 8 dereferenceable(8) %19, i64 noundef 0)",/home/jimi/PaperExperiment/CompilerOptimization/Result/flatbuffers/dg/dg-LLVM14-O2-g/high_precision_20260326_164052/log/pta_fi.dot.stderr.log
pta_fi,PTA,fi,dot,"[pta] UNHANDLED:   invoke void @_ZN11flatbuffers22NewCSharpCodeGeneratorEv(%""class.std::unique_ptr.151""* nonnull sret(%""class.std::unique_ptr.151"") align 8 %33)",/home/jimi/PaperExperiment/CompilerOptimization/Result/flatbuffers/dg/dg-LLVM14-O2-g/high_precision_20260326_164052/log/pta_fi.dot.stderr.log
pta_fi,PTA,fi,dot,"[pta] UNHANDLED:   %2165 = landingpad { i8*, i32 }",/home/jimi/PaperExperiment/CompilerOptimization/Result/flatbuffers/dg/dg-LLVM14-O2-g/high_precision_20260326_164052/log/pta_fi.dot.stderr.log
pta_fi,PTA,fi,dot,"[pta] UNHANDLED:   invoke void @_ZNSt12__shared_ptrIN11flatbuffers13CodeGeneratorELN9__gnu_cxx12_Lock_policyE2EEC2IS1_St14default_deleteIS1_EvEEOSt10unique_ptrIT_T0_E(%""class.std::__shared_ptr""* noundef nonnull align 8 dereferenceable(16) %362, %""class.std::unique_ptr.151""* noundef nonnull align 8 dereferenceable(8) %33)",/home/jimi/PaperExperiment/CompilerOptimization/Result/flatbuffers/dg/dg-LLVM14-O2-g/high_precision_20260326_164052/log/pta_fi.dot.stderr.log
pta_fi,PTA,fi,dot,"[pta] UNHANDLED:   %2149 = landingpad { i8*, i32 }",/home/jimi/PaperExperiment/CompilerOptimization/Result/flatbuffers/dg/dg-LLVM14-O2-g/high_precision_20260326_164052/log/pta_fi.dot.stderr.log
pta_fi,PTA,fi,dot,"[pta] UNHANDLED:   %364 = invoke noundef zeroext i1 bitcast (i1 (%""class.flatbuffers::FlatCompiler""*, %""struct.flatbuffers::FlatCOption""*, %""class.std::shared_ptr""*)* @_ZN11flatbuffers12FlatCompiler21RegisterCodeGeneratorERKNS_11FlatCOptionESt10shared_ptrINS_13CodeGeneratorEE to i1 (%""class.flatbuffers::FlatCompiler.2328""*, %""struct.flatbuffers::FlatCOption""*, %""class.std::shared_ptr""*)*)(%""class.flatbuffers::FlatCompiler.2328""* noundef nonnull align 8 dereferenceable(64) %24, %""struct.flatbuffers::FlatCOption""* noundef nonnull align 8 dereferenceable(128) %31, %""class.std::shared_ptr""* noundef nonnull %32)",/home/jimi/PaperExperiment/CompilerOptimization/Result/flatbuffers/dg/dg-LLVM14-O2-g/high_precision_20260326_164052/log/pta_fi.dot.stderr.log
pta_fi,PTA,fi,dot,"[pta] UNHANDLED:   %2151 = landingpad { i8*, i32 }",/home/jimi/PaperExperiment/CompilerOptimization/Result/flatbuffers/dg/dg-LLVM14-O2-g/high_precision_20260326_164052/log/pta_fi.dot.stderr.log
pta_fi,PTA,fi,dot,"[pta] UNHANDLED:   %2153 = landingpad { i8*, i32 }",/home/jimi/PaperExperiment/CompilerOptimization/Result/flatbuffers/dg/dg-LLVM14-O2-g/high_precision_20260326_164052/log/pta_fi.dot.stderr.log
pta_fi,PTA,fi,dot,"[pta] UNHANDLED:   %455 = invoke noundef i8* @_ZNSt7__cxx1112basic_stringIcSt11char_traitsIcESaIcEE9_M_createERmm(%""class.std::__cxx11::basic_string""* noundef nonnull align 8 dereferenceable(32) %451, i64* noundef nonnull align 8 dereferenceable(8) %18, i64 noundef 0)",/home/jimi/PaperExperiment/CompilerOptimization/Result/flatbuffers/dg/dg-LLVM14-O2-g/high_precision_20260326_164052/log/pta_fi.dot.stderr.log
pta_fi,PTA,fi,dot,"[pta] UNHANDLED:   invoke void @_ZN11flatbuffers20NewDartCodeGeneratorEv(%""class.std::unique_ptr.151""* nonnull sret(%""class.std::unique_ptr.151"") align 8 %36)",/home/jimi/PaperExperiment/CompilerOptimization/Result/flatbuffers/dg/dg-LLVM14-O2-g/high_precision_20260326_164052/log/pta_fi.dot.stderr.log
pta_fi,PTA,fi,dot,"[pta] UNHANDLED:   %2199 = landingpad { i8*, i32 }",/home/jimi/PaperExperiment/CompilerOptimization/Result/flatbuffers/dg/dg-LLVM14-O2-g/high_precision_20260326_164052/log/pta_fi.dot.stderr.log
pta_fi,PTA,fi,dot,"[pta] UNHANDLED:   invoke void @_ZNSt12__shared_ptrIN11flatbuffers13CodeGeneratorELN9__gnu_cxx12_Lock_policyE2EEC2IS1_St14default_deleteIS1_EvEEOSt10unique_ptrIT_T0_E(%""class.std::__shared_ptr""* noundef nonnull align 8 dereferenceable(16) %465, %""class.std::unique_ptr.151""* noundef nonnull align 8 dereferenceable(8) %36)",/home/jimi/PaperExperiment/CompilerOptimization/Result/flatbuffers/dg/dg-LLVM14-O2-g/high_precision_20260326_164052/log/pta_fi.dot.stderr.log
pta_fi,PTA,fi,dot,"[pta] UNHANDLED:   %2183 = landingpad { i8*, i32 }",/home/jimi/PaperExperiment/CompilerOptimization/Result/flatbuffers/dg/dg-LLVM14-O2-g/high_precision_20260326_164052/log/pta_fi.dot.stderr.log
pta_fi,PTA,fi,dot,"[pta] UNHANDLED:   %467 = invoke noundef zeroext i1 bitcast (i1 (%""class.flatbuffers::FlatCompiler""*, %""struct.flatbuffers::FlatCOption""*, %""class.std::shared_ptr""*)* @_ZN11flatbuffers12FlatCompiler21RegisterCodeGeneratorERKNS_11FlatCOptionESt10shared_ptrINS_13CodeGeneratorEE to i1 (%""class.flatbuffers::FlatCompiler.2328""*, %""struct.flatbuffers::FlatCOption""*, %""class.std::shared_ptr""*)*)(%""class.flatbuffers::FlatCompiler.2328""* noundef nonnull align 8 dereferenceable(64) %24, %""struct.flatbuffers::FlatCOption""* noundef nonnull align 8 dereferenceable(128) %34, %""class.std::shared_ptr""* noundef nonnull %35)",/home/jimi/PaperExperiment/CompilerOptimization/Result/flatbuffers/dg/dg-LLVM14-O2-g/high_precision_20260326_164052/log/pta_fi.dot.stderr.log
pta_fi,PTA,fi,dot,"[pta] UNHANDLED:   %2185 = landingpad { i8*, i32 }",/home/jimi/PaperExperiment/CompilerOptimization/Result/flatbuffers/dg/dg-LLVM14-O2-g/high_precision_20260326_164052/log/pta_fi.dot.stderr.log
pta_fi,PTA,fi,dot,"[pta] UNHANDLED:   %2187 = landingpad { i8*, i32 }",/home/jimi/PaperExperiment/CompilerOptimization/Result/flatbuffers/dg/dg-LLVM14-O2-g/high_precision_20260326_164052/log/pta_fi.dot.stderr.log
pta_fi,PTA,fi,dot,"[pta] UNHANDLED:   %556 = invoke noundef i8* @_ZNSt7__cxx1112basic_stringIcSt11char_traitsIcESaIcEE9_M_createERmm(%""class.std::__cxx11::basic_string""* noundef nonnull align 8 dereferenceable(32) %552, i64* noundef nonnull align 8 dereferenceable(8) %17, i64 noundef 0)",/home/jimi/PaperExperiment/CompilerOptimization/Result/flatbuffers/dg/dg-LLVM14-O2-g/high_precision_20260326_164052/log/pta_fi.dot.stderr.log
pta_fi,PTA,fi,dot,"[pta] UNHANDLED:   invoke void @_ZN11flatbuffers19NewFBSCodeGeneratorEb(%""class.std::unique_ptr.151""* nonnull sret(%""class.std::unique_ptr.151"") align 8 %39, i1 noundef zeroext false)",/home/jimi/PaperExperiment/CompilerOptimization/Result/flatbuffers/dg/dg-LLVM14-O2-g/high_precision_20260326_164052/log/pta_fi.dot.stderr.log
pta_fi,PTA,fi,dot,"[pta] UNHANDLED:   %2233 = landingpad { i8*, i32 }",/home/jimi/PaperExperiment/CompilerOptimization/Result/flatbuffers/dg/dg-LLVM14-O2-g/high_precision_20260326_164052/log/pta_fi.dot.stderr.log
pta_fi,PTA,fi,dot,"[pta] UNHANDLED:   invoke void @_ZNSt12__shared_ptrIN11flatbuffers13CodeGeneratorELN9__gnu_cxx12_Lock_policyE2EEC2IS1_St14default_deleteIS1_EvEEOSt10unique_ptrIT_T0_E(%""class.std::__shared_ptr""* noundef nonnull align 8 dereferenceable(16) %566, %""class.std::unique_ptr.151""* noundef nonnull align 8 dereferenceable(8) %39)",/home/jimi/PaperExperiment/CompilerOptimization/Result/flatbuffers/dg/dg-LLVM14-O2-g/high_precision_20260326_164052/log/pta_fi.dot.stderr.log
pta_fi,PTA,fi,dot,"[pta] UNHANDLED:   %2217 = landingpad { i8*, i32 }",/home/jimi/PaperExperiment/CompilerOptimization/Result/flatbuffers/dg/dg-LLVM14-O2-g/high_precision_20260326_164052/log/pta_fi.dot.stderr.log
pta_fi,PTA,fi,dot,"[pta] UNHANDLED:   %568 = invoke noundef zeroext i1 bitcast (i1 (%""class.flatbuffers::FlatCompiler""*, %""struct.flatbuffers::FlatCOption""*, %""class.std::shared_ptr""*)* @_ZN11flatbuffers12FlatCompiler21RegisterCodeGeneratorERKNS_11FlatCOptionESt10shared_ptrINS_13CodeGeneratorEE to i1 (%""class.flatbuffers::FlatCompiler.2328""*, %""struct.flatbuffers::FlatCOption""*, %""class.std::shared_ptr""*)*)(%""class.flatbuffers::FlatCompiler.2328""* noundef nonnull align 8 dereferenceable(64) %24, %""struct.flatbuffers::FlatCOption""* noundef nonnull align 8 dereferenceable(128) %37, %""class.std::shared_ptr""* noundef nonnull %38)",/home/jimi/PaperExperiment/CompilerOptimization/Result/flatbuffers/dg/dg-LLVM14-O2-g/high_precision_20260326_164052/log/pta_fi.dot.stderr.log
pta_fi,PTA,fi,dot,"[pta] UNHANDLED:   %2219 = landingpad { i8*, i32 }",/home/jimi/PaperExperiment/CompilerOptimization/Result/flatbuffers/dg/dg-LLVM14-O2-g/high_precision_20260326_164052/log/pta_fi.dot.stderr.log
pta_fi,PTA,fi,dot,"[pta] UNHANDLED:   %2221 = landingpad { i8*, i32 }",/home/jimi/PaperExperiment/CompilerOptimization/Result/flatbuffers/dg/dg-LLVM14-O2-g/high_precision_20260326_164052/log/pta_fi.dot.stderr.log
pta_fi,PTA,fi,dot,"[pta] UNHANDLED:   %659 = invoke noundef i8* @_ZNSt7__cxx1112basic_stringIcSt11char_traitsIcESaIcEE9_M_createERmm(%""class.std::__cxx11::basic_string""* noundef nonnull align 8 dereferenceable(32) %655, i64* noundef nonnull align 8 dereferenceable(8) %16, i64 noundef 0)",/home/jimi/PaperExperiment/CompilerOptimization/Result/flatbuffers/dg/dg-LLVM14-O2-g/high_precision_20260326_164052/log/pta_fi.dot.stderr.log
pta_fi,PTA,fi,dot,"[pta] UNHANDLED:   invoke void @_ZN11flatbuffers18NewGoCodeGeneratorEv(%""class.std::unique_ptr.151""* nonnull sret(%""class.std::unique_ptr.151"") align 8 %42)",/home/jimi/PaperExperiment/CompilerOptimization/Result/flatbuffers/dg/dg-LLVM14-O2-g/high_precision_20260326_164052/log/pta_fi.dot.stderr.log
pta_fi,PTA,fi,dot,"[pta] UNHANDLED:   %2267 = landingpad { i8*, i32 }",/home/jimi/PaperExperiment/CompilerOptimization/Result/flatbuffers/dg/dg-LLVM14-O2-g/high_precision_20260326_164052/log/pta_fi.dot.stderr.log
pta_fi,PTA,fi,dot,"[pta] UNHANDLED:   invoke void @_ZNSt12__shared_ptrIN11flatbuffers13CodeGeneratorELN9__gnu_cxx12_Lock_policyE2EEC2IS1_St14default_deleteIS1_EvEEOSt10unique_ptrIT_T0_E(%""class.std::__shared_ptr""* noundef nonnull align 8 dereferenceable(16) %669, %""class.std::unique_ptr.151""* noundef nonnull align 8 dereferenceable(8) %42)",/home/jimi/PaperExperiment/CompilerOptimization/Result/flatbuffers/dg/dg-LLVM14-O2-g/high_precision_20260326_164052/log/pta_fi.dot.stderr.log
pta_fi,PTA,fi,dot,"[pta] UNHANDLED:   %2251 = landingpad { i8*, i32 }",/home/jimi/PaperExperiment/CompilerOptimization/Result/flatbuffers/dg/dg-LLVM14-O2-g/high_precision_20260326_164052/log/pta_fi.dot.stderr.log
pta_fi,PTA,fi,dot,"[pta] UNHANDLED:   %671 = invoke noundef zeroext i1 bitcast (i1 (%""class.flatbuffers::FlatCompiler""*, %""struct.flatbuffers::FlatCOption""*, %""class.std::shared_ptr""*)* @_ZN11flatbuffers12FlatCompiler21RegisterCodeGeneratorERKNS_11FlatCOptionESt10shared_ptrINS_13CodeGeneratorEE to i1 (%""class.flatbuffers::FlatCompiler.2328""*, %""struct.flatbuffers::FlatCOption""*, %""class.std::shared_ptr""*)*)(%""class.flatbuffers::FlatCompiler.2328""* noundef nonnull align 8 dereferenceable(64) %24, %""struct.flatbuffers::FlatCOption""* noundef nonnull align 8 dereferenceable(128) %40, %""class.std::shared_ptr""* noundef nonnull %41)",/home/jimi/PaperExperiment/CompilerOptimization/Result/flatbuffers/dg/dg-LLVM14-O2-g/high_precision_20260326_164052/log/pta_fi.dot.stderr.log
pta_fi,PTA,fi,dot,"[pta] UNHANDLED:   %2253 = landingpad { i8*, i32 }",/home/jimi/PaperExperiment/CompilerOptimization/Result/flatbuffers/dg/dg-LLVM14-O2-g/high_precision_20260326_164052/log/pta_fi.dot.stderr.log
pta_fi,PTA,fi,dot,"[pta] UNHANDLED:   %2255 = landingpad { i8*, i32 }",/home/jimi/PaperExperiment/CompilerOptimization/Result/flatbuffers/dg/dg-LLVM14-O2-g/high_precision_20260326_164052/log/pta_fi.dot.stderr.log
pta_fi,PTA,fi,dot,"[pta] UNHANDLED:   %762 = invoke noundef i8* @_ZNSt7__cxx1112basic_stringIcSt11char_traitsIcESaIcEE9_M_createERmm(%""class.std::__cxx11::basic_string""* noundef nonnull align 8 dereferenceable(32) %758, i64* noundef nonnull align 8 dereferenceable(8) %15, i64 noundef 0)",/home/jimi/PaperExperiment/CompilerOptimization/Result/flatbuffers/dg/dg-LLVM14-O2-g/high_precision_20260326_164052/log/pta_fi.dot.stderr.log
pta_fi,PTA,fi,dot,"[pta] UNHANDLED:   invoke void @_ZN11flatbuffers20NewJavaCodeGeneratorEv(%""class.std::unique_ptr.151""* nonnull sret(%""class.std::unique_ptr.151"") align 8 %45)",/home/jimi/PaperExperiment/CompilerOptimization/Result/flatbuffers/dg/dg-LLVM14-O2-g/high_precision_20260326_164052/log/pta_fi.dot.stderr.log
pta_fi,PTA,fi,dot,"[pta] UNHANDLED:   %2301 = landingpad { i8*, i32 }",/home/jimi/PaperExperiment/CompilerOptimization/Result/flatbuffers/dg/dg-LLVM14-O2-g/high_precision_20260326_164052/log/pta_fi.dot.stderr.log
pta_fi,PTA,fi,dot,"[pta] UNHANDLED:   invoke void @_ZNSt12__shared_ptrIN11flatbuffers13CodeGeneratorELN9__gnu_cxx12_Lock_policyE2EEC2IS1_St14default_deleteIS1_EvEEOSt10unique_ptrIT_T0_E(%""class.std::__shared_ptr""* noundef nonnull align 8 dereferenceable(16) %772, %""class.std::unique_ptr.151""* noundef nonnull align 8 dereferenceable(8) %45)",/home/jimi/PaperExperiment/CompilerOptimization/Result/flatbuffers/dg/dg-LLVM14-O2-g/high_precision_20260326_164052/log/pta_fi.dot.stderr.log
pta_fi,PTA,fi,dot,"[pta] UNHANDLED:   %2285 = landingpad { i8*, i32 }",/home/jimi/PaperExperiment/CompilerOptimization/Result/flatbuffers/dg/dg-LLVM14-O2-g/high_precision_20260326_164052/log/pta_fi.dot.stderr.log
pta_fi,PTA,fi,dot,"[pta] UNHANDLED:   %774 = invoke noundef zeroext i1 bitcast (i1 (%""class.flatbuffers::FlatCompiler""*, %""struct.flatbuffers::FlatCOption""*, %""class.std::shared_ptr""*)* @_ZN11flatbuffers12FlatCompiler21RegisterCodeGeneratorERKNS_11FlatCOptionESt10shared_ptrINS_13CodeGeneratorEE to i1 (%""class.flatbuffers::FlatCompiler.2328""*, %""struct.flatbuffers::FlatCOption""*, %""class.std::shared_ptr""*)*)(%""class.flatbuffers::FlatCompiler.2328""* noundef nonnull align 8 dereferenceable(64) %24, %""struct.flatbuffers::FlatCOption""* noundef nonnull align 8 dereferenceable(128) %43, %""class.std::shared_ptr""* noundef nonnull %44)",/home/jimi/PaperExperiment/CompilerOptimization/Result/flatbuffers/dg/dg-LLVM14-O2-g/high_precision_20260326_164052/log/pta_fi.dot.stderr.log
pta_fi,PTA,fi,dot,"[pta] UNHANDLED:   %2287 = landingpad { i8*, i32 }",/home/jimi/PaperExperiment/CompilerOptimization/Result/flatbuffers/dg/dg-LLVM14-O2-g/high_precision_20260326_164052/log/pta_fi.dot.stderr.log
pta_fi,PTA,fi,dot,"[pta] UNHANDLED:   %2289 = landingpad { i8*, i32 }",/home/jimi/PaperExperiment/CompilerOptimization/Result/flatbuffers/dg/dg-LLVM14-O2-g/high_precision_20260326_164052/log/pta_fi.dot.stderr.log
pta_fi,PTA,fi,dot,"[pta] UNHANDLED:   %863 = invoke noundef i8* @_ZNSt7__cxx1112basic_stringIcSt11char_traitsIcESaIcEE9_M_createERmm(%""class.std::__cxx11::basic_string""* noundef nonnull align 8 dereferenceable(32) %859, i64* noundef nonnull align 8 dereferenceable(8) %14, i64 noundef 0)",/home/jimi/PaperExperiment/CompilerOptimization/Result/flatbuffers/dg/dg-LLVM14-O2-g/high_precision_20260326_164052/log/pta_fi.dot.stderr.log
pta_fi,PTA,fi,dot,"[pta] UNHANDLED:   invoke void @_ZN11flatbuffers26NewJsonSchemaCodeGeneratorEv(%""class.std::unique_ptr.151""* nonnull sret(%""class.std::unique_ptr.151"") align 8 %48)",/home/jimi/PaperExperiment/CompilerOptimization/Result/flatbuffers/dg/dg-LLVM14-O2-g/high_precision_20260326_164052/log/pta_fi.dot.stderr.log
pta_fi,PTA,fi,dot,"[pta] UNHANDLED:   %2335 = landingpad { i8*, i32 }",/home/jimi/PaperExperiment/CompilerOptimization/Result/flatbuffers/dg/dg-LLVM14-O2-g/high_precision_20260326_164052/log/pta_fi.dot.stderr.log
pta_fi,PTA,fi,dot,"[pta] UNHANDLED:   invoke void @_ZNSt12__shared_ptrIN11flatbuffers13CodeGeneratorELN9__gnu_cxx12_Lock_policyE2EEC2IS1_St14default_deleteIS1_EvEEOSt10unique_ptrIT_T0_E(%""class.std::__shared_ptr""* noundef nonnull align 8 dereferenceable(16) %873, %""class.std::unique_ptr.151""* noundef nonnull align 8 dereferenceable(8) %48)",/home/jimi/PaperExperiment/CompilerOptimization/Result/flatbuffers/dg/dg-LLVM14-O2-g/high_precision_20260326_164052/log/pta_fi.dot.stderr.log
pta_fi,PTA,fi,dot,"[pta] UNHANDLED:   %2319 = landingpad { i8*, i32 }",/home/jimi/PaperExperiment/CompilerOptimization/Result/flatbuffers/dg/dg-LLVM14-O2-g/high_precision_20260326_164052/log/pta_fi.dot.stderr.log
pta_fi,PTA,fi,dot,"[pta] UNHANDLED:   %875 = invoke noundef zeroext i1 bitcast (i1 (%""class.flatbuffers::FlatCompiler""*, %""struct.flatbuffers::FlatCOption""*, %""class.std::shared_ptr""*)* @_ZN11flatbuffers12FlatCompiler21RegisterCodeGeneratorERKNS_11FlatCOptionESt10shared_ptrINS_13CodeGeneratorEE to i1 (%""class.flatbuffers::FlatCompiler.2328""*, %""struct.flatbuffers::FlatCOption""*, %""class.std::shared_ptr""*)*)(%""class.flatbuffers::FlatCompiler.2328""* noundef nonnull align 8 dereferenceable(64) %24, %""struct.flatbuffers::FlatCOption""* noundef nonnull align 8 dereferenceable(128) %46, %""class.std::shared_ptr""* noundef nonnull %47)",/home/jimi/PaperExperiment/CompilerOptimization/Result/flatbuffers/dg/dg-LLVM14-O2-g/high_precision_20260326_164052/log/pta_fi.dot.stderr.log
pta_fi,PTA,fi,dot,"[pta] UNHANDLED:   %2321 = landingpad { i8*, i32 }",/home/jimi/PaperExperiment/CompilerOptimization/Result/flatbuffers/dg/dg-LLVM14-O2-g/high_precision_20260326_164052/log/pta_fi.dot.stderr.log
pta_fi,PTA,fi,dot,"[pta] UNHANDLED:   %2323 = landingpad { i8*, i32 }",/home/jimi/PaperExperiment/CompilerOptimization/Result/flatbuffers/dg/dg-LLVM14-O2-g/high_precision_20260326_164052/log/pta_fi.dot.stderr.log
pta_fi,PTA,fi,dot,"[pta] UNHANDLED:   %964 = invoke noundef i8* @_ZNSt7__cxx1112basic_stringIcSt11char_traitsIcESaIcEE9_M_createERmm(%""class.std::__cxx11::basic_string""* noundef nonnull align 8 dereferenceable(32) %960, i64* noundef nonnull align 8 dereferenceable(8) %13, i64 noundef 0)",/home/jimi/PaperExperiment/CompilerOptimization/Result/flatbuffers/dg/dg-LLVM14-O2-g/high_precision_20260326_164052/log/pta_fi.dot.stderr.log
pta_fi,PTA,fi,dot,"[pta] UNHANDLED:   invoke void @_ZN11flatbuffers22NewKotlinCodeGeneratorEv(%""class.std::unique_ptr.151""* nonnull sret(%""class.std::unique_ptr.151"") align 8 %51)",/home/jimi/PaperExperiment/CompilerOptimization/Result/flatbuffers/dg/dg-LLVM14-O2-g/high_precision_20260326_164052/log/pta_fi.dot.stderr.log
pta_fi,PTA,fi,dot,"[pta] UNHANDLED:   %2369 = landingpad { i8*, i32 }",/home/jimi/PaperExperiment/CompilerOptimization/Result/flatbuffers/dg/dg-LLVM14-O2-g/high_precision_20260326_164052/log/pta_fi.dot.stderr.log
pta_fi,PTA,fi,dot,"[pta] UNHANDLED:   invoke void @_ZNSt12__shared_ptrIN11flatbuffers13CodeGeneratorELN9__gnu_cxx12_Lock_policyE2EEC2IS1_St14default_deleteIS1_EvEEOSt10unique_ptrIT_T0_E(%""class.std::__shared_ptr""* noundef nonnull align 8 dereferenceable(16) %974, %""class.std::unique_ptr.151""* noundef nonnull align 8 dereferenceable(8) %51)",/home/jimi/PaperExperiment/CompilerOptimization/Result/flatbuffers/dg/dg-LLVM14-O2-g/high_precision_20260326_164052/log/pta_fi.dot.stderr.log
pta_fi,PTA,fi,dot,"[pta] UNHANDLED:   %2353 = landingpad { i8*, i32 }",/home/jimi/PaperExperiment/CompilerOptimization/Result/flatbuffers/dg/dg-LLVM14-O2-g/high_precision_20260326_164052/log/pta_fi.dot.stderr.log
pta_fi,PTA,fi,dot,"[pta] UNHANDLED:   %976 = invoke noundef zeroext i1 bitcast (i1 (%""class.flatbuffers::FlatCompiler""*, %""struct.flatbuffers::FlatCOption""*, %""class.std::shared_ptr""*)* @_ZN11flatbuffers12FlatCompiler21RegisterCodeGeneratorERKNS_11FlatCOptionESt10shared_ptrINS_13CodeGeneratorEE to i1 (%""class.flatbuffers::FlatCompiler.2328""*, %""struct.flatbuffers::FlatCOption""*, %""class.std::shared_ptr""*)*)(%""class.flatbuffers::FlatCompiler.2328""* noundef nonnull align 8 dereferenceable(64) %24, %""struct.flatbuffers::FlatCOption""* noundef nonnull align 8 dereferenceable(128) %49, %""class.std::shared_ptr""* noundef nonnull %50)",/home/jimi/PaperExperiment/CompilerOptimization/Result/flatbuffers/dg/dg-LLVM14-O2-g/high_precision_20260326_164052/log/pta_fi.dot.stderr.log
pta_fi,PTA,fi,dot,"[pta] UNHANDLED:   %2355 = landingpad { i8*, i32 }",/home/jimi/PaperExperiment/CompilerOptimization/Result/flatbuffers/dg/dg-LLVM14-O2-g/high_precision_20260326_164052/log/pta_fi.dot.stderr.log
pta_fi,PTA,fi,dot,"[pta] UNHANDLED:   %2357 = landingpad { i8*, i32 }",/home/jimi/PaperExperiment/CompilerOptimization/Result/flatbuffers/dg/dg-LLVM14-O2-g/high_precision_20260326_164052/log/pta_fi.dot.stderr.log
pta_fi,PTA,fi,dot,"[pta] UNHANDLED:   %1065 = invoke noundef i8* @_ZNSt7__cxx1112basic_stringIcSt11char_traitsIcESaIcEE9_M_createERmm(%""class.std::__cxx11::basic_string""* noundef nonnull align 8 dereferenceable(32) %1061, i64* noundef nonnull align 8 dereferenceable(8) %12, i64 noundef 0)",/home/jimi/PaperExperiment/CompilerOptimization/Result/flatbuffers/dg/dg-LLVM14-O2-g/high_precision_20260326_164052/log/pta_fi.dot.stderr.log
pta_fi,PTA,fi,dot,"[pta] UNHANDLED:   invoke void @_ZN11flatbuffers25NewKotlinKMPCodeGeneratorEv(%""class.std::unique_ptr.151""* nonnull sret(%""class.std::unique_ptr.151"") align 8 %54)",/home/jimi/PaperExperiment/CompilerOptimization/Result/flatbuffers/dg/dg-LLVM14-O2-g/high_precision_20260326_164052/log/pta_fi.dot.stderr.log
pta_fi,PTA,fi,dot,"[pta] UNHANDLED:   %2403 = landingpad { i8*, i32 }",/home/jimi/PaperExperiment/CompilerOptimization/Result/flatbuffers/dg/dg-LLVM14-O2-g/high_precision_20260326_164052/log/pta_fi.dot.stderr.log
pta_fi,PTA,fi,dot,"[pta] UNHANDLED:   invoke void @_ZNSt12__shared_ptrIN11flatbuffers13CodeGeneratorELN9__gnu_cxx12_Lock_policyE2EEC2IS1_St14default_deleteIS1_EvEEOSt10unique_ptrIT_T0_E(%""class.std::__shared_ptr""* noundef nonnull align 8 dereferenceable(16) %1075, %""class.std::unique_ptr.151""* noundef nonnull align 8 dereferenceable(8) %54)",/home/jimi/PaperExperiment/CompilerOptimization/Result/flatbuffers/dg/dg-LLVM14-O2-g/high_precision_20260326_164052/log/pta_fi.dot.stderr.log
pta_fi,PTA,fi,dot,"[pta] UNHANDLED:   %2387 = landingpad { i8*, i32 }",/home/jimi/PaperExperiment/CompilerOptimization/Result/flatbuffers/dg/dg-LLVM14-O2-g/high_precision_20260326_164052/log/pta_fi.dot.stderr.log
pta_fi,PTA,fi,dot,"[pta] UNHANDLED:   %1077 = invoke noundef zeroext i1 bitcast (i1 (%""class.flatbuffers::FlatCompiler""*, %""struct.flatbuffers::FlatCOption""*, %""class.std::shared_ptr""*)* @_ZN11flatbuffers12FlatCompiler21RegisterCodeGeneratorERKNS_11FlatCOptionESt10shared_ptrINS_13CodeGeneratorEE to i1 (%""class.flatbuffers::FlatCompiler.2328""*, %""struct.flatbuffers::FlatCOption""*, %""class.std::shared_ptr""*)*)(%""class.flatbuffers::FlatCompiler.2328""* noundef nonnull align 8 dereferenceable(64) %24, %""struct.flatbuffers::FlatCOption""* noundef nonnull align 8 dereferenceable(128) %52, %""class.std::shared_ptr""* noundef nonnull %53)",/home/jimi/PaperExperiment/CompilerOptimization/Result/flatbuffers/dg/dg-LLVM14-O2-g/high_precision_20260326_164052/log/pta_fi.dot.stderr.log
pta_fi,PTA,fi,dot,"[pta] UNHANDLED:   %2389 = landingpad { i8*, i32 }",/home/jimi/PaperExperiment/CompilerOptimization/Result/flatbuffers/dg/dg-LLVM14-O2-g/high_precision_20260326_164052/log/pta_fi.dot.stderr.log
pta_fi,PTA,fi,dot,"[pta] UNHANDLED:   %2391 = landingpad { i8*, i32 }",/home/jimi/PaperExperiment/CompilerOptimization/Result/flatbuffers/dg/dg-LLVM14-O2-g/high_precision_20260326_164052/log/pta_fi.dot.stderr.log
pta_fi,PTA,fi,dot,"[pta] UNHANDLED:   %1166 = invoke noundef i8* @_ZNSt7__cxx1112basic_stringIcSt11char_traitsIcESaIcEE9_M_createERmm(%""class.std::__cxx11::basic_string""* noundef nonnull align 8 dereferenceable(32) %1162, i64* noundef nonnull align 8 dereferenceable(8) %11, i64 noundef 0)",/home/jimi/PaperExperiment/CompilerOptimization/Result/flatbuffers/dg/dg-LLVM14-O2-g/high_precision_20260326_164052/log/pta_fi.dot.stderr.log
pta_fi,PTA,fi,dot,"[pta] UNHANDLED:   invoke void @_ZN11flatbuffers23NewLobsterCodeGeneratorEv(%""class.std::unique_ptr.151""* nonnull sret(%""class.std::unique_ptr.151"") align 8 %57)",/home/jimi/PaperExperiment/CompilerOptimization/Result/flatbuffers/dg/dg-LLVM14-O2-g/high_precision_20260326_164052/log/pta_fi.dot.stderr.log
pta_fi,PTA,fi,dot,"[pta] UNHANDLED:   %2437 = landingpad { i8*, i32 }",/home/jimi/PaperExperiment/CompilerOptimization/Result/flatbuffers/dg/dg-LLVM14-O2-g/high_precision_20260326_164052/log/pta_fi.dot.stderr.log
pta_fi,PTA,fi,dot,"[pta] UNHANDLED:   invoke void @_ZNSt12__shared_ptrIN11flatbuffers13CodeGeneratorELN9__gnu_cxx12_Lock_policyE2EEC2IS1_St14default_deleteIS1_EvEEOSt10unique_ptrIT_T0_E(%""class.std::__shared_ptr""* noundef nonnull align 8 dereferenceable(16) %1176, %""class.std::unique_ptr.151""* noundef nonnull align 8 dereferenceable(8) %57)",/home/jimi/PaperExperiment/CompilerOptimization/Result/flatbuffers/dg/dg-LLVM14-O2-g/high_precision_20260326_164052/log/pta_fi.dot.stderr.log
pta_fi,PTA,fi,dot,"[pta] UNHANDLED:   %2421 = landingpad { i8*, i32 }",/home/jimi/PaperExperiment/CompilerOptimization/Result/flatbuffers/dg/dg-LLVM14-O2-g/high_precision_20260326_164052/log/pta_fi.dot.stderr.log
pta_fi,PTA,fi,dot,"[pta] UNHANDLED:   %1178 = invoke noundef zeroext i1 bitcast (i1 (%""class.flatbuffers::FlatCompiler""*, %""struct.flatbuffers::FlatCOption""*, %""class.std::shared_ptr""*)* @_ZN11flatbuffers12FlatCompiler21RegisterCodeGeneratorERKNS_11FlatCOptionESt10shared_ptrINS_13CodeGeneratorEE to i1 (%""class.flatbuffers::FlatCompiler.2328""*, %""struct.flatbuffers::FlatCOption""*, %""class.std::shared_ptr""*)*)(%""class.flatbuffers::FlatCompiler.2328""* noundef nonnull align 8 dereferenceable(64) %24, %""struct.flatbuffers::FlatCOption""* noundef nonnull align 8 dereferenceable(128) %55, %""class.std::shared_ptr""* noundef nonnull %56)",/home/jimi/PaperExperiment/CompilerOptimization/Result/flatbuffers/dg/dg-LLVM14-O2-g/high_precision_20260326_164052/log/pta_fi.dot.stderr.log
pta_fi,PTA,fi,dot,"[pta] UNHANDLED:   %2423 = landingpad { i8*, i32 }",/home/jimi/PaperExperiment/CompilerOptimization/Result/flatbuffers/dg/dg-LLVM14-O2-g/high_precision_20260326_164052/log/pta_fi.dot.stderr.log
pta_fi,PTA,fi,dot,"[pta] UNHANDLED:   %2425 = landingpad { i8*, i32 }",/home/jimi/PaperExperiment/CompilerOptimization/Result/flatbuffers/dg/dg-LLVM14-O2-g/high_precision_20260326_164052/log/pta_fi.dot.stderr.log
pta_fi,PTA,fi,dot,"[pta] UNHANDLED:   %1268 = invoke noundef i8* @_ZNSt7__cxx1112basic_stringIcSt11char_traitsIcESaIcEE9_M_createERmm(%""class.std::__cxx11::basic_string""* noundef nonnull align 8 dereferenceable(32) %1264, i64* noundef nonnull align 8 dereferenceable(8) %10, i64 noundef 0)",/home/jimi/PaperExperiment/CompilerOptimization/Result/flatbuffers/dg/dg-LLVM14-O2-g/high_precision_20260326_164052/log/pta_fi.dot.stderr.log
pta_fi,PTA,fi,dot,"[pta] UNHANDLED:   invoke void @_ZN11flatbuffers19NewLuaBfbsGeneratorERKNSt7__cxx1112basic_stringIcSt11char_traitsIcESaIcEEE(%""class.std::unique_ptr.151""* nonnull sret(%""class.std::unique_ptr.151"") align 8 %60, %""class.std::__cxx11::basic_string""* noundef nonnull align 8 dereferenceable(32) %23)",/home/jimi/PaperExperiment/CompilerOptimization/Result/flatbuffers/dg/dg-LLVM14-O2-g/high_precision_20260326_164052/log/pta_fi.dot.stderr.log
pta_fi,PTA,fi,dot,"[pta] UNHANDLED:   %2471 = landingpad { i8*, i32 }",/home/jimi/PaperExperiment/CompilerOptimization/Result/flatbuffers/dg/dg-LLVM14-O2-g/high_precision_20260326_164052/log/pta_fi.dot.stderr.log
pta_fi,PTA,fi,dot,"[pta] UNHANDLED:   invoke void @_ZNSt12__shared_ptrIN11flatbuffers13CodeGeneratorELN9__gnu_cxx12_Lock_policyE2EEC2IS1_St14default_deleteIS1_EvEEOSt10unique_ptrIT_T0_E(%""class.std::__shared_ptr""* noundef nonnull align 8 dereferenceable(16) %1278, %""class.std::unique_ptr.151""* noundef nonnull align 8 dereferenceable(8) %60)",/home/jimi/PaperExperiment/CompilerOptimization/Result/flatbuffers/dg/dg-LLVM14-O2-g/high_precision_20260326_164052/log/pta_fi.dot.stderr.log
pta_fi,PTA,fi,dot,"[pta] UNHANDLED:   %2455 = landingpad { i8*, i32 }",/home/jimi/PaperExperiment/CompilerOptimization/Result/flatbuffers/dg/dg-LLVM14-O2-g/high_precision_20260326_164052/log/pta_fi.dot.stderr.log
pta_fi,PTA,fi,dot,"[pta] UNHANDLED:   %1280 = invoke noundef zeroext i1 bitcast (i1 (%""class.flatbuffers::FlatCompiler""*, %""struct.flatbuffers::FlatCOption""*, %""class.std::shared_ptr""*)* @_ZN11flatbuffers12FlatCompiler21RegisterCodeGeneratorERKNS_11FlatCOptionESt10shared_ptrINS_13CodeGeneratorEE to i1 (%""class.flatbuffers::FlatCompiler.2328""*, %""struct.flatbuffers::FlatCOption""*, %""class.std::shared_ptr""*)*)(%""class.flatbuffers::FlatCompiler.2328""* noundef nonnull align 8 dereferenceable(64) %24, %""struct.flatbuffers::FlatCOption""* noundef nonnull align 8 dereferenceable(128) %58, %""class.std::shared_ptr""* noundef nonnull %59)",/home/jimi/PaperExperiment/CompilerOptimization/Result/flatbuffers/dg/dg-LLVM14-O2-g/high_precision_20260326_164052/log/pta_fi.dot.stderr.log
pta_fi,PTA,fi,dot,"[pta] UNHANDLED:   %2457 = landingpad { i8*, i32 }",/home/jimi/PaperExperiment/CompilerOptimization/Result/flatbuffers/dg/dg-LLVM14-O2-g/high_precision_20260326_164052/log/pta_fi.dot.stderr.log
pta_fi,PTA,fi,dot,"[pta] UNHANDLED:   %2459 = landingpad { i8*, i32 }",/home/jimi/PaperExperiment/CompilerOptimization/Result/flatbuffers/dg/dg-LLVM14-O2-g/high_precision_20260326_164052/log/pta_fi.dot.stderr.log
pta_fi,PTA,fi,dot,"[pta] UNHANDLED:   %1369 = invoke noundef i8* @_ZNSt7__cxx1112basic_stringIcSt11char_traitsIcESaIcEE9_M_createERmm(%""class.std::__cxx11::basic_string""* noundef nonnull align 8 dereferenceable(32) %1365, i64* noundef nonnull align 8 dereferenceable(8) %9, i64 noundef 0)",/home/jimi/PaperExperiment/CompilerOptimization/Result/flatbuffers/dg/dg-LLVM14-O2-g/high_precision_20260326_164052/log/pta_fi.dot.stderr.log
pta_fi,PTA,fi,dot,"[pta] UNHANDLED:   invoke void @_ZN11flatbuffers19NewNimBfbsGeneratorERKNSt7__cxx1112basic_stringIcSt11char_traitsIcESaIcEEE(%""class.std::unique_ptr.151""* nonnull sret(%""class.std::unique_ptr.151"") align 8 %63, %""class.std::__cxx11::basic_string""* noundef nonnull align 8 dereferenceable(32) %23)",/home/jimi/PaperExperiment/CompilerOptimization/Result/flatbuffers/dg/dg-LLVM14-O2-g/high_precision_20260326_164052/log/pta_fi.dot.stderr.log
pta_fi,PTA,fi,dot,"[pta] UNHANDLED:   %2505 = landingpad { i8*, i32 }",/home/jimi/PaperExperiment/CompilerOptimization/Result/flatbuffers/dg/dg-LLVM14-O2-g/high_precision_20260326_164052/log/pta_fi.dot.stderr.log
pta_fi,PTA,fi,dot,"[pta] UNHANDLED:   invoke void @_ZNSt12__shared_ptrIN11flatbuffers13CodeGeneratorELN9__gnu_cxx12_Lock_policyE2EEC2IS1_St14default_deleteIS1_EvEEOSt10unique_ptrIT_T0_E(%""class.std::__shared_ptr""* noundef nonnull align 8 dereferenceable(16) %1379, %""class.std::unique_ptr.151""* noundef nonnull align 8 dereferenceable(8) %63)",/home/jimi/PaperExperiment/CompilerOptimization/Result/flatbuffers/dg/dg-LLVM14-O2-g/high_precision_20260326_164052/log/pta_fi.dot.stderr.log
pta_fi,PTA,fi,dot,"[pta] UNHANDLED:   %2489 = landingpad { i8*, i32 }",/home/jimi/PaperExperiment/CompilerOptimization/Result/flatbuffers/dg/dg-LLVM14-O2-g/high_precision_20260326_164052/log/pta_fi.dot.stderr.log
pta_fi,PTA,fi,dot,"[pta] UNHANDLED:   %1381 = invoke noundef zeroext i1 bitcast (i1 (%""class.flatbuffers::FlatCompiler""*, %""struct.flatbuffers::FlatCOption""*, %""class.std::shared_ptr""*)* @_ZN11flatbuffers12FlatCompiler21RegisterCodeGeneratorERKNS_11FlatCOptionESt10shared_ptrINS_13CodeGeneratorEE to i1 (%""class.flatbuffers::FlatCompiler.2328""*, %""struct.flatbuffers::FlatCOption""*, %""class.std::shared_ptr""*)*)(%""class.flatbuffers::FlatCompiler.2328""* noundef nonnull align 8 dereferenceable(64) %24, %""struct.flatbuffers::FlatCOption""* noundef nonnull align 8 dereferenceable(128) %61, %""class.std::shared_ptr""* noundef nonnull %62)",/home/jimi/PaperExperiment/CompilerOptimization/Result/flatbuffers/dg/dg-LLVM14-O2-g/high_precision_20260326_164052/log/pta_fi.dot.stderr.log
pta_fi,PTA,fi,dot,"[pta] UNHANDLED:   %2491 = landingpad { i8*, i32 }",/home/jimi/PaperExperiment/CompilerOptimization/Result/flatbuffers/dg/dg-LLVM14-O2-g/high_precision_20260326_164052/log/pta_fi.dot.stderr.log
pta_fi,PTA,fi,dot,"[pta] UNHANDLED:   %2493 = landingpad { i8*, i32 }",/home/jimi/PaperExperiment/CompilerOptimization/Result/flatbuffers/dg/dg-LLVM14-O2-g/high_precision_20260326_164052/log/pta_fi.dot.stderr.log
pta_fi,PTA,fi,dot,"[pta] UNHANDLED:   %1471 = invoke noundef i8* @_ZNSt7__cxx1112basic_stringIcSt11char_traitsIcESaIcEE9_M_createERmm(%""class.std::__cxx11::basic_string""* noundef nonnull align 8 dereferenceable(32) %1467, i64* noundef nonnull align 8 dereferenceable(8) %8, i64 noundef 0)",/home/jimi/PaperExperiment/CompilerOptimization/Result/flatbuffers/dg/dg-LLVM14-O2-g/high_precision_20260326_164052/log/pta_fi.dot.stderr.log
pta_fi,PTA,fi,dot,"[pta] UNHANDLED:   invoke void @_ZN11flatbuffers22NewPythonCodeGeneratorEv(%""class.std::unique_ptr.151""* nonnull sret(%""class.std::unique_ptr.151"") align 8 %66)",/home/jimi/PaperExperiment/CompilerOptimization/Result/flatbuffers/dg/dg-LLVM14-O2-g/high_precision_20260326_164052/log/pta_fi.dot.stderr.log
pta_fi,PTA,fi,dot,"[pta] UNHANDLED:   %2539 = landingpad { i8*, i32 }",/home/jimi/PaperExperiment/CompilerOptimization/Result/flatbuffers/dg/dg-LLVM14-O2-g/high_precision_20260326_164052/log/pta_fi.dot.stderr.log
pta_fi,PTA,fi,dot,"[pta] UNHANDLED:   invoke void @_ZNSt12__shared_ptrIN11flatbuffers13CodeGeneratorELN9__gnu_cxx12_Lock_policyE2EEC2IS1_St14default_deleteIS1_EvEEOSt10unique_ptrIT_T0_E(%""class.std::__shared_ptr""* noundef nonnull align 8 dereferenceable(16) %1481, %""class.std::unique_ptr.151""* noundef nonnull align 8 dereferenceable(8) %66)",/home/jimi/PaperExperiment/CompilerOptimization/Result/flatbuffers/dg/dg-LLVM14-O2-g/high_precision_20260326_164052/log/pta_fi.dot.stderr.log
pta_fi,PTA,fi,dot,"[pta] UNHANDLED:   %2523 = landingpad { i8*, i32 }",/home/jimi/PaperExperiment/CompilerOptimization/Result/flatbuffers/dg/dg-LLVM14-O2-g/high_precision_20260326_164052/log/pta_fi.dot.stderr.log
pta_fi,PTA,fi,dot,"[pta] UNHANDLED:   %1483 = invoke noundef zeroext i1 bitcast (i1 (%""class.flatbuffers::FlatCompiler""*, %""struct.flatbuffers::FlatCOption""*, %""class.std::shared_ptr""*)* @_ZN11flatbuffers12FlatCompiler21RegisterCodeGeneratorERKNS_11FlatCOptionESt10shared_ptrINS_13CodeGeneratorEE to i1 (%""class.flatbuffers::FlatCompiler.2328""*, %""struct.flatbuffers::FlatCOption""*, %""class.std::shared_ptr""*)*)(%""class.flatbuffers::FlatCompiler.2328""* noundef nonnull align 8 dereferenceable(64) %24, %""struct.flatbuffers::FlatCOption""* noundef nonnull align 8 dereferenceable(128) %64, %""class.std::shared_ptr""* noundef nonnull %65)",/home/jimi/PaperExperiment/CompilerOptimization/Result/flatbuffers/dg/dg-LLVM14-O2-g/high_precision_20260326_164052/log/pta_fi.dot.stderr.log
pta_fi,PTA,fi,dot,"[pta] UNHANDLED:   %2525 = landingpad { i8*, i32 }",/home/jimi/PaperExperiment/CompilerOptimization/Result/flatbuffers/dg/dg-LLVM14-O2-g/high_precision_20260326_164052/log/pta_fi.dot.stderr.log
pta_fi,PTA,fi,dot,"[pta] UNHANDLED:   %2527 = landingpad { i8*, i32 }",/home/jimi/PaperExperiment/CompilerOptimization/Result/flatbuffers/dg/dg-LLVM14-O2-g/high_precision_20260326_164052/log/pta_fi.dot.stderr.log
pta_fi,PTA,fi,dot,"[pta] UNHANDLED:   %1572 = invoke noundef i8* @_ZNSt7__cxx1112basic_stringIcSt11char_traitsIcESaIcEE9_M_createERmm(%""class.std::__cxx11::basic_string""* noundef nonnull align 8 dereferenceable(32) %1568, i64* noundef nonnull align 8 dereferenceable(8) %7, i64 noundef 0)",/home/jimi/PaperExperiment/CompilerOptimization/Result/flatbuffers/dg/dg-LLVM14-O2-g/high_precision_20260326_164052/log/pta_fi.dot.stderr.log
pta_fi,PTA,fi,dot,"[pta] UNHANDLED:   invoke void @_ZN11flatbuffers19NewPhpCodeGeneratorEv(%""class.std::unique_ptr.151""* nonnull sret(%""class.std::unique_ptr.151"") align 8 %69)",/home/jimi/PaperExperiment/CompilerOptimization/Result/flatbuffers/dg/dg-LLVM14-O2-g/high_precision_20260326_164052/log/pta_fi.dot.stderr.log
pta_fi,PTA,fi,dot,"[pta] UNHANDLED:   %2573 = landingpad { i8*, i32 }",/home/jimi/PaperExperiment/CompilerOptimization/Result/flatbuffers/dg/dg-LLVM14-O2-g/high_precision_20260326_164052/log/pta_fi.dot.stderr.log
pta_fi,PTA,fi,dot,"[pta] UNHANDLED:   invoke void @_ZNSt12__shared_ptrIN11flatbuffers13CodeGeneratorELN9__gnu_cxx12_Lock_policyE2EEC2IS1_St14default_deleteIS1_EvEEOSt10unique_ptrIT_T0_E(%""class.std::__shared_ptr""* noundef nonnull align 8 dereferenceable(16) %1582, %""class.std::unique_ptr.151""* noundef nonnull align 8 dereferenceable(8) %69)",/home/jimi/PaperExperiment/CompilerOptimization/Result/flatbuffers/dg/dg-LLVM14-O2-g/high_precision_20260326_164052/log/pta_fi.dot.stderr.log
pta_fi,PTA,fi,dot,"[pta] UNHANDLED:   %2557 = landingpad { i8*, i32 }",/home/jimi/PaperExperiment/CompilerOptimization/Result/flatbuffers/dg/dg-LLVM14-O2-g/high_precision_20260326_164052/log/pta_fi.dot.stderr.log
pta_fi,PTA,fi,dot,"[pta] UNHANDLED:   %1584 = invoke noundef zeroext i1 bitcast (i1 (%""class.flatbuffers::FlatCompiler""*, %""struct.flatbuffers::FlatCOption""*, %""class.std::shared_ptr""*)* @_ZN11flatbuffers12FlatCompiler21RegisterCodeGeneratorERKNS_11FlatCOptionESt10shared_ptrINS_13CodeGeneratorEE to i1 (%""class.flatbuffers::FlatCompiler.2328""*, %""struct.flatbuffers::FlatCOption""*, %""class.std::shared_ptr""*)*)(%""class.flatbuffers::FlatCompiler.2328""* noundef nonnull align 8 dereferenceable(64) %24, %""struct.flatbuffers::FlatCOption""* noundef nonnull align 8 dereferenceable(128) %67, %""class.std::shared_ptr""* noundef nonnull %68)",/home/jimi/PaperExperiment/CompilerOptimization/Result/flatbuffers/dg/dg-LLVM14-O2-g/high_precision_20260326_164052/log/pta_fi.dot.stderr.log
pta_fi,PTA,fi,dot,"[pta] UNHANDLED:   %2559 = landingpad { i8*, i32 }",/home/jimi/PaperExperiment/CompilerOptimization/Result/flatbuffers/dg/dg-LLVM14-O2-g/high_precision_20260326_164052/log/pta_fi.dot.stderr.log
pta_fi,PTA,fi,dot,"[pta] UNHANDLED:   %2561 = landingpad { i8*, i32 }",/home/jimi/PaperExperiment/CompilerOptimization/Result/flatbuffers/dg/dg-LLVM14-O2-g/high_precision_20260326_164052/log/pta_fi.dot.stderr.log
pta_fi,PTA,fi,dot,"[pta] UNHANDLED:   %1675 = invoke noundef i8* @_ZNSt7__cxx1112basic_stringIcSt11char_traitsIcESaIcEE9_M_createERmm(%""class.std::__cxx11::basic_string""* noundef nonnull align 8 dereferenceable(32) %1671, i64* noundef nonnull align 8 dereferenceable(8) %6, i64 noundef 0)",/home/jimi/PaperExperiment/CompilerOptimization/Result/flatbuffers/dg/dg-LLVM14-O2-g/high_precision_20260326_164052/log/pta_fi.dot.stderr.log
pta_fi,PTA,fi,dot,"[pta] UNHANDLED:   invoke void @_ZN11flatbuffers20NewRustCodeGeneratorEv(%""class.std::unique_ptr.151""* nonnull sret(%""class.std::unique_ptr.151"") align 8 %72)",/home/jimi/PaperExperiment/CompilerOptimization/Result/flatbuffers/dg/dg-LLVM14-O2-g/high_precision_20260326_164052/log/pta_fi.dot.stderr.log
pta_fi,PTA,fi,dot,"[pta] UNHANDLED:   %2607 = landingpad { i8*, i32 }",/home/jimi/PaperExperiment/CompilerOptimization/Result/flatbuffers/dg/dg-LLVM14-O2-g/high_precision_20260326_164052/log/pta_fi.dot.stderr.log
pta_fi,PTA,fi,dot,"[pta] UNHANDLED:   invoke void @_ZNSt12__shared_ptrIN11flatbuffers13CodeGeneratorELN9__gnu_cxx12_Lock_policyE2EEC2IS1_St14default_deleteIS1_EvEEOSt10unique_ptrIT_T0_E(%""class.std::__shared_ptr""* noundef nonnull align 8 dereferenceable(16) %1685, %""class.std::unique_ptr.151""* noundef nonnull align 8 dereferenceable(8) %72)",/home/jimi/PaperExperiment/CompilerOptimization/Result/flatbuffers/dg/dg-LLVM14-O2-g/high_precision_20260326_164052/log/pta_fi.dot.stderr.log
pta_fi,PTA,fi,dot,"[pta] UNHANDLED:   %2591 = landingpad { i8*, i32 }",/home/jimi/PaperExperiment/CompilerOptimization/Result/flatbuffers/dg/dg-LLVM14-O2-g/high_precision_20260326_164052/log/pta_fi.dot.stderr.log
pta_fi,PTA,fi,dot,"[pta] UNHANDLED:   %1687 = invoke noundef zeroext i1 bitcast (i1 (%""class.flatbuffers::FlatCompiler""*, %""struct.flatbuffers::FlatCOption""*, %""class.std::shared_ptr""*)* @_ZN11flatbuffers12FlatCompiler21RegisterCodeGeneratorERKNS_11FlatCOptionESt10shared_ptrINS_13CodeGeneratorEE to i1 (%""class.flatbuffers::FlatCompiler.2328""*, %""struct.flatbuffers::FlatCOption""*, %""class.std::shared_ptr""*)*)(%""class.flatbuffers::FlatCompiler.2328""* noundef nonnull align 8 dereferenceable(64) %24, %""struct.flatbuffers::FlatCOption""* noundef nonnull align 8 dereferenceable(128) %70, %""class.std::shared_ptr""* noundef nonnull %71)",/home/jimi/PaperExperiment/CompilerOptimization/Result/flatbuffers/dg/dg-LLVM14-O2-g/high_precision_20260326_164052/log/pta_fi.dot.stderr.log
pta_fi,PTA,fi,dot,"[pta] UNHANDLED:   %2593 = landingpad { i8*, i32 }",/home/jimi/PaperExperiment/CompilerOptimization/Result/flatbuffers/dg/dg-LLVM14-O2-g/high_precision_20260326_164052/log/pta_fi.dot.stderr.log
pta_fi,PTA,fi,dot,"[pta] UNHANDLED:   %2595 = landingpad { i8*, i32 }",/home/jimi/PaperExperiment/CompilerOptimization/Result/flatbuffers/dg/dg-LLVM14-O2-g/high_precision_20260326_164052/log/pta_fi.dot.stderr.log
pta_fi,PTA,fi,dot,"[pta] UNHANDLED:   %1778 = invoke noundef i8* @_ZNSt7__cxx1112basic_stringIcSt11char_traitsIcESaIcEE9_M_createERmm(%""class.std::__cxx11::basic_string""* noundef nonnull align 8 dereferenceable(32) %1774, i64* noundef nonnull align 8 dereferenceable(8) %5, i64 noundef 0)",/home/jimi/PaperExperiment/CompilerOptimization/Result/flatbuffers/dg/dg-LLVM14-O2-g/high_precision_20260326_164052/log/pta_fi.dot.stderr.log
pta_fi,PTA,fi,dot,"[pta] UNHANDLED:   invoke void @_ZN11flatbuffers20NewTextCodeGeneratorEv(%""class.std::unique_ptr.151""* nonnull sret(%""class.std::unique_ptr.151"") align 8 %75)",/home/jimi/PaperExperiment/CompilerOptimization/Result/flatbuffers/dg/dg-LLVM14-O2-g/high_precision_20260326_164052/log/pta_fi.dot.stderr.log
pta_fi,PTA,fi,dot,"[pta] UNHANDLED:   %2641 = landingpad { i8*, i32 }",/home/jimi/PaperExperiment/CompilerOptimization/Result/flatbuffers/dg/dg-LLVM14-O2-g/high_precision_20260326_164052/log/pta_fi.dot.stderr.log
pta_fi,PTA,fi,dot,"[pta] UNHANDLED:   invoke void @_ZNSt12__shared_ptrIN11flatbuffers13CodeGeneratorELN9__gnu_cxx12_Lock_policyE2EEC2IS1_St14default_deleteIS1_EvEEOSt10unique_ptrIT_T0_E(%""class.std::__shared_ptr""* noundef nonnull align 8 dereferenceable(16) %1788, %""class.std::unique_ptr.151""* noundef nonnull align 8 dereferenceable(8) %75)",/home/jimi/PaperExperiment/CompilerOptimization/Result/flatbuffers/dg/dg-LLVM14-O2-g/high_precision_20260326_164052/log/pta_fi.dot.stderr.log
pta_fi,PTA,fi,dot,"[pta] UNHANDLED:   %2625 = landingpad { i8*, i32 }",/home/jimi/PaperExperiment/CompilerOptimization/Result/flatbuffers/dg/dg-LLVM14-O2-g/high_precision_20260326_164052/log/pta_fi.dot.stderr.log
pta_fi,PTA,fi,dot,"[pta] UNHANDLED:   %1790 = invoke noundef zeroext i1 bitcast (i1 (%""class.flatbuffers::FlatCompiler""*, %""struct.flatbuffers::FlatCOption""*, %""class.std::shared_ptr""*)* @_ZN11flatbuffers12FlatCompiler21RegisterCodeGeneratorERKNS_11FlatCOptionESt10shared_ptrINS_13CodeGeneratorEE to i1 (%""class.flatbuffers::FlatCompiler.2328""*, %""struct.flatbuffers::FlatCOption""*, %""class.std::shared_ptr""*)*)(%""class.flatbuffers::FlatCompiler.2328""* noundef nonnull align 8 dereferenceable(64) %24, %""struct.flatbuffers::FlatCOption""* noundef nonnull align 8 dereferenceable(128) %73, %""class.std::shared_ptr""* noundef nonnull %74)",/home/jimi/PaperExperiment/CompilerOptimization/Result/flatbuffers/dg/dg-LLVM14-O2-g/high_precision_20260326_164052/log/pta_fi.dot.stderr.log
pta_fi,PTA,fi,dot,"[pta] UNHANDLED:   %2627 = landingpad { i8*, i32 }",/home/jimi/PaperExperiment/CompilerOptimization/Result/flatbuffers/dg/dg-LLVM14-O2-g/high_precision_20260326_164052/log/pta_fi.dot.stderr.log
pta_fi,PTA,fi,dot,"[pta] UNHANDLED:   %2629 = landingpad { i8*, i32 }",/home/jimi/PaperExperiment/CompilerOptimization/Result/flatbuffers/dg/dg-LLVM14-O2-g/high_precision_20260326_164052/log/pta_fi.dot.stderr.log
pta_fi,PTA,fi,dot,"[pta] UNHANDLED:   %1879 = invoke noundef i8* @_ZNSt7__cxx1112basic_stringIcSt11char_traitsIcESaIcEE9_M_createERmm(%""class.std::__cxx11::basic_string""* noundef nonnull align 8 dereferenceable(32) %1875, i64* noundef nonnull align 8 dereferenceable(8) %4, i64 noundef 0)",/home/jimi/PaperExperiment/CompilerOptimization/Result/flatbuffers/dg/dg-LLVM14-O2-g/high_precision_20260326_164052/log/pta_fi.dot.stderr.log
pta_fi,PTA,fi,dot,"[pta] UNHANDLED:   invoke void @_ZN11flatbuffers21NewSwiftCodeGeneratorEv(%""class.std::unique_ptr.151""* nonnull sret(%""class.std::unique_ptr.151"") align 8 %78)",/home/jimi/PaperExperiment/CompilerOptimization/Result/flatbuffers/dg/dg-LLVM14-O2-g/high_precision_20260326_164052/log/pta_fi.dot.stderr.log
pta_fi,PTA,fi,dot,"[pta] UNHANDLED:   %2675 = landingpad { i8*, i32 }",/home/jimi/PaperExperiment/CompilerOptimization/Result/flatbuffers/dg/dg-LLVM14-O2-g/high_precision_20260326_164052/log/pta_fi.dot.stderr.log
pta_fi,PTA,fi,dot,"[pta] UNHANDLED:   invoke void @_ZNSt12__shared_ptrIN11flatbuffers13CodeGeneratorELN9__gnu_cxx12_Lock_policyE2EEC2IS1_St14default_deleteIS1_EvEEOSt10unique_ptrIT_T0_E(%""class.std::__shared_ptr""* noundef nonnull align 8 dereferenceable(16) %1889, %""class.std::unique_ptr.151""* noundef nonnull align 8 dereferenceable(8) %78)",/home/jimi/PaperExperiment/CompilerOptimization/Result/flatbuffers/dg/dg-LLVM14-O2-g/high_precision_20260326_164052/log/pta_fi.dot.stderr.log
pta_fi,PTA,fi,dot,"[pta] UNHANDLED:   %2659 = landingpad { i8*, i32 }",/home/jimi/PaperExperiment/CompilerOptimization/Result/flatbuffers/dg/dg-LLVM14-O2-g/high_precision_20260326_164052/log/pta_fi.dot.stderr.log
pta_fi,PTA,fi,dot,"[pta] UNHANDLED:   %1891 = invoke noundef zeroext i1 bitcast (i1 (%""class.flatbuffers::FlatCompiler""*, %""struct.flatbuffers::FlatCOption""*, %""class.std::shared_ptr""*)* @_ZN11flatbuffers12FlatCompiler21RegisterCodeGeneratorERKNS_11FlatCOptionESt10shared_ptrINS_13CodeGeneratorEE to i1 (%""class.flatbuffers::FlatCompiler.2328""*, %""struct.flatbuffers::FlatCOption""*, %""class.std::shared_ptr""*)*)(%""class.flatbuffers::FlatCompiler.2328""* noundef nonnull align 8 dereferenceable(64) %24, %""struct.flatbuffers::FlatCOption""* noundef nonnull align 8 dereferenceable(128) %76, %""class.std::shared_ptr""* noundef nonnull %77)",/home/jimi/PaperExperiment/CompilerOptimization/Result/flatbuffers/dg/dg-LLVM14-O2-g/high_precision_20260326_164052/log/pta_fi.dot.stderr.log
pta_fi,PTA,fi,dot,"[pta] UNHANDLED:   %2661 = landingpad { i8*, i32 }",/home/jimi/PaperExperiment/CompilerOptimization/Result/flatbuffers/dg/dg-LLVM14-O2-g/high_precision_20260326_164052/log/pta_fi.dot.stderr.log
pta_fi,PTA,fi,dot,"[pta] UNHANDLED:   %2663 = landingpad { i8*, i32 }",/home/jimi/PaperExperiment/CompilerOptimization/Result/flatbuffers/dg/dg-LLVM14-O2-g/high_precision_20260326_164052/log/pta_fi.dot.stderr.log
pta_fi,PTA,fi,dot,"[pta] UNHANDLED:   %1982 = invoke noundef i8* @_ZNSt7__cxx1112basic_stringIcSt11char_traitsIcESaIcEE9_M_createERmm(%""class.std::__cxx11::basic_string""* noundef nonnull align 8 dereferenceable(32) %1978, i64* noundef nonnull align 8 dereferenceable(8) %3, i64 noundef 0)",/home/jimi/PaperExperiment/CompilerOptimization/Result/flatbuffers/dg/dg-LLVM14-O2-g/high_precision_20260326_164052/log/pta_fi.dot.stderr.log
pta_fi,PTA,fi,dot,"[pta] UNHANDLED:   invoke void @_ZN11flatbuffers18NewTsCodeGeneratorEv(%""class.std::unique_ptr.151""* nonnull sret(%""class.std::unique_ptr.151"") align 8 %81)",/home/jimi/PaperExperiment/CompilerOptimization/Result/flatbuffers/dg/dg-LLVM14-O2-g/high_precision_20260326_164052/log/pta_fi.dot.stderr.log
pta_fi,PTA,fi,dot,"[pta] UNHANDLED:   %2709 = landingpad { i8*, i32 }",/home/jimi/PaperExperiment/CompilerOptimization/Result/flatbuffers/dg/dg-LLVM14-O2-g/high_precision_20260326_164052/log/pta_fi.dot.stderr.log
pta_fi,PTA,fi,dot,"[pta] UNHANDLED:   invoke void @_ZNSt12__shared_ptrIN11flatbuffers13CodeGeneratorELN9__gnu_cxx12_Lock_policyE2EEC2IS1_St14default_deleteIS1_EvEEOSt10unique_ptrIT_T0_E(%""class.std::__shared_ptr""* noundef nonnull align 8 dereferenceable(16) %1992, %""class.std::unique_ptr.151""* noundef nonnull align 8 dereferenceable(8) %81)",/home/jimi/PaperExperiment/CompilerOptimization/Result/flatbuffers/dg/dg-LLVM14-O2-g/high_precision_20260326_164052/log/pta_fi.dot.stderr.log
pta_fi,PTA,fi,dot,"[pta] UNHANDLED:   %2693 = landingpad { i8*, i32 }",/home/jimi/PaperExperiment/CompilerOptimization/Result/flatbuffers/dg/dg-LLVM14-O2-g/high_precision_20260326_164052/log/pta_fi.dot.stderr.log
pta_fi,PTA,fi,dot,"[pta] UNHANDLED:   %1994 = invoke noundef zeroext i1 bitcast (i1 (%""class.flatbuffers::FlatCompiler""*, %""struct.flatbuffers::FlatCOption""*, %""class.std::shared_ptr""*)* @_ZN11flatbuffers12FlatCompiler21RegisterCodeGeneratorERKNS_11FlatCOptionESt10shared_ptrINS_13CodeGeneratorEE to i1 (%""class.flatbuffers::FlatCompiler.2328""*, %""struct.flatbuffers::FlatCOption""*, %""class.std::shared_ptr""*)*)(%""class.flatbuffers::FlatCompiler.2328""* noundef nonnull align 8 dereferenceable(64) %24, %""struct.flatbuffers::FlatCOption""* noundef nonnull align 8 dereferenceable(128) %79, %""class.std::shared_ptr""* noundef nonnull %80)",/home/jimi/PaperExperiment/CompilerOptimization/Result/flatbuffers/dg/dg-LLVM14-O2-g/high_precision_20260326_164052/log/pta_fi.dot.stderr.log
pta_fi,PTA,fi,dot,"[pta] UNHANDLED:   %2695 = landingpad { i8*, i32 }",/home/jimi/PaperExperiment/CompilerOptimization/Result/flatbuffers/dg/dg-LLVM14-O2-g/high_precision_20260326_164052/log/pta_fi.dot.stderr.log
pta_fi,PTA,fi,dot,"[pta] UNHANDLED:   %2697 = landingpad { i8*, i32 }",/home/jimi/PaperExperiment/CompilerOptimization/Result/flatbuffers/dg/dg-LLVM14-O2-g/high_precision_20260326_164052/log/pta_fi.dot.stderr.log
pta_fi,PTA,fi,dot,"[pta] UNHANDLED:   invoke void bitcast (void (%""struct.flatbuffers::FlatCOptions""*, %""class.flatbuffers::FlatCompiler""*, i32, i8**)* @_ZN11flatbuffers12FlatCompiler29ParseFromCommandLineArgumentsEiPPKc to void (%""struct.flatbuffers::FlatCOptions""*, %""class.flatbuffers::FlatCompiler.2328""*, i32, i8**)*)(%""struct.flatbuffers::FlatCOptions""* nonnull sret(%""struct.flatbuffers::FlatCOptions"") align 8 %82, %""class.flatbuffers::FlatCompiler.2328""* noundef nonnull align 8 dereferenceable(64) %24, i32 noundef %0, i8** noundef nonnull %1)",/home/jimi/PaperExperiment/CompilerOptimization/Result/flatbuffers/dg/dg-LLVM14-O2-g/high_precision_20260326_164052/log/pta_fi.dot.stderr.log
pta_fi,PTA,fi,dot,"[pta] UNHANDLED:   %2727 = landingpad { i8*, i32 }",/home/jimi/PaperExperiment/CompilerOptimization/Result/flatbuffers/dg/dg-LLVM14-O2-g/high_precision_20260326_164052/log/pta_fi.dot.stderr.log
pta_fi,PTA,fi,dot,[pta] UNHANDLED:   %2731 = invoke noalias noundef nonnull dereferenceable(8) i8* @_Znwm(i64 noundef 8) #52,/home/jimi/PaperExperiment/CompilerOptimization/Result/flatbuffers/dg/dg-LLVM14-O2-g/high_precision_20260326_164052/log/pta_fi.dot.stderr.log
pta_fi,PTA,fi,dot,"[pta] UNHANDLED:   %2739 = invoke noundef i32 bitcast (i32 (%""class.flatbuffers::FlatCompiler""*, %""struct.flatbuffers::FlatCOptions""*)* @_ZN11flatbuffers12FlatCompiler7CompileERKNS_12FlatCOptionsE to i32 (%""class.flatbuffers::FlatCompiler.2328""*, %""struct.flatbuffers::FlatCOptions""*)*)(%""class.flatbuffers::FlatCompiler.2328""* noundef nonnull align 8 dereferenceable(64) %24, %""struct.flatbuffers::FlatCOptions""* noundef nonnull align 8 dereferenceable(1104) %82)",/home/jimi/PaperExperiment/CompilerOptimization/Result/flatbuffers/dg/dg-LLVM14-O2-g/high_precision_20260326_164052/log/pta_fi.dot.stderr.log
pta_fi,PTA,fi,dot,"[pta] UNHANDLED:   %2729 = landingpad { i8*, i32 }",/home/jimi/PaperExperiment/CompilerOptimization/Result/flatbuffers/dg/dg-LLVM14-O2-g/high_precision_20260326_164052/log/pta_fi.dot.stderr.log
pta_fi,PTA,fi,dot,[pta] UNHANDLED:   %2067 = invoke noalias noundef nonnull dereferenceable(56) i8* @_Znwm(i64 noundef 56) #52,/home/jimi/PaperExperiment/CompilerOptimization/Result/flatbuffers/dg/dg-LLVM14-O2-g/high_precision_20260326_164052/log/pta_fi.dot.stderr.log
pta_fi,PTA,fi,dot,"[pta] UNHANDLED:   invoke void %2745(%""class.flatbuffers::FileSaver""* noundef nonnull align 8 dereferenceable(8) %2741)",/home/jimi/PaperExperiment/CompilerOptimization/Result/flatbuffers/dg/dg-LLVM14-O2-g/high_precision_20260326_164052/log/pta_fi.dot.stderr.log
pta_fi,PTA,fi,dot,"[pta] UNHANDLED:   %2763 = landingpad { i8*, i32 }",/home/jimi/PaperExperiment/CompilerOptimization/Result/flatbuffers/dg/dg-LLVM14-O2-g/high_precision_20260326_164052/log/pta_fi.dot.stderr.log
pta_fi,PTA,fi,dot,"[pta] UNHANDLED:   invoke void @_ZNSt8_Rb_treeINSt7__cxx1112basic_stringIcSt11char_traitsIcESaIcEEESt4pairIKS5_St10shared_ptrIN11flatbuffers13CodeGeneratorEEESt10_Select1stISC_ESt4lessIS5_ESaISC_EE8_M_eraseEPSt13_Rb_tree_nodeISC_E(%""class.std::_Rb_tree""* noundef nonnull align 8 dereferenceable(48) %2751, %""struct.std::_Rb_tree_node.354""* noundef %2753)",/home/jimi/PaperExperiment/CompilerOptimization/Result/flatbuffers/dg/dg-LLVM14-O2-g/high_precision_20260326_164052/log/pta_fi.dot.stderr.log
pta_fi,PTA,fi,dot,"[pta] UNHANDLED:   %2755 = landingpad { i8*, i32 }",/home/jimi/PaperExperiment/CompilerOptimization/Result/flatbuffers/dg/dg-LLVM14-O2-g/high_precision_20260326_164052/log/pta_fi.dot.stderr.log
pta_fs,PTA,fs,lines,"[pta] UNHANDLED:   %148 = invoke noundef i8* @_ZNSt7__cxx1112basic_stringIcSt11char_traitsIcESaIcEE9_M_createERmm(%""class.std::__cxx11::basic_string""* noundef nonnull align 8 dereferenceable(32) %144, i64* noundef nonnull align 8 dereferenceable(8) %21, i64 noundef 0)",/home/jimi/PaperExperiment/CompilerOptimization/Result/flatbuffers/dg/dg-LLVM14-O2-g/high_precision_20260326_164052/log/pta_fs.lines.stderr.log
pta_fs,PTA,fs,lines,"[pta] UNHANDLED:   invoke void @_ZN11flatbuffers22NewBinaryCodeGeneratorEv(%""class.std::unique_ptr.151""* nonnull sret(%""class.std::unique_ptr.151"") align 8 %27)",/home/jimi/PaperExperiment/CompilerOptimization/Result/flatbuffers/dg/dg-LLVM14-O2-g/high_precision_20260326_164052/log/pta_fs.lines.stderr.log
pta_fs,PTA,fs,lines,"[pta] UNHANDLED:   invoke void @_ZNSt8_Rb_treeINSt7__cxx1112basic_stringIcSt11char_traitsIcESaIcEEESt4pairIKS5_St10shared_ptrIN11flatbuffers13CodeGeneratorEEESt10_Select1stISC_ESt4lessIS5_ESaISC_EE8_M_eraseEPSt13_Rb_tree_nodeISC_E(%""class.std::_Rb_tree""* noundef nonnull align 8 dereferenceable(48) %2, %""struct.std::_Rb_tree_node.354""* noundef %6)",/home/jimi/PaperExperiment/CompilerOptimization/Result/flatbuffers/dg/dg-LLVM14-O2-g/high_precision_20260326_164052/log/pta_fs.lines.stderr.log
pta_fs,PTA,fs,lines,"[pta] UNHANDLED:   %8 = landingpad { i8*, i32 }",/home/jimi/PaperExperiment/CompilerOptimization/Result/flatbuffers/dg/dg-LLVM14-O2-g/high_precision_20260326_164052/log/pta_fs.lines.stderr.log
pta_fs,PTA,fs,lines,"[pta] UNHANDLED:   %2097 = landingpad { i8*, i32 }",/home/jimi/PaperExperiment/CompilerOptimization/Result/flatbuffers/dg/dg-LLVM14-O2-g/high_precision_20260326_164052/log/pta_fs.lines.stderr.log
pta_fs,PTA,fs,lines,"[pta] UNHANDLED:   invoke void @_ZNSt12__shared_ptrIN11flatbuffers13CodeGeneratorELN9__gnu_cxx12_Lock_policyE2EEC2IS1_St14default_deleteIS1_EvEEOSt10unique_ptrIT_T0_E(%""class.std::__shared_ptr""* noundef nonnull align 8 dereferenceable(16) %158, %""class.std::unique_ptr.151""* noundef nonnull align 8 dereferenceable(8) %27)",/home/jimi/PaperExperiment/CompilerOptimization/Result/flatbuffers/dg/dg-LLVM14-O2-g/high_precision_20260326_164052/log/pta_fs.lines.stderr.log
pta_fs,PTA,fs,lines,"[pta] UNHANDLED:   %2081 = landingpad { i8*, i32 }",/home/jimi/PaperExperiment/CompilerOptimization/Result/flatbuffers/dg/dg-LLVM14-O2-g/high_precision_20260326_164052/log/pta_fs.lines.stderr.log
pta_fs,PTA,fs,lines,"[pta] UNHANDLED:   resume { i8*, i32 } %2773, !dbg !106616",/home/jimi/PaperExperiment/CompilerOptimization/Result/flatbuffers/dg/dg-LLVM14-O2-g/high_precision_20260326_164052/log/pta_fs.lines.stderr.log
pta_fs,PTA,fs,lines,"[pta] UNHANDLED:   %160 = invoke noundef zeroext i1 bitcast (i1 (%""class.flatbuffers::FlatCompiler""*, %""struct.flatbuffers::FlatCOption""*, %""class.std::shared_ptr""*)* @_ZN11flatbuffers12FlatCompiler21RegisterCodeGeneratorERKNS_11FlatCOptionESt10shared_ptrINS_13CodeGeneratorEE to i1 (%""class.flatbuffers::FlatCompiler.2328""*, %""struct.flatbuffers::FlatCOption""*, %""class.std::shared_ptr""*)*)(%""class.flatbuffers::FlatCompiler.2328""* noundef nonnull align 8 dereferenceable(64) %24, %""struct.flatbuffers::FlatCOption""* noundef nonnull align 8 dereferenceable(128) %25, %""class.std::shared_ptr""* noundef nonnull %26)",/home/jimi/PaperExperiment/CompilerOptimization/Result/flatbuffers/dg/dg-LLVM14-O2-g/high_precision_20260326_164052/log/pta_fs.lines.stderr.log
pta_fs,PTA,fs,lines,"[pta] UNHANDLED:   %2083 = landingpad { i8*, i32 }",/home/jimi/PaperExperiment/CompilerOptimization/Result/flatbuffers/dg/dg-LLVM14-O2-g/high_precision_20260326_164052/log/pta_fs.lines.stderr.log
pta_fs,PTA,fs,lines,"[pta] UNHANDLED:   %2085 = landingpad { i8*, i32 }",/home/jimi/PaperExperiment/CompilerOptimization/Result/flatbuffers/dg/dg-LLVM14-O2-g/high_precision_20260326_164052/log/pta_fs.lines.stderr.log
pta_fs,PTA,fs,lines,"[pta] UNHANDLED:   %250 = invoke noundef i8* @_ZNSt7__cxx1112basic_stringIcSt11char_traitsIcESaIcEE9_M_createERmm(%""class.std::__cxx11::basic_string""* noundef nonnull align 8 dereferenceable(32) %246, i64* noundef nonnull align 8 dereferenceable(8) %20, i64 noundef 0)",/home/jimi/PaperExperiment/CompilerOptimization/Result/flatbuffers/dg/dg-LLVM14-O2-g/high_precision_20260326_164052/log/pta_fs.lines.stderr.log
pta_fs,PTA,fs,lines,"[pta] UNHANDLED:   invoke void @_ZN11flatbuffers19NewCppCodeGeneratorEv(%""class.std::unique_ptr.151""* nonnull sret(%""class.std::unique_ptr.151"") align 8 %30)",/home/jimi/PaperExperiment/CompilerOptimization/Result/flatbuffers/dg/dg-LLVM14-O2-g/high_precision_20260326_164052/log/pta_fs.lines.stderr.log
pta_fs,PTA,fs,lines,"[pta] UNHANDLED:   %2131 = landingpad { i8*, i32 }",/home/jimi/PaperExperiment/CompilerOptimization/Result/flatbuffers/dg/dg-LLVM14-O2-g/high_precision_20260326_164052/log/pta_fs.lines.stderr.log
pta_fs,PTA,fs,lines,"[pta] UNHANDLED:   invoke void @_ZNSt12__shared_ptrIN11flatbuffers13CodeGeneratorELN9__gnu_cxx12_Lock_policyE2EEC2IS1_St14default_deleteIS1_EvEEOSt10unique_ptrIT_T0_E(%""class.std::__shared_ptr""* noundef nonnull align 8 dereferenceable(16) %260, %""class.std::unique_ptr.151""* noundef nonnull align 8 dereferenceable(8) %30)",/home/jimi/PaperExperiment/CompilerOptimization/Result/flatbuffers/dg/dg-LLVM14-O2-g/high_precision_20260326_164052/log/pta_fs.lines.stderr.log
pta_fs,PTA,fs,lines,"[pta] UNHANDLED:   %2115 = landingpad { i8*, i32 }",/home/jimi/PaperExperiment/CompilerOptimization/Result/flatbuffers/dg/dg-LLVM14-O2-g/high_precision_20260326_164052/log/pta_fs.lines.stderr.log
pta_fs,PTA,fs,lines,"[pta] UNHANDLED:   %262 = invoke noundef zeroext i1 bitcast (i1 (%""class.flatbuffers::FlatCompiler""*, %""struct.flatbuffers::FlatCOption""*, %""class.std::shared_ptr""*)* @_ZN11flatbuffers12FlatCompiler21RegisterCodeGeneratorERKNS_11FlatCOptionESt10shared_ptrINS_13CodeGeneratorEE to i1 (%""class.flatbuffers::FlatCompiler.2328""*, %""struct.flatbuffers::FlatCOption""*, %""class.std::shared_ptr""*)*)(%""class.flatbuffers::FlatCompiler.2328""* noundef nonnull align 8 dereferenceable(64) %24, %""struct.flatbuffers::FlatCOption""* noundef nonnull align 8 dereferenceable(128) %28, %""class.std::shared_ptr""* noundef nonnull %29)",/home/jimi/PaperExperiment/CompilerOptimization/Result/flatbuffers/dg/dg-LLVM14-O2-g/high_precision_20260326_164052/log/pta_fs.lines.stderr.log
pta_fs,PTA,fs,lines,"[pta] UNHANDLED:   %2117 = landingpad { i8*, i32 }",/home/jimi/PaperExperiment/CompilerOptimization/Result/flatbuffers/dg/dg-LLVM14-O2-g/high_precision_20260326_164052/log/pta_fs.lines.stderr.log
pta_fs,PTA,fs,lines,"[pta] UNHANDLED:   %2119 = landingpad { i8*, i32 }",/home/jimi/PaperExperiment/CompilerOptimization/Result/flatbuffers/dg/dg-LLVM14-O2-g/high_precision_20260326_164052/log/pta_fs.lines.stderr.log
pta_fs,PTA,fs,lines,"[pta] UNHANDLED:   %352 = invoke noundef i8* @_ZNSt7__cxx1112basic_stringIcSt11char_traitsIcESaIcEE9_M_createERmm(%""class.std::__cxx11::basic_string""* noundef nonnull align 8 dereferenceable(32) %348, i64* noundef nonnull align 8 dereferenceable(8) %19, i64 noundef 0)",/home/jimi/PaperExperiment/CompilerOptimization/Result/flatbuffers/dg/dg-LLVM14-O2-g/high_precision_20260326_164052/log/pta_fs.lines.stderr.log
pta_fs,PTA,fs,lines,"[pta] UNHANDLED:   invoke void @_ZN11flatbuffers22NewCSharpCodeGeneratorEv(%""class.std::unique_ptr.151""* nonnull sret(%""class.std::unique_ptr.151"") align 8 %33)",/home/jimi/PaperExperiment/CompilerOptimization/Result/flatbuffers/dg/dg-LLVM14-O2-g/high_precision_20260326_164052/log/pta_fs.lines.stderr.log
pta_fs,PTA,fs,lines,"[pta] UNHANDLED:   %2165 = landingpad { i8*, i32 }",/home/jimi/PaperExperiment/CompilerOptimization/Result/flatbuffers/dg/dg-LLVM14-O2-g/high_precision_20260326_164052/log/pta_fs.lines.stderr.log
pta_fs,PTA,fs,lines,"[pta] UNHANDLED:   invoke void @_ZNSt12__shared_ptrIN11flatbuffers13CodeGeneratorELN9__gnu_cxx12_Lock_policyE2EEC2IS1_St14default_deleteIS1_EvEEOSt10unique_ptrIT_T0_E(%""class.std::__shared_ptr""* noundef nonnull align 8 dereferenceable(16) %362, %""class.std::unique_ptr.151""* noundef nonnull align 8 dereferenceable(8) %33)",/home/jimi/PaperExperiment/CompilerOptimization/Result/flatbuffers/dg/dg-LLVM14-O2-g/high_precision_20260326_164052/log/pta_fs.lines.stderr.log
pta_fs,PTA,fs,lines,"[pta] UNHANDLED:   %2149 = landingpad { i8*, i32 }",/home/jimi/PaperExperiment/CompilerOptimization/Result/flatbuffers/dg/dg-LLVM14-O2-g/high_precision_20260326_164052/log/pta_fs.lines.stderr.log
pta_fs,PTA,fs,lines,"[pta] UNHANDLED:   %364 = invoke noundef zeroext i1 bitcast (i1 (%""class.flatbuffers::FlatCompiler""*, %""struct.flatbuffers::FlatCOption""*, %""class.std::shared_ptr""*)* @_ZN11flatbuffers12FlatCompiler21RegisterCodeGeneratorERKNS_11FlatCOptionESt10shared_ptrINS_13CodeGeneratorEE to i1 (%""class.flatbuffers::FlatCompiler.2328""*, %""struct.flatbuffers::FlatCOption""*, %""class.std::shared_ptr""*)*)(%""class.flatbuffers::FlatCompiler.2328""* noundef nonnull align 8 dereferenceable(64) %24, %""struct.flatbuffers::FlatCOption""* noundef nonnull align 8 dereferenceable(128) %31, %""class.std::shared_ptr""* noundef nonnull %32)",/home/jimi/PaperExperiment/CompilerOptimization/Result/flatbuffers/dg/dg-LLVM14-O2-g/high_precision_20260326_164052/log/pta_fs.lines.stderr.log
pta_fs,PTA,fs,lines,"[pta] UNHANDLED:   %2151 = landingpad { i8*, i32 }",/home/jimi/PaperExperiment/CompilerOptimization/Result/flatbuffers/dg/dg-LLVM14-O2-g/high_precision_20260326_164052/log/pta_fs.lines.stderr.log
pta_fs,PTA,fs,lines,"[pta] UNHANDLED:   %2153 = landingpad { i8*, i32 }",/home/jimi/PaperExperiment/CompilerOptimization/Result/flatbuffers/dg/dg-LLVM14-O2-g/high_precision_20260326_164052/log/pta_fs.lines.stderr.log
pta_fs,PTA,fs,lines,"[pta] UNHANDLED:   %455 = invoke noundef i8* @_ZNSt7__cxx1112basic_stringIcSt11char_traitsIcESaIcEE9_M_createERmm(%""class.std::__cxx11::basic_string""* noundef nonnull align 8 dereferenceable(32) %451, i64* noundef nonnull align 8 dereferenceable(8) %18, i64 noundef 0)",/home/jimi/PaperExperiment/CompilerOptimization/Result/flatbuffers/dg/dg-LLVM14-O2-g/high_precision_20260326_164052/log/pta_fs.lines.stderr.log
pta_fs,PTA,fs,lines,"[pta] UNHANDLED:   invoke void @_ZN11flatbuffers20NewDartCodeGeneratorEv(%""class.std::unique_ptr.151""* nonnull sret(%""class.std::unique_ptr.151"") align 8 %36)",/home/jimi/PaperExperiment/CompilerOptimization/Result/flatbuffers/dg/dg-LLVM14-O2-g/high_precision_20260326_164052/log/pta_fs.lines.stderr.log
pta_fs,PTA,fs,lines,"[pta] UNHANDLED:   %2199 = landingpad { i8*, i32 }",/home/jimi/PaperExperiment/CompilerOptimization/Result/flatbuffers/dg/dg-LLVM14-O2-g/high_precision_20260326_164052/log/pta_fs.lines.stderr.log
pta_fs,PTA,fs,lines,"[pta] UNHANDLED:   invoke void @_ZNSt12__shared_ptrIN11flatbuffers13CodeGeneratorELN9__gnu_cxx12_Lock_policyE2EEC2IS1_St14default_deleteIS1_EvEEOSt10unique_ptrIT_T0_E(%""class.std::__shared_ptr""* noundef nonnull align 8 dereferenceable(16) %465, %""class.std::unique_ptr.151""* noundef nonnull align 8 dereferenceable(8) %36)",/home/jimi/PaperExperiment/CompilerOptimization/Result/flatbuffers/dg/dg-LLVM14-O2-g/high_precision_20260326_164052/log/pta_fs.lines.stderr.log
pta_fs,PTA,fs,lines,"[pta] UNHANDLED:   %2183 = landingpad { i8*, i32 }",/home/jimi/PaperExperiment/CompilerOptimization/Result/flatbuffers/dg/dg-LLVM14-O2-g/high_precision_20260326_164052/log/pta_fs.lines.stderr.log
pta_fs,PTA,fs,lines,"[pta] UNHANDLED:   %467 = invoke noundef zeroext i1 bitcast (i1 (%""class.flatbuffers::FlatCompiler""*, %""struct.flatbuffers::FlatCOption""*, %""class.std::shared_ptr""*)* @_ZN11flatbuffers12FlatCompiler21RegisterCodeGeneratorERKNS_11FlatCOptionESt10shared_ptrINS_13CodeGeneratorEE to i1 (%""class.flatbuffers::FlatCompiler.2328""*, %""struct.flatbuffers::FlatCOption""*, %""class.std::shared_ptr""*)*)(%""class.flatbuffers::FlatCompiler.2328""* noundef nonnull align 8 dereferenceable(64) %24, %""struct.flatbuffers::FlatCOption""* noundef nonnull align 8 dereferenceable(128) %34, %""class.std::shared_ptr""* noundef nonnull %35)",/home/jimi/PaperExperiment/CompilerOptimization/Result/flatbuffers/dg/dg-LLVM14-O2-g/high_precision_20260326_164052/log/pta_fs.lines.stderr.log
pta_fs,PTA,fs,lines,"[pta] UNHANDLED:   %2185 = landingpad { i8*, i32 }",/home/jimi/PaperExperiment/CompilerOptimization/Result/flatbuffers/dg/dg-LLVM14-O2-g/high_precision_20260326_164052/log/pta_fs.lines.stderr.log
pta_fs,PTA,fs,lines,"[pta] UNHANDLED:   %2187 = landingpad { i8*, i32 }",/home/jimi/PaperExperiment/CompilerOptimization/Result/flatbuffers/dg/dg-LLVM14-O2-g/high_precision_20260326_164052/log/pta_fs.lines.stderr.log
pta_fs,PTA,fs,lines,"[pta] UNHANDLED:   %556 = invoke noundef i8* @_ZNSt7__cxx1112basic_stringIcSt11char_traitsIcESaIcEE9_M_createERmm(%""class.std::__cxx11::basic_string""* noundef nonnull align 8 dereferenceable(32) %552, i64* noundef nonnull align 8 dereferenceable(8) %17, i64 noundef 0)",/home/jimi/PaperExperiment/CompilerOptimization/Result/flatbuffers/dg/dg-LLVM14-O2-g/high_precision_20260326_164052/log/pta_fs.lines.stderr.log
pta_fs,PTA,fs,lines,"[pta] UNHANDLED:   invoke void @_ZN11flatbuffers19NewFBSCodeGeneratorEb(%""class.std::unique_ptr.151""* nonnull sret(%""class.std::unique_ptr.151"") align 8 %39, i1 noundef zeroext false)",/home/jimi/PaperExperiment/CompilerOptimization/Result/flatbuffers/dg/dg-LLVM14-O2-g/high_precision_20260326_164052/log/pta_fs.lines.stderr.log
pta_fs,PTA,fs,lines,"[pta] UNHANDLED:   %2233 = landingpad { i8*, i32 }",/home/jimi/PaperExperiment/CompilerOptimization/Result/flatbuffers/dg/dg-LLVM14-O2-g/high_precision_20260326_164052/log/pta_fs.lines.stderr.log
pta_fs,PTA,fs,lines,"[pta] UNHANDLED:   invoke void @_ZNSt12__shared_ptrIN11flatbuffers13CodeGeneratorELN9__gnu_cxx12_Lock_policyE2EEC2IS1_St14default_deleteIS1_EvEEOSt10unique_ptrIT_T0_E(%""class.std::__shared_ptr""* noundef nonnull align 8 dereferenceable(16) %566, %""class.std::unique_ptr.151""* noundef nonnull align 8 dereferenceable(8) %39)",/home/jimi/PaperExperiment/CompilerOptimization/Result/flatbuffers/dg/dg-LLVM14-O2-g/high_precision_20260326_164052/log/pta_fs.lines.stderr.log
pta_fs,PTA,fs,lines,"[pta] UNHANDLED:   %2217 = landingpad { i8*, i32 }",/home/jimi/PaperExperiment/CompilerOptimization/Result/flatbuffers/dg/dg-LLVM14-O2-g/high_precision_20260326_164052/log/pta_fs.lines.stderr.log
pta_fs,PTA,fs,lines,"[pta] UNHANDLED:   %568 = invoke noundef zeroext i1 bitcast (i1 (%""class.flatbuffers::FlatCompiler""*, %""struct.flatbuffers::FlatCOption""*, %""class.std::shared_ptr""*)* @_ZN11flatbuffers12FlatCompiler21RegisterCodeGeneratorERKNS_11FlatCOptionESt10shared_ptrINS_13CodeGeneratorEE to i1 (%""class.flatbuffers::FlatCompiler.2328""*, %""struct.flatbuffers::FlatCOption""*, %""class.std::shared_ptr""*)*)(%""class.flatbuffers::FlatCompiler.2328""* noundef nonnull align 8 dereferenceable(64) %24, %""struct.flatbuffers::FlatCOption""* noundef nonnull align 8 dereferenceable(128) %37, %""class.std::shared_ptr""* noundef nonnull %38)",/home/jimi/PaperExperiment/CompilerOptimization/Result/flatbuffers/dg/dg-LLVM14-O2-g/high_precision_20260326_164052/log/pta_fs.lines.stderr.log
pta_fs,PTA,fs,lines,"[pta] UNHANDLED:   %2219 = landingpad { i8*, i32 }",/home/jimi/PaperExperiment/CompilerOptimization/Result/flatbuffers/dg/dg-LLVM14-O2-g/high_precision_20260326_164052/log/pta_fs.lines.stderr.log
pta_fs,PTA,fs,lines,"[pta] UNHANDLED:   %2221 = landingpad { i8*, i32 }",/home/jimi/PaperExperiment/CompilerOptimization/Result/flatbuffers/dg/dg-LLVM14-O2-g/high_precision_20260326_164052/log/pta_fs.lines.stderr.log
pta_fs,PTA,fs,lines,"[pta] UNHANDLED:   %659 = invoke noundef i8* @_ZNSt7__cxx1112basic_stringIcSt11char_traitsIcESaIcEE9_M_createERmm(%""class.std::__cxx11::basic_string""* noundef nonnull align 8 dereferenceable(32) %655, i64* noundef nonnull align 8 dereferenceable(8) %16, i64 noundef 0)",/home/jimi/PaperExperiment/CompilerOptimization/Result/flatbuffers/dg/dg-LLVM14-O2-g/high_precision_20260326_164052/log/pta_fs.lines.stderr.log
pta_fs,PTA,fs,lines,"[pta] UNHANDLED:   invoke void @_ZN11flatbuffers18NewGoCodeGeneratorEv(%""class.std::unique_ptr.151""* nonnull sret(%""class.std::unique_ptr.151"") align 8 %42)",/home/jimi/PaperExperiment/CompilerOptimization/Result/flatbuffers/dg/dg-LLVM14-O2-g/high_precision_20260326_164052/log/pta_fs.lines.stderr.log
pta_fs,PTA,fs,lines,"[pta] UNHANDLED:   %2267 = landingpad { i8*, i32 }",/home/jimi/PaperExperiment/CompilerOptimization/Result/flatbuffers/dg/dg-LLVM14-O2-g/high_precision_20260326_164052/log/pta_fs.lines.stderr.log
pta_fs,PTA,fs,lines,"[pta] UNHANDLED:   invoke void @_ZNSt12__shared_ptrIN11flatbuffers13CodeGeneratorELN9__gnu_cxx12_Lock_policyE2EEC2IS1_St14default_deleteIS1_EvEEOSt10unique_ptrIT_T0_E(%""class.std::__shared_ptr""* noundef nonnull align 8 dereferenceable(16) %669, %""class.std::unique_ptr.151""* noundef nonnull align 8 dereferenceable(8) %42)",/home/jimi/PaperExperiment/CompilerOptimization/Result/flatbuffers/dg/dg-LLVM14-O2-g/high_precision_20260326_164052/log/pta_fs.lines.stderr.log
pta_fs,PTA,fs,lines,"[pta] UNHANDLED:   %2251 = landingpad { i8*, i32 }",/home/jimi/PaperExperiment/CompilerOptimization/Result/flatbuffers/dg/dg-LLVM14-O2-g/high_precision_20260326_164052/log/pta_fs.lines.stderr.log
pta_fs,PTA,fs,lines,"[pta] UNHANDLED:   %671 = invoke noundef zeroext i1 bitcast (i1 (%""class.flatbuffers::FlatCompiler""*, %""struct.flatbuffers::FlatCOption""*, %""class.std::shared_ptr""*)* @_ZN11flatbuffers12FlatCompiler21RegisterCodeGeneratorERKNS_11FlatCOptionESt10shared_ptrINS_13CodeGeneratorEE to i1 (%""class.flatbuffers::FlatCompiler.2328""*, %""struct.flatbuffers::FlatCOption""*, %""class.std::shared_ptr""*)*)(%""class.flatbuffers::FlatCompiler.2328""* noundef nonnull align 8 dereferenceable(64) %24, %""struct.flatbuffers::FlatCOption""* noundef nonnull align 8 dereferenceable(128) %40, %""class.std::shared_ptr""* noundef nonnull %41)",/home/jimi/PaperExperiment/CompilerOptimization/Result/flatbuffers/dg/dg-LLVM14-O2-g/high_precision_20260326_164052/log/pta_fs.lines.stderr.log
pta_fs,PTA,fs,lines,"[pta] UNHANDLED:   %2253 = landingpad { i8*, i32 }",/home/jimi/PaperExperiment/CompilerOptimization/Result/flatbuffers/dg/dg-LLVM14-O2-g/high_precision_20260326_164052/log/pta_fs.lines.stderr.log
pta_fs,PTA,fs,lines,"[pta] UNHANDLED:   %2255 = landingpad { i8*, i32 }",/home/jimi/PaperExperiment/CompilerOptimization/Result/flatbuffers/dg/dg-LLVM14-O2-g/high_precision_20260326_164052/log/pta_fs.lines.stderr.log
pta_fs,PTA,fs,lines,"[pta] UNHANDLED:   %762 = invoke noundef i8* @_ZNSt7__cxx1112basic_stringIcSt11char_traitsIcESaIcEE9_M_createERmm(%""class.std::__cxx11::basic_string""* noundef nonnull align 8 dereferenceable(32) %758, i64* noundef nonnull align 8 dereferenceable(8) %15, i64 noundef 0)",/home/jimi/PaperExperiment/CompilerOptimization/Result/flatbuffers/dg/dg-LLVM14-O2-g/high_precision_20260326_164052/log/pta_fs.lines.stderr.log
pta_fs,PTA,fs,lines,"[pta] UNHANDLED:   invoke void @_ZN11flatbuffers20NewJavaCodeGeneratorEv(%""class.std::unique_ptr.151""* nonnull sret(%""class.std::unique_ptr.151"") align 8 %45)",/home/jimi/PaperExperiment/CompilerOptimization/Result/flatbuffers/dg/dg-LLVM14-O2-g/high_precision_20260326_164052/log/pta_fs.lines.stderr.log
pta_fs,PTA,fs,lines,"[pta] UNHANDLED:   %2301 = landingpad { i8*, i32 }",/home/jimi/PaperExperiment/CompilerOptimization/Result/flatbuffers/dg/dg-LLVM14-O2-g/high_precision_20260326_164052/log/pta_fs.lines.stderr.log
pta_fs,PTA,fs,lines,"[pta] UNHANDLED:   invoke void @_ZNSt12__shared_ptrIN11flatbuffers13CodeGeneratorELN9__gnu_cxx12_Lock_policyE2EEC2IS1_St14default_deleteIS1_EvEEOSt10unique_ptrIT_T0_E(%""class.std::__shared_ptr""* noundef nonnull align 8 dereferenceable(16) %772, %""class.std::unique_ptr.151""* noundef nonnull align 8 dereferenceable(8) %45)",/home/jimi/PaperExperiment/CompilerOptimization/Result/flatbuffers/dg/dg-LLVM14-O2-g/high_precision_20260326_164052/log/pta_fs.lines.stderr.log
pta_fs,PTA,fs,lines,"[pta] UNHANDLED:   %2285 = landingpad { i8*, i32 }",/home/jimi/PaperExperiment/CompilerOptimization/Result/flatbuffers/dg/dg-LLVM14-O2-g/high_precision_20260326_164052/log/pta_fs.lines.stderr.log
pta_fs,PTA,fs,lines,"[pta] UNHANDLED:   %774 = invoke noundef zeroext i1 bitcast (i1 (%""class.flatbuffers::FlatCompiler""*, %""struct.flatbuffers::FlatCOption""*, %""class.std::shared_ptr""*)* @_ZN11flatbuffers12FlatCompiler21RegisterCodeGeneratorERKNS_11FlatCOptionESt10shared_ptrINS_13CodeGeneratorEE to i1 (%""class.flatbuffers::FlatCompiler.2328""*, %""struct.flatbuffers::FlatCOption""*, %""class.std::shared_ptr""*)*)(%""class.flatbuffers::FlatCompiler.2328""* noundef nonnull align 8 dereferenceable(64) %24, %""struct.flatbuffers::FlatCOption""* noundef nonnull align 8 dereferenceable(128) %43, %""class.std::shared_ptr""* noundef nonnull %44)",/home/jimi/PaperExperiment/CompilerOptimization/Result/flatbuffers/dg/dg-LLVM14-O2-g/high_precision_20260326_164052/log/pta_fs.lines.stderr.log
pta_fs,PTA,fs,lines,"[pta] UNHANDLED:   %2287 = landingpad { i8*, i32 }",/home/jimi/PaperExperiment/CompilerOptimization/Result/flatbuffers/dg/dg-LLVM14-O2-g/high_precision_20260326_164052/log/pta_fs.lines.stderr.log
pta_fs,PTA,fs,lines,"[pta] UNHANDLED:   %2289 = landingpad { i8*, i32 }",/home/jimi/PaperExperiment/CompilerOptimization/Result/flatbuffers/dg/dg-LLVM14-O2-g/high_precision_20260326_164052/log/pta_fs.lines.stderr.log
pta_fs,PTA,fs,lines,"[pta] UNHANDLED:   %863 = invoke noundef i8* @_ZNSt7__cxx1112basic_stringIcSt11char_traitsIcESaIcEE9_M_createERmm(%""class.std::__cxx11::basic_string""* noundef nonnull align 8 dereferenceable(32) %859, i64* noundef nonnull align 8 dereferenceable(8) %14, i64 noundef 0)",/home/jimi/PaperExperiment/CompilerOptimization/Result/flatbuffers/dg/dg-LLVM14-O2-g/high_precision_20260326_164052/log/pta_fs.lines.stderr.log
pta_fs,PTA,fs,lines,"[pta] UNHANDLED:   invoke void @_ZN11flatbuffers26NewJsonSchemaCodeGeneratorEv(%""class.std::unique_ptr.151""* nonnull sret(%""class.std::unique_ptr.151"") align 8 %48)",/home/jimi/PaperExperiment/CompilerOptimization/Result/flatbuffers/dg/dg-LLVM14-O2-g/high_precision_20260326_164052/log/pta_fs.lines.stderr.log
pta_fs,PTA,fs,lines,"[pta] UNHANDLED:   %2335 = landingpad { i8*, i32 }",/home/jimi/PaperExperiment/CompilerOptimization/Result/flatbuffers/dg/dg-LLVM14-O2-g/high_precision_20260326_164052/log/pta_fs.lines.stderr.log
pta_fs,PTA,fs,lines,"[pta] UNHANDLED:   invoke void @_ZNSt12__shared_ptrIN11flatbuffers13CodeGeneratorELN9__gnu_cxx12_Lock_policyE2EEC2IS1_St14default_deleteIS1_EvEEOSt10unique_ptrIT_T0_E(%""class.std::__shared_ptr""* noundef nonnull align 8 dereferenceable(16) %873, %""class.std::unique_ptr.151""* noundef nonnull align 8 dereferenceable(8) %48)",/home/jimi/PaperExperiment/CompilerOptimization/Result/flatbuffers/dg/dg-LLVM14-O2-g/high_precision_20260326_164052/log/pta_fs.lines.stderr.log
pta_fs,PTA,fs,lines,"[pta] UNHANDLED:   %2319 = landingpad { i8*, i32 }",/home/jimi/PaperExperiment/CompilerOptimization/Result/flatbuffers/dg/dg-LLVM14-O2-g/high_precision_20260326_164052/log/pta_fs.lines.stderr.log
pta_fs,PTA,fs,lines,"[pta] UNHANDLED:   %875 = invoke noundef zeroext i1 bitcast (i1 (%""class.flatbuffers::FlatCompiler""*, %""struct.flatbuffers::FlatCOption""*, %""class.std::shared_ptr""*)* @_ZN11flatbuffers12FlatCompiler21RegisterCodeGeneratorERKNS_11FlatCOptionESt10shared_ptrINS_13CodeGeneratorEE to i1 (%""class.flatbuffers::FlatCompiler.2328""*, %""struct.flatbuffers::FlatCOption""*, %""class.std::shared_ptr""*)*)(%""class.flatbuffers::FlatCompiler.2328""* noundef nonnull align 8 dereferenceable(64) %24, %""struct.flatbuffers::FlatCOption""* noundef nonnull align 8 dereferenceable(128) %46, %""class.std::shared_ptr""* noundef nonnull %47)",/home/jimi/PaperExperiment/CompilerOptimization/Result/flatbuffers/dg/dg-LLVM14-O2-g/high_precision_20260326_164052/log/pta_fs.lines.stderr.log
pta_fs,PTA,fs,lines,"[pta] UNHANDLED:   %2321 = landingpad { i8*, i32 }",/home/jimi/PaperExperiment/CompilerOptimization/Result/flatbuffers/dg/dg-LLVM14-O2-g/high_precision_20260326_164052/log/pta_fs.lines.stderr.log
pta_fs,PTA,fs,lines,"[pta] UNHANDLED:   %2323 = landingpad { i8*, i32 }",/home/jimi/PaperExperiment/CompilerOptimization/Result/flatbuffers/dg/dg-LLVM14-O2-g/high_precision_20260326_164052/log/pta_fs.lines.stderr.log
pta_fs,PTA,fs,lines,"[pta] UNHANDLED:   %964 = invoke noundef i8* @_ZNSt7__cxx1112basic_stringIcSt11char_traitsIcESaIcEE9_M_createERmm(%""class.std::__cxx11::basic_string""* noundef nonnull align 8 dereferenceable(32) %960, i64* noundef nonnull align 8 dereferenceable(8) %13, i64 noundef 0)",/home/jimi/PaperExperiment/CompilerOptimization/Result/flatbuffers/dg/dg-LLVM14-O2-g/high_precision_20260326_164052/log/pta_fs.lines.stderr.log
pta_fs,PTA,fs,lines,"[pta] UNHANDLED:   invoke void @_ZN11flatbuffers22NewKotlinCodeGeneratorEv(%""class.std::unique_ptr.151""* nonnull sret(%""class.std::unique_ptr.151"") align 8 %51)",/home/jimi/PaperExperiment/CompilerOptimization/Result/flatbuffers/dg/dg-LLVM14-O2-g/high_precision_20260326_164052/log/pta_fs.lines.stderr.log
pta_fs,PTA,fs,lines,"[pta] UNHANDLED:   %2369 = landingpad { i8*, i32 }",/home/jimi/PaperExperiment/CompilerOptimization/Result/flatbuffers/dg/dg-LLVM14-O2-g/high_precision_20260326_164052/log/pta_fs.lines.stderr.log
pta_fs,PTA,fs,lines,"[pta] UNHANDLED:   invoke void @_ZNSt12__shared_ptrIN11flatbuffers13CodeGeneratorELN9__gnu_cxx12_Lock_policyE2EEC2IS1_St14default_deleteIS1_EvEEOSt10unique_ptrIT_T0_E(%""class.std::__shared_ptr""* noundef nonnull align 8 dereferenceable(16) %974, %""class.std::unique_ptr.151""* noundef nonnull align 8 dereferenceable(8) %51)",/home/jimi/PaperExperiment/CompilerOptimization/Result/flatbuffers/dg/dg-LLVM14-O2-g/high_precision_20260326_164052/log/pta_fs.lines.stderr.log
pta_fs,PTA,fs,lines,"[pta] UNHANDLED:   %2353 = landingpad { i8*, i32 }",/home/jimi/PaperExperiment/CompilerOptimization/Result/flatbuffers/dg/dg-LLVM14-O2-g/high_precision_20260326_164052/log/pta_fs.lines.stderr.log
pta_fs,PTA,fs,lines,"[pta] UNHANDLED:   %976 = invoke noundef zeroext i1 bitcast (i1 (%""class.flatbuffers::FlatCompiler""*, %""struct.flatbuffers::FlatCOption""*, %""class.std::shared_ptr""*)* @_ZN11flatbuffers12FlatCompiler21RegisterCodeGeneratorERKNS_11FlatCOptionESt10shared_ptrINS_13CodeGeneratorEE to i1 (%""class.flatbuffers::FlatCompiler.2328""*, %""struct.flatbuffers::FlatCOption""*, %""class.std::shared_ptr""*)*)(%""class.flatbuffers::FlatCompiler.2328""* noundef nonnull align 8 dereferenceable(64) %24, %""struct.flatbuffers::FlatCOption""* noundef nonnull align 8 dereferenceable(128) %49, %""class.std::shared_ptr""* noundef nonnull %50)",/home/jimi/PaperExperiment/CompilerOptimization/Result/flatbuffers/dg/dg-LLVM14-O2-g/high_precision_20260326_164052/log/pta_fs.lines.stderr.log
pta_fs,PTA,fs,lines,"[pta] UNHANDLED:   %2355 = landingpad { i8*, i32 }",/home/jimi/PaperExperiment/CompilerOptimization/Result/flatbuffers/dg/dg-LLVM14-O2-g/high_precision_20260326_164052/log/pta_fs.lines.stderr.log
pta_fs,PTA,fs,lines,"[pta] UNHANDLED:   %2357 = landingpad { i8*, i32 }",/home/jimi/PaperExperiment/CompilerOptimization/Result/flatbuffers/dg/dg-LLVM14-O2-g/high_precision_20260326_164052/log/pta_fs.lines.stderr.log
pta_fs,PTA,fs,lines,"[pta] UNHANDLED:   %1065 = invoke noundef i8* @_ZNSt7__cxx1112basic_stringIcSt11char_traitsIcESaIcEE9_M_createERmm(%""class.std::__cxx11::basic_string""* noundef nonnull align 8 dereferenceable(32) %1061, i64* noundef nonnull align 8 dereferenceable(8) %12, i64 noundef 0)",/home/jimi/PaperExperiment/CompilerOptimization/Result/flatbuffers/dg/dg-LLVM14-O2-g/high_precision_20260326_164052/log/pta_fs.lines.stderr.log
pta_fs,PTA,fs,lines,"[pta] UNHANDLED:   invoke void @_ZN11flatbuffers25NewKotlinKMPCodeGeneratorEv(%""class.std::unique_ptr.151""* nonnull sret(%""class.std::unique_ptr.151"") align 8 %54)",/home/jimi/PaperExperiment/CompilerOptimization/Result/flatbuffers/dg/dg-LLVM14-O2-g/high_precision_20260326_164052/log/pta_fs.lines.stderr.log
pta_fs,PTA,fs,lines,"[pta] UNHANDLED:   %2403 = landingpad { i8*, i32 }",/home/jimi/PaperExperiment/CompilerOptimization/Result/flatbuffers/dg/dg-LLVM14-O2-g/high_precision_20260326_164052/log/pta_fs.lines.stderr.log
pta_fs,PTA,fs,lines,"[pta] UNHANDLED:   invoke void @_ZNSt12__shared_ptrIN11flatbuffers13CodeGeneratorELN9__gnu_cxx12_Lock_policyE2EEC2IS1_St14default_deleteIS1_EvEEOSt10unique_ptrIT_T0_E(%""class.std::__shared_ptr""* noundef nonnull align 8 dereferenceable(16) %1075, %""class.std::unique_ptr.151""* noundef nonnull align 8 dereferenceable(8) %54)",/home/jimi/PaperExperiment/CompilerOptimization/Result/flatbuffers/dg/dg-LLVM14-O2-g/high_precision_20260326_164052/log/pta_fs.lines.stderr.log
pta_fs,PTA,fs,lines,"[pta] UNHANDLED:   %2387 = landingpad { i8*, i32 }",/home/jimi/PaperExperiment/CompilerOptimization/Result/flatbuffers/dg/dg-LLVM14-O2-g/high_precision_20260326_164052/log/pta_fs.lines.stderr.log
pta_fs,PTA,fs,lines,"[pta] UNHANDLED:   %1077 = invoke noundef zeroext i1 bitcast (i1 (%""class.flatbuffers::FlatCompiler""*, %""struct.flatbuffers::FlatCOption""*, %""class.std::shared_ptr""*)* @_ZN11flatbuffers12FlatCompiler21RegisterCodeGeneratorERKNS_11FlatCOptionESt10shared_ptrINS_13CodeGeneratorEE to i1 (%""class.flatbuffers::FlatCompiler.2328""*, %""struct.flatbuffers::FlatCOption""*, %""class.std::shared_ptr""*)*)(%""class.flatbuffers::FlatCompiler.2328""* noundef nonnull align 8 dereferenceable(64) %24, %""struct.flatbuffers::FlatCOption""* noundef nonnull align 8 dereferenceable(128) %52, %""class.std::shared_ptr""* noundef nonnull %53)",/home/jimi/PaperExperiment/CompilerOptimization/Result/flatbuffers/dg/dg-LLVM14-O2-g/high_precision_20260326_164052/log/pta_fs.lines.stderr.log
pta_fs,PTA,fs,lines,"[pta] UNHANDLED:   %2389 = landingpad { i8*, i32 }",/home/jimi/PaperExperiment/CompilerOptimization/Result/flatbuffers/dg/dg-LLVM14-O2-g/high_precision_20260326_164052/log/pta_fs.lines.stderr.log
pta_fs,PTA,fs,lines,"[pta] UNHANDLED:   %2391 = landingpad { i8*, i32 }",/home/jimi/PaperExperiment/CompilerOptimization/Result/flatbuffers/dg/dg-LLVM14-O2-g/high_precision_20260326_164052/log/pta_fs.lines.stderr.log
pta_fs,PTA,fs,lines,"[pta] UNHANDLED:   %1166 = invoke noundef i8* @_ZNSt7__cxx1112basic_stringIcSt11char_traitsIcESaIcEE9_M_createERmm(%""class.std::__cxx11::basic_string""* noundef nonnull align 8 dereferenceable(32) %1162, i64* noundef nonnull align 8 dereferenceable(8) %11, i64 noundef 0)",/home/jimi/PaperExperiment/CompilerOptimization/Result/flatbuffers/dg/dg-LLVM14-O2-g/high_precision_20260326_164052/log/pta_fs.lines.stderr.log
pta_fs,PTA,fs,lines,"[pta] UNHANDLED:   invoke void @_ZN11flatbuffers23NewLobsterCodeGeneratorEv(%""class.std::unique_ptr.151""* nonnull sret(%""class.std::unique_ptr.151"") align 8 %57)",/home/jimi/PaperExperiment/CompilerOptimization/Result/flatbuffers/dg/dg-LLVM14-O2-g/high_precision_20260326_164052/log/pta_fs.lines.stderr.log
pta_fs,PTA,fs,lines,"[pta] UNHANDLED:   %2437 = landingpad { i8*, i32 }",/home/jimi/PaperExperiment/CompilerOptimization/Result/flatbuffers/dg/dg-LLVM14-O2-g/high_precision_20260326_164052/log/pta_fs.lines.stderr.log
pta_fs,PTA,fs,lines,"[pta] UNHANDLED:   invoke void @_ZNSt12__shared_ptrIN11flatbuffers13CodeGeneratorELN9__gnu_cxx12_Lock_policyE2EEC2IS1_St14default_deleteIS1_EvEEOSt10unique_ptrIT_T0_E(%""class.std::__shared_ptr""* noundef nonnull align 8 dereferenceable(16) %1176, %""class.std::unique_ptr.151""* noundef nonnull align 8 dereferenceable(8) %57)",/home/jimi/PaperExperiment/CompilerOptimization/Result/flatbuffers/dg/dg-LLVM14-O2-g/high_precision_20260326_164052/log/pta_fs.lines.stderr.log
pta_fs,PTA,fs,lines,"[pta] UNHANDLED:   %2421 = landingpad { i8*, i32 }",/home/jimi/PaperExperiment/CompilerOptimization/Result/flatbuffers/dg/dg-LLVM14-O2-g/high_precision_20260326_164052/log/pta_fs.lines.stderr.log
pta_fs,PTA,fs,lines,"[pta] UNHANDLED:   %1178 = invoke noundef zeroext i1 bitcast (i1 (%""class.flatbuffers::FlatCompiler""*, %""struct.flatbuffers::FlatCOption""*, %""class.std::shared_ptr""*)* @_ZN11flatbuffers12FlatCompiler21RegisterCodeGeneratorERKNS_11FlatCOptionESt10shared_ptrINS_13CodeGeneratorEE to i1 (%""class.flatbuffers::FlatCompiler.2328""*, %""struct.flatbuffers::FlatCOption""*, %""class.std::shared_ptr""*)*)(%""class.flatbuffers::FlatCompiler.2328""* noundef nonnull align 8 dereferenceable(64) %24, %""struct.flatbuffers::FlatCOption""* noundef nonnull align 8 dereferenceable(128) %55, %""class.std::shared_ptr""* noundef nonnull %56)",/home/jimi/PaperExperiment/CompilerOptimization/Result/flatbuffers/dg/dg-LLVM14-O2-g/high_precision_20260326_164052/log/pta_fs.lines.stderr.log
pta_fs,PTA,fs,lines,"[pta] UNHANDLED:   %2423 = landingpad { i8*, i32 }",/home/jimi/PaperExperiment/CompilerOptimization/Result/flatbuffers/dg/dg-LLVM14-O2-g/high_precision_20260326_164052/log/pta_fs.lines.stderr.log
pta_fs,PTA,fs,lines,"[pta] UNHANDLED:   %2425 = landingpad { i8*, i32 }",/home/jimi/PaperExperiment/CompilerOptimization/Result/flatbuffers/dg/dg-LLVM14-O2-g/high_precision_20260326_164052/log/pta_fs.lines.stderr.log
pta_fs,PTA,fs,lines,"[pta] UNHANDLED:   %1268 = invoke noundef i8* @_ZNSt7__cxx1112basic_stringIcSt11char_traitsIcESaIcEE9_M_createERmm(%""class.std::__cxx11::basic_string""* noundef nonnull align 8 dereferenceable(32) %1264, i64* noundef nonnull align 8 dereferenceable(8) %10, i64 noundef 0)",/home/jimi/PaperExperiment/CompilerOptimization/Result/flatbuffers/dg/dg-LLVM14-O2-g/high_precision_20260326_164052/log/pta_fs.lines.stderr.log
pta_fs,PTA,fs,lines,"[pta] UNHANDLED:   invoke void @_ZN11flatbuffers19NewLuaBfbsGeneratorERKNSt7__cxx1112basic_stringIcSt11char_traitsIcESaIcEEE(%""class.std::unique_ptr.151""* nonnull sret(%""class.std::unique_ptr.151"") align 8 %60, %""class.std::__cxx11::basic_string""* noundef nonnull align 8 dereferenceable(32) %23)",/home/jimi/PaperExperiment/CompilerOptimization/Result/flatbuffers/dg/dg-LLVM14-O2-g/high_precision_20260326_164052/log/pta_fs.lines.stderr.log
pta_fs,PTA,fs,lines,"[pta] UNHANDLED:   %2471 = landingpad { i8*, i32 }",/home/jimi/PaperExperiment/CompilerOptimization/Result/flatbuffers/dg/dg-LLVM14-O2-g/high_precision_20260326_164052/log/pta_fs.lines.stderr.log
pta_fs,PTA,fs,lines,"[pta] UNHANDLED:   invoke void @_ZNSt12__shared_ptrIN11flatbuffers13CodeGeneratorELN9__gnu_cxx12_Lock_policyE2EEC2IS1_St14default_deleteIS1_EvEEOSt10unique_ptrIT_T0_E(%""class.std::__shared_ptr""* noundef nonnull align 8 dereferenceable(16) %1278, %""class.std::unique_ptr.151""* noundef nonnull align 8 dereferenceable(8) %60)",/home/jimi/PaperExperiment/CompilerOptimization/Result/flatbuffers/dg/dg-LLVM14-O2-g/high_precision_20260326_164052/log/pta_fs.lines.stderr.log
pta_fs,PTA,fs,lines,"[pta] UNHANDLED:   %2455 = landingpad { i8*, i32 }",/home/jimi/PaperExperiment/CompilerOptimization/Result/flatbuffers/dg/dg-LLVM14-O2-g/high_precision_20260326_164052/log/pta_fs.lines.stderr.log
pta_fs,PTA,fs,lines,"[pta] UNHANDLED:   %1280 = invoke noundef zeroext i1 bitcast (i1 (%""class.flatbuffers::FlatCompiler""*, %""struct.flatbuffers::FlatCOption""*, %""class.std::shared_ptr""*)* @_ZN11flatbuffers12FlatCompiler21RegisterCodeGeneratorERKNS_11FlatCOptionESt10shared_ptrINS_13CodeGeneratorEE to i1 (%""class.flatbuffers::FlatCompiler.2328""*, %""struct.flatbuffers::FlatCOption""*, %""class.std::shared_ptr""*)*)(%""class.flatbuffers::FlatCompiler.2328""* noundef nonnull align 8 dereferenceable(64) %24, %""struct.flatbuffers::FlatCOption""* noundef nonnull align 8 dereferenceable(128) %58, %""class.std::shared_ptr""* noundef nonnull %59)",/home/jimi/PaperExperiment/CompilerOptimization/Result/flatbuffers/dg/dg-LLVM14-O2-g/high_precision_20260326_164052/log/pta_fs.lines.stderr.log
pta_fs,PTA,fs,lines,"[pta] UNHANDLED:   %2457 = landingpad { i8*, i32 }",/home/jimi/PaperExperiment/CompilerOptimization/Result/flatbuffers/dg/dg-LLVM14-O2-g/high_precision_20260326_164052/log/pta_fs.lines.stderr.log
pta_fs,PTA,fs,lines,"[pta] UNHANDLED:   %2459 = landingpad { i8*, i32 }",/home/jimi/PaperExperiment/CompilerOptimization/Result/flatbuffers/dg/dg-LLVM14-O2-g/high_precision_20260326_164052/log/pta_fs.lines.stderr.log
pta_fs,PTA,fs,lines,"[pta] UNHANDLED:   %1369 = invoke noundef i8* @_ZNSt7__cxx1112basic_stringIcSt11char_traitsIcESaIcEE9_M_createERmm(%""class.std::__cxx11::basic_string""* noundef nonnull align 8 dereferenceable(32) %1365, i64* noundef nonnull align 8 dereferenceable(8) %9, i64 noundef 0)",/home/jimi/PaperExperiment/CompilerOptimization/Result/flatbuffers/dg/dg-LLVM14-O2-g/high_precision_20260326_164052/log/pta_fs.lines.stderr.log
pta_fs,PTA,fs,lines,"[pta] UNHANDLED:   invoke void @_ZN11flatbuffers19NewNimBfbsGeneratorERKNSt7__cxx1112basic_stringIcSt11char_traitsIcESaIcEEE(%""class.std::unique_ptr.151""* nonnull sret(%""class.std::unique_ptr.151"") align 8 %63, %""class.std::__cxx11::basic_string""* noundef nonnull align 8 dereferenceable(32) %23)",/home/jimi/PaperExperiment/CompilerOptimization/Result/flatbuffers/dg/dg-LLVM14-O2-g/high_precision_20260326_164052/log/pta_fs.lines.stderr.log
pta_fs,PTA,fs,lines,"[pta] UNHANDLED:   %2505 = landingpad { i8*, i32 }",/home/jimi/PaperExperiment/CompilerOptimization/Result/flatbuffers/dg/dg-LLVM14-O2-g/high_precision_20260326_164052/log/pta_fs.lines.stderr.log
pta_fs,PTA,fs,lines,"[pta] UNHANDLED:   invoke void @_ZNSt12__shared_ptrIN11flatbuffers13CodeGeneratorELN9__gnu_cxx12_Lock_policyE2EEC2IS1_St14default_deleteIS1_EvEEOSt10unique_ptrIT_T0_E(%""class.std::__shared_ptr""* noundef nonnull align 8 dereferenceable(16) %1379, %""class.std::unique_ptr.151""* noundef nonnull align 8 dereferenceable(8) %63)",/home/jimi/PaperExperiment/CompilerOptimization/Result/flatbuffers/dg/dg-LLVM14-O2-g/high_precision_20260326_164052/log/pta_fs.lines.stderr.log
pta_fs,PTA,fs,lines,"[pta] UNHANDLED:   %2489 = landingpad { i8*, i32 }",/home/jimi/PaperExperiment/CompilerOptimization/Result/flatbuffers/dg/dg-LLVM14-O2-g/high_precision_20260326_164052/log/pta_fs.lines.stderr.log
pta_fs,PTA,fs,lines,"[pta] UNHANDLED:   %1381 = invoke noundef zeroext i1 bitcast (i1 (%""class.flatbuffers::FlatCompiler""*, %""struct.flatbuffers::FlatCOption""*, %""class.std::shared_ptr""*)* @_ZN11flatbuffers12FlatCompiler21RegisterCodeGeneratorERKNS_11FlatCOptionESt10shared_ptrINS_13CodeGeneratorEE to i1 (%""class.flatbuffers::FlatCompiler.2328""*, %""struct.flatbuffers::FlatCOption""*, %""class.std::shared_ptr""*)*)(%""class.flatbuffers::FlatCompiler.2328""* noundef nonnull align 8 dereferenceable(64) %24, %""struct.flatbuffers::FlatCOption""* noundef nonnull align 8 dereferenceable(128) %61, %""class.std::shared_ptr""* noundef nonnull %62)",/home/jimi/PaperExperiment/CompilerOptimization/Result/flatbuffers/dg/dg-LLVM14-O2-g/high_precision_20260326_164052/log/pta_fs.lines.stderr.log
pta_fs,PTA,fs,lines,"[pta] UNHANDLED:   %2491 = landingpad { i8*, i32 }",/home/jimi/PaperExperiment/CompilerOptimization/Result/flatbuffers/dg/dg-LLVM14-O2-g/high_precision_20260326_164052/log/pta_fs.lines.stderr.log
pta_fs,PTA,fs,lines,"[pta] UNHANDLED:   %2493 = landingpad { i8*, i32 }",/home/jimi/PaperExperiment/CompilerOptimization/Result/flatbuffers/dg/dg-LLVM14-O2-g/high_precision_20260326_164052/log/pta_fs.lines.stderr.log
pta_fs,PTA,fs,lines,"[pta] UNHANDLED:   %1471 = invoke noundef i8* @_ZNSt7__cxx1112basic_stringIcSt11char_traitsIcESaIcEE9_M_createERmm(%""class.std::__cxx11::basic_string""* noundef nonnull align 8 dereferenceable(32) %1467, i64* noundef nonnull align 8 dereferenceable(8) %8, i64 noundef 0)",/home/jimi/PaperExperiment/CompilerOptimization/Result/flatbuffers/dg/dg-LLVM14-O2-g/high_precision_20260326_164052/log/pta_fs.lines.stderr.log
pta_fs,PTA,fs,lines,"[pta] UNHANDLED:   invoke void @_ZN11flatbuffers22NewPythonCodeGeneratorEv(%""class.std::unique_ptr.151""* nonnull sret(%""class.std::unique_ptr.151"") align 8 %66)",/home/jimi/PaperExperiment/CompilerOptimization/Result/flatbuffers/dg/dg-LLVM14-O2-g/high_precision_20260326_164052/log/pta_fs.lines.stderr.log
pta_fs,PTA,fs,lines,"[pta] UNHANDLED:   %2539 = landingpad { i8*, i32 }",/home/jimi/PaperExperiment/CompilerOptimization/Result/flatbuffers/dg/dg-LLVM14-O2-g/high_precision_20260326_164052/log/pta_fs.lines.stderr.log
pta_fs,PTA,fs,lines,"[pta] UNHANDLED:   invoke void @_ZNSt12__shared_ptrIN11flatbuffers13CodeGeneratorELN9__gnu_cxx12_Lock_policyE2EEC2IS1_St14default_deleteIS1_EvEEOSt10unique_ptrIT_T0_E(%""class.std::__shared_ptr""* noundef nonnull align 8 dereferenceable(16) %1481, %""class.std::unique_ptr.151""* noundef nonnull align 8 dereferenceable(8) %66)",/home/jimi/PaperExperiment/CompilerOptimization/Result/flatbuffers/dg/dg-LLVM14-O2-g/high_precision_20260326_164052/log/pta_fs.lines.stderr.log
pta_fs,PTA,fs,lines,"[pta] UNHANDLED:   %2523 = landingpad { i8*, i32 }",/home/jimi/PaperExperiment/CompilerOptimization/Result/flatbuffers/dg/dg-LLVM14-O2-g/high_precision_20260326_164052/log/pta_fs.lines.stderr.log
pta_fs,PTA,fs,lines,"[pta] UNHANDLED:   %1483 = invoke noundef zeroext i1 bitcast (i1 (%""class.flatbuffers::FlatCompiler""*, %""struct.flatbuffers::FlatCOption""*, %""class.std::shared_ptr""*)* @_ZN11flatbuffers12FlatCompiler21RegisterCodeGeneratorERKNS_11FlatCOptionESt10shared_ptrINS_13CodeGeneratorEE to i1 (%""class.flatbuffers::FlatCompiler.2328""*, %""struct.flatbuffers::FlatCOption""*, %""class.std::shared_ptr""*)*)(%""class.flatbuffers::FlatCompiler.2328""* noundef nonnull align 8 dereferenceable(64) %24, %""struct.flatbuffers::FlatCOption""* noundef nonnull align 8 dereferenceable(128) %64, %""class.std::shared_ptr""* noundef nonnull %65)",/home/jimi/PaperExperiment/CompilerOptimization/Result/flatbuffers/dg/dg-LLVM14-O2-g/high_precision_20260326_164052/log/pta_fs.lines.stderr.log
pta_fs,PTA,fs,lines,"[pta] UNHANDLED:   %2525 = landingpad { i8*, i32 }",/home/jimi/PaperExperiment/CompilerOptimization/Result/flatbuffers/dg/dg-LLVM14-O2-g/high_precision_20260326_164052/log/pta_fs.lines.stderr.log
pta_fs,PTA,fs,lines,"[pta] UNHANDLED:   %2527 = landingpad { i8*, i32 }",/home/jimi/PaperExperiment/CompilerOptimization/Result/flatbuffers/dg/dg-LLVM14-O2-g/high_precision_20260326_164052/log/pta_fs.lines.stderr.log
pta_fs,PTA,fs,lines,"[pta] UNHANDLED:   %1572 = invoke noundef i8* @_ZNSt7__cxx1112basic_stringIcSt11char_traitsIcESaIcEE9_M_createERmm(%""class.std::__cxx11::basic_string""* noundef nonnull align 8 dereferenceable(32) %1568, i64* noundef nonnull align 8 dereferenceable(8) %7, i64 noundef 0)",/home/jimi/PaperExperiment/CompilerOptimization/Result/flatbuffers/dg/dg-LLVM14-O2-g/high_precision_20260326_164052/log/pta_fs.lines.stderr.log
pta_fs,PTA,fs,lines,"[pta] UNHANDLED:   invoke void @_ZN11flatbuffers19NewPhpCodeGeneratorEv(%""class.std::unique_ptr.151""* nonnull sret(%""class.std::unique_ptr.151"") align 8 %69)",/home/jimi/PaperExperiment/CompilerOptimization/Result/flatbuffers/dg/dg-LLVM14-O2-g/high_precision_20260326_164052/log/pta_fs.lines.stderr.log
pta_fs,PTA,fs,lines,"[pta] UNHANDLED:   %2573 = landingpad { i8*, i32 }",/home/jimi/PaperExperiment/CompilerOptimization/Result/flatbuffers/dg/dg-LLVM14-O2-g/high_precision_20260326_164052/log/pta_fs.lines.stderr.log
pta_fs,PTA,fs,lines,"[pta] UNHANDLED:   invoke void @_ZNSt12__shared_ptrIN11flatbuffers13CodeGeneratorELN9__gnu_cxx12_Lock_policyE2EEC2IS1_St14default_deleteIS1_EvEEOSt10unique_ptrIT_T0_E(%""class.std::__shared_ptr""* noundef nonnull align 8 dereferenceable(16) %1582, %""class.std::unique_ptr.151""* noundef nonnull align 8 dereferenceable(8) %69)",/home/jimi/PaperExperiment/CompilerOptimization/Result/flatbuffers/dg/dg-LLVM14-O2-g/high_precision_20260326_164052/log/pta_fs.lines.stderr.log
pta_fs,PTA,fs,lines,"[pta] UNHANDLED:   %2557 = landingpad { i8*, i32 }",/home/jimi/PaperExperiment/CompilerOptimization/Result/flatbuffers/dg/dg-LLVM14-O2-g/high_precision_20260326_164052/log/pta_fs.lines.stderr.log
pta_fs,PTA,fs,lines,"[pta] UNHANDLED:   %1584 = invoke noundef zeroext i1 bitcast (i1 (%""class.flatbuffers::FlatCompiler""*, %""struct.flatbuffers::FlatCOption""*, %""class.std::shared_ptr""*)* @_ZN11flatbuffers12FlatCompiler21RegisterCodeGeneratorERKNS_11FlatCOptionESt10shared_ptrINS_13CodeGeneratorEE to i1 (%""class.flatbuffers::FlatCompiler.2328""*, %""struct.flatbuffers::FlatCOption""*, %""class.std::shared_ptr""*)*)(%""class.flatbuffers::FlatCompiler.2328""* noundef nonnull align 8 dereferenceable(64) %24, %""struct.flatbuffers::FlatCOption""* noundef nonnull align 8 dereferenceable(128) %67, %""class.std::shared_ptr""* noundef nonnull %68)",/home/jimi/PaperExperiment/CompilerOptimization/Result/flatbuffers/dg/dg-LLVM14-O2-g/high_precision_20260326_164052/log/pta_fs.lines.stderr.log
pta_fs,PTA,fs,lines,"[pta] UNHANDLED:   %2559 = landingpad { i8*, i32 }",/home/jimi/PaperExperiment/CompilerOptimization/Result/flatbuffers/dg/dg-LLVM14-O2-g/high_precision_20260326_164052/log/pta_fs.lines.stderr.log
pta_fs,PTA,fs,lines,"[pta] UNHANDLED:   %2561 = landingpad { i8*, i32 }",/home/jimi/PaperExperiment/CompilerOptimization/Result/flatbuffers/dg/dg-LLVM14-O2-g/high_precision_20260326_164052/log/pta_fs.lines.stderr.log
pta_fs,PTA,fs,lines,"[pta] UNHANDLED:   %1675 = invoke noundef i8* @_ZNSt7__cxx1112basic_stringIcSt11char_traitsIcESaIcEE9_M_createERmm(%""class.std::__cxx11::basic_string""* noundef nonnull align 8 dereferenceable(32) %1671, i64* noundef nonnull align 8 dereferenceable(8) %6, i64 noundef 0)",/home/jimi/PaperExperiment/CompilerOptimization/Result/flatbuffers/dg/dg-LLVM14-O2-g/high_precision_20260326_164052/log/pta_fs.lines.stderr.log
pta_fs,PTA,fs,lines,"[pta] UNHANDLED:   invoke void @_ZN11flatbuffers20NewRustCodeGeneratorEv(%""class.std::unique_ptr.151""* nonnull sret(%""class.std::unique_ptr.151"") align 8 %72)",/home/jimi/PaperExperiment/CompilerOptimization/Result/flatbuffers/dg/dg-LLVM14-O2-g/high_precision_20260326_164052/log/pta_fs.lines.stderr.log
pta_fs,PTA,fs,lines,"[pta] UNHANDLED:   %2607 = landingpad { i8*, i32 }",/home/jimi/PaperExperiment/CompilerOptimization/Result/flatbuffers/dg/dg-LLVM14-O2-g/high_precision_20260326_164052/log/pta_fs.lines.stderr.log
pta_fs,PTA,fs,lines,"[pta] UNHANDLED:   invoke void @_ZNSt12__shared_ptrIN11flatbuffers13CodeGeneratorELN9__gnu_cxx12_Lock_policyE2EEC2IS1_St14default_deleteIS1_EvEEOSt10unique_ptrIT_T0_E(%""class.std::__shared_ptr""* noundef nonnull align 8 dereferenceable(16) %1685, %""class.std::unique_ptr.151""* noundef nonnull align 8 dereferenceable(8) %72)",/home/jimi/PaperExperiment/CompilerOptimization/Result/flatbuffers/dg/dg-LLVM14-O2-g/high_precision_20260326_164052/log/pta_fs.lines.stderr.log
pta_fs,PTA,fs,lines,"[pta] UNHANDLED:   %2591 = landingpad { i8*, i32 }",/home/jimi/PaperExperiment/CompilerOptimization/Result/flatbuffers/dg/dg-LLVM14-O2-g/high_precision_20260326_164052/log/pta_fs.lines.stderr.log
pta_fs,PTA,fs,lines,"[pta] UNHANDLED:   %1687 = invoke noundef zeroext i1 bitcast (i1 (%""class.flatbuffers::FlatCompiler""*, %""struct.flatbuffers::FlatCOption""*, %""class.std::shared_ptr""*)* @_ZN11flatbuffers12FlatCompiler21RegisterCodeGeneratorERKNS_11FlatCOptionESt10shared_ptrINS_13CodeGeneratorEE to i1 (%""class.flatbuffers::FlatCompiler.2328""*, %""struct.flatbuffers::FlatCOption""*, %""class.std::shared_ptr""*)*)(%""class.flatbuffers::FlatCompiler.2328""* noundef nonnull align 8 dereferenceable(64) %24, %""struct.flatbuffers::FlatCOption""* noundef nonnull align 8 dereferenceable(128) %70, %""class.std::shared_ptr""* noundef nonnull %71)",/home/jimi/PaperExperiment/CompilerOptimization/Result/flatbuffers/dg/dg-LLVM14-O2-g/high_precision_20260326_164052/log/pta_fs.lines.stderr.log
pta_fs,PTA,fs,lines,"[pta] UNHANDLED:   %2593 = landingpad { i8*, i32 }",/home/jimi/PaperExperiment/CompilerOptimization/Result/flatbuffers/dg/dg-LLVM14-O2-g/high_precision_20260326_164052/log/pta_fs.lines.stderr.log
pta_fs,PTA,fs,lines,"[pta] UNHANDLED:   %2595 = landingpad { i8*, i32 }",/home/jimi/PaperExperiment/CompilerOptimization/Result/flatbuffers/dg/dg-LLVM14-O2-g/high_precision_20260326_164052/log/pta_fs.lines.stderr.log
pta_fs,PTA,fs,lines,"[pta] UNHANDLED:   %1778 = invoke noundef i8* @_ZNSt7__cxx1112basic_stringIcSt11char_traitsIcESaIcEE9_M_createERmm(%""class.std::__cxx11::basic_string""* noundef nonnull align 8 dereferenceable(32) %1774, i64* noundef nonnull align 8 dereferenceable(8) %5, i64 noundef 0)",/home/jimi/PaperExperiment/CompilerOptimization/Result/flatbuffers/dg/dg-LLVM14-O2-g/high_precision_20260326_164052/log/pta_fs.lines.stderr.log
pta_fs,PTA,fs,lines,"[pta] UNHANDLED:   invoke void @_ZN11flatbuffers20NewTextCodeGeneratorEv(%""class.std::unique_ptr.151""* nonnull sret(%""class.std::unique_ptr.151"") align 8 %75)",/home/jimi/PaperExperiment/CompilerOptimization/Result/flatbuffers/dg/dg-LLVM14-O2-g/high_precision_20260326_164052/log/pta_fs.lines.stderr.log
pta_fs,PTA,fs,lines,"[pta] UNHANDLED:   %2641 = landingpad { i8*, i32 }",/home/jimi/PaperExperiment/CompilerOptimization/Result/flatbuffers/dg/dg-LLVM14-O2-g/high_precision_20260326_164052/log/pta_fs.lines.stderr.log
pta_fs,PTA,fs,lines,"[pta] UNHANDLED:   invoke void @_ZNSt12__shared_ptrIN11flatbuffers13CodeGeneratorELN9__gnu_cxx12_Lock_policyE2EEC2IS1_St14default_deleteIS1_EvEEOSt10unique_ptrIT_T0_E(%""class.std::__shared_ptr""* noundef nonnull align 8 dereferenceable(16) %1788, %""class.std::unique_ptr.151""* noundef nonnull align 8 dereferenceable(8) %75)",/home/jimi/PaperExperiment/CompilerOptimization/Result/flatbuffers/dg/dg-LLVM14-O2-g/high_precision_20260326_164052/log/pta_fs.lines.stderr.log
pta_fs,PTA,fs,lines,"[pta] UNHANDLED:   %2625 = landingpad { i8*, i32 }",/home/jimi/PaperExperiment/CompilerOptimization/Result/flatbuffers/dg/dg-LLVM14-O2-g/high_precision_20260326_164052/log/pta_fs.lines.stderr.log
pta_fs,PTA,fs,lines,"[pta] UNHANDLED:   %1790 = invoke noundef zeroext i1 bitcast (i1 (%""class.flatbuffers::FlatCompiler""*, %""struct.flatbuffers::FlatCOption""*, %""class.std::shared_ptr""*)* @_ZN11flatbuffers12FlatCompiler21RegisterCodeGeneratorERKNS_11FlatCOptionESt10shared_ptrINS_13CodeGeneratorEE to i1 (%""class.flatbuffers::FlatCompiler.2328""*, %""struct.flatbuffers::FlatCOption""*, %""class.std::shared_ptr""*)*)(%""class.flatbuffers::FlatCompiler.2328""* noundef nonnull align 8 dereferenceable(64) %24, %""struct.flatbuffers::FlatCOption""* noundef nonnull align 8 dereferenceable(128) %73, %""class.std::shared_ptr""* noundef nonnull %74)",/home/jimi/PaperExperiment/CompilerOptimization/Result/flatbuffers/dg/dg-LLVM14-O2-g/high_precision_20260326_164052/log/pta_fs.lines.stderr.log
pta_fs,PTA,fs,lines,"[pta] UNHANDLED:   %2627 = landingpad { i8*, i32 }",/home/jimi/PaperExperiment/CompilerOptimization/Result/flatbuffers/dg/dg-LLVM14-O2-g/high_precision_20260326_164052/log/pta_fs.lines.stderr.log
pta_fs,PTA,fs,lines,"[pta] UNHANDLED:   %2629 = landingpad { i8*, i32 }",/home/jimi/PaperExperiment/CompilerOptimization/Result/flatbuffers/dg/dg-LLVM14-O2-g/high_precision_20260326_164052/log/pta_fs.lines.stderr.log
pta_fs,PTA,fs,lines,"[pta] UNHANDLED:   %1879 = invoke noundef i8* @_ZNSt7__cxx1112basic_stringIcSt11char_traitsIcESaIcEE9_M_createERmm(%""class.std::__cxx11::basic_string""* noundef nonnull align 8 dereferenceable(32) %1875, i64* noundef nonnull align 8 dereferenceable(8) %4, i64 noundef 0)",/home/jimi/PaperExperiment/CompilerOptimization/Result/flatbuffers/dg/dg-LLVM14-O2-g/high_precision_20260326_164052/log/pta_fs.lines.stderr.log
pta_fs,PTA,fs,lines,"[pta] UNHANDLED:   invoke void @_ZN11flatbuffers21NewSwiftCodeGeneratorEv(%""class.std::unique_ptr.151""* nonnull sret(%""class.std::unique_ptr.151"") align 8 %78)",/home/jimi/PaperExperiment/CompilerOptimization/Result/flatbuffers/dg/dg-LLVM14-O2-g/high_precision_20260326_164052/log/pta_fs.lines.stderr.log
pta_fs,PTA,fs,lines,"[pta] UNHANDLED:   %2675 = landingpad { i8*, i32 }",/home/jimi/PaperExperiment/CompilerOptimization/Result/flatbuffers/dg/dg-LLVM14-O2-g/high_precision_20260326_164052/log/pta_fs.lines.stderr.log
pta_fs,PTA,fs,lines,"[pta] UNHANDLED:   invoke void @_ZNSt12__shared_ptrIN11flatbuffers13CodeGeneratorELN9__gnu_cxx12_Lock_policyE2EEC2IS1_St14default_deleteIS1_EvEEOSt10unique_ptrIT_T0_E(%""class.std::__shared_ptr""* noundef nonnull align 8 dereferenceable(16) %1889, %""class.std::unique_ptr.151""* noundef nonnull align 8 dereferenceable(8) %78)",/home/jimi/PaperExperiment/CompilerOptimization/Result/flatbuffers/dg/dg-LLVM14-O2-g/high_precision_20260326_164052/log/pta_fs.lines.stderr.log
pta_fs,PTA,fs,lines,"[pta] UNHANDLED:   %2659 = landingpad { i8*, i32 }",/home/jimi/PaperExperiment/CompilerOptimization/Result/flatbuffers/dg/dg-LLVM14-O2-g/high_precision_20260326_164052/log/pta_fs.lines.stderr.log
pta_fs,PTA,fs,lines,"[pta] UNHANDLED:   %1891 = invoke noundef zeroext i1 bitcast (i1 (%""class.flatbuffers::FlatCompiler""*, %""struct.flatbuffers::FlatCOption""*, %""class.std::shared_ptr""*)* @_ZN11flatbuffers12FlatCompiler21RegisterCodeGeneratorERKNS_11FlatCOptionESt10shared_ptrINS_13CodeGeneratorEE to i1 (%""class.flatbuffers::FlatCompiler.2328""*, %""struct.flatbuffers::FlatCOption""*, %""class.std::shared_ptr""*)*)(%""class.flatbuffers::FlatCompiler.2328""* noundef nonnull align 8 dereferenceable(64) %24, %""struct.flatbuffers::FlatCOption""* noundef nonnull align 8 dereferenceable(128) %76, %""class.std::shared_ptr""* noundef nonnull %77)",/home/jimi/PaperExperiment/CompilerOptimization/Result/flatbuffers/dg/dg-LLVM14-O2-g/high_precision_20260326_164052/log/pta_fs.lines.stderr.log
pta_fs,PTA,fs,lines,"[pta] UNHANDLED:   %2661 = landingpad { i8*, i32 }",/home/jimi/PaperExperiment/CompilerOptimization/Result/flatbuffers/dg/dg-LLVM14-O2-g/high_precision_20260326_164052/log/pta_fs.lines.stderr.log
pta_fs,PTA,fs,lines,"[pta] UNHANDLED:   %2663 = landingpad { i8*, i32 }",/home/jimi/PaperExperiment/CompilerOptimization/Result/flatbuffers/dg/dg-LLVM14-O2-g/high_precision_20260326_164052/log/pta_fs.lines.stderr.log
pta_fs,PTA,fs,lines,"[pta] UNHANDLED:   %1982 = invoke noundef i8* @_ZNSt7__cxx1112basic_stringIcSt11char_traitsIcESaIcEE9_M_createERmm(%""class.std::__cxx11::basic_string""* noundef nonnull align 8 dereferenceable(32) %1978, i64* noundef nonnull align 8 dereferenceable(8) %3, i64 noundef 0)",/home/jimi/PaperExperiment/CompilerOptimization/Result/flatbuffers/dg/dg-LLVM14-O2-g/high_precision_20260326_164052/log/pta_fs.lines.stderr.log
pta_fs,PTA,fs,lines,"[pta] UNHANDLED:   invoke void @_ZN11flatbuffers18NewTsCodeGeneratorEv(%""class.std::unique_ptr.151""* nonnull sret(%""class.std::unique_ptr.151"") align 8 %81)",/home/jimi/PaperExperiment/CompilerOptimization/Result/flatbuffers/dg/dg-LLVM14-O2-g/high_precision_20260326_164052/log/pta_fs.lines.stderr.log
pta_fs,PTA,fs,lines,"[pta] UNHANDLED:   %2709 = landingpad { i8*, i32 }",/home/jimi/PaperExperiment/CompilerOptimization/Result/flatbuffers/dg/dg-LLVM14-O2-g/high_precision_20260326_164052/log/pta_fs.lines.stderr.log
pta_fs,PTA,fs,lines,"[pta] UNHANDLED:   invoke void @_ZNSt12__shared_ptrIN11flatbuffers13CodeGeneratorELN9__gnu_cxx12_Lock_policyE2EEC2IS1_St14default_deleteIS1_EvEEOSt10unique_ptrIT_T0_E(%""class.std::__shared_ptr""* noundef nonnull align 8 dereferenceable(16) %1992, %""class.std::unique_ptr.151""* noundef nonnull align 8 dereferenceable(8) %81)",/home/jimi/PaperExperiment/CompilerOptimization/Result/flatbuffers/dg/dg-LLVM14-O2-g/high_precision_20260326_164052/log/pta_fs.lines.stderr.log
pta_fs,PTA,fs,lines,"[pta] UNHANDLED:   %2693 = landingpad { i8*, i32 }",/home/jimi/PaperExperiment/CompilerOptimization/Result/flatbuffers/dg/dg-LLVM14-O2-g/high_precision_20260326_164052/log/pta_fs.lines.stderr.log
pta_fs,PTA,fs,lines,"[pta] UNHANDLED:   %1994 = invoke noundef zeroext i1 bitcast (i1 (%""class.flatbuffers::FlatCompiler""*, %""struct.flatbuffers::FlatCOption""*, %""class.std::shared_ptr""*)* @_ZN11flatbuffers12FlatCompiler21RegisterCodeGeneratorERKNS_11FlatCOptionESt10shared_ptrINS_13CodeGeneratorEE to i1 (%""class.flatbuffers::FlatCompiler.2328""*, %""struct.flatbuffers::FlatCOption""*, %""class.std::shared_ptr""*)*)(%""class.flatbuffers::FlatCompiler.2328""* noundef nonnull align 8 dereferenceable(64) %24, %""struct.flatbuffers::FlatCOption""* noundef nonnull align 8 dereferenceable(128) %79, %""class.std::shared_ptr""* noundef nonnull %80)",/home/jimi/PaperExperiment/CompilerOptimization/Result/flatbuffers/dg/dg-LLVM14-O2-g/high_precision_20260326_164052/log/pta_fs.lines.stderr.log
pta_fs,PTA,fs,lines,"[pta] UNHANDLED:   %2695 = landingpad { i8*, i32 }",/home/jimi/PaperExperiment/CompilerOptimization/Result/flatbuffers/dg/dg-LLVM14-O2-g/high_precision_20260326_164052/log/pta_fs.lines.stderr.log
pta_fs,PTA,fs,lines,"[pta] UNHANDLED:   %2697 = landingpad { i8*, i32 }",/home/jimi/PaperExperiment/CompilerOptimization/Result/flatbuffers/dg/dg-LLVM14-O2-g/high_precision_20260326_164052/log/pta_fs.lines.stderr.log
pta_fs,PTA,fs,lines,"[pta] UNHANDLED:   invoke void bitcast (void (%""struct.flatbuffers::FlatCOptions""*, %""class.flatbuffers::FlatCompiler""*, i32, i8**)* @_ZN11flatbuffers12FlatCompiler29ParseFromCommandLineArgumentsEiPPKc to void (%""struct.flatbuffers::FlatCOptions""*, %""class.flatbuffers::FlatCompiler.2328""*, i32, i8**)*)(%""struct.flatbuffers::FlatCOptions""* nonnull sret(%""struct.flatbuffers::FlatCOptions"") align 8 %82, %""class.flatbuffers::FlatCompiler.2328""* noundef nonnull align 8 dereferenceable(64) %24, i32 noundef %0, i8** noundef nonnull %1)",/home/jimi/PaperExperiment/CompilerOptimization/Result/flatbuffers/dg/dg-LLVM14-O2-g/high_precision_20260326_164052/log/pta_fs.lines.stderr.log
pta_fs,PTA,fs,lines,"[pta] UNHANDLED:   %2727 = landingpad { i8*, i32 }",/home/jimi/PaperExperiment/CompilerOptimization/Result/flatbuffers/dg/dg-LLVM14-O2-g/high_precision_20260326_164052/log/pta_fs.lines.stderr.log
pta_fs,PTA,fs,lines,[pta] UNHANDLED:   %2731 = invoke noalias noundef nonnull dereferenceable(8) i8* @_Znwm(i64 noundef 8) #52,/home/jimi/PaperExperiment/CompilerOptimization/Result/flatbuffers/dg/dg-LLVM14-O2-g/high_precision_20260326_164052/log/pta_fs.lines.stderr.log
pta_fs,PTA,fs,lines,"[pta] UNHANDLED:   %2739 = invoke noundef i32 bitcast (i32 (%""class.flatbuffers::FlatCompiler""*, %""struct.flatbuffers::FlatCOptions""*)* @_ZN11flatbuffers12FlatCompiler7CompileERKNS_12FlatCOptionsE to i32 (%""class.flatbuffers::FlatCompiler.2328""*, %""struct.flatbuffers::FlatCOptions""*)*)(%""class.flatbuffers::FlatCompiler.2328""* noundef nonnull align 8 dereferenceable(64) %24, %""struct.flatbuffers::FlatCOptions""* noundef nonnull align 8 dereferenceable(1104) %82)",/home/jimi/PaperExperiment/CompilerOptimization/Result/flatbuffers/dg/dg-LLVM14-O2-g/high_precision_20260326_164052/log/pta_fs.lines.stderr.log
pta_fs,PTA,fs,lines,"[pta] UNHANDLED:   %2729 = landingpad { i8*, i32 }",/home/jimi/PaperExperiment/CompilerOptimization/Result/flatbuffers/dg/dg-LLVM14-O2-g/high_precision_20260326_164052/log/pta_fs.lines.stderr.log
pta_fs,PTA,fs,lines,[pta] UNHANDLED:   %2067 = invoke noalias noundef nonnull dereferenceable(56) i8* @_Znwm(i64 noundef 56) #52,/home/jimi/PaperExperiment/CompilerOptimization/Result/flatbuffers/dg/dg-LLVM14-O2-g/high_precision_20260326_164052/log/pta_fs.lines.stderr.log
pta_fs,PTA,fs,lines,"[pta] UNHANDLED:   invoke void %2745(%""class.flatbuffers::FileSaver""* noundef nonnull align 8 dereferenceable(8) %2741)",/home/jimi/PaperExperiment/CompilerOptimization/Result/flatbuffers/dg/dg-LLVM14-O2-g/high_precision_20260326_164052/log/pta_fs.lines.stderr.log
pta_fs,PTA,fs,lines,"[pta] UNHANDLED:   %2763 = landingpad { i8*, i32 }",/home/jimi/PaperExperiment/CompilerOptimization/Result/flatbuffers/dg/dg-LLVM14-O2-g/high_precision_20260326_164052/log/pta_fs.lines.stderr.log
pta_fs,PTA,fs,lines,"[pta] UNHANDLED:   invoke void @_ZNSt8_Rb_treeINSt7__cxx1112basic_stringIcSt11char_traitsIcESaIcEEESt4pairIKS5_St10shared_ptrIN11flatbuffers13CodeGeneratorEEESt10_Select1stISC_ESt4lessIS5_ESaISC_EE8_M_eraseEPSt13_Rb_tree_nodeISC_E(%""class.std::_Rb_tree""* noundef nonnull align 8 dereferenceable(48) %2751, %""struct.std::_Rb_tree_node.354""* noundef %2753)",/home/jimi/PaperExperiment/CompilerOptimization/Result/flatbuffers/dg/dg-LLVM14-O2-g/high_precision_20260326_164052/log/pta_fs.lines.stderr.log
pta_fs,PTA,fs,lines,"[pta] UNHANDLED:   %2755 = landingpad { i8*, i32 }",/home/jimi/PaperExperiment/CompilerOptimization/Result/flatbuffers/dg/dg-LLVM14-O2-g/high_precision_20260326_164052/log/pta_fs.lines.stderr.log
pta_fs,PTA,fs,dot,"[pta] UNHANDLED:   %148 = invoke noundef i8* @_ZNSt7__cxx1112basic_stringIcSt11char_traitsIcESaIcEE9_M_createERmm(%""class.std::__cxx11::basic_string""* noundef nonnull align 8 dereferenceable(32) %144, i64* noundef nonnull align 8 dereferenceable(8) %21, i64 noundef 0)",/home/jimi/PaperExperiment/CompilerOptimization/Result/flatbuffers/dg/dg-LLVM14-O2-g/high_precision_20260326_164052/log/pta_fs.dot.stderr.log
pta_fs,PTA,fs,dot,"[pta] UNHANDLED:   invoke void @_ZN11flatbuffers22NewBinaryCodeGeneratorEv(%""class.std::unique_ptr.151""* nonnull sret(%""class.std::unique_ptr.151"") align 8 %27)",/home/jimi/PaperExperiment/CompilerOptimization/Result/flatbuffers/dg/dg-LLVM14-O2-g/high_precision_20260326_164052/log/pta_fs.dot.stderr.log
pta_fs,PTA,fs,dot,"[pta] UNHANDLED:   invoke void @_ZNSt8_Rb_treeINSt7__cxx1112basic_stringIcSt11char_traitsIcESaIcEEESt4pairIKS5_St10shared_ptrIN11flatbuffers13CodeGeneratorEEESt10_Select1stISC_ESt4lessIS5_ESaISC_EE8_M_eraseEPSt13_Rb_tree_nodeISC_E(%""class.std::_Rb_tree""* noundef nonnull align 8 dereferenceable(48) %2, %""struct.std::_Rb_tree_node.354""* noundef %6)",/home/jimi/PaperExperiment/CompilerOptimization/Result/flatbuffers/dg/dg-LLVM14-O2-g/high_precision_20260326_164052/log/pta_fs.dot.stderr.log
pta_fs,PTA,fs,dot,"[pta] UNHANDLED:   %8 = landingpad { i8*, i32 }",/home/jimi/PaperExperiment/CompilerOptimization/Result/flatbuffers/dg/dg-LLVM14-O2-g/high_precision_20260326_164052/log/pta_fs.dot.stderr.log
pta_fs,PTA,fs,dot,"[pta] UNHANDLED:   %2097 = landingpad { i8*, i32 }",/home/jimi/PaperExperiment/CompilerOptimization/Result/flatbuffers/dg/dg-LLVM14-O2-g/high_precision_20260326_164052/log/pta_fs.dot.stderr.log
pta_fs,PTA,fs,dot,"[pta] UNHANDLED:   invoke void @_ZNSt12__shared_ptrIN11flatbuffers13CodeGeneratorELN9__gnu_cxx12_Lock_policyE2EEC2IS1_St14default_deleteIS1_EvEEOSt10unique_ptrIT_T0_E(%""class.std::__shared_ptr""* noundef nonnull align 8 dereferenceable(16) %158, %""class.std::unique_ptr.151""* noundef nonnull align 8 dereferenceable(8) %27)",/home/jimi/PaperExperiment/CompilerOptimization/Result/flatbuffers/dg/dg-LLVM14-O2-g/high_precision_20260326_164052/log/pta_fs.dot.stderr.log
pta_fs,PTA,fs,dot,"[pta] UNHANDLED:   %2081 = landingpad { i8*, i32 }",/home/jimi/PaperExperiment/CompilerOptimization/Result/flatbuffers/dg/dg-LLVM14-O2-g/high_precision_20260326_164052/log/pta_fs.dot.stderr.log
pta_fs,PTA,fs,dot,"[pta] UNHANDLED:   resume { i8*, i32 } %2773, !dbg !106616",/home/jimi/PaperExperiment/CompilerOptimization/Result/flatbuffers/dg/dg-LLVM14-O2-g/high_precision_20260326_164052/log/pta_fs.dot.stderr.log
pta_fs,PTA,fs,dot,"[pta] UNHANDLED:   %160 = invoke noundef zeroext i1 bitcast (i1 (%""class.flatbuffers::FlatCompiler""*, %""struct.flatbuffers::FlatCOption""*, %""class.std::shared_ptr""*)* @_ZN11flatbuffers12FlatCompiler21RegisterCodeGeneratorERKNS_11FlatCOptionESt10shared_ptrINS_13CodeGeneratorEE to i1 (%""class.flatbuffers::FlatCompiler.2328""*, %""struct.flatbuffers::FlatCOption""*, %""class.std::shared_ptr""*)*)(%""class.flatbuffers::FlatCompiler.2328""* noundef nonnull align 8 dereferenceable(64) %24, %""struct.flatbuffers::FlatCOption""* noundef nonnull align 8 dereferenceable(128) %25, %""class.std::shared_ptr""* noundef nonnull %26)",/home/jimi/PaperExperiment/CompilerOptimization/Result/flatbuffers/dg/dg-LLVM14-O2-g/high_precision_20260326_164052/log/pta_fs.dot.stderr.log
pta_fs,PTA,fs,dot,"[pta] UNHANDLED:   %2083 = landingpad { i8*, i32 }",/home/jimi/PaperExperiment/CompilerOptimization/Result/flatbuffers/dg/dg-LLVM14-O2-g/high_precision_20260326_164052/log/pta_fs.dot.stderr.log
pta_fs,PTA,fs,dot,"[pta] UNHANDLED:   %2085 = landingpad { i8*, i32 }",/home/jimi/PaperExperiment/CompilerOptimization/Result/flatbuffers/dg/dg-LLVM14-O2-g/high_precision_20260326_164052/log/pta_fs.dot.stderr.log
pta_fs,PTA,fs,dot,"[pta] UNHANDLED:   %250 = invoke noundef i8* @_ZNSt7__cxx1112basic_stringIcSt11char_traitsIcESaIcEE9_M_createERmm(%""class.std::__cxx11::basic_string""* noundef nonnull align 8 dereferenceable(32) %246, i64* noundef nonnull align 8 dereferenceable(8) %20, i64 noundef 0)",/home/jimi/PaperExperiment/CompilerOptimization/Result/flatbuffers/dg/dg-LLVM14-O2-g/high_precision_20260326_164052/log/pta_fs.dot.stderr.log
pta_fs,PTA,fs,dot,"[pta] UNHANDLED:   invoke void @_ZN11flatbuffers19NewCppCodeGeneratorEv(%""class.std::unique_ptr.151""* nonnull sret(%""class.std::unique_ptr.151"") align 8 %30)",/home/jimi/PaperExperiment/CompilerOptimization/Result/flatbuffers/dg/dg-LLVM14-O2-g/high_precision_20260326_164052/log/pta_fs.dot.stderr.log
pta_fs,PTA,fs,dot,"[pta] UNHANDLED:   %2131 = landingpad { i8*, i32 }",/home/jimi/PaperExperiment/CompilerOptimization/Result/flatbuffers/dg/dg-LLVM14-O2-g/high_precision_20260326_164052/log/pta_fs.dot.stderr.log
pta_fs,PTA,fs,dot,"[pta] UNHANDLED:   invoke void @_ZNSt12__shared_ptrIN11flatbuffers13CodeGeneratorELN9__gnu_cxx12_Lock_policyE2EEC2IS1_St14default_deleteIS1_EvEEOSt10unique_ptrIT_T0_E(%""class.std::__shared_ptr""* noundef nonnull align 8 dereferenceable(16) %260, %""class.std::unique_ptr.151""* noundef nonnull align 8 dereferenceable(8) %30)",/home/jimi/PaperExperiment/CompilerOptimization/Result/flatbuffers/dg/dg-LLVM14-O2-g/high_precision_20260326_164052/log/pta_fs.dot.stderr.log
pta_fs,PTA,fs,dot,"[pta] UNHANDLED:   %2115 = landingpad { i8*, i32 }",/home/jimi/PaperExperiment/CompilerOptimization/Result/flatbuffers/dg/dg-LLVM14-O2-g/high_precision_20260326_164052/log/pta_fs.dot.stderr.log
pta_fs,PTA,fs,dot,"[pta] UNHANDLED:   %262 = invoke noundef zeroext i1 bitcast (i1 (%""class.flatbuffers::FlatCompiler""*, %""struct.flatbuffers::FlatCOption""*, %""class.std::shared_ptr""*)* @_ZN11flatbuffers12FlatCompiler21RegisterCodeGeneratorERKNS_11FlatCOptionESt10shared_ptrINS_13CodeGeneratorEE to i1 (%""class.flatbuffers::FlatCompiler.2328""*, %""struct.flatbuffers::FlatCOption""*, %""class.std::shared_ptr""*)*)(%""class.flatbuffers::FlatCompiler.2328""* noundef nonnull align 8 dereferenceable(64) %24, %""struct.flatbuffers::FlatCOption""* noundef nonnull align 8 dereferenceable(128) %28, %""class.std::shared_ptr""* noundef nonnull %29)",/home/jimi/PaperExperiment/CompilerOptimization/Result/flatbuffers/dg/dg-LLVM14-O2-g/high_precision_20260326_164052/log/pta_fs.dot.stderr.log
pta_fs,PTA,fs,dot,"[pta] UNHANDLED:   %2117 = landingpad { i8*, i32 }",/home/jimi/PaperExperiment/CompilerOptimization/Result/flatbuffers/dg/dg-LLVM14-O2-g/high_precision_20260326_164052/log/pta_fs.dot.stderr.log
pta_fs,PTA,fs,dot,"[pta] UNHANDLED:   %2119 = landingpad { i8*, i32 }",/home/jimi/PaperExperiment/CompilerOptimization/Result/flatbuffers/dg/dg-LLVM14-O2-g/high_precision_20260326_164052/log/pta_fs.dot.stderr.log
pta_fs,PTA,fs,dot,"[pta] UNHANDLED:   %352 = invoke noundef i8* @_ZNSt7__cxx1112basic_stringIcSt11char_traitsIcESaIcEE9_M_createERmm(%""class.std::__cxx11::basic_string""* noundef nonnull align 8 dereferenceable(32) %348, i64* noundef nonnull align 8 dereferenceable(8) %19, i64 noundef 0)",/home/jimi/PaperExperiment/CompilerOptimization/Result/flatbuffers/dg/dg-LLVM14-O2-g/high_precision_20260326_164052/log/pta_fs.dot.stderr.log
pta_fs,PTA,fs,dot,"[pta] UNHANDLED:   invoke void @_ZN11flatbuffers22NewCSharpCodeGeneratorEv(%""class.std::unique_ptr.151""* nonnull sret(%""class.std::unique_ptr.151"") align 8 %33)",/home/jimi/PaperExperiment/CompilerOptimization/Result/flatbuffers/dg/dg-LLVM14-O2-g/high_precision_20260326_164052/log/pta_fs.dot.stderr.log
pta_fs,PTA,fs,dot,"[pta] UNHANDLED:   %2165 = landingpad { i8*, i32 }",/home/jimi/PaperExperiment/CompilerOptimization/Result/flatbuffers/dg/dg-LLVM14-O2-g/high_precision_20260326_164052/log/pta_fs.dot.stderr.log
pta_fs,PTA,fs,dot,"[pta] UNHANDLED:   invoke void @_ZNSt12__shared_ptrIN11flatbuffers13CodeGeneratorELN9__gnu_cxx12_Lock_policyE2EEC2IS1_St14default_deleteIS1_EvEEOSt10unique_ptrIT_T0_E(%""class.std::__shared_ptr""* noundef nonnull align 8 dereferenceable(16) %362, %""class.std::unique_ptr.151""* noundef nonnull align 8 dereferenceable(8) %33)",/home/jimi/PaperExperiment/CompilerOptimization/Result/flatbuffers/dg/dg-LLVM14-O2-g/high_precision_20260326_164052/log/pta_fs.dot.stderr.log
pta_fs,PTA,fs,dot,"[pta] UNHANDLED:   %2149 = landingpad { i8*, i32 }",/home/jimi/PaperExperiment/CompilerOptimization/Result/flatbuffers/dg/dg-LLVM14-O2-g/high_precision_20260326_164052/log/pta_fs.dot.stderr.log
pta_fs,PTA,fs,dot,"[pta] UNHANDLED:   %364 = invoke noundef zeroext i1 bitcast (i1 (%""class.flatbuffers::FlatCompiler""*, %""struct.flatbuffers::FlatCOption""*, %""class.std::shared_ptr""*)* @_ZN11flatbuffers12FlatCompiler21RegisterCodeGeneratorERKNS_11FlatCOptionESt10shared_ptrINS_13CodeGeneratorEE to i1 (%""class.flatbuffers::FlatCompiler.2328""*, %""struct.flatbuffers::FlatCOption""*, %""class.std::shared_ptr""*)*)(%""class.flatbuffers::FlatCompiler.2328""* noundef nonnull align 8 dereferenceable(64) %24, %""struct.flatbuffers::FlatCOption""* noundef nonnull align 8 dereferenceable(128) %31, %""class.std::shared_ptr""* noundef nonnull %32)",/home/jimi/PaperExperiment/CompilerOptimization/Result/flatbuffers/dg/dg-LLVM14-O2-g/high_precision_20260326_164052/log/pta_fs.dot.stderr.log
pta_fs,PTA,fs,dot,"[pta] UNHANDLED:   %2151 = landingpad { i8*, i32 }",/home/jimi/PaperExperiment/CompilerOptimization/Result/flatbuffers/dg/dg-LLVM14-O2-g/high_precision_20260326_164052/log/pta_fs.dot.stderr.log
pta_fs,PTA,fs,dot,"[pta] UNHANDLED:   %2153 = landingpad { i8*, i32 }",/home/jimi/PaperExperiment/CompilerOptimization/Result/flatbuffers/dg/dg-LLVM14-O2-g/high_precision_20260326_164052/log/pta_fs.dot.stderr.log
pta_fs,PTA,fs,dot,"[pta] UNHANDLED:   %455 = invoke noundef i8* @_ZNSt7__cxx1112basic_stringIcSt11char_traitsIcESaIcEE9_M_createERmm(%""class.std::__cxx11::basic_string""* noundef nonnull align 8 dereferenceable(32) %451, i64* noundef nonnull align 8 dereferenceable(8) %18, i64 noundef 0)",/home/jimi/PaperExperiment/CompilerOptimization/Result/flatbuffers/dg/dg-LLVM14-O2-g/high_precision_20260326_164052/log/pta_fs.dot.stderr.log
pta_fs,PTA,fs,dot,"[pta] UNHANDLED:   invoke void @_ZN11flatbuffers20NewDartCodeGeneratorEv(%""class.std::unique_ptr.151""* nonnull sret(%""class.std::unique_ptr.151"") align 8 %36)",/home/jimi/PaperExperiment/CompilerOptimization/Result/flatbuffers/dg/dg-LLVM14-O2-g/high_precision_20260326_164052/log/pta_fs.dot.stderr.log
pta_fs,PTA,fs,dot,"[pta] UNHANDLED:   %2199 = landingpad { i8*, i32 }",/home/jimi/PaperExperiment/CompilerOptimization/Result/flatbuffers/dg/dg-LLVM14-O2-g/high_precision_20260326_164052/log/pta_fs.dot.stderr.log
pta_fs,PTA,fs,dot,"[pta] UNHANDLED:   invoke void @_ZNSt12__shared_ptrIN11flatbuffers13CodeGeneratorELN9__gnu_cxx12_Lock_policyE2EEC2IS1_St14default_deleteIS1_EvEEOSt10unique_ptrIT_T0_E(%""class.std::__shared_ptr""* noundef nonnull align 8 dereferenceable(16) %465, %""class.std::unique_ptr.151""* noundef nonnull align 8 dereferenceable(8) %36)",/home/jimi/PaperExperiment/CompilerOptimization/Result/flatbuffers/dg/dg-LLVM14-O2-g/high_precision_20260326_164052/log/pta_fs.dot.stderr.log
pta_fs,PTA,fs,dot,"[pta] UNHANDLED:   %2183 = landingpad { i8*, i32 }",/home/jimi/PaperExperiment/CompilerOptimization/Result/flatbuffers/dg/dg-LLVM14-O2-g/high_precision_20260326_164052/log/pta_fs.dot.stderr.log
pta_fs,PTA,fs,dot,"[pta] UNHANDLED:   %467 = invoke noundef zeroext i1 bitcast (i1 (%""class.flatbuffers::FlatCompiler""*, %""struct.flatbuffers::FlatCOption""*, %""class.std::shared_ptr""*)* @_ZN11flatbuffers12FlatCompiler21RegisterCodeGeneratorERKNS_11FlatCOptionESt10shared_ptrINS_13CodeGeneratorEE to i1 (%""class.flatbuffers::FlatCompiler.2328""*, %""struct.flatbuffers::FlatCOption""*, %""class.std::shared_ptr""*)*)(%""class.flatbuffers::FlatCompiler.2328""* noundef nonnull align 8 dereferenceable(64) %24, %""struct.flatbuffers::FlatCOption""* noundef nonnull align 8 dereferenceable(128) %34, %""class.std::shared_ptr""* noundef nonnull %35)",/home/jimi/PaperExperiment/CompilerOptimization/Result/flatbuffers/dg/dg-LLVM14-O2-g/high_precision_20260326_164052/log/pta_fs.dot.stderr.log
pta_fs,PTA,fs,dot,"[pta] UNHANDLED:   %2185 = landingpad { i8*, i32 }",/home/jimi/PaperExperiment/CompilerOptimization/Result/flatbuffers/dg/dg-LLVM14-O2-g/high_precision_20260326_164052/log/pta_fs.dot.stderr.log
pta_fs,PTA,fs,dot,"[pta] UNHANDLED:   %2187 = landingpad { i8*, i32 }",/home/jimi/PaperExperiment/CompilerOptimization/Result/flatbuffers/dg/dg-LLVM14-O2-g/high_precision_20260326_164052/log/pta_fs.dot.stderr.log
pta_fs,PTA,fs,dot,"[pta] UNHANDLED:   %556 = invoke noundef i8* @_ZNSt7__cxx1112basic_stringIcSt11char_traitsIcESaIcEE9_M_createERmm(%""class.std::__cxx11::basic_string""* noundef nonnull align 8 dereferenceable(32) %552, i64* noundef nonnull align 8 dereferenceable(8) %17, i64 noundef 0)",/home/jimi/PaperExperiment/CompilerOptimization/Result/flatbuffers/dg/dg-LLVM14-O2-g/high_precision_20260326_164052/log/pta_fs.dot.stderr.log
pta_fs,PTA,fs,dot,"[pta] UNHANDLED:   invoke void @_ZN11flatbuffers19NewFBSCodeGeneratorEb(%""class.std::unique_ptr.151""* nonnull sret(%""class.std::unique_ptr.151"") align 8 %39, i1 noundef zeroext false)",/home/jimi/PaperExperiment/CompilerOptimization/Result/flatbuffers/dg/dg-LLVM14-O2-g/high_precision_20260326_164052/log/pta_fs.dot.stderr.log
pta_fs,PTA,fs,dot,"[pta] UNHANDLED:   %2233 = landingpad { i8*, i32 }",/home/jimi/PaperExperiment/CompilerOptimization/Result/flatbuffers/dg/dg-LLVM14-O2-g/high_precision_20260326_164052/log/pta_fs.dot.stderr.log
pta_fs,PTA,fs,dot,"[pta] UNHANDLED:   invoke void @_ZNSt12__shared_ptrIN11flatbuffers13CodeGeneratorELN9__gnu_cxx12_Lock_policyE2EEC2IS1_St14default_deleteIS1_EvEEOSt10unique_ptrIT_T0_E(%""class.std::__shared_ptr""* noundef nonnull align 8 dereferenceable(16) %566, %""class.std::unique_ptr.151""* noundef nonnull align 8 dereferenceable(8) %39)",/home/jimi/PaperExperiment/CompilerOptimization/Result/flatbuffers/dg/dg-LLVM14-O2-g/high_precision_20260326_164052/log/pta_fs.dot.stderr.log
pta_fs,PTA,fs,dot,"[pta] UNHANDLED:   %2217 = landingpad { i8*, i32 }",/home/jimi/PaperExperiment/CompilerOptimization/Result/flatbuffers/dg/dg-LLVM14-O2-g/high_precision_20260326_164052/log/pta_fs.dot.stderr.log
pta_fs,PTA,fs,dot,"[pta] UNHANDLED:   %568 = invoke noundef zeroext i1 bitcast (i1 (%""class.flatbuffers::FlatCompiler""*, %""struct.flatbuffers::FlatCOption""*, %""class.std::shared_ptr""*)* @_ZN11flatbuffers12FlatCompiler21RegisterCodeGeneratorERKNS_11FlatCOptionESt10shared_ptrINS_13CodeGeneratorEE to i1 (%""class.flatbuffers::FlatCompiler.2328""*, %""struct.flatbuffers::FlatCOption""*, %""class.std::shared_ptr""*)*)(%""class.flatbuffers::FlatCompiler.2328""* noundef nonnull align 8 dereferenceable(64) %24, %""struct.flatbuffers::FlatCOption""* noundef nonnull align 8 dereferenceable(128) %37, %""class.std::shared_ptr""* noundef nonnull %38)",/home/jimi/PaperExperiment/CompilerOptimization/Result/flatbuffers/dg/dg-LLVM14-O2-g/high_precision_20260326_164052/log/pta_fs.dot.stderr.log
pta_fs,PTA,fs,dot,"[pta] UNHANDLED:   %2219 = landingpad { i8*, i32 }",/home/jimi/PaperExperiment/CompilerOptimization/Result/flatbuffers/dg/dg-LLVM14-O2-g/high_precision_20260326_164052/log/pta_fs.dot.stderr.log
pta_fs,PTA,fs,dot,"[pta] UNHANDLED:   %2221 = landingpad { i8*, i32 }",/home/jimi/PaperExperiment/CompilerOptimization/Result/flatbuffers/dg/dg-LLVM14-O2-g/high_precision_20260326_164052/log/pta_fs.dot.stderr.log
pta_fs,PTA,fs,dot,"[pta] UNHANDLED:   %659 = invoke noundef i8* @_ZNSt7__cxx1112basic_stringIcSt11char_traitsIcESaIcEE9_M_createERmm(%""class.std::__cxx11::basic_string""* noundef nonnull align 8 dereferenceable(32) %655, i64* noundef nonnull align 8 dereferenceable(8) %16, i64 noundef 0)",/home/jimi/PaperExperiment/CompilerOptimization/Result/flatbuffers/dg/dg-LLVM14-O2-g/high_precision_20260326_164052/log/pta_fs.dot.stderr.log
pta_fs,PTA,fs,dot,"[pta] UNHANDLED:   invoke void @_ZN11flatbuffers18NewGoCodeGeneratorEv(%""class.std::unique_ptr.151""* nonnull sret(%""class.std::unique_ptr.151"") align 8 %42)",/home/jimi/PaperExperiment/CompilerOptimization/Result/flatbuffers/dg/dg-LLVM14-O2-g/high_precision_20260326_164052/log/pta_fs.dot.stderr.log
pta_fs,PTA,fs,dot,"[pta] UNHANDLED:   %2267 = landingpad { i8*, i32 }",/home/jimi/PaperExperiment/CompilerOptimization/Result/flatbuffers/dg/dg-LLVM14-O2-g/high_precision_20260326_164052/log/pta_fs.dot.stderr.log
pta_fs,PTA,fs,dot,"[pta] UNHANDLED:   invoke void @_ZNSt12__shared_ptrIN11flatbuffers13CodeGeneratorELN9__gnu_cxx12_Lock_policyE2EEC2IS1_St14default_deleteIS1_EvEEOSt10unique_ptrIT_T0_E(%""class.std::__shared_ptr""* noundef nonnull align 8 dereferenceable(16) %669, %""class.std::unique_ptr.151""* noundef nonnull align 8 dereferenceable(8) %42)",/home/jimi/PaperExperiment/CompilerOptimization/Result/flatbuffers/dg/dg-LLVM14-O2-g/high_precision_20260326_164052/log/pta_fs.dot.stderr.log
pta_fs,PTA,fs,dot,"[pta] UNHANDLED:   %2251 = landingpad { i8*, i32 }",/home/jimi/PaperExperiment/CompilerOptimization/Result/flatbuffers/dg/dg-LLVM14-O2-g/high_precision_20260326_164052/log/pta_fs.dot.stderr.log
pta_fs,PTA,fs,dot,"[pta] UNHANDLED:   %671 = invoke noundef zeroext i1 bitcast (i1 (%""class.flatbuffers::FlatCompiler""*, %""struct.flatbuffers::FlatCOption""*, %""class.std::shared_ptr""*)* @_ZN11flatbuffers12FlatCompiler21RegisterCodeGeneratorERKNS_11FlatCOptionESt10shared_ptrINS_13CodeGeneratorEE to i1 (%""class.flatbuffers::FlatCompiler.2328""*, %""struct.flatbuffers::FlatCOption""*, %""class.std::shared_ptr""*)*)(%""class.flatbuffers::FlatCompiler.2328""* noundef nonnull align 8 dereferenceable(64) %24, %""struct.flatbuffers::FlatCOption""* noundef nonnull align 8 dereferenceable(128) %40, %""class.std::shared_ptr""* noundef nonnull %41)",/home/jimi/PaperExperiment/CompilerOptimization/Result/flatbuffers/dg/dg-LLVM14-O2-g/high_precision_20260326_164052/log/pta_fs.dot.stderr.log
pta_fs,PTA,fs,dot,"[pta] UNHANDLED:   %2253 = landingpad { i8*, i32 }",/home/jimi/PaperExperiment/CompilerOptimization/Result/flatbuffers/dg/dg-LLVM14-O2-g/high_precision_20260326_164052/log/pta_fs.dot.stderr.log
pta_fs,PTA,fs,dot,"[pta] UNHANDLED:   %2255 = landingpad { i8*, i32 }",/home/jimi/PaperExperiment/CompilerOptimization/Result/flatbuffers/dg/dg-LLVM14-O2-g/high_precision_20260326_164052/log/pta_fs.dot.stderr.log
pta_fs,PTA,fs,dot,"[pta] UNHANDLED:   %762 = invoke noundef i8* @_ZNSt7__cxx1112basic_stringIcSt11char_traitsIcESaIcEE9_M_createERmm(%""class.std::__cxx11::basic_string""* noundef nonnull align 8 dereferenceable(32) %758, i64* noundef nonnull align 8 dereferenceable(8) %15, i64 noundef 0)",/home/jimi/PaperExperiment/CompilerOptimization/Result/flatbuffers/dg/dg-LLVM14-O2-g/high_precision_20260326_164052/log/pta_fs.dot.stderr.log
pta_fs,PTA,fs,dot,"[pta] UNHANDLED:   invoke void @_ZN11flatbuffers20NewJavaCodeGeneratorEv(%""class.std::unique_ptr.151""* nonnull sret(%""class.std::unique_ptr.151"") align 8 %45)",/home/jimi/PaperExperiment/CompilerOptimization/Result/flatbuffers/dg/dg-LLVM14-O2-g/high_precision_20260326_164052/log/pta_fs.dot.stderr.log
pta_fs,PTA,fs,dot,"[pta] UNHANDLED:   %2301 = landingpad { i8*, i32 }",/home/jimi/PaperExperiment/CompilerOptimization/Result/flatbuffers/dg/dg-LLVM14-O2-g/high_precision_20260326_164052/log/pta_fs.dot.stderr.log
pta_fs,PTA,fs,dot,"[pta] UNHANDLED:   invoke void @_ZNSt12__shared_ptrIN11flatbuffers13CodeGeneratorELN9__gnu_cxx12_Lock_policyE2EEC2IS1_St14default_deleteIS1_EvEEOSt10unique_ptrIT_T0_E(%""class.std::__shared_ptr""* noundef nonnull align 8 dereferenceable(16) %772, %""class.std::unique_ptr.151""* noundef nonnull align 8 dereferenceable(8) %45)",/home/jimi/PaperExperiment/CompilerOptimization/Result/flatbuffers/dg/dg-LLVM14-O2-g/high_precision_20260326_164052/log/pta_fs.dot.stderr.log
pta_fs,PTA,fs,dot,"[pta] UNHANDLED:   %2285 = landingpad { i8*, i32 }",/home/jimi/PaperExperiment/CompilerOptimization/Result/flatbuffers/dg/dg-LLVM14-O2-g/high_precision_20260326_164052/log/pta_fs.dot.stderr.log
pta_fs,PTA,fs,dot,"[pta] UNHANDLED:   %774 = invoke noundef zeroext i1 bitcast (i1 (%""class.flatbuffers::FlatCompiler""*, %""struct.flatbuffers::FlatCOption""*, %""class.std::shared_ptr""*)* @_ZN11flatbuffers12FlatCompiler21RegisterCodeGeneratorERKNS_11FlatCOptionESt10shared_ptrINS_13CodeGeneratorEE to i1 (%""class.flatbuffers::FlatCompiler.2328""*, %""struct.flatbuffers::FlatCOption""*, %""class.std::shared_ptr""*)*)(%""class.flatbuffers::FlatCompiler.2328""* noundef nonnull align 8 dereferenceable(64) %24, %""struct.flatbuffers::FlatCOption""* noundef nonnull align 8 dereferenceable(128) %43, %""class.std::shared_ptr""* noundef nonnull %44)",/home/jimi/PaperExperiment/CompilerOptimization/Result/flatbuffers/dg/dg-LLVM14-O2-g/high_precision_20260326_164052/log/pta_fs.dot.stderr.log
pta_fs,PTA,fs,dot,"[pta] UNHANDLED:   %2287 = landingpad { i8*, i32 }",/home/jimi/PaperExperiment/CompilerOptimization/Result/flatbuffers/dg/dg-LLVM14-O2-g/high_precision_20260326_164052/log/pta_fs.dot.stderr.log
pta_fs,PTA,fs,dot,"[pta] UNHANDLED:   %2289 = landingpad { i8*, i32 }",/home/jimi/PaperExperiment/CompilerOptimization/Result/flatbuffers/dg/dg-LLVM14-O2-g/high_precision_20260326_164052/log/pta_fs.dot.stderr.log
pta_fs,PTA,fs,dot,"[pta] UNHANDLED:   %863 = invoke noundef i8* @_ZNSt7__cxx1112basic_stringIcSt11char_traitsIcESaIcEE9_M_createERmm(%""class.std::__cxx11::basic_string""* noundef nonnull align 8 dereferenceable(32) %859, i64* noundef nonnull align 8 dereferenceable(8) %14, i64 noundef 0)",/home/jimi/PaperExperiment/CompilerOptimization/Result/flatbuffers/dg/dg-LLVM14-O2-g/high_precision_20260326_164052/log/pta_fs.dot.stderr.log
pta_fs,PTA,fs,dot,"[pta] UNHANDLED:   invoke void @_ZN11flatbuffers26NewJsonSchemaCodeGeneratorEv(%""class.std::unique_ptr.151""* nonnull sret(%""class.std::unique_ptr.151"") align 8 %48)",/home/jimi/PaperExperiment/CompilerOptimization/Result/flatbuffers/dg/dg-LLVM14-O2-g/high_precision_20260326_164052/log/pta_fs.dot.stderr.log
pta_fs,PTA,fs,dot,"[pta] UNHANDLED:   %2335 = landingpad { i8*, i32 }",/home/jimi/PaperExperiment/CompilerOptimization/Result/flatbuffers/dg/dg-LLVM14-O2-g/high_precision_20260326_164052/log/pta_fs.dot.stderr.log
pta_fs,PTA,fs,dot,"[pta] UNHANDLED:   invoke void @_ZNSt12__shared_ptrIN11flatbuffers13CodeGeneratorELN9__gnu_cxx12_Lock_policyE2EEC2IS1_St14default_deleteIS1_EvEEOSt10unique_ptrIT_T0_E(%""class.std::__shared_ptr""* noundef nonnull align 8 dereferenceable(16) %873, %""class.std::unique_ptr.151""* noundef nonnull align 8 dereferenceable(8) %48)",/home/jimi/PaperExperiment/CompilerOptimization/Result/flatbuffers/dg/dg-LLVM14-O2-g/high_precision_20260326_164052/log/pta_fs.dot.stderr.log
pta_fs,PTA,fs,dot,"[pta] UNHANDLED:   %2319 = landingpad { i8*, i32 }",/home/jimi/PaperExperiment/CompilerOptimization/Result/flatbuffers/dg/dg-LLVM14-O2-g/high_precision_20260326_164052/log/pta_fs.dot.stderr.log
pta_fs,PTA,fs,dot,"[pta] UNHANDLED:   %875 = invoke noundef zeroext i1 bitcast (i1 (%""class.flatbuffers::FlatCompiler""*, %""struct.flatbuffers::FlatCOption""*, %""class.std::shared_ptr""*)* @_ZN11flatbuffers12FlatCompiler21RegisterCodeGeneratorERKNS_11FlatCOptionESt10shared_ptrINS_13CodeGeneratorEE to i1 (%""class.flatbuffers::FlatCompiler.2328""*, %""struct.flatbuffers::FlatCOption""*, %""class.std::shared_ptr""*)*)(%""class.flatbuffers::FlatCompiler.2328""* noundef nonnull align 8 dereferenceable(64) %24, %""struct.flatbuffers::FlatCOption""* noundef nonnull align 8 dereferenceable(128) %46, %""class.std::shared_ptr""* noundef nonnull %47)",/home/jimi/PaperExperiment/CompilerOptimization/Result/flatbuffers/dg/dg-LLVM14-O2-g/high_precision_20260326_164052/log/pta_fs.dot.stderr.log
pta_fs,PTA,fs,dot,"[pta] UNHANDLED:   %2321 = landingpad { i8*, i32 }",/home/jimi/PaperExperiment/CompilerOptimization/Result/flatbuffers/dg/dg-LLVM14-O2-g/high_precision_20260326_164052/log/pta_fs.dot.stderr.log
pta_fs,PTA,fs,dot,"[pta] UNHANDLED:   %2323 = landingpad { i8*, i32 }",/home/jimi/PaperExperiment/CompilerOptimization/Result/flatbuffers/dg/dg-LLVM14-O2-g/high_precision_20260326_164052/log/pta_fs.dot.stderr.log
pta_fs,PTA,fs,dot,"[pta] UNHANDLED:   %964 = invoke noundef i8* @_ZNSt7__cxx1112basic_stringIcSt11char_traitsIcESaIcEE9_M_createERmm(%""class.std::__cxx11::basic_string""* noundef nonnull align 8 dereferenceable(32) %960, i64* noundef nonnull align 8 dereferenceable(8) %13, i64 noundef 0)",/home/jimi/PaperExperiment/CompilerOptimization/Result/flatbuffers/dg/dg-LLVM14-O2-g/high_precision_20260326_164052/log/pta_fs.dot.stderr.log
pta_fs,PTA,fs,dot,"[pta] UNHANDLED:   invoke void @_ZN11flatbuffers22NewKotlinCodeGeneratorEv(%""class.std::unique_ptr.151""* nonnull sret(%""class.std::unique_ptr.151"") align 8 %51)",/home/jimi/PaperExperiment/CompilerOptimization/Result/flatbuffers/dg/dg-LLVM14-O2-g/high_precision_20260326_164052/log/pta_fs.dot.stderr.log
pta_fs,PTA,fs,dot,"[pta] UNHANDLED:   %2369 = landingpad { i8*, i32 }",/home/jimi/PaperExperiment/CompilerOptimization/Result/flatbuffers/dg/dg-LLVM14-O2-g/high_precision_20260326_164052/log/pta_fs.dot.stderr.log
pta_fs,PTA,fs,dot,"[pta] UNHANDLED:   invoke void @_ZNSt12__shared_ptrIN11flatbuffers13CodeGeneratorELN9__gnu_cxx12_Lock_policyE2EEC2IS1_St14default_deleteIS1_EvEEOSt10unique_ptrIT_T0_E(%""class.std::__shared_ptr""* noundef nonnull align 8 dereferenceable(16) %974, %""class.std::unique_ptr.151""* noundef nonnull align 8 dereferenceable(8) %51)",/home/jimi/PaperExperiment/CompilerOptimization/Result/flatbuffers/dg/dg-LLVM14-O2-g/high_precision_20260326_164052/log/pta_fs.dot.stderr.log
pta_fs,PTA,fs,dot,"[pta] UNHANDLED:   %2353 = landingpad { i8*, i32 }",/home/jimi/PaperExperiment/CompilerOptimization/Result/flatbuffers/dg/dg-LLVM14-O2-g/high_precision_20260326_164052/log/pta_fs.dot.stderr.log
pta_fs,PTA,fs,dot,"[pta] UNHANDLED:   %976 = invoke noundef zeroext i1 bitcast (i1 (%""class.flatbuffers::FlatCompiler""*, %""struct.flatbuffers::FlatCOption""*, %""class.std::shared_ptr""*)* @_ZN11flatbuffers12FlatCompiler21RegisterCodeGeneratorERKNS_11FlatCOptionESt10shared_ptrINS_13CodeGeneratorEE to i1 (%""class.flatbuffers::FlatCompiler.2328""*, %""struct.flatbuffers::FlatCOption""*, %""class.std::shared_ptr""*)*)(%""class.flatbuffers::FlatCompiler.2328""* noundef nonnull align 8 dereferenceable(64) %24, %""struct.flatbuffers::FlatCOption""* noundef nonnull align 8 dereferenceable(128) %49, %""class.std::shared_ptr""* noundef nonnull %50)",/home/jimi/PaperExperiment/CompilerOptimization/Result/flatbuffers/dg/dg-LLVM14-O2-g/high_precision_20260326_164052/log/pta_fs.dot.stderr.log
pta_fs,PTA,fs,dot,"[pta] UNHANDLED:   %2355 = landingpad { i8*, i32 }",/home/jimi/PaperExperiment/CompilerOptimization/Result/flatbuffers/dg/dg-LLVM14-O2-g/high_precision_20260326_164052/log/pta_fs.dot.stderr.log
pta_fs,PTA,fs,dot,"[pta] UNHANDLED:   %2357 = landingpad { i8*, i32 }",/home/jimi/PaperExperiment/CompilerOptimization/Result/flatbuffers/dg/dg-LLVM14-O2-g/high_precision_20260326_164052/log/pta_fs.dot.stderr.log
pta_fs,PTA,fs,dot,"[pta] UNHANDLED:   %1065 = invoke noundef i8* @_ZNSt7__cxx1112basic_stringIcSt11char_traitsIcESaIcEE9_M_createERmm(%""class.std::__cxx11::basic_string""* noundef nonnull align 8 dereferenceable(32) %1061, i64* noundef nonnull align 8 dereferenceable(8) %12, i64 noundef 0)",/home/jimi/PaperExperiment/CompilerOptimization/Result/flatbuffers/dg/dg-LLVM14-O2-g/high_precision_20260326_164052/log/pta_fs.dot.stderr.log
pta_fs,PTA,fs,dot,"[pta] UNHANDLED:   invoke void @_ZN11flatbuffers25NewKotlinKMPCodeGeneratorEv(%""class.std::unique_ptr.151""* nonnull sret(%""class.std::unique_ptr.151"") align 8 %54)",/home/jimi/PaperExperiment/CompilerOptimization/Result/flatbuffers/dg/dg-LLVM14-O2-g/high_precision_20260326_164052/log/pta_fs.dot.stderr.log
pta_fs,PTA,fs,dot,"[pta] UNHANDLED:   %2403 = landingpad { i8*, i32 }",/home/jimi/PaperExperiment/CompilerOptimization/Result/flatbuffers/dg/dg-LLVM14-O2-g/high_precision_20260326_164052/log/pta_fs.dot.stderr.log
pta_fs,PTA,fs,dot,"[pta] UNHANDLED:   invoke void @_ZNSt12__shared_ptrIN11flatbuffers13CodeGeneratorELN9__gnu_cxx12_Lock_policyE2EEC2IS1_St14default_deleteIS1_EvEEOSt10unique_ptrIT_T0_E(%""class.std::__shared_ptr""* noundef nonnull align 8 dereferenceable(16) %1075, %""class.std::unique_ptr.151""* noundef nonnull align 8 dereferenceable(8) %54)",/home/jimi/PaperExperiment/CompilerOptimization/Result/flatbuffers/dg/dg-LLVM14-O2-g/high_precision_20260326_164052/log/pta_fs.dot.stderr.log
pta_fs,PTA,fs,dot,"[pta] UNHANDLED:   %2387 = landingpad { i8*, i32 }",/home/jimi/PaperExperiment/CompilerOptimization/Result/flatbuffers/dg/dg-LLVM14-O2-g/high_precision_20260326_164052/log/pta_fs.dot.stderr.log
pta_fs,PTA,fs,dot,"[pta] UNHANDLED:   %1077 = invoke noundef zeroext i1 bitcast (i1 (%""class.flatbuffers::FlatCompiler""*, %""struct.flatbuffers::FlatCOption""*, %""class.std::shared_ptr""*)* @_ZN11flatbuffers12FlatCompiler21RegisterCodeGeneratorERKNS_11FlatCOptionESt10shared_ptrINS_13CodeGeneratorEE to i1 (%""class.flatbuffers::FlatCompiler.2328""*, %""struct.flatbuffers::FlatCOption""*, %""class.std::shared_ptr""*)*)(%""class.flatbuffers::FlatCompiler.2328""* noundef nonnull align 8 dereferenceable(64) %24, %""struct.flatbuffers::FlatCOption""* noundef nonnull align 8 dereferenceable(128) %52, %""class.std::shared_ptr""* noundef nonnull %53)",/home/jimi/PaperExperiment/CompilerOptimization/Result/flatbuffers/dg/dg-LLVM14-O2-g/high_precision_20260326_164052/log/pta_fs.dot.stderr.log
pta_fs,PTA,fs,dot,"[pta] UNHANDLED:   %2389 = landingpad { i8*, i32 }",/home/jimi/PaperExperiment/CompilerOptimization/Result/flatbuffers/dg/dg-LLVM14-O2-g/high_precision_20260326_164052/log/pta_fs.dot.stderr.log
pta_fs,PTA,fs,dot,"[pta] UNHANDLED:   %2391 = landingpad { i8*, i32 }",/home/jimi/PaperExperiment/CompilerOptimization/Result/flatbuffers/dg/dg-LLVM14-O2-g/high_precision_20260326_164052/log/pta_fs.dot.stderr.log
pta_fs,PTA,fs,dot,"[pta] UNHANDLED:   %1166 = invoke noundef i8* @_ZNSt7__cxx1112basic_stringIcSt11char_traitsIcESaIcEE9_M_createERmm(%""class.std::__cxx11::basic_string""* noundef nonnull align 8 dereferenceable(32) %1162, i64* noundef nonnull align 8 dereferenceable(8) %11, i64 noundef 0)",/home/jimi/PaperExperiment/CompilerOptimization/Result/flatbuffers/dg/dg-LLVM14-O2-g/high_precision_20260326_164052/log/pta_fs.dot.stderr.log
pta_fs,PTA,fs,dot,"[pta] UNHANDLED:   invoke void @_ZN11flatbuffers23NewLobsterCodeGeneratorEv(%""class.std::unique_ptr.151""* nonnull sret(%""class.std::unique_ptr.151"") align 8 %57)",/home/jimi/PaperExperiment/CompilerOptimization/Result/flatbuffers/dg/dg-LLVM14-O2-g/high_precision_20260326_164052/log/pta_fs.dot.stderr.log
pta_fs,PTA,fs,dot,"[pta] UNHANDLED:   %2437 = landingpad { i8*, i32 }",/home/jimi/PaperExperiment/CompilerOptimization/Result/flatbuffers/dg/dg-LLVM14-O2-g/high_precision_20260326_164052/log/pta_fs.dot.stderr.log
pta_fs,PTA,fs,dot,"[pta] UNHANDLED:   invoke void @_ZNSt12__shared_ptrIN11flatbuffers13CodeGeneratorELN9__gnu_cxx12_Lock_policyE2EEC2IS1_St14default_deleteIS1_EvEEOSt10unique_ptrIT_T0_E(%""class.std::__shared_ptr""* noundef nonnull align 8 dereferenceable(16) %1176, %""class.std::unique_ptr.151""* noundef nonnull align 8 dereferenceable(8) %57)",/home/jimi/PaperExperiment/CompilerOptimization/Result/flatbuffers/dg/dg-LLVM14-O2-g/high_precision_20260326_164052/log/pta_fs.dot.stderr.log
pta_fs,PTA,fs,dot,"[pta] UNHANDLED:   %2421 = landingpad { i8*, i32 }",/home/jimi/PaperExperiment/CompilerOptimization/Result/flatbuffers/dg/dg-LLVM14-O2-g/high_precision_20260326_164052/log/pta_fs.dot.stderr.log
pta_fs,PTA,fs,dot,"[pta] UNHANDLED:   %1178 = invoke noundef zeroext i1 bitcast (i1 (%""class.flatbuffers::FlatCompiler""*, %""struct.flatbuffers::FlatCOption""*, %""class.std::shared_ptr""*)* @_ZN11flatbuffers12FlatCompiler21RegisterCodeGeneratorERKNS_11FlatCOptionESt10shared_ptrINS_13CodeGeneratorEE to i1 (%""class.flatbuffers::FlatCompiler.2328""*, %""struct.flatbuffers::FlatCOption""*, %""class.std::shared_ptr""*)*)(%""class.flatbuffers::FlatCompiler.2328""* noundef nonnull align 8 dereferenceable(64) %24, %""struct.flatbuffers::FlatCOption""* noundef nonnull align 8 dereferenceable(128) %55, %""class.std::shared_ptr""* noundef nonnull %56)",/home/jimi/PaperExperiment/CompilerOptimization/Result/flatbuffers/dg/dg-LLVM14-O2-g/high_precision_20260326_164052/log/pta_fs.dot.stderr.log
pta_fs,PTA,fs,dot,"[pta] UNHANDLED:   %2423 = landingpad { i8*, i32 }",/home/jimi/PaperExperiment/CompilerOptimization/Result/flatbuffers/dg/dg-LLVM14-O2-g/high_precision_20260326_164052/log/pta_fs.dot.stderr.log
pta_fs,PTA,fs,dot,"[pta] UNHANDLED:   %2425 = landingpad { i8*, i32 }",/home/jimi/PaperExperiment/CompilerOptimization/Result/flatbuffers/dg/dg-LLVM14-O2-g/high_precision_20260326_164052/log/pta_fs.dot.stderr.log
pta_fs,PTA,fs,dot,"[pta] UNHANDLED:   %1268 = invoke noundef i8* @_ZNSt7__cxx1112basic_stringIcSt11char_traitsIcESaIcEE9_M_createERmm(%""class.std::__cxx11::basic_string""* noundef nonnull align 8 dereferenceable(32) %1264, i64* noundef nonnull align 8 dereferenceable(8) %10, i64 noundef 0)",/home/jimi/PaperExperiment/CompilerOptimization/Result/flatbuffers/dg/dg-LLVM14-O2-g/high_precision_20260326_164052/log/pta_fs.dot.stderr.log
pta_fs,PTA,fs,dot,"[pta] UNHANDLED:   invoke void @_ZN11flatbuffers19NewLuaBfbsGeneratorERKNSt7__cxx1112basic_stringIcSt11char_traitsIcESaIcEEE(%""class.std::unique_ptr.151""* nonnull sret(%""class.std::unique_ptr.151"") align 8 %60, %""class.std::__cxx11::basic_string""* noundef nonnull align 8 dereferenceable(32) %23)",/home/jimi/PaperExperiment/CompilerOptimization/Result/flatbuffers/dg/dg-LLVM14-O2-g/high_precision_20260326_164052/log/pta_fs.dot.stderr.log
pta_fs,PTA,fs,dot,"[pta] UNHANDLED:   %2471 = landingpad { i8*, i32 }",/home/jimi/PaperExperiment/CompilerOptimization/Result/flatbuffers/dg/dg-LLVM14-O2-g/high_precision_20260326_164052/log/pta_fs.dot.stderr.log
pta_fs,PTA,fs,dot,"[pta] UNHANDLED:   invoke void @_ZNSt12__shared_ptrIN11flatbuffers13CodeGeneratorELN9__gnu_cxx12_Lock_policyE2EEC2IS1_St14default_deleteIS1_EvEEOSt10unique_ptrIT_T0_E(%""class.std::__shared_ptr""* noundef nonnull align 8 dereferenceable(16) %1278, %""class.std::unique_ptr.151""* noundef nonnull align 8 dereferenceable(8) %60)",/home/jimi/PaperExperiment/CompilerOptimization/Result/flatbuffers/dg/dg-LLVM14-O2-g/high_precision_20260326_164052/log/pta_fs.dot.stderr.log
pta_fs,PTA,fs,dot,"[pta] UNHANDLED:   %2455 = landingpad { i8*, i32 }",/home/jimi/PaperExperiment/CompilerOptimization/Result/flatbuffers/dg/dg-LLVM14-O2-g/high_precision_20260326_164052/log/pta_fs.dot.stderr.log
pta_fs,PTA,fs,dot,"[pta] UNHANDLED:   %1280 = invoke noundef zeroext i1 bitcast (i1 (%""class.flatbuffers::FlatCompiler""*, %""struct.flatbuffers::FlatCOption""*, %""class.std::shared_ptr""*)* @_ZN11flatbuffers12FlatCompiler21RegisterCodeGeneratorERKNS_11FlatCOptionESt10shared_ptrINS_13CodeGeneratorEE to i1 (%""class.flatbuffers::FlatCompiler.2328""*, %""struct.flatbuffers::FlatCOption""*, %""class.std::shared_ptr""*)*)(%""class.flatbuffers::FlatCompiler.2328""* noundef nonnull align 8 dereferenceable(64) %24, %""struct.flatbuffers::FlatCOption""* noundef nonnull align 8 dereferenceable(128) %58, %""class.std::shared_ptr""* noundef nonnull %59)",/home/jimi/PaperExperiment/CompilerOptimization/Result/flatbuffers/dg/dg-LLVM14-O2-g/high_precision_20260326_164052/log/pta_fs.dot.stderr.log
pta_fs,PTA,fs,dot,"[pta] UNHANDLED:   %2457 = landingpad { i8*, i32 }",/home/jimi/PaperExperiment/CompilerOptimization/Result/flatbuffers/dg/dg-LLVM14-O2-g/high_precision_20260326_164052/log/pta_fs.dot.stderr.log
pta_fs,PTA,fs,dot,"[pta] UNHANDLED:   %2459 = landingpad { i8*, i32 }",/home/jimi/PaperExperiment/CompilerOptimization/Result/flatbuffers/dg/dg-LLVM14-O2-g/high_precision_20260326_164052/log/pta_fs.dot.stderr.log
pta_fs,PTA,fs,dot,"[pta] UNHANDLED:   %1369 = invoke noundef i8* @_ZNSt7__cxx1112basic_stringIcSt11char_traitsIcESaIcEE9_M_createERmm(%""class.std::__cxx11::basic_string""* noundef nonnull align 8 dereferenceable(32) %1365, i64* noundef nonnull align 8 dereferenceable(8) %9, i64 noundef 0)",/home/jimi/PaperExperiment/CompilerOptimization/Result/flatbuffers/dg/dg-LLVM14-O2-g/high_precision_20260326_164052/log/pta_fs.dot.stderr.log
pta_fs,PTA,fs,dot,"[pta] UNHANDLED:   invoke void @_ZN11flatbuffers19NewNimBfbsGeneratorERKNSt7__cxx1112basic_stringIcSt11char_traitsIcESaIcEEE(%""class.std::unique_ptr.151""* nonnull sret(%""class.std::unique_ptr.151"") align 8 %63, %""class.std::__cxx11::basic_string""* noundef nonnull align 8 dereferenceable(32) %23)",/home/jimi/PaperExperiment/CompilerOptimization/Result/flatbuffers/dg/dg-LLVM14-O2-g/high_precision_20260326_164052/log/pta_fs.dot.stderr.log
pta_fs,PTA,fs,dot,"[pta] UNHANDLED:   %2505 = landingpad { i8*, i32 }",/home/jimi/PaperExperiment/CompilerOptimization/Result/flatbuffers/dg/dg-LLVM14-O2-g/high_precision_20260326_164052/log/pta_fs.dot.stderr.log
pta_fs,PTA,fs,dot,"[pta] UNHANDLED:   invoke void @_ZNSt12__shared_ptrIN11flatbuffers13CodeGeneratorELN9__gnu_cxx12_Lock_policyE2EEC2IS1_St14default_deleteIS1_EvEEOSt10unique_ptrIT_T0_E(%""class.std::__shared_ptr""* noundef nonnull align 8 dereferenceable(16) %1379, %""class.std::unique_ptr.151""* noundef nonnull align 8 dereferenceable(8) %63)",/home/jimi/PaperExperiment/CompilerOptimization/Result/flatbuffers/dg/dg-LLVM14-O2-g/high_precision_20260326_164052/log/pta_fs.dot.stderr.log
pta_fs,PTA,fs,dot,"[pta] UNHANDLED:   %2489 = landingpad { i8*, i32 }",/home/jimi/PaperExperiment/CompilerOptimization/Result/flatbuffers/dg/dg-LLVM14-O2-g/high_precision_20260326_164052/log/pta_fs.dot.stderr.log
pta_fs,PTA,fs,dot,"[pta] UNHANDLED:   %1381 = invoke noundef zeroext i1 bitcast (i1 (%""class.flatbuffers::FlatCompiler""*, %""struct.flatbuffers::FlatCOption""*, %""class.std::shared_ptr""*)* @_ZN11flatbuffers12FlatCompiler21RegisterCodeGeneratorERKNS_11FlatCOptionESt10shared_ptrINS_13CodeGeneratorEE to i1 (%""class.flatbuffers::FlatCompiler.2328""*, %""struct.flatbuffers::FlatCOption""*, %""class.std::shared_ptr""*)*)(%""class.flatbuffers::FlatCompiler.2328""* noundef nonnull align 8 dereferenceable(64) %24, %""struct.flatbuffers::FlatCOption""* noundef nonnull align 8 dereferenceable(128) %61, %""class.std::shared_ptr""* noundef nonnull %62)",/home/jimi/PaperExperiment/CompilerOptimization/Result/flatbuffers/dg/dg-LLVM14-O2-g/high_precision_20260326_164052/log/pta_fs.dot.stderr.log
pta_fs,PTA,fs,dot,"[pta] UNHANDLED:   %2491 = landingpad { i8*, i32 }",/home/jimi/PaperExperiment/CompilerOptimization/Result/flatbuffers/dg/dg-LLVM14-O2-g/high_precision_20260326_164052/log/pta_fs.dot.stderr.log
pta_fs,PTA,fs,dot,"[pta] UNHANDLED:   %2493 = landingpad { i8*, i32 }",/home/jimi/PaperExperiment/CompilerOptimization/Result/flatbuffers/dg/dg-LLVM14-O2-g/high_precision_20260326_164052/log/pta_fs.dot.stderr.log
pta_fs,PTA,fs,dot,"[pta] UNHANDLED:   %1471 = invoke noundef i8* @_ZNSt7__cxx1112basic_stringIcSt11char_traitsIcESaIcEE9_M_createERmm(%""class.std::__cxx11::basic_string""* noundef nonnull align 8 dereferenceable(32) %1467, i64* noundef nonnull align 8 dereferenceable(8) %8, i64 noundef 0)",/home/jimi/PaperExperiment/CompilerOptimization/Result/flatbuffers/dg/dg-LLVM14-O2-g/high_precision_20260326_164052/log/pta_fs.dot.stderr.log
pta_fs,PTA,fs,dot,"[pta] UNHANDLED:   invoke void @_ZN11flatbuffers22NewPythonCodeGeneratorEv(%""class.std::unique_ptr.151""* nonnull sret(%""class.std::unique_ptr.151"") align 8 %66)",/home/jimi/PaperExperiment/CompilerOptimization/Result/flatbuffers/dg/dg-LLVM14-O2-g/high_precision_20260326_164052/log/pta_fs.dot.stderr.log
pta_fs,PTA,fs,dot,"[pta] UNHANDLED:   %2539 = landingpad { i8*, i32 }",/home/jimi/PaperExperiment/CompilerOptimization/Result/flatbuffers/dg/dg-LLVM14-O2-g/high_precision_20260326_164052/log/pta_fs.dot.stderr.log
pta_fs,PTA,fs,dot,"[pta] UNHANDLED:   invoke void @_ZNSt12__shared_ptrIN11flatbuffers13CodeGeneratorELN9__gnu_cxx12_Lock_policyE2EEC2IS1_St14default_deleteIS1_EvEEOSt10unique_ptrIT_T0_E(%""class.std::__shared_ptr""* noundef nonnull align 8 dereferenceable(16) %1481, %""class.std::unique_ptr.151""* noundef nonnull align 8 dereferenceable(8) %66)",/home/jimi/PaperExperiment/CompilerOptimization/Result/flatbuffers/dg/dg-LLVM14-O2-g/high_precision_20260326_164052/log/pta_fs.dot.stderr.log
pta_fs,PTA,fs,dot,"[pta] UNHANDLED:   %2523 = landingpad { i8*, i32 }",/home/jimi/PaperExperiment/CompilerOptimization/Result/flatbuffers/dg/dg-LLVM14-O2-g/high_precision_20260326_164052/log/pta_fs.dot.stderr.log
pta_fs,PTA,fs,dot,"[pta] UNHANDLED:   %1483 = invoke noundef zeroext i1 bitcast (i1 (%""class.flatbuffers::FlatCompiler""*, %""struct.flatbuffers::FlatCOption""*, %""class.std::shared_ptr""*)* @_ZN11flatbuffers12FlatCompiler21RegisterCodeGeneratorERKNS_11FlatCOptionESt10shared_ptrINS_13CodeGeneratorEE to i1 (%""class.flatbuffers::FlatCompiler.2328""*, %""struct.flatbuffers::FlatCOption""*, %""class.std::shared_ptr""*)*)(%""class.flatbuffers::FlatCompiler.2328""* noundef nonnull align 8 dereferenceable(64) %24, %""struct.flatbuffers::FlatCOption""* noundef nonnull align 8 dereferenceable(128) %64, %""class.std::shared_ptr""* noundef nonnull %65)",/home/jimi/PaperExperiment/CompilerOptimization/Result/flatbuffers/dg/dg-LLVM14-O2-g/high_precision_20260326_164052/log/pta_fs.dot.stderr.log
pta_fs,PTA,fs,dot,"[pta] UNHANDLED:   %2525 = landingpad { i8*, i32 }",/home/jimi/PaperExperiment/CompilerOptimization/Result/flatbuffers/dg/dg-LLVM14-O2-g/high_precision_20260326_164052/log/pta_fs.dot.stderr.log
pta_fs,PTA,fs,dot,"[pta] UNHANDLED:   %2527 = landingpad { i8*, i32 }",/home/jimi/PaperExperiment/CompilerOptimization/Result/flatbuffers/dg/dg-LLVM14-O2-g/high_precision_20260326_164052/log/pta_fs.dot.stderr.log
pta_fs,PTA,fs,dot,"[pta] UNHANDLED:   %1572 = invoke noundef i8* @_ZNSt7__cxx1112basic_stringIcSt11char_traitsIcESaIcEE9_M_createERmm(%""class.std::__cxx11::basic_string""* noundef nonnull align 8 dereferenceable(32) %1568, i64* noundef nonnull align 8 dereferenceable(8) %7, i64 noundef 0)",/home/jimi/PaperExperiment/CompilerOptimization/Result/flatbuffers/dg/dg-LLVM14-O2-g/high_precision_20260326_164052/log/pta_fs.dot.stderr.log
pta_fs,PTA,fs,dot,"[pta] UNHANDLED:   invoke void @_ZN11flatbuffers19NewPhpCodeGeneratorEv(%""class.std::unique_ptr.151""* nonnull sret(%""class.std::unique_ptr.151"") align 8 %69)",/home/jimi/PaperExperiment/CompilerOptimization/Result/flatbuffers/dg/dg-LLVM14-O2-g/high_precision_20260326_164052/log/pta_fs.dot.stderr.log
pta_fs,PTA,fs,dot,"[pta] UNHANDLED:   %2573 = landingpad { i8*, i32 }",/home/jimi/PaperExperiment/CompilerOptimization/Result/flatbuffers/dg/dg-LLVM14-O2-g/high_precision_20260326_164052/log/pta_fs.dot.stderr.log
pta_fs,PTA,fs,dot,"[pta] UNHANDLED:   invoke void @_ZNSt12__shared_ptrIN11flatbuffers13CodeGeneratorELN9__gnu_cxx12_Lock_policyE2EEC2IS1_St14default_deleteIS1_EvEEOSt10unique_ptrIT_T0_E(%""class.std::__shared_ptr""* noundef nonnull align 8 dereferenceable(16) %1582, %""class.std::unique_ptr.151""* noundef nonnull align 8 dereferenceable(8) %69)",/home/jimi/PaperExperiment/CompilerOptimization/Result/flatbuffers/dg/dg-LLVM14-O2-g/high_precision_20260326_164052/log/pta_fs.dot.stderr.log
pta_fs,PTA,fs,dot,"[pta] UNHANDLED:   %2557 = landingpad { i8*, i32 }",/home/jimi/PaperExperiment/CompilerOptimization/Result/flatbuffers/dg/dg-LLVM14-O2-g/high_precision_20260326_164052/log/pta_fs.dot.stderr.log
pta_fs,PTA,fs,dot,"[pta] UNHANDLED:   %1584 = invoke noundef zeroext i1 bitcast (i1 (%""class.flatbuffers::FlatCompiler""*, %""struct.flatbuffers::FlatCOption""*, %""class.std::shared_ptr""*)* @_ZN11flatbuffers12FlatCompiler21RegisterCodeGeneratorERKNS_11FlatCOptionESt10shared_ptrINS_13CodeGeneratorEE to i1 (%""class.flatbuffers::FlatCompiler.2328""*, %""struct.flatbuffers::FlatCOption""*, %""class.std::shared_ptr""*)*)(%""class.flatbuffers::FlatCompiler.2328""* noundef nonnull align 8 dereferenceable(64) %24, %""struct.flatbuffers::FlatCOption""* noundef nonnull align 8 dereferenceable(128) %67, %""class.std::shared_ptr""* noundef nonnull %68)",/home/jimi/PaperExperiment/CompilerOptimization/Result/flatbuffers/dg/dg-LLVM14-O2-g/high_precision_20260326_164052/log/pta_fs.dot.stderr.log
pta_fs,PTA,fs,dot,"[pta] UNHANDLED:   %2559 = landingpad { i8*, i32 }",/home/jimi/PaperExperiment/CompilerOptimization/Result/flatbuffers/dg/dg-LLVM14-O2-g/high_precision_20260326_164052/log/pta_fs.dot.stderr.log
pta_fs,PTA,fs,dot,"[pta] UNHANDLED:   %2561 = landingpad { i8*, i32 }",/home/jimi/PaperExperiment/CompilerOptimization/Result/flatbuffers/dg/dg-LLVM14-O2-g/high_precision_20260326_164052/log/pta_fs.dot.stderr.log
pta_fs,PTA,fs,dot,"[pta] UNHANDLED:   %1675 = invoke noundef i8* @_ZNSt7__cxx1112basic_stringIcSt11char_traitsIcESaIcEE9_M_createERmm(%""class.std::__cxx11::basic_string""* noundef nonnull align 8 dereferenceable(32) %1671, i64* noundef nonnull align 8 dereferenceable(8) %6, i64 noundef 0)",/home/jimi/PaperExperiment/CompilerOptimization/Result/flatbuffers/dg/dg-LLVM14-O2-g/high_precision_20260326_164052/log/pta_fs.dot.stderr.log
pta_fs,PTA,fs,dot,"[pta] UNHANDLED:   invoke void @_ZN11flatbuffers20NewRustCodeGeneratorEv(%""class.std::unique_ptr.151""* nonnull sret(%""class.std::unique_ptr.151"") align 8 %72)",/home/jimi/PaperExperiment/CompilerOptimization/Result/flatbuffers/dg/dg-LLVM14-O2-g/high_precision_20260326_164052/log/pta_fs.dot.stderr.log
pta_fs,PTA,fs,dot,"[pta] UNHANDLED:   %2607 = landingpad { i8*, i32 }",/home/jimi/PaperExperiment/CompilerOptimization/Result/flatbuffers/dg/dg-LLVM14-O2-g/high_precision_20260326_164052/log/pta_fs.dot.stderr.log
pta_fs,PTA,fs,dot,"[pta] UNHANDLED:   invoke void @_ZNSt12__shared_ptrIN11flatbuffers13CodeGeneratorELN9__gnu_cxx12_Lock_policyE2EEC2IS1_St14default_deleteIS1_EvEEOSt10unique_ptrIT_T0_E(%""class.std::__shared_ptr""* noundef nonnull align 8 dereferenceable(16) %1685, %""class.std::unique_ptr.151""* noundef nonnull align 8 dereferenceable(8) %72)",/home/jimi/PaperExperiment/CompilerOptimization/Result/flatbuffers/dg/dg-LLVM14-O2-g/high_precision_20260326_164052/log/pta_fs.dot.stderr.log
pta_fs,PTA,fs,dot,"[pta] UNHANDLED:   %2591 = landingpad { i8*, i32 }",/home/jimi/PaperExperiment/CompilerOptimization/Result/flatbuffers/dg/dg-LLVM14-O2-g/high_precision_20260326_164052/log/pta_fs.dot.stderr.log
pta_fs,PTA,fs,dot,"[pta] UNHANDLED:   %1687 = invoke noundef zeroext i1 bitcast (i1 (%""class.flatbuffers::FlatCompiler""*, %""struct.flatbuffers::FlatCOption""*, %""class.std::shared_ptr""*)* @_ZN11flatbuffers12FlatCompiler21RegisterCodeGeneratorERKNS_11FlatCOptionESt10shared_ptrINS_13CodeGeneratorEE to i1 (%""class.flatbuffers::FlatCompiler.2328""*, %""struct.flatbuffers::FlatCOption""*, %""class.std::shared_ptr""*)*)(%""class.flatbuffers::FlatCompiler.2328""* noundef nonnull align 8 dereferenceable(64) %24, %""struct.flatbuffers::FlatCOption""* noundef nonnull align 8 dereferenceable(128) %70, %""class.std::shared_ptr""* noundef nonnull %71)",/home/jimi/PaperExperiment/CompilerOptimization/Result/flatbuffers/dg/dg-LLVM14-O2-g/high_precision_20260326_164052/log/pta_fs.dot.stderr.log
pta_fs,PTA,fs,dot,"[pta] UNHANDLED:   %2593 = landingpad { i8*, i32 }",/home/jimi/PaperExperiment/CompilerOptimization/Result/flatbuffers/dg/dg-LLVM14-O2-g/high_precision_20260326_164052/log/pta_fs.dot.stderr.log
pta_fs,PTA,fs,dot,"[pta] UNHANDLED:   %2595 = landingpad { i8*, i32 }",/home/jimi/PaperExperiment/CompilerOptimization/Result/flatbuffers/dg/dg-LLVM14-O2-g/high_precision_20260326_164052/log/pta_fs.dot.stderr.log
pta_fs,PTA,fs,dot,"[pta] UNHANDLED:   %1778 = invoke noundef i8* @_ZNSt7__cxx1112basic_stringIcSt11char_traitsIcESaIcEE9_M_createERmm(%""class.std::__cxx11::basic_string""* noundef nonnull align 8 dereferenceable(32) %1774, i64* noundef nonnull align 8 dereferenceable(8) %5, i64 noundef 0)",/home/jimi/PaperExperiment/CompilerOptimization/Result/flatbuffers/dg/dg-LLVM14-O2-g/high_precision_20260326_164052/log/pta_fs.dot.stderr.log
pta_fs,PTA,fs,dot,"[pta] UNHANDLED:   invoke void @_ZN11flatbuffers20NewTextCodeGeneratorEv(%""class.std::unique_ptr.151""* nonnull sret(%""class.std::unique_ptr.151"") align 8 %75)",/home/jimi/PaperExperiment/CompilerOptimization/Result/flatbuffers/dg/dg-LLVM14-O2-g/high_precision_20260326_164052/log/pta_fs.dot.stderr.log
pta_fs,PTA,fs,dot,"[pta] UNHANDLED:   %2641 = landingpad { i8*, i32 }",/home/jimi/PaperExperiment/CompilerOptimization/Result/flatbuffers/dg/dg-LLVM14-O2-g/high_precision_20260326_164052/log/pta_fs.dot.stderr.log
pta_fs,PTA,fs,dot,"[pta] UNHANDLED:   invoke void @_ZNSt12__shared_ptrIN11flatbuffers13CodeGeneratorELN9__gnu_cxx12_Lock_policyE2EEC2IS1_St14default_deleteIS1_EvEEOSt10unique_ptrIT_T0_E(%""class.std::__shared_ptr""* noundef nonnull align 8 dereferenceable(16) %1788, %""class.std::unique_ptr.151""* noundef nonnull align 8 dereferenceable(8) %75)",/home/jimi/PaperExperiment/CompilerOptimization/Result/flatbuffers/dg/dg-LLVM14-O2-g/high_precision_20260326_164052/log/pta_fs.dot.stderr.log
pta_fs,PTA,fs,dot,"[pta] UNHANDLED:   %2625 = landingpad { i8*, i32 }",/home/jimi/PaperExperiment/CompilerOptimization/Result/flatbuffers/dg/dg-LLVM14-O2-g/high_precision_20260326_164052/log/pta_fs.dot.stderr.log
pta_fs,PTA,fs,dot,"[pta] UNHANDLED:   %1790 = invoke noundef zeroext i1 bitcast (i1 (%""class.flatbuffers::FlatCompiler""*, %""struct.flatbuffers::FlatCOption""*, %""class.std::shared_ptr""*)* @_ZN11flatbuffers12FlatCompiler21RegisterCodeGeneratorERKNS_11FlatCOptionESt10shared_ptrINS_13CodeGeneratorEE to i1 (%""class.flatbuffers::FlatCompiler.2328""*, %""struct.flatbuffers::FlatCOption""*, %""class.std::shared_ptr""*)*)(%""class.flatbuffers::FlatCompiler.2328""* noundef nonnull align 8 dereferenceable(64) %24, %""struct.flatbuffers::FlatCOption""* noundef nonnull align 8 dereferenceable(128) %73, %""class.std::shared_ptr""* noundef nonnull %74)",/home/jimi/PaperExperiment/CompilerOptimization/Result/flatbuffers/dg/dg-LLVM14-O2-g/high_precision_20260326_164052/log/pta_fs.dot.stderr.log
pta_fs,PTA,fs,dot,"[pta] UNHANDLED:   %2627 = landingpad { i8*, i32 }",/home/jimi/PaperExperiment/CompilerOptimization/Result/flatbuffers/dg/dg-LLVM14-O2-g/high_precision_20260326_164052/log/pta_fs.dot.stderr.log
pta_fs,PTA,fs,dot,"[pta] UNHANDLED:   %2629 = landingpad { i8*, i32 }",/home/jimi/PaperExperiment/CompilerOptimization/Result/flatbuffers/dg/dg-LLVM14-O2-g/high_precision_20260326_164052/log/pta_fs.dot.stderr.log
pta_fs,PTA,fs,dot,"[pta] UNHANDLED:   %1879 = invoke noundef i8* @_ZNSt7__cxx1112basic_stringIcSt11char_traitsIcESaIcEE9_M_createERmm(%""class.std::__cxx11::basic_string""* noundef nonnull align 8 dereferenceable(32) %1875, i64* noundef nonnull align 8 dereferenceable(8) %4, i64 noundef 0)",/home/jimi/PaperExperiment/CompilerOptimization/Result/flatbuffers/dg/dg-LLVM14-O2-g/high_precision_20260326_164052/log/pta_fs.dot.stderr.log
pta_fs,PTA,fs,dot,"[pta] UNHANDLED:   invoke void @_ZN11flatbuffers21NewSwiftCodeGeneratorEv(%""class.std::unique_ptr.151""* nonnull sret(%""class.std::unique_ptr.151"") align 8 %78)",/home/jimi/PaperExperiment/CompilerOptimization/Result/flatbuffers/dg/dg-LLVM14-O2-g/high_precision_20260326_164052/log/pta_fs.dot.stderr.log
pta_fs,PTA,fs,dot,"[pta] UNHANDLED:   %2675 = landingpad { i8*, i32 }",/home/jimi/PaperExperiment/CompilerOptimization/Result/flatbuffers/dg/dg-LLVM14-O2-g/high_precision_20260326_164052/log/pta_fs.dot.stderr.log
pta_fs,PTA,fs,dot,"[pta] UNHANDLED:   invoke void @_ZNSt12__shared_ptrIN11flatbuffers13CodeGeneratorELN9__gnu_cxx12_Lock_policyE2EEC2IS1_St14default_deleteIS1_EvEEOSt10unique_ptrIT_T0_E(%""class.std::__shared_ptr""* noundef nonnull align 8 dereferenceable(16) %1889, %""class.std::unique_ptr.151""* noundef nonnull align 8 dereferenceable(8) %78)",/home/jimi/PaperExperiment/CompilerOptimization/Result/flatbuffers/dg/dg-LLVM14-O2-g/high_precision_20260326_164052/log/pta_fs.dot.stderr.log
pta_fs,PTA,fs,dot,"[pta] UNHANDLED:   %2659 = landingpad { i8*, i32 }",/home/jimi/PaperExperiment/CompilerOptimization/Result/flatbuffers/dg/dg-LLVM14-O2-g/high_precision_20260326_164052/log/pta_fs.dot.stderr.log
pta_fs,PTA,fs,dot,"[pta] UNHANDLED:   %1891 = invoke noundef zeroext i1 bitcast (i1 (%""class.flatbuffers::FlatCompiler""*, %""struct.flatbuffers::FlatCOption""*, %""class.std::shared_ptr""*)* @_ZN11flatbuffers12FlatCompiler21RegisterCodeGeneratorERKNS_11FlatCOptionESt10shared_ptrINS_13CodeGeneratorEE to i1 (%""class.flatbuffers::FlatCompiler.2328""*, %""struct.flatbuffers::FlatCOption""*, %""class.std::shared_ptr""*)*)(%""class.flatbuffers::FlatCompiler.2328""* noundef nonnull align 8 dereferenceable(64) %24, %""struct.flatbuffers::FlatCOption""* noundef nonnull align 8 dereferenceable(128) %76, %""class.std::shared_ptr""* noundef nonnull %77)",/home/jimi/PaperExperiment/CompilerOptimization/Result/flatbuffers/dg/dg-LLVM14-O2-g/high_precision_20260326_164052/log/pta_fs.dot.stderr.log
pta_fs,PTA,fs,dot,"[pta] UNHANDLED:   %2661 = landingpad { i8*, i32 }",/home/jimi/PaperExperiment/CompilerOptimization/Result/flatbuffers/dg/dg-LLVM14-O2-g/high_precision_20260326_164052/log/pta_fs.dot.stderr.log
pta_fs,PTA,fs,dot,"[pta] UNHANDLED:   %2663 = landingpad { i8*, i32 }",/home/jimi/PaperExperiment/CompilerOptimization/Result/flatbuffers/dg/dg-LLVM14-O2-g/high_precision_20260326_164052/log/pta_fs.dot.stderr.log
pta_fs,PTA,fs,dot,"[pta] UNHANDLED:   %1982 = invoke noundef i8* @_ZNSt7__cxx1112basic_stringIcSt11char_traitsIcESaIcEE9_M_createERmm(%""class.std::__cxx11::basic_string""* noundef nonnull align 8 dereferenceable(32) %1978, i64* noundef nonnull align 8 dereferenceable(8) %3, i64 noundef 0)",/home/jimi/PaperExperiment/CompilerOptimization/Result/flatbuffers/dg/dg-LLVM14-O2-g/high_precision_20260326_164052/log/pta_fs.dot.stderr.log
pta_fs,PTA,fs,dot,"[pta] UNHANDLED:   invoke void @_ZN11flatbuffers18NewTsCodeGeneratorEv(%""class.std::unique_ptr.151""* nonnull sret(%""class.std::unique_ptr.151"") align 8 %81)",/home/jimi/PaperExperiment/CompilerOptimization/Result/flatbuffers/dg/dg-LLVM14-O2-g/high_precision_20260326_164052/log/pta_fs.dot.stderr.log
pta_fs,PTA,fs,dot,"[pta] UNHANDLED:   %2709 = landingpad { i8*, i32 }",/home/jimi/PaperExperiment/CompilerOptimization/Result/flatbuffers/dg/dg-LLVM14-O2-g/high_precision_20260326_164052/log/pta_fs.dot.stderr.log
pta_fs,PTA,fs,dot,"[pta] UNHANDLED:   invoke void @_ZNSt12__shared_ptrIN11flatbuffers13CodeGeneratorELN9__gnu_cxx12_Lock_policyE2EEC2IS1_St14default_deleteIS1_EvEEOSt10unique_ptrIT_T0_E(%""class.std::__shared_ptr""* noundef nonnull align 8 dereferenceable(16) %1992, %""class.std::unique_ptr.151""* noundef nonnull align 8 dereferenceable(8) %81)",/home/jimi/PaperExperiment/CompilerOptimization/Result/flatbuffers/dg/dg-LLVM14-O2-g/high_precision_20260326_164052/log/pta_fs.dot.stderr.log
pta_fs,PTA,fs,dot,"[pta] UNHANDLED:   %2693 = landingpad { i8*, i32 }",/home/jimi/PaperExperiment/CompilerOptimization/Result/flatbuffers/dg/dg-LLVM14-O2-g/high_precision_20260326_164052/log/pta_fs.dot.stderr.log
pta_fs,PTA,fs,dot,"[pta] UNHANDLED:   %1994 = invoke noundef zeroext i1 bitcast (i1 (%""class.flatbuffers::FlatCompiler""*, %""struct.flatbuffers::FlatCOption""*, %""class.std::shared_ptr""*)* @_ZN11flatbuffers12FlatCompiler21RegisterCodeGeneratorERKNS_11FlatCOptionESt10shared_ptrINS_13CodeGeneratorEE to i1 (%""class.flatbuffers::FlatCompiler.2328""*, %""struct.flatbuffers::FlatCOption""*, %""class.std::shared_ptr""*)*)(%""class.flatbuffers::FlatCompiler.2328""* noundef nonnull align 8 dereferenceable(64) %24, %""struct.flatbuffers::FlatCOption""* noundef nonnull align 8 dereferenceable(128) %79, %""class.std::shared_ptr""* noundef nonnull %80)",/home/jimi/PaperExperiment/CompilerOptimization/Result/flatbuffers/dg/dg-LLVM14-O2-g/high_precision_20260326_164052/log/pta_fs.dot.stderr.log
pta_fs,PTA,fs,dot,"[pta] UNHANDLED:   %2695 = landingpad { i8*, i32 }",/home/jimi/PaperExperiment/CompilerOptimization/Result/flatbuffers/dg/dg-LLVM14-O2-g/high_precision_20260326_164052/log/pta_fs.dot.stderr.log
pta_fs,PTA,fs,dot,"[pta] UNHANDLED:   %2697 = landingpad { i8*, i32 }",/home/jimi/PaperExperiment/CompilerOptimization/Result/flatbuffers/dg/dg-LLVM14-O2-g/high_precision_20260326_164052/log/pta_fs.dot.stderr.log
pta_fs,PTA,fs,dot,"[pta] UNHANDLED:   invoke void bitcast (void (%""struct.flatbuffers::FlatCOptions""*, %""class.flatbuffers::FlatCompiler""*, i32, i8**)* @_ZN11flatbuffers12FlatCompiler29ParseFromCommandLineArgumentsEiPPKc to void (%""struct.flatbuffers::FlatCOptions""*, %""class.flatbuffers::FlatCompiler.2328""*, i32, i8**)*)(%""struct.flatbuffers::FlatCOptions""* nonnull sret(%""struct.flatbuffers::FlatCOptions"") align 8 %82, %""class.flatbuffers::FlatCompiler.2328""* noundef nonnull align 8 dereferenceable(64) %24, i32 noundef %0, i8** noundef nonnull %1)",/home/jimi/PaperExperiment/CompilerOptimization/Result/flatbuffers/dg/dg-LLVM14-O2-g/high_precision_20260326_164052/log/pta_fs.dot.stderr.log
pta_fs,PTA,fs,dot,"[pta] UNHANDLED:   %2727 = landingpad { i8*, i32 }",/home/jimi/PaperExperiment/CompilerOptimization/Result/flatbuffers/dg/dg-LLVM14-O2-g/high_precision_20260326_164052/log/pta_fs.dot.stderr.log
pta_fs,PTA,fs,dot,[pta] UNHANDLED:   %2731 = invoke noalias noundef nonnull dereferenceable(8) i8* @_Znwm(i64 noundef 8) #52,/home/jimi/PaperExperiment/CompilerOptimization/Result/flatbuffers/dg/dg-LLVM14-O2-g/high_precision_20260326_164052/log/pta_fs.dot.stderr.log
pta_fs,PTA,fs,dot,"[pta] UNHANDLED:   %2739 = invoke noundef i32 bitcast (i32 (%""class.flatbuffers::FlatCompiler""*, %""struct.flatbuffers::FlatCOptions""*)* @_ZN11flatbuffers12FlatCompiler7CompileERKNS_12FlatCOptionsE to i32 (%""class.flatbuffers::FlatCompiler.2328""*, %""struct.flatbuffers::FlatCOptions""*)*)(%""class.flatbuffers::FlatCompiler.2328""* noundef nonnull align 8 dereferenceable(64) %24, %""struct.flatbuffers::FlatCOptions""* noundef nonnull align 8 dereferenceable(1104) %82)",/home/jimi/PaperExperiment/CompilerOptimization/Result/flatbuffers/dg/dg-LLVM14-O2-g/high_precision_20260326_164052/log/pta_fs.dot.stderr.log
pta_fs,PTA,fs,dot,"[pta] UNHANDLED:   %2729 = landingpad { i8*, i32 }",/home/jimi/PaperExperiment/CompilerOptimization/Result/flatbuffers/dg/dg-LLVM14-O2-g/high_precision_20260326_164052/log/pta_fs.dot.stderr.log
pta_fs,PTA,fs,dot,[pta] UNHANDLED:   %2067 = invoke noalias noundef nonnull dereferenceable(56) i8* @_Znwm(i64 noundef 56) #52,/home/jimi/PaperExperiment/CompilerOptimization/Result/flatbuffers/dg/dg-LLVM14-O2-g/high_precision_20260326_164052/log/pta_fs.dot.stderr.log
pta_fs,PTA,fs,dot,"[pta] UNHANDLED:   invoke void %2745(%""class.flatbuffers::FileSaver""* noundef nonnull align 8 dereferenceable(8) %2741)",/home/jimi/PaperExperiment/CompilerOptimization/Result/flatbuffers/dg/dg-LLVM14-O2-g/high_precision_20260326_164052/log/pta_fs.dot.stderr.log
pta_fs,PTA,fs,dot,"[pta] UNHANDLED:   %2763 = landingpad { i8*, i32 }",/home/jimi/PaperExperiment/CompilerOptimization/Result/flatbuffers/dg/dg-LLVM14-O2-g/high_precision_20260326_164052/log/pta_fs.dot.stderr.log
pta_fs,PTA,fs,dot,"[pta] UNHANDLED:   invoke void @_ZNSt8_Rb_treeINSt7__cxx1112basic_stringIcSt11char_traitsIcESaIcEEESt4pairIKS5_St10shared_ptrIN11flatbuffers13CodeGeneratorEEESt10_Select1stISC_ESt4lessIS5_ESaISC_EE8_M_eraseEPSt13_Rb_tree_nodeISC_E(%""class.std::_Rb_tree""* noundef nonnull align 8 dereferenceable(48) %2751, %""struct.std::_Rb_tree_node.354""* noundef %2753)",/home/jimi/PaperExperiment/CompilerOptimization/Result/flatbuffers/dg/dg-LLVM14-O2-g/high_precision_20260326_164052/log/pta_fs.dot.stderr.log
pta_fs,PTA,fs,dot,"[pta] UNHANDLED:   %2755 = landingpad { i8*, i32 }",/home/jimi/PaperExperiment/CompilerOptimization/Result/flatbuffers/dg/dg-LLVM14-O2-g/high_precision_20260326_164052/log/pta_fs.dot.stderr.log
pta_inv,PTA,inv,lines,"[pta] UNHANDLED:   %148 = invoke noundef i8* @_ZNSt7__cxx1112basic_stringIcSt11char_traitsIcESaIcEE9_M_createERmm(%""class.std::__cxx11::basic_string""* noundef nonnull align 8 dereferenceable(32) %144, i64* noundef nonnull align 8 dereferenceable(8) %21, i64 noundef 0)",/home/jimi/PaperExperiment/CompilerOptimization/Result/flatbuffers/dg/dg-LLVM14-O2-g/high_precision_20260326_164052/log/pta_inv.lines.stderr.log
pta_inv,PTA,inv,lines,"[pta] UNHANDLED:   invoke void @_ZN11flatbuffers22NewBinaryCodeGeneratorEv(%""class.std::unique_ptr.151""* nonnull sret(%""class.std::unique_ptr.151"") align 8 %27)",/home/jimi/PaperExperiment/CompilerOptimization/Result/flatbuffers/dg/dg-LLVM14-O2-g/high_precision_20260326_164052/log/pta_inv.lines.stderr.log
pta_inv,PTA,inv,lines,"[pta] UNHANDLED:   invoke void @_ZNSt8_Rb_treeINSt7__cxx1112basic_stringIcSt11char_traitsIcESaIcEEESt4pairIKS5_St10shared_ptrIN11flatbuffers13CodeGeneratorEEESt10_Select1stISC_ESt4lessIS5_ESaISC_EE8_M_eraseEPSt13_Rb_tree_nodeISC_E(%""class.std::_Rb_tree""* noundef nonnull align 8 dereferenceable(48) %2, %""struct.std::_Rb_tree_node.354""* noundef %6)",/home/jimi/PaperExperiment/CompilerOptimization/Result/flatbuffers/dg/dg-LLVM14-O2-g/high_precision_20260326_164052/log/pta_inv.lines.stderr.log
pta_inv,PTA,inv,lines,"[pta] UNHANDLED:   %8 = landingpad { i8*, i32 }",/home/jimi/PaperExperiment/CompilerOptimization/Result/flatbuffers/dg/dg-LLVM14-O2-g/high_precision_20260326_164052/log/pta_inv.lines.stderr.log
pta_inv,PTA,inv,lines,"[pta] UNHANDLED:   %2097 = landingpad { i8*, i32 }",/home/jimi/PaperExperiment/CompilerOptimization/Result/flatbuffers/dg/dg-LLVM14-O2-g/high_precision_20260326_164052/log/pta_inv.lines.stderr.log
pta_inv,PTA,inv,lines,"[pta] UNHANDLED:   invoke void @_ZNSt12__shared_ptrIN11flatbuffers13CodeGeneratorELN9__gnu_cxx12_Lock_policyE2EEC2IS1_St14default_deleteIS1_EvEEOSt10unique_ptrIT_T0_E(%""class.std::__shared_ptr""* noundef nonnull align 8 dereferenceable(16) %158, %""class.std::unique_ptr.151""* noundef nonnull align 8 dereferenceable(8) %27)",/home/jimi/PaperExperiment/CompilerOptimization/Result/flatbuffers/dg/dg-LLVM14-O2-g/high_precision_20260326_164052/log/pta_inv.lines.stderr.log
pta_inv,PTA,inv,lines,"[pta] UNHANDLED:   %2081 = landingpad { i8*, i32 }",/home/jimi/PaperExperiment/CompilerOptimization/Result/flatbuffers/dg/dg-LLVM14-O2-g/high_precision_20260326_164052/log/pta_inv.lines.stderr.log
pta_inv,PTA,inv,lines,"[pta] UNHANDLED:   resume { i8*, i32 } %2773, !dbg !106616",/home/jimi/PaperExperiment/CompilerOptimization/Result/flatbuffers/dg/dg-LLVM14-O2-g/high_precision_20260326_164052/log/pta_inv.lines.stderr.log
pta_inv,PTA,inv,lines,"[pta] UNHANDLED:   %160 = invoke noundef zeroext i1 bitcast (i1 (%""class.flatbuffers::FlatCompiler""*, %""struct.flatbuffers::FlatCOption""*, %""class.std::shared_ptr""*)* @_ZN11flatbuffers12FlatCompiler21RegisterCodeGeneratorERKNS_11FlatCOptionESt10shared_ptrINS_13CodeGeneratorEE to i1 (%""class.flatbuffers::FlatCompiler.2328""*, %""struct.flatbuffers::FlatCOption""*, %""class.std::shared_ptr""*)*)(%""class.flatbuffers::FlatCompiler.2328""* noundef nonnull align 8 dereferenceable(64) %24, %""struct.flatbuffers::FlatCOption""* noundef nonnull align 8 dereferenceable(128) %25, %""class.std::shared_ptr""* noundef nonnull %26)",/home/jimi/PaperExperiment/CompilerOptimization/Result/flatbuffers/dg/dg-LLVM14-O2-g/high_precision_20260326_164052/log/pta_inv.lines.stderr.log
pta_inv,PTA,inv,lines,"[pta] UNHANDLED:   %2083 = landingpad { i8*, i32 }",/home/jimi/PaperExperiment/CompilerOptimization/Result/flatbuffers/dg/dg-LLVM14-O2-g/high_precision_20260326_164052/log/pta_inv.lines.stderr.log
pta_inv,PTA,inv,lines,"[pta] UNHANDLED:   %2085 = landingpad { i8*, i32 }",/home/jimi/PaperExperiment/CompilerOptimization/Result/flatbuffers/dg/dg-LLVM14-O2-g/high_precision_20260326_164052/log/pta_inv.lines.stderr.log
pta_inv,PTA,inv,lines,"[pta] UNHANDLED:   %250 = invoke noundef i8* @_ZNSt7__cxx1112basic_stringIcSt11char_traitsIcESaIcEE9_M_createERmm(%""class.std::__cxx11::basic_string""* noundef nonnull align 8 dereferenceable(32) %246, i64* noundef nonnull align 8 dereferenceable(8) %20, i64 noundef 0)",/home/jimi/PaperExperiment/CompilerOptimization/Result/flatbuffers/dg/dg-LLVM14-O2-g/high_precision_20260326_164052/log/pta_inv.lines.stderr.log
pta_inv,PTA,inv,lines,"[pta] UNHANDLED:   invoke void @_ZN11flatbuffers19NewCppCodeGeneratorEv(%""class.std::unique_ptr.151""* nonnull sret(%""class.std::unique_ptr.151"") align 8 %30)",/home/jimi/PaperExperiment/CompilerOptimization/Result/flatbuffers/dg/dg-LLVM14-O2-g/high_precision_20260326_164052/log/pta_inv.lines.stderr.log
pta_inv,PTA,inv,lines,"[pta] UNHANDLED:   %2131 = landingpad { i8*, i32 }",/home/jimi/PaperExperiment/CompilerOptimization/Result/flatbuffers/dg/dg-LLVM14-O2-g/high_precision_20260326_164052/log/pta_inv.lines.stderr.log
pta_inv,PTA,inv,lines,"[pta] UNHANDLED:   invoke void @_ZNSt12__shared_ptrIN11flatbuffers13CodeGeneratorELN9__gnu_cxx12_Lock_policyE2EEC2IS1_St14default_deleteIS1_EvEEOSt10unique_ptrIT_T0_E(%""class.std::__shared_ptr""* noundef nonnull align 8 dereferenceable(16) %260, %""class.std::unique_ptr.151""* noundef nonnull align 8 dereferenceable(8) %30)",/home/jimi/PaperExperiment/CompilerOptimization/Result/flatbuffers/dg/dg-LLVM14-O2-g/high_precision_20260326_164052/log/pta_inv.lines.stderr.log
pta_inv,PTA,inv,lines,"[pta] UNHANDLED:   %2115 = landingpad { i8*, i32 }",/home/jimi/PaperExperiment/CompilerOptimization/Result/flatbuffers/dg/dg-LLVM14-O2-g/high_precision_20260326_164052/log/pta_inv.lines.stderr.log
pta_inv,PTA,inv,lines,"[pta] UNHANDLED:   %262 = invoke noundef zeroext i1 bitcast (i1 (%""class.flatbuffers::FlatCompiler""*, %""struct.flatbuffers::FlatCOption""*, %""class.std::shared_ptr""*)* @_ZN11flatbuffers12FlatCompiler21RegisterCodeGeneratorERKNS_11FlatCOptionESt10shared_ptrINS_13CodeGeneratorEE to i1 (%""class.flatbuffers::FlatCompiler.2328""*, %""struct.flatbuffers::FlatCOption""*, %""class.std::shared_ptr""*)*)(%""class.flatbuffers::FlatCompiler.2328""* noundef nonnull align 8 dereferenceable(64) %24, %""struct.flatbuffers::FlatCOption""* noundef nonnull align 8 dereferenceable(128) %28, %""class.std::shared_ptr""* noundef nonnull %29)",/home/jimi/PaperExperiment/CompilerOptimization/Result/flatbuffers/dg/dg-LLVM14-O2-g/high_precision_20260326_164052/log/pta_inv.lines.stderr.log
pta_inv,PTA,inv,lines,"[pta] UNHANDLED:   %2117 = landingpad { i8*, i32 }",/home/jimi/PaperExperiment/CompilerOptimization/Result/flatbuffers/dg/dg-LLVM14-O2-g/high_precision_20260326_164052/log/pta_inv.lines.stderr.log
pta_inv,PTA,inv,lines,"[pta] UNHANDLED:   %2119 = landingpad { i8*, i32 }",/home/jimi/PaperExperiment/CompilerOptimization/Result/flatbuffers/dg/dg-LLVM14-O2-g/high_precision_20260326_164052/log/pta_inv.lines.stderr.log
pta_inv,PTA,inv,lines,"[pta] UNHANDLED:   %352 = invoke noundef i8* @_ZNSt7__cxx1112basic_stringIcSt11char_traitsIcESaIcEE9_M_createERmm(%""class.std::__cxx11::basic_string""* noundef nonnull align 8 dereferenceable(32) %348, i64* noundef nonnull align 8 dereferenceable(8) %19, i64 noundef 0)",/home/jimi/PaperExperiment/CompilerOptimization/Result/flatbuffers/dg/dg-LLVM14-O2-g/high_precision_20260326_164052/log/pta_inv.lines.stderr.log
pta_inv,PTA,inv,lines,"[pta] UNHANDLED:   invoke void @_ZN11flatbuffers22NewCSharpCodeGeneratorEv(%""class.std::unique_ptr.151""* nonnull sret(%""class.std::unique_ptr.151"") align 8 %33)",/home/jimi/PaperExperiment/CompilerOptimization/Result/flatbuffers/dg/dg-LLVM14-O2-g/high_precision_20260326_164052/log/pta_inv.lines.stderr.log
pta_inv,PTA,inv,lines,"[pta] UNHANDLED:   %2165 = landingpad { i8*, i32 }",/home/jimi/PaperExperiment/CompilerOptimization/Result/flatbuffers/dg/dg-LLVM14-O2-g/high_precision_20260326_164052/log/pta_inv.lines.stderr.log
pta_inv,PTA,inv,lines,"[pta] UNHANDLED:   invoke void @_ZNSt12__shared_ptrIN11flatbuffers13CodeGeneratorELN9__gnu_cxx12_Lock_policyE2EEC2IS1_St14default_deleteIS1_EvEEOSt10unique_ptrIT_T0_E(%""class.std::__shared_ptr""* noundef nonnull align 8 dereferenceable(16) %362, %""class.std::unique_ptr.151""* noundef nonnull align 8 dereferenceable(8) %33)",/home/jimi/PaperExperiment/CompilerOptimization/Result/flatbuffers/dg/dg-LLVM14-O2-g/high_precision_20260326_164052/log/pta_inv.lines.stderr.log
pta_inv,PTA,inv,lines,"[pta] UNHANDLED:   %2149 = landingpad { i8*, i32 }",/home/jimi/PaperExperiment/CompilerOptimization/Result/flatbuffers/dg/dg-LLVM14-O2-g/high_precision_20260326_164052/log/pta_inv.lines.stderr.log
pta_inv,PTA,inv,lines,"[pta] UNHANDLED:   %364 = invoke noundef zeroext i1 bitcast (i1 (%""class.flatbuffers::FlatCompiler""*, %""struct.flatbuffers::FlatCOption""*, %""class.std::shared_ptr""*)* @_ZN11flatbuffers12FlatCompiler21RegisterCodeGeneratorERKNS_11FlatCOptionESt10shared_ptrINS_13CodeGeneratorEE to i1 (%""class.flatbuffers::FlatCompiler.2328""*, %""struct.flatbuffers::FlatCOption""*, %""class.std::shared_ptr""*)*)(%""class.flatbuffers::FlatCompiler.2328""* noundef nonnull align 8 dereferenceable(64) %24, %""struct.flatbuffers::FlatCOption""* noundef nonnull align 8 dereferenceable(128) %31, %""class.std::shared_ptr""* noundef nonnull %32)",/home/jimi/PaperExperiment/CompilerOptimization/Result/flatbuffers/dg/dg-LLVM14-O2-g/high_precision_20260326_164052/log/pta_inv.lines.stderr.log
pta_inv,PTA,inv,lines,"[pta] UNHANDLED:   %2151 = landingpad { i8*, i32 }",/home/jimi/PaperExperiment/CompilerOptimization/Result/flatbuffers/dg/dg-LLVM14-O2-g/high_precision_20260326_164052/log/pta_inv.lines.stderr.log
pta_inv,PTA,inv,lines,"[pta] UNHANDLED:   %2153 = landingpad { i8*, i32 }",/home/jimi/PaperExperiment/CompilerOptimization/Result/flatbuffers/dg/dg-LLVM14-O2-g/high_precision_20260326_164052/log/pta_inv.lines.stderr.log
pta_inv,PTA,inv,lines,"[pta] UNHANDLED:   %455 = invoke noundef i8* @_ZNSt7__cxx1112basic_stringIcSt11char_traitsIcESaIcEE9_M_createERmm(%""class.std::__cxx11::basic_string""* noundef nonnull align 8 dereferenceable(32) %451, i64* noundef nonnull align 8 dereferenceable(8) %18, i64 noundef 0)",/home/jimi/PaperExperiment/CompilerOptimization/Result/flatbuffers/dg/dg-LLVM14-O2-g/high_precision_20260326_164052/log/pta_inv.lines.stderr.log
pta_inv,PTA,inv,lines,"[pta] UNHANDLED:   invoke void @_ZN11flatbuffers20NewDartCodeGeneratorEv(%""class.std::unique_ptr.151""* nonnull sret(%""class.std::unique_ptr.151"") align 8 %36)",/home/jimi/PaperExperiment/CompilerOptimization/Result/flatbuffers/dg/dg-LLVM14-O2-g/high_precision_20260326_164052/log/pta_inv.lines.stderr.log
pta_inv,PTA,inv,lines,"[pta] UNHANDLED:   %2199 = landingpad { i8*, i32 }",/home/jimi/PaperExperiment/CompilerOptimization/Result/flatbuffers/dg/dg-LLVM14-O2-g/high_precision_20260326_164052/log/pta_inv.lines.stderr.log
pta_inv,PTA,inv,lines,"[pta] UNHANDLED:   invoke void @_ZNSt12__shared_ptrIN11flatbuffers13CodeGeneratorELN9__gnu_cxx12_Lock_policyE2EEC2IS1_St14default_deleteIS1_EvEEOSt10unique_ptrIT_T0_E(%""class.std::__shared_ptr""* noundef nonnull align 8 dereferenceable(16) %465, %""class.std::unique_ptr.151""* noundef nonnull align 8 dereferenceable(8) %36)",/home/jimi/PaperExperiment/CompilerOptimization/Result/flatbuffers/dg/dg-LLVM14-O2-g/high_precision_20260326_164052/log/pta_inv.lines.stderr.log
pta_inv,PTA,inv,lines,"[pta] UNHANDLED:   %2183 = landingpad { i8*, i32 }",/home/jimi/PaperExperiment/CompilerOptimization/Result/flatbuffers/dg/dg-LLVM14-O2-g/high_precision_20260326_164052/log/pta_inv.lines.stderr.log
pta_inv,PTA,inv,lines,"[pta] UNHANDLED:   %467 = invoke noundef zeroext i1 bitcast (i1 (%""class.flatbuffers::FlatCompiler""*, %""struct.flatbuffers::FlatCOption""*, %""class.std::shared_ptr""*)* @_ZN11flatbuffers12FlatCompiler21RegisterCodeGeneratorERKNS_11FlatCOptionESt10shared_ptrINS_13CodeGeneratorEE to i1 (%""class.flatbuffers::FlatCompiler.2328""*, %""struct.flatbuffers::FlatCOption""*, %""class.std::shared_ptr""*)*)(%""class.flatbuffers::FlatCompiler.2328""* noundef nonnull align 8 dereferenceable(64) %24, %""struct.flatbuffers::FlatCOption""* noundef nonnull align 8 dereferenceable(128) %34, %""class.std::shared_ptr""* noundef nonnull %35)",/home/jimi/PaperExperiment/CompilerOptimization/Result/flatbuffers/dg/dg-LLVM14-O2-g/high_precision_20260326_164052/log/pta_inv.lines.stderr.log
pta_inv,PTA,inv,lines,"[pta] UNHANDLED:   %2185 = landingpad { i8*, i32 }",/home/jimi/PaperExperiment/CompilerOptimization/Result/flatbuffers/dg/dg-LLVM14-O2-g/high_precision_20260326_164052/log/pta_inv.lines.stderr.log
pta_inv,PTA,inv,lines,"[pta] UNHANDLED:   %2187 = landingpad { i8*, i32 }",/home/jimi/PaperExperiment/CompilerOptimization/Result/flatbuffers/dg/dg-LLVM14-O2-g/high_precision_20260326_164052/log/pta_inv.lines.stderr.log
pta_inv,PTA,inv,lines,"[pta] UNHANDLED:   %556 = invoke noundef i8* @_ZNSt7__cxx1112basic_stringIcSt11char_traitsIcESaIcEE9_M_createERmm(%""class.std::__cxx11::basic_string""* noundef nonnull align 8 dereferenceable(32) %552, i64* noundef nonnull align 8 dereferenceable(8) %17, i64 noundef 0)",/home/jimi/PaperExperiment/CompilerOptimization/Result/flatbuffers/dg/dg-LLVM14-O2-g/high_precision_20260326_164052/log/pta_inv.lines.stderr.log
pta_inv,PTA,inv,lines,"[pta] UNHANDLED:   invoke void @_ZN11flatbuffers19NewFBSCodeGeneratorEb(%""class.std::unique_ptr.151""* nonnull sret(%""class.std::unique_ptr.151"") align 8 %39, i1 noundef zeroext false)",/home/jimi/PaperExperiment/CompilerOptimization/Result/flatbuffers/dg/dg-LLVM14-O2-g/high_precision_20260326_164052/log/pta_inv.lines.stderr.log
pta_inv,PTA,inv,lines,"[pta] UNHANDLED:   %2233 = landingpad { i8*, i32 }",/home/jimi/PaperExperiment/CompilerOptimization/Result/flatbuffers/dg/dg-LLVM14-O2-g/high_precision_20260326_164052/log/pta_inv.lines.stderr.log
pta_inv,PTA,inv,lines,"[pta] UNHANDLED:   invoke void @_ZNSt12__shared_ptrIN11flatbuffers13CodeGeneratorELN9__gnu_cxx12_Lock_policyE2EEC2IS1_St14default_deleteIS1_EvEEOSt10unique_ptrIT_T0_E(%""class.std::__shared_ptr""* noundef nonnull align 8 dereferenceable(16) %566, %""class.std::unique_ptr.151""* noundef nonnull align 8 dereferenceable(8) %39)",/home/jimi/PaperExperiment/CompilerOptimization/Result/flatbuffers/dg/dg-LLVM14-O2-g/high_precision_20260326_164052/log/pta_inv.lines.stderr.log
pta_inv,PTA,inv,lines,"[pta] UNHANDLED:   %2217 = landingpad { i8*, i32 }",/home/jimi/PaperExperiment/CompilerOptimization/Result/flatbuffers/dg/dg-LLVM14-O2-g/high_precision_20260326_164052/log/pta_inv.lines.stderr.log
pta_inv,PTA,inv,lines,"[pta] UNHANDLED:   %568 = invoke noundef zeroext i1 bitcast (i1 (%""class.flatbuffers::FlatCompiler""*, %""struct.flatbuffers::FlatCOption""*, %""class.std::shared_ptr""*)* @_ZN11flatbuffers12FlatCompiler21RegisterCodeGeneratorERKNS_11FlatCOptionESt10shared_ptrINS_13CodeGeneratorEE to i1 (%""class.flatbuffers::FlatCompiler.2328""*, %""struct.flatbuffers::FlatCOption""*, %""class.std::shared_ptr""*)*)(%""class.flatbuffers::FlatCompiler.2328""* noundef nonnull align 8 dereferenceable(64) %24, %""struct.flatbuffers::FlatCOption""* noundef nonnull align 8 dereferenceable(128) %37, %""class.std::shared_ptr""* noundef nonnull %38)",/home/jimi/PaperExperiment/CompilerOptimization/Result/flatbuffers/dg/dg-LLVM14-O2-g/high_precision_20260326_164052/log/pta_inv.lines.stderr.log
pta_inv,PTA,inv,lines,"[pta] UNHANDLED:   %2219 = landingpad { i8*, i32 }",/home/jimi/PaperExperiment/CompilerOptimization/Result/flatbuffers/dg/dg-LLVM14-O2-g/high_precision_20260326_164052/log/pta_inv.lines.stderr.log
pta_inv,PTA,inv,lines,"[pta] UNHANDLED:   %2221 = landingpad { i8*, i32 }",/home/jimi/PaperExperiment/CompilerOptimization/Result/flatbuffers/dg/dg-LLVM14-O2-g/high_precision_20260326_164052/log/pta_inv.lines.stderr.log
pta_inv,PTA,inv,lines,"[pta] UNHANDLED:   %659 = invoke noundef i8* @_ZNSt7__cxx1112basic_stringIcSt11char_traitsIcESaIcEE9_M_createERmm(%""class.std::__cxx11::basic_string""* noundef nonnull align 8 dereferenceable(32) %655, i64* noundef nonnull align 8 dereferenceable(8) %16, i64 noundef 0)",/home/jimi/PaperExperiment/CompilerOptimization/Result/flatbuffers/dg/dg-LLVM14-O2-g/high_precision_20260326_164052/log/pta_inv.lines.stderr.log
pta_inv,PTA,inv,lines,"[pta] UNHANDLED:   invoke void @_ZN11flatbuffers18NewGoCodeGeneratorEv(%""class.std::unique_ptr.151""* nonnull sret(%""class.std::unique_ptr.151"") align 8 %42)",/home/jimi/PaperExperiment/CompilerOptimization/Result/flatbuffers/dg/dg-LLVM14-O2-g/high_precision_20260326_164052/log/pta_inv.lines.stderr.log
pta_inv,PTA,inv,lines,"[pta] UNHANDLED:   %2267 = landingpad { i8*, i32 }",/home/jimi/PaperExperiment/CompilerOptimization/Result/flatbuffers/dg/dg-LLVM14-O2-g/high_precision_20260326_164052/log/pta_inv.lines.stderr.log
pta_inv,PTA,inv,lines,"[pta] UNHANDLED:   invoke void @_ZNSt12__shared_ptrIN11flatbuffers13CodeGeneratorELN9__gnu_cxx12_Lock_policyE2EEC2IS1_St14default_deleteIS1_EvEEOSt10unique_ptrIT_T0_E(%""class.std::__shared_ptr""* noundef nonnull align 8 dereferenceable(16) %669, %""class.std::unique_ptr.151""* noundef nonnull align 8 dereferenceable(8) %42)",/home/jimi/PaperExperiment/CompilerOptimization/Result/flatbuffers/dg/dg-LLVM14-O2-g/high_precision_20260326_164052/log/pta_inv.lines.stderr.log
pta_inv,PTA,inv,lines,"[pta] UNHANDLED:   %2251 = landingpad { i8*, i32 }",/home/jimi/PaperExperiment/CompilerOptimization/Result/flatbuffers/dg/dg-LLVM14-O2-g/high_precision_20260326_164052/log/pta_inv.lines.stderr.log
pta_inv,PTA,inv,lines,"[pta] UNHANDLED:   %671 = invoke noundef zeroext i1 bitcast (i1 (%""class.flatbuffers::FlatCompiler""*, %""struct.flatbuffers::FlatCOption""*, %""class.std::shared_ptr""*)* @_ZN11flatbuffers12FlatCompiler21RegisterCodeGeneratorERKNS_11FlatCOptionESt10shared_ptrINS_13CodeGeneratorEE to i1 (%""class.flatbuffers::FlatCompiler.2328""*, %""struct.flatbuffers::FlatCOption""*, %""class.std::shared_ptr""*)*)(%""class.flatbuffers::FlatCompiler.2328""* noundef nonnull align 8 dereferenceable(64) %24, %""struct.flatbuffers::FlatCOption""* noundef nonnull align 8 dereferenceable(128) %40, %""class.std::shared_ptr""* noundef nonnull %41)",/home/jimi/PaperExperiment/CompilerOptimization/Result/flatbuffers/dg/dg-LLVM14-O2-g/high_precision_20260326_164052/log/pta_inv.lines.stderr.log
pta_inv,PTA,inv,lines,"[pta] UNHANDLED:   %2253 = landingpad { i8*, i32 }",/home/jimi/PaperExperiment/CompilerOptimization/Result/flatbuffers/dg/dg-LLVM14-O2-g/high_precision_20260326_164052/log/pta_inv.lines.stderr.log
pta_inv,PTA,inv,lines,"[pta] UNHANDLED:   %2255 = landingpad { i8*, i32 }",/home/jimi/PaperExperiment/CompilerOptimization/Result/flatbuffers/dg/dg-LLVM14-O2-g/high_precision_20260326_164052/log/pta_inv.lines.stderr.log
pta_inv,PTA,inv,lines,"[pta] UNHANDLED:   %762 = invoke noundef i8* @_ZNSt7__cxx1112basic_stringIcSt11char_traitsIcESaIcEE9_M_createERmm(%""class.std::__cxx11::basic_string""* noundef nonnull align 8 dereferenceable(32) %758, i64* noundef nonnull align 8 dereferenceable(8) %15, i64 noundef 0)",/home/jimi/PaperExperiment/CompilerOptimization/Result/flatbuffers/dg/dg-LLVM14-O2-g/high_precision_20260326_164052/log/pta_inv.lines.stderr.log
pta_inv,PTA,inv,lines,"[pta] UNHANDLED:   invoke void @_ZN11flatbuffers20NewJavaCodeGeneratorEv(%""class.std::unique_ptr.151""* nonnull sret(%""class.std::unique_ptr.151"") align 8 %45)",/home/jimi/PaperExperiment/CompilerOptimization/Result/flatbuffers/dg/dg-LLVM14-O2-g/high_precision_20260326_164052/log/pta_inv.lines.stderr.log
pta_inv,PTA,inv,lines,"[pta] UNHANDLED:   %2301 = landingpad { i8*, i32 }",/home/jimi/PaperExperiment/CompilerOptimization/Result/flatbuffers/dg/dg-LLVM14-O2-g/high_precision_20260326_164052/log/pta_inv.lines.stderr.log
pta_inv,PTA,inv,lines,"[pta] UNHANDLED:   invoke void @_ZNSt12__shared_ptrIN11flatbuffers13CodeGeneratorELN9__gnu_cxx12_Lock_policyE2EEC2IS1_St14default_deleteIS1_EvEEOSt10unique_ptrIT_T0_E(%""class.std::__shared_ptr""* noundef nonnull align 8 dereferenceable(16) %772, %""class.std::unique_ptr.151""* noundef nonnull align 8 dereferenceable(8) %45)",/home/jimi/PaperExperiment/CompilerOptimization/Result/flatbuffers/dg/dg-LLVM14-O2-g/high_precision_20260326_164052/log/pta_inv.lines.stderr.log
pta_inv,PTA,inv,lines,"[pta] UNHANDLED:   %2285 = landingpad { i8*, i32 }",/home/jimi/PaperExperiment/CompilerOptimization/Result/flatbuffers/dg/dg-LLVM14-O2-g/high_precision_20260326_164052/log/pta_inv.lines.stderr.log
pta_inv,PTA,inv,lines,"[pta] UNHANDLED:   %774 = invoke noundef zeroext i1 bitcast (i1 (%""class.flatbuffers::FlatCompiler""*, %""struct.flatbuffers::FlatCOption""*, %""class.std::shared_ptr""*)* @_ZN11flatbuffers12FlatCompiler21RegisterCodeGeneratorERKNS_11FlatCOptionESt10shared_ptrINS_13CodeGeneratorEE to i1 (%""class.flatbuffers::FlatCompiler.2328""*, %""struct.flatbuffers::FlatCOption""*, %""class.std::shared_ptr""*)*)(%""class.flatbuffers::FlatCompiler.2328""* noundef nonnull align 8 dereferenceable(64) %24, %""struct.flatbuffers::FlatCOption""* noundef nonnull align 8 dereferenceable(128) %43, %""class.std::shared_ptr""* noundef nonnull %44)",/home/jimi/PaperExperiment/CompilerOptimization/Result/flatbuffers/dg/dg-LLVM14-O2-g/high_precision_20260326_164052/log/pta_inv.lines.stderr.log
pta_inv,PTA,inv,lines,"[pta] UNHANDLED:   %2287 = landingpad { i8*, i32 }",/home/jimi/PaperExperiment/CompilerOptimization/Result/flatbuffers/dg/dg-LLVM14-O2-g/high_precision_20260326_164052/log/pta_inv.lines.stderr.log
pta_inv,PTA,inv,lines,"[pta] UNHANDLED:   %2289 = landingpad { i8*, i32 }",/home/jimi/PaperExperiment/CompilerOptimization/Result/flatbuffers/dg/dg-LLVM14-O2-g/high_precision_20260326_164052/log/pta_inv.lines.stderr.log
pta_inv,PTA,inv,lines,"[pta] UNHANDLED:   %863 = invoke noundef i8* @_ZNSt7__cxx1112basic_stringIcSt11char_traitsIcESaIcEE9_M_createERmm(%""class.std::__cxx11::basic_string""* noundef nonnull align 8 dereferenceable(32) %859, i64* noundef nonnull align 8 dereferenceable(8) %14, i64 noundef 0)",/home/jimi/PaperExperiment/CompilerOptimization/Result/flatbuffers/dg/dg-LLVM14-O2-g/high_precision_20260326_164052/log/pta_inv.lines.stderr.log
pta_inv,PTA,inv,lines,"[pta] UNHANDLED:   invoke void @_ZN11flatbuffers26NewJsonSchemaCodeGeneratorEv(%""class.std::unique_ptr.151""* nonnull sret(%""class.std::unique_ptr.151"") align 8 %48)",/home/jimi/PaperExperiment/CompilerOptimization/Result/flatbuffers/dg/dg-LLVM14-O2-g/high_precision_20260326_164052/log/pta_inv.lines.stderr.log
pta_inv,PTA,inv,lines,"[pta] UNHANDLED:   %2335 = landingpad { i8*, i32 }",/home/jimi/PaperExperiment/CompilerOptimization/Result/flatbuffers/dg/dg-LLVM14-O2-g/high_precision_20260326_164052/log/pta_inv.lines.stderr.log
pta_inv,PTA,inv,lines,"[pta] UNHANDLED:   invoke void @_ZNSt12__shared_ptrIN11flatbuffers13CodeGeneratorELN9__gnu_cxx12_Lock_policyE2EEC2IS1_St14default_deleteIS1_EvEEOSt10unique_ptrIT_T0_E(%""class.std::__shared_ptr""* noundef nonnull align 8 dereferenceable(16) %873, %""class.std::unique_ptr.151""* noundef nonnull align 8 dereferenceable(8) %48)",/home/jimi/PaperExperiment/CompilerOptimization/Result/flatbuffers/dg/dg-LLVM14-O2-g/high_precision_20260326_164052/log/pta_inv.lines.stderr.log
pta_inv,PTA,inv,lines,"[pta] UNHANDLED:   %2319 = landingpad { i8*, i32 }",/home/jimi/PaperExperiment/CompilerOptimization/Result/flatbuffers/dg/dg-LLVM14-O2-g/high_precision_20260326_164052/log/pta_inv.lines.stderr.log
pta_inv,PTA,inv,lines,"[pta] UNHANDLED:   %875 = invoke noundef zeroext i1 bitcast (i1 (%""class.flatbuffers::FlatCompiler""*, %""struct.flatbuffers::FlatCOption""*, %""class.std::shared_ptr""*)* @_ZN11flatbuffers12FlatCompiler21RegisterCodeGeneratorERKNS_11FlatCOptionESt10shared_ptrINS_13CodeGeneratorEE to i1 (%""class.flatbuffers::FlatCompiler.2328""*, %""struct.flatbuffers::FlatCOption""*, %""class.std::shared_ptr""*)*)(%""class.flatbuffers::FlatCompiler.2328""* noundef nonnull align 8 dereferenceable(64) %24, %""struct.flatbuffers::FlatCOption""* noundef nonnull align 8 dereferenceable(128) %46, %""class.std::shared_ptr""* noundef nonnull %47)",/home/jimi/PaperExperiment/CompilerOptimization/Result/flatbuffers/dg/dg-LLVM14-O2-g/high_precision_20260326_164052/log/pta_inv.lines.stderr.log
pta_inv,PTA,inv,lines,"[pta] UNHANDLED:   %2321 = landingpad { i8*, i32 }",/home/jimi/PaperExperiment/CompilerOptimization/Result/flatbuffers/dg/dg-LLVM14-O2-g/high_precision_20260326_164052/log/pta_inv.lines.stderr.log
pta_inv,PTA,inv,lines,"[pta] UNHANDLED:   %2323 = landingpad { i8*, i32 }",/home/jimi/PaperExperiment/CompilerOptimization/Result/flatbuffers/dg/dg-LLVM14-O2-g/high_precision_20260326_164052/log/pta_inv.lines.stderr.log
pta_inv,PTA,inv,lines,"[pta] UNHANDLED:   %964 = invoke noundef i8* @_ZNSt7__cxx1112basic_stringIcSt11char_traitsIcESaIcEE9_M_createERmm(%""class.std::__cxx11::basic_string""* noundef nonnull align 8 dereferenceable(32) %960, i64* noundef nonnull align 8 dereferenceable(8) %13, i64 noundef 0)",/home/jimi/PaperExperiment/CompilerOptimization/Result/flatbuffers/dg/dg-LLVM14-O2-g/high_precision_20260326_164052/log/pta_inv.lines.stderr.log
pta_inv,PTA,inv,lines,"[pta] UNHANDLED:   invoke void @_ZN11flatbuffers22NewKotlinCodeGeneratorEv(%""class.std::unique_ptr.151""* nonnull sret(%""class.std::unique_ptr.151"") align 8 %51)",/home/jimi/PaperExperiment/CompilerOptimization/Result/flatbuffers/dg/dg-LLVM14-O2-g/high_precision_20260326_164052/log/pta_inv.lines.stderr.log
pta_inv,PTA,inv,lines,"[pta] UNHANDLED:   %2369 = landingpad { i8*, i32 }",/home/jimi/PaperExperiment/CompilerOptimization/Result/flatbuffers/dg/dg-LLVM14-O2-g/high_precision_20260326_164052/log/pta_inv.lines.stderr.log
pta_inv,PTA,inv,lines,"[pta] UNHANDLED:   invoke void @_ZNSt12__shared_ptrIN11flatbuffers13CodeGeneratorELN9__gnu_cxx12_Lock_policyE2EEC2IS1_St14default_deleteIS1_EvEEOSt10unique_ptrIT_T0_E(%""class.std::__shared_ptr""* noundef nonnull align 8 dereferenceable(16) %974, %""class.std::unique_ptr.151""* noundef nonnull align 8 dereferenceable(8) %51)",/home/jimi/PaperExperiment/CompilerOptimization/Result/flatbuffers/dg/dg-LLVM14-O2-g/high_precision_20260326_164052/log/pta_inv.lines.stderr.log
pta_inv,PTA,inv,lines,"[pta] UNHANDLED:   %2353 = landingpad { i8*, i32 }",/home/jimi/PaperExperiment/CompilerOptimization/Result/flatbuffers/dg/dg-LLVM14-O2-g/high_precision_20260326_164052/log/pta_inv.lines.stderr.log
pta_inv,PTA,inv,lines,"[pta] UNHANDLED:   %976 = invoke noundef zeroext i1 bitcast (i1 (%""class.flatbuffers::FlatCompiler""*, %""struct.flatbuffers::FlatCOption""*, %""class.std::shared_ptr""*)* @_ZN11flatbuffers12FlatCompiler21RegisterCodeGeneratorERKNS_11FlatCOptionESt10shared_ptrINS_13CodeGeneratorEE to i1 (%""class.flatbuffers::FlatCompiler.2328""*, %""struct.flatbuffers::FlatCOption""*, %""class.std::shared_ptr""*)*)(%""class.flatbuffers::FlatCompiler.2328""* noundef nonnull align 8 dereferenceable(64) %24, %""struct.flatbuffers::FlatCOption""* noundef nonnull align 8 dereferenceable(128) %49, %""class.std::shared_ptr""* noundef nonnull %50)",/home/jimi/PaperExperiment/CompilerOptimization/Result/flatbuffers/dg/dg-LLVM14-O2-g/high_precision_20260326_164052/log/pta_inv.lines.stderr.log
pta_inv,PTA,inv,lines,"[pta] UNHANDLED:   %2355 = landingpad { i8*, i32 }",/home/jimi/PaperExperiment/CompilerOptimization/Result/flatbuffers/dg/dg-LLVM14-O2-g/high_precision_20260326_164052/log/pta_inv.lines.stderr.log
pta_inv,PTA,inv,lines,"[pta] UNHANDLED:   %2357 = landingpad { i8*, i32 }",/home/jimi/PaperExperiment/CompilerOptimization/Result/flatbuffers/dg/dg-LLVM14-O2-g/high_precision_20260326_164052/log/pta_inv.lines.stderr.log
pta_inv,PTA,inv,lines,"[pta] UNHANDLED:   %1065 = invoke noundef i8* @_ZNSt7__cxx1112basic_stringIcSt11char_traitsIcESaIcEE9_M_createERmm(%""class.std::__cxx11::basic_string""* noundef nonnull align 8 dereferenceable(32) %1061, i64* noundef nonnull align 8 dereferenceable(8) %12, i64 noundef 0)",/home/jimi/PaperExperiment/CompilerOptimization/Result/flatbuffers/dg/dg-LLVM14-O2-g/high_precision_20260326_164052/log/pta_inv.lines.stderr.log
pta_inv,PTA,inv,lines,"[pta] UNHANDLED:   invoke void @_ZN11flatbuffers25NewKotlinKMPCodeGeneratorEv(%""class.std::unique_ptr.151""* nonnull sret(%""class.std::unique_ptr.151"") align 8 %54)",/home/jimi/PaperExperiment/CompilerOptimization/Result/flatbuffers/dg/dg-LLVM14-O2-g/high_precision_20260326_164052/log/pta_inv.lines.stderr.log
pta_inv,PTA,inv,lines,"[pta] UNHANDLED:   %2403 = landingpad { i8*, i32 }",/home/jimi/PaperExperiment/CompilerOptimization/Result/flatbuffers/dg/dg-LLVM14-O2-g/high_precision_20260326_164052/log/pta_inv.lines.stderr.log
pta_inv,PTA,inv,lines,"[pta] UNHANDLED:   invoke void @_ZNSt12__shared_ptrIN11flatbuffers13CodeGeneratorELN9__gnu_cxx12_Lock_policyE2EEC2IS1_St14default_deleteIS1_EvEEOSt10unique_ptrIT_T0_E(%""class.std::__shared_ptr""* noundef nonnull align 8 dereferenceable(16) %1075, %""class.std::unique_ptr.151""* noundef nonnull align 8 dereferenceable(8) %54)",/home/jimi/PaperExperiment/CompilerOptimization/Result/flatbuffers/dg/dg-LLVM14-O2-g/high_precision_20260326_164052/log/pta_inv.lines.stderr.log
pta_inv,PTA,inv,lines,"[pta] UNHANDLED:   %2387 = landingpad { i8*, i32 }",/home/jimi/PaperExperiment/CompilerOptimization/Result/flatbuffers/dg/dg-LLVM14-O2-g/high_precision_20260326_164052/log/pta_inv.lines.stderr.log
pta_inv,PTA,inv,lines,"[pta] UNHANDLED:   %1077 = invoke noundef zeroext i1 bitcast (i1 (%""class.flatbuffers::FlatCompiler""*, %""struct.flatbuffers::FlatCOption""*, %""class.std::shared_ptr""*)* @_ZN11flatbuffers12FlatCompiler21RegisterCodeGeneratorERKNS_11FlatCOptionESt10shared_ptrINS_13CodeGeneratorEE to i1 (%""class.flatbuffers::FlatCompiler.2328""*, %""struct.flatbuffers::FlatCOption""*, %""class.std::shared_ptr""*)*)(%""class.flatbuffers::FlatCompiler.2328""* noundef nonnull align 8 dereferenceable(64) %24, %""struct.flatbuffers::FlatCOption""* noundef nonnull align 8 dereferenceable(128) %52, %""class.std::shared_ptr""* noundef nonnull %53)",/home/jimi/PaperExperiment/CompilerOptimization/Result/flatbuffers/dg/dg-LLVM14-O2-g/high_precision_20260326_164052/log/pta_inv.lines.stderr.log
pta_inv,PTA,inv,lines,"[pta] UNHANDLED:   %2389 = landingpad { i8*, i32 }",/home/jimi/PaperExperiment/CompilerOptimization/Result/flatbuffers/dg/dg-LLVM14-O2-g/high_precision_20260326_164052/log/pta_inv.lines.stderr.log
pta_inv,PTA,inv,lines,"[pta] UNHANDLED:   %2391 = landingpad { i8*, i32 }",/home/jimi/PaperExperiment/CompilerOptimization/Result/flatbuffers/dg/dg-LLVM14-O2-g/high_precision_20260326_164052/log/pta_inv.lines.stderr.log
pta_inv,PTA,inv,lines,"[pta] UNHANDLED:   %1166 = invoke noundef i8* @_ZNSt7__cxx1112basic_stringIcSt11char_traitsIcESaIcEE9_M_createERmm(%""class.std::__cxx11::basic_string""* noundef nonnull align 8 dereferenceable(32) %1162, i64* noundef nonnull align 8 dereferenceable(8) %11, i64 noundef 0)",/home/jimi/PaperExperiment/CompilerOptimization/Result/flatbuffers/dg/dg-LLVM14-O2-g/high_precision_20260326_164052/log/pta_inv.lines.stderr.log
pta_inv,PTA,inv,lines,"[pta] UNHANDLED:   invoke void @_ZN11flatbuffers23NewLobsterCodeGeneratorEv(%""class.std::unique_ptr.151""* nonnull sret(%""class.std::unique_ptr.151"") align 8 %57)",/home/jimi/PaperExperiment/CompilerOptimization/Result/flatbuffers/dg/dg-LLVM14-O2-g/high_precision_20260326_164052/log/pta_inv.lines.stderr.log
pta_inv,PTA,inv,lines,"[pta] UNHANDLED:   %2437 = landingpad { i8*, i32 }",/home/jimi/PaperExperiment/CompilerOptimization/Result/flatbuffers/dg/dg-LLVM14-O2-g/high_precision_20260326_164052/log/pta_inv.lines.stderr.log
pta_inv,PTA,inv,lines,"[pta] UNHANDLED:   invoke void @_ZNSt12__shared_ptrIN11flatbuffers13CodeGeneratorELN9__gnu_cxx12_Lock_policyE2EEC2IS1_St14default_deleteIS1_EvEEOSt10unique_ptrIT_T0_E(%""class.std::__shared_ptr""* noundef nonnull align 8 dereferenceable(16) %1176, %""class.std::unique_ptr.151""* noundef nonnull align 8 dereferenceable(8) %57)",/home/jimi/PaperExperiment/CompilerOptimization/Result/flatbuffers/dg/dg-LLVM14-O2-g/high_precision_20260326_164052/log/pta_inv.lines.stderr.log
pta_inv,PTA,inv,lines,"[pta] UNHANDLED:   %2421 = landingpad { i8*, i32 }",/home/jimi/PaperExperiment/CompilerOptimization/Result/flatbuffers/dg/dg-LLVM14-O2-g/high_precision_20260326_164052/log/pta_inv.lines.stderr.log
pta_inv,PTA,inv,lines,"[pta] UNHANDLED:   %1178 = invoke noundef zeroext i1 bitcast (i1 (%""class.flatbuffers::FlatCompiler""*, %""struct.flatbuffers::FlatCOption""*, %""class.std::shared_ptr""*)* @_ZN11flatbuffers12FlatCompiler21RegisterCodeGeneratorERKNS_11FlatCOptionESt10shared_ptrINS_13CodeGeneratorEE to i1 (%""class.flatbuffers::FlatCompiler.2328""*, %""struct.flatbuffers::FlatCOption""*, %""class.std::shared_ptr""*)*)(%""class.flatbuffers::FlatCompiler.2328""* noundef nonnull align 8 dereferenceable(64) %24, %""struct.flatbuffers::FlatCOption""* noundef nonnull align 8 dereferenceable(128) %55, %""class.std::shared_ptr""* noundef nonnull %56)",/home/jimi/PaperExperiment/CompilerOptimization/Result/flatbuffers/dg/dg-LLVM14-O2-g/high_precision_20260326_164052/log/pta_inv.lines.stderr.log
pta_inv,PTA,inv,lines,"[pta] UNHANDLED:   %2423 = landingpad { i8*, i32 }",/home/jimi/PaperExperiment/CompilerOptimization/Result/flatbuffers/dg/dg-LLVM14-O2-g/high_precision_20260326_164052/log/pta_inv.lines.stderr.log
pta_inv,PTA,inv,lines,"[pta] UNHANDLED:   %2425 = landingpad { i8*, i32 }",/home/jimi/PaperExperiment/CompilerOptimization/Result/flatbuffers/dg/dg-LLVM14-O2-g/high_precision_20260326_164052/log/pta_inv.lines.stderr.log
pta_inv,PTA,inv,lines,"[pta] UNHANDLED:   %1268 = invoke noundef i8* @_ZNSt7__cxx1112basic_stringIcSt11char_traitsIcESaIcEE9_M_createERmm(%""class.std::__cxx11::basic_string""* noundef nonnull align 8 dereferenceable(32) %1264, i64* noundef nonnull align 8 dereferenceable(8) %10, i64 noundef 0)",/home/jimi/PaperExperiment/CompilerOptimization/Result/flatbuffers/dg/dg-LLVM14-O2-g/high_precision_20260326_164052/log/pta_inv.lines.stderr.log
pta_inv,PTA,inv,lines,"[pta] UNHANDLED:   invoke void @_ZN11flatbuffers19NewLuaBfbsGeneratorERKNSt7__cxx1112basic_stringIcSt11char_traitsIcESaIcEEE(%""class.std::unique_ptr.151""* nonnull sret(%""class.std::unique_ptr.151"") align 8 %60, %""class.std::__cxx11::basic_string""* noundef nonnull align 8 dereferenceable(32) %23)",/home/jimi/PaperExperiment/CompilerOptimization/Result/flatbuffers/dg/dg-LLVM14-O2-g/high_precision_20260326_164052/log/pta_inv.lines.stderr.log
pta_inv,PTA,inv,lines,"[pta] UNHANDLED:   %2471 = landingpad { i8*, i32 }",/home/jimi/PaperExperiment/CompilerOptimization/Result/flatbuffers/dg/dg-LLVM14-O2-g/high_precision_20260326_164052/log/pta_inv.lines.stderr.log
pta_inv,PTA,inv,lines,"[pta] UNHANDLED:   invoke void @_ZNSt12__shared_ptrIN11flatbuffers13CodeGeneratorELN9__gnu_cxx12_Lock_policyE2EEC2IS1_St14default_deleteIS1_EvEEOSt10unique_ptrIT_T0_E(%""class.std::__shared_ptr""* noundef nonnull align 8 dereferenceable(16) %1278, %""class.std::unique_ptr.151""* noundef nonnull align 8 dereferenceable(8) %60)",/home/jimi/PaperExperiment/CompilerOptimization/Result/flatbuffers/dg/dg-LLVM14-O2-g/high_precision_20260326_164052/log/pta_inv.lines.stderr.log
pta_inv,PTA,inv,lines,"[pta] UNHANDLED:   %2455 = landingpad { i8*, i32 }",/home/jimi/PaperExperiment/CompilerOptimization/Result/flatbuffers/dg/dg-LLVM14-O2-g/high_precision_20260326_164052/log/pta_inv.lines.stderr.log
pta_inv,PTA,inv,lines,"[pta] UNHANDLED:   %1280 = invoke noundef zeroext i1 bitcast (i1 (%""class.flatbuffers::FlatCompiler""*, %""struct.flatbuffers::FlatCOption""*, %""class.std::shared_ptr""*)* @_ZN11flatbuffers12FlatCompiler21RegisterCodeGeneratorERKNS_11FlatCOptionESt10shared_ptrINS_13CodeGeneratorEE to i1 (%""class.flatbuffers::FlatCompiler.2328""*, %""struct.flatbuffers::FlatCOption""*, %""class.std::shared_ptr""*)*)(%""class.flatbuffers::FlatCompiler.2328""* noundef nonnull align 8 dereferenceable(64) %24, %""struct.flatbuffers::FlatCOption""* noundef nonnull align 8 dereferenceable(128) %58, %""class.std::shared_ptr""* noundef nonnull %59)",/home/jimi/PaperExperiment/CompilerOptimization/Result/flatbuffers/dg/dg-LLVM14-O2-g/high_precision_20260326_164052/log/pta_inv.lines.stderr.log
pta_inv,PTA,inv,lines,"[pta] UNHANDLED:   %2457 = landingpad { i8*, i32 }",/home/jimi/PaperExperiment/CompilerOptimization/Result/flatbuffers/dg/dg-LLVM14-O2-g/high_precision_20260326_164052/log/pta_inv.lines.stderr.log
pta_inv,PTA,inv,lines,"[pta] UNHANDLED:   %2459 = landingpad { i8*, i32 }",/home/jimi/PaperExperiment/CompilerOptimization/Result/flatbuffers/dg/dg-LLVM14-O2-g/high_precision_20260326_164052/log/pta_inv.lines.stderr.log
pta_inv,PTA,inv,lines,"[pta] UNHANDLED:   %1369 = invoke noundef i8* @_ZNSt7__cxx1112basic_stringIcSt11char_traitsIcESaIcEE9_M_createERmm(%""class.std::__cxx11::basic_string""* noundef nonnull align 8 dereferenceable(32) %1365, i64* noundef nonnull align 8 dereferenceable(8) %9, i64 noundef 0)",/home/jimi/PaperExperiment/CompilerOptimization/Result/flatbuffers/dg/dg-LLVM14-O2-g/high_precision_20260326_164052/log/pta_inv.lines.stderr.log
pta_inv,PTA,inv,lines,"[pta] UNHANDLED:   invoke void @_ZN11flatbuffers19NewNimBfbsGeneratorERKNSt7__cxx1112basic_stringIcSt11char_traitsIcESaIcEEE(%""class.std::unique_ptr.151""* nonnull sret(%""class.std::unique_ptr.151"") align 8 %63, %""class.std::__cxx11::basic_string""* noundef nonnull align 8 dereferenceable(32) %23)",/home/jimi/PaperExperiment/CompilerOptimization/Result/flatbuffers/dg/dg-LLVM14-O2-g/high_precision_20260326_164052/log/pta_inv.lines.stderr.log
pta_inv,PTA,inv,lines,"[pta] UNHANDLED:   %2505 = landingpad { i8*, i32 }",/home/jimi/PaperExperiment/CompilerOptimization/Result/flatbuffers/dg/dg-LLVM14-O2-g/high_precision_20260326_164052/log/pta_inv.lines.stderr.log
pta_inv,PTA,inv,lines,"[pta] UNHANDLED:   invoke void @_ZNSt12__shared_ptrIN11flatbuffers13CodeGeneratorELN9__gnu_cxx12_Lock_policyE2EEC2IS1_St14default_deleteIS1_EvEEOSt10unique_ptrIT_T0_E(%""class.std::__shared_ptr""* noundef nonnull align 8 dereferenceable(16) %1379, %""class.std::unique_ptr.151""* noundef nonnull align 8 dereferenceable(8) %63)",/home/jimi/PaperExperiment/CompilerOptimization/Result/flatbuffers/dg/dg-LLVM14-O2-g/high_precision_20260326_164052/log/pta_inv.lines.stderr.log
pta_inv,PTA,inv,lines,"[pta] UNHANDLED:   %2489 = landingpad { i8*, i32 }",/home/jimi/PaperExperiment/CompilerOptimization/Result/flatbuffers/dg/dg-LLVM14-O2-g/high_precision_20260326_164052/log/pta_inv.lines.stderr.log
pta_inv,PTA,inv,lines,"[pta] UNHANDLED:   %1381 = invoke noundef zeroext i1 bitcast (i1 (%""class.flatbuffers::FlatCompiler""*, %""struct.flatbuffers::FlatCOption""*, %""class.std::shared_ptr""*)* @_ZN11flatbuffers12FlatCompiler21RegisterCodeGeneratorERKNS_11FlatCOptionESt10shared_ptrINS_13CodeGeneratorEE to i1 (%""class.flatbuffers::FlatCompiler.2328""*, %""struct.flatbuffers::FlatCOption""*, %""class.std::shared_ptr""*)*)(%""class.flatbuffers::FlatCompiler.2328""* noundef nonnull align 8 dereferenceable(64) %24, %""struct.flatbuffers::FlatCOption""* noundef nonnull align 8 dereferenceable(128) %61, %""class.std::shared_ptr""* noundef nonnull %62)",/home/jimi/PaperExperiment/CompilerOptimization/Result/flatbuffers/dg/dg-LLVM14-O2-g/high_precision_20260326_164052/log/pta_inv.lines.stderr.log
pta_inv,PTA,inv,lines,"[pta] UNHANDLED:   %2491 = landingpad { i8*, i32 }",/home/jimi/PaperExperiment/CompilerOptimization/Result/flatbuffers/dg/dg-LLVM14-O2-g/high_precision_20260326_164052/log/pta_inv.lines.stderr.log
pta_inv,PTA,inv,lines,"[pta] UNHANDLED:   %2493 = landingpad { i8*, i32 }",/home/jimi/PaperExperiment/CompilerOptimization/Result/flatbuffers/dg/dg-LLVM14-O2-g/high_precision_20260326_164052/log/pta_inv.lines.stderr.log
pta_inv,PTA,inv,lines,"[pta] UNHANDLED:   %1471 = invoke noundef i8* @_ZNSt7__cxx1112basic_stringIcSt11char_traitsIcESaIcEE9_M_createERmm(%""class.std::__cxx11::basic_string""* noundef nonnull align 8 dereferenceable(32) %1467, i64* noundef nonnull align 8 dereferenceable(8) %8, i64 noundef 0)",/home/jimi/PaperExperiment/CompilerOptimization/Result/flatbuffers/dg/dg-LLVM14-O2-g/high_precision_20260326_164052/log/pta_inv.lines.stderr.log
pta_inv,PTA,inv,lines,"[pta] UNHANDLED:   invoke void @_ZN11flatbuffers22NewPythonCodeGeneratorEv(%""class.std::unique_ptr.151""* nonnull sret(%""class.std::unique_ptr.151"") align 8 %66)",/home/jimi/PaperExperiment/CompilerOptimization/Result/flatbuffers/dg/dg-LLVM14-O2-g/high_precision_20260326_164052/log/pta_inv.lines.stderr.log
pta_inv,PTA,inv,lines,"[pta] UNHANDLED:   %2539 = landingpad { i8*, i32 }",/home/jimi/PaperExperiment/CompilerOptimization/Result/flatbuffers/dg/dg-LLVM14-O2-g/high_precision_20260326_164052/log/pta_inv.lines.stderr.log
pta_inv,PTA,inv,lines,"[pta] UNHANDLED:   invoke void @_ZNSt12__shared_ptrIN11flatbuffers13CodeGeneratorELN9__gnu_cxx12_Lock_policyE2EEC2IS1_St14default_deleteIS1_EvEEOSt10unique_ptrIT_T0_E(%""class.std::__shared_ptr""* noundef nonnull align 8 dereferenceable(16) %1481, %""class.std::unique_ptr.151""* noundef nonnull align 8 dereferenceable(8) %66)",/home/jimi/PaperExperiment/CompilerOptimization/Result/flatbuffers/dg/dg-LLVM14-O2-g/high_precision_20260326_164052/log/pta_inv.lines.stderr.log
pta_inv,PTA,inv,lines,"[pta] UNHANDLED:   %2523 = landingpad { i8*, i32 }",/home/jimi/PaperExperiment/CompilerOptimization/Result/flatbuffers/dg/dg-LLVM14-O2-g/high_precision_20260326_164052/log/pta_inv.lines.stderr.log
pta_inv,PTA,inv,lines,"[pta] UNHANDLED:   %1483 = invoke noundef zeroext i1 bitcast (i1 (%""class.flatbuffers::FlatCompiler""*, %""struct.flatbuffers::FlatCOption""*, %""class.std::shared_ptr""*)* @_ZN11flatbuffers12FlatCompiler21RegisterCodeGeneratorERKNS_11FlatCOptionESt10shared_ptrINS_13CodeGeneratorEE to i1 (%""class.flatbuffers::FlatCompiler.2328""*, %""struct.flatbuffers::FlatCOption""*, %""class.std::shared_ptr""*)*)(%""class.flatbuffers::FlatCompiler.2328""* noundef nonnull align 8 dereferenceable(64) %24, %""struct.flatbuffers::FlatCOption""* noundef nonnull align 8 dereferenceable(128) %64, %""class.std::shared_ptr""* noundef nonnull %65)",/home/jimi/PaperExperiment/CompilerOptimization/Result/flatbuffers/dg/dg-LLVM14-O2-g/high_precision_20260326_164052/log/pta_inv.lines.stderr.log
pta_inv,PTA,inv,lines,"[pta] UNHANDLED:   %2525 = landingpad { i8*, i32 }",/home/jimi/PaperExperiment/CompilerOptimization/Result/flatbuffers/dg/dg-LLVM14-O2-g/high_precision_20260326_164052/log/pta_inv.lines.stderr.log
pta_inv,PTA,inv,lines,"[pta] UNHANDLED:   %2527 = landingpad { i8*, i32 }",/home/jimi/PaperExperiment/CompilerOptimization/Result/flatbuffers/dg/dg-LLVM14-O2-g/high_precision_20260326_164052/log/pta_inv.lines.stderr.log
pta_inv,PTA,inv,lines,"[pta] UNHANDLED:   %1572 = invoke noundef i8* @_ZNSt7__cxx1112basic_stringIcSt11char_traitsIcESaIcEE9_M_createERmm(%""class.std::__cxx11::basic_string""* noundef nonnull align 8 dereferenceable(32) %1568, i64* noundef nonnull align 8 dereferenceable(8) %7, i64 noundef 0)",/home/jimi/PaperExperiment/CompilerOptimization/Result/flatbuffers/dg/dg-LLVM14-O2-g/high_precision_20260326_164052/log/pta_inv.lines.stderr.log
pta_inv,PTA,inv,lines,"[pta] UNHANDLED:   invoke void @_ZN11flatbuffers19NewPhpCodeGeneratorEv(%""class.std::unique_ptr.151""* nonnull sret(%""class.std::unique_ptr.151"") align 8 %69)",/home/jimi/PaperExperiment/CompilerOptimization/Result/flatbuffers/dg/dg-LLVM14-O2-g/high_precision_20260326_164052/log/pta_inv.lines.stderr.log
pta_inv,PTA,inv,lines,"[pta] UNHANDLED:   %2573 = landingpad { i8*, i32 }",/home/jimi/PaperExperiment/CompilerOptimization/Result/flatbuffers/dg/dg-LLVM14-O2-g/high_precision_20260326_164052/log/pta_inv.lines.stderr.log
pta_inv,PTA,inv,lines,"[pta] UNHANDLED:   invoke void @_ZNSt12__shared_ptrIN11flatbuffers13CodeGeneratorELN9__gnu_cxx12_Lock_policyE2EEC2IS1_St14default_deleteIS1_EvEEOSt10unique_ptrIT_T0_E(%""class.std::__shared_ptr""* noundef nonnull align 8 dereferenceable(16) %1582, %""class.std::unique_ptr.151""* noundef nonnull align 8 dereferenceable(8) %69)",/home/jimi/PaperExperiment/CompilerOptimization/Result/flatbuffers/dg/dg-LLVM14-O2-g/high_precision_20260326_164052/log/pta_inv.lines.stderr.log
pta_inv,PTA,inv,lines,"[pta] UNHANDLED:   %2557 = landingpad { i8*, i32 }",/home/jimi/PaperExperiment/CompilerOptimization/Result/flatbuffers/dg/dg-LLVM14-O2-g/high_precision_20260326_164052/log/pta_inv.lines.stderr.log
pta_inv,PTA,inv,lines,"[pta] UNHANDLED:   %1584 = invoke noundef zeroext i1 bitcast (i1 (%""class.flatbuffers::FlatCompiler""*, %""struct.flatbuffers::FlatCOption""*, %""class.std::shared_ptr""*)* @_ZN11flatbuffers12FlatCompiler21RegisterCodeGeneratorERKNS_11FlatCOptionESt10shared_ptrINS_13CodeGeneratorEE to i1 (%""class.flatbuffers::FlatCompiler.2328""*, %""struct.flatbuffers::FlatCOption""*, %""class.std::shared_ptr""*)*)(%""class.flatbuffers::FlatCompiler.2328""* noundef nonnull align 8 dereferenceable(64) %24, %""struct.flatbuffers::FlatCOption""* noundef nonnull align 8 dereferenceable(128) %67, %""class.std::shared_ptr""* noundef nonnull %68)",/home/jimi/PaperExperiment/CompilerOptimization/Result/flatbuffers/dg/dg-LLVM14-O2-g/high_precision_20260326_164052/log/pta_inv.lines.stderr.log
pta_inv,PTA,inv,lines,"[pta] UNHANDLED:   %2559 = landingpad { i8*, i32 }",/home/jimi/PaperExperiment/CompilerOptimization/Result/flatbuffers/dg/dg-LLVM14-O2-g/high_precision_20260326_164052/log/pta_inv.lines.stderr.log
pta_inv,PTA,inv,lines,"[pta] UNHANDLED:   %2561 = landingpad { i8*, i32 }",/home/jimi/PaperExperiment/CompilerOptimization/Result/flatbuffers/dg/dg-LLVM14-O2-g/high_precision_20260326_164052/log/pta_inv.lines.stderr.log
pta_inv,PTA,inv,lines,"[pta] UNHANDLED:   %1675 = invoke noundef i8* @_ZNSt7__cxx1112basic_stringIcSt11char_traitsIcESaIcEE9_M_createERmm(%""class.std::__cxx11::basic_string""* noundef nonnull align 8 dereferenceable(32) %1671, i64* noundef nonnull align 8 dereferenceable(8) %6, i64 noundef 0)",/home/jimi/PaperExperiment/CompilerOptimization/Result/flatbuffers/dg/dg-LLVM14-O2-g/high_precision_20260326_164052/log/pta_inv.lines.stderr.log
pta_inv,PTA,inv,lines,"[pta] UNHANDLED:   invoke void @_ZN11flatbuffers20NewRustCodeGeneratorEv(%""class.std::unique_ptr.151""* nonnull sret(%""class.std::unique_ptr.151"") align 8 %72)",/home/jimi/PaperExperiment/CompilerOptimization/Result/flatbuffers/dg/dg-LLVM14-O2-g/high_precision_20260326_164052/log/pta_inv.lines.stderr.log
pta_inv,PTA,inv,lines,"[pta] UNHANDLED:   %2607 = landingpad { i8*, i32 }",/home/jimi/PaperExperiment/CompilerOptimization/Result/flatbuffers/dg/dg-LLVM14-O2-g/high_precision_20260326_164052/log/pta_inv.lines.stderr.log
pta_inv,PTA,inv,lines,"[pta] UNHANDLED:   invoke void @_ZNSt12__shared_ptrIN11flatbuffers13CodeGeneratorELN9__gnu_cxx12_Lock_policyE2EEC2IS1_St14default_deleteIS1_EvEEOSt10unique_ptrIT_T0_E(%""class.std::__shared_ptr""* noundef nonnull align 8 dereferenceable(16) %1685, %""class.std::unique_ptr.151""* noundef nonnull align 8 dereferenceable(8) %72)",/home/jimi/PaperExperiment/CompilerOptimization/Result/flatbuffers/dg/dg-LLVM14-O2-g/high_precision_20260326_164052/log/pta_inv.lines.stderr.log
pta_inv,PTA,inv,lines,"[pta] UNHANDLED:   %2591 = landingpad { i8*, i32 }",/home/jimi/PaperExperiment/CompilerOptimization/Result/flatbuffers/dg/dg-LLVM14-O2-g/high_precision_20260326_164052/log/pta_inv.lines.stderr.log
pta_inv,PTA,inv,lines,"[pta] UNHANDLED:   %1687 = invoke noundef zeroext i1 bitcast (i1 (%""class.flatbuffers::FlatCompiler""*, %""struct.flatbuffers::FlatCOption""*, %""class.std::shared_ptr""*)* @_ZN11flatbuffers12FlatCompiler21RegisterCodeGeneratorERKNS_11FlatCOptionESt10shared_ptrINS_13CodeGeneratorEE to i1 (%""class.flatbuffers::FlatCompiler.2328""*, %""struct.flatbuffers::FlatCOption""*, %""class.std::shared_ptr""*)*)(%""class.flatbuffers::FlatCompiler.2328""* noundef nonnull align 8 dereferenceable(64) %24, %""struct.flatbuffers::FlatCOption""* noundef nonnull align 8 dereferenceable(128) %70, %""class.std::shared_ptr""* noundef nonnull %71)",/home/jimi/PaperExperiment/CompilerOptimization/Result/flatbuffers/dg/dg-LLVM14-O2-g/high_precision_20260326_164052/log/pta_inv.lines.stderr.log
pta_inv,PTA,inv,lines,"[pta] UNHANDLED:   %2593 = landingpad { i8*, i32 }",/home/jimi/PaperExperiment/CompilerOptimization/Result/flatbuffers/dg/dg-LLVM14-O2-g/high_precision_20260326_164052/log/pta_inv.lines.stderr.log
pta_inv,PTA,inv,lines,"[pta] UNHANDLED:   %2595 = landingpad { i8*, i32 }",/home/jimi/PaperExperiment/CompilerOptimization/Result/flatbuffers/dg/dg-LLVM14-O2-g/high_precision_20260326_164052/log/pta_inv.lines.stderr.log
pta_inv,PTA,inv,lines,"[pta] UNHANDLED:   %1778 = invoke noundef i8* @_ZNSt7__cxx1112basic_stringIcSt11char_traitsIcESaIcEE9_M_createERmm(%""class.std::__cxx11::basic_string""* noundef nonnull align 8 dereferenceable(32) %1774, i64* noundef nonnull align 8 dereferenceable(8) %5, i64 noundef 0)",/home/jimi/PaperExperiment/CompilerOptimization/Result/flatbuffers/dg/dg-LLVM14-O2-g/high_precision_20260326_164052/log/pta_inv.lines.stderr.log
pta_inv,PTA,inv,lines,"[pta] UNHANDLED:   invoke void @_ZN11flatbuffers20NewTextCodeGeneratorEv(%""class.std::unique_ptr.151""* nonnull sret(%""class.std::unique_ptr.151"") align 8 %75)",/home/jimi/PaperExperiment/CompilerOptimization/Result/flatbuffers/dg/dg-LLVM14-O2-g/high_precision_20260326_164052/log/pta_inv.lines.stderr.log
pta_inv,PTA,inv,lines,"[pta] UNHANDLED:   %2641 = landingpad { i8*, i32 }",/home/jimi/PaperExperiment/CompilerOptimization/Result/flatbuffers/dg/dg-LLVM14-O2-g/high_precision_20260326_164052/log/pta_inv.lines.stderr.log
pta_inv,PTA,inv,lines,"[pta] UNHANDLED:   invoke void @_ZNSt12__shared_ptrIN11flatbuffers13CodeGeneratorELN9__gnu_cxx12_Lock_policyE2EEC2IS1_St14default_deleteIS1_EvEEOSt10unique_ptrIT_T0_E(%""class.std::__shared_ptr""* noundef nonnull align 8 dereferenceable(16) %1788, %""class.std::unique_ptr.151""* noundef nonnull align 8 dereferenceable(8) %75)",/home/jimi/PaperExperiment/CompilerOptimization/Result/flatbuffers/dg/dg-LLVM14-O2-g/high_precision_20260326_164052/log/pta_inv.lines.stderr.log
pta_inv,PTA,inv,lines,"[pta] UNHANDLED:   %2625 = landingpad { i8*, i32 }",/home/jimi/PaperExperiment/CompilerOptimization/Result/flatbuffers/dg/dg-LLVM14-O2-g/high_precision_20260326_164052/log/pta_inv.lines.stderr.log
pta_inv,PTA,inv,lines,"[pta] UNHANDLED:   %1790 = invoke noundef zeroext i1 bitcast (i1 (%""class.flatbuffers::FlatCompiler""*, %""struct.flatbuffers::FlatCOption""*, %""class.std::shared_ptr""*)* @_ZN11flatbuffers12FlatCompiler21RegisterCodeGeneratorERKNS_11FlatCOptionESt10shared_ptrINS_13CodeGeneratorEE to i1 (%""class.flatbuffers::FlatCompiler.2328""*, %""struct.flatbuffers::FlatCOption""*, %""class.std::shared_ptr""*)*)(%""class.flatbuffers::FlatCompiler.2328""* noundef nonnull align 8 dereferenceable(64) %24, %""struct.flatbuffers::FlatCOption""* noundef nonnull align 8 dereferenceable(128) %73, %""class.std::shared_ptr""* noundef nonnull %74)",/home/jimi/PaperExperiment/CompilerOptimization/Result/flatbuffers/dg/dg-LLVM14-O2-g/high_precision_20260326_164052/log/pta_inv.lines.stderr.log
pta_inv,PTA,inv,lines,"[pta] UNHANDLED:   %2627 = landingpad { i8*, i32 }",/home/jimi/PaperExperiment/CompilerOptimization/Result/flatbuffers/dg/dg-LLVM14-O2-g/high_precision_20260326_164052/log/pta_inv.lines.stderr.log
pta_inv,PTA,inv,lines,"[pta] UNHANDLED:   %2629 = landingpad { i8*, i32 }",/home/jimi/PaperExperiment/CompilerOptimization/Result/flatbuffers/dg/dg-LLVM14-O2-g/high_precision_20260326_164052/log/pta_inv.lines.stderr.log
pta_inv,PTA,inv,lines,"[pta] UNHANDLED:   %1879 = invoke noundef i8* @_ZNSt7__cxx1112basic_stringIcSt11char_traitsIcESaIcEE9_M_createERmm(%""class.std::__cxx11::basic_string""* noundef nonnull align 8 dereferenceable(32) %1875, i64* noundef nonnull align 8 dereferenceable(8) %4, i64 noundef 0)",/home/jimi/PaperExperiment/CompilerOptimization/Result/flatbuffers/dg/dg-LLVM14-O2-g/high_precision_20260326_164052/log/pta_inv.lines.stderr.log
pta_inv,PTA,inv,lines,"[pta] UNHANDLED:   invoke void @_ZN11flatbuffers21NewSwiftCodeGeneratorEv(%""class.std::unique_ptr.151""* nonnull sret(%""class.std::unique_ptr.151"") align 8 %78)",/home/jimi/PaperExperiment/CompilerOptimization/Result/flatbuffers/dg/dg-LLVM14-O2-g/high_precision_20260326_164052/log/pta_inv.lines.stderr.log
pta_inv,PTA,inv,lines,"[pta] UNHANDLED:   %2675 = landingpad { i8*, i32 }",/home/jimi/PaperExperiment/CompilerOptimization/Result/flatbuffers/dg/dg-LLVM14-O2-g/high_precision_20260326_164052/log/pta_inv.lines.stderr.log
pta_inv,PTA,inv,lines,"[pta] UNHANDLED:   invoke void @_ZNSt12__shared_ptrIN11flatbuffers13CodeGeneratorELN9__gnu_cxx12_Lock_policyE2EEC2IS1_St14default_deleteIS1_EvEEOSt10unique_ptrIT_T0_E(%""class.std::__shared_ptr""* noundef nonnull align 8 dereferenceable(16) %1889, %""class.std::unique_ptr.151""* noundef nonnull align 8 dereferenceable(8) %78)",/home/jimi/PaperExperiment/CompilerOptimization/Result/flatbuffers/dg/dg-LLVM14-O2-g/high_precision_20260326_164052/log/pta_inv.lines.stderr.log
pta_inv,PTA,inv,lines,"[pta] UNHANDLED:   %2659 = landingpad { i8*, i32 }",/home/jimi/PaperExperiment/CompilerOptimization/Result/flatbuffers/dg/dg-LLVM14-O2-g/high_precision_20260326_164052/log/pta_inv.lines.stderr.log
pta_inv,PTA,inv,lines,"[pta] UNHANDLED:   %1891 = invoke noundef zeroext i1 bitcast (i1 (%""class.flatbuffers::FlatCompiler""*, %""struct.flatbuffers::FlatCOption""*, %""class.std::shared_ptr""*)* @_ZN11flatbuffers12FlatCompiler21RegisterCodeGeneratorERKNS_11FlatCOptionESt10shared_ptrINS_13CodeGeneratorEE to i1 (%""class.flatbuffers::FlatCompiler.2328""*, %""struct.flatbuffers::FlatCOption""*, %""class.std::shared_ptr""*)*)(%""class.flatbuffers::FlatCompiler.2328""* noundef nonnull align 8 dereferenceable(64) %24, %""struct.flatbuffers::FlatCOption""* noundef nonnull align 8 dereferenceable(128) %76, %""class.std::shared_ptr""* noundef nonnull %77)",/home/jimi/PaperExperiment/CompilerOptimization/Result/flatbuffers/dg/dg-LLVM14-O2-g/high_precision_20260326_164052/log/pta_inv.lines.stderr.log
pta_inv,PTA,inv,lines,"[pta] UNHANDLED:   %2661 = landingpad { i8*, i32 }",/home/jimi/PaperExperiment/CompilerOptimization/Result/flatbuffers/dg/dg-LLVM14-O2-g/high_precision_20260326_164052/log/pta_inv.lines.stderr.log
pta_inv,PTA,inv,lines,"[pta] UNHANDLED:   %2663 = landingpad { i8*, i32 }",/home/jimi/PaperExperiment/CompilerOptimization/Result/flatbuffers/dg/dg-LLVM14-O2-g/high_precision_20260326_164052/log/pta_inv.lines.stderr.log
pta_inv,PTA,inv,lines,"[pta] UNHANDLED:   %1982 = invoke noundef i8* @_ZNSt7__cxx1112basic_stringIcSt11char_traitsIcESaIcEE9_M_createERmm(%""class.std::__cxx11::basic_string""* noundef nonnull align 8 dereferenceable(32) %1978, i64* noundef nonnull align 8 dereferenceable(8) %3, i64 noundef 0)",/home/jimi/PaperExperiment/CompilerOptimization/Result/flatbuffers/dg/dg-LLVM14-O2-g/high_precision_20260326_164052/log/pta_inv.lines.stderr.log
pta_inv,PTA,inv,lines,"[pta] UNHANDLED:   invoke void @_ZN11flatbuffers18NewTsCodeGeneratorEv(%""class.std::unique_ptr.151""* nonnull sret(%""class.std::unique_ptr.151"") align 8 %81)",/home/jimi/PaperExperiment/CompilerOptimization/Result/flatbuffers/dg/dg-LLVM14-O2-g/high_precision_20260326_164052/log/pta_inv.lines.stderr.log
pta_inv,PTA,inv,lines,"[pta] UNHANDLED:   %2709 = landingpad { i8*, i32 }",/home/jimi/PaperExperiment/CompilerOptimization/Result/flatbuffers/dg/dg-LLVM14-O2-g/high_precision_20260326_164052/log/pta_inv.lines.stderr.log
pta_inv,PTA,inv,lines,"[pta] UNHANDLED:   invoke void @_ZNSt12__shared_ptrIN11flatbuffers13CodeGeneratorELN9__gnu_cxx12_Lock_policyE2EEC2IS1_St14default_deleteIS1_EvEEOSt10unique_ptrIT_T0_E(%""class.std::__shared_ptr""* noundef nonnull align 8 dereferenceable(16) %1992, %""class.std::unique_ptr.151""* noundef nonnull align 8 dereferenceable(8) %81)",/home/jimi/PaperExperiment/CompilerOptimization/Result/flatbuffers/dg/dg-LLVM14-O2-g/high_precision_20260326_164052/log/pta_inv.lines.stderr.log
pta_inv,PTA,inv,lines,"[pta] UNHANDLED:   %2693 = landingpad { i8*, i32 }",/home/jimi/PaperExperiment/CompilerOptimization/Result/flatbuffers/dg/dg-LLVM14-O2-g/high_precision_20260326_164052/log/pta_inv.lines.stderr.log
pta_inv,PTA,inv,lines,"[pta] UNHANDLED:   %1994 = invoke noundef zeroext i1 bitcast (i1 (%""class.flatbuffers::FlatCompiler""*, %""struct.flatbuffers::FlatCOption""*, %""class.std::shared_ptr""*)* @_ZN11flatbuffers12FlatCompiler21RegisterCodeGeneratorERKNS_11FlatCOptionESt10shared_ptrINS_13CodeGeneratorEE to i1 (%""class.flatbuffers::FlatCompiler.2328""*, %""struct.flatbuffers::FlatCOption""*, %""class.std::shared_ptr""*)*)(%""class.flatbuffers::FlatCompiler.2328""* noundef nonnull align 8 dereferenceable(64) %24, %""struct.flatbuffers::FlatCOption""* noundef nonnull align 8 dereferenceable(128) %79, %""class.std::shared_ptr""* noundef nonnull %80)",/home/jimi/PaperExperiment/CompilerOptimization/Result/flatbuffers/dg/dg-LLVM14-O2-g/high_precision_20260326_164052/log/pta_inv.lines.stderr.log
pta_inv,PTA,inv,lines,"[pta] UNHANDLED:   %2695 = landingpad { i8*, i32 }",/home/jimi/PaperExperiment/CompilerOptimization/Result/flatbuffers/dg/dg-LLVM14-O2-g/high_precision_20260326_164052/log/pta_inv.lines.stderr.log
pta_inv,PTA,inv,lines,"[pta] UNHANDLED:   %2697 = landingpad { i8*, i32 }",/home/jimi/PaperExperiment/CompilerOptimization/Result/flatbuffers/dg/dg-LLVM14-O2-g/high_precision_20260326_164052/log/pta_inv.lines.stderr.log
pta_inv,PTA,inv,lines,"[pta] UNHANDLED:   invoke void bitcast (void (%""struct.flatbuffers::FlatCOptions""*, %""class.flatbuffers::FlatCompiler""*, i32, i8**)* @_ZN11flatbuffers12FlatCompiler29ParseFromCommandLineArgumentsEiPPKc to void (%""struct.flatbuffers::FlatCOptions""*, %""class.flatbuffers::FlatCompiler.2328""*, i32, i8**)*)(%""struct.flatbuffers::FlatCOptions""* nonnull sret(%""struct.flatbuffers::FlatCOptions"") align 8 %82, %""class.flatbuffers::FlatCompiler.2328""* noundef nonnull align 8 dereferenceable(64) %24, i32 noundef %0, i8** noundef nonnull %1)",/home/jimi/PaperExperiment/CompilerOptimization/Result/flatbuffers/dg/dg-LLVM14-O2-g/high_precision_20260326_164052/log/pta_inv.lines.stderr.log
pta_inv,PTA,inv,lines,"[pta] UNHANDLED:   %2727 = landingpad { i8*, i32 }",/home/jimi/PaperExperiment/CompilerOptimization/Result/flatbuffers/dg/dg-LLVM14-O2-g/high_precision_20260326_164052/log/pta_inv.lines.stderr.log
pta_inv,PTA,inv,lines,[pta] UNHANDLED:   %2731 = invoke noalias noundef nonnull dereferenceable(8) i8* @_Znwm(i64 noundef 8) #52,/home/jimi/PaperExperiment/CompilerOptimization/Result/flatbuffers/dg/dg-LLVM14-O2-g/high_precision_20260326_164052/log/pta_inv.lines.stderr.log
pta_inv,PTA,inv,lines,"[pta] UNHANDLED:   %2739 = invoke noundef i32 bitcast (i32 (%""class.flatbuffers::FlatCompiler""*, %""struct.flatbuffers::FlatCOptions""*)* @_ZN11flatbuffers12FlatCompiler7CompileERKNS_12FlatCOptionsE to i32 (%""class.flatbuffers::FlatCompiler.2328""*, %""struct.flatbuffers::FlatCOptions""*)*)(%""class.flatbuffers::FlatCompiler.2328""* noundef nonnull align 8 dereferenceable(64) %24, %""struct.flatbuffers::FlatCOptions""* noundef nonnull align 8 dereferenceable(1104) %82)",/home/jimi/PaperExperiment/CompilerOptimization/Result/flatbuffers/dg/dg-LLVM14-O2-g/high_precision_20260326_164052/log/pta_inv.lines.stderr.log
pta_inv,PTA,inv,lines,"[pta] UNHANDLED:   %2729 = landingpad { i8*, i32 }",/home/jimi/PaperExperiment/CompilerOptimization/Result/flatbuffers/dg/dg-LLVM14-O2-g/high_precision_20260326_164052/log/pta_inv.lines.stderr.log
pta_inv,PTA,inv,lines,[pta] UNHANDLED:   %2067 = invoke noalias noundef nonnull dereferenceable(56) i8* @_Znwm(i64 noundef 56) #52,/home/jimi/PaperExperiment/CompilerOptimization/Result/flatbuffers/dg/dg-LLVM14-O2-g/high_precision_20260326_164052/log/pta_inv.lines.stderr.log
pta_inv,PTA,inv,lines,"[pta] UNHANDLED:   invoke void %2745(%""class.flatbuffers::FileSaver""* noundef nonnull align 8 dereferenceable(8) %2741)",/home/jimi/PaperExperiment/CompilerOptimization/Result/flatbuffers/dg/dg-LLVM14-O2-g/high_precision_20260326_164052/log/pta_inv.lines.stderr.log
pta_inv,PTA,inv,lines,"[pta] UNHANDLED:   %2763 = landingpad { i8*, i32 }",/home/jimi/PaperExperiment/CompilerOptimization/Result/flatbuffers/dg/dg-LLVM14-O2-g/high_precision_20260326_164052/log/pta_inv.lines.stderr.log
pta_inv,PTA,inv,lines,"[pta] UNHANDLED:   invoke void @_ZNSt8_Rb_treeINSt7__cxx1112basic_stringIcSt11char_traitsIcESaIcEEESt4pairIKS5_St10shared_ptrIN11flatbuffers13CodeGeneratorEEESt10_Select1stISC_ESt4lessIS5_ESaISC_EE8_M_eraseEPSt13_Rb_tree_nodeISC_E(%""class.std::_Rb_tree""* noundef nonnull align 8 dereferenceable(48) %2751, %""struct.std::_Rb_tree_node.354""* noundef %2753)",/home/jimi/PaperExperiment/CompilerOptimization/Result/flatbuffers/dg/dg-LLVM14-O2-g/high_precision_20260326_164052/log/pta_inv.lines.stderr.log
pta_inv,PTA,inv,lines,"[pta] UNHANDLED:   %2755 = landingpad { i8*, i32 }",/home/jimi/PaperExperiment/CompilerOptimization/Result/flatbuffers/dg/dg-LLVM14-O2-g/high_precision_20260326_164052/log/pta_inv.lines.stderr.log
pta_inv,PTA,inv,dot,"[pta] UNHANDLED:   %148 = invoke noundef i8* @_ZNSt7__cxx1112basic_stringIcSt11char_traitsIcESaIcEE9_M_createERmm(%""class.std::__cxx11::basic_string""* noundef nonnull align 8 dereferenceable(32) %144, i64* noundef nonnull align 8 dereferenceable(8) %21, i64 noundef 0)",/home/jimi/PaperExperiment/CompilerOptimization/Result/flatbuffers/dg/dg-LLVM14-O2-g/high_precision_20260326_164052/log/pta_inv.dot.stderr.log
pta_inv,PTA,inv,dot,"[pta] UNHANDLED:   invoke void @_ZN11flatbuffers22NewBinaryCodeGeneratorEv(%""class.std::unique_ptr.151""* nonnull sret(%""class.std::unique_ptr.151"") align 8 %27)",/home/jimi/PaperExperiment/CompilerOptimization/Result/flatbuffers/dg/dg-LLVM14-O2-g/high_precision_20260326_164052/log/pta_inv.dot.stderr.log
pta_inv,PTA,inv,dot,"[pta] UNHANDLED:   invoke void @_ZNSt8_Rb_treeINSt7__cxx1112basic_stringIcSt11char_traitsIcESaIcEEESt4pairIKS5_St10shared_ptrIN11flatbuffers13CodeGeneratorEEESt10_Select1stISC_ESt4lessIS5_ESaISC_EE8_M_eraseEPSt13_Rb_tree_nodeISC_E(%""class.std::_Rb_tree""* noundef nonnull align 8 dereferenceable(48) %2, %""struct.std::_Rb_tree_node.354""* noundef %6)",/home/jimi/PaperExperiment/CompilerOptimization/Result/flatbuffers/dg/dg-LLVM14-O2-g/high_precision_20260326_164052/log/pta_inv.dot.stderr.log
pta_inv,PTA,inv,dot,"[pta] UNHANDLED:   %8 = landingpad { i8*, i32 }",/home/jimi/PaperExperiment/CompilerOptimization/Result/flatbuffers/dg/dg-LLVM14-O2-g/high_precision_20260326_164052/log/pta_inv.dot.stderr.log
pta_inv,PTA,inv,dot,"[pta] UNHANDLED:   %2097 = landingpad { i8*, i32 }",/home/jimi/PaperExperiment/CompilerOptimization/Result/flatbuffers/dg/dg-LLVM14-O2-g/high_precision_20260326_164052/log/pta_inv.dot.stderr.log
pta_inv,PTA,inv,dot,"[pta] UNHANDLED:   invoke void @_ZNSt12__shared_ptrIN11flatbuffers13CodeGeneratorELN9__gnu_cxx12_Lock_policyE2EEC2IS1_St14default_deleteIS1_EvEEOSt10unique_ptrIT_T0_E(%""class.std::__shared_ptr""* noundef nonnull align 8 dereferenceable(16) %158, %""class.std::unique_ptr.151""* noundef nonnull align 8 dereferenceable(8) %27)",/home/jimi/PaperExperiment/CompilerOptimization/Result/flatbuffers/dg/dg-LLVM14-O2-g/high_precision_20260326_164052/log/pta_inv.dot.stderr.log
pta_inv,PTA,inv,dot,"[pta] UNHANDLED:   %2081 = landingpad { i8*, i32 }",/home/jimi/PaperExperiment/CompilerOptimization/Result/flatbuffers/dg/dg-LLVM14-O2-g/high_precision_20260326_164052/log/pta_inv.dot.stderr.log
pta_inv,PTA,inv,dot,"[pta] UNHANDLED:   resume { i8*, i32 } %2773, !dbg !106616",/home/jimi/PaperExperiment/CompilerOptimization/Result/flatbuffers/dg/dg-LLVM14-O2-g/high_precision_20260326_164052/log/pta_inv.dot.stderr.log
pta_inv,PTA,inv,dot,"[pta] UNHANDLED:   %160 = invoke noundef zeroext i1 bitcast (i1 (%""class.flatbuffers::FlatCompiler""*, %""struct.flatbuffers::FlatCOption""*, %""class.std::shared_ptr""*)* @_ZN11flatbuffers12FlatCompiler21RegisterCodeGeneratorERKNS_11FlatCOptionESt10shared_ptrINS_13CodeGeneratorEE to i1 (%""class.flatbuffers::FlatCompiler.2328""*, %""struct.flatbuffers::FlatCOption""*, %""class.std::shared_ptr""*)*)(%""class.flatbuffers::FlatCompiler.2328""* noundef nonnull align 8 dereferenceable(64) %24, %""struct.flatbuffers::FlatCOption""* noundef nonnull align 8 dereferenceable(128) %25, %""class.std::shared_ptr""* noundef nonnull %26)",/home/jimi/PaperExperiment/CompilerOptimization/Result/flatbuffers/dg/dg-LLVM14-O2-g/high_precision_20260326_164052/log/pta_inv.dot.stderr.log
pta_inv,PTA,inv,dot,"[pta] UNHANDLED:   %2083 = landingpad { i8*, i32 }",/home/jimi/PaperExperiment/CompilerOptimization/Result/flatbuffers/dg/dg-LLVM14-O2-g/high_precision_20260326_164052/log/pta_inv.dot.stderr.log
pta_inv,PTA,inv,dot,"[pta] UNHANDLED:   %2085 = landingpad { i8*, i32 }",/home/jimi/PaperExperiment/CompilerOptimization/Result/flatbuffers/dg/dg-LLVM14-O2-g/high_precision_20260326_164052/log/pta_inv.dot.stderr.log
pta_inv,PTA,inv,dot,"[pta] UNHANDLED:   %250 = invoke noundef i8* @_ZNSt7__cxx1112basic_stringIcSt11char_traitsIcESaIcEE9_M_createERmm(%""class.std::__cxx11::basic_string""* noundef nonnull align 8 dereferenceable(32) %246, i64* noundef nonnull align 8 dereferenceable(8) %20, i64 noundef 0)",/home/jimi/PaperExperiment/CompilerOptimization/Result/flatbuffers/dg/dg-LLVM14-O2-g/high_precision_20260326_164052/log/pta_inv.dot.stderr.log
pta_inv,PTA,inv,dot,"[pta] UNHANDLED:   invoke void @_ZN11flatbuffers19NewCppCodeGeneratorEv(%""class.std::unique_ptr.151""* nonnull sret(%""class.std::unique_ptr.151"") align 8 %30)",/home/jimi/PaperExperiment/CompilerOptimization/Result/flatbuffers/dg/dg-LLVM14-O2-g/high_precision_20260326_164052/log/pta_inv.dot.stderr.log
pta_inv,PTA,inv,dot,"[pta] UNHANDLED:   %2131 = landingpad { i8*, i32 }",/home/jimi/PaperExperiment/CompilerOptimization/Result/flatbuffers/dg/dg-LLVM14-O2-g/high_precision_20260326_164052/log/pta_inv.dot.stderr.log
pta_inv,PTA,inv,dot,"[pta] UNHANDLED:   invoke void @_ZNSt12__shared_ptrIN11flatbuffers13CodeGeneratorELN9__gnu_cxx12_Lock_policyE2EEC2IS1_St14default_deleteIS1_EvEEOSt10unique_ptrIT_T0_E(%""class.std::__shared_ptr""* noundef nonnull align 8 dereferenceable(16) %260, %""class.std::unique_ptr.151""* noundef nonnull align 8 dereferenceable(8) %30)",/home/jimi/PaperExperiment/CompilerOptimization/Result/flatbuffers/dg/dg-LLVM14-O2-g/high_precision_20260326_164052/log/pta_inv.dot.stderr.log
pta_inv,PTA,inv,dot,"[pta] UNHANDLED:   %2115 = landingpad { i8*, i32 }",/home/jimi/PaperExperiment/CompilerOptimization/Result/flatbuffers/dg/dg-LLVM14-O2-g/high_precision_20260326_164052/log/pta_inv.dot.stderr.log
pta_inv,PTA,inv,dot,"[pta] UNHANDLED:   %262 = invoke noundef zeroext i1 bitcast (i1 (%""class.flatbuffers::FlatCompiler""*, %""struct.flatbuffers::FlatCOption""*, %""class.std::shared_ptr""*)* @_ZN11flatbuffers12FlatCompiler21RegisterCodeGeneratorERKNS_11FlatCOptionESt10shared_ptrINS_13CodeGeneratorEE to i1 (%""class.flatbuffers::FlatCompiler.2328""*, %""struct.flatbuffers::FlatCOption""*, %""class.std::shared_ptr""*)*)(%""class.flatbuffers::FlatCompiler.2328""* noundef nonnull align 8 dereferenceable(64) %24, %""struct.flatbuffers::FlatCOption""* noundef nonnull align 8 dereferenceable(128) %28, %""class.std::shared_ptr""* noundef nonnull %29)",/home/jimi/PaperExperiment/CompilerOptimization/Result/flatbuffers/dg/dg-LLVM14-O2-g/high_precision_20260326_164052/log/pta_inv.dot.stderr.log
pta_inv,PTA,inv,dot,"[pta] UNHANDLED:   %2117 = landingpad { i8*, i32 }",/home/jimi/PaperExperiment/CompilerOptimization/Result/flatbuffers/dg/dg-LLVM14-O2-g/high_precision_20260326_164052/log/pta_inv.dot.stderr.log
pta_inv,PTA,inv,dot,"[pta] UNHANDLED:   %2119 = landingpad { i8*, i32 }",/home/jimi/PaperExperiment/CompilerOptimization/Result/flatbuffers/dg/dg-LLVM14-O2-g/high_precision_20260326_164052/log/pta_inv.dot.stderr.log
pta_inv,PTA,inv,dot,"[pta] UNHANDLED:   %352 = invoke noundef i8* @_ZNSt7__cxx1112basic_stringIcSt11char_traitsIcESaIcEE9_M_createERmm(%""class.std::__cxx11::basic_string""* noundef nonnull align 8 dereferenceable(32) %348, i64* noundef nonnull align 8 dereferenceable(8) %19, i64 noundef 0)",/home/jimi/PaperExperiment/CompilerOptimization/Result/flatbuffers/dg/dg-LLVM14-O2-g/high_precision_20260326_164052/log/pta_inv.dot.stderr.log
pta_inv,PTA,inv,dot,"[pta] UNHANDLED:   invoke void @_ZN11flatbuffers22NewCSharpCodeGeneratorEv(%""class.std::unique_ptr.151""* nonnull sret(%""class.std::unique_ptr.151"") align 8 %33)",/home/jimi/PaperExperiment/CompilerOptimization/Result/flatbuffers/dg/dg-LLVM14-O2-g/high_precision_20260326_164052/log/pta_inv.dot.stderr.log
pta_inv,PTA,inv,dot,"[pta] UNHANDLED:   %2165 = landingpad { i8*, i32 }",/home/jimi/PaperExperiment/CompilerOptimization/Result/flatbuffers/dg/dg-LLVM14-O2-g/high_precision_20260326_164052/log/pta_inv.dot.stderr.log
pta_inv,PTA,inv,dot,"[pta] UNHANDLED:   invoke void @_ZNSt12__shared_ptrIN11flatbuffers13CodeGeneratorELN9__gnu_cxx12_Lock_policyE2EEC2IS1_St14default_deleteIS1_EvEEOSt10unique_ptrIT_T0_E(%""class.std::__shared_ptr""* noundef nonnull align 8 dereferenceable(16) %362, %""class.std::unique_ptr.151""* noundef nonnull align 8 dereferenceable(8) %33)",/home/jimi/PaperExperiment/CompilerOptimization/Result/flatbuffers/dg/dg-LLVM14-O2-g/high_precision_20260326_164052/log/pta_inv.dot.stderr.log
pta_inv,PTA,inv,dot,"[pta] UNHANDLED:   %2149 = landingpad { i8*, i32 }",/home/jimi/PaperExperiment/CompilerOptimization/Result/flatbuffers/dg/dg-LLVM14-O2-g/high_precision_20260326_164052/log/pta_inv.dot.stderr.log
pta_inv,PTA,inv,dot,"[pta] UNHANDLED:   %364 = invoke noundef zeroext i1 bitcast (i1 (%""class.flatbuffers::FlatCompiler""*, %""struct.flatbuffers::FlatCOption""*, %""class.std::shared_ptr""*)* @_ZN11flatbuffers12FlatCompiler21RegisterCodeGeneratorERKNS_11FlatCOptionESt10shared_ptrINS_13CodeGeneratorEE to i1 (%""class.flatbuffers::FlatCompiler.2328""*, %""struct.flatbuffers::FlatCOption""*, %""class.std::shared_ptr""*)*)(%""class.flatbuffers::FlatCompiler.2328""* noundef nonnull align 8 dereferenceable(64) %24, %""struct.flatbuffers::FlatCOption""* noundef nonnull align 8 dereferenceable(128) %31, %""class.std::shared_ptr""* noundef nonnull %32)",/home/jimi/PaperExperiment/CompilerOptimization/Result/flatbuffers/dg/dg-LLVM14-O2-g/high_precision_20260326_164052/log/pta_inv.dot.stderr.log
pta_inv,PTA,inv,dot,"[pta] UNHANDLED:   %2151 = landingpad { i8*, i32 }",/home/jimi/PaperExperiment/CompilerOptimization/Result/flatbuffers/dg/dg-LLVM14-O2-g/high_precision_20260326_164052/log/pta_inv.dot.stderr.log
pta_inv,PTA,inv,dot,"[pta] UNHANDLED:   %2153 = landingpad { i8*, i32 }",/home/jimi/PaperExperiment/CompilerOptimization/Result/flatbuffers/dg/dg-LLVM14-O2-g/high_precision_20260326_164052/log/pta_inv.dot.stderr.log
pta_inv,PTA,inv,dot,"[pta] UNHANDLED:   %455 = invoke noundef i8* @_ZNSt7__cxx1112basic_stringIcSt11char_traitsIcESaIcEE9_M_createERmm(%""class.std::__cxx11::basic_string""* noundef nonnull align 8 dereferenceable(32) %451, i64* noundef nonnull align 8 dereferenceable(8) %18, i64 noundef 0)",/home/jimi/PaperExperiment/CompilerOptimization/Result/flatbuffers/dg/dg-LLVM14-O2-g/high_precision_20260326_164052/log/pta_inv.dot.stderr.log
pta_inv,PTA,inv,dot,"[pta] UNHANDLED:   invoke void @_ZN11flatbuffers20NewDartCodeGeneratorEv(%""class.std::unique_ptr.151""* nonnull sret(%""class.std::unique_ptr.151"") align 8 %36)",/home/jimi/PaperExperiment/CompilerOptimization/Result/flatbuffers/dg/dg-LLVM14-O2-g/high_precision_20260326_164052/log/pta_inv.dot.stderr.log
pta_inv,PTA,inv,dot,"[pta] UNHANDLED:   %2199 = landingpad { i8*, i32 }",/home/jimi/PaperExperiment/CompilerOptimization/Result/flatbuffers/dg/dg-LLVM14-O2-g/high_precision_20260326_164052/log/pta_inv.dot.stderr.log
pta_inv,PTA,inv,dot,"[pta] UNHANDLED:   invoke void @_ZNSt12__shared_ptrIN11flatbuffers13CodeGeneratorELN9__gnu_cxx12_Lock_policyE2EEC2IS1_St14default_deleteIS1_EvEEOSt10unique_ptrIT_T0_E(%""class.std::__shared_ptr""* noundef nonnull align 8 dereferenceable(16) %465, %""class.std::unique_ptr.151""* noundef nonnull align 8 dereferenceable(8) %36)",/home/jimi/PaperExperiment/CompilerOptimization/Result/flatbuffers/dg/dg-LLVM14-O2-g/high_precision_20260326_164052/log/pta_inv.dot.stderr.log
pta_inv,PTA,inv,dot,"[pta] UNHANDLED:   %2183 = landingpad { i8*, i32 }",/home/jimi/PaperExperiment/CompilerOptimization/Result/flatbuffers/dg/dg-LLVM14-O2-g/high_precision_20260326_164052/log/pta_inv.dot.stderr.log
pta_inv,PTA,inv,dot,"[pta] UNHANDLED:   %467 = invoke noundef zeroext i1 bitcast (i1 (%""class.flatbuffers::FlatCompiler""*, %""struct.flatbuffers::FlatCOption""*, %""class.std::shared_ptr""*)* @_ZN11flatbuffers12FlatCompiler21RegisterCodeGeneratorERKNS_11FlatCOptionESt10shared_ptrINS_13CodeGeneratorEE to i1 (%""class.flatbuffers::FlatCompiler.2328""*, %""struct.flatbuffers::FlatCOption""*, %""class.std::shared_ptr""*)*)(%""class.flatbuffers::FlatCompiler.2328""* noundef nonnull align 8 dereferenceable(64) %24, %""struct.flatbuffers::FlatCOption""* noundef nonnull align 8 dereferenceable(128) %34, %""class.std::shared_ptr""* noundef nonnull %35)",/home/jimi/PaperExperiment/CompilerOptimization/Result/flatbuffers/dg/dg-LLVM14-O2-g/high_precision_20260326_164052/log/pta_inv.dot.stderr.log
pta_inv,PTA,inv,dot,"[pta] UNHANDLED:   %2185 = landingpad { i8*, i32 }",/home/jimi/PaperExperiment/CompilerOptimization/Result/flatbuffers/dg/dg-LLVM14-O2-g/high_precision_20260326_164052/log/pta_inv.dot.stderr.log
pta_inv,PTA,inv,dot,"[pta] UNHANDLED:   %2187 = landingpad { i8*, i32 }",/home/jimi/PaperExperiment/CompilerOptimization/Result/flatbuffers/dg/dg-LLVM14-O2-g/high_precision_20260326_164052/log/pta_inv.dot.stderr.log
pta_inv,PTA,inv,dot,"[pta] UNHANDLED:   %556 = invoke noundef i8* @_ZNSt7__cxx1112basic_stringIcSt11char_traitsIcESaIcEE9_M_createERmm(%""class.std::__cxx11::basic_string""* noundef nonnull align 8 dereferenceable(32) %552, i64* noundef nonnull align 8 dereferenceable(8) %17, i64 noundef 0)",/home/jimi/PaperExperiment/CompilerOptimization/Result/flatbuffers/dg/dg-LLVM14-O2-g/high_precision_20260326_164052/log/pta_inv.dot.stderr.log
pta_inv,PTA,inv,dot,"[pta] UNHANDLED:   invoke void @_ZN11flatbuffers19NewFBSCodeGeneratorEb(%""class.std::unique_ptr.151""* nonnull sret(%""class.std::unique_ptr.151"") align 8 %39, i1 noundef zeroext false)",/home/jimi/PaperExperiment/CompilerOptimization/Result/flatbuffers/dg/dg-LLVM14-O2-g/high_precision_20260326_164052/log/pta_inv.dot.stderr.log
pta_inv,PTA,inv,dot,"[pta] UNHANDLED:   %2233 = landingpad { i8*, i32 }",/home/jimi/PaperExperiment/CompilerOptimization/Result/flatbuffers/dg/dg-LLVM14-O2-g/high_precision_20260326_164052/log/pta_inv.dot.stderr.log
pta_inv,PTA,inv,dot,"[pta] UNHANDLED:   invoke void @_ZNSt12__shared_ptrIN11flatbuffers13CodeGeneratorELN9__gnu_cxx12_Lock_policyE2EEC2IS1_St14default_deleteIS1_EvEEOSt10unique_ptrIT_T0_E(%""class.std::__shared_ptr""* noundef nonnull align 8 dereferenceable(16) %566, %""class.std::unique_ptr.151""* noundef nonnull align 8 dereferenceable(8) %39)",/home/jimi/PaperExperiment/CompilerOptimization/Result/flatbuffers/dg/dg-LLVM14-O2-g/high_precision_20260326_164052/log/pta_inv.dot.stderr.log
pta_inv,PTA,inv,dot,"[pta] UNHANDLED:   %2217 = landingpad { i8*, i32 }",/home/jimi/PaperExperiment/CompilerOptimization/Result/flatbuffers/dg/dg-LLVM14-O2-g/high_precision_20260326_164052/log/pta_inv.dot.stderr.log
pta_inv,PTA,inv,dot,"[pta] UNHANDLED:   %568 = invoke noundef zeroext i1 bitcast (i1 (%""class.flatbuffers::FlatCompiler""*, %""struct.flatbuffers::FlatCOption""*, %""class.std::shared_ptr""*)* @_ZN11flatbuffers12FlatCompiler21RegisterCodeGeneratorERKNS_11FlatCOptionESt10shared_ptrINS_13CodeGeneratorEE to i1 (%""class.flatbuffers::FlatCompiler.2328""*, %""struct.flatbuffers::FlatCOption""*, %""class.std::shared_ptr""*)*)(%""class.flatbuffers::FlatCompiler.2328""* noundef nonnull align 8 dereferenceable(64) %24, %""struct.flatbuffers::FlatCOption""* noundef nonnull align 8 dereferenceable(128) %37, %""class.std::shared_ptr""* noundef nonnull %38)",/home/jimi/PaperExperiment/CompilerOptimization/Result/flatbuffers/dg/dg-LLVM14-O2-g/high_precision_20260326_164052/log/pta_inv.dot.stderr.log
pta_inv,PTA,inv,dot,"[pta] UNHANDLED:   %2219 = landingpad { i8*, i32 }",/home/jimi/PaperExperiment/CompilerOptimization/Result/flatbuffers/dg/dg-LLVM14-O2-g/high_precision_20260326_164052/log/pta_inv.dot.stderr.log
pta_inv,PTA,inv,dot,"[pta] UNHANDLED:   %2221 = landingpad { i8*, i32 }",/home/jimi/PaperExperiment/CompilerOptimization/Result/flatbuffers/dg/dg-LLVM14-O2-g/high_precision_20260326_164052/log/pta_inv.dot.stderr.log
pta_inv,PTA,inv,dot,"[pta] UNHANDLED:   %659 = invoke noundef i8* @_ZNSt7__cxx1112basic_stringIcSt11char_traitsIcESaIcEE9_M_createERmm(%""class.std::__cxx11::basic_string""* noundef nonnull align 8 dereferenceable(32) %655, i64* noundef nonnull align 8 dereferenceable(8) %16, i64 noundef 0)",/home/jimi/PaperExperiment/CompilerOptimization/Result/flatbuffers/dg/dg-LLVM14-O2-g/high_precision_20260326_164052/log/pta_inv.dot.stderr.log
pta_inv,PTA,inv,dot,"[pta] UNHANDLED:   invoke void @_ZN11flatbuffers18NewGoCodeGeneratorEv(%""class.std::unique_ptr.151""* nonnull sret(%""class.std::unique_ptr.151"") align 8 %42)",/home/jimi/PaperExperiment/CompilerOptimization/Result/flatbuffers/dg/dg-LLVM14-O2-g/high_precision_20260326_164052/log/pta_inv.dot.stderr.log
pta_inv,PTA,inv,dot,"[pta] UNHANDLED:   %2267 = landingpad { i8*, i32 }",/home/jimi/PaperExperiment/CompilerOptimization/Result/flatbuffers/dg/dg-LLVM14-O2-g/high_precision_20260326_164052/log/pta_inv.dot.stderr.log
pta_inv,PTA,inv,dot,"[pta] UNHANDLED:   invoke void @_ZNSt12__shared_ptrIN11flatbuffers13CodeGeneratorELN9__gnu_cxx12_Lock_policyE2EEC2IS1_St14default_deleteIS1_EvEEOSt10unique_ptrIT_T0_E(%""class.std::__shared_ptr""* noundef nonnull align 8 dereferenceable(16) %669, %""class.std::unique_ptr.151""* noundef nonnull align 8 dereferenceable(8) %42)",/home/jimi/PaperExperiment/CompilerOptimization/Result/flatbuffers/dg/dg-LLVM14-O2-g/high_precision_20260326_164052/log/pta_inv.dot.stderr.log
pta_inv,PTA,inv,dot,"[pta] UNHANDLED:   %2251 = landingpad { i8*, i32 }",/home/jimi/PaperExperiment/CompilerOptimization/Result/flatbuffers/dg/dg-LLVM14-O2-g/high_precision_20260326_164052/log/pta_inv.dot.stderr.log
pta_inv,PTA,inv,dot,"[pta] UNHANDLED:   %671 = invoke noundef zeroext i1 bitcast (i1 (%""class.flatbuffers::FlatCompiler""*, %""struct.flatbuffers::FlatCOption""*, %""class.std::shared_ptr""*)* @_ZN11flatbuffers12FlatCompiler21RegisterCodeGeneratorERKNS_11FlatCOptionESt10shared_ptrINS_13CodeGeneratorEE to i1 (%""class.flatbuffers::FlatCompiler.2328""*, %""struct.flatbuffers::FlatCOption""*, %""class.std::shared_ptr""*)*)(%""class.flatbuffers::FlatCompiler.2328""* noundef nonnull align 8 dereferenceable(64) %24, %""struct.flatbuffers::FlatCOption""* noundef nonnull align 8 dereferenceable(128) %40, %""class.std::shared_ptr""* noundef nonnull %41)",/home/jimi/PaperExperiment/CompilerOptimization/Result/flatbuffers/dg/dg-LLVM14-O2-g/high_precision_20260326_164052/log/pta_inv.dot.stderr.log
pta_inv,PTA,inv,dot,"[pta] UNHANDLED:   %2253 = landingpad { i8*, i32 }",/home/jimi/PaperExperiment/CompilerOptimization/Result/flatbuffers/dg/dg-LLVM14-O2-g/high_precision_20260326_164052/log/pta_inv.dot.stderr.log
pta_inv,PTA,inv,dot,"[pta] UNHANDLED:   %2255 = landingpad { i8*, i32 }",/home/jimi/PaperExperiment/CompilerOptimization/Result/flatbuffers/dg/dg-LLVM14-O2-g/high_precision_20260326_164052/log/pta_inv.dot.stderr.log
pta_inv,PTA,inv,dot,"[pta] UNHANDLED:   %762 = invoke noundef i8* @_ZNSt7__cxx1112basic_stringIcSt11char_traitsIcESaIcEE9_M_createERmm(%""class.std::__cxx11::basic_string""* noundef nonnull align 8 dereferenceable(32) %758, i64* noundef nonnull align 8 dereferenceable(8) %15, i64 noundef 0)",/home/jimi/PaperExperiment/CompilerOptimization/Result/flatbuffers/dg/dg-LLVM14-O2-g/high_precision_20260326_164052/log/pta_inv.dot.stderr.log
pta_inv,PTA,inv,dot,"[pta] UNHANDLED:   invoke void @_ZN11flatbuffers20NewJavaCodeGeneratorEv(%""class.std::unique_ptr.151""* nonnull sret(%""class.std::unique_ptr.151"") align 8 %45)",/home/jimi/PaperExperiment/CompilerOptimization/Result/flatbuffers/dg/dg-LLVM14-O2-g/high_precision_20260326_164052/log/pta_inv.dot.stderr.log
pta_inv,PTA,inv,dot,"[pta] UNHANDLED:   %2301 = landingpad { i8*, i32 }",/home/jimi/PaperExperiment/CompilerOptimization/Result/flatbuffers/dg/dg-LLVM14-O2-g/high_precision_20260326_164052/log/pta_inv.dot.stderr.log
pta_inv,PTA,inv,dot,"[pta] UNHANDLED:   invoke void @_ZNSt12__shared_ptrIN11flatbuffers13CodeGeneratorELN9__gnu_cxx12_Lock_policyE2EEC2IS1_St14default_deleteIS1_EvEEOSt10unique_ptrIT_T0_E(%""class.std::__shared_ptr""* noundef nonnull align 8 dereferenceable(16) %772, %""class.std::unique_ptr.151""* noundef nonnull align 8 dereferenceable(8) %45)",/home/jimi/PaperExperiment/CompilerOptimization/Result/flatbuffers/dg/dg-LLVM14-O2-g/high_precision_20260326_164052/log/pta_inv.dot.stderr.log
pta_inv,PTA,inv,dot,"[pta] UNHANDLED:   %2285 = landingpad { i8*, i32 }",/home/jimi/PaperExperiment/CompilerOptimization/Result/flatbuffers/dg/dg-LLVM14-O2-g/high_precision_20260326_164052/log/pta_inv.dot.stderr.log
pta_inv,PTA,inv,dot,"[pta] UNHANDLED:   %774 = invoke noundef zeroext i1 bitcast (i1 (%""class.flatbuffers::FlatCompiler""*, %""struct.flatbuffers::FlatCOption""*, %""class.std::shared_ptr""*)* @_ZN11flatbuffers12FlatCompiler21RegisterCodeGeneratorERKNS_11FlatCOptionESt10shared_ptrINS_13CodeGeneratorEE to i1 (%""class.flatbuffers::FlatCompiler.2328""*, %""struct.flatbuffers::FlatCOption""*, %""class.std::shared_ptr""*)*)(%""class.flatbuffers::FlatCompiler.2328""* noundef nonnull align 8 dereferenceable(64) %24, %""struct.flatbuffers::FlatCOption""* noundef nonnull align 8 dereferenceable(128) %43, %""class.std::shared_ptr""* noundef nonnull %44)",/home/jimi/PaperExperiment/CompilerOptimization/Result/flatbuffers/dg/dg-LLVM14-O2-g/high_precision_20260326_164052/log/pta_inv.dot.stderr.log
pta_inv,PTA,inv,dot,"[pta] UNHANDLED:   %2287 = landingpad { i8*, i32 }",/home/jimi/PaperExperiment/CompilerOptimization/Result/flatbuffers/dg/dg-LLVM14-O2-g/high_precision_20260326_164052/log/pta_inv.dot.stderr.log
pta_inv,PTA,inv,dot,"[pta] UNHANDLED:   %2289 = landingpad { i8*, i32 }",/home/jimi/PaperExperiment/CompilerOptimization/Result/flatbuffers/dg/dg-LLVM14-O2-g/high_precision_20260326_164052/log/pta_inv.dot.stderr.log
pta_inv,PTA,inv,dot,"[pta] UNHANDLED:   %863 = invoke noundef i8* @_ZNSt7__cxx1112basic_stringIcSt11char_traitsIcESaIcEE9_M_createERmm(%""class.std::__cxx11::basic_string""* noundef nonnull align 8 dereferenceable(32) %859, i64* noundef nonnull align 8 dereferenceable(8) %14, i64 noundef 0)",/home/jimi/PaperExperiment/CompilerOptimization/Result/flatbuffers/dg/dg-LLVM14-O2-g/high_precision_20260326_164052/log/pta_inv.dot.stderr.log
pta_inv,PTA,inv,dot,"[pta] UNHANDLED:   invoke void @_ZN11flatbuffers26NewJsonSchemaCodeGeneratorEv(%""class.std::unique_ptr.151""* nonnull sret(%""class.std::unique_ptr.151"") align 8 %48)",/home/jimi/PaperExperiment/CompilerOptimization/Result/flatbuffers/dg/dg-LLVM14-O2-g/high_precision_20260326_164052/log/pta_inv.dot.stderr.log
pta_inv,PTA,inv,dot,"[pta] UNHANDLED:   %2335 = landingpad { i8*, i32 }",/home/jimi/PaperExperiment/CompilerOptimization/Result/flatbuffers/dg/dg-LLVM14-O2-g/high_precision_20260326_164052/log/pta_inv.dot.stderr.log
pta_inv,PTA,inv,dot,"[pta] UNHANDLED:   invoke void @_ZNSt12__shared_ptrIN11flatbuffers13CodeGeneratorELN9__gnu_cxx12_Lock_policyE2EEC2IS1_St14default_deleteIS1_EvEEOSt10unique_ptrIT_T0_E(%""class.std::__shared_ptr""* noundef nonnull align 8 dereferenceable(16) %873, %""class.std::unique_ptr.151""* noundef nonnull align 8 dereferenceable(8) %48)",/home/jimi/PaperExperiment/CompilerOptimization/Result/flatbuffers/dg/dg-LLVM14-O2-g/high_precision_20260326_164052/log/pta_inv.dot.stderr.log
pta_inv,PTA,inv,dot,"[pta] UNHANDLED:   %2319 = landingpad { i8*, i32 }",/home/jimi/PaperExperiment/CompilerOptimization/Result/flatbuffers/dg/dg-LLVM14-O2-g/high_precision_20260326_164052/log/pta_inv.dot.stderr.log
pta_inv,PTA,inv,dot,"[pta] UNHANDLED:   %875 = invoke noundef zeroext i1 bitcast (i1 (%""class.flatbuffers::FlatCompiler""*, %""struct.flatbuffers::FlatCOption""*, %""class.std::shared_ptr""*)* @_ZN11flatbuffers12FlatCompiler21RegisterCodeGeneratorERKNS_11FlatCOptionESt10shared_ptrINS_13CodeGeneratorEE to i1 (%""class.flatbuffers::FlatCompiler.2328""*, %""struct.flatbuffers::FlatCOption""*, %""class.std::shared_ptr""*)*)(%""class.flatbuffers::FlatCompiler.2328""* noundef nonnull align 8 dereferenceable(64) %24, %""struct.flatbuffers::FlatCOption""* noundef nonnull align 8 dereferenceable(128) %46, %""class.std::shared_ptr""* noundef nonnull %47)",/home/jimi/PaperExperiment/CompilerOptimization/Result/flatbuffers/dg/dg-LLVM14-O2-g/high_precision_20260326_164052/log/pta_inv.dot.stderr.log
pta_inv,PTA,inv,dot,"[pta] UNHANDLED:   %2321 = landingpad { i8*, i32 }",/home/jimi/PaperExperiment/CompilerOptimization/Result/flatbuffers/dg/dg-LLVM14-O2-g/high_precision_20260326_164052/log/pta_inv.dot.stderr.log
pta_inv,PTA,inv,dot,"[pta] UNHANDLED:   %2323 = landingpad { i8*, i32 }",/home/jimi/PaperExperiment/CompilerOptimization/Result/flatbuffers/dg/dg-LLVM14-O2-g/high_precision_20260326_164052/log/pta_inv.dot.stderr.log
pta_inv,PTA,inv,dot,"[pta] UNHANDLED:   %964 = invoke noundef i8* @_ZNSt7__cxx1112basic_stringIcSt11char_traitsIcESaIcEE9_M_createERmm(%""class.std::__cxx11::basic_string""* noundef nonnull align 8 dereferenceable(32) %960, i64* noundef nonnull align 8 dereferenceable(8) %13, i64 noundef 0)",/home/jimi/PaperExperiment/CompilerOptimization/Result/flatbuffers/dg/dg-LLVM14-O2-g/high_precision_20260326_164052/log/pta_inv.dot.stderr.log
pta_inv,PTA,inv,dot,"[pta] UNHANDLED:   invoke void @_ZN11flatbuffers22NewKotlinCodeGeneratorEv(%""class.std::unique_ptr.151""* nonnull sret(%""class.std::unique_ptr.151"") align 8 %51)",/home/jimi/PaperExperiment/CompilerOptimization/Result/flatbuffers/dg/dg-LLVM14-O2-g/high_precision_20260326_164052/log/pta_inv.dot.stderr.log
pta_inv,PTA,inv,dot,"[pta] UNHANDLED:   %2369 = landingpad { i8*, i32 }",/home/jimi/PaperExperiment/CompilerOptimization/Result/flatbuffers/dg/dg-LLVM14-O2-g/high_precision_20260326_164052/log/pta_inv.dot.stderr.log
pta_inv,PTA,inv,dot,"[pta] UNHANDLED:   invoke void @_ZNSt12__shared_ptrIN11flatbuffers13CodeGeneratorELN9__gnu_cxx12_Lock_policyE2EEC2IS1_St14default_deleteIS1_EvEEOSt10unique_ptrIT_T0_E(%""class.std::__shared_ptr""* noundef nonnull align 8 dereferenceable(16) %974, %""class.std::unique_ptr.151""* noundef nonnull align 8 dereferenceable(8) %51)",/home/jimi/PaperExperiment/CompilerOptimization/Result/flatbuffers/dg/dg-LLVM14-O2-g/high_precision_20260326_164052/log/pta_inv.dot.stderr.log
pta_inv,PTA,inv,dot,"[pta] UNHANDLED:   %2353 = landingpad { i8*, i32 }",/home/jimi/PaperExperiment/CompilerOptimization/Result/flatbuffers/dg/dg-LLVM14-O2-g/high_precision_20260326_164052/log/pta_inv.dot.stderr.log
pta_inv,PTA,inv,dot,"[pta] UNHANDLED:   %976 = invoke noundef zeroext i1 bitcast (i1 (%""class.flatbuffers::FlatCompiler""*, %""struct.flatbuffers::FlatCOption""*, %""class.std::shared_ptr""*)* @_ZN11flatbuffers12FlatCompiler21RegisterCodeGeneratorERKNS_11FlatCOptionESt10shared_ptrINS_13CodeGeneratorEE to i1 (%""class.flatbuffers::FlatCompiler.2328""*, %""struct.flatbuffers::FlatCOption""*, %""class.std::shared_ptr""*)*)(%""class.flatbuffers::FlatCompiler.2328""* noundef nonnull align 8 dereferenceable(64) %24, %""struct.flatbuffers::FlatCOption""* noundef nonnull align 8 dereferenceable(128) %49, %""class.std::shared_ptr""* noundef nonnull %50)",/home/jimi/PaperExperiment/CompilerOptimization/Result/flatbuffers/dg/dg-LLVM14-O2-g/high_precision_20260326_164052/log/pta_inv.dot.stderr.log
pta_inv,PTA,inv,dot,"[pta] UNHANDLED:   %2355 = landingpad { i8*, i32 }",/home/jimi/PaperExperiment/CompilerOptimization/Result/flatbuffers/dg/dg-LLVM14-O2-g/high_precision_20260326_164052/log/pta_inv.dot.stderr.log
pta_inv,PTA,inv,dot,"[pta] UNHANDLED:   %2357 = landingpad { i8*, i32 }",/home/jimi/PaperExperiment/CompilerOptimization/Result/flatbuffers/dg/dg-LLVM14-O2-g/high_precision_20260326_164052/log/pta_inv.dot.stderr.log
pta_inv,PTA,inv,dot,"[pta] UNHANDLED:   %1065 = invoke noundef i8* @_ZNSt7__cxx1112basic_stringIcSt11char_traitsIcESaIcEE9_M_createERmm(%""class.std::__cxx11::basic_string""* noundef nonnull align 8 dereferenceable(32) %1061, i64* noundef nonnull align 8 dereferenceable(8) %12, i64 noundef 0)",/home/jimi/PaperExperiment/CompilerOptimization/Result/flatbuffers/dg/dg-LLVM14-O2-g/high_precision_20260326_164052/log/pta_inv.dot.stderr.log
pta_inv,PTA,inv,dot,"[pta] UNHANDLED:   invoke void @_ZN11flatbuffers25NewKotlinKMPCodeGeneratorEv(%""class.std::unique_ptr.151""* nonnull sret(%""class.std::unique_ptr.151"") align 8 %54)",/home/jimi/PaperExperiment/CompilerOptimization/Result/flatbuffers/dg/dg-LLVM14-O2-g/high_precision_20260326_164052/log/pta_inv.dot.stderr.log
pta_inv,PTA,inv,dot,"[pta] UNHANDLED:   %2403 = landingpad { i8*, i32 }",/home/jimi/PaperExperiment/CompilerOptimization/Result/flatbuffers/dg/dg-LLVM14-O2-g/high_precision_20260326_164052/log/pta_inv.dot.stderr.log
pta_inv,PTA,inv,dot,"[pta] UNHANDLED:   invoke void @_ZNSt12__shared_ptrIN11flatbuffers13CodeGeneratorELN9__gnu_cxx12_Lock_policyE2EEC2IS1_St14default_deleteIS1_EvEEOSt10unique_ptrIT_T0_E(%""class.std::__shared_ptr""* noundef nonnull align 8 dereferenceable(16) %1075, %""class.std::unique_ptr.151""* noundef nonnull align 8 dereferenceable(8) %54)",/home/jimi/PaperExperiment/CompilerOptimization/Result/flatbuffers/dg/dg-LLVM14-O2-g/high_precision_20260326_164052/log/pta_inv.dot.stderr.log
pta_inv,PTA,inv,dot,"[pta] UNHANDLED:   %2387 = landingpad { i8*, i32 }",/home/jimi/PaperExperiment/CompilerOptimization/Result/flatbuffers/dg/dg-LLVM14-O2-g/high_precision_20260326_164052/log/pta_inv.dot.stderr.log
pta_inv,PTA,inv,dot,"[pta] UNHANDLED:   %1077 = invoke noundef zeroext i1 bitcast (i1 (%""class.flatbuffers::FlatCompiler""*, %""struct.flatbuffers::FlatCOption""*, %""class.std::shared_ptr""*)* @_ZN11flatbuffers12FlatCompiler21RegisterCodeGeneratorERKNS_11FlatCOptionESt10shared_ptrINS_13CodeGeneratorEE to i1 (%""class.flatbuffers::FlatCompiler.2328""*, %""struct.flatbuffers::FlatCOption""*, %""class.std::shared_ptr""*)*)(%""class.flatbuffers::FlatCompiler.2328""* noundef nonnull align 8 dereferenceable(64) %24, %""struct.flatbuffers::FlatCOption""* noundef nonnull align 8 dereferenceable(128) %52, %""class.std::shared_ptr""* noundef nonnull %53)",/home/jimi/PaperExperiment/CompilerOptimization/Result/flatbuffers/dg/dg-LLVM14-O2-g/high_precision_20260326_164052/log/pta_inv.dot.stderr.log
pta_inv,PTA,inv,dot,"[pta] UNHANDLED:   %2389 = landingpad { i8*, i32 }",/home/jimi/PaperExperiment/CompilerOptimization/Result/flatbuffers/dg/dg-LLVM14-O2-g/high_precision_20260326_164052/log/pta_inv.dot.stderr.log
pta_inv,PTA,inv,dot,"[pta] UNHANDLED:   %2391 = landingpad { i8*, i32 }",/home/jimi/PaperExperiment/CompilerOptimization/Result/flatbuffers/dg/dg-LLVM14-O2-g/high_precision_20260326_164052/log/pta_inv.dot.stderr.log
pta_inv,PTA,inv,dot,"[pta] UNHANDLED:   %1166 = invoke noundef i8* @_ZNSt7__cxx1112basic_stringIcSt11char_traitsIcESaIcEE9_M_createERmm(%""class.std::__cxx11::basic_string""* noundef nonnull align 8 dereferenceable(32) %1162, i64* noundef nonnull align 8 dereferenceable(8) %11, i64 noundef 0)",/home/jimi/PaperExperiment/CompilerOptimization/Result/flatbuffers/dg/dg-LLVM14-O2-g/high_precision_20260326_164052/log/pta_inv.dot.stderr.log
pta_inv,PTA,inv,dot,"[pta] UNHANDLED:   invoke void @_ZN11flatbuffers23NewLobsterCodeGeneratorEv(%""class.std::unique_ptr.151""* nonnull sret(%""class.std::unique_ptr.151"") align 8 %57)",/home/jimi/PaperExperiment/CompilerOptimization/Result/flatbuffers/dg/dg-LLVM14-O2-g/high_precision_20260326_164052/log/pta_inv.dot.stderr.log
pta_inv,PTA,inv,dot,"[pta] UNHANDLED:   %2437 = landingpad { i8*, i32 }",/home/jimi/PaperExperiment/CompilerOptimization/Result/flatbuffers/dg/dg-LLVM14-O2-g/high_precision_20260326_164052/log/pta_inv.dot.stderr.log
pta_inv,PTA,inv,dot,"[pta] UNHANDLED:   invoke void @_ZNSt12__shared_ptrIN11flatbuffers13CodeGeneratorELN9__gnu_cxx12_Lock_policyE2EEC2IS1_St14default_deleteIS1_EvEEOSt10unique_ptrIT_T0_E(%""class.std::__shared_ptr""* noundef nonnull align 8 dereferenceable(16) %1176, %""class.std::unique_ptr.151""* noundef nonnull align 8 dereferenceable(8) %57)",/home/jimi/PaperExperiment/CompilerOptimization/Result/flatbuffers/dg/dg-LLVM14-O2-g/high_precision_20260326_164052/log/pta_inv.dot.stderr.log
pta_inv,PTA,inv,dot,"[pta] UNHANDLED:   %2421 = landingpad { i8*, i32 }",/home/jimi/PaperExperiment/CompilerOptimization/Result/flatbuffers/dg/dg-LLVM14-O2-g/high_precision_20260326_164052/log/pta_inv.dot.stderr.log
pta_inv,PTA,inv,dot,"[pta] UNHANDLED:   %1178 = invoke noundef zeroext i1 bitcast (i1 (%""class.flatbuffers::FlatCompiler""*, %""struct.flatbuffers::FlatCOption""*, %""class.std::shared_ptr""*)* @_ZN11flatbuffers12FlatCompiler21RegisterCodeGeneratorERKNS_11FlatCOptionESt10shared_ptrINS_13CodeGeneratorEE to i1 (%""class.flatbuffers::FlatCompiler.2328""*, %""struct.flatbuffers::FlatCOption""*, %""class.std::shared_ptr""*)*)(%""class.flatbuffers::FlatCompiler.2328""* noundef nonnull align 8 dereferenceable(64) %24, %""struct.flatbuffers::FlatCOption""* noundef nonnull align 8 dereferenceable(128) %55, %""class.std::shared_ptr""* noundef nonnull %56)",/home/jimi/PaperExperiment/CompilerOptimization/Result/flatbuffers/dg/dg-LLVM14-O2-g/high_precision_20260326_164052/log/pta_inv.dot.stderr.log
pta_inv,PTA,inv,dot,"[pta] UNHANDLED:   %2423 = landingpad { i8*, i32 }",/home/jimi/PaperExperiment/CompilerOptimization/Result/flatbuffers/dg/dg-LLVM14-O2-g/high_precision_20260326_164052/log/pta_inv.dot.stderr.log
pta_inv,PTA,inv,dot,"[pta] UNHANDLED:   %2425 = landingpad { i8*, i32 }",/home/jimi/PaperExperiment/CompilerOptimization/Result/flatbuffers/dg/dg-LLVM14-O2-g/high_precision_20260326_164052/log/pta_inv.dot.stderr.log
pta_inv,PTA,inv,dot,"[pta] UNHANDLED:   %1268 = invoke noundef i8* @_ZNSt7__cxx1112basic_stringIcSt11char_traitsIcESaIcEE9_M_createERmm(%""class.std::__cxx11::basic_string""* noundef nonnull align 8 dereferenceable(32) %1264, i64* noundef nonnull align 8 dereferenceable(8) %10, i64 noundef 0)",/home/jimi/PaperExperiment/CompilerOptimization/Result/flatbuffers/dg/dg-LLVM14-O2-g/high_precision_20260326_164052/log/pta_inv.dot.stderr.log
pta_inv,PTA,inv,dot,"[pta] UNHANDLED:   invoke void @_ZN11flatbuffers19NewLuaBfbsGeneratorERKNSt7__cxx1112basic_stringIcSt11char_traitsIcESaIcEEE(%""class.std::unique_ptr.151""* nonnull sret(%""class.std::unique_ptr.151"") align 8 %60, %""class.std::__cxx11::basic_string""* noundef nonnull align 8 dereferenceable(32) %23)",/home/jimi/PaperExperiment/CompilerOptimization/Result/flatbuffers/dg/dg-LLVM14-O2-g/high_precision_20260326_164052/log/pta_inv.dot.stderr.log
pta_inv,PTA,inv,dot,"[pta] UNHANDLED:   %2471 = landingpad { i8*, i32 }",/home/jimi/PaperExperiment/CompilerOptimization/Result/flatbuffers/dg/dg-LLVM14-O2-g/high_precision_20260326_164052/log/pta_inv.dot.stderr.log
pta_inv,PTA,inv,dot,"[pta] UNHANDLED:   invoke void @_ZNSt12__shared_ptrIN11flatbuffers13CodeGeneratorELN9__gnu_cxx12_Lock_policyE2EEC2IS1_St14default_deleteIS1_EvEEOSt10unique_ptrIT_T0_E(%""class.std::__shared_ptr""* noundef nonnull align 8 dereferenceable(16) %1278, %""class.std::unique_ptr.151""* noundef nonnull align 8 dereferenceable(8) %60)",/home/jimi/PaperExperiment/CompilerOptimization/Result/flatbuffers/dg/dg-LLVM14-O2-g/high_precision_20260326_164052/log/pta_inv.dot.stderr.log
pta_inv,PTA,inv,dot,"[pta] UNHANDLED:   %2455 = landingpad { i8*, i32 }",/home/jimi/PaperExperiment/CompilerOptimization/Result/flatbuffers/dg/dg-LLVM14-O2-g/high_precision_20260326_164052/log/pta_inv.dot.stderr.log
pta_inv,PTA,inv,dot,"[pta] UNHANDLED:   %1280 = invoke noundef zeroext i1 bitcast (i1 (%""class.flatbuffers::FlatCompiler""*, %""struct.flatbuffers::FlatCOption""*, %""class.std::shared_ptr""*)* @_ZN11flatbuffers12FlatCompiler21RegisterCodeGeneratorERKNS_11FlatCOptionESt10shared_ptrINS_13CodeGeneratorEE to i1 (%""class.flatbuffers::FlatCompiler.2328""*, %""struct.flatbuffers::FlatCOption""*, %""class.std::shared_ptr""*)*)(%""class.flatbuffers::FlatCompiler.2328""* noundef nonnull align 8 dereferenceable(64) %24, %""struct.flatbuffers::FlatCOption""* noundef nonnull align 8 dereferenceable(128) %58, %""class.std::shared_ptr""* noundef nonnull %59)",/home/jimi/PaperExperiment/CompilerOptimization/Result/flatbuffers/dg/dg-LLVM14-O2-g/high_precision_20260326_164052/log/pta_inv.dot.stderr.log
pta_inv,PTA,inv,dot,"[pta] UNHANDLED:   %2457 = landingpad { i8*, i32 }",/home/jimi/PaperExperiment/CompilerOptimization/Result/flatbuffers/dg/dg-LLVM14-O2-g/high_precision_20260326_164052/log/pta_inv.dot.stderr.log
pta_inv,PTA,inv,dot,"[pta] UNHANDLED:   %2459 = landingpad { i8*, i32 }",/home/jimi/PaperExperiment/CompilerOptimization/Result/flatbuffers/dg/dg-LLVM14-O2-g/high_precision_20260326_164052/log/pta_inv.dot.stderr.log
pta_inv,PTA,inv,dot,"[pta] UNHANDLED:   %1369 = invoke noundef i8* @_ZNSt7__cxx1112basic_stringIcSt11char_traitsIcESaIcEE9_M_createERmm(%""class.std::__cxx11::basic_string""* noundef nonnull align 8 dereferenceable(32) %1365, i64* noundef nonnull align 8 dereferenceable(8) %9, i64 noundef 0)",/home/jimi/PaperExperiment/CompilerOptimization/Result/flatbuffers/dg/dg-LLVM14-O2-g/high_precision_20260326_164052/log/pta_inv.dot.stderr.log
pta_inv,PTA,inv,dot,"[pta] UNHANDLED:   invoke void @_ZN11flatbuffers19NewNimBfbsGeneratorERKNSt7__cxx1112basic_stringIcSt11char_traitsIcESaIcEEE(%""class.std::unique_ptr.151""* nonnull sret(%""class.std::unique_ptr.151"") align 8 %63, %""class.std::__cxx11::basic_string""* noundef nonnull align 8 dereferenceable(32) %23)",/home/jimi/PaperExperiment/CompilerOptimization/Result/flatbuffers/dg/dg-LLVM14-O2-g/high_precision_20260326_164052/log/pta_inv.dot.stderr.log
pta_inv,PTA,inv,dot,"[pta] UNHANDLED:   %2505 = landingpad { i8*, i32 }",/home/jimi/PaperExperiment/CompilerOptimization/Result/flatbuffers/dg/dg-LLVM14-O2-g/high_precision_20260326_164052/log/pta_inv.dot.stderr.log
pta_inv,PTA,inv,dot,"[pta] UNHANDLED:   invoke void @_ZNSt12__shared_ptrIN11flatbuffers13CodeGeneratorELN9__gnu_cxx12_Lock_policyE2EEC2IS1_St14default_deleteIS1_EvEEOSt10unique_ptrIT_T0_E(%""class.std::__shared_ptr""* noundef nonnull align 8 dereferenceable(16) %1379, %""class.std::unique_ptr.151""* noundef nonnull align 8 dereferenceable(8) %63)",/home/jimi/PaperExperiment/CompilerOptimization/Result/flatbuffers/dg/dg-LLVM14-O2-g/high_precision_20260326_164052/log/pta_inv.dot.stderr.log
pta_inv,PTA,inv,dot,"[pta] UNHANDLED:   %2489 = landingpad { i8*, i32 }",/home/jimi/PaperExperiment/CompilerOptimization/Result/flatbuffers/dg/dg-LLVM14-O2-g/high_precision_20260326_164052/log/pta_inv.dot.stderr.log
pta_inv,PTA,inv,dot,"[pta] UNHANDLED:   %1381 = invoke noundef zeroext i1 bitcast (i1 (%""class.flatbuffers::FlatCompiler""*, %""struct.flatbuffers::FlatCOption""*, %""class.std::shared_ptr""*)* @_ZN11flatbuffers12FlatCompiler21RegisterCodeGeneratorERKNS_11FlatCOptionESt10shared_ptrINS_13CodeGeneratorEE to i1 (%""class.flatbuffers::FlatCompiler.2328""*, %""struct.flatbuffers::FlatCOption""*, %""class.std::shared_ptr""*)*)(%""class.flatbuffers::FlatCompiler.2328""* noundef nonnull align 8 dereferenceable(64) %24, %""struct.flatbuffers::FlatCOption""* noundef nonnull align 8 dereferenceable(128) %61, %""class.std::shared_ptr""* noundef nonnull %62)",/home/jimi/PaperExperiment/CompilerOptimization/Result/flatbuffers/dg/dg-LLVM14-O2-g/high_precision_20260326_164052/log/pta_inv.dot.stderr.log
pta_inv,PTA,inv,dot,"[pta] UNHANDLED:   %2491 = landingpad { i8*, i32 }",/home/jimi/PaperExperiment/CompilerOptimization/Result/flatbuffers/dg/dg-LLVM14-O2-g/high_precision_20260326_164052/log/pta_inv.dot.stderr.log
pta_inv,PTA,inv,dot,"[pta] UNHANDLED:   %2493 = landingpad { i8*, i32 }",/home/jimi/PaperExperiment/CompilerOptimization/Result/flatbuffers/dg/dg-LLVM14-O2-g/high_precision_20260326_164052/log/pta_inv.dot.stderr.log
pta_inv,PTA,inv,dot,"[pta] UNHANDLED:   %1471 = invoke noundef i8* @_ZNSt7__cxx1112basic_stringIcSt11char_traitsIcESaIcEE9_M_createERmm(%""class.std::__cxx11::basic_string""* noundef nonnull align 8 dereferenceable(32) %1467, i64* noundef nonnull align 8 dereferenceable(8) %8, i64 noundef 0)",/home/jimi/PaperExperiment/CompilerOptimization/Result/flatbuffers/dg/dg-LLVM14-O2-g/high_precision_20260326_164052/log/pta_inv.dot.stderr.log
pta_inv,PTA,inv,dot,"[pta] UNHANDLED:   invoke void @_ZN11flatbuffers22NewPythonCodeGeneratorEv(%""class.std::unique_ptr.151""* nonnull sret(%""class.std::unique_ptr.151"") align 8 %66)",/home/jimi/PaperExperiment/CompilerOptimization/Result/flatbuffers/dg/dg-LLVM14-O2-g/high_precision_20260326_164052/log/pta_inv.dot.stderr.log
pta_inv,PTA,inv,dot,"[pta] UNHANDLED:   %2539 = landingpad { i8*, i32 }",/home/jimi/PaperExperiment/CompilerOptimization/Result/flatbuffers/dg/dg-LLVM14-O2-g/high_precision_20260326_164052/log/pta_inv.dot.stderr.log
pta_inv,PTA,inv,dot,"[pta] UNHANDLED:   invoke void @_ZNSt12__shared_ptrIN11flatbuffers13CodeGeneratorELN9__gnu_cxx12_Lock_policyE2EEC2IS1_St14default_deleteIS1_EvEEOSt10unique_ptrIT_T0_E(%""class.std::__shared_ptr""* noundef nonnull align 8 dereferenceable(16) %1481, %""class.std::unique_ptr.151""* noundef nonnull align 8 dereferenceable(8) %66)",/home/jimi/PaperExperiment/CompilerOptimization/Result/flatbuffers/dg/dg-LLVM14-O2-g/high_precision_20260326_164052/log/pta_inv.dot.stderr.log
pta_inv,PTA,inv,dot,"[pta] UNHANDLED:   %2523 = landingpad { i8*, i32 }",/home/jimi/PaperExperiment/CompilerOptimization/Result/flatbuffers/dg/dg-LLVM14-O2-g/high_precision_20260326_164052/log/pta_inv.dot.stderr.log
pta_inv,PTA,inv,dot,"[pta] UNHANDLED:   %1483 = invoke noundef zeroext i1 bitcast (i1 (%""class.flatbuffers::FlatCompiler""*, %""struct.flatbuffers::FlatCOption""*, %""class.std::shared_ptr""*)* @_ZN11flatbuffers12FlatCompiler21RegisterCodeGeneratorERKNS_11FlatCOptionESt10shared_ptrINS_13CodeGeneratorEE to i1 (%""class.flatbuffers::FlatCompiler.2328""*, %""struct.flatbuffers::FlatCOption""*, %""class.std::shared_ptr""*)*)(%""class.flatbuffers::FlatCompiler.2328""* noundef nonnull align 8 dereferenceable(64) %24, %""struct.flatbuffers::FlatCOption""* noundef nonnull align 8 dereferenceable(128) %64, %""class.std::shared_ptr""* noundef nonnull %65)",/home/jimi/PaperExperiment/CompilerOptimization/Result/flatbuffers/dg/dg-LLVM14-O2-g/high_precision_20260326_164052/log/pta_inv.dot.stderr.log
pta_inv,PTA,inv,dot,"[pta] UNHANDLED:   %2525 = landingpad { i8*, i32 }",/home/jimi/PaperExperiment/CompilerOptimization/Result/flatbuffers/dg/dg-LLVM14-O2-g/high_precision_20260326_164052/log/pta_inv.dot.stderr.log
pta_inv,PTA,inv,dot,"[pta] UNHANDLED:   %2527 = landingpad { i8*, i32 }",/home/jimi/PaperExperiment/CompilerOptimization/Result/flatbuffers/dg/dg-LLVM14-O2-g/high_precision_20260326_164052/log/pta_inv.dot.stderr.log
pta_inv,PTA,inv,dot,"[pta] UNHANDLED:   %1572 = invoke noundef i8* @_ZNSt7__cxx1112basic_stringIcSt11char_traitsIcESaIcEE9_M_createERmm(%""class.std::__cxx11::basic_string""* noundef nonnull align 8 dereferenceable(32) %1568, i64* noundef nonnull align 8 dereferenceable(8) %7, i64 noundef 0)",/home/jimi/PaperExperiment/CompilerOptimization/Result/flatbuffers/dg/dg-LLVM14-O2-g/high_precision_20260326_164052/log/pta_inv.dot.stderr.log
pta_inv,PTA,inv,dot,"[pta] UNHANDLED:   invoke void @_ZN11flatbuffers19NewPhpCodeGeneratorEv(%""class.std::unique_ptr.151""* nonnull sret(%""class.std::unique_ptr.151"") align 8 %69)",/home/jimi/PaperExperiment/CompilerOptimization/Result/flatbuffers/dg/dg-LLVM14-O2-g/high_precision_20260326_164052/log/pta_inv.dot.stderr.log
pta_inv,PTA,inv,dot,"[pta] UNHANDLED:   %2573 = landingpad { i8*, i32 }",/home/jimi/PaperExperiment/CompilerOptimization/Result/flatbuffers/dg/dg-LLVM14-O2-g/high_precision_20260326_164052/log/pta_inv.dot.stderr.log
pta_inv,PTA,inv,dot,"[pta] UNHANDLED:   invoke void @_ZNSt12__shared_ptrIN11flatbuffers13CodeGeneratorELN9__gnu_cxx12_Lock_policyE2EEC2IS1_St14default_deleteIS1_EvEEOSt10unique_ptrIT_T0_E(%""class.std::__shared_ptr""* noundef nonnull align 8 dereferenceable(16) %1582, %""class.std::unique_ptr.151""* noundef nonnull align 8 dereferenceable(8) %69)",/home/jimi/PaperExperiment/CompilerOptimization/Result/flatbuffers/dg/dg-LLVM14-O2-g/high_precision_20260326_164052/log/pta_inv.dot.stderr.log
pta_inv,PTA,inv,dot,"[pta] UNHANDLED:   %2557 = landingpad { i8*, i32 }",/home/jimi/PaperExperiment/CompilerOptimization/Result/flatbuffers/dg/dg-LLVM14-O2-g/high_precision_20260326_164052/log/pta_inv.dot.stderr.log
pta_inv,PTA,inv,dot,"[pta] UNHANDLED:   %1584 = invoke noundef zeroext i1 bitcast (i1 (%""class.flatbuffers::FlatCompiler""*, %""struct.flatbuffers::FlatCOption""*, %""class.std::shared_ptr""*)* @_ZN11flatbuffers12FlatCompiler21RegisterCodeGeneratorERKNS_11FlatCOptionESt10shared_ptrINS_13CodeGeneratorEE to i1 (%""class.flatbuffers::FlatCompiler.2328""*, %""struct.flatbuffers::FlatCOption""*, %""class.std::shared_ptr""*)*)(%""class.flatbuffers::FlatCompiler.2328""* noundef nonnull align 8 dereferenceable(64) %24, %""struct.flatbuffers::FlatCOption""* noundef nonnull align 8 dereferenceable(128) %67, %""class.std::shared_ptr""* noundef nonnull %68)",/home/jimi/PaperExperiment/CompilerOptimization/Result/flatbuffers/dg/dg-LLVM14-O2-g/high_precision_20260326_164052/log/pta_inv.dot.stderr.log
pta_inv,PTA,inv,dot,"[pta] UNHANDLED:   %2559 = landingpad { i8*, i32 }",/home/jimi/PaperExperiment/CompilerOptimization/Result/flatbuffers/dg/dg-LLVM14-O2-g/high_precision_20260326_164052/log/pta_inv.dot.stderr.log
pta_inv,PTA,inv,dot,"[pta] UNHANDLED:   %2561 = landingpad { i8*, i32 }",/home/jimi/PaperExperiment/CompilerOptimization/Result/flatbuffers/dg/dg-LLVM14-O2-g/high_precision_20260326_164052/log/pta_inv.dot.stderr.log
pta_inv,PTA,inv,dot,"[pta] UNHANDLED:   %1675 = invoke noundef i8* @_ZNSt7__cxx1112basic_stringIcSt11char_traitsIcESaIcEE9_M_createERmm(%""class.std::__cxx11::basic_string""* noundef nonnull align 8 dereferenceable(32) %1671, i64* noundef nonnull align 8 dereferenceable(8) %6, i64 noundef 0)",/home/jimi/PaperExperiment/CompilerOptimization/Result/flatbuffers/dg/dg-LLVM14-O2-g/high_precision_20260326_164052/log/pta_inv.dot.stderr.log
pta_inv,PTA,inv,dot,"[pta] UNHANDLED:   invoke void @_ZN11flatbuffers20NewRustCodeGeneratorEv(%""class.std::unique_ptr.151""* nonnull sret(%""class.std::unique_ptr.151"") align 8 %72)",/home/jimi/PaperExperiment/CompilerOptimization/Result/flatbuffers/dg/dg-LLVM14-O2-g/high_precision_20260326_164052/log/pta_inv.dot.stderr.log
pta_inv,PTA,inv,dot,"[pta] UNHANDLED:   %2607 = landingpad { i8*, i32 }",/home/jimi/PaperExperiment/CompilerOptimization/Result/flatbuffers/dg/dg-LLVM14-O2-g/high_precision_20260326_164052/log/pta_inv.dot.stderr.log
pta_inv,PTA,inv,dot,"[pta] UNHANDLED:   invoke void @_ZNSt12__shared_ptrIN11flatbuffers13CodeGeneratorELN9__gnu_cxx12_Lock_policyE2EEC2IS1_St14default_deleteIS1_EvEEOSt10unique_ptrIT_T0_E(%""class.std::__shared_ptr""* noundef nonnull align 8 dereferenceable(16) %1685, %""class.std::unique_ptr.151""* noundef nonnull align 8 dereferenceable(8) %72)",/home/jimi/PaperExperiment/CompilerOptimization/Result/flatbuffers/dg/dg-LLVM14-O2-g/high_precision_20260326_164052/log/pta_inv.dot.stderr.log
pta_inv,PTA,inv,dot,"[pta] UNHANDLED:   %2591 = landingpad { i8*, i32 }",/home/jimi/PaperExperiment/CompilerOptimization/Result/flatbuffers/dg/dg-LLVM14-O2-g/high_precision_20260326_164052/log/pta_inv.dot.stderr.log
pta_inv,PTA,inv,dot,"[pta] UNHANDLED:   %1687 = invoke noundef zeroext i1 bitcast (i1 (%""class.flatbuffers::FlatCompiler""*, %""struct.flatbuffers::FlatCOption""*, %""class.std::shared_ptr""*)* @_ZN11flatbuffers12FlatCompiler21RegisterCodeGeneratorERKNS_11FlatCOptionESt10shared_ptrINS_13CodeGeneratorEE to i1 (%""class.flatbuffers::FlatCompiler.2328""*, %""struct.flatbuffers::FlatCOption""*, %""class.std::shared_ptr""*)*)(%""class.flatbuffers::FlatCompiler.2328""* noundef nonnull align 8 dereferenceable(64) %24, %""struct.flatbuffers::FlatCOption""* noundef nonnull align 8 dereferenceable(128) %70, %""class.std::shared_ptr""* noundef nonnull %71)",/home/jimi/PaperExperiment/CompilerOptimization/Result/flatbuffers/dg/dg-LLVM14-O2-g/high_precision_20260326_164052/log/pta_inv.dot.stderr.log
pta_inv,PTA,inv,dot,"[pta] UNHANDLED:   %2593 = landingpad { i8*, i32 }",/home/jimi/PaperExperiment/CompilerOptimization/Result/flatbuffers/dg/dg-LLVM14-O2-g/high_precision_20260326_164052/log/pta_inv.dot.stderr.log
pta_inv,PTA,inv,dot,"[pta] UNHANDLED:   %2595 = landingpad { i8*, i32 }",/home/jimi/PaperExperiment/CompilerOptimization/Result/flatbuffers/dg/dg-LLVM14-O2-g/high_precision_20260326_164052/log/pta_inv.dot.stderr.log
pta_inv,PTA,inv,dot,"[pta] UNHANDLED:   %1778 = invoke noundef i8* @_ZNSt7__cxx1112basic_stringIcSt11char_traitsIcESaIcEE9_M_createERmm(%""class.std::__cxx11::basic_string""* noundef nonnull align 8 dereferenceable(32) %1774, i64* noundef nonnull align 8 dereferenceable(8) %5, i64 noundef 0)",/home/jimi/PaperExperiment/CompilerOptimization/Result/flatbuffers/dg/dg-LLVM14-O2-g/high_precision_20260326_164052/log/pta_inv.dot.stderr.log
pta_inv,PTA,inv,dot,"[pta] UNHANDLED:   invoke void @_ZN11flatbuffers20NewTextCodeGeneratorEv(%""class.std::unique_ptr.151""* nonnull sret(%""class.std::unique_ptr.151"") align 8 %75)",/home/jimi/PaperExperiment/CompilerOptimization/Result/flatbuffers/dg/dg-LLVM14-O2-g/high_precision_20260326_164052/log/pta_inv.dot.stderr.log
pta_inv,PTA,inv,dot,"[pta] UNHANDLED:   %2641 = landingpad { i8*, i32 }",/home/jimi/PaperExperiment/CompilerOptimization/Result/flatbuffers/dg/dg-LLVM14-O2-g/high_precision_20260326_164052/log/pta_inv.dot.stderr.log
pta_inv,PTA,inv,dot,"[pta] UNHANDLED:   invoke void @_ZNSt12__shared_ptrIN11flatbuffers13CodeGeneratorELN9__gnu_cxx12_Lock_policyE2EEC2IS1_St14default_deleteIS1_EvEEOSt10unique_ptrIT_T0_E(%""class.std::__shared_ptr""* noundef nonnull align 8 dereferenceable(16) %1788, %""class.std::unique_ptr.151""* noundef nonnull align 8 dereferenceable(8) %75)",/home/jimi/PaperExperiment/CompilerOptimization/Result/flatbuffers/dg/dg-LLVM14-O2-g/high_precision_20260326_164052/log/pta_inv.dot.stderr.log
pta_inv,PTA,inv,dot,"[pta] UNHANDLED:   %2625 = landingpad { i8*, i32 }",/home/jimi/PaperExperiment/CompilerOptimization/Result/flatbuffers/dg/dg-LLVM14-O2-g/high_precision_20260326_164052/log/pta_inv.dot.stderr.log
pta_inv,PTA,inv,dot,"[pta] UNHANDLED:   %1790 = invoke noundef zeroext i1 bitcast (i1 (%""class.flatbuffers::FlatCompiler""*, %""struct.flatbuffers::FlatCOption""*, %""class.std::shared_ptr""*)* @_ZN11flatbuffers12FlatCompiler21RegisterCodeGeneratorERKNS_11FlatCOptionESt10shared_ptrINS_13CodeGeneratorEE to i1 (%""class.flatbuffers::FlatCompiler.2328""*, %""struct.flatbuffers::FlatCOption""*, %""class.std::shared_ptr""*)*)(%""class.flatbuffers::FlatCompiler.2328""* noundef nonnull align 8 dereferenceable(64) %24, %""struct.flatbuffers::FlatCOption""* noundef nonnull align 8 dereferenceable(128) %73, %""class.std::shared_ptr""* noundef nonnull %74)",/home/jimi/PaperExperiment/CompilerOptimization/Result/flatbuffers/dg/dg-LLVM14-O2-g/high_precision_20260326_164052/log/pta_inv.dot.stderr.log
pta_inv,PTA,inv,dot,"[pta] UNHANDLED:   %2627 = landingpad { i8*, i32 }",/home/jimi/PaperExperiment/CompilerOptimization/Result/flatbuffers/dg/dg-LLVM14-O2-g/high_precision_20260326_164052/log/pta_inv.dot.stderr.log
pta_inv,PTA,inv,dot,"[pta] UNHANDLED:   %2629 = landingpad { i8*, i32 }",/home/jimi/PaperExperiment/CompilerOptimization/Result/flatbuffers/dg/dg-LLVM14-O2-g/high_precision_20260326_164052/log/pta_inv.dot.stderr.log
pta_inv,PTA,inv,dot,"[pta] UNHANDLED:   %1879 = invoke noundef i8* @_ZNSt7__cxx1112basic_stringIcSt11char_traitsIcESaIcEE9_M_createERmm(%""class.std::__cxx11::basic_string""* noundef nonnull align 8 dereferenceable(32) %1875, i64* noundef nonnull align 8 dereferenceable(8) %4, i64 noundef 0)",/home/jimi/PaperExperiment/CompilerOptimization/Result/flatbuffers/dg/dg-LLVM14-O2-g/high_precision_20260326_164052/log/pta_inv.dot.stderr.log
pta_inv,PTA,inv,dot,"[pta] UNHANDLED:   invoke void @_ZN11flatbuffers21NewSwiftCodeGeneratorEv(%""class.std::unique_ptr.151""* nonnull sret(%""class.std::unique_ptr.151"") align 8 %78)",/home/jimi/PaperExperiment/CompilerOptimization/Result/flatbuffers/dg/dg-LLVM14-O2-g/high_precision_20260326_164052/log/pta_inv.dot.stderr.log
pta_inv,PTA,inv,dot,"[pta] UNHANDLED:   %2675 = landingpad { i8*, i32 }",/home/jimi/PaperExperiment/CompilerOptimization/Result/flatbuffers/dg/dg-LLVM14-O2-g/high_precision_20260326_164052/log/pta_inv.dot.stderr.log
pta_inv,PTA,inv,dot,"[pta] UNHANDLED:   invoke void @_ZNSt12__shared_ptrIN11flatbuffers13CodeGeneratorELN9__gnu_cxx12_Lock_policyE2EEC2IS1_St14default_deleteIS1_EvEEOSt10unique_ptrIT_T0_E(%""class.std::__shared_ptr""* noundef nonnull align 8 dereferenceable(16) %1889, %""class.std::unique_ptr.151""* noundef nonnull align 8 dereferenceable(8) %78)",/home/jimi/PaperExperiment/CompilerOptimization/Result/flatbuffers/dg/dg-LLVM14-O2-g/high_precision_20260326_164052/log/pta_inv.dot.stderr.log
pta_inv,PTA,inv,dot,"[pta] UNHANDLED:   %2659 = landingpad { i8*, i32 }",/home/jimi/PaperExperiment/CompilerOptimization/Result/flatbuffers/dg/dg-LLVM14-O2-g/high_precision_20260326_164052/log/pta_inv.dot.stderr.log
pta_inv,PTA,inv,dot,"[pta] UNHANDLED:   %1891 = invoke noundef zeroext i1 bitcast (i1 (%""class.flatbuffers::FlatCompiler""*, %""struct.flatbuffers::FlatCOption""*, %""class.std::shared_ptr""*)* @_ZN11flatbuffers12FlatCompiler21RegisterCodeGeneratorERKNS_11FlatCOptionESt10shared_ptrINS_13CodeGeneratorEE to i1 (%""class.flatbuffers::FlatCompiler.2328""*, %""struct.flatbuffers::FlatCOption""*, %""class.std::shared_ptr""*)*)(%""class.flatbuffers::FlatCompiler.2328""* noundef nonnull align 8 dereferenceable(64) %24, %""struct.flatbuffers::FlatCOption""* noundef nonnull align 8 dereferenceable(128) %76, %""class.std::shared_ptr""* noundef nonnull %77)",/home/jimi/PaperExperiment/CompilerOptimization/Result/flatbuffers/dg/dg-LLVM14-O2-g/high_precision_20260326_164052/log/pta_inv.dot.stderr.log
pta_inv,PTA,inv,dot,"[pta] UNHANDLED:   %2661 = landingpad { i8*, i32 }",/home/jimi/PaperExperiment/CompilerOptimization/Result/flatbuffers/dg/dg-LLVM14-O2-g/high_precision_20260326_164052/log/pta_inv.dot.stderr.log
pta_inv,PTA,inv,dot,"[pta] UNHANDLED:   %2663 = landingpad { i8*, i32 }",/home/jimi/PaperExperiment/CompilerOptimization/Result/flatbuffers/dg/dg-LLVM14-O2-g/high_precision_20260326_164052/log/pta_inv.dot.stderr.log
pta_inv,PTA,inv,dot,"[pta] UNHANDLED:   %1982 = invoke noundef i8* @_ZNSt7__cxx1112basic_stringIcSt11char_traitsIcESaIcEE9_M_createERmm(%""class.std::__cxx11::basic_string""* noundef nonnull align 8 dereferenceable(32) %1978, i64* noundef nonnull align 8 dereferenceable(8) %3, i64 noundef 0)",/home/jimi/PaperExperiment/CompilerOptimization/Result/flatbuffers/dg/dg-LLVM14-O2-g/high_precision_20260326_164052/log/pta_inv.dot.stderr.log
pta_inv,PTA,inv,dot,"[pta] UNHANDLED:   invoke void @_ZN11flatbuffers18NewTsCodeGeneratorEv(%""class.std::unique_ptr.151""* nonnull sret(%""class.std::unique_ptr.151"") align 8 %81)",/home/jimi/PaperExperiment/CompilerOptimization/Result/flatbuffers/dg/dg-LLVM14-O2-g/high_precision_20260326_164052/log/pta_inv.dot.stderr.log
pta_inv,PTA,inv,dot,"[pta] UNHANDLED:   %2709 = landingpad { i8*, i32 }",/home/jimi/PaperExperiment/CompilerOptimization/Result/flatbuffers/dg/dg-LLVM14-O2-g/high_precision_20260326_164052/log/pta_inv.dot.stderr.log
pta_inv,PTA,inv,dot,"[pta] UNHANDLED:   invoke void @_ZNSt12__shared_ptrIN11flatbuffers13CodeGeneratorELN9__gnu_cxx12_Lock_policyE2EEC2IS1_St14default_deleteIS1_EvEEOSt10unique_ptrIT_T0_E(%""class.std::__shared_ptr""* noundef nonnull align 8 dereferenceable(16) %1992, %""class.std::unique_ptr.151""* noundef nonnull align 8 dereferenceable(8) %81)",/home/jimi/PaperExperiment/CompilerOptimization/Result/flatbuffers/dg/dg-LLVM14-O2-g/high_precision_20260326_164052/log/pta_inv.dot.stderr.log
pta_inv,PTA,inv,dot,"[pta] UNHANDLED:   %2693 = landingpad { i8*, i32 }",/home/jimi/PaperExperiment/CompilerOptimization/Result/flatbuffers/dg/dg-LLVM14-O2-g/high_precision_20260326_164052/log/pta_inv.dot.stderr.log
pta_inv,PTA,inv,dot,"[pta] UNHANDLED:   %1994 = invoke noundef zeroext i1 bitcast (i1 (%""class.flatbuffers::FlatCompiler""*, %""struct.flatbuffers::FlatCOption""*, %""class.std::shared_ptr""*)* @_ZN11flatbuffers12FlatCompiler21RegisterCodeGeneratorERKNS_11FlatCOptionESt10shared_ptrINS_13CodeGeneratorEE to i1 (%""class.flatbuffers::FlatCompiler.2328""*, %""struct.flatbuffers::FlatCOption""*, %""class.std::shared_ptr""*)*)(%""class.flatbuffers::FlatCompiler.2328""* noundef nonnull align 8 dereferenceable(64) %24, %""struct.flatbuffers::FlatCOption""* noundef nonnull align 8 dereferenceable(128) %79, %""class.std::shared_ptr""* noundef nonnull %80)",/home/jimi/PaperExperiment/CompilerOptimization/Result/flatbuffers/dg/dg-LLVM14-O2-g/high_precision_20260326_164052/log/pta_inv.dot.stderr.log
pta_inv,PTA,inv,dot,"[pta] UNHANDLED:   %2695 = landingpad { i8*, i32 }",/home/jimi/PaperExperiment/CompilerOptimization/Result/flatbuffers/dg/dg-LLVM14-O2-g/high_precision_20260326_164052/log/pta_inv.dot.stderr.log
pta_inv,PTA,inv,dot,"[pta] UNHANDLED:   %2697 = landingpad { i8*, i32 }",/home/jimi/PaperExperiment/CompilerOptimization/Result/flatbuffers/dg/dg-LLVM14-O2-g/high_precision_20260326_164052/log/pta_inv.dot.stderr.log
pta_inv,PTA,inv,dot,"[pta] UNHANDLED:   invoke void bitcast (void (%""struct.flatbuffers::FlatCOptions""*, %""class.flatbuffers::FlatCompiler""*, i32, i8**)* @_ZN11flatbuffers12FlatCompiler29ParseFromCommandLineArgumentsEiPPKc to void (%""struct.flatbuffers::FlatCOptions""*, %""class.flatbuffers::FlatCompiler.2328""*, i32, i8**)*)(%""struct.flatbuffers::FlatCOptions""* nonnull sret(%""struct.flatbuffers::FlatCOptions"") align 8 %82, %""class.flatbuffers::FlatCompiler.2328""* noundef nonnull align 8 dereferenceable(64) %24, i32 noundef %0, i8** noundef nonnull %1)",/home/jimi/PaperExperiment/CompilerOptimization/Result/flatbuffers/dg/dg-LLVM14-O2-g/high_precision_20260326_164052/log/pta_inv.dot.stderr.log
pta_inv,PTA,inv,dot,"[pta] UNHANDLED:   %2727 = landingpad { i8*, i32 }",/home/jimi/PaperExperiment/CompilerOptimization/Result/flatbuffers/dg/dg-LLVM14-O2-g/high_precision_20260326_164052/log/pta_inv.dot.stderr.log
pta_inv,PTA,inv,dot,[pta] UNHANDLED:   %2731 = invoke noalias noundef nonnull dereferenceable(8) i8* @_Znwm(i64 noundef 8) #52,/home/jimi/PaperExperiment/CompilerOptimization/Result/flatbuffers/dg/dg-LLVM14-O2-g/high_precision_20260326_164052/log/pta_inv.dot.stderr.log
pta_inv,PTA,inv,dot,"[pta] UNHANDLED:   %2739 = invoke noundef i32 bitcast (i32 (%""class.flatbuffers::FlatCompiler""*, %""struct.flatbuffers::FlatCOptions""*)* @_ZN11flatbuffers12FlatCompiler7CompileERKNS_12FlatCOptionsE to i32 (%""class.flatbuffers::FlatCompiler.2328""*, %""struct.flatbuffers::FlatCOptions""*)*)(%""class.flatbuffers::FlatCompiler.2328""* noundef nonnull align 8 dereferenceable(64) %24, %""struct.flatbuffers::FlatCOptions""* noundef nonnull align 8 dereferenceable(1104) %82)",/home/jimi/PaperExperiment/CompilerOptimization/Result/flatbuffers/dg/dg-LLVM14-O2-g/high_precision_20260326_164052/log/pta_inv.dot.stderr.log
pta_inv,PTA,inv,dot,"[pta] UNHANDLED:   %2729 = landingpad { i8*, i32 }",/home/jimi/PaperExperiment/CompilerOptimization/Result/flatbuffers/dg/dg-LLVM14-O2-g/high_precision_20260326_164052/log/pta_inv.dot.stderr.log
pta_inv,PTA,inv,dot,[pta] UNHANDLED:   %2067 = invoke noalias noundef nonnull dereferenceable(56) i8* @_Znwm(i64 noundef 56) #52,/home/jimi/PaperExperiment/CompilerOptimization/Result/flatbuffers/dg/dg-LLVM14-O2-g/high_precision_20260326_164052/log/pta_inv.dot.stderr.log
pta_inv,PTA,inv,dot,"[pta] UNHANDLED:   invoke void %2745(%""class.flatbuffers::FileSaver""* noundef nonnull align 8 dereferenceable(8) %2741)",/home/jimi/PaperExperiment/CompilerOptimization/Result/flatbuffers/dg/dg-LLVM14-O2-g/high_precision_20260326_164052/log/pta_inv.dot.stderr.log
pta_inv,PTA,inv,dot,"[pta] UNHANDLED:   %2763 = landingpad { i8*, i32 }",/home/jimi/PaperExperiment/CompilerOptimization/Result/flatbuffers/dg/dg-LLVM14-O2-g/high_precision_20260326_164052/log/pta_inv.dot.stderr.log
pta_inv,PTA,inv,dot,"[pta] UNHANDLED:   invoke void @_ZNSt8_Rb_treeINSt7__cxx1112basic_stringIcSt11char_traitsIcESaIcEEESt4pairIKS5_St10shared_ptrIN11flatbuffers13CodeGeneratorEEESt10_Select1stISC_ESt4lessIS5_ESaISC_EE8_M_eraseEPSt13_Rb_tree_nodeISC_E(%""class.std::_Rb_tree""* noundef nonnull align 8 dereferenceable(48) %2751, %""struct.std::_Rb_tree_node.354""* noundef %2753)",/home/jimi/PaperExperiment/CompilerOptimization/Result/flatbuffers/dg/dg-LLVM14-O2-g/high_precision_20260326_164052/log/pta_inv.dot.stderr.log
pta_inv,PTA,inv,dot,"[pta] UNHANDLED:   %2755 = landingpad { i8*, i32 }",/home/jimi/PaperExperiment/CompilerOptimization/Result/flatbuffers/dg/dg-LLVM14-O2-g/high_precision_20260326_164052/log/pta_inv.dot.stderr.log
dda_fi,DDA,ssa+fi,lines,"[pta] UNHANDLED:   %148 = invoke noundef i8* @_ZNSt7__cxx1112basic_stringIcSt11char_traitsIcESaIcEE9_M_createERmm(%""class.std::__cxx11::basic_string""* noundef nonnull align 8 dereferenceable(32) %144, i64* noundef nonnull align 8 dereferenceable(8) %21, i64 noundef 0)",/home/jimi/PaperExperiment/CompilerOptimization/Result/flatbuffers/dg/dg-LLVM14-O2-g/high_precision_20260326_164052/log/dda_fi.lines.stderr.log
dda_fi,DDA,ssa+fi,lines,"[pta] UNHANDLED:   invoke void @_ZN11flatbuffers22NewBinaryCodeGeneratorEv(%""class.std::unique_ptr.151""* nonnull sret(%""class.std::unique_ptr.151"") align 8 %27)",/home/jimi/PaperExperiment/CompilerOptimization/Result/flatbuffers/dg/dg-LLVM14-O2-g/high_precision_20260326_164052/log/dda_fi.lines.stderr.log
dda_fi,DDA,ssa+fi,lines,"[pta] UNHANDLED:   invoke void @_ZNSt8_Rb_treeINSt7__cxx1112basic_stringIcSt11char_traitsIcESaIcEEESt4pairIKS5_St10shared_ptrIN11flatbuffers13CodeGeneratorEEESt10_Select1stISC_ESt4lessIS5_ESaISC_EE8_M_eraseEPSt13_Rb_tree_nodeISC_E(%""class.std::_Rb_tree""* noundef nonnull align 8 dereferenceable(48) %2, %""struct.std::_Rb_tree_node.354""* noundef %6)",/home/jimi/PaperExperiment/CompilerOptimization/Result/flatbuffers/dg/dg-LLVM14-O2-g/high_precision_20260326_164052/log/dda_fi.lines.stderr.log
dda_fi,DDA,ssa+fi,lines,"[pta] UNHANDLED:   %8 = landingpad { i8*, i32 }",/home/jimi/PaperExperiment/CompilerOptimization/Result/flatbuffers/dg/dg-LLVM14-O2-g/high_precision_20260326_164052/log/dda_fi.lines.stderr.log
dda_fi,DDA,ssa+fi,lines,"[pta] UNHANDLED:   %2097 = landingpad { i8*, i32 }",/home/jimi/PaperExperiment/CompilerOptimization/Result/flatbuffers/dg/dg-LLVM14-O2-g/high_precision_20260326_164052/log/dda_fi.lines.stderr.log
dda_fi,DDA,ssa+fi,lines,"[pta] UNHANDLED:   invoke void @_ZNSt12__shared_ptrIN11flatbuffers13CodeGeneratorELN9__gnu_cxx12_Lock_policyE2EEC2IS1_St14default_deleteIS1_EvEEOSt10unique_ptrIT_T0_E(%""class.std::__shared_ptr""* noundef nonnull align 8 dereferenceable(16) %158, %""class.std::unique_ptr.151""* noundef nonnull align 8 dereferenceable(8) %27)",/home/jimi/PaperExperiment/CompilerOptimization/Result/flatbuffers/dg/dg-LLVM14-O2-g/high_precision_20260326_164052/log/dda_fi.lines.stderr.log
dda_fi,DDA,ssa+fi,lines,"[pta] UNHANDLED:   %2081 = landingpad { i8*, i32 }",/home/jimi/PaperExperiment/CompilerOptimization/Result/flatbuffers/dg/dg-LLVM14-O2-g/high_precision_20260326_164052/log/dda_fi.lines.stderr.log
dda_fi,DDA,ssa+fi,lines,"[pta] UNHANDLED:   resume { i8*, i32 } %2773, !dbg !106616",/home/jimi/PaperExperiment/CompilerOptimization/Result/flatbuffers/dg/dg-LLVM14-O2-g/high_precision_20260326_164052/log/dda_fi.lines.stderr.log
dda_fi,DDA,ssa+fi,lines,"[pta] UNHANDLED:   %160 = invoke noundef zeroext i1 bitcast (i1 (%""class.flatbuffers::FlatCompiler""*, %""struct.flatbuffers::FlatCOption""*, %""class.std::shared_ptr""*)* @_ZN11flatbuffers12FlatCompiler21RegisterCodeGeneratorERKNS_11FlatCOptionESt10shared_ptrINS_13CodeGeneratorEE to i1 (%""class.flatbuffers::FlatCompiler.2328""*, %""struct.flatbuffers::FlatCOption""*, %""class.std::shared_ptr""*)*)(%""class.flatbuffers::FlatCompiler.2328""* noundef nonnull align 8 dereferenceable(64) %24, %""struct.flatbuffers::FlatCOption""* noundef nonnull align 8 dereferenceable(128) %25, %""class.std::shared_ptr""* noundef nonnull %26)",/home/jimi/PaperExperiment/CompilerOptimization/Result/flatbuffers/dg/dg-LLVM14-O2-g/high_precision_20260326_164052/log/dda_fi.lines.stderr.log
dda_fi,DDA,ssa+fi,lines,"[pta] UNHANDLED:   %2083 = landingpad { i8*, i32 }",/home/jimi/PaperExperiment/CompilerOptimization/Result/flatbuffers/dg/dg-LLVM14-O2-g/high_precision_20260326_164052/log/dda_fi.lines.stderr.log
dda_fi,DDA,ssa+fi,lines,"[pta] UNHANDLED:   %2085 = landingpad { i8*, i32 }",/home/jimi/PaperExperiment/CompilerOptimization/Result/flatbuffers/dg/dg-LLVM14-O2-g/high_precision_20260326_164052/log/dda_fi.lines.stderr.log
dda_fi,DDA,ssa+fi,lines,"[pta] UNHANDLED:   %250 = invoke noundef i8* @_ZNSt7__cxx1112basic_stringIcSt11char_traitsIcESaIcEE9_M_createERmm(%""class.std::__cxx11::basic_string""* noundef nonnull align 8 dereferenceable(32) %246, i64* noundef nonnull align 8 dereferenceable(8) %20, i64 noundef 0)",/home/jimi/PaperExperiment/CompilerOptimization/Result/flatbuffers/dg/dg-LLVM14-O2-g/high_precision_20260326_164052/log/dda_fi.lines.stderr.log
dda_fi,DDA,ssa+fi,lines,"[pta] UNHANDLED:   invoke void @_ZN11flatbuffers19NewCppCodeGeneratorEv(%""class.std::unique_ptr.151""* nonnull sret(%""class.std::unique_ptr.151"") align 8 %30)",/home/jimi/PaperExperiment/CompilerOptimization/Result/flatbuffers/dg/dg-LLVM14-O2-g/high_precision_20260326_164052/log/dda_fi.lines.stderr.log
dda_fi,DDA,ssa+fi,lines,"[pta] UNHANDLED:   %2131 = landingpad { i8*, i32 }",/home/jimi/PaperExperiment/CompilerOptimization/Result/flatbuffers/dg/dg-LLVM14-O2-g/high_precision_20260326_164052/log/dda_fi.lines.stderr.log
dda_fi,DDA,ssa+fi,lines,"[pta] UNHANDLED:   invoke void @_ZNSt12__shared_ptrIN11flatbuffers13CodeGeneratorELN9__gnu_cxx12_Lock_policyE2EEC2IS1_St14default_deleteIS1_EvEEOSt10unique_ptrIT_T0_E(%""class.std::__shared_ptr""* noundef nonnull align 8 dereferenceable(16) %260, %""class.std::unique_ptr.151""* noundef nonnull align 8 dereferenceable(8) %30)",/home/jimi/PaperExperiment/CompilerOptimization/Result/flatbuffers/dg/dg-LLVM14-O2-g/high_precision_20260326_164052/log/dda_fi.lines.stderr.log
dda_fi,DDA,ssa+fi,lines,"[pta] UNHANDLED:   %2115 = landingpad { i8*, i32 }",/home/jimi/PaperExperiment/CompilerOptimization/Result/flatbuffers/dg/dg-LLVM14-O2-g/high_precision_20260326_164052/log/dda_fi.lines.stderr.log
dda_fi,DDA,ssa+fi,lines,"[pta] UNHANDLED:   %262 = invoke noundef zeroext i1 bitcast (i1 (%""class.flatbuffers::FlatCompiler""*, %""struct.flatbuffers::FlatCOption""*, %""class.std::shared_ptr""*)* @_ZN11flatbuffers12FlatCompiler21RegisterCodeGeneratorERKNS_11FlatCOptionESt10shared_ptrINS_13CodeGeneratorEE to i1 (%""class.flatbuffers::FlatCompiler.2328""*, %""struct.flatbuffers::FlatCOption""*, %""class.std::shared_ptr""*)*)(%""class.flatbuffers::FlatCompiler.2328""* noundef nonnull align 8 dereferenceable(64) %24, %""struct.flatbuffers::FlatCOption""* noundef nonnull align 8 dereferenceable(128) %28, %""class.std::shared_ptr""* noundef nonnull %29)",/home/jimi/PaperExperiment/CompilerOptimization/Result/flatbuffers/dg/dg-LLVM14-O2-g/high_precision_20260326_164052/log/dda_fi.lines.stderr.log
dda_fi,DDA,ssa+fi,lines,"[pta] UNHANDLED:   %2117 = landingpad { i8*, i32 }",/home/jimi/PaperExperiment/CompilerOptimization/Result/flatbuffers/dg/dg-LLVM14-O2-g/high_precision_20260326_164052/log/dda_fi.lines.stderr.log
dda_fi,DDA,ssa+fi,lines,"[pta] UNHANDLED:   %2119 = landingpad { i8*, i32 }",/home/jimi/PaperExperiment/CompilerOptimization/Result/flatbuffers/dg/dg-LLVM14-O2-g/high_precision_20260326_164052/log/dda_fi.lines.stderr.log
dda_fi,DDA,ssa+fi,lines,"[pta] UNHANDLED:   %352 = invoke noundef i8* @_ZNSt7__cxx1112basic_stringIcSt11char_traitsIcESaIcEE9_M_createERmm(%""class.std::__cxx11::basic_string""* noundef nonnull align 8 dereferenceable(32) %348, i64* noundef nonnull align 8 dereferenceable(8) %19, i64 noundef 0)",/home/jimi/PaperExperiment/CompilerOptimization/Result/flatbuffers/dg/dg-LLVM14-O2-g/high_precision_20260326_164052/log/dda_fi.lines.stderr.log
dda_fi,DDA,ssa+fi,lines,"[pta] UNHANDLED:   invoke void @_ZN11flatbuffers22NewCSharpCodeGeneratorEv(%""class.std::unique_ptr.151""* nonnull sret(%""class.std::unique_ptr.151"") align 8 %33)",/home/jimi/PaperExperiment/CompilerOptimization/Result/flatbuffers/dg/dg-LLVM14-O2-g/high_precision_20260326_164052/log/dda_fi.lines.stderr.log
dda_fi,DDA,ssa+fi,lines,"[pta] UNHANDLED:   %2165 = landingpad { i8*, i32 }",/home/jimi/PaperExperiment/CompilerOptimization/Result/flatbuffers/dg/dg-LLVM14-O2-g/high_precision_20260326_164052/log/dda_fi.lines.stderr.log
dda_fi,DDA,ssa+fi,lines,"[pta] UNHANDLED:   invoke void @_ZNSt12__shared_ptrIN11flatbuffers13CodeGeneratorELN9__gnu_cxx12_Lock_policyE2EEC2IS1_St14default_deleteIS1_EvEEOSt10unique_ptrIT_T0_E(%""class.std::__shared_ptr""* noundef nonnull align 8 dereferenceable(16) %362, %""class.std::unique_ptr.151""* noundef nonnull align 8 dereferenceable(8) %33)",/home/jimi/PaperExperiment/CompilerOptimization/Result/flatbuffers/dg/dg-LLVM14-O2-g/high_precision_20260326_164052/log/dda_fi.lines.stderr.log
dda_fi,DDA,ssa+fi,lines,"[pta] UNHANDLED:   %2149 = landingpad { i8*, i32 }",/home/jimi/PaperExperiment/CompilerOptimization/Result/flatbuffers/dg/dg-LLVM14-O2-g/high_precision_20260326_164052/log/dda_fi.lines.stderr.log
dda_fi,DDA,ssa+fi,lines,"[pta] UNHANDLED:   %364 = invoke noundef zeroext i1 bitcast (i1 (%""class.flatbuffers::FlatCompiler""*, %""struct.flatbuffers::FlatCOption""*, %""class.std::shared_ptr""*)* @_ZN11flatbuffers12FlatCompiler21RegisterCodeGeneratorERKNS_11FlatCOptionESt10shared_ptrINS_13CodeGeneratorEE to i1 (%""class.flatbuffers::FlatCompiler.2328""*, %""struct.flatbuffers::FlatCOption""*, %""class.std::shared_ptr""*)*)(%""class.flatbuffers::FlatCompiler.2328""* noundef nonnull align 8 dereferenceable(64) %24, %""struct.flatbuffers::FlatCOption""* noundef nonnull align 8 dereferenceable(128) %31, %""class.std::shared_ptr""* noundef nonnull %32)",/home/jimi/PaperExperiment/CompilerOptimization/Result/flatbuffers/dg/dg-LLVM14-O2-g/high_precision_20260326_164052/log/dda_fi.lines.stderr.log
dda_fi,DDA,ssa+fi,lines,"[pta] UNHANDLED:   %2151 = landingpad { i8*, i32 }",/home/jimi/PaperExperiment/CompilerOptimization/Result/flatbuffers/dg/dg-LLVM14-O2-g/high_precision_20260326_164052/log/dda_fi.lines.stderr.log
dda_fi,DDA,ssa+fi,lines,"[pta] UNHANDLED:   %2153 = landingpad { i8*, i32 }",/home/jimi/PaperExperiment/CompilerOptimization/Result/flatbuffers/dg/dg-LLVM14-O2-g/high_precision_20260326_164052/log/dda_fi.lines.stderr.log
dda_fi,DDA,ssa+fi,lines,"[pta] UNHANDLED:   %455 = invoke noundef i8* @_ZNSt7__cxx1112basic_stringIcSt11char_traitsIcESaIcEE9_M_createERmm(%""class.std::__cxx11::basic_string""* noundef nonnull align 8 dereferenceable(32) %451, i64* noundef nonnull align 8 dereferenceable(8) %18, i64 noundef 0)",/home/jimi/PaperExperiment/CompilerOptimization/Result/flatbuffers/dg/dg-LLVM14-O2-g/high_precision_20260326_164052/log/dda_fi.lines.stderr.log
dda_fi,DDA,ssa+fi,lines,"[pta] UNHANDLED:   invoke void @_ZN11flatbuffers20NewDartCodeGeneratorEv(%""class.std::unique_ptr.151""* nonnull sret(%""class.std::unique_ptr.151"") align 8 %36)",/home/jimi/PaperExperiment/CompilerOptimization/Result/flatbuffers/dg/dg-LLVM14-O2-g/high_precision_20260326_164052/log/dda_fi.lines.stderr.log
dda_fi,DDA,ssa+fi,lines,"[pta] UNHANDLED:   %2199 = landingpad { i8*, i32 }",/home/jimi/PaperExperiment/CompilerOptimization/Result/flatbuffers/dg/dg-LLVM14-O2-g/high_precision_20260326_164052/log/dda_fi.lines.stderr.log
dda_fi,DDA,ssa+fi,lines,"[pta] UNHANDLED:   invoke void @_ZNSt12__shared_ptrIN11flatbuffers13CodeGeneratorELN9__gnu_cxx12_Lock_policyE2EEC2IS1_St14default_deleteIS1_EvEEOSt10unique_ptrIT_T0_E(%""class.std::__shared_ptr""* noundef nonnull align 8 dereferenceable(16) %465, %""class.std::unique_ptr.151""* noundef nonnull align 8 dereferenceable(8) %36)",/home/jimi/PaperExperiment/CompilerOptimization/Result/flatbuffers/dg/dg-LLVM14-O2-g/high_precision_20260326_164052/log/dda_fi.lines.stderr.log
dda_fi,DDA,ssa+fi,lines,"[pta] UNHANDLED:   %2183 = landingpad { i8*, i32 }",/home/jimi/PaperExperiment/CompilerOptimization/Result/flatbuffers/dg/dg-LLVM14-O2-g/high_precision_20260326_164052/log/dda_fi.lines.stderr.log
dda_fi,DDA,ssa+fi,lines,"[pta] UNHANDLED:   %467 = invoke noundef zeroext i1 bitcast (i1 (%""class.flatbuffers::FlatCompiler""*, %""struct.flatbuffers::FlatCOption""*, %""class.std::shared_ptr""*)* @_ZN11flatbuffers12FlatCompiler21RegisterCodeGeneratorERKNS_11FlatCOptionESt10shared_ptrINS_13CodeGeneratorEE to i1 (%""class.flatbuffers::FlatCompiler.2328""*, %""struct.flatbuffers::FlatCOption""*, %""class.std::shared_ptr""*)*)(%""class.flatbuffers::FlatCompiler.2328""* noundef nonnull align 8 dereferenceable(64) %24, %""struct.flatbuffers::FlatCOption""* noundef nonnull align 8 dereferenceable(128) %34, %""class.std::shared_ptr""* noundef nonnull %35)",/home/jimi/PaperExperiment/CompilerOptimization/Result/flatbuffers/dg/dg-LLVM14-O2-g/high_precision_20260326_164052/log/dda_fi.lines.stderr.log
dda_fi,DDA,ssa+fi,lines,"[pta] UNHANDLED:   %2185 = landingpad { i8*, i32 }",/home/jimi/PaperExperiment/CompilerOptimization/Result/flatbuffers/dg/dg-LLVM14-O2-g/high_precision_20260326_164052/log/dda_fi.lines.stderr.log
dda_fi,DDA,ssa+fi,lines,"[pta] UNHANDLED:   %2187 = landingpad { i8*, i32 }",/home/jimi/PaperExperiment/CompilerOptimization/Result/flatbuffers/dg/dg-LLVM14-O2-g/high_precision_20260326_164052/log/dda_fi.lines.stderr.log
dda_fi,DDA,ssa+fi,lines,"[pta] UNHANDLED:   %556 = invoke noundef i8* @_ZNSt7__cxx1112basic_stringIcSt11char_traitsIcESaIcEE9_M_createERmm(%""class.std::__cxx11::basic_string""* noundef nonnull align 8 dereferenceable(32) %552, i64* noundef nonnull align 8 dereferenceable(8) %17, i64 noundef 0)",/home/jimi/PaperExperiment/CompilerOptimization/Result/flatbuffers/dg/dg-LLVM14-O2-g/high_precision_20260326_164052/log/dda_fi.lines.stderr.log
dda_fi,DDA,ssa+fi,lines,"[pta] UNHANDLED:   invoke void @_ZN11flatbuffers19NewFBSCodeGeneratorEb(%""class.std::unique_ptr.151""* nonnull sret(%""class.std::unique_ptr.151"") align 8 %39, i1 noundef zeroext false)",/home/jimi/PaperExperiment/CompilerOptimization/Result/flatbuffers/dg/dg-LLVM14-O2-g/high_precision_20260326_164052/log/dda_fi.lines.stderr.log
dda_fi,DDA,ssa+fi,lines,"[pta] UNHANDLED:   %2233 = landingpad { i8*, i32 }",/home/jimi/PaperExperiment/CompilerOptimization/Result/flatbuffers/dg/dg-LLVM14-O2-g/high_precision_20260326_164052/log/dda_fi.lines.stderr.log
dda_fi,DDA,ssa+fi,lines,"[pta] UNHANDLED:   invoke void @_ZNSt12__shared_ptrIN11flatbuffers13CodeGeneratorELN9__gnu_cxx12_Lock_policyE2EEC2IS1_St14default_deleteIS1_EvEEOSt10unique_ptrIT_T0_E(%""class.std::__shared_ptr""* noundef nonnull align 8 dereferenceable(16) %566, %""class.std::unique_ptr.151""* noundef nonnull align 8 dereferenceable(8) %39)",/home/jimi/PaperExperiment/CompilerOptimization/Result/flatbuffers/dg/dg-LLVM14-O2-g/high_precision_20260326_164052/log/dda_fi.lines.stderr.log
dda_fi,DDA,ssa+fi,lines,"[pta] UNHANDLED:   %2217 = landingpad { i8*, i32 }",/home/jimi/PaperExperiment/CompilerOptimization/Result/flatbuffers/dg/dg-LLVM14-O2-g/high_precision_20260326_164052/log/dda_fi.lines.stderr.log
dda_fi,DDA,ssa+fi,lines,"[pta] UNHANDLED:   %568 = invoke noundef zeroext i1 bitcast (i1 (%""class.flatbuffers::FlatCompiler""*, %""struct.flatbuffers::FlatCOption""*, %""class.std::shared_ptr""*)* @_ZN11flatbuffers12FlatCompiler21RegisterCodeGeneratorERKNS_11FlatCOptionESt10shared_ptrINS_13CodeGeneratorEE to i1 (%""class.flatbuffers::FlatCompiler.2328""*, %""struct.flatbuffers::FlatCOption""*, %""class.std::shared_ptr""*)*)(%""class.flatbuffers::FlatCompiler.2328""* noundef nonnull align 8 dereferenceable(64) %24, %""struct.flatbuffers::FlatCOption""* noundef nonnull align 8 dereferenceable(128) %37, %""class.std::shared_ptr""* noundef nonnull %38)",/home/jimi/PaperExperiment/CompilerOptimization/Result/flatbuffers/dg/dg-LLVM14-O2-g/high_precision_20260326_164052/log/dda_fi.lines.stderr.log
dda_fi,DDA,ssa+fi,lines,"[pta] UNHANDLED:   %2219 = landingpad { i8*, i32 }",/home/jimi/PaperExperiment/CompilerOptimization/Result/flatbuffers/dg/dg-LLVM14-O2-g/high_precision_20260326_164052/log/dda_fi.lines.stderr.log
dda_fi,DDA,ssa+fi,lines,"[pta] UNHANDLED:   %2221 = landingpad { i8*, i32 }",/home/jimi/PaperExperiment/CompilerOptimization/Result/flatbuffers/dg/dg-LLVM14-O2-g/high_precision_20260326_164052/log/dda_fi.lines.stderr.log
dda_fi,DDA,ssa+fi,lines,"[pta] UNHANDLED:   %659 = invoke noundef i8* @_ZNSt7__cxx1112basic_stringIcSt11char_traitsIcESaIcEE9_M_createERmm(%""class.std::__cxx11::basic_string""* noundef nonnull align 8 dereferenceable(32) %655, i64* noundef nonnull align 8 dereferenceable(8) %16, i64 noundef 0)",/home/jimi/PaperExperiment/CompilerOptimization/Result/flatbuffers/dg/dg-LLVM14-O2-g/high_precision_20260326_164052/log/dda_fi.lines.stderr.log
dda_fi,DDA,ssa+fi,lines,"[pta] UNHANDLED:   invoke void @_ZN11flatbuffers18NewGoCodeGeneratorEv(%""class.std::unique_ptr.151""* nonnull sret(%""class.std::unique_ptr.151"") align 8 %42)",/home/jimi/PaperExperiment/CompilerOptimization/Result/flatbuffers/dg/dg-LLVM14-O2-g/high_precision_20260326_164052/log/dda_fi.lines.stderr.log
dda_fi,DDA,ssa+fi,lines,"[pta] UNHANDLED:   %2267 = landingpad { i8*, i32 }",/home/jimi/PaperExperiment/CompilerOptimization/Result/flatbuffers/dg/dg-LLVM14-O2-g/high_precision_20260326_164052/log/dda_fi.lines.stderr.log
dda_fi,DDA,ssa+fi,lines,"[pta] UNHANDLED:   invoke void @_ZNSt12__shared_ptrIN11flatbuffers13CodeGeneratorELN9__gnu_cxx12_Lock_policyE2EEC2IS1_St14default_deleteIS1_EvEEOSt10unique_ptrIT_T0_E(%""class.std::__shared_ptr""* noundef nonnull align 8 dereferenceable(16) %669, %""class.std::unique_ptr.151""* noundef nonnull align 8 dereferenceable(8) %42)",/home/jimi/PaperExperiment/CompilerOptimization/Result/flatbuffers/dg/dg-LLVM14-O2-g/high_precision_20260326_164052/log/dda_fi.lines.stderr.log
dda_fi,DDA,ssa+fi,lines,"[pta] UNHANDLED:   %2251 = landingpad { i8*, i32 }",/home/jimi/PaperExperiment/CompilerOptimization/Result/flatbuffers/dg/dg-LLVM14-O2-g/high_precision_20260326_164052/log/dda_fi.lines.stderr.log
dda_fi,DDA,ssa+fi,lines,"[pta] UNHANDLED:   %671 = invoke noundef zeroext i1 bitcast (i1 (%""class.flatbuffers::FlatCompiler""*, %""struct.flatbuffers::FlatCOption""*, %""class.std::shared_ptr""*)* @_ZN11flatbuffers12FlatCompiler21RegisterCodeGeneratorERKNS_11FlatCOptionESt10shared_ptrINS_13CodeGeneratorEE to i1 (%""class.flatbuffers::FlatCompiler.2328""*, %""struct.flatbuffers::FlatCOption""*, %""class.std::shared_ptr""*)*)(%""class.flatbuffers::FlatCompiler.2328""* noundef nonnull align 8 dereferenceable(64) %24, %""struct.flatbuffers::FlatCOption""* noundef nonnull align 8 dereferenceable(128) %40, %""class.std::shared_ptr""* noundef nonnull %41)",/home/jimi/PaperExperiment/CompilerOptimization/Result/flatbuffers/dg/dg-LLVM14-O2-g/high_precision_20260326_164052/log/dda_fi.lines.stderr.log
dda_fi,DDA,ssa+fi,lines,"[pta] UNHANDLED:   %2253 = landingpad { i8*, i32 }",/home/jimi/PaperExperiment/CompilerOptimization/Result/flatbuffers/dg/dg-LLVM14-O2-g/high_precision_20260326_164052/log/dda_fi.lines.stderr.log
dda_fi,DDA,ssa+fi,lines,"[pta] UNHANDLED:   %2255 = landingpad { i8*, i32 }",/home/jimi/PaperExperiment/CompilerOptimization/Result/flatbuffers/dg/dg-LLVM14-O2-g/high_precision_20260326_164052/log/dda_fi.lines.stderr.log
dda_fi,DDA,ssa+fi,lines,"[pta] UNHANDLED:   %762 = invoke noundef i8* @_ZNSt7__cxx1112basic_stringIcSt11char_traitsIcESaIcEE9_M_createERmm(%""class.std::__cxx11::basic_string""* noundef nonnull align 8 dereferenceable(32) %758, i64* noundef nonnull align 8 dereferenceable(8) %15, i64 noundef 0)",/home/jimi/PaperExperiment/CompilerOptimization/Result/flatbuffers/dg/dg-LLVM14-O2-g/high_precision_20260326_164052/log/dda_fi.lines.stderr.log
dda_fi,DDA,ssa+fi,lines,"[pta] UNHANDLED:   invoke void @_ZN11flatbuffers20NewJavaCodeGeneratorEv(%""class.std::unique_ptr.151""* nonnull sret(%""class.std::unique_ptr.151"") align 8 %45)",/home/jimi/PaperExperiment/CompilerOptimization/Result/flatbuffers/dg/dg-LLVM14-O2-g/high_precision_20260326_164052/log/dda_fi.lines.stderr.log
dda_fi,DDA,ssa+fi,lines,"[pta] UNHANDLED:   %2301 = landingpad { i8*, i32 }",/home/jimi/PaperExperiment/CompilerOptimization/Result/flatbuffers/dg/dg-LLVM14-O2-g/high_precision_20260326_164052/log/dda_fi.lines.stderr.log
dda_fi,DDA,ssa+fi,lines,"[pta] UNHANDLED:   invoke void @_ZNSt12__shared_ptrIN11flatbuffers13CodeGeneratorELN9__gnu_cxx12_Lock_policyE2EEC2IS1_St14default_deleteIS1_EvEEOSt10unique_ptrIT_T0_E(%""class.std::__shared_ptr""* noundef nonnull align 8 dereferenceable(16) %772, %""class.std::unique_ptr.151""* noundef nonnull align 8 dereferenceable(8) %45)",/home/jimi/PaperExperiment/CompilerOptimization/Result/flatbuffers/dg/dg-LLVM14-O2-g/high_precision_20260326_164052/log/dda_fi.lines.stderr.log
dda_fi,DDA,ssa+fi,lines,"[pta] UNHANDLED:   %2285 = landingpad { i8*, i32 }",/home/jimi/PaperExperiment/CompilerOptimization/Result/flatbuffers/dg/dg-LLVM14-O2-g/high_precision_20260326_164052/log/dda_fi.lines.stderr.log
dda_fi,DDA,ssa+fi,lines,"[pta] UNHANDLED:   %774 = invoke noundef zeroext i1 bitcast (i1 (%""class.flatbuffers::FlatCompiler""*, %""struct.flatbuffers::FlatCOption""*, %""class.std::shared_ptr""*)* @_ZN11flatbuffers12FlatCompiler21RegisterCodeGeneratorERKNS_11FlatCOptionESt10shared_ptrINS_13CodeGeneratorEE to i1 (%""class.flatbuffers::FlatCompiler.2328""*, %""struct.flatbuffers::FlatCOption""*, %""class.std::shared_ptr""*)*)(%""class.flatbuffers::FlatCompiler.2328""* noundef nonnull align 8 dereferenceable(64) %24, %""struct.flatbuffers::FlatCOption""* noundef nonnull align 8 dereferenceable(128) %43, %""class.std::shared_ptr""* noundef nonnull %44)",/home/jimi/PaperExperiment/CompilerOptimization/Result/flatbuffers/dg/dg-LLVM14-O2-g/high_precision_20260326_164052/log/dda_fi.lines.stderr.log
dda_fi,DDA,ssa+fi,lines,"[pta] UNHANDLED:   %2287 = landingpad { i8*, i32 }",/home/jimi/PaperExperiment/CompilerOptimization/Result/flatbuffers/dg/dg-LLVM14-O2-g/high_precision_20260326_164052/log/dda_fi.lines.stderr.log
dda_fi,DDA,ssa+fi,lines,"[pta] UNHANDLED:   %2289 = landingpad { i8*, i32 }",/home/jimi/PaperExperiment/CompilerOptimization/Result/flatbuffers/dg/dg-LLVM14-O2-g/high_precision_20260326_164052/log/dda_fi.lines.stderr.log
dda_fi,DDA,ssa+fi,lines,"[pta] UNHANDLED:   %863 = invoke noundef i8* @_ZNSt7__cxx1112basic_stringIcSt11char_traitsIcESaIcEE9_M_createERmm(%""class.std::__cxx11::basic_string""* noundef nonnull align 8 dereferenceable(32) %859, i64* noundef nonnull align 8 dereferenceable(8) %14, i64 noundef 0)",/home/jimi/PaperExperiment/CompilerOptimization/Result/flatbuffers/dg/dg-LLVM14-O2-g/high_precision_20260326_164052/log/dda_fi.lines.stderr.log
dda_fi,DDA,ssa+fi,lines,"[pta] UNHANDLED:   invoke void @_ZN11flatbuffers26NewJsonSchemaCodeGeneratorEv(%""class.std::unique_ptr.151""* nonnull sret(%""class.std::unique_ptr.151"") align 8 %48)",/home/jimi/PaperExperiment/CompilerOptimization/Result/flatbuffers/dg/dg-LLVM14-O2-g/high_precision_20260326_164052/log/dda_fi.lines.stderr.log
dda_fi,DDA,ssa+fi,lines,"[pta] UNHANDLED:   %2335 = landingpad { i8*, i32 }",/home/jimi/PaperExperiment/CompilerOptimization/Result/flatbuffers/dg/dg-LLVM14-O2-g/high_precision_20260326_164052/log/dda_fi.lines.stderr.log
dda_fi,DDA,ssa+fi,lines,"[pta] UNHANDLED:   invoke void @_ZNSt12__shared_ptrIN11flatbuffers13CodeGeneratorELN9__gnu_cxx12_Lock_policyE2EEC2IS1_St14default_deleteIS1_EvEEOSt10unique_ptrIT_T0_E(%""class.std::__shared_ptr""* noundef nonnull align 8 dereferenceable(16) %873, %""class.std::unique_ptr.151""* noundef nonnull align 8 dereferenceable(8) %48)",/home/jimi/PaperExperiment/CompilerOptimization/Result/flatbuffers/dg/dg-LLVM14-O2-g/high_precision_20260326_164052/log/dda_fi.lines.stderr.log
dda_fi,DDA,ssa+fi,lines,"[pta] UNHANDLED:   %2319 = landingpad { i8*, i32 }",/home/jimi/PaperExperiment/CompilerOptimization/Result/flatbuffers/dg/dg-LLVM14-O2-g/high_precision_20260326_164052/log/dda_fi.lines.stderr.log
dda_fi,DDA,ssa+fi,lines,"[pta] UNHANDLED:   %875 = invoke noundef zeroext i1 bitcast (i1 (%""class.flatbuffers::FlatCompiler""*, %""struct.flatbuffers::FlatCOption""*, %""class.std::shared_ptr""*)* @_ZN11flatbuffers12FlatCompiler21RegisterCodeGeneratorERKNS_11FlatCOptionESt10shared_ptrINS_13CodeGeneratorEE to i1 (%""class.flatbuffers::FlatCompiler.2328""*, %""struct.flatbuffers::FlatCOption""*, %""class.std::shared_ptr""*)*)(%""class.flatbuffers::FlatCompiler.2328""* noundef nonnull align 8 dereferenceable(64) %24, %""struct.flatbuffers::FlatCOption""* noundef nonnull align 8 dereferenceable(128) %46, %""class.std::shared_ptr""* noundef nonnull %47)",/home/jimi/PaperExperiment/CompilerOptimization/Result/flatbuffers/dg/dg-LLVM14-O2-g/high_precision_20260326_164052/log/dda_fi.lines.stderr.log
dda_fi,DDA,ssa+fi,lines,"[pta] UNHANDLED:   %2321 = landingpad { i8*, i32 }",/home/jimi/PaperExperiment/CompilerOptimization/Result/flatbuffers/dg/dg-LLVM14-O2-g/high_precision_20260326_164052/log/dda_fi.lines.stderr.log
dda_fi,DDA,ssa+fi,lines,"[pta] UNHANDLED:   %2323 = landingpad { i8*, i32 }",/home/jimi/PaperExperiment/CompilerOptimization/Result/flatbuffers/dg/dg-LLVM14-O2-g/high_precision_20260326_164052/log/dda_fi.lines.stderr.log
dda_fi,DDA,ssa+fi,lines,"[pta] UNHANDLED:   %964 = invoke noundef i8* @_ZNSt7__cxx1112basic_stringIcSt11char_traitsIcESaIcEE9_M_createERmm(%""class.std::__cxx11::basic_string""* noundef nonnull align 8 dereferenceable(32) %960, i64* noundef nonnull align 8 dereferenceable(8) %13, i64 noundef 0)",/home/jimi/PaperExperiment/CompilerOptimization/Result/flatbuffers/dg/dg-LLVM14-O2-g/high_precision_20260326_164052/log/dda_fi.lines.stderr.log
dda_fi,DDA,ssa+fi,lines,"[pta] UNHANDLED:   invoke void @_ZN11flatbuffers22NewKotlinCodeGeneratorEv(%""class.std::unique_ptr.151""* nonnull sret(%""class.std::unique_ptr.151"") align 8 %51)",/home/jimi/PaperExperiment/CompilerOptimization/Result/flatbuffers/dg/dg-LLVM14-O2-g/high_precision_20260326_164052/log/dda_fi.lines.stderr.log
dda_fi,DDA,ssa+fi,lines,"[pta] UNHANDLED:   %2369 = landingpad { i8*, i32 }",/home/jimi/PaperExperiment/CompilerOptimization/Result/flatbuffers/dg/dg-LLVM14-O2-g/high_precision_20260326_164052/log/dda_fi.lines.stderr.log
dda_fi,DDA,ssa+fi,lines,"[pta] UNHANDLED:   invoke void @_ZNSt12__shared_ptrIN11flatbuffers13CodeGeneratorELN9__gnu_cxx12_Lock_policyE2EEC2IS1_St14default_deleteIS1_EvEEOSt10unique_ptrIT_T0_E(%""class.std::__shared_ptr""* noundef nonnull align 8 dereferenceable(16) %974, %""class.std::unique_ptr.151""* noundef nonnull align 8 dereferenceable(8) %51)",/home/jimi/PaperExperiment/CompilerOptimization/Result/flatbuffers/dg/dg-LLVM14-O2-g/high_precision_20260326_164052/log/dda_fi.lines.stderr.log
dda_fi,DDA,ssa+fi,lines,"[pta] UNHANDLED:   %2353 = landingpad { i8*, i32 }",/home/jimi/PaperExperiment/CompilerOptimization/Result/flatbuffers/dg/dg-LLVM14-O2-g/high_precision_20260326_164052/log/dda_fi.lines.stderr.log
dda_fi,DDA,ssa+fi,lines,"[pta] UNHANDLED:   %976 = invoke noundef zeroext i1 bitcast (i1 (%""class.flatbuffers::FlatCompiler""*, %""struct.flatbuffers::FlatCOption""*, %""class.std::shared_ptr""*)* @_ZN11flatbuffers12FlatCompiler21RegisterCodeGeneratorERKNS_11FlatCOptionESt10shared_ptrINS_13CodeGeneratorEE to i1 (%""class.flatbuffers::FlatCompiler.2328""*, %""struct.flatbuffers::FlatCOption""*, %""class.std::shared_ptr""*)*)(%""class.flatbuffers::FlatCompiler.2328""* noundef nonnull align 8 dereferenceable(64) %24, %""struct.flatbuffers::FlatCOption""* noundef nonnull align 8 dereferenceable(128) %49, %""class.std::shared_ptr""* noundef nonnull %50)",/home/jimi/PaperExperiment/CompilerOptimization/Result/flatbuffers/dg/dg-LLVM14-O2-g/high_precision_20260326_164052/log/dda_fi.lines.stderr.log
dda_fi,DDA,ssa+fi,lines,"[pta] UNHANDLED:   %2355 = landingpad { i8*, i32 }",/home/jimi/PaperExperiment/CompilerOptimization/Result/flatbuffers/dg/dg-LLVM14-O2-g/high_precision_20260326_164052/log/dda_fi.lines.stderr.log
dda_fi,DDA,ssa+fi,lines,"[pta] UNHANDLED:   %2357 = landingpad { i8*, i32 }",/home/jimi/PaperExperiment/CompilerOptimization/Result/flatbuffers/dg/dg-LLVM14-O2-g/high_precision_20260326_164052/log/dda_fi.lines.stderr.log
dda_fi,DDA,ssa+fi,lines,"[pta] UNHANDLED:   %1065 = invoke noundef i8* @_ZNSt7__cxx1112basic_stringIcSt11char_traitsIcESaIcEE9_M_createERmm(%""class.std::__cxx11::basic_string""* noundef nonnull align 8 dereferenceable(32) %1061, i64* noundef nonnull align 8 dereferenceable(8) %12, i64 noundef 0)",/home/jimi/PaperExperiment/CompilerOptimization/Result/flatbuffers/dg/dg-LLVM14-O2-g/high_precision_20260326_164052/log/dda_fi.lines.stderr.log
dda_fi,DDA,ssa+fi,lines,"[pta] UNHANDLED:   invoke void @_ZN11flatbuffers25NewKotlinKMPCodeGeneratorEv(%""class.std::unique_ptr.151""* nonnull sret(%""class.std::unique_ptr.151"") align 8 %54)",/home/jimi/PaperExperiment/CompilerOptimization/Result/flatbuffers/dg/dg-LLVM14-O2-g/high_precision_20260326_164052/log/dda_fi.lines.stderr.log
dda_fi,DDA,ssa+fi,lines,"[pta] UNHANDLED:   %2403 = landingpad { i8*, i32 }",/home/jimi/PaperExperiment/CompilerOptimization/Result/flatbuffers/dg/dg-LLVM14-O2-g/high_precision_20260326_164052/log/dda_fi.lines.stderr.log
dda_fi,DDA,ssa+fi,lines,"[pta] UNHANDLED:   invoke void @_ZNSt12__shared_ptrIN11flatbuffers13CodeGeneratorELN9__gnu_cxx12_Lock_policyE2EEC2IS1_St14default_deleteIS1_EvEEOSt10unique_ptrIT_T0_E(%""class.std::__shared_ptr""* noundef nonnull align 8 dereferenceable(16) %1075, %""class.std::unique_ptr.151""* noundef nonnull align 8 dereferenceable(8) %54)",/home/jimi/PaperExperiment/CompilerOptimization/Result/flatbuffers/dg/dg-LLVM14-O2-g/high_precision_20260326_164052/log/dda_fi.lines.stderr.log
dda_fi,DDA,ssa+fi,lines,"[pta] UNHANDLED:   %2387 = landingpad { i8*, i32 }",/home/jimi/PaperExperiment/CompilerOptimization/Result/flatbuffers/dg/dg-LLVM14-O2-g/high_precision_20260326_164052/log/dda_fi.lines.stderr.log
dda_fi,DDA,ssa+fi,lines,"[pta] UNHANDLED:   %1077 = invoke noundef zeroext i1 bitcast (i1 (%""class.flatbuffers::FlatCompiler""*, %""struct.flatbuffers::FlatCOption""*, %""class.std::shared_ptr""*)* @_ZN11flatbuffers12FlatCompiler21RegisterCodeGeneratorERKNS_11FlatCOptionESt10shared_ptrINS_13CodeGeneratorEE to i1 (%""class.flatbuffers::FlatCompiler.2328""*, %""struct.flatbuffers::FlatCOption""*, %""class.std::shared_ptr""*)*)(%""class.flatbuffers::FlatCompiler.2328""* noundef nonnull align 8 dereferenceable(64) %24, %""struct.flatbuffers::FlatCOption""* noundef nonnull align 8 dereferenceable(128) %52, %""class.std::shared_ptr""* noundef nonnull %53)",/home/jimi/PaperExperiment/CompilerOptimization/Result/flatbuffers/dg/dg-LLVM14-O2-g/high_precision_20260326_164052/log/dda_fi.lines.stderr.log
dda_fi,DDA,ssa+fi,lines,"[pta] UNHANDLED:   %2389 = landingpad { i8*, i32 }",/home/jimi/PaperExperiment/CompilerOptimization/Result/flatbuffers/dg/dg-LLVM14-O2-g/high_precision_20260326_164052/log/dda_fi.lines.stderr.log
dda_fi,DDA,ssa+fi,lines,"[pta] UNHANDLED:   %2391 = landingpad { i8*, i32 }",/home/jimi/PaperExperiment/CompilerOptimization/Result/flatbuffers/dg/dg-LLVM14-O2-g/high_precision_20260326_164052/log/dda_fi.lines.stderr.log
dda_fi,DDA,ssa+fi,lines,"[pta] UNHANDLED:   %1166 = invoke noundef i8* @_ZNSt7__cxx1112basic_stringIcSt11char_traitsIcESaIcEE9_M_createERmm(%""class.std::__cxx11::basic_string""* noundef nonnull align 8 dereferenceable(32) %1162, i64* noundef nonnull align 8 dereferenceable(8) %11, i64 noundef 0)",/home/jimi/PaperExperiment/CompilerOptimization/Result/flatbuffers/dg/dg-LLVM14-O2-g/high_precision_20260326_164052/log/dda_fi.lines.stderr.log
dda_fi,DDA,ssa+fi,lines,"[pta] UNHANDLED:   invoke void @_ZN11flatbuffers23NewLobsterCodeGeneratorEv(%""class.std::unique_ptr.151""* nonnull sret(%""class.std::unique_ptr.151"") align 8 %57)",/home/jimi/PaperExperiment/CompilerOptimization/Result/flatbuffers/dg/dg-LLVM14-O2-g/high_precision_20260326_164052/log/dda_fi.lines.stderr.log
dda_fi,DDA,ssa+fi,lines,"[pta] UNHANDLED:   %2437 = landingpad { i8*, i32 }",/home/jimi/PaperExperiment/CompilerOptimization/Result/flatbuffers/dg/dg-LLVM14-O2-g/high_precision_20260326_164052/log/dda_fi.lines.stderr.log
dda_fi,DDA,ssa+fi,lines,"[pta] UNHANDLED:   invoke void @_ZNSt12__shared_ptrIN11flatbuffers13CodeGeneratorELN9__gnu_cxx12_Lock_policyE2EEC2IS1_St14default_deleteIS1_EvEEOSt10unique_ptrIT_T0_E(%""class.std::__shared_ptr""* noundef nonnull align 8 dereferenceable(16) %1176, %""class.std::unique_ptr.151""* noundef nonnull align 8 dereferenceable(8) %57)",/home/jimi/PaperExperiment/CompilerOptimization/Result/flatbuffers/dg/dg-LLVM14-O2-g/high_precision_20260326_164052/log/dda_fi.lines.stderr.log
dda_fi,DDA,ssa+fi,lines,"[pta] UNHANDLED:   %2421 = landingpad { i8*, i32 }",/home/jimi/PaperExperiment/CompilerOptimization/Result/flatbuffers/dg/dg-LLVM14-O2-g/high_precision_20260326_164052/log/dda_fi.lines.stderr.log
dda_fi,DDA,ssa+fi,lines,"[pta] UNHANDLED:   %1178 = invoke noundef zeroext i1 bitcast (i1 (%""class.flatbuffers::FlatCompiler""*, %""struct.flatbuffers::FlatCOption""*, %""class.std::shared_ptr""*)* @_ZN11flatbuffers12FlatCompiler21RegisterCodeGeneratorERKNS_11FlatCOptionESt10shared_ptrINS_13CodeGeneratorEE to i1 (%""class.flatbuffers::FlatCompiler.2328""*, %""struct.flatbuffers::FlatCOption""*, %""class.std::shared_ptr""*)*)(%""class.flatbuffers::FlatCompiler.2328""* noundef nonnull align 8 dereferenceable(64) %24, %""struct.flatbuffers::FlatCOption""* noundef nonnull align 8 dereferenceable(128) %55, %""class.std::shared_ptr""* noundef nonnull %56)",/home/jimi/PaperExperiment/CompilerOptimization/Result/flatbuffers/dg/dg-LLVM14-O2-g/high_precision_20260326_164052/log/dda_fi.lines.stderr.log
dda_fi,DDA,ssa+fi,lines,"[pta] UNHANDLED:   %2423 = landingpad { i8*, i32 }",/home/jimi/PaperExperiment/CompilerOptimization/Result/flatbuffers/dg/dg-LLVM14-O2-g/high_precision_20260326_164052/log/dda_fi.lines.stderr.log
dda_fi,DDA,ssa+fi,lines,"[pta] UNHANDLED:   %2425 = landingpad { i8*, i32 }",/home/jimi/PaperExperiment/CompilerOptimization/Result/flatbuffers/dg/dg-LLVM14-O2-g/high_precision_20260326_164052/log/dda_fi.lines.stderr.log
dda_fi,DDA,ssa+fi,lines,"[pta] UNHANDLED:   %1268 = invoke noundef i8* @_ZNSt7__cxx1112basic_stringIcSt11char_traitsIcESaIcEE9_M_createERmm(%""class.std::__cxx11::basic_string""* noundef nonnull align 8 dereferenceable(32) %1264, i64* noundef nonnull align 8 dereferenceable(8) %10, i64 noundef 0)",/home/jimi/PaperExperiment/CompilerOptimization/Result/flatbuffers/dg/dg-LLVM14-O2-g/high_precision_20260326_164052/log/dda_fi.lines.stderr.log
dda_fi,DDA,ssa+fi,lines,"[pta] UNHANDLED:   invoke void @_ZN11flatbuffers19NewLuaBfbsGeneratorERKNSt7__cxx1112basic_stringIcSt11char_traitsIcESaIcEEE(%""class.std::unique_ptr.151""* nonnull sret(%""class.std::unique_ptr.151"") align 8 %60, %""class.std::__cxx11::basic_string""* noundef nonnull align 8 dereferenceable(32) %23)",/home/jimi/PaperExperiment/CompilerOptimization/Result/flatbuffers/dg/dg-LLVM14-O2-g/high_precision_20260326_164052/log/dda_fi.lines.stderr.log
dda_fi,DDA,ssa+fi,lines,"[pta] UNHANDLED:   %2471 = landingpad { i8*, i32 }",/home/jimi/PaperExperiment/CompilerOptimization/Result/flatbuffers/dg/dg-LLVM14-O2-g/high_precision_20260326_164052/log/dda_fi.lines.stderr.log
dda_fi,DDA,ssa+fi,lines,"[pta] UNHANDLED:   invoke void @_ZNSt12__shared_ptrIN11flatbuffers13CodeGeneratorELN9__gnu_cxx12_Lock_policyE2EEC2IS1_St14default_deleteIS1_EvEEOSt10unique_ptrIT_T0_E(%""class.std::__shared_ptr""* noundef nonnull align 8 dereferenceable(16) %1278, %""class.std::unique_ptr.151""* noundef nonnull align 8 dereferenceable(8) %60)",/home/jimi/PaperExperiment/CompilerOptimization/Result/flatbuffers/dg/dg-LLVM14-O2-g/high_precision_20260326_164052/log/dda_fi.lines.stderr.log
dda_fi,DDA,ssa+fi,lines,"[pta] UNHANDLED:   %2455 = landingpad { i8*, i32 }",/home/jimi/PaperExperiment/CompilerOptimization/Result/flatbuffers/dg/dg-LLVM14-O2-g/high_precision_20260326_164052/log/dda_fi.lines.stderr.log
dda_fi,DDA,ssa+fi,lines,"[pta] UNHANDLED:   %1280 = invoke noundef zeroext i1 bitcast (i1 (%""class.flatbuffers::FlatCompiler""*, %""struct.flatbuffers::FlatCOption""*, %""class.std::shared_ptr""*)* @_ZN11flatbuffers12FlatCompiler21RegisterCodeGeneratorERKNS_11FlatCOptionESt10shared_ptrINS_13CodeGeneratorEE to i1 (%""class.flatbuffers::FlatCompiler.2328""*, %""struct.flatbuffers::FlatCOption""*, %""class.std::shared_ptr""*)*)(%""class.flatbuffers::FlatCompiler.2328""* noundef nonnull align 8 dereferenceable(64) %24, %""struct.flatbuffers::FlatCOption""* noundef nonnull align 8 dereferenceable(128) %58, %""class.std::shared_ptr""* noundef nonnull %59)",/home/jimi/PaperExperiment/CompilerOptimization/Result/flatbuffers/dg/dg-LLVM14-O2-g/high_precision_20260326_164052/log/dda_fi.lines.stderr.log
dda_fi,DDA,ssa+fi,lines,"[pta] UNHANDLED:   %2457 = landingpad { i8*, i32 }",/home/jimi/PaperExperiment/CompilerOptimization/Result/flatbuffers/dg/dg-LLVM14-O2-g/high_precision_20260326_164052/log/dda_fi.lines.stderr.log
dda_fi,DDA,ssa+fi,lines,"[pta] UNHANDLED:   %2459 = landingpad { i8*, i32 }",/home/jimi/PaperExperiment/CompilerOptimization/Result/flatbuffers/dg/dg-LLVM14-O2-g/high_precision_20260326_164052/log/dda_fi.lines.stderr.log
dda_fi,DDA,ssa+fi,lines,"[pta] UNHANDLED:   %1369 = invoke noundef i8* @_ZNSt7__cxx1112basic_stringIcSt11char_traitsIcESaIcEE9_M_createERmm(%""class.std::__cxx11::basic_string""* noundef nonnull align 8 dereferenceable(32) %1365, i64* noundef nonnull align 8 dereferenceable(8) %9, i64 noundef 0)",/home/jimi/PaperExperiment/CompilerOptimization/Result/flatbuffers/dg/dg-LLVM14-O2-g/high_precision_20260326_164052/log/dda_fi.lines.stderr.log
dda_fi,DDA,ssa+fi,lines,"[pta] UNHANDLED:   invoke void @_ZN11flatbuffers19NewNimBfbsGeneratorERKNSt7__cxx1112basic_stringIcSt11char_traitsIcESaIcEEE(%""class.std::unique_ptr.151""* nonnull sret(%""class.std::unique_ptr.151"") align 8 %63, %""class.std::__cxx11::basic_string""* noundef nonnull align 8 dereferenceable(32) %23)",/home/jimi/PaperExperiment/CompilerOptimization/Result/flatbuffers/dg/dg-LLVM14-O2-g/high_precision_20260326_164052/log/dda_fi.lines.stderr.log
dda_fi,DDA,ssa+fi,lines,"[pta] UNHANDLED:   %2505 = landingpad { i8*, i32 }",/home/jimi/PaperExperiment/CompilerOptimization/Result/flatbuffers/dg/dg-LLVM14-O2-g/high_precision_20260326_164052/log/dda_fi.lines.stderr.log
dda_fi,DDA,ssa+fi,lines,"[pta] UNHANDLED:   invoke void @_ZNSt12__shared_ptrIN11flatbuffers13CodeGeneratorELN9__gnu_cxx12_Lock_policyE2EEC2IS1_St14default_deleteIS1_EvEEOSt10unique_ptrIT_T0_E(%""class.std::__shared_ptr""* noundef nonnull align 8 dereferenceable(16) %1379, %""class.std::unique_ptr.151""* noundef nonnull align 8 dereferenceable(8) %63)",/home/jimi/PaperExperiment/CompilerOptimization/Result/flatbuffers/dg/dg-LLVM14-O2-g/high_precision_20260326_164052/log/dda_fi.lines.stderr.log
dda_fi,DDA,ssa+fi,lines,"[pta] UNHANDLED:   %2489 = landingpad { i8*, i32 }",/home/jimi/PaperExperiment/CompilerOptimization/Result/flatbuffers/dg/dg-LLVM14-O2-g/high_precision_20260326_164052/log/dda_fi.lines.stderr.log
dda_fi,DDA,ssa+fi,lines,"[pta] UNHANDLED:   %1381 = invoke noundef zeroext i1 bitcast (i1 (%""class.flatbuffers::FlatCompiler""*, %""struct.flatbuffers::FlatCOption""*, %""class.std::shared_ptr""*)* @_ZN11flatbuffers12FlatCompiler21RegisterCodeGeneratorERKNS_11FlatCOptionESt10shared_ptrINS_13CodeGeneratorEE to i1 (%""class.flatbuffers::FlatCompiler.2328""*, %""struct.flatbuffers::FlatCOption""*, %""class.std::shared_ptr""*)*)(%""class.flatbuffers::FlatCompiler.2328""* noundef nonnull align 8 dereferenceable(64) %24, %""struct.flatbuffers::FlatCOption""* noundef nonnull align 8 dereferenceable(128) %61, %""class.std::shared_ptr""* noundef nonnull %62)",/home/jimi/PaperExperiment/CompilerOptimization/Result/flatbuffers/dg/dg-LLVM14-O2-g/high_precision_20260326_164052/log/dda_fi.lines.stderr.log
dda_fi,DDA,ssa+fi,lines,"[pta] UNHANDLED:   %2491 = landingpad { i8*, i32 }",/home/jimi/PaperExperiment/CompilerOptimization/Result/flatbuffers/dg/dg-LLVM14-O2-g/high_precision_20260326_164052/log/dda_fi.lines.stderr.log
dda_fi,DDA,ssa+fi,lines,"[pta] UNHANDLED:   %2493 = landingpad { i8*, i32 }",/home/jimi/PaperExperiment/CompilerOptimization/Result/flatbuffers/dg/dg-LLVM14-O2-g/high_precision_20260326_164052/log/dda_fi.lines.stderr.log
dda_fi,DDA,ssa+fi,lines,"[pta] UNHANDLED:   %1471 = invoke noundef i8* @_ZNSt7__cxx1112basic_stringIcSt11char_traitsIcESaIcEE9_M_createERmm(%""class.std::__cxx11::basic_string""* noundef nonnull align 8 dereferenceable(32) %1467, i64* noundef nonnull align 8 dereferenceable(8) %8, i64 noundef 0)",/home/jimi/PaperExperiment/CompilerOptimization/Result/flatbuffers/dg/dg-LLVM14-O2-g/high_precision_20260326_164052/log/dda_fi.lines.stderr.log
dda_fi,DDA,ssa+fi,lines,"[pta] UNHANDLED:   invoke void @_ZN11flatbuffers22NewPythonCodeGeneratorEv(%""class.std::unique_ptr.151""* nonnull sret(%""class.std::unique_ptr.151"") align 8 %66)",/home/jimi/PaperExperiment/CompilerOptimization/Result/flatbuffers/dg/dg-LLVM14-O2-g/high_precision_20260326_164052/log/dda_fi.lines.stderr.log
dda_fi,DDA,ssa+fi,lines,"[pta] UNHANDLED:   %2539 = landingpad { i8*, i32 }",/home/jimi/PaperExperiment/CompilerOptimization/Result/flatbuffers/dg/dg-LLVM14-O2-g/high_precision_20260326_164052/log/dda_fi.lines.stderr.log
dda_fi,DDA,ssa+fi,lines,"[pta] UNHANDLED:   invoke void @_ZNSt12__shared_ptrIN11flatbuffers13CodeGeneratorELN9__gnu_cxx12_Lock_policyE2EEC2IS1_St14default_deleteIS1_EvEEOSt10unique_ptrIT_T0_E(%""class.std::__shared_ptr""* noundef nonnull align 8 dereferenceable(16) %1481, %""class.std::unique_ptr.151""* noundef nonnull align 8 dereferenceable(8) %66)",/home/jimi/PaperExperiment/CompilerOptimization/Result/flatbuffers/dg/dg-LLVM14-O2-g/high_precision_20260326_164052/log/dda_fi.lines.stderr.log
dda_fi,DDA,ssa+fi,lines,"[pta] UNHANDLED:   %2523 = landingpad { i8*, i32 }",/home/jimi/PaperExperiment/CompilerOptimization/Result/flatbuffers/dg/dg-LLVM14-O2-g/high_precision_20260326_164052/log/dda_fi.lines.stderr.log
dda_fi,DDA,ssa+fi,lines,"[pta] UNHANDLED:   %1483 = invoke noundef zeroext i1 bitcast (i1 (%""class.flatbuffers::FlatCompiler""*, %""struct.flatbuffers::FlatCOption""*, %""class.std::shared_ptr""*)* @_ZN11flatbuffers12FlatCompiler21RegisterCodeGeneratorERKNS_11FlatCOptionESt10shared_ptrINS_13CodeGeneratorEE to i1 (%""class.flatbuffers::FlatCompiler.2328""*, %""struct.flatbuffers::FlatCOption""*, %""class.std::shared_ptr""*)*)(%""class.flatbuffers::FlatCompiler.2328""* noundef nonnull align 8 dereferenceable(64) %24, %""struct.flatbuffers::FlatCOption""* noundef nonnull align 8 dereferenceable(128) %64, %""class.std::shared_ptr""* noundef nonnull %65)",/home/jimi/PaperExperiment/CompilerOptimization/Result/flatbuffers/dg/dg-LLVM14-O2-g/high_precision_20260326_164052/log/dda_fi.lines.stderr.log
dda_fi,DDA,ssa+fi,lines,"[pta] UNHANDLED:   %2525 = landingpad { i8*, i32 }",/home/jimi/PaperExperiment/CompilerOptimization/Result/flatbuffers/dg/dg-LLVM14-O2-g/high_precision_20260326_164052/log/dda_fi.lines.stderr.log
dda_fi,DDA,ssa+fi,lines,"[pta] UNHANDLED:   %2527 = landingpad { i8*, i32 }",/home/jimi/PaperExperiment/CompilerOptimization/Result/flatbuffers/dg/dg-LLVM14-O2-g/high_precision_20260326_164052/log/dda_fi.lines.stderr.log
dda_fi,DDA,ssa+fi,lines,"[pta] UNHANDLED:   %1572 = invoke noundef i8* @_ZNSt7__cxx1112basic_stringIcSt11char_traitsIcESaIcEE9_M_createERmm(%""class.std::__cxx11::basic_string""* noundef nonnull align 8 dereferenceable(32) %1568, i64* noundef nonnull align 8 dereferenceable(8) %7, i64 noundef 0)",/home/jimi/PaperExperiment/CompilerOptimization/Result/flatbuffers/dg/dg-LLVM14-O2-g/high_precision_20260326_164052/log/dda_fi.lines.stderr.log
dda_fi,DDA,ssa+fi,lines,"[pta] UNHANDLED:   invoke void @_ZN11flatbuffers19NewPhpCodeGeneratorEv(%""class.std::unique_ptr.151""* nonnull sret(%""class.std::unique_ptr.151"") align 8 %69)",/home/jimi/PaperExperiment/CompilerOptimization/Result/flatbuffers/dg/dg-LLVM14-O2-g/high_precision_20260326_164052/log/dda_fi.lines.stderr.log
dda_fi,DDA,ssa+fi,lines,"[pta] UNHANDLED:   %2573 = landingpad { i8*, i32 }",/home/jimi/PaperExperiment/CompilerOptimization/Result/flatbuffers/dg/dg-LLVM14-O2-g/high_precision_20260326_164052/log/dda_fi.lines.stderr.log
dda_fi,DDA,ssa+fi,lines,"[pta] UNHANDLED:   invoke void @_ZNSt12__shared_ptrIN11flatbuffers13CodeGeneratorELN9__gnu_cxx12_Lock_policyE2EEC2IS1_St14default_deleteIS1_EvEEOSt10unique_ptrIT_T0_E(%""class.std::__shared_ptr""* noundef nonnull align 8 dereferenceable(16) %1582, %""class.std::unique_ptr.151""* noundef nonnull align 8 dereferenceable(8) %69)",/home/jimi/PaperExperiment/CompilerOptimization/Result/flatbuffers/dg/dg-LLVM14-O2-g/high_precision_20260326_164052/log/dda_fi.lines.stderr.log
dda_fi,DDA,ssa+fi,lines,"[pta] UNHANDLED:   %2557 = landingpad { i8*, i32 }",/home/jimi/PaperExperiment/CompilerOptimization/Result/flatbuffers/dg/dg-LLVM14-O2-g/high_precision_20260326_164052/log/dda_fi.lines.stderr.log
dda_fi,DDA,ssa+fi,lines,"[pta] UNHANDLED:   %1584 = invoke noundef zeroext i1 bitcast (i1 (%""class.flatbuffers::FlatCompiler""*, %""struct.flatbuffers::FlatCOption""*, %""class.std::shared_ptr""*)* @_ZN11flatbuffers12FlatCompiler21RegisterCodeGeneratorERKNS_11FlatCOptionESt10shared_ptrINS_13CodeGeneratorEE to i1 (%""class.flatbuffers::FlatCompiler.2328""*, %""struct.flatbuffers::FlatCOption""*, %""class.std::shared_ptr""*)*)(%""class.flatbuffers::FlatCompiler.2328""* noundef nonnull align 8 dereferenceable(64) %24, %""struct.flatbuffers::FlatCOption""* noundef nonnull align 8 dereferenceable(128) %67, %""class.std::shared_ptr""* noundef nonnull %68)",/home/jimi/PaperExperiment/CompilerOptimization/Result/flatbuffers/dg/dg-LLVM14-O2-g/high_precision_20260326_164052/log/dda_fi.lines.stderr.log
dda_fi,DDA,ssa+fi,lines,"[pta] UNHANDLED:   %2559 = landingpad { i8*, i32 }",/home/jimi/PaperExperiment/CompilerOptimization/Result/flatbuffers/dg/dg-LLVM14-O2-g/high_precision_20260326_164052/log/dda_fi.lines.stderr.log
dda_fi,DDA,ssa+fi,lines,"[pta] UNHANDLED:   %2561 = landingpad { i8*, i32 }",/home/jimi/PaperExperiment/CompilerOptimization/Result/flatbuffers/dg/dg-LLVM14-O2-g/high_precision_20260326_164052/log/dda_fi.lines.stderr.log
dda_fi,DDA,ssa+fi,lines,"[pta] UNHANDLED:   %1675 = invoke noundef i8* @_ZNSt7__cxx1112basic_stringIcSt11char_traitsIcESaIcEE9_M_createERmm(%""class.std::__cxx11::basic_string""* noundef nonnull align 8 dereferenceable(32) %1671, i64* noundef nonnull align 8 dereferenceable(8) %6, i64 noundef 0)",/home/jimi/PaperExperiment/CompilerOptimization/Result/flatbuffers/dg/dg-LLVM14-O2-g/high_precision_20260326_164052/log/dda_fi.lines.stderr.log
dda_fi,DDA,ssa+fi,lines,"[pta] UNHANDLED:   invoke void @_ZN11flatbuffers20NewRustCodeGeneratorEv(%""class.std::unique_ptr.151""* nonnull sret(%""class.std::unique_ptr.151"") align 8 %72)",/home/jimi/PaperExperiment/CompilerOptimization/Result/flatbuffers/dg/dg-LLVM14-O2-g/high_precision_20260326_164052/log/dda_fi.lines.stderr.log
dda_fi,DDA,ssa+fi,lines,"[pta] UNHANDLED:   %2607 = landingpad { i8*, i32 }",/home/jimi/PaperExperiment/CompilerOptimization/Result/flatbuffers/dg/dg-LLVM14-O2-g/high_precision_20260326_164052/log/dda_fi.lines.stderr.log
dda_fi,DDA,ssa+fi,lines,"[pta] UNHANDLED:   invoke void @_ZNSt12__shared_ptrIN11flatbuffers13CodeGeneratorELN9__gnu_cxx12_Lock_policyE2EEC2IS1_St14default_deleteIS1_EvEEOSt10unique_ptrIT_T0_E(%""class.std::__shared_ptr""* noundef nonnull align 8 dereferenceable(16) %1685, %""class.std::unique_ptr.151""* noundef nonnull align 8 dereferenceable(8) %72)",/home/jimi/PaperExperiment/CompilerOptimization/Result/flatbuffers/dg/dg-LLVM14-O2-g/high_precision_20260326_164052/log/dda_fi.lines.stderr.log
dda_fi,DDA,ssa+fi,lines,"[pta] UNHANDLED:   %2591 = landingpad { i8*, i32 }",/home/jimi/PaperExperiment/CompilerOptimization/Result/flatbuffers/dg/dg-LLVM14-O2-g/high_precision_20260326_164052/log/dda_fi.lines.stderr.log
dda_fi,DDA,ssa+fi,lines,"[pta] UNHANDLED:   %1687 = invoke noundef zeroext i1 bitcast (i1 (%""class.flatbuffers::FlatCompiler""*, %""struct.flatbuffers::FlatCOption""*, %""class.std::shared_ptr""*)* @_ZN11flatbuffers12FlatCompiler21RegisterCodeGeneratorERKNS_11FlatCOptionESt10shared_ptrINS_13CodeGeneratorEE to i1 (%""class.flatbuffers::FlatCompiler.2328""*, %""struct.flatbuffers::FlatCOption""*, %""class.std::shared_ptr""*)*)(%""class.flatbuffers::FlatCompiler.2328""* noundef nonnull align 8 dereferenceable(64) %24, %""struct.flatbuffers::FlatCOption""* noundef nonnull align 8 dereferenceable(128) %70, %""class.std::shared_ptr""* noundef nonnull %71)",/home/jimi/PaperExperiment/CompilerOptimization/Result/flatbuffers/dg/dg-LLVM14-O2-g/high_precision_20260326_164052/log/dda_fi.lines.stderr.log
dda_fi,DDA,ssa+fi,lines,"[pta] UNHANDLED:   %2593 = landingpad { i8*, i32 }",/home/jimi/PaperExperiment/CompilerOptimization/Result/flatbuffers/dg/dg-LLVM14-O2-g/high_precision_20260326_164052/log/dda_fi.lines.stderr.log
dda_fi,DDA,ssa+fi,lines,"[pta] UNHANDLED:   %2595 = landingpad { i8*, i32 }",/home/jimi/PaperExperiment/CompilerOptimization/Result/flatbuffers/dg/dg-LLVM14-O2-g/high_precision_20260326_164052/log/dda_fi.lines.stderr.log
dda_fi,DDA,ssa+fi,lines,"[pta] UNHANDLED:   %1778 = invoke noundef i8* @_ZNSt7__cxx1112basic_stringIcSt11char_traitsIcESaIcEE9_M_createERmm(%""class.std::__cxx11::basic_string""* noundef nonnull align 8 dereferenceable(32) %1774, i64* noundef nonnull align 8 dereferenceable(8) %5, i64 noundef 0)",/home/jimi/PaperExperiment/CompilerOptimization/Result/flatbuffers/dg/dg-LLVM14-O2-g/high_precision_20260326_164052/log/dda_fi.lines.stderr.log
dda_fi,DDA,ssa+fi,lines,"[pta] UNHANDLED:   invoke void @_ZN11flatbuffers20NewTextCodeGeneratorEv(%""class.std::unique_ptr.151""* nonnull sret(%""class.std::unique_ptr.151"") align 8 %75)",/home/jimi/PaperExperiment/CompilerOptimization/Result/flatbuffers/dg/dg-LLVM14-O2-g/high_precision_20260326_164052/log/dda_fi.lines.stderr.log
dda_fi,DDA,ssa+fi,lines,"[pta] UNHANDLED:   %2641 = landingpad { i8*, i32 }",/home/jimi/PaperExperiment/CompilerOptimization/Result/flatbuffers/dg/dg-LLVM14-O2-g/high_precision_20260326_164052/log/dda_fi.lines.stderr.log
dda_fi,DDA,ssa+fi,lines,"[pta] UNHANDLED:   invoke void @_ZNSt12__shared_ptrIN11flatbuffers13CodeGeneratorELN9__gnu_cxx12_Lock_policyE2EEC2IS1_St14default_deleteIS1_EvEEOSt10unique_ptrIT_T0_E(%""class.std::__shared_ptr""* noundef nonnull align 8 dereferenceable(16) %1788, %""class.std::unique_ptr.151""* noundef nonnull align 8 dereferenceable(8) %75)",/home/jimi/PaperExperiment/CompilerOptimization/Result/flatbuffers/dg/dg-LLVM14-O2-g/high_precision_20260326_164052/log/dda_fi.lines.stderr.log
dda_fi,DDA,ssa+fi,lines,"[pta] UNHANDLED:   %2625 = landingpad { i8*, i32 }",/home/jimi/PaperExperiment/CompilerOptimization/Result/flatbuffers/dg/dg-LLVM14-O2-g/high_precision_20260326_164052/log/dda_fi.lines.stderr.log
dda_fi,DDA,ssa+fi,lines,"[pta] UNHANDLED:   %1790 = invoke noundef zeroext i1 bitcast (i1 (%""class.flatbuffers::FlatCompiler""*, %""struct.flatbuffers::FlatCOption""*, %""class.std::shared_ptr""*)* @_ZN11flatbuffers12FlatCompiler21RegisterCodeGeneratorERKNS_11FlatCOptionESt10shared_ptrINS_13CodeGeneratorEE to i1 (%""class.flatbuffers::FlatCompiler.2328""*, %""struct.flatbuffers::FlatCOption""*, %""class.std::shared_ptr""*)*)(%""class.flatbuffers::FlatCompiler.2328""* noundef nonnull align 8 dereferenceable(64) %24, %""struct.flatbuffers::FlatCOption""* noundef nonnull align 8 dereferenceable(128) %73, %""class.std::shared_ptr""* noundef nonnull %74)",/home/jimi/PaperExperiment/CompilerOptimization/Result/flatbuffers/dg/dg-LLVM14-O2-g/high_precision_20260326_164052/log/dda_fi.lines.stderr.log
dda_fi,DDA,ssa+fi,lines,"[pta] UNHANDLED:   %2627 = landingpad { i8*, i32 }",/home/jimi/PaperExperiment/CompilerOptimization/Result/flatbuffers/dg/dg-LLVM14-O2-g/high_precision_20260326_164052/log/dda_fi.lines.stderr.log
dda_fi,DDA,ssa+fi,lines,"[pta] UNHANDLED:   %2629 = landingpad { i8*, i32 }",/home/jimi/PaperExperiment/CompilerOptimization/Result/flatbuffers/dg/dg-LLVM14-O2-g/high_precision_20260326_164052/log/dda_fi.lines.stderr.log
dda_fi,DDA,ssa+fi,lines,"[pta] UNHANDLED:   %1879 = invoke noundef i8* @_ZNSt7__cxx1112basic_stringIcSt11char_traitsIcESaIcEE9_M_createERmm(%""class.std::__cxx11::basic_string""* noundef nonnull align 8 dereferenceable(32) %1875, i64* noundef nonnull align 8 dereferenceable(8) %4, i64 noundef 0)",/home/jimi/PaperExperiment/CompilerOptimization/Result/flatbuffers/dg/dg-LLVM14-O2-g/high_precision_20260326_164052/log/dda_fi.lines.stderr.log
dda_fi,DDA,ssa+fi,lines,"[pta] UNHANDLED:   invoke void @_ZN11flatbuffers21NewSwiftCodeGeneratorEv(%""class.std::unique_ptr.151""* nonnull sret(%""class.std::unique_ptr.151"") align 8 %78)",/home/jimi/PaperExperiment/CompilerOptimization/Result/flatbuffers/dg/dg-LLVM14-O2-g/high_precision_20260326_164052/log/dda_fi.lines.stderr.log
dda_fi,DDA,ssa+fi,lines,"[pta] UNHANDLED:   %2675 = landingpad { i8*, i32 }",/home/jimi/PaperExperiment/CompilerOptimization/Result/flatbuffers/dg/dg-LLVM14-O2-g/high_precision_20260326_164052/log/dda_fi.lines.stderr.log
dda_fi,DDA,ssa+fi,lines,"[pta] UNHANDLED:   invoke void @_ZNSt12__shared_ptrIN11flatbuffers13CodeGeneratorELN9__gnu_cxx12_Lock_policyE2EEC2IS1_St14default_deleteIS1_EvEEOSt10unique_ptrIT_T0_E(%""class.std::__shared_ptr""* noundef nonnull align 8 dereferenceable(16) %1889, %""class.std::unique_ptr.151""* noundef nonnull align 8 dereferenceable(8) %78)",/home/jimi/PaperExperiment/CompilerOptimization/Result/flatbuffers/dg/dg-LLVM14-O2-g/high_precision_20260326_164052/log/dda_fi.lines.stderr.log
dda_fi,DDA,ssa+fi,lines,"[pta] UNHANDLED:   %2659 = landingpad { i8*, i32 }",/home/jimi/PaperExperiment/CompilerOptimization/Result/flatbuffers/dg/dg-LLVM14-O2-g/high_precision_20260326_164052/log/dda_fi.lines.stderr.log
dda_fi,DDA,ssa+fi,lines,"[pta] UNHANDLED:   %1891 = invoke noundef zeroext i1 bitcast (i1 (%""class.flatbuffers::FlatCompiler""*, %""struct.flatbuffers::FlatCOption""*, %""class.std::shared_ptr""*)* @_ZN11flatbuffers12FlatCompiler21RegisterCodeGeneratorERKNS_11FlatCOptionESt10shared_ptrINS_13CodeGeneratorEE to i1 (%""class.flatbuffers::FlatCompiler.2328""*, %""struct.flatbuffers::FlatCOption""*, %""class.std::shared_ptr""*)*)(%""class.flatbuffers::FlatCompiler.2328""* noundef nonnull align 8 dereferenceable(64) %24, %""struct.flatbuffers::FlatCOption""* noundef nonnull align 8 dereferenceable(128) %76, %""class.std::shared_ptr""* noundef nonnull %77)",/home/jimi/PaperExperiment/CompilerOptimization/Result/flatbuffers/dg/dg-LLVM14-O2-g/high_precision_20260326_164052/log/dda_fi.lines.stderr.log
dda_fi,DDA,ssa+fi,lines,"[pta] UNHANDLED:   %2661 = landingpad { i8*, i32 }",/home/jimi/PaperExperiment/CompilerOptimization/Result/flatbuffers/dg/dg-LLVM14-O2-g/high_precision_20260326_164052/log/dda_fi.lines.stderr.log
dda_fi,DDA,ssa+fi,lines,"[pta] UNHANDLED:   %2663 = landingpad { i8*, i32 }",/home/jimi/PaperExperiment/CompilerOptimization/Result/flatbuffers/dg/dg-LLVM14-O2-g/high_precision_20260326_164052/log/dda_fi.lines.stderr.log
dda_fi,DDA,ssa+fi,lines,"[pta] UNHANDLED:   %1982 = invoke noundef i8* @_ZNSt7__cxx1112basic_stringIcSt11char_traitsIcESaIcEE9_M_createERmm(%""class.std::__cxx11::basic_string""* noundef nonnull align 8 dereferenceable(32) %1978, i64* noundef nonnull align 8 dereferenceable(8) %3, i64 noundef 0)",/home/jimi/PaperExperiment/CompilerOptimization/Result/flatbuffers/dg/dg-LLVM14-O2-g/high_precision_20260326_164052/log/dda_fi.lines.stderr.log
dda_fi,DDA,ssa+fi,lines,"[pta] UNHANDLED:   invoke void @_ZN11flatbuffers18NewTsCodeGeneratorEv(%""class.std::unique_ptr.151""* nonnull sret(%""class.std::unique_ptr.151"") align 8 %81)",/home/jimi/PaperExperiment/CompilerOptimization/Result/flatbuffers/dg/dg-LLVM14-O2-g/high_precision_20260326_164052/log/dda_fi.lines.stderr.log
dda_fi,DDA,ssa+fi,lines,"[pta] UNHANDLED:   %2709 = landingpad { i8*, i32 }",/home/jimi/PaperExperiment/CompilerOptimization/Result/flatbuffers/dg/dg-LLVM14-O2-g/high_precision_20260326_164052/log/dda_fi.lines.stderr.log
dda_fi,DDA,ssa+fi,lines,"[pta] UNHANDLED:   invoke void @_ZNSt12__shared_ptrIN11flatbuffers13CodeGeneratorELN9__gnu_cxx12_Lock_policyE2EEC2IS1_St14default_deleteIS1_EvEEOSt10unique_ptrIT_T0_E(%""class.std::__shared_ptr""* noundef nonnull align 8 dereferenceable(16) %1992, %""class.std::unique_ptr.151""* noundef nonnull align 8 dereferenceable(8) %81)",/home/jimi/PaperExperiment/CompilerOptimization/Result/flatbuffers/dg/dg-LLVM14-O2-g/high_precision_20260326_164052/log/dda_fi.lines.stderr.log
dda_fi,DDA,ssa+fi,lines,"[pta] UNHANDLED:   %2693 = landingpad { i8*, i32 }",/home/jimi/PaperExperiment/CompilerOptimization/Result/flatbuffers/dg/dg-LLVM14-O2-g/high_precision_20260326_164052/log/dda_fi.lines.stderr.log
dda_fi,DDA,ssa+fi,lines,"[pta] UNHANDLED:   %1994 = invoke noundef zeroext i1 bitcast (i1 (%""class.flatbuffers::FlatCompiler""*, %""struct.flatbuffers::FlatCOption""*, %""class.std::shared_ptr""*)* @_ZN11flatbuffers12FlatCompiler21RegisterCodeGeneratorERKNS_11FlatCOptionESt10shared_ptrINS_13CodeGeneratorEE to i1 (%""class.flatbuffers::FlatCompiler.2328""*, %""struct.flatbuffers::FlatCOption""*, %""class.std::shared_ptr""*)*)(%""class.flatbuffers::FlatCompiler.2328""* noundef nonnull align 8 dereferenceable(64) %24, %""struct.flatbuffers::FlatCOption""* noundef nonnull align 8 dereferenceable(128) %79, %""class.std::shared_ptr""* noundef nonnull %80)",/home/jimi/PaperExperiment/CompilerOptimization/Result/flatbuffers/dg/dg-LLVM14-O2-g/high_precision_20260326_164052/log/dda_fi.lines.stderr.log
dda_fi,DDA,ssa+fi,lines,"[pta] UNHANDLED:   %2695 = landingpad { i8*, i32 }",/home/jimi/PaperExperiment/CompilerOptimization/Result/flatbuffers/dg/dg-LLVM14-O2-g/high_precision_20260326_164052/log/dda_fi.lines.stderr.log
dda_fi,DDA,ssa+fi,lines,"[pta] UNHANDLED:   %2697 = landingpad { i8*, i32 }",/home/jimi/PaperExperiment/CompilerOptimization/Result/flatbuffers/dg/dg-LLVM14-O2-g/high_precision_20260326_164052/log/dda_fi.lines.stderr.log
dda_fi,DDA,ssa+fi,lines,"[pta] UNHANDLED:   invoke void bitcast (void (%""struct.flatbuffers::FlatCOptions""*, %""class.flatbuffers::FlatCompiler""*, i32, i8**)* @_ZN11flatbuffers12FlatCompiler29ParseFromCommandLineArgumentsEiPPKc to void (%""struct.flatbuffers::FlatCOptions""*, %""class.flatbuffers::FlatCompiler.2328""*, i32, i8**)*)(%""struct.flatbuffers::FlatCOptions""* nonnull sret(%""struct.flatbuffers::FlatCOptions"") align 8 %82, %""class.flatbuffers::FlatCompiler.2328""* noundef nonnull align 8 dereferenceable(64) %24, i32 noundef %0, i8** noundef nonnull %1)",/home/jimi/PaperExperiment/CompilerOptimization/Result/flatbuffers/dg/dg-LLVM14-O2-g/high_precision_20260326_164052/log/dda_fi.lines.stderr.log
dda_fi,DDA,ssa+fi,lines,"[pta] UNHANDLED:   %2727 = landingpad { i8*, i32 }",/home/jimi/PaperExperiment/CompilerOptimization/Result/flatbuffers/dg/dg-LLVM14-O2-g/high_precision_20260326_164052/log/dda_fi.lines.stderr.log
dda_fi,DDA,ssa+fi,lines,[pta] UNHANDLED:   %2731 = invoke noalias noundef nonnull dereferenceable(8) i8* @_Znwm(i64 noundef 8) #52,/home/jimi/PaperExperiment/CompilerOptimization/Result/flatbuffers/dg/dg-LLVM14-O2-g/high_precision_20260326_164052/log/dda_fi.lines.stderr.log
dda_fi,DDA,ssa+fi,lines,"[pta] UNHANDLED:   %2739 = invoke noundef i32 bitcast (i32 (%""class.flatbuffers::FlatCompiler""*, %""struct.flatbuffers::FlatCOptions""*)* @_ZN11flatbuffers12FlatCompiler7CompileERKNS_12FlatCOptionsE to i32 (%""class.flatbuffers::FlatCompiler.2328""*, %""struct.flatbuffers::FlatCOptions""*)*)(%""class.flatbuffers::FlatCompiler.2328""* noundef nonnull align 8 dereferenceable(64) %24, %""struct.flatbuffers::FlatCOptions""* noundef nonnull align 8 dereferenceable(1104) %82)",/home/jimi/PaperExperiment/CompilerOptimization/Result/flatbuffers/dg/dg-LLVM14-O2-g/high_precision_20260326_164052/log/dda_fi.lines.stderr.log
dda_fi,DDA,ssa+fi,lines,"[pta] UNHANDLED:   %2729 = landingpad { i8*, i32 }",/home/jimi/PaperExperiment/CompilerOptimization/Result/flatbuffers/dg/dg-LLVM14-O2-g/high_precision_20260326_164052/log/dda_fi.lines.stderr.log
dda_fi,DDA,ssa+fi,lines,[pta] UNHANDLED:   %2067 = invoke noalias noundef nonnull dereferenceable(56) i8* @_Znwm(i64 noundef 56) #52,/home/jimi/PaperExperiment/CompilerOptimization/Result/flatbuffers/dg/dg-LLVM14-O2-g/high_precision_20260326_164052/log/dda_fi.lines.stderr.log
dda_fi,DDA,ssa+fi,lines,"[pta] UNHANDLED:   invoke void %2745(%""class.flatbuffers::FileSaver""* noundef nonnull align 8 dereferenceable(8) %2741)",/home/jimi/PaperExperiment/CompilerOptimization/Result/flatbuffers/dg/dg-LLVM14-O2-g/high_precision_20260326_164052/log/dda_fi.lines.stderr.log
dda_fi,DDA,ssa+fi,lines,"[pta] UNHANDLED:   %2763 = landingpad { i8*, i32 }",/home/jimi/PaperExperiment/CompilerOptimization/Result/flatbuffers/dg/dg-LLVM14-O2-g/high_precision_20260326_164052/log/dda_fi.lines.stderr.log
dda_fi,DDA,ssa+fi,lines,"[pta] UNHANDLED:   invoke void @_ZNSt8_Rb_treeINSt7__cxx1112basic_stringIcSt11char_traitsIcESaIcEEESt4pairIKS5_St10shared_ptrIN11flatbuffers13CodeGeneratorEEESt10_Select1stISC_ESt4lessIS5_ESaISC_EE8_M_eraseEPSt13_Rb_tree_nodeISC_E(%""class.std::_Rb_tree""* noundef nonnull align 8 dereferenceable(48) %2751, %""struct.std::_Rb_tree_node.354""* noundef %2753)",/home/jimi/PaperExperiment/CompilerOptimization/Result/flatbuffers/dg/dg-LLVM14-O2-g/high_precision_20260326_164052/log/dda_fi.lines.stderr.log
dda_fi,DDA,ssa+fi,lines,"[pta] UNHANDLED:   %2755 = landingpad { i8*, i32 }",/home/jimi/PaperExperiment/CompilerOptimization/Result/flatbuffers/dg/dg-LLVM14-O2-g/high_precision_20260326_164052/log/dda_fi.lines.stderr.log
dda_fi,DDA,ssa+fi,dot,"[pta] UNHANDLED:   %148 = invoke noundef i8* @_ZNSt7__cxx1112basic_stringIcSt11char_traitsIcESaIcEE9_M_createERmm(%""class.std::__cxx11::basic_string""* noundef nonnull align 8 dereferenceable(32) %144, i64* noundef nonnull align 8 dereferenceable(8) %21, i64 noundef 0)",/home/jimi/PaperExperiment/CompilerOptimization/Result/flatbuffers/dg/dg-LLVM14-O2-g/high_precision_20260326_164052/log/dda_fi.dot.stderr.log
dda_fi,DDA,ssa+fi,dot,"[pta] UNHANDLED:   invoke void @_ZN11flatbuffers22NewBinaryCodeGeneratorEv(%""class.std::unique_ptr.151""* nonnull sret(%""class.std::unique_ptr.151"") align 8 %27)",/home/jimi/PaperExperiment/CompilerOptimization/Result/flatbuffers/dg/dg-LLVM14-O2-g/high_precision_20260326_164052/log/dda_fi.dot.stderr.log
dda_fi,DDA,ssa+fi,dot,"[pta] UNHANDLED:   invoke void @_ZNSt8_Rb_treeINSt7__cxx1112basic_stringIcSt11char_traitsIcESaIcEEESt4pairIKS5_St10shared_ptrIN11flatbuffers13CodeGeneratorEEESt10_Select1stISC_ESt4lessIS5_ESaISC_EE8_M_eraseEPSt13_Rb_tree_nodeISC_E(%""class.std::_Rb_tree""* noundef nonnull align 8 dereferenceable(48) %2, %""struct.std::_Rb_tree_node.354""* noundef %6)",/home/jimi/PaperExperiment/CompilerOptimization/Result/flatbuffers/dg/dg-LLVM14-O2-g/high_precision_20260326_164052/log/dda_fi.dot.stderr.log
dda_fi,DDA,ssa+fi,dot,"[pta] UNHANDLED:   %8 = landingpad { i8*, i32 }",/home/jimi/PaperExperiment/CompilerOptimization/Result/flatbuffers/dg/dg-LLVM14-O2-g/high_precision_20260326_164052/log/dda_fi.dot.stderr.log
dda_fi,DDA,ssa+fi,dot,"[pta] UNHANDLED:   %2097 = landingpad { i8*, i32 }",/home/jimi/PaperExperiment/CompilerOptimization/Result/flatbuffers/dg/dg-LLVM14-O2-g/high_precision_20260326_164052/log/dda_fi.dot.stderr.log
dda_fi,DDA,ssa+fi,dot,"[pta] UNHANDLED:   invoke void @_ZNSt12__shared_ptrIN11flatbuffers13CodeGeneratorELN9__gnu_cxx12_Lock_policyE2EEC2IS1_St14default_deleteIS1_EvEEOSt10unique_ptrIT_T0_E(%""class.std::__shared_ptr""* noundef nonnull align 8 dereferenceable(16) %158, %""class.std::unique_ptr.151""* noundef nonnull align 8 dereferenceable(8) %27)",/home/jimi/PaperExperiment/CompilerOptimization/Result/flatbuffers/dg/dg-LLVM14-O2-g/high_precision_20260326_164052/log/dda_fi.dot.stderr.log
dda_fi,DDA,ssa+fi,dot,"[pta] UNHANDLED:   %2081 = landingpad { i8*, i32 }",/home/jimi/PaperExperiment/CompilerOptimization/Result/flatbuffers/dg/dg-LLVM14-O2-g/high_precision_20260326_164052/log/dda_fi.dot.stderr.log
dda_fi,DDA,ssa+fi,dot,"[pta] UNHANDLED:   resume { i8*, i32 } %2773, !dbg !106616",/home/jimi/PaperExperiment/CompilerOptimization/Result/flatbuffers/dg/dg-LLVM14-O2-g/high_precision_20260326_164052/log/dda_fi.dot.stderr.log
dda_fi,DDA,ssa+fi,dot,"[pta] UNHANDLED:   %160 = invoke noundef zeroext i1 bitcast (i1 (%""class.flatbuffers::FlatCompiler""*, %""struct.flatbuffers::FlatCOption""*, %""class.std::shared_ptr""*)* @_ZN11flatbuffers12FlatCompiler21RegisterCodeGeneratorERKNS_11FlatCOptionESt10shared_ptrINS_13CodeGeneratorEE to i1 (%""class.flatbuffers::FlatCompiler.2328""*, %""struct.flatbuffers::FlatCOption""*, %""class.std::shared_ptr""*)*)(%""class.flatbuffers::FlatCompiler.2328""* noundef nonnull align 8 dereferenceable(64) %24, %""struct.flatbuffers::FlatCOption""* noundef nonnull align 8 dereferenceable(128) %25, %""class.std::shared_ptr""* noundef nonnull %26)",/home/jimi/PaperExperiment/CompilerOptimization/Result/flatbuffers/dg/dg-LLVM14-O2-g/high_precision_20260326_164052/log/dda_fi.dot.stderr.log
dda_fi,DDA,ssa+fi,dot,"[pta] UNHANDLED:   %2083 = landingpad { i8*, i32 }",/home/jimi/PaperExperiment/CompilerOptimization/Result/flatbuffers/dg/dg-LLVM14-O2-g/high_precision_20260326_164052/log/dda_fi.dot.stderr.log
dda_fi,DDA,ssa+fi,dot,"[pta] UNHANDLED:   %2085 = landingpad { i8*, i32 }",/home/jimi/PaperExperiment/CompilerOptimization/Result/flatbuffers/dg/dg-LLVM14-O2-g/high_precision_20260326_164052/log/dda_fi.dot.stderr.log
dda_fi,DDA,ssa+fi,dot,"[pta] UNHANDLED:   %250 = invoke noundef i8* @_ZNSt7__cxx1112basic_stringIcSt11char_traitsIcESaIcEE9_M_createERmm(%""class.std::__cxx11::basic_string""* noundef nonnull align 8 dereferenceable(32) %246, i64* noundef nonnull align 8 dereferenceable(8) %20, i64 noundef 0)",/home/jimi/PaperExperiment/CompilerOptimization/Result/flatbuffers/dg/dg-LLVM14-O2-g/high_precision_20260326_164052/log/dda_fi.dot.stderr.log
dda_fi,DDA,ssa+fi,dot,"[pta] UNHANDLED:   invoke void @_ZN11flatbuffers19NewCppCodeGeneratorEv(%""class.std::unique_ptr.151""* nonnull sret(%""class.std::unique_ptr.151"") align 8 %30)",/home/jimi/PaperExperiment/CompilerOptimization/Result/flatbuffers/dg/dg-LLVM14-O2-g/high_precision_20260326_164052/log/dda_fi.dot.stderr.log
dda_fi,DDA,ssa+fi,dot,"[pta] UNHANDLED:   %2131 = landingpad { i8*, i32 }",/home/jimi/PaperExperiment/CompilerOptimization/Result/flatbuffers/dg/dg-LLVM14-O2-g/high_precision_20260326_164052/log/dda_fi.dot.stderr.log
dda_fi,DDA,ssa+fi,dot,"[pta] UNHANDLED:   invoke void @_ZNSt12__shared_ptrIN11flatbuffers13CodeGeneratorELN9__gnu_cxx12_Lock_policyE2EEC2IS1_St14default_deleteIS1_EvEEOSt10unique_ptrIT_T0_E(%""class.std::__shared_ptr""* noundef nonnull align 8 dereferenceable(16) %260, %""class.std::unique_ptr.151""* noundef nonnull align 8 dereferenceable(8) %30)",/home/jimi/PaperExperiment/CompilerOptimization/Result/flatbuffers/dg/dg-LLVM14-O2-g/high_precision_20260326_164052/log/dda_fi.dot.stderr.log
dda_fi,DDA,ssa+fi,dot,"[pta] UNHANDLED:   %2115 = landingpad { i8*, i32 }",/home/jimi/PaperExperiment/CompilerOptimization/Result/flatbuffers/dg/dg-LLVM14-O2-g/high_precision_20260326_164052/log/dda_fi.dot.stderr.log
dda_fi,DDA,ssa+fi,dot,"[pta] UNHANDLED:   %262 = invoke noundef zeroext i1 bitcast (i1 (%""class.flatbuffers::FlatCompiler""*, %""struct.flatbuffers::FlatCOption""*, %""class.std::shared_ptr""*)* @_ZN11flatbuffers12FlatCompiler21RegisterCodeGeneratorERKNS_11FlatCOptionESt10shared_ptrINS_13CodeGeneratorEE to i1 (%""class.flatbuffers::FlatCompiler.2328""*, %""struct.flatbuffers::FlatCOption""*, %""class.std::shared_ptr""*)*)(%""class.flatbuffers::FlatCompiler.2328""* noundef nonnull align 8 dereferenceable(64) %24, %""struct.flatbuffers::FlatCOption""* noundef nonnull align 8 dereferenceable(128) %28, %""class.std::shared_ptr""* noundef nonnull %29)",/home/jimi/PaperExperiment/CompilerOptimization/Result/flatbuffers/dg/dg-LLVM14-O2-g/high_precision_20260326_164052/log/dda_fi.dot.stderr.log
dda_fi,DDA,ssa+fi,dot,"[pta] UNHANDLED:   %2117 = landingpad { i8*, i32 }",/home/jimi/PaperExperiment/CompilerOptimization/Result/flatbuffers/dg/dg-LLVM14-O2-g/high_precision_20260326_164052/log/dda_fi.dot.stderr.log
dda_fi,DDA,ssa+fi,dot,"[pta] UNHANDLED:   %2119 = landingpad { i8*, i32 }",/home/jimi/PaperExperiment/CompilerOptimization/Result/flatbuffers/dg/dg-LLVM14-O2-g/high_precision_20260326_164052/log/dda_fi.dot.stderr.log
dda_fi,DDA,ssa+fi,dot,"[pta] UNHANDLED:   %352 = invoke noundef i8* @_ZNSt7__cxx1112basic_stringIcSt11char_traitsIcESaIcEE9_M_createERmm(%""class.std::__cxx11::basic_string""* noundef nonnull align 8 dereferenceable(32) %348, i64* noundef nonnull align 8 dereferenceable(8) %19, i64 noundef 0)",/home/jimi/PaperExperiment/CompilerOptimization/Result/flatbuffers/dg/dg-LLVM14-O2-g/high_precision_20260326_164052/log/dda_fi.dot.stderr.log
dda_fi,DDA,ssa+fi,dot,"[pta] UNHANDLED:   invoke void @_ZN11flatbuffers22NewCSharpCodeGeneratorEv(%""class.std::unique_ptr.151""* nonnull sret(%""class.std::unique_ptr.151"") align 8 %33)",/home/jimi/PaperExperiment/CompilerOptimization/Result/flatbuffers/dg/dg-LLVM14-O2-g/high_precision_20260326_164052/log/dda_fi.dot.stderr.log
dda_fi,DDA,ssa+fi,dot,"[pta] UNHANDLED:   %2165 = landingpad { i8*, i32 }",/home/jimi/PaperExperiment/CompilerOptimization/Result/flatbuffers/dg/dg-LLVM14-O2-g/high_precision_20260326_164052/log/dda_fi.dot.stderr.log
dda_fi,DDA,ssa+fi,dot,"[pta] UNHANDLED:   invoke void @_ZNSt12__shared_ptrIN11flatbuffers13CodeGeneratorELN9__gnu_cxx12_Lock_policyE2EEC2IS1_St14default_deleteIS1_EvEEOSt10unique_ptrIT_T0_E(%""class.std::__shared_ptr""* noundef nonnull align 8 dereferenceable(16) %362, %""class.std::unique_ptr.151""* noundef nonnull align 8 dereferenceable(8) %33)",/home/jimi/PaperExperiment/CompilerOptimization/Result/flatbuffers/dg/dg-LLVM14-O2-g/high_precision_20260326_164052/log/dda_fi.dot.stderr.log
dda_fi,DDA,ssa+fi,dot,"[pta] UNHANDLED:   %2149 = landingpad { i8*, i32 }",/home/jimi/PaperExperiment/CompilerOptimization/Result/flatbuffers/dg/dg-LLVM14-O2-g/high_precision_20260326_164052/log/dda_fi.dot.stderr.log
dda_fi,DDA,ssa+fi,dot,"[pta] UNHANDLED:   %364 = invoke noundef zeroext i1 bitcast (i1 (%""class.flatbuffers::FlatCompiler""*, %""struct.flatbuffers::FlatCOption""*, %""class.std::shared_ptr""*)* @_ZN11flatbuffers12FlatCompiler21RegisterCodeGeneratorERKNS_11FlatCOptionESt10shared_ptrINS_13CodeGeneratorEE to i1 (%""class.flatbuffers::FlatCompiler.2328""*, %""struct.flatbuffers::FlatCOption""*, %""class.std::shared_ptr""*)*)(%""class.flatbuffers::FlatCompiler.2328""* noundef nonnull align 8 dereferenceable(64) %24, %""struct.flatbuffers::FlatCOption""* noundef nonnull align 8 dereferenceable(128) %31, %""class.std::shared_ptr""* noundef nonnull %32)",/home/jimi/PaperExperiment/CompilerOptimization/Result/flatbuffers/dg/dg-LLVM14-O2-g/high_precision_20260326_164052/log/dda_fi.dot.stderr.log
dda_fi,DDA,ssa+fi,dot,"[pta] UNHANDLED:   %2151 = landingpad { i8*, i32 }",/home/jimi/PaperExperiment/CompilerOptimization/Result/flatbuffers/dg/dg-LLVM14-O2-g/high_precision_20260326_164052/log/dda_fi.dot.stderr.log
dda_fi,DDA,ssa+fi,dot,"[pta] UNHANDLED:   %2153 = landingpad { i8*, i32 }",/home/jimi/PaperExperiment/CompilerOptimization/Result/flatbuffers/dg/dg-LLVM14-O2-g/high_precision_20260326_164052/log/dda_fi.dot.stderr.log
dda_fi,DDA,ssa+fi,dot,"[pta] UNHANDLED:   %455 = invoke noundef i8* @_ZNSt7__cxx1112basic_stringIcSt11char_traitsIcESaIcEE9_M_createERmm(%""class.std::__cxx11::basic_string""* noundef nonnull align 8 dereferenceable(32) %451, i64* noundef nonnull align 8 dereferenceable(8) %18, i64 noundef 0)",/home/jimi/PaperExperiment/CompilerOptimization/Result/flatbuffers/dg/dg-LLVM14-O2-g/high_precision_20260326_164052/log/dda_fi.dot.stderr.log
dda_fi,DDA,ssa+fi,dot,"[pta] UNHANDLED:   invoke void @_ZN11flatbuffers20NewDartCodeGeneratorEv(%""class.std::unique_ptr.151""* nonnull sret(%""class.std::unique_ptr.151"") align 8 %36)",/home/jimi/PaperExperiment/CompilerOptimization/Result/flatbuffers/dg/dg-LLVM14-O2-g/high_precision_20260326_164052/log/dda_fi.dot.stderr.log
dda_fi,DDA,ssa+fi,dot,"[pta] UNHANDLED:   %2199 = landingpad { i8*, i32 }",/home/jimi/PaperExperiment/CompilerOptimization/Result/flatbuffers/dg/dg-LLVM14-O2-g/high_precision_20260326_164052/log/dda_fi.dot.stderr.log
dda_fi,DDA,ssa+fi,dot,"[pta] UNHANDLED:   invoke void @_ZNSt12__shared_ptrIN11flatbuffers13CodeGeneratorELN9__gnu_cxx12_Lock_policyE2EEC2IS1_St14default_deleteIS1_EvEEOSt10unique_ptrIT_T0_E(%""class.std::__shared_ptr""* noundef nonnull align 8 dereferenceable(16) %465, %""class.std::unique_ptr.151""* noundef nonnull align 8 dereferenceable(8) %36)",/home/jimi/PaperExperiment/CompilerOptimization/Result/flatbuffers/dg/dg-LLVM14-O2-g/high_precision_20260326_164052/log/dda_fi.dot.stderr.log
dda_fi,DDA,ssa+fi,dot,"[pta] UNHANDLED:   %2183 = landingpad { i8*, i32 }",/home/jimi/PaperExperiment/CompilerOptimization/Result/flatbuffers/dg/dg-LLVM14-O2-g/high_precision_20260326_164052/log/dda_fi.dot.stderr.log
dda_fi,DDA,ssa+fi,dot,"[pta] UNHANDLED:   %467 = invoke noundef zeroext i1 bitcast (i1 (%""class.flatbuffers::FlatCompiler""*, %""struct.flatbuffers::FlatCOption""*, %""class.std::shared_ptr""*)* @_ZN11flatbuffers12FlatCompiler21RegisterCodeGeneratorERKNS_11FlatCOptionESt10shared_ptrINS_13CodeGeneratorEE to i1 (%""class.flatbuffers::FlatCompiler.2328""*, %""struct.flatbuffers::FlatCOption""*, %""class.std::shared_ptr""*)*)(%""class.flatbuffers::FlatCompiler.2328""* noundef nonnull align 8 dereferenceable(64) %24, %""struct.flatbuffers::FlatCOption""* noundef nonnull align 8 dereferenceable(128) %34, %""class.std::shared_ptr""* noundef nonnull %35)",/home/jimi/PaperExperiment/CompilerOptimization/Result/flatbuffers/dg/dg-LLVM14-O2-g/high_precision_20260326_164052/log/dda_fi.dot.stderr.log
dda_fi,DDA,ssa+fi,dot,"[pta] UNHANDLED:   %2185 = landingpad { i8*, i32 }",/home/jimi/PaperExperiment/CompilerOptimization/Result/flatbuffers/dg/dg-LLVM14-O2-g/high_precision_20260326_164052/log/dda_fi.dot.stderr.log
dda_fi,DDA,ssa+fi,dot,"[pta] UNHANDLED:   %2187 = landingpad { i8*, i32 }",/home/jimi/PaperExperiment/CompilerOptimization/Result/flatbuffers/dg/dg-LLVM14-O2-g/high_precision_20260326_164052/log/dda_fi.dot.stderr.log
dda_fi,DDA,ssa+fi,dot,"[pta] UNHANDLED:   %556 = invoke noundef i8* @_ZNSt7__cxx1112basic_stringIcSt11char_traitsIcESaIcEE9_M_createERmm(%""class.std::__cxx11::basic_string""* noundef nonnull align 8 dereferenceable(32) %552, i64* noundef nonnull align 8 dereferenceable(8) %17, i64 noundef 0)",/home/jimi/PaperExperiment/CompilerOptimization/Result/flatbuffers/dg/dg-LLVM14-O2-g/high_precision_20260326_164052/log/dda_fi.dot.stderr.log
dda_fi,DDA,ssa+fi,dot,"[pta] UNHANDLED:   invoke void @_ZN11flatbuffers19NewFBSCodeGeneratorEb(%""class.std::unique_ptr.151""* nonnull sret(%""class.std::unique_ptr.151"") align 8 %39, i1 noundef zeroext false)",/home/jimi/PaperExperiment/CompilerOptimization/Result/flatbuffers/dg/dg-LLVM14-O2-g/high_precision_20260326_164052/log/dda_fi.dot.stderr.log
dda_fi,DDA,ssa+fi,dot,"[pta] UNHANDLED:   %2233 = landingpad { i8*, i32 }",/home/jimi/PaperExperiment/CompilerOptimization/Result/flatbuffers/dg/dg-LLVM14-O2-g/high_precision_20260326_164052/log/dda_fi.dot.stderr.log
dda_fi,DDA,ssa+fi,dot,"[pta] UNHANDLED:   invoke void @_ZNSt12__shared_ptrIN11flatbuffers13CodeGeneratorELN9__gnu_cxx12_Lock_policyE2EEC2IS1_St14default_deleteIS1_EvEEOSt10unique_ptrIT_T0_E(%""class.std::__shared_ptr""* noundef nonnull align 8 dereferenceable(16) %566, %""class.std::unique_ptr.151""* noundef nonnull align 8 dereferenceable(8) %39)",/home/jimi/PaperExperiment/CompilerOptimization/Result/flatbuffers/dg/dg-LLVM14-O2-g/high_precision_20260326_164052/log/dda_fi.dot.stderr.log
dda_fi,DDA,ssa+fi,dot,"[pta] UNHANDLED:   %2217 = landingpad { i8*, i32 }",/home/jimi/PaperExperiment/CompilerOptimization/Result/flatbuffers/dg/dg-LLVM14-O2-g/high_precision_20260326_164052/log/dda_fi.dot.stderr.log
dda_fi,DDA,ssa+fi,dot,"[pta] UNHANDLED:   %568 = invoke noundef zeroext i1 bitcast (i1 (%""class.flatbuffers::FlatCompiler""*, %""struct.flatbuffers::FlatCOption""*, %""class.std::shared_ptr""*)* @_ZN11flatbuffers12FlatCompiler21RegisterCodeGeneratorERKNS_11FlatCOptionESt10shared_ptrINS_13CodeGeneratorEE to i1 (%""class.flatbuffers::FlatCompiler.2328""*, %""struct.flatbuffers::FlatCOption""*, %""class.std::shared_ptr""*)*)(%""class.flatbuffers::FlatCompiler.2328""* noundef nonnull align 8 dereferenceable(64) %24, %""struct.flatbuffers::FlatCOption""* noundef nonnull align 8 dereferenceable(128) %37, %""class.std::shared_ptr""* noundef nonnull %38)",/home/jimi/PaperExperiment/CompilerOptimization/Result/flatbuffers/dg/dg-LLVM14-O2-g/high_precision_20260326_164052/log/dda_fi.dot.stderr.log
dda_fi,DDA,ssa+fi,dot,"[pta] UNHANDLED:   %2219 = landingpad { i8*, i32 }",/home/jimi/PaperExperiment/CompilerOptimization/Result/flatbuffers/dg/dg-LLVM14-O2-g/high_precision_20260326_164052/log/dda_fi.dot.stderr.log
dda_fi,DDA,ssa+fi,dot,"[pta] UNHANDLED:   %2221 = landingpad { i8*, i32 }",/home/jimi/PaperExperiment/CompilerOptimization/Result/flatbuffers/dg/dg-LLVM14-O2-g/high_precision_20260326_164052/log/dda_fi.dot.stderr.log
dda_fi,DDA,ssa+fi,dot,"[pta] UNHANDLED:   %659 = invoke noundef i8* @_ZNSt7__cxx1112basic_stringIcSt11char_traitsIcESaIcEE9_M_createERmm(%""class.std::__cxx11::basic_string""* noundef nonnull align 8 dereferenceable(32) %655, i64* noundef nonnull align 8 dereferenceable(8) %16, i64 noundef 0)",/home/jimi/PaperExperiment/CompilerOptimization/Result/flatbuffers/dg/dg-LLVM14-O2-g/high_precision_20260326_164052/log/dda_fi.dot.stderr.log
dda_fi,DDA,ssa+fi,dot,"[pta] UNHANDLED:   invoke void @_ZN11flatbuffers18NewGoCodeGeneratorEv(%""class.std::unique_ptr.151""* nonnull sret(%""class.std::unique_ptr.151"") align 8 %42)",/home/jimi/PaperExperiment/CompilerOptimization/Result/flatbuffers/dg/dg-LLVM14-O2-g/high_precision_20260326_164052/log/dda_fi.dot.stderr.log
dda_fi,DDA,ssa+fi,dot,"[pta] UNHANDLED:   %2267 = landingpad { i8*, i32 }",/home/jimi/PaperExperiment/CompilerOptimization/Result/flatbuffers/dg/dg-LLVM14-O2-g/high_precision_20260326_164052/log/dda_fi.dot.stderr.log
dda_fi,DDA,ssa+fi,dot,"[pta] UNHANDLED:   invoke void @_ZNSt12__shared_ptrIN11flatbuffers13CodeGeneratorELN9__gnu_cxx12_Lock_policyE2EEC2IS1_St14default_deleteIS1_EvEEOSt10unique_ptrIT_T0_E(%""class.std::__shared_ptr""* noundef nonnull align 8 dereferenceable(16) %669, %""class.std::unique_ptr.151""* noundef nonnull align 8 dereferenceable(8) %42)",/home/jimi/PaperExperiment/CompilerOptimization/Result/flatbuffers/dg/dg-LLVM14-O2-g/high_precision_20260326_164052/log/dda_fi.dot.stderr.log
dda_fi,DDA,ssa+fi,dot,"[pta] UNHANDLED:   %2251 = landingpad { i8*, i32 }",/home/jimi/PaperExperiment/CompilerOptimization/Result/flatbuffers/dg/dg-LLVM14-O2-g/high_precision_20260326_164052/log/dda_fi.dot.stderr.log
dda_fi,DDA,ssa+fi,dot,"[pta] UNHANDLED:   %671 = invoke noundef zeroext i1 bitcast (i1 (%""class.flatbuffers::FlatCompiler""*, %""struct.flatbuffers::FlatCOption""*, %""class.std::shared_ptr""*)* @_ZN11flatbuffers12FlatCompiler21RegisterCodeGeneratorERKNS_11FlatCOptionESt10shared_ptrINS_13CodeGeneratorEE to i1 (%""class.flatbuffers::FlatCompiler.2328""*, %""struct.flatbuffers::FlatCOption""*, %""class.std::shared_ptr""*)*)(%""class.flatbuffers::FlatCompiler.2328""* noundef nonnull align 8 dereferenceable(64) %24, %""struct.flatbuffers::FlatCOption""* noundef nonnull align 8 dereferenceable(128) %40, %""class.std::shared_ptr""* noundef nonnull %41)",/home/jimi/PaperExperiment/CompilerOptimization/Result/flatbuffers/dg/dg-LLVM14-O2-g/high_precision_20260326_164052/log/dda_fi.dot.stderr.log
dda_fi,DDA,ssa+fi,dot,"[pta] UNHANDLED:   %2253 = landingpad { i8*, i32 }",/home/jimi/PaperExperiment/CompilerOptimization/Result/flatbuffers/dg/dg-LLVM14-O2-g/high_precision_20260326_164052/log/dda_fi.dot.stderr.log
dda_fi,DDA,ssa+fi,dot,"[pta] UNHANDLED:   %2255 = landingpad { i8*, i32 }",/home/jimi/PaperExperiment/CompilerOptimization/Result/flatbuffers/dg/dg-LLVM14-O2-g/high_precision_20260326_164052/log/dda_fi.dot.stderr.log
dda_fi,DDA,ssa+fi,dot,"[pta] UNHANDLED:   %762 = invoke noundef i8* @_ZNSt7__cxx1112basic_stringIcSt11char_traitsIcESaIcEE9_M_createERmm(%""class.std::__cxx11::basic_string""* noundef nonnull align 8 dereferenceable(32) %758, i64* noundef nonnull align 8 dereferenceable(8) %15, i64 noundef 0)",/home/jimi/PaperExperiment/CompilerOptimization/Result/flatbuffers/dg/dg-LLVM14-O2-g/high_precision_20260326_164052/log/dda_fi.dot.stderr.log
dda_fi,DDA,ssa+fi,dot,"[pta] UNHANDLED:   invoke void @_ZN11flatbuffers20NewJavaCodeGeneratorEv(%""class.std::unique_ptr.151""* nonnull sret(%""class.std::unique_ptr.151"") align 8 %45)",/home/jimi/PaperExperiment/CompilerOptimization/Result/flatbuffers/dg/dg-LLVM14-O2-g/high_precision_20260326_164052/log/dda_fi.dot.stderr.log
dda_fi,DDA,ssa+fi,dot,"[pta] UNHANDLED:   %2301 = landingpad { i8*, i32 }",/home/jimi/PaperExperiment/CompilerOptimization/Result/flatbuffers/dg/dg-LLVM14-O2-g/high_precision_20260326_164052/log/dda_fi.dot.stderr.log
dda_fi,DDA,ssa+fi,dot,"[pta] UNHANDLED:   invoke void @_ZNSt12__shared_ptrIN11flatbuffers13CodeGeneratorELN9__gnu_cxx12_Lock_policyE2EEC2IS1_St14default_deleteIS1_EvEEOSt10unique_ptrIT_T0_E(%""class.std::__shared_ptr""* noundef nonnull align 8 dereferenceable(16) %772, %""class.std::unique_ptr.151""* noundef nonnull align 8 dereferenceable(8) %45)",/home/jimi/PaperExperiment/CompilerOptimization/Result/flatbuffers/dg/dg-LLVM14-O2-g/high_precision_20260326_164052/log/dda_fi.dot.stderr.log
dda_fi,DDA,ssa+fi,dot,"[pta] UNHANDLED:   %2285 = landingpad { i8*, i32 }",/home/jimi/PaperExperiment/CompilerOptimization/Result/flatbuffers/dg/dg-LLVM14-O2-g/high_precision_20260326_164052/log/dda_fi.dot.stderr.log
dda_fi,DDA,ssa+fi,dot,"[pta] UNHANDLED:   %774 = invoke noundef zeroext i1 bitcast (i1 (%""class.flatbuffers::FlatCompiler""*, %""struct.flatbuffers::FlatCOption""*, %""class.std::shared_ptr""*)* @_ZN11flatbuffers12FlatCompiler21RegisterCodeGeneratorERKNS_11FlatCOptionESt10shared_ptrINS_13CodeGeneratorEE to i1 (%""class.flatbuffers::FlatCompiler.2328""*, %""struct.flatbuffers::FlatCOption""*, %""class.std::shared_ptr""*)*)(%""class.flatbuffers::FlatCompiler.2328""* noundef nonnull align 8 dereferenceable(64) %24, %""struct.flatbuffers::FlatCOption""* noundef nonnull align 8 dereferenceable(128) %43, %""class.std::shared_ptr""* noundef nonnull %44)",/home/jimi/PaperExperiment/CompilerOptimization/Result/flatbuffers/dg/dg-LLVM14-O2-g/high_precision_20260326_164052/log/dda_fi.dot.stderr.log
dda_fi,DDA,ssa+fi,dot,"[pta] UNHANDLED:   %2287 = landingpad { i8*, i32 }",/home/jimi/PaperExperiment/CompilerOptimization/Result/flatbuffers/dg/dg-LLVM14-O2-g/high_precision_20260326_164052/log/dda_fi.dot.stderr.log
dda_fi,DDA,ssa+fi,dot,"[pta] UNHANDLED:   %2289 = landingpad { i8*, i32 }",/home/jimi/PaperExperiment/CompilerOptimization/Result/flatbuffers/dg/dg-LLVM14-O2-g/high_precision_20260326_164052/log/dda_fi.dot.stderr.log
dda_fi,DDA,ssa+fi,dot,"[pta] UNHANDLED:   %863 = invoke noundef i8* @_ZNSt7__cxx1112basic_stringIcSt11char_traitsIcESaIcEE9_M_createERmm(%""class.std::__cxx11::basic_string""* noundef nonnull align 8 dereferenceable(32) %859, i64* noundef nonnull align 8 dereferenceable(8) %14, i64 noundef 0)",/home/jimi/PaperExperiment/CompilerOptimization/Result/flatbuffers/dg/dg-LLVM14-O2-g/high_precision_20260326_164052/log/dda_fi.dot.stderr.log
dda_fi,DDA,ssa+fi,dot,"[pta] UNHANDLED:   invoke void @_ZN11flatbuffers26NewJsonSchemaCodeGeneratorEv(%""class.std::unique_ptr.151""* nonnull sret(%""class.std::unique_ptr.151"") align 8 %48)",/home/jimi/PaperExperiment/CompilerOptimization/Result/flatbuffers/dg/dg-LLVM14-O2-g/high_precision_20260326_164052/log/dda_fi.dot.stderr.log
dda_fi,DDA,ssa+fi,dot,"[pta] UNHANDLED:   %2335 = landingpad { i8*, i32 }",/home/jimi/PaperExperiment/CompilerOptimization/Result/flatbuffers/dg/dg-LLVM14-O2-g/high_precision_20260326_164052/log/dda_fi.dot.stderr.log
dda_fi,DDA,ssa+fi,dot,"[pta] UNHANDLED:   invoke void @_ZNSt12__shared_ptrIN11flatbuffers13CodeGeneratorELN9__gnu_cxx12_Lock_policyE2EEC2IS1_St14default_deleteIS1_EvEEOSt10unique_ptrIT_T0_E(%""class.std::__shared_ptr""* noundef nonnull align 8 dereferenceable(16) %873, %""class.std::unique_ptr.151""* noundef nonnull align 8 dereferenceable(8) %48)",/home/jimi/PaperExperiment/CompilerOptimization/Result/flatbuffers/dg/dg-LLVM14-O2-g/high_precision_20260326_164052/log/dda_fi.dot.stderr.log
dda_fi,DDA,ssa+fi,dot,"[pta] UNHANDLED:   %2319 = landingpad { i8*, i32 }",/home/jimi/PaperExperiment/CompilerOptimization/Result/flatbuffers/dg/dg-LLVM14-O2-g/high_precision_20260326_164052/log/dda_fi.dot.stderr.log
dda_fi,DDA,ssa+fi,dot,"[pta] UNHANDLED:   %875 = invoke noundef zeroext i1 bitcast (i1 (%""class.flatbuffers::FlatCompiler""*, %""struct.flatbuffers::FlatCOption""*, %""class.std::shared_ptr""*)* @_ZN11flatbuffers12FlatCompiler21RegisterCodeGeneratorERKNS_11FlatCOptionESt10shared_ptrINS_13CodeGeneratorEE to i1 (%""class.flatbuffers::FlatCompiler.2328""*, %""struct.flatbuffers::FlatCOption""*, %""class.std::shared_ptr""*)*)(%""class.flatbuffers::FlatCompiler.2328""* noundef nonnull align 8 dereferenceable(64) %24, %""struct.flatbuffers::FlatCOption""* noundef nonnull align 8 dereferenceable(128) %46, %""class.std::shared_ptr""* noundef nonnull %47)",/home/jimi/PaperExperiment/CompilerOptimization/Result/flatbuffers/dg/dg-LLVM14-O2-g/high_precision_20260326_164052/log/dda_fi.dot.stderr.log
dda_fi,DDA,ssa+fi,dot,"[pta] UNHANDLED:   %2321 = landingpad { i8*, i32 }",/home/jimi/PaperExperiment/CompilerOptimization/Result/flatbuffers/dg/dg-LLVM14-O2-g/high_precision_20260326_164052/log/dda_fi.dot.stderr.log
dda_fi,DDA,ssa+fi,dot,"[pta] UNHANDLED:   %2323 = landingpad { i8*, i32 }",/home/jimi/PaperExperiment/CompilerOptimization/Result/flatbuffers/dg/dg-LLVM14-O2-g/high_precision_20260326_164052/log/dda_fi.dot.stderr.log
dda_fi,DDA,ssa+fi,dot,"[pta] UNHANDLED:   %964 = invoke noundef i8* @_ZNSt7__cxx1112basic_stringIcSt11char_traitsIcESaIcEE9_M_createERmm(%""class.std::__cxx11::basic_string""* noundef nonnull align 8 dereferenceable(32) %960, i64* noundef nonnull align 8 dereferenceable(8) %13, i64 noundef 0)",/home/jimi/PaperExperiment/CompilerOptimization/Result/flatbuffers/dg/dg-LLVM14-O2-g/high_precision_20260326_164052/log/dda_fi.dot.stderr.log
dda_fi,DDA,ssa+fi,dot,"[pta] UNHANDLED:   invoke void @_ZN11flatbuffers22NewKotlinCodeGeneratorEv(%""class.std::unique_ptr.151""* nonnull sret(%""class.std::unique_ptr.151"") align 8 %51)",/home/jimi/PaperExperiment/CompilerOptimization/Result/flatbuffers/dg/dg-LLVM14-O2-g/high_precision_20260326_164052/log/dda_fi.dot.stderr.log
dda_fi,DDA,ssa+fi,dot,"[pta] UNHANDLED:   %2369 = landingpad { i8*, i32 }",/home/jimi/PaperExperiment/CompilerOptimization/Result/flatbuffers/dg/dg-LLVM14-O2-g/high_precision_20260326_164052/log/dda_fi.dot.stderr.log
dda_fi,DDA,ssa+fi,dot,"[pta] UNHANDLED:   invoke void @_ZNSt12__shared_ptrIN11flatbuffers13CodeGeneratorELN9__gnu_cxx12_Lock_policyE2EEC2IS1_St14default_deleteIS1_EvEEOSt10unique_ptrIT_T0_E(%""class.std::__shared_ptr""* noundef nonnull align 8 dereferenceable(16) %974, %""class.std::unique_ptr.151""* noundef nonnull align 8 dereferenceable(8) %51)",/home/jimi/PaperExperiment/CompilerOptimization/Result/flatbuffers/dg/dg-LLVM14-O2-g/high_precision_20260326_164052/log/dda_fi.dot.stderr.log
dda_fi,DDA,ssa+fi,dot,"[pta] UNHANDLED:   %2353 = landingpad { i8*, i32 }",/home/jimi/PaperExperiment/CompilerOptimization/Result/flatbuffers/dg/dg-LLVM14-O2-g/high_precision_20260326_164052/log/dda_fi.dot.stderr.log
dda_fi,DDA,ssa+fi,dot,"[pta] UNHANDLED:   %976 = invoke noundef zeroext i1 bitcast (i1 (%""class.flatbuffers::FlatCompiler""*, %""struct.flatbuffers::FlatCOption""*, %""class.std::shared_ptr""*)* @_ZN11flatbuffers12FlatCompiler21RegisterCodeGeneratorERKNS_11FlatCOptionESt10shared_ptrINS_13CodeGeneratorEE to i1 (%""class.flatbuffers::FlatCompiler.2328""*, %""struct.flatbuffers::FlatCOption""*, %""class.std::shared_ptr""*)*)(%""class.flatbuffers::FlatCompiler.2328""* noundef nonnull align 8 dereferenceable(64) %24, %""struct.flatbuffers::FlatCOption""* noundef nonnull align 8 dereferenceable(128) %49, %""class.std::shared_ptr""* noundef nonnull %50)",/home/jimi/PaperExperiment/CompilerOptimization/Result/flatbuffers/dg/dg-LLVM14-O2-g/high_precision_20260326_164052/log/dda_fi.dot.stderr.log
dda_fi,DDA,ssa+fi,dot,"[pta] UNHANDLED:   %2355 = landingpad { i8*, i32 }",/home/jimi/PaperExperiment/CompilerOptimization/Result/flatbuffers/dg/dg-LLVM14-O2-g/high_precision_20260326_164052/log/dda_fi.dot.stderr.log
dda_fi,DDA,ssa+fi,dot,"[pta] UNHANDLED:   %2357 = landingpad { i8*, i32 }",/home/jimi/PaperExperiment/CompilerOptimization/Result/flatbuffers/dg/dg-LLVM14-O2-g/high_precision_20260326_164052/log/dda_fi.dot.stderr.log
dda_fi,DDA,ssa+fi,dot,"[pta] UNHANDLED:   %1065 = invoke noundef i8* @_ZNSt7__cxx1112basic_stringIcSt11char_traitsIcESaIcEE9_M_createERmm(%""class.std::__cxx11::basic_string""* noundef nonnull align 8 dereferenceable(32) %1061, i64* noundef nonnull align 8 dereferenceable(8) %12, i64 noundef 0)",/home/jimi/PaperExperiment/CompilerOptimization/Result/flatbuffers/dg/dg-LLVM14-O2-g/high_precision_20260326_164052/log/dda_fi.dot.stderr.log
dda_fi,DDA,ssa+fi,dot,"[pta] UNHANDLED:   invoke void @_ZN11flatbuffers25NewKotlinKMPCodeGeneratorEv(%""class.std::unique_ptr.151""* nonnull sret(%""class.std::unique_ptr.151"") align 8 %54)",/home/jimi/PaperExperiment/CompilerOptimization/Result/flatbuffers/dg/dg-LLVM14-O2-g/high_precision_20260326_164052/log/dda_fi.dot.stderr.log
dda_fi,DDA,ssa+fi,dot,"[pta] UNHANDLED:   %2403 = landingpad { i8*, i32 }",/home/jimi/PaperExperiment/CompilerOptimization/Result/flatbuffers/dg/dg-LLVM14-O2-g/high_precision_20260326_164052/log/dda_fi.dot.stderr.log
dda_fi,DDA,ssa+fi,dot,"[pta] UNHANDLED:   invoke void @_ZNSt12__shared_ptrIN11flatbuffers13CodeGeneratorELN9__gnu_cxx12_Lock_policyE2EEC2IS1_St14default_deleteIS1_EvEEOSt10unique_ptrIT_T0_E(%""class.std::__shared_ptr""* noundef nonnull align 8 dereferenceable(16) %1075, %""class.std::unique_ptr.151""* noundef nonnull align 8 dereferenceable(8) %54)",/home/jimi/PaperExperiment/CompilerOptimization/Result/flatbuffers/dg/dg-LLVM14-O2-g/high_precision_20260326_164052/log/dda_fi.dot.stderr.log
dda_fi,DDA,ssa+fi,dot,"[pta] UNHANDLED:   %2387 = landingpad { i8*, i32 }",/home/jimi/PaperExperiment/CompilerOptimization/Result/flatbuffers/dg/dg-LLVM14-O2-g/high_precision_20260326_164052/log/dda_fi.dot.stderr.log
dda_fi,DDA,ssa+fi,dot,"[pta] UNHANDLED:   %1077 = invoke noundef zeroext i1 bitcast (i1 (%""class.flatbuffers::FlatCompiler""*, %""struct.flatbuffers::FlatCOption""*, %""class.std::shared_ptr""*)* @_ZN11flatbuffers12FlatCompiler21RegisterCodeGeneratorERKNS_11FlatCOptionESt10shared_ptrINS_13CodeGeneratorEE to i1 (%""class.flatbuffers::FlatCompiler.2328""*, %""struct.flatbuffers::FlatCOption""*, %""class.std::shared_ptr""*)*)(%""class.flatbuffers::FlatCompiler.2328""* noundef nonnull align 8 dereferenceable(64) %24, %""struct.flatbuffers::FlatCOption""* noundef nonnull align 8 dereferenceable(128) %52, %""class.std::shared_ptr""* noundef nonnull %53)",/home/jimi/PaperExperiment/CompilerOptimization/Result/flatbuffers/dg/dg-LLVM14-O2-g/high_precision_20260326_164052/log/dda_fi.dot.stderr.log
dda_fi,DDA,ssa+fi,dot,"[pta] UNHANDLED:   %2389 = landingpad { i8*, i32 }",/home/jimi/PaperExperiment/CompilerOptimization/Result/flatbuffers/dg/dg-LLVM14-O2-g/high_precision_20260326_164052/log/dda_fi.dot.stderr.log
dda_fi,DDA,ssa+fi,dot,"[pta] UNHANDLED:   %2391 = landingpad { i8*, i32 }",/home/jimi/PaperExperiment/CompilerOptimization/Result/flatbuffers/dg/dg-LLVM14-O2-g/high_precision_20260326_164052/log/dda_fi.dot.stderr.log
dda_fi,DDA,ssa+fi,dot,"[pta] UNHANDLED:   %1166 = invoke noundef i8* @_ZNSt7__cxx1112basic_stringIcSt11char_traitsIcESaIcEE9_M_createERmm(%""class.std::__cxx11::basic_string""* noundef nonnull align 8 dereferenceable(32) %1162, i64* noundef nonnull align 8 dereferenceable(8) %11, i64 noundef 0)",/home/jimi/PaperExperiment/CompilerOptimization/Result/flatbuffers/dg/dg-LLVM14-O2-g/high_precision_20260326_164052/log/dda_fi.dot.stderr.log
dda_fi,DDA,ssa+fi,dot,"[pta] UNHANDLED:   invoke void @_ZN11flatbuffers23NewLobsterCodeGeneratorEv(%""class.std::unique_ptr.151""* nonnull sret(%""class.std::unique_ptr.151"") align 8 %57)",/home/jimi/PaperExperiment/CompilerOptimization/Result/flatbuffers/dg/dg-LLVM14-O2-g/high_precision_20260326_164052/log/dda_fi.dot.stderr.log
dda_fi,DDA,ssa+fi,dot,"[pta] UNHANDLED:   %2437 = landingpad { i8*, i32 }",/home/jimi/PaperExperiment/CompilerOptimization/Result/flatbuffers/dg/dg-LLVM14-O2-g/high_precision_20260326_164052/log/dda_fi.dot.stderr.log
dda_fi,DDA,ssa+fi,dot,"[pta] UNHANDLED:   invoke void @_ZNSt12__shared_ptrIN11flatbuffers13CodeGeneratorELN9__gnu_cxx12_Lock_policyE2EEC2IS1_St14default_deleteIS1_EvEEOSt10unique_ptrIT_T0_E(%""class.std::__shared_ptr""* noundef nonnull align 8 dereferenceable(16) %1176, %""class.std::unique_ptr.151""* noundef nonnull align 8 dereferenceable(8) %57)",/home/jimi/PaperExperiment/CompilerOptimization/Result/flatbuffers/dg/dg-LLVM14-O2-g/high_precision_20260326_164052/log/dda_fi.dot.stderr.log
dda_fi,DDA,ssa+fi,dot,"[pta] UNHANDLED:   %2421 = landingpad { i8*, i32 }",/home/jimi/PaperExperiment/CompilerOptimization/Result/flatbuffers/dg/dg-LLVM14-O2-g/high_precision_20260326_164052/log/dda_fi.dot.stderr.log
dda_fi,DDA,ssa+fi,dot,"[pta] UNHANDLED:   %1178 = invoke noundef zeroext i1 bitcast (i1 (%""class.flatbuffers::FlatCompiler""*, %""struct.flatbuffers::FlatCOption""*, %""class.std::shared_ptr""*)* @_ZN11flatbuffers12FlatCompiler21RegisterCodeGeneratorERKNS_11FlatCOptionESt10shared_ptrINS_13CodeGeneratorEE to i1 (%""class.flatbuffers::FlatCompiler.2328""*, %""struct.flatbuffers::FlatCOption""*, %""class.std::shared_ptr""*)*)(%""class.flatbuffers::FlatCompiler.2328""* noundef nonnull align 8 dereferenceable(64) %24, %""struct.flatbuffers::FlatCOption""* noundef nonnull align 8 dereferenceable(128) %55, %""class.std::shared_ptr""* noundef nonnull %56)",/home/jimi/PaperExperiment/CompilerOptimization/Result/flatbuffers/dg/dg-LLVM14-O2-g/high_precision_20260326_164052/log/dda_fi.dot.stderr.log
dda_fi,DDA,ssa+fi,dot,"[pta] UNHANDLED:   %2423 = landingpad { i8*, i32 }",/home/jimi/PaperExperiment/CompilerOptimization/Result/flatbuffers/dg/dg-LLVM14-O2-g/high_precision_20260326_164052/log/dda_fi.dot.stderr.log
dda_fi,DDA,ssa+fi,dot,"[pta] UNHANDLED:   %2425 = landingpad { i8*, i32 }",/home/jimi/PaperExperiment/CompilerOptimization/Result/flatbuffers/dg/dg-LLVM14-O2-g/high_precision_20260326_164052/log/dda_fi.dot.stderr.log
dda_fi,DDA,ssa+fi,dot,"[pta] UNHANDLED:   %1268 = invoke noundef i8* @_ZNSt7__cxx1112basic_stringIcSt11char_traitsIcESaIcEE9_M_createERmm(%""class.std::__cxx11::basic_string""* noundef nonnull align 8 dereferenceable(32) %1264, i64* noundef nonnull align 8 dereferenceable(8) %10, i64 noundef 0)",/home/jimi/PaperExperiment/CompilerOptimization/Result/flatbuffers/dg/dg-LLVM14-O2-g/high_precision_20260326_164052/log/dda_fi.dot.stderr.log
dda_fi,DDA,ssa+fi,dot,"[pta] UNHANDLED:   invoke void @_ZN11flatbuffers19NewLuaBfbsGeneratorERKNSt7__cxx1112basic_stringIcSt11char_traitsIcESaIcEEE(%""class.std::unique_ptr.151""* nonnull sret(%""class.std::unique_ptr.151"") align 8 %60, %""class.std::__cxx11::basic_string""* noundef nonnull align 8 dereferenceable(32) %23)",/home/jimi/PaperExperiment/CompilerOptimization/Result/flatbuffers/dg/dg-LLVM14-O2-g/high_precision_20260326_164052/log/dda_fi.dot.stderr.log
dda_fi,DDA,ssa+fi,dot,"[pta] UNHANDLED:   %2471 = landingpad { i8*, i32 }",/home/jimi/PaperExperiment/CompilerOptimization/Result/flatbuffers/dg/dg-LLVM14-O2-g/high_precision_20260326_164052/log/dda_fi.dot.stderr.log
dda_fi,DDA,ssa+fi,dot,"[pta] UNHANDLED:   invoke void @_ZNSt12__shared_ptrIN11flatbuffers13CodeGeneratorELN9__gnu_cxx12_Lock_policyE2EEC2IS1_St14default_deleteIS1_EvEEOSt10unique_ptrIT_T0_E(%""class.std::__shared_ptr""* noundef nonnull align 8 dereferenceable(16) %1278, %""class.std::unique_ptr.151""* noundef nonnull align 8 dereferenceable(8) %60)",/home/jimi/PaperExperiment/CompilerOptimization/Result/flatbuffers/dg/dg-LLVM14-O2-g/high_precision_20260326_164052/log/dda_fi.dot.stderr.log
dda_fi,DDA,ssa+fi,dot,"[pta] UNHANDLED:   %2455 = landingpad { i8*, i32 }",/home/jimi/PaperExperiment/CompilerOptimization/Result/flatbuffers/dg/dg-LLVM14-O2-g/high_precision_20260326_164052/log/dda_fi.dot.stderr.log
dda_fi,DDA,ssa+fi,dot,"[pta] UNHANDLED:   %1280 = invoke noundef zeroext i1 bitcast (i1 (%""class.flatbuffers::FlatCompiler""*, %""struct.flatbuffers::FlatCOption""*, %""class.std::shared_ptr""*)* @_ZN11flatbuffers12FlatCompiler21RegisterCodeGeneratorERKNS_11FlatCOptionESt10shared_ptrINS_13CodeGeneratorEE to i1 (%""class.flatbuffers::FlatCompiler.2328""*, %""struct.flatbuffers::FlatCOption""*, %""class.std::shared_ptr""*)*)(%""class.flatbuffers::FlatCompiler.2328""* noundef nonnull align 8 dereferenceable(64) %24, %""struct.flatbuffers::FlatCOption""* noundef nonnull align 8 dereferenceable(128) %58, %""class.std::shared_ptr""* noundef nonnull %59)",/home/jimi/PaperExperiment/CompilerOptimization/Result/flatbuffers/dg/dg-LLVM14-O2-g/high_precision_20260326_164052/log/dda_fi.dot.stderr.log
dda_fi,DDA,ssa+fi,dot,"[pta] UNHANDLED:   %2457 = landingpad { i8*, i32 }",/home/jimi/PaperExperiment/CompilerOptimization/Result/flatbuffers/dg/dg-LLVM14-O2-g/high_precision_20260326_164052/log/dda_fi.dot.stderr.log
dda_fi,DDA,ssa+fi,dot,"[pta] UNHANDLED:   %2459 = landingpad { i8*, i32 }",/home/jimi/PaperExperiment/CompilerOptimization/Result/flatbuffers/dg/dg-LLVM14-O2-g/high_precision_20260326_164052/log/dda_fi.dot.stderr.log
dda_fi,DDA,ssa+fi,dot,"[pta] UNHANDLED:   %1369 = invoke noundef i8* @_ZNSt7__cxx1112basic_stringIcSt11char_traitsIcESaIcEE9_M_createERmm(%""class.std::__cxx11::basic_string""* noundef nonnull align 8 dereferenceable(32) %1365, i64* noundef nonnull align 8 dereferenceable(8) %9, i64 noundef 0)",/home/jimi/PaperExperiment/CompilerOptimization/Result/flatbuffers/dg/dg-LLVM14-O2-g/high_precision_20260326_164052/log/dda_fi.dot.stderr.log
dda_fi,DDA,ssa+fi,dot,"[pta] UNHANDLED:   invoke void @_ZN11flatbuffers19NewNimBfbsGeneratorERKNSt7__cxx1112basic_stringIcSt11char_traitsIcESaIcEEE(%""class.std::unique_ptr.151""* nonnull sret(%""class.std::unique_ptr.151"") align 8 %63, %""class.std::__cxx11::basic_string""* noundef nonnull align 8 dereferenceable(32) %23)",/home/jimi/PaperExperiment/CompilerOptimization/Result/flatbuffers/dg/dg-LLVM14-O2-g/high_precision_20260326_164052/log/dda_fi.dot.stderr.log
dda_fi,DDA,ssa+fi,dot,"[pta] UNHANDLED:   %2505 = landingpad { i8*, i32 }",/home/jimi/PaperExperiment/CompilerOptimization/Result/flatbuffers/dg/dg-LLVM14-O2-g/high_precision_20260326_164052/log/dda_fi.dot.stderr.log
dda_fi,DDA,ssa+fi,dot,"[pta] UNHANDLED:   invoke void @_ZNSt12__shared_ptrIN11flatbuffers13CodeGeneratorELN9__gnu_cxx12_Lock_policyE2EEC2IS1_St14default_deleteIS1_EvEEOSt10unique_ptrIT_T0_E(%""class.std::__shared_ptr""* noundef nonnull align 8 dereferenceable(16) %1379, %""class.std::unique_ptr.151""* noundef nonnull align 8 dereferenceable(8) %63)",/home/jimi/PaperExperiment/CompilerOptimization/Result/flatbuffers/dg/dg-LLVM14-O2-g/high_precision_20260326_164052/log/dda_fi.dot.stderr.log
dda_fi,DDA,ssa+fi,dot,"[pta] UNHANDLED:   %2489 = landingpad { i8*, i32 }",/home/jimi/PaperExperiment/CompilerOptimization/Result/flatbuffers/dg/dg-LLVM14-O2-g/high_precision_20260326_164052/log/dda_fi.dot.stderr.log
dda_fi,DDA,ssa+fi,dot,"[pta] UNHANDLED:   %1381 = invoke noundef zeroext i1 bitcast (i1 (%""class.flatbuffers::FlatCompiler""*, %""struct.flatbuffers::FlatCOption""*, %""class.std::shared_ptr""*)* @_ZN11flatbuffers12FlatCompiler21RegisterCodeGeneratorERKNS_11FlatCOptionESt10shared_ptrINS_13CodeGeneratorEE to i1 (%""class.flatbuffers::FlatCompiler.2328""*, %""struct.flatbuffers::FlatCOption""*, %""class.std::shared_ptr""*)*)(%""class.flatbuffers::FlatCompiler.2328""* noundef nonnull align 8 dereferenceable(64) %24, %""struct.flatbuffers::FlatCOption""* noundef nonnull align 8 dereferenceable(128) %61, %""class.std::shared_ptr""* noundef nonnull %62)",/home/jimi/PaperExperiment/CompilerOptimization/Result/flatbuffers/dg/dg-LLVM14-O2-g/high_precision_20260326_164052/log/dda_fi.dot.stderr.log
dda_fi,DDA,ssa+fi,dot,"[pta] UNHANDLED:   %2491 = landingpad { i8*, i32 }",/home/jimi/PaperExperiment/CompilerOptimization/Result/flatbuffers/dg/dg-LLVM14-O2-g/high_precision_20260326_164052/log/dda_fi.dot.stderr.log
dda_fi,DDA,ssa+fi,dot,"[pta] UNHANDLED:   %2493 = landingpad { i8*, i32 }",/home/jimi/PaperExperiment/CompilerOptimization/Result/flatbuffers/dg/dg-LLVM14-O2-g/high_precision_20260326_164052/log/dda_fi.dot.stderr.log
dda_fi,DDA,ssa+fi,dot,"[pta] UNHANDLED:   %1471 = invoke noundef i8* @_ZNSt7__cxx1112basic_stringIcSt11char_traitsIcESaIcEE9_M_createERmm(%""class.std::__cxx11::basic_string""* noundef nonnull align 8 dereferenceable(32) %1467, i64* noundef nonnull align 8 dereferenceable(8) %8, i64 noundef 0)",/home/jimi/PaperExperiment/CompilerOptimization/Result/flatbuffers/dg/dg-LLVM14-O2-g/high_precision_20260326_164052/log/dda_fi.dot.stderr.log
dda_fi,DDA,ssa+fi,dot,"[pta] UNHANDLED:   invoke void @_ZN11flatbuffers22NewPythonCodeGeneratorEv(%""class.std::unique_ptr.151""* nonnull sret(%""class.std::unique_ptr.151"") align 8 %66)",/home/jimi/PaperExperiment/CompilerOptimization/Result/flatbuffers/dg/dg-LLVM14-O2-g/high_precision_20260326_164052/log/dda_fi.dot.stderr.log
dda_fi,DDA,ssa+fi,dot,"[pta] UNHANDLED:   %2539 = landingpad { i8*, i32 }",/home/jimi/PaperExperiment/CompilerOptimization/Result/flatbuffers/dg/dg-LLVM14-O2-g/high_precision_20260326_164052/log/dda_fi.dot.stderr.log
dda_fi,DDA,ssa+fi,dot,"[pta] UNHANDLED:   invoke void @_ZNSt12__shared_ptrIN11flatbuffers13CodeGeneratorELN9__gnu_cxx12_Lock_policyE2EEC2IS1_St14default_deleteIS1_EvEEOSt10unique_ptrIT_T0_E(%""class.std::__shared_ptr""* noundef nonnull align 8 dereferenceable(16) %1481, %""class.std::unique_ptr.151""* noundef nonnull align 8 dereferenceable(8) %66)",/home/jimi/PaperExperiment/CompilerOptimization/Result/flatbuffers/dg/dg-LLVM14-O2-g/high_precision_20260326_164052/log/dda_fi.dot.stderr.log
dda_fi,DDA,ssa+fi,dot,"[pta] UNHANDLED:   %2523 = landingpad { i8*, i32 }",/home/jimi/PaperExperiment/CompilerOptimization/Result/flatbuffers/dg/dg-LLVM14-O2-g/high_precision_20260326_164052/log/dda_fi.dot.stderr.log
dda_fi,DDA,ssa+fi,dot,"[pta] UNHANDLED:   %1483 = invoke noundef zeroext i1 bitcast (i1 (%""class.flatbuffers::FlatCompiler""*, %""struct.flatbuffers::FlatCOption""*, %""class.std::shared_ptr""*)* @_ZN11flatbuffers12FlatCompiler21RegisterCodeGeneratorERKNS_11FlatCOptionESt10shared_ptrINS_13CodeGeneratorEE to i1 (%""class.flatbuffers::FlatCompiler.2328""*, %""struct.flatbuffers::FlatCOption""*, %""class.std::shared_ptr""*)*)(%""class.flatbuffers::FlatCompiler.2328""* noundef nonnull align 8 dereferenceable(64) %24, %""struct.flatbuffers::FlatCOption""* noundef nonnull align 8 dereferenceable(128) %64, %""class.std::shared_ptr""* noundef nonnull %65)",/home/jimi/PaperExperiment/CompilerOptimization/Result/flatbuffers/dg/dg-LLVM14-O2-g/high_precision_20260326_164052/log/dda_fi.dot.stderr.log
dda_fi,DDA,ssa+fi,dot,"[pta] UNHANDLED:   %2525 = landingpad { i8*, i32 }",/home/jimi/PaperExperiment/CompilerOptimization/Result/flatbuffers/dg/dg-LLVM14-O2-g/high_precision_20260326_164052/log/dda_fi.dot.stderr.log
dda_fi,DDA,ssa+fi,dot,"[pta] UNHANDLED:   %2527 = landingpad { i8*, i32 }",/home/jimi/PaperExperiment/CompilerOptimization/Result/flatbuffers/dg/dg-LLVM14-O2-g/high_precision_20260326_164052/log/dda_fi.dot.stderr.log
dda_fi,DDA,ssa+fi,dot,"[pta] UNHANDLED:   %1572 = invoke noundef i8* @_ZNSt7__cxx1112basic_stringIcSt11char_traitsIcESaIcEE9_M_createERmm(%""class.std::__cxx11::basic_string""* noundef nonnull align 8 dereferenceable(32) %1568, i64* noundef nonnull align 8 dereferenceable(8) %7, i64 noundef 0)",/home/jimi/PaperExperiment/CompilerOptimization/Result/flatbuffers/dg/dg-LLVM14-O2-g/high_precision_20260326_164052/log/dda_fi.dot.stderr.log
dda_fi,DDA,ssa+fi,dot,"[pta] UNHANDLED:   invoke void @_ZN11flatbuffers19NewPhpCodeGeneratorEv(%""class.std::unique_ptr.151""* nonnull sret(%""class.std::unique_ptr.151"") align 8 %69)",/home/jimi/PaperExperiment/CompilerOptimization/Result/flatbuffers/dg/dg-LLVM14-O2-g/high_precision_20260326_164052/log/dda_fi.dot.stderr.log
dda_fi,DDA,ssa+fi,dot,"[pta] UNHANDLED:   %2573 = landingpad { i8*, i32 }",/home/jimi/PaperExperiment/CompilerOptimization/Result/flatbuffers/dg/dg-LLVM14-O2-g/high_precision_20260326_164052/log/dda_fi.dot.stderr.log
dda_fi,DDA,ssa+fi,dot,"[pta] UNHANDLED:   invoke void @_ZNSt12__shared_ptrIN11flatbuffers13CodeGeneratorELN9__gnu_cxx12_Lock_policyE2EEC2IS1_St14default_deleteIS1_EvEEOSt10unique_ptrIT_T0_E(%""class.std::__shared_ptr""* noundef nonnull align 8 dereferenceable(16) %1582, %""class.std::unique_ptr.151""* noundef nonnull align 8 dereferenceable(8) %69)",/home/jimi/PaperExperiment/CompilerOptimization/Result/flatbuffers/dg/dg-LLVM14-O2-g/high_precision_20260326_164052/log/dda_fi.dot.stderr.log
dda_fi,DDA,ssa+fi,dot,"[pta] UNHANDLED:   %2557 = landingpad { i8*, i32 }",/home/jimi/PaperExperiment/CompilerOptimization/Result/flatbuffers/dg/dg-LLVM14-O2-g/high_precision_20260326_164052/log/dda_fi.dot.stderr.log
dda_fi,DDA,ssa+fi,dot,"[pta] UNHANDLED:   %1584 = invoke noundef zeroext i1 bitcast (i1 (%""class.flatbuffers::FlatCompiler""*, %""struct.flatbuffers::FlatCOption""*, %""class.std::shared_ptr""*)* @_ZN11flatbuffers12FlatCompiler21RegisterCodeGeneratorERKNS_11FlatCOptionESt10shared_ptrINS_13CodeGeneratorEE to i1 (%""class.flatbuffers::FlatCompiler.2328""*, %""struct.flatbuffers::FlatCOption""*, %""class.std::shared_ptr""*)*)(%""class.flatbuffers::FlatCompiler.2328""* noundef nonnull align 8 dereferenceable(64) %24, %""struct.flatbuffers::FlatCOption""* noundef nonnull align 8 dereferenceable(128) %67, %""class.std::shared_ptr""* noundef nonnull %68)",/home/jimi/PaperExperiment/CompilerOptimization/Result/flatbuffers/dg/dg-LLVM14-O2-g/high_precision_20260326_164052/log/dda_fi.dot.stderr.log
dda_fi,DDA,ssa+fi,dot,"[pta] UNHANDLED:   %2559 = landingpad { i8*, i32 }",/home/jimi/PaperExperiment/CompilerOptimization/Result/flatbuffers/dg/dg-LLVM14-O2-g/high_precision_20260326_164052/log/dda_fi.dot.stderr.log
dda_fi,DDA,ssa+fi,dot,"[pta] UNHANDLED:   %2561 = landingpad { i8*, i32 }",/home/jimi/PaperExperiment/CompilerOptimization/Result/flatbuffers/dg/dg-LLVM14-O2-g/high_precision_20260326_164052/log/dda_fi.dot.stderr.log
dda_fi,DDA,ssa+fi,dot,"[pta] UNHANDLED:   %1675 = invoke noundef i8* @_ZNSt7__cxx1112basic_stringIcSt11char_traitsIcESaIcEE9_M_createERmm(%""class.std::__cxx11::basic_string""* noundef nonnull align 8 dereferenceable(32) %1671, i64* noundef nonnull align 8 dereferenceable(8) %6, i64 noundef 0)",/home/jimi/PaperExperiment/CompilerOptimization/Result/flatbuffers/dg/dg-LLVM14-O2-g/high_precision_20260326_164052/log/dda_fi.dot.stderr.log
dda_fi,DDA,ssa+fi,dot,"[pta] UNHANDLED:   invoke void @_ZN11flatbuffers20NewRustCodeGeneratorEv(%""class.std::unique_ptr.151""* nonnull sret(%""class.std::unique_ptr.151"") align 8 %72)",/home/jimi/PaperExperiment/CompilerOptimization/Result/flatbuffers/dg/dg-LLVM14-O2-g/high_precision_20260326_164052/log/dda_fi.dot.stderr.log
dda_fi,DDA,ssa+fi,dot,"[pta] UNHANDLED:   %2607 = landingpad { i8*, i32 }",/home/jimi/PaperExperiment/CompilerOptimization/Result/flatbuffers/dg/dg-LLVM14-O2-g/high_precision_20260326_164052/log/dda_fi.dot.stderr.log
dda_fi,DDA,ssa+fi,dot,"[pta] UNHANDLED:   invoke void @_ZNSt12__shared_ptrIN11flatbuffers13CodeGeneratorELN9__gnu_cxx12_Lock_policyE2EEC2IS1_St14default_deleteIS1_EvEEOSt10unique_ptrIT_T0_E(%""class.std::__shared_ptr""* noundef nonnull align 8 dereferenceable(16) %1685, %""class.std::unique_ptr.151""* noundef nonnull align 8 dereferenceable(8) %72)",/home/jimi/PaperExperiment/CompilerOptimization/Result/flatbuffers/dg/dg-LLVM14-O2-g/high_precision_20260326_164052/log/dda_fi.dot.stderr.log
dda_fi,DDA,ssa+fi,dot,"[pta] UNHANDLED:   %2591 = landingpad { i8*, i32 }",/home/jimi/PaperExperiment/CompilerOptimization/Result/flatbuffers/dg/dg-LLVM14-O2-g/high_precision_20260326_164052/log/dda_fi.dot.stderr.log
dda_fi,DDA,ssa+fi,dot,"[pta] UNHANDLED:   %1687 = invoke noundef zeroext i1 bitcast (i1 (%""class.flatbuffers::FlatCompiler""*, %""struct.flatbuffers::FlatCOption""*, %""class.std::shared_ptr""*)* @_ZN11flatbuffers12FlatCompiler21RegisterCodeGeneratorERKNS_11FlatCOptionESt10shared_ptrINS_13CodeGeneratorEE to i1 (%""class.flatbuffers::FlatCompiler.2328""*, %""struct.flatbuffers::FlatCOption""*, %""class.std::shared_ptr""*)*)(%""class.flatbuffers::FlatCompiler.2328""* noundef nonnull align 8 dereferenceable(64) %24, %""struct.flatbuffers::FlatCOption""* noundef nonnull align 8 dereferenceable(128) %70, %""class.std::shared_ptr""* noundef nonnull %71)",/home/jimi/PaperExperiment/CompilerOptimization/Result/flatbuffers/dg/dg-LLVM14-O2-g/high_precision_20260326_164052/log/dda_fi.dot.stderr.log
dda_fi,DDA,ssa+fi,dot,"[pta] UNHANDLED:   %2593 = landingpad { i8*, i32 }",/home/jimi/PaperExperiment/CompilerOptimization/Result/flatbuffers/dg/dg-LLVM14-O2-g/high_precision_20260326_164052/log/dda_fi.dot.stderr.log
dda_fi,DDA,ssa+fi,dot,"[pta] UNHANDLED:   %2595 = landingpad { i8*, i32 }",/home/jimi/PaperExperiment/CompilerOptimization/Result/flatbuffers/dg/dg-LLVM14-O2-g/high_precision_20260326_164052/log/dda_fi.dot.stderr.log
dda_fi,DDA,ssa+fi,dot,"[pta] UNHANDLED:   %1778 = invoke noundef i8* @_ZNSt7__cxx1112basic_stringIcSt11char_traitsIcESaIcEE9_M_createERmm(%""class.std::__cxx11::basic_string""* noundef nonnull align 8 dereferenceable(32) %1774, i64* noundef nonnull align 8 dereferenceable(8) %5, i64 noundef 0)",/home/jimi/PaperExperiment/CompilerOptimization/Result/flatbuffers/dg/dg-LLVM14-O2-g/high_precision_20260326_164052/log/dda_fi.dot.stderr.log
dda_fi,DDA,ssa+fi,dot,"[pta] UNHANDLED:   invoke void @_ZN11flatbuffers20NewTextCodeGeneratorEv(%""class.std::unique_ptr.151""* nonnull sret(%""class.std::unique_ptr.151"") align 8 %75)",/home/jimi/PaperExperiment/CompilerOptimization/Result/flatbuffers/dg/dg-LLVM14-O2-g/high_precision_20260326_164052/log/dda_fi.dot.stderr.log
dda_fi,DDA,ssa+fi,dot,"[pta] UNHANDLED:   %2641 = landingpad { i8*, i32 }",/home/jimi/PaperExperiment/CompilerOptimization/Result/flatbuffers/dg/dg-LLVM14-O2-g/high_precision_20260326_164052/log/dda_fi.dot.stderr.log
dda_fi,DDA,ssa+fi,dot,"[pta] UNHANDLED:   invoke void @_ZNSt12__shared_ptrIN11flatbuffers13CodeGeneratorELN9__gnu_cxx12_Lock_policyE2EEC2IS1_St14default_deleteIS1_EvEEOSt10unique_ptrIT_T0_E(%""class.std::__shared_ptr""* noundef nonnull align 8 dereferenceable(16) %1788, %""class.std::unique_ptr.151""* noundef nonnull align 8 dereferenceable(8) %75)",/home/jimi/PaperExperiment/CompilerOptimization/Result/flatbuffers/dg/dg-LLVM14-O2-g/high_precision_20260326_164052/log/dda_fi.dot.stderr.log
dda_fi,DDA,ssa+fi,dot,"[pta] UNHANDLED:   %2625 = landingpad { i8*, i32 }",/home/jimi/PaperExperiment/CompilerOptimization/Result/flatbuffers/dg/dg-LLVM14-O2-g/high_precision_20260326_164052/log/dda_fi.dot.stderr.log
dda_fi,DDA,ssa+fi,dot,"[pta] UNHANDLED:   %1790 = invoke noundef zeroext i1 bitcast (i1 (%""class.flatbuffers::FlatCompiler""*, %""struct.flatbuffers::FlatCOption""*, %""class.std::shared_ptr""*)* @_ZN11flatbuffers12FlatCompiler21RegisterCodeGeneratorERKNS_11FlatCOptionESt10shared_ptrINS_13CodeGeneratorEE to i1 (%""class.flatbuffers::FlatCompiler.2328""*, %""struct.flatbuffers::FlatCOption""*, %""class.std::shared_ptr""*)*)(%""class.flatbuffers::FlatCompiler.2328""* noundef nonnull align 8 dereferenceable(64) %24, %""struct.flatbuffers::FlatCOption""* noundef nonnull align 8 dereferenceable(128) %73, %""class.std::shared_ptr""* noundef nonnull %74)",/home/jimi/PaperExperiment/CompilerOptimization/Result/flatbuffers/dg/dg-LLVM14-O2-g/high_precision_20260326_164052/log/dda_fi.dot.stderr.log
dda_fi,DDA,ssa+fi,dot,"[pta] UNHANDLED:   %2627 = landingpad { i8*, i32 }",/home/jimi/PaperExperiment/CompilerOptimization/Result/flatbuffers/dg/dg-LLVM14-O2-g/high_precision_20260326_164052/log/dda_fi.dot.stderr.log
dda_fi,DDA,ssa+fi,dot,"[pta] UNHANDLED:   %2629 = landingpad { i8*, i32 }",/home/jimi/PaperExperiment/CompilerOptimization/Result/flatbuffers/dg/dg-LLVM14-O2-g/high_precision_20260326_164052/log/dda_fi.dot.stderr.log
dda_fi,DDA,ssa+fi,dot,"[pta] UNHANDLED:   %1879 = invoke noundef i8* @_ZNSt7__cxx1112basic_stringIcSt11char_traitsIcESaIcEE9_M_createERmm(%""class.std::__cxx11::basic_string""* noundef nonnull align 8 dereferenceable(32) %1875, i64* noundef nonnull align 8 dereferenceable(8) %4, i64 noundef 0)",/home/jimi/PaperExperiment/CompilerOptimization/Result/flatbuffers/dg/dg-LLVM14-O2-g/high_precision_20260326_164052/log/dda_fi.dot.stderr.log
dda_fi,DDA,ssa+fi,dot,"[pta] UNHANDLED:   invoke void @_ZN11flatbuffers21NewSwiftCodeGeneratorEv(%""class.std::unique_ptr.151""* nonnull sret(%""class.std::unique_ptr.151"") align 8 %78)",/home/jimi/PaperExperiment/CompilerOptimization/Result/flatbuffers/dg/dg-LLVM14-O2-g/high_precision_20260326_164052/log/dda_fi.dot.stderr.log
dda_fi,DDA,ssa+fi,dot,"[pta] UNHANDLED:   %2675 = landingpad { i8*, i32 }",/home/jimi/PaperExperiment/CompilerOptimization/Result/flatbuffers/dg/dg-LLVM14-O2-g/high_precision_20260326_164052/log/dda_fi.dot.stderr.log
dda_fi,DDA,ssa+fi,dot,"[pta] UNHANDLED:   invoke void @_ZNSt12__shared_ptrIN11flatbuffers13CodeGeneratorELN9__gnu_cxx12_Lock_policyE2EEC2IS1_St14default_deleteIS1_EvEEOSt10unique_ptrIT_T0_E(%""class.std::__shared_ptr""* noundef nonnull align 8 dereferenceable(16) %1889, %""class.std::unique_ptr.151""* noundef nonnull align 8 dereferenceable(8) %78)",/home/jimi/PaperExperiment/CompilerOptimization/Result/flatbuffers/dg/dg-LLVM14-O2-g/high_precision_20260326_164052/log/dda_fi.dot.stderr.log
dda_fi,DDA,ssa+fi,dot,"[pta] UNHANDLED:   %2659 = landingpad { i8*, i32 }",/home/jimi/PaperExperiment/CompilerOptimization/Result/flatbuffers/dg/dg-LLVM14-O2-g/high_precision_20260326_164052/log/dda_fi.dot.stderr.log
dda_fi,DDA,ssa+fi,dot,"[pta] UNHANDLED:   %1891 = invoke noundef zeroext i1 bitcast (i1 (%""class.flatbuffers::FlatCompiler""*, %""struct.flatbuffers::FlatCOption""*, %""class.std::shared_ptr""*)* @_ZN11flatbuffers12FlatCompiler21RegisterCodeGeneratorERKNS_11FlatCOptionESt10shared_ptrINS_13CodeGeneratorEE to i1 (%""class.flatbuffers::FlatCompiler.2328""*, %""struct.flatbuffers::FlatCOption""*, %""class.std::shared_ptr""*)*)(%""class.flatbuffers::FlatCompiler.2328""* noundef nonnull align 8 dereferenceable(64) %24, %""struct.flatbuffers::FlatCOption""* noundef nonnull align 8 dereferenceable(128) %76, %""class.std::shared_ptr""* noundef nonnull %77)",/home/jimi/PaperExperiment/CompilerOptimization/Result/flatbuffers/dg/dg-LLVM14-O2-g/high_precision_20260326_164052/log/dda_fi.dot.stderr.log
dda_fi,DDA,ssa+fi,dot,"[pta] UNHANDLED:   %2661 = landingpad { i8*, i32 }",/home/jimi/PaperExperiment/CompilerOptimization/Result/flatbuffers/dg/dg-LLVM14-O2-g/high_precision_20260326_164052/log/dda_fi.dot.stderr.log
dda_fi,DDA,ssa+fi,dot,"[pta] UNHANDLED:   %2663 = landingpad { i8*, i32 }",/home/jimi/PaperExperiment/CompilerOptimization/Result/flatbuffers/dg/dg-LLVM14-O2-g/high_precision_20260326_164052/log/dda_fi.dot.stderr.log
dda_fi,DDA,ssa+fi,dot,"[pta] UNHANDLED:   %1982 = invoke noundef i8* @_ZNSt7__cxx1112basic_stringIcSt11char_traitsIcESaIcEE9_M_createERmm(%""class.std::__cxx11::basic_string""* noundef nonnull align 8 dereferenceable(32) %1978, i64* noundef nonnull align 8 dereferenceable(8) %3, i64 noundef 0)",/home/jimi/PaperExperiment/CompilerOptimization/Result/flatbuffers/dg/dg-LLVM14-O2-g/high_precision_20260326_164052/log/dda_fi.dot.stderr.log
dda_fi,DDA,ssa+fi,dot,"[pta] UNHANDLED:   invoke void @_ZN11flatbuffers18NewTsCodeGeneratorEv(%""class.std::unique_ptr.151""* nonnull sret(%""class.std::unique_ptr.151"") align 8 %81)",/home/jimi/PaperExperiment/CompilerOptimization/Result/flatbuffers/dg/dg-LLVM14-O2-g/high_precision_20260326_164052/log/dda_fi.dot.stderr.log
dda_fi,DDA,ssa+fi,dot,"[pta] UNHANDLED:   %2709 = landingpad { i8*, i32 }",/home/jimi/PaperExperiment/CompilerOptimization/Result/flatbuffers/dg/dg-LLVM14-O2-g/high_precision_20260326_164052/log/dda_fi.dot.stderr.log
dda_fi,DDA,ssa+fi,dot,"[pta] UNHANDLED:   invoke void @_ZNSt12__shared_ptrIN11flatbuffers13CodeGeneratorELN9__gnu_cxx12_Lock_policyE2EEC2IS1_St14default_deleteIS1_EvEEOSt10unique_ptrIT_T0_E(%""class.std::__shared_ptr""* noundef nonnull align 8 dereferenceable(16) %1992, %""class.std::unique_ptr.151""* noundef nonnull align 8 dereferenceable(8) %81)",/home/jimi/PaperExperiment/CompilerOptimization/Result/flatbuffers/dg/dg-LLVM14-O2-g/high_precision_20260326_164052/log/dda_fi.dot.stderr.log
dda_fi,DDA,ssa+fi,dot,"[pta] UNHANDLED:   %2693 = landingpad { i8*, i32 }",/home/jimi/PaperExperiment/CompilerOptimization/Result/flatbuffers/dg/dg-LLVM14-O2-g/high_precision_20260326_164052/log/dda_fi.dot.stderr.log
dda_fi,DDA,ssa+fi,dot,"[pta] UNHANDLED:   %1994 = invoke noundef zeroext i1 bitcast (i1 (%""class.flatbuffers::FlatCompiler""*, %""struct.flatbuffers::FlatCOption""*, %""class.std::shared_ptr""*)* @_ZN11flatbuffers12FlatCompiler21RegisterCodeGeneratorERKNS_11FlatCOptionESt10shared_ptrINS_13CodeGeneratorEE to i1 (%""class.flatbuffers::FlatCompiler.2328""*, %""struct.flatbuffers::FlatCOption""*, %""class.std::shared_ptr""*)*)(%""class.flatbuffers::FlatCompiler.2328""* noundef nonnull align 8 dereferenceable(64) %24, %""struct.flatbuffers::FlatCOption""* noundef nonnull align 8 dereferenceable(128) %79, %""class.std::shared_ptr""* noundef nonnull %80)",/home/jimi/PaperExperiment/CompilerOptimization/Result/flatbuffers/dg/dg-LLVM14-O2-g/high_precision_20260326_164052/log/dda_fi.dot.stderr.log
dda_fi,DDA,ssa+fi,dot,"[pta] UNHANDLED:   %2695 = landingpad { i8*, i32 }",/home/jimi/PaperExperiment/CompilerOptimization/Result/flatbuffers/dg/dg-LLVM14-O2-g/high_precision_20260326_164052/log/dda_fi.dot.stderr.log
dda_fi,DDA,ssa+fi,dot,"[pta] UNHANDLED:   %2697 = landingpad { i8*, i32 }",/home/jimi/PaperExperiment/CompilerOptimization/Result/flatbuffers/dg/dg-LLVM14-O2-g/high_precision_20260326_164052/log/dda_fi.dot.stderr.log
dda_fi,DDA,ssa+fi,dot,"[pta] UNHANDLED:   invoke void bitcast (void (%""struct.flatbuffers::FlatCOptions""*, %""class.flatbuffers::FlatCompiler""*, i32, i8**)* @_ZN11flatbuffers12FlatCompiler29ParseFromCommandLineArgumentsEiPPKc to void (%""struct.flatbuffers::FlatCOptions""*, %""class.flatbuffers::FlatCompiler.2328""*, i32, i8**)*)(%""struct.flatbuffers::FlatCOptions""* nonnull sret(%""struct.flatbuffers::FlatCOptions"") align 8 %82, %""class.flatbuffers::FlatCompiler.2328""* noundef nonnull align 8 dereferenceable(64) %24, i32 noundef %0, i8** noundef nonnull %1)",/home/jimi/PaperExperiment/CompilerOptimization/Result/flatbuffers/dg/dg-LLVM14-O2-g/high_precision_20260326_164052/log/dda_fi.dot.stderr.log
dda_fi,DDA,ssa+fi,dot,"[pta] UNHANDLED:   %2727 = landingpad { i8*, i32 }",/home/jimi/PaperExperiment/CompilerOptimization/Result/flatbuffers/dg/dg-LLVM14-O2-g/high_precision_20260326_164052/log/dda_fi.dot.stderr.log
dda_fi,DDA,ssa+fi,dot,[pta] UNHANDLED:   %2731 = invoke noalias noundef nonnull dereferenceable(8) i8* @_Znwm(i64 noundef 8) #52,/home/jimi/PaperExperiment/CompilerOptimization/Result/flatbuffers/dg/dg-LLVM14-O2-g/high_precision_20260326_164052/log/dda_fi.dot.stderr.log
dda_fi,DDA,ssa+fi,dot,"[pta] UNHANDLED:   %2739 = invoke noundef i32 bitcast (i32 (%""class.flatbuffers::FlatCompiler""*, %""struct.flatbuffers::FlatCOptions""*)* @_ZN11flatbuffers12FlatCompiler7CompileERKNS_12FlatCOptionsE to i32 (%""class.flatbuffers::FlatCompiler.2328""*, %""struct.flatbuffers::FlatCOptions""*)*)(%""class.flatbuffers::FlatCompiler.2328""* noundef nonnull align 8 dereferenceable(64) %24, %""struct.flatbuffers::FlatCOptions""* noundef nonnull align 8 dereferenceable(1104) %82)",/home/jimi/PaperExperiment/CompilerOptimization/Result/flatbuffers/dg/dg-LLVM14-O2-g/high_precision_20260326_164052/log/dda_fi.dot.stderr.log
dda_fi,DDA,ssa+fi,dot,"[pta] UNHANDLED:   %2729 = landingpad { i8*, i32 }",/home/jimi/PaperExperiment/CompilerOptimization/Result/flatbuffers/dg/dg-LLVM14-O2-g/high_precision_20260326_164052/log/dda_fi.dot.stderr.log
dda_fi,DDA,ssa+fi,dot,[pta] UNHANDLED:   %2067 = invoke noalias noundef nonnull dereferenceable(56) i8* @_Znwm(i64 noundef 56) #52,/home/jimi/PaperExperiment/CompilerOptimization/Result/flatbuffers/dg/dg-LLVM14-O2-g/high_precision_20260326_164052/log/dda_fi.dot.stderr.log
dda_fi,DDA,ssa+fi,dot,"[pta] UNHANDLED:   invoke void %2745(%""class.flatbuffers::FileSaver""* noundef nonnull align 8 dereferenceable(8) %2741)",/home/jimi/PaperExperiment/CompilerOptimization/Result/flatbuffers/dg/dg-LLVM14-O2-g/high_precision_20260326_164052/log/dda_fi.dot.stderr.log
dda_fi,DDA,ssa+fi,dot,"[pta] UNHANDLED:   %2763 = landingpad { i8*, i32 }",/home/jimi/PaperExperiment/CompilerOptimization/Result/flatbuffers/dg/dg-LLVM14-O2-g/high_precision_20260326_164052/log/dda_fi.dot.stderr.log
dda_fi,DDA,ssa+fi,dot,"[pta] UNHANDLED:   invoke void @_ZNSt8_Rb_treeINSt7__cxx1112basic_stringIcSt11char_traitsIcESaIcEEESt4pairIKS5_St10shared_ptrIN11flatbuffers13CodeGeneratorEEESt10_Select1stISC_ESt4lessIS5_ESaISC_EE8_M_eraseEPSt13_Rb_tree_nodeISC_E(%""class.std::_Rb_tree""* noundef nonnull align 8 dereferenceable(48) %2751, %""struct.std::_Rb_tree_node.354""* noundef %2753)",/home/jimi/PaperExperiment/CompilerOptimization/Result/flatbuffers/dg/dg-LLVM14-O2-g/high_precision_20260326_164052/log/dda_fi.dot.stderr.log
dda_fi,DDA,ssa+fi,dot,"[pta] UNHANDLED:   %2755 = landingpad { i8*, i32 }",/home/jimi/PaperExperiment/CompilerOptimization/Result/flatbuffers/dg/dg-LLVM14-O2-g/high_precision_20260326_164052/log/dda_fi.dot.stderr.log
dda_fs,DDA,ssa+fs,lines,"[pta] UNHANDLED:   %148 = invoke noundef i8* @_ZNSt7__cxx1112basic_stringIcSt11char_traitsIcESaIcEE9_M_createERmm(%""class.std::__cxx11::basic_string""* noundef nonnull align 8 dereferenceable(32) %144, i64* noundef nonnull align 8 dereferenceable(8) %21, i64 noundef 0)",/home/jimi/PaperExperiment/CompilerOptimization/Result/flatbuffers/dg/dg-LLVM14-O2-g/high_precision_20260326_164052/log/dda_fs.lines.stderr.log
dda_fs,DDA,ssa+fs,lines,"[pta] UNHANDLED:   invoke void @_ZN11flatbuffers22NewBinaryCodeGeneratorEv(%""class.std::unique_ptr.151""* nonnull sret(%""class.std::unique_ptr.151"") align 8 %27)",/home/jimi/PaperExperiment/CompilerOptimization/Result/flatbuffers/dg/dg-LLVM14-O2-g/high_precision_20260326_164052/log/dda_fs.lines.stderr.log
dda_fs,DDA,ssa+fs,lines,"[pta] UNHANDLED:   invoke void @_ZNSt8_Rb_treeINSt7__cxx1112basic_stringIcSt11char_traitsIcESaIcEEESt4pairIKS5_St10shared_ptrIN11flatbuffers13CodeGeneratorEEESt10_Select1stISC_ESt4lessIS5_ESaISC_EE8_M_eraseEPSt13_Rb_tree_nodeISC_E(%""class.std::_Rb_tree""* noundef nonnull align 8 dereferenceable(48) %2, %""struct.std::_Rb_tree_node.354""* noundef %6)",/home/jimi/PaperExperiment/CompilerOptimization/Result/flatbuffers/dg/dg-LLVM14-O2-g/high_precision_20260326_164052/log/dda_fs.lines.stderr.log
dda_fs,DDA,ssa+fs,lines,"[pta] UNHANDLED:   %8 = landingpad { i8*, i32 }",/home/jimi/PaperExperiment/CompilerOptimization/Result/flatbuffers/dg/dg-LLVM14-O2-g/high_precision_20260326_164052/log/dda_fs.lines.stderr.log
dda_fs,DDA,ssa+fs,lines,"[pta] UNHANDLED:   %2097 = landingpad { i8*, i32 }",/home/jimi/PaperExperiment/CompilerOptimization/Result/flatbuffers/dg/dg-LLVM14-O2-g/high_precision_20260326_164052/log/dda_fs.lines.stderr.log
dda_fs,DDA,ssa+fs,lines,"[pta] UNHANDLED:   invoke void @_ZNSt12__shared_ptrIN11flatbuffers13CodeGeneratorELN9__gnu_cxx12_Lock_policyE2EEC2IS1_St14default_deleteIS1_EvEEOSt10unique_ptrIT_T0_E(%""class.std::__shared_ptr""* noundef nonnull align 8 dereferenceable(16) %158, %""class.std::unique_ptr.151""* noundef nonnull align 8 dereferenceable(8) %27)",/home/jimi/PaperExperiment/CompilerOptimization/Result/flatbuffers/dg/dg-LLVM14-O2-g/high_precision_20260326_164052/log/dda_fs.lines.stderr.log
dda_fs,DDA,ssa+fs,lines,"[pta] UNHANDLED:   %2081 = landingpad { i8*, i32 }",/home/jimi/PaperExperiment/CompilerOptimization/Result/flatbuffers/dg/dg-LLVM14-O2-g/high_precision_20260326_164052/log/dda_fs.lines.stderr.log
dda_fs,DDA,ssa+fs,lines,"[pta] UNHANDLED:   resume { i8*, i32 } %2773, !dbg !106616",/home/jimi/PaperExperiment/CompilerOptimization/Result/flatbuffers/dg/dg-LLVM14-O2-g/high_precision_20260326_164052/log/dda_fs.lines.stderr.log
dda_fs,DDA,ssa+fs,lines,"[pta] UNHANDLED:   %160 = invoke noundef zeroext i1 bitcast (i1 (%""class.flatbuffers::FlatCompiler""*, %""struct.flatbuffers::FlatCOption""*, %""class.std::shared_ptr""*)* @_ZN11flatbuffers12FlatCompiler21RegisterCodeGeneratorERKNS_11FlatCOptionESt10shared_ptrINS_13CodeGeneratorEE to i1 (%""class.flatbuffers::FlatCompiler.2328""*, %""struct.flatbuffers::FlatCOption""*, %""class.std::shared_ptr""*)*)(%""class.flatbuffers::FlatCompiler.2328""* noundef nonnull align 8 dereferenceable(64) %24, %""struct.flatbuffers::FlatCOption""* noundef nonnull align 8 dereferenceable(128) %25, %""class.std::shared_ptr""* noundef nonnull %26)",/home/jimi/PaperExperiment/CompilerOptimization/Result/flatbuffers/dg/dg-LLVM14-O2-g/high_precision_20260326_164052/log/dda_fs.lines.stderr.log
dda_fs,DDA,ssa+fs,lines,"[pta] UNHANDLED:   %2083 = landingpad { i8*, i32 }",/home/jimi/PaperExperiment/CompilerOptimization/Result/flatbuffers/dg/dg-LLVM14-O2-g/high_precision_20260326_164052/log/dda_fs.lines.stderr.log
dda_fs,DDA,ssa+fs,lines,"[pta] UNHANDLED:   %2085 = landingpad { i8*, i32 }",/home/jimi/PaperExperiment/CompilerOptimization/Result/flatbuffers/dg/dg-LLVM14-O2-g/high_precision_20260326_164052/log/dda_fs.lines.stderr.log
dda_fs,DDA,ssa+fs,lines,"[pta] UNHANDLED:   %250 = invoke noundef i8* @_ZNSt7__cxx1112basic_stringIcSt11char_traitsIcESaIcEE9_M_createERmm(%""class.std::__cxx11::basic_string""* noundef nonnull align 8 dereferenceable(32) %246, i64* noundef nonnull align 8 dereferenceable(8) %20, i64 noundef 0)",/home/jimi/PaperExperiment/CompilerOptimization/Result/flatbuffers/dg/dg-LLVM14-O2-g/high_precision_20260326_164052/log/dda_fs.lines.stderr.log
dda_fs,DDA,ssa+fs,lines,"[pta] UNHANDLED:   invoke void @_ZN11flatbuffers19NewCppCodeGeneratorEv(%""class.std::unique_ptr.151""* nonnull sret(%""class.std::unique_ptr.151"") align 8 %30)",/home/jimi/PaperExperiment/CompilerOptimization/Result/flatbuffers/dg/dg-LLVM14-O2-g/high_precision_20260326_164052/log/dda_fs.lines.stderr.log
dda_fs,DDA,ssa+fs,lines,"[pta] UNHANDLED:   %2131 = landingpad { i8*, i32 }",/home/jimi/PaperExperiment/CompilerOptimization/Result/flatbuffers/dg/dg-LLVM14-O2-g/high_precision_20260326_164052/log/dda_fs.lines.stderr.log
dda_fs,DDA,ssa+fs,lines,"[pta] UNHANDLED:   invoke void @_ZNSt12__shared_ptrIN11flatbuffers13CodeGeneratorELN9__gnu_cxx12_Lock_policyE2EEC2IS1_St14default_deleteIS1_EvEEOSt10unique_ptrIT_T0_E(%""class.std::__shared_ptr""* noundef nonnull align 8 dereferenceable(16) %260, %""class.std::unique_ptr.151""* noundef nonnull align 8 dereferenceable(8) %30)",/home/jimi/PaperExperiment/CompilerOptimization/Result/flatbuffers/dg/dg-LLVM14-O2-g/high_precision_20260326_164052/log/dda_fs.lines.stderr.log
dda_fs,DDA,ssa+fs,lines,"[pta] UNHANDLED:   %2115 = landingpad { i8*, i32 }",/home/jimi/PaperExperiment/CompilerOptimization/Result/flatbuffers/dg/dg-LLVM14-O2-g/high_precision_20260326_164052/log/dda_fs.lines.stderr.log
dda_fs,DDA,ssa+fs,lines,"[pta] UNHANDLED:   %262 = invoke noundef zeroext i1 bitcast (i1 (%""class.flatbuffers::FlatCompiler""*, %""struct.flatbuffers::FlatCOption""*, %""class.std::shared_ptr""*)* @_ZN11flatbuffers12FlatCompiler21RegisterCodeGeneratorERKNS_11FlatCOptionESt10shared_ptrINS_13CodeGeneratorEE to i1 (%""class.flatbuffers::FlatCompiler.2328""*, %""struct.flatbuffers::FlatCOption""*, %""class.std::shared_ptr""*)*)(%""class.flatbuffers::FlatCompiler.2328""* noundef nonnull align 8 dereferenceable(64) %24, %""struct.flatbuffers::FlatCOption""* noundef nonnull align 8 dereferenceable(128) %28, %""class.std::shared_ptr""* noundef nonnull %29)",/home/jimi/PaperExperiment/CompilerOptimization/Result/flatbuffers/dg/dg-LLVM14-O2-g/high_precision_20260326_164052/log/dda_fs.lines.stderr.log
dda_fs,DDA,ssa+fs,lines,"[pta] UNHANDLED:   %2117 = landingpad { i8*, i32 }",/home/jimi/PaperExperiment/CompilerOptimization/Result/flatbuffers/dg/dg-LLVM14-O2-g/high_precision_20260326_164052/log/dda_fs.lines.stderr.log
dda_fs,DDA,ssa+fs,lines,"[pta] UNHANDLED:   %2119 = landingpad { i8*, i32 }",/home/jimi/PaperExperiment/CompilerOptimization/Result/flatbuffers/dg/dg-LLVM14-O2-g/high_precision_20260326_164052/log/dda_fs.lines.stderr.log
dda_fs,DDA,ssa+fs,lines,"[pta] UNHANDLED:   %352 = invoke noundef i8* @_ZNSt7__cxx1112basic_stringIcSt11char_traitsIcESaIcEE9_M_createERmm(%""class.std::__cxx11::basic_string""* noundef nonnull align 8 dereferenceable(32) %348, i64* noundef nonnull align 8 dereferenceable(8) %19, i64 noundef 0)",/home/jimi/PaperExperiment/CompilerOptimization/Result/flatbuffers/dg/dg-LLVM14-O2-g/high_precision_20260326_164052/log/dda_fs.lines.stderr.log
dda_fs,DDA,ssa+fs,lines,"[pta] UNHANDLED:   invoke void @_ZN11flatbuffers22NewCSharpCodeGeneratorEv(%""class.std::unique_ptr.151""* nonnull sret(%""class.std::unique_ptr.151"") align 8 %33)",/home/jimi/PaperExperiment/CompilerOptimization/Result/flatbuffers/dg/dg-LLVM14-O2-g/high_precision_20260326_164052/log/dda_fs.lines.stderr.log
dda_fs,DDA,ssa+fs,lines,"[pta] UNHANDLED:   %2165 = landingpad { i8*, i32 }",/home/jimi/PaperExperiment/CompilerOptimization/Result/flatbuffers/dg/dg-LLVM14-O2-g/high_precision_20260326_164052/log/dda_fs.lines.stderr.log
dda_fs,DDA,ssa+fs,lines,"[pta] UNHANDLED:   invoke void @_ZNSt12__shared_ptrIN11flatbuffers13CodeGeneratorELN9__gnu_cxx12_Lock_policyE2EEC2IS1_St14default_deleteIS1_EvEEOSt10unique_ptrIT_T0_E(%""class.std::__shared_ptr""* noundef nonnull align 8 dereferenceable(16) %362, %""class.std::unique_ptr.151""* noundef nonnull align 8 dereferenceable(8) %33)",/home/jimi/PaperExperiment/CompilerOptimization/Result/flatbuffers/dg/dg-LLVM14-O2-g/high_precision_20260326_164052/log/dda_fs.lines.stderr.log
dda_fs,DDA,ssa+fs,lines,"[pta] UNHANDLED:   %2149 = landingpad { i8*, i32 }",/home/jimi/PaperExperiment/CompilerOptimization/Result/flatbuffers/dg/dg-LLVM14-O2-g/high_precision_20260326_164052/log/dda_fs.lines.stderr.log
dda_fs,DDA,ssa+fs,lines,"[pta] UNHANDLED:   %364 = invoke noundef zeroext i1 bitcast (i1 (%""class.flatbuffers::FlatCompiler""*, %""struct.flatbuffers::FlatCOption""*, %""class.std::shared_ptr""*)* @_ZN11flatbuffers12FlatCompiler21RegisterCodeGeneratorERKNS_11FlatCOptionESt10shared_ptrINS_13CodeGeneratorEE to i1 (%""class.flatbuffers::FlatCompiler.2328""*, %""struct.flatbuffers::FlatCOption""*, %""class.std::shared_ptr""*)*)(%""class.flatbuffers::FlatCompiler.2328""* noundef nonnull align 8 dereferenceable(64) %24, %""struct.flatbuffers::FlatCOption""* noundef nonnull align 8 dereferenceable(128) %31, %""class.std::shared_ptr""* noundef nonnull %32)",/home/jimi/PaperExperiment/CompilerOptimization/Result/flatbuffers/dg/dg-LLVM14-O2-g/high_precision_20260326_164052/log/dda_fs.lines.stderr.log
dda_fs,DDA,ssa+fs,lines,"[pta] UNHANDLED:   %2151 = landingpad { i8*, i32 }",/home/jimi/PaperExperiment/CompilerOptimization/Result/flatbuffers/dg/dg-LLVM14-O2-g/high_precision_20260326_164052/log/dda_fs.lines.stderr.log
dda_fs,DDA,ssa+fs,lines,"[pta] UNHANDLED:   %2153 = landingpad { i8*, i32 }",/home/jimi/PaperExperiment/CompilerOptimization/Result/flatbuffers/dg/dg-LLVM14-O2-g/high_precision_20260326_164052/log/dda_fs.lines.stderr.log
dda_fs,DDA,ssa+fs,lines,"[pta] UNHANDLED:   %455 = invoke noundef i8* @_ZNSt7__cxx1112basic_stringIcSt11char_traitsIcESaIcEE9_M_createERmm(%""class.std::__cxx11::basic_string""* noundef nonnull align 8 dereferenceable(32) %451, i64* noundef nonnull align 8 dereferenceable(8) %18, i64 noundef 0)",/home/jimi/PaperExperiment/CompilerOptimization/Result/flatbuffers/dg/dg-LLVM14-O2-g/high_precision_20260326_164052/log/dda_fs.lines.stderr.log
dda_fs,DDA,ssa+fs,lines,"[pta] UNHANDLED:   invoke void @_ZN11flatbuffers20NewDartCodeGeneratorEv(%""class.std::unique_ptr.151""* nonnull sret(%""class.std::unique_ptr.151"") align 8 %36)",/home/jimi/PaperExperiment/CompilerOptimization/Result/flatbuffers/dg/dg-LLVM14-O2-g/high_precision_20260326_164052/log/dda_fs.lines.stderr.log
dda_fs,DDA,ssa+fs,lines,"[pta] UNHANDLED:   %2199 = landingpad { i8*, i32 }",/home/jimi/PaperExperiment/CompilerOptimization/Result/flatbuffers/dg/dg-LLVM14-O2-g/high_precision_20260326_164052/log/dda_fs.lines.stderr.log
dda_fs,DDA,ssa+fs,lines,"[pta] UNHANDLED:   invoke void @_ZNSt12__shared_ptrIN11flatbuffers13CodeGeneratorELN9__gnu_cxx12_Lock_policyE2EEC2IS1_St14default_deleteIS1_EvEEOSt10unique_ptrIT_T0_E(%""class.std::__shared_ptr""* noundef nonnull align 8 dereferenceable(16) %465, %""class.std::unique_ptr.151""* noundef nonnull align 8 dereferenceable(8) %36)",/home/jimi/PaperExperiment/CompilerOptimization/Result/flatbuffers/dg/dg-LLVM14-O2-g/high_precision_20260326_164052/log/dda_fs.lines.stderr.log
dda_fs,DDA,ssa+fs,lines,"[pta] UNHANDLED:   %2183 = landingpad { i8*, i32 }",/home/jimi/PaperExperiment/CompilerOptimization/Result/flatbuffers/dg/dg-LLVM14-O2-g/high_precision_20260326_164052/log/dda_fs.lines.stderr.log
dda_fs,DDA,ssa+fs,lines,"[pta] UNHANDLED:   %467 = invoke noundef zeroext i1 bitcast (i1 (%""class.flatbuffers::FlatCompiler""*, %""struct.flatbuffers::FlatCOption""*, %""class.std::shared_ptr""*)* @_ZN11flatbuffers12FlatCompiler21RegisterCodeGeneratorERKNS_11FlatCOptionESt10shared_ptrINS_13CodeGeneratorEE to i1 (%""class.flatbuffers::FlatCompiler.2328""*, %""struct.flatbuffers::FlatCOption""*, %""class.std::shared_ptr""*)*)(%""class.flatbuffers::FlatCompiler.2328""* noundef nonnull align 8 dereferenceable(64) %24, %""struct.flatbuffers::FlatCOption""* noundef nonnull align 8 dereferenceable(128) %34, %""class.std::shared_ptr""* noundef nonnull %35)",/home/jimi/PaperExperiment/CompilerOptimization/Result/flatbuffers/dg/dg-LLVM14-O2-g/high_precision_20260326_164052/log/dda_fs.lines.stderr.log
dda_fs,DDA,ssa+fs,lines,"[pta] UNHANDLED:   %2185 = landingpad { i8*, i32 }",/home/jimi/PaperExperiment/CompilerOptimization/Result/flatbuffers/dg/dg-LLVM14-O2-g/high_precision_20260326_164052/log/dda_fs.lines.stderr.log
dda_fs,DDA,ssa+fs,lines,"[pta] UNHANDLED:   %2187 = landingpad { i8*, i32 }",/home/jimi/PaperExperiment/CompilerOptimization/Result/flatbuffers/dg/dg-LLVM14-O2-g/high_precision_20260326_164052/log/dda_fs.lines.stderr.log
dda_fs,DDA,ssa+fs,lines,"[pta] UNHANDLED:   %556 = invoke noundef i8* @_ZNSt7__cxx1112basic_stringIcSt11char_traitsIcESaIcEE9_M_createERmm(%""class.std::__cxx11::basic_string""* noundef nonnull align 8 dereferenceable(32) %552, i64* noundef nonnull align 8 dereferenceable(8) %17, i64 noundef 0)",/home/jimi/PaperExperiment/CompilerOptimization/Result/flatbuffers/dg/dg-LLVM14-O2-g/high_precision_20260326_164052/log/dda_fs.lines.stderr.log
dda_fs,DDA,ssa+fs,lines,"[pta] UNHANDLED:   invoke void @_ZN11flatbuffers19NewFBSCodeGeneratorEb(%""class.std::unique_ptr.151""* nonnull sret(%""class.std::unique_ptr.151"") align 8 %39, i1 noundef zeroext false)",/home/jimi/PaperExperiment/CompilerOptimization/Result/flatbuffers/dg/dg-LLVM14-O2-g/high_precision_20260326_164052/log/dda_fs.lines.stderr.log
dda_fs,DDA,ssa+fs,lines,"[pta] UNHANDLED:   %2233 = landingpad { i8*, i32 }",/home/jimi/PaperExperiment/CompilerOptimization/Result/flatbuffers/dg/dg-LLVM14-O2-g/high_precision_20260326_164052/log/dda_fs.lines.stderr.log
dda_fs,DDA,ssa+fs,lines,"[pta] UNHANDLED:   invoke void @_ZNSt12__shared_ptrIN11flatbuffers13CodeGeneratorELN9__gnu_cxx12_Lock_policyE2EEC2IS1_St14default_deleteIS1_EvEEOSt10unique_ptrIT_T0_E(%""class.std::__shared_ptr""* noundef nonnull align 8 dereferenceable(16) %566, %""class.std::unique_ptr.151""* noundef nonnull align 8 dereferenceable(8) %39)",/home/jimi/PaperExperiment/CompilerOptimization/Result/flatbuffers/dg/dg-LLVM14-O2-g/high_precision_20260326_164052/log/dda_fs.lines.stderr.log
dda_fs,DDA,ssa+fs,lines,"[pta] UNHANDLED:   %2217 = landingpad { i8*, i32 }",/home/jimi/PaperExperiment/CompilerOptimization/Result/flatbuffers/dg/dg-LLVM14-O2-g/high_precision_20260326_164052/log/dda_fs.lines.stderr.log
dda_fs,DDA,ssa+fs,lines,"[pta] UNHANDLED:   %568 = invoke noundef zeroext i1 bitcast (i1 (%""class.flatbuffers::FlatCompiler""*, %""struct.flatbuffers::FlatCOption""*, %""class.std::shared_ptr""*)* @_ZN11flatbuffers12FlatCompiler21RegisterCodeGeneratorERKNS_11FlatCOptionESt10shared_ptrINS_13CodeGeneratorEE to i1 (%""class.flatbuffers::FlatCompiler.2328""*, %""struct.flatbuffers::FlatCOption""*, %""class.std::shared_ptr""*)*)(%""class.flatbuffers::FlatCompiler.2328""* noundef nonnull align 8 dereferenceable(64) %24, %""struct.flatbuffers::FlatCOption""* noundef nonnull align 8 dereferenceable(128) %37, %""class.std::shared_ptr""* noundef nonnull %38)",/home/jimi/PaperExperiment/CompilerOptimization/Result/flatbuffers/dg/dg-LLVM14-O2-g/high_precision_20260326_164052/log/dda_fs.lines.stderr.log
dda_fs,DDA,ssa+fs,lines,"[pta] UNHANDLED:   %2219 = landingpad { i8*, i32 }",/home/jimi/PaperExperiment/CompilerOptimization/Result/flatbuffers/dg/dg-LLVM14-O2-g/high_precision_20260326_164052/log/dda_fs.lines.stderr.log
dda_fs,DDA,ssa+fs,lines,"[pta] UNHANDLED:   %2221 = landingpad { i8*, i32 }",/home/jimi/PaperExperiment/CompilerOptimization/Result/flatbuffers/dg/dg-LLVM14-O2-g/high_precision_20260326_164052/log/dda_fs.lines.stderr.log
dda_fs,DDA,ssa+fs,lines,"[pta] UNHANDLED:   %659 = invoke noundef i8* @_ZNSt7__cxx1112basic_stringIcSt11char_traitsIcESaIcEE9_M_createERmm(%""class.std::__cxx11::basic_string""* noundef nonnull align 8 dereferenceable(32) %655, i64* noundef nonnull align 8 dereferenceable(8) %16, i64 noundef 0)",/home/jimi/PaperExperiment/CompilerOptimization/Result/flatbuffers/dg/dg-LLVM14-O2-g/high_precision_20260326_164052/log/dda_fs.lines.stderr.log
dda_fs,DDA,ssa+fs,lines,"[pta] UNHANDLED:   invoke void @_ZN11flatbuffers18NewGoCodeGeneratorEv(%""class.std::unique_ptr.151""* nonnull sret(%""class.std::unique_ptr.151"") align 8 %42)",/home/jimi/PaperExperiment/CompilerOptimization/Result/flatbuffers/dg/dg-LLVM14-O2-g/high_precision_20260326_164052/log/dda_fs.lines.stderr.log
dda_fs,DDA,ssa+fs,lines,"[pta] UNHANDLED:   %2267 = landingpad { i8*, i32 }",/home/jimi/PaperExperiment/CompilerOptimization/Result/flatbuffers/dg/dg-LLVM14-O2-g/high_precision_20260326_164052/log/dda_fs.lines.stderr.log
dda_fs,DDA,ssa+fs,lines,"[pta] UNHANDLED:   invoke void @_ZNSt12__shared_ptrIN11flatbuffers13CodeGeneratorELN9__gnu_cxx12_Lock_policyE2EEC2IS1_St14default_deleteIS1_EvEEOSt10unique_ptrIT_T0_E(%""class.std::__shared_ptr""* noundef nonnull align 8 dereferenceable(16) %669, %""class.std::unique_ptr.151""* noundef nonnull align 8 dereferenceable(8) %42)",/home/jimi/PaperExperiment/CompilerOptimization/Result/flatbuffers/dg/dg-LLVM14-O2-g/high_precision_20260326_164052/log/dda_fs.lines.stderr.log
dda_fs,DDA,ssa+fs,lines,"[pta] UNHANDLED:   %2251 = landingpad { i8*, i32 }",/home/jimi/PaperExperiment/CompilerOptimization/Result/flatbuffers/dg/dg-LLVM14-O2-g/high_precision_20260326_164052/log/dda_fs.lines.stderr.log
dda_fs,DDA,ssa+fs,lines,"[pta] UNHANDLED:   %671 = invoke noundef zeroext i1 bitcast (i1 (%""class.flatbuffers::FlatCompiler""*, %""struct.flatbuffers::FlatCOption""*, %""class.std::shared_ptr""*)* @_ZN11flatbuffers12FlatCompiler21RegisterCodeGeneratorERKNS_11FlatCOptionESt10shared_ptrINS_13CodeGeneratorEE to i1 (%""class.flatbuffers::FlatCompiler.2328""*, %""struct.flatbuffers::FlatCOption""*, %""class.std::shared_ptr""*)*)(%""class.flatbuffers::FlatCompiler.2328""* noundef nonnull align 8 dereferenceable(64) %24, %""struct.flatbuffers::FlatCOption""* noundef nonnull align 8 dereferenceable(128) %40, %""class.std::shared_ptr""* noundef nonnull %41)",/home/jimi/PaperExperiment/CompilerOptimization/Result/flatbuffers/dg/dg-LLVM14-O2-g/high_precision_20260326_164052/log/dda_fs.lines.stderr.log
dda_fs,DDA,ssa+fs,lines,"[pta] UNHANDLED:   %2253 = landingpad { i8*, i32 }",/home/jimi/PaperExperiment/CompilerOptimization/Result/flatbuffers/dg/dg-LLVM14-O2-g/high_precision_20260326_164052/log/dda_fs.lines.stderr.log
dda_fs,DDA,ssa+fs,lines,"[pta] UNHANDLED:   %2255 = landingpad { i8*, i32 }",/home/jimi/PaperExperiment/CompilerOptimization/Result/flatbuffers/dg/dg-LLVM14-O2-g/high_precision_20260326_164052/log/dda_fs.lines.stderr.log
dda_fs,DDA,ssa+fs,lines,"[pta] UNHANDLED:   %762 = invoke noundef i8* @_ZNSt7__cxx1112basic_stringIcSt11char_traitsIcESaIcEE9_M_createERmm(%""class.std::__cxx11::basic_string""* noundef nonnull align 8 dereferenceable(32) %758, i64* noundef nonnull align 8 dereferenceable(8) %15, i64 noundef 0)",/home/jimi/PaperExperiment/CompilerOptimization/Result/flatbuffers/dg/dg-LLVM14-O2-g/high_precision_20260326_164052/log/dda_fs.lines.stderr.log
dda_fs,DDA,ssa+fs,lines,"[pta] UNHANDLED:   invoke void @_ZN11flatbuffers20NewJavaCodeGeneratorEv(%""class.std::unique_ptr.151""* nonnull sret(%""class.std::unique_ptr.151"") align 8 %45)",/home/jimi/PaperExperiment/CompilerOptimization/Result/flatbuffers/dg/dg-LLVM14-O2-g/high_precision_20260326_164052/log/dda_fs.lines.stderr.log
dda_fs,DDA,ssa+fs,lines,"[pta] UNHANDLED:   %2301 = landingpad { i8*, i32 }",/home/jimi/PaperExperiment/CompilerOptimization/Result/flatbuffers/dg/dg-LLVM14-O2-g/high_precision_20260326_164052/log/dda_fs.lines.stderr.log
dda_fs,DDA,ssa+fs,lines,"[pta] UNHANDLED:   invoke void @_ZNSt12__shared_ptrIN11flatbuffers13CodeGeneratorELN9__gnu_cxx12_Lock_policyE2EEC2IS1_St14default_deleteIS1_EvEEOSt10unique_ptrIT_T0_E(%""class.std::__shared_ptr""* noundef nonnull align 8 dereferenceable(16) %772, %""class.std::unique_ptr.151""* noundef nonnull align 8 dereferenceable(8) %45)",/home/jimi/PaperExperiment/CompilerOptimization/Result/flatbuffers/dg/dg-LLVM14-O2-g/high_precision_20260326_164052/log/dda_fs.lines.stderr.log
dda_fs,DDA,ssa+fs,lines,"[pta] UNHANDLED:   %2285 = landingpad { i8*, i32 }",/home/jimi/PaperExperiment/CompilerOptimization/Result/flatbuffers/dg/dg-LLVM14-O2-g/high_precision_20260326_164052/log/dda_fs.lines.stderr.log
dda_fs,DDA,ssa+fs,lines,"[pta] UNHANDLED:   %774 = invoke noundef zeroext i1 bitcast (i1 (%""class.flatbuffers::FlatCompiler""*, %""struct.flatbuffers::FlatCOption""*, %""class.std::shared_ptr""*)* @_ZN11flatbuffers12FlatCompiler21RegisterCodeGeneratorERKNS_11FlatCOptionESt10shared_ptrINS_13CodeGeneratorEE to i1 (%""class.flatbuffers::FlatCompiler.2328""*, %""struct.flatbuffers::FlatCOption""*, %""class.std::shared_ptr""*)*)(%""class.flatbuffers::FlatCompiler.2328""* noundef nonnull align 8 dereferenceable(64) %24, %""struct.flatbuffers::FlatCOption""* noundef nonnull align 8 dereferenceable(128) %43, %""class.std::shared_ptr""* noundef nonnull %44)",/home/jimi/PaperExperiment/CompilerOptimization/Result/flatbuffers/dg/dg-LLVM14-O2-g/high_precision_20260326_164052/log/dda_fs.lines.stderr.log
dda_fs,DDA,ssa+fs,lines,"[pta] UNHANDLED:   %2287 = landingpad { i8*, i32 }",/home/jimi/PaperExperiment/CompilerOptimization/Result/flatbuffers/dg/dg-LLVM14-O2-g/high_precision_20260326_164052/log/dda_fs.lines.stderr.log
dda_fs,DDA,ssa+fs,lines,"[pta] UNHANDLED:   %2289 = landingpad { i8*, i32 }",/home/jimi/PaperExperiment/CompilerOptimization/Result/flatbuffers/dg/dg-LLVM14-O2-g/high_precision_20260326_164052/log/dda_fs.lines.stderr.log
dda_fs,DDA,ssa+fs,lines,"[pta] UNHANDLED:   %863 = invoke noundef i8* @_ZNSt7__cxx1112basic_stringIcSt11char_traitsIcESaIcEE9_M_createERmm(%""class.std::__cxx11::basic_string""* noundef nonnull align 8 dereferenceable(32) %859, i64* noundef nonnull align 8 dereferenceable(8) %14, i64 noundef 0)",/home/jimi/PaperExperiment/CompilerOptimization/Result/flatbuffers/dg/dg-LLVM14-O2-g/high_precision_20260326_164052/log/dda_fs.lines.stderr.log
dda_fs,DDA,ssa+fs,lines,"[pta] UNHANDLED:   invoke void @_ZN11flatbuffers26NewJsonSchemaCodeGeneratorEv(%""class.std::unique_ptr.151""* nonnull sret(%""class.std::unique_ptr.151"") align 8 %48)",/home/jimi/PaperExperiment/CompilerOptimization/Result/flatbuffers/dg/dg-LLVM14-O2-g/high_precision_20260326_164052/log/dda_fs.lines.stderr.log
dda_fs,DDA,ssa+fs,lines,"[pta] UNHANDLED:   %2335 = landingpad { i8*, i32 }",/home/jimi/PaperExperiment/CompilerOptimization/Result/flatbuffers/dg/dg-LLVM14-O2-g/high_precision_20260326_164052/log/dda_fs.lines.stderr.log
dda_fs,DDA,ssa+fs,lines,"[pta] UNHANDLED:   invoke void @_ZNSt12__shared_ptrIN11flatbuffers13CodeGeneratorELN9__gnu_cxx12_Lock_policyE2EEC2IS1_St14default_deleteIS1_EvEEOSt10unique_ptrIT_T0_E(%""class.std::__shared_ptr""* noundef nonnull align 8 dereferenceable(16) %873, %""class.std::unique_ptr.151""* noundef nonnull align 8 dereferenceable(8) %48)",/home/jimi/PaperExperiment/CompilerOptimization/Result/flatbuffers/dg/dg-LLVM14-O2-g/high_precision_20260326_164052/log/dda_fs.lines.stderr.log
dda_fs,DDA,ssa+fs,lines,"[pta] UNHANDLED:   %2319 = landingpad { i8*, i32 }",/home/jimi/PaperExperiment/CompilerOptimization/Result/flatbuffers/dg/dg-LLVM14-O2-g/high_precision_20260326_164052/log/dda_fs.lines.stderr.log
dda_fs,DDA,ssa+fs,lines,"[pta] UNHANDLED:   %875 = invoke noundef zeroext i1 bitcast (i1 (%""class.flatbuffers::FlatCompiler""*, %""struct.flatbuffers::FlatCOption""*, %""class.std::shared_ptr""*)* @_ZN11flatbuffers12FlatCompiler21RegisterCodeGeneratorERKNS_11FlatCOptionESt10shared_ptrINS_13CodeGeneratorEE to i1 (%""class.flatbuffers::FlatCompiler.2328""*, %""struct.flatbuffers::FlatCOption""*, %""class.std::shared_ptr""*)*)(%""class.flatbuffers::FlatCompiler.2328""* noundef nonnull align 8 dereferenceable(64) %24, %""struct.flatbuffers::FlatCOption""* noundef nonnull align 8 dereferenceable(128) %46, %""class.std::shared_ptr""* noundef nonnull %47)",/home/jimi/PaperExperiment/CompilerOptimization/Result/flatbuffers/dg/dg-LLVM14-O2-g/high_precision_20260326_164052/log/dda_fs.lines.stderr.log
dda_fs,DDA,ssa+fs,lines,"[pta] UNHANDLED:   %2321 = landingpad { i8*, i32 }",/home/jimi/PaperExperiment/CompilerOptimization/Result/flatbuffers/dg/dg-LLVM14-O2-g/high_precision_20260326_164052/log/dda_fs.lines.stderr.log
dda_fs,DDA,ssa+fs,lines,"[pta] UNHANDLED:   %2323 = landingpad { i8*, i32 }",/home/jimi/PaperExperiment/CompilerOptimization/Result/flatbuffers/dg/dg-LLVM14-O2-g/high_precision_20260326_164052/log/dda_fs.lines.stderr.log
dda_fs,DDA,ssa+fs,lines,"[pta] UNHANDLED:   %964 = invoke noundef i8* @_ZNSt7__cxx1112basic_stringIcSt11char_traitsIcESaIcEE9_M_createERmm(%""class.std::__cxx11::basic_string""* noundef nonnull align 8 dereferenceable(32) %960, i64* noundef nonnull align 8 dereferenceable(8) %13, i64 noundef 0)",/home/jimi/PaperExperiment/CompilerOptimization/Result/flatbuffers/dg/dg-LLVM14-O2-g/high_precision_20260326_164052/log/dda_fs.lines.stderr.log
dda_fs,DDA,ssa+fs,lines,"[pta] UNHANDLED:   invoke void @_ZN11flatbuffers22NewKotlinCodeGeneratorEv(%""class.std::unique_ptr.151""* nonnull sret(%""class.std::unique_ptr.151"") align 8 %51)",/home/jimi/PaperExperiment/CompilerOptimization/Result/flatbuffers/dg/dg-LLVM14-O2-g/high_precision_20260326_164052/log/dda_fs.lines.stderr.log
dda_fs,DDA,ssa+fs,lines,"[pta] UNHANDLED:   %2369 = landingpad { i8*, i32 }",/home/jimi/PaperExperiment/CompilerOptimization/Result/flatbuffers/dg/dg-LLVM14-O2-g/high_precision_20260326_164052/log/dda_fs.lines.stderr.log
dda_fs,DDA,ssa+fs,lines,"[pta] UNHANDLED:   invoke void @_ZNSt12__shared_ptrIN11flatbuffers13CodeGeneratorELN9__gnu_cxx12_Lock_policyE2EEC2IS1_St14default_deleteIS1_EvEEOSt10unique_ptrIT_T0_E(%""class.std::__shared_ptr""* noundef nonnull align 8 dereferenceable(16) %974, %""class.std::unique_ptr.151""* noundef nonnull align 8 dereferenceable(8) %51)",/home/jimi/PaperExperiment/CompilerOptimization/Result/flatbuffers/dg/dg-LLVM14-O2-g/high_precision_20260326_164052/log/dda_fs.lines.stderr.log
dda_fs,DDA,ssa+fs,lines,"[pta] UNHANDLED:   %2353 = landingpad { i8*, i32 }",/home/jimi/PaperExperiment/CompilerOptimization/Result/flatbuffers/dg/dg-LLVM14-O2-g/high_precision_20260326_164052/log/dda_fs.lines.stderr.log
dda_fs,DDA,ssa+fs,lines,"[pta] UNHANDLED:   %976 = invoke noundef zeroext i1 bitcast (i1 (%""class.flatbuffers::FlatCompiler""*, %""struct.flatbuffers::FlatCOption""*, %""class.std::shared_ptr""*)* @_ZN11flatbuffers12FlatCompiler21RegisterCodeGeneratorERKNS_11FlatCOptionESt10shared_ptrINS_13CodeGeneratorEE to i1 (%""class.flatbuffers::FlatCompiler.2328""*, %""struct.flatbuffers::FlatCOption""*, %""class.std::shared_ptr""*)*)(%""class.flatbuffers::FlatCompiler.2328""* noundef nonnull align 8 dereferenceable(64) %24, %""struct.flatbuffers::FlatCOption""* noundef nonnull align 8 dereferenceable(128) %49, %""class.std::shared_ptr""* noundef nonnull %50)",/home/jimi/PaperExperiment/CompilerOptimization/Result/flatbuffers/dg/dg-LLVM14-O2-g/high_precision_20260326_164052/log/dda_fs.lines.stderr.log
dda_fs,DDA,ssa+fs,lines,"[pta] UNHANDLED:   %2355 = landingpad { i8*, i32 }",/home/jimi/PaperExperiment/CompilerOptimization/Result/flatbuffers/dg/dg-LLVM14-O2-g/high_precision_20260326_164052/log/dda_fs.lines.stderr.log
dda_fs,DDA,ssa+fs,lines,"[pta] UNHANDLED:   %2357 = landingpad { i8*, i32 }",/home/jimi/PaperExperiment/CompilerOptimization/Result/flatbuffers/dg/dg-LLVM14-O2-g/high_precision_20260326_164052/log/dda_fs.lines.stderr.log
dda_fs,DDA,ssa+fs,lines,"[pta] UNHANDLED:   %1065 = invoke noundef i8* @_ZNSt7__cxx1112basic_stringIcSt11char_traitsIcESaIcEE9_M_createERmm(%""class.std::__cxx11::basic_string""* noundef nonnull align 8 dereferenceable(32) %1061, i64* noundef nonnull align 8 dereferenceable(8) %12, i64 noundef 0)",/home/jimi/PaperExperiment/CompilerOptimization/Result/flatbuffers/dg/dg-LLVM14-O2-g/high_precision_20260326_164052/log/dda_fs.lines.stderr.log
dda_fs,DDA,ssa+fs,lines,"[pta] UNHANDLED:   invoke void @_ZN11flatbuffers25NewKotlinKMPCodeGeneratorEv(%""class.std::unique_ptr.151""* nonnull sret(%""class.std::unique_ptr.151"") align 8 %54)",/home/jimi/PaperExperiment/CompilerOptimization/Result/flatbuffers/dg/dg-LLVM14-O2-g/high_precision_20260326_164052/log/dda_fs.lines.stderr.log
dda_fs,DDA,ssa+fs,lines,"[pta] UNHANDLED:   %2403 = landingpad { i8*, i32 }",/home/jimi/PaperExperiment/CompilerOptimization/Result/flatbuffers/dg/dg-LLVM14-O2-g/high_precision_20260326_164052/log/dda_fs.lines.stderr.log
dda_fs,DDA,ssa+fs,lines,"[pta] UNHANDLED:   invoke void @_ZNSt12__shared_ptrIN11flatbuffers13CodeGeneratorELN9__gnu_cxx12_Lock_policyE2EEC2IS1_St14default_deleteIS1_EvEEOSt10unique_ptrIT_T0_E(%""class.std::__shared_ptr""* noundef nonnull align 8 dereferenceable(16) %1075, %""class.std::unique_ptr.151""* noundef nonnull align 8 dereferenceable(8) %54)",/home/jimi/PaperExperiment/CompilerOptimization/Result/flatbuffers/dg/dg-LLVM14-O2-g/high_precision_20260326_164052/log/dda_fs.lines.stderr.log
dda_fs,DDA,ssa+fs,lines,"[pta] UNHANDLED:   %2387 = landingpad { i8*, i32 }",/home/jimi/PaperExperiment/CompilerOptimization/Result/flatbuffers/dg/dg-LLVM14-O2-g/high_precision_20260326_164052/log/dda_fs.lines.stderr.log
dda_fs,DDA,ssa+fs,lines,"[pta] UNHANDLED:   %1077 = invoke noundef zeroext i1 bitcast (i1 (%""class.flatbuffers::FlatCompiler""*, %""struct.flatbuffers::FlatCOption""*, %""class.std::shared_ptr""*)* @_ZN11flatbuffers12FlatCompiler21RegisterCodeGeneratorERKNS_11FlatCOptionESt10shared_ptrINS_13CodeGeneratorEE to i1 (%""class.flatbuffers::FlatCompiler.2328""*, %""struct.flatbuffers::FlatCOption""*, %""class.std::shared_ptr""*)*)(%""class.flatbuffers::FlatCompiler.2328""* noundef nonnull align 8 dereferenceable(64) %24, %""struct.flatbuffers::FlatCOption""* noundef nonnull align 8 dereferenceable(128) %52, %""class.std::shared_ptr""* noundef nonnull %53)",/home/jimi/PaperExperiment/CompilerOptimization/Result/flatbuffers/dg/dg-LLVM14-O2-g/high_precision_20260326_164052/log/dda_fs.lines.stderr.log
dda_fs,DDA,ssa+fs,lines,"[pta] UNHANDLED:   %2389 = landingpad { i8*, i32 }",/home/jimi/PaperExperiment/CompilerOptimization/Result/flatbuffers/dg/dg-LLVM14-O2-g/high_precision_20260326_164052/log/dda_fs.lines.stderr.log
dda_fs,DDA,ssa+fs,lines,"[pta] UNHANDLED:   %2391 = landingpad { i8*, i32 }",/home/jimi/PaperExperiment/CompilerOptimization/Result/flatbuffers/dg/dg-LLVM14-O2-g/high_precision_20260326_164052/log/dda_fs.lines.stderr.log
dda_fs,DDA,ssa+fs,lines,"[pta] UNHANDLED:   %1166 = invoke noundef i8* @_ZNSt7__cxx1112basic_stringIcSt11char_traitsIcESaIcEE9_M_createERmm(%""class.std::__cxx11::basic_string""* noundef nonnull align 8 dereferenceable(32) %1162, i64* noundef nonnull align 8 dereferenceable(8) %11, i64 noundef 0)",/home/jimi/PaperExperiment/CompilerOptimization/Result/flatbuffers/dg/dg-LLVM14-O2-g/high_precision_20260326_164052/log/dda_fs.lines.stderr.log
dda_fs,DDA,ssa+fs,lines,"[pta] UNHANDLED:   invoke void @_ZN11flatbuffers23NewLobsterCodeGeneratorEv(%""class.std::unique_ptr.151""* nonnull sret(%""class.std::unique_ptr.151"") align 8 %57)",/home/jimi/PaperExperiment/CompilerOptimization/Result/flatbuffers/dg/dg-LLVM14-O2-g/high_precision_20260326_164052/log/dda_fs.lines.stderr.log
dda_fs,DDA,ssa+fs,lines,"[pta] UNHANDLED:   %2437 = landingpad { i8*, i32 }",/home/jimi/PaperExperiment/CompilerOptimization/Result/flatbuffers/dg/dg-LLVM14-O2-g/high_precision_20260326_164052/log/dda_fs.lines.stderr.log
dda_fs,DDA,ssa+fs,lines,"[pta] UNHANDLED:   invoke void @_ZNSt12__shared_ptrIN11flatbuffers13CodeGeneratorELN9__gnu_cxx12_Lock_policyE2EEC2IS1_St14default_deleteIS1_EvEEOSt10unique_ptrIT_T0_E(%""class.std::__shared_ptr""* noundef nonnull align 8 dereferenceable(16) %1176, %""class.std::unique_ptr.151""* noundef nonnull align 8 dereferenceable(8) %57)",/home/jimi/PaperExperiment/CompilerOptimization/Result/flatbuffers/dg/dg-LLVM14-O2-g/high_precision_20260326_164052/log/dda_fs.lines.stderr.log
dda_fs,DDA,ssa+fs,lines,"[pta] UNHANDLED:   %2421 = landingpad { i8*, i32 }",/home/jimi/PaperExperiment/CompilerOptimization/Result/flatbuffers/dg/dg-LLVM14-O2-g/high_precision_20260326_164052/log/dda_fs.lines.stderr.log
dda_fs,DDA,ssa+fs,lines,"[pta] UNHANDLED:   %1178 = invoke noundef zeroext i1 bitcast (i1 (%""class.flatbuffers::FlatCompiler""*, %""struct.flatbuffers::FlatCOption""*, %""class.std::shared_ptr""*)* @_ZN11flatbuffers12FlatCompiler21RegisterCodeGeneratorERKNS_11FlatCOptionESt10shared_ptrINS_13CodeGeneratorEE to i1 (%""class.flatbuffers::FlatCompiler.2328""*, %""struct.flatbuffers::FlatCOption""*, %""class.std::shared_ptr""*)*)(%""class.flatbuffers::FlatCompiler.2328""* noundef nonnull align 8 dereferenceable(64) %24, %""struct.flatbuffers::FlatCOption""* noundef nonnull align 8 dereferenceable(128) %55, %""class.std::shared_ptr""* noundef nonnull %56)",/home/jimi/PaperExperiment/CompilerOptimization/Result/flatbuffers/dg/dg-LLVM14-O2-g/high_precision_20260326_164052/log/dda_fs.lines.stderr.log
dda_fs,DDA,ssa+fs,lines,"[pta] UNHANDLED:   %2423 = landingpad { i8*, i32 }",/home/jimi/PaperExperiment/CompilerOptimization/Result/flatbuffers/dg/dg-LLVM14-O2-g/high_precision_20260326_164052/log/dda_fs.lines.stderr.log
dda_fs,DDA,ssa+fs,lines,"[pta] UNHANDLED:   %2425 = landingpad { i8*, i32 }",/home/jimi/PaperExperiment/CompilerOptimization/Result/flatbuffers/dg/dg-LLVM14-O2-g/high_precision_20260326_164052/log/dda_fs.lines.stderr.log
dda_fs,DDA,ssa+fs,lines,"[pta] UNHANDLED:   %1268 = invoke noundef i8* @_ZNSt7__cxx1112basic_stringIcSt11char_traitsIcESaIcEE9_M_createERmm(%""class.std::__cxx11::basic_string""* noundef nonnull align 8 dereferenceable(32) %1264, i64* noundef nonnull align 8 dereferenceable(8) %10, i64 noundef 0)",/home/jimi/PaperExperiment/CompilerOptimization/Result/flatbuffers/dg/dg-LLVM14-O2-g/high_precision_20260326_164052/log/dda_fs.lines.stderr.log
dda_fs,DDA,ssa+fs,lines,"[pta] UNHANDLED:   invoke void @_ZN11flatbuffers19NewLuaBfbsGeneratorERKNSt7__cxx1112basic_stringIcSt11char_traitsIcESaIcEEE(%""class.std::unique_ptr.151""* nonnull sret(%""class.std::unique_ptr.151"") align 8 %60, %""class.std::__cxx11::basic_string""* noundef nonnull align 8 dereferenceable(32) %23)",/home/jimi/PaperExperiment/CompilerOptimization/Result/flatbuffers/dg/dg-LLVM14-O2-g/high_precision_20260326_164052/log/dda_fs.lines.stderr.log
dda_fs,DDA,ssa+fs,lines,"[pta] UNHANDLED:   %2471 = landingpad { i8*, i32 }",/home/jimi/PaperExperiment/CompilerOptimization/Result/flatbuffers/dg/dg-LLVM14-O2-g/high_precision_20260326_164052/log/dda_fs.lines.stderr.log
dda_fs,DDA,ssa+fs,lines,"[pta] UNHANDLED:   invoke void @_ZNSt12__shared_ptrIN11flatbuffers13CodeGeneratorELN9__gnu_cxx12_Lock_policyE2EEC2IS1_St14default_deleteIS1_EvEEOSt10unique_ptrIT_T0_E(%""class.std::__shared_ptr""* noundef nonnull align 8 dereferenceable(16) %1278, %""class.std::unique_ptr.151""* noundef nonnull align 8 dereferenceable(8) %60)",/home/jimi/PaperExperiment/CompilerOptimization/Result/flatbuffers/dg/dg-LLVM14-O2-g/high_precision_20260326_164052/log/dda_fs.lines.stderr.log
dda_fs,DDA,ssa+fs,lines,"[pta] UNHANDLED:   %2455 = landingpad { i8*, i32 }",/home/jimi/PaperExperiment/CompilerOptimization/Result/flatbuffers/dg/dg-LLVM14-O2-g/high_precision_20260326_164052/log/dda_fs.lines.stderr.log
dda_fs,DDA,ssa+fs,lines,"[pta] UNHANDLED:   %1280 = invoke noundef zeroext i1 bitcast (i1 (%""class.flatbuffers::FlatCompiler""*, %""struct.flatbuffers::FlatCOption""*, %""class.std::shared_ptr""*)* @_ZN11flatbuffers12FlatCompiler21RegisterCodeGeneratorERKNS_11FlatCOptionESt10shared_ptrINS_13CodeGeneratorEE to i1 (%""class.flatbuffers::FlatCompiler.2328""*, %""struct.flatbuffers::FlatCOption""*, %""class.std::shared_ptr""*)*)(%""class.flatbuffers::FlatCompiler.2328""* noundef nonnull align 8 dereferenceable(64) %24, %""struct.flatbuffers::FlatCOption""* noundef nonnull align 8 dereferenceable(128) %58, %""class.std::shared_ptr""* noundef nonnull %59)",/home/jimi/PaperExperiment/CompilerOptimization/Result/flatbuffers/dg/dg-LLVM14-O2-g/high_precision_20260326_164052/log/dda_fs.lines.stderr.log
dda_fs,DDA,ssa+fs,lines,"[pta] UNHANDLED:   %2457 = landingpad { i8*, i32 }",/home/jimi/PaperExperiment/CompilerOptimization/Result/flatbuffers/dg/dg-LLVM14-O2-g/high_precision_20260326_164052/log/dda_fs.lines.stderr.log
dda_fs,DDA,ssa+fs,lines,"[pta] UNHANDLED:   %2459 = landingpad { i8*, i32 }",/home/jimi/PaperExperiment/CompilerOptimization/Result/flatbuffers/dg/dg-LLVM14-O2-g/high_precision_20260326_164052/log/dda_fs.lines.stderr.log
dda_fs,DDA,ssa+fs,lines,"[pta] UNHANDLED:   %1369 = invoke noundef i8* @_ZNSt7__cxx1112basic_stringIcSt11char_traitsIcESaIcEE9_M_createERmm(%""class.std::__cxx11::basic_string""* noundef nonnull align 8 dereferenceable(32) %1365, i64* noundef nonnull align 8 dereferenceable(8) %9, i64 noundef 0)",/home/jimi/PaperExperiment/CompilerOptimization/Result/flatbuffers/dg/dg-LLVM14-O2-g/high_precision_20260326_164052/log/dda_fs.lines.stderr.log
dda_fs,DDA,ssa+fs,lines,"[pta] UNHANDLED:   invoke void @_ZN11flatbuffers19NewNimBfbsGeneratorERKNSt7__cxx1112basic_stringIcSt11char_traitsIcESaIcEEE(%""class.std::unique_ptr.151""* nonnull sret(%""class.std::unique_ptr.151"") align 8 %63, %""class.std::__cxx11::basic_string""* noundef nonnull align 8 dereferenceable(32) %23)",/home/jimi/PaperExperiment/CompilerOptimization/Result/flatbuffers/dg/dg-LLVM14-O2-g/high_precision_20260326_164052/log/dda_fs.lines.stderr.log
dda_fs,DDA,ssa+fs,lines,"[pta] UNHANDLED:   %2505 = landingpad { i8*, i32 }",/home/jimi/PaperExperiment/CompilerOptimization/Result/flatbuffers/dg/dg-LLVM14-O2-g/high_precision_20260326_164052/log/dda_fs.lines.stderr.log
dda_fs,DDA,ssa+fs,lines,"[pta] UNHANDLED:   invoke void @_ZNSt12__shared_ptrIN11flatbuffers13CodeGeneratorELN9__gnu_cxx12_Lock_policyE2EEC2IS1_St14default_deleteIS1_EvEEOSt10unique_ptrIT_T0_E(%""class.std::__shared_ptr""* noundef nonnull align 8 dereferenceable(16) %1379, %""class.std::unique_ptr.151""* noundef nonnull align 8 dereferenceable(8) %63)",/home/jimi/PaperExperiment/CompilerOptimization/Result/flatbuffers/dg/dg-LLVM14-O2-g/high_precision_20260326_164052/log/dda_fs.lines.stderr.log
dda_fs,DDA,ssa+fs,lines,"[pta] UNHANDLED:   %2489 = landingpad { i8*, i32 }",/home/jimi/PaperExperiment/CompilerOptimization/Result/flatbuffers/dg/dg-LLVM14-O2-g/high_precision_20260326_164052/log/dda_fs.lines.stderr.log
dda_fs,DDA,ssa+fs,lines,"[pta] UNHANDLED:   %1381 = invoke noundef zeroext i1 bitcast (i1 (%""class.flatbuffers::FlatCompiler""*, %""struct.flatbuffers::FlatCOption""*, %""class.std::shared_ptr""*)* @_ZN11flatbuffers12FlatCompiler21RegisterCodeGeneratorERKNS_11FlatCOptionESt10shared_ptrINS_13CodeGeneratorEE to i1 (%""class.flatbuffers::FlatCompiler.2328""*, %""struct.flatbuffers::FlatCOption""*, %""class.std::shared_ptr""*)*)(%""class.flatbuffers::FlatCompiler.2328""* noundef nonnull align 8 dereferenceable(64) %24, %""struct.flatbuffers::FlatCOption""* noundef nonnull align 8 dereferenceable(128) %61, %""class.std::shared_ptr""* noundef nonnull %62)",/home/jimi/PaperExperiment/CompilerOptimization/Result/flatbuffers/dg/dg-LLVM14-O2-g/high_precision_20260326_164052/log/dda_fs.lines.stderr.log
dda_fs,DDA,ssa+fs,lines,"[pta] UNHANDLED:   %2491 = landingpad { i8*, i32 }",/home/jimi/PaperExperiment/CompilerOptimization/Result/flatbuffers/dg/dg-LLVM14-O2-g/high_precision_20260326_164052/log/dda_fs.lines.stderr.log
dda_fs,DDA,ssa+fs,lines,"[pta] UNHANDLED:   %2493 = landingpad { i8*, i32 }",/home/jimi/PaperExperiment/CompilerOptimization/Result/flatbuffers/dg/dg-LLVM14-O2-g/high_precision_20260326_164052/log/dda_fs.lines.stderr.log
dda_fs,DDA,ssa+fs,lines,"[pta] UNHANDLED:   %1471 = invoke noundef i8* @_ZNSt7__cxx1112basic_stringIcSt11char_traitsIcESaIcEE9_M_createERmm(%""class.std::__cxx11::basic_string""* noundef nonnull align 8 dereferenceable(32) %1467, i64* noundef nonnull align 8 dereferenceable(8) %8, i64 noundef 0)",/home/jimi/PaperExperiment/CompilerOptimization/Result/flatbuffers/dg/dg-LLVM14-O2-g/high_precision_20260326_164052/log/dda_fs.lines.stderr.log
dda_fs,DDA,ssa+fs,lines,"[pta] UNHANDLED:   invoke void @_ZN11flatbuffers22NewPythonCodeGeneratorEv(%""class.std::unique_ptr.151""* nonnull sret(%""class.std::unique_ptr.151"") align 8 %66)",/home/jimi/PaperExperiment/CompilerOptimization/Result/flatbuffers/dg/dg-LLVM14-O2-g/high_precision_20260326_164052/log/dda_fs.lines.stderr.log
dda_fs,DDA,ssa+fs,lines,"[pta] UNHANDLED:   %2539 = landingpad { i8*, i32 }",/home/jimi/PaperExperiment/CompilerOptimization/Result/flatbuffers/dg/dg-LLVM14-O2-g/high_precision_20260326_164052/log/dda_fs.lines.stderr.log
dda_fs,DDA,ssa+fs,lines,"[pta] UNHANDLED:   invoke void @_ZNSt12__shared_ptrIN11flatbuffers13CodeGeneratorELN9__gnu_cxx12_Lock_policyE2EEC2IS1_St14default_deleteIS1_EvEEOSt10unique_ptrIT_T0_E(%""class.std::__shared_ptr""* noundef nonnull align 8 dereferenceable(16) %1481, %""class.std::unique_ptr.151""* noundef nonnull align 8 dereferenceable(8) %66)",/home/jimi/PaperExperiment/CompilerOptimization/Result/flatbuffers/dg/dg-LLVM14-O2-g/high_precision_20260326_164052/log/dda_fs.lines.stderr.log
dda_fs,DDA,ssa+fs,lines,"[pta] UNHANDLED:   %2523 = landingpad { i8*, i32 }",/home/jimi/PaperExperiment/CompilerOptimization/Result/flatbuffers/dg/dg-LLVM14-O2-g/high_precision_20260326_164052/log/dda_fs.lines.stderr.log
dda_fs,DDA,ssa+fs,lines,"[pta] UNHANDLED:   %1483 = invoke noundef zeroext i1 bitcast (i1 (%""class.flatbuffers::FlatCompiler""*, %""struct.flatbuffers::FlatCOption""*, %""class.std::shared_ptr""*)* @_ZN11flatbuffers12FlatCompiler21RegisterCodeGeneratorERKNS_11FlatCOptionESt10shared_ptrINS_13CodeGeneratorEE to i1 (%""class.flatbuffers::FlatCompiler.2328""*, %""struct.flatbuffers::FlatCOption""*, %""class.std::shared_ptr""*)*)(%""class.flatbuffers::FlatCompiler.2328""* noundef nonnull align 8 dereferenceable(64) %24, %""struct.flatbuffers::FlatCOption""* noundef nonnull align 8 dereferenceable(128) %64, %""class.std::shared_ptr""* noundef nonnull %65)",/home/jimi/PaperExperiment/CompilerOptimization/Result/flatbuffers/dg/dg-LLVM14-O2-g/high_precision_20260326_164052/log/dda_fs.lines.stderr.log
dda_fs,DDA,ssa+fs,lines,"[pta] UNHANDLED:   %2525 = landingpad { i8*, i32 }",/home/jimi/PaperExperiment/CompilerOptimization/Result/flatbuffers/dg/dg-LLVM14-O2-g/high_precision_20260326_164052/log/dda_fs.lines.stderr.log
dda_fs,DDA,ssa+fs,lines,"[pta] UNHANDLED:   %2527 = landingpad { i8*, i32 }",/home/jimi/PaperExperiment/CompilerOptimization/Result/flatbuffers/dg/dg-LLVM14-O2-g/high_precision_20260326_164052/log/dda_fs.lines.stderr.log
dda_fs,DDA,ssa+fs,lines,"[pta] UNHANDLED:   %1572 = invoke noundef i8* @_ZNSt7__cxx1112basic_stringIcSt11char_traitsIcESaIcEE9_M_createERmm(%""class.std::__cxx11::basic_string""* noundef nonnull align 8 dereferenceable(32) %1568, i64* noundef nonnull align 8 dereferenceable(8) %7, i64 noundef 0)",/home/jimi/PaperExperiment/CompilerOptimization/Result/flatbuffers/dg/dg-LLVM14-O2-g/high_precision_20260326_164052/log/dda_fs.lines.stderr.log
dda_fs,DDA,ssa+fs,lines,"[pta] UNHANDLED:   invoke void @_ZN11flatbuffers19NewPhpCodeGeneratorEv(%""class.std::unique_ptr.151""* nonnull sret(%""class.std::unique_ptr.151"") align 8 %69)",/home/jimi/PaperExperiment/CompilerOptimization/Result/flatbuffers/dg/dg-LLVM14-O2-g/high_precision_20260326_164052/log/dda_fs.lines.stderr.log
dda_fs,DDA,ssa+fs,lines,"[pta] UNHANDLED:   %2573 = landingpad { i8*, i32 }",/home/jimi/PaperExperiment/CompilerOptimization/Result/flatbuffers/dg/dg-LLVM14-O2-g/high_precision_20260326_164052/log/dda_fs.lines.stderr.log
dda_fs,DDA,ssa+fs,lines,"[pta] UNHANDLED:   invoke void @_ZNSt12__shared_ptrIN11flatbuffers13CodeGeneratorELN9__gnu_cxx12_Lock_policyE2EEC2IS1_St14default_deleteIS1_EvEEOSt10unique_ptrIT_T0_E(%""class.std::__shared_ptr""* noundef nonnull align 8 dereferenceable(16) %1582, %""class.std::unique_ptr.151""* noundef nonnull align 8 dereferenceable(8) %69)",/home/jimi/PaperExperiment/CompilerOptimization/Result/flatbuffers/dg/dg-LLVM14-O2-g/high_precision_20260326_164052/log/dda_fs.lines.stderr.log
dda_fs,DDA,ssa+fs,lines,"[pta] UNHANDLED:   %2557 = landingpad { i8*, i32 }",/home/jimi/PaperExperiment/CompilerOptimization/Result/flatbuffers/dg/dg-LLVM14-O2-g/high_precision_20260326_164052/log/dda_fs.lines.stderr.log
dda_fs,DDA,ssa+fs,lines,"[pta] UNHANDLED:   %1584 = invoke noundef zeroext i1 bitcast (i1 (%""class.flatbuffers::FlatCompiler""*, %""struct.flatbuffers::FlatCOption""*, %""class.std::shared_ptr""*)* @_ZN11flatbuffers12FlatCompiler21RegisterCodeGeneratorERKNS_11FlatCOptionESt10shared_ptrINS_13CodeGeneratorEE to i1 (%""class.flatbuffers::FlatCompiler.2328""*, %""struct.flatbuffers::FlatCOption""*, %""class.std::shared_ptr""*)*)(%""class.flatbuffers::FlatCompiler.2328""* noundef nonnull align 8 dereferenceable(64) %24, %""struct.flatbuffers::FlatCOption""* noundef nonnull align 8 dereferenceable(128) %67, %""class.std::shared_ptr""* noundef nonnull %68)",/home/jimi/PaperExperiment/CompilerOptimization/Result/flatbuffers/dg/dg-LLVM14-O2-g/high_precision_20260326_164052/log/dda_fs.lines.stderr.log
dda_fs,DDA,ssa+fs,lines,"[pta] UNHANDLED:   %2559 = landingpad { i8*, i32 }",/home/jimi/PaperExperiment/CompilerOptimization/Result/flatbuffers/dg/dg-LLVM14-O2-g/high_precision_20260326_164052/log/dda_fs.lines.stderr.log
dda_fs,DDA,ssa+fs,lines,"[pta] UNHANDLED:   %2561 = landingpad { i8*, i32 }",/home/jimi/PaperExperiment/CompilerOptimization/Result/flatbuffers/dg/dg-LLVM14-O2-g/high_precision_20260326_164052/log/dda_fs.lines.stderr.log
dda_fs,DDA,ssa+fs,lines,"[pta] UNHANDLED:   %1675 = invoke noundef i8* @_ZNSt7__cxx1112basic_stringIcSt11char_traitsIcESaIcEE9_M_createERmm(%""class.std::__cxx11::basic_string""* noundef nonnull align 8 dereferenceable(32) %1671, i64* noundef nonnull align 8 dereferenceable(8) %6, i64 noundef 0)",/home/jimi/PaperExperiment/CompilerOptimization/Result/flatbuffers/dg/dg-LLVM14-O2-g/high_precision_20260326_164052/log/dda_fs.lines.stderr.log
dda_fs,DDA,ssa+fs,lines,"[pta] UNHANDLED:   invoke void @_ZN11flatbuffers20NewRustCodeGeneratorEv(%""class.std::unique_ptr.151""* nonnull sret(%""class.std::unique_ptr.151"") align 8 %72)",/home/jimi/PaperExperiment/CompilerOptimization/Result/flatbuffers/dg/dg-LLVM14-O2-g/high_precision_20260326_164052/log/dda_fs.lines.stderr.log
dda_fs,DDA,ssa+fs,lines,"[pta] UNHANDLED:   %2607 = landingpad { i8*, i32 }",/home/jimi/PaperExperiment/CompilerOptimization/Result/flatbuffers/dg/dg-LLVM14-O2-g/high_precision_20260326_164052/log/dda_fs.lines.stderr.log
dda_fs,DDA,ssa+fs,lines,"[pta] UNHANDLED:   invoke void @_ZNSt12__shared_ptrIN11flatbuffers13CodeGeneratorELN9__gnu_cxx12_Lock_policyE2EEC2IS1_St14default_deleteIS1_EvEEOSt10unique_ptrIT_T0_E(%""class.std::__shared_ptr""* noundef nonnull align 8 dereferenceable(16) %1685, %""class.std::unique_ptr.151""* noundef nonnull align 8 dereferenceable(8) %72)",/home/jimi/PaperExperiment/CompilerOptimization/Result/flatbuffers/dg/dg-LLVM14-O2-g/high_precision_20260326_164052/log/dda_fs.lines.stderr.log
dda_fs,DDA,ssa+fs,lines,"[pta] UNHANDLED:   %2591 = landingpad { i8*, i32 }",/home/jimi/PaperExperiment/CompilerOptimization/Result/flatbuffers/dg/dg-LLVM14-O2-g/high_precision_20260326_164052/log/dda_fs.lines.stderr.log
dda_fs,DDA,ssa+fs,lines,"[pta] UNHANDLED:   %1687 = invoke noundef zeroext i1 bitcast (i1 (%""class.flatbuffers::FlatCompiler""*, %""struct.flatbuffers::FlatCOption""*, %""class.std::shared_ptr""*)* @_ZN11flatbuffers12FlatCompiler21RegisterCodeGeneratorERKNS_11FlatCOptionESt10shared_ptrINS_13CodeGeneratorEE to i1 (%""class.flatbuffers::FlatCompiler.2328""*, %""struct.flatbuffers::FlatCOption""*, %""class.std::shared_ptr""*)*)(%""class.flatbuffers::FlatCompiler.2328""* noundef nonnull align 8 dereferenceable(64) %24, %""struct.flatbuffers::FlatCOption""* noundef nonnull align 8 dereferenceable(128) %70, %""class.std::shared_ptr""* noundef nonnull %71)",/home/jimi/PaperExperiment/CompilerOptimization/Result/flatbuffers/dg/dg-LLVM14-O2-g/high_precision_20260326_164052/log/dda_fs.lines.stderr.log
dda_fs,DDA,ssa+fs,lines,"[pta] UNHANDLED:   %2593 = landingpad { i8*, i32 }",/home/jimi/PaperExperiment/CompilerOptimization/Result/flatbuffers/dg/dg-LLVM14-O2-g/high_precision_20260326_164052/log/dda_fs.lines.stderr.log
dda_fs,DDA,ssa+fs,lines,"[pta] UNHANDLED:   %2595 = landingpad { i8*, i32 }",/home/jimi/PaperExperiment/CompilerOptimization/Result/flatbuffers/dg/dg-LLVM14-O2-g/high_precision_20260326_164052/log/dda_fs.lines.stderr.log
dda_fs,DDA,ssa+fs,lines,"[pta] UNHANDLED:   %1778 = invoke noundef i8* @_ZNSt7__cxx1112basic_stringIcSt11char_traitsIcESaIcEE9_M_createERmm(%""class.std::__cxx11::basic_string""* noundef nonnull align 8 dereferenceable(32) %1774, i64* noundef nonnull align 8 dereferenceable(8) %5, i64 noundef 0)",/home/jimi/PaperExperiment/CompilerOptimization/Result/flatbuffers/dg/dg-LLVM14-O2-g/high_precision_20260326_164052/log/dda_fs.lines.stderr.log
dda_fs,DDA,ssa+fs,lines,"[pta] UNHANDLED:   invoke void @_ZN11flatbuffers20NewTextCodeGeneratorEv(%""class.std::unique_ptr.151""* nonnull sret(%""class.std::unique_ptr.151"") align 8 %75)",/home/jimi/PaperExperiment/CompilerOptimization/Result/flatbuffers/dg/dg-LLVM14-O2-g/high_precision_20260326_164052/log/dda_fs.lines.stderr.log
dda_fs,DDA,ssa+fs,lines,"[pta] UNHANDLED:   %2641 = landingpad { i8*, i32 }",/home/jimi/PaperExperiment/CompilerOptimization/Result/flatbuffers/dg/dg-LLVM14-O2-g/high_precision_20260326_164052/log/dda_fs.lines.stderr.log
dda_fs,DDA,ssa+fs,lines,"[pta] UNHANDLED:   invoke void @_ZNSt12__shared_ptrIN11flatbuffers13CodeGeneratorELN9__gnu_cxx12_Lock_policyE2EEC2IS1_St14default_deleteIS1_EvEEOSt10unique_ptrIT_T0_E(%""class.std::__shared_ptr""* noundef nonnull align 8 dereferenceable(16) %1788, %""class.std::unique_ptr.151""* noundef nonnull align 8 dereferenceable(8) %75)",/home/jimi/PaperExperiment/CompilerOptimization/Result/flatbuffers/dg/dg-LLVM14-O2-g/high_precision_20260326_164052/log/dda_fs.lines.stderr.log
dda_fs,DDA,ssa+fs,lines,"[pta] UNHANDLED:   %2625 = landingpad { i8*, i32 }",/home/jimi/PaperExperiment/CompilerOptimization/Result/flatbuffers/dg/dg-LLVM14-O2-g/high_precision_20260326_164052/log/dda_fs.lines.stderr.log
dda_fs,DDA,ssa+fs,lines,"[pta] UNHANDLED:   %1790 = invoke noundef zeroext i1 bitcast (i1 (%""class.flatbuffers::FlatCompiler""*, %""struct.flatbuffers::FlatCOption""*, %""class.std::shared_ptr""*)* @_ZN11flatbuffers12FlatCompiler21RegisterCodeGeneratorERKNS_11FlatCOptionESt10shared_ptrINS_13CodeGeneratorEE to i1 (%""class.flatbuffers::FlatCompiler.2328""*, %""struct.flatbuffers::FlatCOption""*, %""class.std::shared_ptr""*)*)(%""class.flatbuffers::FlatCompiler.2328""* noundef nonnull align 8 dereferenceable(64) %24, %""struct.flatbuffers::FlatCOption""* noundef nonnull align 8 dereferenceable(128) %73, %""class.std::shared_ptr""* noundef nonnull %74)",/home/jimi/PaperExperiment/CompilerOptimization/Result/flatbuffers/dg/dg-LLVM14-O2-g/high_precision_20260326_164052/log/dda_fs.lines.stderr.log
dda_fs,DDA,ssa+fs,lines,"[pta] UNHANDLED:   %2627 = landingpad { i8*, i32 }",/home/jimi/PaperExperiment/CompilerOptimization/Result/flatbuffers/dg/dg-LLVM14-O2-g/high_precision_20260326_164052/log/dda_fs.lines.stderr.log
dda_fs,DDA,ssa+fs,lines,"[pta] UNHANDLED:   %2629 = landingpad { i8*, i32 }",/home/jimi/PaperExperiment/CompilerOptimization/Result/flatbuffers/dg/dg-LLVM14-O2-g/high_precision_20260326_164052/log/dda_fs.lines.stderr.log
dda_fs,DDA,ssa+fs,lines,"[pta] UNHANDLED:   %1879 = invoke noundef i8* @_ZNSt7__cxx1112basic_stringIcSt11char_traitsIcESaIcEE9_M_createERmm(%""class.std::__cxx11::basic_string""* noundef nonnull align 8 dereferenceable(32) %1875, i64* noundef nonnull align 8 dereferenceable(8) %4, i64 noundef 0)",/home/jimi/PaperExperiment/CompilerOptimization/Result/flatbuffers/dg/dg-LLVM14-O2-g/high_precision_20260326_164052/log/dda_fs.lines.stderr.log
dda_fs,DDA,ssa+fs,lines,"[pta] UNHANDLED:   invoke void @_ZN11flatbuffers21NewSwiftCodeGeneratorEv(%""class.std::unique_ptr.151""* nonnull sret(%""class.std::unique_ptr.151"") align 8 %78)",/home/jimi/PaperExperiment/CompilerOptimization/Result/flatbuffers/dg/dg-LLVM14-O2-g/high_precision_20260326_164052/log/dda_fs.lines.stderr.log
dda_fs,DDA,ssa+fs,lines,"[pta] UNHANDLED:   %2675 = landingpad { i8*, i32 }",/home/jimi/PaperExperiment/CompilerOptimization/Result/flatbuffers/dg/dg-LLVM14-O2-g/high_precision_20260326_164052/log/dda_fs.lines.stderr.log
dda_fs,DDA,ssa+fs,lines,"[pta] UNHANDLED:   invoke void @_ZNSt12__shared_ptrIN11flatbuffers13CodeGeneratorELN9__gnu_cxx12_Lock_policyE2EEC2IS1_St14default_deleteIS1_EvEEOSt10unique_ptrIT_T0_E(%""class.std::__shared_ptr""* noundef nonnull align 8 dereferenceable(16) %1889, %""class.std::unique_ptr.151""* noundef nonnull align 8 dereferenceable(8) %78)",/home/jimi/PaperExperiment/CompilerOptimization/Result/flatbuffers/dg/dg-LLVM14-O2-g/high_precision_20260326_164052/log/dda_fs.lines.stderr.log
dda_fs,DDA,ssa+fs,lines,"[pta] UNHANDLED:   %2659 = landingpad { i8*, i32 }",/home/jimi/PaperExperiment/CompilerOptimization/Result/flatbuffers/dg/dg-LLVM14-O2-g/high_precision_20260326_164052/log/dda_fs.lines.stderr.log
dda_fs,DDA,ssa+fs,lines,"[pta] UNHANDLED:   %1891 = invoke noundef zeroext i1 bitcast (i1 (%""class.flatbuffers::FlatCompiler""*, %""struct.flatbuffers::FlatCOption""*, %""class.std::shared_ptr""*)* @_ZN11flatbuffers12FlatCompiler21RegisterCodeGeneratorERKNS_11FlatCOptionESt10shared_ptrINS_13CodeGeneratorEE to i1 (%""class.flatbuffers::FlatCompiler.2328""*, %""struct.flatbuffers::FlatCOption""*, %""class.std::shared_ptr""*)*)(%""class.flatbuffers::FlatCompiler.2328""* noundef nonnull align 8 dereferenceable(64) %24, %""struct.flatbuffers::FlatCOption""* noundef nonnull align 8 dereferenceable(128) %76, %""class.std::shared_ptr""* noundef nonnull %77)",/home/jimi/PaperExperiment/CompilerOptimization/Result/flatbuffers/dg/dg-LLVM14-O2-g/high_precision_20260326_164052/log/dda_fs.lines.stderr.log
dda_fs,DDA,ssa+fs,lines,"[pta] UNHANDLED:   %2661 = landingpad { i8*, i32 }",/home/jimi/PaperExperiment/CompilerOptimization/Result/flatbuffers/dg/dg-LLVM14-O2-g/high_precision_20260326_164052/log/dda_fs.lines.stderr.log
dda_fs,DDA,ssa+fs,lines,"[pta] UNHANDLED:   %2663 = landingpad { i8*, i32 }",/home/jimi/PaperExperiment/CompilerOptimization/Result/flatbuffers/dg/dg-LLVM14-O2-g/high_precision_20260326_164052/log/dda_fs.lines.stderr.log
dda_fs,DDA,ssa+fs,lines,"[pta] UNHANDLED:   %1982 = invoke noundef i8* @_ZNSt7__cxx1112basic_stringIcSt11char_traitsIcESaIcEE9_M_createERmm(%""class.std::__cxx11::basic_string""* noundef nonnull align 8 dereferenceable(32) %1978, i64* noundef nonnull align 8 dereferenceable(8) %3, i64 noundef 0)",/home/jimi/PaperExperiment/CompilerOptimization/Result/flatbuffers/dg/dg-LLVM14-O2-g/high_precision_20260326_164052/log/dda_fs.lines.stderr.log
dda_fs,DDA,ssa+fs,lines,"[pta] UNHANDLED:   invoke void @_ZN11flatbuffers18NewTsCodeGeneratorEv(%""class.std::unique_ptr.151""* nonnull sret(%""class.std::unique_ptr.151"") align 8 %81)",/home/jimi/PaperExperiment/CompilerOptimization/Result/flatbuffers/dg/dg-LLVM14-O2-g/high_precision_20260326_164052/log/dda_fs.lines.stderr.log
dda_fs,DDA,ssa+fs,lines,"[pta] UNHANDLED:   %2709 = landingpad { i8*, i32 }",/home/jimi/PaperExperiment/CompilerOptimization/Result/flatbuffers/dg/dg-LLVM14-O2-g/high_precision_20260326_164052/log/dda_fs.lines.stderr.log
dda_fs,DDA,ssa+fs,lines,"[pta] UNHANDLED:   invoke void @_ZNSt12__shared_ptrIN11flatbuffers13CodeGeneratorELN9__gnu_cxx12_Lock_policyE2EEC2IS1_St14default_deleteIS1_EvEEOSt10unique_ptrIT_T0_E(%""class.std::__shared_ptr""* noundef nonnull align 8 dereferenceable(16) %1992, %""class.std::unique_ptr.151""* noundef nonnull align 8 dereferenceable(8) %81)",/home/jimi/PaperExperiment/CompilerOptimization/Result/flatbuffers/dg/dg-LLVM14-O2-g/high_precision_20260326_164052/log/dda_fs.lines.stderr.log
dda_fs,DDA,ssa+fs,lines,"[pta] UNHANDLED:   %2693 = landingpad { i8*, i32 }",/home/jimi/PaperExperiment/CompilerOptimization/Result/flatbuffers/dg/dg-LLVM14-O2-g/high_precision_20260326_164052/log/dda_fs.lines.stderr.log
dda_fs,DDA,ssa+fs,lines,"[pta] UNHANDLED:   %1994 = invoke noundef zeroext i1 bitcast (i1 (%""class.flatbuffers::FlatCompiler""*, %""struct.flatbuffers::FlatCOption""*, %""class.std::shared_ptr""*)* @_ZN11flatbuffers12FlatCompiler21RegisterCodeGeneratorERKNS_11FlatCOptionESt10shared_ptrINS_13CodeGeneratorEE to i1 (%""class.flatbuffers::FlatCompiler.2328""*, %""struct.flatbuffers::FlatCOption""*, %""class.std::shared_ptr""*)*)(%""class.flatbuffers::FlatCompiler.2328""* noundef nonnull align 8 dereferenceable(64) %24, %""struct.flatbuffers::FlatCOption""* noundef nonnull align 8 dereferenceable(128) %79, %""class.std::shared_ptr""* noundef nonnull %80)",/home/jimi/PaperExperiment/CompilerOptimization/Result/flatbuffers/dg/dg-LLVM14-O2-g/high_precision_20260326_164052/log/dda_fs.lines.stderr.log
dda_fs,DDA,ssa+fs,lines,"[pta] UNHANDLED:   %2695 = landingpad { i8*, i32 }",/home/jimi/PaperExperiment/CompilerOptimization/Result/flatbuffers/dg/dg-LLVM14-O2-g/high_precision_20260326_164052/log/dda_fs.lines.stderr.log
dda_fs,DDA,ssa+fs,lines,"[pta] UNHANDLED:   %2697 = landingpad { i8*, i32 }",/home/jimi/PaperExperiment/CompilerOptimization/Result/flatbuffers/dg/dg-LLVM14-O2-g/high_precision_20260326_164052/log/dda_fs.lines.stderr.log
dda_fs,DDA,ssa+fs,lines,"[pta] UNHANDLED:   invoke void bitcast (void (%""struct.flatbuffers::FlatCOptions""*, %""class.flatbuffers::FlatCompiler""*, i32, i8**)* @_ZN11flatbuffers12FlatCompiler29ParseFromCommandLineArgumentsEiPPKc to void (%""struct.flatbuffers::FlatCOptions""*, %""class.flatbuffers::FlatCompiler.2328""*, i32, i8**)*)(%""struct.flatbuffers::FlatCOptions""* nonnull sret(%""struct.flatbuffers::FlatCOptions"") align 8 %82, %""class.flatbuffers::FlatCompiler.2328""* noundef nonnull align 8 dereferenceable(64) %24, i32 noundef %0, i8** noundef nonnull %1)",/home/jimi/PaperExperiment/CompilerOptimization/Result/flatbuffers/dg/dg-LLVM14-O2-g/high_precision_20260326_164052/log/dda_fs.lines.stderr.log
dda_fs,DDA,ssa+fs,lines,"[pta] UNHANDLED:   %2727 = landingpad { i8*, i32 }",/home/jimi/PaperExperiment/CompilerOptimization/Result/flatbuffers/dg/dg-LLVM14-O2-g/high_precision_20260326_164052/log/dda_fs.lines.stderr.log
dda_fs,DDA,ssa+fs,lines,[pta] UNHANDLED:   %2731 = invoke noalias noundef nonnull dereferenceable(8) i8* @_Znwm(i64 noundef 8) #52,/home/jimi/PaperExperiment/CompilerOptimization/Result/flatbuffers/dg/dg-LLVM14-O2-g/high_precision_20260326_164052/log/dda_fs.lines.stderr.log
dda_fs,DDA,ssa+fs,lines,"[pta] UNHANDLED:   %2739 = invoke noundef i32 bitcast (i32 (%""class.flatbuffers::FlatCompiler""*, %""struct.flatbuffers::FlatCOptions""*)* @_ZN11flatbuffers12FlatCompiler7CompileERKNS_12FlatCOptionsE to i32 (%""class.flatbuffers::FlatCompiler.2328""*, %""struct.flatbuffers::FlatCOptions""*)*)(%""class.flatbuffers::FlatCompiler.2328""* noundef nonnull align 8 dereferenceable(64) %24, %""struct.flatbuffers::FlatCOptions""* noundef nonnull align 8 dereferenceable(1104) %82)",/home/jimi/PaperExperiment/CompilerOptimization/Result/flatbuffers/dg/dg-LLVM14-O2-g/high_precision_20260326_164052/log/dda_fs.lines.stderr.log
dda_fs,DDA,ssa+fs,lines,"[pta] UNHANDLED:   %2729 = landingpad { i8*, i32 }",/home/jimi/PaperExperiment/CompilerOptimization/Result/flatbuffers/dg/dg-LLVM14-O2-g/high_precision_20260326_164052/log/dda_fs.lines.stderr.log
dda_fs,DDA,ssa+fs,lines,[pta] UNHANDLED:   %2067 = invoke noalias noundef nonnull dereferenceable(56) i8* @_Znwm(i64 noundef 56) #52,/home/jimi/PaperExperiment/CompilerOptimization/Result/flatbuffers/dg/dg-LLVM14-O2-g/high_precision_20260326_164052/log/dda_fs.lines.stderr.log
dda_fs,DDA,ssa+fs,lines,"[pta] UNHANDLED:   invoke void %2745(%""class.flatbuffers::FileSaver""* noundef nonnull align 8 dereferenceable(8) %2741)",/home/jimi/PaperExperiment/CompilerOptimization/Result/flatbuffers/dg/dg-LLVM14-O2-g/high_precision_20260326_164052/log/dda_fs.lines.stderr.log
dda_fs,DDA,ssa+fs,lines,"[pta] UNHANDLED:   %2763 = landingpad { i8*, i32 }",/home/jimi/PaperExperiment/CompilerOptimization/Result/flatbuffers/dg/dg-LLVM14-O2-g/high_precision_20260326_164052/log/dda_fs.lines.stderr.log
dda_fs,DDA,ssa+fs,lines,"[pta] UNHANDLED:   invoke void @_ZNSt8_Rb_treeINSt7__cxx1112basic_stringIcSt11char_traitsIcESaIcEEESt4pairIKS5_St10shared_ptrIN11flatbuffers13CodeGeneratorEEESt10_Select1stISC_ESt4lessIS5_ESaISC_EE8_M_eraseEPSt13_Rb_tree_nodeISC_E(%""class.std::_Rb_tree""* noundef nonnull align 8 dereferenceable(48) %2751, %""struct.std::_Rb_tree_node.354""* noundef %2753)",/home/jimi/PaperExperiment/CompilerOptimization/Result/flatbuffers/dg/dg-LLVM14-O2-g/high_precision_20260326_164052/log/dda_fs.lines.stderr.log
dda_fs,DDA,ssa+fs,lines,"[pta] UNHANDLED:   %2755 = landingpad { i8*, i32 }",/home/jimi/PaperExperiment/CompilerOptimization/Result/flatbuffers/dg/dg-LLVM14-O2-g/high_precision_20260326_164052/log/dda_fs.lines.stderr.log
dda_fs,DDA,ssa+fs,dot,"[pta] UNHANDLED:   %148 = invoke noundef i8* @_ZNSt7__cxx1112basic_stringIcSt11char_traitsIcESaIcEE9_M_createERmm(%""class.std::__cxx11::basic_string""* noundef nonnull align 8 dereferenceable(32) %144, i64* noundef nonnull align 8 dereferenceable(8) %21, i64 noundef 0)",/home/jimi/PaperExperiment/CompilerOptimization/Result/flatbuffers/dg/dg-LLVM14-O2-g/high_precision_20260326_164052/log/dda_fs.dot.stderr.log
dda_fs,DDA,ssa+fs,dot,"[pta] UNHANDLED:   invoke void @_ZN11flatbuffers22NewBinaryCodeGeneratorEv(%""class.std::unique_ptr.151""* nonnull sret(%""class.std::unique_ptr.151"") align 8 %27)",/home/jimi/PaperExperiment/CompilerOptimization/Result/flatbuffers/dg/dg-LLVM14-O2-g/high_precision_20260326_164052/log/dda_fs.dot.stderr.log
dda_fs,DDA,ssa+fs,dot,"[pta] UNHANDLED:   invoke void @_ZNSt8_Rb_treeINSt7__cxx1112basic_stringIcSt11char_traitsIcESaIcEEESt4pairIKS5_St10shared_ptrIN11flatbuffers13CodeGeneratorEEESt10_Select1stISC_ESt4lessIS5_ESaISC_EE8_M_eraseEPSt13_Rb_tree_nodeISC_E(%""class.std::_Rb_tree""* noundef nonnull align 8 dereferenceable(48) %2, %""struct.std::_Rb_tree_node.354""* noundef %6)",/home/jimi/PaperExperiment/CompilerOptimization/Result/flatbuffers/dg/dg-LLVM14-O2-g/high_precision_20260326_164052/log/dda_fs.dot.stderr.log
dda_fs,DDA,ssa+fs,dot,"[pta] UNHANDLED:   %8 = landingpad { i8*, i32 }",/home/jimi/PaperExperiment/CompilerOptimization/Result/flatbuffers/dg/dg-LLVM14-O2-g/high_precision_20260326_164052/log/dda_fs.dot.stderr.log
dda_fs,DDA,ssa+fs,dot,"[pta] UNHANDLED:   %2097 = landingpad { i8*, i32 }",/home/jimi/PaperExperiment/CompilerOptimization/Result/flatbuffers/dg/dg-LLVM14-O2-g/high_precision_20260326_164052/log/dda_fs.dot.stderr.log
dda_fs,DDA,ssa+fs,dot,"[pta] UNHANDLED:   invoke void @_ZNSt12__shared_ptrIN11flatbuffers13CodeGeneratorELN9__gnu_cxx12_Lock_policyE2EEC2IS1_St14default_deleteIS1_EvEEOSt10unique_ptrIT_T0_E(%""class.std::__shared_ptr""* noundef nonnull align 8 dereferenceable(16) %158, %""class.std::unique_ptr.151""* noundef nonnull align 8 dereferenceable(8) %27)",/home/jimi/PaperExperiment/CompilerOptimization/Result/flatbuffers/dg/dg-LLVM14-O2-g/high_precision_20260326_164052/log/dda_fs.dot.stderr.log
dda_fs,DDA,ssa+fs,dot,"[pta] UNHANDLED:   %2081 = landingpad { i8*, i32 }",/home/jimi/PaperExperiment/CompilerOptimization/Result/flatbuffers/dg/dg-LLVM14-O2-g/high_precision_20260326_164052/log/dda_fs.dot.stderr.log
dda_fs,DDA,ssa+fs,dot,"[pta] UNHANDLED:   resume { i8*, i32 } %2773, !dbg !106616",/home/jimi/PaperExperiment/CompilerOptimization/Result/flatbuffers/dg/dg-LLVM14-O2-g/high_precision_20260326_164052/log/dda_fs.dot.stderr.log
dda_fs,DDA,ssa+fs,dot,"[pta] UNHANDLED:   %160 = invoke noundef zeroext i1 bitcast (i1 (%""class.flatbuffers::FlatCompiler""*, %""struct.flatbuffers::FlatCOption""*, %""class.std::shared_ptr""*)* @_ZN11flatbuffers12FlatCompiler21RegisterCodeGeneratorERKNS_11FlatCOptionESt10shared_ptrINS_13CodeGeneratorEE to i1 (%""class.flatbuffers::FlatCompiler.2328""*, %""struct.flatbuffers::FlatCOption""*, %""class.std::shared_ptr""*)*)(%""class.flatbuffers::FlatCompiler.2328""* noundef nonnull align 8 dereferenceable(64) %24, %""struct.flatbuffers::FlatCOption""* noundef nonnull align 8 dereferenceable(128) %25, %""class.std::shared_ptr""* noundef nonnull %26)",/home/jimi/PaperExperiment/CompilerOptimization/Result/flatbuffers/dg/dg-LLVM14-O2-g/high_precision_20260326_164052/log/dda_fs.dot.stderr.log
dda_fs,DDA,ssa+fs,dot,"[pta] UNHANDLED:   %2083 = landingpad { i8*, i32 }",/home/jimi/PaperExperiment/CompilerOptimization/Result/flatbuffers/dg/dg-LLVM14-O2-g/high_precision_20260326_164052/log/dda_fs.dot.stderr.log
dda_fs,DDA,ssa+fs,dot,"[pta] UNHANDLED:   %2085 = landingpad { i8*, i32 }",/home/jimi/PaperExperiment/CompilerOptimization/Result/flatbuffers/dg/dg-LLVM14-O2-g/high_precision_20260326_164052/log/dda_fs.dot.stderr.log
dda_fs,DDA,ssa+fs,dot,"[pta] UNHANDLED:   %250 = invoke noundef i8* @_ZNSt7__cxx1112basic_stringIcSt11char_traitsIcESaIcEE9_M_createERmm(%""class.std::__cxx11::basic_string""* noundef nonnull align 8 dereferenceable(32) %246, i64* noundef nonnull align 8 dereferenceable(8) %20, i64 noundef 0)",/home/jimi/PaperExperiment/CompilerOptimization/Result/flatbuffers/dg/dg-LLVM14-O2-g/high_precision_20260326_164052/log/dda_fs.dot.stderr.log
dda_fs,DDA,ssa+fs,dot,"[pta] UNHANDLED:   invoke void @_ZN11flatbuffers19NewCppCodeGeneratorEv(%""class.std::unique_ptr.151""* nonnull sret(%""class.std::unique_ptr.151"") align 8 %30)",/home/jimi/PaperExperiment/CompilerOptimization/Result/flatbuffers/dg/dg-LLVM14-O2-g/high_precision_20260326_164052/log/dda_fs.dot.stderr.log
dda_fs,DDA,ssa+fs,dot,"[pta] UNHANDLED:   %2131 = landingpad { i8*, i32 }",/home/jimi/PaperExperiment/CompilerOptimization/Result/flatbuffers/dg/dg-LLVM14-O2-g/high_precision_20260326_164052/log/dda_fs.dot.stderr.log
dda_fs,DDA,ssa+fs,dot,"[pta] UNHANDLED:   invoke void @_ZNSt12__shared_ptrIN11flatbuffers13CodeGeneratorELN9__gnu_cxx12_Lock_policyE2EEC2IS1_St14default_deleteIS1_EvEEOSt10unique_ptrIT_T0_E(%""class.std::__shared_ptr""* noundef nonnull align 8 dereferenceable(16) %260, %""class.std::unique_ptr.151""* noundef nonnull align 8 dereferenceable(8) %30)",/home/jimi/PaperExperiment/CompilerOptimization/Result/flatbuffers/dg/dg-LLVM14-O2-g/high_precision_20260326_164052/log/dda_fs.dot.stderr.log
dda_fs,DDA,ssa+fs,dot,"[pta] UNHANDLED:   %2115 = landingpad { i8*, i32 }",/home/jimi/PaperExperiment/CompilerOptimization/Result/flatbuffers/dg/dg-LLVM14-O2-g/high_precision_20260326_164052/log/dda_fs.dot.stderr.log
dda_fs,DDA,ssa+fs,dot,"[pta] UNHANDLED:   %262 = invoke noundef zeroext i1 bitcast (i1 (%""class.flatbuffers::FlatCompiler""*, %""struct.flatbuffers::FlatCOption""*, %""class.std::shared_ptr""*)* @_ZN11flatbuffers12FlatCompiler21RegisterCodeGeneratorERKNS_11FlatCOptionESt10shared_ptrINS_13CodeGeneratorEE to i1 (%""class.flatbuffers::FlatCompiler.2328""*, %""struct.flatbuffers::FlatCOption""*, %""class.std::shared_ptr""*)*)(%""class.flatbuffers::FlatCompiler.2328""* noundef nonnull align 8 dereferenceable(64) %24, %""struct.flatbuffers::FlatCOption""* noundef nonnull align 8 dereferenceable(128) %28, %""class.std::shared_ptr""* noundef nonnull %29)",/home/jimi/PaperExperiment/CompilerOptimization/Result/flatbuffers/dg/dg-LLVM14-O2-g/high_precision_20260326_164052/log/dda_fs.dot.stderr.log
dda_fs,DDA,ssa+fs,dot,"[pta] UNHANDLED:   %2117 = landingpad { i8*, i32 }",/home/jimi/PaperExperiment/CompilerOptimization/Result/flatbuffers/dg/dg-LLVM14-O2-g/high_precision_20260326_164052/log/dda_fs.dot.stderr.log
dda_fs,DDA,ssa+fs,dot,"[pta] UNHANDLED:   %2119 = landingpad { i8*, i32 }",/home/jimi/PaperExperiment/CompilerOptimization/Result/flatbuffers/dg/dg-LLVM14-O2-g/high_precision_20260326_164052/log/dda_fs.dot.stderr.log
dda_fs,DDA,ssa+fs,dot,"[pta] UNHANDLED:   %352 = invoke noundef i8* @_ZNSt7__cxx1112basic_stringIcSt11char_traitsIcESaIcEE9_M_createERmm(%""class.std::__cxx11::basic_string""* noundef nonnull align 8 dereferenceable(32) %348, i64* noundef nonnull align 8 dereferenceable(8) %19, i64 noundef 0)",/home/jimi/PaperExperiment/CompilerOptimization/Result/flatbuffers/dg/dg-LLVM14-O2-g/high_precision_20260326_164052/log/dda_fs.dot.stderr.log
dda_fs,DDA,ssa+fs,dot,"[pta] UNHANDLED:   invoke void @_ZN11flatbuffers22NewCSharpCodeGeneratorEv(%""class.std::unique_ptr.151""* nonnull sret(%""class.std::unique_ptr.151"") align 8 %33)",/home/jimi/PaperExperiment/CompilerOptimization/Result/flatbuffers/dg/dg-LLVM14-O2-g/high_precision_20260326_164052/log/dda_fs.dot.stderr.log
dda_fs,DDA,ssa+fs,dot,"[pta] UNHANDLED:   %2165 = landingpad { i8*, i32 }",/home/jimi/PaperExperiment/CompilerOptimization/Result/flatbuffers/dg/dg-LLVM14-O2-g/high_precision_20260326_164052/log/dda_fs.dot.stderr.log
dda_fs,DDA,ssa+fs,dot,"[pta] UNHANDLED:   invoke void @_ZNSt12__shared_ptrIN11flatbuffers13CodeGeneratorELN9__gnu_cxx12_Lock_policyE2EEC2IS1_St14default_deleteIS1_EvEEOSt10unique_ptrIT_T0_E(%""class.std::__shared_ptr""* noundef nonnull align 8 dereferenceable(16) %362, %""class.std::unique_ptr.151""* noundef nonnull align 8 dereferenceable(8) %33)",/home/jimi/PaperExperiment/CompilerOptimization/Result/flatbuffers/dg/dg-LLVM14-O2-g/high_precision_20260326_164052/log/dda_fs.dot.stderr.log
dda_fs,DDA,ssa+fs,dot,"[pta] UNHANDLED:   %2149 = landingpad { i8*, i32 }",/home/jimi/PaperExperiment/CompilerOptimization/Result/flatbuffers/dg/dg-LLVM14-O2-g/high_precision_20260326_164052/log/dda_fs.dot.stderr.log
dda_fs,DDA,ssa+fs,dot,"[pta] UNHANDLED:   %364 = invoke noundef zeroext i1 bitcast (i1 (%""class.flatbuffers::FlatCompiler""*, %""struct.flatbuffers::FlatCOption""*, %""class.std::shared_ptr""*)* @_ZN11flatbuffers12FlatCompiler21RegisterCodeGeneratorERKNS_11FlatCOptionESt10shared_ptrINS_13CodeGeneratorEE to i1 (%""class.flatbuffers::FlatCompiler.2328""*, %""struct.flatbuffers::FlatCOption""*, %""class.std::shared_ptr""*)*)(%""class.flatbuffers::FlatCompiler.2328""* noundef nonnull align 8 dereferenceable(64) %24, %""struct.flatbuffers::FlatCOption""* noundef nonnull align 8 dereferenceable(128) %31, %""class.std::shared_ptr""* noundef nonnull %32)",/home/jimi/PaperExperiment/CompilerOptimization/Result/flatbuffers/dg/dg-LLVM14-O2-g/high_precision_20260326_164052/log/dda_fs.dot.stderr.log
dda_fs,DDA,ssa+fs,dot,"[pta] UNHANDLED:   %2151 = landingpad { i8*, i32 }",/home/jimi/PaperExperiment/CompilerOptimization/Result/flatbuffers/dg/dg-LLVM14-O2-g/high_precision_20260326_164052/log/dda_fs.dot.stderr.log
dda_fs,DDA,ssa+fs,dot,"[pta] UNHANDLED:   %2153 = landingpad { i8*, i32 }",/home/jimi/PaperExperiment/CompilerOptimization/Result/flatbuffers/dg/dg-LLVM14-O2-g/high_precision_20260326_164052/log/dda_fs.dot.stderr.log
dda_fs,DDA,ssa+fs,dot,"[pta] UNHANDLED:   %455 = invoke noundef i8* @_ZNSt7__cxx1112basic_stringIcSt11char_traitsIcESaIcEE9_M_createERmm(%""class.std::__cxx11::basic_string""* noundef nonnull align 8 dereferenceable(32) %451, i64* noundef nonnull align 8 dereferenceable(8) %18, i64 noundef 0)",/home/jimi/PaperExperiment/CompilerOptimization/Result/flatbuffers/dg/dg-LLVM14-O2-g/high_precision_20260326_164052/log/dda_fs.dot.stderr.log
dda_fs,DDA,ssa+fs,dot,"[pta] UNHANDLED:   invoke void @_ZN11flatbuffers20NewDartCodeGeneratorEv(%""class.std::unique_ptr.151""* nonnull sret(%""class.std::unique_ptr.151"") align 8 %36)",/home/jimi/PaperExperiment/CompilerOptimization/Result/flatbuffers/dg/dg-LLVM14-O2-g/high_precision_20260326_164052/log/dda_fs.dot.stderr.log
dda_fs,DDA,ssa+fs,dot,"[pta] UNHANDLED:   %2199 = landingpad { i8*, i32 }",/home/jimi/PaperExperiment/CompilerOptimization/Result/flatbuffers/dg/dg-LLVM14-O2-g/high_precision_20260326_164052/log/dda_fs.dot.stderr.log
dda_fs,DDA,ssa+fs,dot,"[pta] UNHANDLED:   invoke void @_ZNSt12__shared_ptrIN11flatbuffers13CodeGeneratorELN9__gnu_cxx12_Lock_policyE2EEC2IS1_St14default_deleteIS1_EvEEOSt10unique_ptrIT_T0_E(%""class.std::__shared_ptr""* noundef nonnull align 8 dereferenceable(16) %465, %""class.std::unique_ptr.151""* noundef nonnull align 8 dereferenceable(8) %36)",/home/jimi/PaperExperiment/CompilerOptimization/Result/flatbuffers/dg/dg-LLVM14-O2-g/high_precision_20260326_164052/log/dda_fs.dot.stderr.log
dda_fs,DDA,ssa+fs,dot,"[pta] UNHANDLED:   %2183 = landingpad { i8*, i32 }",/home/jimi/PaperExperiment/CompilerOptimization/Result/flatbuffers/dg/dg-LLVM14-O2-g/high_precision_20260326_164052/log/dda_fs.dot.stderr.log
dda_fs,DDA,ssa+fs,dot,"[pta] UNHANDLED:   %467 = invoke noundef zeroext i1 bitcast (i1 (%""class.flatbuffers::FlatCompiler""*, %""struct.flatbuffers::FlatCOption""*, %""class.std::shared_ptr""*)* @_ZN11flatbuffers12FlatCompiler21RegisterCodeGeneratorERKNS_11FlatCOptionESt10shared_ptrINS_13CodeGeneratorEE to i1 (%""class.flatbuffers::FlatCompiler.2328""*, %""struct.flatbuffers::FlatCOption""*, %""class.std::shared_ptr""*)*)(%""class.flatbuffers::FlatCompiler.2328""* noundef nonnull align 8 dereferenceable(64) %24, %""struct.flatbuffers::FlatCOption""* noundef nonnull align 8 dereferenceable(128) %34, %""class.std::shared_ptr""* noundef nonnull %35)",/home/jimi/PaperExperiment/CompilerOptimization/Result/flatbuffers/dg/dg-LLVM14-O2-g/high_precision_20260326_164052/log/dda_fs.dot.stderr.log
dda_fs,DDA,ssa+fs,dot,"[pta] UNHANDLED:   %2185 = landingpad { i8*, i32 }",/home/jimi/PaperExperiment/CompilerOptimization/Result/flatbuffers/dg/dg-LLVM14-O2-g/high_precision_20260326_164052/log/dda_fs.dot.stderr.log
dda_fs,DDA,ssa+fs,dot,"[pta] UNHANDLED:   %2187 = landingpad { i8*, i32 }",/home/jimi/PaperExperiment/CompilerOptimization/Result/flatbuffers/dg/dg-LLVM14-O2-g/high_precision_20260326_164052/log/dda_fs.dot.stderr.log
dda_fs,DDA,ssa+fs,dot,"[pta] UNHANDLED:   %556 = invoke noundef i8* @_ZNSt7__cxx1112basic_stringIcSt11char_traitsIcESaIcEE9_M_createERmm(%""class.std::__cxx11::basic_string""* noundef nonnull align 8 dereferenceable(32) %552, i64* noundef nonnull align 8 dereferenceable(8) %17, i64 noundef 0)",/home/jimi/PaperExperiment/CompilerOptimization/Result/flatbuffers/dg/dg-LLVM14-O2-g/high_precision_20260326_164052/log/dda_fs.dot.stderr.log
dda_fs,DDA,ssa+fs,dot,"[pta] UNHANDLED:   invoke void @_ZN11flatbuffers19NewFBSCodeGeneratorEb(%""class.std::unique_ptr.151""* nonnull sret(%""class.std::unique_ptr.151"") align 8 %39, i1 noundef zeroext false)",/home/jimi/PaperExperiment/CompilerOptimization/Result/flatbuffers/dg/dg-LLVM14-O2-g/high_precision_20260326_164052/log/dda_fs.dot.stderr.log
dda_fs,DDA,ssa+fs,dot,"[pta] UNHANDLED:   %2233 = landingpad { i8*, i32 }",/home/jimi/PaperExperiment/CompilerOptimization/Result/flatbuffers/dg/dg-LLVM14-O2-g/high_precision_20260326_164052/log/dda_fs.dot.stderr.log
dda_fs,DDA,ssa+fs,dot,"[pta] UNHANDLED:   invoke void @_ZNSt12__shared_ptrIN11flatbuffers13CodeGeneratorELN9__gnu_cxx12_Lock_policyE2EEC2IS1_St14default_deleteIS1_EvEEOSt10unique_ptrIT_T0_E(%""class.std::__shared_ptr""* noundef nonnull align 8 dereferenceable(16) %566, %""class.std::unique_ptr.151""* noundef nonnull align 8 dereferenceable(8) %39)",/home/jimi/PaperExperiment/CompilerOptimization/Result/flatbuffers/dg/dg-LLVM14-O2-g/high_precision_20260326_164052/log/dda_fs.dot.stderr.log
dda_fs,DDA,ssa+fs,dot,"[pta] UNHANDLED:   %2217 = landingpad { i8*, i32 }",/home/jimi/PaperExperiment/CompilerOptimization/Result/flatbuffers/dg/dg-LLVM14-O2-g/high_precision_20260326_164052/log/dda_fs.dot.stderr.log
dda_fs,DDA,ssa+fs,dot,"[pta] UNHANDLED:   %568 = invoke noundef zeroext i1 bitcast (i1 (%""class.flatbuffers::FlatCompiler""*, %""struct.flatbuffers::FlatCOption""*, %""class.std::shared_ptr""*)* @_ZN11flatbuffers12FlatCompiler21RegisterCodeGeneratorERKNS_11FlatCOptionESt10shared_ptrINS_13CodeGeneratorEE to i1 (%""class.flatbuffers::FlatCompiler.2328""*, %""struct.flatbuffers::FlatCOption""*, %""class.std::shared_ptr""*)*)(%""class.flatbuffers::FlatCompiler.2328""* noundef nonnull align 8 dereferenceable(64) %24, %""struct.flatbuffers::FlatCOption""* noundef nonnull align 8 dereferenceable(128) %37, %""class.std::shared_ptr""* noundef nonnull %38)",/home/jimi/PaperExperiment/CompilerOptimization/Result/flatbuffers/dg/dg-LLVM14-O2-g/high_precision_20260326_164052/log/dda_fs.dot.stderr.log
dda_fs,DDA,ssa+fs,dot,"[pta] UNHANDLED:   %2219 = landingpad { i8*, i32 }",/home/jimi/PaperExperiment/CompilerOptimization/Result/flatbuffers/dg/dg-LLVM14-O2-g/high_precision_20260326_164052/log/dda_fs.dot.stderr.log
dda_fs,DDA,ssa+fs,dot,"[pta] UNHANDLED:   %2221 = landingpad { i8*, i32 }",/home/jimi/PaperExperiment/CompilerOptimization/Result/flatbuffers/dg/dg-LLVM14-O2-g/high_precision_20260326_164052/log/dda_fs.dot.stderr.log
dda_fs,DDA,ssa+fs,dot,"[pta] UNHANDLED:   %659 = invoke noundef i8* @_ZNSt7__cxx1112basic_stringIcSt11char_traitsIcESaIcEE9_M_createERmm(%""class.std::__cxx11::basic_string""* noundef nonnull align 8 dereferenceable(32) %655, i64* noundef nonnull align 8 dereferenceable(8) %16, i64 noundef 0)",/home/jimi/PaperExperiment/CompilerOptimization/Result/flatbuffers/dg/dg-LLVM14-O2-g/high_precision_20260326_164052/log/dda_fs.dot.stderr.log
dda_fs,DDA,ssa+fs,dot,"[pta] UNHANDLED:   invoke void @_ZN11flatbuffers18NewGoCodeGeneratorEv(%""class.std::unique_ptr.151""* nonnull sret(%""class.std::unique_ptr.151"") align 8 %42)",/home/jimi/PaperExperiment/CompilerOptimization/Result/flatbuffers/dg/dg-LLVM14-O2-g/high_precision_20260326_164052/log/dda_fs.dot.stderr.log
dda_fs,DDA,ssa+fs,dot,"[pta] UNHANDLED:   %2267 = landingpad { i8*, i32 }",/home/jimi/PaperExperiment/CompilerOptimization/Result/flatbuffers/dg/dg-LLVM14-O2-g/high_precision_20260326_164052/log/dda_fs.dot.stderr.log
dda_fs,DDA,ssa+fs,dot,"[pta] UNHANDLED:   invoke void @_ZNSt12__shared_ptrIN11flatbuffers13CodeGeneratorELN9__gnu_cxx12_Lock_policyE2EEC2IS1_St14default_deleteIS1_EvEEOSt10unique_ptrIT_T0_E(%""class.std::__shared_ptr""* noundef nonnull align 8 dereferenceable(16) %669, %""class.std::unique_ptr.151""* noundef nonnull align 8 dereferenceable(8) %42)",/home/jimi/PaperExperiment/CompilerOptimization/Result/flatbuffers/dg/dg-LLVM14-O2-g/high_precision_20260326_164052/log/dda_fs.dot.stderr.log
dda_fs,DDA,ssa+fs,dot,"[pta] UNHANDLED:   %2251 = landingpad { i8*, i32 }",/home/jimi/PaperExperiment/CompilerOptimization/Result/flatbuffers/dg/dg-LLVM14-O2-g/high_precision_20260326_164052/log/dda_fs.dot.stderr.log
dda_fs,DDA,ssa+fs,dot,"[pta] UNHANDLED:   %671 = invoke noundef zeroext i1 bitcast (i1 (%""class.flatbuffers::FlatCompiler""*, %""struct.flatbuffers::FlatCOption""*, %""class.std::shared_ptr""*)* @_ZN11flatbuffers12FlatCompiler21RegisterCodeGeneratorERKNS_11FlatCOptionESt10shared_ptrINS_13CodeGeneratorEE to i1 (%""class.flatbuffers::FlatCompiler.2328""*, %""struct.flatbuffers::FlatCOption""*, %""class.std::shared_ptr""*)*)(%""class.flatbuffers::FlatCompiler.2328""* noundef nonnull align 8 dereferenceable(64) %24, %""struct.flatbuffers::FlatCOption""* noundef nonnull align 8 dereferenceable(128) %40, %""class.std::shared_ptr""* noundef nonnull %41)",/home/jimi/PaperExperiment/CompilerOptimization/Result/flatbuffers/dg/dg-LLVM14-O2-g/high_precision_20260326_164052/log/dda_fs.dot.stderr.log
dda_fs,DDA,ssa+fs,dot,"[pta] UNHANDLED:   %2253 = landingpad { i8*, i32 }",/home/jimi/PaperExperiment/CompilerOptimization/Result/flatbuffers/dg/dg-LLVM14-O2-g/high_precision_20260326_164052/log/dda_fs.dot.stderr.log
dda_fs,DDA,ssa+fs,dot,"[pta] UNHANDLED:   %2255 = landingpad { i8*, i32 }",/home/jimi/PaperExperiment/CompilerOptimization/Result/flatbuffers/dg/dg-LLVM14-O2-g/high_precision_20260326_164052/log/dda_fs.dot.stderr.log
dda_fs,DDA,ssa+fs,dot,"[pta] UNHANDLED:   %762 = invoke noundef i8* @_ZNSt7__cxx1112basic_stringIcSt11char_traitsIcESaIcEE9_M_createERmm(%""class.std::__cxx11::basic_string""* noundef nonnull align 8 dereferenceable(32) %758, i64* noundef nonnull align 8 dereferenceable(8) %15, i64 noundef 0)",/home/jimi/PaperExperiment/CompilerOptimization/Result/flatbuffers/dg/dg-LLVM14-O2-g/high_precision_20260326_164052/log/dda_fs.dot.stderr.log
dda_fs,DDA,ssa+fs,dot,"[pta] UNHANDLED:   invoke void @_ZN11flatbuffers20NewJavaCodeGeneratorEv(%""class.std::unique_ptr.151""* nonnull sret(%""class.std::unique_ptr.151"") align 8 %45)",/home/jimi/PaperExperiment/CompilerOptimization/Result/flatbuffers/dg/dg-LLVM14-O2-g/high_precision_20260326_164052/log/dda_fs.dot.stderr.log
dda_fs,DDA,ssa+fs,dot,"[pta] UNHANDLED:   %2301 = landingpad { i8*, i32 }",/home/jimi/PaperExperiment/CompilerOptimization/Result/flatbuffers/dg/dg-LLVM14-O2-g/high_precision_20260326_164052/log/dda_fs.dot.stderr.log
dda_fs,DDA,ssa+fs,dot,"[pta] UNHANDLED:   invoke void @_ZNSt12__shared_ptrIN11flatbuffers13CodeGeneratorELN9__gnu_cxx12_Lock_policyE2EEC2IS1_St14default_deleteIS1_EvEEOSt10unique_ptrIT_T0_E(%""class.std::__shared_ptr""* noundef nonnull align 8 dereferenceable(16) %772, %""class.std::unique_ptr.151""* noundef nonnull align 8 dereferenceable(8) %45)",/home/jimi/PaperExperiment/CompilerOptimization/Result/flatbuffers/dg/dg-LLVM14-O2-g/high_precision_20260326_164052/log/dda_fs.dot.stderr.log
dda_fs,DDA,ssa+fs,dot,"[pta] UNHANDLED:   %2285 = landingpad { i8*, i32 }",/home/jimi/PaperExperiment/CompilerOptimization/Result/flatbuffers/dg/dg-LLVM14-O2-g/high_precision_20260326_164052/log/dda_fs.dot.stderr.log
dda_fs,DDA,ssa+fs,dot,"[pta] UNHANDLED:   %774 = invoke noundef zeroext i1 bitcast (i1 (%""class.flatbuffers::FlatCompiler""*, %""struct.flatbuffers::FlatCOption""*, %""class.std::shared_ptr""*)* @_ZN11flatbuffers12FlatCompiler21RegisterCodeGeneratorERKNS_11FlatCOptionESt10shared_ptrINS_13CodeGeneratorEE to i1 (%""class.flatbuffers::FlatCompiler.2328""*, %""struct.flatbuffers::FlatCOption""*, %""class.std::shared_ptr""*)*)(%""class.flatbuffers::FlatCompiler.2328""* noundef nonnull align 8 dereferenceable(64) %24, %""struct.flatbuffers::FlatCOption""* noundef nonnull align 8 dereferenceable(128) %43, %""class.std::shared_ptr""* noundef nonnull %44)",/home/jimi/PaperExperiment/CompilerOptimization/Result/flatbuffers/dg/dg-LLVM14-O2-g/high_precision_20260326_164052/log/dda_fs.dot.stderr.log
dda_fs,DDA,ssa+fs,dot,"[pta] UNHANDLED:   %2287 = landingpad { i8*, i32 }",/home/jimi/PaperExperiment/CompilerOptimization/Result/flatbuffers/dg/dg-LLVM14-O2-g/high_precision_20260326_164052/log/dda_fs.dot.stderr.log
dda_fs,DDA,ssa+fs,dot,"[pta] UNHANDLED:   %2289 = landingpad { i8*, i32 }",/home/jimi/PaperExperiment/CompilerOptimization/Result/flatbuffers/dg/dg-LLVM14-O2-g/high_precision_20260326_164052/log/dda_fs.dot.stderr.log
dda_fs,DDA,ssa+fs,dot,"[pta] UNHANDLED:   %863 = invoke noundef i8* @_ZNSt7__cxx1112basic_stringIcSt11char_traitsIcESaIcEE9_M_createERmm(%""class.std::__cxx11::basic_string""* noundef nonnull align 8 dereferenceable(32) %859, i64* noundef nonnull align 8 dereferenceable(8) %14, i64 noundef 0)",/home/jimi/PaperExperiment/CompilerOptimization/Result/flatbuffers/dg/dg-LLVM14-O2-g/high_precision_20260326_164052/log/dda_fs.dot.stderr.log
dda_fs,DDA,ssa+fs,dot,"[pta] UNHANDLED:   invoke void @_ZN11flatbuffers26NewJsonSchemaCodeGeneratorEv(%""class.std::unique_ptr.151""* nonnull sret(%""class.std::unique_ptr.151"") align 8 %48)",/home/jimi/PaperExperiment/CompilerOptimization/Result/flatbuffers/dg/dg-LLVM14-O2-g/high_precision_20260326_164052/log/dda_fs.dot.stderr.log
dda_fs,DDA,ssa+fs,dot,"[pta] UNHANDLED:   %2335 = landingpad { i8*, i32 }",/home/jimi/PaperExperiment/CompilerOptimization/Result/flatbuffers/dg/dg-LLVM14-O2-g/high_precision_20260326_164052/log/dda_fs.dot.stderr.log
dda_fs,DDA,ssa+fs,dot,"[pta] UNHANDLED:   invoke void @_ZNSt12__shared_ptrIN11flatbuffers13CodeGeneratorELN9__gnu_cxx12_Lock_policyE2EEC2IS1_St14default_deleteIS1_EvEEOSt10unique_ptrIT_T0_E(%""class.std::__shared_ptr""* noundef nonnull align 8 dereferenceable(16) %873, %""class.std::unique_ptr.151""* noundef nonnull align 8 dereferenceable(8) %48)",/home/jimi/PaperExperiment/CompilerOptimization/Result/flatbuffers/dg/dg-LLVM14-O2-g/high_precision_20260326_164052/log/dda_fs.dot.stderr.log
dda_fs,DDA,ssa+fs,dot,"[pta] UNHANDLED:   %2319 = landingpad { i8*, i32 }",/home/jimi/PaperExperiment/CompilerOptimization/Result/flatbuffers/dg/dg-LLVM14-O2-g/high_precision_20260326_164052/log/dda_fs.dot.stderr.log
dda_fs,DDA,ssa+fs,dot,"[pta] UNHANDLED:   %875 = invoke noundef zeroext i1 bitcast (i1 (%""class.flatbuffers::FlatCompiler""*, %""struct.flatbuffers::FlatCOption""*, %""class.std::shared_ptr""*)* @_ZN11flatbuffers12FlatCompiler21RegisterCodeGeneratorERKNS_11FlatCOptionESt10shared_ptrINS_13CodeGeneratorEE to i1 (%""class.flatbuffers::FlatCompiler.2328""*, %""struct.flatbuffers::FlatCOption""*, %""class.std::shared_ptr""*)*)(%""class.flatbuffers::FlatCompiler.2328""* noundef nonnull align 8 dereferenceable(64) %24, %""struct.flatbuffers::FlatCOption""* noundef nonnull align 8 dereferenceable(128) %46, %""class.std::shared_ptr""* noundef nonnull %47)",/home/jimi/PaperExperiment/CompilerOptimization/Result/flatbuffers/dg/dg-LLVM14-O2-g/high_precision_20260326_164052/log/dda_fs.dot.stderr.log
dda_fs,DDA,ssa+fs,dot,"[pta] UNHANDLED:   %2321 = landingpad { i8*, i32 }",/home/jimi/PaperExperiment/CompilerOptimization/Result/flatbuffers/dg/dg-LLVM14-O2-g/high_precision_20260326_164052/log/dda_fs.dot.stderr.log
dda_fs,DDA,ssa+fs,dot,"[pta] UNHANDLED:   %2323 = landingpad { i8*, i32 }",/home/jimi/PaperExperiment/CompilerOptimization/Result/flatbuffers/dg/dg-LLVM14-O2-g/high_precision_20260326_164052/log/dda_fs.dot.stderr.log
dda_fs,DDA,ssa+fs,dot,"[pta] UNHANDLED:   %964 = invoke noundef i8* @_ZNSt7__cxx1112basic_stringIcSt11char_traitsIcESaIcEE9_M_createERmm(%""class.std::__cxx11::basic_string""* noundef nonnull align 8 dereferenceable(32) %960, i64* noundef nonnull align 8 dereferenceable(8) %13, i64 noundef 0)",/home/jimi/PaperExperiment/CompilerOptimization/Result/flatbuffers/dg/dg-LLVM14-O2-g/high_precision_20260326_164052/log/dda_fs.dot.stderr.log
dda_fs,DDA,ssa+fs,dot,"[pta] UNHANDLED:   invoke void @_ZN11flatbuffers22NewKotlinCodeGeneratorEv(%""class.std::unique_ptr.151""* nonnull sret(%""class.std::unique_ptr.151"") align 8 %51)",/home/jimi/PaperExperiment/CompilerOptimization/Result/flatbuffers/dg/dg-LLVM14-O2-g/high_precision_20260326_164052/log/dda_fs.dot.stderr.log
dda_fs,DDA,ssa+fs,dot,"[pta] UNHANDLED:   %2369 = landingpad { i8*, i32 }",/home/jimi/PaperExperiment/CompilerOptimization/Result/flatbuffers/dg/dg-LLVM14-O2-g/high_precision_20260326_164052/log/dda_fs.dot.stderr.log
dda_fs,DDA,ssa+fs,dot,"[pta] UNHANDLED:   invoke void @_ZNSt12__shared_ptrIN11flatbuffers13CodeGeneratorELN9__gnu_cxx12_Lock_policyE2EEC2IS1_St14default_deleteIS1_EvEEOSt10unique_ptrIT_T0_E(%""class.std::__shared_ptr""* noundef nonnull align 8 dereferenceable(16) %974, %""class.std::unique_ptr.151""* noundef nonnull align 8 dereferenceable(8) %51)",/home/jimi/PaperExperiment/CompilerOptimization/Result/flatbuffers/dg/dg-LLVM14-O2-g/high_precision_20260326_164052/log/dda_fs.dot.stderr.log
dda_fs,DDA,ssa+fs,dot,"[pta] UNHANDLED:   %2353 = landingpad { i8*, i32 }",/home/jimi/PaperExperiment/CompilerOptimization/Result/flatbuffers/dg/dg-LLVM14-O2-g/high_precision_20260326_164052/log/dda_fs.dot.stderr.log
dda_fs,DDA,ssa+fs,dot,"[pta] UNHANDLED:   %976 = invoke noundef zeroext i1 bitcast (i1 (%""class.flatbuffers::FlatCompiler""*, %""struct.flatbuffers::FlatCOption""*, %""class.std::shared_ptr""*)* @_ZN11flatbuffers12FlatCompiler21RegisterCodeGeneratorERKNS_11FlatCOptionESt10shared_ptrINS_13CodeGeneratorEE to i1 (%""class.flatbuffers::FlatCompiler.2328""*, %""struct.flatbuffers::FlatCOption""*, %""class.std::shared_ptr""*)*)(%""class.flatbuffers::FlatCompiler.2328""* noundef nonnull align 8 dereferenceable(64) %24, %""struct.flatbuffers::FlatCOption""* noundef nonnull align 8 dereferenceable(128) %49, %""class.std::shared_ptr""* noundef nonnull %50)",/home/jimi/PaperExperiment/CompilerOptimization/Result/flatbuffers/dg/dg-LLVM14-O2-g/high_precision_20260326_164052/log/dda_fs.dot.stderr.log
dda_fs,DDA,ssa+fs,dot,"[pta] UNHANDLED:   %2355 = landingpad { i8*, i32 }",/home/jimi/PaperExperiment/CompilerOptimization/Result/flatbuffers/dg/dg-LLVM14-O2-g/high_precision_20260326_164052/log/dda_fs.dot.stderr.log
dda_fs,DDA,ssa+fs,dot,"[pta] UNHANDLED:   %2357 = landingpad { i8*, i32 }",/home/jimi/PaperExperiment/CompilerOptimization/Result/flatbuffers/dg/dg-LLVM14-O2-g/high_precision_20260326_164052/log/dda_fs.dot.stderr.log
dda_fs,DDA,ssa+fs,dot,"[pta] UNHANDLED:   %1065 = invoke noundef i8* @_ZNSt7__cxx1112basic_stringIcSt11char_traitsIcESaIcEE9_M_createERmm(%""class.std::__cxx11::basic_string""* noundef nonnull align 8 dereferenceable(32) %1061, i64* noundef nonnull align 8 dereferenceable(8) %12, i64 noundef 0)",/home/jimi/PaperExperiment/CompilerOptimization/Result/flatbuffers/dg/dg-LLVM14-O2-g/high_precision_20260326_164052/log/dda_fs.dot.stderr.log
dda_fs,DDA,ssa+fs,dot,"[pta] UNHANDLED:   invoke void @_ZN11flatbuffers25NewKotlinKMPCodeGeneratorEv(%""class.std::unique_ptr.151""* nonnull sret(%""class.std::unique_ptr.151"") align 8 %54)",/home/jimi/PaperExperiment/CompilerOptimization/Result/flatbuffers/dg/dg-LLVM14-O2-g/high_precision_20260326_164052/log/dda_fs.dot.stderr.log
dda_fs,DDA,ssa+fs,dot,"[pta] UNHANDLED:   %2403 = landingpad { i8*, i32 }",/home/jimi/PaperExperiment/CompilerOptimization/Result/flatbuffers/dg/dg-LLVM14-O2-g/high_precision_20260326_164052/log/dda_fs.dot.stderr.log
dda_fs,DDA,ssa+fs,dot,"[pta] UNHANDLED:   invoke void @_ZNSt12__shared_ptrIN11flatbuffers13CodeGeneratorELN9__gnu_cxx12_Lock_policyE2EEC2IS1_St14default_deleteIS1_EvEEOSt10unique_ptrIT_T0_E(%""class.std::__shared_ptr""* noundef nonnull align 8 dereferenceable(16) %1075, %""class.std::unique_ptr.151""* noundef nonnull align 8 dereferenceable(8) %54)",/home/jimi/PaperExperiment/CompilerOptimization/Result/flatbuffers/dg/dg-LLVM14-O2-g/high_precision_20260326_164052/log/dda_fs.dot.stderr.log
dda_fs,DDA,ssa+fs,dot,"[pta] UNHANDLED:   %2387 = landingpad { i8*, i32 }",/home/jimi/PaperExperiment/CompilerOptimization/Result/flatbuffers/dg/dg-LLVM14-O2-g/high_precision_20260326_164052/log/dda_fs.dot.stderr.log
dda_fs,DDA,ssa+fs,dot,"[pta] UNHANDLED:   %1077 = invoke noundef zeroext i1 bitcast (i1 (%""class.flatbuffers::FlatCompiler""*, %""struct.flatbuffers::FlatCOption""*, %""class.std::shared_ptr""*)* @_ZN11flatbuffers12FlatCompiler21RegisterCodeGeneratorERKNS_11FlatCOptionESt10shared_ptrINS_13CodeGeneratorEE to i1 (%""class.flatbuffers::FlatCompiler.2328""*, %""struct.flatbuffers::FlatCOption""*, %""class.std::shared_ptr""*)*)(%""class.flatbuffers::FlatCompiler.2328""* noundef nonnull align 8 dereferenceable(64) %24, %""struct.flatbuffers::FlatCOption""* noundef nonnull align 8 dereferenceable(128) %52, %""class.std::shared_ptr""* noundef nonnull %53)",/home/jimi/PaperExperiment/CompilerOptimization/Result/flatbuffers/dg/dg-LLVM14-O2-g/high_precision_20260326_164052/log/dda_fs.dot.stderr.log
dda_fs,DDA,ssa+fs,dot,"[pta] UNHANDLED:   %2389 = landingpad { i8*, i32 }",/home/jimi/PaperExperiment/CompilerOptimization/Result/flatbuffers/dg/dg-LLVM14-O2-g/high_precision_20260326_164052/log/dda_fs.dot.stderr.log
dda_fs,DDA,ssa+fs,dot,"[pta] UNHANDLED:   %2391 = landingpad { i8*, i32 }",/home/jimi/PaperExperiment/CompilerOptimization/Result/flatbuffers/dg/dg-LLVM14-O2-g/high_precision_20260326_164052/log/dda_fs.dot.stderr.log
dda_fs,DDA,ssa+fs,dot,"[pta] UNHANDLED:   %1166 = invoke noundef i8* @_ZNSt7__cxx1112basic_stringIcSt11char_traitsIcESaIcEE9_M_createERmm(%""class.std::__cxx11::basic_string""* noundef nonnull align 8 dereferenceable(32) %1162, i64* noundef nonnull align 8 dereferenceable(8) %11, i64 noundef 0)",/home/jimi/PaperExperiment/CompilerOptimization/Result/flatbuffers/dg/dg-LLVM14-O2-g/high_precision_20260326_164052/log/dda_fs.dot.stderr.log
dda_fs,DDA,ssa+fs,dot,"[pta] UNHANDLED:   invoke void @_ZN11flatbuffers23NewLobsterCodeGeneratorEv(%""class.std::unique_ptr.151""* nonnull sret(%""class.std::unique_ptr.151"") align 8 %57)",/home/jimi/PaperExperiment/CompilerOptimization/Result/flatbuffers/dg/dg-LLVM14-O2-g/high_precision_20260326_164052/log/dda_fs.dot.stderr.log
dda_fs,DDA,ssa+fs,dot,"[pta] UNHANDLED:   %2437 = landingpad { i8*, i32 }",/home/jimi/PaperExperiment/CompilerOptimization/Result/flatbuffers/dg/dg-LLVM14-O2-g/high_precision_20260326_164052/log/dda_fs.dot.stderr.log
dda_fs,DDA,ssa+fs,dot,"[pta] UNHANDLED:   invoke void @_ZNSt12__shared_ptrIN11flatbuffers13CodeGeneratorELN9__gnu_cxx12_Lock_policyE2EEC2IS1_St14default_deleteIS1_EvEEOSt10unique_ptrIT_T0_E(%""class.std::__shared_ptr""* noundef nonnull align 8 dereferenceable(16) %1176, %""class.std::unique_ptr.151""* noundef nonnull align 8 dereferenceable(8) %57)",/home/jimi/PaperExperiment/CompilerOptimization/Result/flatbuffers/dg/dg-LLVM14-O2-g/high_precision_20260326_164052/log/dda_fs.dot.stderr.log
dda_fs,DDA,ssa+fs,dot,"[pta] UNHANDLED:   %2421 = landingpad { i8*, i32 }",/home/jimi/PaperExperiment/CompilerOptimization/Result/flatbuffers/dg/dg-LLVM14-O2-g/high_precision_20260326_164052/log/dda_fs.dot.stderr.log
dda_fs,DDA,ssa+fs,dot,"[pta] UNHANDLED:   %1178 = invoke noundef zeroext i1 bitcast (i1 (%""class.flatbuffers::FlatCompiler""*, %""struct.flatbuffers::FlatCOption""*, %""class.std::shared_ptr""*)* @_ZN11flatbuffers12FlatCompiler21RegisterCodeGeneratorERKNS_11FlatCOptionESt10shared_ptrINS_13CodeGeneratorEE to i1 (%""class.flatbuffers::FlatCompiler.2328""*, %""struct.flatbuffers::FlatCOption""*, %""class.std::shared_ptr""*)*)(%""class.flatbuffers::FlatCompiler.2328""* noundef nonnull align 8 dereferenceable(64) %24, %""struct.flatbuffers::FlatCOption""* noundef nonnull align 8 dereferenceable(128) %55, %""class.std::shared_ptr""* noundef nonnull %56)",/home/jimi/PaperExperiment/CompilerOptimization/Result/flatbuffers/dg/dg-LLVM14-O2-g/high_precision_20260326_164052/log/dda_fs.dot.stderr.log
dda_fs,DDA,ssa+fs,dot,"[pta] UNHANDLED:   %2423 = landingpad { i8*, i32 }",/home/jimi/PaperExperiment/CompilerOptimization/Result/flatbuffers/dg/dg-LLVM14-O2-g/high_precision_20260326_164052/log/dda_fs.dot.stderr.log
dda_fs,DDA,ssa+fs,dot,"[pta] UNHANDLED:   %2425 = landingpad { i8*, i32 }",/home/jimi/PaperExperiment/CompilerOptimization/Result/flatbuffers/dg/dg-LLVM14-O2-g/high_precision_20260326_164052/log/dda_fs.dot.stderr.log
dda_fs,DDA,ssa+fs,dot,"[pta] UNHANDLED:   %1268 = invoke noundef i8* @_ZNSt7__cxx1112basic_stringIcSt11char_traitsIcESaIcEE9_M_createERmm(%""class.std::__cxx11::basic_string""* noundef nonnull align 8 dereferenceable(32) %1264, i64* noundef nonnull align 8 dereferenceable(8) %10, i64 noundef 0)",/home/jimi/PaperExperiment/CompilerOptimization/Result/flatbuffers/dg/dg-LLVM14-O2-g/high_precision_20260326_164052/log/dda_fs.dot.stderr.log
dda_fs,DDA,ssa+fs,dot,"[pta] UNHANDLED:   invoke void @_ZN11flatbuffers19NewLuaBfbsGeneratorERKNSt7__cxx1112basic_stringIcSt11char_traitsIcESaIcEEE(%""class.std::unique_ptr.151""* nonnull sret(%""class.std::unique_ptr.151"") align 8 %60, %""class.std::__cxx11::basic_string""* noundef nonnull align 8 dereferenceable(32) %23)",/home/jimi/PaperExperiment/CompilerOptimization/Result/flatbuffers/dg/dg-LLVM14-O2-g/high_precision_20260326_164052/log/dda_fs.dot.stderr.log
dda_fs,DDA,ssa+fs,dot,"[pta] UNHANDLED:   %2471 = landingpad { i8*, i32 }",/home/jimi/PaperExperiment/CompilerOptimization/Result/flatbuffers/dg/dg-LLVM14-O2-g/high_precision_20260326_164052/log/dda_fs.dot.stderr.log
dda_fs,DDA,ssa+fs,dot,"[pta] UNHANDLED:   invoke void @_ZNSt12__shared_ptrIN11flatbuffers13CodeGeneratorELN9__gnu_cxx12_Lock_policyE2EEC2IS1_St14default_deleteIS1_EvEEOSt10unique_ptrIT_T0_E(%""class.std::__shared_ptr""* noundef nonnull align 8 dereferenceable(16) %1278, %""class.std::unique_ptr.151""* noundef nonnull align 8 dereferenceable(8) %60)",/home/jimi/PaperExperiment/CompilerOptimization/Result/flatbuffers/dg/dg-LLVM14-O2-g/high_precision_20260326_164052/log/dda_fs.dot.stderr.log
dda_fs,DDA,ssa+fs,dot,"[pta] UNHANDLED:   %2455 = landingpad { i8*, i32 }",/home/jimi/PaperExperiment/CompilerOptimization/Result/flatbuffers/dg/dg-LLVM14-O2-g/high_precision_20260326_164052/log/dda_fs.dot.stderr.log
dda_fs,DDA,ssa+fs,dot,"[pta] UNHANDLED:   %1280 = invoke noundef zeroext i1 bitcast (i1 (%""class.flatbuffers::FlatCompiler""*, %""struct.flatbuffers::FlatCOption""*, %""class.std::shared_ptr""*)* @_ZN11flatbuffers12FlatCompiler21RegisterCodeGeneratorERKNS_11FlatCOptionESt10shared_ptrINS_13CodeGeneratorEE to i1 (%""class.flatbuffers::FlatCompiler.2328""*, %""struct.flatbuffers::FlatCOption""*, %""class.std::shared_ptr""*)*)(%""class.flatbuffers::FlatCompiler.2328""* noundef nonnull align 8 dereferenceable(64) %24, %""struct.flatbuffers::FlatCOption""* noundef nonnull align 8 dereferenceable(128) %58, %""class.std::shared_ptr""* noundef nonnull %59)",/home/jimi/PaperExperiment/CompilerOptimization/Result/flatbuffers/dg/dg-LLVM14-O2-g/high_precision_20260326_164052/log/dda_fs.dot.stderr.log
dda_fs,DDA,ssa+fs,dot,"[pta] UNHANDLED:   %2457 = landingpad { i8*, i32 }",/home/jimi/PaperExperiment/CompilerOptimization/Result/flatbuffers/dg/dg-LLVM14-O2-g/high_precision_20260326_164052/log/dda_fs.dot.stderr.log
dda_fs,DDA,ssa+fs,dot,"[pta] UNHANDLED:   %2459 = landingpad { i8*, i32 }",/home/jimi/PaperExperiment/CompilerOptimization/Result/flatbuffers/dg/dg-LLVM14-O2-g/high_precision_20260326_164052/log/dda_fs.dot.stderr.log
dda_fs,DDA,ssa+fs,dot,"[pta] UNHANDLED:   %1369 = invoke noundef i8* @_ZNSt7__cxx1112basic_stringIcSt11char_traitsIcESaIcEE9_M_createERmm(%""class.std::__cxx11::basic_string""* noundef nonnull align 8 dereferenceable(32) %1365, i64* noundef nonnull align 8 dereferenceable(8) %9, i64 noundef 0)",/home/jimi/PaperExperiment/CompilerOptimization/Result/flatbuffers/dg/dg-LLVM14-O2-g/high_precision_20260326_164052/log/dda_fs.dot.stderr.log
dda_fs,DDA,ssa+fs,dot,"[pta] UNHANDLED:   invoke void @_ZN11flatbuffers19NewNimBfbsGeneratorERKNSt7__cxx1112basic_stringIcSt11char_traitsIcESaIcEEE(%""class.std::unique_ptr.151""* nonnull sret(%""class.std::unique_ptr.151"") align 8 %63, %""class.std::__cxx11::basic_string""* noundef nonnull align 8 dereferenceable(32) %23)",/home/jimi/PaperExperiment/CompilerOptimization/Result/flatbuffers/dg/dg-LLVM14-O2-g/high_precision_20260326_164052/log/dda_fs.dot.stderr.log
dda_fs,DDA,ssa+fs,dot,"[pta] UNHANDLED:   %2505 = landingpad { i8*, i32 }",/home/jimi/PaperExperiment/CompilerOptimization/Result/flatbuffers/dg/dg-LLVM14-O2-g/high_precision_20260326_164052/log/dda_fs.dot.stderr.log
dda_fs,DDA,ssa+fs,dot,"[pta] UNHANDLED:   invoke void @_ZNSt12__shared_ptrIN11flatbuffers13CodeGeneratorELN9__gnu_cxx12_Lock_policyE2EEC2IS1_St14default_deleteIS1_EvEEOSt10unique_ptrIT_T0_E(%""class.std::__shared_ptr""* noundef nonnull align 8 dereferenceable(16) %1379, %""class.std::unique_ptr.151""* noundef nonnull align 8 dereferenceable(8) %63)",/home/jimi/PaperExperiment/CompilerOptimization/Result/flatbuffers/dg/dg-LLVM14-O2-g/high_precision_20260326_164052/log/dda_fs.dot.stderr.log
dda_fs,DDA,ssa+fs,dot,"[pta] UNHANDLED:   %2489 = landingpad { i8*, i32 }",/home/jimi/PaperExperiment/CompilerOptimization/Result/flatbuffers/dg/dg-LLVM14-O2-g/high_precision_20260326_164052/log/dda_fs.dot.stderr.log
dda_fs,DDA,ssa+fs,dot,"[pta] UNHANDLED:   %1381 = invoke noundef zeroext i1 bitcast (i1 (%""class.flatbuffers::FlatCompiler""*, %""struct.flatbuffers::FlatCOption""*, %""class.std::shared_ptr""*)* @_ZN11flatbuffers12FlatCompiler21RegisterCodeGeneratorERKNS_11FlatCOptionESt10shared_ptrINS_13CodeGeneratorEE to i1 (%""class.flatbuffers::FlatCompiler.2328""*, %""struct.flatbuffers::FlatCOption""*, %""class.std::shared_ptr""*)*)(%""class.flatbuffers::FlatCompiler.2328""* noundef nonnull align 8 dereferenceable(64) %24, %""struct.flatbuffers::FlatCOption""* noundef nonnull align 8 dereferenceable(128) %61, %""class.std::shared_ptr""* noundef nonnull %62)",/home/jimi/PaperExperiment/CompilerOptimization/Result/flatbuffers/dg/dg-LLVM14-O2-g/high_precision_20260326_164052/log/dda_fs.dot.stderr.log
dda_fs,DDA,ssa+fs,dot,"[pta] UNHANDLED:   %2491 = landingpad { i8*, i32 }",/home/jimi/PaperExperiment/CompilerOptimization/Result/flatbuffers/dg/dg-LLVM14-O2-g/high_precision_20260326_164052/log/dda_fs.dot.stderr.log
dda_fs,DDA,ssa+fs,dot,"[pta] UNHANDLED:   %2493 = landingpad { i8*, i32 }",/home/jimi/PaperExperiment/CompilerOptimization/Result/flatbuffers/dg/dg-LLVM14-O2-g/high_precision_20260326_164052/log/dda_fs.dot.stderr.log
dda_fs,DDA,ssa+fs,dot,"[pta] UNHANDLED:   %1471 = invoke noundef i8* @_ZNSt7__cxx1112basic_stringIcSt11char_traitsIcESaIcEE9_M_createERmm(%""class.std::__cxx11::basic_string""* noundef nonnull align 8 dereferenceable(32) %1467, i64* noundef nonnull align 8 dereferenceable(8) %8, i64 noundef 0)",/home/jimi/PaperExperiment/CompilerOptimization/Result/flatbuffers/dg/dg-LLVM14-O2-g/high_precision_20260326_164052/log/dda_fs.dot.stderr.log
dda_fs,DDA,ssa+fs,dot,"[pta] UNHANDLED:   invoke void @_ZN11flatbuffers22NewPythonCodeGeneratorEv(%""class.std::unique_ptr.151""* nonnull sret(%""class.std::unique_ptr.151"") align 8 %66)",/home/jimi/PaperExperiment/CompilerOptimization/Result/flatbuffers/dg/dg-LLVM14-O2-g/high_precision_20260326_164052/log/dda_fs.dot.stderr.log
dda_fs,DDA,ssa+fs,dot,"[pta] UNHANDLED:   %2539 = landingpad { i8*, i32 }",/home/jimi/PaperExperiment/CompilerOptimization/Result/flatbuffers/dg/dg-LLVM14-O2-g/high_precision_20260326_164052/log/dda_fs.dot.stderr.log
dda_fs,DDA,ssa+fs,dot,"[pta] UNHANDLED:   invoke void @_ZNSt12__shared_ptrIN11flatbuffers13CodeGeneratorELN9__gnu_cxx12_Lock_policyE2EEC2IS1_St14default_deleteIS1_EvEEOSt10unique_ptrIT_T0_E(%""class.std::__shared_ptr""* noundef nonnull align 8 dereferenceable(16) %1481, %""class.std::unique_ptr.151""* noundef nonnull align 8 dereferenceable(8) %66)",/home/jimi/PaperExperiment/CompilerOptimization/Result/flatbuffers/dg/dg-LLVM14-O2-g/high_precision_20260326_164052/log/dda_fs.dot.stderr.log
dda_fs,DDA,ssa+fs,dot,"[pta] UNHANDLED:   %2523 = landingpad { i8*, i32 }",/home/jimi/PaperExperiment/CompilerOptimization/Result/flatbuffers/dg/dg-LLVM14-O2-g/high_precision_20260326_164052/log/dda_fs.dot.stderr.log
dda_fs,DDA,ssa+fs,dot,"[pta] UNHANDLED:   %1483 = invoke noundef zeroext i1 bitcast (i1 (%""class.flatbuffers::FlatCompiler""*, %""struct.flatbuffers::FlatCOption""*, %""class.std::shared_ptr""*)* @_ZN11flatbuffers12FlatCompiler21RegisterCodeGeneratorERKNS_11FlatCOptionESt10shared_ptrINS_13CodeGeneratorEE to i1 (%""class.flatbuffers::FlatCompiler.2328""*, %""struct.flatbuffers::FlatCOption""*, %""class.std::shared_ptr""*)*)(%""class.flatbuffers::FlatCompiler.2328""* noundef nonnull align 8 dereferenceable(64) %24, %""struct.flatbuffers::FlatCOption""* noundef nonnull align 8 dereferenceable(128) %64, %""class.std::shared_ptr""* noundef nonnull %65)",/home/jimi/PaperExperiment/CompilerOptimization/Result/flatbuffers/dg/dg-LLVM14-O2-g/high_precision_20260326_164052/log/dda_fs.dot.stderr.log
dda_fs,DDA,ssa+fs,dot,"[pta] UNHANDLED:   %2525 = landingpad { i8*, i32 }",/home/jimi/PaperExperiment/CompilerOptimization/Result/flatbuffers/dg/dg-LLVM14-O2-g/high_precision_20260326_164052/log/dda_fs.dot.stderr.log
dda_fs,DDA,ssa+fs,dot,"[pta] UNHANDLED:   %2527 = landingpad { i8*, i32 }",/home/jimi/PaperExperiment/CompilerOptimization/Result/flatbuffers/dg/dg-LLVM14-O2-g/high_precision_20260326_164052/log/dda_fs.dot.stderr.log
dda_fs,DDA,ssa+fs,dot,"[pta] UNHANDLED:   %1572 = invoke noundef i8* @_ZNSt7__cxx1112basic_stringIcSt11char_traitsIcESaIcEE9_M_createERmm(%""class.std::__cxx11::basic_string""* noundef nonnull align 8 dereferenceable(32) %1568, i64* noundef nonnull align 8 dereferenceable(8) %7, i64 noundef 0)",/home/jimi/PaperExperiment/CompilerOptimization/Result/flatbuffers/dg/dg-LLVM14-O2-g/high_precision_20260326_164052/log/dda_fs.dot.stderr.log
dda_fs,DDA,ssa+fs,dot,"[pta] UNHANDLED:   invoke void @_ZN11flatbuffers19NewPhpCodeGeneratorEv(%""class.std::unique_ptr.151""* nonnull sret(%""class.std::unique_ptr.151"") align 8 %69)",/home/jimi/PaperExperiment/CompilerOptimization/Result/flatbuffers/dg/dg-LLVM14-O2-g/high_precision_20260326_164052/log/dda_fs.dot.stderr.log
dda_fs,DDA,ssa+fs,dot,"[pta] UNHANDLED:   %2573 = landingpad { i8*, i32 }",/home/jimi/PaperExperiment/CompilerOptimization/Result/flatbuffers/dg/dg-LLVM14-O2-g/high_precision_20260326_164052/log/dda_fs.dot.stderr.log
dda_fs,DDA,ssa+fs,dot,"[pta] UNHANDLED:   invoke void @_ZNSt12__shared_ptrIN11flatbuffers13CodeGeneratorELN9__gnu_cxx12_Lock_policyE2EEC2IS1_St14default_deleteIS1_EvEEOSt10unique_ptrIT_T0_E(%""class.std::__shared_ptr""* noundef nonnull align 8 dereferenceable(16) %1582, %""class.std::unique_ptr.151""* noundef nonnull align 8 dereferenceable(8) %69)",/home/jimi/PaperExperiment/CompilerOptimization/Result/flatbuffers/dg/dg-LLVM14-O2-g/high_precision_20260326_164052/log/dda_fs.dot.stderr.log
dda_fs,DDA,ssa+fs,dot,"[pta] UNHANDLED:   %2557 = landingpad { i8*, i32 }",/home/jimi/PaperExperiment/CompilerOptimization/Result/flatbuffers/dg/dg-LLVM14-O2-g/high_precision_20260326_164052/log/dda_fs.dot.stderr.log
dda_fs,DDA,ssa+fs,dot,"[pta] UNHANDLED:   %1584 = invoke noundef zeroext i1 bitcast (i1 (%""class.flatbuffers::FlatCompiler""*, %""struct.flatbuffers::FlatCOption""*, %""class.std::shared_ptr""*)* @_ZN11flatbuffers12FlatCompiler21RegisterCodeGeneratorERKNS_11FlatCOptionESt10shared_ptrINS_13CodeGeneratorEE to i1 (%""class.flatbuffers::FlatCompiler.2328""*, %""struct.flatbuffers::FlatCOption""*, %""class.std::shared_ptr""*)*)(%""class.flatbuffers::FlatCompiler.2328""* noundef nonnull align 8 dereferenceable(64) %24, %""struct.flatbuffers::FlatCOption""* noundef nonnull align 8 dereferenceable(128) %67, %""class.std::shared_ptr""* noundef nonnull %68)",/home/jimi/PaperExperiment/CompilerOptimization/Result/flatbuffers/dg/dg-LLVM14-O2-g/high_precision_20260326_164052/log/dda_fs.dot.stderr.log
dda_fs,DDA,ssa+fs,dot,"[pta] UNHANDLED:   %2559 = landingpad { i8*, i32 }",/home/jimi/PaperExperiment/CompilerOptimization/Result/flatbuffers/dg/dg-LLVM14-O2-g/high_precision_20260326_164052/log/dda_fs.dot.stderr.log
dda_fs,DDA,ssa+fs,dot,"[pta] UNHANDLED:   %2561 = landingpad { i8*, i32 }",/home/jimi/PaperExperiment/CompilerOptimization/Result/flatbuffers/dg/dg-LLVM14-O2-g/high_precision_20260326_164052/log/dda_fs.dot.stderr.log
dda_fs,DDA,ssa+fs,dot,"[pta] UNHANDLED:   %1675 = invoke noundef i8* @_ZNSt7__cxx1112basic_stringIcSt11char_traitsIcESaIcEE9_M_createERmm(%""class.std::__cxx11::basic_string""* noundef nonnull align 8 dereferenceable(32) %1671, i64* noundef nonnull align 8 dereferenceable(8) %6, i64 noundef 0)",/home/jimi/PaperExperiment/CompilerOptimization/Result/flatbuffers/dg/dg-LLVM14-O2-g/high_precision_20260326_164052/log/dda_fs.dot.stderr.log
dda_fs,DDA,ssa+fs,dot,"[pta] UNHANDLED:   invoke void @_ZN11flatbuffers20NewRustCodeGeneratorEv(%""class.std::unique_ptr.151""* nonnull sret(%""class.std::unique_ptr.151"") align 8 %72)",/home/jimi/PaperExperiment/CompilerOptimization/Result/flatbuffers/dg/dg-LLVM14-O2-g/high_precision_20260326_164052/log/dda_fs.dot.stderr.log
dda_fs,DDA,ssa+fs,dot,"[pta] UNHANDLED:   %2607 = landingpad { i8*, i32 }",/home/jimi/PaperExperiment/CompilerOptimization/Result/flatbuffers/dg/dg-LLVM14-O2-g/high_precision_20260326_164052/log/dda_fs.dot.stderr.log
dda_fs,DDA,ssa+fs,dot,"[pta] UNHANDLED:   invoke void @_ZNSt12__shared_ptrIN11flatbuffers13CodeGeneratorELN9__gnu_cxx12_Lock_policyE2EEC2IS1_St14default_deleteIS1_EvEEOSt10unique_ptrIT_T0_E(%""class.std::__shared_ptr""* noundef nonnull align 8 dereferenceable(16) %1685, %""class.std::unique_ptr.151""* noundef nonnull align 8 dereferenceable(8) %72)",/home/jimi/PaperExperiment/CompilerOptimization/Result/flatbuffers/dg/dg-LLVM14-O2-g/high_precision_20260326_164052/log/dda_fs.dot.stderr.log
dda_fs,DDA,ssa+fs,dot,"[pta] UNHANDLED:   %2591 = landingpad { i8*, i32 }",/home/jimi/PaperExperiment/CompilerOptimization/Result/flatbuffers/dg/dg-LLVM14-O2-g/high_precision_20260326_164052/log/dda_fs.dot.stderr.log
dda_fs,DDA,ssa+fs,dot,"[pta] UNHANDLED:   %1687 = invoke noundef zeroext i1 bitcast (i1 (%""class.flatbuffers::FlatCompiler""*, %""struct.flatbuffers::FlatCOption""*, %""class.std::shared_ptr""*)* @_ZN11flatbuffers12FlatCompiler21RegisterCodeGeneratorERKNS_11FlatCOptionESt10shared_ptrINS_13CodeGeneratorEE to i1 (%""class.flatbuffers::FlatCompiler.2328""*, %""struct.flatbuffers::FlatCOption""*, %""class.std::shared_ptr""*)*)(%""class.flatbuffers::FlatCompiler.2328""* noundef nonnull align 8 dereferenceable(64) %24, %""struct.flatbuffers::FlatCOption""* noundef nonnull align 8 dereferenceable(128) %70, %""class.std::shared_ptr""* noundef nonnull %71)",/home/jimi/PaperExperiment/CompilerOptimization/Result/flatbuffers/dg/dg-LLVM14-O2-g/high_precision_20260326_164052/log/dda_fs.dot.stderr.log
dda_fs,DDA,ssa+fs,dot,"[pta] UNHANDLED:   %2593 = landingpad { i8*, i32 }",/home/jimi/PaperExperiment/CompilerOptimization/Result/flatbuffers/dg/dg-LLVM14-O2-g/high_precision_20260326_164052/log/dda_fs.dot.stderr.log
dda_fs,DDA,ssa+fs,dot,"[pta] UNHANDLED:   %2595 = landingpad { i8*, i32 }",/home/jimi/PaperExperiment/CompilerOptimization/Result/flatbuffers/dg/dg-LLVM14-O2-g/high_precision_20260326_164052/log/dda_fs.dot.stderr.log
dda_fs,DDA,ssa+fs,dot,"[pta] UNHANDLED:   %1778 = invoke noundef i8* @_ZNSt7__cxx1112basic_stringIcSt11char_traitsIcESaIcEE9_M_createERmm(%""class.std::__cxx11::basic_string""* noundef nonnull align 8 dereferenceable(32) %1774, i64* noundef nonnull align 8 dereferenceable(8) %5, i64 noundef 0)",/home/jimi/PaperExperiment/CompilerOptimization/Result/flatbuffers/dg/dg-LLVM14-O2-g/high_precision_20260326_164052/log/dda_fs.dot.stderr.log
dda_fs,DDA,ssa+fs,dot,"[pta] UNHANDLED:   invoke void @_ZN11flatbuffers20NewTextCodeGeneratorEv(%""class.std::unique_ptr.151""* nonnull sret(%""class.std::unique_ptr.151"") align 8 %75)",/home/jimi/PaperExperiment/CompilerOptimization/Result/flatbuffers/dg/dg-LLVM14-O2-g/high_precision_20260326_164052/log/dda_fs.dot.stderr.log
dda_fs,DDA,ssa+fs,dot,"[pta] UNHANDLED:   %2641 = landingpad { i8*, i32 }",/home/jimi/PaperExperiment/CompilerOptimization/Result/flatbuffers/dg/dg-LLVM14-O2-g/high_precision_20260326_164052/log/dda_fs.dot.stderr.log
dda_fs,DDA,ssa+fs,dot,"[pta] UNHANDLED:   invoke void @_ZNSt12__shared_ptrIN11flatbuffers13CodeGeneratorELN9__gnu_cxx12_Lock_policyE2EEC2IS1_St14default_deleteIS1_EvEEOSt10unique_ptrIT_T0_E(%""class.std::__shared_ptr""* noundef nonnull align 8 dereferenceable(16) %1788, %""class.std::unique_ptr.151""* noundef nonnull align 8 dereferenceable(8) %75)",/home/jimi/PaperExperiment/CompilerOptimization/Result/flatbuffers/dg/dg-LLVM14-O2-g/high_precision_20260326_164052/log/dda_fs.dot.stderr.log
dda_fs,DDA,ssa+fs,dot,"[pta] UNHANDLED:   %2625 = landingpad { i8*, i32 }",/home/jimi/PaperExperiment/CompilerOptimization/Result/flatbuffers/dg/dg-LLVM14-O2-g/high_precision_20260326_164052/log/dda_fs.dot.stderr.log
dda_fs,DDA,ssa+fs,dot,"[pta] UNHANDLED:   %1790 = invoke noundef zeroext i1 bitcast (i1 (%""class.flatbuffers::FlatCompiler""*, %""struct.flatbuffers::FlatCOption""*, %""class.std::shared_ptr""*)* @_ZN11flatbuffers12FlatCompiler21RegisterCodeGeneratorERKNS_11FlatCOptionESt10shared_ptrINS_13CodeGeneratorEE to i1 (%""class.flatbuffers::FlatCompiler.2328""*, %""struct.flatbuffers::FlatCOption""*, %""class.std::shared_ptr""*)*)(%""class.flatbuffers::FlatCompiler.2328""* noundef nonnull align 8 dereferenceable(64) %24, %""struct.flatbuffers::FlatCOption""* noundef nonnull align 8 dereferenceable(128) %73, %""class.std::shared_ptr""* noundef nonnull %74)",/home/jimi/PaperExperiment/CompilerOptimization/Result/flatbuffers/dg/dg-LLVM14-O2-g/high_precision_20260326_164052/log/dda_fs.dot.stderr.log
dda_fs,DDA,ssa+fs,dot,"[pta] UNHANDLED:   %2627 = landingpad { i8*, i32 }",/home/jimi/PaperExperiment/CompilerOptimization/Result/flatbuffers/dg/dg-LLVM14-O2-g/high_precision_20260326_164052/log/dda_fs.dot.stderr.log
dda_fs,DDA,ssa+fs,dot,"[pta] UNHANDLED:   %2629 = landingpad { i8*, i32 }",/home/jimi/PaperExperiment/CompilerOptimization/Result/flatbuffers/dg/dg-LLVM14-O2-g/high_precision_20260326_164052/log/dda_fs.dot.stderr.log
dda_fs,DDA,ssa+fs,dot,"[pta] UNHANDLED:   %1879 = invoke noundef i8* @_ZNSt7__cxx1112basic_stringIcSt11char_traitsIcESaIcEE9_M_createERmm(%""class.std::__cxx11::basic_string""* noundef nonnull align 8 dereferenceable(32) %1875, i64* noundef nonnull align 8 dereferenceable(8) %4, i64 noundef 0)",/home/jimi/PaperExperiment/CompilerOptimization/Result/flatbuffers/dg/dg-LLVM14-O2-g/high_precision_20260326_164052/log/dda_fs.dot.stderr.log
dda_fs,DDA,ssa+fs,dot,"[pta] UNHANDLED:   invoke void @_ZN11flatbuffers21NewSwiftCodeGeneratorEv(%""class.std::unique_ptr.151""* nonnull sret(%""class.std::unique_ptr.151"") align 8 %78)",/home/jimi/PaperExperiment/CompilerOptimization/Result/flatbuffers/dg/dg-LLVM14-O2-g/high_precision_20260326_164052/log/dda_fs.dot.stderr.log
dda_fs,DDA,ssa+fs,dot,"[pta] UNHANDLED:   %2675 = landingpad { i8*, i32 }",/home/jimi/PaperExperiment/CompilerOptimization/Result/flatbuffers/dg/dg-LLVM14-O2-g/high_precision_20260326_164052/log/dda_fs.dot.stderr.log
dda_fs,DDA,ssa+fs,dot,"[pta] UNHANDLED:   invoke void @_ZNSt12__shared_ptrIN11flatbuffers13CodeGeneratorELN9__gnu_cxx12_Lock_policyE2EEC2IS1_St14default_deleteIS1_EvEEOSt10unique_ptrIT_T0_E(%""class.std::__shared_ptr""* noundef nonnull align 8 dereferenceable(16) %1889, %""class.std::unique_ptr.151""* noundef nonnull align 8 dereferenceable(8) %78)",/home/jimi/PaperExperiment/CompilerOptimization/Result/flatbuffers/dg/dg-LLVM14-O2-g/high_precision_20260326_164052/log/dda_fs.dot.stderr.log
dda_fs,DDA,ssa+fs,dot,"[pta] UNHANDLED:   %2659 = landingpad { i8*, i32 }",/home/jimi/PaperExperiment/CompilerOptimization/Result/flatbuffers/dg/dg-LLVM14-O2-g/high_precision_20260326_164052/log/dda_fs.dot.stderr.log
dda_fs,DDA,ssa+fs,dot,"[pta] UNHANDLED:   %1891 = invoke noundef zeroext i1 bitcast (i1 (%""class.flatbuffers::FlatCompiler""*, %""struct.flatbuffers::FlatCOption""*, %""class.std::shared_ptr""*)* @_ZN11flatbuffers12FlatCompiler21RegisterCodeGeneratorERKNS_11FlatCOptionESt10shared_ptrINS_13CodeGeneratorEE to i1 (%""class.flatbuffers::FlatCompiler.2328""*, %""struct.flatbuffers::FlatCOption""*, %""class.std::shared_ptr""*)*)(%""class.flatbuffers::FlatCompiler.2328""* noundef nonnull align 8 dereferenceable(64) %24, %""struct.flatbuffers::FlatCOption""* noundef nonnull align 8 dereferenceable(128) %76, %""class.std::shared_ptr""* noundef nonnull %77)",/home/jimi/PaperExperiment/CompilerOptimization/Result/flatbuffers/dg/dg-LLVM14-O2-g/high_precision_20260326_164052/log/dda_fs.dot.stderr.log
dda_fs,DDA,ssa+fs,dot,"[pta] UNHANDLED:   %2661 = landingpad { i8*, i32 }",/home/jimi/PaperExperiment/CompilerOptimization/Result/flatbuffers/dg/dg-LLVM14-O2-g/high_precision_20260326_164052/log/dda_fs.dot.stderr.log
dda_fs,DDA,ssa+fs,dot,"[pta] UNHANDLED:   %2663 = landingpad { i8*, i32 }",/home/jimi/PaperExperiment/CompilerOptimization/Result/flatbuffers/dg/dg-LLVM14-O2-g/high_precision_20260326_164052/log/dda_fs.dot.stderr.log
dda_fs,DDA,ssa+fs,dot,"[pta] UNHANDLED:   %1982 = invoke noundef i8* @_ZNSt7__cxx1112basic_stringIcSt11char_traitsIcESaIcEE9_M_createERmm(%""class.std::__cxx11::basic_string""* noundef nonnull align 8 dereferenceable(32) %1978, i64* noundef nonnull align 8 dereferenceable(8) %3, i64 noundef 0)",/home/jimi/PaperExperiment/CompilerOptimization/Result/flatbuffers/dg/dg-LLVM14-O2-g/high_precision_20260326_164052/log/dda_fs.dot.stderr.log
dda_fs,DDA,ssa+fs,dot,"[pta] UNHANDLED:   invoke void @_ZN11flatbuffers18NewTsCodeGeneratorEv(%""class.std::unique_ptr.151""* nonnull sret(%""class.std::unique_ptr.151"") align 8 %81)",/home/jimi/PaperExperiment/CompilerOptimization/Result/flatbuffers/dg/dg-LLVM14-O2-g/high_precision_20260326_164052/log/dda_fs.dot.stderr.log
dda_fs,DDA,ssa+fs,dot,"[pta] UNHANDLED:   %2709 = landingpad { i8*, i32 }",/home/jimi/PaperExperiment/CompilerOptimization/Result/flatbuffers/dg/dg-LLVM14-O2-g/high_precision_20260326_164052/log/dda_fs.dot.stderr.log
dda_fs,DDA,ssa+fs,dot,"[pta] UNHANDLED:   invoke void @_ZNSt12__shared_ptrIN11flatbuffers13CodeGeneratorELN9__gnu_cxx12_Lock_policyE2EEC2IS1_St14default_deleteIS1_EvEEOSt10unique_ptrIT_T0_E(%""class.std::__shared_ptr""* noundef nonnull align 8 dereferenceable(16) %1992, %""class.std::unique_ptr.151""* noundef nonnull align 8 dereferenceable(8) %81)",/home/jimi/PaperExperiment/CompilerOptimization/Result/flatbuffers/dg/dg-LLVM14-O2-g/high_precision_20260326_164052/log/dda_fs.dot.stderr.log
dda_fs,DDA,ssa+fs,dot,"[pta] UNHANDLED:   %2693 = landingpad { i8*, i32 }",/home/jimi/PaperExperiment/CompilerOptimization/Result/flatbuffers/dg/dg-LLVM14-O2-g/high_precision_20260326_164052/log/dda_fs.dot.stderr.log
dda_fs,DDA,ssa+fs,dot,"[pta] UNHANDLED:   %1994 = invoke noundef zeroext i1 bitcast (i1 (%""class.flatbuffers::FlatCompiler""*, %""struct.flatbuffers::FlatCOption""*, %""class.std::shared_ptr""*)* @_ZN11flatbuffers12FlatCompiler21RegisterCodeGeneratorERKNS_11FlatCOptionESt10shared_ptrINS_13CodeGeneratorEE to i1 (%""class.flatbuffers::FlatCompiler.2328""*, %""struct.flatbuffers::FlatCOption""*, %""class.std::shared_ptr""*)*)(%""class.flatbuffers::FlatCompiler.2328""* noundef nonnull align 8 dereferenceable(64) %24, %""struct.flatbuffers::FlatCOption""* noundef nonnull align 8 dereferenceable(128) %79, %""class.std::shared_ptr""* noundef nonnull %80)",/home/jimi/PaperExperiment/CompilerOptimization/Result/flatbuffers/dg/dg-LLVM14-O2-g/high_precision_20260326_164052/log/dda_fs.dot.stderr.log
dda_fs,DDA,ssa+fs,dot,"[pta] UNHANDLED:   %2695 = landingpad { i8*, i32 }",/home/jimi/PaperExperiment/CompilerOptimization/Result/flatbuffers/dg/dg-LLVM14-O2-g/high_precision_20260326_164052/log/dda_fs.dot.stderr.log
dda_fs,DDA,ssa+fs,dot,"[pta] UNHANDLED:   %2697 = landingpad { i8*, i32 }",/home/jimi/PaperExperiment/CompilerOptimization/Result/flatbuffers/dg/dg-LLVM14-O2-g/high_precision_20260326_164052/log/dda_fs.dot.stderr.log
dda_fs,DDA,ssa+fs,dot,"[pta] UNHANDLED:   invoke void bitcast (void (%""struct.flatbuffers::FlatCOptions""*, %""class.flatbuffers::FlatCompiler""*, i32, i8**)* @_ZN11flatbuffers12FlatCompiler29ParseFromCommandLineArgumentsEiPPKc to void (%""struct.flatbuffers::FlatCOptions""*, %""class.flatbuffers::FlatCompiler.2328""*, i32, i8**)*)(%""struct.flatbuffers::FlatCOptions""* nonnull sret(%""struct.flatbuffers::FlatCOptions"") align 8 %82, %""class.flatbuffers::FlatCompiler.2328""* noundef nonnull align 8 dereferenceable(64) %24, i32 noundef %0, i8** noundef nonnull %1)",/home/jimi/PaperExperiment/CompilerOptimization/Result/flatbuffers/dg/dg-LLVM14-O2-g/high_precision_20260326_164052/log/dda_fs.dot.stderr.log
dda_fs,DDA,ssa+fs,dot,"[pta] UNHANDLED:   %2727 = landingpad { i8*, i32 }",/home/jimi/PaperExperiment/CompilerOptimization/Result/flatbuffers/dg/dg-LLVM14-O2-g/high_precision_20260326_164052/log/dda_fs.dot.stderr.log
dda_fs,DDA,ssa+fs,dot,[pta] UNHANDLED:   %2731 = invoke noalias noundef nonnull dereferenceable(8) i8* @_Znwm(i64 noundef 8) #52,/home/jimi/PaperExperiment/CompilerOptimization/Result/flatbuffers/dg/dg-LLVM14-O2-g/high_precision_20260326_164052/log/dda_fs.dot.stderr.log
dda_fs,DDA,ssa+fs,dot,"[pta] UNHANDLED:   %2739 = invoke noundef i32 bitcast (i32 (%""class.flatbuffers::FlatCompiler""*, %""struct.flatbuffers::FlatCOptions""*)* @_ZN11flatbuffers12FlatCompiler7CompileERKNS_12FlatCOptionsE to i32 (%""class.flatbuffers::FlatCompiler.2328""*, %""struct.flatbuffers::FlatCOptions""*)*)(%""class.flatbuffers::FlatCompiler.2328""* noundef nonnull align 8 dereferenceable(64) %24, %""struct.flatbuffers::FlatCOptions""* noundef nonnull align 8 dereferenceable(1104) %82)",/home/jimi/PaperExperiment/CompilerOptimization/Result/flatbuffers/dg/dg-LLVM14-O2-g/high_precision_20260326_164052/log/dda_fs.dot.stderr.log
dda_fs,DDA,ssa+fs,dot,"[pta] UNHANDLED:   %2729 = landingpad { i8*, i32 }",/home/jimi/PaperExperiment/CompilerOptimization/Result/flatbuffers/dg/dg-LLVM14-O2-g/high_precision_20260326_164052/log/dda_fs.dot.stderr.log
dda_fs,DDA,ssa+fs,dot,[pta] UNHANDLED:   %2067 = invoke noalias noundef nonnull dereferenceable(56) i8* @_Znwm(i64 noundef 56) #52,/home/jimi/PaperExperiment/CompilerOptimization/Result/flatbuffers/dg/dg-LLVM14-O2-g/high_precision_20260326_164052/log/dda_fs.dot.stderr.log
dda_fs,DDA,ssa+fs,dot,"[pta] UNHANDLED:   invoke void %2745(%""class.flatbuffers::FileSaver""* noundef nonnull align 8 dereferenceable(8) %2741)",/home/jimi/PaperExperiment/CompilerOptimization/Result/flatbuffers/dg/dg-LLVM14-O2-g/high_precision_20260326_164052/log/dda_fs.dot.stderr.log
dda_fs,DDA,ssa+fs,dot,"[pta] UNHANDLED:   %2763 = landingpad { i8*, i32 }",/home/jimi/PaperExperiment/CompilerOptimization/Result/flatbuffers/dg/dg-LLVM14-O2-g/high_precision_20260326_164052/log/dda_fs.dot.stderr.log
dda_fs,DDA,ssa+fs,dot,"[pta] UNHANDLED:   invoke void @_ZNSt8_Rb_treeINSt7__cxx1112basic_stringIcSt11char_traitsIcESaIcEEESt4pairIKS5_St10shared_ptrIN11flatbuffers13CodeGeneratorEEESt10_Select1stISC_ESt4lessIS5_ESaISC_EE8_M_eraseEPSt13_Rb_tree_nodeISC_E(%""class.std::_Rb_tree""* noundef nonnull align 8 dereferenceable(48) %2751, %""struct.std::_Rb_tree_node.354""* noundef %2753)",/home/jimi/PaperExperiment/CompilerOptimization/Result/flatbuffers/dg/dg-LLVM14-O2-g/high_precision_20260326_164052/log/dda_fs.dot.stderr.log
dda_fs,DDA,ssa+fs,dot,"[pta] UNHANDLED:   %2755 = landingpad { i8*, i32 }",/home/jimi/PaperExperiment/CompilerOptimization/Result/flatbuffers/dg/dg-LLVM14-O2-g/high_precision_20260326_164052/log/dda_fs.dot.stderr.log
dda_inv,DDA,ssa+inv,lines,"[pta] UNHANDLED:   %148 = invoke noundef i8* @_ZNSt7__cxx1112basic_stringIcSt11char_traitsIcESaIcEE9_M_createERmm(%""class.std::__cxx11::basic_string""* noundef nonnull align 8 dereferenceable(32) %144, i64* noundef nonnull align 8 dereferenceable(8) %21, i64 noundef 0)",/home/jimi/PaperExperiment/CompilerOptimization/Result/flatbuffers/dg/dg-LLVM14-O2-g/high_precision_20260326_164052/log/dda_inv.lines.stderr.log
dda_inv,DDA,ssa+inv,lines,"[pta] UNHANDLED:   invoke void @_ZN11flatbuffers22NewBinaryCodeGeneratorEv(%""class.std::unique_ptr.151""* nonnull sret(%""class.std::unique_ptr.151"") align 8 %27)",/home/jimi/PaperExperiment/CompilerOptimization/Result/flatbuffers/dg/dg-LLVM14-O2-g/high_precision_20260326_164052/log/dda_inv.lines.stderr.log
dda_inv,DDA,ssa+inv,lines,"[pta] UNHANDLED:   invoke void @_ZNSt8_Rb_treeINSt7__cxx1112basic_stringIcSt11char_traitsIcESaIcEEESt4pairIKS5_St10shared_ptrIN11flatbuffers13CodeGeneratorEEESt10_Select1stISC_ESt4lessIS5_ESaISC_EE8_M_eraseEPSt13_Rb_tree_nodeISC_E(%""class.std::_Rb_tree""* noundef nonnull align 8 dereferenceable(48) %2, %""struct.std::_Rb_tree_node.354""* noundef %6)",/home/jimi/PaperExperiment/CompilerOptimization/Result/flatbuffers/dg/dg-LLVM14-O2-g/high_precision_20260326_164052/log/dda_inv.lines.stderr.log
dda_inv,DDA,ssa+inv,lines,"[pta] UNHANDLED:   %8 = landingpad { i8*, i32 }",/home/jimi/PaperExperiment/CompilerOptimization/Result/flatbuffers/dg/dg-LLVM14-O2-g/high_precision_20260326_164052/log/dda_inv.lines.stderr.log
dda_inv,DDA,ssa+inv,lines,"[pta] UNHANDLED:   %2097 = landingpad { i8*, i32 }",/home/jimi/PaperExperiment/CompilerOptimization/Result/flatbuffers/dg/dg-LLVM14-O2-g/high_precision_20260326_164052/log/dda_inv.lines.stderr.log
dda_inv,DDA,ssa+inv,lines,"[pta] UNHANDLED:   invoke void @_ZNSt12__shared_ptrIN11flatbuffers13CodeGeneratorELN9__gnu_cxx12_Lock_policyE2EEC2IS1_St14default_deleteIS1_EvEEOSt10unique_ptrIT_T0_E(%""class.std::__shared_ptr""* noundef nonnull align 8 dereferenceable(16) %158, %""class.std::unique_ptr.151""* noundef nonnull align 8 dereferenceable(8) %27)",/home/jimi/PaperExperiment/CompilerOptimization/Result/flatbuffers/dg/dg-LLVM14-O2-g/high_precision_20260326_164052/log/dda_inv.lines.stderr.log
dda_inv,DDA,ssa+inv,lines,"[pta] UNHANDLED:   %2081 = landingpad { i8*, i32 }",/home/jimi/PaperExperiment/CompilerOptimization/Result/flatbuffers/dg/dg-LLVM14-O2-g/high_precision_20260326_164052/log/dda_inv.lines.stderr.log
dda_inv,DDA,ssa+inv,lines,"[pta] UNHANDLED:   resume { i8*, i32 } %2773, !dbg !106616",/home/jimi/PaperExperiment/CompilerOptimization/Result/flatbuffers/dg/dg-LLVM14-O2-g/high_precision_20260326_164052/log/dda_inv.lines.stderr.log
dda_inv,DDA,ssa+inv,lines,"[pta] UNHANDLED:   %160 = invoke noundef zeroext i1 bitcast (i1 (%""class.flatbuffers::FlatCompiler""*, %""struct.flatbuffers::FlatCOption""*, %""class.std::shared_ptr""*)* @_ZN11flatbuffers12FlatCompiler21RegisterCodeGeneratorERKNS_11FlatCOptionESt10shared_ptrINS_13CodeGeneratorEE to i1 (%""class.flatbuffers::FlatCompiler.2328""*, %""struct.flatbuffers::FlatCOption""*, %""class.std::shared_ptr""*)*)(%""class.flatbuffers::FlatCompiler.2328""* noundef nonnull align 8 dereferenceable(64) %24, %""struct.flatbuffers::FlatCOption""* noundef nonnull align 8 dereferenceable(128) %25, %""class.std::shared_ptr""* noundef nonnull %26)",/home/jimi/PaperExperiment/CompilerOptimization/Result/flatbuffers/dg/dg-LLVM14-O2-g/high_precision_20260326_164052/log/dda_inv.lines.stderr.log
dda_inv,DDA,ssa+inv,lines,"[pta] UNHANDLED:   %2083 = landingpad { i8*, i32 }",/home/jimi/PaperExperiment/CompilerOptimization/Result/flatbuffers/dg/dg-LLVM14-O2-g/high_precision_20260326_164052/log/dda_inv.lines.stderr.log
dda_inv,DDA,ssa+inv,lines,"[pta] UNHANDLED:   %2085 = landingpad { i8*, i32 }",/home/jimi/PaperExperiment/CompilerOptimization/Result/flatbuffers/dg/dg-LLVM14-O2-g/high_precision_20260326_164052/log/dda_inv.lines.stderr.log
dda_inv,DDA,ssa+inv,lines,"[pta] UNHANDLED:   %250 = invoke noundef i8* @_ZNSt7__cxx1112basic_stringIcSt11char_traitsIcESaIcEE9_M_createERmm(%""class.std::__cxx11::basic_string""* noundef nonnull align 8 dereferenceable(32) %246, i64* noundef nonnull align 8 dereferenceable(8) %20, i64 noundef 0)",/home/jimi/PaperExperiment/CompilerOptimization/Result/flatbuffers/dg/dg-LLVM14-O2-g/high_precision_20260326_164052/log/dda_inv.lines.stderr.log
dda_inv,DDA,ssa+inv,lines,"[pta] UNHANDLED:   invoke void @_ZN11flatbuffers19NewCppCodeGeneratorEv(%""class.std::unique_ptr.151""* nonnull sret(%""class.std::unique_ptr.151"") align 8 %30)",/home/jimi/PaperExperiment/CompilerOptimization/Result/flatbuffers/dg/dg-LLVM14-O2-g/high_precision_20260326_164052/log/dda_inv.lines.stderr.log
dda_inv,DDA,ssa+inv,lines,"[pta] UNHANDLED:   %2131 = landingpad { i8*, i32 }",/home/jimi/PaperExperiment/CompilerOptimization/Result/flatbuffers/dg/dg-LLVM14-O2-g/high_precision_20260326_164052/log/dda_inv.lines.stderr.log
dda_inv,DDA,ssa+inv,lines,"[pta] UNHANDLED:   invoke void @_ZNSt12__shared_ptrIN11flatbuffers13CodeGeneratorELN9__gnu_cxx12_Lock_policyE2EEC2IS1_St14default_deleteIS1_EvEEOSt10unique_ptrIT_T0_E(%""class.std::__shared_ptr""* noundef nonnull align 8 dereferenceable(16) %260, %""class.std::unique_ptr.151""* noundef nonnull align 8 dereferenceable(8) %30)",/home/jimi/PaperExperiment/CompilerOptimization/Result/flatbuffers/dg/dg-LLVM14-O2-g/high_precision_20260326_164052/log/dda_inv.lines.stderr.log
dda_inv,DDA,ssa+inv,lines,"[pta] UNHANDLED:   %2115 = landingpad { i8*, i32 }",/home/jimi/PaperExperiment/CompilerOptimization/Result/flatbuffers/dg/dg-LLVM14-O2-g/high_precision_20260326_164052/log/dda_inv.lines.stderr.log
dda_inv,DDA,ssa+inv,lines,"[pta] UNHANDLED:   %262 = invoke noundef zeroext i1 bitcast (i1 (%""class.flatbuffers::FlatCompiler""*, %""struct.flatbuffers::FlatCOption""*, %""class.std::shared_ptr""*)* @_ZN11flatbuffers12FlatCompiler21RegisterCodeGeneratorERKNS_11FlatCOptionESt10shared_ptrINS_13CodeGeneratorEE to i1 (%""class.flatbuffers::FlatCompiler.2328""*, %""struct.flatbuffers::FlatCOption""*, %""class.std::shared_ptr""*)*)(%""class.flatbuffers::FlatCompiler.2328""* noundef nonnull align 8 dereferenceable(64) %24, %""struct.flatbuffers::FlatCOption""* noundef nonnull align 8 dereferenceable(128) %28, %""class.std::shared_ptr""* noundef nonnull %29)",/home/jimi/PaperExperiment/CompilerOptimization/Result/flatbuffers/dg/dg-LLVM14-O2-g/high_precision_20260326_164052/log/dda_inv.lines.stderr.log
dda_inv,DDA,ssa+inv,lines,"[pta] UNHANDLED:   %2117 = landingpad { i8*, i32 }",/home/jimi/PaperExperiment/CompilerOptimization/Result/flatbuffers/dg/dg-LLVM14-O2-g/high_precision_20260326_164052/log/dda_inv.lines.stderr.log
dda_inv,DDA,ssa+inv,lines,"[pta] UNHANDLED:   %2119 = landingpad { i8*, i32 }",/home/jimi/PaperExperiment/CompilerOptimization/Result/flatbuffers/dg/dg-LLVM14-O2-g/high_precision_20260326_164052/log/dda_inv.lines.stderr.log
dda_inv,DDA,ssa+inv,lines,"[pta] UNHANDLED:   %352 = invoke noundef i8* @_ZNSt7__cxx1112basic_stringIcSt11char_traitsIcESaIcEE9_M_createERmm(%""class.std::__cxx11::basic_string""* noundef nonnull align 8 dereferenceable(32) %348, i64* noundef nonnull align 8 dereferenceable(8) %19, i64 noundef 0)",/home/jimi/PaperExperiment/CompilerOptimization/Result/flatbuffers/dg/dg-LLVM14-O2-g/high_precision_20260326_164052/log/dda_inv.lines.stderr.log
dda_inv,DDA,ssa+inv,lines,"[pta] UNHANDLED:   invoke void @_ZN11flatbuffers22NewCSharpCodeGeneratorEv(%""class.std::unique_ptr.151""* nonnull sret(%""class.std::unique_ptr.151"") align 8 %33)",/home/jimi/PaperExperiment/CompilerOptimization/Result/flatbuffers/dg/dg-LLVM14-O2-g/high_precision_20260326_164052/log/dda_inv.lines.stderr.log
dda_inv,DDA,ssa+inv,lines,"[pta] UNHANDLED:   %2165 = landingpad { i8*, i32 }",/home/jimi/PaperExperiment/CompilerOptimization/Result/flatbuffers/dg/dg-LLVM14-O2-g/high_precision_20260326_164052/log/dda_inv.lines.stderr.log
dda_inv,DDA,ssa+inv,lines,"[pta] UNHANDLED:   invoke void @_ZNSt12__shared_ptrIN11flatbuffers13CodeGeneratorELN9__gnu_cxx12_Lock_policyE2EEC2IS1_St14default_deleteIS1_EvEEOSt10unique_ptrIT_T0_E(%""class.std::__shared_ptr""* noundef nonnull align 8 dereferenceable(16) %362, %""class.std::unique_ptr.151""* noundef nonnull align 8 dereferenceable(8) %33)",/home/jimi/PaperExperiment/CompilerOptimization/Result/flatbuffers/dg/dg-LLVM14-O2-g/high_precision_20260326_164052/log/dda_inv.lines.stderr.log
dda_inv,DDA,ssa+inv,lines,"[pta] UNHANDLED:   %2149 = landingpad { i8*, i32 }",/home/jimi/PaperExperiment/CompilerOptimization/Result/flatbuffers/dg/dg-LLVM14-O2-g/high_precision_20260326_164052/log/dda_inv.lines.stderr.log
dda_inv,DDA,ssa+inv,lines,"[pta] UNHANDLED:   %364 = invoke noundef zeroext i1 bitcast (i1 (%""class.flatbuffers::FlatCompiler""*, %""struct.flatbuffers::FlatCOption""*, %""class.std::shared_ptr""*)* @_ZN11flatbuffers12FlatCompiler21RegisterCodeGeneratorERKNS_11FlatCOptionESt10shared_ptrINS_13CodeGeneratorEE to i1 (%""class.flatbuffers::FlatCompiler.2328""*, %""struct.flatbuffers::FlatCOption""*, %""class.std::shared_ptr""*)*)(%""class.flatbuffers::FlatCompiler.2328""* noundef nonnull align 8 dereferenceable(64) %24, %""struct.flatbuffers::FlatCOption""* noundef nonnull align 8 dereferenceable(128) %31, %""class.std::shared_ptr""* noundef nonnull %32)",/home/jimi/PaperExperiment/CompilerOptimization/Result/flatbuffers/dg/dg-LLVM14-O2-g/high_precision_20260326_164052/log/dda_inv.lines.stderr.log
dda_inv,DDA,ssa+inv,lines,"[pta] UNHANDLED:   %2151 = landingpad { i8*, i32 }",/home/jimi/PaperExperiment/CompilerOptimization/Result/flatbuffers/dg/dg-LLVM14-O2-g/high_precision_20260326_164052/log/dda_inv.lines.stderr.log
dda_inv,DDA,ssa+inv,lines,"[pta] UNHANDLED:   %2153 = landingpad { i8*, i32 }",/home/jimi/PaperExperiment/CompilerOptimization/Result/flatbuffers/dg/dg-LLVM14-O2-g/high_precision_20260326_164052/log/dda_inv.lines.stderr.log
dda_inv,DDA,ssa+inv,lines,"[pta] UNHANDLED:   %455 = invoke noundef i8* @_ZNSt7__cxx1112basic_stringIcSt11char_traitsIcESaIcEE9_M_createERmm(%""class.std::__cxx11::basic_string""* noundef nonnull align 8 dereferenceable(32) %451, i64* noundef nonnull align 8 dereferenceable(8) %18, i64 noundef 0)",/home/jimi/PaperExperiment/CompilerOptimization/Result/flatbuffers/dg/dg-LLVM14-O2-g/high_precision_20260326_164052/log/dda_inv.lines.stderr.log
dda_inv,DDA,ssa+inv,lines,"[pta] UNHANDLED:   invoke void @_ZN11flatbuffers20NewDartCodeGeneratorEv(%""class.std::unique_ptr.151""* nonnull sret(%""class.std::unique_ptr.151"") align 8 %36)",/home/jimi/PaperExperiment/CompilerOptimization/Result/flatbuffers/dg/dg-LLVM14-O2-g/high_precision_20260326_164052/log/dda_inv.lines.stderr.log
dda_inv,DDA,ssa+inv,lines,"[pta] UNHANDLED:   %2199 = landingpad { i8*, i32 }",/home/jimi/PaperExperiment/CompilerOptimization/Result/flatbuffers/dg/dg-LLVM14-O2-g/high_precision_20260326_164052/log/dda_inv.lines.stderr.log
dda_inv,DDA,ssa+inv,lines,"[pta] UNHANDLED:   invoke void @_ZNSt12__shared_ptrIN11flatbuffers13CodeGeneratorELN9__gnu_cxx12_Lock_policyE2EEC2IS1_St14default_deleteIS1_EvEEOSt10unique_ptrIT_T0_E(%""class.std::__shared_ptr""* noundef nonnull align 8 dereferenceable(16) %465, %""class.std::unique_ptr.151""* noundef nonnull align 8 dereferenceable(8) %36)",/home/jimi/PaperExperiment/CompilerOptimization/Result/flatbuffers/dg/dg-LLVM14-O2-g/high_precision_20260326_164052/log/dda_inv.lines.stderr.log
dda_inv,DDA,ssa+inv,lines,"[pta] UNHANDLED:   %2183 = landingpad { i8*, i32 }",/home/jimi/PaperExperiment/CompilerOptimization/Result/flatbuffers/dg/dg-LLVM14-O2-g/high_precision_20260326_164052/log/dda_inv.lines.stderr.log
dda_inv,DDA,ssa+inv,lines,"[pta] UNHANDLED:   %467 = invoke noundef zeroext i1 bitcast (i1 (%""class.flatbuffers::FlatCompiler""*, %""struct.flatbuffers::FlatCOption""*, %""class.std::shared_ptr""*)* @_ZN11flatbuffers12FlatCompiler21RegisterCodeGeneratorERKNS_11FlatCOptionESt10shared_ptrINS_13CodeGeneratorEE to i1 (%""class.flatbuffers::FlatCompiler.2328""*, %""struct.flatbuffers::FlatCOption""*, %""class.std::shared_ptr""*)*)(%""class.flatbuffers::FlatCompiler.2328""* noundef nonnull align 8 dereferenceable(64) %24, %""struct.flatbuffers::FlatCOption""* noundef nonnull align 8 dereferenceable(128) %34, %""class.std::shared_ptr""* noundef nonnull %35)",/home/jimi/PaperExperiment/CompilerOptimization/Result/flatbuffers/dg/dg-LLVM14-O2-g/high_precision_20260326_164052/log/dda_inv.lines.stderr.log
dda_inv,DDA,ssa+inv,lines,"[pta] UNHANDLED:   %2185 = landingpad { i8*, i32 }",/home/jimi/PaperExperiment/CompilerOptimization/Result/flatbuffers/dg/dg-LLVM14-O2-g/high_precision_20260326_164052/log/dda_inv.lines.stderr.log
dda_inv,DDA,ssa+inv,lines,"[pta] UNHANDLED:   %2187 = landingpad { i8*, i32 }",/home/jimi/PaperExperiment/CompilerOptimization/Result/flatbuffers/dg/dg-LLVM14-O2-g/high_precision_20260326_164052/log/dda_inv.lines.stderr.log
dda_inv,DDA,ssa+inv,lines,"[pta] UNHANDLED:   %556 = invoke noundef i8* @_ZNSt7__cxx1112basic_stringIcSt11char_traitsIcESaIcEE9_M_createERmm(%""class.std::__cxx11::basic_string""* noundef nonnull align 8 dereferenceable(32) %552, i64* noundef nonnull align 8 dereferenceable(8) %17, i64 noundef 0)",/home/jimi/PaperExperiment/CompilerOptimization/Result/flatbuffers/dg/dg-LLVM14-O2-g/high_precision_20260326_164052/log/dda_inv.lines.stderr.log
dda_inv,DDA,ssa+inv,lines,"[pta] UNHANDLED:   invoke void @_ZN11flatbuffers19NewFBSCodeGeneratorEb(%""class.std::unique_ptr.151""* nonnull sret(%""class.std::unique_ptr.151"") align 8 %39, i1 noundef zeroext false)",/home/jimi/PaperExperiment/CompilerOptimization/Result/flatbuffers/dg/dg-LLVM14-O2-g/high_precision_20260326_164052/log/dda_inv.lines.stderr.log
dda_inv,DDA,ssa+inv,lines,"[pta] UNHANDLED:   %2233 = landingpad { i8*, i32 }",/home/jimi/PaperExperiment/CompilerOptimization/Result/flatbuffers/dg/dg-LLVM14-O2-g/high_precision_20260326_164052/log/dda_inv.lines.stderr.log
dda_inv,DDA,ssa+inv,lines,"[pta] UNHANDLED:   invoke void @_ZNSt12__shared_ptrIN11flatbuffers13CodeGeneratorELN9__gnu_cxx12_Lock_policyE2EEC2IS1_St14default_deleteIS1_EvEEOSt10unique_ptrIT_T0_E(%""class.std::__shared_ptr""* noundef nonnull align 8 dereferenceable(16) %566, %""class.std::unique_ptr.151""* noundef nonnull align 8 dereferenceable(8) %39)",/home/jimi/PaperExperiment/CompilerOptimization/Result/flatbuffers/dg/dg-LLVM14-O2-g/high_precision_20260326_164052/log/dda_inv.lines.stderr.log
dda_inv,DDA,ssa+inv,lines,"[pta] UNHANDLED:   %2217 = landingpad { i8*, i32 }",/home/jimi/PaperExperiment/CompilerOptimization/Result/flatbuffers/dg/dg-LLVM14-O2-g/high_precision_20260326_164052/log/dda_inv.lines.stderr.log
dda_inv,DDA,ssa+inv,lines,"[pta] UNHANDLED:   %568 = invoke noundef zeroext i1 bitcast (i1 (%""class.flatbuffers::FlatCompiler""*, %""struct.flatbuffers::FlatCOption""*, %""class.std::shared_ptr""*)* @_ZN11flatbuffers12FlatCompiler21RegisterCodeGeneratorERKNS_11FlatCOptionESt10shared_ptrINS_13CodeGeneratorEE to i1 (%""class.flatbuffers::FlatCompiler.2328""*, %""struct.flatbuffers::FlatCOption""*, %""class.std::shared_ptr""*)*)(%""class.flatbuffers::FlatCompiler.2328""* noundef nonnull align 8 dereferenceable(64) %24, %""struct.flatbuffers::FlatCOption""* noundef nonnull align 8 dereferenceable(128) %37, %""class.std::shared_ptr""* noundef nonnull %38)",/home/jimi/PaperExperiment/CompilerOptimization/Result/flatbuffers/dg/dg-LLVM14-O2-g/high_precision_20260326_164052/log/dda_inv.lines.stderr.log
dda_inv,DDA,ssa+inv,lines,"[pta] UNHANDLED:   %2219 = landingpad { i8*, i32 }",/home/jimi/PaperExperiment/CompilerOptimization/Result/flatbuffers/dg/dg-LLVM14-O2-g/high_precision_20260326_164052/log/dda_inv.lines.stderr.log
dda_inv,DDA,ssa+inv,lines,"[pta] UNHANDLED:   %2221 = landingpad { i8*, i32 }",/home/jimi/PaperExperiment/CompilerOptimization/Result/flatbuffers/dg/dg-LLVM14-O2-g/high_precision_20260326_164052/log/dda_inv.lines.stderr.log
dda_inv,DDA,ssa+inv,lines,"[pta] UNHANDLED:   %659 = invoke noundef i8* @_ZNSt7__cxx1112basic_stringIcSt11char_traitsIcESaIcEE9_M_createERmm(%""class.std::__cxx11::basic_string""* noundef nonnull align 8 dereferenceable(32) %655, i64* noundef nonnull align 8 dereferenceable(8) %16, i64 noundef 0)",/home/jimi/PaperExperiment/CompilerOptimization/Result/flatbuffers/dg/dg-LLVM14-O2-g/high_precision_20260326_164052/log/dda_inv.lines.stderr.log
dda_inv,DDA,ssa+inv,lines,"[pta] UNHANDLED:   invoke void @_ZN11flatbuffers18NewGoCodeGeneratorEv(%""class.std::unique_ptr.151""* nonnull sret(%""class.std::unique_ptr.151"") align 8 %42)",/home/jimi/PaperExperiment/CompilerOptimization/Result/flatbuffers/dg/dg-LLVM14-O2-g/high_precision_20260326_164052/log/dda_inv.lines.stderr.log
dda_inv,DDA,ssa+inv,lines,"[pta] UNHANDLED:   %2267 = landingpad { i8*, i32 }",/home/jimi/PaperExperiment/CompilerOptimization/Result/flatbuffers/dg/dg-LLVM14-O2-g/high_precision_20260326_164052/log/dda_inv.lines.stderr.log
dda_inv,DDA,ssa+inv,lines,"[pta] UNHANDLED:   invoke void @_ZNSt12__shared_ptrIN11flatbuffers13CodeGeneratorELN9__gnu_cxx12_Lock_policyE2EEC2IS1_St14default_deleteIS1_EvEEOSt10unique_ptrIT_T0_E(%""class.std::__shared_ptr""* noundef nonnull align 8 dereferenceable(16) %669, %""class.std::unique_ptr.151""* noundef nonnull align 8 dereferenceable(8) %42)",/home/jimi/PaperExperiment/CompilerOptimization/Result/flatbuffers/dg/dg-LLVM14-O2-g/high_precision_20260326_164052/log/dda_inv.lines.stderr.log
dda_inv,DDA,ssa+inv,lines,"[pta] UNHANDLED:   %2251 = landingpad { i8*, i32 }",/home/jimi/PaperExperiment/CompilerOptimization/Result/flatbuffers/dg/dg-LLVM14-O2-g/high_precision_20260326_164052/log/dda_inv.lines.stderr.log
dda_inv,DDA,ssa+inv,lines,"[pta] UNHANDLED:   %671 = invoke noundef zeroext i1 bitcast (i1 (%""class.flatbuffers::FlatCompiler""*, %""struct.flatbuffers::FlatCOption""*, %""class.std::shared_ptr""*)* @_ZN11flatbuffers12FlatCompiler21RegisterCodeGeneratorERKNS_11FlatCOptionESt10shared_ptrINS_13CodeGeneratorEE to i1 (%""class.flatbuffers::FlatCompiler.2328""*, %""struct.flatbuffers::FlatCOption""*, %""class.std::shared_ptr""*)*)(%""class.flatbuffers::FlatCompiler.2328""* noundef nonnull align 8 dereferenceable(64) %24, %""struct.flatbuffers::FlatCOption""* noundef nonnull align 8 dereferenceable(128) %40, %""class.std::shared_ptr""* noundef nonnull %41)",/home/jimi/PaperExperiment/CompilerOptimization/Result/flatbuffers/dg/dg-LLVM14-O2-g/high_precision_20260326_164052/log/dda_inv.lines.stderr.log
dda_inv,DDA,ssa+inv,lines,"[pta] UNHANDLED:   %2253 = landingpad { i8*, i32 }",/home/jimi/PaperExperiment/CompilerOptimization/Result/flatbuffers/dg/dg-LLVM14-O2-g/high_precision_20260326_164052/log/dda_inv.lines.stderr.log
dda_inv,DDA,ssa+inv,lines,"[pta] UNHANDLED:   %2255 = landingpad { i8*, i32 }",/home/jimi/PaperExperiment/CompilerOptimization/Result/flatbuffers/dg/dg-LLVM14-O2-g/high_precision_20260326_164052/log/dda_inv.lines.stderr.log
dda_inv,DDA,ssa+inv,lines,"[pta] UNHANDLED:   %762 = invoke noundef i8* @_ZNSt7__cxx1112basic_stringIcSt11char_traitsIcESaIcEE9_M_createERmm(%""class.std::__cxx11::basic_string""* noundef nonnull align 8 dereferenceable(32) %758, i64* noundef nonnull align 8 dereferenceable(8) %15, i64 noundef 0)",/home/jimi/PaperExperiment/CompilerOptimization/Result/flatbuffers/dg/dg-LLVM14-O2-g/high_precision_20260326_164052/log/dda_inv.lines.stderr.log
dda_inv,DDA,ssa+inv,lines,"[pta] UNHANDLED:   invoke void @_ZN11flatbuffers20NewJavaCodeGeneratorEv(%""class.std::unique_ptr.151""* nonnull sret(%""class.std::unique_ptr.151"") align 8 %45)",/home/jimi/PaperExperiment/CompilerOptimization/Result/flatbuffers/dg/dg-LLVM14-O2-g/high_precision_20260326_164052/log/dda_inv.lines.stderr.log
dda_inv,DDA,ssa+inv,lines,"[pta] UNHANDLED:   %2301 = landingpad { i8*, i32 }",/home/jimi/PaperExperiment/CompilerOptimization/Result/flatbuffers/dg/dg-LLVM14-O2-g/high_precision_20260326_164052/log/dda_inv.lines.stderr.log
dda_inv,DDA,ssa+inv,lines,"[pta] UNHANDLED:   invoke void @_ZNSt12__shared_ptrIN11flatbuffers13CodeGeneratorELN9__gnu_cxx12_Lock_policyE2EEC2IS1_St14default_deleteIS1_EvEEOSt10unique_ptrIT_T0_E(%""class.std::__shared_ptr""* noundef nonnull align 8 dereferenceable(16) %772, %""class.std::unique_ptr.151""* noundef nonnull align 8 dereferenceable(8) %45)",/home/jimi/PaperExperiment/CompilerOptimization/Result/flatbuffers/dg/dg-LLVM14-O2-g/high_precision_20260326_164052/log/dda_inv.lines.stderr.log
dda_inv,DDA,ssa+inv,lines,"[pta] UNHANDLED:   %2285 = landingpad { i8*, i32 }",/home/jimi/PaperExperiment/CompilerOptimization/Result/flatbuffers/dg/dg-LLVM14-O2-g/high_precision_20260326_164052/log/dda_inv.lines.stderr.log
dda_inv,DDA,ssa+inv,lines,"[pta] UNHANDLED:   %774 = invoke noundef zeroext i1 bitcast (i1 (%""class.flatbuffers::FlatCompiler""*, %""struct.flatbuffers::FlatCOption""*, %""class.std::shared_ptr""*)* @_ZN11flatbuffers12FlatCompiler21RegisterCodeGeneratorERKNS_11FlatCOptionESt10shared_ptrINS_13CodeGeneratorEE to i1 (%""class.flatbuffers::FlatCompiler.2328""*, %""struct.flatbuffers::FlatCOption""*, %""class.std::shared_ptr""*)*)(%""class.flatbuffers::FlatCompiler.2328""* noundef nonnull align 8 dereferenceable(64) %24, %""struct.flatbuffers::FlatCOption""* noundef nonnull align 8 dereferenceable(128) %43, %""class.std::shared_ptr""* noundef nonnull %44)",/home/jimi/PaperExperiment/CompilerOptimization/Result/flatbuffers/dg/dg-LLVM14-O2-g/high_precision_20260326_164052/log/dda_inv.lines.stderr.log
dda_inv,DDA,ssa+inv,lines,"[pta] UNHANDLED:   %2287 = landingpad { i8*, i32 }",/home/jimi/PaperExperiment/CompilerOptimization/Result/flatbuffers/dg/dg-LLVM14-O2-g/high_precision_20260326_164052/log/dda_inv.lines.stderr.log
dda_inv,DDA,ssa+inv,lines,"[pta] UNHANDLED:   %2289 = landingpad { i8*, i32 }",/home/jimi/PaperExperiment/CompilerOptimization/Result/flatbuffers/dg/dg-LLVM14-O2-g/high_precision_20260326_164052/log/dda_inv.lines.stderr.log
dda_inv,DDA,ssa+inv,lines,"[pta] UNHANDLED:   %863 = invoke noundef i8* @_ZNSt7__cxx1112basic_stringIcSt11char_traitsIcESaIcEE9_M_createERmm(%""class.std::__cxx11::basic_string""* noundef nonnull align 8 dereferenceable(32) %859, i64* noundef nonnull align 8 dereferenceable(8) %14, i64 noundef 0)",/home/jimi/PaperExperiment/CompilerOptimization/Result/flatbuffers/dg/dg-LLVM14-O2-g/high_precision_20260326_164052/log/dda_inv.lines.stderr.log
dda_inv,DDA,ssa+inv,lines,"[pta] UNHANDLED:   invoke void @_ZN11flatbuffers26NewJsonSchemaCodeGeneratorEv(%""class.std::unique_ptr.151""* nonnull sret(%""class.std::unique_ptr.151"") align 8 %48)",/home/jimi/PaperExperiment/CompilerOptimization/Result/flatbuffers/dg/dg-LLVM14-O2-g/high_precision_20260326_164052/log/dda_inv.lines.stderr.log
dda_inv,DDA,ssa+inv,lines,"[pta] UNHANDLED:   %2335 = landingpad { i8*, i32 }",/home/jimi/PaperExperiment/CompilerOptimization/Result/flatbuffers/dg/dg-LLVM14-O2-g/high_precision_20260326_164052/log/dda_inv.lines.stderr.log
dda_inv,DDA,ssa+inv,lines,"[pta] UNHANDLED:   invoke void @_ZNSt12__shared_ptrIN11flatbuffers13CodeGeneratorELN9__gnu_cxx12_Lock_policyE2EEC2IS1_St14default_deleteIS1_EvEEOSt10unique_ptrIT_T0_E(%""class.std::__shared_ptr""* noundef nonnull align 8 dereferenceable(16) %873, %""class.std::unique_ptr.151""* noundef nonnull align 8 dereferenceable(8) %48)",/home/jimi/PaperExperiment/CompilerOptimization/Result/flatbuffers/dg/dg-LLVM14-O2-g/high_precision_20260326_164052/log/dda_inv.lines.stderr.log
dda_inv,DDA,ssa+inv,lines,"[pta] UNHANDLED:   %2319 = landingpad { i8*, i32 }",/home/jimi/PaperExperiment/CompilerOptimization/Result/flatbuffers/dg/dg-LLVM14-O2-g/high_precision_20260326_164052/log/dda_inv.lines.stderr.log
dda_inv,DDA,ssa+inv,lines,"[pta] UNHANDLED:   %875 = invoke noundef zeroext i1 bitcast (i1 (%""class.flatbuffers::FlatCompiler""*, %""struct.flatbuffers::FlatCOption""*, %""class.std::shared_ptr""*)* @_ZN11flatbuffers12FlatCompiler21RegisterCodeGeneratorERKNS_11FlatCOptionESt10shared_ptrINS_13CodeGeneratorEE to i1 (%""class.flatbuffers::FlatCompiler.2328""*, %""struct.flatbuffers::FlatCOption""*, %""class.std::shared_ptr""*)*)(%""class.flatbuffers::FlatCompiler.2328""* noundef nonnull align 8 dereferenceable(64) %24, %""struct.flatbuffers::FlatCOption""* noundef nonnull align 8 dereferenceable(128) %46, %""class.std::shared_ptr""* noundef nonnull %47)",/home/jimi/PaperExperiment/CompilerOptimization/Result/flatbuffers/dg/dg-LLVM14-O2-g/high_precision_20260326_164052/log/dda_inv.lines.stderr.log
dda_inv,DDA,ssa+inv,lines,"[pta] UNHANDLED:   %2321 = landingpad { i8*, i32 }",/home/jimi/PaperExperiment/CompilerOptimization/Result/flatbuffers/dg/dg-LLVM14-O2-g/high_precision_20260326_164052/log/dda_inv.lines.stderr.log
dda_inv,DDA,ssa+inv,lines,"[pta] UNHANDLED:   %2323 = landingpad { i8*, i32 }",/home/jimi/PaperExperiment/CompilerOptimization/Result/flatbuffers/dg/dg-LLVM14-O2-g/high_precision_20260326_164052/log/dda_inv.lines.stderr.log
dda_inv,DDA,ssa+inv,lines,"[pta] UNHANDLED:   %964 = invoke noundef i8* @_ZNSt7__cxx1112basic_stringIcSt11char_traitsIcESaIcEE9_M_createERmm(%""class.std::__cxx11::basic_string""* noundef nonnull align 8 dereferenceable(32) %960, i64* noundef nonnull align 8 dereferenceable(8) %13, i64 noundef 0)",/home/jimi/PaperExperiment/CompilerOptimization/Result/flatbuffers/dg/dg-LLVM14-O2-g/high_precision_20260326_164052/log/dda_inv.lines.stderr.log
dda_inv,DDA,ssa+inv,lines,"[pta] UNHANDLED:   invoke void @_ZN11flatbuffers22NewKotlinCodeGeneratorEv(%""class.std::unique_ptr.151""* nonnull sret(%""class.std::unique_ptr.151"") align 8 %51)",/home/jimi/PaperExperiment/CompilerOptimization/Result/flatbuffers/dg/dg-LLVM14-O2-g/high_precision_20260326_164052/log/dda_inv.lines.stderr.log
dda_inv,DDA,ssa+inv,lines,"[pta] UNHANDLED:   %2369 = landingpad { i8*, i32 }",/home/jimi/PaperExperiment/CompilerOptimization/Result/flatbuffers/dg/dg-LLVM14-O2-g/high_precision_20260326_164052/log/dda_inv.lines.stderr.log
dda_inv,DDA,ssa+inv,lines,"[pta] UNHANDLED:   invoke void @_ZNSt12__shared_ptrIN11flatbuffers13CodeGeneratorELN9__gnu_cxx12_Lock_policyE2EEC2IS1_St14default_deleteIS1_EvEEOSt10unique_ptrIT_T0_E(%""class.std::__shared_ptr""* noundef nonnull align 8 dereferenceable(16) %974, %""class.std::unique_ptr.151""* noundef nonnull align 8 dereferenceable(8) %51)",/home/jimi/PaperExperiment/CompilerOptimization/Result/flatbuffers/dg/dg-LLVM14-O2-g/high_precision_20260326_164052/log/dda_inv.lines.stderr.log
dda_inv,DDA,ssa+inv,lines,"[pta] UNHANDLED:   %2353 = landingpad { i8*, i32 }",/home/jimi/PaperExperiment/CompilerOptimization/Result/flatbuffers/dg/dg-LLVM14-O2-g/high_precision_20260326_164052/log/dda_inv.lines.stderr.log
dda_inv,DDA,ssa+inv,lines,"[pta] UNHANDLED:   %976 = invoke noundef zeroext i1 bitcast (i1 (%""class.flatbuffers::FlatCompiler""*, %""struct.flatbuffers::FlatCOption""*, %""class.std::shared_ptr""*)* @_ZN11flatbuffers12FlatCompiler21RegisterCodeGeneratorERKNS_11FlatCOptionESt10shared_ptrINS_13CodeGeneratorEE to i1 (%""class.flatbuffers::FlatCompiler.2328""*, %""struct.flatbuffers::FlatCOption""*, %""class.std::shared_ptr""*)*)(%""class.flatbuffers::FlatCompiler.2328""* noundef nonnull align 8 dereferenceable(64) %24, %""struct.flatbuffers::FlatCOption""* noundef nonnull align 8 dereferenceable(128) %49, %""class.std::shared_ptr""* noundef nonnull %50)",/home/jimi/PaperExperiment/CompilerOptimization/Result/flatbuffers/dg/dg-LLVM14-O2-g/high_precision_20260326_164052/log/dda_inv.lines.stderr.log
dda_inv,DDA,ssa+inv,lines,"[pta] UNHANDLED:   %2355 = landingpad { i8*, i32 }",/home/jimi/PaperExperiment/CompilerOptimization/Result/flatbuffers/dg/dg-LLVM14-O2-g/high_precision_20260326_164052/log/dda_inv.lines.stderr.log
dda_inv,DDA,ssa+inv,lines,"[pta] UNHANDLED:   %2357 = landingpad { i8*, i32 }",/home/jimi/PaperExperiment/CompilerOptimization/Result/flatbuffers/dg/dg-LLVM14-O2-g/high_precision_20260326_164052/log/dda_inv.lines.stderr.log
dda_inv,DDA,ssa+inv,lines,"[pta] UNHANDLED:   %1065 = invoke noundef i8* @_ZNSt7__cxx1112basic_stringIcSt11char_traitsIcESaIcEE9_M_createERmm(%""class.std::__cxx11::basic_string""* noundef nonnull align 8 dereferenceable(32) %1061, i64* noundef nonnull align 8 dereferenceable(8) %12, i64 noundef 0)",/home/jimi/PaperExperiment/CompilerOptimization/Result/flatbuffers/dg/dg-LLVM14-O2-g/high_precision_20260326_164052/log/dda_inv.lines.stderr.log
dda_inv,DDA,ssa+inv,lines,"[pta] UNHANDLED:   invoke void @_ZN11flatbuffers25NewKotlinKMPCodeGeneratorEv(%""class.std::unique_ptr.151""* nonnull sret(%""class.std::unique_ptr.151"") align 8 %54)",/home/jimi/PaperExperiment/CompilerOptimization/Result/flatbuffers/dg/dg-LLVM14-O2-g/high_precision_20260326_164052/log/dda_inv.lines.stderr.log
dda_inv,DDA,ssa+inv,lines,"[pta] UNHANDLED:   %2403 = landingpad { i8*, i32 }",/home/jimi/PaperExperiment/CompilerOptimization/Result/flatbuffers/dg/dg-LLVM14-O2-g/high_precision_20260326_164052/log/dda_inv.lines.stderr.log
dda_inv,DDA,ssa+inv,lines,"[pta] UNHANDLED:   invoke void @_ZNSt12__shared_ptrIN11flatbuffers13CodeGeneratorELN9__gnu_cxx12_Lock_policyE2EEC2IS1_St14default_deleteIS1_EvEEOSt10unique_ptrIT_T0_E(%""class.std::__shared_ptr""* noundef nonnull align 8 dereferenceable(16) %1075, %""class.std::unique_ptr.151""* noundef nonnull align 8 dereferenceable(8) %54)",/home/jimi/PaperExperiment/CompilerOptimization/Result/flatbuffers/dg/dg-LLVM14-O2-g/high_precision_20260326_164052/log/dda_inv.lines.stderr.log
dda_inv,DDA,ssa+inv,lines,"[pta] UNHANDLED:   %2387 = landingpad { i8*, i32 }",/home/jimi/PaperExperiment/CompilerOptimization/Result/flatbuffers/dg/dg-LLVM14-O2-g/high_precision_20260326_164052/log/dda_inv.lines.stderr.log
dda_inv,DDA,ssa+inv,lines,"[pta] UNHANDLED:   %1077 = invoke noundef zeroext i1 bitcast (i1 (%""class.flatbuffers::FlatCompiler""*, %""struct.flatbuffers::FlatCOption""*, %""class.std::shared_ptr""*)* @_ZN11flatbuffers12FlatCompiler21RegisterCodeGeneratorERKNS_11FlatCOptionESt10shared_ptrINS_13CodeGeneratorEE to i1 (%""class.flatbuffers::FlatCompiler.2328""*, %""struct.flatbuffers::FlatCOption""*, %""class.std::shared_ptr""*)*)(%""class.flatbuffers::FlatCompiler.2328""* noundef nonnull align 8 dereferenceable(64) %24, %""struct.flatbuffers::FlatCOption""* noundef nonnull align 8 dereferenceable(128) %52, %""class.std::shared_ptr""* noundef nonnull %53)",/home/jimi/PaperExperiment/CompilerOptimization/Result/flatbuffers/dg/dg-LLVM14-O2-g/high_precision_20260326_164052/log/dda_inv.lines.stderr.log
dda_inv,DDA,ssa+inv,lines,"[pta] UNHANDLED:   %2389 = landingpad { i8*, i32 }",/home/jimi/PaperExperiment/CompilerOptimization/Result/flatbuffers/dg/dg-LLVM14-O2-g/high_precision_20260326_164052/log/dda_inv.lines.stderr.log
dda_inv,DDA,ssa+inv,lines,"[pta] UNHANDLED:   %2391 = landingpad { i8*, i32 }",/home/jimi/PaperExperiment/CompilerOptimization/Result/flatbuffers/dg/dg-LLVM14-O2-g/high_precision_20260326_164052/log/dda_inv.lines.stderr.log
dda_inv,DDA,ssa+inv,lines,"[pta] UNHANDLED:   %1166 = invoke noundef i8* @_ZNSt7__cxx1112basic_stringIcSt11char_traitsIcESaIcEE9_M_createERmm(%""class.std::__cxx11::basic_string""* noundef nonnull align 8 dereferenceable(32) %1162, i64* noundef nonnull align 8 dereferenceable(8) %11, i64 noundef 0)",/home/jimi/PaperExperiment/CompilerOptimization/Result/flatbuffers/dg/dg-LLVM14-O2-g/high_precision_20260326_164052/log/dda_inv.lines.stderr.log
dda_inv,DDA,ssa+inv,lines,"[pta] UNHANDLED:   invoke void @_ZN11flatbuffers23NewLobsterCodeGeneratorEv(%""class.std::unique_ptr.151""* nonnull sret(%""class.std::unique_ptr.151"") align 8 %57)",/home/jimi/PaperExperiment/CompilerOptimization/Result/flatbuffers/dg/dg-LLVM14-O2-g/high_precision_20260326_164052/log/dda_inv.lines.stderr.log
dda_inv,DDA,ssa+inv,lines,"[pta] UNHANDLED:   %2437 = landingpad { i8*, i32 }",/home/jimi/PaperExperiment/CompilerOptimization/Result/flatbuffers/dg/dg-LLVM14-O2-g/high_precision_20260326_164052/log/dda_inv.lines.stderr.log
dda_inv,DDA,ssa+inv,lines,"[pta] UNHANDLED:   invoke void @_ZNSt12__shared_ptrIN11flatbuffers13CodeGeneratorELN9__gnu_cxx12_Lock_policyE2EEC2IS1_St14default_deleteIS1_EvEEOSt10unique_ptrIT_T0_E(%""class.std::__shared_ptr""* noundef nonnull align 8 dereferenceable(16) %1176, %""class.std::unique_ptr.151""* noundef nonnull align 8 dereferenceable(8) %57)",/home/jimi/PaperExperiment/CompilerOptimization/Result/flatbuffers/dg/dg-LLVM14-O2-g/high_precision_20260326_164052/log/dda_inv.lines.stderr.log
dda_inv,DDA,ssa+inv,lines,"[pta] UNHANDLED:   %2421 = landingpad { i8*, i32 }",/home/jimi/PaperExperiment/CompilerOptimization/Result/flatbuffers/dg/dg-LLVM14-O2-g/high_precision_20260326_164052/log/dda_inv.lines.stderr.log
dda_inv,DDA,ssa+inv,lines,"[pta] UNHANDLED:   %1178 = invoke noundef zeroext i1 bitcast (i1 (%""class.flatbuffers::FlatCompiler""*, %""struct.flatbuffers::FlatCOption""*, %""class.std::shared_ptr""*)* @_ZN11flatbuffers12FlatCompiler21RegisterCodeGeneratorERKNS_11FlatCOptionESt10shared_ptrINS_13CodeGeneratorEE to i1 (%""class.flatbuffers::FlatCompiler.2328""*, %""struct.flatbuffers::FlatCOption""*, %""class.std::shared_ptr""*)*)(%""class.flatbuffers::FlatCompiler.2328""* noundef nonnull align 8 dereferenceable(64) %24, %""struct.flatbuffers::FlatCOption""* noundef nonnull align 8 dereferenceable(128) %55, %""class.std::shared_ptr""* noundef nonnull %56)",/home/jimi/PaperExperiment/CompilerOptimization/Result/flatbuffers/dg/dg-LLVM14-O2-g/high_precision_20260326_164052/log/dda_inv.lines.stderr.log
dda_inv,DDA,ssa+inv,lines,"[pta] UNHANDLED:   %2423 = landingpad { i8*, i32 }",/home/jimi/PaperExperiment/CompilerOptimization/Result/flatbuffers/dg/dg-LLVM14-O2-g/high_precision_20260326_164052/log/dda_inv.lines.stderr.log
dda_inv,DDA,ssa+inv,lines,"[pta] UNHANDLED:   %2425 = landingpad { i8*, i32 }",/home/jimi/PaperExperiment/CompilerOptimization/Result/flatbuffers/dg/dg-LLVM14-O2-g/high_precision_20260326_164052/log/dda_inv.lines.stderr.log
dda_inv,DDA,ssa+inv,lines,"[pta] UNHANDLED:   %1268 = invoke noundef i8* @_ZNSt7__cxx1112basic_stringIcSt11char_traitsIcESaIcEE9_M_createERmm(%""class.std::__cxx11::basic_string""* noundef nonnull align 8 dereferenceable(32) %1264, i64* noundef nonnull align 8 dereferenceable(8) %10, i64 noundef 0)",/home/jimi/PaperExperiment/CompilerOptimization/Result/flatbuffers/dg/dg-LLVM14-O2-g/high_precision_20260326_164052/log/dda_inv.lines.stderr.log
dda_inv,DDA,ssa+inv,lines,"[pta] UNHANDLED:   invoke void @_ZN11flatbuffers19NewLuaBfbsGeneratorERKNSt7__cxx1112basic_stringIcSt11char_traitsIcESaIcEEE(%""class.std::unique_ptr.151""* nonnull sret(%""class.std::unique_ptr.151"") align 8 %60, %""class.std::__cxx11::basic_string""* noundef nonnull align 8 dereferenceable(32) %23)",/home/jimi/PaperExperiment/CompilerOptimization/Result/flatbuffers/dg/dg-LLVM14-O2-g/high_precision_20260326_164052/log/dda_inv.lines.stderr.log
dda_inv,DDA,ssa+inv,lines,"[pta] UNHANDLED:   %2471 = landingpad { i8*, i32 }",/home/jimi/PaperExperiment/CompilerOptimization/Result/flatbuffers/dg/dg-LLVM14-O2-g/high_precision_20260326_164052/log/dda_inv.lines.stderr.log
dda_inv,DDA,ssa+inv,lines,"[pta] UNHANDLED:   invoke void @_ZNSt12__shared_ptrIN11flatbuffers13CodeGeneratorELN9__gnu_cxx12_Lock_policyE2EEC2IS1_St14default_deleteIS1_EvEEOSt10unique_ptrIT_T0_E(%""class.std::__shared_ptr""* noundef nonnull align 8 dereferenceable(16) %1278, %""class.std::unique_ptr.151""* noundef nonnull align 8 dereferenceable(8) %60)",/home/jimi/PaperExperiment/CompilerOptimization/Result/flatbuffers/dg/dg-LLVM14-O2-g/high_precision_20260326_164052/log/dda_inv.lines.stderr.log
dda_inv,DDA,ssa+inv,lines,"[pta] UNHANDLED:   %2455 = landingpad { i8*, i32 }",/home/jimi/PaperExperiment/CompilerOptimization/Result/flatbuffers/dg/dg-LLVM14-O2-g/high_precision_20260326_164052/log/dda_inv.lines.stderr.log
dda_inv,DDA,ssa+inv,lines,"[pta] UNHANDLED:   %1280 = invoke noundef zeroext i1 bitcast (i1 (%""class.flatbuffers::FlatCompiler""*, %""struct.flatbuffers::FlatCOption""*, %""class.std::shared_ptr""*)* @_ZN11flatbuffers12FlatCompiler21RegisterCodeGeneratorERKNS_11FlatCOptionESt10shared_ptrINS_13CodeGeneratorEE to i1 (%""class.flatbuffers::FlatCompiler.2328""*, %""struct.flatbuffers::FlatCOption""*, %""class.std::shared_ptr""*)*)(%""class.flatbuffers::FlatCompiler.2328""* noundef nonnull align 8 dereferenceable(64) %24, %""struct.flatbuffers::FlatCOption""* noundef nonnull align 8 dereferenceable(128) %58, %""class.std::shared_ptr""* noundef nonnull %59)",/home/jimi/PaperExperiment/CompilerOptimization/Result/flatbuffers/dg/dg-LLVM14-O2-g/high_precision_20260326_164052/log/dda_inv.lines.stderr.log
dda_inv,DDA,ssa+inv,lines,"[pta] UNHANDLED:   %2457 = landingpad { i8*, i32 }",/home/jimi/PaperExperiment/CompilerOptimization/Result/flatbuffers/dg/dg-LLVM14-O2-g/high_precision_20260326_164052/log/dda_inv.lines.stderr.log
dda_inv,DDA,ssa+inv,lines,"[pta] UNHANDLED:   %2459 = landingpad { i8*, i32 }",/home/jimi/PaperExperiment/CompilerOptimization/Result/flatbuffers/dg/dg-LLVM14-O2-g/high_precision_20260326_164052/log/dda_inv.lines.stderr.log
dda_inv,DDA,ssa+inv,lines,"[pta] UNHANDLED:   %1369 = invoke noundef i8* @_ZNSt7__cxx1112basic_stringIcSt11char_traitsIcESaIcEE9_M_createERmm(%""class.std::__cxx11::basic_string""* noundef nonnull align 8 dereferenceable(32) %1365, i64* noundef nonnull align 8 dereferenceable(8) %9, i64 noundef 0)",/home/jimi/PaperExperiment/CompilerOptimization/Result/flatbuffers/dg/dg-LLVM14-O2-g/high_precision_20260326_164052/log/dda_inv.lines.stderr.log
dda_inv,DDA,ssa+inv,lines,"[pta] UNHANDLED:   invoke void @_ZN11flatbuffers19NewNimBfbsGeneratorERKNSt7__cxx1112basic_stringIcSt11char_traitsIcESaIcEEE(%""class.std::unique_ptr.151""* nonnull sret(%""class.std::unique_ptr.151"") align 8 %63, %""class.std::__cxx11::basic_string""* noundef nonnull align 8 dereferenceable(32) %23)",/home/jimi/PaperExperiment/CompilerOptimization/Result/flatbuffers/dg/dg-LLVM14-O2-g/high_precision_20260326_164052/log/dda_inv.lines.stderr.log
dda_inv,DDA,ssa+inv,lines,"[pta] UNHANDLED:   %2505 = landingpad { i8*, i32 }",/home/jimi/PaperExperiment/CompilerOptimization/Result/flatbuffers/dg/dg-LLVM14-O2-g/high_precision_20260326_164052/log/dda_inv.lines.stderr.log
dda_inv,DDA,ssa+inv,lines,"[pta] UNHANDLED:   invoke void @_ZNSt12__shared_ptrIN11flatbuffers13CodeGeneratorELN9__gnu_cxx12_Lock_policyE2EEC2IS1_St14default_deleteIS1_EvEEOSt10unique_ptrIT_T0_E(%""class.std::__shared_ptr""* noundef nonnull align 8 dereferenceable(16) %1379, %""class.std::unique_ptr.151""* noundef nonnull align 8 dereferenceable(8) %63)",/home/jimi/PaperExperiment/CompilerOptimization/Result/flatbuffers/dg/dg-LLVM14-O2-g/high_precision_20260326_164052/log/dda_inv.lines.stderr.log
dda_inv,DDA,ssa+inv,lines,"[pta] UNHANDLED:   %2489 = landingpad { i8*, i32 }",/home/jimi/PaperExperiment/CompilerOptimization/Result/flatbuffers/dg/dg-LLVM14-O2-g/high_precision_20260326_164052/log/dda_inv.lines.stderr.log
dda_inv,DDA,ssa+inv,lines,"[pta] UNHANDLED:   %1381 = invoke noundef zeroext i1 bitcast (i1 (%""class.flatbuffers::FlatCompiler""*, %""struct.flatbuffers::FlatCOption""*, %""class.std::shared_ptr""*)* @_ZN11flatbuffers12FlatCompiler21RegisterCodeGeneratorERKNS_11FlatCOptionESt10shared_ptrINS_13CodeGeneratorEE to i1 (%""class.flatbuffers::FlatCompiler.2328""*, %""struct.flatbuffers::FlatCOption""*, %""class.std::shared_ptr""*)*)(%""class.flatbuffers::FlatCompiler.2328""* noundef nonnull align 8 dereferenceable(64) %24, %""struct.flatbuffers::FlatCOption""* noundef nonnull align 8 dereferenceable(128) %61, %""class.std::shared_ptr""* noundef nonnull %62)",/home/jimi/PaperExperiment/CompilerOptimization/Result/flatbuffers/dg/dg-LLVM14-O2-g/high_precision_20260326_164052/log/dda_inv.lines.stderr.log
dda_inv,DDA,ssa+inv,lines,"[pta] UNHANDLED:   %2491 = landingpad { i8*, i32 }",/home/jimi/PaperExperiment/CompilerOptimization/Result/flatbuffers/dg/dg-LLVM14-O2-g/high_precision_20260326_164052/log/dda_inv.lines.stderr.log
dda_inv,DDA,ssa+inv,lines,"[pta] UNHANDLED:   %2493 = landingpad { i8*, i32 }",/home/jimi/PaperExperiment/CompilerOptimization/Result/flatbuffers/dg/dg-LLVM14-O2-g/high_precision_20260326_164052/log/dda_inv.lines.stderr.log
dda_inv,DDA,ssa+inv,lines,"[pta] UNHANDLED:   %1471 = invoke noundef i8* @_ZNSt7__cxx1112basic_stringIcSt11char_traitsIcESaIcEE9_M_createERmm(%""class.std::__cxx11::basic_string""* noundef nonnull align 8 dereferenceable(32) %1467, i64* noundef nonnull align 8 dereferenceable(8) %8, i64 noundef 0)",/home/jimi/PaperExperiment/CompilerOptimization/Result/flatbuffers/dg/dg-LLVM14-O2-g/high_precision_20260326_164052/log/dda_inv.lines.stderr.log
dda_inv,DDA,ssa+inv,lines,"[pta] UNHANDLED:   invoke void @_ZN11flatbuffers22NewPythonCodeGeneratorEv(%""class.std::unique_ptr.151""* nonnull sret(%""class.std::unique_ptr.151"") align 8 %66)",/home/jimi/PaperExperiment/CompilerOptimization/Result/flatbuffers/dg/dg-LLVM14-O2-g/high_precision_20260326_164052/log/dda_inv.lines.stderr.log
dda_inv,DDA,ssa+inv,lines,"[pta] UNHANDLED:   %2539 = landingpad { i8*, i32 }",/home/jimi/PaperExperiment/CompilerOptimization/Result/flatbuffers/dg/dg-LLVM14-O2-g/high_precision_20260326_164052/log/dda_inv.lines.stderr.log
dda_inv,DDA,ssa+inv,lines,"[pta] UNHANDLED:   invoke void @_ZNSt12__shared_ptrIN11flatbuffers13CodeGeneratorELN9__gnu_cxx12_Lock_policyE2EEC2IS1_St14default_deleteIS1_EvEEOSt10unique_ptrIT_T0_E(%""class.std::__shared_ptr""* noundef nonnull align 8 dereferenceable(16) %1481, %""class.std::unique_ptr.151""* noundef nonnull align 8 dereferenceable(8) %66)",/home/jimi/PaperExperiment/CompilerOptimization/Result/flatbuffers/dg/dg-LLVM14-O2-g/high_precision_20260326_164052/log/dda_inv.lines.stderr.log
dda_inv,DDA,ssa+inv,lines,"[pta] UNHANDLED:   %2523 = landingpad { i8*, i32 }",/home/jimi/PaperExperiment/CompilerOptimization/Result/flatbuffers/dg/dg-LLVM14-O2-g/high_precision_20260326_164052/log/dda_inv.lines.stderr.log
dda_inv,DDA,ssa+inv,lines,"[pta] UNHANDLED:   %1483 = invoke noundef zeroext i1 bitcast (i1 (%""class.flatbuffers::FlatCompiler""*, %""struct.flatbuffers::FlatCOption""*, %""class.std::shared_ptr""*)* @_ZN11flatbuffers12FlatCompiler21RegisterCodeGeneratorERKNS_11FlatCOptionESt10shared_ptrINS_13CodeGeneratorEE to i1 (%""class.flatbuffers::FlatCompiler.2328""*, %""struct.flatbuffers::FlatCOption""*, %""class.std::shared_ptr""*)*)(%""class.flatbuffers::FlatCompiler.2328""* noundef nonnull align 8 dereferenceable(64) %24, %""struct.flatbuffers::FlatCOption""* noundef nonnull align 8 dereferenceable(128) %64, %""class.std::shared_ptr""* noundef nonnull %65)",/home/jimi/PaperExperiment/CompilerOptimization/Result/flatbuffers/dg/dg-LLVM14-O2-g/high_precision_20260326_164052/log/dda_inv.lines.stderr.log
dda_inv,DDA,ssa+inv,lines,"[pta] UNHANDLED:   %2525 = landingpad { i8*, i32 }",/home/jimi/PaperExperiment/CompilerOptimization/Result/flatbuffers/dg/dg-LLVM14-O2-g/high_precision_20260326_164052/log/dda_inv.lines.stderr.log
dda_inv,DDA,ssa+inv,lines,"[pta] UNHANDLED:   %2527 = landingpad { i8*, i32 }",/home/jimi/PaperExperiment/CompilerOptimization/Result/flatbuffers/dg/dg-LLVM14-O2-g/high_precision_20260326_164052/log/dda_inv.lines.stderr.log
dda_inv,DDA,ssa+inv,lines,"[pta] UNHANDLED:   %1572 = invoke noundef i8* @_ZNSt7__cxx1112basic_stringIcSt11char_traitsIcESaIcEE9_M_createERmm(%""class.std::__cxx11::basic_string""* noundef nonnull align 8 dereferenceable(32) %1568, i64* noundef nonnull align 8 dereferenceable(8) %7, i64 noundef 0)",/home/jimi/PaperExperiment/CompilerOptimization/Result/flatbuffers/dg/dg-LLVM14-O2-g/high_precision_20260326_164052/log/dda_inv.lines.stderr.log
dda_inv,DDA,ssa+inv,lines,"[pta] UNHANDLED:   invoke void @_ZN11flatbuffers19NewPhpCodeGeneratorEv(%""class.std::unique_ptr.151""* nonnull sret(%""class.std::unique_ptr.151"") align 8 %69)",/home/jimi/PaperExperiment/CompilerOptimization/Result/flatbuffers/dg/dg-LLVM14-O2-g/high_precision_20260326_164052/log/dda_inv.lines.stderr.log
dda_inv,DDA,ssa+inv,lines,"[pta] UNHANDLED:   %2573 = landingpad { i8*, i32 }",/home/jimi/PaperExperiment/CompilerOptimization/Result/flatbuffers/dg/dg-LLVM14-O2-g/high_precision_20260326_164052/log/dda_inv.lines.stderr.log
dda_inv,DDA,ssa+inv,lines,"[pta] UNHANDLED:   invoke void @_ZNSt12__shared_ptrIN11flatbuffers13CodeGeneratorELN9__gnu_cxx12_Lock_policyE2EEC2IS1_St14default_deleteIS1_EvEEOSt10unique_ptrIT_T0_E(%""class.std::__shared_ptr""* noundef nonnull align 8 dereferenceable(16) %1582, %""class.std::unique_ptr.151""* noundef nonnull align 8 dereferenceable(8) %69)",/home/jimi/PaperExperiment/CompilerOptimization/Result/flatbuffers/dg/dg-LLVM14-O2-g/high_precision_20260326_164052/log/dda_inv.lines.stderr.log
dda_inv,DDA,ssa+inv,lines,"[pta] UNHANDLED:   %2557 = landingpad { i8*, i32 }",/home/jimi/PaperExperiment/CompilerOptimization/Result/flatbuffers/dg/dg-LLVM14-O2-g/high_precision_20260326_164052/log/dda_inv.lines.stderr.log
dda_inv,DDA,ssa+inv,lines,"[pta] UNHANDLED:   %1584 = invoke noundef zeroext i1 bitcast (i1 (%""class.flatbuffers::FlatCompiler""*, %""struct.flatbuffers::FlatCOption""*, %""class.std::shared_ptr""*)* @_ZN11flatbuffers12FlatCompiler21RegisterCodeGeneratorERKNS_11FlatCOptionESt10shared_ptrINS_13CodeGeneratorEE to i1 (%""class.flatbuffers::FlatCompiler.2328""*, %""struct.flatbuffers::FlatCOption""*, %""class.std::shared_ptr""*)*)(%""class.flatbuffers::FlatCompiler.2328""* noundef nonnull align 8 dereferenceable(64) %24, %""struct.flatbuffers::FlatCOption""* noundef nonnull align 8 dereferenceable(128) %67, %""class.std::shared_ptr""* noundef nonnull %68)",/home/jimi/PaperExperiment/CompilerOptimization/Result/flatbuffers/dg/dg-LLVM14-O2-g/high_precision_20260326_164052/log/dda_inv.lines.stderr.log
dda_inv,DDA,ssa+inv,lines,"[pta] UNHANDLED:   %2559 = landingpad { i8*, i32 }",/home/jimi/PaperExperiment/CompilerOptimization/Result/flatbuffers/dg/dg-LLVM14-O2-g/high_precision_20260326_164052/log/dda_inv.lines.stderr.log
dda_inv,DDA,ssa+inv,lines,"[pta] UNHANDLED:   %2561 = landingpad { i8*, i32 }",/home/jimi/PaperExperiment/CompilerOptimization/Result/flatbuffers/dg/dg-LLVM14-O2-g/high_precision_20260326_164052/log/dda_inv.lines.stderr.log
dda_inv,DDA,ssa+inv,lines,"[pta] UNHANDLED:   %1675 = invoke noundef i8* @_ZNSt7__cxx1112basic_stringIcSt11char_traitsIcESaIcEE9_M_createERmm(%""class.std::__cxx11::basic_string""* noundef nonnull align 8 dereferenceable(32) %1671, i64* noundef nonnull align 8 dereferenceable(8) %6, i64 noundef 0)",/home/jimi/PaperExperiment/CompilerOptimization/Result/flatbuffers/dg/dg-LLVM14-O2-g/high_precision_20260326_164052/log/dda_inv.lines.stderr.log
dda_inv,DDA,ssa+inv,lines,"[pta] UNHANDLED:   invoke void @_ZN11flatbuffers20NewRustCodeGeneratorEv(%""class.std::unique_ptr.151""* nonnull sret(%""class.std::unique_ptr.151"") align 8 %72)",/home/jimi/PaperExperiment/CompilerOptimization/Result/flatbuffers/dg/dg-LLVM14-O2-g/high_precision_20260326_164052/log/dda_inv.lines.stderr.log
dda_inv,DDA,ssa+inv,lines,"[pta] UNHANDLED:   %2607 = landingpad { i8*, i32 }",/home/jimi/PaperExperiment/CompilerOptimization/Result/flatbuffers/dg/dg-LLVM14-O2-g/high_precision_20260326_164052/log/dda_inv.lines.stderr.log
dda_inv,DDA,ssa+inv,lines,"[pta] UNHANDLED:   invoke void @_ZNSt12__shared_ptrIN11flatbuffers13CodeGeneratorELN9__gnu_cxx12_Lock_policyE2EEC2IS1_St14default_deleteIS1_EvEEOSt10unique_ptrIT_T0_E(%""class.std::__shared_ptr""* noundef nonnull align 8 dereferenceable(16) %1685, %""class.std::unique_ptr.151""* noundef nonnull align 8 dereferenceable(8) %72)",/home/jimi/PaperExperiment/CompilerOptimization/Result/flatbuffers/dg/dg-LLVM14-O2-g/high_precision_20260326_164052/log/dda_inv.lines.stderr.log
dda_inv,DDA,ssa+inv,lines,"[pta] UNHANDLED:   %2591 = landingpad { i8*, i32 }",/home/jimi/PaperExperiment/CompilerOptimization/Result/flatbuffers/dg/dg-LLVM14-O2-g/high_precision_20260326_164052/log/dda_inv.lines.stderr.log
dda_inv,DDA,ssa+inv,lines,"[pta] UNHANDLED:   %1687 = invoke noundef zeroext i1 bitcast (i1 (%""class.flatbuffers::FlatCompiler""*, %""struct.flatbuffers::FlatCOption""*, %""class.std::shared_ptr""*)* @_ZN11flatbuffers12FlatCompiler21RegisterCodeGeneratorERKNS_11FlatCOptionESt10shared_ptrINS_13CodeGeneratorEE to i1 (%""class.flatbuffers::FlatCompiler.2328""*, %""struct.flatbuffers::FlatCOption""*, %""class.std::shared_ptr""*)*)(%""class.flatbuffers::FlatCompiler.2328""* noundef nonnull align 8 dereferenceable(64) %24, %""struct.flatbuffers::FlatCOption""* noundef nonnull align 8 dereferenceable(128) %70, %""class.std::shared_ptr""* noundef nonnull %71)",/home/jimi/PaperExperiment/CompilerOptimization/Result/flatbuffers/dg/dg-LLVM14-O2-g/high_precision_20260326_164052/log/dda_inv.lines.stderr.log
dda_inv,DDA,ssa+inv,lines,"[pta] UNHANDLED:   %2593 = landingpad { i8*, i32 }",/home/jimi/PaperExperiment/CompilerOptimization/Result/flatbuffers/dg/dg-LLVM14-O2-g/high_precision_20260326_164052/log/dda_inv.lines.stderr.log
dda_inv,DDA,ssa+inv,lines,"[pta] UNHANDLED:   %2595 = landingpad { i8*, i32 }",/home/jimi/PaperExperiment/CompilerOptimization/Result/flatbuffers/dg/dg-LLVM14-O2-g/high_precision_20260326_164052/log/dda_inv.lines.stderr.log
dda_inv,DDA,ssa+inv,lines,"[pta] UNHANDLED:   %1778 = invoke noundef i8* @_ZNSt7__cxx1112basic_stringIcSt11char_traitsIcESaIcEE9_M_createERmm(%""class.std::__cxx11::basic_string""* noundef nonnull align 8 dereferenceable(32) %1774, i64* noundef nonnull align 8 dereferenceable(8) %5, i64 noundef 0)",/home/jimi/PaperExperiment/CompilerOptimization/Result/flatbuffers/dg/dg-LLVM14-O2-g/high_precision_20260326_164052/log/dda_inv.lines.stderr.log
dda_inv,DDA,ssa+inv,lines,"[pta] UNHANDLED:   invoke void @_ZN11flatbuffers20NewTextCodeGeneratorEv(%""class.std::unique_ptr.151""* nonnull sret(%""class.std::unique_ptr.151"") align 8 %75)",/home/jimi/PaperExperiment/CompilerOptimization/Result/flatbuffers/dg/dg-LLVM14-O2-g/high_precision_20260326_164052/log/dda_inv.lines.stderr.log
dda_inv,DDA,ssa+inv,lines,"[pta] UNHANDLED:   %2641 = landingpad { i8*, i32 }",/home/jimi/PaperExperiment/CompilerOptimization/Result/flatbuffers/dg/dg-LLVM14-O2-g/high_precision_20260326_164052/log/dda_inv.lines.stderr.log
dda_inv,DDA,ssa+inv,lines,"[pta] UNHANDLED:   invoke void @_ZNSt12__shared_ptrIN11flatbuffers13CodeGeneratorELN9__gnu_cxx12_Lock_policyE2EEC2IS1_St14default_deleteIS1_EvEEOSt10unique_ptrIT_T0_E(%""class.std::__shared_ptr""* noundef nonnull align 8 dereferenceable(16) %1788, %""class.std::unique_ptr.151""* noundef nonnull align 8 dereferenceable(8) %75)",/home/jimi/PaperExperiment/CompilerOptimization/Result/flatbuffers/dg/dg-LLVM14-O2-g/high_precision_20260326_164052/log/dda_inv.lines.stderr.log
dda_inv,DDA,ssa+inv,lines,"[pta] UNHANDLED:   %2625 = landingpad { i8*, i32 }",/home/jimi/PaperExperiment/CompilerOptimization/Result/flatbuffers/dg/dg-LLVM14-O2-g/high_precision_20260326_164052/log/dda_inv.lines.stderr.log
dda_inv,DDA,ssa+inv,lines,"[pta] UNHANDLED:   %1790 = invoke noundef zeroext i1 bitcast (i1 (%""class.flatbuffers::FlatCompiler""*, %""struct.flatbuffers::FlatCOption""*, %""class.std::shared_ptr""*)* @_ZN11flatbuffers12FlatCompiler21RegisterCodeGeneratorERKNS_11FlatCOptionESt10shared_ptrINS_13CodeGeneratorEE to i1 (%""class.flatbuffers::FlatCompiler.2328""*, %""struct.flatbuffers::FlatCOption""*, %""class.std::shared_ptr""*)*)(%""class.flatbuffers::FlatCompiler.2328""* noundef nonnull align 8 dereferenceable(64) %24, %""struct.flatbuffers::FlatCOption""* noundef nonnull align 8 dereferenceable(128) %73, %""class.std::shared_ptr""* noundef nonnull %74)",/home/jimi/PaperExperiment/CompilerOptimization/Result/flatbuffers/dg/dg-LLVM14-O2-g/high_precision_20260326_164052/log/dda_inv.lines.stderr.log
dda_inv,DDA,ssa+inv,lines,"[pta] UNHANDLED:   %2627 = landingpad { i8*, i32 }",/home/jimi/PaperExperiment/CompilerOptimization/Result/flatbuffers/dg/dg-LLVM14-O2-g/high_precision_20260326_164052/log/dda_inv.lines.stderr.log
dda_inv,DDA,ssa+inv,lines,"[pta] UNHANDLED:   %2629 = landingpad { i8*, i32 }",/home/jimi/PaperExperiment/CompilerOptimization/Result/flatbuffers/dg/dg-LLVM14-O2-g/high_precision_20260326_164052/log/dda_inv.lines.stderr.log
dda_inv,DDA,ssa+inv,lines,"[pta] UNHANDLED:   %1879 = invoke noundef i8* @_ZNSt7__cxx1112basic_stringIcSt11char_traitsIcESaIcEE9_M_createERmm(%""class.std::__cxx11::basic_string""* noundef nonnull align 8 dereferenceable(32) %1875, i64* noundef nonnull align 8 dereferenceable(8) %4, i64 noundef 0)",/home/jimi/PaperExperiment/CompilerOptimization/Result/flatbuffers/dg/dg-LLVM14-O2-g/high_precision_20260326_164052/log/dda_inv.lines.stderr.log
dda_inv,DDA,ssa+inv,lines,"[pta] UNHANDLED:   invoke void @_ZN11flatbuffers21NewSwiftCodeGeneratorEv(%""class.std::unique_ptr.151""* nonnull sret(%""class.std::unique_ptr.151"") align 8 %78)",/home/jimi/PaperExperiment/CompilerOptimization/Result/flatbuffers/dg/dg-LLVM14-O2-g/high_precision_20260326_164052/log/dda_inv.lines.stderr.log
dda_inv,DDA,ssa+inv,lines,"[pta] UNHANDLED:   %2675 = landingpad { i8*, i32 }",/home/jimi/PaperExperiment/CompilerOptimization/Result/flatbuffers/dg/dg-LLVM14-O2-g/high_precision_20260326_164052/log/dda_inv.lines.stderr.log
dda_inv,DDA,ssa+inv,lines,"[pta] UNHANDLED:   invoke void @_ZNSt12__shared_ptrIN11flatbuffers13CodeGeneratorELN9__gnu_cxx12_Lock_policyE2EEC2IS1_St14default_deleteIS1_EvEEOSt10unique_ptrIT_T0_E(%""class.std::__shared_ptr""* noundef nonnull align 8 dereferenceable(16) %1889, %""class.std::unique_ptr.151""* noundef nonnull align 8 dereferenceable(8) %78)",/home/jimi/PaperExperiment/CompilerOptimization/Result/flatbuffers/dg/dg-LLVM14-O2-g/high_precision_20260326_164052/log/dda_inv.lines.stderr.log
dda_inv,DDA,ssa+inv,lines,"[pta] UNHANDLED:   %2659 = landingpad { i8*, i32 }",/home/jimi/PaperExperiment/CompilerOptimization/Result/flatbuffers/dg/dg-LLVM14-O2-g/high_precision_20260326_164052/log/dda_inv.lines.stderr.log
dda_inv,DDA,ssa+inv,lines,"[pta] UNHANDLED:   %1891 = invoke noundef zeroext i1 bitcast (i1 (%""class.flatbuffers::FlatCompiler""*, %""struct.flatbuffers::FlatCOption""*, %""class.std::shared_ptr""*)* @_ZN11flatbuffers12FlatCompiler21RegisterCodeGeneratorERKNS_11FlatCOptionESt10shared_ptrINS_13CodeGeneratorEE to i1 (%""class.flatbuffers::FlatCompiler.2328""*, %""struct.flatbuffers::FlatCOption""*, %""class.std::shared_ptr""*)*)(%""class.flatbuffers::FlatCompiler.2328""* noundef nonnull align 8 dereferenceable(64) %24, %""struct.flatbuffers::FlatCOption""* noundef nonnull align 8 dereferenceable(128) %76, %""class.std::shared_ptr""* noundef nonnull %77)",/home/jimi/PaperExperiment/CompilerOptimization/Result/flatbuffers/dg/dg-LLVM14-O2-g/high_precision_20260326_164052/log/dda_inv.lines.stderr.log
dda_inv,DDA,ssa+inv,lines,"[pta] UNHANDLED:   %2661 = landingpad { i8*, i32 }",/home/jimi/PaperExperiment/CompilerOptimization/Result/flatbuffers/dg/dg-LLVM14-O2-g/high_precision_20260326_164052/log/dda_inv.lines.stderr.log
dda_inv,DDA,ssa+inv,lines,"[pta] UNHANDLED:   %2663 = landingpad { i8*, i32 }",/home/jimi/PaperExperiment/CompilerOptimization/Result/flatbuffers/dg/dg-LLVM14-O2-g/high_precision_20260326_164052/log/dda_inv.lines.stderr.log
dda_inv,DDA,ssa+inv,lines,"[pta] UNHANDLED:   %1982 = invoke noundef i8* @_ZNSt7__cxx1112basic_stringIcSt11char_traitsIcESaIcEE9_M_createERmm(%""class.std::__cxx11::basic_string""* noundef nonnull align 8 dereferenceable(32) %1978, i64* noundef nonnull align 8 dereferenceable(8) %3, i64 noundef 0)",/home/jimi/PaperExperiment/CompilerOptimization/Result/flatbuffers/dg/dg-LLVM14-O2-g/high_precision_20260326_164052/log/dda_inv.lines.stderr.log
dda_inv,DDA,ssa+inv,lines,"[pta] UNHANDLED:   invoke void @_ZN11flatbuffers18NewTsCodeGeneratorEv(%""class.std::unique_ptr.151""* nonnull sret(%""class.std::unique_ptr.151"") align 8 %81)",/home/jimi/PaperExperiment/CompilerOptimization/Result/flatbuffers/dg/dg-LLVM14-O2-g/high_precision_20260326_164052/log/dda_inv.lines.stderr.log
dda_inv,DDA,ssa+inv,lines,"[pta] UNHANDLED:   %2709 = landingpad { i8*, i32 }",/home/jimi/PaperExperiment/CompilerOptimization/Result/flatbuffers/dg/dg-LLVM14-O2-g/high_precision_20260326_164052/log/dda_inv.lines.stderr.log
dda_inv,DDA,ssa+inv,lines,"[pta] UNHANDLED:   invoke void @_ZNSt12__shared_ptrIN11flatbuffers13CodeGeneratorELN9__gnu_cxx12_Lock_policyE2EEC2IS1_St14default_deleteIS1_EvEEOSt10unique_ptrIT_T0_E(%""class.std::__shared_ptr""* noundef nonnull align 8 dereferenceable(16) %1992, %""class.std::unique_ptr.151""* noundef nonnull align 8 dereferenceable(8) %81)",/home/jimi/PaperExperiment/CompilerOptimization/Result/flatbuffers/dg/dg-LLVM14-O2-g/high_precision_20260326_164052/log/dda_inv.lines.stderr.log
dda_inv,DDA,ssa+inv,lines,"[pta] UNHANDLED:   %2693 = landingpad { i8*, i32 }",/home/jimi/PaperExperiment/CompilerOptimization/Result/flatbuffers/dg/dg-LLVM14-O2-g/high_precision_20260326_164052/log/dda_inv.lines.stderr.log
dda_inv,DDA,ssa+inv,lines,"[pta] UNHANDLED:   %1994 = invoke noundef zeroext i1 bitcast (i1 (%""class.flatbuffers::FlatCompiler""*, %""struct.flatbuffers::FlatCOption""*, %""class.std::shared_ptr""*)* @_ZN11flatbuffers12FlatCompiler21RegisterCodeGeneratorERKNS_11FlatCOptionESt10shared_ptrINS_13CodeGeneratorEE to i1 (%""class.flatbuffers::FlatCompiler.2328""*, %""struct.flatbuffers::FlatCOption""*, %""class.std::shared_ptr""*)*)(%""class.flatbuffers::FlatCompiler.2328""* noundef nonnull align 8 dereferenceable(64) %24, %""struct.flatbuffers::FlatCOption""* noundef nonnull align 8 dereferenceable(128) %79, %""class.std::shared_ptr""* noundef nonnull %80)",/home/jimi/PaperExperiment/CompilerOptimization/Result/flatbuffers/dg/dg-LLVM14-O2-g/high_precision_20260326_164052/log/dda_inv.lines.stderr.log
dda_inv,DDA,ssa+inv,lines,"[pta] UNHANDLED:   %2695 = landingpad { i8*, i32 }",/home/jimi/PaperExperiment/CompilerOptimization/Result/flatbuffers/dg/dg-LLVM14-O2-g/high_precision_20260326_164052/log/dda_inv.lines.stderr.log
dda_inv,DDA,ssa+inv,lines,"[pta] UNHANDLED:   %2697 = landingpad { i8*, i32 }",/home/jimi/PaperExperiment/CompilerOptimization/Result/flatbuffers/dg/dg-LLVM14-O2-g/high_precision_20260326_164052/log/dda_inv.lines.stderr.log
dda_inv,DDA,ssa+inv,lines,"[pta] UNHANDLED:   invoke void bitcast (void (%""struct.flatbuffers::FlatCOptions""*, %""class.flatbuffers::FlatCompiler""*, i32, i8**)* @_ZN11flatbuffers12FlatCompiler29ParseFromCommandLineArgumentsEiPPKc to void (%""struct.flatbuffers::FlatCOptions""*, %""class.flatbuffers::FlatCompiler.2328""*, i32, i8**)*)(%""struct.flatbuffers::FlatCOptions""* nonnull sret(%""struct.flatbuffers::FlatCOptions"") align 8 %82, %""class.flatbuffers::FlatCompiler.2328""* noundef nonnull align 8 dereferenceable(64) %24, i32 noundef %0, i8** noundef nonnull %1)",/home/jimi/PaperExperiment/CompilerOptimization/Result/flatbuffers/dg/dg-LLVM14-O2-g/high_precision_20260326_164052/log/dda_inv.lines.stderr.log
dda_inv,DDA,ssa+inv,lines,"[pta] UNHANDLED:   %2727 = landingpad { i8*, i32 }",/home/jimi/PaperExperiment/CompilerOptimization/Result/flatbuffers/dg/dg-LLVM14-O2-g/high_precision_20260326_164052/log/dda_inv.lines.stderr.log
dda_inv,DDA,ssa+inv,lines,[pta] UNHANDLED:   %2731 = invoke noalias noundef nonnull dereferenceable(8) i8* @_Znwm(i64 noundef 8) #52,/home/jimi/PaperExperiment/CompilerOptimization/Result/flatbuffers/dg/dg-LLVM14-O2-g/high_precision_20260326_164052/log/dda_inv.lines.stderr.log
dda_inv,DDA,ssa+inv,lines,"[pta] UNHANDLED:   %2739 = invoke noundef i32 bitcast (i32 (%""class.flatbuffers::FlatCompiler""*, %""struct.flatbuffers::FlatCOptions""*)* @_ZN11flatbuffers12FlatCompiler7CompileERKNS_12FlatCOptionsE to i32 (%""class.flatbuffers::FlatCompiler.2328""*, %""struct.flatbuffers::FlatCOptions""*)*)(%""class.flatbuffers::FlatCompiler.2328""* noundef nonnull align 8 dereferenceable(64) %24, %""struct.flatbuffers::FlatCOptions""* noundef nonnull align 8 dereferenceable(1104) %82)",/home/jimi/PaperExperiment/CompilerOptimization/Result/flatbuffers/dg/dg-LLVM14-O2-g/high_precision_20260326_164052/log/dda_inv.lines.stderr.log
dda_inv,DDA,ssa+inv,lines,"[pta] UNHANDLED:   %2729 = landingpad { i8*, i32 }",/home/jimi/PaperExperiment/CompilerOptimization/Result/flatbuffers/dg/dg-LLVM14-O2-g/high_precision_20260326_164052/log/dda_inv.lines.stderr.log
dda_inv,DDA,ssa+inv,lines,[pta] UNHANDLED:   %2067 = invoke noalias noundef nonnull dereferenceable(56) i8* @_Znwm(i64 noundef 56) #52,/home/jimi/PaperExperiment/CompilerOptimization/Result/flatbuffers/dg/dg-LLVM14-O2-g/high_precision_20260326_164052/log/dda_inv.lines.stderr.log
dda_inv,DDA,ssa+inv,lines,"[pta] UNHANDLED:   invoke void %2745(%""class.flatbuffers::FileSaver""* noundef nonnull align 8 dereferenceable(8) %2741)",/home/jimi/PaperExperiment/CompilerOptimization/Result/flatbuffers/dg/dg-LLVM14-O2-g/high_precision_20260326_164052/log/dda_inv.lines.stderr.log
dda_inv,DDA,ssa+inv,lines,"[pta] UNHANDLED:   %2763 = landingpad { i8*, i32 }",/home/jimi/PaperExperiment/CompilerOptimization/Result/flatbuffers/dg/dg-LLVM14-O2-g/high_precision_20260326_164052/log/dda_inv.lines.stderr.log
dda_inv,DDA,ssa+inv,lines,"[pta] UNHANDLED:   invoke void @_ZNSt8_Rb_treeINSt7__cxx1112basic_stringIcSt11char_traitsIcESaIcEEESt4pairIKS5_St10shared_ptrIN11flatbuffers13CodeGeneratorEEESt10_Select1stISC_ESt4lessIS5_ESaISC_EE8_M_eraseEPSt13_Rb_tree_nodeISC_E(%""class.std::_Rb_tree""* noundef nonnull align 8 dereferenceable(48) %2751, %""struct.std::_Rb_tree_node.354""* noundef %2753)",/home/jimi/PaperExperiment/CompilerOptimization/Result/flatbuffers/dg/dg-LLVM14-O2-g/high_precision_20260326_164052/log/dda_inv.lines.stderr.log
dda_inv,DDA,ssa+inv,lines,"[pta] UNHANDLED:   %2755 = landingpad { i8*, i32 }",/home/jimi/PaperExperiment/CompilerOptimization/Result/flatbuffers/dg/dg-LLVM14-O2-g/high_precision_20260326_164052/log/dda_inv.lines.stderr.log
dda_inv,DDA,ssa+inv,dot,"[pta] UNHANDLED:   %148 = invoke noundef i8* @_ZNSt7__cxx1112basic_stringIcSt11char_traitsIcESaIcEE9_M_createERmm(%""class.std::__cxx11::basic_string""* noundef nonnull align 8 dereferenceable(32) %144, i64* noundef nonnull align 8 dereferenceable(8) %21, i64 noundef 0)",/home/jimi/PaperExperiment/CompilerOptimization/Result/flatbuffers/dg/dg-LLVM14-O2-g/high_precision_20260326_164052/log/dda_inv.dot.stderr.log
dda_inv,DDA,ssa+inv,dot,"[pta] UNHANDLED:   invoke void @_ZN11flatbuffers22NewBinaryCodeGeneratorEv(%""class.std::unique_ptr.151""* nonnull sret(%""class.std::unique_ptr.151"") align 8 %27)",/home/jimi/PaperExperiment/CompilerOptimization/Result/flatbuffers/dg/dg-LLVM14-O2-g/high_precision_20260326_164052/log/dda_inv.dot.stderr.log
dda_inv,DDA,ssa+inv,dot,"[pta] UNHANDLED:   invoke void @_ZNSt8_Rb_treeINSt7__cxx1112basic_stringIcSt11char_traitsIcESaIcEEESt4pairIKS5_St10shared_ptrIN11flatbuffers13CodeGeneratorEEESt10_Select1stISC_ESt4lessIS5_ESaISC_EE8_M_eraseEPSt13_Rb_tree_nodeISC_E(%""class.std::_Rb_tree""* noundef nonnull align 8 dereferenceable(48) %2, %""struct.std::_Rb_tree_node.354""* noundef %6)",/home/jimi/PaperExperiment/CompilerOptimization/Result/flatbuffers/dg/dg-LLVM14-O2-g/high_precision_20260326_164052/log/dda_inv.dot.stderr.log
dda_inv,DDA,ssa+inv,dot,"[pta] UNHANDLED:   %8 = landingpad { i8*, i32 }",/home/jimi/PaperExperiment/CompilerOptimization/Result/flatbuffers/dg/dg-LLVM14-O2-g/high_precision_20260326_164052/log/dda_inv.dot.stderr.log
dda_inv,DDA,ssa+inv,dot,"[pta] UNHANDLED:   %2097 = landingpad { i8*, i32 }",/home/jimi/PaperExperiment/CompilerOptimization/Result/flatbuffers/dg/dg-LLVM14-O2-g/high_precision_20260326_164052/log/dda_inv.dot.stderr.log
dda_inv,DDA,ssa+inv,dot,"[pta] UNHANDLED:   invoke void @_ZNSt12__shared_ptrIN11flatbuffers13CodeGeneratorELN9__gnu_cxx12_Lock_policyE2EEC2IS1_St14default_deleteIS1_EvEEOSt10unique_ptrIT_T0_E(%""class.std::__shared_ptr""* noundef nonnull align 8 dereferenceable(16) %158, %""class.std::unique_ptr.151""* noundef nonnull align 8 dereferenceable(8) %27)",/home/jimi/PaperExperiment/CompilerOptimization/Result/flatbuffers/dg/dg-LLVM14-O2-g/high_precision_20260326_164052/log/dda_inv.dot.stderr.log
dda_inv,DDA,ssa+inv,dot,"[pta] UNHANDLED:   %2081 = landingpad { i8*, i32 }",/home/jimi/PaperExperiment/CompilerOptimization/Result/flatbuffers/dg/dg-LLVM14-O2-g/high_precision_20260326_164052/log/dda_inv.dot.stderr.log
dda_inv,DDA,ssa+inv,dot,"[pta] UNHANDLED:   resume { i8*, i32 } %2773, !dbg !106616",/home/jimi/PaperExperiment/CompilerOptimization/Result/flatbuffers/dg/dg-LLVM14-O2-g/high_precision_20260326_164052/log/dda_inv.dot.stderr.log
dda_inv,DDA,ssa+inv,dot,"[pta] UNHANDLED:   %160 = invoke noundef zeroext i1 bitcast (i1 (%""class.flatbuffers::FlatCompiler""*, %""struct.flatbuffers::FlatCOption""*, %""class.std::shared_ptr""*)* @_ZN11flatbuffers12FlatCompiler21RegisterCodeGeneratorERKNS_11FlatCOptionESt10shared_ptrINS_13CodeGeneratorEE to i1 (%""class.flatbuffers::FlatCompiler.2328""*, %""struct.flatbuffers::FlatCOption""*, %""class.std::shared_ptr""*)*)(%""class.flatbuffers::FlatCompiler.2328""* noundef nonnull align 8 dereferenceable(64) %24, %""struct.flatbuffers::FlatCOption""* noundef nonnull align 8 dereferenceable(128) %25, %""class.std::shared_ptr""* noundef nonnull %26)",/home/jimi/PaperExperiment/CompilerOptimization/Result/flatbuffers/dg/dg-LLVM14-O2-g/high_precision_20260326_164052/log/dda_inv.dot.stderr.log
dda_inv,DDA,ssa+inv,dot,"[pta] UNHANDLED:   %2083 = landingpad { i8*, i32 }",/home/jimi/PaperExperiment/CompilerOptimization/Result/flatbuffers/dg/dg-LLVM14-O2-g/high_precision_20260326_164052/log/dda_inv.dot.stderr.log
dda_inv,DDA,ssa+inv,dot,"[pta] UNHANDLED:   %2085 = landingpad { i8*, i32 }",/home/jimi/PaperExperiment/CompilerOptimization/Result/flatbuffers/dg/dg-LLVM14-O2-g/high_precision_20260326_164052/log/dda_inv.dot.stderr.log
dda_inv,DDA,ssa+inv,dot,"[pta] UNHANDLED:   %250 = invoke noundef i8* @_ZNSt7__cxx1112basic_stringIcSt11char_traitsIcESaIcEE9_M_createERmm(%""class.std::__cxx11::basic_string""* noundef nonnull align 8 dereferenceable(32) %246, i64* noundef nonnull align 8 dereferenceable(8) %20, i64 noundef 0)",/home/jimi/PaperExperiment/CompilerOptimization/Result/flatbuffers/dg/dg-LLVM14-O2-g/high_precision_20260326_164052/log/dda_inv.dot.stderr.log
dda_inv,DDA,ssa+inv,dot,"[pta] UNHANDLED:   invoke void @_ZN11flatbuffers19NewCppCodeGeneratorEv(%""class.std::unique_ptr.151""* nonnull sret(%""class.std::unique_ptr.151"") align 8 %30)",/home/jimi/PaperExperiment/CompilerOptimization/Result/flatbuffers/dg/dg-LLVM14-O2-g/high_precision_20260326_164052/log/dda_inv.dot.stderr.log
dda_inv,DDA,ssa+inv,dot,"[pta] UNHANDLED:   %2131 = landingpad { i8*, i32 }",/home/jimi/PaperExperiment/CompilerOptimization/Result/flatbuffers/dg/dg-LLVM14-O2-g/high_precision_20260326_164052/log/dda_inv.dot.stderr.log
dda_inv,DDA,ssa+inv,dot,"[pta] UNHANDLED:   invoke void @_ZNSt12__shared_ptrIN11flatbuffers13CodeGeneratorELN9__gnu_cxx12_Lock_policyE2EEC2IS1_St14default_deleteIS1_EvEEOSt10unique_ptrIT_T0_E(%""class.std::__shared_ptr""* noundef nonnull align 8 dereferenceable(16) %260, %""class.std::unique_ptr.151""* noundef nonnull align 8 dereferenceable(8) %30)",/home/jimi/PaperExperiment/CompilerOptimization/Result/flatbuffers/dg/dg-LLVM14-O2-g/high_precision_20260326_164052/log/dda_inv.dot.stderr.log
dda_inv,DDA,ssa+inv,dot,"[pta] UNHANDLED:   %2115 = landingpad { i8*, i32 }",/home/jimi/PaperExperiment/CompilerOptimization/Result/flatbuffers/dg/dg-LLVM14-O2-g/high_precision_20260326_164052/log/dda_inv.dot.stderr.log
dda_inv,DDA,ssa+inv,dot,"[pta] UNHANDLED:   %262 = invoke noundef zeroext i1 bitcast (i1 (%""class.flatbuffers::FlatCompiler""*, %""struct.flatbuffers::FlatCOption""*, %""class.std::shared_ptr""*)* @_ZN11flatbuffers12FlatCompiler21RegisterCodeGeneratorERKNS_11FlatCOptionESt10shared_ptrINS_13CodeGeneratorEE to i1 (%""class.flatbuffers::FlatCompiler.2328""*, %""struct.flatbuffers::FlatCOption""*, %""class.std::shared_ptr""*)*)(%""class.flatbuffers::FlatCompiler.2328""* noundef nonnull align 8 dereferenceable(64) %24, %""struct.flatbuffers::FlatCOption""* noundef nonnull align 8 dereferenceable(128) %28, %""class.std::shared_ptr""* noundef nonnull %29)",/home/jimi/PaperExperiment/CompilerOptimization/Result/flatbuffers/dg/dg-LLVM14-O2-g/high_precision_20260326_164052/log/dda_inv.dot.stderr.log
dda_inv,DDA,ssa+inv,dot,"[pta] UNHANDLED:   %2117 = landingpad { i8*, i32 }",/home/jimi/PaperExperiment/CompilerOptimization/Result/flatbuffers/dg/dg-LLVM14-O2-g/high_precision_20260326_164052/log/dda_inv.dot.stderr.log
dda_inv,DDA,ssa+inv,dot,"[pta] UNHANDLED:   %2119 = landingpad { i8*, i32 }",/home/jimi/PaperExperiment/CompilerOptimization/Result/flatbuffers/dg/dg-LLVM14-O2-g/high_precision_20260326_164052/log/dda_inv.dot.stderr.log
dda_inv,DDA,ssa+inv,dot,"[pta] UNHANDLED:   %352 = invoke noundef i8* @_ZNSt7__cxx1112basic_stringIcSt11char_traitsIcESaIcEE9_M_createERmm(%""class.std::__cxx11::basic_string""* noundef nonnull align 8 dereferenceable(32) %348, i64* noundef nonnull align 8 dereferenceable(8) %19, i64 noundef 0)",/home/jimi/PaperExperiment/CompilerOptimization/Result/flatbuffers/dg/dg-LLVM14-O2-g/high_precision_20260326_164052/log/dda_inv.dot.stderr.log
dda_inv,DDA,ssa+inv,dot,"[pta] UNHANDLED:   invoke void @_ZN11flatbuffers22NewCSharpCodeGeneratorEv(%""class.std::unique_ptr.151""* nonnull sret(%""class.std::unique_ptr.151"") align 8 %33)",/home/jimi/PaperExperiment/CompilerOptimization/Result/flatbuffers/dg/dg-LLVM14-O2-g/high_precision_20260326_164052/log/dda_inv.dot.stderr.log
dda_inv,DDA,ssa+inv,dot,"[pta] UNHANDLED:   %2165 = landingpad { i8*, i32 }",/home/jimi/PaperExperiment/CompilerOptimization/Result/flatbuffers/dg/dg-LLVM14-O2-g/high_precision_20260326_164052/log/dda_inv.dot.stderr.log
dda_inv,DDA,ssa+inv,dot,"[pta] UNHANDLED:   invoke void @_ZNSt12__shared_ptrIN11flatbuffers13CodeGeneratorELN9__gnu_cxx12_Lock_policyE2EEC2IS1_St14default_deleteIS1_EvEEOSt10unique_ptrIT_T0_E(%""class.std::__shared_ptr""* noundef nonnull align 8 dereferenceable(16) %362, %""class.std::unique_ptr.151""* noundef nonnull align 8 dereferenceable(8) %33)",/home/jimi/PaperExperiment/CompilerOptimization/Result/flatbuffers/dg/dg-LLVM14-O2-g/high_precision_20260326_164052/log/dda_inv.dot.stderr.log
dda_inv,DDA,ssa+inv,dot,"[pta] UNHANDLED:   %2149 = landingpad { i8*, i32 }",/home/jimi/PaperExperiment/CompilerOptimization/Result/flatbuffers/dg/dg-LLVM14-O2-g/high_precision_20260326_164052/log/dda_inv.dot.stderr.log
dda_inv,DDA,ssa+inv,dot,"[pta] UNHANDLED:   %364 = invoke noundef zeroext i1 bitcast (i1 (%""class.flatbuffers::FlatCompiler""*, %""struct.flatbuffers::FlatCOption""*, %""class.std::shared_ptr""*)* @_ZN11flatbuffers12FlatCompiler21RegisterCodeGeneratorERKNS_11FlatCOptionESt10shared_ptrINS_13CodeGeneratorEE to i1 (%""class.flatbuffers::FlatCompiler.2328""*, %""struct.flatbuffers::FlatCOption""*, %""class.std::shared_ptr""*)*)(%""class.flatbuffers::FlatCompiler.2328""* noundef nonnull align 8 dereferenceable(64) %24, %""struct.flatbuffers::FlatCOption""* noundef nonnull align 8 dereferenceable(128) %31, %""class.std::shared_ptr""* noundef nonnull %32)",/home/jimi/PaperExperiment/CompilerOptimization/Result/flatbuffers/dg/dg-LLVM14-O2-g/high_precision_20260326_164052/log/dda_inv.dot.stderr.log
dda_inv,DDA,ssa+inv,dot,"[pta] UNHANDLED:   %2151 = landingpad { i8*, i32 }",/home/jimi/PaperExperiment/CompilerOptimization/Result/flatbuffers/dg/dg-LLVM14-O2-g/high_precision_20260326_164052/log/dda_inv.dot.stderr.log
dda_inv,DDA,ssa+inv,dot,"[pta] UNHANDLED:   %2153 = landingpad { i8*, i32 }",/home/jimi/PaperExperiment/CompilerOptimization/Result/flatbuffers/dg/dg-LLVM14-O2-g/high_precision_20260326_164052/log/dda_inv.dot.stderr.log
dda_inv,DDA,ssa+inv,dot,"[pta] UNHANDLED:   %455 = invoke noundef i8* @_ZNSt7__cxx1112basic_stringIcSt11char_traitsIcESaIcEE9_M_createERmm(%""class.std::__cxx11::basic_string""* noundef nonnull align 8 dereferenceable(32) %451, i64* noundef nonnull align 8 dereferenceable(8) %18, i64 noundef 0)",/home/jimi/PaperExperiment/CompilerOptimization/Result/flatbuffers/dg/dg-LLVM14-O2-g/high_precision_20260326_164052/log/dda_inv.dot.stderr.log
dda_inv,DDA,ssa+inv,dot,"[pta] UNHANDLED:   invoke void @_ZN11flatbuffers20NewDartCodeGeneratorEv(%""class.std::unique_ptr.151""* nonnull sret(%""class.std::unique_ptr.151"") align 8 %36)",/home/jimi/PaperExperiment/CompilerOptimization/Result/flatbuffers/dg/dg-LLVM14-O2-g/high_precision_20260326_164052/log/dda_inv.dot.stderr.log
dda_inv,DDA,ssa+inv,dot,"[pta] UNHANDLED:   %2199 = landingpad { i8*, i32 }",/home/jimi/PaperExperiment/CompilerOptimization/Result/flatbuffers/dg/dg-LLVM14-O2-g/high_precision_20260326_164052/log/dda_inv.dot.stderr.log
dda_inv,DDA,ssa+inv,dot,"[pta] UNHANDLED:   invoke void @_ZNSt12__shared_ptrIN11flatbuffers13CodeGeneratorELN9__gnu_cxx12_Lock_policyE2EEC2IS1_St14default_deleteIS1_EvEEOSt10unique_ptrIT_T0_E(%""class.std::__shared_ptr""* noundef nonnull align 8 dereferenceable(16) %465, %""class.std::unique_ptr.151""* noundef nonnull align 8 dereferenceable(8) %36)",/home/jimi/PaperExperiment/CompilerOptimization/Result/flatbuffers/dg/dg-LLVM14-O2-g/high_precision_20260326_164052/log/dda_inv.dot.stderr.log
dda_inv,DDA,ssa+inv,dot,"[pta] UNHANDLED:   %2183 = landingpad { i8*, i32 }",/home/jimi/PaperExperiment/CompilerOptimization/Result/flatbuffers/dg/dg-LLVM14-O2-g/high_precision_20260326_164052/log/dda_inv.dot.stderr.log
dda_inv,DDA,ssa+inv,dot,"[pta] UNHANDLED:   %467 = invoke noundef zeroext i1 bitcast (i1 (%""class.flatbuffers::FlatCompiler""*, %""struct.flatbuffers::FlatCOption""*, %""class.std::shared_ptr""*)* @_ZN11flatbuffers12FlatCompiler21RegisterCodeGeneratorERKNS_11FlatCOptionESt10shared_ptrINS_13CodeGeneratorEE to i1 (%""class.flatbuffers::FlatCompiler.2328""*, %""struct.flatbuffers::FlatCOption""*, %""class.std::shared_ptr""*)*)(%""class.flatbuffers::FlatCompiler.2328""* noundef nonnull align 8 dereferenceable(64) %24, %""struct.flatbuffers::FlatCOption""* noundef nonnull align 8 dereferenceable(128) %34, %""class.std::shared_ptr""* noundef nonnull %35)",/home/jimi/PaperExperiment/CompilerOptimization/Result/flatbuffers/dg/dg-LLVM14-O2-g/high_precision_20260326_164052/log/dda_inv.dot.stderr.log
dda_inv,DDA,ssa+inv,dot,"[pta] UNHANDLED:   %2185 = landingpad { i8*, i32 }",/home/jimi/PaperExperiment/CompilerOptimization/Result/flatbuffers/dg/dg-LLVM14-O2-g/high_precision_20260326_164052/log/dda_inv.dot.stderr.log
dda_inv,DDA,ssa+inv,dot,"[pta] UNHANDLED:   %2187 = landingpad { i8*, i32 }",/home/jimi/PaperExperiment/CompilerOptimization/Result/flatbuffers/dg/dg-LLVM14-O2-g/high_precision_20260326_164052/log/dda_inv.dot.stderr.log
dda_inv,DDA,ssa+inv,dot,"[pta] UNHANDLED:   %556 = invoke noundef i8* @_ZNSt7__cxx1112basic_stringIcSt11char_traitsIcESaIcEE9_M_createERmm(%""class.std::__cxx11::basic_string""* noundef nonnull align 8 dereferenceable(32) %552, i64* noundef nonnull align 8 dereferenceable(8) %17, i64 noundef 0)",/home/jimi/PaperExperiment/CompilerOptimization/Result/flatbuffers/dg/dg-LLVM14-O2-g/high_precision_20260326_164052/log/dda_inv.dot.stderr.log
dda_inv,DDA,ssa+inv,dot,"[pta] UNHANDLED:   invoke void @_ZN11flatbuffers19NewFBSCodeGeneratorEb(%""class.std::unique_ptr.151""* nonnull sret(%""class.std::unique_ptr.151"") align 8 %39, i1 noundef zeroext false)",/home/jimi/PaperExperiment/CompilerOptimization/Result/flatbuffers/dg/dg-LLVM14-O2-g/high_precision_20260326_164052/log/dda_inv.dot.stderr.log
dda_inv,DDA,ssa+inv,dot,"[pta] UNHANDLED:   %2233 = landingpad { i8*, i32 }",/home/jimi/PaperExperiment/CompilerOptimization/Result/flatbuffers/dg/dg-LLVM14-O2-g/high_precision_20260326_164052/log/dda_inv.dot.stderr.log
dda_inv,DDA,ssa+inv,dot,"[pta] UNHANDLED:   invoke void @_ZNSt12__shared_ptrIN11flatbuffers13CodeGeneratorELN9__gnu_cxx12_Lock_policyE2EEC2IS1_St14default_deleteIS1_EvEEOSt10unique_ptrIT_T0_E(%""class.std::__shared_ptr""* noundef nonnull align 8 dereferenceable(16) %566, %""class.std::unique_ptr.151""* noundef nonnull align 8 dereferenceable(8) %39)",/home/jimi/PaperExperiment/CompilerOptimization/Result/flatbuffers/dg/dg-LLVM14-O2-g/high_precision_20260326_164052/log/dda_inv.dot.stderr.log
dda_inv,DDA,ssa+inv,dot,"[pta] UNHANDLED:   %2217 = landingpad { i8*, i32 }",/home/jimi/PaperExperiment/CompilerOptimization/Result/flatbuffers/dg/dg-LLVM14-O2-g/high_precision_20260326_164052/log/dda_inv.dot.stderr.log
dda_inv,DDA,ssa+inv,dot,"[pta] UNHANDLED:   %568 = invoke noundef zeroext i1 bitcast (i1 (%""class.flatbuffers::FlatCompiler""*, %""struct.flatbuffers::FlatCOption""*, %""class.std::shared_ptr""*)* @_ZN11flatbuffers12FlatCompiler21RegisterCodeGeneratorERKNS_11FlatCOptionESt10shared_ptrINS_13CodeGeneratorEE to i1 (%""class.flatbuffers::FlatCompiler.2328""*, %""struct.flatbuffers::FlatCOption""*, %""class.std::shared_ptr""*)*)(%""class.flatbuffers::FlatCompiler.2328""* noundef nonnull align 8 dereferenceable(64) %24, %""struct.flatbuffers::FlatCOption""* noundef nonnull align 8 dereferenceable(128) %37, %""class.std::shared_ptr""* noundef nonnull %38)",/home/jimi/PaperExperiment/CompilerOptimization/Result/flatbuffers/dg/dg-LLVM14-O2-g/high_precision_20260326_164052/log/dda_inv.dot.stderr.log
dda_inv,DDA,ssa+inv,dot,"[pta] UNHANDLED:   %2219 = landingpad { i8*, i32 }",/home/jimi/PaperExperiment/CompilerOptimization/Result/flatbuffers/dg/dg-LLVM14-O2-g/high_precision_20260326_164052/log/dda_inv.dot.stderr.log
dda_inv,DDA,ssa+inv,dot,"[pta] UNHANDLED:   %2221 = landingpad { i8*, i32 }",/home/jimi/PaperExperiment/CompilerOptimization/Result/flatbuffers/dg/dg-LLVM14-O2-g/high_precision_20260326_164052/log/dda_inv.dot.stderr.log
dda_inv,DDA,ssa+inv,dot,"[pta] UNHANDLED:   %659 = invoke noundef i8* @_ZNSt7__cxx1112basic_stringIcSt11char_traitsIcESaIcEE9_M_createERmm(%""class.std::__cxx11::basic_string""* noundef nonnull align 8 dereferenceable(32) %655, i64* noundef nonnull align 8 dereferenceable(8) %16, i64 noundef 0)",/home/jimi/PaperExperiment/CompilerOptimization/Result/flatbuffers/dg/dg-LLVM14-O2-g/high_precision_20260326_164052/log/dda_inv.dot.stderr.log
dda_inv,DDA,ssa+inv,dot,"[pta] UNHANDLED:   invoke void @_ZN11flatbuffers18NewGoCodeGeneratorEv(%""class.std::unique_ptr.151""* nonnull sret(%""class.std::unique_ptr.151"") align 8 %42)",/home/jimi/PaperExperiment/CompilerOptimization/Result/flatbuffers/dg/dg-LLVM14-O2-g/high_precision_20260326_164052/log/dda_inv.dot.stderr.log
dda_inv,DDA,ssa+inv,dot,"[pta] UNHANDLED:   %2267 = landingpad { i8*, i32 }",/home/jimi/PaperExperiment/CompilerOptimization/Result/flatbuffers/dg/dg-LLVM14-O2-g/high_precision_20260326_164052/log/dda_inv.dot.stderr.log
dda_inv,DDA,ssa+inv,dot,"[pta] UNHANDLED:   invoke void @_ZNSt12__shared_ptrIN11flatbuffers13CodeGeneratorELN9__gnu_cxx12_Lock_policyE2EEC2IS1_St14default_deleteIS1_EvEEOSt10unique_ptrIT_T0_E(%""class.std::__shared_ptr""* noundef nonnull align 8 dereferenceable(16) %669, %""class.std::unique_ptr.151""* noundef nonnull align 8 dereferenceable(8) %42)",/home/jimi/PaperExperiment/CompilerOptimization/Result/flatbuffers/dg/dg-LLVM14-O2-g/high_precision_20260326_164052/log/dda_inv.dot.stderr.log
dda_inv,DDA,ssa+inv,dot,"[pta] UNHANDLED:   %2251 = landingpad { i8*, i32 }",/home/jimi/PaperExperiment/CompilerOptimization/Result/flatbuffers/dg/dg-LLVM14-O2-g/high_precision_20260326_164052/log/dda_inv.dot.stderr.log
dda_inv,DDA,ssa+inv,dot,"[pta] UNHANDLED:   %671 = invoke noundef zeroext i1 bitcast (i1 (%""class.flatbuffers::FlatCompiler""*, %""struct.flatbuffers::FlatCOption""*, %""class.std::shared_ptr""*)* @_ZN11flatbuffers12FlatCompiler21RegisterCodeGeneratorERKNS_11FlatCOptionESt10shared_ptrINS_13CodeGeneratorEE to i1 (%""class.flatbuffers::FlatCompiler.2328""*, %""struct.flatbuffers::FlatCOption""*, %""class.std::shared_ptr""*)*)(%""class.flatbuffers::FlatCompiler.2328""* noundef nonnull align 8 dereferenceable(64) %24, %""struct.flatbuffers::FlatCOption""* noundef nonnull align 8 dereferenceable(128) %40, %""class.std::shared_ptr""* noundef nonnull %41)",/home/jimi/PaperExperiment/CompilerOptimization/Result/flatbuffers/dg/dg-LLVM14-O2-g/high_precision_20260326_164052/log/dda_inv.dot.stderr.log
dda_inv,DDA,ssa+inv,dot,"[pta] UNHANDLED:   %2253 = landingpad { i8*, i32 }",/home/jimi/PaperExperiment/CompilerOptimization/Result/flatbuffers/dg/dg-LLVM14-O2-g/high_precision_20260326_164052/log/dda_inv.dot.stderr.log
dda_inv,DDA,ssa+inv,dot,"[pta] UNHANDLED:   %2255 = landingpad { i8*, i32 }",/home/jimi/PaperExperiment/CompilerOptimization/Result/flatbuffers/dg/dg-LLVM14-O2-g/high_precision_20260326_164052/log/dda_inv.dot.stderr.log
dda_inv,DDA,ssa+inv,dot,"[pta] UNHANDLED:   %762 = invoke noundef i8* @_ZNSt7__cxx1112basic_stringIcSt11char_traitsIcESaIcEE9_M_createERmm(%""class.std::__cxx11::basic_string""* noundef nonnull align 8 dereferenceable(32) %758, i64* noundef nonnull align 8 dereferenceable(8) %15, i64 noundef 0)",/home/jimi/PaperExperiment/CompilerOptimization/Result/flatbuffers/dg/dg-LLVM14-O2-g/high_precision_20260326_164052/log/dda_inv.dot.stderr.log
dda_inv,DDA,ssa+inv,dot,"[pta] UNHANDLED:   invoke void @_ZN11flatbuffers20NewJavaCodeGeneratorEv(%""class.std::unique_ptr.151""* nonnull sret(%""class.std::unique_ptr.151"") align 8 %45)",/home/jimi/PaperExperiment/CompilerOptimization/Result/flatbuffers/dg/dg-LLVM14-O2-g/high_precision_20260326_164052/log/dda_inv.dot.stderr.log
dda_inv,DDA,ssa+inv,dot,"[pta] UNHANDLED:   %2301 = landingpad { i8*, i32 }",/home/jimi/PaperExperiment/CompilerOptimization/Result/flatbuffers/dg/dg-LLVM14-O2-g/high_precision_20260326_164052/log/dda_inv.dot.stderr.log
dda_inv,DDA,ssa+inv,dot,"[pta] UNHANDLED:   invoke void @_ZNSt12__shared_ptrIN11flatbuffers13CodeGeneratorELN9__gnu_cxx12_Lock_policyE2EEC2IS1_St14default_deleteIS1_EvEEOSt10unique_ptrIT_T0_E(%""class.std::__shared_ptr""* noundef nonnull align 8 dereferenceable(16) %772, %""class.std::unique_ptr.151""* noundef nonnull align 8 dereferenceable(8) %45)",/home/jimi/PaperExperiment/CompilerOptimization/Result/flatbuffers/dg/dg-LLVM14-O2-g/high_precision_20260326_164052/log/dda_inv.dot.stderr.log
dda_inv,DDA,ssa+inv,dot,"[pta] UNHANDLED:   %2285 = landingpad { i8*, i32 }",/home/jimi/PaperExperiment/CompilerOptimization/Result/flatbuffers/dg/dg-LLVM14-O2-g/high_precision_20260326_164052/log/dda_inv.dot.stderr.log
dda_inv,DDA,ssa+inv,dot,"[pta] UNHANDLED:   %774 = invoke noundef zeroext i1 bitcast (i1 (%""class.flatbuffers::FlatCompiler""*, %""struct.flatbuffers::FlatCOption""*, %""class.std::shared_ptr""*)* @_ZN11flatbuffers12FlatCompiler21RegisterCodeGeneratorERKNS_11FlatCOptionESt10shared_ptrINS_13CodeGeneratorEE to i1 (%""class.flatbuffers::FlatCompiler.2328""*, %""struct.flatbuffers::FlatCOption""*, %""class.std::shared_ptr""*)*)(%""class.flatbuffers::FlatCompiler.2328""* noundef nonnull align 8 dereferenceable(64) %24, %""struct.flatbuffers::FlatCOption""* noundef nonnull align 8 dereferenceable(128) %43, %""class.std::shared_ptr""* noundef nonnull %44)",/home/jimi/PaperExperiment/CompilerOptimization/Result/flatbuffers/dg/dg-LLVM14-O2-g/high_precision_20260326_164052/log/dda_inv.dot.stderr.log
dda_inv,DDA,ssa+inv,dot,"[pta] UNHANDLED:   %2287 = landingpad { i8*, i32 }",/home/jimi/PaperExperiment/CompilerOptimization/Result/flatbuffers/dg/dg-LLVM14-O2-g/high_precision_20260326_164052/log/dda_inv.dot.stderr.log
dda_inv,DDA,ssa+inv,dot,"[pta] UNHANDLED:   %2289 = landingpad { i8*, i32 }",/home/jimi/PaperExperiment/CompilerOptimization/Result/flatbuffers/dg/dg-LLVM14-O2-g/high_precision_20260326_164052/log/dda_inv.dot.stderr.log
dda_inv,DDA,ssa+inv,dot,"[pta] UNHANDLED:   %863 = invoke noundef i8* @_ZNSt7__cxx1112basic_stringIcSt11char_traitsIcESaIcEE9_M_createERmm(%""class.std::__cxx11::basic_string""* noundef nonnull align 8 dereferenceable(32) %859, i64* noundef nonnull align 8 dereferenceable(8) %14, i64 noundef 0)",/home/jimi/PaperExperiment/CompilerOptimization/Result/flatbuffers/dg/dg-LLVM14-O2-g/high_precision_20260326_164052/log/dda_inv.dot.stderr.log
dda_inv,DDA,ssa+inv,dot,"[pta] UNHANDLED:   invoke void @_ZN11flatbuffers26NewJsonSchemaCodeGeneratorEv(%""class.std::unique_ptr.151""* nonnull sret(%""class.std::unique_ptr.151"") align 8 %48)",/home/jimi/PaperExperiment/CompilerOptimization/Result/flatbuffers/dg/dg-LLVM14-O2-g/high_precision_20260326_164052/log/dda_inv.dot.stderr.log
dda_inv,DDA,ssa+inv,dot,"[pta] UNHANDLED:   %2335 = landingpad { i8*, i32 }",/home/jimi/PaperExperiment/CompilerOptimization/Result/flatbuffers/dg/dg-LLVM14-O2-g/high_precision_20260326_164052/log/dda_inv.dot.stderr.log
dda_inv,DDA,ssa+inv,dot,"[pta] UNHANDLED:   invoke void @_ZNSt12__shared_ptrIN11flatbuffers13CodeGeneratorELN9__gnu_cxx12_Lock_policyE2EEC2IS1_St14default_deleteIS1_EvEEOSt10unique_ptrIT_T0_E(%""class.std::__shared_ptr""* noundef nonnull align 8 dereferenceable(16) %873, %""class.std::unique_ptr.151""* noundef nonnull align 8 dereferenceable(8) %48)",/home/jimi/PaperExperiment/CompilerOptimization/Result/flatbuffers/dg/dg-LLVM14-O2-g/high_precision_20260326_164052/log/dda_inv.dot.stderr.log
dda_inv,DDA,ssa+inv,dot,"[pta] UNHANDLED:   %2319 = landingpad { i8*, i32 }",/home/jimi/PaperExperiment/CompilerOptimization/Result/flatbuffers/dg/dg-LLVM14-O2-g/high_precision_20260326_164052/log/dda_inv.dot.stderr.log
dda_inv,DDA,ssa+inv,dot,"[pta] UNHANDLED:   %875 = invoke noundef zeroext i1 bitcast (i1 (%""class.flatbuffers::FlatCompiler""*, %""struct.flatbuffers::FlatCOption""*, %""class.std::shared_ptr""*)* @_ZN11flatbuffers12FlatCompiler21RegisterCodeGeneratorERKNS_11FlatCOptionESt10shared_ptrINS_13CodeGeneratorEE to i1 (%""class.flatbuffers::FlatCompiler.2328""*, %""struct.flatbuffers::FlatCOption""*, %""class.std::shared_ptr""*)*)(%""class.flatbuffers::FlatCompiler.2328""* noundef nonnull align 8 dereferenceable(64) %24, %""struct.flatbuffers::FlatCOption""* noundef nonnull align 8 dereferenceable(128) %46, %""class.std::shared_ptr""* noundef nonnull %47)",/home/jimi/PaperExperiment/CompilerOptimization/Result/flatbuffers/dg/dg-LLVM14-O2-g/high_precision_20260326_164052/log/dda_inv.dot.stderr.log
dda_inv,DDA,ssa+inv,dot,"[pta] UNHANDLED:   %2321 = landingpad { i8*, i32 }",/home/jimi/PaperExperiment/CompilerOptimization/Result/flatbuffers/dg/dg-LLVM14-O2-g/high_precision_20260326_164052/log/dda_inv.dot.stderr.log
dda_inv,DDA,ssa+inv,dot,"[pta] UNHANDLED:   %2323 = landingpad { i8*, i32 }",/home/jimi/PaperExperiment/CompilerOptimization/Result/flatbuffers/dg/dg-LLVM14-O2-g/high_precision_20260326_164052/log/dda_inv.dot.stderr.log
dda_inv,DDA,ssa+inv,dot,"[pta] UNHANDLED:   %964 = invoke noundef i8* @_ZNSt7__cxx1112basic_stringIcSt11char_traitsIcESaIcEE9_M_createERmm(%""class.std::__cxx11::basic_string""* noundef nonnull align 8 dereferenceable(32) %960, i64* noundef nonnull align 8 dereferenceable(8) %13, i64 noundef 0)",/home/jimi/PaperExperiment/CompilerOptimization/Result/flatbuffers/dg/dg-LLVM14-O2-g/high_precision_20260326_164052/log/dda_inv.dot.stderr.log
dda_inv,DDA,ssa+inv,dot,"[pta] UNHANDLED:   invoke void @_ZN11flatbuffers22NewKotlinCodeGeneratorEv(%""class.std::unique_ptr.151""* nonnull sret(%""class.std::unique_ptr.151"") align 8 %51)",/home/jimi/PaperExperiment/CompilerOptimization/Result/flatbuffers/dg/dg-LLVM14-O2-g/high_precision_20260326_164052/log/dda_inv.dot.stderr.log
dda_inv,DDA,ssa+inv,dot,"[pta] UNHANDLED:   %2369 = landingpad { i8*, i32 }",/home/jimi/PaperExperiment/CompilerOptimization/Result/flatbuffers/dg/dg-LLVM14-O2-g/high_precision_20260326_164052/log/dda_inv.dot.stderr.log
dda_inv,DDA,ssa+inv,dot,"[pta] UNHANDLED:   invoke void @_ZNSt12__shared_ptrIN11flatbuffers13CodeGeneratorELN9__gnu_cxx12_Lock_policyE2EEC2IS1_St14default_deleteIS1_EvEEOSt10unique_ptrIT_T0_E(%""class.std::__shared_ptr""* noundef nonnull align 8 dereferenceable(16) %974, %""class.std::unique_ptr.151""* noundef nonnull align 8 dereferenceable(8) %51)",/home/jimi/PaperExperiment/CompilerOptimization/Result/flatbuffers/dg/dg-LLVM14-O2-g/high_precision_20260326_164052/log/dda_inv.dot.stderr.log
dda_inv,DDA,ssa+inv,dot,"[pta] UNHANDLED:   %2353 = landingpad { i8*, i32 }",/home/jimi/PaperExperiment/CompilerOptimization/Result/flatbuffers/dg/dg-LLVM14-O2-g/high_precision_20260326_164052/log/dda_inv.dot.stderr.log
dda_inv,DDA,ssa+inv,dot,"[pta] UNHANDLED:   %976 = invoke noundef zeroext i1 bitcast (i1 (%""class.flatbuffers::FlatCompiler""*, %""struct.flatbuffers::FlatCOption""*, %""class.std::shared_ptr""*)* @_ZN11flatbuffers12FlatCompiler21RegisterCodeGeneratorERKNS_11FlatCOptionESt10shared_ptrINS_13CodeGeneratorEE to i1 (%""class.flatbuffers::FlatCompiler.2328""*, %""struct.flatbuffers::FlatCOption""*, %""class.std::shared_ptr""*)*)(%""class.flatbuffers::FlatCompiler.2328""* noundef nonnull align 8 dereferenceable(64) %24, %""struct.flatbuffers::FlatCOption""* noundef nonnull align 8 dereferenceable(128) %49, %""class.std::shared_ptr""* noundef nonnull %50)",/home/jimi/PaperExperiment/CompilerOptimization/Result/flatbuffers/dg/dg-LLVM14-O2-g/high_precision_20260326_164052/log/dda_inv.dot.stderr.log
dda_inv,DDA,ssa+inv,dot,"[pta] UNHANDLED:   %2355 = landingpad { i8*, i32 }",/home/jimi/PaperExperiment/CompilerOptimization/Result/flatbuffers/dg/dg-LLVM14-O2-g/high_precision_20260326_164052/log/dda_inv.dot.stderr.log
dda_inv,DDA,ssa+inv,dot,"[pta] UNHANDLED:   %2357 = landingpad { i8*, i32 }",/home/jimi/PaperExperiment/CompilerOptimization/Result/flatbuffers/dg/dg-LLVM14-O2-g/high_precision_20260326_164052/log/dda_inv.dot.stderr.log
dda_inv,DDA,ssa+inv,dot,"[pta] UNHANDLED:   %1065 = invoke noundef i8* @_ZNSt7__cxx1112basic_stringIcSt11char_traitsIcESaIcEE9_M_createERmm(%""class.std::__cxx11::basic_string""* noundef nonnull align 8 dereferenceable(32) %1061, i64* noundef nonnull align 8 dereferenceable(8) %12, i64 noundef 0)",/home/jimi/PaperExperiment/CompilerOptimization/Result/flatbuffers/dg/dg-LLVM14-O2-g/high_precision_20260326_164052/log/dda_inv.dot.stderr.log
dda_inv,DDA,ssa+inv,dot,"[pta] UNHANDLED:   invoke void @_ZN11flatbuffers25NewKotlinKMPCodeGeneratorEv(%""class.std::unique_ptr.151""* nonnull sret(%""class.std::unique_ptr.151"") align 8 %54)",/home/jimi/PaperExperiment/CompilerOptimization/Result/flatbuffers/dg/dg-LLVM14-O2-g/high_precision_20260326_164052/log/dda_inv.dot.stderr.log
dda_inv,DDA,ssa+inv,dot,"[pta] UNHANDLED:   %2403 = landingpad { i8*, i32 }",/home/jimi/PaperExperiment/CompilerOptimization/Result/flatbuffers/dg/dg-LLVM14-O2-g/high_precision_20260326_164052/log/dda_inv.dot.stderr.log
dda_inv,DDA,ssa+inv,dot,"[pta] UNHANDLED:   invoke void @_ZNSt12__shared_ptrIN11flatbuffers13CodeGeneratorELN9__gnu_cxx12_Lock_policyE2EEC2IS1_St14default_deleteIS1_EvEEOSt10unique_ptrIT_T0_E(%""class.std::__shared_ptr""* noundef nonnull align 8 dereferenceable(16) %1075, %""class.std::unique_ptr.151""* noundef nonnull align 8 dereferenceable(8) %54)",/home/jimi/PaperExperiment/CompilerOptimization/Result/flatbuffers/dg/dg-LLVM14-O2-g/high_precision_20260326_164052/log/dda_inv.dot.stderr.log
dda_inv,DDA,ssa+inv,dot,"[pta] UNHANDLED:   %2387 = landingpad { i8*, i32 }",/home/jimi/PaperExperiment/CompilerOptimization/Result/flatbuffers/dg/dg-LLVM14-O2-g/high_precision_20260326_164052/log/dda_inv.dot.stderr.log
dda_inv,DDA,ssa+inv,dot,"[pta] UNHANDLED:   %1077 = invoke noundef zeroext i1 bitcast (i1 (%""class.flatbuffers::FlatCompiler""*, %""struct.flatbuffers::FlatCOption""*, %""class.std::shared_ptr""*)* @_ZN11flatbuffers12FlatCompiler21RegisterCodeGeneratorERKNS_11FlatCOptionESt10shared_ptrINS_13CodeGeneratorEE to i1 (%""class.flatbuffers::FlatCompiler.2328""*, %""struct.flatbuffers::FlatCOption""*, %""class.std::shared_ptr""*)*)(%""class.flatbuffers::FlatCompiler.2328""* noundef nonnull align 8 dereferenceable(64) %24, %""struct.flatbuffers::FlatCOption""* noundef nonnull align 8 dereferenceable(128) %52, %""class.std::shared_ptr""* noundef nonnull %53)",/home/jimi/PaperExperiment/CompilerOptimization/Result/flatbuffers/dg/dg-LLVM14-O2-g/high_precision_20260326_164052/log/dda_inv.dot.stderr.log
dda_inv,DDA,ssa+inv,dot,"[pta] UNHANDLED:   %2389 = landingpad { i8*, i32 }",/home/jimi/PaperExperiment/CompilerOptimization/Result/flatbuffers/dg/dg-LLVM14-O2-g/high_precision_20260326_164052/log/dda_inv.dot.stderr.log
dda_inv,DDA,ssa+inv,dot,"[pta] UNHANDLED:   %2391 = landingpad { i8*, i32 }",/home/jimi/PaperExperiment/CompilerOptimization/Result/flatbuffers/dg/dg-LLVM14-O2-g/high_precision_20260326_164052/log/dda_inv.dot.stderr.log
dda_inv,DDA,ssa+inv,dot,"[pta] UNHANDLED:   %1166 = invoke noundef i8* @_ZNSt7__cxx1112basic_stringIcSt11char_traitsIcESaIcEE9_M_createERmm(%""class.std::__cxx11::basic_string""* noundef nonnull align 8 dereferenceable(32) %1162, i64* noundef nonnull align 8 dereferenceable(8) %11, i64 noundef 0)",/home/jimi/PaperExperiment/CompilerOptimization/Result/flatbuffers/dg/dg-LLVM14-O2-g/high_precision_20260326_164052/log/dda_inv.dot.stderr.log
dda_inv,DDA,ssa+inv,dot,"[pta] UNHANDLED:   invoke void @_ZN11flatbuffers23NewLobsterCodeGeneratorEv(%""class.std::unique_ptr.151""* nonnull sret(%""class.std::unique_ptr.151"") align 8 %57)",/home/jimi/PaperExperiment/CompilerOptimization/Result/flatbuffers/dg/dg-LLVM14-O2-g/high_precision_20260326_164052/log/dda_inv.dot.stderr.log
dda_inv,DDA,ssa+inv,dot,"[pta] UNHANDLED:   %2437 = landingpad { i8*, i32 }",/home/jimi/PaperExperiment/CompilerOptimization/Result/flatbuffers/dg/dg-LLVM14-O2-g/high_precision_20260326_164052/log/dda_inv.dot.stderr.log
dda_inv,DDA,ssa+inv,dot,"[pta] UNHANDLED:   invoke void @_ZNSt12__shared_ptrIN11flatbuffers13CodeGeneratorELN9__gnu_cxx12_Lock_policyE2EEC2IS1_St14default_deleteIS1_EvEEOSt10unique_ptrIT_T0_E(%""class.std::__shared_ptr""* noundef nonnull align 8 dereferenceable(16) %1176, %""class.std::unique_ptr.151""* noundef nonnull align 8 dereferenceable(8) %57)",/home/jimi/PaperExperiment/CompilerOptimization/Result/flatbuffers/dg/dg-LLVM14-O2-g/high_precision_20260326_164052/log/dda_inv.dot.stderr.log
dda_inv,DDA,ssa+inv,dot,"[pta] UNHANDLED:   %2421 = landingpad { i8*, i32 }",/home/jimi/PaperExperiment/CompilerOptimization/Result/flatbuffers/dg/dg-LLVM14-O2-g/high_precision_20260326_164052/log/dda_inv.dot.stderr.log
dda_inv,DDA,ssa+inv,dot,"[pta] UNHANDLED:   %1178 = invoke noundef zeroext i1 bitcast (i1 (%""class.flatbuffers::FlatCompiler""*, %""struct.flatbuffers::FlatCOption""*, %""class.std::shared_ptr""*)* @_ZN11flatbuffers12FlatCompiler21RegisterCodeGeneratorERKNS_11FlatCOptionESt10shared_ptrINS_13CodeGeneratorEE to i1 (%""class.flatbuffers::FlatCompiler.2328""*, %""struct.flatbuffers::FlatCOption""*, %""class.std::shared_ptr""*)*)(%""class.flatbuffers::FlatCompiler.2328""* noundef nonnull align 8 dereferenceable(64) %24, %""struct.flatbuffers::FlatCOption""* noundef nonnull align 8 dereferenceable(128) %55, %""class.std::shared_ptr""* noundef nonnull %56)",/home/jimi/PaperExperiment/CompilerOptimization/Result/flatbuffers/dg/dg-LLVM14-O2-g/high_precision_20260326_164052/log/dda_inv.dot.stderr.log
dda_inv,DDA,ssa+inv,dot,"[pta] UNHANDLED:   %2423 = landingpad { i8*, i32 }",/home/jimi/PaperExperiment/CompilerOptimization/Result/flatbuffers/dg/dg-LLVM14-O2-g/high_precision_20260326_164052/log/dda_inv.dot.stderr.log
dda_inv,DDA,ssa+inv,dot,"[pta] UNHANDLED:   %2425 = landingpad { i8*, i32 }",/home/jimi/PaperExperiment/CompilerOptimization/Result/flatbuffers/dg/dg-LLVM14-O2-g/high_precision_20260326_164052/log/dda_inv.dot.stderr.log
dda_inv,DDA,ssa+inv,dot,"[pta] UNHANDLED:   %1268 = invoke noundef i8* @_ZNSt7__cxx1112basic_stringIcSt11char_traitsIcESaIcEE9_M_createERmm(%""class.std::__cxx11::basic_string""* noundef nonnull align 8 dereferenceable(32) %1264, i64* noundef nonnull align 8 dereferenceable(8) %10, i64 noundef 0)",/home/jimi/PaperExperiment/CompilerOptimization/Result/flatbuffers/dg/dg-LLVM14-O2-g/high_precision_20260326_164052/log/dda_inv.dot.stderr.log
dda_inv,DDA,ssa+inv,dot,"[pta] UNHANDLED:   invoke void @_ZN11flatbuffers19NewLuaBfbsGeneratorERKNSt7__cxx1112basic_stringIcSt11char_traitsIcESaIcEEE(%""class.std::unique_ptr.151""* nonnull sret(%""class.std::unique_ptr.151"") align 8 %60, %""class.std::__cxx11::basic_string""* noundef nonnull align 8 dereferenceable(32) %23)",/home/jimi/PaperExperiment/CompilerOptimization/Result/flatbuffers/dg/dg-LLVM14-O2-g/high_precision_20260326_164052/log/dda_inv.dot.stderr.log
dda_inv,DDA,ssa+inv,dot,"[pta] UNHANDLED:   %2471 = landingpad { i8*, i32 }",/home/jimi/PaperExperiment/CompilerOptimization/Result/flatbuffers/dg/dg-LLVM14-O2-g/high_precision_20260326_164052/log/dda_inv.dot.stderr.log
dda_inv,DDA,ssa+inv,dot,"[pta] UNHANDLED:   invoke void @_ZNSt12__shared_ptrIN11flatbuffers13CodeGeneratorELN9__gnu_cxx12_Lock_policyE2EEC2IS1_St14default_deleteIS1_EvEEOSt10unique_ptrIT_T0_E(%""class.std::__shared_ptr""* noundef nonnull align 8 dereferenceable(16) %1278, %""class.std::unique_ptr.151""* noundef nonnull align 8 dereferenceable(8) %60)",/home/jimi/PaperExperiment/CompilerOptimization/Result/flatbuffers/dg/dg-LLVM14-O2-g/high_precision_20260326_164052/log/dda_inv.dot.stderr.log
dda_inv,DDA,ssa+inv,dot,"[pta] UNHANDLED:   %2455 = landingpad { i8*, i32 }",/home/jimi/PaperExperiment/CompilerOptimization/Result/flatbuffers/dg/dg-LLVM14-O2-g/high_precision_20260326_164052/log/dda_inv.dot.stderr.log
dda_inv,DDA,ssa+inv,dot,"[pta] UNHANDLED:   %1280 = invoke noundef zeroext i1 bitcast (i1 (%""class.flatbuffers::FlatCompiler""*, %""struct.flatbuffers::FlatCOption""*, %""class.std::shared_ptr""*)* @_ZN11flatbuffers12FlatCompiler21RegisterCodeGeneratorERKNS_11FlatCOptionESt10shared_ptrINS_13CodeGeneratorEE to i1 (%""class.flatbuffers::FlatCompiler.2328""*, %""struct.flatbuffers::FlatCOption""*, %""class.std::shared_ptr""*)*)(%""class.flatbuffers::FlatCompiler.2328""* noundef nonnull align 8 dereferenceable(64) %24, %""struct.flatbuffers::FlatCOption""* noundef nonnull align 8 dereferenceable(128) %58, %""class.std::shared_ptr""* noundef nonnull %59)",/home/jimi/PaperExperiment/CompilerOptimization/Result/flatbuffers/dg/dg-LLVM14-O2-g/high_precision_20260326_164052/log/dda_inv.dot.stderr.log
dda_inv,DDA,ssa+inv,dot,"[pta] UNHANDLED:   %2457 = landingpad { i8*, i32 }",/home/jimi/PaperExperiment/CompilerOptimization/Result/flatbuffers/dg/dg-LLVM14-O2-g/high_precision_20260326_164052/log/dda_inv.dot.stderr.log
dda_inv,DDA,ssa+inv,dot,"[pta] UNHANDLED:   %2459 = landingpad { i8*, i32 }",/home/jimi/PaperExperiment/CompilerOptimization/Result/flatbuffers/dg/dg-LLVM14-O2-g/high_precision_20260326_164052/log/dda_inv.dot.stderr.log
dda_inv,DDA,ssa+inv,dot,"[pta] UNHANDLED:   %1369 = invoke noundef i8* @_ZNSt7__cxx1112basic_stringIcSt11char_traitsIcESaIcEE9_M_createERmm(%""class.std::__cxx11::basic_string""* noundef nonnull align 8 dereferenceable(32) %1365, i64* noundef nonnull align 8 dereferenceable(8) %9, i64 noundef 0)",/home/jimi/PaperExperiment/CompilerOptimization/Result/flatbuffers/dg/dg-LLVM14-O2-g/high_precision_20260326_164052/log/dda_inv.dot.stderr.log
dda_inv,DDA,ssa+inv,dot,"[pta] UNHANDLED:   invoke void @_ZN11flatbuffers19NewNimBfbsGeneratorERKNSt7__cxx1112basic_stringIcSt11char_traitsIcESaIcEEE(%""class.std::unique_ptr.151""* nonnull sret(%""class.std::unique_ptr.151"") align 8 %63, %""class.std::__cxx11::basic_string""* noundef nonnull align 8 dereferenceable(32) %23)",/home/jimi/PaperExperiment/CompilerOptimization/Result/flatbuffers/dg/dg-LLVM14-O2-g/high_precision_20260326_164052/log/dda_inv.dot.stderr.log
dda_inv,DDA,ssa+inv,dot,"[pta] UNHANDLED:   %2505 = landingpad { i8*, i32 }",/home/jimi/PaperExperiment/CompilerOptimization/Result/flatbuffers/dg/dg-LLVM14-O2-g/high_precision_20260326_164052/log/dda_inv.dot.stderr.log
dda_inv,DDA,ssa+inv,dot,"[pta] UNHANDLED:   invoke void @_ZNSt12__shared_ptrIN11flatbuffers13CodeGeneratorELN9__gnu_cxx12_Lock_policyE2EEC2IS1_St14default_deleteIS1_EvEEOSt10unique_ptrIT_T0_E(%""class.std::__shared_ptr""* noundef nonnull align 8 dereferenceable(16) %1379, %""class.std::unique_ptr.151""* noundef nonnull align 8 dereferenceable(8) %63)",/home/jimi/PaperExperiment/CompilerOptimization/Result/flatbuffers/dg/dg-LLVM14-O2-g/high_precision_20260326_164052/log/dda_inv.dot.stderr.log
dda_inv,DDA,ssa+inv,dot,"[pta] UNHANDLED:   %2489 = landingpad { i8*, i32 }",/home/jimi/PaperExperiment/CompilerOptimization/Result/flatbuffers/dg/dg-LLVM14-O2-g/high_precision_20260326_164052/log/dda_inv.dot.stderr.log
dda_inv,DDA,ssa+inv,dot,"[pta] UNHANDLED:   %1381 = invoke noundef zeroext i1 bitcast (i1 (%""class.flatbuffers::FlatCompiler""*, %""struct.flatbuffers::FlatCOption""*, %""class.std::shared_ptr""*)* @_ZN11flatbuffers12FlatCompiler21RegisterCodeGeneratorERKNS_11FlatCOptionESt10shared_ptrINS_13CodeGeneratorEE to i1 (%""class.flatbuffers::FlatCompiler.2328""*, %""struct.flatbuffers::FlatCOption""*, %""class.std::shared_ptr""*)*)(%""class.flatbuffers::FlatCompiler.2328""* noundef nonnull align 8 dereferenceable(64) %24, %""struct.flatbuffers::FlatCOption""* noundef nonnull align 8 dereferenceable(128) %61, %""class.std::shared_ptr""* noundef nonnull %62)",/home/jimi/PaperExperiment/CompilerOptimization/Result/flatbuffers/dg/dg-LLVM14-O2-g/high_precision_20260326_164052/log/dda_inv.dot.stderr.log
dda_inv,DDA,ssa+inv,dot,"[pta] UNHANDLED:   %2491 = landingpad { i8*, i32 }",/home/jimi/PaperExperiment/CompilerOptimization/Result/flatbuffers/dg/dg-LLVM14-O2-g/high_precision_20260326_164052/log/dda_inv.dot.stderr.log
dda_inv,DDA,ssa+inv,dot,"[pta] UNHANDLED:   %2493 = landingpad { i8*, i32 }",/home/jimi/PaperExperiment/CompilerOptimization/Result/flatbuffers/dg/dg-LLVM14-O2-g/high_precision_20260326_164052/log/dda_inv.dot.stderr.log
dda_inv,DDA,ssa+inv,dot,"[pta] UNHANDLED:   %1471 = invoke noundef i8* @_ZNSt7__cxx1112basic_stringIcSt11char_traitsIcESaIcEE9_M_createERmm(%""class.std::__cxx11::basic_string""* noundef nonnull align 8 dereferenceable(32) %1467, i64* noundef nonnull align 8 dereferenceable(8) %8, i64 noundef 0)",/home/jimi/PaperExperiment/CompilerOptimization/Result/flatbuffers/dg/dg-LLVM14-O2-g/high_precision_20260326_164052/log/dda_inv.dot.stderr.log
dda_inv,DDA,ssa+inv,dot,"[pta] UNHANDLED:   invoke void @_ZN11flatbuffers22NewPythonCodeGeneratorEv(%""class.std::unique_ptr.151""* nonnull sret(%""class.std::unique_ptr.151"") align 8 %66)",/home/jimi/PaperExperiment/CompilerOptimization/Result/flatbuffers/dg/dg-LLVM14-O2-g/high_precision_20260326_164052/log/dda_inv.dot.stderr.log
dda_inv,DDA,ssa+inv,dot,"[pta] UNHANDLED:   %2539 = landingpad { i8*, i32 }",/home/jimi/PaperExperiment/CompilerOptimization/Result/flatbuffers/dg/dg-LLVM14-O2-g/high_precision_20260326_164052/log/dda_inv.dot.stderr.log
dda_inv,DDA,ssa+inv,dot,"[pta] UNHANDLED:   invoke void @_ZNSt12__shared_ptrIN11flatbuffers13CodeGeneratorELN9__gnu_cxx12_Lock_policyE2EEC2IS1_St14default_deleteIS1_EvEEOSt10unique_ptrIT_T0_E(%""class.std::__shared_ptr""* noundef nonnull align 8 dereferenceable(16) %1481, %""class.std::unique_ptr.151""* noundef nonnull align 8 dereferenceable(8) %66)",/home/jimi/PaperExperiment/CompilerOptimization/Result/flatbuffers/dg/dg-LLVM14-O2-g/high_precision_20260326_164052/log/dda_inv.dot.stderr.log
dda_inv,DDA,ssa+inv,dot,"[pta] UNHANDLED:   %2523 = landingpad { i8*, i32 }",/home/jimi/PaperExperiment/CompilerOptimization/Result/flatbuffers/dg/dg-LLVM14-O2-g/high_precision_20260326_164052/log/dda_inv.dot.stderr.log
dda_inv,DDA,ssa+inv,dot,"[pta] UNHANDLED:   %1483 = invoke noundef zeroext i1 bitcast (i1 (%""class.flatbuffers::FlatCompiler""*, %""struct.flatbuffers::FlatCOption""*, %""class.std::shared_ptr""*)* @_ZN11flatbuffers12FlatCompiler21RegisterCodeGeneratorERKNS_11FlatCOptionESt10shared_ptrINS_13CodeGeneratorEE to i1 (%""class.flatbuffers::FlatCompiler.2328""*, %""struct.flatbuffers::FlatCOption""*, %""class.std::shared_ptr""*)*)(%""class.flatbuffers::FlatCompiler.2328""* noundef nonnull align 8 dereferenceable(64) %24, %""struct.flatbuffers::FlatCOption""* noundef nonnull align 8 dereferenceable(128) %64, %""class.std::shared_ptr""* noundef nonnull %65)",/home/jimi/PaperExperiment/CompilerOptimization/Result/flatbuffers/dg/dg-LLVM14-O2-g/high_precision_20260326_164052/log/dda_inv.dot.stderr.log
dda_inv,DDA,ssa+inv,dot,"[pta] UNHANDLED:   %2525 = landingpad { i8*, i32 }",/home/jimi/PaperExperiment/CompilerOptimization/Result/flatbuffers/dg/dg-LLVM14-O2-g/high_precision_20260326_164052/log/dda_inv.dot.stderr.log
dda_inv,DDA,ssa+inv,dot,"[pta] UNHANDLED:   %2527 = landingpad { i8*, i32 }",/home/jimi/PaperExperiment/CompilerOptimization/Result/flatbuffers/dg/dg-LLVM14-O2-g/high_precision_20260326_164052/log/dda_inv.dot.stderr.log
dda_inv,DDA,ssa+inv,dot,"[pta] UNHANDLED:   %1572 = invoke noundef i8* @_ZNSt7__cxx1112basic_stringIcSt11char_traitsIcESaIcEE9_M_createERmm(%""class.std::__cxx11::basic_string""* noundef nonnull align 8 dereferenceable(32) %1568, i64* noundef nonnull align 8 dereferenceable(8) %7, i64 noundef 0)",/home/jimi/PaperExperiment/CompilerOptimization/Result/flatbuffers/dg/dg-LLVM14-O2-g/high_precision_20260326_164052/log/dda_inv.dot.stderr.log
dda_inv,DDA,ssa+inv,dot,"[pta] UNHANDLED:   invoke void @_ZN11flatbuffers19NewPhpCodeGeneratorEv(%""class.std::unique_ptr.151""* nonnull sret(%""class.std::unique_ptr.151"") align 8 %69)",/home/jimi/PaperExperiment/CompilerOptimization/Result/flatbuffers/dg/dg-LLVM14-O2-g/high_precision_20260326_164052/log/dda_inv.dot.stderr.log
dda_inv,DDA,ssa+inv,dot,"[pta] UNHANDLED:   %2573 = landingpad { i8*, i32 }",/home/jimi/PaperExperiment/CompilerOptimization/Result/flatbuffers/dg/dg-LLVM14-O2-g/high_precision_20260326_164052/log/dda_inv.dot.stderr.log
dda_inv,DDA,ssa+inv,dot,"[pta] UNHANDLED:   invoke void @_ZNSt12__shared_ptrIN11flatbuffers13CodeGeneratorELN9__gnu_cxx12_Lock_policyE2EEC2IS1_St14default_deleteIS1_EvEEOSt10unique_ptrIT_T0_E(%""class.std::__shared_ptr""* noundef nonnull align 8 dereferenceable(16) %1582, %""class.std::unique_ptr.151""* noundef nonnull align 8 dereferenceable(8) %69)",/home/jimi/PaperExperiment/CompilerOptimization/Result/flatbuffers/dg/dg-LLVM14-O2-g/high_precision_20260326_164052/log/dda_inv.dot.stderr.log
dda_inv,DDA,ssa+inv,dot,"[pta] UNHANDLED:   %2557 = landingpad { i8*, i32 }",/home/jimi/PaperExperiment/CompilerOptimization/Result/flatbuffers/dg/dg-LLVM14-O2-g/high_precision_20260326_164052/log/dda_inv.dot.stderr.log
dda_inv,DDA,ssa+inv,dot,"[pta] UNHANDLED:   %1584 = invoke noundef zeroext i1 bitcast (i1 (%""class.flatbuffers::FlatCompiler""*, %""struct.flatbuffers::FlatCOption""*, %""class.std::shared_ptr""*)* @_ZN11flatbuffers12FlatCompiler21RegisterCodeGeneratorERKNS_11FlatCOptionESt10shared_ptrINS_13CodeGeneratorEE to i1 (%""class.flatbuffers::FlatCompiler.2328""*, %""struct.flatbuffers::FlatCOption""*, %""class.std::shared_ptr""*)*)(%""class.flatbuffers::FlatCompiler.2328""* noundef nonnull align 8 dereferenceable(64) %24, %""struct.flatbuffers::FlatCOption""* noundef nonnull align 8 dereferenceable(128) %67, %""class.std::shared_ptr""* noundef nonnull %68)",/home/jimi/PaperExperiment/CompilerOptimization/Result/flatbuffers/dg/dg-LLVM14-O2-g/high_precision_20260326_164052/log/dda_inv.dot.stderr.log
dda_inv,DDA,ssa+inv,dot,"[pta] UNHANDLED:   %2559 = landingpad { i8*, i32 }",/home/jimi/PaperExperiment/CompilerOptimization/Result/flatbuffers/dg/dg-LLVM14-O2-g/high_precision_20260326_164052/log/dda_inv.dot.stderr.log
dda_inv,DDA,ssa+inv,dot,"[pta] UNHANDLED:   %2561 = landingpad { i8*, i32 }",/home/jimi/PaperExperiment/CompilerOptimization/Result/flatbuffers/dg/dg-LLVM14-O2-g/high_precision_20260326_164052/log/dda_inv.dot.stderr.log
dda_inv,DDA,ssa+inv,dot,"[pta] UNHANDLED:   %1675 = invoke noundef i8* @_ZNSt7__cxx1112basic_stringIcSt11char_traitsIcESaIcEE9_M_createERmm(%""class.std::__cxx11::basic_string""* noundef nonnull align 8 dereferenceable(32) %1671, i64* noundef nonnull align 8 dereferenceable(8) %6, i64 noundef 0)",/home/jimi/PaperExperiment/CompilerOptimization/Result/flatbuffers/dg/dg-LLVM14-O2-g/high_precision_20260326_164052/log/dda_inv.dot.stderr.log
dda_inv,DDA,ssa+inv,dot,"[pta] UNHANDLED:   invoke void @_ZN11flatbuffers20NewRustCodeGeneratorEv(%""class.std::unique_ptr.151""* nonnull sret(%""class.std::unique_ptr.151"") align 8 %72)",/home/jimi/PaperExperiment/CompilerOptimization/Result/flatbuffers/dg/dg-LLVM14-O2-g/high_precision_20260326_164052/log/dda_inv.dot.stderr.log
dda_inv,DDA,ssa+inv,dot,"[pta] UNHANDLED:   %2607 = landingpad { i8*, i32 }",/home/jimi/PaperExperiment/CompilerOptimization/Result/flatbuffers/dg/dg-LLVM14-O2-g/high_precision_20260326_164052/log/dda_inv.dot.stderr.log
dda_inv,DDA,ssa+inv,dot,"[pta] UNHANDLED:   invoke void @_ZNSt12__shared_ptrIN11flatbuffers13CodeGeneratorELN9__gnu_cxx12_Lock_policyE2EEC2IS1_St14default_deleteIS1_EvEEOSt10unique_ptrIT_T0_E(%""class.std::__shared_ptr""* noundef nonnull align 8 dereferenceable(16) %1685, %""class.std::unique_ptr.151""* noundef nonnull align 8 dereferenceable(8) %72)",/home/jimi/PaperExperiment/CompilerOptimization/Result/flatbuffers/dg/dg-LLVM14-O2-g/high_precision_20260326_164052/log/dda_inv.dot.stderr.log
dda_inv,DDA,ssa+inv,dot,"[pta] UNHANDLED:   %2591 = landingpad { i8*, i32 }",/home/jimi/PaperExperiment/CompilerOptimization/Result/flatbuffers/dg/dg-LLVM14-O2-g/high_precision_20260326_164052/log/dda_inv.dot.stderr.log
dda_inv,DDA,ssa+inv,dot,"[pta] UNHANDLED:   %1687 = invoke noundef zeroext i1 bitcast (i1 (%""class.flatbuffers::FlatCompiler""*, %""struct.flatbuffers::FlatCOption""*, %""class.std::shared_ptr""*)* @_ZN11flatbuffers12FlatCompiler21RegisterCodeGeneratorERKNS_11FlatCOptionESt10shared_ptrINS_13CodeGeneratorEE to i1 (%""class.flatbuffers::FlatCompiler.2328""*, %""struct.flatbuffers::FlatCOption""*, %""class.std::shared_ptr""*)*)(%""class.flatbuffers::FlatCompiler.2328""* noundef nonnull align 8 dereferenceable(64) %24, %""struct.flatbuffers::FlatCOption""* noundef nonnull align 8 dereferenceable(128) %70, %""class.std::shared_ptr""* noundef nonnull %71)",/home/jimi/PaperExperiment/CompilerOptimization/Result/flatbuffers/dg/dg-LLVM14-O2-g/high_precision_20260326_164052/log/dda_inv.dot.stderr.log
dda_inv,DDA,ssa+inv,dot,"[pta] UNHANDLED:   %2593 = landingpad { i8*, i32 }",/home/jimi/PaperExperiment/CompilerOptimization/Result/flatbuffers/dg/dg-LLVM14-O2-g/high_precision_20260326_164052/log/dda_inv.dot.stderr.log
dda_inv,DDA,ssa+inv,dot,"[pta] UNHANDLED:   %2595 = landingpad { i8*, i32 }",/home/jimi/PaperExperiment/CompilerOptimization/Result/flatbuffers/dg/dg-LLVM14-O2-g/high_precision_20260326_164052/log/dda_inv.dot.stderr.log
dda_inv,DDA,ssa+inv,dot,"[pta] UNHANDLED:   %1778 = invoke noundef i8* @_ZNSt7__cxx1112basic_stringIcSt11char_traitsIcESaIcEE9_M_createERmm(%""class.std::__cxx11::basic_string""* noundef nonnull align 8 dereferenceable(32) %1774, i64* noundef nonnull align 8 dereferenceable(8) %5, i64 noundef 0)",/home/jimi/PaperExperiment/CompilerOptimization/Result/flatbuffers/dg/dg-LLVM14-O2-g/high_precision_20260326_164052/log/dda_inv.dot.stderr.log
dda_inv,DDA,ssa+inv,dot,"[pta] UNHANDLED:   invoke void @_ZN11flatbuffers20NewTextCodeGeneratorEv(%""class.std::unique_ptr.151""* nonnull sret(%""class.std::unique_ptr.151"") align 8 %75)",/home/jimi/PaperExperiment/CompilerOptimization/Result/flatbuffers/dg/dg-LLVM14-O2-g/high_precision_20260326_164052/log/dda_inv.dot.stderr.log
dda_inv,DDA,ssa+inv,dot,"[pta] UNHANDLED:   %2641 = landingpad { i8*, i32 }",/home/jimi/PaperExperiment/CompilerOptimization/Result/flatbuffers/dg/dg-LLVM14-O2-g/high_precision_20260326_164052/log/dda_inv.dot.stderr.log
dda_inv,DDA,ssa+inv,dot,"[pta] UNHANDLED:   invoke void @_ZNSt12__shared_ptrIN11flatbuffers13CodeGeneratorELN9__gnu_cxx12_Lock_policyE2EEC2IS1_St14default_deleteIS1_EvEEOSt10unique_ptrIT_T0_E(%""class.std::__shared_ptr""* noundef nonnull align 8 dereferenceable(16) %1788, %""class.std::unique_ptr.151""* noundef nonnull align 8 dereferenceable(8) %75)",/home/jimi/PaperExperiment/CompilerOptimization/Result/flatbuffers/dg/dg-LLVM14-O2-g/high_precision_20260326_164052/log/dda_inv.dot.stderr.log
dda_inv,DDA,ssa+inv,dot,"[pta] UNHANDLED:   %2625 = landingpad { i8*, i32 }",/home/jimi/PaperExperiment/CompilerOptimization/Result/flatbuffers/dg/dg-LLVM14-O2-g/high_precision_20260326_164052/log/dda_inv.dot.stderr.log
dda_inv,DDA,ssa+inv,dot,"[pta] UNHANDLED:   %1790 = invoke noundef zeroext i1 bitcast (i1 (%""class.flatbuffers::FlatCompiler""*, %""struct.flatbuffers::FlatCOption""*, %""class.std::shared_ptr""*)* @_ZN11flatbuffers12FlatCompiler21RegisterCodeGeneratorERKNS_11FlatCOptionESt10shared_ptrINS_13CodeGeneratorEE to i1 (%""class.flatbuffers::FlatCompiler.2328""*, %""struct.flatbuffers::FlatCOption""*, %""class.std::shared_ptr""*)*)(%""class.flatbuffers::FlatCompiler.2328""* noundef nonnull align 8 dereferenceable(64) %24, %""struct.flatbuffers::FlatCOption""* noundef nonnull align 8 dereferenceable(128) %73, %""class.std::shared_ptr""* noundef nonnull %74)",/home/jimi/PaperExperiment/CompilerOptimization/Result/flatbuffers/dg/dg-LLVM14-O2-g/high_precision_20260326_164052/log/dda_inv.dot.stderr.log
dda_inv,DDA,ssa+inv,dot,"[pta] UNHANDLED:   %2627 = landingpad { i8*, i32 }",/home/jimi/PaperExperiment/CompilerOptimization/Result/flatbuffers/dg/dg-LLVM14-O2-g/high_precision_20260326_164052/log/dda_inv.dot.stderr.log
dda_inv,DDA,ssa+inv,dot,"[pta] UNHANDLED:   %2629 = landingpad { i8*, i32 }",/home/jimi/PaperExperiment/CompilerOptimization/Result/flatbuffers/dg/dg-LLVM14-O2-g/high_precision_20260326_164052/log/dda_inv.dot.stderr.log
dda_inv,DDA,ssa+inv,dot,"[pta] UNHANDLED:   %1879 = invoke noundef i8* @_ZNSt7__cxx1112basic_stringIcSt11char_traitsIcESaIcEE9_M_createERmm(%""class.std::__cxx11::basic_string""* noundef nonnull align 8 dereferenceable(32) %1875, i64* noundef nonnull align 8 dereferenceable(8) %4, i64 noundef 0)",/home/jimi/PaperExperiment/CompilerOptimization/Result/flatbuffers/dg/dg-LLVM14-O2-g/high_precision_20260326_164052/log/dda_inv.dot.stderr.log
dda_inv,DDA,ssa+inv,dot,"[pta] UNHANDLED:   invoke void @_ZN11flatbuffers21NewSwiftCodeGeneratorEv(%""class.std::unique_ptr.151""* nonnull sret(%""class.std::unique_ptr.151"") align 8 %78)",/home/jimi/PaperExperiment/CompilerOptimization/Result/flatbuffers/dg/dg-LLVM14-O2-g/high_precision_20260326_164052/log/dda_inv.dot.stderr.log
dda_inv,DDA,ssa+inv,dot,"[pta] UNHANDLED:   %2675 = landingpad { i8*, i32 }",/home/jimi/PaperExperiment/CompilerOptimization/Result/flatbuffers/dg/dg-LLVM14-O2-g/high_precision_20260326_164052/log/dda_inv.dot.stderr.log
dda_inv,DDA,ssa+inv,dot,"[pta] UNHANDLED:   invoke void @_ZNSt12__shared_ptrIN11flatbuffers13CodeGeneratorELN9__gnu_cxx12_Lock_policyE2EEC2IS1_St14default_deleteIS1_EvEEOSt10unique_ptrIT_T0_E(%""class.std::__shared_ptr""* noundef nonnull align 8 dereferenceable(16) %1889, %""class.std::unique_ptr.151""* noundef nonnull align 8 dereferenceable(8) %78)",/home/jimi/PaperExperiment/CompilerOptimization/Result/flatbuffers/dg/dg-LLVM14-O2-g/high_precision_20260326_164052/log/dda_inv.dot.stderr.log
dda_inv,DDA,ssa+inv,dot,"[pta] UNHANDLED:   %2659 = landingpad { i8*, i32 }",/home/jimi/PaperExperiment/CompilerOptimization/Result/flatbuffers/dg/dg-LLVM14-O2-g/high_precision_20260326_164052/log/dda_inv.dot.stderr.log
dda_inv,DDA,ssa+inv,dot,"[pta] UNHANDLED:   %1891 = invoke noundef zeroext i1 bitcast (i1 (%""class.flatbuffers::FlatCompiler""*, %""struct.flatbuffers::FlatCOption""*, %""class.std::shared_ptr""*)* @_ZN11flatbuffers12FlatCompiler21RegisterCodeGeneratorERKNS_11FlatCOptionESt10shared_ptrINS_13CodeGeneratorEE to i1 (%""class.flatbuffers::FlatCompiler.2328""*, %""struct.flatbuffers::FlatCOption""*, %""class.std::shared_ptr""*)*)(%""class.flatbuffers::FlatCompiler.2328""* noundef nonnull align 8 dereferenceable(64) %24, %""struct.flatbuffers::FlatCOption""* noundef nonnull align 8 dereferenceable(128) %76, %""class.std::shared_ptr""* noundef nonnull %77)",/home/jimi/PaperExperiment/CompilerOptimization/Result/flatbuffers/dg/dg-LLVM14-O2-g/high_precision_20260326_164052/log/dda_inv.dot.stderr.log
dda_inv,DDA,ssa+inv,dot,"[pta] UNHANDLED:   %2661 = landingpad { i8*, i32 }",/home/jimi/PaperExperiment/CompilerOptimization/Result/flatbuffers/dg/dg-LLVM14-O2-g/high_precision_20260326_164052/log/dda_inv.dot.stderr.log
dda_inv,DDA,ssa+inv,dot,"[pta] UNHANDLED:   %2663 = landingpad { i8*, i32 }",/home/jimi/PaperExperiment/CompilerOptimization/Result/flatbuffers/dg/dg-LLVM14-O2-g/high_precision_20260326_164052/log/dda_inv.dot.stderr.log
dda_inv,DDA,ssa+inv,dot,"[pta] UNHANDLED:   %1982 = invoke noundef i8* @_ZNSt7__cxx1112basic_stringIcSt11char_traitsIcESaIcEE9_M_createERmm(%""class.std::__cxx11::basic_string""* noundef nonnull align 8 dereferenceable(32) %1978, i64* noundef nonnull align 8 dereferenceable(8) %3, i64 noundef 0)",/home/jimi/PaperExperiment/CompilerOptimization/Result/flatbuffers/dg/dg-LLVM14-O2-g/high_precision_20260326_164052/log/dda_inv.dot.stderr.log
dda_inv,DDA,ssa+inv,dot,"[pta] UNHANDLED:   invoke void @_ZN11flatbuffers18NewTsCodeGeneratorEv(%""class.std::unique_ptr.151""* nonnull sret(%""class.std::unique_ptr.151"") align 8 %81)",/home/jimi/PaperExperiment/CompilerOptimization/Result/flatbuffers/dg/dg-LLVM14-O2-g/high_precision_20260326_164052/log/dda_inv.dot.stderr.log
dda_inv,DDA,ssa+inv,dot,"[pta] UNHANDLED:   %2709 = landingpad { i8*, i32 }",/home/jimi/PaperExperiment/CompilerOptimization/Result/flatbuffers/dg/dg-LLVM14-O2-g/high_precision_20260326_164052/log/dda_inv.dot.stderr.log
dda_inv,DDA,ssa+inv,dot,"[pta] UNHANDLED:   invoke void @_ZNSt12__shared_ptrIN11flatbuffers13CodeGeneratorELN9__gnu_cxx12_Lock_policyE2EEC2IS1_St14default_deleteIS1_EvEEOSt10unique_ptrIT_T0_E(%""class.std::__shared_ptr""* noundef nonnull align 8 dereferenceable(16) %1992, %""class.std::unique_ptr.151""* noundef nonnull align 8 dereferenceable(8) %81)",/home/jimi/PaperExperiment/CompilerOptimization/Result/flatbuffers/dg/dg-LLVM14-O2-g/high_precision_20260326_164052/log/dda_inv.dot.stderr.log
dda_inv,DDA,ssa+inv,dot,"[pta] UNHANDLED:   %2693 = landingpad { i8*, i32 }",/home/jimi/PaperExperiment/CompilerOptimization/Result/flatbuffers/dg/dg-LLVM14-O2-g/high_precision_20260326_164052/log/dda_inv.dot.stderr.log
dda_inv,DDA,ssa+inv,dot,"[pta] UNHANDLED:   %1994 = invoke noundef zeroext i1 bitcast (i1 (%""class.flatbuffers::FlatCompiler""*, %""struct.flatbuffers::FlatCOption""*, %""class.std::shared_ptr""*)* @_ZN11flatbuffers12FlatCompiler21RegisterCodeGeneratorERKNS_11FlatCOptionESt10shared_ptrINS_13CodeGeneratorEE to i1 (%""class.flatbuffers::FlatCompiler.2328""*, %""struct.flatbuffers::FlatCOption""*, %""class.std::shared_ptr""*)*)(%""class.flatbuffers::FlatCompiler.2328""* noundef nonnull align 8 dereferenceable(64) %24, %""struct.flatbuffers::FlatCOption""* noundef nonnull align 8 dereferenceable(128) %79, %""class.std::shared_ptr""* noundef nonnull %80)",/home/jimi/PaperExperiment/CompilerOptimization/Result/flatbuffers/dg/dg-LLVM14-O2-g/high_precision_20260326_164052/log/dda_inv.dot.stderr.log
dda_inv,DDA,ssa+inv,dot,"[pta] UNHANDLED:   %2695 = landingpad { i8*, i32 }",/home/jimi/PaperExperiment/CompilerOptimization/Result/flatbuffers/dg/dg-LLVM14-O2-g/high_precision_20260326_164052/log/dda_inv.dot.stderr.log
dda_inv,DDA,ssa+inv,dot,"[pta] UNHANDLED:   %2697 = landingpad { i8*, i32 }",/home/jimi/PaperExperiment/CompilerOptimization/Result/flatbuffers/dg/dg-LLVM14-O2-g/high_precision_20260326_164052/log/dda_inv.dot.stderr.log
dda_inv,DDA,ssa+inv,dot,"[pta] UNHANDLED:   invoke void bitcast (void (%""struct.flatbuffers::FlatCOptions""*, %""class.flatbuffers::FlatCompiler""*, i32, i8**)* @_ZN11flatbuffers12FlatCompiler29ParseFromCommandLineArgumentsEiPPKc to void (%""struct.flatbuffers::FlatCOptions""*, %""class.flatbuffers::FlatCompiler.2328""*, i32, i8**)*)(%""struct.flatbuffers::FlatCOptions""* nonnull sret(%""struct.flatbuffers::FlatCOptions"") align 8 %82, %""class.flatbuffers::FlatCompiler.2328""* noundef nonnull align 8 dereferenceable(64) %24, i32 noundef %0, i8** noundef nonnull %1)",/home/jimi/PaperExperiment/CompilerOptimization/Result/flatbuffers/dg/dg-LLVM14-O2-g/high_precision_20260326_164052/log/dda_inv.dot.stderr.log
dda_inv,DDA,ssa+inv,dot,"[pta] UNHANDLED:   %2727 = landingpad { i8*, i32 }",/home/jimi/PaperExperiment/CompilerOptimization/Result/flatbuffers/dg/dg-LLVM14-O2-g/high_precision_20260326_164052/log/dda_inv.dot.stderr.log
dda_inv,DDA,ssa+inv,dot,[pta] UNHANDLED:   %2731 = invoke noalias noundef nonnull dereferenceable(8) i8* @_Znwm(i64 noundef 8) #52,/home/jimi/PaperExperiment/CompilerOptimization/Result/flatbuffers/dg/dg-LLVM14-O2-g/high_precision_20260326_164052/log/dda_inv.dot.stderr.log
dda_inv,DDA,ssa+inv,dot,"[pta] UNHANDLED:   %2739 = invoke noundef i32 bitcast (i32 (%""class.flatbuffers::FlatCompiler""*, %""struct.flatbuffers::FlatCOptions""*)* @_ZN11flatbuffers12FlatCompiler7CompileERKNS_12FlatCOptionsE to i32 (%""class.flatbuffers::FlatCompiler.2328""*, %""struct.flatbuffers::FlatCOptions""*)*)(%""class.flatbuffers::FlatCompiler.2328""* noundef nonnull align 8 dereferenceable(64) %24, %""struct.flatbuffers::FlatCOptions""* noundef nonnull align 8 dereferenceable(1104) %82)",/home/jimi/PaperExperiment/CompilerOptimization/Result/flatbuffers/dg/dg-LLVM14-O2-g/high_precision_20260326_164052/log/dda_inv.dot.stderr.log
dda_inv,DDA,ssa+inv,dot,"[pta] UNHANDLED:   %2729 = landingpad { i8*, i32 }",/home/jimi/PaperExperiment/CompilerOptimization/Result/flatbuffers/dg/dg-LLVM14-O2-g/high_precision_20260326_164052/log/dda_inv.dot.stderr.log
dda_inv,DDA,ssa+inv,dot,[pta] UNHANDLED:   %2067 = invoke noalias noundef nonnull dereferenceable(56) i8* @_Znwm(i64 noundef 56) #52,/home/jimi/PaperExperiment/CompilerOptimization/Result/flatbuffers/dg/dg-LLVM14-O2-g/high_precision_20260326_164052/log/dda_inv.dot.stderr.log
dda_inv,DDA,ssa+inv,dot,"[pta] UNHANDLED:   invoke void %2745(%""class.flatbuffers::FileSaver""* noundef nonnull align 8 dereferenceable(8) %2741)",/home/jimi/PaperExperiment/CompilerOptimization/Result/flatbuffers/dg/dg-LLVM14-O2-g/high_precision_20260326_164052/log/dda_inv.dot.stderr.log
dda_inv,DDA,ssa+inv,dot,"[pta] UNHANDLED:   %2763 = landingpad { i8*, i32 }",/home/jimi/PaperExperiment/CompilerOptimization/Result/flatbuffers/dg/dg-LLVM14-O2-g/high_precision_20260326_164052/log/dda_inv.dot.stderr.log
dda_inv,DDA,ssa+inv,dot,"[pta] UNHANDLED:   invoke void @_ZNSt8_Rb_treeINSt7__cxx1112basic_stringIcSt11char_traitsIcESaIcEEESt4pairIKS5_St10shared_ptrIN11flatbuffers13CodeGeneratorEEESt10_Select1stISC_ESt4lessIS5_ESaISC_EE8_M_eraseEPSt13_Rb_tree_nodeISC_E(%""class.std::_Rb_tree""* noundef nonnull align 8 dereferenceable(48) %2751, %""struct.std::_Rb_tree_node.354""* noundef %2753)",/home/jimi/PaperExperiment/CompilerOptimization/Result/flatbuffers/dg/dg-LLVM14-O2-g/high_precision_20260326_164052/log/dda_inv.dot.stderr.log
dda_inv,DDA,ssa+inv,dot,"[pta] UNHANDLED:   %2755 = landingpad { i8*, i32 }",/home/jimi/PaperExperiment/CompilerOptimization/Result/flatbuffers/dg/dg-LLVM14-O2-g/high_precision_20260326_164052/log/dda_inv.dot.stderr.log
cda_ntscd_icfg_quiet,CDA,ntscd+icfg+pta+q,lines,"[pta] UNHANDLED:   %148 = invoke noundef i8* @_ZNSt7__cxx1112basic_stringIcSt11char_traitsIcESaIcEE9_M_createERmm(%""class.std::__cxx11::basic_string""* noundef nonnull align 8 dereferenceable(32) %144, i64* noundef nonnull align 8 dereferenceable(8) %21, i64 noundef 0)",/home/jimi/PaperExperiment/CompilerOptimization/Result/flatbuffers/dg/dg-LLVM14-O2-g/high_precision_20260326_164052/log/cda_ntscd_icfg_quiet.lines.stderr.log
cda_ntscd_icfg_quiet,CDA,ntscd+icfg+pta+q,lines,"[pta] UNHANDLED:   invoke void @_ZN11flatbuffers22NewBinaryCodeGeneratorEv(%""class.std::unique_ptr.151""* nonnull sret(%""class.std::unique_ptr.151"") align 8 %27)",/home/jimi/PaperExperiment/CompilerOptimization/Result/flatbuffers/dg/dg-LLVM14-O2-g/high_precision_20260326_164052/log/cda_ntscd_icfg_quiet.lines.stderr.log
cda_ntscd_icfg_quiet,CDA,ntscd+icfg+pta+q,lines,"[pta] UNHANDLED:   invoke void @_ZNSt8_Rb_treeINSt7__cxx1112basic_stringIcSt11char_traitsIcESaIcEEESt4pairIKS5_St10shared_ptrIN11flatbuffers13CodeGeneratorEEESt10_Select1stISC_ESt4lessIS5_ESaISC_EE8_M_eraseEPSt13_Rb_tree_nodeISC_E(%""class.std::_Rb_tree""* noundef nonnull align 8 dereferenceable(48) %2, %""struct.std::_Rb_tree_node.354""* noundef %6)",/home/jimi/PaperExperiment/CompilerOptimization/Result/flatbuffers/dg/dg-LLVM14-O2-g/high_precision_20260326_164052/log/cda_ntscd_icfg_quiet.lines.stderr.log
cda_ntscd_icfg_quiet,CDA,ntscd+icfg+pta+q,lines,"[pta] UNHANDLED:   %8 = landingpad { i8*, i32 }",/home/jimi/PaperExperiment/CompilerOptimization/Result/flatbuffers/dg/dg-LLVM14-O2-g/high_precision_20260326_164052/log/cda_ntscd_icfg_quiet.lines.stderr.log
cda_ntscd_icfg_quiet,CDA,ntscd+icfg+pta+q,lines,"[pta] UNHANDLED:   %2097 = landingpad { i8*, i32 }",/home/jimi/PaperExperiment/CompilerOptimization/Result/flatbuffers/dg/dg-LLVM14-O2-g/high_precision_20260326_164052/log/cda_ntscd_icfg_quiet.lines.stderr.log
cda_ntscd_icfg_quiet,CDA,ntscd+icfg+pta+q,lines,"[pta] UNHANDLED:   invoke void @_ZNSt12__shared_ptrIN11flatbuffers13CodeGeneratorELN9__gnu_cxx12_Lock_policyE2EEC2IS1_St14default_deleteIS1_EvEEOSt10unique_ptrIT_T0_E(%""class.std::__shared_ptr""* noundef nonnull align 8 dereferenceable(16) %158, %""class.std::unique_ptr.151""* noundef nonnull align 8 dereferenceable(8) %27)",/home/jimi/PaperExperiment/CompilerOptimization/Result/flatbuffers/dg/dg-LLVM14-O2-g/high_precision_20260326_164052/log/cda_ntscd_icfg_quiet.lines.stderr.log
cda_ntscd_icfg_quiet,CDA,ntscd+icfg+pta+q,lines,"[pta] UNHANDLED:   %2081 = landingpad { i8*, i32 }",/home/jimi/PaperExperiment/CompilerOptimization/Result/flatbuffers/dg/dg-LLVM14-O2-g/high_precision_20260326_164052/log/cda_ntscd_icfg_quiet.lines.stderr.log
cda_ntscd_icfg_quiet,CDA,ntscd+icfg+pta+q,lines,"[pta] UNHANDLED:   resume { i8*, i32 } %2773, !dbg !106616",/home/jimi/PaperExperiment/CompilerOptimization/Result/flatbuffers/dg/dg-LLVM14-O2-g/high_precision_20260326_164052/log/cda_ntscd_icfg_quiet.lines.stderr.log
cda_ntscd_icfg_quiet,CDA,ntscd+icfg+pta+q,lines,"[pta] UNHANDLED:   %160 = invoke noundef zeroext i1 bitcast (i1 (%""class.flatbuffers::FlatCompiler""*, %""struct.flatbuffers::FlatCOption""*, %""class.std::shared_ptr""*)* @_ZN11flatbuffers12FlatCompiler21RegisterCodeGeneratorERKNS_11FlatCOptionESt10shared_ptrINS_13CodeGeneratorEE to i1 (%""class.flatbuffers::FlatCompiler.2328""*, %""struct.flatbuffers::FlatCOption""*, %""class.std::shared_ptr""*)*)(%""class.flatbuffers::FlatCompiler.2328""* noundef nonnull align 8 dereferenceable(64) %24, %""struct.flatbuffers::FlatCOption""* noundef nonnull align 8 dereferenceable(128) %25, %""class.std::shared_ptr""* noundef nonnull %26)",/home/jimi/PaperExperiment/CompilerOptimization/Result/flatbuffers/dg/dg-LLVM14-O2-g/high_precision_20260326_164052/log/cda_ntscd_icfg_quiet.lines.stderr.log
cda_ntscd_icfg_quiet,CDA,ntscd+icfg+pta+q,lines,"[pta] UNHANDLED:   %2083 = landingpad { i8*, i32 }",/home/jimi/PaperExperiment/CompilerOptimization/Result/flatbuffers/dg/dg-LLVM14-O2-g/high_precision_20260326_164052/log/cda_ntscd_icfg_quiet.lines.stderr.log
cda_ntscd_icfg_quiet,CDA,ntscd+icfg+pta+q,lines,"[pta] UNHANDLED:   %2085 = landingpad { i8*, i32 }",/home/jimi/PaperExperiment/CompilerOptimization/Result/flatbuffers/dg/dg-LLVM14-O2-g/high_precision_20260326_164052/log/cda_ntscd_icfg_quiet.lines.stderr.log
cda_ntscd_icfg_quiet,CDA,ntscd+icfg+pta+q,lines,"[pta] UNHANDLED:   %250 = invoke noundef i8* @_ZNSt7__cxx1112basic_stringIcSt11char_traitsIcESaIcEE9_M_createERmm(%""class.std::__cxx11::basic_string""* noundef nonnull align 8 dereferenceable(32) %246, i64* noundef nonnull align 8 dereferenceable(8) %20, i64 noundef 0)",/home/jimi/PaperExperiment/CompilerOptimization/Result/flatbuffers/dg/dg-LLVM14-O2-g/high_precision_20260326_164052/log/cda_ntscd_icfg_quiet.lines.stderr.log
cda_ntscd_icfg_quiet,CDA,ntscd+icfg+pta+q,lines,"[pta] UNHANDLED:   invoke void @_ZN11flatbuffers19NewCppCodeGeneratorEv(%""class.std::unique_ptr.151""* nonnull sret(%""class.std::unique_ptr.151"") align 8 %30)",/home/jimi/PaperExperiment/CompilerOptimization/Result/flatbuffers/dg/dg-LLVM14-O2-g/high_precision_20260326_164052/log/cda_ntscd_icfg_quiet.lines.stderr.log
cda_ntscd_icfg_quiet,CDA,ntscd+icfg+pta+q,lines,"[pta] UNHANDLED:   %2131 = landingpad { i8*, i32 }",/home/jimi/PaperExperiment/CompilerOptimization/Result/flatbuffers/dg/dg-LLVM14-O2-g/high_precision_20260326_164052/log/cda_ntscd_icfg_quiet.lines.stderr.log
cda_ntscd_icfg_quiet,CDA,ntscd+icfg+pta+q,lines,"[pta] UNHANDLED:   invoke void @_ZNSt12__shared_ptrIN11flatbuffers13CodeGeneratorELN9__gnu_cxx12_Lock_policyE2EEC2IS1_St14default_deleteIS1_EvEEOSt10unique_ptrIT_T0_E(%""class.std::__shared_ptr""* noundef nonnull align 8 dereferenceable(16) %260, %""class.std::unique_ptr.151""* noundef nonnull align 8 dereferenceable(8) %30)",/home/jimi/PaperExperiment/CompilerOptimization/Result/flatbuffers/dg/dg-LLVM14-O2-g/high_precision_20260326_164052/log/cda_ntscd_icfg_quiet.lines.stderr.log
cda_ntscd_icfg_quiet,CDA,ntscd+icfg+pta+q,lines,"[pta] UNHANDLED:   %2115 = landingpad { i8*, i32 }",/home/jimi/PaperExperiment/CompilerOptimization/Result/flatbuffers/dg/dg-LLVM14-O2-g/high_precision_20260326_164052/log/cda_ntscd_icfg_quiet.lines.stderr.log
cda_ntscd_icfg_quiet,CDA,ntscd+icfg+pta+q,lines,"[pta] UNHANDLED:   %262 = invoke noundef zeroext i1 bitcast (i1 (%""class.flatbuffers::FlatCompiler""*, %""struct.flatbuffers::FlatCOption""*, %""class.std::shared_ptr""*)* @_ZN11flatbuffers12FlatCompiler21RegisterCodeGeneratorERKNS_11FlatCOptionESt10shared_ptrINS_13CodeGeneratorEE to i1 (%""class.flatbuffers::FlatCompiler.2328""*, %""struct.flatbuffers::FlatCOption""*, %""class.std::shared_ptr""*)*)(%""class.flatbuffers::FlatCompiler.2328""* noundef nonnull align 8 dereferenceable(64) %24, %""struct.flatbuffers::FlatCOption""* noundef nonnull align 8 dereferenceable(128) %28, %""class.std::shared_ptr""* noundef nonnull %29)",/home/jimi/PaperExperiment/CompilerOptimization/Result/flatbuffers/dg/dg-LLVM14-O2-g/high_precision_20260326_164052/log/cda_ntscd_icfg_quiet.lines.stderr.log
cda_ntscd_icfg_quiet,CDA,ntscd+icfg+pta+q,lines,"[pta] UNHANDLED:   %2117 = landingpad { i8*, i32 }",/home/jimi/PaperExperiment/CompilerOptimization/Result/flatbuffers/dg/dg-LLVM14-O2-g/high_precision_20260326_164052/log/cda_ntscd_icfg_quiet.lines.stderr.log
cda_ntscd_icfg_quiet,CDA,ntscd+icfg+pta+q,lines,"[pta] UNHANDLED:   %2119 = landingpad { i8*, i32 }",/home/jimi/PaperExperiment/CompilerOptimization/Result/flatbuffers/dg/dg-LLVM14-O2-g/high_precision_20260326_164052/log/cda_ntscd_icfg_quiet.lines.stderr.log
cda_ntscd_icfg_quiet,CDA,ntscd+icfg+pta+q,lines,"[pta] UNHANDLED:   %352 = invoke noundef i8* @_ZNSt7__cxx1112basic_stringIcSt11char_traitsIcESaIcEE9_M_createERmm(%""class.std::__cxx11::basic_string""* noundef nonnull align 8 dereferenceable(32) %348, i64* noundef nonnull align 8 dereferenceable(8) %19, i64 noundef 0)",/home/jimi/PaperExperiment/CompilerOptimization/Result/flatbuffers/dg/dg-LLVM14-O2-g/high_precision_20260326_164052/log/cda_ntscd_icfg_quiet.lines.stderr.log
cda_ntscd_icfg_quiet,CDA,ntscd+icfg+pta+q,lines,"[pta] UNHANDLED:   invoke void @_ZN11flatbuffers22NewCSharpCodeGeneratorEv(%""class.std::unique_ptr.151""* nonnull sret(%""class.std::unique_ptr.151"") align 8 %33)",/home/jimi/PaperExperiment/CompilerOptimization/Result/flatbuffers/dg/dg-LLVM14-O2-g/high_precision_20260326_164052/log/cda_ntscd_icfg_quiet.lines.stderr.log
cda_ntscd_icfg_quiet,CDA,ntscd+icfg+pta+q,lines,"[pta] UNHANDLED:   %2165 = landingpad { i8*, i32 }",/home/jimi/PaperExperiment/CompilerOptimization/Result/flatbuffers/dg/dg-LLVM14-O2-g/high_precision_20260326_164052/log/cda_ntscd_icfg_quiet.lines.stderr.log
cda_ntscd_icfg_quiet,CDA,ntscd+icfg+pta+q,lines,"[pta] UNHANDLED:   invoke void @_ZNSt12__shared_ptrIN11flatbuffers13CodeGeneratorELN9__gnu_cxx12_Lock_policyE2EEC2IS1_St14default_deleteIS1_EvEEOSt10unique_ptrIT_T0_E(%""class.std::__shared_ptr""* noundef nonnull align 8 dereferenceable(16) %362, %""class.std::unique_ptr.151""* noundef nonnull align 8 dereferenceable(8) %33)",/home/jimi/PaperExperiment/CompilerOptimization/Result/flatbuffers/dg/dg-LLVM14-O2-g/high_precision_20260326_164052/log/cda_ntscd_icfg_quiet.lines.stderr.log
cda_ntscd_icfg_quiet,CDA,ntscd+icfg+pta+q,lines,"[pta] UNHANDLED:   %2149 = landingpad { i8*, i32 }",/home/jimi/PaperExperiment/CompilerOptimization/Result/flatbuffers/dg/dg-LLVM14-O2-g/high_precision_20260326_164052/log/cda_ntscd_icfg_quiet.lines.stderr.log
cda_ntscd_icfg_quiet,CDA,ntscd+icfg+pta+q,lines,"[pta] UNHANDLED:   %364 = invoke noundef zeroext i1 bitcast (i1 (%""class.flatbuffers::FlatCompiler""*, %""struct.flatbuffers::FlatCOption""*, %""class.std::shared_ptr""*)* @_ZN11flatbuffers12FlatCompiler21RegisterCodeGeneratorERKNS_11FlatCOptionESt10shared_ptrINS_13CodeGeneratorEE to i1 (%""class.flatbuffers::FlatCompiler.2328""*, %""struct.flatbuffers::FlatCOption""*, %""class.std::shared_ptr""*)*)(%""class.flatbuffers::FlatCompiler.2328""* noundef nonnull align 8 dereferenceable(64) %24, %""struct.flatbuffers::FlatCOption""* noundef nonnull align 8 dereferenceable(128) %31, %""class.std::shared_ptr""* noundef nonnull %32)",/home/jimi/PaperExperiment/CompilerOptimization/Result/flatbuffers/dg/dg-LLVM14-O2-g/high_precision_20260326_164052/log/cda_ntscd_icfg_quiet.lines.stderr.log
cda_ntscd_icfg_quiet,CDA,ntscd+icfg+pta+q,lines,"[pta] UNHANDLED:   %2151 = landingpad { i8*, i32 }",/home/jimi/PaperExperiment/CompilerOptimization/Result/flatbuffers/dg/dg-LLVM14-O2-g/high_precision_20260326_164052/log/cda_ntscd_icfg_quiet.lines.stderr.log
cda_ntscd_icfg_quiet,CDA,ntscd+icfg+pta+q,lines,"[pta] UNHANDLED:   %2153 = landingpad { i8*, i32 }",/home/jimi/PaperExperiment/CompilerOptimization/Result/flatbuffers/dg/dg-LLVM14-O2-g/high_precision_20260326_164052/log/cda_ntscd_icfg_quiet.lines.stderr.log
cda_ntscd_icfg_quiet,CDA,ntscd+icfg+pta+q,lines,"[pta] UNHANDLED:   %455 = invoke noundef i8* @_ZNSt7__cxx1112basic_stringIcSt11char_traitsIcESaIcEE9_M_createERmm(%""class.std::__cxx11::basic_string""* noundef nonnull align 8 dereferenceable(32) %451, i64* noundef nonnull align 8 dereferenceable(8) %18, i64 noundef 0)",/home/jimi/PaperExperiment/CompilerOptimization/Result/flatbuffers/dg/dg-LLVM14-O2-g/high_precision_20260326_164052/log/cda_ntscd_icfg_quiet.lines.stderr.log
cda_ntscd_icfg_quiet,CDA,ntscd+icfg+pta+q,lines,"[pta] UNHANDLED:   invoke void @_ZN11flatbuffers20NewDartCodeGeneratorEv(%""class.std::unique_ptr.151""* nonnull sret(%""class.std::unique_ptr.151"") align 8 %36)",/home/jimi/PaperExperiment/CompilerOptimization/Result/flatbuffers/dg/dg-LLVM14-O2-g/high_precision_20260326_164052/log/cda_ntscd_icfg_quiet.lines.stderr.log
cda_ntscd_icfg_quiet,CDA,ntscd+icfg+pta+q,lines,"[pta] UNHANDLED:   %2199 = landingpad { i8*, i32 }",/home/jimi/PaperExperiment/CompilerOptimization/Result/flatbuffers/dg/dg-LLVM14-O2-g/high_precision_20260326_164052/log/cda_ntscd_icfg_quiet.lines.stderr.log
cda_ntscd_icfg_quiet,CDA,ntscd+icfg+pta+q,lines,"[pta] UNHANDLED:   invoke void @_ZNSt12__shared_ptrIN11flatbuffers13CodeGeneratorELN9__gnu_cxx12_Lock_policyE2EEC2IS1_St14default_deleteIS1_EvEEOSt10unique_ptrIT_T0_E(%""class.std::__shared_ptr""* noundef nonnull align 8 dereferenceable(16) %465, %""class.std::unique_ptr.151""* noundef nonnull align 8 dereferenceable(8) %36)",/home/jimi/PaperExperiment/CompilerOptimization/Result/flatbuffers/dg/dg-LLVM14-O2-g/high_precision_20260326_164052/log/cda_ntscd_icfg_quiet.lines.stderr.log
cda_ntscd_icfg_quiet,CDA,ntscd+icfg+pta+q,lines,"[pta] UNHANDLED:   %2183 = landingpad { i8*, i32 }",/home/jimi/PaperExperiment/CompilerOptimization/Result/flatbuffers/dg/dg-LLVM14-O2-g/high_precision_20260326_164052/log/cda_ntscd_icfg_quiet.lines.stderr.log
cda_ntscd_icfg_quiet,CDA,ntscd+icfg+pta+q,lines,"[pta] UNHANDLED:   %467 = invoke noundef zeroext i1 bitcast (i1 (%""class.flatbuffers::FlatCompiler""*, %""struct.flatbuffers::FlatCOption""*, %""class.std::shared_ptr""*)* @_ZN11flatbuffers12FlatCompiler21RegisterCodeGeneratorERKNS_11FlatCOptionESt10shared_ptrINS_13CodeGeneratorEE to i1 (%""class.flatbuffers::FlatCompiler.2328""*, %""struct.flatbuffers::FlatCOption""*, %""class.std::shared_ptr""*)*)(%""class.flatbuffers::FlatCompiler.2328""* noundef nonnull align 8 dereferenceable(64) %24, %""struct.flatbuffers::FlatCOption""* noundef nonnull align 8 dereferenceable(128) %34, %""class.std::shared_ptr""* noundef nonnull %35)",/home/jimi/PaperExperiment/CompilerOptimization/Result/flatbuffers/dg/dg-LLVM14-O2-g/high_precision_20260326_164052/log/cda_ntscd_icfg_quiet.lines.stderr.log
cda_ntscd_icfg_quiet,CDA,ntscd+icfg+pta+q,lines,"[pta] UNHANDLED:   %2185 = landingpad { i8*, i32 }",/home/jimi/PaperExperiment/CompilerOptimization/Result/flatbuffers/dg/dg-LLVM14-O2-g/high_precision_20260326_164052/log/cda_ntscd_icfg_quiet.lines.stderr.log
cda_ntscd_icfg_quiet,CDA,ntscd+icfg+pta+q,lines,"[pta] UNHANDLED:   %2187 = landingpad { i8*, i32 }",/home/jimi/PaperExperiment/CompilerOptimization/Result/flatbuffers/dg/dg-LLVM14-O2-g/high_precision_20260326_164052/log/cda_ntscd_icfg_quiet.lines.stderr.log
cda_ntscd_icfg_quiet,CDA,ntscd+icfg+pta+q,lines,"[pta] UNHANDLED:   %556 = invoke noundef i8* @_ZNSt7__cxx1112basic_stringIcSt11char_traitsIcESaIcEE9_M_createERmm(%""class.std::__cxx11::basic_string""* noundef nonnull align 8 dereferenceable(32) %552, i64* noundef nonnull align 8 dereferenceable(8) %17, i64 noundef 0)",/home/jimi/PaperExperiment/CompilerOptimization/Result/flatbuffers/dg/dg-LLVM14-O2-g/high_precision_20260326_164052/log/cda_ntscd_icfg_quiet.lines.stderr.log
cda_ntscd_icfg_quiet,CDA,ntscd+icfg+pta+q,lines,"[pta] UNHANDLED:   invoke void @_ZN11flatbuffers19NewFBSCodeGeneratorEb(%""class.std::unique_ptr.151""* nonnull sret(%""class.std::unique_ptr.151"") align 8 %39, i1 noundef zeroext false)",/home/jimi/PaperExperiment/CompilerOptimization/Result/flatbuffers/dg/dg-LLVM14-O2-g/high_precision_20260326_164052/log/cda_ntscd_icfg_quiet.lines.stderr.log
cda_ntscd_icfg_quiet,CDA,ntscd+icfg+pta+q,lines,"[pta] UNHANDLED:   %2233 = landingpad { i8*, i32 }",/home/jimi/PaperExperiment/CompilerOptimization/Result/flatbuffers/dg/dg-LLVM14-O2-g/high_precision_20260326_164052/log/cda_ntscd_icfg_quiet.lines.stderr.log
cda_ntscd_icfg_quiet,CDA,ntscd+icfg+pta+q,lines,"[pta] UNHANDLED:   invoke void @_ZNSt12__shared_ptrIN11flatbuffers13CodeGeneratorELN9__gnu_cxx12_Lock_policyE2EEC2IS1_St14default_deleteIS1_EvEEOSt10unique_ptrIT_T0_E(%""class.std::__shared_ptr""* noundef nonnull align 8 dereferenceable(16) %566, %""class.std::unique_ptr.151""* noundef nonnull align 8 dereferenceable(8) %39)",/home/jimi/PaperExperiment/CompilerOptimization/Result/flatbuffers/dg/dg-LLVM14-O2-g/high_precision_20260326_164052/log/cda_ntscd_icfg_quiet.lines.stderr.log
cda_ntscd_icfg_quiet,CDA,ntscd+icfg+pta+q,lines,"[pta] UNHANDLED:   %2217 = landingpad { i8*, i32 }",/home/jimi/PaperExperiment/CompilerOptimization/Result/flatbuffers/dg/dg-LLVM14-O2-g/high_precision_20260326_164052/log/cda_ntscd_icfg_quiet.lines.stderr.log
cda_ntscd_icfg_quiet,CDA,ntscd+icfg+pta+q,lines,"[pta] UNHANDLED:   %568 = invoke noundef zeroext i1 bitcast (i1 (%""class.flatbuffers::FlatCompiler""*, %""struct.flatbuffers::FlatCOption""*, %""class.std::shared_ptr""*)* @_ZN11flatbuffers12FlatCompiler21RegisterCodeGeneratorERKNS_11FlatCOptionESt10shared_ptrINS_13CodeGeneratorEE to i1 (%""class.flatbuffers::FlatCompiler.2328""*, %""struct.flatbuffers::FlatCOption""*, %""class.std::shared_ptr""*)*)(%""class.flatbuffers::FlatCompiler.2328""* noundef nonnull align 8 dereferenceable(64) %24, %""struct.flatbuffers::FlatCOption""* noundef nonnull align 8 dereferenceable(128) %37, %""class.std::shared_ptr""* noundef nonnull %38)",/home/jimi/PaperExperiment/CompilerOptimization/Result/flatbuffers/dg/dg-LLVM14-O2-g/high_precision_20260326_164052/log/cda_ntscd_icfg_quiet.lines.stderr.log
cda_ntscd_icfg_quiet,CDA,ntscd+icfg+pta+q,lines,"[pta] UNHANDLED:   %2219 = landingpad { i8*, i32 }",/home/jimi/PaperExperiment/CompilerOptimization/Result/flatbuffers/dg/dg-LLVM14-O2-g/high_precision_20260326_164052/log/cda_ntscd_icfg_quiet.lines.stderr.log
cda_ntscd_icfg_quiet,CDA,ntscd+icfg+pta+q,lines,"[pta] UNHANDLED:   %2221 = landingpad { i8*, i32 }",/home/jimi/PaperExperiment/CompilerOptimization/Result/flatbuffers/dg/dg-LLVM14-O2-g/high_precision_20260326_164052/log/cda_ntscd_icfg_quiet.lines.stderr.log
cda_ntscd_icfg_quiet,CDA,ntscd+icfg+pta+q,lines,"[pta] UNHANDLED:   %659 = invoke noundef i8* @_ZNSt7__cxx1112basic_stringIcSt11char_traitsIcESaIcEE9_M_createERmm(%""class.std::__cxx11::basic_string""* noundef nonnull align 8 dereferenceable(32) %655, i64* noundef nonnull align 8 dereferenceable(8) %16, i64 noundef 0)",/home/jimi/PaperExperiment/CompilerOptimization/Result/flatbuffers/dg/dg-LLVM14-O2-g/high_precision_20260326_164052/log/cda_ntscd_icfg_quiet.lines.stderr.log
cda_ntscd_icfg_quiet,CDA,ntscd+icfg+pta+q,lines,"[pta] UNHANDLED:   invoke void @_ZN11flatbuffers18NewGoCodeGeneratorEv(%""class.std::unique_ptr.151""* nonnull sret(%""class.std::unique_ptr.151"") align 8 %42)",/home/jimi/PaperExperiment/CompilerOptimization/Result/flatbuffers/dg/dg-LLVM14-O2-g/high_precision_20260326_164052/log/cda_ntscd_icfg_quiet.lines.stderr.log
cda_ntscd_icfg_quiet,CDA,ntscd+icfg+pta+q,lines,"[pta] UNHANDLED:   %2267 = landingpad { i8*, i32 }",/home/jimi/PaperExperiment/CompilerOptimization/Result/flatbuffers/dg/dg-LLVM14-O2-g/high_precision_20260326_164052/log/cda_ntscd_icfg_quiet.lines.stderr.log
cda_ntscd_icfg_quiet,CDA,ntscd+icfg+pta+q,lines,"[pta] UNHANDLED:   invoke void @_ZNSt12__shared_ptrIN11flatbuffers13CodeGeneratorELN9__gnu_cxx12_Lock_policyE2EEC2IS1_St14default_deleteIS1_EvEEOSt10unique_ptrIT_T0_E(%""class.std::__shared_ptr""* noundef nonnull align 8 dereferenceable(16) %669, %""class.std::unique_ptr.151""* noundef nonnull align 8 dereferenceable(8) %42)",/home/jimi/PaperExperiment/CompilerOptimization/Result/flatbuffers/dg/dg-LLVM14-O2-g/high_precision_20260326_164052/log/cda_ntscd_icfg_quiet.lines.stderr.log
cda_ntscd_icfg_quiet,CDA,ntscd+icfg+pta+q,lines,"[pta] UNHANDLED:   %2251 = landingpad { i8*, i32 }",/home/jimi/PaperExperiment/CompilerOptimization/Result/flatbuffers/dg/dg-LLVM14-O2-g/high_precision_20260326_164052/log/cda_ntscd_icfg_quiet.lines.stderr.log
cda_ntscd_icfg_quiet,CDA,ntscd+icfg+pta+q,lines,"[pta] UNHANDLED:   %671 = invoke noundef zeroext i1 bitcast (i1 (%""class.flatbuffers::FlatCompiler""*, %""struct.flatbuffers::FlatCOption""*, %""class.std::shared_ptr""*)* @_ZN11flatbuffers12FlatCompiler21RegisterCodeGeneratorERKNS_11FlatCOptionESt10shared_ptrINS_13CodeGeneratorEE to i1 (%""class.flatbuffers::FlatCompiler.2328""*, %""struct.flatbuffers::FlatCOption""*, %""class.std::shared_ptr""*)*)(%""class.flatbuffers::FlatCompiler.2328""* noundef nonnull align 8 dereferenceable(64) %24, %""struct.flatbuffers::FlatCOption""* noundef nonnull align 8 dereferenceable(128) %40, %""class.std::shared_ptr""* noundef nonnull %41)",/home/jimi/PaperExperiment/CompilerOptimization/Result/flatbuffers/dg/dg-LLVM14-O2-g/high_precision_20260326_164052/log/cda_ntscd_icfg_quiet.lines.stderr.log
cda_ntscd_icfg_quiet,CDA,ntscd+icfg+pta+q,lines,"[pta] UNHANDLED:   %2253 = landingpad { i8*, i32 }",/home/jimi/PaperExperiment/CompilerOptimization/Result/flatbuffers/dg/dg-LLVM14-O2-g/high_precision_20260326_164052/log/cda_ntscd_icfg_quiet.lines.stderr.log
cda_ntscd_icfg_quiet,CDA,ntscd+icfg+pta+q,lines,"[pta] UNHANDLED:   %2255 = landingpad { i8*, i32 }",/home/jimi/PaperExperiment/CompilerOptimization/Result/flatbuffers/dg/dg-LLVM14-O2-g/high_precision_20260326_164052/log/cda_ntscd_icfg_quiet.lines.stderr.log
cda_ntscd_icfg_quiet,CDA,ntscd+icfg+pta+q,lines,"[pta] UNHANDLED:   %762 = invoke noundef i8* @_ZNSt7__cxx1112basic_stringIcSt11char_traitsIcESaIcEE9_M_createERmm(%""class.std::__cxx11::basic_string""* noundef nonnull align 8 dereferenceable(32) %758, i64* noundef nonnull align 8 dereferenceable(8) %15, i64 noundef 0)",/home/jimi/PaperExperiment/CompilerOptimization/Result/flatbuffers/dg/dg-LLVM14-O2-g/high_precision_20260326_164052/log/cda_ntscd_icfg_quiet.lines.stderr.log
cda_ntscd_icfg_quiet,CDA,ntscd+icfg+pta+q,lines,"[pta] UNHANDLED:   invoke void @_ZN11flatbuffers20NewJavaCodeGeneratorEv(%""class.std::unique_ptr.151""* nonnull sret(%""class.std::unique_ptr.151"") align 8 %45)",/home/jimi/PaperExperiment/CompilerOptimization/Result/flatbuffers/dg/dg-LLVM14-O2-g/high_precision_20260326_164052/log/cda_ntscd_icfg_quiet.lines.stderr.log
cda_ntscd_icfg_quiet,CDA,ntscd+icfg+pta+q,lines,"[pta] UNHANDLED:   %2301 = landingpad { i8*, i32 }",/home/jimi/PaperExperiment/CompilerOptimization/Result/flatbuffers/dg/dg-LLVM14-O2-g/high_precision_20260326_164052/log/cda_ntscd_icfg_quiet.lines.stderr.log
cda_ntscd_icfg_quiet,CDA,ntscd+icfg+pta+q,lines,"[pta] UNHANDLED:   invoke void @_ZNSt12__shared_ptrIN11flatbuffers13CodeGeneratorELN9__gnu_cxx12_Lock_policyE2EEC2IS1_St14default_deleteIS1_EvEEOSt10unique_ptrIT_T0_E(%""class.std::__shared_ptr""* noundef nonnull align 8 dereferenceable(16) %772, %""class.std::unique_ptr.151""* noundef nonnull align 8 dereferenceable(8) %45)",/home/jimi/PaperExperiment/CompilerOptimization/Result/flatbuffers/dg/dg-LLVM14-O2-g/high_precision_20260326_164052/log/cda_ntscd_icfg_quiet.lines.stderr.log
cda_ntscd_icfg_quiet,CDA,ntscd+icfg+pta+q,lines,"[pta] UNHANDLED:   %2285 = landingpad { i8*, i32 }",/home/jimi/PaperExperiment/CompilerOptimization/Result/flatbuffers/dg/dg-LLVM14-O2-g/high_precision_20260326_164052/log/cda_ntscd_icfg_quiet.lines.stderr.log
cda_ntscd_icfg_quiet,CDA,ntscd+icfg+pta+q,lines,"[pta] UNHANDLED:   %774 = invoke noundef zeroext i1 bitcast (i1 (%""class.flatbuffers::FlatCompiler""*, %""struct.flatbuffers::FlatCOption""*, %""class.std::shared_ptr""*)* @_ZN11flatbuffers12FlatCompiler21RegisterCodeGeneratorERKNS_11FlatCOptionESt10shared_ptrINS_13CodeGeneratorEE to i1 (%""class.flatbuffers::FlatCompiler.2328""*, %""struct.flatbuffers::FlatCOption""*, %""class.std::shared_ptr""*)*)(%""class.flatbuffers::FlatCompiler.2328""* noundef nonnull align 8 dereferenceable(64) %24, %""struct.flatbuffers::FlatCOption""* noundef nonnull align 8 dereferenceable(128) %43, %""class.std::shared_ptr""* noundef nonnull %44)",/home/jimi/PaperExperiment/CompilerOptimization/Result/flatbuffers/dg/dg-LLVM14-O2-g/high_precision_20260326_164052/log/cda_ntscd_icfg_quiet.lines.stderr.log
cda_ntscd_icfg_quiet,CDA,ntscd+icfg+pta+q,lines,"[pta] UNHANDLED:   %2287 = landingpad { i8*, i32 }",/home/jimi/PaperExperiment/CompilerOptimization/Result/flatbuffers/dg/dg-LLVM14-O2-g/high_precision_20260326_164052/log/cda_ntscd_icfg_quiet.lines.stderr.log
cda_ntscd_icfg_quiet,CDA,ntscd+icfg+pta+q,lines,"[pta] UNHANDLED:   %2289 = landingpad { i8*, i32 }",/home/jimi/PaperExperiment/CompilerOptimization/Result/flatbuffers/dg/dg-LLVM14-O2-g/high_precision_20260326_164052/log/cda_ntscd_icfg_quiet.lines.stderr.log
cda_ntscd_icfg_quiet,CDA,ntscd+icfg+pta+q,lines,"[pta] UNHANDLED:   %863 = invoke noundef i8* @_ZNSt7__cxx1112basic_stringIcSt11char_traitsIcESaIcEE9_M_createERmm(%""class.std::__cxx11::basic_string""* noundef nonnull align 8 dereferenceable(32) %859, i64* noundef nonnull align 8 dereferenceable(8) %14, i64 noundef 0)",/home/jimi/PaperExperiment/CompilerOptimization/Result/flatbuffers/dg/dg-LLVM14-O2-g/high_precision_20260326_164052/log/cda_ntscd_icfg_quiet.lines.stderr.log
cda_ntscd_icfg_quiet,CDA,ntscd+icfg+pta+q,lines,"[pta] UNHANDLED:   invoke void @_ZN11flatbuffers26NewJsonSchemaCodeGeneratorEv(%""class.std::unique_ptr.151""* nonnull sret(%""class.std::unique_ptr.151"") align 8 %48)",/home/jimi/PaperExperiment/CompilerOptimization/Result/flatbuffers/dg/dg-LLVM14-O2-g/high_precision_20260326_164052/log/cda_ntscd_icfg_quiet.lines.stderr.log
cda_ntscd_icfg_quiet,CDA,ntscd+icfg+pta+q,lines,"[pta] UNHANDLED:   %2335 = landingpad { i8*, i32 }",/home/jimi/PaperExperiment/CompilerOptimization/Result/flatbuffers/dg/dg-LLVM14-O2-g/high_precision_20260326_164052/log/cda_ntscd_icfg_quiet.lines.stderr.log
cda_ntscd_icfg_quiet,CDA,ntscd+icfg+pta+q,lines,"[pta] UNHANDLED:   invoke void @_ZNSt12__shared_ptrIN11flatbuffers13CodeGeneratorELN9__gnu_cxx12_Lock_policyE2EEC2IS1_St14default_deleteIS1_EvEEOSt10unique_ptrIT_T0_E(%""class.std::__shared_ptr""* noundef nonnull align 8 dereferenceable(16) %873, %""class.std::unique_ptr.151""* noundef nonnull align 8 dereferenceable(8) %48)",/home/jimi/PaperExperiment/CompilerOptimization/Result/flatbuffers/dg/dg-LLVM14-O2-g/high_precision_20260326_164052/log/cda_ntscd_icfg_quiet.lines.stderr.log
cda_ntscd_icfg_quiet,CDA,ntscd+icfg+pta+q,lines,"[pta] UNHANDLED:   %2319 = landingpad { i8*, i32 }",/home/jimi/PaperExperiment/CompilerOptimization/Result/flatbuffers/dg/dg-LLVM14-O2-g/high_precision_20260326_164052/log/cda_ntscd_icfg_quiet.lines.stderr.log
cda_ntscd_icfg_quiet,CDA,ntscd+icfg+pta+q,lines,"[pta] UNHANDLED:   %875 = invoke noundef zeroext i1 bitcast (i1 (%""class.flatbuffers::FlatCompiler""*, %""struct.flatbuffers::FlatCOption""*, %""class.std::shared_ptr""*)* @_ZN11flatbuffers12FlatCompiler21RegisterCodeGeneratorERKNS_11FlatCOptionESt10shared_ptrINS_13CodeGeneratorEE to i1 (%""class.flatbuffers::FlatCompiler.2328""*, %""struct.flatbuffers::FlatCOption""*, %""class.std::shared_ptr""*)*)(%""class.flatbuffers::FlatCompiler.2328""* noundef nonnull align 8 dereferenceable(64) %24, %""struct.flatbuffers::FlatCOption""* noundef nonnull align 8 dereferenceable(128) %46, %""class.std::shared_ptr""* noundef nonnull %47)",/home/jimi/PaperExperiment/CompilerOptimization/Result/flatbuffers/dg/dg-LLVM14-O2-g/high_precision_20260326_164052/log/cda_ntscd_icfg_quiet.lines.stderr.log
cda_ntscd_icfg_quiet,CDA,ntscd+icfg+pta+q,lines,"[pta] UNHANDLED:   %2321 = landingpad { i8*, i32 }",/home/jimi/PaperExperiment/CompilerOptimization/Result/flatbuffers/dg/dg-LLVM14-O2-g/high_precision_20260326_164052/log/cda_ntscd_icfg_quiet.lines.stderr.log
cda_ntscd_icfg_quiet,CDA,ntscd+icfg+pta+q,lines,"[pta] UNHANDLED:   %2323 = landingpad { i8*, i32 }",/home/jimi/PaperExperiment/CompilerOptimization/Result/flatbuffers/dg/dg-LLVM14-O2-g/high_precision_20260326_164052/log/cda_ntscd_icfg_quiet.lines.stderr.log
cda_ntscd_icfg_quiet,CDA,ntscd+icfg+pta+q,lines,"[pta] UNHANDLED:   %964 = invoke noundef i8* @_ZNSt7__cxx1112basic_stringIcSt11char_traitsIcESaIcEE9_M_createERmm(%""class.std::__cxx11::basic_string""* noundef nonnull align 8 dereferenceable(32) %960, i64* noundef nonnull align 8 dereferenceable(8) %13, i64 noundef 0)",/home/jimi/PaperExperiment/CompilerOptimization/Result/flatbuffers/dg/dg-LLVM14-O2-g/high_precision_20260326_164052/log/cda_ntscd_icfg_quiet.lines.stderr.log
cda_ntscd_icfg_quiet,CDA,ntscd+icfg+pta+q,lines,"[pta] UNHANDLED:   invoke void @_ZN11flatbuffers22NewKotlinCodeGeneratorEv(%""class.std::unique_ptr.151""* nonnull sret(%""class.std::unique_ptr.151"") align 8 %51)",/home/jimi/PaperExperiment/CompilerOptimization/Result/flatbuffers/dg/dg-LLVM14-O2-g/high_precision_20260326_164052/log/cda_ntscd_icfg_quiet.lines.stderr.log
cda_ntscd_icfg_quiet,CDA,ntscd+icfg+pta+q,lines,"[pta] UNHANDLED:   %2369 = landingpad { i8*, i32 }",/home/jimi/PaperExperiment/CompilerOptimization/Result/flatbuffers/dg/dg-LLVM14-O2-g/high_precision_20260326_164052/log/cda_ntscd_icfg_quiet.lines.stderr.log
cda_ntscd_icfg_quiet,CDA,ntscd+icfg+pta+q,lines,"[pta] UNHANDLED:   invoke void @_ZNSt12__shared_ptrIN11flatbuffers13CodeGeneratorELN9__gnu_cxx12_Lock_policyE2EEC2IS1_St14default_deleteIS1_EvEEOSt10unique_ptrIT_T0_E(%""class.std::__shared_ptr""* noundef nonnull align 8 dereferenceable(16) %974, %""class.std::unique_ptr.151""* noundef nonnull align 8 dereferenceable(8) %51)",/home/jimi/PaperExperiment/CompilerOptimization/Result/flatbuffers/dg/dg-LLVM14-O2-g/high_precision_20260326_164052/log/cda_ntscd_icfg_quiet.lines.stderr.log
cda_ntscd_icfg_quiet,CDA,ntscd+icfg+pta+q,lines,"[pta] UNHANDLED:   %2353 = landingpad { i8*, i32 }",/home/jimi/PaperExperiment/CompilerOptimization/Result/flatbuffers/dg/dg-LLVM14-O2-g/high_precision_20260326_164052/log/cda_ntscd_icfg_quiet.lines.stderr.log
cda_ntscd_icfg_quiet,CDA,ntscd+icfg+pta+q,lines,"[pta] UNHANDLED:   %976 = invoke noundef zeroext i1 bitcast (i1 (%""class.flatbuffers::FlatCompiler""*, %""struct.flatbuffers::FlatCOption""*, %""class.std::shared_ptr""*)* @_ZN11flatbuffers12FlatCompiler21RegisterCodeGeneratorERKNS_11FlatCOptionESt10shared_ptrINS_13CodeGeneratorEE to i1 (%""class.flatbuffers::FlatCompiler.2328""*, %""struct.flatbuffers::FlatCOption""*, %""class.std::shared_ptr""*)*)(%""class.flatbuffers::FlatCompiler.2328""* noundef nonnull align 8 dereferenceable(64) %24, %""struct.flatbuffers::FlatCOption""* noundef nonnull align 8 dereferenceable(128) %49, %""class.std::shared_ptr""* noundef nonnull %50)",/home/jimi/PaperExperiment/CompilerOptimization/Result/flatbuffers/dg/dg-LLVM14-O2-g/high_precision_20260326_164052/log/cda_ntscd_icfg_quiet.lines.stderr.log
cda_ntscd_icfg_quiet,CDA,ntscd+icfg+pta+q,lines,"[pta] UNHANDLED:   %2355 = landingpad { i8*, i32 }",/home/jimi/PaperExperiment/CompilerOptimization/Result/flatbuffers/dg/dg-LLVM14-O2-g/high_precision_20260326_164052/log/cda_ntscd_icfg_quiet.lines.stderr.log
cda_ntscd_icfg_quiet,CDA,ntscd+icfg+pta+q,lines,"[pta] UNHANDLED:   %2357 = landingpad { i8*, i32 }",/home/jimi/PaperExperiment/CompilerOptimization/Result/flatbuffers/dg/dg-LLVM14-O2-g/high_precision_20260326_164052/log/cda_ntscd_icfg_quiet.lines.stderr.log
cda_ntscd_icfg_quiet,CDA,ntscd+icfg+pta+q,lines,"[pta] UNHANDLED:   %1065 = invoke noundef i8* @_ZNSt7__cxx1112basic_stringIcSt11char_traitsIcESaIcEE9_M_createERmm(%""class.std::__cxx11::basic_string""* noundef nonnull align 8 dereferenceable(32) %1061, i64* noundef nonnull align 8 dereferenceable(8) %12, i64 noundef 0)",/home/jimi/PaperExperiment/CompilerOptimization/Result/flatbuffers/dg/dg-LLVM14-O2-g/high_precision_20260326_164052/log/cda_ntscd_icfg_quiet.lines.stderr.log
cda_ntscd_icfg_quiet,CDA,ntscd+icfg+pta+q,lines,"[pta] UNHANDLED:   invoke void @_ZN11flatbuffers25NewKotlinKMPCodeGeneratorEv(%""class.std::unique_ptr.151""* nonnull sret(%""class.std::unique_ptr.151"") align 8 %54)",/home/jimi/PaperExperiment/CompilerOptimization/Result/flatbuffers/dg/dg-LLVM14-O2-g/high_precision_20260326_164052/log/cda_ntscd_icfg_quiet.lines.stderr.log
cda_ntscd_icfg_quiet,CDA,ntscd+icfg+pta+q,lines,"[pta] UNHANDLED:   %2403 = landingpad { i8*, i32 }",/home/jimi/PaperExperiment/CompilerOptimization/Result/flatbuffers/dg/dg-LLVM14-O2-g/high_precision_20260326_164052/log/cda_ntscd_icfg_quiet.lines.stderr.log
cda_ntscd_icfg_quiet,CDA,ntscd+icfg+pta+q,lines,"[pta] UNHANDLED:   invoke void @_ZNSt12__shared_ptrIN11flatbuffers13CodeGeneratorELN9__gnu_cxx12_Lock_policyE2EEC2IS1_St14default_deleteIS1_EvEEOSt10unique_ptrIT_T0_E(%""class.std::__shared_ptr""* noundef nonnull align 8 dereferenceable(16) %1075, %""class.std::unique_ptr.151""* noundef nonnull align 8 dereferenceable(8) %54)",/home/jimi/PaperExperiment/CompilerOptimization/Result/flatbuffers/dg/dg-LLVM14-O2-g/high_precision_20260326_164052/log/cda_ntscd_icfg_quiet.lines.stderr.log
cda_ntscd_icfg_quiet,CDA,ntscd+icfg+pta+q,lines,"[pta] UNHANDLED:   %2387 = landingpad { i8*, i32 }",/home/jimi/PaperExperiment/CompilerOptimization/Result/flatbuffers/dg/dg-LLVM14-O2-g/high_precision_20260326_164052/log/cda_ntscd_icfg_quiet.lines.stderr.log
cda_ntscd_icfg_quiet,CDA,ntscd+icfg+pta+q,lines,"[pta] UNHANDLED:   %1077 = invoke noundef zeroext i1 bitcast (i1 (%""class.flatbuffers::FlatCompiler""*, %""struct.flatbuffers::FlatCOption""*, %""class.std::shared_ptr""*)* @_ZN11flatbuffers12FlatCompiler21RegisterCodeGeneratorERKNS_11FlatCOptionESt10shared_ptrINS_13CodeGeneratorEE to i1 (%""class.flatbuffers::FlatCompiler.2328""*, %""struct.flatbuffers::FlatCOption""*, %""class.std::shared_ptr""*)*)(%""class.flatbuffers::FlatCompiler.2328""* noundef nonnull align 8 dereferenceable(64) %24, %""struct.flatbuffers::FlatCOption""* noundef nonnull align 8 dereferenceable(128) %52, %""class.std::shared_ptr""* noundef nonnull %53)",/home/jimi/PaperExperiment/CompilerOptimization/Result/flatbuffers/dg/dg-LLVM14-O2-g/high_precision_20260326_164052/log/cda_ntscd_icfg_quiet.lines.stderr.log
cda_ntscd_icfg_quiet,CDA,ntscd+icfg+pta+q,lines,"[pta] UNHANDLED:   %2389 = landingpad { i8*, i32 }",/home/jimi/PaperExperiment/CompilerOptimization/Result/flatbuffers/dg/dg-LLVM14-O2-g/high_precision_20260326_164052/log/cda_ntscd_icfg_quiet.lines.stderr.log
cda_ntscd_icfg_quiet,CDA,ntscd+icfg+pta+q,lines,"[pta] UNHANDLED:   %2391 = landingpad { i8*, i32 }",/home/jimi/PaperExperiment/CompilerOptimization/Result/flatbuffers/dg/dg-LLVM14-O2-g/high_precision_20260326_164052/log/cda_ntscd_icfg_quiet.lines.stderr.log
cda_ntscd_icfg_quiet,CDA,ntscd+icfg+pta+q,lines,"[pta] UNHANDLED:   %1166 = invoke noundef i8* @_ZNSt7__cxx1112basic_stringIcSt11char_traitsIcESaIcEE9_M_createERmm(%""class.std::__cxx11::basic_string""* noundef nonnull align 8 dereferenceable(32) %1162, i64* noundef nonnull align 8 dereferenceable(8) %11, i64 noundef 0)",/home/jimi/PaperExperiment/CompilerOptimization/Result/flatbuffers/dg/dg-LLVM14-O2-g/high_precision_20260326_164052/log/cda_ntscd_icfg_quiet.lines.stderr.log
cda_ntscd_icfg_quiet,CDA,ntscd+icfg+pta+q,lines,"[pta] UNHANDLED:   invoke void @_ZN11flatbuffers23NewLobsterCodeGeneratorEv(%""class.std::unique_ptr.151""* nonnull sret(%""class.std::unique_ptr.151"") align 8 %57)",/home/jimi/PaperExperiment/CompilerOptimization/Result/flatbuffers/dg/dg-LLVM14-O2-g/high_precision_20260326_164052/log/cda_ntscd_icfg_quiet.lines.stderr.log
cda_ntscd_icfg_quiet,CDA,ntscd+icfg+pta+q,lines,"[pta] UNHANDLED:   %2437 = landingpad { i8*, i32 }",/home/jimi/PaperExperiment/CompilerOptimization/Result/flatbuffers/dg/dg-LLVM14-O2-g/high_precision_20260326_164052/log/cda_ntscd_icfg_quiet.lines.stderr.log
cda_ntscd_icfg_quiet,CDA,ntscd+icfg+pta+q,lines,"[pta] UNHANDLED:   invoke void @_ZNSt12__shared_ptrIN11flatbuffers13CodeGeneratorELN9__gnu_cxx12_Lock_policyE2EEC2IS1_St14default_deleteIS1_EvEEOSt10unique_ptrIT_T0_E(%""class.std::__shared_ptr""* noundef nonnull align 8 dereferenceable(16) %1176, %""class.std::unique_ptr.151""* noundef nonnull align 8 dereferenceable(8) %57)",/home/jimi/PaperExperiment/CompilerOptimization/Result/flatbuffers/dg/dg-LLVM14-O2-g/high_precision_20260326_164052/log/cda_ntscd_icfg_quiet.lines.stderr.log
cda_ntscd_icfg_quiet,CDA,ntscd+icfg+pta+q,lines,"[pta] UNHANDLED:   %2421 = landingpad { i8*, i32 }",/home/jimi/PaperExperiment/CompilerOptimization/Result/flatbuffers/dg/dg-LLVM14-O2-g/high_precision_20260326_164052/log/cda_ntscd_icfg_quiet.lines.stderr.log
cda_ntscd_icfg_quiet,CDA,ntscd+icfg+pta+q,lines,"[pta] UNHANDLED:   %1178 = invoke noundef zeroext i1 bitcast (i1 (%""class.flatbuffers::FlatCompiler""*, %""struct.flatbuffers::FlatCOption""*, %""class.std::shared_ptr""*)* @_ZN11flatbuffers12FlatCompiler21RegisterCodeGeneratorERKNS_11FlatCOptionESt10shared_ptrINS_13CodeGeneratorEE to i1 (%""class.flatbuffers::FlatCompiler.2328""*, %""struct.flatbuffers::FlatCOption""*, %""class.std::shared_ptr""*)*)(%""class.flatbuffers::FlatCompiler.2328""* noundef nonnull align 8 dereferenceable(64) %24, %""struct.flatbuffers::FlatCOption""* noundef nonnull align 8 dereferenceable(128) %55, %""class.std::shared_ptr""* noundef nonnull %56)",/home/jimi/PaperExperiment/CompilerOptimization/Result/flatbuffers/dg/dg-LLVM14-O2-g/high_precision_20260326_164052/log/cda_ntscd_icfg_quiet.lines.stderr.log
cda_ntscd_icfg_quiet,CDA,ntscd+icfg+pta+q,lines,"[pta] UNHANDLED:   %2423 = landingpad { i8*, i32 }",/home/jimi/PaperExperiment/CompilerOptimization/Result/flatbuffers/dg/dg-LLVM14-O2-g/high_precision_20260326_164052/log/cda_ntscd_icfg_quiet.lines.stderr.log
cda_ntscd_icfg_quiet,CDA,ntscd+icfg+pta+q,lines,"[pta] UNHANDLED:   %2425 = landingpad { i8*, i32 }",/home/jimi/PaperExperiment/CompilerOptimization/Result/flatbuffers/dg/dg-LLVM14-O2-g/high_precision_20260326_164052/log/cda_ntscd_icfg_quiet.lines.stderr.log
cda_ntscd_icfg_quiet,CDA,ntscd+icfg+pta+q,lines,"[pta] UNHANDLED:   %1268 = invoke noundef i8* @_ZNSt7__cxx1112basic_stringIcSt11char_traitsIcESaIcEE9_M_createERmm(%""class.std::__cxx11::basic_string""* noundef nonnull align 8 dereferenceable(32) %1264, i64* noundef nonnull align 8 dereferenceable(8) %10, i64 noundef 0)",/home/jimi/PaperExperiment/CompilerOptimization/Result/flatbuffers/dg/dg-LLVM14-O2-g/high_precision_20260326_164052/log/cda_ntscd_icfg_quiet.lines.stderr.log
cda_ntscd_icfg_quiet,CDA,ntscd+icfg+pta+q,lines,"[pta] UNHANDLED:   invoke void @_ZN11flatbuffers19NewLuaBfbsGeneratorERKNSt7__cxx1112basic_stringIcSt11char_traitsIcESaIcEEE(%""class.std::unique_ptr.151""* nonnull sret(%""class.std::unique_ptr.151"") align 8 %60, %""class.std::__cxx11::basic_string""* noundef nonnull align 8 dereferenceable(32) %23)",/home/jimi/PaperExperiment/CompilerOptimization/Result/flatbuffers/dg/dg-LLVM14-O2-g/high_precision_20260326_164052/log/cda_ntscd_icfg_quiet.lines.stderr.log
cda_ntscd_icfg_quiet,CDA,ntscd+icfg+pta+q,lines,"[pta] UNHANDLED:   %2471 = landingpad { i8*, i32 }",/home/jimi/PaperExperiment/CompilerOptimization/Result/flatbuffers/dg/dg-LLVM14-O2-g/high_precision_20260326_164052/log/cda_ntscd_icfg_quiet.lines.stderr.log
cda_ntscd_icfg_quiet,CDA,ntscd+icfg+pta+q,lines,"[pta] UNHANDLED:   invoke void @_ZNSt12__shared_ptrIN11flatbuffers13CodeGeneratorELN9__gnu_cxx12_Lock_policyE2EEC2IS1_St14default_deleteIS1_EvEEOSt10unique_ptrIT_T0_E(%""class.std::__shared_ptr""* noundef nonnull align 8 dereferenceable(16) %1278, %""class.std::unique_ptr.151""* noundef nonnull align 8 dereferenceable(8) %60)",/home/jimi/PaperExperiment/CompilerOptimization/Result/flatbuffers/dg/dg-LLVM14-O2-g/high_precision_20260326_164052/log/cda_ntscd_icfg_quiet.lines.stderr.log
cda_ntscd_icfg_quiet,CDA,ntscd+icfg+pta+q,lines,"[pta] UNHANDLED:   %2455 = landingpad { i8*, i32 }",/home/jimi/PaperExperiment/CompilerOptimization/Result/flatbuffers/dg/dg-LLVM14-O2-g/high_precision_20260326_164052/log/cda_ntscd_icfg_quiet.lines.stderr.log
cda_ntscd_icfg_quiet,CDA,ntscd+icfg+pta+q,lines,"[pta] UNHANDLED:   %1280 = invoke noundef zeroext i1 bitcast (i1 (%""class.flatbuffers::FlatCompiler""*, %""struct.flatbuffers::FlatCOption""*, %""class.std::shared_ptr""*)* @_ZN11flatbuffers12FlatCompiler21RegisterCodeGeneratorERKNS_11FlatCOptionESt10shared_ptrINS_13CodeGeneratorEE to i1 (%""class.flatbuffers::FlatCompiler.2328""*, %""struct.flatbuffers::FlatCOption""*, %""class.std::shared_ptr""*)*)(%""class.flatbuffers::FlatCompiler.2328""* noundef nonnull align 8 dereferenceable(64) %24, %""struct.flatbuffers::FlatCOption""* noundef nonnull align 8 dereferenceable(128) %58, %""class.std::shared_ptr""* noundef nonnull %59)",/home/jimi/PaperExperiment/CompilerOptimization/Result/flatbuffers/dg/dg-LLVM14-O2-g/high_precision_20260326_164052/log/cda_ntscd_icfg_quiet.lines.stderr.log
cda_ntscd_icfg_quiet,CDA,ntscd+icfg+pta+q,lines,"[pta] UNHANDLED:   %2457 = landingpad { i8*, i32 }",/home/jimi/PaperExperiment/CompilerOptimization/Result/flatbuffers/dg/dg-LLVM14-O2-g/high_precision_20260326_164052/log/cda_ntscd_icfg_quiet.lines.stderr.log
cda_ntscd_icfg_quiet,CDA,ntscd+icfg+pta+q,lines,"[pta] UNHANDLED:   %2459 = landingpad { i8*, i32 }",/home/jimi/PaperExperiment/CompilerOptimization/Result/flatbuffers/dg/dg-LLVM14-O2-g/high_precision_20260326_164052/log/cda_ntscd_icfg_quiet.lines.stderr.log
cda_ntscd_icfg_quiet,CDA,ntscd+icfg+pta+q,lines,"[pta] UNHANDLED:   %1369 = invoke noundef i8* @_ZNSt7__cxx1112basic_stringIcSt11char_traitsIcESaIcEE9_M_createERmm(%""class.std::__cxx11::basic_string""* noundef nonnull align 8 dereferenceable(32) %1365, i64* noundef nonnull align 8 dereferenceable(8) %9, i64 noundef 0)",/home/jimi/PaperExperiment/CompilerOptimization/Result/flatbuffers/dg/dg-LLVM14-O2-g/high_precision_20260326_164052/log/cda_ntscd_icfg_quiet.lines.stderr.log
cda_ntscd_icfg_quiet,CDA,ntscd+icfg+pta+q,lines,"[pta] UNHANDLED:   invoke void @_ZN11flatbuffers19NewNimBfbsGeneratorERKNSt7__cxx1112basic_stringIcSt11char_traitsIcESaIcEEE(%""class.std::unique_ptr.151""* nonnull sret(%""class.std::unique_ptr.151"") align 8 %63, %""class.std::__cxx11::basic_string""* noundef nonnull align 8 dereferenceable(32) %23)",/home/jimi/PaperExperiment/CompilerOptimization/Result/flatbuffers/dg/dg-LLVM14-O2-g/high_precision_20260326_164052/log/cda_ntscd_icfg_quiet.lines.stderr.log
cda_ntscd_icfg_quiet,CDA,ntscd+icfg+pta+q,lines,"[pta] UNHANDLED:   %2505 = landingpad { i8*, i32 }",/home/jimi/PaperExperiment/CompilerOptimization/Result/flatbuffers/dg/dg-LLVM14-O2-g/high_precision_20260326_164052/log/cda_ntscd_icfg_quiet.lines.stderr.log
cda_ntscd_icfg_quiet,CDA,ntscd+icfg+pta+q,lines,"[pta] UNHANDLED:   invoke void @_ZNSt12__shared_ptrIN11flatbuffers13CodeGeneratorELN9__gnu_cxx12_Lock_policyE2EEC2IS1_St14default_deleteIS1_EvEEOSt10unique_ptrIT_T0_E(%""class.std::__shared_ptr""* noundef nonnull align 8 dereferenceable(16) %1379, %""class.std::unique_ptr.151""* noundef nonnull align 8 dereferenceable(8) %63)",/home/jimi/PaperExperiment/CompilerOptimization/Result/flatbuffers/dg/dg-LLVM14-O2-g/high_precision_20260326_164052/log/cda_ntscd_icfg_quiet.lines.stderr.log
cda_ntscd_icfg_quiet,CDA,ntscd+icfg+pta+q,lines,"[pta] UNHANDLED:   %2489 = landingpad { i8*, i32 }",/home/jimi/PaperExperiment/CompilerOptimization/Result/flatbuffers/dg/dg-LLVM14-O2-g/high_precision_20260326_164052/log/cda_ntscd_icfg_quiet.lines.stderr.log
cda_ntscd_icfg_quiet,CDA,ntscd+icfg+pta+q,lines,"[pta] UNHANDLED:   %1381 = invoke noundef zeroext i1 bitcast (i1 (%""class.flatbuffers::FlatCompiler""*, %""struct.flatbuffers::FlatCOption""*, %""class.std::shared_ptr""*)* @_ZN11flatbuffers12FlatCompiler21RegisterCodeGeneratorERKNS_11FlatCOptionESt10shared_ptrINS_13CodeGeneratorEE to i1 (%""class.flatbuffers::FlatCompiler.2328""*, %""struct.flatbuffers::FlatCOption""*, %""class.std::shared_ptr""*)*)(%""class.flatbuffers::FlatCompiler.2328""* noundef nonnull align 8 dereferenceable(64) %24, %""struct.flatbuffers::FlatCOption""* noundef nonnull align 8 dereferenceable(128) %61, %""class.std::shared_ptr""* noundef nonnull %62)",/home/jimi/PaperExperiment/CompilerOptimization/Result/flatbuffers/dg/dg-LLVM14-O2-g/high_precision_20260326_164052/log/cda_ntscd_icfg_quiet.lines.stderr.log
cda_ntscd_icfg_quiet,CDA,ntscd+icfg+pta+q,lines,"[pta] UNHANDLED:   %2491 = landingpad { i8*, i32 }",/home/jimi/PaperExperiment/CompilerOptimization/Result/flatbuffers/dg/dg-LLVM14-O2-g/high_precision_20260326_164052/log/cda_ntscd_icfg_quiet.lines.stderr.log
cda_ntscd_icfg_quiet,CDA,ntscd+icfg+pta+q,lines,"[pta] UNHANDLED:   %2493 = landingpad { i8*, i32 }",/home/jimi/PaperExperiment/CompilerOptimization/Result/flatbuffers/dg/dg-LLVM14-O2-g/high_precision_20260326_164052/log/cda_ntscd_icfg_quiet.lines.stderr.log
cda_ntscd_icfg_quiet,CDA,ntscd+icfg+pta+q,lines,"[pta] UNHANDLED:   %1471 = invoke noundef i8* @_ZNSt7__cxx1112basic_stringIcSt11char_traitsIcESaIcEE9_M_createERmm(%""class.std::__cxx11::basic_string""* noundef nonnull align 8 dereferenceable(32) %1467, i64* noundef nonnull align 8 dereferenceable(8) %8, i64 noundef 0)",/home/jimi/PaperExperiment/CompilerOptimization/Result/flatbuffers/dg/dg-LLVM14-O2-g/high_precision_20260326_164052/log/cda_ntscd_icfg_quiet.lines.stderr.log
cda_ntscd_icfg_quiet,CDA,ntscd+icfg+pta+q,lines,"[pta] UNHANDLED:   invoke void @_ZN11flatbuffers22NewPythonCodeGeneratorEv(%""class.std::unique_ptr.151""* nonnull sret(%""class.std::unique_ptr.151"") align 8 %66)",/home/jimi/PaperExperiment/CompilerOptimization/Result/flatbuffers/dg/dg-LLVM14-O2-g/high_precision_20260326_164052/log/cda_ntscd_icfg_quiet.lines.stderr.log
cda_ntscd_icfg_quiet,CDA,ntscd+icfg+pta+q,lines,"[pta] UNHANDLED:   %2539 = landingpad { i8*, i32 }",/home/jimi/PaperExperiment/CompilerOptimization/Result/flatbuffers/dg/dg-LLVM14-O2-g/high_precision_20260326_164052/log/cda_ntscd_icfg_quiet.lines.stderr.log
cda_ntscd_icfg_quiet,CDA,ntscd+icfg+pta+q,lines,"[pta] UNHANDLED:   invoke void @_ZNSt12__shared_ptrIN11flatbuffers13CodeGeneratorELN9__gnu_cxx12_Lock_policyE2EEC2IS1_St14default_deleteIS1_EvEEOSt10unique_ptrIT_T0_E(%""class.std::__shared_ptr""* noundef nonnull align 8 dereferenceable(16) %1481, %""class.std::unique_ptr.151""* noundef nonnull align 8 dereferenceable(8) %66)",/home/jimi/PaperExperiment/CompilerOptimization/Result/flatbuffers/dg/dg-LLVM14-O2-g/high_precision_20260326_164052/log/cda_ntscd_icfg_quiet.lines.stderr.log
cda_ntscd_icfg_quiet,CDA,ntscd+icfg+pta+q,lines,"[pta] UNHANDLED:   %2523 = landingpad { i8*, i32 }",/home/jimi/PaperExperiment/CompilerOptimization/Result/flatbuffers/dg/dg-LLVM14-O2-g/high_precision_20260326_164052/log/cda_ntscd_icfg_quiet.lines.stderr.log
cda_ntscd_icfg_quiet,CDA,ntscd+icfg+pta+q,lines,"[pta] UNHANDLED:   %1483 = invoke noundef zeroext i1 bitcast (i1 (%""class.flatbuffers::FlatCompiler""*, %""struct.flatbuffers::FlatCOption""*, %""class.std::shared_ptr""*)* @_ZN11flatbuffers12FlatCompiler21RegisterCodeGeneratorERKNS_11FlatCOptionESt10shared_ptrINS_13CodeGeneratorEE to i1 (%""class.flatbuffers::FlatCompiler.2328""*, %""struct.flatbuffers::FlatCOption""*, %""class.std::shared_ptr""*)*)(%""class.flatbuffers::FlatCompiler.2328""* noundef nonnull align 8 dereferenceable(64) %24, %""struct.flatbuffers::FlatCOption""* noundef nonnull align 8 dereferenceable(128) %64, %""class.std::shared_ptr""* noundef nonnull %65)",/home/jimi/PaperExperiment/CompilerOptimization/Result/flatbuffers/dg/dg-LLVM14-O2-g/high_precision_20260326_164052/log/cda_ntscd_icfg_quiet.lines.stderr.log
cda_ntscd_icfg_quiet,CDA,ntscd+icfg+pta+q,lines,"[pta] UNHANDLED:   %2525 = landingpad { i8*, i32 }",/home/jimi/PaperExperiment/CompilerOptimization/Result/flatbuffers/dg/dg-LLVM14-O2-g/high_precision_20260326_164052/log/cda_ntscd_icfg_quiet.lines.stderr.log
cda_ntscd_icfg_quiet,CDA,ntscd+icfg+pta+q,lines,"[pta] UNHANDLED:   %2527 = landingpad { i8*, i32 }",/home/jimi/PaperExperiment/CompilerOptimization/Result/flatbuffers/dg/dg-LLVM14-O2-g/high_precision_20260326_164052/log/cda_ntscd_icfg_quiet.lines.stderr.log
cda_ntscd_icfg_quiet,CDA,ntscd+icfg+pta+q,lines,"[pta] UNHANDLED:   %1572 = invoke noundef i8* @_ZNSt7__cxx1112basic_stringIcSt11char_traitsIcESaIcEE9_M_createERmm(%""class.std::__cxx11::basic_string""* noundef nonnull align 8 dereferenceable(32) %1568, i64* noundef nonnull align 8 dereferenceable(8) %7, i64 noundef 0)",/home/jimi/PaperExperiment/CompilerOptimization/Result/flatbuffers/dg/dg-LLVM14-O2-g/high_precision_20260326_164052/log/cda_ntscd_icfg_quiet.lines.stderr.log
cda_ntscd_icfg_quiet,CDA,ntscd+icfg+pta+q,lines,"[pta] UNHANDLED:   invoke void @_ZN11flatbuffers19NewPhpCodeGeneratorEv(%""class.std::unique_ptr.151""* nonnull sret(%""class.std::unique_ptr.151"") align 8 %69)",/home/jimi/PaperExperiment/CompilerOptimization/Result/flatbuffers/dg/dg-LLVM14-O2-g/high_precision_20260326_164052/log/cda_ntscd_icfg_quiet.lines.stderr.log
cda_ntscd_icfg_quiet,CDA,ntscd+icfg+pta+q,lines,"[pta] UNHANDLED:   %2573 = landingpad { i8*, i32 }",/home/jimi/PaperExperiment/CompilerOptimization/Result/flatbuffers/dg/dg-LLVM14-O2-g/high_precision_20260326_164052/log/cda_ntscd_icfg_quiet.lines.stderr.log
cda_ntscd_icfg_quiet,CDA,ntscd+icfg+pta+q,lines,"[pta] UNHANDLED:   invoke void @_ZNSt12__shared_ptrIN11flatbuffers13CodeGeneratorELN9__gnu_cxx12_Lock_policyE2EEC2IS1_St14default_deleteIS1_EvEEOSt10unique_ptrIT_T0_E(%""class.std::__shared_ptr""* noundef nonnull align 8 dereferenceable(16) %1582, %""class.std::unique_ptr.151""* noundef nonnull align 8 dereferenceable(8) %69)",/home/jimi/PaperExperiment/CompilerOptimization/Result/flatbuffers/dg/dg-LLVM14-O2-g/high_precision_20260326_164052/log/cda_ntscd_icfg_quiet.lines.stderr.log
cda_ntscd_icfg_quiet,CDA,ntscd+icfg+pta+q,lines,"[pta] UNHANDLED:   %2557 = landingpad { i8*, i32 }",/home/jimi/PaperExperiment/CompilerOptimization/Result/flatbuffers/dg/dg-LLVM14-O2-g/high_precision_20260326_164052/log/cda_ntscd_icfg_quiet.lines.stderr.log
cda_ntscd_icfg_quiet,CDA,ntscd+icfg+pta+q,lines,"[pta] UNHANDLED:   %1584 = invoke noundef zeroext i1 bitcast (i1 (%""class.flatbuffers::FlatCompiler""*, %""struct.flatbuffers::FlatCOption""*, %""class.std::shared_ptr""*)* @_ZN11flatbuffers12FlatCompiler21RegisterCodeGeneratorERKNS_11FlatCOptionESt10shared_ptrINS_13CodeGeneratorEE to i1 (%""class.flatbuffers::FlatCompiler.2328""*, %""struct.flatbuffers::FlatCOption""*, %""class.std::shared_ptr""*)*)(%""class.flatbuffers::FlatCompiler.2328""* noundef nonnull align 8 dereferenceable(64) %24, %""struct.flatbuffers::FlatCOption""* noundef nonnull align 8 dereferenceable(128) %67, %""class.std::shared_ptr""* noundef nonnull %68)",/home/jimi/PaperExperiment/CompilerOptimization/Result/flatbuffers/dg/dg-LLVM14-O2-g/high_precision_20260326_164052/log/cda_ntscd_icfg_quiet.lines.stderr.log
cda_ntscd_icfg_quiet,CDA,ntscd+icfg+pta+q,lines,"[pta] UNHANDLED:   %2559 = landingpad { i8*, i32 }",/home/jimi/PaperExperiment/CompilerOptimization/Result/flatbuffers/dg/dg-LLVM14-O2-g/high_precision_20260326_164052/log/cda_ntscd_icfg_quiet.lines.stderr.log
cda_ntscd_icfg_quiet,CDA,ntscd+icfg+pta+q,lines,"[pta] UNHANDLED:   %2561 = landingpad { i8*, i32 }",/home/jimi/PaperExperiment/CompilerOptimization/Result/flatbuffers/dg/dg-LLVM14-O2-g/high_precision_20260326_164052/log/cda_ntscd_icfg_quiet.lines.stderr.log
cda_ntscd_icfg_quiet,CDA,ntscd+icfg+pta+q,lines,"[pta] UNHANDLED:   %1675 = invoke noundef i8* @_ZNSt7__cxx1112basic_stringIcSt11char_traitsIcESaIcEE9_M_createERmm(%""class.std::__cxx11::basic_string""* noundef nonnull align 8 dereferenceable(32) %1671, i64* noundef nonnull align 8 dereferenceable(8) %6, i64 noundef 0)",/home/jimi/PaperExperiment/CompilerOptimization/Result/flatbuffers/dg/dg-LLVM14-O2-g/high_precision_20260326_164052/log/cda_ntscd_icfg_quiet.lines.stderr.log
cda_ntscd_icfg_quiet,CDA,ntscd+icfg+pta+q,lines,"[pta] UNHANDLED:   invoke void @_ZN11flatbuffers20NewRustCodeGeneratorEv(%""class.std::unique_ptr.151""* nonnull sret(%""class.std::unique_ptr.151"") align 8 %72)",/home/jimi/PaperExperiment/CompilerOptimization/Result/flatbuffers/dg/dg-LLVM14-O2-g/high_precision_20260326_164052/log/cda_ntscd_icfg_quiet.lines.stderr.log
cda_ntscd_icfg_quiet,CDA,ntscd+icfg+pta+q,lines,"[pta] UNHANDLED:   %2607 = landingpad { i8*, i32 }",/home/jimi/PaperExperiment/CompilerOptimization/Result/flatbuffers/dg/dg-LLVM14-O2-g/high_precision_20260326_164052/log/cda_ntscd_icfg_quiet.lines.stderr.log
cda_ntscd_icfg_quiet,CDA,ntscd+icfg+pta+q,lines,"[pta] UNHANDLED:   invoke void @_ZNSt12__shared_ptrIN11flatbuffers13CodeGeneratorELN9__gnu_cxx12_Lock_policyE2EEC2IS1_St14default_deleteIS1_EvEEOSt10unique_ptrIT_T0_E(%""class.std::__shared_ptr""* noundef nonnull align 8 dereferenceable(16) %1685, %""class.std::unique_ptr.151""* noundef nonnull align 8 dereferenceable(8) %72)",/home/jimi/PaperExperiment/CompilerOptimization/Result/flatbuffers/dg/dg-LLVM14-O2-g/high_precision_20260326_164052/log/cda_ntscd_icfg_quiet.lines.stderr.log
cda_ntscd_icfg_quiet,CDA,ntscd+icfg+pta+q,lines,"[pta] UNHANDLED:   %2591 = landingpad { i8*, i32 }",/home/jimi/PaperExperiment/CompilerOptimization/Result/flatbuffers/dg/dg-LLVM14-O2-g/high_precision_20260326_164052/log/cda_ntscd_icfg_quiet.lines.stderr.log
cda_ntscd_icfg_quiet,CDA,ntscd+icfg+pta+q,lines,"[pta] UNHANDLED:   %1687 = invoke noundef zeroext i1 bitcast (i1 (%""class.flatbuffers::FlatCompiler""*, %""struct.flatbuffers::FlatCOption""*, %""class.std::shared_ptr""*)* @_ZN11flatbuffers12FlatCompiler21RegisterCodeGeneratorERKNS_11FlatCOptionESt10shared_ptrINS_13CodeGeneratorEE to i1 (%""class.flatbuffers::FlatCompiler.2328""*, %""struct.flatbuffers::FlatCOption""*, %""class.std::shared_ptr""*)*)(%""class.flatbuffers::FlatCompiler.2328""* noundef nonnull align 8 dereferenceable(64) %24, %""struct.flatbuffers::FlatCOption""* noundef nonnull align 8 dereferenceable(128) %70, %""class.std::shared_ptr""* noundef nonnull %71)",/home/jimi/PaperExperiment/CompilerOptimization/Result/flatbuffers/dg/dg-LLVM14-O2-g/high_precision_20260326_164052/log/cda_ntscd_icfg_quiet.lines.stderr.log
cda_ntscd_icfg_quiet,CDA,ntscd+icfg+pta+q,lines,"[pta] UNHANDLED:   %2593 = landingpad { i8*, i32 }",/home/jimi/PaperExperiment/CompilerOptimization/Result/flatbuffers/dg/dg-LLVM14-O2-g/high_precision_20260326_164052/log/cda_ntscd_icfg_quiet.lines.stderr.log
cda_ntscd_icfg_quiet,CDA,ntscd+icfg+pta+q,lines,"[pta] UNHANDLED:   %2595 = landingpad { i8*, i32 }",/home/jimi/PaperExperiment/CompilerOptimization/Result/flatbuffers/dg/dg-LLVM14-O2-g/high_precision_20260326_164052/log/cda_ntscd_icfg_quiet.lines.stderr.log
cda_ntscd_icfg_quiet,CDA,ntscd+icfg+pta+q,lines,"[pta] UNHANDLED:   %1778 = invoke noundef i8* @_ZNSt7__cxx1112basic_stringIcSt11char_traitsIcESaIcEE9_M_createERmm(%""class.std::__cxx11::basic_string""* noundef nonnull align 8 dereferenceable(32) %1774, i64* noundef nonnull align 8 dereferenceable(8) %5, i64 noundef 0)",/home/jimi/PaperExperiment/CompilerOptimization/Result/flatbuffers/dg/dg-LLVM14-O2-g/high_precision_20260326_164052/log/cda_ntscd_icfg_quiet.lines.stderr.log
cda_ntscd_icfg_quiet,CDA,ntscd+icfg+pta+q,lines,"[pta] UNHANDLED:   invoke void @_ZN11flatbuffers20NewTextCodeGeneratorEv(%""class.std::unique_ptr.151""* nonnull sret(%""class.std::unique_ptr.151"") align 8 %75)",/home/jimi/PaperExperiment/CompilerOptimization/Result/flatbuffers/dg/dg-LLVM14-O2-g/high_precision_20260326_164052/log/cda_ntscd_icfg_quiet.lines.stderr.log
cda_ntscd_icfg_quiet,CDA,ntscd+icfg+pta+q,lines,"[pta] UNHANDLED:   %2641 = landingpad { i8*, i32 }",/home/jimi/PaperExperiment/CompilerOptimization/Result/flatbuffers/dg/dg-LLVM14-O2-g/high_precision_20260326_164052/log/cda_ntscd_icfg_quiet.lines.stderr.log
cda_ntscd_icfg_quiet,CDA,ntscd+icfg+pta+q,lines,"[pta] UNHANDLED:   invoke void @_ZNSt12__shared_ptrIN11flatbuffers13CodeGeneratorELN9__gnu_cxx12_Lock_policyE2EEC2IS1_St14default_deleteIS1_EvEEOSt10unique_ptrIT_T0_E(%""class.std::__shared_ptr""* noundef nonnull align 8 dereferenceable(16) %1788, %""class.std::unique_ptr.151""* noundef nonnull align 8 dereferenceable(8) %75)",/home/jimi/PaperExperiment/CompilerOptimization/Result/flatbuffers/dg/dg-LLVM14-O2-g/high_precision_20260326_164052/log/cda_ntscd_icfg_quiet.lines.stderr.log
cda_ntscd_icfg_quiet,CDA,ntscd+icfg+pta+q,lines,"[pta] UNHANDLED:   %2625 = landingpad { i8*, i32 }",/home/jimi/PaperExperiment/CompilerOptimization/Result/flatbuffers/dg/dg-LLVM14-O2-g/high_precision_20260326_164052/log/cda_ntscd_icfg_quiet.lines.stderr.log
cda_ntscd_icfg_quiet,CDA,ntscd+icfg+pta+q,lines,"[pta] UNHANDLED:   %1790 = invoke noundef zeroext i1 bitcast (i1 (%""class.flatbuffers::FlatCompiler""*, %""struct.flatbuffers::FlatCOption""*, %""class.std::shared_ptr""*)* @_ZN11flatbuffers12FlatCompiler21RegisterCodeGeneratorERKNS_11FlatCOptionESt10shared_ptrINS_13CodeGeneratorEE to i1 (%""class.flatbuffers::FlatCompiler.2328""*, %""struct.flatbuffers::FlatCOption""*, %""class.std::shared_ptr""*)*)(%""class.flatbuffers::FlatCompiler.2328""* noundef nonnull align 8 dereferenceable(64) %24, %""struct.flatbuffers::FlatCOption""* noundef nonnull align 8 dereferenceable(128) %73, %""class.std::shared_ptr""* noundef nonnull %74)",/home/jimi/PaperExperiment/CompilerOptimization/Result/flatbuffers/dg/dg-LLVM14-O2-g/high_precision_20260326_164052/log/cda_ntscd_icfg_quiet.lines.stderr.log
cda_ntscd_icfg_quiet,CDA,ntscd+icfg+pta+q,lines,"[pta] UNHANDLED:   %2627 = landingpad { i8*, i32 }",/home/jimi/PaperExperiment/CompilerOptimization/Result/flatbuffers/dg/dg-LLVM14-O2-g/high_precision_20260326_164052/log/cda_ntscd_icfg_quiet.lines.stderr.log
cda_ntscd_icfg_quiet,CDA,ntscd+icfg+pta+q,lines,"[pta] UNHANDLED:   %2629 = landingpad { i8*, i32 }",/home/jimi/PaperExperiment/CompilerOptimization/Result/flatbuffers/dg/dg-LLVM14-O2-g/high_precision_20260326_164052/log/cda_ntscd_icfg_quiet.lines.stderr.log
cda_ntscd_icfg_quiet,CDA,ntscd+icfg+pta+q,lines,"[pta] UNHANDLED:   %1879 = invoke noundef i8* @_ZNSt7__cxx1112basic_stringIcSt11char_traitsIcESaIcEE9_M_createERmm(%""class.std::__cxx11::basic_string""* noundef nonnull align 8 dereferenceable(32) %1875, i64* noundef nonnull align 8 dereferenceable(8) %4, i64 noundef 0)",/home/jimi/PaperExperiment/CompilerOptimization/Result/flatbuffers/dg/dg-LLVM14-O2-g/high_precision_20260326_164052/log/cda_ntscd_icfg_quiet.lines.stderr.log
cda_ntscd_icfg_quiet,CDA,ntscd+icfg+pta+q,lines,"[pta] UNHANDLED:   invoke void @_ZN11flatbuffers21NewSwiftCodeGeneratorEv(%""class.std::unique_ptr.151""* nonnull sret(%""class.std::unique_ptr.151"") align 8 %78)",/home/jimi/PaperExperiment/CompilerOptimization/Result/flatbuffers/dg/dg-LLVM14-O2-g/high_precision_20260326_164052/log/cda_ntscd_icfg_quiet.lines.stderr.log
cda_ntscd_icfg_quiet,CDA,ntscd+icfg+pta+q,lines,"[pta] UNHANDLED:   %2675 = landingpad { i8*, i32 }",/home/jimi/PaperExperiment/CompilerOptimization/Result/flatbuffers/dg/dg-LLVM14-O2-g/high_precision_20260326_164052/log/cda_ntscd_icfg_quiet.lines.stderr.log
cda_ntscd_icfg_quiet,CDA,ntscd+icfg+pta+q,lines,"[pta] UNHANDLED:   invoke void @_ZNSt12__shared_ptrIN11flatbuffers13CodeGeneratorELN9__gnu_cxx12_Lock_policyE2EEC2IS1_St14default_deleteIS1_EvEEOSt10unique_ptrIT_T0_E(%""class.std::__shared_ptr""* noundef nonnull align 8 dereferenceable(16) %1889, %""class.std::unique_ptr.151""* noundef nonnull align 8 dereferenceable(8) %78)",/home/jimi/PaperExperiment/CompilerOptimization/Result/flatbuffers/dg/dg-LLVM14-O2-g/high_precision_20260326_164052/log/cda_ntscd_icfg_quiet.lines.stderr.log
cda_ntscd_icfg_quiet,CDA,ntscd+icfg+pta+q,lines,"[pta] UNHANDLED:   %2659 = landingpad { i8*, i32 }",/home/jimi/PaperExperiment/CompilerOptimization/Result/flatbuffers/dg/dg-LLVM14-O2-g/high_precision_20260326_164052/log/cda_ntscd_icfg_quiet.lines.stderr.log
cda_ntscd_icfg_quiet,CDA,ntscd+icfg+pta+q,lines,"[pta] UNHANDLED:   %1891 = invoke noundef zeroext i1 bitcast (i1 (%""class.flatbuffers::FlatCompiler""*, %""struct.flatbuffers::FlatCOption""*, %""class.std::shared_ptr""*)* @_ZN11flatbuffers12FlatCompiler21RegisterCodeGeneratorERKNS_11FlatCOptionESt10shared_ptrINS_13CodeGeneratorEE to i1 (%""class.flatbuffers::FlatCompiler.2328""*, %""struct.flatbuffers::FlatCOption""*, %""class.std::shared_ptr""*)*)(%""class.flatbuffers::FlatCompiler.2328""* noundef nonnull align 8 dereferenceable(64) %24, %""struct.flatbuffers::FlatCOption""* noundef nonnull align 8 dereferenceable(128) %76, %""class.std::shared_ptr""* noundef nonnull %77)",/home/jimi/PaperExperiment/CompilerOptimization/Result/flatbuffers/dg/dg-LLVM14-O2-g/high_precision_20260326_164052/log/cda_ntscd_icfg_quiet.lines.stderr.log
cda_ntscd_icfg_quiet,CDA,ntscd+icfg+pta+q,lines,"[pta] UNHANDLED:   %2661 = landingpad { i8*, i32 }",/home/jimi/PaperExperiment/CompilerOptimization/Result/flatbuffers/dg/dg-LLVM14-O2-g/high_precision_20260326_164052/log/cda_ntscd_icfg_quiet.lines.stderr.log
cda_ntscd_icfg_quiet,CDA,ntscd+icfg+pta+q,lines,"[pta] UNHANDLED:   %2663 = landingpad { i8*, i32 }",/home/jimi/PaperExperiment/CompilerOptimization/Result/flatbuffers/dg/dg-LLVM14-O2-g/high_precision_20260326_164052/log/cda_ntscd_icfg_quiet.lines.stderr.log
cda_ntscd_icfg_quiet,CDA,ntscd+icfg+pta+q,lines,"[pta] UNHANDLED:   %1982 = invoke noundef i8* @_ZNSt7__cxx1112basic_stringIcSt11char_traitsIcESaIcEE9_M_createERmm(%""class.std::__cxx11::basic_string""* noundef nonnull align 8 dereferenceable(32) %1978, i64* noundef nonnull align 8 dereferenceable(8) %3, i64 noundef 0)",/home/jimi/PaperExperiment/CompilerOptimization/Result/flatbuffers/dg/dg-LLVM14-O2-g/high_precision_20260326_164052/log/cda_ntscd_icfg_quiet.lines.stderr.log
cda_ntscd_icfg_quiet,CDA,ntscd+icfg+pta+q,lines,"[pta] UNHANDLED:   invoke void @_ZN11flatbuffers18NewTsCodeGeneratorEv(%""class.std::unique_ptr.151""* nonnull sret(%""class.std::unique_ptr.151"") align 8 %81)",/home/jimi/PaperExperiment/CompilerOptimization/Result/flatbuffers/dg/dg-LLVM14-O2-g/high_precision_20260326_164052/log/cda_ntscd_icfg_quiet.lines.stderr.log
cda_ntscd_icfg_quiet,CDA,ntscd+icfg+pta+q,lines,"[pta] UNHANDLED:   %2709 = landingpad { i8*, i32 }",/home/jimi/PaperExperiment/CompilerOptimization/Result/flatbuffers/dg/dg-LLVM14-O2-g/high_precision_20260326_164052/log/cda_ntscd_icfg_quiet.lines.stderr.log
cda_ntscd_icfg_quiet,CDA,ntscd+icfg+pta+q,lines,"[pta] UNHANDLED:   invoke void @_ZNSt12__shared_ptrIN11flatbuffers13CodeGeneratorELN9__gnu_cxx12_Lock_policyE2EEC2IS1_St14default_deleteIS1_EvEEOSt10unique_ptrIT_T0_E(%""class.std::__shared_ptr""* noundef nonnull align 8 dereferenceable(16) %1992, %""class.std::unique_ptr.151""* noundef nonnull align 8 dereferenceable(8) %81)",/home/jimi/PaperExperiment/CompilerOptimization/Result/flatbuffers/dg/dg-LLVM14-O2-g/high_precision_20260326_164052/log/cda_ntscd_icfg_quiet.lines.stderr.log
cda_ntscd_icfg_quiet,CDA,ntscd+icfg+pta+q,lines,"[pta] UNHANDLED:   %2693 = landingpad { i8*, i32 }",/home/jimi/PaperExperiment/CompilerOptimization/Result/flatbuffers/dg/dg-LLVM14-O2-g/high_precision_20260326_164052/log/cda_ntscd_icfg_quiet.lines.stderr.log
cda_ntscd_icfg_quiet,CDA,ntscd+icfg+pta+q,lines,"[pta] UNHANDLED:   %1994 = invoke noundef zeroext i1 bitcast (i1 (%""class.flatbuffers::FlatCompiler""*, %""struct.flatbuffers::FlatCOption""*, %""class.std::shared_ptr""*)* @_ZN11flatbuffers12FlatCompiler21RegisterCodeGeneratorERKNS_11FlatCOptionESt10shared_ptrINS_13CodeGeneratorEE to i1 (%""class.flatbuffers::FlatCompiler.2328""*, %""struct.flatbuffers::FlatCOption""*, %""class.std::shared_ptr""*)*)(%""class.flatbuffers::FlatCompiler.2328""* noundef nonnull align 8 dereferenceable(64) %24, %""struct.flatbuffers::FlatCOption""* noundef nonnull align 8 dereferenceable(128) %79, %""class.std::shared_ptr""* noundef nonnull %80)",/home/jimi/PaperExperiment/CompilerOptimization/Result/flatbuffers/dg/dg-LLVM14-O2-g/high_precision_20260326_164052/log/cda_ntscd_icfg_quiet.lines.stderr.log
cda_ntscd_icfg_quiet,CDA,ntscd+icfg+pta+q,lines,"[pta] UNHANDLED:   %2695 = landingpad { i8*, i32 }",/home/jimi/PaperExperiment/CompilerOptimization/Result/flatbuffers/dg/dg-LLVM14-O2-g/high_precision_20260326_164052/log/cda_ntscd_icfg_quiet.lines.stderr.log
cda_ntscd_icfg_quiet,CDA,ntscd+icfg+pta+q,lines,"[pta] UNHANDLED:   %2697 = landingpad { i8*, i32 }",/home/jimi/PaperExperiment/CompilerOptimization/Result/flatbuffers/dg/dg-LLVM14-O2-g/high_precision_20260326_164052/log/cda_ntscd_icfg_quiet.lines.stderr.log
cda_ntscd_icfg_quiet,CDA,ntscd+icfg+pta+q,lines,"[pta] UNHANDLED:   invoke void bitcast (void (%""struct.flatbuffers::FlatCOptions""*, %""class.flatbuffers::FlatCompiler""*, i32, i8**)* @_ZN11flatbuffers12FlatCompiler29ParseFromCommandLineArgumentsEiPPKc to void (%""struct.flatbuffers::FlatCOptions""*, %""class.flatbuffers::FlatCompiler.2328""*, i32, i8**)*)(%""struct.flatbuffers::FlatCOptions""* nonnull sret(%""struct.flatbuffers::FlatCOptions"") align 8 %82, %""class.flatbuffers::FlatCompiler.2328""* noundef nonnull align 8 dereferenceable(64) %24, i32 noundef %0, i8** noundef nonnull %1)",/home/jimi/PaperExperiment/CompilerOptimization/Result/flatbuffers/dg/dg-LLVM14-O2-g/high_precision_20260326_164052/log/cda_ntscd_icfg_quiet.lines.stderr.log
cda_ntscd_icfg_quiet,CDA,ntscd+icfg+pta+q,lines,"[pta] UNHANDLED:   %2727 = landingpad { i8*, i32 }",/home/jimi/PaperExperiment/CompilerOptimization/Result/flatbuffers/dg/dg-LLVM14-O2-g/high_precision_20260326_164052/log/cda_ntscd_icfg_quiet.lines.stderr.log
cda_ntscd_icfg_quiet,CDA,ntscd+icfg+pta+q,lines,[pta] UNHANDLED:   %2731 = invoke noalias noundef nonnull dereferenceable(8) i8* @_Znwm(i64 noundef 8) #52,/home/jimi/PaperExperiment/CompilerOptimization/Result/flatbuffers/dg/dg-LLVM14-O2-g/high_precision_20260326_164052/log/cda_ntscd_icfg_quiet.lines.stderr.log
cda_ntscd_icfg_quiet,CDA,ntscd+icfg+pta+q,lines,"[pta] UNHANDLED:   %2739 = invoke noundef i32 bitcast (i32 (%""class.flatbuffers::FlatCompiler""*, %""struct.flatbuffers::FlatCOptions""*)* @_ZN11flatbuffers12FlatCompiler7CompileERKNS_12FlatCOptionsE to i32 (%""class.flatbuffers::FlatCompiler.2328""*, %""struct.flatbuffers::FlatCOptions""*)*)(%""class.flatbuffers::FlatCompiler.2328""* noundef nonnull align 8 dereferenceable(64) %24, %""struct.flatbuffers::FlatCOptions""* noundef nonnull align 8 dereferenceable(1104) %82)",/home/jimi/PaperExperiment/CompilerOptimization/Result/flatbuffers/dg/dg-LLVM14-O2-g/high_precision_20260326_164052/log/cda_ntscd_icfg_quiet.lines.stderr.log
cda_ntscd_icfg_quiet,CDA,ntscd+icfg+pta+q,lines,"[pta] UNHANDLED:   %2729 = landingpad { i8*, i32 }",/home/jimi/PaperExperiment/CompilerOptimization/Result/flatbuffers/dg/dg-LLVM14-O2-g/high_precision_20260326_164052/log/cda_ntscd_icfg_quiet.lines.stderr.log
cda_ntscd_icfg_quiet,CDA,ntscd+icfg+pta+q,lines,[pta] UNHANDLED:   %2067 = invoke noalias noundef nonnull dereferenceable(56) i8* @_Znwm(i64 noundef 56) #52,/home/jimi/PaperExperiment/CompilerOptimization/Result/flatbuffers/dg/dg-LLVM14-O2-g/high_precision_20260326_164052/log/cda_ntscd_icfg_quiet.lines.stderr.log
cda_ntscd_icfg_quiet,CDA,ntscd+icfg+pta+q,lines,"[pta] UNHANDLED:   invoke void %2745(%""class.flatbuffers::FileSaver""* noundef nonnull align 8 dereferenceable(8) %2741)",/home/jimi/PaperExperiment/CompilerOptimization/Result/flatbuffers/dg/dg-LLVM14-O2-g/high_precision_20260326_164052/log/cda_ntscd_icfg_quiet.lines.stderr.log
cda_ntscd_icfg_quiet,CDA,ntscd+icfg+pta+q,lines,"[pta] UNHANDLED:   %2763 = landingpad { i8*, i32 }",/home/jimi/PaperExperiment/CompilerOptimization/Result/flatbuffers/dg/dg-LLVM14-O2-g/high_precision_20260326_164052/log/cda_ntscd_icfg_quiet.lines.stderr.log
cda_ntscd_icfg_quiet,CDA,ntscd+icfg+pta+q,lines,"[pta] UNHANDLED:   invoke void @_ZNSt8_Rb_treeINSt7__cxx1112basic_stringIcSt11char_traitsIcESaIcEEESt4pairIKS5_St10shared_ptrIN11flatbuffers13CodeGeneratorEEESt10_Select1stISC_ESt4lessIS5_ESaISC_EE8_M_eraseEPSt13_Rb_tree_nodeISC_E(%""class.std::_Rb_tree""* noundef nonnull align 8 dereferenceable(48) %2751, %""struct.std::_Rb_tree_node.354""* noundef %2753)",/home/jimi/PaperExperiment/CompilerOptimization/Result/flatbuffers/dg/dg-LLVM14-O2-g/high_precision_20260326_164052/log/cda_ntscd_icfg_quiet.lines.stderr.log
cda_ntscd_icfg_quiet,CDA,ntscd+icfg+pta+q,lines,"[pta] UNHANDLED:   %2755 = landingpad { i8*, i32 }",/home/jimi/PaperExperiment/CompilerOptimization/Result/flatbuffers/dg/dg-LLVM14-O2-g/high_precision_20260326_164052/log/cda_ntscd_icfg_quiet.lines.stderr.log
cda_ntscd_icfg_ir,CDA,ntscd+icfg+pta+ir,lines,"[pta] UNHANDLED:   %148 = invoke noundef i8* @_ZNSt7__cxx1112basic_stringIcSt11char_traitsIcESaIcEE9_M_createERmm(%""class.std::__cxx11::basic_string""* noundef nonnull align 8 dereferenceable(32) %144, i64* noundef nonnull align 8 dereferenceable(8) %21, i64 noundef 0)",/home/jimi/PaperExperiment/CompilerOptimization/Result/flatbuffers/dg/dg-LLVM14-O2-g/high_precision_20260326_164052/log/cda_ntscd_icfg_ir.lines.stderr.log
cda_ntscd_icfg_ir,CDA,ntscd+icfg+pta+ir,lines,"[pta] UNHANDLED:   invoke void @_ZN11flatbuffers22NewBinaryCodeGeneratorEv(%""class.std::unique_ptr.151""* nonnull sret(%""class.std::unique_ptr.151"") align 8 %27)",/home/jimi/PaperExperiment/CompilerOptimization/Result/flatbuffers/dg/dg-LLVM14-O2-g/high_precision_20260326_164052/log/cda_ntscd_icfg_ir.lines.stderr.log
cda_ntscd_icfg_ir,CDA,ntscd+icfg+pta+ir,lines,"[pta] UNHANDLED:   invoke void @_ZNSt8_Rb_treeINSt7__cxx1112basic_stringIcSt11char_traitsIcESaIcEEESt4pairIKS5_St10shared_ptrIN11flatbuffers13CodeGeneratorEEESt10_Select1stISC_ESt4lessIS5_ESaISC_EE8_M_eraseEPSt13_Rb_tree_nodeISC_E(%""class.std::_Rb_tree""* noundef nonnull align 8 dereferenceable(48) %2, %""struct.std::_Rb_tree_node.354""* noundef %6)",/home/jimi/PaperExperiment/CompilerOptimization/Result/flatbuffers/dg/dg-LLVM14-O2-g/high_precision_20260326_164052/log/cda_ntscd_icfg_ir.lines.stderr.log
cda_ntscd_icfg_ir,CDA,ntscd+icfg+pta+ir,lines,"[pta] UNHANDLED:   %8 = landingpad { i8*, i32 }",/home/jimi/PaperExperiment/CompilerOptimization/Result/flatbuffers/dg/dg-LLVM14-O2-g/high_precision_20260326_164052/log/cda_ntscd_icfg_ir.lines.stderr.log
cda_ntscd_icfg_ir,CDA,ntscd+icfg+pta+ir,lines,"[pta] UNHANDLED:   %2097 = landingpad { i8*, i32 }",/home/jimi/PaperExperiment/CompilerOptimization/Result/flatbuffers/dg/dg-LLVM14-O2-g/high_precision_20260326_164052/log/cda_ntscd_icfg_ir.lines.stderr.log
cda_ntscd_icfg_ir,CDA,ntscd+icfg+pta+ir,lines,"[pta] UNHANDLED:   invoke void @_ZNSt12__shared_ptrIN11flatbuffers13CodeGeneratorELN9__gnu_cxx12_Lock_policyE2EEC2IS1_St14default_deleteIS1_EvEEOSt10unique_ptrIT_T0_E(%""class.std::__shared_ptr""* noundef nonnull align 8 dereferenceable(16) %158, %""class.std::unique_ptr.151""* noundef nonnull align 8 dereferenceable(8) %27)",/home/jimi/PaperExperiment/CompilerOptimization/Result/flatbuffers/dg/dg-LLVM14-O2-g/high_precision_20260326_164052/log/cda_ntscd_icfg_ir.lines.stderr.log
cda_ntscd_icfg_ir,CDA,ntscd+icfg+pta+ir,lines,"[pta] UNHANDLED:   %2081 = landingpad { i8*, i32 }",/home/jimi/PaperExperiment/CompilerOptimization/Result/flatbuffers/dg/dg-LLVM14-O2-g/high_precision_20260326_164052/log/cda_ntscd_icfg_ir.lines.stderr.log
cda_ntscd_icfg_ir,CDA,ntscd+icfg+pta+ir,lines,"[pta] UNHANDLED:   resume { i8*, i32 } %2773, !dbg !106616",/home/jimi/PaperExperiment/CompilerOptimization/Result/flatbuffers/dg/dg-LLVM14-O2-g/high_precision_20260326_164052/log/cda_ntscd_icfg_ir.lines.stderr.log
cda_ntscd_icfg_ir,CDA,ntscd+icfg+pta+ir,lines,"[pta] UNHANDLED:   %160 = invoke noundef zeroext i1 bitcast (i1 (%""class.flatbuffers::FlatCompiler""*, %""struct.flatbuffers::FlatCOption""*, %""class.std::shared_ptr""*)* @_ZN11flatbuffers12FlatCompiler21RegisterCodeGeneratorERKNS_11FlatCOptionESt10shared_ptrINS_13CodeGeneratorEE to i1 (%""class.flatbuffers::FlatCompiler.2328""*, %""struct.flatbuffers::FlatCOption""*, %""class.std::shared_ptr""*)*)(%""class.flatbuffers::FlatCompiler.2328""* noundef nonnull align 8 dereferenceable(64) %24, %""struct.flatbuffers::FlatCOption""* noundef nonnull align 8 dereferenceable(128) %25, %""class.std::shared_ptr""* noundef nonnull %26)",/home/jimi/PaperExperiment/CompilerOptimization/Result/flatbuffers/dg/dg-LLVM14-O2-g/high_precision_20260326_164052/log/cda_ntscd_icfg_ir.lines.stderr.log
cda_ntscd_icfg_ir,CDA,ntscd+icfg+pta+ir,lines,"[pta] UNHANDLED:   %2083 = landingpad { i8*, i32 }",/home/jimi/PaperExperiment/CompilerOptimization/Result/flatbuffers/dg/dg-LLVM14-O2-g/high_precision_20260326_164052/log/cda_ntscd_icfg_ir.lines.stderr.log
cda_ntscd_icfg_ir,CDA,ntscd+icfg+pta+ir,lines,"[pta] UNHANDLED:   %2085 = landingpad { i8*, i32 }",/home/jimi/PaperExperiment/CompilerOptimization/Result/flatbuffers/dg/dg-LLVM14-O2-g/high_precision_20260326_164052/log/cda_ntscd_icfg_ir.lines.stderr.log
cda_ntscd_icfg_ir,CDA,ntscd+icfg+pta+ir,lines,"[pta] UNHANDLED:   %250 = invoke noundef i8* @_ZNSt7__cxx1112basic_stringIcSt11char_traitsIcESaIcEE9_M_createERmm(%""class.std::__cxx11::basic_string""* noundef nonnull align 8 dereferenceable(32) %246, i64* noundef nonnull align 8 dereferenceable(8) %20, i64 noundef 0)",/home/jimi/PaperExperiment/CompilerOptimization/Result/flatbuffers/dg/dg-LLVM14-O2-g/high_precision_20260326_164052/log/cda_ntscd_icfg_ir.lines.stderr.log
cda_ntscd_icfg_ir,CDA,ntscd+icfg+pta+ir,lines,"[pta] UNHANDLED:   invoke void @_ZN11flatbuffers19NewCppCodeGeneratorEv(%""class.std::unique_ptr.151""* nonnull sret(%""class.std::unique_ptr.151"") align 8 %30)",/home/jimi/PaperExperiment/CompilerOptimization/Result/flatbuffers/dg/dg-LLVM14-O2-g/high_precision_20260326_164052/log/cda_ntscd_icfg_ir.lines.stderr.log
cda_ntscd_icfg_ir,CDA,ntscd+icfg+pta+ir,lines,"[pta] UNHANDLED:   %2131 = landingpad { i8*, i32 }",/home/jimi/PaperExperiment/CompilerOptimization/Result/flatbuffers/dg/dg-LLVM14-O2-g/high_precision_20260326_164052/log/cda_ntscd_icfg_ir.lines.stderr.log
cda_ntscd_icfg_ir,CDA,ntscd+icfg+pta+ir,lines,"[pta] UNHANDLED:   invoke void @_ZNSt12__shared_ptrIN11flatbuffers13CodeGeneratorELN9__gnu_cxx12_Lock_policyE2EEC2IS1_St14default_deleteIS1_EvEEOSt10unique_ptrIT_T0_E(%""class.std::__shared_ptr""* noundef nonnull align 8 dereferenceable(16) %260, %""class.std::unique_ptr.151""* noundef nonnull align 8 dereferenceable(8) %30)",/home/jimi/PaperExperiment/CompilerOptimization/Result/flatbuffers/dg/dg-LLVM14-O2-g/high_precision_20260326_164052/log/cda_ntscd_icfg_ir.lines.stderr.log
cda_ntscd_icfg_ir,CDA,ntscd+icfg+pta+ir,lines,"[pta] UNHANDLED:   %2115 = landingpad { i8*, i32 }",/home/jimi/PaperExperiment/CompilerOptimization/Result/flatbuffers/dg/dg-LLVM14-O2-g/high_precision_20260326_164052/log/cda_ntscd_icfg_ir.lines.stderr.log
cda_ntscd_icfg_ir,CDA,ntscd+icfg+pta+ir,lines,"[pta] UNHANDLED:   %262 = invoke noundef zeroext i1 bitcast (i1 (%""class.flatbuffers::FlatCompiler""*, %""struct.flatbuffers::FlatCOption""*, %""class.std::shared_ptr""*)* @_ZN11flatbuffers12FlatCompiler21RegisterCodeGeneratorERKNS_11FlatCOptionESt10shared_ptrINS_13CodeGeneratorEE to i1 (%""class.flatbuffers::FlatCompiler.2328""*, %""struct.flatbuffers::FlatCOption""*, %""class.std::shared_ptr""*)*)(%""class.flatbuffers::FlatCompiler.2328""* noundef nonnull align 8 dereferenceable(64) %24, %""struct.flatbuffers::FlatCOption""* noundef nonnull align 8 dereferenceable(128) %28, %""class.std::shared_ptr""* noundef nonnull %29)",/home/jimi/PaperExperiment/CompilerOptimization/Result/flatbuffers/dg/dg-LLVM14-O2-g/high_precision_20260326_164052/log/cda_ntscd_icfg_ir.lines.stderr.log
cda_ntscd_icfg_ir,CDA,ntscd+icfg+pta+ir,lines,"[pta] UNHANDLED:   %2117 = landingpad { i8*, i32 }",/home/jimi/PaperExperiment/CompilerOptimization/Result/flatbuffers/dg/dg-LLVM14-O2-g/high_precision_20260326_164052/log/cda_ntscd_icfg_ir.lines.stderr.log
cda_ntscd_icfg_ir,CDA,ntscd+icfg+pta+ir,lines,"[pta] UNHANDLED:   %2119 = landingpad { i8*, i32 }",/home/jimi/PaperExperiment/CompilerOptimization/Result/flatbuffers/dg/dg-LLVM14-O2-g/high_precision_20260326_164052/log/cda_ntscd_icfg_ir.lines.stderr.log
cda_ntscd_icfg_ir,CDA,ntscd+icfg+pta+ir,lines,"[pta] UNHANDLED:   %352 = invoke noundef i8* @_ZNSt7__cxx1112basic_stringIcSt11char_traitsIcESaIcEE9_M_createERmm(%""class.std::__cxx11::basic_string""* noundef nonnull align 8 dereferenceable(32) %348, i64* noundef nonnull align 8 dereferenceable(8) %19, i64 noundef 0)",/home/jimi/PaperExperiment/CompilerOptimization/Result/flatbuffers/dg/dg-LLVM14-O2-g/high_precision_20260326_164052/log/cda_ntscd_icfg_ir.lines.stderr.log
cda_ntscd_icfg_ir,CDA,ntscd+icfg+pta+ir,lines,"[pta] UNHANDLED:   invoke void @_ZN11flatbuffers22NewCSharpCodeGeneratorEv(%""class.std::unique_ptr.151""* nonnull sret(%""class.std::unique_ptr.151"") align 8 %33)",/home/jimi/PaperExperiment/CompilerOptimization/Result/flatbuffers/dg/dg-LLVM14-O2-g/high_precision_20260326_164052/log/cda_ntscd_icfg_ir.lines.stderr.log
cda_ntscd_icfg_ir,CDA,ntscd+icfg+pta+ir,lines,"[pta] UNHANDLED:   %2165 = landingpad { i8*, i32 }",/home/jimi/PaperExperiment/CompilerOptimization/Result/flatbuffers/dg/dg-LLVM14-O2-g/high_precision_20260326_164052/log/cda_ntscd_icfg_ir.lines.stderr.log
cda_ntscd_icfg_ir,CDA,ntscd+icfg+pta+ir,lines,"[pta] UNHANDLED:   invoke void @_ZNSt12__shared_ptrIN11flatbuffers13CodeGeneratorELN9__gnu_cxx12_Lock_policyE2EEC2IS1_St14default_deleteIS1_EvEEOSt10unique_ptrIT_T0_E(%""class.std::__shared_ptr""* noundef nonnull align 8 dereferenceable(16) %362, %""class.std::unique_ptr.151""* noundef nonnull align 8 dereferenceable(8) %33)",/home/jimi/PaperExperiment/CompilerOptimization/Result/flatbuffers/dg/dg-LLVM14-O2-g/high_precision_20260326_164052/log/cda_ntscd_icfg_ir.lines.stderr.log
cda_ntscd_icfg_ir,CDA,ntscd+icfg+pta+ir,lines,"[pta] UNHANDLED:   %2149 = landingpad { i8*, i32 }",/home/jimi/PaperExperiment/CompilerOptimization/Result/flatbuffers/dg/dg-LLVM14-O2-g/high_precision_20260326_164052/log/cda_ntscd_icfg_ir.lines.stderr.log
cda_ntscd_icfg_ir,CDA,ntscd+icfg+pta+ir,lines,"[pta] UNHANDLED:   %364 = invoke noundef zeroext i1 bitcast (i1 (%""class.flatbuffers::FlatCompiler""*, %""struct.flatbuffers::FlatCOption""*, %""class.std::shared_ptr""*)* @_ZN11flatbuffers12FlatCompiler21RegisterCodeGeneratorERKNS_11FlatCOptionESt10shared_ptrINS_13CodeGeneratorEE to i1 (%""class.flatbuffers::FlatCompiler.2328""*, %""struct.flatbuffers::FlatCOption""*, %""class.std::shared_ptr""*)*)(%""class.flatbuffers::FlatCompiler.2328""* noundef nonnull align 8 dereferenceable(64) %24, %""struct.flatbuffers::FlatCOption""* noundef nonnull align 8 dereferenceable(128) %31, %""class.std::shared_ptr""* noundef nonnull %32)",/home/jimi/PaperExperiment/CompilerOptimization/Result/flatbuffers/dg/dg-LLVM14-O2-g/high_precision_20260326_164052/log/cda_ntscd_icfg_ir.lines.stderr.log
cda_ntscd_icfg_ir,CDA,ntscd+icfg+pta+ir,lines,"[pta] UNHANDLED:   %2151 = landingpad { i8*, i32 }",/home/jimi/PaperExperiment/CompilerOptimization/Result/flatbuffers/dg/dg-LLVM14-O2-g/high_precision_20260326_164052/log/cda_ntscd_icfg_ir.lines.stderr.log
cda_ntscd_icfg_ir,CDA,ntscd+icfg+pta+ir,lines,"[pta] UNHANDLED:   %2153 = landingpad { i8*, i32 }",/home/jimi/PaperExperiment/CompilerOptimization/Result/flatbuffers/dg/dg-LLVM14-O2-g/high_precision_20260326_164052/log/cda_ntscd_icfg_ir.lines.stderr.log
cda_ntscd_icfg_ir,CDA,ntscd+icfg+pta+ir,lines,"[pta] UNHANDLED:   %455 = invoke noundef i8* @_ZNSt7__cxx1112basic_stringIcSt11char_traitsIcESaIcEE9_M_createERmm(%""class.std::__cxx11::basic_string""* noundef nonnull align 8 dereferenceable(32) %451, i64* noundef nonnull align 8 dereferenceable(8) %18, i64 noundef 0)",/home/jimi/PaperExperiment/CompilerOptimization/Result/flatbuffers/dg/dg-LLVM14-O2-g/high_precision_20260326_164052/log/cda_ntscd_icfg_ir.lines.stderr.log
cda_ntscd_icfg_ir,CDA,ntscd+icfg+pta+ir,lines,"[pta] UNHANDLED:   invoke void @_ZN11flatbuffers20NewDartCodeGeneratorEv(%""class.std::unique_ptr.151""* nonnull sret(%""class.std::unique_ptr.151"") align 8 %36)",/home/jimi/PaperExperiment/CompilerOptimization/Result/flatbuffers/dg/dg-LLVM14-O2-g/high_precision_20260326_164052/log/cda_ntscd_icfg_ir.lines.stderr.log
cda_ntscd_icfg_ir,CDA,ntscd+icfg+pta+ir,lines,"[pta] UNHANDLED:   %2199 = landingpad { i8*, i32 }",/home/jimi/PaperExperiment/CompilerOptimization/Result/flatbuffers/dg/dg-LLVM14-O2-g/high_precision_20260326_164052/log/cda_ntscd_icfg_ir.lines.stderr.log
cda_ntscd_icfg_ir,CDA,ntscd+icfg+pta+ir,lines,"[pta] UNHANDLED:   invoke void @_ZNSt12__shared_ptrIN11flatbuffers13CodeGeneratorELN9__gnu_cxx12_Lock_policyE2EEC2IS1_St14default_deleteIS1_EvEEOSt10unique_ptrIT_T0_E(%""class.std::__shared_ptr""* noundef nonnull align 8 dereferenceable(16) %465, %""class.std::unique_ptr.151""* noundef nonnull align 8 dereferenceable(8) %36)",/home/jimi/PaperExperiment/CompilerOptimization/Result/flatbuffers/dg/dg-LLVM14-O2-g/high_precision_20260326_164052/log/cda_ntscd_icfg_ir.lines.stderr.log
cda_ntscd_icfg_ir,CDA,ntscd+icfg+pta+ir,lines,"[pta] UNHANDLED:   %2183 = landingpad { i8*, i32 }",/home/jimi/PaperExperiment/CompilerOptimization/Result/flatbuffers/dg/dg-LLVM14-O2-g/high_precision_20260326_164052/log/cda_ntscd_icfg_ir.lines.stderr.log
cda_ntscd_icfg_ir,CDA,ntscd+icfg+pta+ir,lines,"[pta] UNHANDLED:   %467 = invoke noundef zeroext i1 bitcast (i1 (%""class.flatbuffers::FlatCompiler""*, %""struct.flatbuffers::FlatCOption""*, %""class.std::shared_ptr""*)* @_ZN11flatbuffers12FlatCompiler21RegisterCodeGeneratorERKNS_11FlatCOptionESt10shared_ptrINS_13CodeGeneratorEE to i1 (%""class.flatbuffers::FlatCompiler.2328""*, %""struct.flatbuffers::FlatCOption""*, %""class.std::shared_ptr""*)*)(%""class.flatbuffers::FlatCompiler.2328""* noundef nonnull align 8 dereferenceable(64) %24, %""struct.flatbuffers::FlatCOption""* noundef nonnull align 8 dereferenceable(128) %34, %""class.std::shared_ptr""* noundef nonnull %35)",/home/jimi/PaperExperiment/CompilerOptimization/Result/flatbuffers/dg/dg-LLVM14-O2-g/high_precision_20260326_164052/log/cda_ntscd_icfg_ir.lines.stderr.log
cda_ntscd_icfg_ir,CDA,ntscd+icfg+pta+ir,lines,"[pta] UNHANDLED:   %2185 = landingpad { i8*, i32 }",/home/jimi/PaperExperiment/CompilerOptimization/Result/flatbuffers/dg/dg-LLVM14-O2-g/high_precision_20260326_164052/log/cda_ntscd_icfg_ir.lines.stderr.log
cda_ntscd_icfg_ir,CDA,ntscd+icfg+pta+ir,lines,"[pta] UNHANDLED:   %2187 = landingpad { i8*, i32 }",/home/jimi/PaperExperiment/CompilerOptimization/Result/flatbuffers/dg/dg-LLVM14-O2-g/high_precision_20260326_164052/log/cda_ntscd_icfg_ir.lines.stderr.log
cda_ntscd_icfg_ir,CDA,ntscd+icfg+pta+ir,lines,"[pta] UNHANDLED:   %556 = invoke noundef i8* @_ZNSt7__cxx1112basic_stringIcSt11char_traitsIcESaIcEE9_M_createERmm(%""class.std::__cxx11::basic_string""* noundef nonnull align 8 dereferenceable(32) %552, i64* noundef nonnull align 8 dereferenceable(8) %17, i64 noundef 0)",/home/jimi/PaperExperiment/CompilerOptimization/Result/flatbuffers/dg/dg-LLVM14-O2-g/high_precision_20260326_164052/log/cda_ntscd_icfg_ir.lines.stderr.log
cda_ntscd_icfg_ir,CDA,ntscd+icfg+pta+ir,lines,"[pta] UNHANDLED:   invoke void @_ZN11flatbuffers19NewFBSCodeGeneratorEb(%""class.std::unique_ptr.151""* nonnull sret(%""class.std::unique_ptr.151"") align 8 %39, i1 noundef zeroext false)",/home/jimi/PaperExperiment/CompilerOptimization/Result/flatbuffers/dg/dg-LLVM14-O2-g/high_precision_20260326_164052/log/cda_ntscd_icfg_ir.lines.stderr.log
cda_ntscd_icfg_ir,CDA,ntscd+icfg+pta+ir,lines,"[pta] UNHANDLED:   %2233 = landingpad { i8*, i32 }",/home/jimi/PaperExperiment/CompilerOptimization/Result/flatbuffers/dg/dg-LLVM14-O2-g/high_precision_20260326_164052/log/cda_ntscd_icfg_ir.lines.stderr.log
cda_ntscd_icfg_ir,CDA,ntscd+icfg+pta+ir,lines,"[pta] UNHANDLED:   invoke void @_ZNSt12__shared_ptrIN11flatbuffers13CodeGeneratorELN9__gnu_cxx12_Lock_policyE2EEC2IS1_St14default_deleteIS1_EvEEOSt10unique_ptrIT_T0_E(%""class.std::__shared_ptr""* noundef nonnull align 8 dereferenceable(16) %566, %""class.std::unique_ptr.151""* noundef nonnull align 8 dereferenceable(8) %39)",/home/jimi/PaperExperiment/CompilerOptimization/Result/flatbuffers/dg/dg-LLVM14-O2-g/high_precision_20260326_164052/log/cda_ntscd_icfg_ir.lines.stderr.log
cda_ntscd_icfg_ir,CDA,ntscd+icfg+pta+ir,lines,"[pta] UNHANDLED:   %2217 = landingpad { i8*, i32 }",/home/jimi/PaperExperiment/CompilerOptimization/Result/flatbuffers/dg/dg-LLVM14-O2-g/high_precision_20260326_164052/log/cda_ntscd_icfg_ir.lines.stderr.log
cda_ntscd_icfg_ir,CDA,ntscd+icfg+pta+ir,lines,"[pta] UNHANDLED:   %568 = invoke noundef zeroext i1 bitcast (i1 (%""class.flatbuffers::FlatCompiler""*, %""struct.flatbuffers::FlatCOption""*, %""class.std::shared_ptr""*)* @_ZN11flatbuffers12FlatCompiler21RegisterCodeGeneratorERKNS_11FlatCOptionESt10shared_ptrINS_13CodeGeneratorEE to i1 (%""class.flatbuffers::FlatCompiler.2328""*, %""struct.flatbuffers::FlatCOption""*, %""class.std::shared_ptr""*)*)(%""class.flatbuffers::FlatCompiler.2328""* noundef nonnull align 8 dereferenceable(64) %24, %""struct.flatbuffers::FlatCOption""* noundef nonnull align 8 dereferenceable(128) %37, %""class.std::shared_ptr""* noundef nonnull %38)",/home/jimi/PaperExperiment/CompilerOptimization/Result/flatbuffers/dg/dg-LLVM14-O2-g/high_precision_20260326_164052/log/cda_ntscd_icfg_ir.lines.stderr.log
cda_ntscd_icfg_ir,CDA,ntscd+icfg+pta+ir,lines,"[pta] UNHANDLED:   %2219 = landingpad { i8*, i32 }",/home/jimi/PaperExperiment/CompilerOptimization/Result/flatbuffers/dg/dg-LLVM14-O2-g/high_precision_20260326_164052/log/cda_ntscd_icfg_ir.lines.stderr.log
cda_ntscd_icfg_ir,CDA,ntscd+icfg+pta+ir,lines,"[pta] UNHANDLED:   %2221 = landingpad { i8*, i32 }",/home/jimi/PaperExperiment/CompilerOptimization/Result/flatbuffers/dg/dg-LLVM14-O2-g/high_precision_20260326_164052/log/cda_ntscd_icfg_ir.lines.stderr.log
cda_ntscd_icfg_ir,CDA,ntscd+icfg+pta+ir,lines,"[pta] UNHANDLED:   %659 = invoke noundef i8* @_ZNSt7__cxx1112basic_stringIcSt11char_traitsIcESaIcEE9_M_createERmm(%""class.std::__cxx11::basic_string""* noundef nonnull align 8 dereferenceable(32) %655, i64* noundef nonnull align 8 dereferenceable(8) %16, i64 noundef 0)",/home/jimi/PaperExperiment/CompilerOptimization/Result/flatbuffers/dg/dg-LLVM14-O2-g/high_precision_20260326_164052/log/cda_ntscd_icfg_ir.lines.stderr.log
cda_ntscd_icfg_ir,CDA,ntscd+icfg+pta+ir,lines,"[pta] UNHANDLED:   invoke void @_ZN11flatbuffers18NewGoCodeGeneratorEv(%""class.std::unique_ptr.151""* nonnull sret(%""class.std::unique_ptr.151"") align 8 %42)",/home/jimi/PaperExperiment/CompilerOptimization/Result/flatbuffers/dg/dg-LLVM14-O2-g/high_precision_20260326_164052/log/cda_ntscd_icfg_ir.lines.stderr.log
cda_ntscd_icfg_ir,CDA,ntscd+icfg+pta+ir,lines,"[pta] UNHANDLED:   %2267 = landingpad { i8*, i32 }",/home/jimi/PaperExperiment/CompilerOptimization/Result/flatbuffers/dg/dg-LLVM14-O2-g/high_precision_20260326_164052/log/cda_ntscd_icfg_ir.lines.stderr.log
cda_ntscd_icfg_ir,CDA,ntscd+icfg+pta+ir,lines,"[pta] UNHANDLED:   invoke void @_ZNSt12__shared_ptrIN11flatbuffers13CodeGeneratorELN9__gnu_cxx12_Lock_policyE2EEC2IS1_St14default_deleteIS1_EvEEOSt10unique_ptrIT_T0_E(%""class.std::__shared_ptr""* noundef nonnull align 8 dereferenceable(16) %669, %""class.std::unique_ptr.151""* noundef nonnull align 8 dereferenceable(8) %42)",/home/jimi/PaperExperiment/CompilerOptimization/Result/flatbuffers/dg/dg-LLVM14-O2-g/high_precision_20260326_164052/log/cda_ntscd_icfg_ir.lines.stderr.log
cda_ntscd_icfg_ir,CDA,ntscd+icfg+pta+ir,lines,"[pta] UNHANDLED:   %2251 = landingpad { i8*, i32 }",/home/jimi/PaperExperiment/CompilerOptimization/Result/flatbuffers/dg/dg-LLVM14-O2-g/high_precision_20260326_164052/log/cda_ntscd_icfg_ir.lines.stderr.log
cda_ntscd_icfg_ir,CDA,ntscd+icfg+pta+ir,lines,"[pta] UNHANDLED:   %671 = invoke noundef zeroext i1 bitcast (i1 (%""class.flatbuffers::FlatCompiler""*, %""struct.flatbuffers::FlatCOption""*, %""class.std::shared_ptr""*)* @_ZN11flatbuffers12FlatCompiler21RegisterCodeGeneratorERKNS_11FlatCOptionESt10shared_ptrINS_13CodeGeneratorEE to i1 (%""class.flatbuffers::FlatCompiler.2328""*, %""struct.flatbuffers::FlatCOption""*, %""class.std::shared_ptr""*)*)(%""class.flatbuffers::FlatCompiler.2328""* noundef nonnull align 8 dereferenceable(64) %24, %""struct.flatbuffers::FlatCOption""* noundef nonnull align 8 dereferenceable(128) %40, %""class.std::shared_ptr""* noundef nonnull %41)",/home/jimi/PaperExperiment/CompilerOptimization/Result/flatbuffers/dg/dg-LLVM14-O2-g/high_precision_20260326_164052/log/cda_ntscd_icfg_ir.lines.stderr.log
cda_ntscd_icfg_ir,CDA,ntscd+icfg+pta+ir,lines,"[pta] UNHANDLED:   %2253 = landingpad { i8*, i32 }",/home/jimi/PaperExperiment/CompilerOptimization/Result/flatbuffers/dg/dg-LLVM14-O2-g/high_precision_20260326_164052/log/cda_ntscd_icfg_ir.lines.stderr.log
cda_ntscd_icfg_ir,CDA,ntscd+icfg+pta+ir,lines,"[pta] UNHANDLED:   %2255 = landingpad { i8*, i32 }",/home/jimi/PaperExperiment/CompilerOptimization/Result/flatbuffers/dg/dg-LLVM14-O2-g/high_precision_20260326_164052/log/cda_ntscd_icfg_ir.lines.stderr.log
cda_ntscd_icfg_ir,CDA,ntscd+icfg+pta+ir,lines,"[pta] UNHANDLED:   %762 = invoke noundef i8* @_ZNSt7__cxx1112basic_stringIcSt11char_traitsIcESaIcEE9_M_createERmm(%""class.std::__cxx11::basic_string""* noundef nonnull align 8 dereferenceable(32) %758, i64* noundef nonnull align 8 dereferenceable(8) %15, i64 noundef 0)",/home/jimi/PaperExperiment/CompilerOptimization/Result/flatbuffers/dg/dg-LLVM14-O2-g/high_precision_20260326_164052/log/cda_ntscd_icfg_ir.lines.stderr.log
cda_ntscd_icfg_ir,CDA,ntscd+icfg+pta+ir,lines,"[pta] UNHANDLED:   invoke void @_ZN11flatbuffers20NewJavaCodeGeneratorEv(%""class.std::unique_ptr.151""* nonnull sret(%""class.std::unique_ptr.151"") align 8 %45)",/home/jimi/PaperExperiment/CompilerOptimization/Result/flatbuffers/dg/dg-LLVM14-O2-g/high_precision_20260326_164052/log/cda_ntscd_icfg_ir.lines.stderr.log
cda_ntscd_icfg_ir,CDA,ntscd+icfg+pta+ir,lines,"[pta] UNHANDLED:   %2301 = landingpad { i8*, i32 }",/home/jimi/PaperExperiment/CompilerOptimization/Result/flatbuffers/dg/dg-LLVM14-O2-g/high_precision_20260326_164052/log/cda_ntscd_icfg_ir.lines.stderr.log
cda_ntscd_icfg_ir,CDA,ntscd+icfg+pta+ir,lines,"[pta] UNHANDLED:   invoke void @_ZNSt12__shared_ptrIN11flatbuffers13CodeGeneratorELN9__gnu_cxx12_Lock_policyE2EEC2IS1_St14default_deleteIS1_EvEEOSt10unique_ptrIT_T0_E(%""class.std::__shared_ptr""* noundef nonnull align 8 dereferenceable(16) %772, %""class.std::unique_ptr.151""* noundef nonnull align 8 dereferenceable(8) %45)",/home/jimi/PaperExperiment/CompilerOptimization/Result/flatbuffers/dg/dg-LLVM14-O2-g/high_precision_20260326_164052/log/cda_ntscd_icfg_ir.lines.stderr.log
cda_ntscd_icfg_ir,CDA,ntscd+icfg+pta+ir,lines,"[pta] UNHANDLED:   %2285 = landingpad { i8*, i32 }",/home/jimi/PaperExperiment/CompilerOptimization/Result/flatbuffers/dg/dg-LLVM14-O2-g/high_precision_20260326_164052/log/cda_ntscd_icfg_ir.lines.stderr.log
cda_ntscd_icfg_ir,CDA,ntscd+icfg+pta+ir,lines,"[pta] UNHANDLED:   %774 = invoke noundef zeroext i1 bitcast (i1 (%""class.flatbuffers::FlatCompiler""*, %""struct.flatbuffers::FlatCOption""*, %""class.std::shared_ptr""*)* @_ZN11flatbuffers12FlatCompiler21RegisterCodeGeneratorERKNS_11FlatCOptionESt10shared_ptrINS_13CodeGeneratorEE to i1 (%""class.flatbuffers::FlatCompiler.2328""*, %""struct.flatbuffers::FlatCOption""*, %""class.std::shared_ptr""*)*)(%""class.flatbuffers::FlatCompiler.2328""* noundef nonnull align 8 dereferenceable(64) %24, %""struct.flatbuffers::FlatCOption""* noundef nonnull align 8 dereferenceable(128) %43, %""class.std::shared_ptr""* noundef nonnull %44)",/home/jimi/PaperExperiment/CompilerOptimization/Result/flatbuffers/dg/dg-LLVM14-O2-g/high_precision_20260326_164052/log/cda_ntscd_icfg_ir.lines.stderr.log
cda_ntscd_icfg_ir,CDA,ntscd+icfg+pta+ir,lines,"[pta] UNHANDLED:   %2287 = landingpad { i8*, i32 }",/home/jimi/PaperExperiment/CompilerOptimization/Result/flatbuffers/dg/dg-LLVM14-O2-g/high_precision_20260326_164052/log/cda_ntscd_icfg_ir.lines.stderr.log
cda_ntscd_icfg_ir,CDA,ntscd+icfg+pta+ir,lines,"[pta] UNHANDLED:   %2289 = landingpad { i8*, i32 }",/home/jimi/PaperExperiment/CompilerOptimization/Result/flatbuffers/dg/dg-LLVM14-O2-g/high_precision_20260326_164052/log/cda_ntscd_icfg_ir.lines.stderr.log
cda_ntscd_icfg_ir,CDA,ntscd+icfg+pta+ir,lines,"[pta] UNHANDLED:   %863 = invoke noundef i8* @_ZNSt7__cxx1112basic_stringIcSt11char_traitsIcESaIcEE9_M_createERmm(%""class.std::__cxx11::basic_string""* noundef nonnull align 8 dereferenceable(32) %859, i64* noundef nonnull align 8 dereferenceable(8) %14, i64 noundef 0)",/home/jimi/PaperExperiment/CompilerOptimization/Result/flatbuffers/dg/dg-LLVM14-O2-g/high_precision_20260326_164052/log/cda_ntscd_icfg_ir.lines.stderr.log
cda_ntscd_icfg_ir,CDA,ntscd+icfg+pta+ir,lines,"[pta] UNHANDLED:   invoke void @_ZN11flatbuffers26NewJsonSchemaCodeGeneratorEv(%""class.std::unique_ptr.151""* nonnull sret(%""class.std::unique_ptr.151"") align 8 %48)",/home/jimi/PaperExperiment/CompilerOptimization/Result/flatbuffers/dg/dg-LLVM14-O2-g/high_precision_20260326_164052/log/cda_ntscd_icfg_ir.lines.stderr.log
cda_ntscd_icfg_ir,CDA,ntscd+icfg+pta+ir,lines,"[pta] UNHANDLED:   %2335 = landingpad { i8*, i32 }",/home/jimi/PaperExperiment/CompilerOptimization/Result/flatbuffers/dg/dg-LLVM14-O2-g/high_precision_20260326_164052/log/cda_ntscd_icfg_ir.lines.stderr.log
cda_ntscd_icfg_ir,CDA,ntscd+icfg+pta+ir,lines,"[pta] UNHANDLED:   invoke void @_ZNSt12__shared_ptrIN11flatbuffers13CodeGeneratorELN9__gnu_cxx12_Lock_policyE2EEC2IS1_St14default_deleteIS1_EvEEOSt10unique_ptrIT_T0_E(%""class.std::__shared_ptr""* noundef nonnull align 8 dereferenceable(16) %873, %""class.std::unique_ptr.151""* noundef nonnull align 8 dereferenceable(8) %48)",/home/jimi/PaperExperiment/CompilerOptimization/Result/flatbuffers/dg/dg-LLVM14-O2-g/high_precision_20260326_164052/log/cda_ntscd_icfg_ir.lines.stderr.log
cda_ntscd_icfg_ir,CDA,ntscd+icfg+pta+ir,lines,"[pta] UNHANDLED:   %2319 = landingpad { i8*, i32 }",/home/jimi/PaperExperiment/CompilerOptimization/Result/flatbuffers/dg/dg-LLVM14-O2-g/high_precision_20260326_164052/log/cda_ntscd_icfg_ir.lines.stderr.log
cda_ntscd_icfg_ir,CDA,ntscd+icfg+pta+ir,lines,"[pta] UNHANDLED:   %875 = invoke noundef zeroext i1 bitcast (i1 (%""class.flatbuffers::FlatCompiler""*, %""struct.flatbuffers::FlatCOption""*, %""class.std::shared_ptr""*)* @_ZN11flatbuffers12FlatCompiler21RegisterCodeGeneratorERKNS_11FlatCOptionESt10shared_ptrINS_13CodeGeneratorEE to i1 (%""class.flatbuffers::FlatCompiler.2328""*, %""struct.flatbuffers::FlatCOption""*, %""class.std::shared_ptr""*)*)(%""class.flatbuffers::FlatCompiler.2328""* noundef nonnull align 8 dereferenceable(64) %24, %""struct.flatbuffers::FlatCOption""* noundef nonnull align 8 dereferenceable(128) %46, %""class.std::shared_ptr""* noundef nonnull %47)",/home/jimi/PaperExperiment/CompilerOptimization/Result/flatbuffers/dg/dg-LLVM14-O2-g/high_precision_20260326_164052/log/cda_ntscd_icfg_ir.lines.stderr.log
cda_ntscd_icfg_ir,CDA,ntscd+icfg+pta+ir,lines,"[pta] UNHANDLED:   %2321 = landingpad { i8*, i32 }",/home/jimi/PaperExperiment/CompilerOptimization/Result/flatbuffers/dg/dg-LLVM14-O2-g/high_precision_20260326_164052/log/cda_ntscd_icfg_ir.lines.stderr.log
cda_ntscd_icfg_ir,CDA,ntscd+icfg+pta+ir,lines,"[pta] UNHANDLED:   %2323 = landingpad { i8*, i32 }",/home/jimi/PaperExperiment/CompilerOptimization/Result/flatbuffers/dg/dg-LLVM14-O2-g/high_precision_20260326_164052/log/cda_ntscd_icfg_ir.lines.stderr.log
cda_ntscd_icfg_ir,CDA,ntscd+icfg+pta+ir,lines,"[pta] UNHANDLED:   %964 = invoke noundef i8* @_ZNSt7__cxx1112basic_stringIcSt11char_traitsIcESaIcEE9_M_createERmm(%""class.std::__cxx11::basic_string""* noundef nonnull align 8 dereferenceable(32) %960, i64* noundef nonnull align 8 dereferenceable(8) %13, i64 noundef 0)",/home/jimi/PaperExperiment/CompilerOptimization/Result/flatbuffers/dg/dg-LLVM14-O2-g/high_precision_20260326_164052/log/cda_ntscd_icfg_ir.lines.stderr.log
cda_ntscd_icfg_ir,CDA,ntscd+icfg+pta+ir,lines,"[pta] UNHANDLED:   invoke void @_ZN11flatbuffers22NewKotlinCodeGeneratorEv(%""class.std::unique_ptr.151""* nonnull sret(%""class.std::unique_ptr.151"") align 8 %51)",/home/jimi/PaperExperiment/CompilerOptimization/Result/flatbuffers/dg/dg-LLVM14-O2-g/high_precision_20260326_164052/log/cda_ntscd_icfg_ir.lines.stderr.log
cda_ntscd_icfg_ir,CDA,ntscd+icfg+pta+ir,lines,"[pta] UNHANDLED:   %2369 = landingpad { i8*, i32 }",/home/jimi/PaperExperiment/CompilerOptimization/Result/flatbuffers/dg/dg-LLVM14-O2-g/high_precision_20260326_164052/log/cda_ntscd_icfg_ir.lines.stderr.log
cda_ntscd_icfg_ir,CDA,ntscd+icfg+pta+ir,lines,"[pta] UNHANDLED:   invoke void @_ZNSt12__shared_ptrIN11flatbuffers13CodeGeneratorELN9__gnu_cxx12_Lock_policyE2EEC2IS1_St14default_deleteIS1_EvEEOSt10unique_ptrIT_T0_E(%""class.std::__shared_ptr""* noundef nonnull align 8 dereferenceable(16) %974, %""class.std::unique_ptr.151""* noundef nonnull align 8 dereferenceable(8) %51)",/home/jimi/PaperExperiment/CompilerOptimization/Result/flatbuffers/dg/dg-LLVM14-O2-g/high_precision_20260326_164052/log/cda_ntscd_icfg_ir.lines.stderr.log
cda_ntscd_icfg_ir,CDA,ntscd+icfg+pta+ir,lines,"[pta] UNHANDLED:   %2353 = landingpad { i8*, i32 }",/home/jimi/PaperExperiment/CompilerOptimization/Result/flatbuffers/dg/dg-LLVM14-O2-g/high_precision_20260326_164052/log/cda_ntscd_icfg_ir.lines.stderr.log
cda_ntscd_icfg_ir,CDA,ntscd+icfg+pta+ir,lines,"[pta] UNHANDLED:   %976 = invoke noundef zeroext i1 bitcast (i1 (%""class.flatbuffers::FlatCompiler""*, %""struct.flatbuffers::FlatCOption""*, %""class.std::shared_ptr""*)* @_ZN11flatbuffers12FlatCompiler21RegisterCodeGeneratorERKNS_11FlatCOptionESt10shared_ptrINS_13CodeGeneratorEE to i1 (%""class.flatbuffers::FlatCompiler.2328""*, %""struct.flatbuffers::FlatCOption""*, %""class.std::shared_ptr""*)*)(%""class.flatbuffers::FlatCompiler.2328""* noundef nonnull align 8 dereferenceable(64) %24, %""struct.flatbuffers::FlatCOption""* noundef nonnull align 8 dereferenceable(128) %49, %""class.std::shared_ptr""* noundef nonnull %50)",/home/jimi/PaperExperiment/CompilerOptimization/Result/flatbuffers/dg/dg-LLVM14-O2-g/high_precision_20260326_164052/log/cda_ntscd_icfg_ir.lines.stderr.log
cda_ntscd_icfg_ir,CDA,ntscd+icfg+pta+ir,lines,"[pta] UNHANDLED:   %2355 = landingpad { i8*, i32 }",/home/jimi/PaperExperiment/CompilerOptimization/Result/flatbuffers/dg/dg-LLVM14-O2-g/high_precision_20260326_164052/log/cda_ntscd_icfg_ir.lines.stderr.log
cda_ntscd_icfg_ir,CDA,ntscd+icfg+pta+ir,lines,"[pta] UNHANDLED:   %2357 = landingpad { i8*, i32 }",/home/jimi/PaperExperiment/CompilerOptimization/Result/flatbuffers/dg/dg-LLVM14-O2-g/high_precision_20260326_164052/log/cda_ntscd_icfg_ir.lines.stderr.log
cda_ntscd_icfg_ir,CDA,ntscd+icfg+pta+ir,lines,"[pta] UNHANDLED:   %1065 = invoke noundef i8* @_ZNSt7__cxx1112basic_stringIcSt11char_traitsIcESaIcEE9_M_createERmm(%""class.std::__cxx11::basic_string""* noundef nonnull align 8 dereferenceable(32) %1061, i64* noundef nonnull align 8 dereferenceable(8) %12, i64 noundef 0)",/home/jimi/PaperExperiment/CompilerOptimization/Result/flatbuffers/dg/dg-LLVM14-O2-g/high_precision_20260326_164052/log/cda_ntscd_icfg_ir.lines.stderr.log
cda_ntscd_icfg_ir,CDA,ntscd+icfg+pta+ir,lines,"[pta] UNHANDLED:   invoke void @_ZN11flatbuffers25NewKotlinKMPCodeGeneratorEv(%""class.std::unique_ptr.151""* nonnull sret(%""class.std::unique_ptr.151"") align 8 %54)",/home/jimi/PaperExperiment/CompilerOptimization/Result/flatbuffers/dg/dg-LLVM14-O2-g/high_precision_20260326_164052/log/cda_ntscd_icfg_ir.lines.stderr.log
cda_ntscd_icfg_ir,CDA,ntscd+icfg+pta+ir,lines,"[pta] UNHANDLED:   %2403 = landingpad { i8*, i32 }",/home/jimi/PaperExperiment/CompilerOptimization/Result/flatbuffers/dg/dg-LLVM14-O2-g/high_precision_20260326_164052/log/cda_ntscd_icfg_ir.lines.stderr.log
cda_ntscd_icfg_ir,CDA,ntscd+icfg+pta+ir,lines,"[pta] UNHANDLED:   invoke void @_ZNSt12__shared_ptrIN11flatbuffers13CodeGeneratorELN9__gnu_cxx12_Lock_policyE2EEC2IS1_St14default_deleteIS1_EvEEOSt10unique_ptrIT_T0_E(%""class.std::__shared_ptr""* noundef nonnull align 8 dereferenceable(16) %1075, %""class.std::unique_ptr.151""* noundef nonnull align 8 dereferenceable(8) %54)",/home/jimi/PaperExperiment/CompilerOptimization/Result/flatbuffers/dg/dg-LLVM14-O2-g/high_precision_20260326_164052/log/cda_ntscd_icfg_ir.lines.stderr.log
cda_ntscd_icfg_ir,CDA,ntscd+icfg+pta+ir,lines,"[pta] UNHANDLED:   %2387 = landingpad { i8*, i32 }",/home/jimi/PaperExperiment/CompilerOptimization/Result/flatbuffers/dg/dg-LLVM14-O2-g/high_precision_20260326_164052/log/cda_ntscd_icfg_ir.lines.stderr.log
cda_ntscd_icfg_ir,CDA,ntscd+icfg+pta+ir,lines,"[pta] UNHANDLED:   %1077 = invoke noundef zeroext i1 bitcast (i1 (%""class.flatbuffers::FlatCompiler""*, %""struct.flatbuffers::FlatCOption""*, %""class.std::shared_ptr""*)* @_ZN11flatbuffers12FlatCompiler21RegisterCodeGeneratorERKNS_11FlatCOptionESt10shared_ptrINS_13CodeGeneratorEE to i1 (%""class.flatbuffers::FlatCompiler.2328""*, %""struct.flatbuffers::FlatCOption""*, %""class.std::shared_ptr""*)*)(%""class.flatbuffers::FlatCompiler.2328""* noundef nonnull align 8 dereferenceable(64) %24, %""struct.flatbuffers::FlatCOption""* noundef nonnull align 8 dereferenceable(128) %52, %""class.std::shared_ptr""* noundef nonnull %53)",/home/jimi/PaperExperiment/CompilerOptimization/Result/flatbuffers/dg/dg-LLVM14-O2-g/high_precision_20260326_164052/log/cda_ntscd_icfg_ir.lines.stderr.log
cda_ntscd_icfg_ir,CDA,ntscd+icfg+pta+ir,lines,"[pta] UNHANDLED:   %2389 = landingpad { i8*, i32 }",/home/jimi/PaperExperiment/CompilerOptimization/Result/flatbuffers/dg/dg-LLVM14-O2-g/high_precision_20260326_164052/log/cda_ntscd_icfg_ir.lines.stderr.log
cda_ntscd_icfg_ir,CDA,ntscd+icfg+pta+ir,lines,"[pta] UNHANDLED:   %2391 = landingpad { i8*, i32 }",/home/jimi/PaperExperiment/CompilerOptimization/Result/flatbuffers/dg/dg-LLVM14-O2-g/high_precision_20260326_164052/log/cda_ntscd_icfg_ir.lines.stderr.log
cda_ntscd_icfg_ir,CDA,ntscd+icfg+pta+ir,lines,"[pta] UNHANDLED:   %1166 = invoke noundef i8* @_ZNSt7__cxx1112basic_stringIcSt11char_traitsIcESaIcEE9_M_createERmm(%""class.std::__cxx11::basic_string""* noundef nonnull align 8 dereferenceable(32) %1162, i64* noundef nonnull align 8 dereferenceable(8) %11, i64 noundef 0)",/home/jimi/PaperExperiment/CompilerOptimization/Result/flatbuffers/dg/dg-LLVM14-O2-g/high_precision_20260326_164052/log/cda_ntscd_icfg_ir.lines.stderr.log
cda_ntscd_icfg_ir,CDA,ntscd+icfg+pta+ir,lines,"[pta] UNHANDLED:   invoke void @_ZN11flatbuffers23NewLobsterCodeGeneratorEv(%""class.std::unique_ptr.151""* nonnull sret(%""class.std::unique_ptr.151"") align 8 %57)",/home/jimi/PaperExperiment/CompilerOptimization/Result/flatbuffers/dg/dg-LLVM14-O2-g/high_precision_20260326_164052/log/cda_ntscd_icfg_ir.lines.stderr.log
cda_ntscd_icfg_ir,CDA,ntscd+icfg+pta+ir,lines,"[pta] UNHANDLED:   %2437 = landingpad { i8*, i32 }",/home/jimi/PaperExperiment/CompilerOptimization/Result/flatbuffers/dg/dg-LLVM14-O2-g/high_precision_20260326_164052/log/cda_ntscd_icfg_ir.lines.stderr.log
cda_ntscd_icfg_ir,CDA,ntscd+icfg+pta+ir,lines,"[pta] UNHANDLED:   invoke void @_ZNSt12__shared_ptrIN11flatbuffers13CodeGeneratorELN9__gnu_cxx12_Lock_policyE2EEC2IS1_St14default_deleteIS1_EvEEOSt10unique_ptrIT_T0_E(%""class.std::__shared_ptr""* noundef nonnull align 8 dereferenceable(16) %1176, %""class.std::unique_ptr.151""* noundef nonnull align 8 dereferenceable(8) %57)",/home/jimi/PaperExperiment/CompilerOptimization/Result/flatbuffers/dg/dg-LLVM14-O2-g/high_precision_20260326_164052/log/cda_ntscd_icfg_ir.lines.stderr.log
cda_ntscd_icfg_ir,CDA,ntscd+icfg+pta+ir,lines,"[pta] UNHANDLED:   %2421 = landingpad { i8*, i32 }",/home/jimi/PaperExperiment/CompilerOptimization/Result/flatbuffers/dg/dg-LLVM14-O2-g/high_precision_20260326_164052/log/cda_ntscd_icfg_ir.lines.stderr.log
cda_ntscd_icfg_ir,CDA,ntscd+icfg+pta+ir,lines,"[pta] UNHANDLED:   %1178 = invoke noundef zeroext i1 bitcast (i1 (%""class.flatbuffers::FlatCompiler""*, %""struct.flatbuffers::FlatCOption""*, %""class.std::shared_ptr""*)* @_ZN11flatbuffers12FlatCompiler21RegisterCodeGeneratorERKNS_11FlatCOptionESt10shared_ptrINS_13CodeGeneratorEE to i1 (%""class.flatbuffers::FlatCompiler.2328""*, %""struct.flatbuffers::FlatCOption""*, %""class.std::shared_ptr""*)*)(%""class.flatbuffers::FlatCompiler.2328""* noundef nonnull align 8 dereferenceable(64) %24, %""struct.flatbuffers::FlatCOption""* noundef nonnull align 8 dereferenceable(128) %55, %""class.std::shared_ptr""* noundef nonnull %56)",/home/jimi/PaperExperiment/CompilerOptimization/Result/flatbuffers/dg/dg-LLVM14-O2-g/high_precision_20260326_164052/log/cda_ntscd_icfg_ir.lines.stderr.log
cda_ntscd_icfg_ir,CDA,ntscd+icfg+pta+ir,lines,"[pta] UNHANDLED:   %2423 = landingpad { i8*, i32 }",/home/jimi/PaperExperiment/CompilerOptimization/Result/flatbuffers/dg/dg-LLVM14-O2-g/high_precision_20260326_164052/log/cda_ntscd_icfg_ir.lines.stderr.log
cda_ntscd_icfg_ir,CDA,ntscd+icfg+pta+ir,lines,"[pta] UNHANDLED:   %2425 = landingpad { i8*, i32 }",/home/jimi/PaperExperiment/CompilerOptimization/Result/flatbuffers/dg/dg-LLVM14-O2-g/high_precision_20260326_164052/log/cda_ntscd_icfg_ir.lines.stderr.log
cda_ntscd_icfg_ir,CDA,ntscd+icfg+pta+ir,lines,"[pta] UNHANDLED:   %1268 = invoke noundef i8* @_ZNSt7__cxx1112basic_stringIcSt11char_traitsIcESaIcEE9_M_createERmm(%""class.std::__cxx11::basic_string""* noundef nonnull align 8 dereferenceable(32) %1264, i64* noundef nonnull align 8 dereferenceable(8) %10, i64 noundef 0)",/home/jimi/PaperExperiment/CompilerOptimization/Result/flatbuffers/dg/dg-LLVM14-O2-g/high_precision_20260326_164052/log/cda_ntscd_icfg_ir.lines.stderr.log
cda_ntscd_icfg_ir,CDA,ntscd+icfg+pta+ir,lines,"[pta] UNHANDLED:   invoke void @_ZN11flatbuffers19NewLuaBfbsGeneratorERKNSt7__cxx1112basic_stringIcSt11char_traitsIcESaIcEEE(%""class.std::unique_ptr.151""* nonnull sret(%""class.std::unique_ptr.151"") align 8 %60, %""class.std::__cxx11::basic_string""* noundef nonnull align 8 dereferenceable(32) %23)",/home/jimi/PaperExperiment/CompilerOptimization/Result/flatbuffers/dg/dg-LLVM14-O2-g/high_precision_20260326_164052/log/cda_ntscd_icfg_ir.lines.stderr.log
cda_ntscd_icfg_ir,CDA,ntscd+icfg+pta+ir,lines,"[pta] UNHANDLED:   %2471 = landingpad { i8*, i32 }",/home/jimi/PaperExperiment/CompilerOptimization/Result/flatbuffers/dg/dg-LLVM14-O2-g/high_precision_20260326_164052/log/cda_ntscd_icfg_ir.lines.stderr.log
cda_ntscd_icfg_ir,CDA,ntscd+icfg+pta+ir,lines,"[pta] UNHANDLED:   invoke void @_ZNSt12__shared_ptrIN11flatbuffers13CodeGeneratorELN9__gnu_cxx12_Lock_policyE2EEC2IS1_St14default_deleteIS1_EvEEOSt10unique_ptrIT_T0_E(%""class.std::__shared_ptr""* noundef nonnull align 8 dereferenceable(16) %1278, %""class.std::unique_ptr.151""* noundef nonnull align 8 dereferenceable(8) %60)",/home/jimi/PaperExperiment/CompilerOptimization/Result/flatbuffers/dg/dg-LLVM14-O2-g/high_precision_20260326_164052/log/cda_ntscd_icfg_ir.lines.stderr.log
cda_ntscd_icfg_ir,CDA,ntscd+icfg+pta+ir,lines,"[pta] UNHANDLED:   %2455 = landingpad { i8*, i32 }",/home/jimi/PaperExperiment/CompilerOptimization/Result/flatbuffers/dg/dg-LLVM14-O2-g/high_precision_20260326_164052/log/cda_ntscd_icfg_ir.lines.stderr.log
cda_ntscd_icfg_ir,CDA,ntscd+icfg+pta+ir,lines,"[pta] UNHANDLED:   %1280 = invoke noundef zeroext i1 bitcast (i1 (%""class.flatbuffers::FlatCompiler""*, %""struct.flatbuffers::FlatCOption""*, %""class.std::shared_ptr""*)* @_ZN11flatbuffers12FlatCompiler21RegisterCodeGeneratorERKNS_11FlatCOptionESt10shared_ptrINS_13CodeGeneratorEE to i1 (%""class.flatbuffers::FlatCompiler.2328""*, %""struct.flatbuffers::FlatCOption""*, %""class.std::shared_ptr""*)*)(%""class.flatbuffers::FlatCompiler.2328""* noundef nonnull align 8 dereferenceable(64) %24, %""struct.flatbuffers::FlatCOption""* noundef nonnull align 8 dereferenceable(128) %58, %""class.std::shared_ptr""* noundef nonnull %59)",/home/jimi/PaperExperiment/CompilerOptimization/Result/flatbuffers/dg/dg-LLVM14-O2-g/high_precision_20260326_164052/log/cda_ntscd_icfg_ir.lines.stderr.log
cda_ntscd_icfg_ir,CDA,ntscd+icfg+pta+ir,lines,"[pta] UNHANDLED:   %2457 = landingpad { i8*, i32 }",/home/jimi/PaperExperiment/CompilerOptimization/Result/flatbuffers/dg/dg-LLVM14-O2-g/high_precision_20260326_164052/log/cda_ntscd_icfg_ir.lines.stderr.log
cda_ntscd_icfg_ir,CDA,ntscd+icfg+pta+ir,lines,"[pta] UNHANDLED:   %2459 = landingpad { i8*, i32 }",/home/jimi/PaperExperiment/CompilerOptimization/Result/flatbuffers/dg/dg-LLVM14-O2-g/high_precision_20260326_164052/log/cda_ntscd_icfg_ir.lines.stderr.log
cda_ntscd_icfg_ir,CDA,ntscd+icfg+pta+ir,lines,"[pta] UNHANDLED:   %1369 = invoke noundef i8* @_ZNSt7__cxx1112basic_stringIcSt11char_traitsIcESaIcEE9_M_createERmm(%""class.std::__cxx11::basic_string""* noundef nonnull align 8 dereferenceable(32) %1365, i64* noundef nonnull align 8 dereferenceable(8) %9, i64 noundef 0)",/home/jimi/PaperExperiment/CompilerOptimization/Result/flatbuffers/dg/dg-LLVM14-O2-g/high_precision_20260326_164052/log/cda_ntscd_icfg_ir.lines.stderr.log
cda_ntscd_icfg_ir,CDA,ntscd+icfg+pta+ir,lines,"[pta] UNHANDLED:   invoke void @_ZN11flatbuffers19NewNimBfbsGeneratorERKNSt7__cxx1112basic_stringIcSt11char_traitsIcESaIcEEE(%""class.std::unique_ptr.151""* nonnull sret(%""class.std::unique_ptr.151"") align 8 %63, %""class.std::__cxx11::basic_string""* noundef nonnull align 8 dereferenceable(32) %23)",/home/jimi/PaperExperiment/CompilerOptimization/Result/flatbuffers/dg/dg-LLVM14-O2-g/high_precision_20260326_164052/log/cda_ntscd_icfg_ir.lines.stderr.log
cda_ntscd_icfg_ir,CDA,ntscd+icfg+pta+ir,lines,"[pta] UNHANDLED:   %2505 = landingpad { i8*, i32 }",/home/jimi/PaperExperiment/CompilerOptimization/Result/flatbuffers/dg/dg-LLVM14-O2-g/high_precision_20260326_164052/log/cda_ntscd_icfg_ir.lines.stderr.log
cda_ntscd_icfg_ir,CDA,ntscd+icfg+pta+ir,lines,"[pta] UNHANDLED:   invoke void @_ZNSt12__shared_ptrIN11flatbuffers13CodeGeneratorELN9__gnu_cxx12_Lock_policyE2EEC2IS1_St14default_deleteIS1_EvEEOSt10unique_ptrIT_T0_E(%""class.std::__shared_ptr""* noundef nonnull align 8 dereferenceable(16) %1379, %""class.std::unique_ptr.151""* noundef nonnull align 8 dereferenceable(8) %63)",/home/jimi/PaperExperiment/CompilerOptimization/Result/flatbuffers/dg/dg-LLVM14-O2-g/high_precision_20260326_164052/log/cda_ntscd_icfg_ir.lines.stderr.log
cda_ntscd_icfg_ir,CDA,ntscd+icfg+pta+ir,lines,"[pta] UNHANDLED:   %2489 = landingpad { i8*, i32 }",/home/jimi/PaperExperiment/CompilerOptimization/Result/flatbuffers/dg/dg-LLVM14-O2-g/high_precision_20260326_164052/log/cda_ntscd_icfg_ir.lines.stderr.log
cda_ntscd_icfg_ir,CDA,ntscd+icfg+pta+ir,lines,"[pta] UNHANDLED:   %1381 = invoke noundef zeroext i1 bitcast (i1 (%""class.flatbuffers::FlatCompiler""*, %""struct.flatbuffers::FlatCOption""*, %""class.std::shared_ptr""*)* @_ZN11flatbuffers12FlatCompiler21RegisterCodeGeneratorERKNS_11FlatCOptionESt10shared_ptrINS_13CodeGeneratorEE to i1 (%""class.flatbuffers::FlatCompiler.2328""*, %""struct.flatbuffers::FlatCOption""*, %""class.std::shared_ptr""*)*)(%""class.flatbuffers::FlatCompiler.2328""* noundef nonnull align 8 dereferenceable(64) %24, %""struct.flatbuffers::FlatCOption""* noundef nonnull align 8 dereferenceable(128) %61, %""class.std::shared_ptr""* noundef nonnull %62)",/home/jimi/PaperExperiment/CompilerOptimization/Result/flatbuffers/dg/dg-LLVM14-O2-g/high_precision_20260326_164052/log/cda_ntscd_icfg_ir.lines.stderr.log
cda_ntscd_icfg_ir,CDA,ntscd+icfg+pta+ir,lines,"[pta] UNHANDLED:   %2491 = landingpad { i8*, i32 }",/home/jimi/PaperExperiment/CompilerOptimization/Result/flatbuffers/dg/dg-LLVM14-O2-g/high_precision_20260326_164052/log/cda_ntscd_icfg_ir.lines.stderr.log
cda_ntscd_icfg_ir,CDA,ntscd+icfg+pta+ir,lines,"[pta] UNHANDLED:   %2493 = landingpad { i8*, i32 }",/home/jimi/PaperExperiment/CompilerOptimization/Result/flatbuffers/dg/dg-LLVM14-O2-g/high_precision_20260326_164052/log/cda_ntscd_icfg_ir.lines.stderr.log
cda_ntscd_icfg_ir,CDA,ntscd+icfg+pta+ir,lines,"[pta] UNHANDLED:   %1471 = invoke noundef i8* @_ZNSt7__cxx1112basic_stringIcSt11char_traitsIcESaIcEE9_M_createERmm(%""class.std::__cxx11::basic_string""* noundef nonnull align 8 dereferenceable(32) %1467, i64* noundef nonnull align 8 dereferenceable(8) %8, i64 noundef 0)",/home/jimi/PaperExperiment/CompilerOptimization/Result/flatbuffers/dg/dg-LLVM14-O2-g/high_precision_20260326_164052/log/cda_ntscd_icfg_ir.lines.stderr.log
cda_ntscd_icfg_ir,CDA,ntscd+icfg+pta+ir,lines,"[pta] UNHANDLED:   invoke void @_ZN11flatbuffers22NewPythonCodeGeneratorEv(%""class.std::unique_ptr.151""* nonnull sret(%""class.std::unique_ptr.151"") align 8 %66)",/home/jimi/PaperExperiment/CompilerOptimization/Result/flatbuffers/dg/dg-LLVM14-O2-g/high_precision_20260326_164052/log/cda_ntscd_icfg_ir.lines.stderr.log
cda_ntscd_icfg_ir,CDA,ntscd+icfg+pta+ir,lines,"[pta] UNHANDLED:   %2539 = landingpad { i8*, i32 }",/home/jimi/PaperExperiment/CompilerOptimization/Result/flatbuffers/dg/dg-LLVM14-O2-g/high_precision_20260326_164052/log/cda_ntscd_icfg_ir.lines.stderr.log
cda_ntscd_icfg_ir,CDA,ntscd+icfg+pta+ir,lines,"[pta] UNHANDLED:   invoke void @_ZNSt12__shared_ptrIN11flatbuffers13CodeGeneratorELN9__gnu_cxx12_Lock_policyE2EEC2IS1_St14default_deleteIS1_EvEEOSt10unique_ptrIT_T0_E(%""class.std::__shared_ptr""* noundef nonnull align 8 dereferenceable(16) %1481, %""class.std::unique_ptr.151""* noundef nonnull align 8 dereferenceable(8) %66)",/home/jimi/PaperExperiment/CompilerOptimization/Result/flatbuffers/dg/dg-LLVM14-O2-g/high_precision_20260326_164052/log/cda_ntscd_icfg_ir.lines.stderr.log
cda_ntscd_icfg_ir,CDA,ntscd+icfg+pta+ir,lines,"[pta] UNHANDLED:   %2523 = landingpad { i8*, i32 }",/home/jimi/PaperExperiment/CompilerOptimization/Result/flatbuffers/dg/dg-LLVM14-O2-g/high_precision_20260326_164052/log/cda_ntscd_icfg_ir.lines.stderr.log
cda_ntscd_icfg_ir,CDA,ntscd+icfg+pta+ir,lines,"[pta] UNHANDLED:   %1483 = invoke noundef zeroext i1 bitcast (i1 (%""class.flatbuffers::FlatCompiler""*, %""struct.flatbuffers::FlatCOption""*, %""class.std::shared_ptr""*)* @_ZN11flatbuffers12FlatCompiler21RegisterCodeGeneratorERKNS_11FlatCOptionESt10shared_ptrINS_13CodeGeneratorEE to i1 (%""class.flatbuffers::FlatCompiler.2328""*, %""struct.flatbuffers::FlatCOption""*, %""class.std::shared_ptr""*)*)(%""class.flatbuffers::FlatCompiler.2328""* noundef nonnull align 8 dereferenceable(64) %24, %""struct.flatbuffers::FlatCOption""* noundef nonnull align 8 dereferenceable(128) %64, %""class.std::shared_ptr""* noundef nonnull %65)",/home/jimi/PaperExperiment/CompilerOptimization/Result/flatbuffers/dg/dg-LLVM14-O2-g/high_precision_20260326_164052/log/cda_ntscd_icfg_ir.lines.stderr.log
cda_ntscd_icfg_ir,CDA,ntscd+icfg+pta+ir,lines,"[pta] UNHANDLED:   %2525 = landingpad { i8*, i32 }",/home/jimi/PaperExperiment/CompilerOptimization/Result/flatbuffers/dg/dg-LLVM14-O2-g/high_precision_20260326_164052/log/cda_ntscd_icfg_ir.lines.stderr.log
cda_ntscd_icfg_ir,CDA,ntscd+icfg+pta+ir,lines,"[pta] UNHANDLED:   %2527 = landingpad { i8*, i32 }",/home/jimi/PaperExperiment/CompilerOptimization/Result/flatbuffers/dg/dg-LLVM14-O2-g/high_precision_20260326_164052/log/cda_ntscd_icfg_ir.lines.stderr.log
cda_ntscd_icfg_ir,CDA,ntscd+icfg+pta+ir,lines,"[pta] UNHANDLED:   %1572 = invoke noundef i8* @_ZNSt7__cxx1112basic_stringIcSt11char_traitsIcESaIcEE9_M_createERmm(%""class.std::__cxx11::basic_string""* noundef nonnull align 8 dereferenceable(32) %1568, i64* noundef nonnull align 8 dereferenceable(8) %7, i64 noundef 0)",/home/jimi/PaperExperiment/CompilerOptimization/Result/flatbuffers/dg/dg-LLVM14-O2-g/high_precision_20260326_164052/log/cda_ntscd_icfg_ir.lines.stderr.log
cda_ntscd_icfg_ir,CDA,ntscd+icfg+pta+ir,lines,"[pta] UNHANDLED:   invoke void @_ZN11flatbuffers19NewPhpCodeGeneratorEv(%""class.std::unique_ptr.151""* nonnull sret(%""class.std::unique_ptr.151"") align 8 %69)",/home/jimi/PaperExperiment/CompilerOptimization/Result/flatbuffers/dg/dg-LLVM14-O2-g/high_precision_20260326_164052/log/cda_ntscd_icfg_ir.lines.stderr.log
cda_ntscd_icfg_ir,CDA,ntscd+icfg+pta+ir,lines,"[pta] UNHANDLED:   %2573 = landingpad { i8*, i32 }",/home/jimi/PaperExperiment/CompilerOptimization/Result/flatbuffers/dg/dg-LLVM14-O2-g/high_precision_20260326_164052/log/cda_ntscd_icfg_ir.lines.stderr.log
cda_ntscd_icfg_ir,CDA,ntscd+icfg+pta+ir,lines,"[pta] UNHANDLED:   invoke void @_ZNSt12__shared_ptrIN11flatbuffers13CodeGeneratorELN9__gnu_cxx12_Lock_policyE2EEC2IS1_St14default_deleteIS1_EvEEOSt10unique_ptrIT_T0_E(%""class.std::__shared_ptr""* noundef nonnull align 8 dereferenceable(16) %1582, %""class.std::unique_ptr.151""* noundef nonnull align 8 dereferenceable(8) %69)",/home/jimi/PaperExperiment/CompilerOptimization/Result/flatbuffers/dg/dg-LLVM14-O2-g/high_precision_20260326_164052/log/cda_ntscd_icfg_ir.lines.stderr.log
cda_ntscd_icfg_ir,CDA,ntscd+icfg+pta+ir,lines,"[pta] UNHANDLED:   %2557 = landingpad { i8*, i32 }",/home/jimi/PaperExperiment/CompilerOptimization/Result/flatbuffers/dg/dg-LLVM14-O2-g/high_precision_20260326_164052/log/cda_ntscd_icfg_ir.lines.stderr.log
cda_ntscd_icfg_ir,CDA,ntscd+icfg+pta+ir,lines,"[pta] UNHANDLED:   %1584 = invoke noundef zeroext i1 bitcast (i1 (%""class.flatbuffers::FlatCompiler""*, %""struct.flatbuffers::FlatCOption""*, %""class.std::shared_ptr""*)* @_ZN11flatbuffers12FlatCompiler21RegisterCodeGeneratorERKNS_11FlatCOptionESt10shared_ptrINS_13CodeGeneratorEE to i1 (%""class.flatbuffers::FlatCompiler.2328""*, %""struct.flatbuffers::FlatCOption""*, %""class.std::shared_ptr""*)*)(%""class.flatbuffers::FlatCompiler.2328""* noundef nonnull align 8 dereferenceable(64) %24, %""struct.flatbuffers::FlatCOption""* noundef nonnull align 8 dereferenceable(128) %67, %""class.std::shared_ptr""* noundef nonnull %68)",/home/jimi/PaperExperiment/CompilerOptimization/Result/flatbuffers/dg/dg-LLVM14-O2-g/high_precision_20260326_164052/log/cda_ntscd_icfg_ir.lines.stderr.log
cda_ntscd_icfg_ir,CDA,ntscd+icfg+pta+ir,lines,"[pta] UNHANDLED:   %2559 = landingpad { i8*, i32 }",/home/jimi/PaperExperiment/CompilerOptimization/Result/flatbuffers/dg/dg-LLVM14-O2-g/high_precision_20260326_164052/log/cda_ntscd_icfg_ir.lines.stderr.log
cda_ntscd_icfg_ir,CDA,ntscd+icfg+pta+ir,lines,"[pta] UNHANDLED:   %2561 = landingpad { i8*, i32 }",/home/jimi/PaperExperiment/CompilerOptimization/Result/flatbuffers/dg/dg-LLVM14-O2-g/high_precision_20260326_164052/log/cda_ntscd_icfg_ir.lines.stderr.log
cda_ntscd_icfg_ir,CDA,ntscd+icfg+pta+ir,lines,"[pta] UNHANDLED:   %1675 = invoke noundef i8* @_ZNSt7__cxx1112basic_stringIcSt11char_traitsIcESaIcEE9_M_createERmm(%""class.std::__cxx11::basic_string""* noundef nonnull align 8 dereferenceable(32) %1671, i64* noundef nonnull align 8 dereferenceable(8) %6, i64 noundef 0)",/home/jimi/PaperExperiment/CompilerOptimization/Result/flatbuffers/dg/dg-LLVM14-O2-g/high_precision_20260326_164052/log/cda_ntscd_icfg_ir.lines.stderr.log
cda_ntscd_icfg_ir,CDA,ntscd+icfg+pta+ir,lines,"[pta] UNHANDLED:   invoke void @_ZN11flatbuffers20NewRustCodeGeneratorEv(%""class.std::unique_ptr.151""* nonnull sret(%""class.std::unique_ptr.151"") align 8 %72)",/home/jimi/PaperExperiment/CompilerOptimization/Result/flatbuffers/dg/dg-LLVM14-O2-g/high_precision_20260326_164052/log/cda_ntscd_icfg_ir.lines.stderr.log
cda_ntscd_icfg_ir,CDA,ntscd+icfg+pta+ir,lines,"[pta] UNHANDLED:   %2607 = landingpad { i8*, i32 }",/home/jimi/PaperExperiment/CompilerOptimization/Result/flatbuffers/dg/dg-LLVM14-O2-g/high_precision_20260326_164052/log/cda_ntscd_icfg_ir.lines.stderr.log
cda_ntscd_icfg_ir,CDA,ntscd+icfg+pta+ir,lines,"[pta] UNHANDLED:   invoke void @_ZNSt12__shared_ptrIN11flatbuffers13CodeGeneratorELN9__gnu_cxx12_Lock_policyE2EEC2IS1_St14default_deleteIS1_EvEEOSt10unique_ptrIT_T0_E(%""class.std::__shared_ptr""* noundef nonnull align 8 dereferenceable(16) %1685, %""class.std::unique_ptr.151""* noundef nonnull align 8 dereferenceable(8) %72)",/home/jimi/PaperExperiment/CompilerOptimization/Result/flatbuffers/dg/dg-LLVM14-O2-g/high_precision_20260326_164052/log/cda_ntscd_icfg_ir.lines.stderr.log
cda_ntscd_icfg_ir,CDA,ntscd+icfg+pta+ir,lines,"[pta] UNHANDLED:   %2591 = landingpad { i8*, i32 }",/home/jimi/PaperExperiment/CompilerOptimization/Result/flatbuffers/dg/dg-LLVM14-O2-g/high_precision_20260326_164052/log/cda_ntscd_icfg_ir.lines.stderr.log
cda_ntscd_icfg_ir,CDA,ntscd+icfg+pta+ir,lines,"[pta] UNHANDLED:   %1687 = invoke noundef zeroext i1 bitcast (i1 (%""class.flatbuffers::FlatCompiler""*, %""struct.flatbuffers::FlatCOption""*, %""class.std::shared_ptr""*)* @_ZN11flatbuffers12FlatCompiler21RegisterCodeGeneratorERKNS_11FlatCOptionESt10shared_ptrINS_13CodeGeneratorEE to i1 (%""class.flatbuffers::FlatCompiler.2328""*, %""struct.flatbuffers::FlatCOption""*, %""class.std::shared_ptr""*)*)(%""class.flatbuffers::FlatCompiler.2328""* noundef nonnull align 8 dereferenceable(64) %24, %""struct.flatbuffers::FlatCOption""* noundef nonnull align 8 dereferenceable(128) %70, %""class.std::shared_ptr""* noundef nonnull %71)",/home/jimi/PaperExperiment/CompilerOptimization/Result/flatbuffers/dg/dg-LLVM14-O2-g/high_precision_20260326_164052/log/cda_ntscd_icfg_ir.lines.stderr.log
cda_ntscd_icfg_ir,CDA,ntscd+icfg+pta+ir,lines,"[pta] UNHANDLED:   %2593 = landingpad { i8*, i32 }",/home/jimi/PaperExperiment/CompilerOptimization/Result/flatbuffers/dg/dg-LLVM14-O2-g/high_precision_20260326_164052/log/cda_ntscd_icfg_ir.lines.stderr.log
cda_ntscd_icfg_ir,CDA,ntscd+icfg+pta+ir,lines,"[pta] UNHANDLED:   %2595 = landingpad { i8*, i32 }",/home/jimi/PaperExperiment/CompilerOptimization/Result/flatbuffers/dg/dg-LLVM14-O2-g/high_precision_20260326_164052/log/cda_ntscd_icfg_ir.lines.stderr.log
cda_ntscd_icfg_ir,CDA,ntscd+icfg+pta+ir,lines,"[pta] UNHANDLED:   %1778 = invoke noundef i8* @_ZNSt7__cxx1112basic_stringIcSt11char_traitsIcESaIcEE9_M_createERmm(%""class.std::__cxx11::basic_string""* noundef nonnull align 8 dereferenceable(32) %1774, i64* noundef nonnull align 8 dereferenceable(8) %5, i64 noundef 0)",/home/jimi/PaperExperiment/CompilerOptimization/Result/flatbuffers/dg/dg-LLVM14-O2-g/high_precision_20260326_164052/log/cda_ntscd_icfg_ir.lines.stderr.log
cda_ntscd_icfg_ir,CDA,ntscd+icfg+pta+ir,lines,"[pta] UNHANDLED:   invoke void @_ZN11flatbuffers20NewTextCodeGeneratorEv(%""class.std::unique_ptr.151""* nonnull sret(%""class.std::unique_ptr.151"") align 8 %75)",/home/jimi/PaperExperiment/CompilerOptimization/Result/flatbuffers/dg/dg-LLVM14-O2-g/high_precision_20260326_164052/log/cda_ntscd_icfg_ir.lines.stderr.log
cda_ntscd_icfg_ir,CDA,ntscd+icfg+pta+ir,lines,"[pta] UNHANDLED:   %2641 = landingpad { i8*, i32 }",/home/jimi/PaperExperiment/CompilerOptimization/Result/flatbuffers/dg/dg-LLVM14-O2-g/high_precision_20260326_164052/log/cda_ntscd_icfg_ir.lines.stderr.log
cda_ntscd_icfg_ir,CDA,ntscd+icfg+pta+ir,lines,"[pta] UNHANDLED:   invoke void @_ZNSt12__shared_ptrIN11flatbuffers13CodeGeneratorELN9__gnu_cxx12_Lock_policyE2EEC2IS1_St14default_deleteIS1_EvEEOSt10unique_ptrIT_T0_E(%""class.std::__shared_ptr""* noundef nonnull align 8 dereferenceable(16) %1788, %""class.std::unique_ptr.151""* noundef nonnull align 8 dereferenceable(8) %75)",/home/jimi/PaperExperiment/CompilerOptimization/Result/flatbuffers/dg/dg-LLVM14-O2-g/high_precision_20260326_164052/log/cda_ntscd_icfg_ir.lines.stderr.log
cda_ntscd_icfg_ir,CDA,ntscd+icfg+pta+ir,lines,"[pta] UNHANDLED:   %2625 = landingpad { i8*, i32 }",/home/jimi/PaperExperiment/CompilerOptimization/Result/flatbuffers/dg/dg-LLVM14-O2-g/high_precision_20260326_164052/log/cda_ntscd_icfg_ir.lines.stderr.log
cda_ntscd_icfg_ir,CDA,ntscd+icfg+pta+ir,lines,"[pta] UNHANDLED:   %1790 = invoke noundef zeroext i1 bitcast (i1 (%""class.flatbuffers::FlatCompiler""*, %""struct.flatbuffers::FlatCOption""*, %""class.std::shared_ptr""*)* @_ZN11flatbuffers12FlatCompiler21RegisterCodeGeneratorERKNS_11FlatCOptionESt10shared_ptrINS_13CodeGeneratorEE to i1 (%""class.flatbuffers::FlatCompiler.2328""*, %""struct.flatbuffers::FlatCOption""*, %""class.std::shared_ptr""*)*)(%""class.flatbuffers::FlatCompiler.2328""* noundef nonnull align 8 dereferenceable(64) %24, %""struct.flatbuffers::FlatCOption""* noundef nonnull align 8 dereferenceable(128) %73, %""class.std::shared_ptr""* noundef nonnull %74)",/home/jimi/PaperExperiment/CompilerOptimization/Result/flatbuffers/dg/dg-LLVM14-O2-g/high_precision_20260326_164052/log/cda_ntscd_icfg_ir.lines.stderr.log
cda_ntscd_icfg_ir,CDA,ntscd+icfg+pta+ir,lines,"[pta] UNHANDLED:   %2627 = landingpad { i8*, i32 }",/home/jimi/PaperExperiment/CompilerOptimization/Result/flatbuffers/dg/dg-LLVM14-O2-g/high_precision_20260326_164052/log/cda_ntscd_icfg_ir.lines.stderr.log
cda_ntscd_icfg_ir,CDA,ntscd+icfg+pta+ir,lines,"[pta] UNHANDLED:   %2629 = landingpad { i8*, i32 }",/home/jimi/PaperExperiment/CompilerOptimization/Result/flatbuffers/dg/dg-LLVM14-O2-g/high_precision_20260326_164052/log/cda_ntscd_icfg_ir.lines.stderr.log
cda_ntscd_icfg_ir,CDA,ntscd+icfg+pta+ir,lines,"[pta] UNHANDLED:   %1879 = invoke noundef i8* @_ZNSt7__cxx1112basic_stringIcSt11char_traitsIcESaIcEE9_M_createERmm(%""class.std::__cxx11::basic_string""* noundef nonnull align 8 dereferenceable(32) %1875, i64* noundef nonnull align 8 dereferenceable(8) %4, i64 noundef 0)",/home/jimi/PaperExperiment/CompilerOptimization/Result/flatbuffers/dg/dg-LLVM14-O2-g/high_precision_20260326_164052/log/cda_ntscd_icfg_ir.lines.stderr.log
cda_ntscd_icfg_ir,CDA,ntscd+icfg+pta+ir,lines,"[pta] UNHANDLED:   invoke void @_ZN11flatbuffers21NewSwiftCodeGeneratorEv(%""class.std::unique_ptr.151""* nonnull sret(%""class.std::unique_ptr.151"") align 8 %78)",/home/jimi/PaperExperiment/CompilerOptimization/Result/flatbuffers/dg/dg-LLVM14-O2-g/high_precision_20260326_164052/log/cda_ntscd_icfg_ir.lines.stderr.log
cda_ntscd_icfg_ir,CDA,ntscd+icfg+pta+ir,lines,"[pta] UNHANDLED:   %2675 = landingpad { i8*, i32 }",/home/jimi/PaperExperiment/CompilerOptimization/Result/flatbuffers/dg/dg-LLVM14-O2-g/high_precision_20260326_164052/log/cda_ntscd_icfg_ir.lines.stderr.log
cda_ntscd_icfg_ir,CDA,ntscd+icfg+pta+ir,lines,"[pta] UNHANDLED:   invoke void @_ZNSt12__shared_ptrIN11flatbuffers13CodeGeneratorELN9__gnu_cxx12_Lock_policyE2EEC2IS1_St14default_deleteIS1_EvEEOSt10unique_ptrIT_T0_E(%""class.std::__shared_ptr""* noundef nonnull align 8 dereferenceable(16) %1889, %""class.std::unique_ptr.151""* noundef nonnull align 8 dereferenceable(8) %78)",/home/jimi/PaperExperiment/CompilerOptimization/Result/flatbuffers/dg/dg-LLVM14-O2-g/high_precision_20260326_164052/log/cda_ntscd_icfg_ir.lines.stderr.log
cda_ntscd_icfg_ir,CDA,ntscd+icfg+pta+ir,lines,"[pta] UNHANDLED:   %2659 = landingpad { i8*, i32 }",/home/jimi/PaperExperiment/CompilerOptimization/Result/flatbuffers/dg/dg-LLVM14-O2-g/high_precision_20260326_164052/log/cda_ntscd_icfg_ir.lines.stderr.log
cda_ntscd_icfg_ir,CDA,ntscd+icfg+pta+ir,lines,"[pta] UNHANDLED:   %1891 = invoke noundef zeroext i1 bitcast (i1 (%""class.flatbuffers::FlatCompiler""*, %""struct.flatbuffers::FlatCOption""*, %""class.std::shared_ptr""*)* @_ZN11flatbuffers12FlatCompiler21RegisterCodeGeneratorERKNS_11FlatCOptionESt10shared_ptrINS_13CodeGeneratorEE to i1 (%""class.flatbuffers::FlatCompiler.2328""*, %""struct.flatbuffers::FlatCOption""*, %""class.std::shared_ptr""*)*)(%""class.flatbuffers::FlatCompiler.2328""* noundef nonnull align 8 dereferenceable(64) %24, %""struct.flatbuffers::FlatCOption""* noundef nonnull align 8 dereferenceable(128) %76, %""class.std::shared_ptr""* noundef nonnull %77)",/home/jimi/PaperExperiment/CompilerOptimization/Result/flatbuffers/dg/dg-LLVM14-O2-g/high_precision_20260326_164052/log/cda_ntscd_icfg_ir.lines.stderr.log
cda_ntscd_icfg_ir,CDA,ntscd+icfg+pta+ir,lines,"[pta] UNHANDLED:   %2661 = landingpad { i8*, i32 }",/home/jimi/PaperExperiment/CompilerOptimization/Result/flatbuffers/dg/dg-LLVM14-O2-g/high_precision_20260326_164052/log/cda_ntscd_icfg_ir.lines.stderr.log
cda_ntscd_icfg_ir,CDA,ntscd+icfg+pta+ir,lines,"[pta] UNHANDLED:   %2663 = landingpad { i8*, i32 }",/home/jimi/PaperExperiment/CompilerOptimization/Result/flatbuffers/dg/dg-LLVM14-O2-g/high_precision_20260326_164052/log/cda_ntscd_icfg_ir.lines.stderr.log
cda_ntscd_icfg_ir,CDA,ntscd+icfg+pta+ir,lines,"[pta] UNHANDLED:   %1982 = invoke noundef i8* @_ZNSt7__cxx1112basic_stringIcSt11char_traitsIcESaIcEE9_M_createERmm(%""class.std::__cxx11::basic_string""* noundef nonnull align 8 dereferenceable(32) %1978, i64* noundef nonnull align 8 dereferenceable(8) %3, i64 noundef 0)",/home/jimi/PaperExperiment/CompilerOptimization/Result/flatbuffers/dg/dg-LLVM14-O2-g/high_precision_20260326_164052/log/cda_ntscd_icfg_ir.lines.stderr.log
cda_ntscd_icfg_ir,CDA,ntscd+icfg+pta+ir,lines,"[pta] UNHANDLED:   invoke void @_ZN11flatbuffers18NewTsCodeGeneratorEv(%""class.std::unique_ptr.151""* nonnull sret(%""class.std::unique_ptr.151"") align 8 %81)",/home/jimi/PaperExperiment/CompilerOptimization/Result/flatbuffers/dg/dg-LLVM14-O2-g/high_precision_20260326_164052/log/cda_ntscd_icfg_ir.lines.stderr.log
cda_ntscd_icfg_ir,CDA,ntscd+icfg+pta+ir,lines,"[pta] UNHANDLED:   %2709 = landingpad { i8*, i32 }",/home/jimi/PaperExperiment/CompilerOptimization/Result/flatbuffers/dg/dg-LLVM14-O2-g/high_precision_20260326_164052/log/cda_ntscd_icfg_ir.lines.stderr.log
cda_ntscd_icfg_ir,CDA,ntscd+icfg+pta+ir,lines,"[pta] UNHANDLED:   invoke void @_ZNSt12__shared_ptrIN11flatbuffers13CodeGeneratorELN9__gnu_cxx12_Lock_policyE2EEC2IS1_St14default_deleteIS1_EvEEOSt10unique_ptrIT_T0_E(%""class.std::__shared_ptr""* noundef nonnull align 8 dereferenceable(16) %1992, %""class.std::unique_ptr.151""* noundef nonnull align 8 dereferenceable(8) %81)",/home/jimi/PaperExperiment/CompilerOptimization/Result/flatbuffers/dg/dg-LLVM14-O2-g/high_precision_20260326_164052/log/cda_ntscd_icfg_ir.lines.stderr.log
cda_ntscd_icfg_ir,CDA,ntscd+icfg+pta+ir,lines,"[pta] UNHANDLED:   %2693 = landingpad { i8*, i32 }",/home/jimi/PaperExperiment/CompilerOptimization/Result/flatbuffers/dg/dg-LLVM14-O2-g/high_precision_20260326_164052/log/cda_ntscd_icfg_ir.lines.stderr.log
cda_ntscd_icfg_ir,CDA,ntscd+icfg+pta+ir,lines,"[pta] UNHANDLED:   %1994 = invoke noundef zeroext i1 bitcast (i1 (%""class.flatbuffers::FlatCompiler""*, %""struct.flatbuffers::FlatCOption""*, %""class.std::shared_ptr""*)* @_ZN11flatbuffers12FlatCompiler21RegisterCodeGeneratorERKNS_11FlatCOptionESt10shared_ptrINS_13CodeGeneratorEE to i1 (%""class.flatbuffers::FlatCompiler.2328""*, %""struct.flatbuffers::FlatCOption""*, %""class.std::shared_ptr""*)*)(%""class.flatbuffers::FlatCompiler.2328""* noundef nonnull align 8 dereferenceable(64) %24, %""struct.flatbuffers::FlatCOption""* noundef nonnull align 8 dereferenceable(128) %79, %""class.std::shared_ptr""* noundef nonnull %80)",/home/jimi/PaperExperiment/CompilerOptimization/Result/flatbuffers/dg/dg-LLVM14-O2-g/high_precision_20260326_164052/log/cda_ntscd_icfg_ir.lines.stderr.log
cda_ntscd_icfg_ir,CDA,ntscd+icfg+pta+ir,lines,"[pta] UNHANDLED:   %2695 = landingpad { i8*, i32 }",/home/jimi/PaperExperiment/CompilerOptimization/Result/flatbuffers/dg/dg-LLVM14-O2-g/high_precision_20260326_164052/log/cda_ntscd_icfg_ir.lines.stderr.log
cda_ntscd_icfg_ir,CDA,ntscd+icfg+pta+ir,lines,"[pta] UNHANDLED:   %2697 = landingpad { i8*, i32 }",/home/jimi/PaperExperiment/CompilerOptimization/Result/flatbuffers/dg/dg-LLVM14-O2-g/high_precision_20260326_164052/log/cda_ntscd_icfg_ir.lines.stderr.log
cda_ntscd_icfg_ir,CDA,ntscd+icfg+pta+ir,lines,"[pta] UNHANDLED:   invoke void bitcast (void (%""struct.flatbuffers::FlatCOptions""*, %""class.flatbuffers::FlatCompiler""*, i32, i8**)* @_ZN11flatbuffers12FlatCompiler29ParseFromCommandLineArgumentsEiPPKc to void (%""struct.flatbuffers::FlatCOptions""*, %""class.flatbuffers::FlatCompiler.2328""*, i32, i8**)*)(%""struct.flatbuffers::FlatCOptions""* nonnull sret(%""struct.flatbuffers::FlatCOptions"") align 8 %82, %""class.flatbuffers::FlatCompiler.2328""* noundef nonnull align 8 dereferenceable(64) %24, i32 noundef %0, i8** noundef nonnull %1)",/home/jimi/PaperExperiment/CompilerOptimization/Result/flatbuffers/dg/dg-LLVM14-O2-g/high_precision_20260326_164052/log/cda_ntscd_icfg_ir.lines.stderr.log
cda_ntscd_icfg_ir,CDA,ntscd+icfg+pta+ir,lines,"[pta] UNHANDLED:   %2727 = landingpad { i8*, i32 }",/home/jimi/PaperExperiment/CompilerOptimization/Result/flatbuffers/dg/dg-LLVM14-O2-g/high_precision_20260326_164052/log/cda_ntscd_icfg_ir.lines.stderr.log
cda_ntscd_icfg_ir,CDA,ntscd+icfg+pta+ir,lines,[pta] UNHANDLED:   %2731 = invoke noalias noundef nonnull dereferenceable(8) i8* @_Znwm(i64 noundef 8) #52,/home/jimi/PaperExperiment/CompilerOptimization/Result/flatbuffers/dg/dg-LLVM14-O2-g/high_precision_20260326_164052/log/cda_ntscd_icfg_ir.lines.stderr.log
cda_ntscd_icfg_ir,CDA,ntscd+icfg+pta+ir,lines,"[pta] UNHANDLED:   %2739 = invoke noundef i32 bitcast (i32 (%""class.flatbuffers::FlatCompiler""*, %""struct.flatbuffers::FlatCOptions""*)* @_ZN11flatbuffers12FlatCompiler7CompileERKNS_12FlatCOptionsE to i32 (%""class.flatbuffers::FlatCompiler.2328""*, %""struct.flatbuffers::FlatCOptions""*)*)(%""class.flatbuffers::FlatCompiler.2328""* noundef nonnull align 8 dereferenceable(64) %24, %""struct.flatbuffers::FlatCOptions""* noundef nonnull align 8 dereferenceable(1104) %82)",/home/jimi/PaperExperiment/CompilerOptimization/Result/flatbuffers/dg/dg-LLVM14-O2-g/high_precision_20260326_164052/log/cda_ntscd_icfg_ir.lines.stderr.log
cda_ntscd_icfg_ir,CDA,ntscd+icfg+pta+ir,lines,"[pta] UNHANDLED:   %2729 = landingpad { i8*, i32 }",/home/jimi/PaperExperiment/CompilerOptimization/Result/flatbuffers/dg/dg-LLVM14-O2-g/high_precision_20260326_164052/log/cda_ntscd_icfg_ir.lines.stderr.log
cda_ntscd_icfg_ir,CDA,ntscd+icfg+pta+ir,lines,[pta] UNHANDLED:   %2067 = invoke noalias noundef nonnull dereferenceable(56) i8* @_Znwm(i64 noundef 56) #52,/home/jimi/PaperExperiment/CompilerOptimization/Result/flatbuffers/dg/dg-LLVM14-O2-g/high_precision_20260326_164052/log/cda_ntscd_icfg_ir.lines.stderr.log
cda_ntscd_icfg_ir,CDA,ntscd+icfg+pta+ir,lines,"[pta] UNHANDLED:   invoke void %2745(%""class.flatbuffers::FileSaver""* noundef nonnull align 8 dereferenceable(8) %2741)",/home/jimi/PaperExperiment/CompilerOptimization/Result/flatbuffers/dg/dg-LLVM14-O2-g/high_precision_20260326_164052/log/cda_ntscd_icfg_ir.lines.stderr.log
cda_ntscd_icfg_ir,CDA,ntscd+icfg+pta+ir,lines,"[pta] UNHANDLED:   %2763 = landingpad { i8*, i32 }",/home/jimi/PaperExperiment/CompilerOptimization/Result/flatbuffers/dg/dg-LLVM14-O2-g/high_precision_20260326_164052/log/cda_ntscd_icfg_ir.lines.stderr.log
cda_ntscd_icfg_ir,CDA,ntscd+icfg+pta+ir,lines,"[pta] UNHANDLED:   invoke void @_ZNSt8_Rb_treeINSt7__cxx1112basic_stringIcSt11char_traitsIcESaIcEEESt4pairIKS5_St10shared_ptrIN11flatbuffers13CodeGeneratorEEESt10_Select1stISC_ESt4lessIS5_ESaISC_EE8_M_eraseEPSt13_Rb_tree_nodeISC_E(%""class.std::_Rb_tree""* noundef nonnull align 8 dereferenceable(48) %2751, %""struct.std::_Rb_tree_node.354""* noundef %2753)",/home/jimi/PaperExperiment/CompilerOptimization/Result/flatbuffers/dg/dg-LLVM14-O2-g/high_precision_20260326_164052/log/cda_ntscd_icfg_ir.lines.stderr.log
cda_ntscd_icfg_ir,CDA,ntscd+icfg+pta+ir,lines,"[pta] UNHANDLED:   %2755 = landingpad { i8*, i32 }",/home/jimi/PaperExperiment/CompilerOptimization/Result/flatbuffers/dg/dg-LLVM14-O2-g/high_precision_20260326_164052/log/cda_ntscd_icfg_ir.lines.stderr.log
