step,analysis_kind,analysis_mode,channel,warning,stderr
pta_fi,PTA,fi,lines,"[pta] UNHANDLED:   %82 = cmpxchg weak i64* @zmalloc_peak, i64 %79, i64 %75 monotonic monotonic, align 8, !dbg !37098",/home/jimi/PaperExperiment/CompilerOptimization/Result/redis/dg/dg-LLVM14-O2-g/high_precision_20260409_123302/log/pta_fi.lines.stderr.log
pta_fi,PTA,fi,lines,"WARNING: Non-0 memset:   call void @llvm.memset.p0i8.i64(i8* noundef nonnull align 1 dereferenceable(16) %14, i8 48, i64 16, i1 false) #85, !dbg !37150, !tbaa !37039",/home/jimi/PaperExperiment/CompilerOptimization/Result/redis/dg/dg-LLVM14-O2-g/high_precision_20260409_123302/log/pta_fi.lines.stderr.log
pta_fi,PTA,fi,lines,"[pta] UNHANDLED:   %83 = cmpxchg weak i64* @zmalloc_peak, i64 %80, i64 %76 monotonic monotonic, align 8, !dbg !37100",/home/jimi/PaperExperiment/CompilerOptimization/Result/redis/dg/dg-LLVM14-O2-g/high_precision_20260409_123302/log/pta_fi.lines.stderr.log
pta_fi,PTA,fi,lines,"[pta] UNHANDLED:   %83 = cmpxchg weak i64* @zmalloc_peak, i64 %80, i64 %76 monotonic monotonic, align 8, !dbg !37098",/home/jimi/PaperExperiment/CompilerOptimization/Result/redis/dg/dg-LLVM14-O2-g/high_precision_20260409_123302/log/pta_fi.lines.stderr.log
pta_fi,PTA,fi,lines,"ShuffleVector instruction is not supported, loosing precision",/home/jimi/PaperExperiment/CompilerOptimization/Result/redis/dg/dg-LLVM14-O2-g/high_precision_20260409_123302/log/pta_fi.lines.stderr.log
pta_fi,PTA,fi,lines,"ShuffleVector instruction is not supported, loosing precision",/home/jimi/PaperExperiment/CompilerOptimization/Result/redis/dg/dg-LLVM14-O2-g/high_precision_20260409_123302/log/pta_fi.lines.stderr.log
pta_fi,PTA,fi,lines,"[pta] UNHANDLED:   %82 = cmpxchg weak i64* @zmalloc_peak, i64 %79, i64 %75 monotonic monotonic, align 8, !dbg !37098",/home/jimi/PaperExperiment/CompilerOptimization/Result/redis/dg/dg-LLVM14-O2-g/high_precision_20260409_123302/log/pta_fi.lines.stderr.log
pta_fi,PTA,fi,lines,"[pta] UNHANDLED:   %129 = cmpxchg weak i64* @zmalloc_peak, i64 %126, i64 %122 monotonic monotonic, align 8, !dbg !37166",/home/jimi/PaperExperiment/CompilerOptimization/Result/redis/dg/dg-LLVM14-O2-g/high_precision_20260409_123302/log/pta_fi.lines.stderr.log
pta_fi,PTA,fi,lines,"[pta] UNHANDLED:   %82 = cmpxchg weak i64* @zmalloc_peak, i64 %79, i64 %75 monotonic monotonic, align 8, !dbg !37096",/home/jimi/PaperExperiment/CompilerOptimization/Result/redis/dg/dg-LLVM14-O2-g/high_precision_20260409_123302/log/pta_fi.lines.stderr.log
pta_fi,PTA,fi,lines,"ShuffleVector instruction is not supported, loosing precision",/home/jimi/PaperExperiment/CompilerOptimization/Result/redis/dg/dg-LLVM14-O2-g/high_precision_20260409_123302/log/pta_fi.lines.stderr.log
pta_fi,PTA,fi,lines,"WARNING: Non-0 memset:   tail call void @llvm.memset.p0i8.i64(i8* noundef nonnull align 1 dereferenceable(41) getelementptr inbounds (%struct.redisServer, %struct.redisServer* bitcast (%struct.redisServer.226* @server to %struct.redisServer*), i64 0, i32 288, i64 0), i8 48, i64 40, i1 false), !dbg !37002",/home/jimi/PaperExperiment/CompilerOptimization/Result/redis/dg/dg-LLVM14-O2-g/high_precision_20260409_123302/log/pta_fi.lines.stderr.log
pta_fi,PTA,fi,lines,"WARNING: Non-0 memset:   call void @llvm.memset.p0i8.i64(i8* noundef nonnull align 8 dereferenceable(16) bitcast (i64* getelementptr inbounds (%struct.redisServer.226, %struct.redisServer.226* @server, i64 0, i32 228) to i8*), i8 -1, i64 16, i1 false), !dbg !37152",/home/jimi/PaperExperiment/CompilerOptimization/Result/redis/dg/dg-LLVM14-O2-g/high_precision_20260409_123302/log/pta_fi.lines.stderr.log
pta_fi,PTA,fi,lines,"WARNING: Non-0 memset:   tail call void @llvm.memset.p0i8.i64(i8* noundef nonnull align 8 dereferenceable(128) %53, i8 -1, i64 128, i1 false), !dbg !37100",/home/jimi/PaperExperiment/CompilerOptimization/Result/redis/dg/dg-LLVM14-O2-g/high_precision_20260409_123302/log/pta_fi.lines.stderr.log
pta_fi,PTA,fi,lines,"WARNING: Saving stack may yield unsound results!:   %40 = call i8* @llvm.stacksave(), !dbg !37076",/home/jimi/PaperExperiment/CompilerOptimization/Result/redis/dg/dg-LLVM14-O2-g/high_precision_20260409_123302/log/pta_fi.lines.stderr.log
pta_fi,PTA,fi,lines,"[pta] UNHANDLED:   %91 = cmpxchg weak i64* @zmalloc_peak, i64 %88, i64 %84 monotonic monotonic, align 8, !dbg !37110",/home/jimi/PaperExperiment/CompilerOptimization/Result/redis/dg/dg-LLVM14-O2-g/high_precision_20260409_123302/log/pta_fi.lines.stderr.log
pta_fi,PTA,fi,lines,"ShuffleVector instruction is not supported, loosing precision",/home/jimi/PaperExperiment/CompilerOptimization/Result/redis/dg/dg-LLVM14-O2-g/high_precision_20260409_123302/log/pta_fi.lines.stderr.log
pta_fi,PTA,fi,lines,"ShuffleVector instruction is not supported, loosing precision",/home/jimi/PaperExperiment/CompilerOptimization/Result/redis/dg/dg-LLVM14-O2-g/high_precision_20260409_123302/log/pta_fi.lines.stderr.log
pta_fi,PTA,fi,lines,"ShuffleVector instruction is not supported, loosing precision",/home/jimi/PaperExperiment/CompilerOptimization/Result/redis/dg/dg-LLVM14-O2-g/high_precision_20260409_123302/log/pta_fi.lines.stderr.log
pta_fi,PTA,fi,lines,"ShuffleVector instruction is not supported, loosing precision",/home/jimi/PaperExperiment/CompilerOptimization/Result/redis/dg/dg-LLVM14-O2-g/high_precision_20260409_123302/log/pta_fi.lines.stderr.log
pta_fi,PTA,fi,lines,"ShuffleVector instruction is not supported, loosing precision",/home/jimi/PaperExperiment/CompilerOptimization/Result/redis/dg/dg-LLVM14-O2-g/high_precision_20260409_123302/log/pta_fi.lines.stderr.log
pta_fi,PTA,fi,lines,"ShuffleVector instruction is not supported, loosing precision",/home/jimi/PaperExperiment/CompilerOptimization/Result/redis/dg/dg-LLVM14-O2-g/high_precision_20260409_123302/log/pta_fi.lines.stderr.log
pta_fi,PTA,fi,lines,"ShuffleVector instruction is not supported, loosing precision",/home/jimi/PaperExperiment/CompilerOptimization/Result/redis/dg/dg-LLVM14-O2-g/high_precision_20260409_123302/log/pta_fi.lines.stderr.log
pta_fi,PTA,fi,lines,"ShuffleVector instruction is not supported, loosing precision",/home/jimi/PaperExperiment/CompilerOptimization/Result/redis/dg/dg-LLVM14-O2-g/high_precision_20260409_123302/log/pta_fi.lines.stderr.log
pta_fi,PTA,fi,lines,"ShuffleVector instruction is not supported, loosing precision",/home/jimi/PaperExperiment/CompilerOptimization/Result/redis/dg/dg-LLVM14-O2-g/high_precision_20260409_123302/log/pta_fi.lines.stderr.log
pta_fi,PTA,fi,lines,"ShuffleVector instruction is not supported, loosing precision",/home/jimi/PaperExperiment/CompilerOptimization/Result/redis/dg/dg-LLVM14-O2-g/high_precision_20260409_123302/log/pta_fi.lines.stderr.log
pta_fi,PTA,fi,lines,"ShuffleVector instruction is not supported, loosing precision",/home/jimi/PaperExperiment/CompilerOptimization/Result/redis/dg/dg-LLVM14-O2-g/high_precision_20260409_123302/log/pta_fi.lines.stderr.log
pta_fi,PTA,fi,lines,"ShuffleVector instruction is not supported, loosing precision",/home/jimi/PaperExperiment/CompilerOptimization/Result/redis/dg/dg-LLVM14-O2-g/high_precision_20260409_123302/log/pta_fi.lines.stderr.log
pta_fi,PTA,fi,lines,"ShuffleVector instruction is not supported, loosing precision",/home/jimi/PaperExperiment/CompilerOptimization/Result/redis/dg/dg-LLVM14-O2-g/high_precision_20260409_123302/log/pta_fi.lines.stderr.log
pta_fi,PTA,fi,lines,"ShuffleVector instruction is not supported, loosing precision",/home/jimi/PaperExperiment/CompilerOptimization/Result/redis/dg/dg-LLVM14-O2-g/high_precision_20260409_123302/log/pta_fi.lines.stderr.log
pta_fi,PTA,fi,lines,"ShuffleVector instruction is not supported, loosing precision",/home/jimi/PaperExperiment/CompilerOptimization/Result/redis/dg/dg-LLVM14-O2-g/high_precision_20260409_123302/log/pta_fi.lines.stderr.log
pta_fi,PTA,fi,lines,"ShuffleVector instruction is not supported, loosing precision",/home/jimi/PaperExperiment/CompilerOptimization/Result/redis/dg/dg-LLVM14-O2-g/high_precision_20260409_123302/log/pta_fi.lines.stderr.log
pta_fi,PTA,fi,lines,"ShuffleVector instruction is not supported, loosing precision",/home/jimi/PaperExperiment/CompilerOptimization/Result/redis/dg/dg-LLVM14-O2-g/high_precision_20260409_123302/log/pta_fi.lines.stderr.log
pta_fi,PTA,fi,lines,"ShuffleVector instruction is not supported, loosing precision",/home/jimi/PaperExperiment/CompilerOptimization/Result/redis/dg/dg-LLVM14-O2-g/high_precision_20260409_123302/log/pta_fi.lines.stderr.log
pta_fi,PTA,fi,lines,"ShuffleVector instruction is not supported, loosing precision",/home/jimi/PaperExperiment/CompilerOptimization/Result/redis/dg/dg-LLVM14-O2-g/high_precision_20260409_123302/log/pta_fi.lines.stderr.log
pta_fi,PTA,fi,lines,"ShuffleVector instruction is not supported, loosing precision",/home/jimi/PaperExperiment/CompilerOptimization/Result/redis/dg/dg-LLVM14-O2-g/high_precision_20260409_123302/log/pta_fi.lines.stderr.log
pta_fi,PTA,fi,lines,"ShuffleVector instruction is not supported, loosing precision",/home/jimi/PaperExperiment/CompilerOptimization/Result/redis/dg/dg-LLVM14-O2-g/high_precision_20260409_123302/log/pta_fi.lines.stderr.log
pta_fi,PTA,fi,lines,"ShuffleVector instruction is not supported, loosing precision",/home/jimi/PaperExperiment/CompilerOptimization/Result/redis/dg/dg-LLVM14-O2-g/high_precision_20260409_123302/log/pta_fi.lines.stderr.log
pta_fi,PTA,fi,lines,"ShuffleVector instruction is not supported, loosing precision",/home/jimi/PaperExperiment/CompilerOptimization/Result/redis/dg/dg-LLVM14-O2-g/high_precision_20260409_123302/log/pta_fi.lines.stderr.log
pta_fi,PTA,fi,lines,"ShuffleVector instruction is not supported, loosing precision",/home/jimi/PaperExperiment/CompilerOptimization/Result/redis/dg/dg-LLVM14-O2-g/high_precision_20260409_123302/log/pta_fi.lines.stderr.log
pta_fi,PTA,fi,lines,"ShuffleVector instruction is not supported, loosing precision",/home/jimi/PaperExperiment/CompilerOptimization/Result/redis/dg/dg-LLVM14-O2-g/high_precision_20260409_123302/log/pta_fi.lines.stderr.log
pta_fi,PTA,fi,lines,"ShuffleVector instruction is not supported, loosing precision",/home/jimi/PaperExperiment/CompilerOptimization/Result/redis/dg/dg-LLVM14-O2-g/high_precision_20260409_123302/log/pta_fi.lines.stderr.log
pta_fi,PTA,fi,lines,"ShuffleVector instruction is not supported, loosing precision",/home/jimi/PaperExperiment/CompilerOptimization/Result/redis/dg/dg-LLVM14-O2-g/high_precision_20260409_123302/log/pta_fi.lines.stderr.log
pta_fi,PTA,fi,lines,"ShuffleVector instruction is not supported, loosing precision",/home/jimi/PaperExperiment/CompilerOptimization/Result/redis/dg/dg-LLVM14-O2-g/high_precision_20260409_123302/log/pta_fi.lines.stderr.log
pta_fi,PTA,fi,lines,"ShuffleVector instruction is not supported, loosing precision",/home/jimi/PaperExperiment/CompilerOptimization/Result/redis/dg/dg-LLVM14-O2-g/high_precision_20260409_123302/log/pta_fi.lines.stderr.log
pta_fi,PTA,fi,lines,"ShuffleVector instruction is not supported, loosing precision",/home/jimi/PaperExperiment/CompilerOptimization/Result/redis/dg/dg-LLVM14-O2-g/high_precision_20260409_123302/log/pta_fi.lines.stderr.log
pta_fi,PTA,fi,lines,"ShuffleVector instruction is not supported, loosing precision",/home/jimi/PaperExperiment/CompilerOptimization/Result/redis/dg/dg-LLVM14-O2-g/high_precision_20260409_123302/log/pta_fi.lines.stderr.log
pta_fi,PTA,fi,lines,"ShuffleVector instruction is not supported, loosing precision",/home/jimi/PaperExperiment/CompilerOptimization/Result/redis/dg/dg-LLVM14-O2-g/high_precision_20260409_123302/log/pta_fi.lines.stderr.log
pta_fi,PTA,fi,lines,"ShuffleVector instruction is not supported, loosing precision",/home/jimi/PaperExperiment/CompilerOptimization/Result/redis/dg/dg-LLVM14-O2-g/high_precision_20260409_123302/log/pta_fi.lines.stderr.log
pta_fi,PTA,fi,lines,"ShuffleVector instruction is not supported, loosing precision",/home/jimi/PaperExperiment/CompilerOptimization/Result/redis/dg/dg-LLVM14-O2-g/high_precision_20260409_123302/log/pta_fi.lines.stderr.log
pta_fi,PTA,fi,lines,"ShuffleVector instruction is not supported, loosing precision",/home/jimi/PaperExperiment/CompilerOptimization/Result/redis/dg/dg-LLVM14-O2-g/high_precision_20260409_123302/log/pta_fi.lines.stderr.log
pta_fi,PTA,fi,lines,"ShuffleVector instruction is not supported, loosing precision",/home/jimi/PaperExperiment/CompilerOptimization/Result/redis/dg/dg-LLVM14-O2-g/high_precision_20260409_123302/log/pta_fi.lines.stderr.log
pta_fi,PTA,fi,lines,"ShuffleVector instruction is not supported, loosing precision",/home/jimi/PaperExperiment/CompilerOptimization/Result/redis/dg/dg-LLVM14-O2-g/high_precision_20260409_123302/log/pta_fi.lines.stderr.log
pta_fi,PTA,fi,lines,"ShuffleVector instruction is not supported, loosing precision",/home/jimi/PaperExperiment/CompilerOptimization/Result/redis/dg/dg-LLVM14-O2-g/high_precision_20260409_123302/log/pta_fi.lines.stderr.log
pta_fi,PTA,fi,lines,"ShuffleVector instruction is not supported, loosing precision",/home/jimi/PaperExperiment/CompilerOptimization/Result/redis/dg/dg-LLVM14-O2-g/high_precision_20260409_123302/log/pta_fi.lines.stderr.log
pta_fi,PTA,fi,lines,"ShuffleVector instruction is not supported, loosing precision",/home/jimi/PaperExperiment/CompilerOptimization/Result/redis/dg/dg-LLVM14-O2-g/high_precision_20260409_123302/log/pta_fi.lines.stderr.log
pta_fi,PTA,fi,lines,"ShuffleVector instruction is not supported, loosing precision",/home/jimi/PaperExperiment/CompilerOptimization/Result/redis/dg/dg-LLVM14-O2-g/high_precision_20260409_123302/log/pta_fi.lines.stderr.log
pta_fi,PTA,fi,lines,"ShuffleVector instruction is not supported, loosing precision",/home/jimi/PaperExperiment/CompilerOptimization/Result/redis/dg/dg-LLVM14-O2-g/high_precision_20260409_123302/log/pta_fi.lines.stderr.log
pta_fi,PTA,fi,lines,"ShuffleVector instruction is not supported, loosing precision",/home/jimi/PaperExperiment/CompilerOptimization/Result/redis/dg/dg-LLVM14-O2-g/high_precision_20260409_123302/log/pta_fi.lines.stderr.log
pta_fi,PTA,fi,lines,"ShuffleVector instruction is not supported, loosing precision",/home/jimi/PaperExperiment/CompilerOptimization/Result/redis/dg/dg-LLVM14-O2-g/high_precision_20260409_123302/log/pta_fi.lines.stderr.log
pta_fi,PTA,fi,lines,"ShuffleVector instruction is not supported, loosing precision",/home/jimi/PaperExperiment/CompilerOptimization/Result/redis/dg/dg-LLVM14-O2-g/high_precision_20260409_123302/log/pta_fi.lines.stderr.log
pta_fi,PTA,fi,lines,"ShuffleVector instruction is not supported, loosing precision",/home/jimi/PaperExperiment/CompilerOptimization/Result/redis/dg/dg-LLVM14-O2-g/high_precision_20260409_123302/log/pta_fi.lines.stderr.log
pta_fi,PTA,fi,lines,"ShuffleVector instruction is not supported, loosing precision",/home/jimi/PaperExperiment/CompilerOptimization/Result/redis/dg/dg-LLVM14-O2-g/high_precision_20260409_123302/log/pta_fi.lines.stderr.log
pta_fi,PTA,fi,lines,"ShuffleVector instruction is not supported, loosing precision",/home/jimi/PaperExperiment/CompilerOptimization/Result/redis/dg/dg-LLVM14-O2-g/high_precision_20260409_123302/log/pta_fi.lines.stderr.log
pta_fi,PTA,fi,lines,"ShuffleVector instruction is not supported, loosing precision",/home/jimi/PaperExperiment/CompilerOptimization/Result/redis/dg/dg-LLVM14-O2-g/high_precision_20260409_123302/log/pta_fi.lines.stderr.log
pta_fi,PTA,fi,lines,"ShuffleVector instruction is not supported, loosing precision",/home/jimi/PaperExperiment/CompilerOptimization/Result/redis/dg/dg-LLVM14-O2-g/high_precision_20260409_123302/log/pta_fi.lines.stderr.log
pta_fi,PTA,fi,lines,"ShuffleVector instruction is not supported, loosing precision",/home/jimi/PaperExperiment/CompilerOptimization/Result/redis/dg/dg-LLVM14-O2-g/high_precision_20260409_123302/log/pta_fi.lines.stderr.log
pta_fi,PTA,fi,lines,"ShuffleVector instruction is not supported, loosing precision",/home/jimi/PaperExperiment/CompilerOptimization/Result/redis/dg/dg-LLVM14-O2-g/high_precision_20260409_123302/log/pta_fi.lines.stderr.log
pta_fi,PTA,fi,lines,"ShuffleVector instruction is not supported, loosing precision",/home/jimi/PaperExperiment/CompilerOptimization/Result/redis/dg/dg-LLVM14-O2-g/high_precision_20260409_123302/log/pta_fi.lines.stderr.log
pta_fi,PTA,fi,lines,"ShuffleVector instruction is not supported, loosing precision",/home/jimi/PaperExperiment/CompilerOptimization/Result/redis/dg/dg-LLVM14-O2-g/high_precision_20260409_123302/log/pta_fi.lines.stderr.log
pta_fi,PTA,fi,lines,"ShuffleVector instruction is not supported, loosing precision",/home/jimi/PaperExperiment/CompilerOptimization/Result/redis/dg/dg-LLVM14-O2-g/high_precision_20260409_123302/log/pta_fi.lines.stderr.log
pta_fi,PTA,fi,lines,"ShuffleVector instruction is not supported, loosing precision",/home/jimi/PaperExperiment/CompilerOptimization/Result/redis/dg/dg-LLVM14-O2-g/high_precision_20260409_123302/log/pta_fi.lines.stderr.log
pta_fi,PTA,fi,lines,"WARNING: Non-0 memset:   call void @llvm.memset.p0i8.i64(i8* noundef nonnull align 8 dereferenceable(16) %25, i8 -1, i64 16, i1 false), !dbg !37067",/home/jimi/PaperExperiment/CompilerOptimization/Result/redis/dg/dg-LLVM14-O2-g/high_precision_20260409_123302/log/pta_fi.lines.stderr.log
pta_fi,PTA,fi,lines,"ShuffleVector instruction is not supported, loosing precision",/home/jimi/PaperExperiment/CompilerOptimization/Result/redis/dg/dg-LLVM14-O2-g/high_precision_20260409_123302/log/pta_fi.lines.stderr.log
pta_fi,PTA,fi,lines,"ShuffleVector instruction is not supported, loosing precision",/home/jimi/PaperExperiment/CompilerOptimization/Result/redis/dg/dg-LLVM14-O2-g/high_precision_20260409_123302/log/pta_fi.lines.stderr.log
pta_fi,PTA,fi,lines,"ShuffleVector instruction is not supported, loosing precision",/home/jimi/PaperExperiment/CompilerOptimization/Result/redis/dg/dg-LLVM14-O2-g/high_precision_20260409_123302/log/pta_fi.lines.stderr.log
pta_fi,PTA,fi,lines,"ShuffleVector instruction is not supported, loosing precision",/home/jimi/PaperExperiment/CompilerOptimization/Result/redis/dg/dg-LLVM14-O2-g/high_precision_20260409_123302/log/pta_fi.lines.stderr.log
pta_fi,PTA,fi,lines,"ShuffleVector instruction is not supported, loosing precision",/home/jimi/PaperExperiment/CompilerOptimization/Result/redis/dg/dg-LLVM14-O2-g/high_precision_20260409_123302/log/pta_fi.lines.stderr.log
pta_fi,PTA,fi,lines,"ShuffleVector instruction is not supported, loosing precision",/home/jimi/PaperExperiment/CompilerOptimization/Result/redis/dg/dg-LLVM14-O2-g/high_precision_20260409_123302/log/pta_fi.lines.stderr.log
pta_fi,PTA,fi,lines,"[pta] UNHANDLED:   %367 = insertvalue { i8*, i32 } poison, i8* %365, 0, !dbg !37605",/home/jimi/PaperExperiment/CompilerOptimization/Result/redis/dg/dg-LLVM14-O2-g/high_precision_20260409_123302/log/pta_fi.lines.stderr.log
pta_fi,PTA,fi,lines,"[pta] UNHANDLED:   %368 = insertvalue { i8*, i32 } %367, i32 %366, 1, !dbg !37605",/home/jimi/PaperExperiment/CompilerOptimization/Result/redis/dg/dg-LLVM14-O2-g/high_precision_20260409_123302/log/pta_fi.lines.stderr.log
pta_fi,PTA,fi,lines,"[pta] UNHANDLED:   %96 = insertvalue { i8*, i32 } poison, i8* %95, 0, !dbg !37112",/home/jimi/PaperExperiment/CompilerOptimization/Result/redis/dg/dg-LLVM14-O2-g/high_precision_20260409_123302/log/pta_fi.lines.stderr.log
pta_fi,PTA,fi,lines,"[pta] UNHANDLED:   %97 = insertvalue { i8*, i32 } %96, i32 %94, 1, !dbg !37112",/home/jimi/PaperExperiment/CompilerOptimization/Result/redis/dg/dg-LLVM14-O2-g/high_precision_20260409_123302/log/pta_fi.lines.stderr.log
pta_fi,PTA,fi,lines,"[pta] UNHANDLED:   %374 = insertvalue { i8*, i32 } poison, i8* %6, 0, !dbg !37505",/home/jimi/PaperExperiment/CompilerOptimization/Result/redis/dg/dg-LLVM14-O2-g/high_precision_20260409_123302/log/pta_fi.lines.stderr.log
pta_fi,PTA,fi,lines,"[pta] UNHANDLED:   %375 = insertvalue { i8*, i32 } %374, i32 %373, 1, !dbg !37505",/home/jimi/PaperExperiment/CompilerOptimization/Result/redis/dg/dg-LLVM14-O2-g/high_precision_20260409_123302/log/pta_fi.lines.stderr.log
pta_fi,PTA,fi,lines,"[pta] UNHANDLED:   %186 = insertvalue { i64, i32 } poison, i64 %185, 0, !dbg !37421",/home/jimi/PaperExperiment/CompilerOptimization/Result/redis/dg/dg-LLVM14-O2-g/high_precision_20260409_123302/log/pta_fi.lines.stderr.log
pta_fi,PTA,fi,lines,"[pta] UNHANDLED:   %187 = insertvalue { i64, i32 } %186, i32 %183, 1, !dbg !37421",/home/jimi/PaperExperiment/CompilerOptimization/Result/redis/dg/dg-LLVM14-O2-g/high_precision_20260409_123302/log/pta_fi.lines.stderr.log
pta_fi,PTA,fi,lines,"ShuffleVector instruction is not supported, loosing precision",/home/jimi/PaperExperiment/CompilerOptimization/Result/redis/dg/dg-LLVM14-O2-g/high_precision_20260409_123302/log/pta_fi.lines.stderr.log
pta_fi,PTA,fi,lines,"ShuffleVector instruction is not supported, loosing precision",/home/jimi/PaperExperiment/CompilerOptimization/Result/redis/dg/dg-LLVM14-O2-g/high_precision_20260409_123302/log/pta_fi.lines.stderr.log
pta_fi,PTA,fi,lines,"ShuffleVector instruction is not supported, loosing precision",/home/jimi/PaperExperiment/CompilerOptimization/Result/redis/dg/dg-LLVM14-O2-g/high_precision_20260409_123302/log/pta_fi.lines.stderr.log
pta_fi,PTA,fi,lines,"ShuffleVector instruction is not supported, loosing precision",/home/jimi/PaperExperiment/CompilerOptimization/Result/redis/dg/dg-LLVM14-O2-g/high_precision_20260409_123302/log/pta_fi.lines.stderr.log
pta_fi,PTA,fi,lines,"ShuffleVector instruction is not supported, loosing precision",/home/jimi/PaperExperiment/CompilerOptimization/Result/redis/dg/dg-LLVM14-O2-g/high_precision_20260409_123302/log/pta_fi.lines.stderr.log
pta_fi,PTA,fi,lines,"ShuffleVector instruction is not supported, loosing precision",/home/jimi/PaperExperiment/CompilerOptimization/Result/redis/dg/dg-LLVM14-O2-g/high_precision_20260409_123302/log/pta_fi.lines.stderr.log
pta_fi,PTA,fi,lines,"ShuffleVector instruction is not supported, loosing precision",/home/jimi/PaperExperiment/CompilerOptimization/Result/redis/dg/dg-LLVM14-O2-g/high_precision_20260409_123302/log/pta_fi.lines.stderr.log
pta_fi,PTA,fi,lines,"ShuffleVector instruction is not supported, loosing precision",/home/jimi/PaperExperiment/CompilerOptimization/Result/redis/dg/dg-LLVM14-O2-g/high_precision_20260409_123302/log/pta_fi.lines.stderr.log
pta_fi,PTA,fi,lines,"ShuffleVector instruction is not supported, loosing precision",/home/jimi/PaperExperiment/CompilerOptimization/Result/redis/dg/dg-LLVM14-O2-g/high_precision_20260409_123302/log/pta_fi.lines.stderr.log
pta_fi,PTA,fi,lines,"ShuffleVector instruction is not supported, loosing precision",/home/jimi/PaperExperiment/CompilerOptimization/Result/redis/dg/dg-LLVM14-O2-g/high_precision_20260409_123302/log/pta_fi.lines.stderr.log
pta_fi,PTA,fi,lines,"[pta] UNHANDLED:   %392 = insertvalue { i64, i32 } poison, i64 %390, 0, !dbg !37642",/home/jimi/PaperExperiment/CompilerOptimization/Result/redis/dg/dg-LLVM14-O2-g/high_precision_20260409_123302/log/pta_fi.lines.stderr.log
pta_fi,PTA,fi,lines,"[pta] UNHANDLED:   %393 = insertvalue { i64, i32 } %392, i32 %391, 1, !dbg !37642",/home/jimi/PaperExperiment/CompilerOptimization/Result/redis/dg/dg-LLVM14-O2-g/high_precision_20260409_123302/log/pta_fi.lines.stderr.log
pta_fi,PTA,fi,lines,"ShuffleVector instruction is not supported, loosing precision",/home/jimi/PaperExperiment/CompilerOptimization/Result/redis/dg/dg-LLVM14-O2-g/high_precision_20260409_123302/log/pta_fi.lines.stderr.log
pta_fi,PTA,fi,lines,"ShuffleVector instruction is not supported, loosing precision",/home/jimi/PaperExperiment/CompilerOptimization/Result/redis/dg/dg-LLVM14-O2-g/high_precision_20260409_123302/log/pta_fi.lines.stderr.log
pta_fi,PTA,fi,lines,"ShuffleVector instruction is not supported, loosing precision",/home/jimi/PaperExperiment/CompilerOptimization/Result/redis/dg/dg-LLVM14-O2-g/high_precision_20260409_123302/log/pta_fi.lines.stderr.log
pta_fi,PTA,fi,lines,"ShuffleVector instruction is not supported, loosing precision",/home/jimi/PaperExperiment/CompilerOptimization/Result/redis/dg/dg-LLVM14-O2-g/high_precision_20260409_123302/log/pta_fi.lines.stderr.log
pta_fi,PTA,fi,lines,"ShuffleVector instruction is not supported, loosing precision",/home/jimi/PaperExperiment/CompilerOptimization/Result/redis/dg/dg-LLVM14-O2-g/high_precision_20260409_123302/log/pta_fi.lines.stderr.log
pta_fi,PTA,fi,lines,"ShuffleVector instruction is not supported, loosing precision",/home/jimi/PaperExperiment/CompilerOptimization/Result/redis/dg/dg-LLVM14-O2-g/high_precision_20260409_123302/log/pta_fi.lines.stderr.log
pta_fi,PTA,fi,lines,"ShuffleVector instruction is not supported, loosing precision",/home/jimi/PaperExperiment/CompilerOptimization/Result/redis/dg/dg-LLVM14-O2-g/high_precision_20260409_123302/log/pta_fi.lines.stderr.log
pta_fi,PTA,fi,lines,"ShuffleVector instruction is not supported, loosing precision",/home/jimi/PaperExperiment/CompilerOptimization/Result/redis/dg/dg-LLVM14-O2-g/high_precision_20260409_123302/log/pta_fi.lines.stderr.log
pta_fi,PTA,fi,lines,"ShuffleVector instruction is not supported, loosing precision",/home/jimi/PaperExperiment/CompilerOptimization/Result/redis/dg/dg-LLVM14-O2-g/high_precision_20260409_123302/log/pta_fi.lines.stderr.log
pta_fi,PTA,fi,lines,"ShuffleVector instruction is not supported, loosing precision",/home/jimi/PaperExperiment/CompilerOptimization/Result/redis/dg/dg-LLVM14-O2-g/high_precision_20260409_123302/log/pta_fi.lines.stderr.log
pta_fi,PTA,fi,lines,"ShuffleVector instruction is not supported, loosing precision",/home/jimi/PaperExperiment/CompilerOptimization/Result/redis/dg/dg-LLVM14-O2-g/high_precision_20260409_123302/log/pta_fi.lines.stderr.log
pta_fi,PTA,fi,lines,"ShuffleVector instruction is not supported, loosing precision",/home/jimi/PaperExperiment/CompilerOptimization/Result/redis/dg/dg-LLVM14-O2-g/high_precision_20260409_123302/log/pta_fi.lines.stderr.log
pta_fi,PTA,fi,lines,"ShuffleVector instruction is not supported, loosing precision",/home/jimi/PaperExperiment/CompilerOptimization/Result/redis/dg/dg-LLVM14-O2-g/high_precision_20260409_123302/log/pta_fi.lines.stderr.log
pta_fi,PTA,fi,lines,"ShuffleVector instruction is not supported, loosing precision",/home/jimi/PaperExperiment/CompilerOptimization/Result/redis/dg/dg-LLVM14-O2-g/high_precision_20260409_123302/log/pta_fi.lines.stderr.log
pta_fi,PTA,fi,lines,"ShuffleVector instruction is not supported, loosing precision",/home/jimi/PaperExperiment/CompilerOptimization/Result/redis/dg/dg-LLVM14-O2-g/high_precision_20260409_123302/log/pta_fi.lines.stderr.log
pta_fi,PTA,fi,lines,"ShuffleVector instruction is not supported, loosing precision",/home/jimi/PaperExperiment/CompilerOptimization/Result/redis/dg/dg-LLVM14-O2-g/high_precision_20260409_123302/log/pta_fi.lines.stderr.log
pta_fi,PTA,fi,lines,"ShuffleVector instruction is not supported, loosing precision",/home/jimi/PaperExperiment/CompilerOptimization/Result/redis/dg/dg-LLVM14-O2-g/high_precision_20260409_123302/log/pta_fi.lines.stderr.log
pta_fi,PTA,fi,lines,"ShuffleVector instruction is not supported, loosing precision",/home/jimi/PaperExperiment/CompilerOptimization/Result/redis/dg/dg-LLVM14-O2-g/high_precision_20260409_123302/log/pta_fi.lines.stderr.log
pta_fi,PTA,fi,lines,"ShuffleVector instruction is not supported, loosing precision",/home/jimi/PaperExperiment/CompilerOptimization/Result/redis/dg/dg-LLVM14-O2-g/high_precision_20260409_123302/log/pta_fi.lines.stderr.log
pta_fi,PTA,fi,lines,"ShuffleVector instruction is not supported, loosing precision",/home/jimi/PaperExperiment/CompilerOptimization/Result/redis/dg/dg-LLVM14-O2-g/high_precision_20260409_123302/log/pta_fi.lines.stderr.log
pta_fi,PTA,fi,lines,"[pta] UNHANDLED:   %82 = cmpxchg weak i64* @zmalloc_peak, i64 %79, i64 %75 monotonic monotonic, align 8, !dbg !37096",/home/jimi/PaperExperiment/CompilerOptimization/Result/redis/dg/dg-LLVM14-O2-g/high_precision_20260409_123302/log/pta_fi.lines.stderr.log
pta_fi,PTA,fi,lines,"WARNING: Non-0 memset:   call void @llvm.memset.p0i8.i64(i8* noundef nonnull align 8 dereferenceable(16) %12, i8 -1, i64 16, i1 false), !dbg !37032",/home/jimi/PaperExperiment/CompilerOptimization/Result/redis/dg/dg-LLVM14-O2-g/high_precision_20260409_123302/log/pta_fi.lines.stderr.log
pta_fi,PTA,fi,lines,"WARNING: Non-0 memset:   call void @llvm.memset.p0i8.i64(i8* noundef nonnull align 8 dereferenceable(16) %14, i8 -1, i64 16, i1 false) #85, !dbg !37066",/home/jimi/PaperExperiment/CompilerOptimization/Result/redis/dg/dg-LLVM14-O2-g/high_precision_20260409_123302/log/pta_fi.lines.stderr.log
pta_fi,PTA,fi,lines,"WARNING: Non-0 memset:   call void @llvm.memset.p0i8.i64(i8* noundef nonnull align 8 dereferenceable(16) %20, i8 -1, i64 16, i1 false), !dbg !37074",/home/jimi/PaperExperiment/CompilerOptimization/Result/redis/dg/dg-LLVM14-O2-g/high_precision_20260409_123302/log/pta_fi.lines.stderr.log
pta_fi,PTA,fi,lines,"WARNING: Non-0 memset:   call void @llvm.memset.p0i8.i64(i8* noundef nonnull align 8 dereferenceable(16) %32, i8 -1, i64 16, i1 false), !dbg !37106",/home/jimi/PaperExperiment/CompilerOptimization/Result/redis/dg/dg-LLVM14-O2-g/high_precision_20260409_123302/log/pta_fi.lines.stderr.log
pta_fi,PTA,fi,lines,"WARNING: Non-0 memset:   tail call void @llvm.memset.p0i8.i64(i8* align 1 %287, i8 48, i64 %288, i1 false) #85, !dbg !37439",/home/jimi/PaperExperiment/CompilerOptimization/Result/redis/dg/dg-LLVM14-O2-g/high_precision_20260409_123302/log/pta_fi.lines.stderr.log
pta_fi,PTA,fi,lines,"WARNING: Non-0 memset:   tail call void @llvm.memset.p0i8.i64(i8* nonnull align 1 %298, i8 48, i64 %299, i1 false) #85, !dbg !37452",/home/jimi/PaperExperiment/CompilerOptimization/Result/redis/dg/dg-LLVM14-O2-g/high_precision_20260409_123302/log/pta_fi.lines.stderr.log
pta_fi,PTA,fi,lines,"WARNING: Non-0 memset:   call void @llvm.memset.p0i8.i64(i8* noundef nonnull align 8 dereferenceable(16) %94, i8 -1, i64 16, i1 false) #86, !dbg !37186",/home/jimi/PaperExperiment/CompilerOptimization/Result/redis/dg/dg-LLVM14-O2-g/high_precision_20260409_123302/log/pta_fi.lines.stderr.log
pta_fi,PTA,fi,lines,"WARNING: Non-0 memset:   call void @llvm.memset.p0i8.i64(i8* noundef nonnull align 8 dereferenceable(16) bitcast (i64* getelementptr inbounds (%struct.redisServer.226, %struct.redisServer.226* @server, i64 0, i32 258) to i8*), i8 -1, i64 16, i1 false), !dbg !37430",/home/jimi/PaperExperiment/CompilerOptimization/Result/redis/dg/dg-LLVM14-O2-g/high_precision_20260409_123302/log/pta_fi.lines.stderr.log
pta_fi,PTA,fi,lines,"WARNING: Non-0 memset:   tail call void @llvm.memset.p0i8.i64(i8* noundef nonnull align 8 dereferenceable(272) %57, i8 -1, i64 272, i1 false), !dbg !37100",/home/jimi/PaperExperiment/CompilerOptimization/Result/redis/dg/dg-LLVM14-O2-g/high_precision_20260409_123302/log/pta_fi.lines.stderr.log
pta_fi,PTA,fi,lines,"WARNING: Non-0 memset:   tail call void @llvm.memset.p0i8.i64(i8* noundef nonnull align 8 dereferenceable(16) %34, i8 -1, i64 16, i1 false) #85, !dbg !37114",/home/jimi/PaperExperiment/CompilerOptimization/Result/redis/dg/dg-LLVM14-O2-g/high_precision_20260409_123302/log/pta_fi.lines.stderr.log
pta_fi,PTA,fi,lines,"ShuffleVector instruction is not supported, loosing precision",/home/jimi/PaperExperiment/CompilerOptimization/Result/redis/dg/dg-LLVM14-O2-g/high_precision_20260409_123302/log/pta_fi.lines.stderr.log
pta_fi,PTA,fi,lines,"ShuffleVector instruction is not supported, loosing precision",/home/jimi/PaperExperiment/CompilerOptimization/Result/redis/dg/dg-LLVM14-O2-g/high_precision_20260409_123302/log/pta_fi.lines.stderr.log
pta_fi,PTA,fi,lines,"ShuffleVector instruction is not supported, loosing precision",/home/jimi/PaperExperiment/CompilerOptimization/Result/redis/dg/dg-LLVM14-O2-g/high_precision_20260409_123302/log/pta_fi.lines.stderr.log
pta_fi,PTA,fi,lines,"WARNING: Non-0 memset:   tail call void @llvm.memset.p0i8.i64(i8* noundef nonnull align 8 dereferenceable(16) %24, i8 -1, i64 16, i1 false) #85, !dbg !37083",/home/jimi/PaperExperiment/CompilerOptimization/Result/redis/dg/dg-LLVM14-O2-g/high_precision_20260409_123302/log/pta_fi.lines.stderr.log
pta_fi,PTA,fi,lines,"WARNING: Non-0 memset:   call void @llvm.memset.p0i8.i64(i8* noundef nonnull align 8 dereferenceable(16) %32, i8 -1, i64 16, i1 false), !dbg !37076",/home/jimi/PaperExperiment/CompilerOptimization/Result/redis/dg/dg-LLVM14-O2-g/high_precision_20260409_123302/log/pta_fi.lines.stderr.log
pta_fi,PTA,fi,lines,"ShuffleVector instruction is not supported, loosing precision",/home/jimi/PaperExperiment/CompilerOptimization/Result/redis/dg/dg-LLVM14-O2-g/high_precision_20260409_123302/log/pta_fi.lines.stderr.log
pta_fi,PTA,fi,lines,"[pta] UNHANDLED:   %83 = cmpxchg weak i64* @zmalloc_peak, i64 %80, i64 %76 monotonic monotonic, align 8, !dbg !37098",/home/jimi/PaperExperiment/CompilerOptimization/Result/redis/dg/dg-LLVM14-O2-g/high_precision_20260409_123302/log/pta_fi.lines.stderr.log
pta_fi,PTA,fi,lines,"[pta] UNHANDLED:   %83 = cmpxchg weak i64* @zmalloc_peak, i64 %80, i64 %76 monotonic monotonic, align 8, !dbg !37100",/home/jimi/PaperExperiment/CompilerOptimization/Result/redis/dg/dg-LLVM14-O2-g/high_precision_20260409_123302/log/pta_fi.lines.stderr.log
pta_fi,PTA,fi,lines,"WARNING: Non-0 memset:   call void @llvm.memset.p0i8.i64(i8* noundef nonnull align 8 dereferenceable(16) %88, i8 -1, i64 16, i1 false), !dbg !37632",/home/jimi/PaperExperiment/CompilerOptimization/Result/redis/dg/dg-LLVM14-O2-g/high_precision_20260409_123302/log/pta_fi.lines.stderr.log
pta_fi,PTA,fi,lines,"ShuffleVector instruction is not supported, loosing precision",/home/jimi/PaperExperiment/CompilerOptimization/Result/redis/dg/dg-LLVM14-O2-g/high_precision_20260409_123302/log/pta_fi.lines.stderr.log
pta_fi,PTA,fi,lines,"ShuffleVector instruction is not supported, loosing precision",/home/jimi/PaperExperiment/CompilerOptimization/Result/redis/dg/dg-LLVM14-O2-g/high_precision_20260409_123302/log/pta_fi.lines.stderr.log
pta_fi,PTA,fi,lines,"ShuffleVector instruction is not supported, loosing precision",/home/jimi/PaperExperiment/CompilerOptimization/Result/redis/dg/dg-LLVM14-O2-g/high_precision_20260409_123302/log/pta_fi.lines.stderr.log
pta_fi,PTA,fi,lines,"ShuffleVector instruction is not supported, loosing precision",/home/jimi/PaperExperiment/CompilerOptimization/Result/redis/dg/dg-LLVM14-O2-g/high_precision_20260409_123302/log/pta_fi.lines.stderr.log
pta_fi,PTA,fi,lines,"ShuffleVector instruction is not supported, loosing precision",/home/jimi/PaperExperiment/CompilerOptimization/Result/redis/dg/dg-LLVM14-O2-g/high_precision_20260409_123302/log/pta_fi.lines.stderr.log
pta_fi,PTA,fi,lines,"ShuffleVector instruction is not supported, loosing precision",/home/jimi/PaperExperiment/CompilerOptimization/Result/redis/dg/dg-LLVM14-O2-g/high_precision_20260409_123302/log/pta_fi.lines.stderr.log
pta_fi,PTA,fi,lines,"ShuffleVector instruction is not supported, loosing precision",/home/jimi/PaperExperiment/CompilerOptimization/Result/redis/dg/dg-LLVM14-O2-g/high_precision_20260409_123302/log/pta_fi.lines.stderr.log
pta_fi,PTA,fi,lines,"ShuffleVector instruction is not supported, loosing precision",/home/jimi/PaperExperiment/CompilerOptimization/Result/redis/dg/dg-LLVM14-O2-g/high_precision_20260409_123302/log/pta_fi.lines.stderr.log
pta_fi,PTA,fi,lines,"ShuffleVector instruction is not supported, loosing precision",/home/jimi/PaperExperiment/CompilerOptimization/Result/redis/dg/dg-LLVM14-O2-g/high_precision_20260409_123302/log/pta_fi.lines.stderr.log
pta_fi,PTA,fi,lines,"WARNING: Non-0 memset:   call void @llvm.memset.p0i8.i64(i8* noundef nonnull align 8 dereferenceable(16) %391, i8 -1, i64 16, i1 false) #85, !dbg !37534",/home/jimi/PaperExperiment/CompilerOptimization/Result/redis/dg/dg-LLVM14-O2-g/high_precision_20260409_123302/log/pta_fi.lines.stderr.log
pta_fi,PTA,fi,lines,"WARNING: Non-0 memset:   call void @llvm.memset.p0i8.i64(i8* noundef nonnull align 8 dereferenceable(16) %396, i8 -1, i64 16, i1 false) #85, !dbg !37542",/home/jimi/PaperExperiment/CompilerOptimization/Result/redis/dg/dg-LLVM14-O2-g/high_precision_20260409_123302/log/pta_fi.lines.stderr.log
pta_fi,PTA,fi,lines,"WARNING: Non-0 memset:   call void @llvm.memset.p0i8.i64(i8* noundef nonnull align 8 dereferenceable(16) %407, i8 -1, i64 16, i1 false) #85, !dbg !37562",/home/jimi/PaperExperiment/CompilerOptimization/Result/redis/dg/dg-LLVM14-O2-g/high_precision_20260409_123302/log/pta_fi.lines.stderr.log
pta_fi,PTA,fi,lines,"WARNING: Non-0 memset:   call void @llvm.memset.p0i8.i64(i8* noundef nonnull align 8 dereferenceable(16) %22, i8 -1, i64 16, i1 false), !dbg !37037",/home/jimi/PaperExperiment/CompilerOptimization/Result/redis/dg/dg-LLVM14-O2-g/high_precision_20260409_123302/log/pta_fi.lines.stderr.log
pta_fi,PTA,fi,lines,"WARNING: Non-0 memset:   call void @llvm.memset.p0i8.i64(i8* noundef nonnull align 8 dereferenceable(16) %10, i8 -1, i64 16, i1 false), !dbg !37026",/home/jimi/PaperExperiment/CompilerOptimization/Result/redis/dg/dg-LLVM14-O2-g/high_precision_20260409_123302/log/pta_fi.lines.stderr.log
pta_fi,PTA,fi,lines,"WARNING: Non-0 memset:   call void @llvm.memset.p0i8.i64(i8* noundef nonnull align 1 dereferenceable(41) getelementptr inbounds (%struct.redisServer, %struct.redisServer* bitcast (%struct.redisServer.226* @server to %struct.redisServer*), i64 0, i32 288, i64 0), i8 48, i64 40, i1 false) #85, !dbg !37332",/home/jimi/PaperExperiment/CompilerOptimization/Result/redis/dg/dg-LLVM14-O2-g/high_precision_20260409_123302/log/pta_fi.lines.stderr.log
pta_fi,PTA,fi,lines,IntToPtr with constant:   <badref> = inttoptr i64 2320 to i8**,/home/jimi/PaperExperiment/CompilerOptimization/Result/redis/dg/dg-LLVM14-O2-g/high_precision_20260409_123302/log/pta_fi.lines.stderr.log
pta_fi,PTA,fi,lines,"WARNING: Saving stack may yield unsound results!:   %9 = tail call i8* @llvm.stacksave(), !dbg !37015",/home/jimi/PaperExperiment/CompilerOptimization/Result/redis/dg/dg-LLVM14-O2-g/high_precision_20260409_123302/log/pta_fi.lines.stderr.log
pta_fi,PTA,fi,lines,"WARNING: Saving stack may yield unsound results!:   %9 = tail call i8* @llvm.stacksave(), !dbg !37015",/home/jimi/PaperExperiment/CompilerOptimization/Result/redis/dg/dg-LLVM14-O2-g/high_precision_20260409_123302/log/pta_fi.lines.stderr.log
pta_fi,PTA,fi,lines,"ShuffleVector instruction is not supported, loosing precision",/home/jimi/PaperExperiment/CompilerOptimization/Result/redis/dg/dg-LLVM14-O2-g/high_precision_20260409_123302/log/pta_fi.lines.stderr.log
pta_fi,PTA,fi,lines,"ShuffleVector instruction is not supported, loosing precision",/home/jimi/PaperExperiment/CompilerOptimization/Result/redis/dg/dg-LLVM14-O2-g/high_precision_20260409_123302/log/pta_fi.lines.stderr.log
pta_fi,PTA,fi,lines,"ShuffleVector instruction is not supported, loosing precision",/home/jimi/PaperExperiment/CompilerOptimization/Result/redis/dg/dg-LLVM14-O2-g/high_precision_20260409_123302/log/pta_fi.lines.stderr.log
pta_fi,PTA,fi,lines,"ShuffleVector instruction is not supported, loosing precision",/home/jimi/PaperExperiment/CompilerOptimization/Result/redis/dg/dg-LLVM14-O2-g/high_precision_20260409_123302/log/pta_fi.lines.stderr.log
pta_fi,PTA,fi,lines,"ShuffleVector instruction is not supported, loosing precision",/home/jimi/PaperExperiment/CompilerOptimization/Result/redis/dg/dg-LLVM14-O2-g/high_precision_20260409_123302/log/pta_fi.lines.stderr.log
pta_fi,PTA,fi,lines,"ShuffleVector instruction is not supported, loosing precision",/home/jimi/PaperExperiment/CompilerOptimization/Result/redis/dg/dg-LLVM14-O2-g/high_precision_20260409_123302/log/pta_fi.lines.stderr.log
pta_fi,PTA,fi,lines,"ShuffleVector instruction is not supported, loosing precision",/home/jimi/PaperExperiment/CompilerOptimization/Result/redis/dg/dg-LLVM14-O2-g/high_precision_20260409_123302/log/pta_fi.lines.stderr.log
pta_fi,PTA,fi,lines,"ShuffleVector instruction is not supported, loosing precision",/home/jimi/PaperExperiment/CompilerOptimization/Result/redis/dg/dg-LLVM14-O2-g/high_precision_20260409_123302/log/pta_fi.lines.stderr.log
pta_fi,PTA,fi,lines,"ShuffleVector instruction is not supported, loosing precision",/home/jimi/PaperExperiment/CompilerOptimization/Result/redis/dg/dg-LLVM14-O2-g/high_precision_20260409_123302/log/pta_fi.lines.stderr.log
pta_fi,PTA,fi,lines,"WARNING: Non-0 memset:   tail call void @llvm.memset.p0i8.i64(i8* align 1 %14, i8 32, i64 %13, i1 false), !dbg !37078",/home/jimi/PaperExperiment/CompilerOptimization/Result/redis/dg/dg-LLVM14-O2-g/high_precision_20260409_123302/log/pta_fi.lines.stderr.log
pta_fi,PTA,fi,lines,"WARNING: Non-0 memset:   tail call void @llvm.memset.p0i8.i64(i8* align 1 %14, i8 32, i64 %13, i1 false), !dbg !37078",/home/jimi/PaperExperiment/CompilerOptimization/Result/redis/dg/dg-LLVM14-O2-g/high_precision_20260409_123302/log/pta_fi.lines.stderr.log
pta_fi,PTA,fi,lines,"WARNING: Non-0 memset:   call void @llvm.memset.p0i8.i64(i8* noundef nonnull align 8 dereferenceable(16) %188, i8 -1, i64 16, i1 false), !dbg !37850",/home/jimi/PaperExperiment/CompilerOptimization/Result/redis/dg/dg-LLVM14-O2-g/high_precision_20260409_123302/log/pta_fi.lines.stderr.log
pta_fi,PTA,fi,lines,"WARNING: Non-0 memset:   tail call void @llvm.memset.p0i8.i64(i8* noundef nonnull align 1 dereferenceable(41) getelementptr inbounds (%struct.redisServer, %struct.redisServer* bitcast (%struct.redisServer.226* @server to %struct.redisServer*), i64 0, i32 288, i64 0), i8 48, i64 40, i1 false) #85, !dbg !37030",/home/jimi/PaperExperiment/CompilerOptimization/Result/redis/dg/dg-LLVM14-O2-g/high_precision_20260409_123302/log/pta_fi.lines.stderr.log
pta_fi,PTA,fi,lines,"ShuffleVector instruction is not supported, loosing precision",/home/jimi/PaperExperiment/CompilerOptimization/Result/redis/dg/dg-LLVM14-O2-g/high_precision_20260409_123302/log/pta_fi.lines.stderr.log
pta_fi,PTA,fi,lines,"ShuffleVector instruction is not supported, loosing precision",/home/jimi/PaperExperiment/CompilerOptimization/Result/redis/dg/dg-LLVM14-O2-g/high_precision_20260409_123302/log/pta_fi.lines.stderr.log
pta_fi,PTA,fi,lines,"ShuffleVector instruction is not supported, loosing precision",/home/jimi/PaperExperiment/CompilerOptimization/Result/redis/dg/dg-LLVM14-O2-g/high_precision_20260409_123302/log/pta_fi.lines.stderr.log
pta_fi,PTA,fi,dot,"[pta] UNHANDLED:   %82 = cmpxchg weak i64* @zmalloc_peak, i64 %79, i64 %75 monotonic monotonic, align 8, !dbg !37098",/home/jimi/PaperExperiment/CompilerOptimization/Result/redis/dg/dg-LLVM14-O2-g/high_precision_20260409_123302/log/pta_fi.dot.stderr.log
pta_fi,PTA,fi,dot,"WARNING: Non-0 memset:   call void @llvm.memset.p0i8.i64(i8* noundef nonnull align 1 dereferenceable(16) %14, i8 48, i64 16, i1 false) #85, !dbg !37150, !tbaa !37039",/home/jimi/PaperExperiment/CompilerOptimization/Result/redis/dg/dg-LLVM14-O2-g/high_precision_20260409_123302/log/pta_fi.dot.stderr.log
pta_fi,PTA,fi,dot,"[pta] UNHANDLED:   %83 = cmpxchg weak i64* @zmalloc_peak, i64 %80, i64 %76 monotonic monotonic, align 8, !dbg !37100",/home/jimi/PaperExperiment/CompilerOptimization/Result/redis/dg/dg-LLVM14-O2-g/high_precision_20260409_123302/log/pta_fi.dot.stderr.log
pta_fi,PTA,fi,dot,"[pta] UNHANDLED:   %83 = cmpxchg weak i64* @zmalloc_peak, i64 %80, i64 %76 monotonic monotonic, align 8, !dbg !37098",/home/jimi/PaperExperiment/CompilerOptimization/Result/redis/dg/dg-LLVM14-O2-g/high_precision_20260409_123302/log/pta_fi.dot.stderr.log
pta_fi,PTA,fi,dot,"ShuffleVector instruction is not supported, loosing precision",/home/jimi/PaperExperiment/CompilerOptimization/Result/redis/dg/dg-LLVM14-O2-g/high_precision_20260409_123302/log/pta_fi.dot.stderr.log
pta_fi,PTA,fi,dot,"ShuffleVector instruction is not supported, loosing precision",/home/jimi/PaperExperiment/CompilerOptimization/Result/redis/dg/dg-LLVM14-O2-g/high_precision_20260409_123302/log/pta_fi.dot.stderr.log
pta_fi,PTA,fi,dot,"[pta] UNHANDLED:   %82 = cmpxchg weak i64* @zmalloc_peak, i64 %79, i64 %75 monotonic monotonic, align 8, !dbg !37098",/home/jimi/PaperExperiment/CompilerOptimization/Result/redis/dg/dg-LLVM14-O2-g/high_precision_20260409_123302/log/pta_fi.dot.stderr.log
pta_fi,PTA,fi,dot,"[pta] UNHANDLED:   %129 = cmpxchg weak i64* @zmalloc_peak, i64 %126, i64 %122 monotonic monotonic, align 8, !dbg !37166",/home/jimi/PaperExperiment/CompilerOptimization/Result/redis/dg/dg-LLVM14-O2-g/high_precision_20260409_123302/log/pta_fi.dot.stderr.log
pta_fi,PTA,fi,dot,"[pta] UNHANDLED:   %82 = cmpxchg weak i64* @zmalloc_peak, i64 %79, i64 %75 monotonic monotonic, align 8, !dbg !37096",/home/jimi/PaperExperiment/CompilerOptimization/Result/redis/dg/dg-LLVM14-O2-g/high_precision_20260409_123302/log/pta_fi.dot.stderr.log
pta_fi,PTA,fi,dot,"ShuffleVector instruction is not supported, loosing precision",/home/jimi/PaperExperiment/CompilerOptimization/Result/redis/dg/dg-LLVM14-O2-g/high_precision_20260409_123302/log/pta_fi.dot.stderr.log
pta_fi,PTA,fi,dot,"WARNING: Non-0 memset:   tail call void @llvm.memset.p0i8.i64(i8* noundef nonnull align 1 dereferenceable(41) getelementptr inbounds (%struct.redisServer, %struct.redisServer* bitcast (%struct.redisServer.226* @server to %struct.redisServer*), i64 0, i32 288, i64 0), i8 48, i64 40, i1 false), !dbg !37002",/home/jimi/PaperExperiment/CompilerOptimization/Result/redis/dg/dg-LLVM14-O2-g/high_precision_20260409_123302/log/pta_fi.dot.stderr.log
pta_fi,PTA,fi,dot,"WARNING: Non-0 memset:   call void @llvm.memset.p0i8.i64(i8* noundef nonnull align 8 dereferenceable(16) bitcast (i64* getelementptr inbounds (%struct.redisServer.226, %struct.redisServer.226* @server, i64 0, i32 228) to i8*), i8 -1, i64 16, i1 false), !dbg !37152",/home/jimi/PaperExperiment/CompilerOptimization/Result/redis/dg/dg-LLVM14-O2-g/high_precision_20260409_123302/log/pta_fi.dot.stderr.log
pta_fi,PTA,fi,dot,"WARNING: Non-0 memset:   tail call void @llvm.memset.p0i8.i64(i8* noundef nonnull align 8 dereferenceable(128) %53, i8 -1, i64 128, i1 false), !dbg !37100",/home/jimi/PaperExperiment/CompilerOptimization/Result/redis/dg/dg-LLVM14-O2-g/high_precision_20260409_123302/log/pta_fi.dot.stderr.log
pta_fi,PTA,fi,dot,"WARNING: Saving stack may yield unsound results!:   %40 = call i8* @llvm.stacksave(), !dbg !37076",/home/jimi/PaperExperiment/CompilerOptimization/Result/redis/dg/dg-LLVM14-O2-g/high_precision_20260409_123302/log/pta_fi.dot.stderr.log
pta_fi,PTA,fi,dot,"[pta] UNHANDLED:   %91 = cmpxchg weak i64* @zmalloc_peak, i64 %88, i64 %84 monotonic monotonic, align 8, !dbg !37110",/home/jimi/PaperExperiment/CompilerOptimization/Result/redis/dg/dg-LLVM14-O2-g/high_precision_20260409_123302/log/pta_fi.dot.stderr.log
pta_fi,PTA,fi,dot,"ShuffleVector instruction is not supported, loosing precision",/home/jimi/PaperExperiment/CompilerOptimization/Result/redis/dg/dg-LLVM14-O2-g/high_precision_20260409_123302/log/pta_fi.dot.stderr.log
pta_fi,PTA,fi,dot,"ShuffleVector instruction is not supported, loosing precision",/home/jimi/PaperExperiment/CompilerOptimization/Result/redis/dg/dg-LLVM14-O2-g/high_precision_20260409_123302/log/pta_fi.dot.stderr.log
pta_fi,PTA,fi,dot,"ShuffleVector instruction is not supported, loosing precision",/home/jimi/PaperExperiment/CompilerOptimization/Result/redis/dg/dg-LLVM14-O2-g/high_precision_20260409_123302/log/pta_fi.dot.stderr.log
pta_fi,PTA,fi,dot,"ShuffleVector instruction is not supported, loosing precision",/home/jimi/PaperExperiment/CompilerOptimization/Result/redis/dg/dg-LLVM14-O2-g/high_precision_20260409_123302/log/pta_fi.dot.stderr.log
pta_fi,PTA,fi,dot,"ShuffleVector instruction is not supported, loosing precision",/home/jimi/PaperExperiment/CompilerOptimization/Result/redis/dg/dg-LLVM14-O2-g/high_precision_20260409_123302/log/pta_fi.dot.stderr.log
pta_fi,PTA,fi,dot,"ShuffleVector instruction is not supported, loosing precision",/home/jimi/PaperExperiment/CompilerOptimization/Result/redis/dg/dg-LLVM14-O2-g/high_precision_20260409_123302/log/pta_fi.dot.stderr.log
pta_fi,PTA,fi,dot,"ShuffleVector instruction is not supported, loosing precision",/home/jimi/PaperExperiment/CompilerOptimization/Result/redis/dg/dg-LLVM14-O2-g/high_precision_20260409_123302/log/pta_fi.dot.stderr.log
pta_fi,PTA,fi,dot,"ShuffleVector instruction is not supported, loosing precision",/home/jimi/PaperExperiment/CompilerOptimization/Result/redis/dg/dg-LLVM14-O2-g/high_precision_20260409_123302/log/pta_fi.dot.stderr.log
pta_fi,PTA,fi,dot,"ShuffleVector instruction is not supported, loosing precision",/home/jimi/PaperExperiment/CompilerOptimization/Result/redis/dg/dg-LLVM14-O2-g/high_precision_20260409_123302/log/pta_fi.dot.stderr.log
pta_fi,PTA,fi,dot,"ShuffleVector instruction is not supported, loosing precision",/home/jimi/PaperExperiment/CompilerOptimization/Result/redis/dg/dg-LLVM14-O2-g/high_precision_20260409_123302/log/pta_fi.dot.stderr.log
pta_fi,PTA,fi,dot,"ShuffleVector instruction is not supported, loosing precision",/home/jimi/PaperExperiment/CompilerOptimization/Result/redis/dg/dg-LLVM14-O2-g/high_precision_20260409_123302/log/pta_fi.dot.stderr.log
pta_fi,PTA,fi,dot,"ShuffleVector instruction is not supported, loosing precision",/home/jimi/PaperExperiment/CompilerOptimization/Result/redis/dg/dg-LLVM14-O2-g/high_precision_20260409_123302/log/pta_fi.dot.stderr.log
pta_fi,PTA,fi,dot,"ShuffleVector instruction is not supported, loosing precision",/home/jimi/PaperExperiment/CompilerOptimization/Result/redis/dg/dg-LLVM14-O2-g/high_precision_20260409_123302/log/pta_fi.dot.stderr.log
pta_fi,PTA,fi,dot,"ShuffleVector instruction is not supported, loosing precision",/home/jimi/PaperExperiment/CompilerOptimization/Result/redis/dg/dg-LLVM14-O2-g/high_precision_20260409_123302/log/pta_fi.dot.stderr.log
pta_fi,PTA,fi,dot,"ShuffleVector instruction is not supported, loosing precision",/home/jimi/PaperExperiment/CompilerOptimization/Result/redis/dg/dg-LLVM14-O2-g/high_precision_20260409_123302/log/pta_fi.dot.stderr.log
pta_fi,PTA,fi,dot,"ShuffleVector instruction is not supported, loosing precision",/home/jimi/PaperExperiment/CompilerOptimization/Result/redis/dg/dg-LLVM14-O2-g/high_precision_20260409_123302/log/pta_fi.dot.stderr.log
pta_fi,PTA,fi,dot,"ShuffleVector instruction is not supported, loosing precision",/home/jimi/PaperExperiment/CompilerOptimization/Result/redis/dg/dg-LLVM14-O2-g/high_precision_20260409_123302/log/pta_fi.dot.stderr.log
pta_fi,PTA,fi,dot,"ShuffleVector instruction is not supported, loosing precision",/home/jimi/PaperExperiment/CompilerOptimization/Result/redis/dg/dg-LLVM14-O2-g/high_precision_20260409_123302/log/pta_fi.dot.stderr.log
pta_fi,PTA,fi,dot,"ShuffleVector instruction is not supported, loosing precision",/home/jimi/PaperExperiment/CompilerOptimization/Result/redis/dg/dg-LLVM14-O2-g/high_precision_20260409_123302/log/pta_fi.dot.stderr.log
pta_fi,PTA,fi,dot,"ShuffleVector instruction is not supported, loosing precision",/home/jimi/PaperExperiment/CompilerOptimization/Result/redis/dg/dg-LLVM14-O2-g/high_precision_20260409_123302/log/pta_fi.dot.stderr.log
pta_fi,PTA,fi,dot,"ShuffleVector instruction is not supported, loosing precision",/home/jimi/PaperExperiment/CompilerOptimization/Result/redis/dg/dg-LLVM14-O2-g/high_precision_20260409_123302/log/pta_fi.dot.stderr.log
pta_fi,PTA,fi,dot,"ShuffleVector instruction is not supported, loosing precision",/home/jimi/PaperExperiment/CompilerOptimization/Result/redis/dg/dg-LLVM14-O2-g/high_precision_20260409_123302/log/pta_fi.dot.stderr.log
pta_fi,PTA,fi,dot,"ShuffleVector instruction is not supported, loosing precision",/home/jimi/PaperExperiment/CompilerOptimization/Result/redis/dg/dg-LLVM14-O2-g/high_precision_20260409_123302/log/pta_fi.dot.stderr.log
pta_fi,PTA,fi,dot,"ShuffleVector instruction is not supported, loosing precision",/home/jimi/PaperExperiment/CompilerOptimization/Result/redis/dg/dg-LLVM14-O2-g/high_precision_20260409_123302/log/pta_fi.dot.stderr.log
pta_fi,PTA,fi,dot,"ShuffleVector instruction is not supported, loosing precision",/home/jimi/PaperExperiment/CompilerOptimization/Result/redis/dg/dg-LLVM14-O2-g/high_precision_20260409_123302/log/pta_fi.dot.stderr.log
pta_fi,PTA,fi,dot,"ShuffleVector instruction is not supported, loosing precision",/home/jimi/PaperExperiment/CompilerOptimization/Result/redis/dg/dg-LLVM14-O2-g/high_precision_20260409_123302/log/pta_fi.dot.stderr.log
pta_fi,PTA,fi,dot,"ShuffleVector instruction is not supported, loosing precision",/home/jimi/PaperExperiment/CompilerOptimization/Result/redis/dg/dg-LLVM14-O2-g/high_precision_20260409_123302/log/pta_fi.dot.stderr.log
pta_fi,PTA,fi,dot,"ShuffleVector instruction is not supported, loosing precision",/home/jimi/PaperExperiment/CompilerOptimization/Result/redis/dg/dg-LLVM14-O2-g/high_precision_20260409_123302/log/pta_fi.dot.stderr.log
pta_fi,PTA,fi,dot,"ShuffleVector instruction is not supported, loosing precision",/home/jimi/PaperExperiment/CompilerOptimization/Result/redis/dg/dg-LLVM14-O2-g/high_precision_20260409_123302/log/pta_fi.dot.stderr.log
pta_fi,PTA,fi,dot,"ShuffleVector instruction is not supported, loosing precision",/home/jimi/PaperExperiment/CompilerOptimization/Result/redis/dg/dg-LLVM14-O2-g/high_precision_20260409_123302/log/pta_fi.dot.stderr.log
pta_fi,PTA,fi,dot,"ShuffleVector instruction is not supported, loosing precision",/home/jimi/PaperExperiment/CompilerOptimization/Result/redis/dg/dg-LLVM14-O2-g/high_precision_20260409_123302/log/pta_fi.dot.stderr.log
pta_fi,PTA,fi,dot,"ShuffleVector instruction is not supported, loosing precision",/home/jimi/PaperExperiment/CompilerOptimization/Result/redis/dg/dg-LLVM14-O2-g/high_precision_20260409_123302/log/pta_fi.dot.stderr.log
pta_fi,PTA,fi,dot,"ShuffleVector instruction is not supported, loosing precision",/home/jimi/PaperExperiment/CompilerOptimization/Result/redis/dg/dg-LLVM14-O2-g/high_precision_20260409_123302/log/pta_fi.dot.stderr.log
pta_fi,PTA,fi,dot,"ShuffleVector instruction is not supported, loosing precision",/home/jimi/PaperExperiment/CompilerOptimization/Result/redis/dg/dg-LLVM14-O2-g/high_precision_20260409_123302/log/pta_fi.dot.stderr.log
pta_fi,PTA,fi,dot,"ShuffleVector instruction is not supported, loosing precision",/home/jimi/PaperExperiment/CompilerOptimization/Result/redis/dg/dg-LLVM14-O2-g/high_precision_20260409_123302/log/pta_fi.dot.stderr.log
pta_fi,PTA,fi,dot,"ShuffleVector instruction is not supported, loosing precision",/home/jimi/PaperExperiment/CompilerOptimization/Result/redis/dg/dg-LLVM14-O2-g/high_precision_20260409_123302/log/pta_fi.dot.stderr.log
pta_fi,PTA,fi,dot,"ShuffleVector instruction is not supported, loosing precision",/home/jimi/PaperExperiment/CompilerOptimization/Result/redis/dg/dg-LLVM14-O2-g/high_precision_20260409_123302/log/pta_fi.dot.stderr.log
pta_fi,PTA,fi,dot,"ShuffleVector instruction is not supported, loosing precision",/home/jimi/PaperExperiment/CompilerOptimization/Result/redis/dg/dg-LLVM14-O2-g/high_precision_20260409_123302/log/pta_fi.dot.stderr.log
pta_fi,PTA,fi,dot,"ShuffleVector instruction is not supported, loosing precision",/home/jimi/PaperExperiment/CompilerOptimization/Result/redis/dg/dg-LLVM14-O2-g/high_precision_20260409_123302/log/pta_fi.dot.stderr.log
pta_fi,PTA,fi,dot,"ShuffleVector instruction is not supported, loosing precision",/home/jimi/PaperExperiment/CompilerOptimization/Result/redis/dg/dg-LLVM14-O2-g/high_precision_20260409_123302/log/pta_fi.dot.stderr.log
pta_fi,PTA,fi,dot,"ShuffleVector instruction is not supported, loosing precision",/home/jimi/PaperExperiment/CompilerOptimization/Result/redis/dg/dg-LLVM14-O2-g/high_precision_20260409_123302/log/pta_fi.dot.stderr.log
pta_fi,PTA,fi,dot,"ShuffleVector instruction is not supported, loosing precision",/home/jimi/PaperExperiment/CompilerOptimization/Result/redis/dg/dg-LLVM14-O2-g/high_precision_20260409_123302/log/pta_fi.dot.stderr.log
pta_fi,PTA,fi,dot,"ShuffleVector instruction is not supported, loosing precision",/home/jimi/PaperExperiment/CompilerOptimization/Result/redis/dg/dg-LLVM14-O2-g/high_precision_20260409_123302/log/pta_fi.dot.stderr.log
pta_fi,PTA,fi,dot,"ShuffleVector instruction is not supported, loosing precision",/home/jimi/PaperExperiment/CompilerOptimization/Result/redis/dg/dg-LLVM14-O2-g/high_precision_20260409_123302/log/pta_fi.dot.stderr.log
pta_fi,PTA,fi,dot,"ShuffleVector instruction is not supported, loosing precision",/home/jimi/PaperExperiment/CompilerOptimization/Result/redis/dg/dg-LLVM14-O2-g/high_precision_20260409_123302/log/pta_fi.dot.stderr.log
pta_fi,PTA,fi,dot,"ShuffleVector instruction is not supported, loosing precision",/home/jimi/PaperExperiment/CompilerOptimization/Result/redis/dg/dg-LLVM14-O2-g/high_precision_20260409_123302/log/pta_fi.dot.stderr.log
pta_fi,PTA,fi,dot,"ShuffleVector instruction is not supported, loosing precision",/home/jimi/PaperExperiment/CompilerOptimization/Result/redis/dg/dg-LLVM14-O2-g/high_precision_20260409_123302/log/pta_fi.dot.stderr.log
pta_fi,PTA,fi,dot,"ShuffleVector instruction is not supported, loosing precision",/home/jimi/PaperExperiment/CompilerOptimization/Result/redis/dg/dg-LLVM14-O2-g/high_precision_20260409_123302/log/pta_fi.dot.stderr.log
pta_fi,PTA,fi,dot,"ShuffleVector instruction is not supported, loosing precision",/home/jimi/PaperExperiment/CompilerOptimization/Result/redis/dg/dg-LLVM14-O2-g/high_precision_20260409_123302/log/pta_fi.dot.stderr.log
pta_fi,PTA,fi,dot,"ShuffleVector instruction is not supported, loosing precision",/home/jimi/PaperExperiment/CompilerOptimization/Result/redis/dg/dg-LLVM14-O2-g/high_precision_20260409_123302/log/pta_fi.dot.stderr.log
pta_fi,PTA,fi,dot,"ShuffleVector instruction is not supported, loosing precision",/home/jimi/PaperExperiment/CompilerOptimization/Result/redis/dg/dg-LLVM14-O2-g/high_precision_20260409_123302/log/pta_fi.dot.stderr.log
pta_fi,PTA,fi,dot,"ShuffleVector instruction is not supported, loosing precision",/home/jimi/PaperExperiment/CompilerOptimization/Result/redis/dg/dg-LLVM14-O2-g/high_precision_20260409_123302/log/pta_fi.dot.stderr.log
pta_fi,PTA,fi,dot,"ShuffleVector instruction is not supported, loosing precision",/home/jimi/PaperExperiment/CompilerOptimization/Result/redis/dg/dg-LLVM14-O2-g/high_precision_20260409_123302/log/pta_fi.dot.stderr.log
pta_fi,PTA,fi,dot,"ShuffleVector instruction is not supported, loosing precision",/home/jimi/PaperExperiment/CompilerOptimization/Result/redis/dg/dg-LLVM14-O2-g/high_precision_20260409_123302/log/pta_fi.dot.stderr.log
pta_fi,PTA,fi,dot,"ShuffleVector instruction is not supported, loosing precision",/home/jimi/PaperExperiment/CompilerOptimization/Result/redis/dg/dg-LLVM14-O2-g/high_precision_20260409_123302/log/pta_fi.dot.stderr.log
pta_fi,PTA,fi,dot,"ShuffleVector instruction is not supported, loosing precision",/home/jimi/PaperExperiment/CompilerOptimization/Result/redis/dg/dg-LLVM14-O2-g/high_precision_20260409_123302/log/pta_fi.dot.stderr.log
pta_fi,PTA,fi,dot,"WARNING: Non-0 memset:   call void @llvm.memset.p0i8.i64(i8* noundef nonnull align 8 dereferenceable(16) %25, i8 -1, i64 16, i1 false), !dbg !37067",/home/jimi/PaperExperiment/CompilerOptimization/Result/redis/dg/dg-LLVM14-O2-g/high_precision_20260409_123302/log/pta_fi.dot.stderr.log
pta_fi,PTA,fi,dot,"ShuffleVector instruction is not supported, loosing precision",/home/jimi/PaperExperiment/CompilerOptimization/Result/redis/dg/dg-LLVM14-O2-g/high_precision_20260409_123302/log/pta_fi.dot.stderr.log
pta_fi,PTA,fi,dot,"ShuffleVector instruction is not supported, loosing precision",/home/jimi/PaperExperiment/CompilerOptimization/Result/redis/dg/dg-LLVM14-O2-g/high_precision_20260409_123302/log/pta_fi.dot.stderr.log
pta_fi,PTA,fi,dot,"ShuffleVector instruction is not supported, loosing precision",/home/jimi/PaperExperiment/CompilerOptimization/Result/redis/dg/dg-LLVM14-O2-g/high_precision_20260409_123302/log/pta_fi.dot.stderr.log
pta_fi,PTA,fi,dot,"ShuffleVector instruction is not supported, loosing precision",/home/jimi/PaperExperiment/CompilerOptimization/Result/redis/dg/dg-LLVM14-O2-g/high_precision_20260409_123302/log/pta_fi.dot.stderr.log
pta_fi,PTA,fi,dot,"ShuffleVector instruction is not supported, loosing precision",/home/jimi/PaperExperiment/CompilerOptimization/Result/redis/dg/dg-LLVM14-O2-g/high_precision_20260409_123302/log/pta_fi.dot.stderr.log
pta_fi,PTA,fi,dot,"ShuffleVector instruction is not supported, loosing precision",/home/jimi/PaperExperiment/CompilerOptimization/Result/redis/dg/dg-LLVM14-O2-g/high_precision_20260409_123302/log/pta_fi.dot.stderr.log
pta_fi,PTA,fi,dot,"[pta] UNHANDLED:   %367 = insertvalue { i8*, i32 } poison, i8* %365, 0, !dbg !37605",/home/jimi/PaperExperiment/CompilerOptimization/Result/redis/dg/dg-LLVM14-O2-g/high_precision_20260409_123302/log/pta_fi.dot.stderr.log
pta_fi,PTA,fi,dot,"[pta] UNHANDLED:   %368 = insertvalue { i8*, i32 } %367, i32 %366, 1, !dbg !37605",/home/jimi/PaperExperiment/CompilerOptimization/Result/redis/dg/dg-LLVM14-O2-g/high_precision_20260409_123302/log/pta_fi.dot.stderr.log
pta_fi,PTA,fi,dot,"[pta] UNHANDLED:   %96 = insertvalue { i8*, i32 } poison, i8* %95, 0, !dbg !37112",/home/jimi/PaperExperiment/CompilerOptimization/Result/redis/dg/dg-LLVM14-O2-g/high_precision_20260409_123302/log/pta_fi.dot.stderr.log
pta_fi,PTA,fi,dot,"[pta] UNHANDLED:   %97 = insertvalue { i8*, i32 } %96, i32 %94, 1, !dbg !37112",/home/jimi/PaperExperiment/CompilerOptimization/Result/redis/dg/dg-LLVM14-O2-g/high_precision_20260409_123302/log/pta_fi.dot.stderr.log
pta_fi,PTA,fi,dot,"[pta] UNHANDLED:   %374 = insertvalue { i8*, i32 } poison, i8* %6, 0, !dbg !37505",/home/jimi/PaperExperiment/CompilerOptimization/Result/redis/dg/dg-LLVM14-O2-g/high_precision_20260409_123302/log/pta_fi.dot.stderr.log
pta_fi,PTA,fi,dot,"[pta] UNHANDLED:   %375 = insertvalue { i8*, i32 } %374, i32 %373, 1, !dbg !37505",/home/jimi/PaperExperiment/CompilerOptimization/Result/redis/dg/dg-LLVM14-O2-g/high_precision_20260409_123302/log/pta_fi.dot.stderr.log
pta_fi,PTA,fi,dot,"[pta] UNHANDLED:   %186 = insertvalue { i64, i32 } poison, i64 %185, 0, !dbg !37421",/home/jimi/PaperExperiment/CompilerOptimization/Result/redis/dg/dg-LLVM14-O2-g/high_precision_20260409_123302/log/pta_fi.dot.stderr.log
pta_fi,PTA,fi,dot,"[pta] UNHANDLED:   %187 = insertvalue { i64, i32 } %186, i32 %183, 1, !dbg !37421",/home/jimi/PaperExperiment/CompilerOptimization/Result/redis/dg/dg-LLVM14-O2-g/high_precision_20260409_123302/log/pta_fi.dot.stderr.log
pta_fi,PTA,fi,dot,"ShuffleVector instruction is not supported, loosing precision",/home/jimi/PaperExperiment/CompilerOptimization/Result/redis/dg/dg-LLVM14-O2-g/high_precision_20260409_123302/log/pta_fi.dot.stderr.log
pta_fi,PTA,fi,dot,"ShuffleVector instruction is not supported, loosing precision",/home/jimi/PaperExperiment/CompilerOptimization/Result/redis/dg/dg-LLVM14-O2-g/high_precision_20260409_123302/log/pta_fi.dot.stderr.log
pta_fi,PTA,fi,dot,"ShuffleVector instruction is not supported, loosing precision",/home/jimi/PaperExperiment/CompilerOptimization/Result/redis/dg/dg-LLVM14-O2-g/high_precision_20260409_123302/log/pta_fi.dot.stderr.log
pta_fi,PTA,fi,dot,"ShuffleVector instruction is not supported, loosing precision",/home/jimi/PaperExperiment/CompilerOptimization/Result/redis/dg/dg-LLVM14-O2-g/high_precision_20260409_123302/log/pta_fi.dot.stderr.log
pta_fi,PTA,fi,dot,"ShuffleVector instruction is not supported, loosing precision",/home/jimi/PaperExperiment/CompilerOptimization/Result/redis/dg/dg-LLVM14-O2-g/high_precision_20260409_123302/log/pta_fi.dot.stderr.log
pta_fi,PTA,fi,dot,"ShuffleVector instruction is not supported, loosing precision",/home/jimi/PaperExperiment/CompilerOptimization/Result/redis/dg/dg-LLVM14-O2-g/high_precision_20260409_123302/log/pta_fi.dot.stderr.log
pta_fi,PTA,fi,dot,"ShuffleVector instruction is not supported, loosing precision",/home/jimi/PaperExperiment/CompilerOptimization/Result/redis/dg/dg-LLVM14-O2-g/high_precision_20260409_123302/log/pta_fi.dot.stderr.log
pta_fi,PTA,fi,dot,"ShuffleVector instruction is not supported, loosing precision",/home/jimi/PaperExperiment/CompilerOptimization/Result/redis/dg/dg-LLVM14-O2-g/high_precision_20260409_123302/log/pta_fi.dot.stderr.log
pta_fi,PTA,fi,dot,"ShuffleVector instruction is not supported, loosing precision",/home/jimi/PaperExperiment/CompilerOptimization/Result/redis/dg/dg-LLVM14-O2-g/high_precision_20260409_123302/log/pta_fi.dot.stderr.log
pta_fi,PTA,fi,dot,"ShuffleVector instruction is not supported, loosing precision",/home/jimi/PaperExperiment/CompilerOptimization/Result/redis/dg/dg-LLVM14-O2-g/high_precision_20260409_123302/log/pta_fi.dot.stderr.log
pta_fi,PTA,fi,dot,"[pta] UNHANDLED:   %392 = insertvalue { i64, i32 } poison, i64 %390, 0, !dbg !37642",/home/jimi/PaperExperiment/CompilerOptimization/Result/redis/dg/dg-LLVM14-O2-g/high_precision_20260409_123302/log/pta_fi.dot.stderr.log
pta_fi,PTA,fi,dot,"[pta] UNHANDLED:   %393 = insertvalue { i64, i32 } %392, i32 %391, 1, !dbg !37642",/home/jimi/PaperExperiment/CompilerOptimization/Result/redis/dg/dg-LLVM14-O2-g/high_precision_20260409_123302/log/pta_fi.dot.stderr.log
pta_fi,PTA,fi,dot,"ShuffleVector instruction is not supported, loosing precision",/home/jimi/PaperExperiment/CompilerOptimization/Result/redis/dg/dg-LLVM14-O2-g/high_precision_20260409_123302/log/pta_fi.dot.stderr.log
pta_fi,PTA,fi,dot,"ShuffleVector instruction is not supported, loosing precision",/home/jimi/PaperExperiment/CompilerOptimization/Result/redis/dg/dg-LLVM14-O2-g/high_precision_20260409_123302/log/pta_fi.dot.stderr.log
pta_fi,PTA,fi,dot,"ShuffleVector instruction is not supported, loosing precision",/home/jimi/PaperExperiment/CompilerOptimization/Result/redis/dg/dg-LLVM14-O2-g/high_precision_20260409_123302/log/pta_fi.dot.stderr.log
pta_fi,PTA,fi,dot,"ShuffleVector instruction is not supported, loosing precision",/home/jimi/PaperExperiment/CompilerOptimization/Result/redis/dg/dg-LLVM14-O2-g/high_precision_20260409_123302/log/pta_fi.dot.stderr.log
pta_fi,PTA,fi,dot,"ShuffleVector instruction is not supported, loosing precision",/home/jimi/PaperExperiment/CompilerOptimization/Result/redis/dg/dg-LLVM14-O2-g/high_precision_20260409_123302/log/pta_fi.dot.stderr.log
pta_fi,PTA,fi,dot,"ShuffleVector instruction is not supported, loosing precision",/home/jimi/PaperExperiment/CompilerOptimization/Result/redis/dg/dg-LLVM14-O2-g/high_precision_20260409_123302/log/pta_fi.dot.stderr.log
pta_fi,PTA,fi,dot,"ShuffleVector instruction is not supported, loosing precision",/home/jimi/PaperExperiment/CompilerOptimization/Result/redis/dg/dg-LLVM14-O2-g/high_precision_20260409_123302/log/pta_fi.dot.stderr.log
pta_fi,PTA,fi,dot,"ShuffleVector instruction is not supported, loosing precision",/home/jimi/PaperExperiment/CompilerOptimization/Result/redis/dg/dg-LLVM14-O2-g/high_precision_20260409_123302/log/pta_fi.dot.stderr.log
pta_fi,PTA,fi,dot,"ShuffleVector instruction is not supported, loosing precision",/home/jimi/PaperExperiment/CompilerOptimization/Result/redis/dg/dg-LLVM14-O2-g/high_precision_20260409_123302/log/pta_fi.dot.stderr.log
pta_fi,PTA,fi,dot,"ShuffleVector instruction is not supported, loosing precision",/home/jimi/PaperExperiment/CompilerOptimization/Result/redis/dg/dg-LLVM14-O2-g/high_precision_20260409_123302/log/pta_fi.dot.stderr.log
pta_fi,PTA,fi,dot,"ShuffleVector instruction is not supported, loosing precision",/home/jimi/PaperExperiment/CompilerOptimization/Result/redis/dg/dg-LLVM14-O2-g/high_precision_20260409_123302/log/pta_fi.dot.stderr.log
pta_fi,PTA,fi,dot,"ShuffleVector instruction is not supported, loosing precision",/home/jimi/PaperExperiment/CompilerOptimization/Result/redis/dg/dg-LLVM14-O2-g/high_precision_20260409_123302/log/pta_fi.dot.stderr.log
pta_fi,PTA,fi,dot,"ShuffleVector instruction is not supported, loosing precision",/home/jimi/PaperExperiment/CompilerOptimization/Result/redis/dg/dg-LLVM14-O2-g/high_precision_20260409_123302/log/pta_fi.dot.stderr.log
pta_fi,PTA,fi,dot,"ShuffleVector instruction is not supported, loosing precision",/home/jimi/PaperExperiment/CompilerOptimization/Result/redis/dg/dg-LLVM14-O2-g/high_precision_20260409_123302/log/pta_fi.dot.stderr.log
pta_fi,PTA,fi,dot,"ShuffleVector instruction is not supported, loosing precision",/home/jimi/PaperExperiment/CompilerOptimization/Result/redis/dg/dg-LLVM14-O2-g/high_precision_20260409_123302/log/pta_fi.dot.stderr.log
pta_fi,PTA,fi,dot,"ShuffleVector instruction is not supported, loosing precision",/home/jimi/PaperExperiment/CompilerOptimization/Result/redis/dg/dg-LLVM14-O2-g/high_precision_20260409_123302/log/pta_fi.dot.stderr.log
pta_fi,PTA,fi,dot,"ShuffleVector instruction is not supported, loosing precision",/home/jimi/PaperExperiment/CompilerOptimization/Result/redis/dg/dg-LLVM14-O2-g/high_precision_20260409_123302/log/pta_fi.dot.stderr.log
pta_fi,PTA,fi,dot,"ShuffleVector instruction is not supported, loosing precision",/home/jimi/PaperExperiment/CompilerOptimization/Result/redis/dg/dg-LLVM14-O2-g/high_precision_20260409_123302/log/pta_fi.dot.stderr.log
pta_fi,PTA,fi,dot,"ShuffleVector instruction is not supported, loosing precision",/home/jimi/PaperExperiment/CompilerOptimization/Result/redis/dg/dg-LLVM14-O2-g/high_precision_20260409_123302/log/pta_fi.dot.stderr.log
pta_fi,PTA,fi,dot,"ShuffleVector instruction is not supported, loosing precision",/home/jimi/PaperExperiment/CompilerOptimization/Result/redis/dg/dg-LLVM14-O2-g/high_precision_20260409_123302/log/pta_fi.dot.stderr.log
pta_fi,PTA,fi,dot,"[pta] UNHANDLED:   %82 = cmpxchg weak i64* @zmalloc_peak, i64 %79, i64 %75 monotonic monotonic, align 8, !dbg !37096",/home/jimi/PaperExperiment/CompilerOptimization/Result/redis/dg/dg-LLVM14-O2-g/high_precision_20260409_123302/log/pta_fi.dot.stderr.log
pta_fi,PTA,fi,dot,"WARNING: Non-0 memset:   call void @llvm.memset.p0i8.i64(i8* noundef nonnull align 8 dereferenceable(16) %12, i8 -1, i64 16, i1 false), !dbg !37032",/home/jimi/PaperExperiment/CompilerOptimization/Result/redis/dg/dg-LLVM14-O2-g/high_precision_20260409_123302/log/pta_fi.dot.stderr.log
pta_fi,PTA,fi,dot,"WARNING: Non-0 memset:   call void @llvm.memset.p0i8.i64(i8* noundef nonnull align 8 dereferenceable(16) %14, i8 -1, i64 16, i1 false) #85, !dbg !37066",/home/jimi/PaperExperiment/CompilerOptimization/Result/redis/dg/dg-LLVM14-O2-g/high_precision_20260409_123302/log/pta_fi.dot.stderr.log
pta_fi,PTA,fi,dot,"WARNING: Non-0 memset:   call void @llvm.memset.p0i8.i64(i8* noundef nonnull align 8 dereferenceable(16) %20, i8 -1, i64 16, i1 false), !dbg !37074",/home/jimi/PaperExperiment/CompilerOptimization/Result/redis/dg/dg-LLVM14-O2-g/high_precision_20260409_123302/log/pta_fi.dot.stderr.log
pta_fi,PTA,fi,dot,"WARNING: Non-0 memset:   call void @llvm.memset.p0i8.i64(i8* noundef nonnull align 8 dereferenceable(16) %32, i8 -1, i64 16, i1 false), !dbg !37106",/home/jimi/PaperExperiment/CompilerOptimization/Result/redis/dg/dg-LLVM14-O2-g/high_precision_20260409_123302/log/pta_fi.dot.stderr.log
pta_fi,PTA,fi,dot,"WARNING: Non-0 memset:   tail call void @llvm.memset.p0i8.i64(i8* align 1 %287, i8 48, i64 %288, i1 false) #85, !dbg !37439",/home/jimi/PaperExperiment/CompilerOptimization/Result/redis/dg/dg-LLVM14-O2-g/high_precision_20260409_123302/log/pta_fi.dot.stderr.log
pta_fi,PTA,fi,dot,"WARNING: Non-0 memset:   tail call void @llvm.memset.p0i8.i64(i8* nonnull align 1 %298, i8 48, i64 %299, i1 false) #85, !dbg !37452",/home/jimi/PaperExperiment/CompilerOptimization/Result/redis/dg/dg-LLVM14-O2-g/high_precision_20260409_123302/log/pta_fi.dot.stderr.log
pta_fi,PTA,fi,dot,"WARNING: Non-0 memset:   call void @llvm.memset.p0i8.i64(i8* noundef nonnull align 8 dereferenceable(16) %94, i8 -1, i64 16, i1 false) #86, !dbg !37186",/home/jimi/PaperExperiment/CompilerOptimization/Result/redis/dg/dg-LLVM14-O2-g/high_precision_20260409_123302/log/pta_fi.dot.stderr.log
pta_fi,PTA,fi,dot,"WARNING: Non-0 memset:   call void @llvm.memset.p0i8.i64(i8* noundef nonnull align 8 dereferenceable(16) bitcast (i64* getelementptr inbounds (%struct.redisServer.226, %struct.redisServer.226* @server, i64 0, i32 258) to i8*), i8 -1, i64 16, i1 false), !dbg !37430",/home/jimi/PaperExperiment/CompilerOptimization/Result/redis/dg/dg-LLVM14-O2-g/high_precision_20260409_123302/log/pta_fi.dot.stderr.log
pta_fi,PTA,fi,dot,"WARNING: Non-0 memset:   tail call void @llvm.memset.p0i8.i64(i8* noundef nonnull align 8 dereferenceable(272) %57, i8 -1, i64 272, i1 false), !dbg !37100",/home/jimi/PaperExperiment/CompilerOptimization/Result/redis/dg/dg-LLVM14-O2-g/high_precision_20260409_123302/log/pta_fi.dot.stderr.log
pta_fi,PTA,fi,dot,"WARNING: Non-0 memset:   tail call void @llvm.memset.p0i8.i64(i8* noundef nonnull align 8 dereferenceable(16) %34, i8 -1, i64 16, i1 false) #85, !dbg !37114",/home/jimi/PaperExperiment/CompilerOptimization/Result/redis/dg/dg-LLVM14-O2-g/high_precision_20260409_123302/log/pta_fi.dot.stderr.log
pta_fi,PTA,fi,dot,"ShuffleVector instruction is not supported, loosing precision",/home/jimi/PaperExperiment/CompilerOptimization/Result/redis/dg/dg-LLVM14-O2-g/high_precision_20260409_123302/log/pta_fi.dot.stderr.log
pta_fi,PTA,fi,dot,"ShuffleVector instruction is not supported, loosing precision",/home/jimi/PaperExperiment/CompilerOptimization/Result/redis/dg/dg-LLVM14-O2-g/high_precision_20260409_123302/log/pta_fi.dot.stderr.log
pta_fi,PTA,fi,dot,"ShuffleVector instruction is not supported, loosing precision",/home/jimi/PaperExperiment/CompilerOptimization/Result/redis/dg/dg-LLVM14-O2-g/high_precision_20260409_123302/log/pta_fi.dot.stderr.log
pta_fi,PTA,fi,dot,"WARNING: Non-0 memset:   tail call void @llvm.memset.p0i8.i64(i8* noundef nonnull align 8 dereferenceable(16) %24, i8 -1, i64 16, i1 false) #85, !dbg !37083",/home/jimi/PaperExperiment/CompilerOptimization/Result/redis/dg/dg-LLVM14-O2-g/high_precision_20260409_123302/log/pta_fi.dot.stderr.log
pta_fi,PTA,fi,dot,"WARNING: Non-0 memset:   call void @llvm.memset.p0i8.i64(i8* noundef nonnull align 8 dereferenceable(16) %32, i8 -1, i64 16, i1 false), !dbg !37076",/home/jimi/PaperExperiment/CompilerOptimization/Result/redis/dg/dg-LLVM14-O2-g/high_precision_20260409_123302/log/pta_fi.dot.stderr.log
pta_fi,PTA,fi,dot,"ShuffleVector instruction is not supported, loosing precision",/home/jimi/PaperExperiment/CompilerOptimization/Result/redis/dg/dg-LLVM14-O2-g/high_precision_20260409_123302/log/pta_fi.dot.stderr.log
pta_fi,PTA,fi,dot,"[pta] UNHANDLED:   %83 = cmpxchg weak i64* @zmalloc_peak, i64 %80, i64 %76 monotonic monotonic, align 8, !dbg !37098",/home/jimi/PaperExperiment/CompilerOptimization/Result/redis/dg/dg-LLVM14-O2-g/high_precision_20260409_123302/log/pta_fi.dot.stderr.log
pta_fi,PTA,fi,dot,"[pta] UNHANDLED:   %83 = cmpxchg weak i64* @zmalloc_peak, i64 %80, i64 %76 monotonic monotonic, align 8, !dbg !37100",/home/jimi/PaperExperiment/CompilerOptimization/Result/redis/dg/dg-LLVM14-O2-g/high_precision_20260409_123302/log/pta_fi.dot.stderr.log
pta_fi,PTA,fi,dot,"WARNING: Non-0 memset:   call void @llvm.memset.p0i8.i64(i8* noundef nonnull align 8 dereferenceable(16) %88, i8 -1, i64 16, i1 false), !dbg !37632",/home/jimi/PaperExperiment/CompilerOptimization/Result/redis/dg/dg-LLVM14-O2-g/high_precision_20260409_123302/log/pta_fi.dot.stderr.log
pta_fi,PTA,fi,dot,"ShuffleVector instruction is not supported, loosing precision",/home/jimi/PaperExperiment/CompilerOptimization/Result/redis/dg/dg-LLVM14-O2-g/high_precision_20260409_123302/log/pta_fi.dot.stderr.log
pta_fi,PTA,fi,dot,"ShuffleVector instruction is not supported, loosing precision",/home/jimi/PaperExperiment/CompilerOptimization/Result/redis/dg/dg-LLVM14-O2-g/high_precision_20260409_123302/log/pta_fi.dot.stderr.log
pta_fi,PTA,fi,dot,"ShuffleVector instruction is not supported, loosing precision",/home/jimi/PaperExperiment/CompilerOptimization/Result/redis/dg/dg-LLVM14-O2-g/high_precision_20260409_123302/log/pta_fi.dot.stderr.log
pta_fi,PTA,fi,dot,"ShuffleVector instruction is not supported, loosing precision",/home/jimi/PaperExperiment/CompilerOptimization/Result/redis/dg/dg-LLVM14-O2-g/high_precision_20260409_123302/log/pta_fi.dot.stderr.log
pta_fi,PTA,fi,dot,"ShuffleVector instruction is not supported, loosing precision",/home/jimi/PaperExperiment/CompilerOptimization/Result/redis/dg/dg-LLVM14-O2-g/high_precision_20260409_123302/log/pta_fi.dot.stderr.log
pta_fi,PTA,fi,dot,"ShuffleVector instruction is not supported, loosing precision",/home/jimi/PaperExperiment/CompilerOptimization/Result/redis/dg/dg-LLVM14-O2-g/high_precision_20260409_123302/log/pta_fi.dot.stderr.log
pta_fi,PTA,fi,dot,"ShuffleVector instruction is not supported, loosing precision",/home/jimi/PaperExperiment/CompilerOptimization/Result/redis/dg/dg-LLVM14-O2-g/high_precision_20260409_123302/log/pta_fi.dot.stderr.log
pta_fi,PTA,fi,dot,"ShuffleVector instruction is not supported, loosing precision",/home/jimi/PaperExperiment/CompilerOptimization/Result/redis/dg/dg-LLVM14-O2-g/high_precision_20260409_123302/log/pta_fi.dot.stderr.log
pta_fi,PTA,fi,dot,"ShuffleVector instruction is not supported, loosing precision",/home/jimi/PaperExperiment/CompilerOptimization/Result/redis/dg/dg-LLVM14-O2-g/high_precision_20260409_123302/log/pta_fi.dot.stderr.log
pta_fi,PTA,fi,dot,"WARNING: Non-0 memset:   call void @llvm.memset.p0i8.i64(i8* noundef nonnull align 8 dereferenceable(16) %391, i8 -1, i64 16, i1 false) #85, !dbg !37534",/home/jimi/PaperExperiment/CompilerOptimization/Result/redis/dg/dg-LLVM14-O2-g/high_precision_20260409_123302/log/pta_fi.dot.stderr.log
pta_fi,PTA,fi,dot,"WARNING: Non-0 memset:   call void @llvm.memset.p0i8.i64(i8* noundef nonnull align 8 dereferenceable(16) %396, i8 -1, i64 16, i1 false) #85, !dbg !37542",/home/jimi/PaperExperiment/CompilerOptimization/Result/redis/dg/dg-LLVM14-O2-g/high_precision_20260409_123302/log/pta_fi.dot.stderr.log
pta_fi,PTA,fi,dot,"WARNING: Non-0 memset:   call void @llvm.memset.p0i8.i64(i8* noundef nonnull align 8 dereferenceable(16) %407, i8 -1, i64 16, i1 false) #85, !dbg !37562",/home/jimi/PaperExperiment/CompilerOptimization/Result/redis/dg/dg-LLVM14-O2-g/high_precision_20260409_123302/log/pta_fi.dot.stderr.log
pta_fi,PTA,fi,dot,"WARNING: Non-0 memset:   call void @llvm.memset.p0i8.i64(i8* noundef nonnull align 8 dereferenceable(16) %22, i8 -1, i64 16, i1 false), !dbg !37037",/home/jimi/PaperExperiment/CompilerOptimization/Result/redis/dg/dg-LLVM14-O2-g/high_precision_20260409_123302/log/pta_fi.dot.stderr.log
pta_fi,PTA,fi,dot,"WARNING: Non-0 memset:   call void @llvm.memset.p0i8.i64(i8* noundef nonnull align 8 dereferenceable(16) %10, i8 -1, i64 16, i1 false), !dbg !37026",/home/jimi/PaperExperiment/CompilerOptimization/Result/redis/dg/dg-LLVM14-O2-g/high_precision_20260409_123302/log/pta_fi.dot.stderr.log
pta_fi,PTA,fi,dot,"WARNING: Non-0 memset:   call void @llvm.memset.p0i8.i64(i8* noundef nonnull align 1 dereferenceable(41) getelementptr inbounds (%struct.redisServer, %struct.redisServer* bitcast (%struct.redisServer.226* @server to %struct.redisServer*), i64 0, i32 288, i64 0), i8 48, i64 40, i1 false) #85, !dbg !37332",/home/jimi/PaperExperiment/CompilerOptimization/Result/redis/dg/dg-LLVM14-O2-g/high_precision_20260409_123302/log/pta_fi.dot.stderr.log
pta_fi,PTA,fi,dot,IntToPtr with constant:   <badref> = inttoptr i64 2320 to i8**,/home/jimi/PaperExperiment/CompilerOptimization/Result/redis/dg/dg-LLVM14-O2-g/high_precision_20260409_123302/log/pta_fi.dot.stderr.log
pta_fi,PTA,fi,dot,"WARNING: Saving stack may yield unsound results!:   %9 = tail call i8* @llvm.stacksave(), !dbg !37015",/home/jimi/PaperExperiment/CompilerOptimization/Result/redis/dg/dg-LLVM14-O2-g/high_precision_20260409_123302/log/pta_fi.dot.stderr.log
pta_fi,PTA,fi,dot,"WARNING: Saving stack may yield unsound results!:   %9 = tail call i8* @llvm.stacksave(), !dbg !37015",/home/jimi/PaperExperiment/CompilerOptimization/Result/redis/dg/dg-LLVM14-O2-g/high_precision_20260409_123302/log/pta_fi.dot.stderr.log
pta_fi,PTA,fi,dot,"ShuffleVector instruction is not supported, loosing precision",/home/jimi/PaperExperiment/CompilerOptimization/Result/redis/dg/dg-LLVM14-O2-g/high_precision_20260409_123302/log/pta_fi.dot.stderr.log
pta_fi,PTA,fi,dot,"ShuffleVector instruction is not supported, loosing precision",/home/jimi/PaperExperiment/CompilerOptimization/Result/redis/dg/dg-LLVM14-O2-g/high_precision_20260409_123302/log/pta_fi.dot.stderr.log
pta_fi,PTA,fi,dot,"ShuffleVector instruction is not supported, loosing precision",/home/jimi/PaperExperiment/CompilerOptimization/Result/redis/dg/dg-LLVM14-O2-g/high_precision_20260409_123302/log/pta_fi.dot.stderr.log
pta_fi,PTA,fi,dot,"ShuffleVector instruction is not supported, loosing precision",/home/jimi/PaperExperiment/CompilerOptimization/Result/redis/dg/dg-LLVM14-O2-g/high_precision_20260409_123302/log/pta_fi.dot.stderr.log
pta_fi,PTA,fi,dot,"ShuffleVector instruction is not supported, loosing precision",/home/jimi/PaperExperiment/CompilerOptimization/Result/redis/dg/dg-LLVM14-O2-g/high_precision_20260409_123302/log/pta_fi.dot.stderr.log
pta_fi,PTA,fi,dot,"ShuffleVector instruction is not supported, loosing precision",/home/jimi/PaperExperiment/CompilerOptimization/Result/redis/dg/dg-LLVM14-O2-g/high_precision_20260409_123302/log/pta_fi.dot.stderr.log
pta_fi,PTA,fi,dot,"ShuffleVector instruction is not supported, loosing precision",/home/jimi/PaperExperiment/CompilerOptimization/Result/redis/dg/dg-LLVM14-O2-g/high_precision_20260409_123302/log/pta_fi.dot.stderr.log
pta_fi,PTA,fi,dot,"ShuffleVector instruction is not supported, loosing precision",/home/jimi/PaperExperiment/CompilerOptimization/Result/redis/dg/dg-LLVM14-O2-g/high_precision_20260409_123302/log/pta_fi.dot.stderr.log
pta_fi,PTA,fi,dot,"ShuffleVector instruction is not supported, loosing precision",/home/jimi/PaperExperiment/CompilerOptimization/Result/redis/dg/dg-LLVM14-O2-g/high_precision_20260409_123302/log/pta_fi.dot.stderr.log
pta_fi,PTA,fi,dot,"WARNING: Non-0 memset:   tail call void @llvm.memset.p0i8.i64(i8* align 1 %14, i8 32, i64 %13, i1 false), !dbg !37078",/home/jimi/PaperExperiment/CompilerOptimization/Result/redis/dg/dg-LLVM14-O2-g/high_precision_20260409_123302/log/pta_fi.dot.stderr.log
pta_fi,PTA,fi,dot,"WARNING: Non-0 memset:   tail call void @llvm.memset.p0i8.i64(i8* align 1 %14, i8 32, i64 %13, i1 false), !dbg !37078",/home/jimi/PaperExperiment/CompilerOptimization/Result/redis/dg/dg-LLVM14-O2-g/high_precision_20260409_123302/log/pta_fi.dot.stderr.log
pta_fi,PTA,fi,dot,"WARNING: Non-0 memset:   call void @llvm.memset.p0i8.i64(i8* noundef nonnull align 8 dereferenceable(16) %188, i8 -1, i64 16, i1 false), !dbg !37850",/home/jimi/PaperExperiment/CompilerOptimization/Result/redis/dg/dg-LLVM14-O2-g/high_precision_20260409_123302/log/pta_fi.dot.stderr.log
pta_fi,PTA,fi,dot,"WARNING: Non-0 memset:   tail call void @llvm.memset.p0i8.i64(i8* noundef nonnull align 1 dereferenceable(41) getelementptr inbounds (%struct.redisServer, %struct.redisServer* bitcast (%struct.redisServer.226* @server to %struct.redisServer*), i64 0, i32 288, i64 0), i8 48, i64 40, i1 false) #85, !dbg !37030",/home/jimi/PaperExperiment/CompilerOptimization/Result/redis/dg/dg-LLVM14-O2-g/high_precision_20260409_123302/log/pta_fi.dot.stderr.log
pta_fi,PTA,fi,dot,"ShuffleVector instruction is not supported, loosing precision",/home/jimi/PaperExperiment/CompilerOptimization/Result/redis/dg/dg-LLVM14-O2-g/high_precision_20260409_123302/log/pta_fi.dot.stderr.log
pta_fi,PTA,fi,dot,"ShuffleVector instruction is not supported, loosing precision",/home/jimi/PaperExperiment/CompilerOptimization/Result/redis/dg/dg-LLVM14-O2-g/high_precision_20260409_123302/log/pta_fi.dot.stderr.log
pta_fi,PTA,fi,dot,"ShuffleVector instruction is not supported, loosing precision",/home/jimi/PaperExperiment/CompilerOptimization/Result/redis/dg/dg-LLVM14-O2-g/high_precision_20260409_123302/log/pta_fi.dot.stderr.log
pta_fs,PTA,fs,lines,"[pta] UNHANDLED:   %82 = cmpxchg weak i64* @zmalloc_peak, i64 %79, i64 %75 monotonic monotonic, align 8, !dbg !37098",/home/jimi/PaperExperiment/CompilerOptimization/Result/redis/dg/dg-LLVM14-O2-g/high_precision_20260409_123302/log/pta_fs.lines.stderr.log
pta_fs,PTA,fs,lines,"WARNING: Non-0 memset:   call void @llvm.memset.p0i8.i64(i8* noundef nonnull align 1 dereferenceable(16) %14, i8 48, i64 16, i1 false) #85, !dbg !37150, !tbaa !37039",/home/jimi/PaperExperiment/CompilerOptimization/Result/redis/dg/dg-LLVM14-O2-g/high_precision_20260409_123302/log/pta_fs.lines.stderr.log
pta_fs,PTA,fs,lines,"[pta] UNHANDLED:   %83 = cmpxchg weak i64* @zmalloc_peak, i64 %80, i64 %76 monotonic monotonic, align 8, !dbg !37100",/home/jimi/PaperExperiment/CompilerOptimization/Result/redis/dg/dg-LLVM14-O2-g/high_precision_20260409_123302/log/pta_fs.lines.stderr.log
pta_fs,PTA,fs,lines,"[pta] UNHANDLED:   %83 = cmpxchg weak i64* @zmalloc_peak, i64 %80, i64 %76 monotonic monotonic, align 8, !dbg !37098",/home/jimi/PaperExperiment/CompilerOptimization/Result/redis/dg/dg-LLVM14-O2-g/high_precision_20260409_123302/log/pta_fs.lines.stderr.log
pta_fs,PTA,fs,lines,"ShuffleVector instruction is not supported, loosing precision",/home/jimi/PaperExperiment/CompilerOptimization/Result/redis/dg/dg-LLVM14-O2-g/high_precision_20260409_123302/log/pta_fs.lines.stderr.log
pta_fs,PTA,fs,lines,"ShuffleVector instruction is not supported, loosing precision",/home/jimi/PaperExperiment/CompilerOptimization/Result/redis/dg/dg-LLVM14-O2-g/high_precision_20260409_123302/log/pta_fs.lines.stderr.log
pta_fs,PTA,fs,lines,"[pta] UNHANDLED:   %82 = cmpxchg weak i64* @zmalloc_peak, i64 %79, i64 %75 monotonic monotonic, align 8, !dbg !37098",/home/jimi/PaperExperiment/CompilerOptimization/Result/redis/dg/dg-LLVM14-O2-g/high_precision_20260409_123302/log/pta_fs.lines.stderr.log
pta_fs,PTA,fs,lines,"[pta] UNHANDLED:   %129 = cmpxchg weak i64* @zmalloc_peak, i64 %126, i64 %122 monotonic monotonic, align 8, !dbg !37166",/home/jimi/PaperExperiment/CompilerOptimization/Result/redis/dg/dg-LLVM14-O2-g/high_precision_20260409_123302/log/pta_fs.lines.stderr.log
pta_fs,PTA,fs,lines,"[pta] UNHANDLED:   %82 = cmpxchg weak i64* @zmalloc_peak, i64 %79, i64 %75 monotonic monotonic, align 8, !dbg !37096",/home/jimi/PaperExperiment/CompilerOptimization/Result/redis/dg/dg-LLVM14-O2-g/high_precision_20260409_123302/log/pta_fs.lines.stderr.log
pta_fs,PTA,fs,lines,"ShuffleVector instruction is not supported, loosing precision",/home/jimi/PaperExperiment/CompilerOptimization/Result/redis/dg/dg-LLVM14-O2-g/high_precision_20260409_123302/log/pta_fs.lines.stderr.log
pta_fs,PTA,fs,lines,"WARNING: Non-0 memset:   tail call void @llvm.memset.p0i8.i64(i8* noundef nonnull align 1 dereferenceable(41) getelementptr inbounds (%struct.redisServer, %struct.redisServer* bitcast (%struct.redisServer.226* @server to %struct.redisServer*), i64 0, i32 288, i64 0), i8 48, i64 40, i1 false), !dbg !37002",/home/jimi/PaperExperiment/CompilerOptimization/Result/redis/dg/dg-LLVM14-O2-g/high_precision_20260409_123302/log/pta_fs.lines.stderr.log
pta_fs,PTA,fs,lines,"WARNING: Non-0 memset:   call void @llvm.memset.p0i8.i64(i8* noundef nonnull align 8 dereferenceable(16) bitcast (i64* getelementptr inbounds (%struct.redisServer.226, %struct.redisServer.226* @server, i64 0, i32 228) to i8*), i8 -1, i64 16, i1 false), !dbg !37152",/home/jimi/PaperExperiment/CompilerOptimization/Result/redis/dg/dg-LLVM14-O2-g/high_precision_20260409_123302/log/pta_fs.lines.stderr.log
pta_fs,PTA,fs,lines,"WARNING: Non-0 memset:   tail call void @llvm.memset.p0i8.i64(i8* noundef nonnull align 8 dereferenceable(128) %53, i8 -1, i64 128, i1 false), !dbg !37100",/home/jimi/PaperExperiment/CompilerOptimization/Result/redis/dg/dg-LLVM14-O2-g/high_precision_20260409_123302/log/pta_fs.lines.stderr.log
pta_fs,PTA,fs,lines,"WARNING: Saving stack may yield unsound results!:   %40 = call i8* @llvm.stacksave(), !dbg !37076",/home/jimi/PaperExperiment/CompilerOptimization/Result/redis/dg/dg-LLVM14-O2-g/high_precision_20260409_123302/log/pta_fs.lines.stderr.log
pta_fs,PTA,fs,lines,"[pta] UNHANDLED:   %91 = cmpxchg weak i64* @zmalloc_peak, i64 %88, i64 %84 monotonic monotonic, align 8, !dbg !37110",/home/jimi/PaperExperiment/CompilerOptimization/Result/redis/dg/dg-LLVM14-O2-g/high_precision_20260409_123302/log/pta_fs.lines.stderr.log
pta_fs,PTA,fs,lines,"ShuffleVector instruction is not supported, loosing precision",/home/jimi/PaperExperiment/CompilerOptimization/Result/redis/dg/dg-LLVM14-O2-g/high_precision_20260409_123302/log/pta_fs.lines.stderr.log
pta_fs,PTA,fs,lines,"ShuffleVector instruction is not supported, loosing precision",/home/jimi/PaperExperiment/CompilerOptimization/Result/redis/dg/dg-LLVM14-O2-g/high_precision_20260409_123302/log/pta_fs.lines.stderr.log
pta_fs,PTA,fs,lines,"ShuffleVector instruction is not supported, loosing precision",/home/jimi/PaperExperiment/CompilerOptimization/Result/redis/dg/dg-LLVM14-O2-g/high_precision_20260409_123302/log/pta_fs.lines.stderr.log
pta_fs,PTA,fs,lines,"ShuffleVector instruction is not supported, loosing precision",/home/jimi/PaperExperiment/CompilerOptimization/Result/redis/dg/dg-LLVM14-O2-g/high_precision_20260409_123302/log/pta_fs.lines.stderr.log
pta_fs,PTA,fs,lines,"ShuffleVector instruction is not supported, loosing precision",/home/jimi/PaperExperiment/CompilerOptimization/Result/redis/dg/dg-LLVM14-O2-g/high_precision_20260409_123302/log/pta_fs.lines.stderr.log
pta_fs,PTA,fs,lines,"ShuffleVector instruction is not supported, loosing precision",/home/jimi/PaperExperiment/CompilerOptimization/Result/redis/dg/dg-LLVM14-O2-g/high_precision_20260409_123302/log/pta_fs.lines.stderr.log
pta_fs,PTA,fs,lines,"ShuffleVector instruction is not supported, loosing precision",/home/jimi/PaperExperiment/CompilerOptimization/Result/redis/dg/dg-LLVM14-O2-g/high_precision_20260409_123302/log/pta_fs.lines.stderr.log
pta_fs,PTA,fs,lines,"ShuffleVector instruction is not supported, loosing precision",/home/jimi/PaperExperiment/CompilerOptimization/Result/redis/dg/dg-LLVM14-O2-g/high_precision_20260409_123302/log/pta_fs.lines.stderr.log
pta_fs,PTA,fs,lines,"ShuffleVector instruction is not supported, loosing precision",/home/jimi/PaperExperiment/CompilerOptimization/Result/redis/dg/dg-LLVM14-O2-g/high_precision_20260409_123302/log/pta_fs.lines.stderr.log
pta_fs,PTA,fs,lines,"ShuffleVector instruction is not supported, loosing precision",/home/jimi/PaperExperiment/CompilerOptimization/Result/redis/dg/dg-LLVM14-O2-g/high_precision_20260409_123302/log/pta_fs.lines.stderr.log
pta_fs,PTA,fs,lines,"ShuffleVector instruction is not supported, loosing precision",/home/jimi/PaperExperiment/CompilerOptimization/Result/redis/dg/dg-LLVM14-O2-g/high_precision_20260409_123302/log/pta_fs.lines.stderr.log
pta_fs,PTA,fs,lines,"ShuffleVector instruction is not supported, loosing precision",/home/jimi/PaperExperiment/CompilerOptimization/Result/redis/dg/dg-LLVM14-O2-g/high_precision_20260409_123302/log/pta_fs.lines.stderr.log
pta_fs,PTA,fs,lines,"ShuffleVector instruction is not supported, loosing precision",/home/jimi/PaperExperiment/CompilerOptimization/Result/redis/dg/dg-LLVM14-O2-g/high_precision_20260409_123302/log/pta_fs.lines.stderr.log
pta_fs,PTA,fs,lines,"ShuffleVector instruction is not supported, loosing precision",/home/jimi/PaperExperiment/CompilerOptimization/Result/redis/dg/dg-LLVM14-O2-g/high_precision_20260409_123302/log/pta_fs.lines.stderr.log
pta_fs,PTA,fs,lines,"ShuffleVector instruction is not supported, loosing precision",/home/jimi/PaperExperiment/CompilerOptimization/Result/redis/dg/dg-LLVM14-O2-g/high_precision_20260409_123302/log/pta_fs.lines.stderr.log
pta_fs,PTA,fs,lines,"ShuffleVector instruction is not supported, loosing precision",/home/jimi/PaperExperiment/CompilerOptimization/Result/redis/dg/dg-LLVM14-O2-g/high_precision_20260409_123302/log/pta_fs.lines.stderr.log
pta_fs,PTA,fs,lines,"ShuffleVector instruction is not supported, loosing precision",/home/jimi/PaperExperiment/CompilerOptimization/Result/redis/dg/dg-LLVM14-O2-g/high_precision_20260409_123302/log/pta_fs.lines.stderr.log
pta_fs,PTA,fs,lines,"ShuffleVector instruction is not supported, loosing precision",/home/jimi/PaperExperiment/CompilerOptimization/Result/redis/dg/dg-LLVM14-O2-g/high_precision_20260409_123302/log/pta_fs.lines.stderr.log
pta_fs,PTA,fs,lines,"ShuffleVector instruction is not supported, loosing precision",/home/jimi/PaperExperiment/CompilerOptimization/Result/redis/dg/dg-LLVM14-O2-g/high_precision_20260409_123302/log/pta_fs.lines.stderr.log
pta_fs,PTA,fs,lines,"ShuffleVector instruction is not supported, loosing precision",/home/jimi/PaperExperiment/CompilerOptimization/Result/redis/dg/dg-LLVM14-O2-g/high_precision_20260409_123302/log/pta_fs.lines.stderr.log
pta_fs,PTA,fs,lines,"ShuffleVector instruction is not supported, loosing precision",/home/jimi/PaperExperiment/CompilerOptimization/Result/redis/dg/dg-LLVM14-O2-g/high_precision_20260409_123302/log/pta_fs.lines.stderr.log
pta_fs,PTA,fs,lines,"ShuffleVector instruction is not supported, loosing precision",/home/jimi/PaperExperiment/CompilerOptimization/Result/redis/dg/dg-LLVM14-O2-g/high_precision_20260409_123302/log/pta_fs.lines.stderr.log
pta_fs,PTA,fs,lines,"ShuffleVector instruction is not supported, loosing precision",/home/jimi/PaperExperiment/CompilerOptimization/Result/redis/dg/dg-LLVM14-O2-g/high_precision_20260409_123302/log/pta_fs.lines.stderr.log
pta_fs,PTA,fs,lines,"ShuffleVector instruction is not supported, loosing precision",/home/jimi/PaperExperiment/CompilerOptimization/Result/redis/dg/dg-LLVM14-O2-g/high_precision_20260409_123302/log/pta_fs.lines.stderr.log
pta_fs,PTA,fs,lines,"ShuffleVector instruction is not supported, loosing precision",/home/jimi/PaperExperiment/CompilerOptimization/Result/redis/dg/dg-LLVM14-O2-g/high_precision_20260409_123302/log/pta_fs.lines.stderr.log
pta_fs,PTA,fs,lines,"ShuffleVector instruction is not supported, loosing precision",/home/jimi/PaperExperiment/CompilerOptimization/Result/redis/dg/dg-LLVM14-O2-g/high_precision_20260409_123302/log/pta_fs.lines.stderr.log
pta_fs,PTA,fs,lines,"ShuffleVector instruction is not supported, loosing precision",/home/jimi/PaperExperiment/CompilerOptimization/Result/redis/dg/dg-LLVM14-O2-g/high_precision_20260409_123302/log/pta_fs.lines.stderr.log
pta_fs,PTA,fs,lines,"ShuffleVector instruction is not supported, loosing precision",/home/jimi/PaperExperiment/CompilerOptimization/Result/redis/dg/dg-LLVM14-O2-g/high_precision_20260409_123302/log/pta_fs.lines.stderr.log
pta_fs,PTA,fs,lines,"ShuffleVector instruction is not supported, loosing precision",/home/jimi/PaperExperiment/CompilerOptimization/Result/redis/dg/dg-LLVM14-O2-g/high_precision_20260409_123302/log/pta_fs.lines.stderr.log
pta_fs,PTA,fs,lines,"ShuffleVector instruction is not supported, loosing precision",/home/jimi/PaperExperiment/CompilerOptimization/Result/redis/dg/dg-LLVM14-O2-g/high_precision_20260409_123302/log/pta_fs.lines.stderr.log
pta_fs,PTA,fs,lines,"ShuffleVector instruction is not supported, loosing precision",/home/jimi/PaperExperiment/CompilerOptimization/Result/redis/dg/dg-LLVM14-O2-g/high_precision_20260409_123302/log/pta_fs.lines.stderr.log
pta_fs,PTA,fs,lines,"ShuffleVector instruction is not supported, loosing precision",/home/jimi/PaperExperiment/CompilerOptimization/Result/redis/dg/dg-LLVM14-O2-g/high_precision_20260409_123302/log/pta_fs.lines.stderr.log
pta_fs,PTA,fs,lines,"ShuffleVector instruction is not supported, loosing precision",/home/jimi/PaperExperiment/CompilerOptimization/Result/redis/dg/dg-LLVM14-O2-g/high_precision_20260409_123302/log/pta_fs.lines.stderr.log
pta_fs,PTA,fs,lines,"ShuffleVector instruction is not supported, loosing precision",/home/jimi/PaperExperiment/CompilerOptimization/Result/redis/dg/dg-LLVM14-O2-g/high_precision_20260409_123302/log/pta_fs.lines.stderr.log
pta_fs,PTA,fs,lines,"ShuffleVector instruction is not supported, loosing precision",/home/jimi/PaperExperiment/CompilerOptimization/Result/redis/dg/dg-LLVM14-O2-g/high_precision_20260409_123302/log/pta_fs.lines.stderr.log
pta_fs,PTA,fs,lines,"ShuffleVector instruction is not supported, loosing precision",/home/jimi/PaperExperiment/CompilerOptimization/Result/redis/dg/dg-LLVM14-O2-g/high_precision_20260409_123302/log/pta_fs.lines.stderr.log
pta_fs,PTA,fs,lines,"ShuffleVector instruction is not supported, loosing precision",/home/jimi/PaperExperiment/CompilerOptimization/Result/redis/dg/dg-LLVM14-O2-g/high_precision_20260409_123302/log/pta_fs.lines.stderr.log
pta_fs,PTA,fs,lines,"ShuffleVector instruction is not supported, loosing precision",/home/jimi/PaperExperiment/CompilerOptimization/Result/redis/dg/dg-LLVM14-O2-g/high_precision_20260409_123302/log/pta_fs.lines.stderr.log
pta_fs,PTA,fs,lines,"ShuffleVector instruction is not supported, loosing precision",/home/jimi/PaperExperiment/CompilerOptimization/Result/redis/dg/dg-LLVM14-O2-g/high_precision_20260409_123302/log/pta_fs.lines.stderr.log
pta_fs,PTA,fs,lines,"ShuffleVector instruction is not supported, loosing precision",/home/jimi/PaperExperiment/CompilerOptimization/Result/redis/dg/dg-LLVM14-O2-g/high_precision_20260409_123302/log/pta_fs.lines.stderr.log
pta_fs,PTA,fs,lines,"ShuffleVector instruction is not supported, loosing precision",/home/jimi/PaperExperiment/CompilerOptimization/Result/redis/dg/dg-LLVM14-O2-g/high_precision_20260409_123302/log/pta_fs.lines.stderr.log
pta_fs,PTA,fs,lines,"ShuffleVector instruction is not supported, loosing precision",/home/jimi/PaperExperiment/CompilerOptimization/Result/redis/dg/dg-LLVM14-O2-g/high_precision_20260409_123302/log/pta_fs.lines.stderr.log
pta_fs,PTA,fs,lines,"ShuffleVector instruction is not supported, loosing precision",/home/jimi/PaperExperiment/CompilerOptimization/Result/redis/dg/dg-LLVM14-O2-g/high_precision_20260409_123302/log/pta_fs.lines.stderr.log
pta_fs,PTA,fs,lines,"ShuffleVector instruction is not supported, loosing precision",/home/jimi/PaperExperiment/CompilerOptimization/Result/redis/dg/dg-LLVM14-O2-g/high_precision_20260409_123302/log/pta_fs.lines.stderr.log
pta_fs,PTA,fs,lines,"ShuffleVector instruction is not supported, loosing precision",/home/jimi/PaperExperiment/CompilerOptimization/Result/redis/dg/dg-LLVM14-O2-g/high_precision_20260409_123302/log/pta_fs.lines.stderr.log
pta_fs,PTA,fs,lines,"ShuffleVector instruction is not supported, loosing precision",/home/jimi/PaperExperiment/CompilerOptimization/Result/redis/dg/dg-LLVM14-O2-g/high_precision_20260409_123302/log/pta_fs.lines.stderr.log
pta_fs,PTA,fs,lines,"ShuffleVector instruction is not supported, loosing precision",/home/jimi/PaperExperiment/CompilerOptimization/Result/redis/dg/dg-LLVM14-O2-g/high_precision_20260409_123302/log/pta_fs.lines.stderr.log
pta_fs,PTA,fs,lines,"ShuffleVector instruction is not supported, loosing precision",/home/jimi/PaperExperiment/CompilerOptimization/Result/redis/dg/dg-LLVM14-O2-g/high_precision_20260409_123302/log/pta_fs.lines.stderr.log
pta_fs,PTA,fs,lines,"ShuffleVector instruction is not supported, loosing precision",/home/jimi/PaperExperiment/CompilerOptimization/Result/redis/dg/dg-LLVM14-O2-g/high_precision_20260409_123302/log/pta_fs.lines.stderr.log
pta_fs,PTA,fs,lines,"ShuffleVector instruction is not supported, loosing precision",/home/jimi/PaperExperiment/CompilerOptimization/Result/redis/dg/dg-LLVM14-O2-g/high_precision_20260409_123302/log/pta_fs.lines.stderr.log
pta_fs,PTA,fs,lines,"ShuffleVector instruction is not supported, loosing precision",/home/jimi/PaperExperiment/CompilerOptimization/Result/redis/dg/dg-LLVM14-O2-g/high_precision_20260409_123302/log/pta_fs.lines.stderr.log
pta_fs,PTA,fs,lines,"ShuffleVector instruction is not supported, loosing precision",/home/jimi/PaperExperiment/CompilerOptimization/Result/redis/dg/dg-LLVM14-O2-g/high_precision_20260409_123302/log/pta_fs.lines.stderr.log
pta_fs,PTA,fs,lines,"ShuffleVector instruction is not supported, loosing precision",/home/jimi/PaperExperiment/CompilerOptimization/Result/redis/dg/dg-LLVM14-O2-g/high_precision_20260409_123302/log/pta_fs.lines.stderr.log
pta_fs,PTA,fs,lines,"ShuffleVector instruction is not supported, loosing precision",/home/jimi/PaperExperiment/CompilerOptimization/Result/redis/dg/dg-LLVM14-O2-g/high_precision_20260409_123302/log/pta_fs.lines.stderr.log
pta_fs,PTA,fs,lines,"ShuffleVector instruction is not supported, loosing precision",/home/jimi/PaperExperiment/CompilerOptimization/Result/redis/dg/dg-LLVM14-O2-g/high_precision_20260409_123302/log/pta_fs.lines.stderr.log
pta_fs,PTA,fs,lines,"ShuffleVector instruction is not supported, loosing precision",/home/jimi/PaperExperiment/CompilerOptimization/Result/redis/dg/dg-LLVM14-O2-g/high_precision_20260409_123302/log/pta_fs.lines.stderr.log
pta_fs,PTA,fs,lines,"WARNING: Non-0 memset:   call void @llvm.memset.p0i8.i64(i8* noundef nonnull align 8 dereferenceable(16) %25, i8 -1, i64 16, i1 false), !dbg !37067",/home/jimi/PaperExperiment/CompilerOptimization/Result/redis/dg/dg-LLVM14-O2-g/high_precision_20260409_123302/log/pta_fs.lines.stderr.log
pta_fs,PTA,fs,lines,"ShuffleVector instruction is not supported, loosing precision",/home/jimi/PaperExperiment/CompilerOptimization/Result/redis/dg/dg-LLVM14-O2-g/high_precision_20260409_123302/log/pta_fs.lines.stderr.log
pta_fs,PTA,fs,lines,"ShuffleVector instruction is not supported, loosing precision",/home/jimi/PaperExperiment/CompilerOptimization/Result/redis/dg/dg-LLVM14-O2-g/high_precision_20260409_123302/log/pta_fs.lines.stderr.log
pta_fs,PTA,fs,lines,"ShuffleVector instruction is not supported, loosing precision",/home/jimi/PaperExperiment/CompilerOptimization/Result/redis/dg/dg-LLVM14-O2-g/high_precision_20260409_123302/log/pta_fs.lines.stderr.log
pta_fs,PTA,fs,lines,"ShuffleVector instruction is not supported, loosing precision",/home/jimi/PaperExperiment/CompilerOptimization/Result/redis/dg/dg-LLVM14-O2-g/high_precision_20260409_123302/log/pta_fs.lines.stderr.log
pta_fs,PTA,fs,lines,"ShuffleVector instruction is not supported, loosing precision",/home/jimi/PaperExperiment/CompilerOptimization/Result/redis/dg/dg-LLVM14-O2-g/high_precision_20260409_123302/log/pta_fs.lines.stderr.log
pta_fs,PTA,fs,lines,"ShuffleVector instruction is not supported, loosing precision",/home/jimi/PaperExperiment/CompilerOptimization/Result/redis/dg/dg-LLVM14-O2-g/high_precision_20260409_123302/log/pta_fs.lines.stderr.log
pta_fs,PTA,fs,lines,"[pta] UNHANDLED:   %367 = insertvalue { i8*, i32 } poison, i8* %365, 0, !dbg !37605",/home/jimi/PaperExperiment/CompilerOptimization/Result/redis/dg/dg-LLVM14-O2-g/high_precision_20260409_123302/log/pta_fs.lines.stderr.log
pta_fs,PTA,fs,lines,"[pta] UNHANDLED:   %368 = insertvalue { i8*, i32 } %367, i32 %366, 1, !dbg !37605",/home/jimi/PaperExperiment/CompilerOptimization/Result/redis/dg/dg-LLVM14-O2-g/high_precision_20260409_123302/log/pta_fs.lines.stderr.log
pta_fs,PTA,fs,lines,"[pta] UNHANDLED:   %96 = insertvalue { i8*, i32 } poison, i8* %95, 0, !dbg !37112",/home/jimi/PaperExperiment/CompilerOptimization/Result/redis/dg/dg-LLVM14-O2-g/high_precision_20260409_123302/log/pta_fs.lines.stderr.log
pta_fs,PTA,fs,lines,"[pta] UNHANDLED:   %97 = insertvalue { i8*, i32 } %96, i32 %94, 1, !dbg !37112",/home/jimi/PaperExperiment/CompilerOptimization/Result/redis/dg/dg-LLVM14-O2-g/high_precision_20260409_123302/log/pta_fs.lines.stderr.log
pta_fs,PTA,fs,lines,"[pta] UNHANDLED:   %374 = insertvalue { i8*, i32 } poison, i8* %6, 0, !dbg !37505",/home/jimi/PaperExperiment/CompilerOptimization/Result/redis/dg/dg-LLVM14-O2-g/high_precision_20260409_123302/log/pta_fs.lines.stderr.log
pta_fs,PTA,fs,lines,"[pta] UNHANDLED:   %375 = insertvalue { i8*, i32 } %374, i32 %373, 1, !dbg !37505",/home/jimi/PaperExperiment/CompilerOptimization/Result/redis/dg/dg-LLVM14-O2-g/high_precision_20260409_123302/log/pta_fs.lines.stderr.log
pta_fs,PTA,fs,lines,"[pta] UNHANDLED:   %186 = insertvalue { i64, i32 } poison, i64 %185, 0, !dbg !37421",/home/jimi/PaperExperiment/CompilerOptimization/Result/redis/dg/dg-LLVM14-O2-g/high_precision_20260409_123302/log/pta_fs.lines.stderr.log
pta_fs,PTA,fs,lines,"[pta] UNHANDLED:   %187 = insertvalue { i64, i32 } %186, i32 %183, 1, !dbg !37421",/home/jimi/PaperExperiment/CompilerOptimization/Result/redis/dg/dg-LLVM14-O2-g/high_precision_20260409_123302/log/pta_fs.lines.stderr.log
pta_fs,PTA,fs,lines,"ShuffleVector instruction is not supported, loosing precision",/home/jimi/PaperExperiment/CompilerOptimization/Result/redis/dg/dg-LLVM14-O2-g/high_precision_20260409_123302/log/pta_fs.lines.stderr.log
pta_fs,PTA,fs,lines,"ShuffleVector instruction is not supported, loosing precision",/home/jimi/PaperExperiment/CompilerOptimization/Result/redis/dg/dg-LLVM14-O2-g/high_precision_20260409_123302/log/pta_fs.lines.stderr.log
pta_fs,PTA,fs,lines,"ShuffleVector instruction is not supported, loosing precision",/home/jimi/PaperExperiment/CompilerOptimization/Result/redis/dg/dg-LLVM14-O2-g/high_precision_20260409_123302/log/pta_fs.lines.stderr.log
pta_fs,PTA,fs,lines,"ShuffleVector instruction is not supported, loosing precision",/home/jimi/PaperExperiment/CompilerOptimization/Result/redis/dg/dg-LLVM14-O2-g/high_precision_20260409_123302/log/pta_fs.lines.stderr.log
pta_fs,PTA,fs,lines,"ShuffleVector instruction is not supported, loosing precision",/home/jimi/PaperExperiment/CompilerOptimization/Result/redis/dg/dg-LLVM14-O2-g/high_precision_20260409_123302/log/pta_fs.lines.stderr.log
pta_fs,PTA,fs,lines,"ShuffleVector instruction is not supported, loosing precision",/home/jimi/PaperExperiment/CompilerOptimization/Result/redis/dg/dg-LLVM14-O2-g/high_precision_20260409_123302/log/pta_fs.lines.stderr.log
pta_fs,PTA,fs,lines,"ShuffleVector instruction is not supported, loosing precision",/home/jimi/PaperExperiment/CompilerOptimization/Result/redis/dg/dg-LLVM14-O2-g/high_precision_20260409_123302/log/pta_fs.lines.stderr.log
pta_fs,PTA,fs,lines,"ShuffleVector instruction is not supported, loosing precision",/home/jimi/PaperExperiment/CompilerOptimization/Result/redis/dg/dg-LLVM14-O2-g/high_precision_20260409_123302/log/pta_fs.lines.stderr.log
pta_fs,PTA,fs,lines,"ShuffleVector instruction is not supported, loosing precision",/home/jimi/PaperExperiment/CompilerOptimization/Result/redis/dg/dg-LLVM14-O2-g/high_precision_20260409_123302/log/pta_fs.lines.stderr.log
pta_fs,PTA,fs,lines,"ShuffleVector instruction is not supported, loosing precision",/home/jimi/PaperExperiment/CompilerOptimization/Result/redis/dg/dg-LLVM14-O2-g/high_precision_20260409_123302/log/pta_fs.lines.stderr.log
pta_fs,PTA,fs,lines,"[pta] UNHANDLED:   %392 = insertvalue { i64, i32 } poison, i64 %390, 0, !dbg !37642",/home/jimi/PaperExperiment/CompilerOptimization/Result/redis/dg/dg-LLVM14-O2-g/high_precision_20260409_123302/log/pta_fs.lines.stderr.log
pta_fs,PTA,fs,lines,"[pta] UNHANDLED:   %393 = insertvalue { i64, i32 } %392, i32 %391, 1, !dbg !37642",/home/jimi/PaperExperiment/CompilerOptimization/Result/redis/dg/dg-LLVM14-O2-g/high_precision_20260409_123302/log/pta_fs.lines.stderr.log
pta_fs,PTA,fs,lines,"ShuffleVector instruction is not supported, loosing precision",/home/jimi/PaperExperiment/CompilerOptimization/Result/redis/dg/dg-LLVM14-O2-g/high_precision_20260409_123302/log/pta_fs.lines.stderr.log
pta_fs,PTA,fs,lines,"ShuffleVector instruction is not supported, loosing precision",/home/jimi/PaperExperiment/CompilerOptimization/Result/redis/dg/dg-LLVM14-O2-g/high_precision_20260409_123302/log/pta_fs.lines.stderr.log
pta_fs,PTA,fs,lines,"ShuffleVector instruction is not supported, loosing precision",/home/jimi/PaperExperiment/CompilerOptimization/Result/redis/dg/dg-LLVM14-O2-g/high_precision_20260409_123302/log/pta_fs.lines.stderr.log
pta_fs,PTA,fs,lines,"ShuffleVector instruction is not supported, loosing precision",/home/jimi/PaperExperiment/CompilerOptimization/Result/redis/dg/dg-LLVM14-O2-g/high_precision_20260409_123302/log/pta_fs.lines.stderr.log
pta_fs,PTA,fs,lines,"ShuffleVector instruction is not supported, loosing precision",/home/jimi/PaperExperiment/CompilerOptimization/Result/redis/dg/dg-LLVM14-O2-g/high_precision_20260409_123302/log/pta_fs.lines.stderr.log
pta_fs,PTA,fs,lines,"ShuffleVector instruction is not supported, loosing precision",/home/jimi/PaperExperiment/CompilerOptimization/Result/redis/dg/dg-LLVM14-O2-g/high_precision_20260409_123302/log/pta_fs.lines.stderr.log
pta_fs,PTA,fs,lines,"ShuffleVector instruction is not supported, loosing precision",/home/jimi/PaperExperiment/CompilerOptimization/Result/redis/dg/dg-LLVM14-O2-g/high_precision_20260409_123302/log/pta_fs.lines.stderr.log
pta_fs,PTA,fs,lines,"ShuffleVector instruction is not supported, loosing precision",/home/jimi/PaperExperiment/CompilerOptimization/Result/redis/dg/dg-LLVM14-O2-g/high_precision_20260409_123302/log/pta_fs.lines.stderr.log
pta_fs,PTA,fs,lines,"ShuffleVector instruction is not supported, loosing precision",/home/jimi/PaperExperiment/CompilerOptimization/Result/redis/dg/dg-LLVM14-O2-g/high_precision_20260409_123302/log/pta_fs.lines.stderr.log
pta_fs,PTA,fs,lines,"ShuffleVector instruction is not supported, loosing precision",/home/jimi/PaperExperiment/CompilerOptimization/Result/redis/dg/dg-LLVM14-O2-g/high_precision_20260409_123302/log/pta_fs.lines.stderr.log
pta_fs,PTA,fs,lines,"ShuffleVector instruction is not supported, loosing precision",/home/jimi/PaperExperiment/CompilerOptimization/Result/redis/dg/dg-LLVM14-O2-g/high_precision_20260409_123302/log/pta_fs.lines.stderr.log
pta_fs,PTA,fs,lines,"ShuffleVector instruction is not supported, loosing precision",/home/jimi/PaperExperiment/CompilerOptimization/Result/redis/dg/dg-LLVM14-O2-g/high_precision_20260409_123302/log/pta_fs.lines.stderr.log
pta_fs,PTA,fs,lines,"ShuffleVector instruction is not supported, loosing precision",/home/jimi/PaperExperiment/CompilerOptimization/Result/redis/dg/dg-LLVM14-O2-g/high_precision_20260409_123302/log/pta_fs.lines.stderr.log
pta_fs,PTA,fs,lines,"ShuffleVector instruction is not supported, loosing precision",/home/jimi/PaperExperiment/CompilerOptimization/Result/redis/dg/dg-LLVM14-O2-g/high_precision_20260409_123302/log/pta_fs.lines.stderr.log
pta_fs,PTA,fs,lines,"ShuffleVector instruction is not supported, loosing precision",/home/jimi/PaperExperiment/CompilerOptimization/Result/redis/dg/dg-LLVM14-O2-g/high_precision_20260409_123302/log/pta_fs.lines.stderr.log
pta_fs,PTA,fs,lines,"ShuffleVector instruction is not supported, loosing precision",/home/jimi/PaperExperiment/CompilerOptimization/Result/redis/dg/dg-LLVM14-O2-g/high_precision_20260409_123302/log/pta_fs.lines.stderr.log
pta_fs,PTA,fs,lines,"ShuffleVector instruction is not supported, loosing precision",/home/jimi/PaperExperiment/CompilerOptimization/Result/redis/dg/dg-LLVM14-O2-g/high_precision_20260409_123302/log/pta_fs.lines.stderr.log
pta_fs,PTA,fs,lines,"ShuffleVector instruction is not supported, loosing precision",/home/jimi/PaperExperiment/CompilerOptimization/Result/redis/dg/dg-LLVM14-O2-g/high_precision_20260409_123302/log/pta_fs.lines.stderr.log
pta_fs,PTA,fs,lines,"ShuffleVector instruction is not supported, loosing precision",/home/jimi/PaperExperiment/CompilerOptimization/Result/redis/dg/dg-LLVM14-O2-g/high_precision_20260409_123302/log/pta_fs.lines.stderr.log
pta_fs,PTA,fs,lines,"ShuffleVector instruction is not supported, loosing precision",/home/jimi/PaperExperiment/CompilerOptimization/Result/redis/dg/dg-LLVM14-O2-g/high_precision_20260409_123302/log/pta_fs.lines.stderr.log
pta_fs,PTA,fs,lines,"[pta] UNHANDLED:   %82 = cmpxchg weak i64* @zmalloc_peak, i64 %79, i64 %75 monotonic monotonic, align 8, !dbg !37096",/home/jimi/PaperExperiment/CompilerOptimization/Result/redis/dg/dg-LLVM14-O2-g/high_precision_20260409_123302/log/pta_fs.lines.stderr.log
pta_fs,PTA,fs,lines,"WARNING: Non-0 memset:   call void @llvm.memset.p0i8.i64(i8* noundef nonnull align 8 dereferenceable(16) %12, i8 -1, i64 16, i1 false), !dbg !37032",/home/jimi/PaperExperiment/CompilerOptimization/Result/redis/dg/dg-LLVM14-O2-g/high_precision_20260409_123302/log/pta_fs.lines.stderr.log
pta_fs,PTA,fs,lines,"WARNING: Non-0 memset:   call void @llvm.memset.p0i8.i64(i8* noundef nonnull align 8 dereferenceable(16) %14, i8 -1, i64 16, i1 false) #85, !dbg !37066",/home/jimi/PaperExperiment/CompilerOptimization/Result/redis/dg/dg-LLVM14-O2-g/high_precision_20260409_123302/log/pta_fs.lines.stderr.log
pta_fs,PTA,fs,lines,"WARNING: Non-0 memset:   call void @llvm.memset.p0i8.i64(i8* noundef nonnull align 8 dereferenceable(16) %20, i8 -1, i64 16, i1 false), !dbg !37074",/home/jimi/PaperExperiment/CompilerOptimization/Result/redis/dg/dg-LLVM14-O2-g/high_precision_20260409_123302/log/pta_fs.lines.stderr.log
pta_fs,PTA,fs,lines,"WARNING: Non-0 memset:   call void @llvm.memset.p0i8.i64(i8* noundef nonnull align 8 dereferenceable(16) %32, i8 -1, i64 16, i1 false), !dbg !37106",/home/jimi/PaperExperiment/CompilerOptimization/Result/redis/dg/dg-LLVM14-O2-g/high_precision_20260409_123302/log/pta_fs.lines.stderr.log
pta_fs,PTA,fs,lines,"WARNING: Non-0 memset:   tail call void @llvm.memset.p0i8.i64(i8* align 1 %287, i8 48, i64 %288, i1 false) #85, !dbg !37439",/home/jimi/PaperExperiment/CompilerOptimization/Result/redis/dg/dg-LLVM14-O2-g/high_precision_20260409_123302/log/pta_fs.lines.stderr.log
pta_fs,PTA,fs,lines,"WARNING: Non-0 memset:   tail call void @llvm.memset.p0i8.i64(i8* nonnull align 1 %298, i8 48, i64 %299, i1 false) #85, !dbg !37452",/home/jimi/PaperExperiment/CompilerOptimization/Result/redis/dg/dg-LLVM14-O2-g/high_precision_20260409_123302/log/pta_fs.lines.stderr.log
pta_fs,PTA,fs,lines,"WARNING: Non-0 memset:   call void @llvm.memset.p0i8.i64(i8* noundef nonnull align 8 dereferenceable(16) %94, i8 -1, i64 16, i1 false) #86, !dbg !37186",/home/jimi/PaperExperiment/CompilerOptimization/Result/redis/dg/dg-LLVM14-O2-g/high_precision_20260409_123302/log/pta_fs.lines.stderr.log
pta_fs,PTA,fs,lines,"WARNING: Non-0 memset:   call void @llvm.memset.p0i8.i64(i8* noundef nonnull align 8 dereferenceable(16) bitcast (i64* getelementptr inbounds (%struct.redisServer.226, %struct.redisServer.226* @server, i64 0, i32 258) to i8*), i8 -1, i64 16, i1 false), !dbg !37430",/home/jimi/PaperExperiment/CompilerOptimization/Result/redis/dg/dg-LLVM14-O2-g/high_precision_20260409_123302/log/pta_fs.lines.stderr.log
pta_fs,PTA,fs,lines,"WARNING: Non-0 memset:   tail call void @llvm.memset.p0i8.i64(i8* noundef nonnull align 8 dereferenceable(272) %57, i8 -1, i64 272, i1 false), !dbg !37100",/home/jimi/PaperExperiment/CompilerOptimization/Result/redis/dg/dg-LLVM14-O2-g/high_precision_20260409_123302/log/pta_fs.lines.stderr.log
pta_fs,PTA,fs,lines,"WARNING: Non-0 memset:   tail call void @llvm.memset.p0i8.i64(i8* noundef nonnull align 8 dereferenceable(16) %34, i8 -1, i64 16, i1 false) #85, !dbg !37114",/home/jimi/PaperExperiment/CompilerOptimization/Result/redis/dg/dg-LLVM14-O2-g/high_precision_20260409_123302/log/pta_fs.lines.stderr.log
pta_fs,PTA,fs,lines,"ShuffleVector instruction is not supported, loosing precision",/home/jimi/PaperExperiment/CompilerOptimization/Result/redis/dg/dg-LLVM14-O2-g/high_precision_20260409_123302/log/pta_fs.lines.stderr.log
pta_fs,PTA,fs,lines,"ShuffleVector instruction is not supported, loosing precision",/home/jimi/PaperExperiment/CompilerOptimization/Result/redis/dg/dg-LLVM14-O2-g/high_precision_20260409_123302/log/pta_fs.lines.stderr.log
pta_fs,PTA,fs,lines,"ShuffleVector instruction is not supported, loosing precision",/home/jimi/PaperExperiment/CompilerOptimization/Result/redis/dg/dg-LLVM14-O2-g/high_precision_20260409_123302/log/pta_fs.lines.stderr.log
pta_fs,PTA,fs,lines,"WARNING: Non-0 memset:   tail call void @llvm.memset.p0i8.i64(i8* noundef nonnull align 8 dereferenceable(16) %24, i8 -1, i64 16, i1 false) #85, !dbg !37083",/home/jimi/PaperExperiment/CompilerOptimization/Result/redis/dg/dg-LLVM14-O2-g/high_precision_20260409_123302/log/pta_fs.lines.stderr.log
pta_fs,PTA,fs,lines,"WARNING: Non-0 memset:   call void @llvm.memset.p0i8.i64(i8* noundef nonnull align 8 dereferenceable(16) %32, i8 -1, i64 16, i1 false), !dbg !37076",/home/jimi/PaperExperiment/CompilerOptimization/Result/redis/dg/dg-LLVM14-O2-g/high_precision_20260409_123302/log/pta_fs.lines.stderr.log
pta_fs,PTA,fs,lines,"ShuffleVector instruction is not supported, loosing precision",/home/jimi/PaperExperiment/CompilerOptimization/Result/redis/dg/dg-LLVM14-O2-g/high_precision_20260409_123302/log/pta_fs.lines.stderr.log
pta_fs,PTA,fs,dot,"[pta] UNHANDLED:   %82 = cmpxchg weak i64* @zmalloc_peak, i64 %79, i64 %75 monotonic monotonic, align 8, !dbg !37098",/home/jimi/PaperExperiment/CompilerOptimization/Result/redis/dg/dg-LLVM14-O2-g/high_precision_20260409_123302/log/pta_fs.dot.stderr.log
pta_fs,PTA,fs,dot,"WARNING: Non-0 memset:   call void @llvm.memset.p0i8.i64(i8* noundef nonnull align 1 dereferenceable(16) %14, i8 48, i64 16, i1 false) #85, !dbg !37150, !tbaa !37039",/home/jimi/PaperExperiment/CompilerOptimization/Result/redis/dg/dg-LLVM14-O2-g/high_precision_20260409_123302/log/pta_fs.dot.stderr.log
pta_fs,PTA,fs,dot,"[pta] UNHANDLED:   %83 = cmpxchg weak i64* @zmalloc_peak, i64 %80, i64 %76 monotonic monotonic, align 8, !dbg !37100",/home/jimi/PaperExperiment/CompilerOptimization/Result/redis/dg/dg-LLVM14-O2-g/high_precision_20260409_123302/log/pta_fs.dot.stderr.log
pta_fs,PTA,fs,dot,"[pta] UNHANDLED:   %83 = cmpxchg weak i64* @zmalloc_peak, i64 %80, i64 %76 monotonic monotonic, align 8, !dbg !37098",/home/jimi/PaperExperiment/CompilerOptimization/Result/redis/dg/dg-LLVM14-O2-g/high_precision_20260409_123302/log/pta_fs.dot.stderr.log
pta_fs,PTA,fs,dot,"ShuffleVector instruction is not supported, loosing precision",/home/jimi/PaperExperiment/CompilerOptimization/Result/redis/dg/dg-LLVM14-O2-g/high_precision_20260409_123302/log/pta_fs.dot.stderr.log
pta_fs,PTA,fs,dot,"ShuffleVector instruction is not supported, loosing precision",/home/jimi/PaperExperiment/CompilerOptimization/Result/redis/dg/dg-LLVM14-O2-g/high_precision_20260409_123302/log/pta_fs.dot.stderr.log
pta_fs,PTA,fs,dot,"[pta] UNHANDLED:   %82 = cmpxchg weak i64* @zmalloc_peak, i64 %79, i64 %75 monotonic monotonic, align 8, !dbg !37098",/home/jimi/PaperExperiment/CompilerOptimization/Result/redis/dg/dg-LLVM14-O2-g/high_precision_20260409_123302/log/pta_fs.dot.stderr.log
pta_fs,PTA,fs,dot,"[pta] UNHANDLED:   %129 = cmpxchg weak i64* @zmalloc_peak, i64 %126, i64 %122 monotonic monotonic, align 8, !dbg !37166",/home/jimi/PaperExperiment/CompilerOptimization/Result/redis/dg/dg-LLVM14-O2-g/high_precision_20260409_123302/log/pta_fs.dot.stderr.log
pta_fs,PTA,fs,dot,"[pta] UNHANDLED:   %82 = cmpxchg weak i64* @zmalloc_peak, i64 %79, i64 %75 monotonic monotonic, align 8, !dbg !37096",/home/jimi/PaperExperiment/CompilerOptimization/Result/redis/dg/dg-LLVM14-O2-g/high_precision_20260409_123302/log/pta_fs.dot.stderr.log
pta_fs,PTA,fs,dot,"ShuffleVector instruction is not supported, loosing precision",/home/jimi/PaperExperiment/CompilerOptimization/Result/redis/dg/dg-LLVM14-O2-g/high_precision_20260409_123302/log/pta_fs.dot.stderr.log
pta_fs,PTA,fs,dot,"WARNING: Non-0 memset:   tail call void @llvm.memset.p0i8.i64(i8* noundef nonnull align 1 dereferenceable(41) getelementptr inbounds (%struct.redisServer, %struct.redisServer* bitcast (%struct.redisServer.226* @server to %struct.redisServer*), i64 0, i32 288, i64 0), i8 48, i64 40, i1 false), !dbg !37002",/home/jimi/PaperExperiment/CompilerOptimization/Result/redis/dg/dg-LLVM14-O2-g/high_precision_20260409_123302/log/pta_fs.dot.stderr.log
pta_fs,PTA,fs,dot,"WARNING: Non-0 memset:   call void @llvm.memset.p0i8.i64(i8* noundef nonnull align 8 dereferenceable(16) bitcast (i64* getelementptr inbounds (%struct.redisServer.226, %struct.redisServer.226* @server, i64 0, i32 228) to i8*), i8 -1, i64 16, i1 false), !dbg !37152",/home/jimi/PaperExperiment/CompilerOptimization/Result/redis/dg/dg-LLVM14-O2-g/high_precision_20260409_123302/log/pta_fs.dot.stderr.log
pta_fs,PTA,fs,dot,"WARNING: Non-0 memset:   tail call void @llvm.memset.p0i8.i64(i8* noundef nonnull align 8 dereferenceable(128) %53, i8 -1, i64 128, i1 false), !dbg !37100",/home/jimi/PaperExperiment/CompilerOptimization/Result/redis/dg/dg-LLVM14-O2-g/high_precision_20260409_123302/log/pta_fs.dot.stderr.log
pta_fs,PTA,fs,dot,"WARNING: Saving stack may yield unsound results!:   %40 = call i8* @llvm.stacksave(), !dbg !37076",/home/jimi/PaperExperiment/CompilerOptimization/Result/redis/dg/dg-LLVM14-O2-g/high_precision_20260409_123302/log/pta_fs.dot.stderr.log
pta_fs,PTA,fs,dot,"[pta] UNHANDLED:   %91 = cmpxchg weak i64* @zmalloc_peak, i64 %88, i64 %84 monotonic monotonic, align 8, !dbg !37110",/home/jimi/PaperExperiment/CompilerOptimization/Result/redis/dg/dg-LLVM14-O2-g/high_precision_20260409_123302/log/pta_fs.dot.stderr.log
pta_fs,PTA,fs,dot,"ShuffleVector instruction is not supported, loosing precision",/home/jimi/PaperExperiment/CompilerOptimization/Result/redis/dg/dg-LLVM14-O2-g/high_precision_20260409_123302/log/pta_fs.dot.stderr.log
pta_fs,PTA,fs,dot,"ShuffleVector instruction is not supported, loosing precision",/home/jimi/PaperExperiment/CompilerOptimization/Result/redis/dg/dg-LLVM14-O2-g/high_precision_20260409_123302/log/pta_fs.dot.stderr.log
pta_fs,PTA,fs,dot,"ShuffleVector instruction is not supported, loosing precision",/home/jimi/PaperExperiment/CompilerOptimization/Result/redis/dg/dg-LLVM14-O2-g/high_precision_20260409_123302/log/pta_fs.dot.stderr.log
pta_fs,PTA,fs,dot,"ShuffleVector instruction is not supported, loosing precision",/home/jimi/PaperExperiment/CompilerOptimization/Result/redis/dg/dg-LLVM14-O2-g/high_precision_20260409_123302/log/pta_fs.dot.stderr.log
pta_fs,PTA,fs,dot,"ShuffleVector instruction is not supported, loosing precision",/home/jimi/PaperExperiment/CompilerOptimization/Result/redis/dg/dg-LLVM14-O2-g/high_precision_20260409_123302/log/pta_fs.dot.stderr.log
pta_fs,PTA,fs,dot,"ShuffleVector instruction is not supported, loosing precision",/home/jimi/PaperExperiment/CompilerOptimization/Result/redis/dg/dg-LLVM14-O2-g/high_precision_20260409_123302/log/pta_fs.dot.stderr.log
pta_fs,PTA,fs,dot,"ShuffleVector instruction is not supported, loosing precision",/home/jimi/PaperExperiment/CompilerOptimization/Result/redis/dg/dg-LLVM14-O2-g/high_precision_20260409_123302/log/pta_fs.dot.stderr.log
pta_fs,PTA,fs,dot,"ShuffleVector instruction is not supported, loosing precision",/home/jimi/PaperExperiment/CompilerOptimization/Result/redis/dg/dg-LLVM14-O2-g/high_precision_20260409_123302/log/pta_fs.dot.stderr.log
pta_fs,PTA,fs,dot,"ShuffleVector instruction is not supported, loosing precision",/home/jimi/PaperExperiment/CompilerOptimization/Result/redis/dg/dg-LLVM14-O2-g/high_precision_20260409_123302/log/pta_fs.dot.stderr.log
pta_fs,PTA,fs,dot,"ShuffleVector instruction is not supported, loosing precision",/home/jimi/PaperExperiment/CompilerOptimization/Result/redis/dg/dg-LLVM14-O2-g/high_precision_20260409_123302/log/pta_fs.dot.stderr.log
pta_fs,PTA,fs,dot,"ShuffleVector instruction is not supported, loosing precision",/home/jimi/PaperExperiment/CompilerOptimization/Result/redis/dg/dg-LLVM14-O2-g/high_precision_20260409_123302/log/pta_fs.dot.stderr.log
pta_fs,PTA,fs,dot,"ShuffleVector instruction is not supported, loosing precision",/home/jimi/PaperExperiment/CompilerOptimization/Result/redis/dg/dg-LLVM14-O2-g/high_precision_20260409_123302/log/pta_fs.dot.stderr.log
pta_fs,PTA,fs,dot,"ShuffleVector instruction is not supported, loosing precision",/home/jimi/PaperExperiment/CompilerOptimization/Result/redis/dg/dg-LLVM14-O2-g/high_precision_20260409_123302/log/pta_fs.dot.stderr.log
pta_fs,PTA,fs,dot,"ShuffleVector instruction is not supported, loosing precision",/home/jimi/PaperExperiment/CompilerOptimization/Result/redis/dg/dg-LLVM14-O2-g/high_precision_20260409_123302/log/pta_fs.dot.stderr.log
pta_fs,PTA,fs,dot,"ShuffleVector instruction is not supported, loosing precision",/home/jimi/PaperExperiment/CompilerOptimization/Result/redis/dg/dg-LLVM14-O2-g/high_precision_20260409_123302/log/pta_fs.dot.stderr.log
pta_fs,PTA,fs,dot,"ShuffleVector instruction is not supported, loosing precision",/home/jimi/PaperExperiment/CompilerOptimization/Result/redis/dg/dg-LLVM14-O2-g/high_precision_20260409_123302/log/pta_fs.dot.stderr.log
pta_fs,PTA,fs,dot,"ShuffleVector instruction is not supported, loosing precision",/home/jimi/PaperExperiment/CompilerOptimization/Result/redis/dg/dg-LLVM14-O2-g/high_precision_20260409_123302/log/pta_fs.dot.stderr.log
pta_fs,PTA,fs,dot,"ShuffleVector instruction is not supported, loosing precision",/home/jimi/PaperExperiment/CompilerOptimization/Result/redis/dg/dg-LLVM14-O2-g/high_precision_20260409_123302/log/pta_fs.dot.stderr.log
pta_fs,PTA,fs,dot,"ShuffleVector instruction is not supported, loosing precision",/home/jimi/PaperExperiment/CompilerOptimization/Result/redis/dg/dg-LLVM14-O2-g/high_precision_20260409_123302/log/pta_fs.dot.stderr.log
pta_fs,PTA,fs,dot,"ShuffleVector instruction is not supported, loosing precision",/home/jimi/PaperExperiment/CompilerOptimization/Result/redis/dg/dg-LLVM14-O2-g/high_precision_20260409_123302/log/pta_fs.dot.stderr.log
pta_fs,PTA,fs,dot,"ShuffleVector instruction is not supported, loosing precision",/home/jimi/PaperExperiment/CompilerOptimization/Result/redis/dg/dg-LLVM14-O2-g/high_precision_20260409_123302/log/pta_fs.dot.stderr.log
pta_fs,PTA,fs,dot,"ShuffleVector instruction is not supported, loosing precision",/home/jimi/PaperExperiment/CompilerOptimization/Result/redis/dg/dg-LLVM14-O2-g/high_precision_20260409_123302/log/pta_fs.dot.stderr.log
pta_fs,PTA,fs,dot,"ShuffleVector instruction is not supported, loosing precision",/home/jimi/PaperExperiment/CompilerOptimization/Result/redis/dg/dg-LLVM14-O2-g/high_precision_20260409_123302/log/pta_fs.dot.stderr.log
pta_fs,PTA,fs,dot,"ShuffleVector instruction is not supported, loosing precision",/home/jimi/PaperExperiment/CompilerOptimization/Result/redis/dg/dg-LLVM14-O2-g/high_precision_20260409_123302/log/pta_fs.dot.stderr.log
pta_fs,PTA,fs,dot,"ShuffleVector instruction is not supported, loosing precision",/home/jimi/PaperExperiment/CompilerOptimization/Result/redis/dg/dg-LLVM14-O2-g/high_precision_20260409_123302/log/pta_fs.dot.stderr.log
pta_fs,PTA,fs,dot,"ShuffleVector instruction is not supported, loosing precision",/home/jimi/PaperExperiment/CompilerOptimization/Result/redis/dg/dg-LLVM14-O2-g/high_precision_20260409_123302/log/pta_fs.dot.stderr.log
pta_fs,PTA,fs,dot,"ShuffleVector instruction is not supported, loosing precision",/home/jimi/PaperExperiment/CompilerOptimization/Result/redis/dg/dg-LLVM14-O2-g/high_precision_20260409_123302/log/pta_fs.dot.stderr.log
pta_fs,PTA,fs,dot,"ShuffleVector instruction is not supported, loosing precision",/home/jimi/PaperExperiment/CompilerOptimization/Result/redis/dg/dg-LLVM14-O2-g/high_precision_20260409_123302/log/pta_fs.dot.stderr.log
pta_fs,PTA,fs,dot,"ShuffleVector instruction is not supported, loosing precision",/home/jimi/PaperExperiment/CompilerOptimization/Result/redis/dg/dg-LLVM14-O2-g/high_precision_20260409_123302/log/pta_fs.dot.stderr.log
pta_fs,PTA,fs,dot,"ShuffleVector instruction is not supported, loosing precision",/home/jimi/PaperExperiment/CompilerOptimization/Result/redis/dg/dg-LLVM14-O2-g/high_precision_20260409_123302/log/pta_fs.dot.stderr.log
pta_fs,PTA,fs,dot,"ShuffleVector instruction is not supported, loosing precision",/home/jimi/PaperExperiment/CompilerOptimization/Result/redis/dg/dg-LLVM14-O2-g/high_precision_20260409_123302/log/pta_fs.dot.stderr.log
pta_fs,PTA,fs,dot,"ShuffleVector instruction is not supported, loosing precision",/home/jimi/PaperExperiment/CompilerOptimization/Result/redis/dg/dg-LLVM14-O2-g/high_precision_20260409_123302/log/pta_fs.dot.stderr.log
pta_fs,PTA,fs,dot,"ShuffleVector instruction is not supported, loosing precision",/home/jimi/PaperExperiment/CompilerOptimization/Result/redis/dg/dg-LLVM14-O2-g/high_precision_20260409_123302/log/pta_fs.dot.stderr.log
pta_fs,PTA,fs,dot,"ShuffleVector instruction is not supported, loosing precision",/home/jimi/PaperExperiment/CompilerOptimization/Result/redis/dg/dg-LLVM14-O2-g/high_precision_20260409_123302/log/pta_fs.dot.stderr.log
pta_fs,PTA,fs,dot,"ShuffleVector instruction is not supported, loosing precision",/home/jimi/PaperExperiment/CompilerOptimization/Result/redis/dg/dg-LLVM14-O2-g/high_precision_20260409_123302/log/pta_fs.dot.stderr.log
pta_fs,PTA,fs,dot,"ShuffleVector instruction is not supported, loosing precision",/home/jimi/PaperExperiment/CompilerOptimization/Result/redis/dg/dg-LLVM14-O2-g/high_precision_20260409_123302/log/pta_fs.dot.stderr.log
pta_fs,PTA,fs,dot,"ShuffleVector instruction is not supported, loosing precision",/home/jimi/PaperExperiment/CompilerOptimization/Result/redis/dg/dg-LLVM14-O2-g/high_precision_20260409_123302/log/pta_fs.dot.stderr.log
pta_fs,PTA,fs,dot,"ShuffleVector instruction is not supported, loosing precision",/home/jimi/PaperExperiment/CompilerOptimization/Result/redis/dg/dg-LLVM14-O2-g/high_precision_20260409_123302/log/pta_fs.dot.stderr.log
pta_fs,PTA,fs,dot,"ShuffleVector instruction is not supported, loosing precision",/home/jimi/PaperExperiment/CompilerOptimization/Result/redis/dg/dg-LLVM14-O2-g/high_precision_20260409_123302/log/pta_fs.dot.stderr.log
pta_fs,PTA,fs,dot,"ShuffleVector instruction is not supported, loosing precision",/home/jimi/PaperExperiment/CompilerOptimization/Result/redis/dg/dg-LLVM14-O2-g/high_precision_20260409_123302/log/pta_fs.dot.stderr.log
pta_fs,PTA,fs,dot,"ShuffleVector instruction is not supported, loosing precision",/home/jimi/PaperExperiment/CompilerOptimization/Result/redis/dg/dg-LLVM14-O2-g/high_precision_20260409_123302/log/pta_fs.dot.stderr.log
pta_fs,PTA,fs,dot,"ShuffleVector instruction is not supported, loosing precision",/home/jimi/PaperExperiment/CompilerOptimization/Result/redis/dg/dg-LLVM14-O2-g/high_precision_20260409_123302/log/pta_fs.dot.stderr.log
pta_fs,PTA,fs,dot,"ShuffleVector instruction is not supported, loosing precision",/home/jimi/PaperExperiment/CompilerOptimization/Result/redis/dg/dg-LLVM14-O2-g/high_precision_20260409_123302/log/pta_fs.dot.stderr.log
pta_fs,PTA,fs,dot,"ShuffleVector instruction is not supported, loosing precision",/home/jimi/PaperExperiment/CompilerOptimization/Result/redis/dg/dg-LLVM14-O2-g/high_precision_20260409_123302/log/pta_fs.dot.stderr.log
pta_fs,PTA,fs,dot,"ShuffleVector instruction is not supported, loosing precision",/home/jimi/PaperExperiment/CompilerOptimization/Result/redis/dg/dg-LLVM14-O2-g/high_precision_20260409_123302/log/pta_fs.dot.stderr.log
pta_fs,PTA,fs,dot,"ShuffleVector instruction is not supported, loosing precision",/home/jimi/PaperExperiment/CompilerOptimization/Result/redis/dg/dg-LLVM14-O2-g/high_precision_20260409_123302/log/pta_fs.dot.stderr.log
pta_fs,PTA,fs,dot,"ShuffleVector instruction is not supported, loosing precision",/home/jimi/PaperExperiment/CompilerOptimization/Result/redis/dg/dg-LLVM14-O2-g/high_precision_20260409_123302/log/pta_fs.dot.stderr.log
pta_fs,PTA,fs,dot,"ShuffleVector instruction is not supported, loosing precision",/home/jimi/PaperExperiment/CompilerOptimization/Result/redis/dg/dg-LLVM14-O2-g/high_precision_20260409_123302/log/pta_fs.dot.stderr.log
pta_fs,PTA,fs,dot,"ShuffleVector instruction is not supported, loosing precision",/home/jimi/PaperExperiment/CompilerOptimization/Result/redis/dg/dg-LLVM14-O2-g/high_precision_20260409_123302/log/pta_fs.dot.stderr.log
pta_fs,PTA,fs,dot,"ShuffleVector instruction is not supported, loosing precision",/home/jimi/PaperExperiment/CompilerOptimization/Result/redis/dg/dg-LLVM14-O2-g/high_precision_20260409_123302/log/pta_fs.dot.stderr.log
pta_fs,PTA,fs,dot,"ShuffleVector instruction is not supported, loosing precision",/home/jimi/PaperExperiment/CompilerOptimization/Result/redis/dg/dg-LLVM14-O2-g/high_precision_20260409_123302/log/pta_fs.dot.stderr.log
pta_fs,PTA,fs,dot,"ShuffleVector instruction is not supported, loosing precision",/home/jimi/PaperExperiment/CompilerOptimization/Result/redis/dg/dg-LLVM14-O2-g/high_precision_20260409_123302/log/pta_fs.dot.stderr.log
pta_fs,PTA,fs,dot,"ShuffleVector instruction is not supported, loosing precision",/home/jimi/PaperExperiment/CompilerOptimization/Result/redis/dg/dg-LLVM14-O2-g/high_precision_20260409_123302/log/pta_fs.dot.stderr.log
pta_fs,PTA,fs,dot,"ShuffleVector instruction is not supported, loosing precision",/home/jimi/PaperExperiment/CompilerOptimization/Result/redis/dg/dg-LLVM14-O2-g/high_precision_20260409_123302/log/pta_fs.dot.stderr.log
pta_fs,PTA,fs,dot,"ShuffleVector instruction is not supported, loosing precision",/home/jimi/PaperExperiment/CompilerOptimization/Result/redis/dg/dg-LLVM14-O2-g/high_precision_20260409_123302/log/pta_fs.dot.stderr.log
pta_fs,PTA,fs,dot,"ShuffleVector instruction is not supported, loosing precision",/home/jimi/PaperExperiment/CompilerOptimization/Result/redis/dg/dg-LLVM14-O2-g/high_precision_20260409_123302/log/pta_fs.dot.stderr.log
pta_fs,PTA,fs,dot,"WARNING: Non-0 memset:   call void @llvm.memset.p0i8.i64(i8* noundef nonnull align 8 dereferenceable(16) %25, i8 -1, i64 16, i1 false), !dbg !37067",/home/jimi/PaperExperiment/CompilerOptimization/Result/redis/dg/dg-LLVM14-O2-g/high_precision_20260409_123302/log/pta_fs.dot.stderr.log
pta_fs,PTA,fs,dot,"ShuffleVector instruction is not supported, loosing precision",/home/jimi/PaperExperiment/CompilerOptimization/Result/redis/dg/dg-LLVM14-O2-g/high_precision_20260409_123302/log/pta_fs.dot.stderr.log
pta_fs,PTA,fs,dot,"ShuffleVector instruction is not supported, loosing precision",/home/jimi/PaperExperiment/CompilerOptimization/Result/redis/dg/dg-LLVM14-O2-g/high_precision_20260409_123302/log/pta_fs.dot.stderr.log
pta_fs,PTA,fs,dot,"ShuffleVector instruction is not supported, loosing precision",/home/jimi/PaperExperiment/CompilerOptimization/Result/redis/dg/dg-LLVM14-O2-g/high_precision_20260409_123302/log/pta_fs.dot.stderr.log
pta_fs,PTA,fs,dot,"ShuffleVector instruction is not supported, loosing precision",/home/jimi/PaperExperiment/CompilerOptimization/Result/redis/dg/dg-LLVM14-O2-g/high_precision_20260409_123302/log/pta_fs.dot.stderr.log
pta_fs,PTA,fs,dot,"ShuffleVector instruction is not supported, loosing precision",/home/jimi/PaperExperiment/CompilerOptimization/Result/redis/dg/dg-LLVM14-O2-g/high_precision_20260409_123302/log/pta_fs.dot.stderr.log
pta_fs,PTA,fs,dot,"ShuffleVector instruction is not supported, loosing precision",/home/jimi/PaperExperiment/CompilerOptimization/Result/redis/dg/dg-LLVM14-O2-g/high_precision_20260409_123302/log/pta_fs.dot.stderr.log
pta_fs,PTA,fs,dot,"[pta] UNHANDLED:   %367 = insertvalue { i8*, i32 } poison, i8* %365, 0, !dbg !37605",/home/jimi/PaperExperiment/CompilerOptimization/Result/redis/dg/dg-LLVM14-O2-g/high_precision_20260409_123302/log/pta_fs.dot.stderr.log
pta_fs,PTA,fs,dot,"[pta] UNHANDLED:   %368 = insertvalue { i8*, i32 } %367, i32 %366, 1, !dbg !37605",/home/jimi/PaperExperiment/CompilerOptimization/Result/redis/dg/dg-LLVM14-O2-g/high_precision_20260409_123302/log/pta_fs.dot.stderr.log
pta_fs,PTA,fs,dot,"[pta] UNHANDLED:   %96 = insertvalue { i8*, i32 } poison, i8* %95, 0, !dbg !37112",/home/jimi/PaperExperiment/CompilerOptimization/Result/redis/dg/dg-LLVM14-O2-g/high_precision_20260409_123302/log/pta_fs.dot.stderr.log
pta_fs,PTA,fs,dot,"[pta] UNHANDLED:   %97 = insertvalue { i8*, i32 } %96, i32 %94, 1, !dbg !37112",/home/jimi/PaperExperiment/CompilerOptimization/Result/redis/dg/dg-LLVM14-O2-g/high_precision_20260409_123302/log/pta_fs.dot.stderr.log
pta_fs,PTA,fs,dot,"[pta] UNHANDLED:   %374 = insertvalue { i8*, i32 } poison, i8* %6, 0, !dbg !37505",/home/jimi/PaperExperiment/CompilerOptimization/Result/redis/dg/dg-LLVM14-O2-g/high_precision_20260409_123302/log/pta_fs.dot.stderr.log
pta_fs,PTA,fs,dot,"[pta] UNHANDLED:   %375 = insertvalue { i8*, i32 } %374, i32 %373, 1, !dbg !37505",/home/jimi/PaperExperiment/CompilerOptimization/Result/redis/dg/dg-LLVM14-O2-g/high_precision_20260409_123302/log/pta_fs.dot.stderr.log
pta_fs,PTA,fs,dot,"[pta] UNHANDLED:   %186 = insertvalue { i64, i32 } poison, i64 %185, 0, !dbg !37421",/home/jimi/PaperExperiment/CompilerOptimization/Result/redis/dg/dg-LLVM14-O2-g/high_precision_20260409_123302/log/pta_fs.dot.stderr.log
pta_fs,PTA,fs,dot,"[pta] UNHANDLED:   %187 = insertvalue { i64, i32 } %186, i32 %183, 1, !dbg !37421",/home/jimi/PaperExperiment/CompilerOptimization/Result/redis/dg/dg-LLVM14-O2-g/high_precision_20260409_123302/log/pta_fs.dot.stderr.log
pta_fs,PTA,fs,dot,"ShuffleVector instruction is not supported, loosing precision",/home/jimi/PaperExperiment/CompilerOptimization/Result/redis/dg/dg-LLVM14-O2-g/high_precision_20260409_123302/log/pta_fs.dot.stderr.log
pta_fs,PTA,fs,dot,"ShuffleVector instruction is not supported, loosing precision",/home/jimi/PaperExperiment/CompilerOptimization/Result/redis/dg/dg-LLVM14-O2-g/high_precision_20260409_123302/log/pta_fs.dot.stderr.log
pta_fs,PTA,fs,dot,"ShuffleVector instruction is not supported, loosing precision",/home/jimi/PaperExperiment/CompilerOptimization/Result/redis/dg/dg-LLVM14-O2-g/high_precision_20260409_123302/log/pta_fs.dot.stderr.log
pta_fs,PTA,fs,dot,"ShuffleVector instruction is not supported, loosing precision",/home/jimi/PaperExperiment/CompilerOptimization/Result/redis/dg/dg-LLVM14-O2-g/high_precision_20260409_123302/log/pta_fs.dot.stderr.log
pta_fs,PTA,fs,dot,"ShuffleVector instruction is not supported, loosing precision",/home/jimi/PaperExperiment/CompilerOptimization/Result/redis/dg/dg-LLVM14-O2-g/high_precision_20260409_123302/log/pta_fs.dot.stderr.log
pta_fs,PTA,fs,dot,"ShuffleVector instruction is not supported, loosing precision",/home/jimi/PaperExperiment/CompilerOptimization/Result/redis/dg/dg-LLVM14-O2-g/high_precision_20260409_123302/log/pta_fs.dot.stderr.log
pta_fs,PTA,fs,dot,"ShuffleVector instruction is not supported, loosing precision",/home/jimi/PaperExperiment/CompilerOptimization/Result/redis/dg/dg-LLVM14-O2-g/high_precision_20260409_123302/log/pta_fs.dot.stderr.log
pta_fs,PTA,fs,dot,"ShuffleVector instruction is not supported, loosing precision",/home/jimi/PaperExperiment/CompilerOptimization/Result/redis/dg/dg-LLVM14-O2-g/high_precision_20260409_123302/log/pta_fs.dot.stderr.log
pta_fs,PTA,fs,dot,"ShuffleVector instruction is not supported, loosing precision",/home/jimi/PaperExperiment/CompilerOptimization/Result/redis/dg/dg-LLVM14-O2-g/high_precision_20260409_123302/log/pta_fs.dot.stderr.log
pta_fs,PTA,fs,dot,"ShuffleVector instruction is not supported, loosing precision",/home/jimi/PaperExperiment/CompilerOptimization/Result/redis/dg/dg-LLVM14-O2-g/high_precision_20260409_123302/log/pta_fs.dot.stderr.log
pta_fs,PTA,fs,dot,"[pta] UNHANDLED:   %392 = insertvalue { i64, i32 } poison, i64 %390, 0, !dbg !37642",/home/jimi/PaperExperiment/CompilerOptimization/Result/redis/dg/dg-LLVM14-O2-g/high_precision_20260409_123302/log/pta_fs.dot.stderr.log
pta_fs,PTA,fs,dot,"[pta] UNHANDLED:   %393 = insertvalue { i64, i32 } %392, i32 %391, 1, !dbg !37642",/home/jimi/PaperExperiment/CompilerOptimization/Result/redis/dg/dg-LLVM14-O2-g/high_precision_20260409_123302/log/pta_fs.dot.stderr.log
pta_fs,PTA,fs,dot,"ShuffleVector instruction is not supported, loosing precision",/home/jimi/PaperExperiment/CompilerOptimization/Result/redis/dg/dg-LLVM14-O2-g/high_precision_20260409_123302/log/pta_fs.dot.stderr.log
pta_fs,PTA,fs,dot,"ShuffleVector instruction is not supported, loosing precision",/home/jimi/PaperExperiment/CompilerOptimization/Result/redis/dg/dg-LLVM14-O2-g/high_precision_20260409_123302/log/pta_fs.dot.stderr.log
pta_fs,PTA,fs,dot,"ShuffleVector instruction is not supported, loosing precision",/home/jimi/PaperExperiment/CompilerOptimization/Result/redis/dg/dg-LLVM14-O2-g/high_precision_20260409_123302/log/pta_fs.dot.stderr.log
pta_fs,PTA,fs,dot,"ShuffleVector instruction is not supported, loosing precision",/home/jimi/PaperExperiment/CompilerOptimization/Result/redis/dg/dg-LLVM14-O2-g/high_precision_20260409_123302/log/pta_fs.dot.stderr.log
pta_fs,PTA,fs,dot,"ShuffleVector instruction is not supported, loosing precision",/home/jimi/PaperExperiment/CompilerOptimization/Result/redis/dg/dg-LLVM14-O2-g/high_precision_20260409_123302/log/pta_fs.dot.stderr.log
pta_fs,PTA,fs,dot,"ShuffleVector instruction is not supported, loosing precision",/home/jimi/PaperExperiment/CompilerOptimization/Result/redis/dg/dg-LLVM14-O2-g/high_precision_20260409_123302/log/pta_fs.dot.stderr.log
pta_fs,PTA,fs,dot,"ShuffleVector instruction is not supported, loosing precision",/home/jimi/PaperExperiment/CompilerOptimization/Result/redis/dg/dg-LLVM14-O2-g/high_precision_20260409_123302/log/pta_fs.dot.stderr.log
pta_fs,PTA,fs,dot,"ShuffleVector instruction is not supported, loosing precision",/home/jimi/PaperExperiment/CompilerOptimization/Result/redis/dg/dg-LLVM14-O2-g/high_precision_20260409_123302/log/pta_fs.dot.stderr.log
pta_fs,PTA,fs,dot,"ShuffleVector instruction is not supported, loosing precision",/home/jimi/PaperExperiment/CompilerOptimization/Result/redis/dg/dg-LLVM14-O2-g/high_precision_20260409_123302/log/pta_fs.dot.stderr.log
pta_fs,PTA,fs,dot,"ShuffleVector instruction is not supported, loosing precision",/home/jimi/PaperExperiment/CompilerOptimization/Result/redis/dg/dg-LLVM14-O2-g/high_precision_20260409_123302/log/pta_fs.dot.stderr.log
pta_fs,PTA,fs,dot,"ShuffleVector instruction is not supported, loosing precision",/home/jimi/PaperExperiment/CompilerOptimization/Result/redis/dg/dg-LLVM14-O2-g/high_precision_20260409_123302/log/pta_fs.dot.stderr.log
pta_fs,PTA,fs,dot,"ShuffleVector instruction is not supported, loosing precision",/home/jimi/PaperExperiment/CompilerOptimization/Result/redis/dg/dg-LLVM14-O2-g/high_precision_20260409_123302/log/pta_fs.dot.stderr.log
pta_fs,PTA,fs,dot,"ShuffleVector instruction is not supported, loosing precision",/home/jimi/PaperExperiment/CompilerOptimization/Result/redis/dg/dg-LLVM14-O2-g/high_precision_20260409_123302/log/pta_fs.dot.stderr.log
pta_fs,PTA,fs,dot,"ShuffleVector instruction is not supported, loosing precision",/home/jimi/PaperExperiment/CompilerOptimization/Result/redis/dg/dg-LLVM14-O2-g/high_precision_20260409_123302/log/pta_fs.dot.stderr.log
pta_fs,PTA,fs,dot,"ShuffleVector instruction is not supported, loosing precision",/home/jimi/PaperExperiment/CompilerOptimization/Result/redis/dg/dg-LLVM14-O2-g/high_precision_20260409_123302/log/pta_fs.dot.stderr.log
pta_fs,PTA,fs,dot,"ShuffleVector instruction is not supported, loosing precision",/home/jimi/PaperExperiment/CompilerOptimization/Result/redis/dg/dg-LLVM14-O2-g/high_precision_20260409_123302/log/pta_fs.dot.stderr.log
pta_fs,PTA,fs,dot,"ShuffleVector instruction is not supported, loosing precision",/home/jimi/PaperExperiment/CompilerOptimization/Result/redis/dg/dg-LLVM14-O2-g/high_precision_20260409_123302/log/pta_fs.dot.stderr.log
pta_fs,PTA,fs,dot,"ShuffleVector instruction is not supported, loosing precision",/home/jimi/PaperExperiment/CompilerOptimization/Result/redis/dg/dg-LLVM14-O2-g/high_precision_20260409_123302/log/pta_fs.dot.stderr.log
pta_fs,PTA,fs,dot,"ShuffleVector instruction is not supported, loosing precision",/home/jimi/PaperExperiment/CompilerOptimization/Result/redis/dg/dg-LLVM14-O2-g/high_precision_20260409_123302/log/pta_fs.dot.stderr.log
pta_fs,PTA,fs,dot,"ShuffleVector instruction is not supported, loosing precision",/home/jimi/PaperExperiment/CompilerOptimization/Result/redis/dg/dg-LLVM14-O2-g/high_precision_20260409_123302/log/pta_fs.dot.stderr.log
pta_fs,PTA,fs,dot,"[pta] UNHANDLED:   %82 = cmpxchg weak i64* @zmalloc_peak, i64 %79, i64 %75 monotonic monotonic, align 8, !dbg !37096",/home/jimi/PaperExperiment/CompilerOptimization/Result/redis/dg/dg-LLVM14-O2-g/high_precision_20260409_123302/log/pta_fs.dot.stderr.log
pta_fs,PTA,fs,dot,"WARNING: Non-0 memset:   call void @llvm.memset.p0i8.i64(i8* noundef nonnull align 8 dereferenceable(16) %12, i8 -1, i64 16, i1 false), !dbg !37032",/home/jimi/PaperExperiment/CompilerOptimization/Result/redis/dg/dg-LLVM14-O2-g/high_precision_20260409_123302/log/pta_fs.dot.stderr.log
pta_fs,PTA,fs,dot,"WARNING: Non-0 memset:   call void @llvm.memset.p0i8.i64(i8* noundef nonnull align 8 dereferenceable(16) %14, i8 -1, i64 16, i1 false) #85, !dbg !37066",/home/jimi/PaperExperiment/CompilerOptimization/Result/redis/dg/dg-LLVM14-O2-g/high_precision_20260409_123302/log/pta_fs.dot.stderr.log
pta_fs,PTA,fs,dot,"WARNING: Non-0 memset:   call void @llvm.memset.p0i8.i64(i8* noundef nonnull align 8 dereferenceable(16) %20, i8 -1, i64 16, i1 false), !dbg !37074",/home/jimi/PaperExperiment/CompilerOptimization/Result/redis/dg/dg-LLVM14-O2-g/high_precision_20260409_123302/log/pta_fs.dot.stderr.log
pta_fs,PTA,fs,dot,"WARNING: Non-0 memset:   call void @llvm.memset.p0i8.i64(i8* noundef nonnull align 8 dereferenceable(16) %32, i8 -1, i64 16, i1 false), !dbg !37106",/home/jimi/PaperExperiment/CompilerOptimization/Result/redis/dg/dg-LLVM14-O2-g/high_precision_20260409_123302/log/pta_fs.dot.stderr.log
pta_fs,PTA,fs,dot,"WARNING: Non-0 memset:   tail call void @llvm.memset.p0i8.i64(i8* align 1 %287, i8 48, i64 %288, i1 false) #85, !dbg !37439",/home/jimi/PaperExperiment/CompilerOptimization/Result/redis/dg/dg-LLVM14-O2-g/high_precision_20260409_123302/log/pta_fs.dot.stderr.log
pta_fs,PTA,fs,dot,"WARNING: Non-0 memset:   tail call void @llvm.memset.p0i8.i64(i8* nonnull align 1 %298, i8 48, i64 %299, i1 false) #85, !dbg !37452",/home/jimi/PaperExperiment/CompilerOptimization/Result/redis/dg/dg-LLVM14-O2-g/high_precision_20260409_123302/log/pta_fs.dot.stderr.log
pta_fs,PTA,fs,dot,"WARNING: Non-0 memset:   call void @llvm.memset.p0i8.i64(i8* noundef nonnull align 8 dereferenceable(16) %94, i8 -1, i64 16, i1 false) #86, !dbg !37186",/home/jimi/PaperExperiment/CompilerOptimization/Result/redis/dg/dg-LLVM14-O2-g/high_precision_20260409_123302/log/pta_fs.dot.stderr.log
pta_fs,PTA,fs,dot,"WARNING: Non-0 memset:   call void @llvm.memset.p0i8.i64(i8* noundef nonnull align 8 dereferenceable(16) bitcast (i64* getelementptr inbounds (%struct.redisServer.226, %struct.redisServer.226* @server, i64 0, i32 258) to i8*), i8 -1, i64 16, i1 false), !dbg !37430",/home/jimi/PaperExperiment/CompilerOptimization/Result/redis/dg/dg-LLVM14-O2-g/high_precision_20260409_123302/log/pta_fs.dot.stderr.log
pta_fs,PTA,fs,dot,"WARNING: Non-0 memset:   tail call void @llvm.memset.p0i8.i64(i8* noundef nonnull align 8 dereferenceable(272) %57, i8 -1, i64 272, i1 false), !dbg !37100",/home/jimi/PaperExperiment/CompilerOptimization/Result/redis/dg/dg-LLVM14-O2-g/high_precision_20260409_123302/log/pta_fs.dot.stderr.log
pta_fs,PTA,fs,dot,"WARNING: Non-0 memset:   tail call void @llvm.memset.p0i8.i64(i8* noundef nonnull align 8 dereferenceable(16) %34, i8 -1, i64 16, i1 false) #85, !dbg !37114",/home/jimi/PaperExperiment/CompilerOptimization/Result/redis/dg/dg-LLVM14-O2-g/high_precision_20260409_123302/log/pta_fs.dot.stderr.log
pta_fs,PTA,fs,dot,"ShuffleVector instruction is not supported, loosing precision",/home/jimi/PaperExperiment/CompilerOptimization/Result/redis/dg/dg-LLVM14-O2-g/high_precision_20260409_123302/log/pta_fs.dot.stderr.log
pta_fs,PTA,fs,dot,"ShuffleVector instruction is not supported, loosing precision",/home/jimi/PaperExperiment/CompilerOptimization/Result/redis/dg/dg-LLVM14-O2-g/high_precision_20260409_123302/log/pta_fs.dot.stderr.log
pta_fs,PTA,fs,dot,"ShuffleVector instruction is not supported, loosing precision",/home/jimi/PaperExperiment/CompilerOptimization/Result/redis/dg/dg-LLVM14-O2-g/high_precision_20260409_123302/log/pta_fs.dot.stderr.log
pta_fs,PTA,fs,dot,"WARNING: Non-0 memset:   tail call void @llvm.memset.p0i8.i64(i8* noundef nonnull align 8 dereferenceable(16) %24, i8 -1, i64 16, i1 false) #85, !dbg !37083",/home/jimi/PaperExperiment/CompilerOptimization/Result/redis/dg/dg-LLVM14-O2-g/high_precision_20260409_123302/log/pta_fs.dot.stderr.log
pta_fs,PTA,fs,dot,"WARNING: Non-0 memset:   call void @llvm.memset.p0i8.i64(i8* noundef nonnull align 8 dereferenceable(16) %32, i8 -1, i64 16, i1 false), !dbg !37076",/home/jimi/PaperExperiment/CompilerOptimization/Result/redis/dg/dg-LLVM14-O2-g/high_precision_20260409_123302/log/pta_fs.dot.stderr.log
pta_fs,PTA,fs,dot,"ShuffleVector instruction is not supported, loosing precision",/home/jimi/PaperExperiment/CompilerOptimization/Result/redis/dg/dg-LLVM14-O2-g/high_precision_20260409_123302/log/pta_fs.dot.stderr.log
pta_inv,PTA,inv,lines,"[pta] UNHANDLED:   %82 = cmpxchg weak i64* @zmalloc_peak, i64 %79, i64 %75 monotonic monotonic, align 8, !dbg !37098",/home/jimi/PaperExperiment/CompilerOptimization/Result/redis/dg/dg-LLVM14-O2-g/high_precision_20260409_123302/log/pta_inv.lines.stderr.log
pta_inv,PTA,inv,lines,"WARNING: Non-0 memset:   call void @llvm.memset.p0i8.i64(i8* noundef nonnull align 1 dereferenceable(16) %14, i8 48, i64 16, i1 false) #85, !dbg !37150, !tbaa !37039",/home/jimi/PaperExperiment/CompilerOptimization/Result/redis/dg/dg-LLVM14-O2-g/high_precision_20260409_123302/log/pta_inv.lines.stderr.log
pta_inv,PTA,inv,lines,"[pta] UNHANDLED:   %83 = cmpxchg weak i64* @zmalloc_peak, i64 %80, i64 %76 monotonic monotonic, align 8, !dbg !37100",/home/jimi/PaperExperiment/CompilerOptimization/Result/redis/dg/dg-LLVM14-O2-g/high_precision_20260409_123302/log/pta_inv.lines.stderr.log
pta_inv,PTA,inv,lines,"[pta] UNHANDLED:   %83 = cmpxchg weak i64* @zmalloc_peak, i64 %80, i64 %76 monotonic monotonic, align 8, !dbg !37098",/home/jimi/PaperExperiment/CompilerOptimization/Result/redis/dg/dg-LLVM14-O2-g/high_precision_20260409_123302/log/pta_inv.lines.stderr.log
pta_inv,PTA,inv,lines,"ShuffleVector instruction is not supported, loosing precision",/home/jimi/PaperExperiment/CompilerOptimization/Result/redis/dg/dg-LLVM14-O2-g/high_precision_20260409_123302/log/pta_inv.lines.stderr.log
pta_inv,PTA,inv,lines,"ShuffleVector instruction is not supported, loosing precision",/home/jimi/PaperExperiment/CompilerOptimization/Result/redis/dg/dg-LLVM14-O2-g/high_precision_20260409_123302/log/pta_inv.lines.stderr.log
pta_inv,PTA,inv,lines,"[pta] UNHANDLED:   %82 = cmpxchg weak i64* @zmalloc_peak, i64 %79, i64 %75 monotonic monotonic, align 8, !dbg !37098",/home/jimi/PaperExperiment/CompilerOptimization/Result/redis/dg/dg-LLVM14-O2-g/high_precision_20260409_123302/log/pta_inv.lines.stderr.log
pta_inv,PTA,inv,lines,"[pta] UNHANDLED:   %129 = cmpxchg weak i64* @zmalloc_peak, i64 %126, i64 %122 monotonic monotonic, align 8, !dbg !37166",/home/jimi/PaperExperiment/CompilerOptimization/Result/redis/dg/dg-LLVM14-O2-g/high_precision_20260409_123302/log/pta_inv.lines.stderr.log
pta_inv,PTA,inv,lines,"[pta] UNHANDLED:   %82 = cmpxchg weak i64* @zmalloc_peak, i64 %79, i64 %75 monotonic monotonic, align 8, !dbg !37096",/home/jimi/PaperExperiment/CompilerOptimization/Result/redis/dg/dg-LLVM14-O2-g/high_precision_20260409_123302/log/pta_inv.lines.stderr.log
pta_inv,PTA,inv,lines,"ShuffleVector instruction is not supported, loosing precision",/home/jimi/PaperExperiment/CompilerOptimization/Result/redis/dg/dg-LLVM14-O2-g/high_precision_20260409_123302/log/pta_inv.lines.stderr.log
pta_inv,PTA,inv,lines,"WARNING: Non-0 memset:   tail call void @llvm.memset.p0i8.i64(i8* noundef nonnull align 1 dereferenceable(41) getelementptr inbounds (%struct.redisServer, %struct.redisServer* bitcast (%struct.redisServer.226* @server to %struct.redisServer*), i64 0, i32 288, i64 0), i8 48, i64 40, i1 false), !dbg !37002",/home/jimi/PaperExperiment/CompilerOptimization/Result/redis/dg/dg-LLVM14-O2-g/high_precision_20260409_123302/log/pta_inv.lines.stderr.log
pta_inv,PTA,inv,lines,"WARNING: Non-0 memset:   call void @llvm.memset.p0i8.i64(i8* noundef nonnull align 8 dereferenceable(16) bitcast (i64* getelementptr inbounds (%struct.redisServer.226, %struct.redisServer.226* @server, i64 0, i32 228) to i8*), i8 -1, i64 16, i1 false), !dbg !37152",/home/jimi/PaperExperiment/CompilerOptimization/Result/redis/dg/dg-LLVM14-O2-g/high_precision_20260409_123302/log/pta_inv.lines.stderr.log
pta_inv,PTA,inv,lines,"WARNING: Non-0 memset:   tail call void @llvm.memset.p0i8.i64(i8* noundef nonnull align 8 dereferenceable(128) %53, i8 -1, i64 128, i1 false), !dbg !37100",/home/jimi/PaperExperiment/CompilerOptimization/Result/redis/dg/dg-LLVM14-O2-g/high_precision_20260409_123302/log/pta_inv.lines.stderr.log
pta_inv,PTA,inv,lines,"WARNING: Saving stack may yield unsound results!:   %40 = call i8* @llvm.stacksave(), !dbg !37076",/home/jimi/PaperExperiment/CompilerOptimization/Result/redis/dg/dg-LLVM14-O2-g/high_precision_20260409_123302/log/pta_inv.lines.stderr.log
pta_inv,PTA,inv,lines,"[pta] UNHANDLED:   %91 = cmpxchg weak i64* @zmalloc_peak, i64 %88, i64 %84 monotonic monotonic, align 8, !dbg !37110",/home/jimi/PaperExperiment/CompilerOptimization/Result/redis/dg/dg-LLVM14-O2-g/high_precision_20260409_123302/log/pta_inv.lines.stderr.log
pta_inv,PTA,inv,lines,"ShuffleVector instruction is not supported, loosing precision",/home/jimi/PaperExperiment/CompilerOptimization/Result/redis/dg/dg-LLVM14-O2-g/high_precision_20260409_123302/log/pta_inv.lines.stderr.log
pta_inv,PTA,inv,lines,"ShuffleVector instruction is not supported, loosing precision",/home/jimi/PaperExperiment/CompilerOptimization/Result/redis/dg/dg-LLVM14-O2-g/high_precision_20260409_123302/log/pta_inv.lines.stderr.log
pta_inv,PTA,inv,lines,"ShuffleVector instruction is not supported, loosing precision",/home/jimi/PaperExperiment/CompilerOptimization/Result/redis/dg/dg-LLVM14-O2-g/high_precision_20260409_123302/log/pta_inv.lines.stderr.log
pta_inv,PTA,inv,lines,"ShuffleVector instruction is not supported, loosing precision",/home/jimi/PaperExperiment/CompilerOptimization/Result/redis/dg/dg-LLVM14-O2-g/high_precision_20260409_123302/log/pta_inv.lines.stderr.log
pta_inv,PTA,inv,lines,"ShuffleVector instruction is not supported, loosing precision",/home/jimi/PaperExperiment/CompilerOptimization/Result/redis/dg/dg-LLVM14-O2-g/high_precision_20260409_123302/log/pta_inv.lines.stderr.log
pta_inv,PTA,inv,lines,"ShuffleVector instruction is not supported, loosing precision",/home/jimi/PaperExperiment/CompilerOptimization/Result/redis/dg/dg-LLVM14-O2-g/high_precision_20260409_123302/log/pta_inv.lines.stderr.log
pta_inv,PTA,inv,lines,"ShuffleVector instruction is not supported, loosing precision",/home/jimi/PaperExperiment/CompilerOptimization/Result/redis/dg/dg-LLVM14-O2-g/high_precision_20260409_123302/log/pta_inv.lines.stderr.log
pta_inv,PTA,inv,lines,"ShuffleVector instruction is not supported, loosing precision",/home/jimi/PaperExperiment/CompilerOptimization/Result/redis/dg/dg-LLVM14-O2-g/high_precision_20260409_123302/log/pta_inv.lines.stderr.log
pta_inv,PTA,inv,lines,"ShuffleVector instruction is not supported, loosing precision",/home/jimi/PaperExperiment/CompilerOptimization/Result/redis/dg/dg-LLVM14-O2-g/high_precision_20260409_123302/log/pta_inv.lines.stderr.log
pta_inv,PTA,inv,lines,"ShuffleVector instruction is not supported, loosing precision",/home/jimi/PaperExperiment/CompilerOptimization/Result/redis/dg/dg-LLVM14-O2-g/high_precision_20260409_123302/log/pta_inv.lines.stderr.log
pta_inv,PTA,inv,lines,"ShuffleVector instruction is not supported, loosing precision",/home/jimi/PaperExperiment/CompilerOptimization/Result/redis/dg/dg-LLVM14-O2-g/high_precision_20260409_123302/log/pta_inv.lines.stderr.log
pta_inv,PTA,inv,lines,"ShuffleVector instruction is not supported, loosing precision",/home/jimi/PaperExperiment/CompilerOptimization/Result/redis/dg/dg-LLVM14-O2-g/high_precision_20260409_123302/log/pta_inv.lines.stderr.log
pta_inv,PTA,inv,lines,"ShuffleVector instruction is not supported, loosing precision",/home/jimi/PaperExperiment/CompilerOptimization/Result/redis/dg/dg-LLVM14-O2-g/high_precision_20260409_123302/log/pta_inv.lines.stderr.log
pta_inv,PTA,inv,lines,"ShuffleVector instruction is not supported, loosing precision",/home/jimi/PaperExperiment/CompilerOptimization/Result/redis/dg/dg-LLVM14-O2-g/high_precision_20260409_123302/log/pta_inv.lines.stderr.log
pta_inv,PTA,inv,lines,"ShuffleVector instruction is not supported, loosing precision",/home/jimi/PaperExperiment/CompilerOptimization/Result/redis/dg/dg-LLVM14-O2-g/high_precision_20260409_123302/log/pta_inv.lines.stderr.log
pta_inv,PTA,inv,lines,"ShuffleVector instruction is not supported, loosing precision",/home/jimi/PaperExperiment/CompilerOptimization/Result/redis/dg/dg-LLVM14-O2-g/high_precision_20260409_123302/log/pta_inv.lines.stderr.log
pta_inv,PTA,inv,lines,"ShuffleVector instruction is not supported, loosing precision",/home/jimi/PaperExperiment/CompilerOptimization/Result/redis/dg/dg-LLVM14-O2-g/high_precision_20260409_123302/log/pta_inv.lines.stderr.log
pta_inv,PTA,inv,lines,"ShuffleVector instruction is not supported, loosing precision",/home/jimi/PaperExperiment/CompilerOptimization/Result/redis/dg/dg-LLVM14-O2-g/high_precision_20260409_123302/log/pta_inv.lines.stderr.log
pta_inv,PTA,inv,lines,"ShuffleVector instruction is not supported, loosing precision",/home/jimi/PaperExperiment/CompilerOptimization/Result/redis/dg/dg-LLVM14-O2-g/high_precision_20260409_123302/log/pta_inv.lines.stderr.log
pta_inv,PTA,inv,lines,"ShuffleVector instruction is not supported, loosing precision",/home/jimi/PaperExperiment/CompilerOptimization/Result/redis/dg/dg-LLVM14-O2-g/high_precision_20260409_123302/log/pta_inv.lines.stderr.log
pta_inv,PTA,inv,lines,"ShuffleVector instruction is not supported, loosing precision",/home/jimi/PaperExperiment/CompilerOptimization/Result/redis/dg/dg-LLVM14-O2-g/high_precision_20260409_123302/log/pta_inv.lines.stderr.log
pta_inv,PTA,inv,lines,"ShuffleVector instruction is not supported, loosing precision",/home/jimi/PaperExperiment/CompilerOptimization/Result/redis/dg/dg-LLVM14-O2-g/high_precision_20260409_123302/log/pta_inv.lines.stderr.log
pta_inv,PTA,inv,lines,"ShuffleVector instruction is not supported, loosing precision",/home/jimi/PaperExperiment/CompilerOptimization/Result/redis/dg/dg-LLVM14-O2-g/high_precision_20260409_123302/log/pta_inv.lines.stderr.log
pta_inv,PTA,inv,lines,"ShuffleVector instruction is not supported, loosing precision",/home/jimi/PaperExperiment/CompilerOptimization/Result/redis/dg/dg-LLVM14-O2-g/high_precision_20260409_123302/log/pta_inv.lines.stderr.log
pta_inv,PTA,inv,lines,"ShuffleVector instruction is not supported, loosing precision",/home/jimi/PaperExperiment/CompilerOptimization/Result/redis/dg/dg-LLVM14-O2-g/high_precision_20260409_123302/log/pta_inv.lines.stderr.log
pta_inv,PTA,inv,lines,"ShuffleVector instruction is not supported, loosing precision",/home/jimi/PaperExperiment/CompilerOptimization/Result/redis/dg/dg-LLVM14-O2-g/high_precision_20260409_123302/log/pta_inv.lines.stderr.log
pta_inv,PTA,inv,lines,"ShuffleVector instruction is not supported, loosing precision",/home/jimi/PaperExperiment/CompilerOptimization/Result/redis/dg/dg-LLVM14-O2-g/high_precision_20260409_123302/log/pta_inv.lines.stderr.log
pta_inv,PTA,inv,lines,"ShuffleVector instruction is not supported, loosing precision",/home/jimi/PaperExperiment/CompilerOptimization/Result/redis/dg/dg-LLVM14-O2-g/high_precision_20260409_123302/log/pta_inv.lines.stderr.log
pta_inv,PTA,inv,lines,"ShuffleVector instruction is not supported, loosing precision",/home/jimi/PaperExperiment/CompilerOptimization/Result/redis/dg/dg-LLVM14-O2-g/high_precision_20260409_123302/log/pta_inv.lines.stderr.log
pta_inv,PTA,inv,lines,"ShuffleVector instruction is not supported, loosing precision",/home/jimi/PaperExperiment/CompilerOptimization/Result/redis/dg/dg-LLVM14-O2-g/high_precision_20260409_123302/log/pta_inv.lines.stderr.log
pta_inv,PTA,inv,lines,"ShuffleVector instruction is not supported, loosing precision",/home/jimi/PaperExperiment/CompilerOptimization/Result/redis/dg/dg-LLVM14-O2-g/high_precision_20260409_123302/log/pta_inv.lines.stderr.log
pta_inv,PTA,inv,lines,"ShuffleVector instruction is not supported, loosing precision",/home/jimi/PaperExperiment/CompilerOptimization/Result/redis/dg/dg-LLVM14-O2-g/high_precision_20260409_123302/log/pta_inv.lines.stderr.log
pta_inv,PTA,inv,lines,"ShuffleVector instruction is not supported, loosing precision",/home/jimi/PaperExperiment/CompilerOptimization/Result/redis/dg/dg-LLVM14-O2-g/high_precision_20260409_123302/log/pta_inv.lines.stderr.log
pta_inv,PTA,inv,lines,"ShuffleVector instruction is not supported, loosing precision",/home/jimi/PaperExperiment/CompilerOptimization/Result/redis/dg/dg-LLVM14-O2-g/high_precision_20260409_123302/log/pta_inv.lines.stderr.log
pta_inv,PTA,inv,lines,"ShuffleVector instruction is not supported, loosing precision",/home/jimi/PaperExperiment/CompilerOptimization/Result/redis/dg/dg-LLVM14-O2-g/high_precision_20260409_123302/log/pta_inv.lines.stderr.log
pta_inv,PTA,inv,lines,"ShuffleVector instruction is not supported, loosing precision",/home/jimi/PaperExperiment/CompilerOptimization/Result/redis/dg/dg-LLVM14-O2-g/high_precision_20260409_123302/log/pta_inv.lines.stderr.log
pta_inv,PTA,inv,lines,"ShuffleVector instruction is not supported, loosing precision",/home/jimi/PaperExperiment/CompilerOptimization/Result/redis/dg/dg-LLVM14-O2-g/high_precision_20260409_123302/log/pta_inv.lines.stderr.log
pta_inv,PTA,inv,lines,"ShuffleVector instruction is not supported, loosing precision",/home/jimi/PaperExperiment/CompilerOptimization/Result/redis/dg/dg-LLVM14-O2-g/high_precision_20260409_123302/log/pta_inv.lines.stderr.log
pta_inv,PTA,inv,lines,"ShuffleVector instruction is not supported, loosing precision",/home/jimi/PaperExperiment/CompilerOptimization/Result/redis/dg/dg-LLVM14-O2-g/high_precision_20260409_123302/log/pta_inv.lines.stderr.log
pta_inv,PTA,inv,lines,"ShuffleVector instruction is not supported, loosing precision",/home/jimi/PaperExperiment/CompilerOptimization/Result/redis/dg/dg-LLVM14-O2-g/high_precision_20260409_123302/log/pta_inv.lines.stderr.log
pta_inv,PTA,inv,lines,"ShuffleVector instruction is not supported, loosing precision",/home/jimi/PaperExperiment/CompilerOptimization/Result/redis/dg/dg-LLVM14-O2-g/high_precision_20260409_123302/log/pta_inv.lines.stderr.log
pta_inv,PTA,inv,lines,"ShuffleVector instruction is not supported, loosing precision",/home/jimi/PaperExperiment/CompilerOptimization/Result/redis/dg/dg-LLVM14-O2-g/high_precision_20260409_123302/log/pta_inv.lines.stderr.log
pta_inv,PTA,inv,lines,"ShuffleVector instruction is not supported, loosing precision",/home/jimi/PaperExperiment/CompilerOptimization/Result/redis/dg/dg-LLVM14-O2-g/high_precision_20260409_123302/log/pta_inv.lines.stderr.log
pta_inv,PTA,inv,lines,"ShuffleVector instruction is not supported, loosing precision",/home/jimi/PaperExperiment/CompilerOptimization/Result/redis/dg/dg-LLVM14-O2-g/high_precision_20260409_123302/log/pta_inv.lines.stderr.log
pta_inv,PTA,inv,lines,"ShuffleVector instruction is not supported, loosing precision",/home/jimi/PaperExperiment/CompilerOptimization/Result/redis/dg/dg-LLVM14-O2-g/high_precision_20260409_123302/log/pta_inv.lines.stderr.log
pta_inv,PTA,inv,lines,"ShuffleVector instruction is not supported, loosing precision",/home/jimi/PaperExperiment/CompilerOptimization/Result/redis/dg/dg-LLVM14-O2-g/high_precision_20260409_123302/log/pta_inv.lines.stderr.log
pta_inv,PTA,inv,lines,"ShuffleVector instruction is not supported, loosing precision",/home/jimi/PaperExperiment/CompilerOptimization/Result/redis/dg/dg-LLVM14-O2-g/high_precision_20260409_123302/log/pta_inv.lines.stderr.log
pta_inv,PTA,inv,lines,"ShuffleVector instruction is not supported, loosing precision",/home/jimi/PaperExperiment/CompilerOptimization/Result/redis/dg/dg-LLVM14-O2-g/high_precision_20260409_123302/log/pta_inv.lines.stderr.log
pta_inv,PTA,inv,lines,"ShuffleVector instruction is not supported, loosing precision",/home/jimi/PaperExperiment/CompilerOptimization/Result/redis/dg/dg-LLVM14-O2-g/high_precision_20260409_123302/log/pta_inv.lines.stderr.log
pta_inv,PTA,inv,lines,"ShuffleVector instruction is not supported, loosing precision",/home/jimi/PaperExperiment/CompilerOptimization/Result/redis/dg/dg-LLVM14-O2-g/high_precision_20260409_123302/log/pta_inv.lines.stderr.log
pta_inv,PTA,inv,lines,"ShuffleVector instruction is not supported, loosing precision",/home/jimi/PaperExperiment/CompilerOptimization/Result/redis/dg/dg-LLVM14-O2-g/high_precision_20260409_123302/log/pta_inv.lines.stderr.log
pta_inv,PTA,inv,lines,"ShuffleVector instruction is not supported, loosing precision",/home/jimi/PaperExperiment/CompilerOptimization/Result/redis/dg/dg-LLVM14-O2-g/high_precision_20260409_123302/log/pta_inv.lines.stderr.log
pta_inv,PTA,inv,lines,"ShuffleVector instruction is not supported, loosing precision",/home/jimi/PaperExperiment/CompilerOptimization/Result/redis/dg/dg-LLVM14-O2-g/high_precision_20260409_123302/log/pta_inv.lines.stderr.log
pta_inv,PTA,inv,lines,"ShuffleVector instruction is not supported, loosing precision",/home/jimi/PaperExperiment/CompilerOptimization/Result/redis/dg/dg-LLVM14-O2-g/high_precision_20260409_123302/log/pta_inv.lines.stderr.log
pta_inv,PTA,inv,lines,"ShuffleVector instruction is not supported, loosing precision",/home/jimi/PaperExperiment/CompilerOptimization/Result/redis/dg/dg-LLVM14-O2-g/high_precision_20260409_123302/log/pta_inv.lines.stderr.log
pta_inv,PTA,inv,lines,"ShuffleVector instruction is not supported, loosing precision",/home/jimi/PaperExperiment/CompilerOptimization/Result/redis/dg/dg-LLVM14-O2-g/high_precision_20260409_123302/log/pta_inv.lines.stderr.log
pta_inv,PTA,inv,lines,"WARNING: Non-0 memset:   call void @llvm.memset.p0i8.i64(i8* noundef nonnull align 8 dereferenceable(16) %25, i8 -1, i64 16, i1 false), !dbg !37067",/home/jimi/PaperExperiment/CompilerOptimization/Result/redis/dg/dg-LLVM14-O2-g/high_precision_20260409_123302/log/pta_inv.lines.stderr.log
pta_inv,PTA,inv,lines,"ShuffleVector instruction is not supported, loosing precision",/home/jimi/PaperExperiment/CompilerOptimization/Result/redis/dg/dg-LLVM14-O2-g/high_precision_20260409_123302/log/pta_inv.lines.stderr.log
pta_inv,PTA,inv,lines,"ShuffleVector instruction is not supported, loosing precision",/home/jimi/PaperExperiment/CompilerOptimization/Result/redis/dg/dg-LLVM14-O2-g/high_precision_20260409_123302/log/pta_inv.lines.stderr.log
pta_inv,PTA,inv,lines,"ShuffleVector instruction is not supported, loosing precision",/home/jimi/PaperExperiment/CompilerOptimization/Result/redis/dg/dg-LLVM14-O2-g/high_precision_20260409_123302/log/pta_inv.lines.stderr.log
pta_inv,PTA,inv,lines,"ShuffleVector instruction is not supported, loosing precision",/home/jimi/PaperExperiment/CompilerOptimization/Result/redis/dg/dg-LLVM14-O2-g/high_precision_20260409_123302/log/pta_inv.lines.stderr.log
pta_inv,PTA,inv,lines,"ShuffleVector instruction is not supported, loosing precision",/home/jimi/PaperExperiment/CompilerOptimization/Result/redis/dg/dg-LLVM14-O2-g/high_precision_20260409_123302/log/pta_inv.lines.stderr.log
pta_inv,PTA,inv,lines,"ShuffleVector instruction is not supported, loosing precision",/home/jimi/PaperExperiment/CompilerOptimization/Result/redis/dg/dg-LLVM14-O2-g/high_precision_20260409_123302/log/pta_inv.lines.stderr.log
pta_inv,PTA,inv,lines,"[pta] UNHANDLED:   %367 = insertvalue { i8*, i32 } poison, i8* %365, 0, !dbg !37605",/home/jimi/PaperExperiment/CompilerOptimization/Result/redis/dg/dg-LLVM14-O2-g/high_precision_20260409_123302/log/pta_inv.lines.stderr.log
pta_inv,PTA,inv,lines,"[pta] UNHANDLED:   %368 = insertvalue { i8*, i32 } %367, i32 %366, 1, !dbg !37605",/home/jimi/PaperExperiment/CompilerOptimization/Result/redis/dg/dg-LLVM14-O2-g/high_precision_20260409_123302/log/pta_inv.lines.stderr.log
pta_inv,PTA,inv,lines,"[pta] UNHANDLED:   %96 = insertvalue { i8*, i32 } poison, i8* %95, 0, !dbg !37112",/home/jimi/PaperExperiment/CompilerOptimization/Result/redis/dg/dg-LLVM14-O2-g/high_precision_20260409_123302/log/pta_inv.lines.stderr.log
pta_inv,PTA,inv,lines,"[pta] UNHANDLED:   %97 = insertvalue { i8*, i32 } %96, i32 %94, 1, !dbg !37112",/home/jimi/PaperExperiment/CompilerOptimization/Result/redis/dg/dg-LLVM14-O2-g/high_precision_20260409_123302/log/pta_inv.lines.stderr.log
pta_inv,PTA,inv,lines,"[pta] UNHANDLED:   %374 = insertvalue { i8*, i32 } poison, i8* %6, 0, !dbg !37505",/home/jimi/PaperExperiment/CompilerOptimization/Result/redis/dg/dg-LLVM14-O2-g/high_precision_20260409_123302/log/pta_inv.lines.stderr.log
pta_inv,PTA,inv,lines,"[pta] UNHANDLED:   %375 = insertvalue { i8*, i32 } %374, i32 %373, 1, !dbg !37505",/home/jimi/PaperExperiment/CompilerOptimization/Result/redis/dg/dg-LLVM14-O2-g/high_precision_20260409_123302/log/pta_inv.lines.stderr.log
pta_inv,PTA,inv,lines,"[pta] UNHANDLED:   %186 = insertvalue { i64, i32 } poison, i64 %185, 0, !dbg !37421",/home/jimi/PaperExperiment/CompilerOptimization/Result/redis/dg/dg-LLVM14-O2-g/high_precision_20260409_123302/log/pta_inv.lines.stderr.log
pta_inv,PTA,inv,lines,"[pta] UNHANDLED:   %187 = insertvalue { i64, i32 } %186, i32 %183, 1, !dbg !37421",/home/jimi/PaperExperiment/CompilerOptimization/Result/redis/dg/dg-LLVM14-O2-g/high_precision_20260409_123302/log/pta_inv.lines.stderr.log
pta_inv,PTA,inv,lines,"ShuffleVector instruction is not supported, loosing precision",/home/jimi/PaperExperiment/CompilerOptimization/Result/redis/dg/dg-LLVM14-O2-g/high_precision_20260409_123302/log/pta_inv.lines.stderr.log
pta_inv,PTA,inv,lines,"ShuffleVector instruction is not supported, loosing precision",/home/jimi/PaperExperiment/CompilerOptimization/Result/redis/dg/dg-LLVM14-O2-g/high_precision_20260409_123302/log/pta_inv.lines.stderr.log
pta_inv,PTA,inv,lines,"ShuffleVector instruction is not supported, loosing precision",/home/jimi/PaperExperiment/CompilerOptimization/Result/redis/dg/dg-LLVM14-O2-g/high_precision_20260409_123302/log/pta_inv.lines.stderr.log
pta_inv,PTA,inv,lines,"ShuffleVector instruction is not supported, loosing precision",/home/jimi/PaperExperiment/CompilerOptimization/Result/redis/dg/dg-LLVM14-O2-g/high_precision_20260409_123302/log/pta_inv.lines.stderr.log
pta_inv,PTA,inv,lines,"ShuffleVector instruction is not supported, loosing precision",/home/jimi/PaperExperiment/CompilerOptimization/Result/redis/dg/dg-LLVM14-O2-g/high_precision_20260409_123302/log/pta_inv.lines.stderr.log
pta_inv,PTA,inv,lines,"ShuffleVector instruction is not supported, loosing precision",/home/jimi/PaperExperiment/CompilerOptimization/Result/redis/dg/dg-LLVM14-O2-g/high_precision_20260409_123302/log/pta_inv.lines.stderr.log
pta_inv,PTA,inv,lines,"ShuffleVector instruction is not supported, loosing precision",/home/jimi/PaperExperiment/CompilerOptimization/Result/redis/dg/dg-LLVM14-O2-g/high_precision_20260409_123302/log/pta_inv.lines.stderr.log
pta_inv,PTA,inv,lines,"ShuffleVector instruction is not supported, loosing precision",/home/jimi/PaperExperiment/CompilerOptimization/Result/redis/dg/dg-LLVM14-O2-g/high_precision_20260409_123302/log/pta_inv.lines.stderr.log
pta_inv,PTA,inv,lines,"ShuffleVector instruction is not supported, loosing precision",/home/jimi/PaperExperiment/CompilerOptimization/Result/redis/dg/dg-LLVM14-O2-g/high_precision_20260409_123302/log/pta_inv.lines.stderr.log
pta_inv,PTA,inv,lines,"ShuffleVector instruction is not supported, loosing precision",/home/jimi/PaperExperiment/CompilerOptimization/Result/redis/dg/dg-LLVM14-O2-g/high_precision_20260409_123302/log/pta_inv.lines.stderr.log
pta_inv,PTA,inv,lines,"[pta] UNHANDLED:   %392 = insertvalue { i64, i32 } poison, i64 %390, 0, !dbg !37642",/home/jimi/PaperExperiment/CompilerOptimization/Result/redis/dg/dg-LLVM14-O2-g/high_precision_20260409_123302/log/pta_inv.lines.stderr.log
pta_inv,PTA,inv,lines,"[pta] UNHANDLED:   %393 = insertvalue { i64, i32 } %392, i32 %391, 1, !dbg !37642",/home/jimi/PaperExperiment/CompilerOptimization/Result/redis/dg/dg-LLVM14-O2-g/high_precision_20260409_123302/log/pta_inv.lines.stderr.log
pta_inv,PTA,inv,lines,"ShuffleVector instruction is not supported, loosing precision",/home/jimi/PaperExperiment/CompilerOptimization/Result/redis/dg/dg-LLVM14-O2-g/high_precision_20260409_123302/log/pta_inv.lines.stderr.log
pta_inv,PTA,inv,lines,"ShuffleVector instruction is not supported, loosing precision",/home/jimi/PaperExperiment/CompilerOptimization/Result/redis/dg/dg-LLVM14-O2-g/high_precision_20260409_123302/log/pta_inv.lines.stderr.log
pta_inv,PTA,inv,lines,"ShuffleVector instruction is not supported, loosing precision",/home/jimi/PaperExperiment/CompilerOptimization/Result/redis/dg/dg-LLVM14-O2-g/high_precision_20260409_123302/log/pta_inv.lines.stderr.log
pta_inv,PTA,inv,lines,"ShuffleVector instruction is not supported, loosing precision",/home/jimi/PaperExperiment/CompilerOptimization/Result/redis/dg/dg-LLVM14-O2-g/high_precision_20260409_123302/log/pta_inv.lines.stderr.log
pta_inv,PTA,inv,lines,"ShuffleVector instruction is not supported, loosing precision",/home/jimi/PaperExperiment/CompilerOptimization/Result/redis/dg/dg-LLVM14-O2-g/high_precision_20260409_123302/log/pta_inv.lines.stderr.log
pta_inv,PTA,inv,lines,"ShuffleVector instruction is not supported, loosing precision",/home/jimi/PaperExperiment/CompilerOptimization/Result/redis/dg/dg-LLVM14-O2-g/high_precision_20260409_123302/log/pta_inv.lines.stderr.log
pta_inv,PTA,inv,lines,"ShuffleVector instruction is not supported, loosing precision",/home/jimi/PaperExperiment/CompilerOptimization/Result/redis/dg/dg-LLVM14-O2-g/high_precision_20260409_123302/log/pta_inv.lines.stderr.log
pta_inv,PTA,inv,lines,"ShuffleVector instruction is not supported, loosing precision",/home/jimi/PaperExperiment/CompilerOptimization/Result/redis/dg/dg-LLVM14-O2-g/high_precision_20260409_123302/log/pta_inv.lines.stderr.log
pta_inv,PTA,inv,lines,"ShuffleVector instruction is not supported, loosing precision",/home/jimi/PaperExperiment/CompilerOptimization/Result/redis/dg/dg-LLVM14-O2-g/high_precision_20260409_123302/log/pta_inv.lines.stderr.log
pta_inv,PTA,inv,lines,"ShuffleVector instruction is not supported, loosing precision",/home/jimi/PaperExperiment/CompilerOptimization/Result/redis/dg/dg-LLVM14-O2-g/high_precision_20260409_123302/log/pta_inv.lines.stderr.log
pta_inv,PTA,inv,lines,"ShuffleVector instruction is not supported, loosing precision",/home/jimi/PaperExperiment/CompilerOptimization/Result/redis/dg/dg-LLVM14-O2-g/high_precision_20260409_123302/log/pta_inv.lines.stderr.log
pta_inv,PTA,inv,lines,"ShuffleVector instruction is not supported, loosing precision",/home/jimi/PaperExperiment/CompilerOptimization/Result/redis/dg/dg-LLVM14-O2-g/high_precision_20260409_123302/log/pta_inv.lines.stderr.log
pta_inv,PTA,inv,lines,"ShuffleVector instruction is not supported, loosing precision",/home/jimi/PaperExperiment/CompilerOptimization/Result/redis/dg/dg-LLVM14-O2-g/high_precision_20260409_123302/log/pta_inv.lines.stderr.log
pta_inv,PTA,inv,lines,"ShuffleVector instruction is not supported, loosing precision",/home/jimi/PaperExperiment/CompilerOptimization/Result/redis/dg/dg-LLVM14-O2-g/high_precision_20260409_123302/log/pta_inv.lines.stderr.log
pta_inv,PTA,inv,lines,"ShuffleVector instruction is not supported, loosing precision",/home/jimi/PaperExperiment/CompilerOptimization/Result/redis/dg/dg-LLVM14-O2-g/high_precision_20260409_123302/log/pta_inv.lines.stderr.log
pta_inv,PTA,inv,lines,"ShuffleVector instruction is not supported, loosing precision",/home/jimi/PaperExperiment/CompilerOptimization/Result/redis/dg/dg-LLVM14-O2-g/high_precision_20260409_123302/log/pta_inv.lines.stderr.log
pta_inv,PTA,inv,lines,"ShuffleVector instruction is not supported, loosing precision",/home/jimi/PaperExperiment/CompilerOptimization/Result/redis/dg/dg-LLVM14-O2-g/high_precision_20260409_123302/log/pta_inv.lines.stderr.log
pta_inv,PTA,inv,lines,"ShuffleVector instruction is not supported, loosing precision",/home/jimi/PaperExperiment/CompilerOptimization/Result/redis/dg/dg-LLVM14-O2-g/high_precision_20260409_123302/log/pta_inv.lines.stderr.log
pta_inv,PTA,inv,lines,"ShuffleVector instruction is not supported, loosing precision",/home/jimi/PaperExperiment/CompilerOptimization/Result/redis/dg/dg-LLVM14-O2-g/high_precision_20260409_123302/log/pta_inv.lines.stderr.log
pta_inv,PTA,inv,lines,"ShuffleVector instruction is not supported, loosing precision",/home/jimi/PaperExperiment/CompilerOptimization/Result/redis/dg/dg-LLVM14-O2-g/high_precision_20260409_123302/log/pta_inv.lines.stderr.log
pta_inv,PTA,inv,lines,"[pta] UNHANDLED:   %82 = cmpxchg weak i64* @zmalloc_peak, i64 %79, i64 %75 monotonic monotonic, align 8, !dbg !37096",/home/jimi/PaperExperiment/CompilerOptimization/Result/redis/dg/dg-LLVM14-O2-g/high_precision_20260409_123302/log/pta_inv.lines.stderr.log
pta_inv,PTA,inv,lines,"WARNING: Non-0 memset:   call void @llvm.memset.p0i8.i64(i8* noundef nonnull align 8 dereferenceable(16) %12, i8 -1, i64 16, i1 false), !dbg !37032",/home/jimi/PaperExperiment/CompilerOptimization/Result/redis/dg/dg-LLVM14-O2-g/high_precision_20260409_123302/log/pta_inv.lines.stderr.log
pta_inv,PTA,inv,lines,"WARNING: Non-0 memset:   call void @llvm.memset.p0i8.i64(i8* noundef nonnull align 8 dereferenceable(16) %14, i8 -1, i64 16, i1 false) #85, !dbg !37066",/home/jimi/PaperExperiment/CompilerOptimization/Result/redis/dg/dg-LLVM14-O2-g/high_precision_20260409_123302/log/pta_inv.lines.stderr.log
pta_inv,PTA,inv,lines,"WARNING: Non-0 memset:   call void @llvm.memset.p0i8.i64(i8* noundef nonnull align 8 dereferenceable(16) %20, i8 -1, i64 16, i1 false), !dbg !37074",/home/jimi/PaperExperiment/CompilerOptimization/Result/redis/dg/dg-LLVM14-O2-g/high_precision_20260409_123302/log/pta_inv.lines.stderr.log
pta_inv,PTA,inv,lines,"WARNING: Non-0 memset:   call void @llvm.memset.p0i8.i64(i8* noundef nonnull align 8 dereferenceable(16) %32, i8 -1, i64 16, i1 false), !dbg !37106",/home/jimi/PaperExperiment/CompilerOptimization/Result/redis/dg/dg-LLVM14-O2-g/high_precision_20260409_123302/log/pta_inv.lines.stderr.log
pta_inv,PTA,inv,lines,"WARNING: Non-0 memset:   tail call void @llvm.memset.p0i8.i64(i8* align 1 %287, i8 48, i64 %288, i1 false) #85, !dbg !37439",/home/jimi/PaperExperiment/CompilerOptimization/Result/redis/dg/dg-LLVM14-O2-g/high_precision_20260409_123302/log/pta_inv.lines.stderr.log
pta_inv,PTA,inv,lines,"WARNING: Non-0 memset:   tail call void @llvm.memset.p0i8.i64(i8* nonnull align 1 %298, i8 48, i64 %299, i1 false) #85, !dbg !37452",/home/jimi/PaperExperiment/CompilerOptimization/Result/redis/dg/dg-LLVM14-O2-g/high_precision_20260409_123302/log/pta_inv.lines.stderr.log
pta_inv,PTA,inv,lines,"WARNING: Non-0 memset:   call void @llvm.memset.p0i8.i64(i8* noundef nonnull align 8 dereferenceable(16) %94, i8 -1, i64 16, i1 false) #86, !dbg !37186",/home/jimi/PaperExperiment/CompilerOptimization/Result/redis/dg/dg-LLVM14-O2-g/high_precision_20260409_123302/log/pta_inv.lines.stderr.log
pta_inv,PTA,inv,lines,"WARNING: Non-0 memset:   call void @llvm.memset.p0i8.i64(i8* noundef nonnull align 8 dereferenceable(16) bitcast (i64* getelementptr inbounds (%struct.redisServer.226, %struct.redisServer.226* @server, i64 0, i32 258) to i8*), i8 -1, i64 16, i1 false), !dbg !37430",/home/jimi/PaperExperiment/CompilerOptimization/Result/redis/dg/dg-LLVM14-O2-g/high_precision_20260409_123302/log/pta_inv.lines.stderr.log
pta_inv,PTA,inv,lines,"WARNING: Non-0 memset:   tail call void @llvm.memset.p0i8.i64(i8* noundef nonnull align 8 dereferenceable(272) %57, i8 -1, i64 272, i1 false), !dbg !37100",/home/jimi/PaperExperiment/CompilerOptimization/Result/redis/dg/dg-LLVM14-O2-g/high_precision_20260409_123302/log/pta_inv.lines.stderr.log
pta_inv,PTA,inv,lines,"WARNING: Non-0 memset:   tail call void @llvm.memset.p0i8.i64(i8* noundef nonnull align 8 dereferenceable(16) %34, i8 -1, i64 16, i1 false) #85, !dbg !37114",/home/jimi/PaperExperiment/CompilerOptimization/Result/redis/dg/dg-LLVM14-O2-g/high_precision_20260409_123302/log/pta_inv.lines.stderr.log
pta_inv,PTA,inv,lines,"ShuffleVector instruction is not supported, loosing precision",/home/jimi/PaperExperiment/CompilerOptimization/Result/redis/dg/dg-LLVM14-O2-g/high_precision_20260409_123302/log/pta_inv.lines.stderr.log
pta_inv,PTA,inv,lines,"ShuffleVector instruction is not supported, loosing precision",/home/jimi/PaperExperiment/CompilerOptimization/Result/redis/dg/dg-LLVM14-O2-g/high_precision_20260409_123302/log/pta_inv.lines.stderr.log
pta_inv,PTA,inv,lines,"ShuffleVector instruction is not supported, loosing precision",/home/jimi/PaperExperiment/CompilerOptimization/Result/redis/dg/dg-LLVM14-O2-g/high_precision_20260409_123302/log/pta_inv.lines.stderr.log
pta_inv,PTA,inv,lines,"WARNING: Non-0 memset:   tail call void @llvm.memset.p0i8.i64(i8* noundef nonnull align 8 dereferenceable(16) %24, i8 -1, i64 16, i1 false) #85, !dbg !37083",/home/jimi/PaperExperiment/CompilerOptimization/Result/redis/dg/dg-LLVM14-O2-g/high_precision_20260409_123302/log/pta_inv.lines.stderr.log
pta_inv,PTA,inv,lines,"WARNING: Non-0 memset:   call void @llvm.memset.p0i8.i64(i8* noundef nonnull align 8 dereferenceable(16) %32, i8 -1, i64 16, i1 false), !dbg !37076",/home/jimi/PaperExperiment/CompilerOptimization/Result/redis/dg/dg-LLVM14-O2-g/high_precision_20260409_123302/log/pta_inv.lines.stderr.log
pta_inv,PTA,inv,lines,"ShuffleVector instruction is not supported, loosing precision",/home/jimi/PaperExperiment/CompilerOptimization/Result/redis/dg/dg-LLVM14-O2-g/high_precision_20260409_123302/log/pta_inv.lines.stderr.log
pta_inv,PTA,inv,dot,"[pta] UNHANDLED:   %82 = cmpxchg weak i64* @zmalloc_peak, i64 %79, i64 %75 monotonic monotonic, align 8, !dbg !37098",/home/jimi/PaperExperiment/CompilerOptimization/Result/redis/dg/dg-LLVM14-O2-g/high_precision_20260409_123302/log/pta_inv.dot.stderr.log
pta_inv,PTA,inv,dot,"WARNING: Non-0 memset:   call void @llvm.memset.p0i8.i64(i8* noundef nonnull align 1 dereferenceable(16) %14, i8 48, i64 16, i1 false) #85, !dbg !37150, !tbaa !37039",/home/jimi/PaperExperiment/CompilerOptimization/Result/redis/dg/dg-LLVM14-O2-g/high_precision_20260409_123302/log/pta_inv.dot.stderr.log
pta_inv,PTA,inv,dot,"[pta] UNHANDLED:   %83 = cmpxchg weak i64* @zmalloc_peak, i64 %80, i64 %76 monotonic monotonic, align 8, !dbg !37100",/home/jimi/PaperExperiment/CompilerOptimization/Result/redis/dg/dg-LLVM14-O2-g/high_precision_20260409_123302/log/pta_inv.dot.stderr.log
pta_inv,PTA,inv,dot,"[pta] UNHANDLED:   %83 = cmpxchg weak i64* @zmalloc_peak, i64 %80, i64 %76 monotonic monotonic, align 8, !dbg !37098",/home/jimi/PaperExperiment/CompilerOptimization/Result/redis/dg/dg-LLVM14-O2-g/high_precision_20260409_123302/log/pta_inv.dot.stderr.log
pta_inv,PTA,inv,dot,"ShuffleVector instruction is not supported, loosing precision",/home/jimi/PaperExperiment/CompilerOptimization/Result/redis/dg/dg-LLVM14-O2-g/high_precision_20260409_123302/log/pta_inv.dot.stderr.log
pta_inv,PTA,inv,dot,"ShuffleVector instruction is not supported, loosing precision",/home/jimi/PaperExperiment/CompilerOptimization/Result/redis/dg/dg-LLVM14-O2-g/high_precision_20260409_123302/log/pta_inv.dot.stderr.log
pta_inv,PTA,inv,dot,"[pta] UNHANDLED:   %82 = cmpxchg weak i64* @zmalloc_peak, i64 %79, i64 %75 monotonic monotonic, align 8, !dbg !37098",/home/jimi/PaperExperiment/CompilerOptimization/Result/redis/dg/dg-LLVM14-O2-g/high_precision_20260409_123302/log/pta_inv.dot.stderr.log
pta_inv,PTA,inv,dot,"[pta] UNHANDLED:   %129 = cmpxchg weak i64* @zmalloc_peak, i64 %126, i64 %122 monotonic monotonic, align 8, !dbg !37166",/home/jimi/PaperExperiment/CompilerOptimization/Result/redis/dg/dg-LLVM14-O2-g/high_precision_20260409_123302/log/pta_inv.dot.stderr.log
pta_inv,PTA,inv,dot,"[pta] UNHANDLED:   %82 = cmpxchg weak i64* @zmalloc_peak, i64 %79, i64 %75 monotonic monotonic, align 8, !dbg !37096",/home/jimi/PaperExperiment/CompilerOptimization/Result/redis/dg/dg-LLVM14-O2-g/high_precision_20260409_123302/log/pta_inv.dot.stderr.log
pta_inv,PTA,inv,dot,"ShuffleVector instruction is not supported, loosing precision",/home/jimi/PaperExperiment/CompilerOptimization/Result/redis/dg/dg-LLVM14-O2-g/high_precision_20260409_123302/log/pta_inv.dot.stderr.log
pta_inv,PTA,inv,dot,"WARNING: Non-0 memset:   tail call void @llvm.memset.p0i8.i64(i8* noundef nonnull align 1 dereferenceable(41) getelementptr inbounds (%struct.redisServer, %struct.redisServer* bitcast (%struct.redisServer.226* @server to %struct.redisServer*), i64 0, i32 288, i64 0), i8 48, i64 40, i1 false), !dbg !37002",/home/jimi/PaperExperiment/CompilerOptimization/Result/redis/dg/dg-LLVM14-O2-g/high_precision_20260409_123302/log/pta_inv.dot.stderr.log
pta_inv,PTA,inv,dot,"WARNING: Non-0 memset:   call void @llvm.memset.p0i8.i64(i8* noundef nonnull align 8 dereferenceable(16) bitcast (i64* getelementptr inbounds (%struct.redisServer.226, %struct.redisServer.226* @server, i64 0, i32 228) to i8*), i8 -1, i64 16, i1 false), !dbg !37152",/home/jimi/PaperExperiment/CompilerOptimization/Result/redis/dg/dg-LLVM14-O2-g/high_precision_20260409_123302/log/pta_inv.dot.stderr.log
pta_inv,PTA,inv,dot,"WARNING: Non-0 memset:   tail call void @llvm.memset.p0i8.i64(i8* noundef nonnull align 8 dereferenceable(128) %53, i8 -1, i64 128, i1 false), !dbg !37100",/home/jimi/PaperExperiment/CompilerOptimization/Result/redis/dg/dg-LLVM14-O2-g/high_precision_20260409_123302/log/pta_inv.dot.stderr.log
pta_inv,PTA,inv,dot,"WARNING: Saving stack may yield unsound results!:   %40 = call i8* @llvm.stacksave(), !dbg !37076",/home/jimi/PaperExperiment/CompilerOptimization/Result/redis/dg/dg-LLVM14-O2-g/high_precision_20260409_123302/log/pta_inv.dot.stderr.log
pta_inv,PTA,inv,dot,"[pta] UNHANDLED:   %91 = cmpxchg weak i64* @zmalloc_peak, i64 %88, i64 %84 monotonic monotonic, align 8, !dbg !37110",/home/jimi/PaperExperiment/CompilerOptimization/Result/redis/dg/dg-LLVM14-O2-g/high_precision_20260409_123302/log/pta_inv.dot.stderr.log
pta_inv,PTA,inv,dot,"ShuffleVector instruction is not supported, loosing precision",/home/jimi/PaperExperiment/CompilerOptimization/Result/redis/dg/dg-LLVM14-O2-g/high_precision_20260409_123302/log/pta_inv.dot.stderr.log
pta_inv,PTA,inv,dot,"ShuffleVector instruction is not supported, loosing precision",/home/jimi/PaperExperiment/CompilerOptimization/Result/redis/dg/dg-LLVM14-O2-g/high_precision_20260409_123302/log/pta_inv.dot.stderr.log
pta_inv,PTA,inv,dot,"ShuffleVector instruction is not supported, loosing precision",/home/jimi/PaperExperiment/CompilerOptimization/Result/redis/dg/dg-LLVM14-O2-g/high_precision_20260409_123302/log/pta_inv.dot.stderr.log
pta_inv,PTA,inv,dot,"ShuffleVector instruction is not supported, loosing precision",/home/jimi/PaperExperiment/CompilerOptimization/Result/redis/dg/dg-LLVM14-O2-g/high_precision_20260409_123302/log/pta_inv.dot.stderr.log
pta_inv,PTA,inv,dot,"ShuffleVector instruction is not supported, loosing precision",/home/jimi/PaperExperiment/CompilerOptimization/Result/redis/dg/dg-LLVM14-O2-g/high_precision_20260409_123302/log/pta_inv.dot.stderr.log
pta_inv,PTA,inv,dot,"ShuffleVector instruction is not supported, loosing precision",/home/jimi/PaperExperiment/CompilerOptimization/Result/redis/dg/dg-LLVM14-O2-g/high_precision_20260409_123302/log/pta_inv.dot.stderr.log
pta_inv,PTA,inv,dot,"ShuffleVector instruction is not supported, loosing precision",/home/jimi/PaperExperiment/CompilerOptimization/Result/redis/dg/dg-LLVM14-O2-g/high_precision_20260409_123302/log/pta_inv.dot.stderr.log
pta_inv,PTA,inv,dot,"ShuffleVector instruction is not supported, loosing precision",/home/jimi/PaperExperiment/CompilerOptimization/Result/redis/dg/dg-LLVM14-O2-g/high_precision_20260409_123302/log/pta_inv.dot.stderr.log
pta_inv,PTA,inv,dot,"ShuffleVector instruction is not supported, loosing precision",/home/jimi/PaperExperiment/CompilerOptimization/Result/redis/dg/dg-LLVM14-O2-g/high_precision_20260409_123302/log/pta_inv.dot.stderr.log
pta_inv,PTA,inv,dot,"ShuffleVector instruction is not supported, loosing precision",/home/jimi/PaperExperiment/CompilerOptimization/Result/redis/dg/dg-LLVM14-O2-g/high_precision_20260409_123302/log/pta_inv.dot.stderr.log
pta_inv,PTA,inv,dot,"ShuffleVector instruction is not supported, loosing precision",/home/jimi/PaperExperiment/CompilerOptimization/Result/redis/dg/dg-LLVM14-O2-g/high_precision_20260409_123302/log/pta_inv.dot.stderr.log
pta_inv,PTA,inv,dot,"ShuffleVector instruction is not supported, loosing precision",/home/jimi/PaperExperiment/CompilerOptimization/Result/redis/dg/dg-LLVM14-O2-g/high_precision_20260409_123302/log/pta_inv.dot.stderr.log
pta_inv,PTA,inv,dot,"ShuffleVector instruction is not supported, loosing precision",/home/jimi/PaperExperiment/CompilerOptimization/Result/redis/dg/dg-LLVM14-O2-g/high_precision_20260409_123302/log/pta_inv.dot.stderr.log
pta_inv,PTA,inv,dot,"ShuffleVector instruction is not supported, loosing precision",/home/jimi/PaperExperiment/CompilerOptimization/Result/redis/dg/dg-LLVM14-O2-g/high_precision_20260409_123302/log/pta_inv.dot.stderr.log
pta_inv,PTA,inv,dot,"ShuffleVector instruction is not supported, loosing precision",/home/jimi/PaperExperiment/CompilerOptimization/Result/redis/dg/dg-LLVM14-O2-g/high_precision_20260409_123302/log/pta_inv.dot.stderr.log
pta_inv,PTA,inv,dot,"ShuffleVector instruction is not supported, loosing precision",/home/jimi/PaperExperiment/CompilerOptimization/Result/redis/dg/dg-LLVM14-O2-g/high_precision_20260409_123302/log/pta_inv.dot.stderr.log
pta_inv,PTA,inv,dot,"ShuffleVector instruction is not supported, loosing precision",/home/jimi/PaperExperiment/CompilerOptimization/Result/redis/dg/dg-LLVM14-O2-g/high_precision_20260409_123302/log/pta_inv.dot.stderr.log
pta_inv,PTA,inv,dot,"ShuffleVector instruction is not supported, loosing precision",/home/jimi/PaperExperiment/CompilerOptimization/Result/redis/dg/dg-LLVM14-O2-g/high_precision_20260409_123302/log/pta_inv.dot.stderr.log
pta_inv,PTA,inv,dot,"ShuffleVector instruction is not supported, loosing precision",/home/jimi/PaperExperiment/CompilerOptimization/Result/redis/dg/dg-LLVM14-O2-g/high_precision_20260409_123302/log/pta_inv.dot.stderr.log
pta_inv,PTA,inv,dot,"ShuffleVector instruction is not supported, loosing precision",/home/jimi/PaperExperiment/CompilerOptimization/Result/redis/dg/dg-LLVM14-O2-g/high_precision_20260409_123302/log/pta_inv.dot.stderr.log
pta_inv,PTA,inv,dot,"ShuffleVector instruction is not supported, loosing precision",/home/jimi/PaperExperiment/CompilerOptimization/Result/redis/dg/dg-LLVM14-O2-g/high_precision_20260409_123302/log/pta_inv.dot.stderr.log
pta_inv,PTA,inv,dot,"ShuffleVector instruction is not supported, loosing precision",/home/jimi/PaperExperiment/CompilerOptimization/Result/redis/dg/dg-LLVM14-O2-g/high_precision_20260409_123302/log/pta_inv.dot.stderr.log
pta_inv,PTA,inv,dot,"ShuffleVector instruction is not supported, loosing precision",/home/jimi/PaperExperiment/CompilerOptimization/Result/redis/dg/dg-LLVM14-O2-g/high_precision_20260409_123302/log/pta_inv.dot.stderr.log
pta_inv,PTA,inv,dot,"ShuffleVector instruction is not supported, loosing precision",/home/jimi/PaperExperiment/CompilerOptimization/Result/redis/dg/dg-LLVM14-O2-g/high_precision_20260409_123302/log/pta_inv.dot.stderr.log
pta_inv,PTA,inv,dot,"ShuffleVector instruction is not supported, loosing precision",/home/jimi/PaperExperiment/CompilerOptimization/Result/redis/dg/dg-LLVM14-O2-g/high_precision_20260409_123302/log/pta_inv.dot.stderr.log
pta_inv,PTA,inv,dot,"ShuffleVector instruction is not supported, loosing precision",/home/jimi/PaperExperiment/CompilerOptimization/Result/redis/dg/dg-LLVM14-O2-g/high_precision_20260409_123302/log/pta_inv.dot.stderr.log
pta_inv,PTA,inv,dot,"ShuffleVector instruction is not supported, loosing precision",/home/jimi/PaperExperiment/CompilerOptimization/Result/redis/dg/dg-LLVM14-O2-g/high_precision_20260409_123302/log/pta_inv.dot.stderr.log
pta_inv,PTA,inv,dot,"ShuffleVector instruction is not supported, loosing precision",/home/jimi/PaperExperiment/CompilerOptimization/Result/redis/dg/dg-LLVM14-O2-g/high_precision_20260409_123302/log/pta_inv.dot.stderr.log
pta_inv,PTA,inv,dot,"ShuffleVector instruction is not supported, loosing precision",/home/jimi/PaperExperiment/CompilerOptimization/Result/redis/dg/dg-LLVM14-O2-g/high_precision_20260409_123302/log/pta_inv.dot.stderr.log
pta_inv,PTA,inv,dot,"ShuffleVector instruction is not supported, loosing precision",/home/jimi/PaperExperiment/CompilerOptimization/Result/redis/dg/dg-LLVM14-O2-g/high_precision_20260409_123302/log/pta_inv.dot.stderr.log
pta_inv,PTA,inv,dot,"ShuffleVector instruction is not supported, loosing precision",/home/jimi/PaperExperiment/CompilerOptimization/Result/redis/dg/dg-LLVM14-O2-g/high_precision_20260409_123302/log/pta_inv.dot.stderr.log
pta_inv,PTA,inv,dot,"ShuffleVector instruction is not supported, loosing precision",/home/jimi/PaperExperiment/CompilerOptimization/Result/redis/dg/dg-LLVM14-O2-g/high_precision_20260409_123302/log/pta_inv.dot.stderr.log
pta_inv,PTA,inv,dot,"ShuffleVector instruction is not supported, loosing precision",/home/jimi/PaperExperiment/CompilerOptimization/Result/redis/dg/dg-LLVM14-O2-g/high_precision_20260409_123302/log/pta_inv.dot.stderr.log
pta_inv,PTA,inv,dot,"ShuffleVector instruction is not supported, loosing precision",/home/jimi/PaperExperiment/CompilerOptimization/Result/redis/dg/dg-LLVM14-O2-g/high_precision_20260409_123302/log/pta_inv.dot.stderr.log
pta_inv,PTA,inv,dot,"ShuffleVector instruction is not supported, loosing precision",/home/jimi/PaperExperiment/CompilerOptimization/Result/redis/dg/dg-LLVM14-O2-g/high_precision_20260409_123302/log/pta_inv.dot.stderr.log
pta_inv,PTA,inv,dot,"ShuffleVector instruction is not supported, loosing precision",/home/jimi/PaperExperiment/CompilerOptimization/Result/redis/dg/dg-LLVM14-O2-g/high_precision_20260409_123302/log/pta_inv.dot.stderr.log
pta_inv,PTA,inv,dot,"ShuffleVector instruction is not supported, loosing precision",/home/jimi/PaperExperiment/CompilerOptimization/Result/redis/dg/dg-LLVM14-O2-g/high_precision_20260409_123302/log/pta_inv.dot.stderr.log
pta_inv,PTA,inv,dot,"ShuffleVector instruction is not supported, loosing precision",/home/jimi/PaperExperiment/CompilerOptimization/Result/redis/dg/dg-LLVM14-O2-g/high_precision_20260409_123302/log/pta_inv.dot.stderr.log
pta_inv,PTA,inv,dot,"ShuffleVector instruction is not supported, loosing precision",/home/jimi/PaperExperiment/CompilerOptimization/Result/redis/dg/dg-LLVM14-O2-g/high_precision_20260409_123302/log/pta_inv.dot.stderr.log
pta_inv,PTA,inv,dot,"ShuffleVector instruction is not supported, loosing precision",/home/jimi/PaperExperiment/CompilerOptimization/Result/redis/dg/dg-LLVM14-O2-g/high_precision_20260409_123302/log/pta_inv.dot.stderr.log
pta_inv,PTA,inv,dot,"ShuffleVector instruction is not supported, loosing precision",/home/jimi/PaperExperiment/CompilerOptimization/Result/redis/dg/dg-LLVM14-O2-g/high_precision_20260409_123302/log/pta_inv.dot.stderr.log
pta_inv,PTA,inv,dot,"ShuffleVector instruction is not supported, loosing precision",/home/jimi/PaperExperiment/CompilerOptimization/Result/redis/dg/dg-LLVM14-O2-g/high_precision_20260409_123302/log/pta_inv.dot.stderr.log
pta_inv,PTA,inv,dot,"ShuffleVector instruction is not supported, loosing precision",/home/jimi/PaperExperiment/CompilerOptimization/Result/redis/dg/dg-LLVM14-O2-g/high_precision_20260409_123302/log/pta_inv.dot.stderr.log
pta_inv,PTA,inv,dot,"ShuffleVector instruction is not supported, loosing precision",/home/jimi/PaperExperiment/CompilerOptimization/Result/redis/dg/dg-LLVM14-O2-g/high_precision_20260409_123302/log/pta_inv.dot.stderr.log
pta_inv,PTA,inv,dot,"ShuffleVector instruction is not supported, loosing precision",/home/jimi/PaperExperiment/CompilerOptimization/Result/redis/dg/dg-LLVM14-O2-g/high_precision_20260409_123302/log/pta_inv.dot.stderr.log
pta_inv,PTA,inv,dot,"ShuffleVector instruction is not supported, loosing precision",/home/jimi/PaperExperiment/CompilerOptimization/Result/redis/dg/dg-LLVM14-O2-g/high_precision_20260409_123302/log/pta_inv.dot.stderr.log
pta_inv,PTA,inv,dot,"ShuffleVector instruction is not supported, loosing precision",/home/jimi/PaperExperiment/CompilerOptimization/Result/redis/dg/dg-LLVM14-O2-g/high_precision_20260409_123302/log/pta_inv.dot.stderr.log
pta_inv,PTA,inv,dot,"ShuffleVector instruction is not supported, loosing precision",/home/jimi/PaperExperiment/CompilerOptimization/Result/redis/dg/dg-LLVM14-O2-g/high_precision_20260409_123302/log/pta_inv.dot.stderr.log
pta_inv,PTA,inv,dot,"ShuffleVector instruction is not supported, loosing precision",/home/jimi/PaperExperiment/CompilerOptimization/Result/redis/dg/dg-LLVM14-O2-g/high_precision_20260409_123302/log/pta_inv.dot.stderr.log
pta_inv,PTA,inv,dot,"ShuffleVector instruction is not supported, loosing precision",/home/jimi/PaperExperiment/CompilerOptimization/Result/redis/dg/dg-LLVM14-O2-g/high_precision_20260409_123302/log/pta_inv.dot.stderr.log
pta_inv,PTA,inv,dot,"ShuffleVector instruction is not supported, loosing precision",/home/jimi/PaperExperiment/CompilerOptimization/Result/redis/dg/dg-LLVM14-O2-g/high_precision_20260409_123302/log/pta_inv.dot.stderr.log
pta_inv,PTA,inv,dot,"ShuffleVector instruction is not supported, loosing precision",/home/jimi/PaperExperiment/CompilerOptimization/Result/redis/dg/dg-LLVM14-O2-g/high_precision_20260409_123302/log/pta_inv.dot.stderr.log
pta_inv,PTA,inv,dot,"ShuffleVector instruction is not supported, loosing precision",/home/jimi/PaperExperiment/CompilerOptimization/Result/redis/dg/dg-LLVM14-O2-g/high_precision_20260409_123302/log/pta_inv.dot.stderr.log
pta_inv,PTA,inv,dot,"ShuffleVector instruction is not supported, loosing precision",/home/jimi/PaperExperiment/CompilerOptimization/Result/redis/dg/dg-LLVM14-O2-g/high_precision_20260409_123302/log/pta_inv.dot.stderr.log
pta_inv,PTA,inv,dot,"ShuffleVector instruction is not supported, loosing precision",/home/jimi/PaperExperiment/CompilerOptimization/Result/redis/dg/dg-LLVM14-O2-g/high_precision_20260409_123302/log/pta_inv.dot.stderr.log
pta_inv,PTA,inv,dot,"ShuffleVector instruction is not supported, loosing precision",/home/jimi/PaperExperiment/CompilerOptimization/Result/redis/dg/dg-LLVM14-O2-g/high_precision_20260409_123302/log/pta_inv.dot.stderr.log
pta_inv,PTA,inv,dot,"WARNING: Non-0 memset:   call void @llvm.memset.p0i8.i64(i8* noundef nonnull align 8 dereferenceable(16) %25, i8 -1, i64 16, i1 false), !dbg !37067",/home/jimi/PaperExperiment/CompilerOptimization/Result/redis/dg/dg-LLVM14-O2-g/high_precision_20260409_123302/log/pta_inv.dot.stderr.log
pta_inv,PTA,inv,dot,"ShuffleVector instruction is not supported, loosing precision",/home/jimi/PaperExperiment/CompilerOptimization/Result/redis/dg/dg-LLVM14-O2-g/high_precision_20260409_123302/log/pta_inv.dot.stderr.log
pta_inv,PTA,inv,dot,"ShuffleVector instruction is not supported, loosing precision",/home/jimi/PaperExperiment/CompilerOptimization/Result/redis/dg/dg-LLVM14-O2-g/high_precision_20260409_123302/log/pta_inv.dot.stderr.log
pta_inv,PTA,inv,dot,"ShuffleVector instruction is not supported, loosing precision",/home/jimi/PaperExperiment/CompilerOptimization/Result/redis/dg/dg-LLVM14-O2-g/high_precision_20260409_123302/log/pta_inv.dot.stderr.log
pta_inv,PTA,inv,dot,"ShuffleVector instruction is not supported, loosing precision",/home/jimi/PaperExperiment/CompilerOptimization/Result/redis/dg/dg-LLVM14-O2-g/high_precision_20260409_123302/log/pta_inv.dot.stderr.log
pta_inv,PTA,inv,dot,"ShuffleVector instruction is not supported, loosing precision",/home/jimi/PaperExperiment/CompilerOptimization/Result/redis/dg/dg-LLVM14-O2-g/high_precision_20260409_123302/log/pta_inv.dot.stderr.log
pta_inv,PTA,inv,dot,"ShuffleVector instruction is not supported, loosing precision",/home/jimi/PaperExperiment/CompilerOptimization/Result/redis/dg/dg-LLVM14-O2-g/high_precision_20260409_123302/log/pta_inv.dot.stderr.log
pta_inv,PTA,inv,dot,"[pta] UNHANDLED:   %367 = insertvalue { i8*, i32 } poison, i8* %365, 0, !dbg !37605",/home/jimi/PaperExperiment/CompilerOptimization/Result/redis/dg/dg-LLVM14-O2-g/high_precision_20260409_123302/log/pta_inv.dot.stderr.log
pta_inv,PTA,inv,dot,"[pta] UNHANDLED:   %368 = insertvalue { i8*, i32 } %367, i32 %366, 1, !dbg !37605",/home/jimi/PaperExperiment/CompilerOptimization/Result/redis/dg/dg-LLVM14-O2-g/high_precision_20260409_123302/log/pta_inv.dot.stderr.log
pta_inv,PTA,inv,dot,"[pta] UNHANDLED:   %96 = insertvalue { i8*, i32 } poison, i8* %95, 0, !dbg !37112",/home/jimi/PaperExperiment/CompilerOptimization/Result/redis/dg/dg-LLVM14-O2-g/high_precision_20260409_123302/log/pta_inv.dot.stderr.log
pta_inv,PTA,inv,dot,"[pta] UNHANDLED:   %97 = insertvalue { i8*, i32 } %96, i32 %94, 1, !dbg !37112",/home/jimi/PaperExperiment/CompilerOptimization/Result/redis/dg/dg-LLVM14-O2-g/high_precision_20260409_123302/log/pta_inv.dot.stderr.log
pta_inv,PTA,inv,dot,"[pta] UNHANDLED:   %374 = insertvalue { i8*, i32 } poison, i8* %6, 0, !dbg !37505",/home/jimi/PaperExperiment/CompilerOptimization/Result/redis/dg/dg-LLVM14-O2-g/high_precision_20260409_123302/log/pta_inv.dot.stderr.log
pta_inv,PTA,inv,dot,"[pta] UNHANDLED:   %375 = insertvalue { i8*, i32 } %374, i32 %373, 1, !dbg !37505",/home/jimi/PaperExperiment/CompilerOptimization/Result/redis/dg/dg-LLVM14-O2-g/high_precision_20260409_123302/log/pta_inv.dot.stderr.log
pta_inv,PTA,inv,dot,"[pta] UNHANDLED:   %186 = insertvalue { i64, i32 } poison, i64 %185, 0, !dbg !37421",/home/jimi/PaperExperiment/CompilerOptimization/Result/redis/dg/dg-LLVM14-O2-g/high_precision_20260409_123302/log/pta_inv.dot.stderr.log
pta_inv,PTA,inv,dot,"[pta] UNHANDLED:   %187 = insertvalue { i64, i32 } %186, i32 %183, 1, !dbg !37421",/home/jimi/PaperExperiment/CompilerOptimization/Result/redis/dg/dg-LLVM14-O2-g/high_precision_20260409_123302/log/pta_inv.dot.stderr.log
pta_inv,PTA,inv,dot,"ShuffleVector instruction is not supported, loosing precision",/home/jimi/PaperExperiment/CompilerOptimization/Result/redis/dg/dg-LLVM14-O2-g/high_precision_20260409_123302/log/pta_inv.dot.stderr.log
pta_inv,PTA,inv,dot,"ShuffleVector instruction is not supported, loosing precision",/home/jimi/PaperExperiment/CompilerOptimization/Result/redis/dg/dg-LLVM14-O2-g/high_precision_20260409_123302/log/pta_inv.dot.stderr.log
pta_inv,PTA,inv,dot,"ShuffleVector instruction is not supported, loosing precision",/home/jimi/PaperExperiment/CompilerOptimization/Result/redis/dg/dg-LLVM14-O2-g/high_precision_20260409_123302/log/pta_inv.dot.stderr.log
pta_inv,PTA,inv,dot,"ShuffleVector instruction is not supported, loosing precision",/home/jimi/PaperExperiment/CompilerOptimization/Result/redis/dg/dg-LLVM14-O2-g/high_precision_20260409_123302/log/pta_inv.dot.stderr.log
pta_inv,PTA,inv,dot,"ShuffleVector instruction is not supported, loosing precision",/home/jimi/PaperExperiment/CompilerOptimization/Result/redis/dg/dg-LLVM14-O2-g/high_precision_20260409_123302/log/pta_inv.dot.stderr.log
pta_inv,PTA,inv,dot,"ShuffleVector instruction is not supported, loosing precision",/home/jimi/PaperExperiment/CompilerOptimization/Result/redis/dg/dg-LLVM14-O2-g/high_precision_20260409_123302/log/pta_inv.dot.stderr.log
pta_inv,PTA,inv,dot,"ShuffleVector instruction is not supported, loosing precision",/home/jimi/PaperExperiment/CompilerOptimization/Result/redis/dg/dg-LLVM14-O2-g/high_precision_20260409_123302/log/pta_inv.dot.stderr.log
pta_inv,PTA,inv,dot,"ShuffleVector instruction is not supported, loosing precision",/home/jimi/PaperExperiment/CompilerOptimization/Result/redis/dg/dg-LLVM14-O2-g/high_precision_20260409_123302/log/pta_inv.dot.stderr.log
pta_inv,PTA,inv,dot,"ShuffleVector instruction is not supported, loosing precision",/home/jimi/PaperExperiment/CompilerOptimization/Result/redis/dg/dg-LLVM14-O2-g/high_precision_20260409_123302/log/pta_inv.dot.stderr.log
pta_inv,PTA,inv,dot,"ShuffleVector instruction is not supported, loosing precision",/home/jimi/PaperExperiment/CompilerOptimization/Result/redis/dg/dg-LLVM14-O2-g/high_precision_20260409_123302/log/pta_inv.dot.stderr.log
pta_inv,PTA,inv,dot,"[pta] UNHANDLED:   %392 = insertvalue { i64, i32 } poison, i64 %390, 0, !dbg !37642",/home/jimi/PaperExperiment/CompilerOptimization/Result/redis/dg/dg-LLVM14-O2-g/high_precision_20260409_123302/log/pta_inv.dot.stderr.log
pta_inv,PTA,inv,dot,"[pta] UNHANDLED:   %393 = insertvalue { i64, i32 } %392, i32 %391, 1, !dbg !37642",/home/jimi/PaperExperiment/CompilerOptimization/Result/redis/dg/dg-LLVM14-O2-g/high_precision_20260409_123302/log/pta_inv.dot.stderr.log
pta_inv,PTA,inv,dot,"ShuffleVector instruction is not supported, loosing precision",/home/jimi/PaperExperiment/CompilerOptimization/Result/redis/dg/dg-LLVM14-O2-g/high_precision_20260409_123302/log/pta_inv.dot.stderr.log
pta_inv,PTA,inv,dot,"ShuffleVector instruction is not supported, loosing precision",/home/jimi/PaperExperiment/CompilerOptimization/Result/redis/dg/dg-LLVM14-O2-g/high_precision_20260409_123302/log/pta_inv.dot.stderr.log
pta_inv,PTA,inv,dot,"ShuffleVector instruction is not supported, loosing precision",/home/jimi/PaperExperiment/CompilerOptimization/Result/redis/dg/dg-LLVM14-O2-g/high_precision_20260409_123302/log/pta_inv.dot.stderr.log
pta_inv,PTA,inv,dot,"ShuffleVector instruction is not supported, loosing precision",/home/jimi/PaperExperiment/CompilerOptimization/Result/redis/dg/dg-LLVM14-O2-g/high_precision_20260409_123302/log/pta_inv.dot.stderr.log
pta_inv,PTA,inv,dot,"ShuffleVector instruction is not supported, loosing precision",/home/jimi/PaperExperiment/CompilerOptimization/Result/redis/dg/dg-LLVM14-O2-g/high_precision_20260409_123302/log/pta_inv.dot.stderr.log
pta_inv,PTA,inv,dot,"ShuffleVector instruction is not supported, loosing precision",/home/jimi/PaperExperiment/CompilerOptimization/Result/redis/dg/dg-LLVM14-O2-g/high_precision_20260409_123302/log/pta_inv.dot.stderr.log
pta_inv,PTA,inv,dot,"ShuffleVector instruction is not supported, loosing precision",/home/jimi/PaperExperiment/CompilerOptimization/Result/redis/dg/dg-LLVM14-O2-g/high_precision_20260409_123302/log/pta_inv.dot.stderr.log
pta_inv,PTA,inv,dot,"ShuffleVector instruction is not supported, loosing precision",/home/jimi/PaperExperiment/CompilerOptimization/Result/redis/dg/dg-LLVM14-O2-g/high_precision_20260409_123302/log/pta_inv.dot.stderr.log
pta_inv,PTA,inv,dot,"ShuffleVector instruction is not supported, loosing precision",/home/jimi/PaperExperiment/CompilerOptimization/Result/redis/dg/dg-LLVM14-O2-g/high_precision_20260409_123302/log/pta_inv.dot.stderr.log
pta_inv,PTA,inv,dot,"ShuffleVector instruction is not supported, loosing precision",/home/jimi/PaperExperiment/CompilerOptimization/Result/redis/dg/dg-LLVM14-O2-g/high_precision_20260409_123302/log/pta_inv.dot.stderr.log
pta_inv,PTA,inv,dot,"ShuffleVector instruction is not supported, loosing precision",/home/jimi/PaperExperiment/CompilerOptimization/Result/redis/dg/dg-LLVM14-O2-g/high_precision_20260409_123302/log/pta_inv.dot.stderr.log
pta_inv,PTA,inv,dot,"ShuffleVector instruction is not supported, loosing precision",/home/jimi/PaperExperiment/CompilerOptimization/Result/redis/dg/dg-LLVM14-O2-g/high_precision_20260409_123302/log/pta_inv.dot.stderr.log
pta_inv,PTA,inv,dot,"ShuffleVector instruction is not supported, loosing precision",/home/jimi/PaperExperiment/CompilerOptimization/Result/redis/dg/dg-LLVM14-O2-g/high_precision_20260409_123302/log/pta_inv.dot.stderr.log
pta_inv,PTA,inv,dot,"ShuffleVector instruction is not supported, loosing precision",/home/jimi/PaperExperiment/CompilerOptimization/Result/redis/dg/dg-LLVM14-O2-g/high_precision_20260409_123302/log/pta_inv.dot.stderr.log
pta_inv,PTA,inv,dot,"ShuffleVector instruction is not supported, loosing precision",/home/jimi/PaperExperiment/CompilerOptimization/Result/redis/dg/dg-LLVM14-O2-g/high_precision_20260409_123302/log/pta_inv.dot.stderr.log
pta_inv,PTA,inv,dot,"ShuffleVector instruction is not supported, loosing precision",/home/jimi/PaperExperiment/CompilerOptimization/Result/redis/dg/dg-LLVM14-O2-g/high_precision_20260409_123302/log/pta_inv.dot.stderr.log
pta_inv,PTA,inv,dot,"ShuffleVector instruction is not supported, loosing precision",/home/jimi/PaperExperiment/CompilerOptimization/Result/redis/dg/dg-LLVM14-O2-g/high_precision_20260409_123302/log/pta_inv.dot.stderr.log
pta_inv,PTA,inv,dot,"ShuffleVector instruction is not supported, loosing precision",/home/jimi/PaperExperiment/CompilerOptimization/Result/redis/dg/dg-LLVM14-O2-g/high_precision_20260409_123302/log/pta_inv.dot.stderr.log
pta_inv,PTA,inv,dot,"ShuffleVector instruction is not supported, loosing precision",/home/jimi/PaperExperiment/CompilerOptimization/Result/redis/dg/dg-LLVM14-O2-g/high_precision_20260409_123302/log/pta_inv.dot.stderr.log
pta_inv,PTA,inv,dot,"ShuffleVector instruction is not supported, loosing precision",/home/jimi/PaperExperiment/CompilerOptimization/Result/redis/dg/dg-LLVM14-O2-g/high_precision_20260409_123302/log/pta_inv.dot.stderr.log
pta_inv,PTA,inv,dot,"[pta] UNHANDLED:   %82 = cmpxchg weak i64* @zmalloc_peak, i64 %79, i64 %75 monotonic monotonic, align 8, !dbg !37096",/home/jimi/PaperExperiment/CompilerOptimization/Result/redis/dg/dg-LLVM14-O2-g/high_precision_20260409_123302/log/pta_inv.dot.stderr.log
pta_inv,PTA,inv,dot,"WARNING: Non-0 memset:   call void @llvm.memset.p0i8.i64(i8* noundef nonnull align 8 dereferenceable(16) %12, i8 -1, i64 16, i1 false), !dbg !37032",/home/jimi/PaperExperiment/CompilerOptimization/Result/redis/dg/dg-LLVM14-O2-g/high_precision_20260409_123302/log/pta_inv.dot.stderr.log
pta_inv,PTA,inv,dot,"WARNING: Non-0 memset:   call void @llvm.memset.p0i8.i64(i8* noundef nonnull align 8 dereferenceable(16) %14, i8 -1, i64 16, i1 false) #85, !dbg !37066",/home/jimi/PaperExperiment/CompilerOptimization/Result/redis/dg/dg-LLVM14-O2-g/high_precision_20260409_123302/log/pta_inv.dot.stderr.log
pta_inv,PTA,inv,dot,"WARNING: Non-0 memset:   call void @llvm.memset.p0i8.i64(i8* noundef nonnull align 8 dereferenceable(16) %20, i8 -1, i64 16, i1 false), !dbg !37074",/home/jimi/PaperExperiment/CompilerOptimization/Result/redis/dg/dg-LLVM14-O2-g/high_precision_20260409_123302/log/pta_inv.dot.stderr.log
pta_inv,PTA,inv,dot,"WARNING: Non-0 memset:   call void @llvm.memset.p0i8.i64(i8* noundef nonnull align 8 dereferenceable(16) %32, i8 -1, i64 16, i1 false), !dbg !37106",/home/jimi/PaperExperiment/CompilerOptimization/Result/redis/dg/dg-LLVM14-O2-g/high_precision_20260409_123302/log/pta_inv.dot.stderr.log
pta_inv,PTA,inv,dot,"WARNING: Non-0 memset:   tail call void @llvm.memset.p0i8.i64(i8* align 1 %287, i8 48, i64 %288, i1 false) #85, !dbg !37439",/home/jimi/PaperExperiment/CompilerOptimization/Result/redis/dg/dg-LLVM14-O2-g/high_precision_20260409_123302/log/pta_inv.dot.stderr.log
pta_inv,PTA,inv,dot,"WARNING: Non-0 memset:   tail call void @llvm.memset.p0i8.i64(i8* nonnull align 1 %298, i8 48, i64 %299, i1 false) #85, !dbg !37452",/home/jimi/PaperExperiment/CompilerOptimization/Result/redis/dg/dg-LLVM14-O2-g/high_precision_20260409_123302/log/pta_inv.dot.stderr.log
pta_inv,PTA,inv,dot,"WARNING: Non-0 memset:   call void @llvm.memset.p0i8.i64(i8* noundef nonnull align 8 dereferenceable(16) %94, i8 -1, i64 16, i1 false) #86, !dbg !37186",/home/jimi/PaperExperiment/CompilerOptimization/Result/redis/dg/dg-LLVM14-O2-g/high_precision_20260409_123302/log/pta_inv.dot.stderr.log
pta_inv,PTA,inv,dot,"WARNING: Non-0 memset:   call void @llvm.memset.p0i8.i64(i8* noundef nonnull align 8 dereferenceable(16) bitcast (i64* getelementptr inbounds (%struct.redisServer.226, %struct.redisServer.226* @server, i64 0, i32 258) to i8*), i8 -1, i64 16, i1 false), !dbg !37430",/home/jimi/PaperExperiment/CompilerOptimization/Result/redis/dg/dg-LLVM14-O2-g/high_precision_20260409_123302/log/pta_inv.dot.stderr.log
pta_inv,PTA,inv,dot,"WARNING: Non-0 memset:   tail call void @llvm.memset.p0i8.i64(i8* noundef nonnull align 8 dereferenceable(272) %57, i8 -1, i64 272, i1 false), !dbg !37100",/home/jimi/PaperExperiment/CompilerOptimization/Result/redis/dg/dg-LLVM14-O2-g/high_precision_20260409_123302/log/pta_inv.dot.stderr.log
pta_inv,PTA,inv,dot,"WARNING: Non-0 memset:   tail call void @llvm.memset.p0i8.i64(i8* noundef nonnull align 8 dereferenceable(16) %34, i8 -1, i64 16, i1 false) #85, !dbg !37114",/home/jimi/PaperExperiment/CompilerOptimization/Result/redis/dg/dg-LLVM14-O2-g/high_precision_20260409_123302/log/pta_inv.dot.stderr.log
pta_inv,PTA,inv,dot,"ShuffleVector instruction is not supported, loosing precision",/home/jimi/PaperExperiment/CompilerOptimization/Result/redis/dg/dg-LLVM14-O2-g/high_precision_20260409_123302/log/pta_inv.dot.stderr.log
pta_inv,PTA,inv,dot,"ShuffleVector instruction is not supported, loosing precision",/home/jimi/PaperExperiment/CompilerOptimization/Result/redis/dg/dg-LLVM14-O2-g/high_precision_20260409_123302/log/pta_inv.dot.stderr.log
pta_inv,PTA,inv,dot,"ShuffleVector instruction is not supported, loosing precision",/home/jimi/PaperExperiment/CompilerOptimization/Result/redis/dg/dg-LLVM14-O2-g/high_precision_20260409_123302/log/pta_inv.dot.stderr.log
pta_inv,PTA,inv,dot,"WARNING: Non-0 memset:   tail call void @llvm.memset.p0i8.i64(i8* noundef nonnull align 8 dereferenceable(16) %24, i8 -1, i64 16, i1 false) #85, !dbg !37083",/home/jimi/PaperExperiment/CompilerOptimization/Result/redis/dg/dg-LLVM14-O2-g/high_precision_20260409_123302/log/pta_inv.dot.stderr.log
pta_inv,PTA,inv,dot,"WARNING: Non-0 memset:   call void @llvm.memset.p0i8.i64(i8* noundef nonnull align 8 dereferenceable(16) %32, i8 -1, i64 16, i1 false), !dbg !37076",/home/jimi/PaperExperiment/CompilerOptimization/Result/redis/dg/dg-LLVM14-O2-g/high_precision_20260409_123302/log/pta_inv.dot.stderr.log
pta_inv,PTA,inv,dot,"ShuffleVector instruction is not supported, loosing precision",/home/jimi/PaperExperiment/CompilerOptimization/Result/redis/dg/dg-LLVM14-O2-g/high_precision_20260409_123302/log/pta_inv.dot.stderr.log
dda_fi,DDA,ssa+fi,lines,"[pta] UNHANDLED:   %82 = cmpxchg weak i64* @zmalloc_peak, i64 %79, i64 %75 monotonic monotonic, align 8, !dbg !37098",/home/jimi/PaperExperiment/CompilerOptimization/Result/redis/dg/dg-LLVM14-O2-g/high_precision_20260409_123302/log/dda_fi.lines.stderr.log
dda_fi,DDA,ssa+fi,lines,"WARNING: Non-0 memset:   call void @llvm.memset.p0i8.i64(i8* noundef nonnull align 1 dereferenceable(16) %14, i8 48, i64 16, i1 false) #85, !dbg !37150, !tbaa !37039",/home/jimi/PaperExperiment/CompilerOptimization/Result/redis/dg/dg-LLVM14-O2-g/high_precision_20260409_123302/log/dda_fi.lines.stderr.log
dda_fi,DDA,ssa+fi,lines,"[pta] UNHANDLED:   %83 = cmpxchg weak i64* @zmalloc_peak, i64 %80, i64 %76 monotonic monotonic, align 8, !dbg !37100",/home/jimi/PaperExperiment/CompilerOptimization/Result/redis/dg/dg-LLVM14-O2-g/high_precision_20260409_123302/log/dda_fi.lines.stderr.log
dda_fi,DDA,ssa+fi,lines,"[pta] UNHANDLED:   %83 = cmpxchg weak i64* @zmalloc_peak, i64 %80, i64 %76 monotonic monotonic, align 8, !dbg !37098",/home/jimi/PaperExperiment/CompilerOptimization/Result/redis/dg/dg-LLVM14-O2-g/high_precision_20260409_123302/log/dda_fi.lines.stderr.log
dda_fi,DDA,ssa+fi,lines,"ShuffleVector instruction is not supported, loosing precision",/home/jimi/PaperExperiment/CompilerOptimization/Result/redis/dg/dg-LLVM14-O2-g/high_precision_20260409_123302/log/dda_fi.lines.stderr.log
dda_fi,DDA,ssa+fi,lines,"ShuffleVector instruction is not supported, loosing precision",/home/jimi/PaperExperiment/CompilerOptimization/Result/redis/dg/dg-LLVM14-O2-g/high_precision_20260409_123302/log/dda_fi.lines.stderr.log
dda_fi,DDA,ssa+fi,lines,"[pta] UNHANDLED:   %82 = cmpxchg weak i64* @zmalloc_peak, i64 %79, i64 %75 monotonic monotonic, align 8, !dbg !37098",/home/jimi/PaperExperiment/CompilerOptimization/Result/redis/dg/dg-LLVM14-O2-g/high_precision_20260409_123302/log/dda_fi.lines.stderr.log
dda_fi,DDA,ssa+fi,lines,"[pta] UNHANDLED:   %129 = cmpxchg weak i64* @zmalloc_peak, i64 %126, i64 %122 monotonic monotonic, align 8, !dbg !37166",/home/jimi/PaperExperiment/CompilerOptimization/Result/redis/dg/dg-LLVM14-O2-g/high_precision_20260409_123302/log/dda_fi.lines.stderr.log
dda_fi,DDA,ssa+fi,lines,"[pta] UNHANDLED:   %82 = cmpxchg weak i64* @zmalloc_peak, i64 %79, i64 %75 monotonic monotonic, align 8, !dbg !37096",/home/jimi/PaperExperiment/CompilerOptimization/Result/redis/dg/dg-LLVM14-O2-g/high_precision_20260409_123302/log/dda_fi.lines.stderr.log
dda_fi,DDA,ssa+fi,lines,"ShuffleVector instruction is not supported, loosing precision",/home/jimi/PaperExperiment/CompilerOptimization/Result/redis/dg/dg-LLVM14-O2-g/high_precision_20260409_123302/log/dda_fi.lines.stderr.log
dda_fi,DDA,ssa+fi,lines,"WARNING: Non-0 memset:   tail call void @llvm.memset.p0i8.i64(i8* noundef nonnull align 1 dereferenceable(41) getelementptr inbounds (%struct.redisServer, %struct.redisServer* bitcast (%struct.redisServer.226* @server to %struct.redisServer*), i64 0, i32 288, i64 0), i8 48, i64 40, i1 false), !dbg !37002",/home/jimi/PaperExperiment/CompilerOptimization/Result/redis/dg/dg-LLVM14-O2-g/high_precision_20260409_123302/log/dda_fi.lines.stderr.log
dda_fi,DDA,ssa+fi,lines,"WARNING: Non-0 memset:   call void @llvm.memset.p0i8.i64(i8* noundef nonnull align 8 dereferenceable(16) bitcast (i64* getelementptr inbounds (%struct.redisServer.226, %struct.redisServer.226* @server, i64 0, i32 228) to i8*), i8 -1, i64 16, i1 false), !dbg !37152",/home/jimi/PaperExperiment/CompilerOptimization/Result/redis/dg/dg-LLVM14-O2-g/high_precision_20260409_123302/log/dda_fi.lines.stderr.log
dda_fi,DDA,ssa+fi,lines,"WARNING: Non-0 memset:   tail call void @llvm.memset.p0i8.i64(i8* noundef nonnull align 8 dereferenceable(128) %53, i8 -1, i64 128, i1 false), !dbg !37100",/home/jimi/PaperExperiment/CompilerOptimization/Result/redis/dg/dg-LLVM14-O2-g/high_precision_20260409_123302/log/dda_fi.lines.stderr.log
dda_fi,DDA,ssa+fi,lines,"WARNING: Saving stack may yield unsound results!:   %40 = call i8* @llvm.stacksave(), !dbg !37076",/home/jimi/PaperExperiment/CompilerOptimization/Result/redis/dg/dg-LLVM14-O2-g/high_precision_20260409_123302/log/dda_fi.lines.stderr.log
dda_fi,DDA,ssa+fi,lines,"[pta] UNHANDLED:   %91 = cmpxchg weak i64* @zmalloc_peak, i64 %88, i64 %84 monotonic monotonic, align 8, !dbg !37110",/home/jimi/PaperExperiment/CompilerOptimization/Result/redis/dg/dg-LLVM14-O2-g/high_precision_20260409_123302/log/dda_fi.lines.stderr.log
dda_fi,DDA,ssa+fi,lines,"ShuffleVector instruction is not supported, loosing precision",/home/jimi/PaperExperiment/CompilerOptimization/Result/redis/dg/dg-LLVM14-O2-g/high_precision_20260409_123302/log/dda_fi.lines.stderr.log
dda_fi,DDA,ssa+fi,lines,"ShuffleVector instruction is not supported, loosing precision",/home/jimi/PaperExperiment/CompilerOptimization/Result/redis/dg/dg-LLVM14-O2-g/high_precision_20260409_123302/log/dda_fi.lines.stderr.log
dda_fi,DDA,ssa+fi,lines,"ShuffleVector instruction is not supported, loosing precision",/home/jimi/PaperExperiment/CompilerOptimization/Result/redis/dg/dg-LLVM14-O2-g/high_precision_20260409_123302/log/dda_fi.lines.stderr.log
dda_fi,DDA,ssa+fi,lines,"ShuffleVector instruction is not supported, loosing precision",/home/jimi/PaperExperiment/CompilerOptimization/Result/redis/dg/dg-LLVM14-O2-g/high_precision_20260409_123302/log/dda_fi.lines.stderr.log
dda_fi,DDA,ssa+fi,lines,"ShuffleVector instruction is not supported, loosing precision",/home/jimi/PaperExperiment/CompilerOptimization/Result/redis/dg/dg-LLVM14-O2-g/high_precision_20260409_123302/log/dda_fi.lines.stderr.log
dda_fi,DDA,ssa+fi,lines,"ShuffleVector instruction is not supported, loosing precision",/home/jimi/PaperExperiment/CompilerOptimization/Result/redis/dg/dg-LLVM14-O2-g/high_precision_20260409_123302/log/dda_fi.lines.stderr.log
dda_fi,DDA,ssa+fi,lines,"ShuffleVector instruction is not supported, loosing precision",/home/jimi/PaperExperiment/CompilerOptimization/Result/redis/dg/dg-LLVM14-O2-g/high_precision_20260409_123302/log/dda_fi.lines.stderr.log
dda_fi,DDA,ssa+fi,lines,"ShuffleVector instruction is not supported, loosing precision",/home/jimi/PaperExperiment/CompilerOptimization/Result/redis/dg/dg-LLVM14-O2-g/high_precision_20260409_123302/log/dda_fi.lines.stderr.log
dda_fi,DDA,ssa+fi,lines,"ShuffleVector instruction is not supported, loosing precision",/home/jimi/PaperExperiment/CompilerOptimization/Result/redis/dg/dg-LLVM14-O2-g/high_precision_20260409_123302/log/dda_fi.lines.stderr.log
dda_fi,DDA,ssa+fi,lines,"ShuffleVector instruction is not supported, loosing precision",/home/jimi/PaperExperiment/CompilerOptimization/Result/redis/dg/dg-LLVM14-O2-g/high_precision_20260409_123302/log/dda_fi.lines.stderr.log
dda_fi,DDA,ssa+fi,lines,"ShuffleVector instruction is not supported, loosing precision",/home/jimi/PaperExperiment/CompilerOptimization/Result/redis/dg/dg-LLVM14-O2-g/high_precision_20260409_123302/log/dda_fi.lines.stderr.log
dda_fi,DDA,ssa+fi,lines,"ShuffleVector instruction is not supported, loosing precision",/home/jimi/PaperExperiment/CompilerOptimization/Result/redis/dg/dg-LLVM14-O2-g/high_precision_20260409_123302/log/dda_fi.lines.stderr.log
dda_fi,DDA,ssa+fi,lines,"ShuffleVector instruction is not supported, loosing precision",/home/jimi/PaperExperiment/CompilerOptimization/Result/redis/dg/dg-LLVM14-O2-g/high_precision_20260409_123302/log/dda_fi.lines.stderr.log
dda_fi,DDA,ssa+fi,lines,"ShuffleVector instruction is not supported, loosing precision",/home/jimi/PaperExperiment/CompilerOptimization/Result/redis/dg/dg-LLVM14-O2-g/high_precision_20260409_123302/log/dda_fi.lines.stderr.log
dda_fi,DDA,ssa+fi,lines,"ShuffleVector instruction is not supported, loosing precision",/home/jimi/PaperExperiment/CompilerOptimization/Result/redis/dg/dg-LLVM14-O2-g/high_precision_20260409_123302/log/dda_fi.lines.stderr.log
dda_fi,DDA,ssa+fi,lines,"ShuffleVector instruction is not supported, loosing precision",/home/jimi/PaperExperiment/CompilerOptimization/Result/redis/dg/dg-LLVM14-O2-g/high_precision_20260409_123302/log/dda_fi.lines.stderr.log
dda_fi,DDA,ssa+fi,lines,"ShuffleVector instruction is not supported, loosing precision",/home/jimi/PaperExperiment/CompilerOptimization/Result/redis/dg/dg-LLVM14-O2-g/high_precision_20260409_123302/log/dda_fi.lines.stderr.log
dda_fi,DDA,ssa+fi,lines,"ShuffleVector instruction is not supported, loosing precision",/home/jimi/PaperExperiment/CompilerOptimization/Result/redis/dg/dg-LLVM14-O2-g/high_precision_20260409_123302/log/dda_fi.lines.stderr.log
dda_fi,DDA,ssa+fi,lines,"ShuffleVector instruction is not supported, loosing precision",/home/jimi/PaperExperiment/CompilerOptimization/Result/redis/dg/dg-LLVM14-O2-g/high_precision_20260409_123302/log/dda_fi.lines.stderr.log
dda_fi,DDA,ssa+fi,lines,"ShuffleVector instruction is not supported, loosing precision",/home/jimi/PaperExperiment/CompilerOptimization/Result/redis/dg/dg-LLVM14-O2-g/high_precision_20260409_123302/log/dda_fi.lines.stderr.log
dda_fi,DDA,ssa+fi,lines,"ShuffleVector instruction is not supported, loosing precision",/home/jimi/PaperExperiment/CompilerOptimization/Result/redis/dg/dg-LLVM14-O2-g/high_precision_20260409_123302/log/dda_fi.lines.stderr.log
dda_fi,DDA,ssa+fi,lines,"ShuffleVector instruction is not supported, loosing precision",/home/jimi/PaperExperiment/CompilerOptimization/Result/redis/dg/dg-LLVM14-O2-g/high_precision_20260409_123302/log/dda_fi.lines.stderr.log
dda_fi,DDA,ssa+fi,lines,"ShuffleVector instruction is not supported, loosing precision",/home/jimi/PaperExperiment/CompilerOptimization/Result/redis/dg/dg-LLVM14-O2-g/high_precision_20260409_123302/log/dda_fi.lines.stderr.log
dda_fi,DDA,ssa+fi,lines,"ShuffleVector instruction is not supported, loosing precision",/home/jimi/PaperExperiment/CompilerOptimization/Result/redis/dg/dg-LLVM14-O2-g/high_precision_20260409_123302/log/dda_fi.lines.stderr.log
dda_fi,DDA,ssa+fi,lines,"ShuffleVector instruction is not supported, loosing precision",/home/jimi/PaperExperiment/CompilerOptimization/Result/redis/dg/dg-LLVM14-O2-g/high_precision_20260409_123302/log/dda_fi.lines.stderr.log
dda_fi,DDA,ssa+fi,lines,"ShuffleVector instruction is not supported, loosing precision",/home/jimi/PaperExperiment/CompilerOptimization/Result/redis/dg/dg-LLVM14-O2-g/high_precision_20260409_123302/log/dda_fi.lines.stderr.log
dda_fi,DDA,ssa+fi,lines,"ShuffleVector instruction is not supported, loosing precision",/home/jimi/PaperExperiment/CompilerOptimization/Result/redis/dg/dg-LLVM14-O2-g/high_precision_20260409_123302/log/dda_fi.lines.stderr.log
dda_fi,DDA,ssa+fi,lines,"ShuffleVector instruction is not supported, loosing precision",/home/jimi/PaperExperiment/CompilerOptimization/Result/redis/dg/dg-LLVM14-O2-g/high_precision_20260409_123302/log/dda_fi.lines.stderr.log
dda_fi,DDA,ssa+fi,lines,"ShuffleVector instruction is not supported, loosing precision",/home/jimi/PaperExperiment/CompilerOptimization/Result/redis/dg/dg-LLVM14-O2-g/high_precision_20260409_123302/log/dda_fi.lines.stderr.log
dda_fi,DDA,ssa+fi,lines,"ShuffleVector instruction is not supported, loosing precision",/home/jimi/PaperExperiment/CompilerOptimization/Result/redis/dg/dg-LLVM14-O2-g/high_precision_20260409_123302/log/dda_fi.lines.stderr.log
dda_fi,DDA,ssa+fi,lines,"ShuffleVector instruction is not supported, loosing precision",/home/jimi/PaperExperiment/CompilerOptimization/Result/redis/dg/dg-LLVM14-O2-g/high_precision_20260409_123302/log/dda_fi.lines.stderr.log
dda_fi,DDA,ssa+fi,lines,"ShuffleVector instruction is not supported, loosing precision",/home/jimi/PaperExperiment/CompilerOptimization/Result/redis/dg/dg-LLVM14-O2-g/high_precision_20260409_123302/log/dda_fi.lines.stderr.log
dda_fi,DDA,ssa+fi,lines,"ShuffleVector instruction is not supported, loosing precision",/home/jimi/PaperExperiment/CompilerOptimization/Result/redis/dg/dg-LLVM14-O2-g/high_precision_20260409_123302/log/dda_fi.lines.stderr.log
dda_fi,DDA,ssa+fi,lines,"ShuffleVector instruction is not supported, loosing precision",/home/jimi/PaperExperiment/CompilerOptimization/Result/redis/dg/dg-LLVM14-O2-g/high_precision_20260409_123302/log/dda_fi.lines.stderr.log
dda_fi,DDA,ssa+fi,lines,"ShuffleVector instruction is not supported, loosing precision",/home/jimi/PaperExperiment/CompilerOptimization/Result/redis/dg/dg-LLVM14-O2-g/high_precision_20260409_123302/log/dda_fi.lines.stderr.log
dda_fi,DDA,ssa+fi,lines,"ShuffleVector instruction is not supported, loosing precision",/home/jimi/PaperExperiment/CompilerOptimization/Result/redis/dg/dg-LLVM14-O2-g/high_precision_20260409_123302/log/dda_fi.lines.stderr.log
dda_fi,DDA,ssa+fi,lines,"ShuffleVector instruction is not supported, loosing precision",/home/jimi/PaperExperiment/CompilerOptimization/Result/redis/dg/dg-LLVM14-O2-g/high_precision_20260409_123302/log/dda_fi.lines.stderr.log
dda_fi,DDA,ssa+fi,lines,"ShuffleVector instruction is not supported, loosing precision",/home/jimi/PaperExperiment/CompilerOptimization/Result/redis/dg/dg-LLVM14-O2-g/high_precision_20260409_123302/log/dda_fi.lines.stderr.log
dda_fi,DDA,ssa+fi,lines,"ShuffleVector instruction is not supported, loosing precision",/home/jimi/PaperExperiment/CompilerOptimization/Result/redis/dg/dg-LLVM14-O2-g/high_precision_20260409_123302/log/dda_fi.lines.stderr.log
dda_fi,DDA,ssa+fi,lines,"ShuffleVector instruction is not supported, loosing precision",/home/jimi/PaperExperiment/CompilerOptimization/Result/redis/dg/dg-LLVM14-O2-g/high_precision_20260409_123302/log/dda_fi.lines.stderr.log
dda_fi,DDA,ssa+fi,lines,"ShuffleVector instruction is not supported, loosing precision",/home/jimi/PaperExperiment/CompilerOptimization/Result/redis/dg/dg-LLVM14-O2-g/high_precision_20260409_123302/log/dda_fi.lines.stderr.log
dda_fi,DDA,ssa+fi,lines,"ShuffleVector instruction is not supported, loosing precision",/home/jimi/PaperExperiment/CompilerOptimization/Result/redis/dg/dg-LLVM14-O2-g/high_precision_20260409_123302/log/dda_fi.lines.stderr.log
dda_fi,DDA,ssa+fi,lines,"ShuffleVector instruction is not supported, loosing precision",/home/jimi/PaperExperiment/CompilerOptimization/Result/redis/dg/dg-LLVM14-O2-g/high_precision_20260409_123302/log/dda_fi.lines.stderr.log
dda_fi,DDA,ssa+fi,lines,"ShuffleVector instruction is not supported, loosing precision",/home/jimi/PaperExperiment/CompilerOptimization/Result/redis/dg/dg-LLVM14-O2-g/high_precision_20260409_123302/log/dda_fi.lines.stderr.log
dda_fi,DDA,ssa+fi,lines,"ShuffleVector instruction is not supported, loosing precision",/home/jimi/PaperExperiment/CompilerOptimization/Result/redis/dg/dg-LLVM14-O2-g/high_precision_20260409_123302/log/dda_fi.lines.stderr.log
dda_fi,DDA,ssa+fi,lines,"ShuffleVector instruction is not supported, loosing precision",/home/jimi/PaperExperiment/CompilerOptimization/Result/redis/dg/dg-LLVM14-O2-g/high_precision_20260409_123302/log/dda_fi.lines.stderr.log
dda_fi,DDA,ssa+fi,lines,"ShuffleVector instruction is not supported, loosing precision",/home/jimi/PaperExperiment/CompilerOptimization/Result/redis/dg/dg-LLVM14-O2-g/high_precision_20260409_123302/log/dda_fi.lines.stderr.log
dda_fi,DDA,ssa+fi,lines,"ShuffleVector instruction is not supported, loosing precision",/home/jimi/PaperExperiment/CompilerOptimization/Result/redis/dg/dg-LLVM14-O2-g/high_precision_20260409_123302/log/dda_fi.lines.stderr.log
dda_fi,DDA,ssa+fi,lines,"ShuffleVector instruction is not supported, loosing precision",/home/jimi/PaperExperiment/CompilerOptimization/Result/redis/dg/dg-LLVM14-O2-g/high_precision_20260409_123302/log/dda_fi.lines.stderr.log
dda_fi,DDA,ssa+fi,lines,"ShuffleVector instruction is not supported, loosing precision",/home/jimi/PaperExperiment/CompilerOptimization/Result/redis/dg/dg-LLVM14-O2-g/high_precision_20260409_123302/log/dda_fi.lines.stderr.log
dda_fi,DDA,ssa+fi,lines,"ShuffleVector instruction is not supported, loosing precision",/home/jimi/PaperExperiment/CompilerOptimization/Result/redis/dg/dg-LLVM14-O2-g/high_precision_20260409_123302/log/dda_fi.lines.stderr.log
dda_fi,DDA,ssa+fi,lines,"ShuffleVector instruction is not supported, loosing precision",/home/jimi/PaperExperiment/CompilerOptimization/Result/redis/dg/dg-LLVM14-O2-g/high_precision_20260409_123302/log/dda_fi.lines.stderr.log
dda_fi,DDA,ssa+fi,lines,"ShuffleVector instruction is not supported, loosing precision",/home/jimi/PaperExperiment/CompilerOptimization/Result/redis/dg/dg-LLVM14-O2-g/high_precision_20260409_123302/log/dda_fi.lines.stderr.log
dda_fi,DDA,ssa+fi,lines,"ShuffleVector instruction is not supported, loosing precision",/home/jimi/PaperExperiment/CompilerOptimization/Result/redis/dg/dg-LLVM14-O2-g/high_precision_20260409_123302/log/dda_fi.lines.stderr.log
dda_fi,DDA,ssa+fi,lines,"ShuffleVector instruction is not supported, loosing precision",/home/jimi/PaperExperiment/CompilerOptimization/Result/redis/dg/dg-LLVM14-O2-g/high_precision_20260409_123302/log/dda_fi.lines.stderr.log
dda_fi,DDA,ssa+fi,lines,"ShuffleVector instruction is not supported, loosing precision",/home/jimi/PaperExperiment/CompilerOptimization/Result/redis/dg/dg-LLVM14-O2-g/high_precision_20260409_123302/log/dda_fi.lines.stderr.log
dda_fi,DDA,ssa+fi,lines,"WARNING: Non-0 memset:   call void @llvm.memset.p0i8.i64(i8* noundef nonnull align 8 dereferenceable(16) %25, i8 -1, i64 16, i1 false), !dbg !37067",/home/jimi/PaperExperiment/CompilerOptimization/Result/redis/dg/dg-LLVM14-O2-g/high_precision_20260409_123302/log/dda_fi.lines.stderr.log
dda_fi,DDA,ssa+fi,lines,"ShuffleVector instruction is not supported, loosing precision",/home/jimi/PaperExperiment/CompilerOptimization/Result/redis/dg/dg-LLVM14-O2-g/high_precision_20260409_123302/log/dda_fi.lines.stderr.log
dda_fi,DDA,ssa+fi,lines,"ShuffleVector instruction is not supported, loosing precision",/home/jimi/PaperExperiment/CompilerOptimization/Result/redis/dg/dg-LLVM14-O2-g/high_precision_20260409_123302/log/dda_fi.lines.stderr.log
dda_fi,DDA,ssa+fi,lines,"ShuffleVector instruction is not supported, loosing precision",/home/jimi/PaperExperiment/CompilerOptimization/Result/redis/dg/dg-LLVM14-O2-g/high_precision_20260409_123302/log/dda_fi.lines.stderr.log
dda_fi,DDA,ssa+fi,lines,"ShuffleVector instruction is not supported, loosing precision",/home/jimi/PaperExperiment/CompilerOptimization/Result/redis/dg/dg-LLVM14-O2-g/high_precision_20260409_123302/log/dda_fi.lines.stderr.log
dda_fi,DDA,ssa+fi,lines,"ShuffleVector instruction is not supported, loosing precision",/home/jimi/PaperExperiment/CompilerOptimization/Result/redis/dg/dg-LLVM14-O2-g/high_precision_20260409_123302/log/dda_fi.lines.stderr.log
dda_fi,DDA,ssa+fi,lines,"ShuffleVector instruction is not supported, loosing precision",/home/jimi/PaperExperiment/CompilerOptimization/Result/redis/dg/dg-LLVM14-O2-g/high_precision_20260409_123302/log/dda_fi.lines.stderr.log
dda_fi,DDA,ssa+fi,lines,"[pta] UNHANDLED:   %367 = insertvalue { i8*, i32 } poison, i8* %365, 0, !dbg !37605",/home/jimi/PaperExperiment/CompilerOptimization/Result/redis/dg/dg-LLVM14-O2-g/high_precision_20260409_123302/log/dda_fi.lines.stderr.log
dda_fi,DDA,ssa+fi,lines,"[pta] UNHANDLED:   %368 = insertvalue { i8*, i32 } %367, i32 %366, 1, !dbg !37605",/home/jimi/PaperExperiment/CompilerOptimization/Result/redis/dg/dg-LLVM14-O2-g/high_precision_20260409_123302/log/dda_fi.lines.stderr.log
dda_fi,DDA,ssa+fi,lines,"[pta] UNHANDLED:   %96 = insertvalue { i8*, i32 } poison, i8* %95, 0, !dbg !37112",/home/jimi/PaperExperiment/CompilerOptimization/Result/redis/dg/dg-LLVM14-O2-g/high_precision_20260409_123302/log/dda_fi.lines.stderr.log
dda_fi,DDA,ssa+fi,lines,"[pta] UNHANDLED:   %97 = insertvalue { i8*, i32 } %96, i32 %94, 1, !dbg !37112",/home/jimi/PaperExperiment/CompilerOptimization/Result/redis/dg/dg-LLVM14-O2-g/high_precision_20260409_123302/log/dda_fi.lines.stderr.log
dda_fi,DDA,ssa+fi,lines,"[pta] UNHANDLED:   %374 = insertvalue { i8*, i32 } poison, i8* %6, 0, !dbg !37505",/home/jimi/PaperExperiment/CompilerOptimization/Result/redis/dg/dg-LLVM14-O2-g/high_precision_20260409_123302/log/dda_fi.lines.stderr.log
dda_fi,DDA,ssa+fi,lines,"[pta] UNHANDLED:   %375 = insertvalue { i8*, i32 } %374, i32 %373, 1, !dbg !37505",/home/jimi/PaperExperiment/CompilerOptimization/Result/redis/dg/dg-LLVM14-O2-g/high_precision_20260409_123302/log/dda_fi.lines.stderr.log
dda_fi,DDA,ssa+fi,lines,"[pta] UNHANDLED:   %186 = insertvalue { i64, i32 } poison, i64 %185, 0, !dbg !37421",/home/jimi/PaperExperiment/CompilerOptimization/Result/redis/dg/dg-LLVM14-O2-g/high_precision_20260409_123302/log/dda_fi.lines.stderr.log
dda_fi,DDA,ssa+fi,lines,"[pta] UNHANDLED:   %187 = insertvalue { i64, i32 } %186, i32 %183, 1, !dbg !37421",/home/jimi/PaperExperiment/CompilerOptimization/Result/redis/dg/dg-LLVM14-O2-g/high_precision_20260409_123302/log/dda_fi.lines.stderr.log
dda_fi,DDA,ssa+fi,lines,"ShuffleVector instruction is not supported, loosing precision",/home/jimi/PaperExperiment/CompilerOptimization/Result/redis/dg/dg-LLVM14-O2-g/high_precision_20260409_123302/log/dda_fi.lines.stderr.log
dda_fi,DDA,ssa+fi,lines,"ShuffleVector instruction is not supported, loosing precision",/home/jimi/PaperExperiment/CompilerOptimization/Result/redis/dg/dg-LLVM14-O2-g/high_precision_20260409_123302/log/dda_fi.lines.stderr.log
dda_fi,DDA,ssa+fi,lines,"ShuffleVector instruction is not supported, loosing precision",/home/jimi/PaperExperiment/CompilerOptimization/Result/redis/dg/dg-LLVM14-O2-g/high_precision_20260409_123302/log/dda_fi.lines.stderr.log
dda_fi,DDA,ssa+fi,lines,"ShuffleVector instruction is not supported, loosing precision",/home/jimi/PaperExperiment/CompilerOptimization/Result/redis/dg/dg-LLVM14-O2-g/high_precision_20260409_123302/log/dda_fi.lines.stderr.log
dda_fi,DDA,ssa+fi,lines,"ShuffleVector instruction is not supported, loosing precision",/home/jimi/PaperExperiment/CompilerOptimization/Result/redis/dg/dg-LLVM14-O2-g/high_precision_20260409_123302/log/dda_fi.lines.stderr.log
dda_fi,DDA,ssa+fi,lines,"ShuffleVector instruction is not supported, loosing precision",/home/jimi/PaperExperiment/CompilerOptimization/Result/redis/dg/dg-LLVM14-O2-g/high_precision_20260409_123302/log/dda_fi.lines.stderr.log
dda_fi,DDA,ssa+fi,lines,"ShuffleVector instruction is not supported, loosing precision",/home/jimi/PaperExperiment/CompilerOptimization/Result/redis/dg/dg-LLVM14-O2-g/high_precision_20260409_123302/log/dda_fi.lines.stderr.log
dda_fi,DDA,ssa+fi,lines,"ShuffleVector instruction is not supported, loosing precision",/home/jimi/PaperExperiment/CompilerOptimization/Result/redis/dg/dg-LLVM14-O2-g/high_precision_20260409_123302/log/dda_fi.lines.stderr.log
dda_fi,DDA,ssa+fi,lines,"ShuffleVector instruction is not supported, loosing precision",/home/jimi/PaperExperiment/CompilerOptimization/Result/redis/dg/dg-LLVM14-O2-g/high_precision_20260409_123302/log/dda_fi.lines.stderr.log
dda_fi,DDA,ssa+fi,lines,"ShuffleVector instruction is not supported, loosing precision",/home/jimi/PaperExperiment/CompilerOptimization/Result/redis/dg/dg-LLVM14-O2-g/high_precision_20260409_123302/log/dda_fi.lines.stderr.log
dda_fi,DDA,ssa+fi,lines,"[pta] UNHANDLED:   %392 = insertvalue { i64, i32 } poison, i64 %390, 0, !dbg !37642",/home/jimi/PaperExperiment/CompilerOptimization/Result/redis/dg/dg-LLVM14-O2-g/high_precision_20260409_123302/log/dda_fi.lines.stderr.log
dda_fi,DDA,ssa+fi,lines,"[pta] UNHANDLED:   %393 = insertvalue { i64, i32 } %392, i32 %391, 1, !dbg !37642",/home/jimi/PaperExperiment/CompilerOptimization/Result/redis/dg/dg-LLVM14-O2-g/high_precision_20260409_123302/log/dda_fi.lines.stderr.log
dda_fi,DDA,ssa+fi,lines,"ShuffleVector instruction is not supported, loosing precision",/home/jimi/PaperExperiment/CompilerOptimization/Result/redis/dg/dg-LLVM14-O2-g/high_precision_20260409_123302/log/dda_fi.lines.stderr.log
dda_fi,DDA,ssa+fi,lines,"ShuffleVector instruction is not supported, loosing precision",/home/jimi/PaperExperiment/CompilerOptimization/Result/redis/dg/dg-LLVM14-O2-g/high_precision_20260409_123302/log/dda_fi.lines.stderr.log
dda_fi,DDA,ssa+fi,lines,"ShuffleVector instruction is not supported, loosing precision",/home/jimi/PaperExperiment/CompilerOptimization/Result/redis/dg/dg-LLVM14-O2-g/high_precision_20260409_123302/log/dda_fi.lines.stderr.log
dda_fi,DDA,ssa+fi,lines,"ShuffleVector instruction is not supported, loosing precision",/home/jimi/PaperExperiment/CompilerOptimization/Result/redis/dg/dg-LLVM14-O2-g/high_precision_20260409_123302/log/dda_fi.lines.stderr.log
dda_fi,DDA,ssa+fi,lines,"ShuffleVector instruction is not supported, loosing precision",/home/jimi/PaperExperiment/CompilerOptimization/Result/redis/dg/dg-LLVM14-O2-g/high_precision_20260409_123302/log/dda_fi.lines.stderr.log
dda_fi,DDA,ssa+fi,lines,"ShuffleVector instruction is not supported, loosing precision",/home/jimi/PaperExperiment/CompilerOptimization/Result/redis/dg/dg-LLVM14-O2-g/high_precision_20260409_123302/log/dda_fi.lines.stderr.log
dda_fi,DDA,ssa+fi,lines,"ShuffleVector instruction is not supported, loosing precision",/home/jimi/PaperExperiment/CompilerOptimization/Result/redis/dg/dg-LLVM14-O2-g/high_precision_20260409_123302/log/dda_fi.lines.stderr.log
dda_fi,DDA,ssa+fi,lines,"ShuffleVector instruction is not supported, loosing precision",/home/jimi/PaperExperiment/CompilerOptimization/Result/redis/dg/dg-LLVM14-O2-g/high_precision_20260409_123302/log/dda_fi.lines.stderr.log
dda_fi,DDA,ssa+fi,lines,"ShuffleVector instruction is not supported, loosing precision",/home/jimi/PaperExperiment/CompilerOptimization/Result/redis/dg/dg-LLVM14-O2-g/high_precision_20260409_123302/log/dda_fi.lines.stderr.log
dda_fi,DDA,ssa+fi,lines,"ShuffleVector instruction is not supported, loosing precision",/home/jimi/PaperExperiment/CompilerOptimization/Result/redis/dg/dg-LLVM14-O2-g/high_precision_20260409_123302/log/dda_fi.lines.stderr.log
dda_fi,DDA,ssa+fi,lines,"ShuffleVector instruction is not supported, loosing precision",/home/jimi/PaperExperiment/CompilerOptimization/Result/redis/dg/dg-LLVM14-O2-g/high_precision_20260409_123302/log/dda_fi.lines.stderr.log
dda_fi,DDA,ssa+fi,lines,"ShuffleVector instruction is not supported, loosing precision",/home/jimi/PaperExperiment/CompilerOptimization/Result/redis/dg/dg-LLVM14-O2-g/high_precision_20260409_123302/log/dda_fi.lines.stderr.log
dda_fi,DDA,ssa+fi,lines,"ShuffleVector instruction is not supported, loosing precision",/home/jimi/PaperExperiment/CompilerOptimization/Result/redis/dg/dg-LLVM14-O2-g/high_precision_20260409_123302/log/dda_fi.lines.stderr.log
dda_fi,DDA,ssa+fi,lines,"ShuffleVector instruction is not supported, loosing precision",/home/jimi/PaperExperiment/CompilerOptimization/Result/redis/dg/dg-LLVM14-O2-g/high_precision_20260409_123302/log/dda_fi.lines.stderr.log
dda_fi,DDA,ssa+fi,lines,"ShuffleVector instruction is not supported, loosing precision",/home/jimi/PaperExperiment/CompilerOptimization/Result/redis/dg/dg-LLVM14-O2-g/high_precision_20260409_123302/log/dda_fi.lines.stderr.log
dda_fi,DDA,ssa+fi,lines,"ShuffleVector instruction is not supported, loosing precision",/home/jimi/PaperExperiment/CompilerOptimization/Result/redis/dg/dg-LLVM14-O2-g/high_precision_20260409_123302/log/dda_fi.lines.stderr.log
dda_fi,DDA,ssa+fi,lines,"ShuffleVector instruction is not supported, loosing precision",/home/jimi/PaperExperiment/CompilerOptimization/Result/redis/dg/dg-LLVM14-O2-g/high_precision_20260409_123302/log/dda_fi.lines.stderr.log
dda_fi,DDA,ssa+fi,lines,"ShuffleVector instruction is not supported, loosing precision",/home/jimi/PaperExperiment/CompilerOptimization/Result/redis/dg/dg-LLVM14-O2-g/high_precision_20260409_123302/log/dda_fi.lines.stderr.log
dda_fi,DDA,ssa+fi,lines,"ShuffleVector instruction is not supported, loosing precision",/home/jimi/PaperExperiment/CompilerOptimization/Result/redis/dg/dg-LLVM14-O2-g/high_precision_20260409_123302/log/dda_fi.lines.stderr.log
dda_fi,DDA,ssa+fi,lines,"ShuffleVector instruction is not supported, loosing precision",/home/jimi/PaperExperiment/CompilerOptimization/Result/redis/dg/dg-LLVM14-O2-g/high_precision_20260409_123302/log/dda_fi.lines.stderr.log
dda_fi,DDA,ssa+fi,lines,"[pta] UNHANDLED:   %82 = cmpxchg weak i64* @zmalloc_peak, i64 %79, i64 %75 monotonic monotonic, align 8, !dbg !37096",/home/jimi/PaperExperiment/CompilerOptimization/Result/redis/dg/dg-LLVM14-O2-g/high_precision_20260409_123302/log/dda_fi.lines.stderr.log
dda_fi,DDA,ssa+fi,lines,"WARNING: Non-0 memset:   call void @llvm.memset.p0i8.i64(i8* noundef nonnull align 8 dereferenceable(16) %12, i8 -1, i64 16, i1 false), !dbg !37032",/home/jimi/PaperExperiment/CompilerOptimization/Result/redis/dg/dg-LLVM14-O2-g/high_precision_20260409_123302/log/dda_fi.lines.stderr.log
dda_fi,DDA,ssa+fi,lines,"WARNING: Non-0 memset:   call void @llvm.memset.p0i8.i64(i8* noundef nonnull align 8 dereferenceable(16) %14, i8 -1, i64 16, i1 false) #85, !dbg !37066",/home/jimi/PaperExperiment/CompilerOptimization/Result/redis/dg/dg-LLVM14-O2-g/high_precision_20260409_123302/log/dda_fi.lines.stderr.log
dda_fi,DDA,ssa+fi,lines,"WARNING: Non-0 memset:   call void @llvm.memset.p0i8.i64(i8* noundef nonnull align 8 dereferenceable(16) %20, i8 -1, i64 16, i1 false), !dbg !37074",/home/jimi/PaperExperiment/CompilerOptimization/Result/redis/dg/dg-LLVM14-O2-g/high_precision_20260409_123302/log/dda_fi.lines.stderr.log
dda_fi,DDA,ssa+fi,lines,"WARNING: Non-0 memset:   call void @llvm.memset.p0i8.i64(i8* noundef nonnull align 8 dereferenceable(16) %32, i8 -1, i64 16, i1 false), !dbg !37106",/home/jimi/PaperExperiment/CompilerOptimization/Result/redis/dg/dg-LLVM14-O2-g/high_precision_20260409_123302/log/dda_fi.lines.stderr.log
dda_fi,DDA,ssa+fi,lines,"WARNING: Non-0 memset:   tail call void @llvm.memset.p0i8.i64(i8* align 1 %287, i8 48, i64 %288, i1 false) #85, !dbg !37439",/home/jimi/PaperExperiment/CompilerOptimization/Result/redis/dg/dg-LLVM14-O2-g/high_precision_20260409_123302/log/dda_fi.lines.stderr.log
dda_fi,DDA,ssa+fi,lines,"WARNING: Non-0 memset:   tail call void @llvm.memset.p0i8.i64(i8* nonnull align 1 %298, i8 48, i64 %299, i1 false) #85, !dbg !37452",/home/jimi/PaperExperiment/CompilerOptimization/Result/redis/dg/dg-LLVM14-O2-g/high_precision_20260409_123302/log/dda_fi.lines.stderr.log
dda_fi,DDA,ssa+fi,lines,"WARNING: Non-0 memset:   call void @llvm.memset.p0i8.i64(i8* noundef nonnull align 8 dereferenceable(16) %94, i8 -1, i64 16, i1 false) #86, !dbg !37186",/home/jimi/PaperExperiment/CompilerOptimization/Result/redis/dg/dg-LLVM14-O2-g/high_precision_20260409_123302/log/dda_fi.lines.stderr.log
dda_fi,DDA,ssa+fi,lines,"WARNING: Non-0 memset:   call void @llvm.memset.p0i8.i64(i8* noundef nonnull align 8 dereferenceable(16) bitcast (i64* getelementptr inbounds (%struct.redisServer.226, %struct.redisServer.226* @server, i64 0, i32 258) to i8*), i8 -1, i64 16, i1 false), !dbg !37430",/home/jimi/PaperExperiment/CompilerOptimization/Result/redis/dg/dg-LLVM14-O2-g/high_precision_20260409_123302/log/dda_fi.lines.stderr.log
dda_fi,DDA,ssa+fi,lines,"WARNING: Non-0 memset:   tail call void @llvm.memset.p0i8.i64(i8* noundef nonnull align 8 dereferenceable(272) %57, i8 -1, i64 272, i1 false), !dbg !37100",/home/jimi/PaperExperiment/CompilerOptimization/Result/redis/dg/dg-LLVM14-O2-g/high_precision_20260409_123302/log/dda_fi.lines.stderr.log
dda_fi,DDA,ssa+fi,lines,"WARNING: Non-0 memset:   tail call void @llvm.memset.p0i8.i64(i8* noundef nonnull align 8 dereferenceable(16) %34, i8 -1, i64 16, i1 false) #85, !dbg !37114",/home/jimi/PaperExperiment/CompilerOptimization/Result/redis/dg/dg-LLVM14-O2-g/high_precision_20260409_123302/log/dda_fi.lines.stderr.log
dda_fi,DDA,ssa+fi,lines,"ShuffleVector instruction is not supported, loosing precision",/home/jimi/PaperExperiment/CompilerOptimization/Result/redis/dg/dg-LLVM14-O2-g/high_precision_20260409_123302/log/dda_fi.lines.stderr.log
dda_fi,DDA,ssa+fi,lines,"ShuffleVector instruction is not supported, loosing precision",/home/jimi/PaperExperiment/CompilerOptimization/Result/redis/dg/dg-LLVM14-O2-g/high_precision_20260409_123302/log/dda_fi.lines.stderr.log
dda_fi,DDA,ssa+fi,lines,"ShuffleVector instruction is not supported, loosing precision",/home/jimi/PaperExperiment/CompilerOptimization/Result/redis/dg/dg-LLVM14-O2-g/high_precision_20260409_123302/log/dda_fi.lines.stderr.log
dda_fi,DDA,ssa+fi,lines,"WARNING: Non-0 memset:   tail call void @llvm.memset.p0i8.i64(i8* noundef nonnull align 8 dereferenceable(16) %24, i8 -1, i64 16, i1 false) #85, !dbg !37083",/home/jimi/PaperExperiment/CompilerOptimization/Result/redis/dg/dg-LLVM14-O2-g/high_precision_20260409_123302/log/dda_fi.lines.stderr.log
dda_fi,DDA,ssa+fi,lines,"WARNING: Non-0 memset:   call void @llvm.memset.p0i8.i64(i8* noundef nonnull align 8 dereferenceable(16) %32, i8 -1, i64 16, i1 false), !dbg !37076",/home/jimi/PaperExperiment/CompilerOptimization/Result/redis/dg/dg-LLVM14-O2-g/high_precision_20260409_123302/log/dda_fi.lines.stderr.log
dda_fi,DDA,ssa+fi,lines,"ShuffleVector instruction is not supported, loosing precision",/home/jimi/PaperExperiment/CompilerOptimization/Result/redis/dg/dg-LLVM14-O2-g/high_precision_20260409_123302/log/dda_fi.lines.stderr.log
dda_fi,DDA,ssa+fi,lines,"[pta] UNHANDLED:   %83 = cmpxchg weak i64* @zmalloc_peak, i64 %80, i64 %76 monotonic monotonic, align 8, !dbg !37098",/home/jimi/PaperExperiment/CompilerOptimization/Result/redis/dg/dg-LLVM14-O2-g/high_precision_20260409_123302/log/dda_fi.lines.stderr.log
dda_fi,DDA,ssa+fi,lines,"[pta] UNHANDLED:   %83 = cmpxchg weak i64* @zmalloc_peak, i64 %80, i64 %76 monotonic monotonic, align 8, !dbg !37100",/home/jimi/PaperExperiment/CompilerOptimization/Result/redis/dg/dg-LLVM14-O2-g/high_precision_20260409_123302/log/dda_fi.lines.stderr.log
dda_fi,DDA,ssa+fi,lines,"WARNING: Non-0 memset:   call void @llvm.memset.p0i8.i64(i8* noundef nonnull align 8 dereferenceable(16) %88, i8 -1, i64 16, i1 false), !dbg !37632",/home/jimi/PaperExperiment/CompilerOptimization/Result/redis/dg/dg-LLVM14-O2-g/high_precision_20260409_123302/log/dda_fi.lines.stderr.log
dda_fi,DDA,ssa+fi,lines,"ShuffleVector instruction is not supported, loosing precision",/home/jimi/PaperExperiment/CompilerOptimization/Result/redis/dg/dg-LLVM14-O2-g/high_precision_20260409_123302/log/dda_fi.lines.stderr.log
dda_fi,DDA,ssa+fi,lines,"ShuffleVector instruction is not supported, loosing precision",/home/jimi/PaperExperiment/CompilerOptimization/Result/redis/dg/dg-LLVM14-O2-g/high_precision_20260409_123302/log/dda_fi.lines.stderr.log
dda_fi,DDA,ssa+fi,lines,"ShuffleVector instruction is not supported, loosing precision",/home/jimi/PaperExperiment/CompilerOptimization/Result/redis/dg/dg-LLVM14-O2-g/high_precision_20260409_123302/log/dda_fi.lines.stderr.log
dda_fi,DDA,ssa+fi,lines,"ShuffleVector instruction is not supported, loosing precision",/home/jimi/PaperExperiment/CompilerOptimization/Result/redis/dg/dg-LLVM14-O2-g/high_precision_20260409_123302/log/dda_fi.lines.stderr.log
dda_fi,DDA,ssa+fi,lines,"ShuffleVector instruction is not supported, loosing precision",/home/jimi/PaperExperiment/CompilerOptimization/Result/redis/dg/dg-LLVM14-O2-g/high_precision_20260409_123302/log/dda_fi.lines.stderr.log
dda_fi,DDA,ssa+fi,lines,"ShuffleVector instruction is not supported, loosing precision",/home/jimi/PaperExperiment/CompilerOptimization/Result/redis/dg/dg-LLVM14-O2-g/high_precision_20260409_123302/log/dda_fi.lines.stderr.log
dda_fi,DDA,ssa+fi,lines,"ShuffleVector instruction is not supported, loosing precision",/home/jimi/PaperExperiment/CompilerOptimization/Result/redis/dg/dg-LLVM14-O2-g/high_precision_20260409_123302/log/dda_fi.lines.stderr.log
dda_fi,DDA,ssa+fi,lines,"ShuffleVector instruction is not supported, loosing precision",/home/jimi/PaperExperiment/CompilerOptimization/Result/redis/dg/dg-LLVM14-O2-g/high_precision_20260409_123302/log/dda_fi.lines.stderr.log
dda_fi,DDA,ssa+fi,lines,"ShuffleVector instruction is not supported, loosing precision",/home/jimi/PaperExperiment/CompilerOptimization/Result/redis/dg/dg-LLVM14-O2-g/high_precision_20260409_123302/log/dda_fi.lines.stderr.log
dda_fi,DDA,ssa+fi,lines,"WARNING: Non-0 memset:   call void @llvm.memset.p0i8.i64(i8* noundef nonnull align 8 dereferenceable(16) %391, i8 -1, i64 16, i1 false) #85, !dbg !37534",/home/jimi/PaperExperiment/CompilerOptimization/Result/redis/dg/dg-LLVM14-O2-g/high_precision_20260409_123302/log/dda_fi.lines.stderr.log
dda_fi,DDA,ssa+fi,lines,"WARNING: Non-0 memset:   call void @llvm.memset.p0i8.i64(i8* noundef nonnull align 8 dereferenceable(16) %396, i8 -1, i64 16, i1 false) #85, !dbg !37542",/home/jimi/PaperExperiment/CompilerOptimization/Result/redis/dg/dg-LLVM14-O2-g/high_precision_20260409_123302/log/dda_fi.lines.stderr.log
dda_fi,DDA,ssa+fi,lines,"WARNING: Non-0 memset:   call void @llvm.memset.p0i8.i64(i8* noundef nonnull align 8 dereferenceable(16) %407, i8 -1, i64 16, i1 false) #85, !dbg !37562",/home/jimi/PaperExperiment/CompilerOptimization/Result/redis/dg/dg-LLVM14-O2-g/high_precision_20260409_123302/log/dda_fi.lines.stderr.log
dda_fi,DDA,ssa+fi,lines,"WARNING: Non-0 memset:   call void @llvm.memset.p0i8.i64(i8* noundef nonnull align 8 dereferenceable(16) %22, i8 -1, i64 16, i1 false), !dbg !37037",/home/jimi/PaperExperiment/CompilerOptimization/Result/redis/dg/dg-LLVM14-O2-g/high_precision_20260409_123302/log/dda_fi.lines.stderr.log
dda_fi,DDA,ssa+fi,lines,"WARNING: Non-0 memset:   call void @llvm.memset.p0i8.i64(i8* noundef nonnull align 8 dereferenceable(16) %10, i8 -1, i64 16, i1 false), !dbg !37026",/home/jimi/PaperExperiment/CompilerOptimization/Result/redis/dg/dg-LLVM14-O2-g/high_precision_20260409_123302/log/dda_fi.lines.stderr.log
dda_fi,DDA,ssa+fi,lines,"WARNING: Non-0 memset:   call void @llvm.memset.p0i8.i64(i8* noundef nonnull align 1 dereferenceable(41) getelementptr inbounds (%struct.redisServer, %struct.redisServer* bitcast (%struct.redisServer.226* @server to %struct.redisServer*), i64 0, i32 288, i64 0), i8 48, i64 40, i1 false) #85, !dbg !37332",/home/jimi/PaperExperiment/CompilerOptimization/Result/redis/dg/dg-LLVM14-O2-g/high_precision_20260409_123302/log/dda_fi.lines.stderr.log
dda_fi,DDA,ssa+fi,lines,IntToPtr with constant:   <badref> = inttoptr i64 2320 to i8**,/home/jimi/PaperExperiment/CompilerOptimization/Result/redis/dg/dg-LLVM14-O2-g/high_precision_20260409_123302/log/dda_fi.lines.stderr.log
dda_fi,DDA,ssa+fi,lines,"WARNING: Saving stack may yield unsound results!:   %9 = tail call i8* @llvm.stacksave(), !dbg !37015",/home/jimi/PaperExperiment/CompilerOptimization/Result/redis/dg/dg-LLVM14-O2-g/high_precision_20260409_123302/log/dda_fi.lines.stderr.log
dda_fi,DDA,ssa+fi,lines,"WARNING: Saving stack may yield unsound results!:   %9 = tail call i8* @llvm.stacksave(), !dbg !37015",/home/jimi/PaperExperiment/CompilerOptimization/Result/redis/dg/dg-LLVM14-O2-g/high_precision_20260409_123302/log/dda_fi.lines.stderr.log
dda_fi,DDA,ssa+fi,lines,"ShuffleVector instruction is not supported, loosing precision",/home/jimi/PaperExperiment/CompilerOptimization/Result/redis/dg/dg-LLVM14-O2-g/high_precision_20260409_123302/log/dda_fi.lines.stderr.log
dda_fi,DDA,ssa+fi,lines,"ShuffleVector instruction is not supported, loosing precision",/home/jimi/PaperExperiment/CompilerOptimization/Result/redis/dg/dg-LLVM14-O2-g/high_precision_20260409_123302/log/dda_fi.lines.stderr.log
dda_fi,DDA,ssa+fi,lines,"ShuffleVector instruction is not supported, loosing precision",/home/jimi/PaperExperiment/CompilerOptimization/Result/redis/dg/dg-LLVM14-O2-g/high_precision_20260409_123302/log/dda_fi.lines.stderr.log
dda_fi,DDA,ssa+fi,lines,"ShuffleVector instruction is not supported, loosing precision",/home/jimi/PaperExperiment/CompilerOptimization/Result/redis/dg/dg-LLVM14-O2-g/high_precision_20260409_123302/log/dda_fi.lines.stderr.log
dda_fi,DDA,ssa+fi,lines,"ShuffleVector instruction is not supported, loosing precision",/home/jimi/PaperExperiment/CompilerOptimization/Result/redis/dg/dg-LLVM14-O2-g/high_precision_20260409_123302/log/dda_fi.lines.stderr.log
dda_fi,DDA,ssa+fi,lines,"ShuffleVector instruction is not supported, loosing precision",/home/jimi/PaperExperiment/CompilerOptimization/Result/redis/dg/dg-LLVM14-O2-g/high_precision_20260409_123302/log/dda_fi.lines.stderr.log
dda_fi,DDA,ssa+fi,lines,"ShuffleVector instruction is not supported, loosing precision",/home/jimi/PaperExperiment/CompilerOptimization/Result/redis/dg/dg-LLVM14-O2-g/high_precision_20260409_123302/log/dda_fi.lines.stderr.log
dda_fi,DDA,ssa+fi,lines,"ShuffleVector instruction is not supported, loosing precision",/home/jimi/PaperExperiment/CompilerOptimization/Result/redis/dg/dg-LLVM14-O2-g/high_precision_20260409_123302/log/dda_fi.lines.stderr.log
dda_fi,DDA,ssa+fi,lines,"ShuffleVector instruction is not supported, loosing precision",/home/jimi/PaperExperiment/CompilerOptimization/Result/redis/dg/dg-LLVM14-O2-g/high_precision_20260409_123302/log/dda_fi.lines.stderr.log
dda_fi,DDA,ssa+fi,lines,"WARNING: Non-0 memset:   tail call void @llvm.memset.p0i8.i64(i8* align 1 %14, i8 32, i64 %13, i1 false), !dbg !37078",/home/jimi/PaperExperiment/CompilerOptimization/Result/redis/dg/dg-LLVM14-O2-g/high_precision_20260409_123302/log/dda_fi.lines.stderr.log
dda_fi,DDA,ssa+fi,lines,"WARNING: Non-0 memset:   tail call void @llvm.memset.p0i8.i64(i8* align 1 %14, i8 32, i64 %13, i1 false), !dbg !37078",/home/jimi/PaperExperiment/CompilerOptimization/Result/redis/dg/dg-LLVM14-O2-g/high_precision_20260409_123302/log/dda_fi.lines.stderr.log
dda_fi,DDA,ssa+fi,lines,"WARNING: Non-0 memset:   call void @llvm.memset.p0i8.i64(i8* noundef nonnull align 8 dereferenceable(16) %188, i8 -1, i64 16, i1 false), !dbg !37850",/home/jimi/PaperExperiment/CompilerOptimization/Result/redis/dg/dg-LLVM14-O2-g/high_precision_20260409_123302/log/dda_fi.lines.stderr.log
dda_fi,DDA,ssa+fi,lines,"WARNING: Non-0 memset:   tail call void @llvm.memset.p0i8.i64(i8* noundef nonnull align 1 dereferenceable(41) getelementptr inbounds (%struct.redisServer, %struct.redisServer* bitcast (%struct.redisServer.226* @server to %struct.redisServer*), i64 0, i32 288, i64 0), i8 48, i64 40, i1 false) #85, !dbg !37030",/home/jimi/PaperExperiment/CompilerOptimization/Result/redis/dg/dg-LLVM14-O2-g/high_precision_20260409_123302/log/dda_fi.lines.stderr.log
dda_fi,DDA,ssa+fi,lines,"ShuffleVector instruction is not supported, loosing precision",/home/jimi/PaperExperiment/CompilerOptimization/Result/redis/dg/dg-LLVM14-O2-g/high_precision_20260409_123302/log/dda_fi.lines.stderr.log
dda_fi,DDA,ssa+fi,lines,"ShuffleVector instruction is not supported, loosing precision",/home/jimi/PaperExperiment/CompilerOptimization/Result/redis/dg/dg-LLVM14-O2-g/high_precision_20260409_123302/log/dda_fi.lines.stderr.log
dda_fi,DDA,ssa+fi,lines,"ShuffleVector instruction is not supported, loosing precision",/home/jimi/PaperExperiment/CompilerOptimization/Result/redis/dg/dg-LLVM14-O2-g/high_precision_20260409_123302/log/dda_fi.lines.stderr.log
dda_fi,DDA,ssa+fi,dot,"[pta] UNHANDLED:   %82 = cmpxchg weak i64* @zmalloc_peak, i64 %79, i64 %75 monotonic monotonic, align 8, !dbg !37098",/home/jimi/PaperExperiment/CompilerOptimization/Result/redis/dg/dg-LLVM14-O2-g/high_precision_20260409_123302/log/dda_fi.dot.stderr.log
dda_fi,DDA,ssa+fi,dot,"WARNING: Non-0 memset:   call void @llvm.memset.p0i8.i64(i8* noundef nonnull align 1 dereferenceable(16) %14, i8 48, i64 16, i1 false) #85, !dbg !37150, !tbaa !37039",/home/jimi/PaperExperiment/CompilerOptimization/Result/redis/dg/dg-LLVM14-O2-g/high_precision_20260409_123302/log/dda_fi.dot.stderr.log
dda_fi,DDA,ssa+fi,dot,"[pta] UNHANDLED:   %83 = cmpxchg weak i64* @zmalloc_peak, i64 %80, i64 %76 monotonic monotonic, align 8, !dbg !37100",/home/jimi/PaperExperiment/CompilerOptimization/Result/redis/dg/dg-LLVM14-O2-g/high_precision_20260409_123302/log/dda_fi.dot.stderr.log
dda_fi,DDA,ssa+fi,dot,"[pta] UNHANDLED:   %83 = cmpxchg weak i64* @zmalloc_peak, i64 %80, i64 %76 monotonic monotonic, align 8, !dbg !37098",/home/jimi/PaperExperiment/CompilerOptimization/Result/redis/dg/dg-LLVM14-O2-g/high_precision_20260409_123302/log/dda_fi.dot.stderr.log
dda_fi,DDA,ssa+fi,dot,"ShuffleVector instruction is not supported, loosing precision",/home/jimi/PaperExperiment/CompilerOptimization/Result/redis/dg/dg-LLVM14-O2-g/high_precision_20260409_123302/log/dda_fi.dot.stderr.log
dda_fi,DDA,ssa+fi,dot,"ShuffleVector instruction is not supported, loosing precision",/home/jimi/PaperExperiment/CompilerOptimization/Result/redis/dg/dg-LLVM14-O2-g/high_precision_20260409_123302/log/dda_fi.dot.stderr.log
dda_fi,DDA,ssa+fi,dot,"[pta] UNHANDLED:   %82 = cmpxchg weak i64* @zmalloc_peak, i64 %79, i64 %75 monotonic monotonic, align 8, !dbg !37098",/home/jimi/PaperExperiment/CompilerOptimization/Result/redis/dg/dg-LLVM14-O2-g/high_precision_20260409_123302/log/dda_fi.dot.stderr.log
dda_fi,DDA,ssa+fi,dot,"[pta] UNHANDLED:   %129 = cmpxchg weak i64* @zmalloc_peak, i64 %126, i64 %122 monotonic monotonic, align 8, !dbg !37166",/home/jimi/PaperExperiment/CompilerOptimization/Result/redis/dg/dg-LLVM14-O2-g/high_precision_20260409_123302/log/dda_fi.dot.stderr.log
dda_fi,DDA,ssa+fi,dot,"[pta] UNHANDLED:   %82 = cmpxchg weak i64* @zmalloc_peak, i64 %79, i64 %75 monotonic monotonic, align 8, !dbg !37096",/home/jimi/PaperExperiment/CompilerOptimization/Result/redis/dg/dg-LLVM14-O2-g/high_precision_20260409_123302/log/dda_fi.dot.stderr.log
dda_fi,DDA,ssa+fi,dot,"ShuffleVector instruction is not supported, loosing precision",/home/jimi/PaperExperiment/CompilerOptimization/Result/redis/dg/dg-LLVM14-O2-g/high_precision_20260409_123302/log/dda_fi.dot.stderr.log
dda_fi,DDA,ssa+fi,dot,"WARNING: Non-0 memset:   tail call void @llvm.memset.p0i8.i64(i8* noundef nonnull align 1 dereferenceable(41) getelementptr inbounds (%struct.redisServer, %struct.redisServer* bitcast (%struct.redisServer.226* @server to %struct.redisServer*), i64 0, i32 288, i64 0), i8 48, i64 40, i1 false), !dbg !37002",/home/jimi/PaperExperiment/CompilerOptimization/Result/redis/dg/dg-LLVM14-O2-g/high_precision_20260409_123302/log/dda_fi.dot.stderr.log
dda_fi,DDA,ssa+fi,dot,"WARNING: Non-0 memset:   call void @llvm.memset.p0i8.i64(i8* noundef nonnull align 8 dereferenceable(16) bitcast (i64* getelementptr inbounds (%struct.redisServer.226, %struct.redisServer.226* @server, i64 0, i32 228) to i8*), i8 -1, i64 16, i1 false), !dbg !37152",/home/jimi/PaperExperiment/CompilerOptimization/Result/redis/dg/dg-LLVM14-O2-g/high_precision_20260409_123302/log/dda_fi.dot.stderr.log
dda_fi,DDA,ssa+fi,dot,"WARNING: Non-0 memset:   tail call void @llvm.memset.p0i8.i64(i8* noundef nonnull align 8 dereferenceable(128) %53, i8 -1, i64 128, i1 false), !dbg !37100",/home/jimi/PaperExperiment/CompilerOptimization/Result/redis/dg/dg-LLVM14-O2-g/high_precision_20260409_123302/log/dda_fi.dot.stderr.log
dda_fi,DDA,ssa+fi,dot,"WARNING: Saving stack may yield unsound results!:   %40 = call i8* @llvm.stacksave(), !dbg !37076",/home/jimi/PaperExperiment/CompilerOptimization/Result/redis/dg/dg-LLVM14-O2-g/high_precision_20260409_123302/log/dda_fi.dot.stderr.log
dda_fi,DDA,ssa+fi,dot,"[pta] UNHANDLED:   %91 = cmpxchg weak i64* @zmalloc_peak, i64 %88, i64 %84 monotonic monotonic, align 8, !dbg !37110",/home/jimi/PaperExperiment/CompilerOptimization/Result/redis/dg/dg-LLVM14-O2-g/high_precision_20260409_123302/log/dda_fi.dot.stderr.log
dda_fi,DDA,ssa+fi,dot,"ShuffleVector instruction is not supported, loosing precision",/home/jimi/PaperExperiment/CompilerOptimization/Result/redis/dg/dg-LLVM14-O2-g/high_precision_20260409_123302/log/dda_fi.dot.stderr.log
dda_fi,DDA,ssa+fi,dot,"ShuffleVector instruction is not supported, loosing precision",/home/jimi/PaperExperiment/CompilerOptimization/Result/redis/dg/dg-LLVM14-O2-g/high_precision_20260409_123302/log/dda_fi.dot.stderr.log
dda_fi,DDA,ssa+fi,dot,"ShuffleVector instruction is not supported, loosing precision",/home/jimi/PaperExperiment/CompilerOptimization/Result/redis/dg/dg-LLVM14-O2-g/high_precision_20260409_123302/log/dda_fi.dot.stderr.log
dda_fi,DDA,ssa+fi,dot,"ShuffleVector instruction is not supported, loosing precision",/home/jimi/PaperExperiment/CompilerOptimization/Result/redis/dg/dg-LLVM14-O2-g/high_precision_20260409_123302/log/dda_fi.dot.stderr.log
dda_fi,DDA,ssa+fi,dot,"ShuffleVector instruction is not supported, loosing precision",/home/jimi/PaperExperiment/CompilerOptimization/Result/redis/dg/dg-LLVM14-O2-g/high_precision_20260409_123302/log/dda_fi.dot.stderr.log
dda_fi,DDA,ssa+fi,dot,"ShuffleVector instruction is not supported, loosing precision",/home/jimi/PaperExperiment/CompilerOptimization/Result/redis/dg/dg-LLVM14-O2-g/high_precision_20260409_123302/log/dda_fi.dot.stderr.log
dda_fi,DDA,ssa+fi,dot,"ShuffleVector instruction is not supported, loosing precision",/home/jimi/PaperExperiment/CompilerOptimization/Result/redis/dg/dg-LLVM14-O2-g/high_precision_20260409_123302/log/dda_fi.dot.stderr.log
dda_fi,DDA,ssa+fi,dot,"ShuffleVector instruction is not supported, loosing precision",/home/jimi/PaperExperiment/CompilerOptimization/Result/redis/dg/dg-LLVM14-O2-g/high_precision_20260409_123302/log/dda_fi.dot.stderr.log
dda_fi,DDA,ssa+fi,dot,"ShuffleVector instruction is not supported, loosing precision",/home/jimi/PaperExperiment/CompilerOptimization/Result/redis/dg/dg-LLVM14-O2-g/high_precision_20260409_123302/log/dda_fi.dot.stderr.log
dda_fi,DDA,ssa+fi,dot,"ShuffleVector instruction is not supported, loosing precision",/home/jimi/PaperExperiment/CompilerOptimization/Result/redis/dg/dg-LLVM14-O2-g/high_precision_20260409_123302/log/dda_fi.dot.stderr.log
dda_fi,DDA,ssa+fi,dot,"ShuffleVector instruction is not supported, loosing precision",/home/jimi/PaperExperiment/CompilerOptimization/Result/redis/dg/dg-LLVM14-O2-g/high_precision_20260409_123302/log/dda_fi.dot.stderr.log
dda_fi,DDA,ssa+fi,dot,"ShuffleVector instruction is not supported, loosing precision",/home/jimi/PaperExperiment/CompilerOptimization/Result/redis/dg/dg-LLVM14-O2-g/high_precision_20260409_123302/log/dda_fi.dot.stderr.log
dda_fi,DDA,ssa+fi,dot,"ShuffleVector instruction is not supported, loosing precision",/home/jimi/PaperExperiment/CompilerOptimization/Result/redis/dg/dg-LLVM14-O2-g/high_precision_20260409_123302/log/dda_fi.dot.stderr.log
dda_fi,DDA,ssa+fi,dot,"ShuffleVector instruction is not supported, loosing precision",/home/jimi/PaperExperiment/CompilerOptimization/Result/redis/dg/dg-LLVM14-O2-g/high_precision_20260409_123302/log/dda_fi.dot.stderr.log
dda_fi,DDA,ssa+fi,dot,"ShuffleVector instruction is not supported, loosing precision",/home/jimi/PaperExperiment/CompilerOptimization/Result/redis/dg/dg-LLVM14-O2-g/high_precision_20260409_123302/log/dda_fi.dot.stderr.log
dda_fi,DDA,ssa+fi,dot,"ShuffleVector instruction is not supported, loosing precision",/home/jimi/PaperExperiment/CompilerOptimization/Result/redis/dg/dg-LLVM14-O2-g/high_precision_20260409_123302/log/dda_fi.dot.stderr.log
dda_fi,DDA,ssa+fi,dot,"ShuffleVector instruction is not supported, loosing precision",/home/jimi/PaperExperiment/CompilerOptimization/Result/redis/dg/dg-LLVM14-O2-g/high_precision_20260409_123302/log/dda_fi.dot.stderr.log
dda_fi,DDA,ssa+fi,dot,"ShuffleVector instruction is not supported, loosing precision",/home/jimi/PaperExperiment/CompilerOptimization/Result/redis/dg/dg-LLVM14-O2-g/high_precision_20260409_123302/log/dda_fi.dot.stderr.log
dda_fi,DDA,ssa+fi,dot,"ShuffleVector instruction is not supported, loosing precision",/home/jimi/PaperExperiment/CompilerOptimization/Result/redis/dg/dg-LLVM14-O2-g/high_precision_20260409_123302/log/dda_fi.dot.stderr.log
dda_fi,DDA,ssa+fi,dot,"ShuffleVector instruction is not supported, loosing precision",/home/jimi/PaperExperiment/CompilerOptimization/Result/redis/dg/dg-LLVM14-O2-g/high_precision_20260409_123302/log/dda_fi.dot.stderr.log
dda_fi,DDA,ssa+fi,dot,"ShuffleVector instruction is not supported, loosing precision",/home/jimi/PaperExperiment/CompilerOptimization/Result/redis/dg/dg-LLVM14-O2-g/high_precision_20260409_123302/log/dda_fi.dot.stderr.log
dda_fi,DDA,ssa+fi,dot,"ShuffleVector instruction is not supported, loosing precision",/home/jimi/PaperExperiment/CompilerOptimization/Result/redis/dg/dg-LLVM14-O2-g/high_precision_20260409_123302/log/dda_fi.dot.stderr.log
dda_fi,DDA,ssa+fi,dot,"ShuffleVector instruction is not supported, loosing precision",/home/jimi/PaperExperiment/CompilerOptimization/Result/redis/dg/dg-LLVM14-O2-g/high_precision_20260409_123302/log/dda_fi.dot.stderr.log
dda_fi,DDA,ssa+fi,dot,"ShuffleVector instruction is not supported, loosing precision",/home/jimi/PaperExperiment/CompilerOptimization/Result/redis/dg/dg-LLVM14-O2-g/high_precision_20260409_123302/log/dda_fi.dot.stderr.log
dda_fi,DDA,ssa+fi,dot,"ShuffleVector instruction is not supported, loosing precision",/home/jimi/PaperExperiment/CompilerOptimization/Result/redis/dg/dg-LLVM14-O2-g/high_precision_20260409_123302/log/dda_fi.dot.stderr.log
dda_fi,DDA,ssa+fi,dot,"ShuffleVector instruction is not supported, loosing precision",/home/jimi/PaperExperiment/CompilerOptimization/Result/redis/dg/dg-LLVM14-O2-g/high_precision_20260409_123302/log/dda_fi.dot.stderr.log
dda_fi,DDA,ssa+fi,dot,"ShuffleVector instruction is not supported, loosing precision",/home/jimi/PaperExperiment/CompilerOptimization/Result/redis/dg/dg-LLVM14-O2-g/high_precision_20260409_123302/log/dda_fi.dot.stderr.log
dda_fi,DDA,ssa+fi,dot,"ShuffleVector instruction is not supported, loosing precision",/home/jimi/PaperExperiment/CompilerOptimization/Result/redis/dg/dg-LLVM14-O2-g/high_precision_20260409_123302/log/dda_fi.dot.stderr.log
dda_fi,DDA,ssa+fi,dot,"ShuffleVector instruction is not supported, loosing precision",/home/jimi/PaperExperiment/CompilerOptimization/Result/redis/dg/dg-LLVM14-O2-g/high_precision_20260409_123302/log/dda_fi.dot.stderr.log
dda_fi,DDA,ssa+fi,dot,"ShuffleVector instruction is not supported, loosing precision",/home/jimi/PaperExperiment/CompilerOptimization/Result/redis/dg/dg-LLVM14-O2-g/high_precision_20260409_123302/log/dda_fi.dot.stderr.log
dda_fi,DDA,ssa+fi,dot,"ShuffleVector instruction is not supported, loosing precision",/home/jimi/PaperExperiment/CompilerOptimization/Result/redis/dg/dg-LLVM14-O2-g/high_precision_20260409_123302/log/dda_fi.dot.stderr.log
dda_fi,DDA,ssa+fi,dot,"ShuffleVector instruction is not supported, loosing precision",/home/jimi/PaperExperiment/CompilerOptimization/Result/redis/dg/dg-LLVM14-O2-g/high_precision_20260409_123302/log/dda_fi.dot.stderr.log
dda_fi,DDA,ssa+fi,dot,"ShuffleVector instruction is not supported, loosing precision",/home/jimi/PaperExperiment/CompilerOptimization/Result/redis/dg/dg-LLVM14-O2-g/high_precision_20260409_123302/log/dda_fi.dot.stderr.log
dda_fi,DDA,ssa+fi,dot,"ShuffleVector instruction is not supported, loosing precision",/home/jimi/PaperExperiment/CompilerOptimization/Result/redis/dg/dg-LLVM14-O2-g/high_precision_20260409_123302/log/dda_fi.dot.stderr.log
dda_fi,DDA,ssa+fi,dot,"ShuffleVector instruction is not supported, loosing precision",/home/jimi/PaperExperiment/CompilerOptimization/Result/redis/dg/dg-LLVM14-O2-g/high_precision_20260409_123302/log/dda_fi.dot.stderr.log
dda_fi,DDA,ssa+fi,dot,"ShuffleVector instruction is not supported, loosing precision",/home/jimi/PaperExperiment/CompilerOptimization/Result/redis/dg/dg-LLVM14-O2-g/high_precision_20260409_123302/log/dda_fi.dot.stderr.log
dda_fi,DDA,ssa+fi,dot,"ShuffleVector instruction is not supported, loosing precision",/home/jimi/PaperExperiment/CompilerOptimization/Result/redis/dg/dg-LLVM14-O2-g/high_precision_20260409_123302/log/dda_fi.dot.stderr.log
dda_fi,DDA,ssa+fi,dot,"ShuffleVector instruction is not supported, loosing precision",/home/jimi/PaperExperiment/CompilerOptimization/Result/redis/dg/dg-LLVM14-O2-g/high_precision_20260409_123302/log/dda_fi.dot.stderr.log
dda_fi,DDA,ssa+fi,dot,"ShuffleVector instruction is not supported, loosing precision",/home/jimi/PaperExperiment/CompilerOptimization/Result/redis/dg/dg-LLVM14-O2-g/high_precision_20260409_123302/log/dda_fi.dot.stderr.log
dda_fi,DDA,ssa+fi,dot,"ShuffleVector instruction is not supported, loosing precision",/home/jimi/PaperExperiment/CompilerOptimization/Result/redis/dg/dg-LLVM14-O2-g/high_precision_20260409_123302/log/dda_fi.dot.stderr.log
dda_fi,DDA,ssa+fi,dot,"ShuffleVector instruction is not supported, loosing precision",/home/jimi/PaperExperiment/CompilerOptimization/Result/redis/dg/dg-LLVM14-O2-g/high_precision_20260409_123302/log/dda_fi.dot.stderr.log
dda_fi,DDA,ssa+fi,dot,"ShuffleVector instruction is not supported, loosing precision",/home/jimi/PaperExperiment/CompilerOptimization/Result/redis/dg/dg-LLVM14-O2-g/high_precision_20260409_123302/log/dda_fi.dot.stderr.log
dda_fi,DDA,ssa+fi,dot,"ShuffleVector instruction is not supported, loosing precision",/home/jimi/PaperExperiment/CompilerOptimization/Result/redis/dg/dg-LLVM14-O2-g/high_precision_20260409_123302/log/dda_fi.dot.stderr.log
dda_fi,DDA,ssa+fi,dot,"ShuffleVector instruction is not supported, loosing precision",/home/jimi/PaperExperiment/CompilerOptimization/Result/redis/dg/dg-LLVM14-O2-g/high_precision_20260409_123302/log/dda_fi.dot.stderr.log
dda_fi,DDA,ssa+fi,dot,"ShuffleVector instruction is not supported, loosing precision",/home/jimi/PaperExperiment/CompilerOptimization/Result/redis/dg/dg-LLVM14-O2-g/high_precision_20260409_123302/log/dda_fi.dot.stderr.log
dda_fi,DDA,ssa+fi,dot,"ShuffleVector instruction is not supported, loosing precision",/home/jimi/PaperExperiment/CompilerOptimization/Result/redis/dg/dg-LLVM14-O2-g/high_precision_20260409_123302/log/dda_fi.dot.stderr.log
dda_fi,DDA,ssa+fi,dot,"ShuffleVector instruction is not supported, loosing precision",/home/jimi/PaperExperiment/CompilerOptimization/Result/redis/dg/dg-LLVM14-O2-g/high_precision_20260409_123302/log/dda_fi.dot.stderr.log
dda_fi,DDA,ssa+fi,dot,"ShuffleVector instruction is not supported, loosing precision",/home/jimi/PaperExperiment/CompilerOptimization/Result/redis/dg/dg-LLVM14-O2-g/high_precision_20260409_123302/log/dda_fi.dot.stderr.log
dda_fi,DDA,ssa+fi,dot,"ShuffleVector instruction is not supported, loosing precision",/home/jimi/PaperExperiment/CompilerOptimization/Result/redis/dg/dg-LLVM14-O2-g/high_precision_20260409_123302/log/dda_fi.dot.stderr.log
dda_fi,DDA,ssa+fi,dot,"ShuffleVector instruction is not supported, loosing precision",/home/jimi/PaperExperiment/CompilerOptimization/Result/redis/dg/dg-LLVM14-O2-g/high_precision_20260409_123302/log/dda_fi.dot.stderr.log
dda_fi,DDA,ssa+fi,dot,"ShuffleVector instruction is not supported, loosing precision",/home/jimi/PaperExperiment/CompilerOptimization/Result/redis/dg/dg-LLVM14-O2-g/high_precision_20260409_123302/log/dda_fi.dot.stderr.log
dda_fi,DDA,ssa+fi,dot,"ShuffleVector instruction is not supported, loosing precision",/home/jimi/PaperExperiment/CompilerOptimization/Result/redis/dg/dg-LLVM14-O2-g/high_precision_20260409_123302/log/dda_fi.dot.stderr.log
dda_fi,DDA,ssa+fi,dot,"ShuffleVector instruction is not supported, loosing precision",/home/jimi/PaperExperiment/CompilerOptimization/Result/redis/dg/dg-LLVM14-O2-g/high_precision_20260409_123302/log/dda_fi.dot.stderr.log
dda_fi,DDA,ssa+fi,dot,"ShuffleVector instruction is not supported, loosing precision",/home/jimi/PaperExperiment/CompilerOptimization/Result/redis/dg/dg-LLVM14-O2-g/high_precision_20260409_123302/log/dda_fi.dot.stderr.log
dda_fi,DDA,ssa+fi,dot,"ShuffleVector instruction is not supported, loosing precision",/home/jimi/PaperExperiment/CompilerOptimization/Result/redis/dg/dg-LLVM14-O2-g/high_precision_20260409_123302/log/dda_fi.dot.stderr.log
dda_fi,DDA,ssa+fi,dot,"ShuffleVector instruction is not supported, loosing precision",/home/jimi/PaperExperiment/CompilerOptimization/Result/redis/dg/dg-LLVM14-O2-g/high_precision_20260409_123302/log/dda_fi.dot.stderr.log
dda_fi,DDA,ssa+fi,dot,"WARNING: Non-0 memset:   call void @llvm.memset.p0i8.i64(i8* noundef nonnull align 8 dereferenceable(16) %25, i8 -1, i64 16, i1 false), !dbg !37067",/home/jimi/PaperExperiment/CompilerOptimization/Result/redis/dg/dg-LLVM14-O2-g/high_precision_20260409_123302/log/dda_fi.dot.stderr.log
dda_fi,DDA,ssa+fi,dot,"ShuffleVector instruction is not supported, loosing precision",/home/jimi/PaperExperiment/CompilerOptimization/Result/redis/dg/dg-LLVM14-O2-g/high_precision_20260409_123302/log/dda_fi.dot.stderr.log
dda_fi,DDA,ssa+fi,dot,"ShuffleVector instruction is not supported, loosing precision",/home/jimi/PaperExperiment/CompilerOptimization/Result/redis/dg/dg-LLVM14-O2-g/high_precision_20260409_123302/log/dda_fi.dot.stderr.log
dda_fi,DDA,ssa+fi,dot,"ShuffleVector instruction is not supported, loosing precision",/home/jimi/PaperExperiment/CompilerOptimization/Result/redis/dg/dg-LLVM14-O2-g/high_precision_20260409_123302/log/dda_fi.dot.stderr.log
dda_fi,DDA,ssa+fi,dot,"ShuffleVector instruction is not supported, loosing precision",/home/jimi/PaperExperiment/CompilerOptimization/Result/redis/dg/dg-LLVM14-O2-g/high_precision_20260409_123302/log/dda_fi.dot.stderr.log
dda_fi,DDA,ssa+fi,dot,"ShuffleVector instruction is not supported, loosing precision",/home/jimi/PaperExperiment/CompilerOptimization/Result/redis/dg/dg-LLVM14-O2-g/high_precision_20260409_123302/log/dda_fi.dot.stderr.log
dda_fi,DDA,ssa+fi,dot,"ShuffleVector instruction is not supported, loosing precision",/home/jimi/PaperExperiment/CompilerOptimization/Result/redis/dg/dg-LLVM14-O2-g/high_precision_20260409_123302/log/dda_fi.dot.stderr.log
dda_fi,DDA,ssa+fi,dot,"[pta] UNHANDLED:   %367 = insertvalue { i8*, i32 } poison, i8* %365, 0, !dbg !37605",/home/jimi/PaperExperiment/CompilerOptimization/Result/redis/dg/dg-LLVM14-O2-g/high_precision_20260409_123302/log/dda_fi.dot.stderr.log
dda_fi,DDA,ssa+fi,dot,"[pta] UNHANDLED:   %368 = insertvalue { i8*, i32 } %367, i32 %366, 1, !dbg !37605",/home/jimi/PaperExperiment/CompilerOptimization/Result/redis/dg/dg-LLVM14-O2-g/high_precision_20260409_123302/log/dda_fi.dot.stderr.log
dda_fi,DDA,ssa+fi,dot,"[pta] UNHANDLED:   %96 = insertvalue { i8*, i32 } poison, i8* %95, 0, !dbg !37112",/home/jimi/PaperExperiment/CompilerOptimization/Result/redis/dg/dg-LLVM14-O2-g/high_precision_20260409_123302/log/dda_fi.dot.stderr.log
dda_fi,DDA,ssa+fi,dot,"[pta] UNHANDLED:   %97 = insertvalue { i8*, i32 } %96, i32 %94, 1, !dbg !37112",/home/jimi/PaperExperiment/CompilerOptimization/Result/redis/dg/dg-LLVM14-O2-g/high_precision_20260409_123302/log/dda_fi.dot.stderr.log
dda_fi,DDA,ssa+fi,dot,"[pta] UNHANDLED:   %374 = insertvalue { i8*, i32 } poison, i8* %6, 0, !dbg !37505",/home/jimi/PaperExperiment/CompilerOptimization/Result/redis/dg/dg-LLVM14-O2-g/high_precision_20260409_123302/log/dda_fi.dot.stderr.log
dda_fi,DDA,ssa+fi,dot,"[pta] UNHANDLED:   %375 = insertvalue { i8*, i32 } %374, i32 %373, 1, !dbg !37505",/home/jimi/PaperExperiment/CompilerOptimization/Result/redis/dg/dg-LLVM14-O2-g/high_precision_20260409_123302/log/dda_fi.dot.stderr.log
dda_fi,DDA,ssa+fi,dot,"[pta] UNHANDLED:   %186 = insertvalue { i64, i32 } poison, i64 %185, 0, !dbg !37421",/home/jimi/PaperExperiment/CompilerOptimization/Result/redis/dg/dg-LLVM14-O2-g/high_precision_20260409_123302/log/dda_fi.dot.stderr.log
dda_fi,DDA,ssa+fi,dot,"[pta] UNHANDLED:   %187 = insertvalue { i64, i32 } %186, i32 %183, 1, !dbg !37421",/home/jimi/PaperExperiment/CompilerOptimization/Result/redis/dg/dg-LLVM14-O2-g/high_precision_20260409_123302/log/dda_fi.dot.stderr.log
dda_fi,DDA,ssa+fi,dot,"ShuffleVector instruction is not supported, loosing precision",/home/jimi/PaperExperiment/CompilerOptimization/Result/redis/dg/dg-LLVM14-O2-g/high_precision_20260409_123302/log/dda_fi.dot.stderr.log
dda_fi,DDA,ssa+fi,dot,"ShuffleVector instruction is not supported, loosing precision",/home/jimi/PaperExperiment/CompilerOptimization/Result/redis/dg/dg-LLVM14-O2-g/high_precision_20260409_123302/log/dda_fi.dot.stderr.log
dda_fi,DDA,ssa+fi,dot,"ShuffleVector instruction is not supported, loosing precision",/home/jimi/PaperExperiment/CompilerOptimization/Result/redis/dg/dg-LLVM14-O2-g/high_precision_20260409_123302/log/dda_fi.dot.stderr.log
dda_fi,DDA,ssa+fi,dot,"ShuffleVector instruction is not supported, loosing precision",/home/jimi/PaperExperiment/CompilerOptimization/Result/redis/dg/dg-LLVM14-O2-g/high_precision_20260409_123302/log/dda_fi.dot.stderr.log
dda_fi,DDA,ssa+fi,dot,"ShuffleVector instruction is not supported, loosing precision",/home/jimi/PaperExperiment/CompilerOptimization/Result/redis/dg/dg-LLVM14-O2-g/high_precision_20260409_123302/log/dda_fi.dot.stderr.log
dda_fi,DDA,ssa+fi,dot,"ShuffleVector instruction is not supported, loosing precision",/home/jimi/PaperExperiment/CompilerOptimization/Result/redis/dg/dg-LLVM14-O2-g/high_precision_20260409_123302/log/dda_fi.dot.stderr.log
dda_fi,DDA,ssa+fi,dot,"ShuffleVector instruction is not supported, loosing precision",/home/jimi/PaperExperiment/CompilerOptimization/Result/redis/dg/dg-LLVM14-O2-g/high_precision_20260409_123302/log/dda_fi.dot.stderr.log
dda_fi,DDA,ssa+fi,dot,"ShuffleVector instruction is not supported, loosing precision",/home/jimi/PaperExperiment/CompilerOptimization/Result/redis/dg/dg-LLVM14-O2-g/high_precision_20260409_123302/log/dda_fi.dot.stderr.log
dda_fi,DDA,ssa+fi,dot,"ShuffleVector instruction is not supported, loosing precision",/home/jimi/PaperExperiment/CompilerOptimization/Result/redis/dg/dg-LLVM14-O2-g/high_precision_20260409_123302/log/dda_fi.dot.stderr.log
dda_fi,DDA,ssa+fi,dot,"ShuffleVector instruction is not supported, loosing precision",/home/jimi/PaperExperiment/CompilerOptimization/Result/redis/dg/dg-LLVM14-O2-g/high_precision_20260409_123302/log/dda_fi.dot.stderr.log
dda_fi,DDA,ssa+fi,dot,"[pta] UNHANDLED:   %392 = insertvalue { i64, i32 } poison, i64 %390, 0, !dbg !37642",/home/jimi/PaperExperiment/CompilerOptimization/Result/redis/dg/dg-LLVM14-O2-g/high_precision_20260409_123302/log/dda_fi.dot.stderr.log
dda_fi,DDA,ssa+fi,dot,"[pta] UNHANDLED:   %393 = insertvalue { i64, i32 } %392, i32 %391, 1, !dbg !37642",/home/jimi/PaperExperiment/CompilerOptimization/Result/redis/dg/dg-LLVM14-O2-g/high_precision_20260409_123302/log/dda_fi.dot.stderr.log
dda_fi,DDA,ssa+fi,dot,"ShuffleVector instruction is not supported, loosing precision",/home/jimi/PaperExperiment/CompilerOptimization/Result/redis/dg/dg-LLVM14-O2-g/high_precision_20260409_123302/log/dda_fi.dot.stderr.log
dda_fi,DDA,ssa+fi,dot,"ShuffleVector instruction is not supported, loosing precision",/home/jimi/PaperExperiment/CompilerOptimization/Result/redis/dg/dg-LLVM14-O2-g/high_precision_20260409_123302/log/dda_fi.dot.stderr.log
dda_fi,DDA,ssa+fi,dot,"ShuffleVector instruction is not supported, loosing precision",/home/jimi/PaperExperiment/CompilerOptimization/Result/redis/dg/dg-LLVM14-O2-g/high_precision_20260409_123302/log/dda_fi.dot.stderr.log
dda_fi,DDA,ssa+fi,dot,"ShuffleVector instruction is not supported, loosing precision",/home/jimi/PaperExperiment/CompilerOptimization/Result/redis/dg/dg-LLVM14-O2-g/high_precision_20260409_123302/log/dda_fi.dot.stderr.log
dda_fi,DDA,ssa+fi,dot,"ShuffleVector instruction is not supported, loosing precision",/home/jimi/PaperExperiment/CompilerOptimization/Result/redis/dg/dg-LLVM14-O2-g/high_precision_20260409_123302/log/dda_fi.dot.stderr.log
dda_fi,DDA,ssa+fi,dot,"ShuffleVector instruction is not supported, loosing precision",/home/jimi/PaperExperiment/CompilerOptimization/Result/redis/dg/dg-LLVM14-O2-g/high_precision_20260409_123302/log/dda_fi.dot.stderr.log
dda_fi,DDA,ssa+fi,dot,"ShuffleVector instruction is not supported, loosing precision",/home/jimi/PaperExperiment/CompilerOptimization/Result/redis/dg/dg-LLVM14-O2-g/high_precision_20260409_123302/log/dda_fi.dot.stderr.log
dda_fi,DDA,ssa+fi,dot,"ShuffleVector instruction is not supported, loosing precision",/home/jimi/PaperExperiment/CompilerOptimization/Result/redis/dg/dg-LLVM14-O2-g/high_precision_20260409_123302/log/dda_fi.dot.stderr.log
dda_fi,DDA,ssa+fi,dot,"ShuffleVector instruction is not supported, loosing precision",/home/jimi/PaperExperiment/CompilerOptimization/Result/redis/dg/dg-LLVM14-O2-g/high_precision_20260409_123302/log/dda_fi.dot.stderr.log
dda_fi,DDA,ssa+fi,dot,"ShuffleVector instruction is not supported, loosing precision",/home/jimi/PaperExperiment/CompilerOptimization/Result/redis/dg/dg-LLVM14-O2-g/high_precision_20260409_123302/log/dda_fi.dot.stderr.log
dda_fi,DDA,ssa+fi,dot,"ShuffleVector instruction is not supported, loosing precision",/home/jimi/PaperExperiment/CompilerOptimization/Result/redis/dg/dg-LLVM14-O2-g/high_precision_20260409_123302/log/dda_fi.dot.stderr.log
dda_fi,DDA,ssa+fi,dot,"ShuffleVector instruction is not supported, loosing precision",/home/jimi/PaperExperiment/CompilerOptimization/Result/redis/dg/dg-LLVM14-O2-g/high_precision_20260409_123302/log/dda_fi.dot.stderr.log
dda_fi,DDA,ssa+fi,dot,"ShuffleVector instruction is not supported, loosing precision",/home/jimi/PaperExperiment/CompilerOptimization/Result/redis/dg/dg-LLVM14-O2-g/high_precision_20260409_123302/log/dda_fi.dot.stderr.log
dda_fi,DDA,ssa+fi,dot,"ShuffleVector instruction is not supported, loosing precision",/home/jimi/PaperExperiment/CompilerOptimization/Result/redis/dg/dg-LLVM14-O2-g/high_precision_20260409_123302/log/dda_fi.dot.stderr.log
dda_fi,DDA,ssa+fi,dot,"ShuffleVector instruction is not supported, loosing precision",/home/jimi/PaperExperiment/CompilerOptimization/Result/redis/dg/dg-LLVM14-O2-g/high_precision_20260409_123302/log/dda_fi.dot.stderr.log
dda_fi,DDA,ssa+fi,dot,"ShuffleVector instruction is not supported, loosing precision",/home/jimi/PaperExperiment/CompilerOptimization/Result/redis/dg/dg-LLVM14-O2-g/high_precision_20260409_123302/log/dda_fi.dot.stderr.log
dda_fi,DDA,ssa+fi,dot,"ShuffleVector instruction is not supported, loosing precision",/home/jimi/PaperExperiment/CompilerOptimization/Result/redis/dg/dg-LLVM14-O2-g/high_precision_20260409_123302/log/dda_fi.dot.stderr.log
dda_fi,DDA,ssa+fi,dot,"ShuffleVector instruction is not supported, loosing precision",/home/jimi/PaperExperiment/CompilerOptimization/Result/redis/dg/dg-LLVM14-O2-g/high_precision_20260409_123302/log/dda_fi.dot.stderr.log
dda_fi,DDA,ssa+fi,dot,"ShuffleVector instruction is not supported, loosing precision",/home/jimi/PaperExperiment/CompilerOptimization/Result/redis/dg/dg-LLVM14-O2-g/high_precision_20260409_123302/log/dda_fi.dot.stderr.log
dda_fi,DDA,ssa+fi,dot,"ShuffleVector instruction is not supported, loosing precision",/home/jimi/PaperExperiment/CompilerOptimization/Result/redis/dg/dg-LLVM14-O2-g/high_precision_20260409_123302/log/dda_fi.dot.stderr.log
dda_fi,DDA,ssa+fi,dot,"[pta] UNHANDLED:   %82 = cmpxchg weak i64* @zmalloc_peak, i64 %79, i64 %75 monotonic monotonic, align 8, !dbg !37096",/home/jimi/PaperExperiment/CompilerOptimization/Result/redis/dg/dg-LLVM14-O2-g/high_precision_20260409_123302/log/dda_fi.dot.stderr.log
dda_fi,DDA,ssa+fi,dot,"WARNING: Non-0 memset:   call void @llvm.memset.p0i8.i64(i8* noundef nonnull align 8 dereferenceable(16) %12, i8 -1, i64 16, i1 false), !dbg !37032",/home/jimi/PaperExperiment/CompilerOptimization/Result/redis/dg/dg-LLVM14-O2-g/high_precision_20260409_123302/log/dda_fi.dot.stderr.log
dda_fi,DDA,ssa+fi,dot,"WARNING: Non-0 memset:   call void @llvm.memset.p0i8.i64(i8* noundef nonnull align 8 dereferenceable(16) %14, i8 -1, i64 16, i1 false) #85, !dbg !37066",/home/jimi/PaperExperiment/CompilerOptimization/Result/redis/dg/dg-LLVM14-O2-g/high_precision_20260409_123302/log/dda_fi.dot.stderr.log
dda_fi,DDA,ssa+fi,dot,"WARNING: Non-0 memset:   call void @llvm.memset.p0i8.i64(i8* noundef nonnull align 8 dereferenceable(16) %20, i8 -1, i64 16, i1 false), !dbg !37074",/home/jimi/PaperExperiment/CompilerOptimization/Result/redis/dg/dg-LLVM14-O2-g/high_precision_20260409_123302/log/dda_fi.dot.stderr.log
dda_fi,DDA,ssa+fi,dot,"WARNING: Non-0 memset:   call void @llvm.memset.p0i8.i64(i8* noundef nonnull align 8 dereferenceable(16) %32, i8 -1, i64 16, i1 false), !dbg !37106",/home/jimi/PaperExperiment/CompilerOptimization/Result/redis/dg/dg-LLVM14-O2-g/high_precision_20260409_123302/log/dda_fi.dot.stderr.log
dda_fi,DDA,ssa+fi,dot,"WARNING: Non-0 memset:   tail call void @llvm.memset.p0i8.i64(i8* align 1 %287, i8 48, i64 %288, i1 false) #85, !dbg !37439",/home/jimi/PaperExperiment/CompilerOptimization/Result/redis/dg/dg-LLVM14-O2-g/high_precision_20260409_123302/log/dda_fi.dot.stderr.log
dda_fi,DDA,ssa+fi,dot,"WARNING: Non-0 memset:   tail call void @llvm.memset.p0i8.i64(i8* nonnull align 1 %298, i8 48, i64 %299, i1 false) #85, !dbg !37452",/home/jimi/PaperExperiment/CompilerOptimization/Result/redis/dg/dg-LLVM14-O2-g/high_precision_20260409_123302/log/dda_fi.dot.stderr.log
dda_fi,DDA,ssa+fi,dot,"WARNING: Non-0 memset:   call void @llvm.memset.p0i8.i64(i8* noundef nonnull align 8 dereferenceable(16) %94, i8 -1, i64 16, i1 false) #86, !dbg !37186",/home/jimi/PaperExperiment/CompilerOptimization/Result/redis/dg/dg-LLVM14-O2-g/high_precision_20260409_123302/log/dda_fi.dot.stderr.log
dda_fi,DDA,ssa+fi,dot,"WARNING: Non-0 memset:   call void @llvm.memset.p0i8.i64(i8* noundef nonnull align 8 dereferenceable(16) bitcast (i64* getelementptr inbounds (%struct.redisServer.226, %struct.redisServer.226* @server, i64 0, i32 258) to i8*), i8 -1, i64 16, i1 false), !dbg !37430",/home/jimi/PaperExperiment/CompilerOptimization/Result/redis/dg/dg-LLVM14-O2-g/high_precision_20260409_123302/log/dda_fi.dot.stderr.log
dda_fi,DDA,ssa+fi,dot,"WARNING: Non-0 memset:   tail call void @llvm.memset.p0i8.i64(i8* noundef nonnull align 8 dereferenceable(272) %57, i8 -1, i64 272, i1 false), !dbg !37100",/home/jimi/PaperExperiment/CompilerOptimization/Result/redis/dg/dg-LLVM14-O2-g/high_precision_20260409_123302/log/dda_fi.dot.stderr.log
dda_fi,DDA,ssa+fi,dot,"WARNING: Non-0 memset:   tail call void @llvm.memset.p0i8.i64(i8* noundef nonnull align 8 dereferenceable(16) %34, i8 -1, i64 16, i1 false) #85, !dbg !37114",/home/jimi/PaperExperiment/CompilerOptimization/Result/redis/dg/dg-LLVM14-O2-g/high_precision_20260409_123302/log/dda_fi.dot.stderr.log
dda_fi,DDA,ssa+fi,dot,"ShuffleVector instruction is not supported, loosing precision",/home/jimi/PaperExperiment/CompilerOptimization/Result/redis/dg/dg-LLVM14-O2-g/high_precision_20260409_123302/log/dda_fi.dot.stderr.log
dda_fi,DDA,ssa+fi,dot,"ShuffleVector instruction is not supported, loosing precision",/home/jimi/PaperExperiment/CompilerOptimization/Result/redis/dg/dg-LLVM14-O2-g/high_precision_20260409_123302/log/dda_fi.dot.stderr.log
dda_fi,DDA,ssa+fi,dot,"ShuffleVector instruction is not supported, loosing precision",/home/jimi/PaperExperiment/CompilerOptimization/Result/redis/dg/dg-LLVM14-O2-g/high_precision_20260409_123302/log/dda_fi.dot.stderr.log
dda_fi,DDA,ssa+fi,dot,"WARNING: Non-0 memset:   tail call void @llvm.memset.p0i8.i64(i8* noundef nonnull align 8 dereferenceable(16) %24, i8 -1, i64 16, i1 false) #85, !dbg !37083",/home/jimi/PaperExperiment/CompilerOptimization/Result/redis/dg/dg-LLVM14-O2-g/high_precision_20260409_123302/log/dda_fi.dot.stderr.log
dda_fi,DDA,ssa+fi,dot,"WARNING: Non-0 memset:   call void @llvm.memset.p0i8.i64(i8* noundef nonnull align 8 dereferenceable(16) %32, i8 -1, i64 16, i1 false), !dbg !37076",/home/jimi/PaperExperiment/CompilerOptimization/Result/redis/dg/dg-LLVM14-O2-g/high_precision_20260409_123302/log/dda_fi.dot.stderr.log
dda_fi,DDA,ssa+fi,dot,"ShuffleVector instruction is not supported, loosing precision",/home/jimi/PaperExperiment/CompilerOptimization/Result/redis/dg/dg-LLVM14-O2-g/high_precision_20260409_123302/log/dda_fi.dot.stderr.log
dda_fi,DDA,ssa+fi,dot,"[pta] UNHANDLED:   %83 = cmpxchg weak i64* @zmalloc_peak, i64 %80, i64 %76 monotonic monotonic, align 8, !dbg !37098",/home/jimi/PaperExperiment/CompilerOptimization/Result/redis/dg/dg-LLVM14-O2-g/high_precision_20260409_123302/log/dda_fi.dot.stderr.log
dda_fi,DDA,ssa+fi,dot,"[pta] UNHANDLED:   %83 = cmpxchg weak i64* @zmalloc_peak, i64 %80, i64 %76 monotonic monotonic, align 8, !dbg !37100",/home/jimi/PaperExperiment/CompilerOptimization/Result/redis/dg/dg-LLVM14-O2-g/high_precision_20260409_123302/log/dda_fi.dot.stderr.log
dda_fi,DDA,ssa+fi,dot,"WARNING: Non-0 memset:   call void @llvm.memset.p0i8.i64(i8* noundef nonnull align 8 dereferenceable(16) %88, i8 -1, i64 16, i1 false), !dbg !37632",/home/jimi/PaperExperiment/CompilerOptimization/Result/redis/dg/dg-LLVM14-O2-g/high_precision_20260409_123302/log/dda_fi.dot.stderr.log
dda_fi,DDA,ssa+fi,dot,"ShuffleVector instruction is not supported, loosing precision",/home/jimi/PaperExperiment/CompilerOptimization/Result/redis/dg/dg-LLVM14-O2-g/high_precision_20260409_123302/log/dda_fi.dot.stderr.log
dda_fi,DDA,ssa+fi,dot,"ShuffleVector instruction is not supported, loosing precision",/home/jimi/PaperExperiment/CompilerOptimization/Result/redis/dg/dg-LLVM14-O2-g/high_precision_20260409_123302/log/dda_fi.dot.stderr.log
dda_fi,DDA,ssa+fi,dot,"ShuffleVector instruction is not supported, loosing precision",/home/jimi/PaperExperiment/CompilerOptimization/Result/redis/dg/dg-LLVM14-O2-g/high_precision_20260409_123302/log/dda_fi.dot.stderr.log
dda_fi,DDA,ssa+fi,dot,"ShuffleVector instruction is not supported, loosing precision",/home/jimi/PaperExperiment/CompilerOptimization/Result/redis/dg/dg-LLVM14-O2-g/high_precision_20260409_123302/log/dda_fi.dot.stderr.log
dda_fi,DDA,ssa+fi,dot,"ShuffleVector instruction is not supported, loosing precision",/home/jimi/PaperExperiment/CompilerOptimization/Result/redis/dg/dg-LLVM14-O2-g/high_precision_20260409_123302/log/dda_fi.dot.stderr.log
dda_fi,DDA,ssa+fi,dot,"ShuffleVector instruction is not supported, loosing precision",/home/jimi/PaperExperiment/CompilerOptimization/Result/redis/dg/dg-LLVM14-O2-g/high_precision_20260409_123302/log/dda_fi.dot.stderr.log
dda_fi,DDA,ssa+fi,dot,"ShuffleVector instruction is not supported, loosing precision",/home/jimi/PaperExperiment/CompilerOptimization/Result/redis/dg/dg-LLVM14-O2-g/high_precision_20260409_123302/log/dda_fi.dot.stderr.log
dda_fi,DDA,ssa+fi,dot,"ShuffleVector instruction is not supported, loosing precision",/home/jimi/PaperExperiment/CompilerOptimization/Result/redis/dg/dg-LLVM14-O2-g/high_precision_20260409_123302/log/dda_fi.dot.stderr.log
dda_fi,DDA,ssa+fi,dot,"ShuffleVector instruction is not supported, loosing precision",/home/jimi/PaperExperiment/CompilerOptimization/Result/redis/dg/dg-LLVM14-O2-g/high_precision_20260409_123302/log/dda_fi.dot.stderr.log
dda_fi,DDA,ssa+fi,dot,"WARNING: Non-0 memset:   call void @llvm.memset.p0i8.i64(i8* noundef nonnull align 8 dereferenceable(16) %391, i8 -1, i64 16, i1 false) #85, !dbg !37534",/home/jimi/PaperExperiment/CompilerOptimization/Result/redis/dg/dg-LLVM14-O2-g/high_precision_20260409_123302/log/dda_fi.dot.stderr.log
dda_fi,DDA,ssa+fi,dot,"WARNING: Non-0 memset:   call void @llvm.memset.p0i8.i64(i8* noundef nonnull align 8 dereferenceable(16) %396, i8 -1, i64 16, i1 false) #85, !dbg !37542",/home/jimi/PaperExperiment/CompilerOptimization/Result/redis/dg/dg-LLVM14-O2-g/high_precision_20260409_123302/log/dda_fi.dot.stderr.log
dda_fi,DDA,ssa+fi,dot,"WARNING: Non-0 memset:   call void @llvm.memset.p0i8.i64(i8* noundef nonnull align 8 dereferenceable(16) %407, i8 -1, i64 16, i1 false) #85, !dbg !37562",/home/jimi/PaperExperiment/CompilerOptimization/Result/redis/dg/dg-LLVM14-O2-g/high_precision_20260409_123302/log/dda_fi.dot.stderr.log
dda_fi,DDA,ssa+fi,dot,"WARNING: Non-0 memset:   call void @llvm.memset.p0i8.i64(i8* noundef nonnull align 8 dereferenceable(16) %22, i8 -1, i64 16, i1 false), !dbg !37037",/home/jimi/PaperExperiment/CompilerOptimization/Result/redis/dg/dg-LLVM14-O2-g/high_precision_20260409_123302/log/dda_fi.dot.stderr.log
dda_fi,DDA,ssa+fi,dot,"WARNING: Non-0 memset:   call void @llvm.memset.p0i8.i64(i8* noundef nonnull align 8 dereferenceable(16) %10, i8 -1, i64 16, i1 false), !dbg !37026",/home/jimi/PaperExperiment/CompilerOptimization/Result/redis/dg/dg-LLVM14-O2-g/high_precision_20260409_123302/log/dda_fi.dot.stderr.log
dda_fi,DDA,ssa+fi,dot,"WARNING: Non-0 memset:   call void @llvm.memset.p0i8.i64(i8* noundef nonnull align 1 dereferenceable(41) getelementptr inbounds (%struct.redisServer, %struct.redisServer* bitcast (%struct.redisServer.226* @server to %struct.redisServer*), i64 0, i32 288, i64 0), i8 48, i64 40, i1 false) #85, !dbg !37332",/home/jimi/PaperExperiment/CompilerOptimization/Result/redis/dg/dg-LLVM14-O2-g/high_precision_20260409_123302/log/dda_fi.dot.stderr.log
dda_fi,DDA,ssa+fi,dot,IntToPtr with constant:   <badref> = inttoptr i64 2320 to i8**,/home/jimi/PaperExperiment/CompilerOptimization/Result/redis/dg/dg-LLVM14-O2-g/high_precision_20260409_123302/log/dda_fi.dot.stderr.log
dda_fi,DDA,ssa+fi,dot,"WARNING: Saving stack may yield unsound results!:   %9 = tail call i8* @llvm.stacksave(), !dbg !37015",/home/jimi/PaperExperiment/CompilerOptimization/Result/redis/dg/dg-LLVM14-O2-g/high_precision_20260409_123302/log/dda_fi.dot.stderr.log
dda_fi,DDA,ssa+fi,dot,"WARNING: Saving stack may yield unsound results!:   %9 = tail call i8* @llvm.stacksave(), !dbg !37015",/home/jimi/PaperExperiment/CompilerOptimization/Result/redis/dg/dg-LLVM14-O2-g/high_precision_20260409_123302/log/dda_fi.dot.stderr.log
dda_fi,DDA,ssa+fi,dot,"ShuffleVector instruction is not supported, loosing precision",/home/jimi/PaperExperiment/CompilerOptimization/Result/redis/dg/dg-LLVM14-O2-g/high_precision_20260409_123302/log/dda_fi.dot.stderr.log
dda_fi,DDA,ssa+fi,dot,"ShuffleVector instruction is not supported, loosing precision",/home/jimi/PaperExperiment/CompilerOptimization/Result/redis/dg/dg-LLVM14-O2-g/high_precision_20260409_123302/log/dda_fi.dot.stderr.log
dda_fi,DDA,ssa+fi,dot,"ShuffleVector instruction is not supported, loosing precision",/home/jimi/PaperExperiment/CompilerOptimization/Result/redis/dg/dg-LLVM14-O2-g/high_precision_20260409_123302/log/dda_fi.dot.stderr.log
dda_fi,DDA,ssa+fi,dot,"ShuffleVector instruction is not supported, loosing precision",/home/jimi/PaperExperiment/CompilerOptimization/Result/redis/dg/dg-LLVM14-O2-g/high_precision_20260409_123302/log/dda_fi.dot.stderr.log
dda_fi,DDA,ssa+fi,dot,"ShuffleVector instruction is not supported, loosing precision",/home/jimi/PaperExperiment/CompilerOptimization/Result/redis/dg/dg-LLVM14-O2-g/high_precision_20260409_123302/log/dda_fi.dot.stderr.log
dda_fi,DDA,ssa+fi,dot,"ShuffleVector instruction is not supported, loosing precision",/home/jimi/PaperExperiment/CompilerOptimization/Result/redis/dg/dg-LLVM14-O2-g/high_precision_20260409_123302/log/dda_fi.dot.stderr.log
dda_fi,DDA,ssa+fi,dot,"ShuffleVector instruction is not supported, loosing precision",/home/jimi/PaperExperiment/CompilerOptimization/Result/redis/dg/dg-LLVM14-O2-g/high_precision_20260409_123302/log/dda_fi.dot.stderr.log
dda_fi,DDA,ssa+fi,dot,"ShuffleVector instruction is not supported, loosing precision",/home/jimi/PaperExperiment/CompilerOptimization/Result/redis/dg/dg-LLVM14-O2-g/high_precision_20260409_123302/log/dda_fi.dot.stderr.log
dda_fi,DDA,ssa+fi,dot,"ShuffleVector instruction is not supported, loosing precision",/home/jimi/PaperExperiment/CompilerOptimization/Result/redis/dg/dg-LLVM14-O2-g/high_precision_20260409_123302/log/dda_fi.dot.stderr.log
dda_fi,DDA,ssa+fi,dot,"WARNING: Non-0 memset:   tail call void @llvm.memset.p0i8.i64(i8* align 1 %14, i8 32, i64 %13, i1 false), !dbg !37078",/home/jimi/PaperExperiment/CompilerOptimization/Result/redis/dg/dg-LLVM14-O2-g/high_precision_20260409_123302/log/dda_fi.dot.stderr.log
dda_fi,DDA,ssa+fi,dot,"WARNING: Non-0 memset:   tail call void @llvm.memset.p0i8.i64(i8* align 1 %14, i8 32, i64 %13, i1 false), !dbg !37078",/home/jimi/PaperExperiment/CompilerOptimization/Result/redis/dg/dg-LLVM14-O2-g/high_precision_20260409_123302/log/dda_fi.dot.stderr.log
dda_fi,DDA,ssa+fi,dot,"WARNING: Non-0 memset:   call void @llvm.memset.p0i8.i64(i8* noundef nonnull align 8 dereferenceable(16) %188, i8 -1, i64 16, i1 false), !dbg !37850",/home/jimi/PaperExperiment/CompilerOptimization/Result/redis/dg/dg-LLVM14-O2-g/high_precision_20260409_123302/log/dda_fi.dot.stderr.log
dda_fi,DDA,ssa+fi,dot,"WARNING: Non-0 memset:   tail call void @llvm.memset.p0i8.i64(i8* noundef nonnull align 1 dereferenceable(41) getelementptr inbounds (%struct.redisServer, %struct.redisServer* bitcast (%struct.redisServer.226* @server to %struct.redisServer*), i64 0, i32 288, i64 0), i8 48, i64 40, i1 false) #85, !dbg !37030",/home/jimi/PaperExperiment/CompilerOptimization/Result/redis/dg/dg-LLVM14-O2-g/high_precision_20260409_123302/log/dda_fi.dot.stderr.log
dda_fi,DDA,ssa+fi,dot,"ShuffleVector instruction is not supported, loosing precision",/home/jimi/PaperExperiment/CompilerOptimization/Result/redis/dg/dg-LLVM14-O2-g/high_precision_20260409_123302/log/dda_fi.dot.stderr.log
dda_fi,DDA,ssa+fi,dot,"ShuffleVector instruction is not supported, loosing precision",/home/jimi/PaperExperiment/CompilerOptimization/Result/redis/dg/dg-LLVM14-O2-g/high_precision_20260409_123302/log/dda_fi.dot.stderr.log
dda_fi,DDA,ssa+fi,dot,"ShuffleVector instruction is not supported, loosing precision",/home/jimi/PaperExperiment/CompilerOptimization/Result/redis/dg/dg-LLVM14-O2-g/high_precision_20260409_123302/log/dda_fi.dot.stderr.log
dda_fs,DDA,ssa+fs,lines,"[pta] UNHANDLED:   %82 = cmpxchg weak i64* @zmalloc_peak, i64 %79, i64 %75 monotonic monotonic, align 8, !dbg !37098",/home/jimi/PaperExperiment/CompilerOptimization/Result/redis/dg/dg-LLVM14-O2-g/high_precision_20260409_123302/log/dda_fs.lines.stderr.log
dda_fs,DDA,ssa+fs,lines,"WARNING: Non-0 memset:   call void @llvm.memset.p0i8.i64(i8* noundef nonnull align 1 dereferenceable(16) %14, i8 48, i64 16, i1 false) #85, !dbg !37150, !tbaa !37039",/home/jimi/PaperExperiment/CompilerOptimization/Result/redis/dg/dg-LLVM14-O2-g/high_precision_20260409_123302/log/dda_fs.lines.stderr.log
dda_fs,DDA,ssa+fs,lines,"[pta] UNHANDLED:   %83 = cmpxchg weak i64* @zmalloc_peak, i64 %80, i64 %76 monotonic monotonic, align 8, !dbg !37100",/home/jimi/PaperExperiment/CompilerOptimization/Result/redis/dg/dg-LLVM14-O2-g/high_precision_20260409_123302/log/dda_fs.lines.stderr.log
dda_fs,DDA,ssa+fs,lines,"[pta] UNHANDLED:   %83 = cmpxchg weak i64* @zmalloc_peak, i64 %80, i64 %76 monotonic monotonic, align 8, !dbg !37098",/home/jimi/PaperExperiment/CompilerOptimization/Result/redis/dg/dg-LLVM14-O2-g/high_precision_20260409_123302/log/dda_fs.lines.stderr.log
dda_fs,DDA,ssa+fs,lines,"ShuffleVector instruction is not supported, loosing precision",/home/jimi/PaperExperiment/CompilerOptimization/Result/redis/dg/dg-LLVM14-O2-g/high_precision_20260409_123302/log/dda_fs.lines.stderr.log
dda_fs,DDA,ssa+fs,lines,"ShuffleVector instruction is not supported, loosing precision",/home/jimi/PaperExperiment/CompilerOptimization/Result/redis/dg/dg-LLVM14-O2-g/high_precision_20260409_123302/log/dda_fs.lines.stderr.log
dda_fs,DDA,ssa+fs,lines,"[pta] UNHANDLED:   %82 = cmpxchg weak i64* @zmalloc_peak, i64 %79, i64 %75 monotonic monotonic, align 8, !dbg !37098",/home/jimi/PaperExperiment/CompilerOptimization/Result/redis/dg/dg-LLVM14-O2-g/high_precision_20260409_123302/log/dda_fs.lines.stderr.log
dda_fs,DDA,ssa+fs,lines,"[pta] UNHANDLED:   %129 = cmpxchg weak i64* @zmalloc_peak, i64 %126, i64 %122 monotonic monotonic, align 8, !dbg !37166",/home/jimi/PaperExperiment/CompilerOptimization/Result/redis/dg/dg-LLVM14-O2-g/high_precision_20260409_123302/log/dda_fs.lines.stderr.log
dda_fs,DDA,ssa+fs,lines,"[pta] UNHANDLED:   %82 = cmpxchg weak i64* @zmalloc_peak, i64 %79, i64 %75 monotonic monotonic, align 8, !dbg !37096",/home/jimi/PaperExperiment/CompilerOptimization/Result/redis/dg/dg-LLVM14-O2-g/high_precision_20260409_123302/log/dda_fs.lines.stderr.log
dda_fs,DDA,ssa+fs,lines,"ShuffleVector instruction is not supported, loosing precision",/home/jimi/PaperExperiment/CompilerOptimization/Result/redis/dg/dg-LLVM14-O2-g/high_precision_20260409_123302/log/dda_fs.lines.stderr.log
dda_fs,DDA,ssa+fs,lines,"WARNING: Non-0 memset:   tail call void @llvm.memset.p0i8.i64(i8* noundef nonnull align 1 dereferenceable(41) getelementptr inbounds (%struct.redisServer, %struct.redisServer* bitcast (%struct.redisServer.226* @server to %struct.redisServer*), i64 0, i32 288, i64 0), i8 48, i64 40, i1 false), !dbg !37002",/home/jimi/PaperExperiment/CompilerOptimization/Result/redis/dg/dg-LLVM14-O2-g/high_precision_20260409_123302/log/dda_fs.lines.stderr.log
dda_fs,DDA,ssa+fs,lines,"WARNING: Non-0 memset:   call void @llvm.memset.p0i8.i64(i8* noundef nonnull align 8 dereferenceable(16) bitcast (i64* getelementptr inbounds (%struct.redisServer.226, %struct.redisServer.226* @server, i64 0, i32 228) to i8*), i8 -1, i64 16, i1 false), !dbg !37152",/home/jimi/PaperExperiment/CompilerOptimization/Result/redis/dg/dg-LLVM14-O2-g/high_precision_20260409_123302/log/dda_fs.lines.stderr.log
dda_fs,DDA,ssa+fs,lines,"WARNING: Non-0 memset:   tail call void @llvm.memset.p0i8.i64(i8* noundef nonnull align 8 dereferenceable(128) %53, i8 -1, i64 128, i1 false), !dbg !37100",/home/jimi/PaperExperiment/CompilerOptimization/Result/redis/dg/dg-LLVM14-O2-g/high_precision_20260409_123302/log/dda_fs.lines.stderr.log
dda_fs,DDA,ssa+fs,lines,"WARNING: Saving stack may yield unsound results!:   %40 = call i8* @llvm.stacksave(), !dbg !37076",/home/jimi/PaperExperiment/CompilerOptimization/Result/redis/dg/dg-LLVM14-O2-g/high_precision_20260409_123302/log/dda_fs.lines.stderr.log
dda_fs,DDA,ssa+fs,lines,"[pta] UNHANDLED:   %91 = cmpxchg weak i64* @zmalloc_peak, i64 %88, i64 %84 monotonic monotonic, align 8, !dbg !37110",/home/jimi/PaperExperiment/CompilerOptimization/Result/redis/dg/dg-LLVM14-O2-g/high_precision_20260409_123302/log/dda_fs.lines.stderr.log
dda_fs,DDA,ssa+fs,lines,"ShuffleVector instruction is not supported, loosing precision",/home/jimi/PaperExperiment/CompilerOptimization/Result/redis/dg/dg-LLVM14-O2-g/high_precision_20260409_123302/log/dda_fs.lines.stderr.log
dda_fs,DDA,ssa+fs,lines,"ShuffleVector instruction is not supported, loosing precision",/home/jimi/PaperExperiment/CompilerOptimization/Result/redis/dg/dg-LLVM14-O2-g/high_precision_20260409_123302/log/dda_fs.lines.stderr.log
dda_fs,DDA,ssa+fs,lines,"ShuffleVector instruction is not supported, loosing precision",/home/jimi/PaperExperiment/CompilerOptimization/Result/redis/dg/dg-LLVM14-O2-g/high_precision_20260409_123302/log/dda_fs.lines.stderr.log
dda_fs,DDA,ssa+fs,lines,"ShuffleVector instruction is not supported, loosing precision",/home/jimi/PaperExperiment/CompilerOptimization/Result/redis/dg/dg-LLVM14-O2-g/high_precision_20260409_123302/log/dda_fs.lines.stderr.log
dda_fs,DDA,ssa+fs,lines,"ShuffleVector instruction is not supported, loosing precision",/home/jimi/PaperExperiment/CompilerOptimization/Result/redis/dg/dg-LLVM14-O2-g/high_precision_20260409_123302/log/dda_fs.lines.stderr.log
dda_fs,DDA,ssa+fs,lines,"ShuffleVector instruction is not supported, loosing precision",/home/jimi/PaperExperiment/CompilerOptimization/Result/redis/dg/dg-LLVM14-O2-g/high_precision_20260409_123302/log/dda_fs.lines.stderr.log
dda_fs,DDA,ssa+fs,lines,"ShuffleVector instruction is not supported, loosing precision",/home/jimi/PaperExperiment/CompilerOptimization/Result/redis/dg/dg-LLVM14-O2-g/high_precision_20260409_123302/log/dda_fs.lines.stderr.log
dda_fs,DDA,ssa+fs,lines,"ShuffleVector instruction is not supported, loosing precision",/home/jimi/PaperExperiment/CompilerOptimization/Result/redis/dg/dg-LLVM14-O2-g/high_precision_20260409_123302/log/dda_fs.lines.stderr.log
dda_fs,DDA,ssa+fs,lines,"ShuffleVector instruction is not supported, loosing precision",/home/jimi/PaperExperiment/CompilerOptimization/Result/redis/dg/dg-LLVM14-O2-g/high_precision_20260409_123302/log/dda_fs.lines.stderr.log
dda_fs,DDA,ssa+fs,lines,"ShuffleVector instruction is not supported, loosing precision",/home/jimi/PaperExperiment/CompilerOptimization/Result/redis/dg/dg-LLVM14-O2-g/high_precision_20260409_123302/log/dda_fs.lines.stderr.log
dda_fs,DDA,ssa+fs,lines,"ShuffleVector instruction is not supported, loosing precision",/home/jimi/PaperExperiment/CompilerOptimization/Result/redis/dg/dg-LLVM14-O2-g/high_precision_20260409_123302/log/dda_fs.lines.stderr.log
dda_fs,DDA,ssa+fs,lines,"ShuffleVector instruction is not supported, loosing precision",/home/jimi/PaperExperiment/CompilerOptimization/Result/redis/dg/dg-LLVM14-O2-g/high_precision_20260409_123302/log/dda_fs.lines.stderr.log
dda_fs,DDA,ssa+fs,lines,"ShuffleVector instruction is not supported, loosing precision",/home/jimi/PaperExperiment/CompilerOptimization/Result/redis/dg/dg-LLVM14-O2-g/high_precision_20260409_123302/log/dda_fs.lines.stderr.log
dda_fs,DDA,ssa+fs,lines,"ShuffleVector instruction is not supported, loosing precision",/home/jimi/PaperExperiment/CompilerOptimization/Result/redis/dg/dg-LLVM14-O2-g/high_precision_20260409_123302/log/dda_fs.lines.stderr.log
dda_fs,DDA,ssa+fs,lines,"ShuffleVector instruction is not supported, loosing precision",/home/jimi/PaperExperiment/CompilerOptimization/Result/redis/dg/dg-LLVM14-O2-g/high_precision_20260409_123302/log/dda_fs.lines.stderr.log
dda_fs,DDA,ssa+fs,lines,"ShuffleVector instruction is not supported, loosing precision",/home/jimi/PaperExperiment/CompilerOptimization/Result/redis/dg/dg-LLVM14-O2-g/high_precision_20260409_123302/log/dda_fs.lines.stderr.log
dda_fs,DDA,ssa+fs,lines,"ShuffleVector instruction is not supported, loosing precision",/home/jimi/PaperExperiment/CompilerOptimization/Result/redis/dg/dg-LLVM14-O2-g/high_precision_20260409_123302/log/dda_fs.lines.stderr.log
dda_fs,DDA,ssa+fs,lines,"ShuffleVector instruction is not supported, loosing precision",/home/jimi/PaperExperiment/CompilerOptimization/Result/redis/dg/dg-LLVM14-O2-g/high_precision_20260409_123302/log/dda_fs.lines.stderr.log
dda_fs,DDA,ssa+fs,lines,"ShuffleVector instruction is not supported, loosing precision",/home/jimi/PaperExperiment/CompilerOptimization/Result/redis/dg/dg-LLVM14-O2-g/high_precision_20260409_123302/log/dda_fs.lines.stderr.log
dda_fs,DDA,ssa+fs,lines,"ShuffleVector instruction is not supported, loosing precision",/home/jimi/PaperExperiment/CompilerOptimization/Result/redis/dg/dg-LLVM14-O2-g/high_precision_20260409_123302/log/dda_fs.lines.stderr.log
dda_fs,DDA,ssa+fs,lines,"ShuffleVector instruction is not supported, loosing precision",/home/jimi/PaperExperiment/CompilerOptimization/Result/redis/dg/dg-LLVM14-O2-g/high_precision_20260409_123302/log/dda_fs.lines.stderr.log
dda_fs,DDA,ssa+fs,lines,"ShuffleVector instruction is not supported, loosing precision",/home/jimi/PaperExperiment/CompilerOptimization/Result/redis/dg/dg-LLVM14-O2-g/high_precision_20260409_123302/log/dda_fs.lines.stderr.log
dda_fs,DDA,ssa+fs,lines,"ShuffleVector instruction is not supported, loosing precision",/home/jimi/PaperExperiment/CompilerOptimization/Result/redis/dg/dg-LLVM14-O2-g/high_precision_20260409_123302/log/dda_fs.lines.stderr.log
dda_fs,DDA,ssa+fs,lines,"ShuffleVector instruction is not supported, loosing precision",/home/jimi/PaperExperiment/CompilerOptimization/Result/redis/dg/dg-LLVM14-O2-g/high_precision_20260409_123302/log/dda_fs.lines.stderr.log
dda_fs,DDA,ssa+fs,lines,"ShuffleVector instruction is not supported, loosing precision",/home/jimi/PaperExperiment/CompilerOptimization/Result/redis/dg/dg-LLVM14-O2-g/high_precision_20260409_123302/log/dda_fs.lines.stderr.log
dda_fs,DDA,ssa+fs,lines,"ShuffleVector instruction is not supported, loosing precision",/home/jimi/PaperExperiment/CompilerOptimization/Result/redis/dg/dg-LLVM14-O2-g/high_precision_20260409_123302/log/dda_fs.lines.stderr.log
dda_fs,DDA,ssa+fs,lines,"ShuffleVector instruction is not supported, loosing precision",/home/jimi/PaperExperiment/CompilerOptimization/Result/redis/dg/dg-LLVM14-O2-g/high_precision_20260409_123302/log/dda_fs.lines.stderr.log
dda_fs,DDA,ssa+fs,lines,"ShuffleVector instruction is not supported, loosing precision",/home/jimi/PaperExperiment/CompilerOptimization/Result/redis/dg/dg-LLVM14-O2-g/high_precision_20260409_123302/log/dda_fs.lines.stderr.log
dda_fs,DDA,ssa+fs,lines,"ShuffleVector instruction is not supported, loosing precision",/home/jimi/PaperExperiment/CompilerOptimization/Result/redis/dg/dg-LLVM14-O2-g/high_precision_20260409_123302/log/dda_fs.lines.stderr.log
dda_fs,DDA,ssa+fs,lines,"ShuffleVector instruction is not supported, loosing precision",/home/jimi/PaperExperiment/CompilerOptimization/Result/redis/dg/dg-LLVM14-O2-g/high_precision_20260409_123302/log/dda_fs.lines.stderr.log
dda_fs,DDA,ssa+fs,lines,"ShuffleVector instruction is not supported, loosing precision",/home/jimi/PaperExperiment/CompilerOptimization/Result/redis/dg/dg-LLVM14-O2-g/high_precision_20260409_123302/log/dda_fs.lines.stderr.log
dda_fs,DDA,ssa+fs,lines,"ShuffleVector instruction is not supported, loosing precision",/home/jimi/PaperExperiment/CompilerOptimization/Result/redis/dg/dg-LLVM14-O2-g/high_precision_20260409_123302/log/dda_fs.lines.stderr.log
dda_fs,DDA,ssa+fs,lines,"ShuffleVector instruction is not supported, loosing precision",/home/jimi/PaperExperiment/CompilerOptimization/Result/redis/dg/dg-LLVM14-O2-g/high_precision_20260409_123302/log/dda_fs.lines.stderr.log
dda_fs,DDA,ssa+fs,lines,"ShuffleVector instruction is not supported, loosing precision",/home/jimi/PaperExperiment/CompilerOptimization/Result/redis/dg/dg-LLVM14-O2-g/high_precision_20260409_123302/log/dda_fs.lines.stderr.log
dda_fs,DDA,ssa+fs,lines,"ShuffleVector instruction is not supported, loosing precision",/home/jimi/PaperExperiment/CompilerOptimization/Result/redis/dg/dg-LLVM14-O2-g/high_precision_20260409_123302/log/dda_fs.lines.stderr.log
dda_fs,DDA,ssa+fs,lines,"ShuffleVector instruction is not supported, loosing precision",/home/jimi/PaperExperiment/CompilerOptimization/Result/redis/dg/dg-LLVM14-O2-g/high_precision_20260409_123302/log/dda_fs.lines.stderr.log
dda_fs,DDA,ssa+fs,lines,"ShuffleVector instruction is not supported, loosing precision",/home/jimi/PaperExperiment/CompilerOptimization/Result/redis/dg/dg-LLVM14-O2-g/high_precision_20260409_123302/log/dda_fs.lines.stderr.log
dda_fs,DDA,ssa+fs,lines,"ShuffleVector instruction is not supported, loosing precision",/home/jimi/PaperExperiment/CompilerOptimization/Result/redis/dg/dg-LLVM14-O2-g/high_precision_20260409_123302/log/dda_fs.lines.stderr.log
dda_fs,DDA,ssa+fs,lines,"ShuffleVector instruction is not supported, loosing precision",/home/jimi/PaperExperiment/CompilerOptimization/Result/redis/dg/dg-LLVM14-O2-g/high_precision_20260409_123302/log/dda_fs.lines.stderr.log
dda_fs,DDA,ssa+fs,lines,"ShuffleVector instruction is not supported, loosing precision",/home/jimi/PaperExperiment/CompilerOptimization/Result/redis/dg/dg-LLVM14-O2-g/high_precision_20260409_123302/log/dda_fs.lines.stderr.log
dda_fs,DDA,ssa+fs,lines,"ShuffleVector instruction is not supported, loosing precision",/home/jimi/PaperExperiment/CompilerOptimization/Result/redis/dg/dg-LLVM14-O2-g/high_precision_20260409_123302/log/dda_fs.lines.stderr.log
dda_fs,DDA,ssa+fs,lines,"ShuffleVector instruction is not supported, loosing precision",/home/jimi/PaperExperiment/CompilerOptimization/Result/redis/dg/dg-LLVM14-O2-g/high_precision_20260409_123302/log/dda_fs.lines.stderr.log
dda_fs,DDA,ssa+fs,lines,"ShuffleVector instruction is not supported, loosing precision",/home/jimi/PaperExperiment/CompilerOptimization/Result/redis/dg/dg-LLVM14-O2-g/high_precision_20260409_123302/log/dda_fs.lines.stderr.log
dda_fs,DDA,ssa+fs,lines,"ShuffleVector instruction is not supported, loosing precision",/home/jimi/PaperExperiment/CompilerOptimization/Result/redis/dg/dg-LLVM14-O2-g/high_precision_20260409_123302/log/dda_fs.lines.stderr.log
dda_fs,DDA,ssa+fs,lines,"ShuffleVector instruction is not supported, loosing precision",/home/jimi/PaperExperiment/CompilerOptimization/Result/redis/dg/dg-LLVM14-O2-g/high_precision_20260409_123302/log/dda_fs.lines.stderr.log
dda_fs,DDA,ssa+fs,lines,"ShuffleVector instruction is not supported, loosing precision",/home/jimi/PaperExperiment/CompilerOptimization/Result/redis/dg/dg-LLVM14-O2-g/high_precision_20260409_123302/log/dda_fs.lines.stderr.log
dda_fs,DDA,ssa+fs,lines,"ShuffleVector instruction is not supported, loosing precision",/home/jimi/PaperExperiment/CompilerOptimization/Result/redis/dg/dg-LLVM14-O2-g/high_precision_20260409_123302/log/dda_fs.lines.stderr.log
dda_fs,DDA,ssa+fs,lines,"ShuffleVector instruction is not supported, loosing precision",/home/jimi/PaperExperiment/CompilerOptimization/Result/redis/dg/dg-LLVM14-O2-g/high_precision_20260409_123302/log/dda_fs.lines.stderr.log
dda_fs,DDA,ssa+fs,lines,"ShuffleVector instruction is not supported, loosing precision",/home/jimi/PaperExperiment/CompilerOptimization/Result/redis/dg/dg-LLVM14-O2-g/high_precision_20260409_123302/log/dda_fs.lines.stderr.log
dda_fs,DDA,ssa+fs,lines,"ShuffleVector instruction is not supported, loosing precision",/home/jimi/PaperExperiment/CompilerOptimization/Result/redis/dg/dg-LLVM14-O2-g/high_precision_20260409_123302/log/dda_fs.lines.stderr.log
dda_fs,DDA,ssa+fs,lines,"ShuffleVector instruction is not supported, loosing precision",/home/jimi/PaperExperiment/CompilerOptimization/Result/redis/dg/dg-LLVM14-O2-g/high_precision_20260409_123302/log/dda_fs.lines.stderr.log
dda_fs,DDA,ssa+fs,lines,"ShuffleVector instruction is not supported, loosing precision",/home/jimi/PaperExperiment/CompilerOptimization/Result/redis/dg/dg-LLVM14-O2-g/high_precision_20260409_123302/log/dda_fs.lines.stderr.log
dda_fs,DDA,ssa+fs,lines,"ShuffleVector instruction is not supported, loosing precision",/home/jimi/PaperExperiment/CompilerOptimization/Result/redis/dg/dg-LLVM14-O2-g/high_precision_20260409_123302/log/dda_fs.lines.stderr.log
dda_fs,DDA,ssa+fs,lines,"ShuffleVector instruction is not supported, loosing precision",/home/jimi/PaperExperiment/CompilerOptimization/Result/redis/dg/dg-LLVM14-O2-g/high_precision_20260409_123302/log/dda_fs.lines.stderr.log
dda_fs,DDA,ssa+fs,lines,"ShuffleVector instruction is not supported, loosing precision",/home/jimi/PaperExperiment/CompilerOptimization/Result/redis/dg/dg-LLVM14-O2-g/high_precision_20260409_123302/log/dda_fs.lines.stderr.log
dda_fs,DDA,ssa+fs,lines,"ShuffleVector instruction is not supported, loosing precision",/home/jimi/PaperExperiment/CompilerOptimization/Result/redis/dg/dg-LLVM14-O2-g/high_precision_20260409_123302/log/dda_fs.lines.stderr.log
dda_fs,DDA,ssa+fs,lines,"WARNING: Non-0 memset:   call void @llvm.memset.p0i8.i64(i8* noundef nonnull align 8 dereferenceable(16) %25, i8 -1, i64 16, i1 false), !dbg !37067",/home/jimi/PaperExperiment/CompilerOptimization/Result/redis/dg/dg-LLVM14-O2-g/high_precision_20260409_123302/log/dda_fs.lines.stderr.log
dda_fs,DDA,ssa+fs,lines,"ShuffleVector instruction is not supported, loosing precision",/home/jimi/PaperExperiment/CompilerOptimization/Result/redis/dg/dg-LLVM14-O2-g/high_precision_20260409_123302/log/dda_fs.lines.stderr.log
dda_fs,DDA,ssa+fs,lines,"ShuffleVector instruction is not supported, loosing precision",/home/jimi/PaperExperiment/CompilerOptimization/Result/redis/dg/dg-LLVM14-O2-g/high_precision_20260409_123302/log/dda_fs.lines.stderr.log
dda_fs,DDA,ssa+fs,lines,"ShuffleVector instruction is not supported, loosing precision",/home/jimi/PaperExperiment/CompilerOptimization/Result/redis/dg/dg-LLVM14-O2-g/high_precision_20260409_123302/log/dda_fs.lines.stderr.log
dda_fs,DDA,ssa+fs,lines,"ShuffleVector instruction is not supported, loosing precision",/home/jimi/PaperExperiment/CompilerOptimization/Result/redis/dg/dg-LLVM14-O2-g/high_precision_20260409_123302/log/dda_fs.lines.stderr.log
dda_fs,DDA,ssa+fs,lines,"ShuffleVector instruction is not supported, loosing precision",/home/jimi/PaperExperiment/CompilerOptimization/Result/redis/dg/dg-LLVM14-O2-g/high_precision_20260409_123302/log/dda_fs.lines.stderr.log
dda_fs,DDA,ssa+fs,lines,"ShuffleVector instruction is not supported, loosing precision",/home/jimi/PaperExperiment/CompilerOptimization/Result/redis/dg/dg-LLVM14-O2-g/high_precision_20260409_123302/log/dda_fs.lines.stderr.log
dda_fs,DDA,ssa+fs,lines,"[pta] UNHANDLED:   %367 = insertvalue { i8*, i32 } poison, i8* %365, 0, !dbg !37605",/home/jimi/PaperExperiment/CompilerOptimization/Result/redis/dg/dg-LLVM14-O2-g/high_precision_20260409_123302/log/dda_fs.lines.stderr.log
dda_fs,DDA,ssa+fs,lines,"[pta] UNHANDLED:   %368 = insertvalue { i8*, i32 } %367, i32 %366, 1, !dbg !37605",/home/jimi/PaperExperiment/CompilerOptimization/Result/redis/dg/dg-LLVM14-O2-g/high_precision_20260409_123302/log/dda_fs.lines.stderr.log
dda_fs,DDA,ssa+fs,lines,"[pta] UNHANDLED:   %96 = insertvalue { i8*, i32 } poison, i8* %95, 0, !dbg !37112",/home/jimi/PaperExperiment/CompilerOptimization/Result/redis/dg/dg-LLVM14-O2-g/high_precision_20260409_123302/log/dda_fs.lines.stderr.log
dda_fs,DDA,ssa+fs,lines,"[pta] UNHANDLED:   %97 = insertvalue { i8*, i32 } %96, i32 %94, 1, !dbg !37112",/home/jimi/PaperExperiment/CompilerOptimization/Result/redis/dg/dg-LLVM14-O2-g/high_precision_20260409_123302/log/dda_fs.lines.stderr.log
dda_fs,DDA,ssa+fs,lines,"[pta] UNHANDLED:   %374 = insertvalue { i8*, i32 } poison, i8* %6, 0, !dbg !37505",/home/jimi/PaperExperiment/CompilerOptimization/Result/redis/dg/dg-LLVM14-O2-g/high_precision_20260409_123302/log/dda_fs.lines.stderr.log
dda_fs,DDA,ssa+fs,lines,"[pta] UNHANDLED:   %375 = insertvalue { i8*, i32 } %374, i32 %373, 1, !dbg !37505",/home/jimi/PaperExperiment/CompilerOptimization/Result/redis/dg/dg-LLVM14-O2-g/high_precision_20260409_123302/log/dda_fs.lines.stderr.log
dda_fs,DDA,ssa+fs,lines,"[pta] UNHANDLED:   %186 = insertvalue { i64, i32 } poison, i64 %185, 0, !dbg !37421",/home/jimi/PaperExperiment/CompilerOptimization/Result/redis/dg/dg-LLVM14-O2-g/high_precision_20260409_123302/log/dda_fs.lines.stderr.log
dda_fs,DDA,ssa+fs,lines,"[pta] UNHANDLED:   %187 = insertvalue { i64, i32 } %186, i32 %183, 1, !dbg !37421",/home/jimi/PaperExperiment/CompilerOptimization/Result/redis/dg/dg-LLVM14-O2-g/high_precision_20260409_123302/log/dda_fs.lines.stderr.log
dda_fs,DDA,ssa+fs,lines,"ShuffleVector instruction is not supported, loosing precision",/home/jimi/PaperExperiment/CompilerOptimization/Result/redis/dg/dg-LLVM14-O2-g/high_precision_20260409_123302/log/dda_fs.lines.stderr.log
dda_fs,DDA,ssa+fs,lines,"ShuffleVector instruction is not supported, loosing precision",/home/jimi/PaperExperiment/CompilerOptimization/Result/redis/dg/dg-LLVM14-O2-g/high_precision_20260409_123302/log/dda_fs.lines.stderr.log
dda_fs,DDA,ssa+fs,lines,"ShuffleVector instruction is not supported, loosing precision",/home/jimi/PaperExperiment/CompilerOptimization/Result/redis/dg/dg-LLVM14-O2-g/high_precision_20260409_123302/log/dda_fs.lines.stderr.log
dda_fs,DDA,ssa+fs,lines,"ShuffleVector instruction is not supported, loosing precision",/home/jimi/PaperExperiment/CompilerOptimization/Result/redis/dg/dg-LLVM14-O2-g/high_precision_20260409_123302/log/dda_fs.lines.stderr.log
dda_fs,DDA,ssa+fs,lines,"ShuffleVector instruction is not supported, loosing precision",/home/jimi/PaperExperiment/CompilerOptimization/Result/redis/dg/dg-LLVM14-O2-g/high_precision_20260409_123302/log/dda_fs.lines.stderr.log
dda_fs,DDA,ssa+fs,lines,"ShuffleVector instruction is not supported, loosing precision",/home/jimi/PaperExperiment/CompilerOptimization/Result/redis/dg/dg-LLVM14-O2-g/high_precision_20260409_123302/log/dda_fs.lines.stderr.log
dda_fs,DDA,ssa+fs,lines,"ShuffleVector instruction is not supported, loosing precision",/home/jimi/PaperExperiment/CompilerOptimization/Result/redis/dg/dg-LLVM14-O2-g/high_precision_20260409_123302/log/dda_fs.lines.stderr.log
dda_fs,DDA,ssa+fs,lines,"ShuffleVector instruction is not supported, loosing precision",/home/jimi/PaperExperiment/CompilerOptimization/Result/redis/dg/dg-LLVM14-O2-g/high_precision_20260409_123302/log/dda_fs.lines.stderr.log
dda_fs,DDA,ssa+fs,lines,"ShuffleVector instruction is not supported, loosing precision",/home/jimi/PaperExperiment/CompilerOptimization/Result/redis/dg/dg-LLVM14-O2-g/high_precision_20260409_123302/log/dda_fs.lines.stderr.log
dda_fs,DDA,ssa+fs,lines,"ShuffleVector instruction is not supported, loosing precision",/home/jimi/PaperExperiment/CompilerOptimization/Result/redis/dg/dg-LLVM14-O2-g/high_precision_20260409_123302/log/dda_fs.lines.stderr.log
dda_fs,DDA,ssa+fs,lines,"[pta] UNHANDLED:   %392 = insertvalue { i64, i32 } poison, i64 %390, 0, !dbg !37642",/home/jimi/PaperExperiment/CompilerOptimization/Result/redis/dg/dg-LLVM14-O2-g/high_precision_20260409_123302/log/dda_fs.lines.stderr.log
dda_fs,DDA,ssa+fs,lines,"[pta] UNHANDLED:   %393 = insertvalue { i64, i32 } %392, i32 %391, 1, !dbg !37642",/home/jimi/PaperExperiment/CompilerOptimization/Result/redis/dg/dg-LLVM14-O2-g/high_precision_20260409_123302/log/dda_fs.lines.stderr.log
dda_fs,DDA,ssa+fs,lines,"ShuffleVector instruction is not supported, loosing precision",/home/jimi/PaperExperiment/CompilerOptimization/Result/redis/dg/dg-LLVM14-O2-g/high_precision_20260409_123302/log/dda_fs.lines.stderr.log
dda_fs,DDA,ssa+fs,lines,"ShuffleVector instruction is not supported, loosing precision",/home/jimi/PaperExperiment/CompilerOptimization/Result/redis/dg/dg-LLVM14-O2-g/high_precision_20260409_123302/log/dda_fs.lines.stderr.log
dda_fs,DDA,ssa+fs,lines,"ShuffleVector instruction is not supported, loosing precision",/home/jimi/PaperExperiment/CompilerOptimization/Result/redis/dg/dg-LLVM14-O2-g/high_precision_20260409_123302/log/dda_fs.lines.stderr.log
dda_fs,DDA,ssa+fs,lines,"ShuffleVector instruction is not supported, loosing precision",/home/jimi/PaperExperiment/CompilerOptimization/Result/redis/dg/dg-LLVM14-O2-g/high_precision_20260409_123302/log/dda_fs.lines.stderr.log
dda_fs,DDA,ssa+fs,lines,"ShuffleVector instruction is not supported, loosing precision",/home/jimi/PaperExperiment/CompilerOptimization/Result/redis/dg/dg-LLVM14-O2-g/high_precision_20260409_123302/log/dda_fs.lines.stderr.log
dda_fs,DDA,ssa+fs,lines,"ShuffleVector instruction is not supported, loosing precision",/home/jimi/PaperExperiment/CompilerOptimization/Result/redis/dg/dg-LLVM14-O2-g/high_precision_20260409_123302/log/dda_fs.lines.stderr.log
dda_fs,DDA,ssa+fs,lines,"ShuffleVector instruction is not supported, loosing precision",/home/jimi/PaperExperiment/CompilerOptimization/Result/redis/dg/dg-LLVM14-O2-g/high_precision_20260409_123302/log/dda_fs.lines.stderr.log
dda_fs,DDA,ssa+fs,lines,"ShuffleVector instruction is not supported, loosing precision",/home/jimi/PaperExperiment/CompilerOptimization/Result/redis/dg/dg-LLVM14-O2-g/high_precision_20260409_123302/log/dda_fs.lines.stderr.log
dda_fs,DDA,ssa+fs,lines,"ShuffleVector instruction is not supported, loosing precision",/home/jimi/PaperExperiment/CompilerOptimization/Result/redis/dg/dg-LLVM14-O2-g/high_precision_20260409_123302/log/dda_fs.lines.stderr.log
dda_fs,DDA,ssa+fs,lines,"ShuffleVector instruction is not supported, loosing precision",/home/jimi/PaperExperiment/CompilerOptimization/Result/redis/dg/dg-LLVM14-O2-g/high_precision_20260409_123302/log/dda_fs.lines.stderr.log
dda_fs,DDA,ssa+fs,lines,"ShuffleVector instruction is not supported, loosing precision",/home/jimi/PaperExperiment/CompilerOptimization/Result/redis/dg/dg-LLVM14-O2-g/high_precision_20260409_123302/log/dda_fs.lines.stderr.log
dda_fs,DDA,ssa+fs,lines,"ShuffleVector instruction is not supported, loosing precision",/home/jimi/PaperExperiment/CompilerOptimization/Result/redis/dg/dg-LLVM14-O2-g/high_precision_20260409_123302/log/dda_fs.lines.stderr.log
dda_fs,DDA,ssa+fs,lines,"ShuffleVector instruction is not supported, loosing precision",/home/jimi/PaperExperiment/CompilerOptimization/Result/redis/dg/dg-LLVM14-O2-g/high_precision_20260409_123302/log/dda_fs.lines.stderr.log
dda_fs,DDA,ssa+fs,lines,"ShuffleVector instruction is not supported, loosing precision",/home/jimi/PaperExperiment/CompilerOptimization/Result/redis/dg/dg-LLVM14-O2-g/high_precision_20260409_123302/log/dda_fs.lines.stderr.log
dda_fs,DDA,ssa+fs,lines,"ShuffleVector instruction is not supported, loosing precision",/home/jimi/PaperExperiment/CompilerOptimization/Result/redis/dg/dg-LLVM14-O2-g/high_precision_20260409_123302/log/dda_fs.lines.stderr.log
dda_fs,DDA,ssa+fs,lines,"ShuffleVector instruction is not supported, loosing precision",/home/jimi/PaperExperiment/CompilerOptimization/Result/redis/dg/dg-LLVM14-O2-g/high_precision_20260409_123302/log/dda_fs.lines.stderr.log
dda_fs,DDA,ssa+fs,lines,"ShuffleVector instruction is not supported, loosing precision",/home/jimi/PaperExperiment/CompilerOptimization/Result/redis/dg/dg-LLVM14-O2-g/high_precision_20260409_123302/log/dda_fs.lines.stderr.log
dda_fs,DDA,ssa+fs,lines,"ShuffleVector instruction is not supported, loosing precision",/home/jimi/PaperExperiment/CompilerOptimization/Result/redis/dg/dg-LLVM14-O2-g/high_precision_20260409_123302/log/dda_fs.lines.stderr.log
dda_fs,DDA,ssa+fs,lines,"ShuffleVector instruction is not supported, loosing precision",/home/jimi/PaperExperiment/CompilerOptimization/Result/redis/dg/dg-LLVM14-O2-g/high_precision_20260409_123302/log/dda_fs.lines.stderr.log
dda_fs,DDA,ssa+fs,lines,"ShuffleVector instruction is not supported, loosing precision",/home/jimi/PaperExperiment/CompilerOptimization/Result/redis/dg/dg-LLVM14-O2-g/high_precision_20260409_123302/log/dda_fs.lines.stderr.log
dda_fs,DDA,ssa+fs,lines,"[pta] UNHANDLED:   %82 = cmpxchg weak i64* @zmalloc_peak, i64 %79, i64 %75 monotonic monotonic, align 8, !dbg !37096",/home/jimi/PaperExperiment/CompilerOptimization/Result/redis/dg/dg-LLVM14-O2-g/high_precision_20260409_123302/log/dda_fs.lines.stderr.log
dda_fs,DDA,ssa+fs,lines,"WARNING: Non-0 memset:   call void @llvm.memset.p0i8.i64(i8* noundef nonnull align 8 dereferenceable(16) %12, i8 -1, i64 16, i1 false), !dbg !37032",/home/jimi/PaperExperiment/CompilerOptimization/Result/redis/dg/dg-LLVM14-O2-g/high_precision_20260409_123302/log/dda_fs.lines.stderr.log
dda_fs,DDA,ssa+fs,lines,"WARNING: Non-0 memset:   call void @llvm.memset.p0i8.i64(i8* noundef nonnull align 8 dereferenceable(16) %14, i8 -1, i64 16, i1 false) #85, !dbg !37066",/home/jimi/PaperExperiment/CompilerOptimization/Result/redis/dg/dg-LLVM14-O2-g/high_precision_20260409_123302/log/dda_fs.lines.stderr.log
dda_fs,DDA,ssa+fs,lines,"WARNING: Non-0 memset:   call void @llvm.memset.p0i8.i64(i8* noundef nonnull align 8 dereferenceable(16) %20, i8 -1, i64 16, i1 false), !dbg !37074",/home/jimi/PaperExperiment/CompilerOptimization/Result/redis/dg/dg-LLVM14-O2-g/high_precision_20260409_123302/log/dda_fs.lines.stderr.log
dda_fs,DDA,ssa+fs,lines,"WARNING: Non-0 memset:   call void @llvm.memset.p0i8.i64(i8* noundef nonnull align 8 dereferenceable(16) %32, i8 -1, i64 16, i1 false), !dbg !37106",/home/jimi/PaperExperiment/CompilerOptimization/Result/redis/dg/dg-LLVM14-O2-g/high_precision_20260409_123302/log/dda_fs.lines.stderr.log
dda_fs,DDA,ssa+fs,lines,"WARNING: Non-0 memset:   tail call void @llvm.memset.p0i8.i64(i8* align 1 %287, i8 48, i64 %288, i1 false) #85, !dbg !37439",/home/jimi/PaperExperiment/CompilerOptimization/Result/redis/dg/dg-LLVM14-O2-g/high_precision_20260409_123302/log/dda_fs.lines.stderr.log
dda_fs,DDA,ssa+fs,lines,"WARNING: Non-0 memset:   tail call void @llvm.memset.p0i8.i64(i8* nonnull align 1 %298, i8 48, i64 %299, i1 false) #85, !dbg !37452",/home/jimi/PaperExperiment/CompilerOptimization/Result/redis/dg/dg-LLVM14-O2-g/high_precision_20260409_123302/log/dda_fs.lines.stderr.log
dda_fs,DDA,ssa+fs,lines,"WARNING: Non-0 memset:   call void @llvm.memset.p0i8.i64(i8* noundef nonnull align 8 dereferenceable(16) %94, i8 -1, i64 16, i1 false) #86, !dbg !37186",/home/jimi/PaperExperiment/CompilerOptimization/Result/redis/dg/dg-LLVM14-O2-g/high_precision_20260409_123302/log/dda_fs.lines.stderr.log
dda_fs,DDA,ssa+fs,lines,"WARNING: Non-0 memset:   call void @llvm.memset.p0i8.i64(i8* noundef nonnull align 8 dereferenceable(16) bitcast (i64* getelementptr inbounds (%struct.redisServer.226, %struct.redisServer.226* @server, i64 0, i32 258) to i8*), i8 -1, i64 16, i1 false), !dbg !37430",/home/jimi/PaperExperiment/CompilerOptimization/Result/redis/dg/dg-LLVM14-O2-g/high_precision_20260409_123302/log/dda_fs.lines.stderr.log
dda_fs,DDA,ssa+fs,lines,"WARNING: Non-0 memset:   tail call void @llvm.memset.p0i8.i64(i8* noundef nonnull align 8 dereferenceable(272) %57, i8 -1, i64 272, i1 false), !dbg !37100",/home/jimi/PaperExperiment/CompilerOptimization/Result/redis/dg/dg-LLVM14-O2-g/high_precision_20260409_123302/log/dda_fs.lines.stderr.log
dda_fs,DDA,ssa+fs,lines,"WARNING: Non-0 memset:   tail call void @llvm.memset.p0i8.i64(i8* noundef nonnull align 8 dereferenceable(16) %34, i8 -1, i64 16, i1 false) #85, !dbg !37114",/home/jimi/PaperExperiment/CompilerOptimization/Result/redis/dg/dg-LLVM14-O2-g/high_precision_20260409_123302/log/dda_fs.lines.stderr.log
dda_fs,DDA,ssa+fs,lines,"ShuffleVector instruction is not supported, loosing precision",/home/jimi/PaperExperiment/CompilerOptimization/Result/redis/dg/dg-LLVM14-O2-g/high_precision_20260409_123302/log/dda_fs.lines.stderr.log
dda_fs,DDA,ssa+fs,lines,"ShuffleVector instruction is not supported, loosing precision",/home/jimi/PaperExperiment/CompilerOptimization/Result/redis/dg/dg-LLVM14-O2-g/high_precision_20260409_123302/log/dda_fs.lines.stderr.log
dda_fs,DDA,ssa+fs,lines,"ShuffleVector instruction is not supported, loosing precision",/home/jimi/PaperExperiment/CompilerOptimization/Result/redis/dg/dg-LLVM14-O2-g/high_precision_20260409_123302/log/dda_fs.lines.stderr.log
dda_fs,DDA,ssa+fs,lines,"WARNING: Non-0 memset:   tail call void @llvm.memset.p0i8.i64(i8* noundef nonnull align 8 dereferenceable(16) %24, i8 -1, i64 16, i1 false) #85, !dbg !37083",/home/jimi/PaperExperiment/CompilerOptimization/Result/redis/dg/dg-LLVM14-O2-g/high_precision_20260409_123302/log/dda_fs.lines.stderr.log
dda_fs,DDA,ssa+fs,lines,"WARNING: Non-0 memset:   call void @llvm.memset.p0i8.i64(i8* noundef nonnull align 8 dereferenceable(16) %32, i8 -1, i64 16, i1 false), !dbg !37076",/home/jimi/PaperExperiment/CompilerOptimization/Result/redis/dg/dg-LLVM14-O2-g/high_precision_20260409_123302/log/dda_fs.lines.stderr.log
dda_fs,DDA,ssa+fs,lines,"ShuffleVector instruction is not supported, loosing precision",/home/jimi/PaperExperiment/CompilerOptimization/Result/redis/dg/dg-LLVM14-O2-g/high_precision_20260409_123302/log/dda_fs.lines.stderr.log
dda_fs,DDA,ssa+fs,dot,"[pta] UNHANDLED:   %82 = cmpxchg weak i64* @zmalloc_peak, i64 %79, i64 %75 monotonic monotonic, align 8, !dbg !37098",/home/jimi/PaperExperiment/CompilerOptimization/Result/redis/dg/dg-LLVM14-O2-g/high_precision_20260409_123302/log/dda_fs.dot.stderr.log
dda_fs,DDA,ssa+fs,dot,"WARNING: Non-0 memset:   call void @llvm.memset.p0i8.i64(i8* noundef nonnull align 1 dereferenceable(16) %14, i8 48, i64 16, i1 false) #85, !dbg !37150, !tbaa !37039",/home/jimi/PaperExperiment/CompilerOptimization/Result/redis/dg/dg-LLVM14-O2-g/high_precision_20260409_123302/log/dda_fs.dot.stderr.log
dda_fs,DDA,ssa+fs,dot,"[pta] UNHANDLED:   %83 = cmpxchg weak i64* @zmalloc_peak, i64 %80, i64 %76 monotonic monotonic, align 8, !dbg !37100",/home/jimi/PaperExperiment/CompilerOptimization/Result/redis/dg/dg-LLVM14-O2-g/high_precision_20260409_123302/log/dda_fs.dot.stderr.log
dda_fs,DDA,ssa+fs,dot,"[pta] UNHANDLED:   %83 = cmpxchg weak i64* @zmalloc_peak, i64 %80, i64 %76 monotonic monotonic, align 8, !dbg !37098",/home/jimi/PaperExperiment/CompilerOptimization/Result/redis/dg/dg-LLVM14-O2-g/high_precision_20260409_123302/log/dda_fs.dot.stderr.log
dda_fs,DDA,ssa+fs,dot,"ShuffleVector instruction is not supported, loosing precision",/home/jimi/PaperExperiment/CompilerOptimization/Result/redis/dg/dg-LLVM14-O2-g/high_precision_20260409_123302/log/dda_fs.dot.stderr.log
dda_fs,DDA,ssa+fs,dot,"ShuffleVector instruction is not supported, loosing precision",/home/jimi/PaperExperiment/CompilerOptimization/Result/redis/dg/dg-LLVM14-O2-g/high_precision_20260409_123302/log/dda_fs.dot.stderr.log
dda_fs,DDA,ssa+fs,dot,"[pta] UNHANDLED:   %82 = cmpxchg weak i64* @zmalloc_peak, i64 %79, i64 %75 monotonic monotonic, align 8, !dbg !37098",/home/jimi/PaperExperiment/CompilerOptimization/Result/redis/dg/dg-LLVM14-O2-g/high_precision_20260409_123302/log/dda_fs.dot.stderr.log
dda_fs,DDA,ssa+fs,dot,"[pta] UNHANDLED:   %129 = cmpxchg weak i64* @zmalloc_peak, i64 %126, i64 %122 monotonic monotonic, align 8, !dbg !37166",/home/jimi/PaperExperiment/CompilerOptimization/Result/redis/dg/dg-LLVM14-O2-g/high_precision_20260409_123302/log/dda_fs.dot.stderr.log
dda_fs,DDA,ssa+fs,dot,"[pta] UNHANDLED:   %82 = cmpxchg weak i64* @zmalloc_peak, i64 %79, i64 %75 monotonic monotonic, align 8, !dbg !37096",/home/jimi/PaperExperiment/CompilerOptimization/Result/redis/dg/dg-LLVM14-O2-g/high_precision_20260409_123302/log/dda_fs.dot.stderr.log
dda_fs,DDA,ssa+fs,dot,"ShuffleVector instruction is not supported, loosing precision",/home/jimi/PaperExperiment/CompilerOptimization/Result/redis/dg/dg-LLVM14-O2-g/high_precision_20260409_123302/log/dda_fs.dot.stderr.log
dda_fs,DDA,ssa+fs,dot,"WARNING: Non-0 memset:   tail call void @llvm.memset.p0i8.i64(i8* noundef nonnull align 1 dereferenceable(41) getelementptr inbounds (%struct.redisServer, %struct.redisServer* bitcast (%struct.redisServer.226* @server to %struct.redisServer*), i64 0, i32 288, i64 0), i8 48, i64 40, i1 false), !dbg !37002",/home/jimi/PaperExperiment/CompilerOptimization/Result/redis/dg/dg-LLVM14-O2-g/high_precision_20260409_123302/log/dda_fs.dot.stderr.log
dda_fs,DDA,ssa+fs,dot,"WARNING: Non-0 memset:   call void @llvm.memset.p0i8.i64(i8* noundef nonnull align 8 dereferenceable(16) bitcast (i64* getelementptr inbounds (%struct.redisServer.226, %struct.redisServer.226* @server, i64 0, i32 228) to i8*), i8 -1, i64 16, i1 false), !dbg !37152",/home/jimi/PaperExperiment/CompilerOptimization/Result/redis/dg/dg-LLVM14-O2-g/high_precision_20260409_123302/log/dda_fs.dot.stderr.log
dda_fs,DDA,ssa+fs,dot,"WARNING: Non-0 memset:   tail call void @llvm.memset.p0i8.i64(i8* noundef nonnull align 8 dereferenceable(128) %53, i8 -1, i64 128, i1 false), !dbg !37100",/home/jimi/PaperExperiment/CompilerOptimization/Result/redis/dg/dg-LLVM14-O2-g/high_precision_20260409_123302/log/dda_fs.dot.stderr.log
dda_fs,DDA,ssa+fs,dot,"WARNING: Saving stack may yield unsound results!:   %40 = call i8* @llvm.stacksave(), !dbg !37076",/home/jimi/PaperExperiment/CompilerOptimization/Result/redis/dg/dg-LLVM14-O2-g/high_precision_20260409_123302/log/dda_fs.dot.stderr.log
dda_fs,DDA,ssa+fs,dot,"[pta] UNHANDLED:   %91 = cmpxchg weak i64* @zmalloc_peak, i64 %88, i64 %84 monotonic monotonic, align 8, !dbg !37110",/home/jimi/PaperExperiment/CompilerOptimization/Result/redis/dg/dg-LLVM14-O2-g/high_precision_20260409_123302/log/dda_fs.dot.stderr.log
dda_fs,DDA,ssa+fs,dot,"ShuffleVector instruction is not supported, loosing precision",/home/jimi/PaperExperiment/CompilerOptimization/Result/redis/dg/dg-LLVM14-O2-g/high_precision_20260409_123302/log/dda_fs.dot.stderr.log
dda_fs,DDA,ssa+fs,dot,"ShuffleVector instruction is not supported, loosing precision",/home/jimi/PaperExperiment/CompilerOptimization/Result/redis/dg/dg-LLVM14-O2-g/high_precision_20260409_123302/log/dda_fs.dot.stderr.log
dda_fs,DDA,ssa+fs,dot,"ShuffleVector instruction is not supported, loosing precision",/home/jimi/PaperExperiment/CompilerOptimization/Result/redis/dg/dg-LLVM14-O2-g/high_precision_20260409_123302/log/dda_fs.dot.stderr.log
dda_fs,DDA,ssa+fs,dot,"ShuffleVector instruction is not supported, loosing precision",/home/jimi/PaperExperiment/CompilerOptimization/Result/redis/dg/dg-LLVM14-O2-g/high_precision_20260409_123302/log/dda_fs.dot.stderr.log
dda_fs,DDA,ssa+fs,dot,"ShuffleVector instruction is not supported, loosing precision",/home/jimi/PaperExperiment/CompilerOptimization/Result/redis/dg/dg-LLVM14-O2-g/high_precision_20260409_123302/log/dda_fs.dot.stderr.log
dda_fs,DDA,ssa+fs,dot,"ShuffleVector instruction is not supported, loosing precision",/home/jimi/PaperExperiment/CompilerOptimization/Result/redis/dg/dg-LLVM14-O2-g/high_precision_20260409_123302/log/dda_fs.dot.stderr.log
dda_fs,DDA,ssa+fs,dot,"ShuffleVector instruction is not supported, loosing precision",/home/jimi/PaperExperiment/CompilerOptimization/Result/redis/dg/dg-LLVM14-O2-g/high_precision_20260409_123302/log/dda_fs.dot.stderr.log
dda_fs,DDA,ssa+fs,dot,"ShuffleVector instruction is not supported, loosing precision",/home/jimi/PaperExperiment/CompilerOptimization/Result/redis/dg/dg-LLVM14-O2-g/high_precision_20260409_123302/log/dda_fs.dot.stderr.log
dda_fs,DDA,ssa+fs,dot,"ShuffleVector instruction is not supported, loosing precision",/home/jimi/PaperExperiment/CompilerOptimization/Result/redis/dg/dg-LLVM14-O2-g/high_precision_20260409_123302/log/dda_fs.dot.stderr.log
dda_fs,DDA,ssa+fs,dot,"ShuffleVector instruction is not supported, loosing precision",/home/jimi/PaperExperiment/CompilerOptimization/Result/redis/dg/dg-LLVM14-O2-g/high_precision_20260409_123302/log/dda_fs.dot.stderr.log
dda_fs,DDA,ssa+fs,dot,"ShuffleVector instruction is not supported, loosing precision",/home/jimi/PaperExperiment/CompilerOptimization/Result/redis/dg/dg-LLVM14-O2-g/high_precision_20260409_123302/log/dda_fs.dot.stderr.log
dda_fs,DDA,ssa+fs,dot,"ShuffleVector instruction is not supported, loosing precision",/home/jimi/PaperExperiment/CompilerOptimization/Result/redis/dg/dg-LLVM14-O2-g/high_precision_20260409_123302/log/dda_fs.dot.stderr.log
dda_fs,DDA,ssa+fs,dot,"ShuffleVector instruction is not supported, loosing precision",/home/jimi/PaperExperiment/CompilerOptimization/Result/redis/dg/dg-LLVM14-O2-g/high_precision_20260409_123302/log/dda_fs.dot.stderr.log
dda_fs,DDA,ssa+fs,dot,"ShuffleVector instruction is not supported, loosing precision",/home/jimi/PaperExperiment/CompilerOptimization/Result/redis/dg/dg-LLVM14-O2-g/high_precision_20260409_123302/log/dda_fs.dot.stderr.log
dda_fs,DDA,ssa+fs,dot,"ShuffleVector instruction is not supported, loosing precision",/home/jimi/PaperExperiment/CompilerOptimization/Result/redis/dg/dg-LLVM14-O2-g/high_precision_20260409_123302/log/dda_fs.dot.stderr.log
dda_fs,DDA,ssa+fs,dot,"ShuffleVector instruction is not supported, loosing precision",/home/jimi/PaperExperiment/CompilerOptimization/Result/redis/dg/dg-LLVM14-O2-g/high_precision_20260409_123302/log/dda_fs.dot.stderr.log
dda_fs,DDA,ssa+fs,dot,"ShuffleVector instruction is not supported, loosing precision",/home/jimi/PaperExperiment/CompilerOptimization/Result/redis/dg/dg-LLVM14-O2-g/high_precision_20260409_123302/log/dda_fs.dot.stderr.log
dda_fs,DDA,ssa+fs,dot,"ShuffleVector instruction is not supported, loosing precision",/home/jimi/PaperExperiment/CompilerOptimization/Result/redis/dg/dg-LLVM14-O2-g/high_precision_20260409_123302/log/dda_fs.dot.stderr.log
dda_fs,DDA,ssa+fs,dot,"ShuffleVector instruction is not supported, loosing precision",/home/jimi/PaperExperiment/CompilerOptimization/Result/redis/dg/dg-LLVM14-O2-g/high_precision_20260409_123302/log/dda_fs.dot.stderr.log
dda_fs,DDA,ssa+fs,dot,"ShuffleVector instruction is not supported, loosing precision",/home/jimi/PaperExperiment/CompilerOptimization/Result/redis/dg/dg-LLVM14-O2-g/high_precision_20260409_123302/log/dda_fs.dot.stderr.log
dda_fs,DDA,ssa+fs,dot,"ShuffleVector instruction is not supported, loosing precision",/home/jimi/PaperExperiment/CompilerOptimization/Result/redis/dg/dg-LLVM14-O2-g/high_precision_20260409_123302/log/dda_fs.dot.stderr.log
dda_fs,DDA,ssa+fs,dot,"ShuffleVector instruction is not supported, loosing precision",/home/jimi/PaperExperiment/CompilerOptimization/Result/redis/dg/dg-LLVM14-O2-g/high_precision_20260409_123302/log/dda_fs.dot.stderr.log
dda_fs,DDA,ssa+fs,dot,"ShuffleVector instruction is not supported, loosing precision",/home/jimi/PaperExperiment/CompilerOptimization/Result/redis/dg/dg-LLVM14-O2-g/high_precision_20260409_123302/log/dda_fs.dot.stderr.log
dda_fs,DDA,ssa+fs,dot,"ShuffleVector instruction is not supported, loosing precision",/home/jimi/PaperExperiment/CompilerOptimization/Result/redis/dg/dg-LLVM14-O2-g/high_precision_20260409_123302/log/dda_fs.dot.stderr.log
dda_fs,DDA,ssa+fs,dot,"ShuffleVector instruction is not supported, loosing precision",/home/jimi/PaperExperiment/CompilerOptimization/Result/redis/dg/dg-LLVM14-O2-g/high_precision_20260409_123302/log/dda_fs.dot.stderr.log
dda_fs,DDA,ssa+fs,dot,"ShuffleVector instruction is not supported, loosing precision",/home/jimi/PaperExperiment/CompilerOptimization/Result/redis/dg/dg-LLVM14-O2-g/high_precision_20260409_123302/log/dda_fs.dot.stderr.log
dda_fs,DDA,ssa+fs,dot,"ShuffleVector instruction is not supported, loosing precision",/home/jimi/PaperExperiment/CompilerOptimization/Result/redis/dg/dg-LLVM14-O2-g/high_precision_20260409_123302/log/dda_fs.dot.stderr.log
dda_fs,DDA,ssa+fs,dot,"ShuffleVector instruction is not supported, loosing precision",/home/jimi/PaperExperiment/CompilerOptimization/Result/redis/dg/dg-LLVM14-O2-g/high_precision_20260409_123302/log/dda_fs.dot.stderr.log
dda_fs,DDA,ssa+fs,dot,"ShuffleVector instruction is not supported, loosing precision",/home/jimi/PaperExperiment/CompilerOptimization/Result/redis/dg/dg-LLVM14-O2-g/high_precision_20260409_123302/log/dda_fs.dot.stderr.log
dda_fs,DDA,ssa+fs,dot,"ShuffleVector instruction is not supported, loosing precision",/home/jimi/PaperExperiment/CompilerOptimization/Result/redis/dg/dg-LLVM14-O2-g/high_precision_20260409_123302/log/dda_fs.dot.stderr.log
dda_fs,DDA,ssa+fs,dot,"ShuffleVector instruction is not supported, loosing precision",/home/jimi/PaperExperiment/CompilerOptimization/Result/redis/dg/dg-LLVM14-O2-g/high_precision_20260409_123302/log/dda_fs.dot.stderr.log
dda_fs,DDA,ssa+fs,dot,"ShuffleVector instruction is not supported, loosing precision",/home/jimi/PaperExperiment/CompilerOptimization/Result/redis/dg/dg-LLVM14-O2-g/high_precision_20260409_123302/log/dda_fs.dot.stderr.log
dda_fs,DDA,ssa+fs,dot,"ShuffleVector instruction is not supported, loosing precision",/home/jimi/PaperExperiment/CompilerOptimization/Result/redis/dg/dg-LLVM14-O2-g/high_precision_20260409_123302/log/dda_fs.dot.stderr.log
dda_fs,DDA,ssa+fs,dot,"ShuffleVector instruction is not supported, loosing precision",/home/jimi/PaperExperiment/CompilerOptimization/Result/redis/dg/dg-LLVM14-O2-g/high_precision_20260409_123302/log/dda_fs.dot.stderr.log
dda_fs,DDA,ssa+fs,dot,"ShuffleVector instruction is not supported, loosing precision",/home/jimi/PaperExperiment/CompilerOptimization/Result/redis/dg/dg-LLVM14-O2-g/high_precision_20260409_123302/log/dda_fs.dot.stderr.log
dda_fs,DDA,ssa+fs,dot,"ShuffleVector instruction is not supported, loosing precision",/home/jimi/PaperExperiment/CompilerOptimization/Result/redis/dg/dg-LLVM14-O2-g/high_precision_20260409_123302/log/dda_fs.dot.stderr.log
dda_fs,DDA,ssa+fs,dot,"ShuffleVector instruction is not supported, loosing precision",/home/jimi/PaperExperiment/CompilerOptimization/Result/redis/dg/dg-LLVM14-O2-g/high_precision_20260409_123302/log/dda_fs.dot.stderr.log
dda_fs,DDA,ssa+fs,dot,"ShuffleVector instruction is not supported, loosing precision",/home/jimi/PaperExperiment/CompilerOptimization/Result/redis/dg/dg-LLVM14-O2-g/high_precision_20260409_123302/log/dda_fs.dot.stderr.log
dda_fs,DDA,ssa+fs,dot,"ShuffleVector instruction is not supported, loosing precision",/home/jimi/PaperExperiment/CompilerOptimization/Result/redis/dg/dg-LLVM14-O2-g/high_precision_20260409_123302/log/dda_fs.dot.stderr.log
dda_fs,DDA,ssa+fs,dot,"ShuffleVector instruction is not supported, loosing precision",/home/jimi/PaperExperiment/CompilerOptimization/Result/redis/dg/dg-LLVM14-O2-g/high_precision_20260409_123302/log/dda_fs.dot.stderr.log
dda_fs,DDA,ssa+fs,dot,"ShuffleVector instruction is not supported, loosing precision",/home/jimi/PaperExperiment/CompilerOptimization/Result/redis/dg/dg-LLVM14-O2-g/high_precision_20260409_123302/log/dda_fs.dot.stderr.log
dda_fs,DDA,ssa+fs,dot,"ShuffleVector instruction is not supported, loosing precision",/home/jimi/PaperExperiment/CompilerOptimization/Result/redis/dg/dg-LLVM14-O2-g/high_precision_20260409_123302/log/dda_fs.dot.stderr.log
dda_fs,DDA,ssa+fs,dot,"ShuffleVector instruction is not supported, loosing precision",/home/jimi/PaperExperiment/CompilerOptimization/Result/redis/dg/dg-LLVM14-O2-g/high_precision_20260409_123302/log/dda_fs.dot.stderr.log
dda_fs,DDA,ssa+fs,dot,"ShuffleVector instruction is not supported, loosing precision",/home/jimi/PaperExperiment/CompilerOptimization/Result/redis/dg/dg-LLVM14-O2-g/high_precision_20260409_123302/log/dda_fs.dot.stderr.log
dda_fs,DDA,ssa+fs,dot,"ShuffleVector instruction is not supported, loosing precision",/home/jimi/PaperExperiment/CompilerOptimization/Result/redis/dg/dg-LLVM14-O2-g/high_precision_20260409_123302/log/dda_fs.dot.stderr.log
dda_fs,DDA,ssa+fs,dot,"ShuffleVector instruction is not supported, loosing precision",/home/jimi/PaperExperiment/CompilerOptimization/Result/redis/dg/dg-LLVM14-O2-g/high_precision_20260409_123302/log/dda_fs.dot.stderr.log
dda_fs,DDA,ssa+fs,dot,"ShuffleVector instruction is not supported, loosing precision",/home/jimi/PaperExperiment/CompilerOptimization/Result/redis/dg/dg-LLVM14-O2-g/high_precision_20260409_123302/log/dda_fs.dot.stderr.log
dda_fs,DDA,ssa+fs,dot,"ShuffleVector instruction is not supported, loosing precision",/home/jimi/PaperExperiment/CompilerOptimization/Result/redis/dg/dg-LLVM14-O2-g/high_precision_20260409_123302/log/dda_fs.dot.stderr.log
dda_fs,DDA,ssa+fs,dot,"ShuffleVector instruction is not supported, loosing precision",/home/jimi/PaperExperiment/CompilerOptimization/Result/redis/dg/dg-LLVM14-O2-g/high_precision_20260409_123302/log/dda_fs.dot.stderr.log
dda_fs,DDA,ssa+fs,dot,"ShuffleVector instruction is not supported, loosing precision",/home/jimi/PaperExperiment/CompilerOptimization/Result/redis/dg/dg-LLVM14-O2-g/high_precision_20260409_123302/log/dda_fs.dot.stderr.log
dda_fs,DDA,ssa+fs,dot,"ShuffleVector instruction is not supported, loosing precision",/home/jimi/PaperExperiment/CompilerOptimization/Result/redis/dg/dg-LLVM14-O2-g/high_precision_20260409_123302/log/dda_fs.dot.stderr.log
dda_fs,DDA,ssa+fs,dot,"ShuffleVector instruction is not supported, loosing precision",/home/jimi/PaperExperiment/CompilerOptimization/Result/redis/dg/dg-LLVM14-O2-g/high_precision_20260409_123302/log/dda_fs.dot.stderr.log
dda_fs,DDA,ssa+fs,dot,"ShuffleVector instruction is not supported, loosing precision",/home/jimi/PaperExperiment/CompilerOptimization/Result/redis/dg/dg-LLVM14-O2-g/high_precision_20260409_123302/log/dda_fs.dot.stderr.log
dda_fs,DDA,ssa+fs,dot,"ShuffleVector instruction is not supported, loosing precision",/home/jimi/PaperExperiment/CompilerOptimization/Result/redis/dg/dg-LLVM14-O2-g/high_precision_20260409_123302/log/dda_fs.dot.stderr.log
dda_fs,DDA,ssa+fs,dot,"ShuffleVector instruction is not supported, loosing precision",/home/jimi/PaperExperiment/CompilerOptimization/Result/redis/dg/dg-LLVM14-O2-g/high_precision_20260409_123302/log/dda_fs.dot.stderr.log
dda_fs,DDA,ssa+fs,dot,"ShuffleVector instruction is not supported, loosing precision",/home/jimi/PaperExperiment/CompilerOptimization/Result/redis/dg/dg-LLVM14-O2-g/high_precision_20260409_123302/log/dda_fs.dot.stderr.log
dda_fs,DDA,ssa+fs,dot,"WARNING: Non-0 memset:   call void @llvm.memset.p0i8.i64(i8* noundef nonnull align 8 dereferenceable(16) %25, i8 -1, i64 16, i1 false), !dbg !37067",/home/jimi/PaperExperiment/CompilerOptimization/Result/redis/dg/dg-LLVM14-O2-g/high_precision_20260409_123302/log/dda_fs.dot.stderr.log
dda_fs,DDA,ssa+fs,dot,"ShuffleVector instruction is not supported, loosing precision",/home/jimi/PaperExperiment/CompilerOptimization/Result/redis/dg/dg-LLVM14-O2-g/high_precision_20260409_123302/log/dda_fs.dot.stderr.log
dda_fs,DDA,ssa+fs,dot,"ShuffleVector instruction is not supported, loosing precision",/home/jimi/PaperExperiment/CompilerOptimization/Result/redis/dg/dg-LLVM14-O2-g/high_precision_20260409_123302/log/dda_fs.dot.stderr.log
dda_fs,DDA,ssa+fs,dot,"ShuffleVector instruction is not supported, loosing precision",/home/jimi/PaperExperiment/CompilerOptimization/Result/redis/dg/dg-LLVM14-O2-g/high_precision_20260409_123302/log/dda_fs.dot.stderr.log
dda_fs,DDA,ssa+fs,dot,"ShuffleVector instruction is not supported, loosing precision",/home/jimi/PaperExperiment/CompilerOptimization/Result/redis/dg/dg-LLVM14-O2-g/high_precision_20260409_123302/log/dda_fs.dot.stderr.log
dda_fs,DDA,ssa+fs,dot,"ShuffleVector instruction is not supported, loosing precision",/home/jimi/PaperExperiment/CompilerOptimization/Result/redis/dg/dg-LLVM14-O2-g/high_precision_20260409_123302/log/dda_fs.dot.stderr.log
dda_fs,DDA,ssa+fs,dot,"ShuffleVector instruction is not supported, loosing precision",/home/jimi/PaperExperiment/CompilerOptimization/Result/redis/dg/dg-LLVM14-O2-g/high_precision_20260409_123302/log/dda_fs.dot.stderr.log
dda_fs,DDA,ssa+fs,dot,"[pta] UNHANDLED:   %367 = insertvalue { i8*, i32 } poison, i8* %365, 0, !dbg !37605",/home/jimi/PaperExperiment/CompilerOptimization/Result/redis/dg/dg-LLVM14-O2-g/high_precision_20260409_123302/log/dda_fs.dot.stderr.log
dda_fs,DDA,ssa+fs,dot,"[pta] UNHANDLED:   %368 = insertvalue { i8*, i32 } %367, i32 %366, 1, !dbg !37605",/home/jimi/PaperExperiment/CompilerOptimization/Result/redis/dg/dg-LLVM14-O2-g/high_precision_20260409_123302/log/dda_fs.dot.stderr.log
dda_fs,DDA,ssa+fs,dot,"[pta] UNHANDLED:   %96 = insertvalue { i8*, i32 } poison, i8* %95, 0, !dbg !37112",/home/jimi/PaperExperiment/CompilerOptimization/Result/redis/dg/dg-LLVM14-O2-g/high_precision_20260409_123302/log/dda_fs.dot.stderr.log
dda_fs,DDA,ssa+fs,dot,"[pta] UNHANDLED:   %97 = insertvalue { i8*, i32 } %96, i32 %94, 1, !dbg !37112",/home/jimi/PaperExperiment/CompilerOptimization/Result/redis/dg/dg-LLVM14-O2-g/high_precision_20260409_123302/log/dda_fs.dot.stderr.log
dda_fs,DDA,ssa+fs,dot,"[pta] UNHANDLED:   %374 = insertvalue { i8*, i32 } poison, i8* %6, 0, !dbg !37505",/home/jimi/PaperExperiment/CompilerOptimization/Result/redis/dg/dg-LLVM14-O2-g/high_precision_20260409_123302/log/dda_fs.dot.stderr.log
dda_fs,DDA,ssa+fs,dot,"[pta] UNHANDLED:   %375 = insertvalue { i8*, i32 } %374, i32 %373, 1, !dbg !37505",/home/jimi/PaperExperiment/CompilerOptimization/Result/redis/dg/dg-LLVM14-O2-g/high_precision_20260409_123302/log/dda_fs.dot.stderr.log
dda_fs,DDA,ssa+fs,dot,"[pta] UNHANDLED:   %186 = insertvalue { i64, i32 } poison, i64 %185, 0, !dbg !37421",/home/jimi/PaperExperiment/CompilerOptimization/Result/redis/dg/dg-LLVM14-O2-g/high_precision_20260409_123302/log/dda_fs.dot.stderr.log
dda_fs,DDA,ssa+fs,dot,"[pta] UNHANDLED:   %187 = insertvalue { i64, i32 } %186, i32 %183, 1, !dbg !37421",/home/jimi/PaperExperiment/CompilerOptimization/Result/redis/dg/dg-LLVM14-O2-g/high_precision_20260409_123302/log/dda_fs.dot.stderr.log
dda_fs,DDA,ssa+fs,dot,"ShuffleVector instruction is not supported, loosing precision",/home/jimi/PaperExperiment/CompilerOptimization/Result/redis/dg/dg-LLVM14-O2-g/high_precision_20260409_123302/log/dda_fs.dot.stderr.log
dda_fs,DDA,ssa+fs,dot,"ShuffleVector instruction is not supported, loosing precision",/home/jimi/PaperExperiment/CompilerOptimization/Result/redis/dg/dg-LLVM14-O2-g/high_precision_20260409_123302/log/dda_fs.dot.stderr.log
dda_fs,DDA,ssa+fs,dot,"ShuffleVector instruction is not supported, loosing precision",/home/jimi/PaperExperiment/CompilerOptimization/Result/redis/dg/dg-LLVM14-O2-g/high_precision_20260409_123302/log/dda_fs.dot.stderr.log
dda_fs,DDA,ssa+fs,dot,"ShuffleVector instruction is not supported, loosing precision",/home/jimi/PaperExperiment/CompilerOptimization/Result/redis/dg/dg-LLVM14-O2-g/high_precision_20260409_123302/log/dda_fs.dot.stderr.log
dda_fs,DDA,ssa+fs,dot,"ShuffleVector instruction is not supported, loosing precision",/home/jimi/PaperExperiment/CompilerOptimization/Result/redis/dg/dg-LLVM14-O2-g/high_precision_20260409_123302/log/dda_fs.dot.stderr.log
dda_fs,DDA,ssa+fs,dot,"ShuffleVector instruction is not supported, loosing precision",/home/jimi/PaperExperiment/CompilerOptimization/Result/redis/dg/dg-LLVM14-O2-g/high_precision_20260409_123302/log/dda_fs.dot.stderr.log
dda_fs,DDA,ssa+fs,dot,"ShuffleVector instruction is not supported, loosing precision",/home/jimi/PaperExperiment/CompilerOptimization/Result/redis/dg/dg-LLVM14-O2-g/high_precision_20260409_123302/log/dda_fs.dot.stderr.log
dda_fs,DDA,ssa+fs,dot,"ShuffleVector instruction is not supported, loosing precision",/home/jimi/PaperExperiment/CompilerOptimization/Result/redis/dg/dg-LLVM14-O2-g/high_precision_20260409_123302/log/dda_fs.dot.stderr.log
dda_fs,DDA,ssa+fs,dot,"ShuffleVector instruction is not supported, loosing precision",/home/jimi/PaperExperiment/CompilerOptimization/Result/redis/dg/dg-LLVM14-O2-g/high_precision_20260409_123302/log/dda_fs.dot.stderr.log
dda_fs,DDA,ssa+fs,dot,"ShuffleVector instruction is not supported, loosing precision",/home/jimi/PaperExperiment/CompilerOptimization/Result/redis/dg/dg-LLVM14-O2-g/high_precision_20260409_123302/log/dda_fs.dot.stderr.log
dda_fs,DDA,ssa+fs,dot,"[pta] UNHANDLED:   %392 = insertvalue { i64, i32 } poison, i64 %390, 0, !dbg !37642",/home/jimi/PaperExperiment/CompilerOptimization/Result/redis/dg/dg-LLVM14-O2-g/high_precision_20260409_123302/log/dda_fs.dot.stderr.log
dda_fs,DDA,ssa+fs,dot,"[pta] UNHANDLED:   %393 = insertvalue { i64, i32 } %392, i32 %391, 1, !dbg !37642",/home/jimi/PaperExperiment/CompilerOptimization/Result/redis/dg/dg-LLVM14-O2-g/high_precision_20260409_123302/log/dda_fs.dot.stderr.log
dda_fs,DDA,ssa+fs,dot,"ShuffleVector instruction is not supported, loosing precision",/home/jimi/PaperExperiment/CompilerOptimization/Result/redis/dg/dg-LLVM14-O2-g/high_precision_20260409_123302/log/dda_fs.dot.stderr.log
dda_fs,DDA,ssa+fs,dot,"ShuffleVector instruction is not supported, loosing precision",/home/jimi/PaperExperiment/CompilerOptimization/Result/redis/dg/dg-LLVM14-O2-g/high_precision_20260409_123302/log/dda_fs.dot.stderr.log
dda_fs,DDA,ssa+fs,dot,"ShuffleVector instruction is not supported, loosing precision",/home/jimi/PaperExperiment/CompilerOptimization/Result/redis/dg/dg-LLVM14-O2-g/high_precision_20260409_123302/log/dda_fs.dot.stderr.log
dda_fs,DDA,ssa+fs,dot,"ShuffleVector instruction is not supported, loosing precision",/home/jimi/PaperExperiment/CompilerOptimization/Result/redis/dg/dg-LLVM14-O2-g/high_precision_20260409_123302/log/dda_fs.dot.stderr.log
dda_fs,DDA,ssa+fs,dot,"ShuffleVector instruction is not supported, loosing precision",/home/jimi/PaperExperiment/CompilerOptimization/Result/redis/dg/dg-LLVM14-O2-g/high_precision_20260409_123302/log/dda_fs.dot.stderr.log
dda_fs,DDA,ssa+fs,dot,"ShuffleVector instruction is not supported, loosing precision",/home/jimi/PaperExperiment/CompilerOptimization/Result/redis/dg/dg-LLVM14-O2-g/high_precision_20260409_123302/log/dda_fs.dot.stderr.log
dda_fs,DDA,ssa+fs,dot,"ShuffleVector instruction is not supported, loosing precision",/home/jimi/PaperExperiment/CompilerOptimization/Result/redis/dg/dg-LLVM14-O2-g/high_precision_20260409_123302/log/dda_fs.dot.stderr.log
dda_fs,DDA,ssa+fs,dot,"ShuffleVector instruction is not supported, loosing precision",/home/jimi/PaperExperiment/CompilerOptimization/Result/redis/dg/dg-LLVM14-O2-g/high_precision_20260409_123302/log/dda_fs.dot.stderr.log
dda_fs,DDA,ssa+fs,dot,"ShuffleVector instruction is not supported, loosing precision",/home/jimi/PaperExperiment/CompilerOptimization/Result/redis/dg/dg-LLVM14-O2-g/high_precision_20260409_123302/log/dda_fs.dot.stderr.log
dda_fs,DDA,ssa+fs,dot,"ShuffleVector instruction is not supported, loosing precision",/home/jimi/PaperExperiment/CompilerOptimization/Result/redis/dg/dg-LLVM14-O2-g/high_precision_20260409_123302/log/dda_fs.dot.stderr.log
dda_fs,DDA,ssa+fs,dot,"ShuffleVector instruction is not supported, loosing precision",/home/jimi/PaperExperiment/CompilerOptimization/Result/redis/dg/dg-LLVM14-O2-g/high_precision_20260409_123302/log/dda_fs.dot.stderr.log
dda_fs,DDA,ssa+fs,dot,"ShuffleVector instruction is not supported, loosing precision",/home/jimi/PaperExperiment/CompilerOptimization/Result/redis/dg/dg-LLVM14-O2-g/high_precision_20260409_123302/log/dda_fs.dot.stderr.log
dda_fs,DDA,ssa+fs,dot,"ShuffleVector instruction is not supported, loosing precision",/home/jimi/PaperExperiment/CompilerOptimization/Result/redis/dg/dg-LLVM14-O2-g/high_precision_20260409_123302/log/dda_fs.dot.stderr.log
dda_fs,DDA,ssa+fs,dot,"ShuffleVector instruction is not supported, loosing precision",/home/jimi/PaperExperiment/CompilerOptimization/Result/redis/dg/dg-LLVM14-O2-g/high_precision_20260409_123302/log/dda_fs.dot.stderr.log
dda_fs,DDA,ssa+fs,dot,"ShuffleVector instruction is not supported, loosing precision",/home/jimi/PaperExperiment/CompilerOptimization/Result/redis/dg/dg-LLVM14-O2-g/high_precision_20260409_123302/log/dda_fs.dot.stderr.log
dda_fs,DDA,ssa+fs,dot,"ShuffleVector instruction is not supported, loosing precision",/home/jimi/PaperExperiment/CompilerOptimization/Result/redis/dg/dg-LLVM14-O2-g/high_precision_20260409_123302/log/dda_fs.dot.stderr.log
dda_fs,DDA,ssa+fs,dot,"ShuffleVector instruction is not supported, loosing precision",/home/jimi/PaperExperiment/CompilerOptimization/Result/redis/dg/dg-LLVM14-O2-g/high_precision_20260409_123302/log/dda_fs.dot.stderr.log
dda_fs,DDA,ssa+fs,dot,"ShuffleVector instruction is not supported, loosing precision",/home/jimi/PaperExperiment/CompilerOptimization/Result/redis/dg/dg-LLVM14-O2-g/high_precision_20260409_123302/log/dda_fs.dot.stderr.log
dda_fs,DDA,ssa+fs,dot,"ShuffleVector instruction is not supported, loosing precision",/home/jimi/PaperExperiment/CompilerOptimization/Result/redis/dg/dg-LLVM14-O2-g/high_precision_20260409_123302/log/dda_fs.dot.stderr.log
dda_fs,DDA,ssa+fs,dot,"ShuffleVector instruction is not supported, loosing precision",/home/jimi/PaperExperiment/CompilerOptimization/Result/redis/dg/dg-LLVM14-O2-g/high_precision_20260409_123302/log/dda_fs.dot.stderr.log
dda_fs,DDA,ssa+fs,dot,"[pta] UNHANDLED:   %82 = cmpxchg weak i64* @zmalloc_peak, i64 %79, i64 %75 monotonic monotonic, align 8, !dbg !37096",/home/jimi/PaperExperiment/CompilerOptimization/Result/redis/dg/dg-LLVM14-O2-g/high_precision_20260409_123302/log/dda_fs.dot.stderr.log
dda_fs,DDA,ssa+fs,dot,"WARNING: Non-0 memset:   call void @llvm.memset.p0i8.i64(i8* noundef nonnull align 8 dereferenceable(16) %12, i8 -1, i64 16, i1 false), !dbg !37032",/home/jimi/PaperExperiment/CompilerOptimization/Result/redis/dg/dg-LLVM14-O2-g/high_precision_20260409_123302/log/dda_fs.dot.stderr.log
dda_fs,DDA,ssa+fs,dot,"WARNING: Non-0 memset:   call void @llvm.memset.p0i8.i64(i8* noundef nonnull align 8 dereferenceable(16) %14, i8 -1, i64 16, i1 false) #85, !dbg !37066",/home/jimi/PaperExperiment/CompilerOptimization/Result/redis/dg/dg-LLVM14-O2-g/high_precision_20260409_123302/log/dda_fs.dot.stderr.log
dda_fs,DDA,ssa+fs,dot,"WARNING: Non-0 memset:   call void @llvm.memset.p0i8.i64(i8* noundef nonnull align 8 dereferenceable(16) %20, i8 -1, i64 16, i1 false), !dbg !37074",/home/jimi/PaperExperiment/CompilerOptimization/Result/redis/dg/dg-LLVM14-O2-g/high_precision_20260409_123302/log/dda_fs.dot.stderr.log
dda_fs,DDA,ssa+fs,dot,"WARNING: Non-0 memset:   call void @llvm.memset.p0i8.i64(i8* noundef nonnull align 8 dereferenceable(16) %32, i8 -1, i64 16, i1 false), !dbg !37106",/home/jimi/PaperExperiment/CompilerOptimization/Result/redis/dg/dg-LLVM14-O2-g/high_precision_20260409_123302/log/dda_fs.dot.stderr.log
dda_fs,DDA,ssa+fs,dot,"WARNING: Non-0 memset:   tail call void @llvm.memset.p0i8.i64(i8* align 1 %287, i8 48, i64 %288, i1 false) #85, !dbg !37439",/home/jimi/PaperExperiment/CompilerOptimization/Result/redis/dg/dg-LLVM14-O2-g/high_precision_20260409_123302/log/dda_fs.dot.stderr.log
dda_fs,DDA,ssa+fs,dot,"WARNING: Non-0 memset:   tail call void @llvm.memset.p0i8.i64(i8* nonnull align 1 %298, i8 48, i64 %299, i1 false) #85, !dbg !37452",/home/jimi/PaperExperiment/CompilerOptimization/Result/redis/dg/dg-LLVM14-O2-g/high_precision_20260409_123302/log/dda_fs.dot.stderr.log
dda_fs,DDA,ssa+fs,dot,"WARNING: Non-0 memset:   call void @llvm.memset.p0i8.i64(i8* noundef nonnull align 8 dereferenceable(16) %94, i8 -1, i64 16, i1 false) #86, !dbg !37186",/home/jimi/PaperExperiment/CompilerOptimization/Result/redis/dg/dg-LLVM14-O2-g/high_precision_20260409_123302/log/dda_fs.dot.stderr.log
dda_fs,DDA,ssa+fs,dot,"WARNING: Non-0 memset:   call void @llvm.memset.p0i8.i64(i8* noundef nonnull align 8 dereferenceable(16) bitcast (i64* getelementptr inbounds (%struct.redisServer.226, %struct.redisServer.226* @server, i64 0, i32 258) to i8*), i8 -1, i64 16, i1 false), !dbg !37430",/home/jimi/PaperExperiment/CompilerOptimization/Result/redis/dg/dg-LLVM14-O2-g/high_precision_20260409_123302/log/dda_fs.dot.stderr.log
dda_fs,DDA,ssa+fs,dot,"WARNING: Non-0 memset:   tail call void @llvm.memset.p0i8.i64(i8* noundef nonnull align 8 dereferenceable(272) %57, i8 -1, i64 272, i1 false), !dbg !37100",/home/jimi/PaperExperiment/CompilerOptimization/Result/redis/dg/dg-LLVM14-O2-g/high_precision_20260409_123302/log/dda_fs.dot.stderr.log
dda_fs,DDA,ssa+fs,dot,"WARNING: Non-0 memset:   tail call void @llvm.memset.p0i8.i64(i8* noundef nonnull align 8 dereferenceable(16) %34, i8 -1, i64 16, i1 false) #85, !dbg !37114",/home/jimi/PaperExperiment/CompilerOptimization/Result/redis/dg/dg-LLVM14-O2-g/high_precision_20260409_123302/log/dda_fs.dot.stderr.log
dda_fs,DDA,ssa+fs,dot,"ShuffleVector instruction is not supported, loosing precision",/home/jimi/PaperExperiment/CompilerOptimization/Result/redis/dg/dg-LLVM14-O2-g/high_precision_20260409_123302/log/dda_fs.dot.stderr.log
dda_fs,DDA,ssa+fs,dot,"ShuffleVector instruction is not supported, loosing precision",/home/jimi/PaperExperiment/CompilerOptimization/Result/redis/dg/dg-LLVM14-O2-g/high_precision_20260409_123302/log/dda_fs.dot.stderr.log
dda_fs,DDA,ssa+fs,dot,"ShuffleVector instruction is not supported, loosing precision",/home/jimi/PaperExperiment/CompilerOptimization/Result/redis/dg/dg-LLVM14-O2-g/high_precision_20260409_123302/log/dda_fs.dot.stderr.log
dda_fs,DDA,ssa+fs,dot,"WARNING: Non-0 memset:   tail call void @llvm.memset.p0i8.i64(i8* noundef nonnull align 8 dereferenceable(16) %24, i8 -1, i64 16, i1 false) #85, !dbg !37083",/home/jimi/PaperExperiment/CompilerOptimization/Result/redis/dg/dg-LLVM14-O2-g/high_precision_20260409_123302/log/dda_fs.dot.stderr.log
dda_fs,DDA,ssa+fs,dot,"WARNING: Non-0 memset:   call void @llvm.memset.p0i8.i64(i8* noundef nonnull align 8 dereferenceable(16) %32, i8 -1, i64 16, i1 false), !dbg !37076",/home/jimi/PaperExperiment/CompilerOptimization/Result/redis/dg/dg-LLVM14-O2-g/high_precision_20260409_123302/log/dda_fs.dot.stderr.log
dda_fs,DDA,ssa+fs,dot,"ShuffleVector instruction is not supported, loosing precision",/home/jimi/PaperExperiment/CompilerOptimization/Result/redis/dg/dg-LLVM14-O2-g/high_precision_20260409_123302/log/dda_fs.dot.stderr.log
dda_inv,DDA,ssa+inv,lines,"[pta] UNHANDLED:   %82 = cmpxchg weak i64* @zmalloc_peak, i64 %79, i64 %75 monotonic monotonic, align 8, !dbg !37098",/home/jimi/PaperExperiment/CompilerOptimization/Result/redis/dg/dg-LLVM14-O2-g/high_precision_20260409_123302/log/dda_inv.lines.stderr.log
dda_inv,DDA,ssa+inv,lines,"WARNING: Non-0 memset:   call void @llvm.memset.p0i8.i64(i8* noundef nonnull align 1 dereferenceable(16) %14, i8 48, i64 16, i1 false) #85, !dbg !37150, !tbaa !37039",/home/jimi/PaperExperiment/CompilerOptimization/Result/redis/dg/dg-LLVM14-O2-g/high_precision_20260409_123302/log/dda_inv.lines.stderr.log
dda_inv,DDA,ssa+inv,lines,"[pta] UNHANDLED:   %83 = cmpxchg weak i64* @zmalloc_peak, i64 %80, i64 %76 monotonic monotonic, align 8, !dbg !37100",/home/jimi/PaperExperiment/CompilerOptimization/Result/redis/dg/dg-LLVM14-O2-g/high_precision_20260409_123302/log/dda_inv.lines.stderr.log
dda_inv,DDA,ssa+inv,lines,"[pta] UNHANDLED:   %83 = cmpxchg weak i64* @zmalloc_peak, i64 %80, i64 %76 monotonic monotonic, align 8, !dbg !37098",/home/jimi/PaperExperiment/CompilerOptimization/Result/redis/dg/dg-LLVM14-O2-g/high_precision_20260409_123302/log/dda_inv.lines.stderr.log
dda_inv,DDA,ssa+inv,lines,"ShuffleVector instruction is not supported, loosing precision",/home/jimi/PaperExperiment/CompilerOptimization/Result/redis/dg/dg-LLVM14-O2-g/high_precision_20260409_123302/log/dda_inv.lines.stderr.log
dda_inv,DDA,ssa+inv,lines,"ShuffleVector instruction is not supported, loosing precision",/home/jimi/PaperExperiment/CompilerOptimization/Result/redis/dg/dg-LLVM14-O2-g/high_precision_20260409_123302/log/dda_inv.lines.stderr.log
dda_inv,DDA,ssa+inv,lines,"[pta] UNHANDLED:   %82 = cmpxchg weak i64* @zmalloc_peak, i64 %79, i64 %75 monotonic monotonic, align 8, !dbg !37098",/home/jimi/PaperExperiment/CompilerOptimization/Result/redis/dg/dg-LLVM14-O2-g/high_precision_20260409_123302/log/dda_inv.lines.stderr.log
dda_inv,DDA,ssa+inv,lines,"[pta] UNHANDLED:   %129 = cmpxchg weak i64* @zmalloc_peak, i64 %126, i64 %122 monotonic monotonic, align 8, !dbg !37166",/home/jimi/PaperExperiment/CompilerOptimization/Result/redis/dg/dg-LLVM14-O2-g/high_precision_20260409_123302/log/dda_inv.lines.stderr.log
dda_inv,DDA,ssa+inv,lines,"[pta] UNHANDLED:   %82 = cmpxchg weak i64* @zmalloc_peak, i64 %79, i64 %75 monotonic monotonic, align 8, !dbg !37096",/home/jimi/PaperExperiment/CompilerOptimization/Result/redis/dg/dg-LLVM14-O2-g/high_precision_20260409_123302/log/dda_inv.lines.stderr.log
dda_inv,DDA,ssa+inv,lines,"ShuffleVector instruction is not supported, loosing precision",/home/jimi/PaperExperiment/CompilerOptimization/Result/redis/dg/dg-LLVM14-O2-g/high_precision_20260409_123302/log/dda_inv.lines.stderr.log
dda_inv,DDA,ssa+inv,lines,"WARNING: Non-0 memset:   tail call void @llvm.memset.p0i8.i64(i8* noundef nonnull align 1 dereferenceable(41) getelementptr inbounds (%struct.redisServer, %struct.redisServer* bitcast (%struct.redisServer.226* @server to %struct.redisServer*), i64 0, i32 288, i64 0), i8 48, i64 40, i1 false), !dbg !37002",/home/jimi/PaperExperiment/CompilerOptimization/Result/redis/dg/dg-LLVM14-O2-g/high_precision_20260409_123302/log/dda_inv.lines.stderr.log
dda_inv,DDA,ssa+inv,lines,"WARNING: Non-0 memset:   call void @llvm.memset.p0i8.i64(i8* noundef nonnull align 8 dereferenceable(16) bitcast (i64* getelementptr inbounds (%struct.redisServer.226, %struct.redisServer.226* @server, i64 0, i32 228) to i8*), i8 -1, i64 16, i1 false), !dbg !37152",/home/jimi/PaperExperiment/CompilerOptimization/Result/redis/dg/dg-LLVM14-O2-g/high_precision_20260409_123302/log/dda_inv.lines.stderr.log
dda_inv,DDA,ssa+inv,lines,"WARNING: Non-0 memset:   tail call void @llvm.memset.p0i8.i64(i8* noundef nonnull align 8 dereferenceable(128) %53, i8 -1, i64 128, i1 false), !dbg !37100",/home/jimi/PaperExperiment/CompilerOptimization/Result/redis/dg/dg-LLVM14-O2-g/high_precision_20260409_123302/log/dda_inv.lines.stderr.log
dda_inv,DDA,ssa+inv,lines,"WARNING: Saving stack may yield unsound results!:   %40 = call i8* @llvm.stacksave(), !dbg !37076",/home/jimi/PaperExperiment/CompilerOptimization/Result/redis/dg/dg-LLVM14-O2-g/high_precision_20260409_123302/log/dda_inv.lines.stderr.log
dda_inv,DDA,ssa+inv,lines,"[pta] UNHANDLED:   %91 = cmpxchg weak i64* @zmalloc_peak, i64 %88, i64 %84 monotonic monotonic, align 8, !dbg !37110",/home/jimi/PaperExperiment/CompilerOptimization/Result/redis/dg/dg-LLVM14-O2-g/high_precision_20260409_123302/log/dda_inv.lines.stderr.log
dda_inv,DDA,ssa+inv,lines,"ShuffleVector instruction is not supported, loosing precision",/home/jimi/PaperExperiment/CompilerOptimization/Result/redis/dg/dg-LLVM14-O2-g/high_precision_20260409_123302/log/dda_inv.lines.stderr.log
dda_inv,DDA,ssa+inv,lines,"ShuffleVector instruction is not supported, loosing precision",/home/jimi/PaperExperiment/CompilerOptimization/Result/redis/dg/dg-LLVM14-O2-g/high_precision_20260409_123302/log/dda_inv.lines.stderr.log
dda_inv,DDA,ssa+inv,lines,"ShuffleVector instruction is not supported, loosing precision",/home/jimi/PaperExperiment/CompilerOptimization/Result/redis/dg/dg-LLVM14-O2-g/high_precision_20260409_123302/log/dda_inv.lines.stderr.log
dda_inv,DDA,ssa+inv,lines,"ShuffleVector instruction is not supported, loosing precision",/home/jimi/PaperExperiment/CompilerOptimization/Result/redis/dg/dg-LLVM14-O2-g/high_precision_20260409_123302/log/dda_inv.lines.stderr.log
dda_inv,DDA,ssa+inv,lines,"ShuffleVector instruction is not supported, loosing precision",/home/jimi/PaperExperiment/CompilerOptimization/Result/redis/dg/dg-LLVM14-O2-g/high_precision_20260409_123302/log/dda_inv.lines.stderr.log
dda_inv,DDA,ssa+inv,lines,"ShuffleVector instruction is not supported, loosing precision",/home/jimi/PaperExperiment/CompilerOptimization/Result/redis/dg/dg-LLVM14-O2-g/high_precision_20260409_123302/log/dda_inv.lines.stderr.log
dda_inv,DDA,ssa+inv,lines,"ShuffleVector instruction is not supported, loosing precision",/home/jimi/PaperExperiment/CompilerOptimization/Result/redis/dg/dg-LLVM14-O2-g/high_precision_20260409_123302/log/dda_inv.lines.stderr.log
dda_inv,DDA,ssa+inv,lines,"ShuffleVector instruction is not supported, loosing precision",/home/jimi/PaperExperiment/CompilerOptimization/Result/redis/dg/dg-LLVM14-O2-g/high_precision_20260409_123302/log/dda_inv.lines.stderr.log
dda_inv,DDA,ssa+inv,lines,"ShuffleVector instruction is not supported, loosing precision",/home/jimi/PaperExperiment/CompilerOptimization/Result/redis/dg/dg-LLVM14-O2-g/high_precision_20260409_123302/log/dda_inv.lines.stderr.log
dda_inv,DDA,ssa+inv,lines,"ShuffleVector instruction is not supported, loosing precision",/home/jimi/PaperExperiment/CompilerOptimization/Result/redis/dg/dg-LLVM14-O2-g/high_precision_20260409_123302/log/dda_inv.lines.stderr.log
dda_inv,DDA,ssa+inv,lines,"ShuffleVector instruction is not supported, loosing precision",/home/jimi/PaperExperiment/CompilerOptimization/Result/redis/dg/dg-LLVM14-O2-g/high_precision_20260409_123302/log/dda_inv.lines.stderr.log
dda_inv,DDA,ssa+inv,lines,"ShuffleVector instruction is not supported, loosing precision",/home/jimi/PaperExperiment/CompilerOptimization/Result/redis/dg/dg-LLVM14-O2-g/high_precision_20260409_123302/log/dda_inv.lines.stderr.log
dda_inv,DDA,ssa+inv,lines,"ShuffleVector instruction is not supported, loosing precision",/home/jimi/PaperExperiment/CompilerOptimization/Result/redis/dg/dg-LLVM14-O2-g/high_precision_20260409_123302/log/dda_inv.lines.stderr.log
dda_inv,DDA,ssa+inv,lines,"ShuffleVector instruction is not supported, loosing precision",/home/jimi/PaperExperiment/CompilerOptimization/Result/redis/dg/dg-LLVM14-O2-g/high_precision_20260409_123302/log/dda_inv.lines.stderr.log
dda_inv,DDA,ssa+inv,lines,"ShuffleVector instruction is not supported, loosing precision",/home/jimi/PaperExperiment/CompilerOptimization/Result/redis/dg/dg-LLVM14-O2-g/high_precision_20260409_123302/log/dda_inv.lines.stderr.log
dda_inv,DDA,ssa+inv,lines,"ShuffleVector instruction is not supported, loosing precision",/home/jimi/PaperExperiment/CompilerOptimization/Result/redis/dg/dg-LLVM14-O2-g/high_precision_20260409_123302/log/dda_inv.lines.stderr.log
dda_inv,DDA,ssa+inv,lines,"ShuffleVector instruction is not supported, loosing precision",/home/jimi/PaperExperiment/CompilerOptimization/Result/redis/dg/dg-LLVM14-O2-g/high_precision_20260409_123302/log/dda_inv.lines.stderr.log
dda_inv,DDA,ssa+inv,lines,"ShuffleVector instruction is not supported, loosing precision",/home/jimi/PaperExperiment/CompilerOptimization/Result/redis/dg/dg-LLVM14-O2-g/high_precision_20260409_123302/log/dda_inv.lines.stderr.log
dda_inv,DDA,ssa+inv,lines,"ShuffleVector instruction is not supported, loosing precision",/home/jimi/PaperExperiment/CompilerOptimization/Result/redis/dg/dg-LLVM14-O2-g/high_precision_20260409_123302/log/dda_inv.lines.stderr.log
dda_inv,DDA,ssa+inv,lines,"ShuffleVector instruction is not supported, loosing precision",/home/jimi/PaperExperiment/CompilerOptimization/Result/redis/dg/dg-LLVM14-O2-g/high_precision_20260409_123302/log/dda_inv.lines.stderr.log
dda_inv,DDA,ssa+inv,lines,"ShuffleVector instruction is not supported, loosing precision",/home/jimi/PaperExperiment/CompilerOptimization/Result/redis/dg/dg-LLVM14-O2-g/high_precision_20260409_123302/log/dda_inv.lines.stderr.log
dda_inv,DDA,ssa+inv,lines,"ShuffleVector instruction is not supported, loosing precision",/home/jimi/PaperExperiment/CompilerOptimization/Result/redis/dg/dg-LLVM14-O2-g/high_precision_20260409_123302/log/dda_inv.lines.stderr.log
dda_inv,DDA,ssa+inv,lines,"ShuffleVector instruction is not supported, loosing precision",/home/jimi/PaperExperiment/CompilerOptimization/Result/redis/dg/dg-LLVM14-O2-g/high_precision_20260409_123302/log/dda_inv.lines.stderr.log
dda_inv,DDA,ssa+inv,lines,"ShuffleVector instruction is not supported, loosing precision",/home/jimi/PaperExperiment/CompilerOptimization/Result/redis/dg/dg-LLVM14-O2-g/high_precision_20260409_123302/log/dda_inv.lines.stderr.log
dda_inv,DDA,ssa+inv,lines,"ShuffleVector instruction is not supported, loosing precision",/home/jimi/PaperExperiment/CompilerOptimization/Result/redis/dg/dg-LLVM14-O2-g/high_precision_20260409_123302/log/dda_inv.lines.stderr.log
dda_inv,DDA,ssa+inv,lines,"ShuffleVector instruction is not supported, loosing precision",/home/jimi/PaperExperiment/CompilerOptimization/Result/redis/dg/dg-LLVM14-O2-g/high_precision_20260409_123302/log/dda_inv.lines.stderr.log
dda_inv,DDA,ssa+inv,lines,"ShuffleVector instruction is not supported, loosing precision",/home/jimi/PaperExperiment/CompilerOptimization/Result/redis/dg/dg-LLVM14-O2-g/high_precision_20260409_123302/log/dda_inv.lines.stderr.log
dda_inv,DDA,ssa+inv,lines,"ShuffleVector instruction is not supported, loosing precision",/home/jimi/PaperExperiment/CompilerOptimization/Result/redis/dg/dg-LLVM14-O2-g/high_precision_20260409_123302/log/dda_inv.lines.stderr.log
dda_inv,DDA,ssa+inv,lines,"ShuffleVector instruction is not supported, loosing precision",/home/jimi/PaperExperiment/CompilerOptimization/Result/redis/dg/dg-LLVM14-O2-g/high_precision_20260409_123302/log/dda_inv.lines.stderr.log
dda_inv,DDA,ssa+inv,lines,"ShuffleVector instruction is not supported, loosing precision",/home/jimi/PaperExperiment/CompilerOptimization/Result/redis/dg/dg-LLVM14-O2-g/high_precision_20260409_123302/log/dda_inv.lines.stderr.log
dda_inv,DDA,ssa+inv,lines,"ShuffleVector instruction is not supported, loosing precision",/home/jimi/PaperExperiment/CompilerOptimization/Result/redis/dg/dg-LLVM14-O2-g/high_precision_20260409_123302/log/dda_inv.lines.stderr.log
dda_inv,DDA,ssa+inv,lines,"ShuffleVector instruction is not supported, loosing precision",/home/jimi/PaperExperiment/CompilerOptimization/Result/redis/dg/dg-LLVM14-O2-g/high_precision_20260409_123302/log/dda_inv.lines.stderr.log
dda_inv,DDA,ssa+inv,lines,"ShuffleVector instruction is not supported, loosing precision",/home/jimi/PaperExperiment/CompilerOptimization/Result/redis/dg/dg-LLVM14-O2-g/high_precision_20260409_123302/log/dda_inv.lines.stderr.log
dda_inv,DDA,ssa+inv,lines,"ShuffleVector instruction is not supported, loosing precision",/home/jimi/PaperExperiment/CompilerOptimization/Result/redis/dg/dg-LLVM14-O2-g/high_precision_20260409_123302/log/dda_inv.lines.stderr.log
dda_inv,DDA,ssa+inv,lines,"ShuffleVector instruction is not supported, loosing precision",/home/jimi/PaperExperiment/CompilerOptimization/Result/redis/dg/dg-LLVM14-O2-g/high_precision_20260409_123302/log/dda_inv.lines.stderr.log
dda_inv,DDA,ssa+inv,lines,"ShuffleVector instruction is not supported, loosing precision",/home/jimi/PaperExperiment/CompilerOptimization/Result/redis/dg/dg-LLVM14-O2-g/high_precision_20260409_123302/log/dda_inv.lines.stderr.log
dda_inv,DDA,ssa+inv,lines,"ShuffleVector instruction is not supported, loosing precision",/home/jimi/PaperExperiment/CompilerOptimization/Result/redis/dg/dg-LLVM14-O2-g/high_precision_20260409_123302/log/dda_inv.lines.stderr.log
dda_inv,DDA,ssa+inv,lines,"ShuffleVector instruction is not supported, loosing precision",/home/jimi/PaperExperiment/CompilerOptimization/Result/redis/dg/dg-LLVM14-O2-g/high_precision_20260409_123302/log/dda_inv.lines.stderr.log
dda_inv,DDA,ssa+inv,lines,"ShuffleVector instruction is not supported, loosing precision",/home/jimi/PaperExperiment/CompilerOptimization/Result/redis/dg/dg-LLVM14-O2-g/high_precision_20260409_123302/log/dda_inv.lines.stderr.log
dda_inv,DDA,ssa+inv,lines,"ShuffleVector instruction is not supported, loosing precision",/home/jimi/PaperExperiment/CompilerOptimization/Result/redis/dg/dg-LLVM14-O2-g/high_precision_20260409_123302/log/dda_inv.lines.stderr.log
dda_inv,DDA,ssa+inv,lines,"ShuffleVector instruction is not supported, loosing precision",/home/jimi/PaperExperiment/CompilerOptimization/Result/redis/dg/dg-LLVM14-O2-g/high_precision_20260409_123302/log/dda_inv.lines.stderr.log
dda_inv,DDA,ssa+inv,lines,"ShuffleVector instruction is not supported, loosing precision",/home/jimi/PaperExperiment/CompilerOptimization/Result/redis/dg/dg-LLVM14-O2-g/high_precision_20260409_123302/log/dda_inv.lines.stderr.log
dda_inv,DDA,ssa+inv,lines,"ShuffleVector instruction is not supported, loosing precision",/home/jimi/PaperExperiment/CompilerOptimization/Result/redis/dg/dg-LLVM14-O2-g/high_precision_20260409_123302/log/dda_inv.lines.stderr.log
dda_inv,DDA,ssa+inv,lines,"ShuffleVector instruction is not supported, loosing precision",/home/jimi/PaperExperiment/CompilerOptimization/Result/redis/dg/dg-LLVM14-O2-g/high_precision_20260409_123302/log/dda_inv.lines.stderr.log
dda_inv,DDA,ssa+inv,lines,"ShuffleVector instruction is not supported, loosing precision",/home/jimi/PaperExperiment/CompilerOptimization/Result/redis/dg/dg-LLVM14-O2-g/high_precision_20260409_123302/log/dda_inv.lines.stderr.log
dda_inv,DDA,ssa+inv,lines,"ShuffleVector instruction is not supported, loosing precision",/home/jimi/PaperExperiment/CompilerOptimization/Result/redis/dg/dg-LLVM14-O2-g/high_precision_20260409_123302/log/dda_inv.lines.stderr.log
dda_inv,DDA,ssa+inv,lines,"ShuffleVector instruction is not supported, loosing precision",/home/jimi/PaperExperiment/CompilerOptimization/Result/redis/dg/dg-LLVM14-O2-g/high_precision_20260409_123302/log/dda_inv.lines.stderr.log
dda_inv,DDA,ssa+inv,lines,"ShuffleVector instruction is not supported, loosing precision",/home/jimi/PaperExperiment/CompilerOptimization/Result/redis/dg/dg-LLVM14-O2-g/high_precision_20260409_123302/log/dda_inv.lines.stderr.log
dda_inv,DDA,ssa+inv,lines,"ShuffleVector instruction is not supported, loosing precision",/home/jimi/PaperExperiment/CompilerOptimization/Result/redis/dg/dg-LLVM14-O2-g/high_precision_20260409_123302/log/dda_inv.lines.stderr.log
dda_inv,DDA,ssa+inv,lines,"ShuffleVector instruction is not supported, loosing precision",/home/jimi/PaperExperiment/CompilerOptimization/Result/redis/dg/dg-LLVM14-O2-g/high_precision_20260409_123302/log/dda_inv.lines.stderr.log
dda_inv,DDA,ssa+inv,lines,"ShuffleVector instruction is not supported, loosing precision",/home/jimi/PaperExperiment/CompilerOptimization/Result/redis/dg/dg-LLVM14-O2-g/high_precision_20260409_123302/log/dda_inv.lines.stderr.log
dda_inv,DDA,ssa+inv,lines,"ShuffleVector instruction is not supported, loosing precision",/home/jimi/PaperExperiment/CompilerOptimization/Result/redis/dg/dg-LLVM14-O2-g/high_precision_20260409_123302/log/dda_inv.lines.stderr.log
dda_inv,DDA,ssa+inv,lines,"ShuffleVector instruction is not supported, loosing precision",/home/jimi/PaperExperiment/CompilerOptimization/Result/redis/dg/dg-LLVM14-O2-g/high_precision_20260409_123302/log/dda_inv.lines.stderr.log
dda_inv,DDA,ssa+inv,lines,"ShuffleVector instruction is not supported, loosing precision",/home/jimi/PaperExperiment/CompilerOptimization/Result/redis/dg/dg-LLVM14-O2-g/high_precision_20260409_123302/log/dda_inv.lines.stderr.log
dda_inv,DDA,ssa+inv,lines,"ShuffleVector instruction is not supported, loosing precision",/home/jimi/PaperExperiment/CompilerOptimization/Result/redis/dg/dg-LLVM14-O2-g/high_precision_20260409_123302/log/dda_inv.lines.stderr.log
dda_inv,DDA,ssa+inv,lines,"ShuffleVector instruction is not supported, loosing precision",/home/jimi/PaperExperiment/CompilerOptimization/Result/redis/dg/dg-LLVM14-O2-g/high_precision_20260409_123302/log/dda_inv.lines.stderr.log
dda_inv,DDA,ssa+inv,lines,"WARNING: Non-0 memset:   call void @llvm.memset.p0i8.i64(i8* noundef nonnull align 8 dereferenceable(16) %25, i8 -1, i64 16, i1 false), !dbg !37067",/home/jimi/PaperExperiment/CompilerOptimization/Result/redis/dg/dg-LLVM14-O2-g/high_precision_20260409_123302/log/dda_inv.lines.stderr.log
dda_inv,DDA,ssa+inv,lines,"ShuffleVector instruction is not supported, loosing precision",/home/jimi/PaperExperiment/CompilerOptimization/Result/redis/dg/dg-LLVM14-O2-g/high_precision_20260409_123302/log/dda_inv.lines.stderr.log
dda_inv,DDA,ssa+inv,lines,"ShuffleVector instruction is not supported, loosing precision",/home/jimi/PaperExperiment/CompilerOptimization/Result/redis/dg/dg-LLVM14-O2-g/high_precision_20260409_123302/log/dda_inv.lines.stderr.log
dda_inv,DDA,ssa+inv,lines,"ShuffleVector instruction is not supported, loosing precision",/home/jimi/PaperExperiment/CompilerOptimization/Result/redis/dg/dg-LLVM14-O2-g/high_precision_20260409_123302/log/dda_inv.lines.stderr.log
dda_inv,DDA,ssa+inv,lines,"ShuffleVector instruction is not supported, loosing precision",/home/jimi/PaperExperiment/CompilerOptimization/Result/redis/dg/dg-LLVM14-O2-g/high_precision_20260409_123302/log/dda_inv.lines.stderr.log
dda_inv,DDA,ssa+inv,lines,"ShuffleVector instruction is not supported, loosing precision",/home/jimi/PaperExperiment/CompilerOptimization/Result/redis/dg/dg-LLVM14-O2-g/high_precision_20260409_123302/log/dda_inv.lines.stderr.log
dda_inv,DDA,ssa+inv,lines,"ShuffleVector instruction is not supported, loosing precision",/home/jimi/PaperExperiment/CompilerOptimization/Result/redis/dg/dg-LLVM14-O2-g/high_precision_20260409_123302/log/dda_inv.lines.stderr.log
dda_inv,DDA,ssa+inv,lines,"[pta] UNHANDLED:   %367 = insertvalue { i8*, i32 } poison, i8* %365, 0, !dbg !37605",/home/jimi/PaperExperiment/CompilerOptimization/Result/redis/dg/dg-LLVM14-O2-g/high_precision_20260409_123302/log/dda_inv.lines.stderr.log
dda_inv,DDA,ssa+inv,lines,"[pta] UNHANDLED:   %368 = insertvalue { i8*, i32 } %367, i32 %366, 1, !dbg !37605",/home/jimi/PaperExperiment/CompilerOptimization/Result/redis/dg/dg-LLVM14-O2-g/high_precision_20260409_123302/log/dda_inv.lines.stderr.log
dda_inv,DDA,ssa+inv,lines,"[pta] UNHANDLED:   %96 = insertvalue { i8*, i32 } poison, i8* %95, 0, !dbg !37112",/home/jimi/PaperExperiment/CompilerOptimization/Result/redis/dg/dg-LLVM14-O2-g/high_precision_20260409_123302/log/dda_inv.lines.stderr.log
dda_inv,DDA,ssa+inv,lines,"[pta] UNHANDLED:   %97 = insertvalue { i8*, i32 } %96, i32 %94, 1, !dbg !37112",/home/jimi/PaperExperiment/CompilerOptimization/Result/redis/dg/dg-LLVM14-O2-g/high_precision_20260409_123302/log/dda_inv.lines.stderr.log
dda_inv,DDA,ssa+inv,lines,"[pta] UNHANDLED:   %374 = insertvalue { i8*, i32 } poison, i8* %6, 0, !dbg !37505",/home/jimi/PaperExperiment/CompilerOptimization/Result/redis/dg/dg-LLVM14-O2-g/high_precision_20260409_123302/log/dda_inv.lines.stderr.log
dda_inv,DDA,ssa+inv,lines,"[pta] UNHANDLED:   %375 = insertvalue { i8*, i32 } %374, i32 %373, 1, !dbg !37505",/home/jimi/PaperExperiment/CompilerOptimization/Result/redis/dg/dg-LLVM14-O2-g/high_precision_20260409_123302/log/dda_inv.lines.stderr.log
dda_inv,DDA,ssa+inv,lines,"[pta] UNHANDLED:   %186 = insertvalue { i64, i32 } poison, i64 %185, 0, !dbg !37421",/home/jimi/PaperExperiment/CompilerOptimization/Result/redis/dg/dg-LLVM14-O2-g/high_precision_20260409_123302/log/dda_inv.lines.stderr.log
dda_inv,DDA,ssa+inv,lines,"[pta] UNHANDLED:   %187 = insertvalue { i64, i32 } %186, i32 %183, 1, !dbg !37421",/home/jimi/PaperExperiment/CompilerOptimization/Result/redis/dg/dg-LLVM14-O2-g/high_precision_20260409_123302/log/dda_inv.lines.stderr.log
dda_inv,DDA,ssa+inv,lines,"ShuffleVector instruction is not supported, loosing precision",/home/jimi/PaperExperiment/CompilerOptimization/Result/redis/dg/dg-LLVM14-O2-g/high_precision_20260409_123302/log/dda_inv.lines.stderr.log
dda_inv,DDA,ssa+inv,lines,"ShuffleVector instruction is not supported, loosing precision",/home/jimi/PaperExperiment/CompilerOptimization/Result/redis/dg/dg-LLVM14-O2-g/high_precision_20260409_123302/log/dda_inv.lines.stderr.log
dda_inv,DDA,ssa+inv,lines,"ShuffleVector instruction is not supported, loosing precision",/home/jimi/PaperExperiment/CompilerOptimization/Result/redis/dg/dg-LLVM14-O2-g/high_precision_20260409_123302/log/dda_inv.lines.stderr.log
dda_inv,DDA,ssa+inv,lines,"ShuffleVector instruction is not supported, loosing precision",/home/jimi/PaperExperiment/CompilerOptimization/Result/redis/dg/dg-LLVM14-O2-g/high_precision_20260409_123302/log/dda_inv.lines.stderr.log
dda_inv,DDA,ssa+inv,lines,"ShuffleVector instruction is not supported, loosing precision",/home/jimi/PaperExperiment/CompilerOptimization/Result/redis/dg/dg-LLVM14-O2-g/high_precision_20260409_123302/log/dda_inv.lines.stderr.log
dda_inv,DDA,ssa+inv,lines,"ShuffleVector instruction is not supported, loosing precision",/home/jimi/PaperExperiment/CompilerOptimization/Result/redis/dg/dg-LLVM14-O2-g/high_precision_20260409_123302/log/dda_inv.lines.stderr.log
dda_inv,DDA,ssa+inv,lines,"ShuffleVector instruction is not supported, loosing precision",/home/jimi/PaperExperiment/CompilerOptimization/Result/redis/dg/dg-LLVM14-O2-g/high_precision_20260409_123302/log/dda_inv.lines.stderr.log
dda_inv,DDA,ssa+inv,lines,"ShuffleVector instruction is not supported, loosing precision",/home/jimi/PaperExperiment/CompilerOptimization/Result/redis/dg/dg-LLVM14-O2-g/high_precision_20260409_123302/log/dda_inv.lines.stderr.log
dda_inv,DDA,ssa+inv,lines,"ShuffleVector instruction is not supported, loosing precision",/home/jimi/PaperExperiment/CompilerOptimization/Result/redis/dg/dg-LLVM14-O2-g/high_precision_20260409_123302/log/dda_inv.lines.stderr.log
dda_inv,DDA,ssa+inv,lines,"ShuffleVector instruction is not supported, loosing precision",/home/jimi/PaperExperiment/CompilerOptimization/Result/redis/dg/dg-LLVM14-O2-g/high_precision_20260409_123302/log/dda_inv.lines.stderr.log
dda_inv,DDA,ssa+inv,lines,"[pta] UNHANDLED:   %392 = insertvalue { i64, i32 } poison, i64 %390, 0, !dbg !37642",/home/jimi/PaperExperiment/CompilerOptimization/Result/redis/dg/dg-LLVM14-O2-g/high_precision_20260409_123302/log/dda_inv.lines.stderr.log
dda_inv,DDA,ssa+inv,lines,"[pta] UNHANDLED:   %393 = insertvalue { i64, i32 } %392, i32 %391, 1, !dbg !37642",/home/jimi/PaperExperiment/CompilerOptimization/Result/redis/dg/dg-LLVM14-O2-g/high_precision_20260409_123302/log/dda_inv.lines.stderr.log
dda_inv,DDA,ssa+inv,lines,"ShuffleVector instruction is not supported, loosing precision",/home/jimi/PaperExperiment/CompilerOptimization/Result/redis/dg/dg-LLVM14-O2-g/high_precision_20260409_123302/log/dda_inv.lines.stderr.log
dda_inv,DDA,ssa+inv,lines,"ShuffleVector instruction is not supported, loosing precision",/home/jimi/PaperExperiment/CompilerOptimization/Result/redis/dg/dg-LLVM14-O2-g/high_precision_20260409_123302/log/dda_inv.lines.stderr.log
dda_inv,DDA,ssa+inv,lines,"ShuffleVector instruction is not supported, loosing precision",/home/jimi/PaperExperiment/CompilerOptimization/Result/redis/dg/dg-LLVM14-O2-g/high_precision_20260409_123302/log/dda_inv.lines.stderr.log
dda_inv,DDA,ssa+inv,lines,"ShuffleVector instruction is not supported, loosing precision",/home/jimi/PaperExperiment/CompilerOptimization/Result/redis/dg/dg-LLVM14-O2-g/high_precision_20260409_123302/log/dda_inv.lines.stderr.log
dda_inv,DDA,ssa+inv,lines,"ShuffleVector instruction is not supported, loosing precision",/home/jimi/PaperExperiment/CompilerOptimization/Result/redis/dg/dg-LLVM14-O2-g/high_precision_20260409_123302/log/dda_inv.lines.stderr.log
dda_inv,DDA,ssa+inv,lines,"ShuffleVector instruction is not supported, loosing precision",/home/jimi/PaperExperiment/CompilerOptimization/Result/redis/dg/dg-LLVM14-O2-g/high_precision_20260409_123302/log/dda_inv.lines.stderr.log
dda_inv,DDA,ssa+inv,lines,"ShuffleVector instruction is not supported, loosing precision",/home/jimi/PaperExperiment/CompilerOptimization/Result/redis/dg/dg-LLVM14-O2-g/high_precision_20260409_123302/log/dda_inv.lines.stderr.log
dda_inv,DDA,ssa+inv,lines,"ShuffleVector instruction is not supported, loosing precision",/home/jimi/PaperExperiment/CompilerOptimization/Result/redis/dg/dg-LLVM14-O2-g/high_precision_20260409_123302/log/dda_inv.lines.stderr.log
dda_inv,DDA,ssa+inv,lines,"ShuffleVector instruction is not supported, loosing precision",/home/jimi/PaperExperiment/CompilerOptimization/Result/redis/dg/dg-LLVM14-O2-g/high_precision_20260409_123302/log/dda_inv.lines.stderr.log
dda_inv,DDA,ssa+inv,lines,"ShuffleVector instruction is not supported, loosing precision",/home/jimi/PaperExperiment/CompilerOptimization/Result/redis/dg/dg-LLVM14-O2-g/high_precision_20260409_123302/log/dda_inv.lines.stderr.log
dda_inv,DDA,ssa+inv,lines,"ShuffleVector instruction is not supported, loosing precision",/home/jimi/PaperExperiment/CompilerOptimization/Result/redis/dg/dg-LLVM14-O2-g/high_precision_20260409_123302/log/dda_inv.lines.stderr.log
dda_inv,DDA,ssa+inv,lines,"ShuffleVector instruction is not supported, loosing precision",/home/jimi/PaperExperiment/CompilerOptimization/Result/redis/dg/dg-LLVM14-O2-g/high_precision_20260409_123302/log/dda_inv.lines.stderr.log
dda_inv,DDA,ssa+inv,lines,"ShuffleVector instruction is not supported, loosing precision",/home/jimi/PaperExperiment/CompilerOptimization/Result/redis/dg/dg-LLVM14-O2-g/high_precision_20260409_123302/log/dda_inv.lines.stderr.log
dda_inv,DDA,ssa+inv,lines,"ShuffleVector instruction is not supported, loosing precision",/home/jimi/PaperExperiment/CompilerOptimization/Result/redis/dg/dg-LLVM14-O2-g/high_precision_20260409_123302/log/dda_inv.lines.stderr.log
dda_inv,DDA,ssa+inv,lines,"ShuffleVector instruction is not supported, loosing precision",/home/jimi/PaperExperiment/CompilerOptimization/Result/redis/dg/dg-LLVM14-O2-g/high_precision_20260409_123302/log/dda_inv.lines.stderr.log
dda_inv,DDA,ssa+inv,lines,"ShuffleVector instruction is not supported, loosing precision",/home/jimi/PaperExperiment/CompilerOptimization/Result/redis/dg/dg-LLVM14-O2-g/high_precision_20260409_123302/log/dda_inv.lines.stderr.log
dda_inv,DDA,ssa+inv,lines,"ShuffleVector instruction is not supported, loosing precision",/home/jimi/PaperExperiment/CompilerOptimization/Result/redis/dg/dg-LLVM14-O2-g/high_precision_20260409_123302/log/dda_inv.lines.stderr.log
dda_inv,DDA,ssa+inv,lines,"ShuffleVector instruction is not supported, loosing precision",/home/jimi/PaperExperiment/CompilerOptimization/Result/redis/dg/dg-LLVM14-O2-g/high_precision_20260409_123302/log/dda_inv.lines.stderr.log
dda_inv,DDA,ssa+inv,lines,"ShuffleVector instruction is not supported, loosing precision",/home/jimi/PaperExperiment/CompilerOptimization/Result/redis/dg/dg-LLVM14-O2-g/high_precision_20260409_123302/log/dda_inv.lines.stderr.log
dda_inv,DDA,ssa+inv,lines,"ShuffleVector instruction is not supported, loosing precision",/home/jimi/PaperExperiment/CompilerOptimization/Result/redis/dg/dg-LLVM14-O2-g/high_precision_20260409_123302/log/dda_inv.lines.stderr.log
dda_inv,DDA,ssa+inv,lines,"[pta] UNHANDLED:   %82 = cmpxchg weak i64* @zmalloc_peak, i64 %79, i64 %75 monotonic monotonic, align 8, !dbg !37096",/home/jimi/PaperExperiment/CompilerOptimization/Result/redis/dg/dg-LLVM14-O2-g/high_precision_20260409_123302/log/dda_inv.lines.stderr.log
dda_inv,DDA,ssa+inv,lines,"WARNING: Non-0 memset:   call void @llvm.memset.p0i8.i64(i8* noundef nonnull align 8 dereferenceable(16) %12, i8 -1, i64 16, i1 false), !dbg !37032",/home/jimi/PaperExperiment/CompilerOptimization/Result/redis/dg/dg-LLVM14-O2-g/high_precision_20260409_123302/log/dda_inv.lines.stderr.log
dda_inv,DDA,ssa+inv,lines,"WARNING: Non-0 memset:   call void @llvm.memset.p0i8.i64(i8* noundef nonnull align 8 dereferenceable(16) %14, i8 -1, i64 16, i1 false) #85, !dbg !37066",/home/jimi/PaperExperiment/CompilerOptimization/Result/redis/dg/dg-LLVM14-O2-g/high_precision_20260409_123302/log/dda_inv.lines.stderr.log
dda_inv,DDA,ssa+inv,lines,"WARNING: Non-0 memset:   call void @llvm.memset.p0i8.i64(i8* noundef nonnull align 8 dereferenceable(16) %20, i8 -1, i64 16, i1 false), !dbg !37074",/home/jimi/PaperExperiment/CompilerOptimization/Result/redis/dg/dg-LLVM14-O2-g/high_precision_20260409_123302/log/dda_inv.lines.stderr.log
dda_inv,DDA,ssa+inv,lines,"WARNING: Non-0 memset:   call void @llvm.memset.p0i8.i64(i8* noundef nonnull align 8 dereferenceable(16) %32, i8 -1, i64 16, i1 false), !dbg !37106",/home/jimi/PaperExperiment/CompilerOptimization/Result/redis/dg/dg-LLVM14-O2-g/high_precision_20260409_123302/log/dda_inv.lines.stderr.log
dda_inv,DDA,ssa+inv,lines,"WARNING: Non-0 memset:   tail call void @llvm.memset.p0i8.i64(i8* align 1 %287, i8 48, i64 %288, i1 false) #85, !dbg !37439",/home/jimi/PaperExperiment/CompilerOptimization/Result/redis/dg/dg-LLVM14-O2-g/high_precision_20260409_123302/log/dda_inv.lines.stderr.log
dda_inv,DDA,ssa+inv,lines,"WARNING: Non-0 memset:   tail call void @llvm.memset.p0i8.i64(i8* nonnull align 1 %298, i8 48, i64 %299, i1 false) #85, !dbg !37452",/home/jimi/PaperExperiment/CompilerOptimization/Result/redis/dg/dg-LLVM14-O2-g/high_precision_20260409_123302/log/dda_inv.lines.stderr.log
dda_inv,DDA,ssa+inv,lines,"WARNING: Non-0 memset:   call void @llvm.memset.p0i8.i64(i8* noundef nonnull align 8 dereferenceable(16) %94, i8 -1, i64 16, i1 false) #86, !dbg !37186",/home/jimi/PaperExperiment/CompilerOptimization/Result/redis/dg/dg-LLVM14-O2-g/high_precision_20260409_123302/log/dda_inv.lines.stderr.log
dda_inv,DDA,ssa+inv,lines,"WARNING: Non-0 memset:   call void @llvm.memset.p0i8.i64(i8* noundef nonnull align 8 dereferenceable(16) bitcast (i64* getelementptr inbounds (%struct.redisServer.226, %struct.redisServer.226* @server, i64 0, i32 258) to i8*), i8 -1, i64 16, i1 false), !dbg !37430",/home/jimi/PaperExperiment/CompilerOptimization/Result/redis/dg/dg-LLVM14-O2-g/high_precision_20260409_123302/log/dda_inv.lines.stderr.log
dda_inv,DDA,ssa+inv,lines,"WARNING: Non-0 memset:   tail call void @llvm.memset.p0i8.i64(i8* noundef nonnull align 8 dereferenceable(272) %57, i8 -1, i64 272, i1 false), !dbg !37100",/home/jimi/PaperExperiment/CompilerOptimization/Result/redis/dg/dg-LLVM14-O2-g/high_precision_20260409_123302/log/dda_inv.lines.stderr.log
dda_inv,DDA,ssa+inv,lines,"WARNING: Non-0 memset:   tail call void @llvm.memset.p0i8.i64(i8* noundef nonnull align 8 dereferenceable(16) %34, i8 -1, i64 16, i1 false) #85, !dbg !37114",/home/jimi/PaperExperiment/CompilerOptimization/Result/redis/dg/dg-LLVM14-O2-g/high_precision_20260409_123302/log/dda_inv.lines.stderr.log
dda_inv,DDA,ssa+inv,lines,"ShuffleVector instruction is not supported, loosing precision",/home/jimi/PaperExperiment/CompilerOptimization/Result/redis/dg/dg-LLVM14-O2-g/high_precision_20260409_123302/log/dda_inv.lines.stderr.log
dda_inv,DDA,ssa+inv,lines,"ShuffleVector instruction is not supported, loosing precision",/home/jimi/PaperExperiment/CompilerOptimization/Result/redis/dg/dg-LLVM14-O2-g/high_precision_20260409_123302/log/dda_inv.lines.stderr.log
dda_inv,DDA,ssa+inv,lines,"ShuffleVector instruction is not supported, loosing precision",/home/jimi/PaperExperiment/CompilerOptimization/Result/redis/dg/dg-LLVM14-O2-g/high_precision_20260409_123302/log/dda_inv.lines.stderr.log
dda_inv,DDA,ssa+inv,lines,"WARNING: Non-0 memset:   tail call void @llvm.memset.p0i8.i64(i8* noundef nonnull align 8 dereferenceable(16) %24, i8 -1, i64 16, i1 false) #85, !dbg !37083",/home/jimi/PaperExperiment/CompilerOptimization/Result/redis/dg/dg-LLVM14-O2-g/high_precision_20260409_123302/log/dda_inv.lines.stderr.log
dda_inv,DDA,ssa+inv,lines,"WARNING: Non-0 memset:   call void @llvm.memset.p0i8.i64(i8* noundef nonnull align 8 dereferenceable(16) %32, i8 -1, i64 16, i1 false), !dbg !37076",/home/jimi/PaperExperiment/CompilerOptimization/Result/redis/dg/dg-LLVM14-O2-g/high_precision_20260409_123302/log/dda_inv.lines.stderr.log
dda_inv,DDA,ssa+inv,lines,"ShuffleVector instruction is not supported, loosing precision",/home/jimi/PaperExperiment/CompilerOptimization/Result/redis/dg/dg-LLVM14-O2-g/high_precision_20260409_123302/log/dda_inv.lines.stderr.log
dda_inv,DDA,ssa+inv,dot,"[pta] UNHANDLED:   %82 = cmpxchg weak i64* @zmalloc_peak, i64 %79, i64 %75 monotonic monotonic, align 8, !dbg !37098",/home/jimi/PaperExperiment/CompilerOptimization/Result/redis/dg/dg-LLVM14-O2-g/high_precision_20260409_123302/log/dda_inv.dot.stderr.log
dda_inv,DDA,ssa+inv,dot,"WARNING: Non-0 memset:   call void @llvm.memset.p0i8.i64(i8* noundef nonnull align 1 dereferenceable(16) %14, i8 48, i64 16, i1 false) #85, !dbg !37150, !tbaa !37039",/home/jimi/PaperExperiment/CompilerOptimization/Result/redis/dg/dg-LLVM14-O2-g/high_precision_20260409_123302/log/dda_inv.dot.stderr.log
dda_inv,DDA,ssa+inv,dot,"[pta] UNHANDLED:   %83 = cmpxchg weak i64* @zmalloc_peak, i64 %80, i64 %76 monotonic monotonic, align 8, !dbg !37100",/home/jimi/PaperExperiment/CompilerOptimization/Result/redis/dg/dg-LLVM14-O2-g/high_precision_20260409_123302/log/dda_inv.dot.stderr.log
dda_inv,DDA,ssa+inv,dot,"[pta] UNHANDLED:   %83 = cmpxchg weak i64* @zmalloc_peak, i64 %80, i64 %76 monotonic monotonic, align 8, !dbg !37098",/home/jimi/PaperExperiment/CompilerOptimization/Result/redis/dg/dg-LLVM14-O2-g/high_precision_20260409_123302/log/dda_inv.dot.stderr.log
dda_inv,DDA,ssa+inv,dot,"ShuffleVector instruction is not supported, loosing precision",/home/jimi/PaperExperiment/CompilerOptimization/Result/redis/dg/dg-LLVM14-O2-g/high_precision_20260409_123302/log/dda_inv.dot.stderr.log
dda_inv,DDA,ssa+inv,dot,"ShuffleVector instruction is not supported, loosing precision",/home/jimi/PaperExperiment/CompilerOptimization/Result/redis/dg/dg-LLVM14-O2-g/high_precision_20260409_123302/log/dda_inv.dot.stderr.log
dda_inv,DDA,ssa+inv,dot,"[pta] UNHANDLED:   %82 = cmpxchg weak i64* @zmalloc_peak, i64 %79, i64 %75 monotonic monotonic, align 8, !dbg !37098",/home/jimi/PaperExperiment/CompilerOptimization/Result/redis/dg/dg-LLVM14-O2-g/high_precision_20260409_123302/log/dda_inv.dot.stderr.log
dda_inv,DDA,ssa+inv,dot,"[pta] UNHANDLED:   %129 = cmpxchg weak i64* @zmalloc_peak, i64 %126, i64 %122 monotonic monotonic, align 8, !dbg !37166",/home/jimi/PaperExperiment/CompilerOptimization/Result/redis/dg/dg-LLVM14-O2-g/high_precision_20260409_123302/log/dda_inv.dot.stderr.log
dda_inv,DDA,ssa+inv,dot,"[pta] UNHANDLED:   %82 = cmpxchg weak i64* @zmalloc_peak, i64 %79, i64 %75 monotonic monotonic, align 8, !dbg !37096",/home/jimi/PaperExperiment/CompilerOptimization/Result/redis/dg/dg-LLVM14-O2-g/high_precision_20260409_123302/log/dda_inv.dot.stderr.log
dda_inv,DDA,ssa+inv,dot,"ShuffleVector instruction is not supported, loosing precision",/home/jimi/PaperExperiment/CompilerOptimization/Result/redis/dg/dg-LLVM14-O2-g/high_precision_20260409_123302/log/dda_inv.dot.stderr.log
dda_inv,DDA,ssa+inv,dot,"WARNING: Non-0 memset:   tail call void @llvm.memset.p0i8.i64(i8* noundef nonnull align 1 dereferenceable(41) getelementptr inbounds (%struct.redisServer, %struct.redisServer* bitcast (%struct.redisServer.226* @server to %struct.redisServer*), i64 0, i32 288, i64 0), i8 48, i64 40, i1 false), !dbg !37002",/home/jimi/PaperExperiment/CompilerOptimization/Result/redis/dg/dg-LLVM14-O2-g/high_precision_20260409_123302/log/dda_inv.dot.stderr.log
dda_inv,DDA,ssa+inv,dot,"WARNING: Non-0 memset:   call void @llvm.memset.p0i8.i64(i8* noundef nonnull align 8 dereferenceable(16) bitcast (i64* getelementptr inbounds (%struct.redisServer.226, %struct.redisServer.226* @server, i64 0, i32 228) to i8*), i8 -1, i64 16, i1 false), !dbg !37152",/home/jimi/PaperExperiment/CompilerOptimization/Result/redis/dg/dg-LLVM14-O2-g/high_precision_20260409_123302/log/dda_inv.dot.stderr.log
dda_inv,DDA,ssa+inv,dot,"WARNING: Non-0 memset:   tail call void @llvm.memset.p0i8.i64(i8* noundef nonnull align 8 dereferenceable(128) %53, i8 -1, i64 128, i1 false), !dbg !37100",/home/jimi/PaperExperiment/CompilerOptimization/Result/redis/dg/dg-LLVM14-O2-g/high_precision_20260409_123302/log/dda_inv.dot.stderr.log
dda_inv,DDA,ssa+inv,dot,"WARNING: Saving stack may yield unsound results!:   %40 = call i8* @llvm.stacksave(), !dbg !37076",/home/jimi/PaperExperiment/CompilerOptimization/Result/redis/dg/dg-LLVM14-O2-g/high_precision_20260409_123302/log/dda_inv.dot.stderr.log
dda_inv,DDA,ssa+inv,dot,"[pta] UNHANDLED:   %91 = cmpxchg weak i64* @zmalloc_peak, i64 %88, i64 %84 monotonic monotonic, align 8, !dbg !37110",/home/jimi/PaperExperiment/CompilerOptimization/Result/redis/dg/dg-LLVM14-O2-g/high_precision_20260409_123302/log/dda_inv.dot.stderr.log
dda_inv,DDA,ssa+inv,dot,"ShuffleVector instruction is not supported, loosing precision",/home/jimi/PaperExperiment/CompilerOptimization/Result/redis/dg/dg-LLVM14-O2-g/high_precision_20260409_123302/log/dda_inv.dot.stderr.log
dda_inv,DDA,ssa+inv,dot,"ShuffleVector instruction is not supported, loosing precision",/home/jimi/PaperExperiment/CompilerOptimization/Result/redis/dg/dg-LLVM14-O2-g/high_precision_20260409_123302/log/dda_inv.dot.stderr.log
dda_inv,DDA,ssa+inv,dot,"ShuffleVector instruction is not supported, loosing precision",/home/jimi/PaperExperiment/CompilerOptimization/Result/redis/dg/dg-LLVM14-O2-g/high_precision_20260409_123302/log/dda_inv.dot.stderr.log
dda_inv,DDA,ssa+inv,dot,"ShuffleVector instruction is not supported, loosing precision",/home/jimi/PaperExperiment/CompilerOptimization/Result/redis/dg/dg-LLVM14-O2-g/high_precision_20260409_123302/log/dda_inv.dot.stderr.log
dda_inv,DDA,ssa+inv,dot,"ShuffleVector instruction is not supported, loosing precision",/home/jimi/PaperExperiment/CompilerOptimization/Result/redis/dg/dg-LLVM14-O2-g/high_precision_20260409_123302/log/dda_inv.dot.stderr.log
dda_inv,DDA,ssa+inv,dot,"ShuffleVector instruction is not supported, loosing precision",/home/jimi/PaperExperiment/CompilerOptimization/Result/redis/dg/dg-LLVM14-O2-g/high_precision_20260409_123302/log/dda_inv.dot.stderr.log
dda_inv,DDA,ssa+inv,dot,"ShuffleVector instruction is not supported, loosing precision",/home/jimi/PaperExperiment/CompilerOptimization/Result/redis/dg/dg-LLVM14-O2-g/high_precision_20260409_123302/log/dda_inv.dot.stderr.log
dda_inv,DDA,ssa+inv,dot,"ShuffleVector instruction is not supported, loosing precision",/home/jimi/PaperExperiment/CompilerOptimization/Result/redis/dg/dg-LLVM14-O2-g/high_precision_20260409_123302/log/dda_inv.dot.stderr.log
dda_inv,DDA,ssa+inv,dot,"ShuffleVector instruction is not supported, loosing precision",/home/jimi/PaperExperiment/CompilerOptimization/Result/redis/dg/dg-LLVM14-O2-g/high_precision_20260409_123302/log/dda_inv.dot.stderr.log
dda_inv,DDA,ssa+inv,dot,"ShuffleVector instruction is not supported, loosing precision",/home/jimi/PaperExperiment/CompilerOptimization/Result/redis/dg/dg-LLVM14-O2-g/high_precision_20260409_123302/log/dda_inv.dot.stderr.log
dda_inv,DDA,ssa+inv,dot,"ShuffleVector instruction is not supported, loosing precision",/home/jimi/PaperExperiment/CompilerOptimization/Result/redis/dg/dg-LLVM14-O2-g/high_precision_20260409_123302/log/dda_inv.dot.stderr.log
dda_inv,DDA,ssa+inv,dot,"ShuffleVector instruction is not supported, loosing precision",/home/jimi/PaperExperiment/CompilerOptimization/Result/redis/dg/dg-LLVM14-O2-g/high_precision_20260409_123302/log/dda_inv.dot.stderr.log
dda_inv,DDA,ssa+inv,dot,"ShuffleVector instruction is not supported, loosing precision",/home/jimi/PaperExperiment/CompilerOptimization/Result/redis/dg/dg-LLVM14-O2-g/high_precision_20260409_123302/log/dda_inv.dot.stderr.log
dda_inv,DDA,ssa+inv,dot,"ShuffleVector instruction is not supported, loosing precision",/home/jimi/PaperExperiment/CompilerOptimization/Result/redis/dg/dg-LLVM14-O2-g/high_precision_20260409_123302/log/dda_inv.dot.stderr.log
dda_inv,DDA,ssa+inv,dot,"ShuffleVector instruction is not supported, loosing precision",/home/jimi/PaperExperiment/CompilerOptimization/Result/redis/dg/dg-LLVM14-O2-g/high_precision_20260409_123302/log/dda_inv.dot.stderr.log
dda_inv,DDA,ssa+inv,dot,"ShuffleVector instruction is not supported, loosing precision",/home/jimi/PaperExperiment/CompilerOptimization/Result/redis/dg/dg-LLVM14-O2-g/high_precision_20260409_123302/log/dda_inv.dot.stderr.log
dda_inv,DDA,ssa+inv,dot,"ShuffleVector instruction is not supported, loosing precision",/home/jimi/PaperExperiment/CompilerOptimization/Result/redis/dg/dg-LLVM14-O2-g/high_precision_20260409_123302/log/dda_inv.dot.stderr.log
dda_inv,DDA,ssa+inv,dot,"ShuffleVector instruction is not supported, loosing precision",/home/jimi/PaperExperiment/CompilerOptimization/Result/redis/dg/dg-LLVM14-O2-g/high_precision_20260409_123302/log/dda_inv.dot.stderr.log
dda_inv,DDA,ssa+inv,dot,"ShuffleVector instruction is not supported, loosing precision",/home/jimi/PaperExperiment/CompilerOptimization/Result/redis/dg/dg-LLVM14-O2-g/high_precision_20260409_123302/log/dda_inv.dot.stderr.log
dda_inv,DDA,ssa+inv,dot,"ShuffleVector instruction is not supported, loosing precision",/home/jimi/PaperExperiment/CompilerOptimization/Result/redis/dg/dg-LLVM14-O2-g/high_precision_20260409_123302/log/dda_inv.dot.stderr.log
dda_inv,DDA,ssa+inv,dot,"ShuffleVector instruction is not supported, loosing precision",/home/jimi/PaperExperiment/CompilerOptimization/Result/redis/dg/dg-LLVM14-O2-g/high_precision_20260409_123302/log/dda_inv.dot.stderr.log
dda_inv,DDA,ssa+inv,dot,"ShuffleVector instruction is not supported, loosing precision",/home/jimi/PaperExperiment/CompilerOptimization/Result/redis/dg/dg-LLVM14-O2-g/high_precision_20260409_123302/log/dda_inv.dot.stderr.log
dda_inv,DDA,ssa+inv,dot,"ShuffleVector instruction is not supported, loosing precision",/home/jimi/PaperExperiment/CompilerOptimization/Result/redis/dg/dg-LLVM14-O2-g/high_precision_20260409_123302/log/dda_inv.dot.stderr.log
dda_inv,DDA,ssa+inv,dot,"ShuffleVector instruction is not supported, loosing precision",/home/jimi/PaperExperiment/CompilerOptimization/Result/redis/dg/dg-LLVM14-O2-g/high_precision_20260409_123302/log/dda_inv.dot.stderr.log
dda_inv,DDA,ssa+inv,dot,"ShuffleVector instruction is not supported, loosing precision",/home/jimi/PaperExperiment/CompilerOptimization/Result/redis/dg/dg-LLVM14-O2-g/high_precision_20260409_123302/log/dda_inv.dot.stderr.log
dda_inv,DDA,ssa+inv,dot,"ShuffleVector instruction is not supported, loosing precision",/home/jimi/PaperExperiment/CompilerOptimization/Result/redis/dg/dg-LLVM14-O2-g/high_precision_20260409_123302/log/dda_inv.dot.stderr.log
dda_inv,DDA,ssa+inv,dot,"ShuffleVector instruction is not supported, loosing precision",/home/jimi/PaperExperiment/CompilerOptimization/Result/redis/dg/dg-LLVM14-O2-g/high_precision_20260409_123302/log/dda_inv.dot.stderr.log
dda_inv,DDA,ssa+inv,dot,"ShuffleVector instruction is not supported, loosing precision",/home/jimi/PaperExperiment/CompilerOptimization/Result/redis/dg/dg-LLVM14-O2-g/high_precision_20260409_123302/log/dda_inv.dot.stderr.log
dda_inv,DDA,ssa+inv,dot,"ShuffleVector instruction is not supported, loosing precision",/home/jimi/PaperExperiment/CompilerOptimization/Result/redis/dg/dg-LLVM14-O2-g/high_precision_20260409_123302/log/dda_inv.dot.stderr.log
dda_inv,DDA,ssa+inv,dot,"ShuffleVector instruction is not supported, loosing precision",/home/jimi/PaperExperiment/CompilerOptimization/Result/redis/dg/dg-LLVM14-O2-g/high_precision_20260409_123302/log/dda_inv.dot.stderr.log
dda_inv,DDA,ssa+inv,dot,"ShuffleVector instruction is not supported, loosing precision",/home/jimi/PaperExperiment/CompilerOptimization/Result/redis/dg/dg-LLVM14-O2-g/high_precision_20260409_123302/log/dda_inv.dot.stderr.log
dda_inv,DDA,ssa+inv,dot,"ShuffleVector instruction is not supported, loosing precision",/home/jimi/PaperExperiment/CompilerOptimization/Result/redis/dg/dg-LLVM14-O2-g/high_precision_20260409_123302/log/dda_inv.dot.stderr.log
dda_inv,DDA,ssa+inv,dot,"ShuffleVector instruction is not supported, loosing precision",/home/jimi/PaperExperiment/CompilerOptimization/Result/redis/dg/dg-LLVM14-O2-g/high_precision_20260409_123302/log/dda_inv.dot.stderr.log
dda_inv,DDA,ssa+inv,dot,"ShuffleVector instruction is not supported, loosing precision",/home/jimi/PaperExperiment/CompilerOptimization/Result/redis/dg/dg-LLVM14-O2-g/high_precision_20260409_123302/log/dda_inv.dot.stderr.log
dda_inv,DDA,ssa+inv,dot,"ShuffleVector instruction is not supported, loosing precision",/home/jimi/PaperExperiment/CompilerOptimization/Result/redis/dg/dg-LLVM14-O2-g/high_precision_20260409_123302/log/dda_inv.dot.stderr.log
dda_inv,DDA,ssa+inv,dot,"ShuffleVector instruction is not supported, loosing precision",/home/jimi/PaperExperiment/CompilerOptimization/Result/redis/dg/dg-LLVM14-O2-g/high_precision_20260409_123302/log/dda_inv.dot.stderr.log
dda_inv,DDA,ssa+inv,dot,"ShuffleVector instruction is not supported, loosing precision",/home/jimi/PaperExperiment/CompilerOptimization/Result/redis/dg/dg-LLVM14-O2-g/high_precision_20260409_123302/log/dda_inv.dot.stderr.log
dda_inv,DDA,ssa+inv,dot,"ShuffleVector instruction is not supported, loosing precision",/home/jimi/PaperExperiment/CompilerOptimization/Result/redis/dg/dg-LLVM14-O2-g/high_precision_20260409_123302/log/dda_inv.dot.stderr.log
dda_inv,DDA,ssa+inv,dot,"ShuffleVector instruction is not supported, loosing precision",/home/jimi/PaperExperiment/CompilerOptimization/Result/redis/dg/dg-LLVM14-O2-g/high_precision_20260409_123302/log/dda_inv.dot.stderr.log
dda_inv,DDA,ssa+inv,dot,"ShuffleVector instruction is not supported, loosing precision",/home/jimi/PaperExperiment/CompilerOptimization/Result/redis/dg/dg-LLVM14-O2-g/high_precision_20260409_123302/log/dda_inv.dot.stderr.log
dda_inv,DDA,ssa+inv,dot,"ShuffleVector instruction is not supported, loosing precision",/home/jimi/PaperExperiment/CompilerOptimization/Result/redis/dg/dg-LLVM14-O2-g/high_precision_20260409_123302/log/dda_inv.dot.stderr.log
dda_inv,DDA,ssa+inv,dot,"ShuffleVector instruction is not supported, loosing precision",/home/jimi/PaperExperiment/CompilerOptimization/Result/redis/dg/dg-LLVM14-O2-g/high_precision_20260409_123302/log/dda_inv.dot.stderr.log
dda_inv,DDA,ssa+inv,dot,"ShuffleVector instruction is not supported, loosing precision",/home/jimi/PaperExperiment/CompilerOptimization/Result/redis/dg/dg-LLVM14-O2-g/high_precision_20260409_123302/log/dda_inv.dot.stderr.log
dda_inv,DDA,ssa+inv,dot,"ShuffleVector instruction is not supported, loosing precision",/home/jimi/PaperExperiment/CompilerOptimization/Result/redis/dg/dg-LLVM14-O2-g/high_precision_20260409_123302/log/dda_inv.dot.stderr.log
dda_inv,DDA,ssa+inv,dot,"ShuffleVector instruction is not supported, loosing precision",/home/jimi/PaperExperiment/CompilerOptimization/Result/redis/dg/dg-LLVM14-O2-g/high_precision_20260409_123302/log/dda_inv.dot.stderr.log
dda_inv,DDA,ssa+inv,dot,"ShuffleVector instruction is not supported, loosing precision",/home/jimi/PaperExperiment/CompilerOptimization/Result/redis/dg/dg-LLVM14-O2-g/high_precision_20260409_123302/log/dda_inv.dot.stderr.log
dda_inv,DDA,ssa+inv,dot,"ShuffleVector instruction is not supported, loosing precision",/home/jimi/PaperExperiment/CompilerOptimization/Result/redis/dg/dg-LLVM14-O2-g/high_precision_20260409_123302/log/dda_inv.dot.stderr.log
dda_inv,DDA,ssa+inv,dot,"ShuffleVector instruction is not supported, loosing precision",/home/jimi/PaperExperiment/CompilerOptimization/Result/redis/dg/dg-LLVM14-O2-g/high_precision_20260409_123302/log/dda_inv.dot.stderr.log
dda_inv,DDA,ssa+inv,dot,"ShuffleVector instruction is not supported, loosing precision",/home/jimi/PaperExperiment/CompilerOptimization/Result/redis/dg/dg-LLVM14-O2-g/high_precision_20260409_123302/log/dda_inv.dot.stderr.log
dda_inv,DDA,ssa+inv,dot,"ShuffleVector instruction is not supported, loosing precision",/home/jimi/PaperExperiment/CompilerOptimization/Result/redis/dg/dg-LLVM14-O2-g/high_precision_20260409_123302/log/dda_inv.dot.stderr.log
dda_inv,DDA,ssa+inv,dot,"ShuffleVector instruction is not supported, loosing precision",/home/jimi/PaperExperiment/CompilerOptimization/Result/redis/dg/dg-LLVM14-O2-g/high_precision_20260409_123302/log/dda_inv.dot.stderr.log
dda_inv,DDA,ssa+inv,dot,"ShuffleVector instruction is not supported, loosing precision",/home/jimi/PaperExperiment/CompilerOptimization/Result/redis/dg/dg-LLVM14-O2-g/high_precision_20260409_123302/log/dda_inv.dot.stderr.log
dda_inv,DDA,ssa+inv,dot,"ShuffleVector instruction is not supported, loosing precision",/home/jimi/PaperExperiment/CompilerOptimization/Result/redis/dg/dg-LLVM14-O2-g/high_precision_20260409_123302/log/dda_inv.dot.stderr.log
dda_inv,DDA,ssa+inv,dot,"ShuffleVector instruction is not supported, loosing precision",/home/jimi/PaperExperiment/CompilerOptimization/Result/redis/dg/dg-LLVM14-O2-g/high_precision_20260409_123302/log/dda_inv.dot.stderr.log
dda_inv,DDA,ssa+inv,dot,"ShuffleVector instruction is not supported, loosing precision",/home/jimi/PaperExperiment/CompilerOptimization/Result/redis/dg/dg-LLVM14-O2-g/high_precision_20260409_123302/log/dda_inv.dot.stderr.log
dda_inv,DDA,ssa+inv,dot,"ShuffleVector instruction is not supported, loosing precision",/home/jimi/PaperExperiment/CompilerOptimization/Result/redis/dg/dg-LLVM14-O2-g/high_precision_20260409_123302/log/dda_inv.dot.stderr.log
dda_inv,DDA,ssa+inv,dot,"WARNING: Non-0 memset:   call void @llvm.memset.p0i8.i64(i8* noundef nonnull align 8 dereferenceable(16) %25, i8 -1, i64 16, i1 false), !dbg !37067",/home/jimi/PaperExperiment/CompilerOptimization/Result/redis/dg/dg-LLVM14-O2-g/high_precision_20260409_123302/log/dda_inv.dot.stderr.log
dda_inv,DDA,ssa+inv,dot,"ShuffleVector instruction is not supported, loosing precision",/home/jimi/PaperExperiment/CompilerOptimization/Result/redis/dg/dg-LLVM14-O2-g/high_precision_20260409_123302/log/dda_inv.dot.stderr.log
dda_inv,DDA,ssa+inv,dot,"ShuffleVector instruction is not supported, loosing precision",/home/jimi/PaperExperiment/CompilerOptimization/Result/redis/dg/dg-LLVM14-O2-g/high_precision_20260409_123302/log/dda_inv.dot.stderr.log
dda_inv,DDA,ssa+inv,dot,"ShuffleVector instruction is not supported, loosing precision",/home/jimi/PaperExperiment/CompilerOptimization/Result/redis/dg/dg-LLVM14-O2-g/high_precision_20260409_123302/log/dda_inv.dot.stderr.log
dda_inv,DDA,ssa+inv,dot,"ShuffleVector instruction is not supported, loosing precision",/home/jimi/PaperExperiment/CompilerOptimization/Result/redis/dg/dg-LLVM14-O2-g/high_precision_20260409_123302/log/dda_inv.dot.stderr.log
dda_inv,DDA,ssa+inv,dot,"ShuffleVector instruction is not supported, loosing precision",/home/jimi/PaperExperiment/CompilerOptimization/Result/redis/dg/dg-LLVM14-O2-g/high_precision_20260409_123302/log/dda_inv.dot.stderr.log
dda_inv,DDA,ssa+inv,dot,"ShuffleVector instruction is not supported, loosing precision",/home/jimi/PaperExperiment/CompilerOptimization/Result/redis/dg/dg-LLVM14-O2-g/high_precision_20260409_123302/log/dda_inv.dot.stderr.log
dda_inv,DDA,ssa+inv,dot,"[pta] UNHANDLED:   %367 = insertvalue { i8*, i32 } poison, i8* %365, 0, !dbg !37605",/home/jimi/PaperExperiment/CompilerOptimization/Result/redis/dg/dg-LLVM14-O2-g/high_precision_20260409_123302/log/dda_inv.dot.stderr.log
dda_inv,DDA,ssa+inv,dot,"[pta] UNHANDLED:   %368 = insertvalue { i8*, i32 } %367, i32 %366, 1, !dbg !37605",/home/jimi/PaperExperiment/CompilerOptimization/Result/redis/dg/dg-LLVM14-O2-g/high_precision_20260409_123302/log/dda_inv.dot.stderr.log
dda_inv,DDA,ssa+inv,dot,"[pta] UNHANDLED:   %96 = insertvalue { i8*, i32 } poison, i8* %95, 0, !dbg !37112",/home/jimi/PaperExperiment/CompilerOptimization/Result/redis/dg/dg-LLVM14-O2-g/high_precision_20260409_123302/log/dda_inv.dot.stderr.log
dda_inv,DDA,ssa+inv,dot,"[pta] UNHANDLED:   %97 = insertvalue { i8*, i32 } %96, i32 %94, 1, !dbg !37112",/home/jimi/PaperExperiment/CompilerOptimization/Result/redis/dg/dg-LLVM14-O2-g/high_precision_20260409_123302/log/dda_inv.dot.stderr.log
dda_inv,DDA,ssa+inv,dot,"[pta] UNHANDLED:   %374 = insertvalue { i8*, i32 } poison, i8* %6, 0, !dbg !37505",/home/jimi/PaperExperiment/CompilerOptimization/Result/redis/dg/dg-LLVM14-O2-g/high_precision_20260409_123302/log/dda_inv.dot.stderr.log
dda_inv,DDA,ssa+inv,dot,"[pta] UNHANDLED:   %375 = insertvalue { i8*, i32 } %374, i32 %373, 1, !dbg !37505",/home/jimi/PaperExperiment/CompilerOptimization/Result/redis/dg/dg-LLVM14-O2-g/high_precision_20260409_123302/log/dda_inv.dot.stderr.log
dda_inv,DDA,ssa+inv,dot,"[pta] UNHANDLED:   %186 = insertvalue { i64, i32 } poison, i64 %185, 0, !dbg !37421",/home/jimi/PaperExperiment/CompilerOptimization/Result/redis/dg/dg-LLVM14-O2-g/high_precision_20260409_123302/log/dda_inv.dot.stderr.log
dda_inv,DDA,ssa+inv,dot,"[pta] UNHANDLED:   %187 = insertvalue { i64, i32 } %186, i32 %183, 1, !dbg !37421",/home/jimi/PaperExperiment/CompilerOptimization/Result/redis/dg/dg-LLVM14-O2-g/high_precision_20260409_123302/log/dda_inv.dot.stderr.log
dda_inv,DDA,ssa+inv,dot,"ShuffleVector instruction is not supported, loosing precision",/home/jimi/PaperExperiment/CompilerOptimization/Result/redis/dg/dg-LLVM14-O2-g/high_precision_20260409_123302/log/dda_inv.dot.stderr.log
dda_inv,DDA,ssa+inv,dot,"ShuffleVector instruction is not supported, loosing precision",/home/jimi/PaperExperiment/CompilerOptimization/Result/redis/dg/dg-LLVM14-O2-g/high_precision_20260409_123302/log/dda_inv.dot.stderr.log
dda_inv,DDA,ssa+inv,dot,"ShuffleVector instruction is not supported, loosing precision",/home/jimi/PaperExperiment/CompilerOptimization/Result/redis/dg/dg-LLVM14-O2-g/high_precision_20260409_123302/log/dda_inv.dot.stderr.log
dda_inv,DDA,ssa+inv,dot,"ShuffleVector instruction is not supported, loosing precision",/home/jimi/PaperExperiment/CompilerOptimization/Result/redis/dg/dg-LLVM14-O2-g/high_precision_20260409_123302/log/dda_inv.dot.stderr.log
dda_inv,DDA,ssa+inv,dot,"ShuffleVector instruction is not supported, loosing precision",/home/jimi/PaperExperiment/CompilerOptimization/Result/redis/dg/dg-LLVM14-O2-g/high_precision_20260409_123302/log/dda_inv.dot.stderr.log
dda_inv,DDA,ssa+inv,dot,"ShuffleVector instruction is not supported, loosing precision",/home/jimi/PaperExperiment/CompilerOptimization/Result/redis/dg/dg-LLVM14-O2-g/high_precision_20260409_123302/log/dda_inv.dot.stderr.log
dda_inv,DDA,ssa+inv,dot,"ShuffleVector instruction is not supported, loosing precision",/home/jimi/PaperExperiment/CompilerOptimization/Result/redis/dg/dg-LLVM14-O2-g/high_precision_20260409_123302/log/dda_inv.dot.stderr.log
dda_inv,DDA,ssa+inv,dot,"ShuffleVector instruction is not supported, loosing precision",/home/jimi/PaperExperiment/CompilerOptimization/Result/redis/dg/dg-LLVM14-O2-g/high_precision_20260409_123302/log/dda_inv.dot.stderr.log
dda_inv,DDA,ssa+inv,dot,"ShuffleVector instruction is not supported, loosing precision",/home/jimi/PaperExperiment/CompilerOptimization/Result/redis/dg/dg-LLVM14-O2-g/high_precision_20260409_123302/log/dda_inv.dot.stderr.log
dda_inv,DDA,ssa+inv,dot,"ShuffleVector instruction is not supported, loosing precision",/home/jimi/PaperExperiment/CompilerOptimization/Result/redis/dg/dg-LLVM14-O2-g/high_precision_20260409_123302/log/dda_inv.dot.stderr.log
dda_inv,DDA,ssa+inv,dot,"[pta] UNHANDLED:   %392 = insertvalue { i64, i32 } poison, i64 %390, 0, !dbg !37642",/home/jimi/PaperExperiment/CompilerOptimization/Result/redis/dg/dg-LLVM14-O2-g/high_precision_20260409_123302/log/dda_inv.dot.stderr.log
dda_inv,DDA,ssa+inv,dot,"[pta] UNHANDLED:   %393 = insertvalue { i64, i32 } %392, i32 %391, 1, !dbg !37642",/home/jimi/PaperExperiment/CompilerOptimization/Result/redis/dg/dg-LLVM14-O2-g/high_precision_20260409_123302/log/dda_inv.dot.stderr.log
dda_inv,DDA,ssa+inv,dot,"ShuffleVector instruction is not supported, loosing precision",/home/jimi/PaperExperiment/CompilerOptimization/Result/redis/dg/dg-LLVM14-O2-g/high_precision_20260409_123302/log/dda_inv.dot.stderr.log
dda_inv,DDA,ssa+inv,dot,"ShuffleVector instruction is not supported, loosing precision",/home/jimi/PaperExperiment/CompilerOptimization/Result/redis/dg/dg-LLVM14-O2-g/high_precision_20260409_123302/log/dda_inv.dot.stderr.log
dda_inv,DDA,ssa+inv,dot,"ShuffleVector instruction is not supported, loosing precision",/home/jimi/PaperExperiment/CompilerOptimization/Result/redis/dg/dg-LLVM14-O2-g/high_precision_20260409_123302/log/dda_inv.dot.stderr.log
dda_inv,DDA,ssa+inv,dot,"ShuffleVector instruction is not supported, loosing precision",/home/jimi/PaperExperiment/CompilerOptimization/Result/redis/dg/dg-LLVM14-O2-g/high_precision_20260409_123302/log/dda_inv.dot.stderr.log
dda_inv,DDA,ssa+inv,dot,"ShuffleVector instruction is not supported, loosing precision",/home/jimi/PaperExperiment/CompilerOptimization/Result/redis/dg/dg-LLVM14-O2-g/high_precision_20260409_123302/log/dda_inv.dot.stderr.log
dda_inv,DDA,ssa+inv,dot,"ShuffleVector instruction is not supported, loosing precision",/home/jimi/PaperExperiment/CompilerOptimization/Result/redis/dg/dg-LLVM14-O2-g/high_precision_20260409_123302/log/dda_inv.dot.stderr.log
dda_inv,DDA,ssa+inv,dot,"ShuffleVector instruction is not supported, loosing precision",/home/jimi/PaperExperiment/CompilerOptimization/Result/redis/dg/dg-LLVM14-O2-g/high_precision_20260409_123302/log/dda_inv.dot.stderr.log
dda_inv,DDA,ssa+inv,dot,"ShuffleVector instruction is not supported, loosing precision",/home/jimi/PaperExperiment/CompilerOptimization/Result/redis/dg/dg-LLVM14-O2-g/high_precision_20260409_123302/log/dda_inv.dot.stderr.log
dda_inv,DDA,ssa+inv,dot,"ShuffleVector instruction is not supported, loosing precision",/home/jimi/PaperExperiment/CompilerOptimization/Result/redis/dg/dg-LLVM14-O2-g/high_precision_20260409_123302/log/dda_inv.dot.stderr.log
dda_inv,DDA,ssa+inv,dot,"ShuffleVector instruction is not supported, loosing precision",/home/jimi/PaperExperiment/CompilerOptimization/Result/redis/dg/dg-LLVM14-O2-g/high_precision_20260409_123302/log/dda_inv.dot.stderr.log
dda_inv,DDA,ssa+inv,dot,"ShuffleVector instruction is not supported, loosing precision",/home/jimi/PaperExperiment/CompilerOptimization/Result/redis/dg/dg-LLVM14-O2-g/high_precision_20260409_123302/log/dda_inv.dot.stderr.log
dda_inv,DDA,ssa+inv,dot,"ShuffleVector instruction is not supported, loosing precision",/home/jimi/PaperExperiment/CompilerOptimization/Result/redis/dg/dg-LLVM14-O2-g/high_precision_20260409_123302/log/dda_inv.dot.stderr.log
dda_inv,DDA,ssa+inv,dot,"ShuffleVector instruction is not supported, loosing precision",/home/jimi/PaperExperiment/CompilerOptimization/Result/redis/dg/dg-LLVM14-O2-g/high_precision_20260409_123302/log/dda_inv.dot.stderr.log
dda_inv,DDA,ssa+inv,dot,"ShuffleVector instruction is not supported, loosing precision",/home/jimi/PaperExperiment/CompilerOptimization/Result/redis/dg/dg-LLVM14-O2-g/high_precision_20260409_123302/log/dda_inv.dot.stderr.log
dda_inv,DDA,ssa+inv,dot,"ShuffleVector instruction is not supported, loosing precision",/home/jimi/PaperExperiment/CompilerOptimization/Result/redis/dg/dg-LLVM14-O2-g/high_precision_20260409_123302/log/dda_inv.dot.stderr.log
dda_inv,DDA,ssa+inv,dot,"ShuffleVector instruction is not supported, loosing precision",/home/jimi/PaperExperiment/CompilerOptimization/Result/redis/dg/dg-LLVM14-O2-g/high_precision_20260409_123302/log/dda_inv.dot.stderr.log
dda_inv,DDA,ssa+inv,dot,"ShuffleVector instruction is not supported, loosing precision",/home/jimi/PaperExperiment/CompilerOptimization/Result/redis/dg/dg-LLVM14-O2-g/high_precision_20260409_123302/log/dda_inv.dot.stderr.log
dda_inv,DDA,ssa+inv,dot,"ShuffleVector instruction is not supported, loosing precision",/home/jimi/PaperExperiment/CompilerOptimization/Result/redis/dg/dg-LLVM14-O2-g/high_precision_20260409_123302/log/dda_inv.dot.stderr.log
dda_inv,DDA,ssa+inv,dot,"ShuffleVector instruction is not supported, loosing precision",/home/jimi/PaperExperiment/CompilerOptimization/Result/redis/dg/dg-LLVM14-O2-g/high_precision_20260409_123302/log/dda_inv.dot.stderr.log
dda_inv,DDA,ssa+inv,dot,"ShuffleVector instruction is not supported, loosing precision",/home/jimi/PaperExperiment/CompilerOptimization/Result/redis/dg/dg-LLVM14-O2-g/high_precision_20260409_123302/log/dda_inv.dot.stderr.log
dda_inv,DDA,ssa+inv,dot,"[pta] UNHANDLED:   %82 = cmpxchg weak i64* @zmalloc_peak, i64 %79, i64 %75 monotonic monotonic, align 8, !dbg !37096",/home/jimi/PaperExperiment/CompilerOptimization/Result/redis/dg/dg-LLVM14-O2-g/high_precision_20260409_123302/log/dda_inv.dot.stderr.log
dda_inv,DDA,ssa+inv,dot,"WARNING: Non-0 memset:   call void @llvm.memset.p0i8.i64(i8* noundef nonnull align 8 dereferenceable(16) %12, i8 -1, i64 16, i1 false), !dbg !37032",/home/jimi/PaperExperiment/CompilerOptimization/Result/redis/dg/dg-LLVM14-O2-g/high_precision_20260409_123302/log/dda_inv.dot.stderr.log
dda_inv,DDA,ssa+inv,dot,"WARNING: Non-0 memset:   call void @llvm.memset.p0i8.i64(i8* noundef nonnull align 8 dereferenceable(16) %14, i8 -1, i64 16, i1 false) #85, !dbg !37066",/home/jimi/PaperExperiment/CompilerOptimization/Result/redis/dg/dg-LLVM14-O2-g/high_precision_20260409_123302/log/dda_inv.dot.stderr.log
dda_inv,DDA,ssa+inv,dot,"WARNING: Non-0 memset:   call void @llvm.memset.p0i8.i64(i8* noundef nonnull align 8 dereferenceable(16) %20, i8 -1, i64 16, i1 false), !dbg !37074",/home/jimi/PaperExperiment/CompilerOptimization/Result/redis/dg/dg-LLVM14-O2-g/high_precision_20260409_123302/log/dda_inv.dot.stderr.log
dda_inv,DDA,ssa+inv,dot,"WARNING: Non-0 memset:   call void @llvm.memset.p0i8.i64(i8* noundef nonnull align 8 dereferenceable(16) %32, i8 -1, i64 16, i1 false), !dbg !37106",/home/jimi/PaperExperiment/CompilerOptimization/Result/redis/dg/dg-LLVM14-O2-g/high_precision_20260409_123302/log/dda_inv.dot.stderr.log
dda_inv,DDA,ssa+inv,dot,"WARNING: Non-0 memset:   tail call void @llvm.memset.p0i8.i64(i8* align 1 %287, i8 48, i64 %288, i1 false) #85, !dbg !37439",/home/jimi/PaperExperiment/CompilerOptimization/Result/redis/dg/dg-LLVM14-O2-g/high_precision_20260409_123302/log/dda_inv.dot.stderr.log
dda_inv,DDA,ssa+inv,dot,"WARNING: Non-0 memset:   tail call void @llvm.memset.p0i8.i64(i8* nonnull align 1 %298, i8 48, i64 %299, i1 false) #85, !dbg !37452",/home/jimi/PaperExperiment/CompilerOptimization/Result/redis/dg/dg-LLVM14-O2-g/high_precision_20260409_123302/log/dda_inv.dot.stderr.log
dda_inv,DDA,ssa+inv,dot,"WARNING: Non-0 memset:   call void @llvm.memset.p0i8.i64(i8* noundef nonnull align 8 dereferenceable(16) %94, i8 -1, i64 16, i1 false) #86, !dbg !37186",/home/jimi/PaperExperiment/CompilerOptimization/Result/redis/dg/dg-LLVM14-O2-g/high_precision_20260409_123302/log/dda_inv.dot.stderr.log
dda_inv,DDA,ssa+inv,dot,"WARNING: Non-0 memset:   call void @llvm.memset.p0i8.i64(i8* noundef nonnull align 8 dereferenceable(16) bitcast (i64* getelementptr inbounds (%struct.redisServer.226, %struct.redisServer.226* @server, i64 0, i32 258) to i8*), i8 -1, i64 16, i1 false), !dbg !37430",/home/jimi/PaperExperiment/CompilerOptimization/Result/redis/dg/dg-LLVM14-O2-g/high_precision_20260409_123302/log/dda_inv.dot.stderr.log
dda_inv,DDA,ssa+inv,dot,"WARNING: Non-0 memset:   tail call void @llvm.memset.p0i8.i64(i8* noundef nonnull align 8 dereferenceable(272) %57, i8 -1, i64 272, i1 false), !dbg !37100",/home/jimi/PaperExperiment/CompilerOptimization/Result/redis/dg/dg-LLVM14-O2-g/high_precision_20260409_123302/log/dda_inv.dot.stderr.log
dda_inv,DDA,ssa+inv,dot,"WARNING: Non-0 memset:   tail call void @llvm.memset.p0i8.i64(i8* noundef nonnull align 8 dereferenceable(16) %34, i8 -1, i64 16, i1 false) #85, !dbg !37114",/home/jimi/PaperExperiment/CompilerOptimization/Result/redis/dg/dg-LLVM14-O2-g/high_precision_20260409_123302/log/dda_inv.dot.stderr.log
dda_inv,DDA,ssa+inv,dot,"ShuffleVector instruction is not supported, loosing precision",/home/jimi/PaperExperiment/CompilerOptimization/Result/redis/dg/dg-LLVM14-O2-g/high_precision_20260409_123302/log/dda_inv.dot.stderr.log
dda_inv,DDA,ssa+inv,dot,"ShuffleVector instruction is not supported, loosing precision",/home/jimi/PaperExperiment/CompilerOptimization/Result/redis/dg/dg-LLVM14-O2-g/high_precision_20260409_123302/log/dda_inv.dot.stderr.log
dda_inv,DDA,ssa+inv,dot,"ShuffleVector instruction is not supported, loosing precision",/home/jimi/PaperExperiment/CompilerOptimization/Result/redis/dg/dg-LLVM14-O2-g/high_precision_20260409_123302/log/dda_inv.dot.stderr.log
dda_inv,DDA,ssa+inv,dot,"WARNING: Non-0 memset:   tail call void @llvm.memset.p0i8.i64(i8* noundef nonnull align 8 dereferenceable(16) %24, i8 -1, i64 16, i1 false) #85, !dbg !37083",/home/jimi/PaperExperiment/CompilerOptimization/Result/redis/dg/dg-LLVM14-O2-g/high_precision_20260409_123302/log/dda_inv.dot.stderr.log
dda_inv,DDA,ssa+inv,dot,"WARNING: Non-0 memset:   call void @llvm.memset.p0i8.i64(i8* noundef nonnull align 8 dereferenceable(16) %32, i8 -1, i64 16, i1 false), !dbg !37076",/home/jimi/PaperExperiment/CompilerOptimization/Result/redis/dg/dg-LLVM14-O2-g/high_precision_20260409_123302/log/dda_inv.dot.stderr.log
dda_inv,DDA,ssa+inv,dot,"ShuffleVector instruction is not supported, loosing precision",/home/jimi/PaperExperiment/CompilerOptimization/Result/redis/dg/dg-LLVM14-O2-g/high_precision_20260409_123302/log/dda_inv.dot.stderr.log
cda_ntscd_icfg_quiet,CDA,ntscd+icfg+pta+q,lines,"[pta] UNHANDLED:   %82 = cmpxchg weak i64* @zmalloc_peak, i64 %79, i64 %75 monotonic monotonic, align 8, !dbg !37098",/home/jimi/PaperExperiment/CompilerOptimization/Result/redis/dg/dg-LLVM14-O2-g/high_precision_20260409_123302/log/cda_ntscd_icfg_quiet.lines.stderr.log
cda_ntscd_icfg_quiet,CDA,ntscd+icfg+pta+q,lines,"WARNING: Non-0 memset:   call void @llvm.memset.p0i8.i64(i8* noundef nonnull align 1 dereferenceable(16) %14, i8 48, i64 16, i1 false) #85, !dbg !37150, !tbaa !37039",/home/jimi/PaperExperiment/CompilerOptimization/Result/redis/dg/dg-LLVM14-O2-g/high_precision_20260409_123302/log/cda_ntscd_icfg_quiet.lines.stderr.log
cda_ntscd_icfg_quiet,CDA,ntscd+icfg+pta+q,lines,"[pta] UNHANDLED:   %83 = cmpxchg weak i64* @zmalloc_peak, i64 %80, i64 %76 monotonic monotonic, align 8, !dbg !37100",/home/jimi/PaperExperiment/CompilerOptimization/Result/redis/dg/dg-LLVM14-O2-g/high_precision_20260409_123302/log/cda_ntscd_icfg_quiet.lines.stderr.log
cda_ntscd_icfg_quiet,CDA,ntscd+icfg+pta+q,lines,"[pta] UNHANDLED:   %83 = cmpxchg weak i64* @zmalloc_peak, i64 %80, i64 %76 monotonic monotonic, align 8, !dbg !37098",/home/jimi/PaperExperiment/CompilerOptimization/Result/redis/dg/dg-LLVM14-O2-g/high_precision_20260409_123302/log/cda_ntscd_icfg_quiet.lines.stderr.log
cda_ntscd_icfg_quiet,CDA,ntscd+icfg+pta+q,lines,"ShuffleVector instruction is not supported, loosing precision",/home/jimi/PaperExperiment/CompilerOptimization/Result/redis/dg/dg-LLVM14-O2-g/high_precision_20260409_123302/log/cda_ntscd_icfg_quiet.lines.stderr.log
cda_ntscd_icfg_quiet,CDA,ntscd+icfg+pta+q,lines,"ShuffleVector instruction is not supported, loosing precision",/home/jimi/PaperExperiment/CompilerOptimization/Result/redis/dg/dg-LLVM14-O2-g/high_precision_20260409_123302/log/cda_ntscd_icfg_quiet.lines.stderr.log
cda_ntscd_icfg_quiet,CDA,ntscd+icfg+pta+q,lines,"[pta] UNHANDLED:   %82 = cmpxchg weak i64* @zmalloc_peak, i64 %79, i64 %75 monotonic monotonic, align 8, !dbg !37098",/home/jimi/PaperExperiment/CompilerOptimization/Result/redis/dg/dg-LLVM14-O2-g/high_precision_20260409_123302/log/cda_ntscd_icfg_quiet.lines.stderr.log
cda_ntscd_icfg_quiet,CDA,ntscd+icfg+pta+q,lines,"[pta] UNHANDLED:   %129 = cmpxchg weak i64* @zmalloc_peak, i64 %126, i64 %122 monotonic monotonic, align 8, !dbg !37166",/home/jimi/PaperExperiment/CompilerOptimization/Result/redis/dg/dg-LLVM14-O2-g/high_precision_20260409_123302/log/cda_ntscd_icfg_quiet.lines.stderr.log
cda_ntscd_icfg_quiet,CDA,ntscd+icfg+pta+q,lines,"[pta] UNHANDLED:   %82 = cmpxchg weak i64* @zmalloc_peak, i64 %79, i64 %75 monotonic monotonic, align 8, !dbg !37096",/home/jimi/PaperExperiment/CompilerOptimization/Result/redis/dg/dg-LLVM14-O2-g/high_precision_20260409_123302/log/cda_ntscd_icfg_quiet.lines.stderr.log
cda_ntscd_icfg_quiet,CDA,ntscd+icfg+pta+q,lines,"ShuffleVector instruction is not supported, loosing precision",/home/jimi/PaperExperiment/CompilerOptimization/Result/redis/dg/dg-LLVM14-O2-g/high_precision_20260409_123302/log/cda_ntscd_icfg_quiet.lines.stderr.log
cda_ntscd_icfg_quiet,CDA,ntscd+icfg+pta+q,lines,"WARNING: Non-0 memset:   tail call void @llvm.memset.p0i8.i64(i8* noundef nonnull align 1 dereferenceable(41) getelementptr inbounds (%struct.redisServer, %struct.redisServer* bitcast (%struct.redisServer.226* @server to %struct.redisServer*), i64 0, i32 288, i64 0), i8 48, i64 40, i1 false), !dbg !37002",/home/jimi/PaperExperiment/CompilerOptimization/Result/redis/dg/dg-LLVM14-O2-g/high_precision_20260409_123302/log/cda_ntscd_icfg_quiet.lines.stderr.log
cda_ntscd_icfg_quiet,CDA,ntscd+icfg+pta+q,lines,"WARNING: Non-0 memset:   call void @llvm.memset.p0i8.i64(i8* noundef nonnull align 8 dereferenceable(16) bitcast (i64* getelementptr inbounds (%struct.redisServer.226, %struct.redisServer.226* @server, i64 0, i32 228) to i8*), i8 -1, i64 16, i1 false), !dbg !37152",/home/jimi/PaperExperiment/CompilerOptimization/Result/redis/dg/dg-LLVM14-O2-g/high_precision_20260409_123302/log/cda_ntscd_icfg_quiet.lines.stderr.log
cda_ntscd_icfg_quiet,CDA,ntscd+icfg+pta+q,lines,"WARNING: Non-0 memset:   tail call void @llvm.memset.p0i8.i64(i8* noundef nonnull align 8 dereferenceable(128) %53, i8 -1, i64 128, i1 false), !dbg !37100",/home/jimi/PaperExperiment/CompilerOptimization/Result/redis/dg/dg-LLVM14-O2-g/high_precision_20260409_123302/log/cda_ntscd_icfg_quiet.lines.stderr.log
cda_ntscd_icfg_quiet,CDA,ntscd+icfg+pta+q,lines,"WARNING: Saving stack may yield unsound results!:   %40 = call i8* @llvm.stacksave(), !dbg !37076",/home/jimi/PaperExperiment/CompilerOptimization/Result/redis/dg/dg-LLVM14-O2-g/high_precision_20260409_123302/log/cda_ntscd_icfg_quiet.lines.stderr.log
cda_ntscd_icfg_quiet,CDA,ntscd+icfg+pta+q,lines,"[pta] UNHANDLED:   %91 = cmpxchg weak i64* @zmalloc_peak, i64 %88, i64 %84 monotonic monotonic, align 8, !dbg !37110",/home/jimi/PaperExperiment/CompilerOptimization/Result/redis/dg/dg-LLVM14-O2-g/high_precision_20260409_123302/log/cda_ntscd_icfg_quiet.lines.stderr.log
cda_ntscd_icfg_quiet,CDA,ntscd+icfg+pta+q,lines,"ShuffleVector instruction is not supported, loosing precision",/home/jimi/PaperExperiment/CompilerOptimization/Result/redis/dg/dg-LLVM14-O2-g/high_precision_20260409_123302/log/cda_ntscd_icfg_quiet.lines.stderr.log
cda_ntscd_icfg_quiet,CDA,ntscd+icfg+pta+q,lines,"ShuffleVector instruction is not supported, loosing precision",/home/jimi/PaperExperiment/CompilerOptimization/Result/redis/dg/dg-LLVM14-O2-g/high_precision_20260409_123302/log/cda_ntscd_icfg_quiet.lines.stderr.log
cda_ntscd_icfg_quiet,CDA,ntscd+icfg+pta+q,lines,"ShuffleVector instruction is not supported, loosing precision",/home/jimi/PaperExperiment/CompilerOptimization/Result/redis/dg/dg-LLVM14-O2-g/high_precision_20260409_123302/log/cda_ntscd_icfg_quiet.lines.stderr.log
cda_ntscd_icfg_quiet,CDA,ntscd+icfg+pta+q,lines,"ShuffleVector instruction is not supported, loosing precision",/home/jimi/PaperExperiment/CompilerOptimization/Result/redis/dg/dg-LLVM14-O2-g/high_precision_20260409_123302/log/cda_ntscd_icfg_quiet.lines.stderr.log
cda_ntscd_icfg_quiet,CDA,ntscd+icfg+pta+q,lines,"ShuffleVector instruction is not supported, loosing precision",/home/jimi/PaperExperiment/CompilerOptimization/Result/redis/dg/dg-LLVM14-O2-g/high_precision_20260409_123302/log/cda_ntscd_icfg_quiet.lines.stderr.log
cda_ntscd_icfg_quiet,CDA,ntscd+icfg+pta+q,lines,"ShuffleVector instruction is not supported, loosing precision",/home/jimi/PaperExperiment/CompilerOptimization/Result/redis/dg/dg-LLVM14-O2-g/high_precision_20260409_123302/log/cda_ntscd_icfg_quiet.lines.stderr.log
cda_ntscd_icfg_quiet,CDA,ntscd+icfg+pta+q,lines,"ShuffleVector instruction is not supported, loosing precision",/home/jimi/PaperExperiment/CompilerOptimization/Result/redis/dg/dg-LLVM14-O2-g/high_precision_20260409_123302/log/cda_ntscd_icfg_quiet.lines.stderr.log
cda_ntscd_icfg_quiet,CDA,ntscd+icfg+pta+q,lines,"ShuffleVector instruction is not supported, loosing precision",/home/jimi/PaperExperiment/CompilerOptimization/Result/redis/dg/dg-LLVM14-O2-g/high_precision_20260409_123302/log/cda_ntscd_icfg_quiet.lines.stderr.log
cda_ntscd_icfg_quiet,CDA,ntscd+icfg+pta+q,lines,"ShuffleVector instruction is not supported, loosing precision",/home/jimi/PaperExperiment/CompilerOptimization/Result/redis/dg/dg-LLVM14-O2-g/high_precision_20260409_123302/log/cda_ntscd_icfg_quiet.lines.stderr.log
cda_ntscd_icfg_quiet,CDA,ntscd+icfg+pta+q,lines,"ShuffleVector instruction is not supported, loosing precision",/home/jimi/PaperExperiment/CompilerOptimization/Result/redis/dg/dg-LLVM14-O2-g/high_precision_20260409_123302/log/cda_ntscd_icfg_quiet.lines.stderr.log
cda_ntscd_icfg_quiet,CDA,ntscd+icfg+pta+q,lines,"ShuffleVector instruction is not supported, loosing precision",/home/jimi/PaperExperiment/CompilerOptimization/Result/redis/dg/dg-LLVM14-O2-g/high_precision_20260409_123302/log/cda_ntscd_icfg_quiet.lines.stderr.log
cda_ntscd_icfg_quiet,CDA,ntscd+icfg+pta+q,lines,"ShuffleVector instruction is not supported, loosing precision",/home/jimi/PaperExperiment/CompilerOptimization/Result/redis/dg/dg-LLVM14-O2-g/high_precision_20260409_123302/log/cda_ntscd_icfg_quiet.lines.stderr.log
cda_ntscd_icfg_quiet,CDA,ntscd+icfg+pta+q,lines,"ShuffleVector instruction is not supported, loosing precision",/home/jimi/PaperExperiment/CompilerOptimization/Result/redis/dg/dg-LLVM14-O2-g/high_precision_20260409_123302/log/cda_ntscd_icfg_quiet.lines.stderr.log
cda_ntscd_icfg_quiet,CDA,ntscd+icfg+pta+q,lines,"ShuffleVector instruction is not supported, loosing precision",/home/jimi/PaperExperiment/CompilerOptimization/Result/redis/dg/dg-LLVM14-O2-g/high_precision_20260409_123302/log/cda_ntscd_icfg_quiet.lines.stderr.log
cda_ntscd_icfg_quiet,CDA,ntscd+icfg+pta+q,lines,"ShuffleVector instruction is not supported, loosing precision",/home/jimi/PaperExperiment/CompilerOptimization/Result/redis/dg/dg-LLVM14-O2-g/high_precision_20260409_123302/log/cda_ntscd_icfg_quiet.lines.stderr.log
cda_ntscd_icfg_quiet,CDA,ntscd+icfg+pta+q,lines,"ShuffleVector instruction is not supported, loosing precision",/home/jimi/PaperExperiment/CompilerOptimization/Result/redis/dg/dg-LLVM14-O2-g/high_precision_20260409_123302/log/cda_ntscd_icfg_quiet.lines.stderr.log
cda_ntscd_icfg_quiet,CDA,ntscd+icfg+pta+q,lines,"ShuffleVector instruction is not supported, loosing precision",/home/jimi/PaperExperiment/CompilerOptimization/Result/redis/dg/dg-LLVM14-O2-g/high_precision_20260409_123302/log/cda_ntscd_icfg_quiet.lines.stderr.log
cda_ntscd_icfg_quiet,CDA,ntscd+icfg+pta+q,lines,"ShuffleVector instruction is not supported, loosing precision",/home/jimi/PaperExperiment/CompilerOptimization/Result/redis/dg/dg-LLVM14-O2-g/high_precision_20260409_123302/log/cda_ntscd_icfg_quiet.lines.stderr.log
cda_ntscd_icfg_quiet,CDA,ntscd+icfg+pta+q,lines,"ShuffleVector instruction is not supported, loosing precision",/home/jimi/PaperExperiment/CompilerOptimization/Result/redis/dg/dg-LLVM14-O2-g/high_precision_20260409_123302/log/cda_ntscd_icfg_quiet.lines.stderr.log
cda_ntscd_icfg_quiet,CDA,ntscd+icfg+pta+q,lines,"ShuffleVector instruction is not supported, loosing precision",/home/jimi/PaperExperiment/CompilerOptimization/Result/redis/dg/dg-LLVM14-O2-g/high_precision_20260409_123302/log/cda_ntscd_icfg_quiet.lines.stderr.log
cda_ntscd_icfg_quiet,CDA,ntscd+icfg+pta+q,lines,"ShuffleVector instruction is not supported, loosing precision",/home/jimi/PaperExperiment/CompilerOptimization/Result/redis/dg/dg-LLVM14-O2-g/high_precision_20260409_123302/log/cda_ntscd_icfg_quiet.lines.stderr.log
cda_ntscd_icfg_quiet,CDA,ntscd+icfg+pta+q,lines,"ShuffleVector instruction is not supported, loosing precision",/home/jimi/PaperExperiment/CompilerOptimization/Result/redis/dg/dg-LLVM14-O2-g/high_precision_20260409_123302/log/cda_ntscd_icfg_quiet.lines.stderr.log
cda_ntscd_icfg_quiet,CDA,ntscd+icfg+pta+q,lines,"ShuffleVector instruction is not supported, loosing precision",/home/jimi/PaperExperiment/CompilerOptimization/Result/redis/dg/dg-LLVM14-O2-g/high_precision_20260409_123302/log/cda_ntscd_icfg_quiet.lines.stderr.log
cda_ntscd_icfg_quiet,CDA,ntscd+icfg+pta+q,lines,"ShuffleVector instruction is not supported, loosing precision",/home/jimi/PaperExperiment/CompilerOptimization/Result/redis/dg/dg-LLVM14-O2-g/high_precision_20260409_123302/log/cda_ntscd_icfg_quiet.lines.stderr.log
cda_ntscd_icfg_quiet,CDA,ntscd+icfg+pta+q,lines,"ShuffleVector instruction is not supported, loosing precision",/home/jimi/PaperExperiment/CompilerOptimization/Result/redis/dg/dg-LLVM14-O2-g/high_precision_20260409_123302/log/cda_ntscd_icfg_quiet.lines.stderr.log
cda_ntscd_icfg_quiet,CDA,ntscd+icfg+pta+q,lines,"ShuffleVector instruction is not supported, loosing precision",/home/jimi/PaperExperiment/CompilerOptimization/Result/redis/dg/dg-LLVM14-O2-g/high_precision_20260409_123302/log/cda_ntscd_icfg_quiet.lines.stderr.log
cda_ntscd_icfg_quiet,CDA,ntscd+icfg+pta+q,lines,"ShuffleVector instruction is not supported, loosing precision",/home/jimi/PaperExperiment/CompilerOptimization/Result/redis/dg/dg-LLVM14-O2-g/high_precision_20260409_123302/log/cda_ntscd_icfg_quiet.lines.stderr.log
cda_ntscd_icfg_quiet,CDA,ntscd+icfg+pta+q,lines,"ShuffleVector instruction is not supported, loosing precision",/home/jimi/PaperExperiment/CompilerOptimization/Result/redis/dg/dg-LLVM14-O2-g/high_precision_20260409_123302/log/cda_ntscd_icfg_quiet.lines.stderr.log
cda_ntscd_icfg_quiet,CDA,ntscd+icfg+pta+q,lines,"ShuffleVector instruction is not supported, loosing precision",/home/jimi/PaperExperiment/CompilerOptimization/Result/redis/dg/dg-LLVM14-O2-g/high_precision_20260409_123302/log/cda_ntscd_icfg_quiet.lines.stderr.log
cda_ntscd_icfg_quiet,CDA,ntscd+icfg+pta+q,lines,"ShuffleVector instruction is not supported, loosing precision",/home/jimi/PaperExperiment/CompilerOptimization/Result/redis/dg/dg-LLVM14-O2-g/high_precision_20260409_123302/log/cda_ntscd_icfg_quiet.lines.stderr.log
cda_ntscd_icfg_quiet,CDA,ntscd+icfg+pta+q,lines,"ShuffleVector instruction is not supported, loosing precision",/home/jimi/PaperExperiment/CompilerOptimization/Result/redis/dg/dg-LLVM14-O2-g/high_precision_20260409_123302/log/cda_ntscd_icfg_quiet.lines.stderr.log
cda_ntscd_icfg_quiet,CDA,ntscd+icfg+pta+q,lines,"ShuffleVector instruction is not supported, loosing precision",/home/jimi/PaperExperiment/CompilerOptimization/Result/redis/dg/dg-LLVM14-O2-g/high_precision_20260409_123302/log/cda_ntscd_icfg_quiet.lines.stderr.log
cda_ntscd_icfg_quiet,CDA,ntscd+icfg+pta+q,lines,"ShuffleVector instruction is not supported, loosing precision",/home/jimi/PaperExperiment/CompilerOptimization/Result/redis/dg/dg-LLVM14-O2-g/high_precision_20260409_123302/log/cda_ntscd_icfg_quiet.lines.stderr.log
cda_ntscd_icfg_quiet,CDA,ntscd+icfg+pta+q,lines,"ShuffleVector instruction is not supported, loosing precision",/home/jimi/PaperExperiment/CompilerOptimization/Result/redis/dg/dg-LLVM14-O2-g/high_precision_20260409_123302/log/cda_ntscd_icfg_quiet.lines.stderr.log
cda_ntscd_icfg_quiet,CDA,ntscd+icfg+pta+q,lines,"ShuffleVector instruction is not supported, loosing precision",/home/jimi/PaperExperiment/CompilerOptimization/Result/redis/dg/dg-LLVM14-O2-g/high_precision_20260409_123302/log/cda_ntscd_icfg_quiet.lines.stderr.log
cda_ntscd_icfg_quiet,CDA,ntscd+icfg+pta+q,lines,"ShuffleVector instruction is not supported, loosing precision",/home/jimi/PaperExperiment/CompilerOptimization/Result/redis/dg/dg-LLVM14-O2-g/high_precision_20260409_123302/log/cda_ntscd_icfg_quiet.lines.stderr.log
cda_ntscd_icfg_quiet,CDA,ntscd+icfg+pta+q,lines,"ShuffleVector instruction is not supported, loosing precision",/home/jimi/PaperExperiment/CompilerOptimization/Result/redis/dg/dg-LLVM14-O2-g/high_precision_20260409_123302/log/cda_ntscd_icfg_quiet.lines.stderr.log
cda_ntscd_icfg_quiet,CDA,ntscd+icfg+pta+q,lines,"ShuffleVector instruction is not supported, loosing precision",/home/jimi/PaperExperiment/CompilerOptimization/Result/redis/dg/dg-LLVM14-O2-g/high_precision_20260409_123302/log/cda_ntscd_icfg_quiet.lines.stderr.log
cda_ntscd_icfg_quiet,CDA,ntscd+icfg+pta+q,lines,"ShuffleVector instruction is not supported, loosing precision",/home/jimi/PaperExperiment/CompilerOptimization/Result/redis/dg/dg-LLVM14-O2-g/high_precision_20260409_123302/log/cda_ntscd_icfg_quiet.lines.stderr.log
cda_ntscd_icfg_quiet,CDA,ntscd+icfg+pta+q,lines,"ShuffleVector instruction is not supported, loosing precision",/home/jimi/PaperExperiment/CompilerOptimization/Result/redis/dg/dg-LLVM14-O2-g/high_precision_20260409_123302/log/cda_ntscd_icfg_quiet.lines.stderr.log
cda_ntscd_icfg_quiet,CDA,ntscd+icfg+pta+q,lines,"ShuffleVector instruction is not supported, loosing precision",/home/jimi/PaperExperiment/CompilerOptimization/Result/redis/dg/dg-LLVM14-O2-g/high_precision_20260409_123302/log/cda_ntscd_icfg_quiet.lines.stderr.log
cda_ntscd_icfg_quiet,CDA,ntscd+icfg+pta+q,lines,"ShuffleVector instruction is not supported, loosing precision",/home/jimi/PaperExperiment/CompilerOptimization/Result/redis/dg/dg-LLVM14-O2-g/high_precision_20260409_123302/log/cda_ntscd_icfg_quiet.lines.stderr.log
cda_ntscd_icfg_quiet,CDA,ntscd+icfg+pta+q,lines,"ShuffleVector instruction is not supported, loosing precision",/home/jimi/PaperExperiment/CompilerOptimization/Result/redis/dg/dg-LLVM14-O2-g/high_precision_20260409_123302/log/cda_ntscd_icfg_quiet.lines.stderr.log
cda_ntscd_icfg_quiet,CDA,ntscd+icfg+pta+q,lines,"ShuffleVector instruction is not supported, loosing precision",/home/jimi/PaperExperiment/CompilerOptimization/Result/redis/dg/dg-LLVM14-O2-g/high_precision_20260409_123302/log/cda_ntscd_icfg_quiet.lines.stderr.log
cda_ntscd_icfg_quiet,CDA,ntscd+icfg+pta+q,lines,"ShuffleVector instruction is not supported, loosing precision",/home/jimi/PaperExperiment/CompilerOptimization/Result/redis/dg/dg-LLVM14-O2-g/high_precision_20260409_123302/log/cda_ntscd_icfg_quiet.lines.stderr.log
cda_ntscd_icfg_quiet,CDA,ntscd+icfg+pta+q,lines,"ShuffleVector instruction is not supported, loosing precision",/home/jimi/PaperExperiment/CompilerOptimization/Result/redis/dg/dg-LLVM14-O2-g/high_precision_20260409_123302/log/cda_ntscd_icfg_quiet.lines.stderr.log
cda_ntscd_icfg_quiet,CDA,ntscd+icfg+pta+q,lines,"ShuffleVector instruction is not supported, loosing precision",/home/jimi/PaperExperiment/CompilerOptimization/Result/redis/dg/dg-LLVM14-O2-g/high_precision_20260409_123302/log/cda_ntscd_icfg_quiet.lines.stderr.log
cda_ntscd_icfg_quiet,CDA,ntscd+icfg+pta+q,lines,"ShuffleVector instruction is not supported, loosing precision",/home/jimi/PaperExperiment/CompilerOptimization/Result/redis/dg/dg-LLVM14-O2-g/high_precision_20260409_123302/log/cda_ntscd_icfg_quiet.lines.stderr.log
cda_ntscd_icfg_quiet,CDA,ntscd+icfg+pta+q,lines,"ShuffleVector instruction is not supported, loosing precision",/home/jimi/PaperExperiment/CompilerOptimization/Result/redis/dg/dg-LLVM14-O2-g/high_precision_20260409_123302/log/cda_ntscd_icfg_quiet.lines.stderr.log
cda_ntscd_icfg_quiet,CDA,ntscd+icfg+pta+q,lines,"ShuffleVector instruction is not supported, loosing precision",/home/jimi/PaperExperiment/CompilerOptimization/Result/redis/dg/dg-LLVM14-O2-g/high_precision_20260409_123302/log/cda_ntscd_icfg_quiet.lines.stderr.log
cda_ntscd_icfg_quiet,CDA,ntscd+icfg+pta+q,lines,"ShuffleVector instruction is not supported, loosing precision",/home/jimi/PaperExperiment/CompilerOptimization/Result/redis/dg/dg-LLVM14-O2-g/high_precision_20260409_123302/log/cda_ntscd_icfg_quiet.lines.stderr.log
cda_ntscd_icfg_quiet,CDA,ntscd+icfg+pta+q,lines,"ShuffleVector instruction is not supported, loosing precision",/home/jimi/PaperExperiment/CompilerOptimization/Result/redis/dg/dg-LLVM14-O2-g/high_precision_20260409_123302/log/cda_ntscd_icfg_quiet.lines.stderr.log
cda_ntscd_icfg_quiet,CDA,ntscd+icfg+pta+q,lines,"ShuffleVector instruction is not supported, loosing precision",/home/jimi/PaperExperiment/CompilerOptimization/Result/redis/dg/dg-LLVM14-O2-g/high_precision_20260409_123302/log/cda_ntscd_icfg_quiet.lines.stderr.log
cda_ntscd_icfg_quiet,CDA,ntscd+icfg+pta+q,lines,"ShuffleVector instruction is not supported, loosing precision",/home/jimi/PaperExperiment/CompilerOptimization/Result/redis/dg/dg-LLVM14-O2-g/high_precision_20260409_123302/log/cda_ntscd_icfg_quiet.lines.stderr.log
cda_ntscd_icfg_quiet,CDA,ntscd+icfg+pta+q,lines,"ShuffleVector instruction is not supported, loosing precision",/home/jimi/PaperExperiment/CompilerOptimization/Result/redis/dg/dg-LLVM14-O2-g/high_precision_20260409_123302/log/cda_ntscd_icfg_quiet.lines.stderr.log
cda_ntscd_icfg_quiet,CDA,ntscd+icfg+pta+q,lines,"ShuffleVector instruction is not supported, loosing precision",/home/jimi/PaperExperiment/CompilerOptimization/Result/redis/dg/dg-LLVM14-O2-g/high_precision_20260409_123302/log/cda_ntscd_icfg_quiet.lines.stderr.log
cda_ntscd_icfg_quiet,CDA,ntscd+icfg+pta+q,lines,"WARNING: Non-0 memset:   call void @llvm.memset.p0i8.i64(i8* noundef nonnull align 8 dereferenceable(16) %25, i8 -1, i64 16, i1 false), !dbg !37067",/home/jimi/PaperExperiment/CompilerOptimization/Result/redis/dg/dg-LLVM14-O2-g/high_precision_20260409_123302/log/cda_ntscd_icfg_quiet.lines.stderr.log
cda_ntscd_icfg_quiet,CDA,ntscd+icfg+pta+q,lines,"ShuffleVector instruction is not supported, loosing precision",/home/jimi/PaperExperiment/CompilerOptimization/Result/redis/dg/dg-LLVM14-O2-g/high_precision_20260409_123302/log/cda_ntscd_icfg_quiet.lines.stderr.log
cda_ntscd_icfg_quiet,CDA,ntscd+icfg+pta+q,lines,"ShuffleVector instruction is not supported, loosing precision",/home/jimi/PaperExperiment/CompilerOptimization/Result/redis/dg/dg-LLVM14-O2-g/high_precision_20260409_123302/log/cda_ntscd_icfg_quiet.lines.stderr.log
cda_ntscd_icfg_quiet,CDA,ntscd+icfg+pta+q,lines,"ShuffleVector instruction is not supported, loosing precision",/home/jimi/PaperExperiment/CompilerOptimization/Result/redis/dg/dg-LLVM14-O2-g/high_precision_20260409_123302/log/cda_ntscd_icfg_quiet.lines.stderr.log
cda_ntscd_icfg_quiet,CDA,ntscd+icfg+pta+q,lines,"ShuffleVector instruction is not supported, loosing precision",/home/jimi/PaperExperiment/CompilerOptimization/Result/redis/dg/dg-LLVM14-O2-g/high_precision_20260409_123302/log/cda_ntscd_icfg_quiet.lines.stderr.log
cda_ntscd_icfg_quiet,CDA,ntscd+icfg+pta+q,lines,"ShuffleVector instruction is not supported, loosing precision",/home/jimi/PaperExperiment/CompilerOptimization/Result/redis/dg/dg-LLVM14-O2-g/high_precision_20260409_123302/log/cda_ntscd_icfg_quiet.lines.stderr.log
cda_ntscd_icfg_quiet,CDA,ntscd+icfg+pta+q,lines,"ShuffleVector instruction is not supported, loosing precision",/home/jimi/PaperExperiment/CompilerOptimization/Result/redis/dg/dg-LLVM14-O2-g/high_precision_20260409_123302/log/cda_ntscd_icfg_quiet.lines.stderr.log
cda_ntscd_icfg_quiet,CDA,ntscd+icfg+pta+q,lines,"[pta] UNHANDLED:   %367 = insertvalue { i8*, i32 } poison, i8* %365, 0, !dbg !37605",/home/jimi/PaperExperiment/CompilerOptimization/Result/redis/dg/dg-LLVM14-O2-g/high_precision_20260409_123302/log/cda_ntscd_icfg_quiet.lines.stderr.log
cda_ntscd_icfg_quiet,CDA,ntscd+icfg+pta+q,lines,"[pta] UNHANDLED:   %368 = insertvalue { i8*, i32 } %367, i32 %366, 1, !dbg !37605",/home/jimi/PaperExperiment/CompilerOptimization/Result/redis/dg/dg-LLVM14-O2-g/high_precision_20260409_123302/log/cda_ntscd_icfg_quiet.lines.stderr.log
cda_ntscd_icfg_quiet,CDA,ntscd+icfg+pta+q,lines,"[pta] UNHANDLED:   %96 = insertvalue { i8*, i32 } poison, i8* %95, 0, !dbg !37112",/home/jimi/PaperExperiment/CompilerOptimization/Result/redis/dg/dg-LLVM14-O2-g/high_precision_20260409_123302/log/cda_ntscd_icfg_quiet.lines.stderr.log
cda_ntscd_icfg_quiet,CDA,ntscd+icfg+pta+q,lines,"[pta] UNHANDLED:   %97 = insertvalue { i8*, i32 } %96, i32 %94, 1, !dbg !37112",/home/jimi/PaperExperiment/CompilerOptimization/Result/redis/dg/dg-LLVM14-O2-g/high_precision_20260409_123302/log/cda_ntscd_icfg_quiet.lines.stderr.log
cda_ntscd_icfg_quiet,CDA,ntscd+icfg+pta+q,lines,"[pta] UNHANDLED:   %374 = insertvalue { i8*, i32 } poison, i8* %6, 0, !dbg !37505",/home/jimi/PaperExperiment/CompilerOptimization/Result/redis/dg/dg-LLVM14-O2-g/high_precision_20260409_123302/log/cda_ntscd_icfg_quiet.lines.stderr.log
cda_ntscd_icfg_quiet,CDA,ntscd+icfg+pta+q,lines,"[pta] UNHANDLED:   %375 = insertvalue { i8*, i32 } %374, i32 %373, 1, !dbg !37505",/home/jimi/PaperExperiment/CompilerOptimization/Result/redis/dg/dg-LLVM14-O2-g/high_precision_20260409_123302/log/cda_ntscd_icfg_quiet.lines.stderr.log
cda_ntscd_icfg_quiet,CDA,ntscd+icfg+pta+q,lines,"[pta] UNHANDLED:   %186 = insertvalue { i64, i32 } poison, i64 %185, 0, !dbg !37421",/home/jimi/PaperExperiment/CompilerOptimization/Result/redis/dg/dg-LLVM14-O2-g/high_precision_20260409_123302/log/cda_ntscd_icfg_quiet.lines.stderr.log
cda_ntscd_icfg_quiet,CDA,ntscd+icfg+pta+q,lines,"[pta] UNHANDLED:   %187 = insertvalue { i64, i32 } %186, i32 %183, 1, !dbg !37421",/home/jimi/PaperExperiment/CompilerOptimization/Result/redis/dg/dg-LLVM14-O2-g/high_precision_20260409_123302/log/cda_ntscd_icfg_quiet.lines.stderr.log
cda_ntscd_icfg_quiet,CDA,ntscd+icfg+pta+q,lines,"ShuffleVector instruction is not supported, loosing precision",/home/jimi/PaperExperiment/CompilerOptimization/Result/redis/dg/dg-LLVM14-O2-g/high_precision_20260409_123302/log/cda_ntscd_icfg_quiet.lines.stderr.log
cda_ntscd_icfg_quiet,CDA,ntscd+icfg+pta+q,lines,"ShuffleVector instruction is not supported, loosing precision",/home/jimi/PaperExperiment/CompilerOptimization/Result/redis/dg/dg-LLVM14-O2-g/high_precision_20260409_123302/log/cda_ntscd_icfg_quiet.lines.stderr.log
cda_ntscd_icfg_quiet,CDA,ntscd+icfg+pta+q,lines,"ShuffleVector instruction is not supported, loosing precision",/home/jimi/PaperExperiment/CompilerOptimization/Result/redis/dg/dg-LLVM14-O2-g/high_precision_20260409_123302/log/cda_ntscd_icfg_quiet.lines.stderr.log
cda_ntscd_icfg_quiet,CDA,ntscd+icfg+pta+q,lines,"ShuffleVector instruction is not supported, loosing precision",/home/jimi/PaperExperiment/CompilerOptimization/Result/redis/dg/dg-LLVM14-O2-g/high_precision_20260409_123302/log/cda_ntscd_icfg_quiet.lines.stderr.log
cda_ntscd_icfg_quiet,CDA,ntscd+icfg+pta+q,lines,"ShuffleVector instruction is not supported, loosing precision",/home/jimi/PaperExperiment/CompilerOptimization/Result/redis/dg/dg-LLVM14-O2-g/high_precision_20260409_123302/log/cda_ntscd_icfg_quiet.lines.stderr.log
cda_ntscd_icfg_quiet,CDA,ntscd+icfg+pta+q,lines,"ShuffleVector instruction is not supported, loosing precision",/home/jimi/PaperExperiment/CompilerOptimization/Result/redis/dg/dg-LLVM14-O2-g/high_precision_20260409_123302/log/cda_ntscd_icfg_quiet.lines.stderr.log
cda_ntscd_icfg_quiet,CDA,ntscd+icfg+pta+q,lines,"ShuffleVector instruction is not supported, loosing precision",/home/jimi/PaperExperiment/CompilerOptimization/Result/redis/dg/dg-LLVM14-O2-g/high_precision_20260409_123302/log/cda_ntscd_icfg_quiet.lines.stderr.log
cda_ntscd_icfg_quiet,CDA,ntscd+icfg+pta+q,lines,"ShuffleVector instruction is not supported, loosing precision",/home/jimi/PaperExperiment/CompilerOptimization/Result/redis/dg/dg-LLVM14-O2-g/high_precision_20260409_123302/log/cda_ntscd_icfg_quiet.lines.stderr.log
cda_ntscd_icfg_quiet,CDA,ntscd+icfg+pta+q,lines,"ShuffleVector instruction is not supported, loosing precision",/home/jimi/PaperExperiment/CompilerOptimization/Result/redis/dg/dg-LLVM14-O2-g/high_precision_20260409_123302/log/cda_ntscd_icfg_quiet.lines.stderr.log
cda_ntscd_icfg_quiet,CDA,ntscd+icfg+pta+q,lines,"ShuffleVector instruction is not supported, loosing precision",/home/jimi/PaperExperiment/CompilerOptimization/Result/redis/dg/dg-LLVM14-O2-g/high_precision_20260409_123302/log/cda_ntscd_icfg_quiet.lines.stderr.log
cda_ntscd_icfg_quiet,CDA,ntscd+icfg+pta+q,lines,"[pta] UNHANDLED:   %392 = insertvalue { i64, i32 } poison, i64 %390, 0, !dbg !37642",/home/jimi/PaperExperiment/CompilerOptimization/Result/redis/dg/dg-LLVM14-O2-g/high_precision_20260409_123302/log/cda_ntscd_icfg_quiet.lines.stderr.log
cda_ntscd_icfg_quiet,CDA,ntscd+icfg+pta+q,lines,"[pta] UNHANDLED:   %393 = insertvalue { i64, i32 } %392, i32 %391, 1, !dbg !37642",/home/jimi/PaperExperiment/CompilerOptimization/Result/redis/dg/dg-LLVM14-O2-g/high_precision_20260409_123302/log/cda_ntscd_icfg_quiet.lines.stderr.log
cda_ntscd_icfg_quiet,CDA,ntscd+icfg+pta+q,lines,"ShuffleVector instruction is not supported, loosing precision",/home/jimi/PaperExperiment/CompilerOptimization/Result/redis/dg/dg-LLVM14-O2-g/high_precision_20260409_123302/log/cda_ntscd_icfg_quiet.lines.stderr.log
cda_ntscd_icfg_quiet,CDA,ntscd+icfg+pta+q,lines,"ShuffleVector instruction is not supported, loosing precision",/home/jimi/PaperExperiment/CompilerOptimization/Result/redis/dg/dg-LLVM14-O2-g/high_precision_20260409_123302/log/cda_ntscd_icfg_quiet.lines.stderr.log
cda_ntscd_icfg_quiet,CDA,ntscd+icfg+pta+q,lines,"ShuffleVector instruction is not supported, loosing precision",/home/jimi/PaperExperiment/CompilerOptimization/Result/redis/dg/dg-LLVM14-O2-g/high_precision_20260409_123302/log/cda_ntscd_icfg_quiet.lines.stderr.log
cda_ntscd_icfg_quiet,CDA,ntscd+icfg+pta+q,lines,"ShuffleVector instruction is not supported, loosing precision",/home/jimi/PaperExperiment/CompilerOptimization/Result/redis/dg/dg-LLVM14-O2-g/high_precision_20260409_123302/log/cda_ntscd_icfg_quiet.lines.stderr.log
cda_ntscd_icfg_quiet,CDA,ntscd+icfg+pta+q,lines,"ShuffleVector instruction is not supported, loosing precision",/home/jimi/PaperExperiment/CompilerOptimization/Result/redis/dg/dg-LLVM14-O2-g/high_precision_20260409_123302/log/cda_ntscd_icfg_quiet.lines.stderr.log
cda_ntscd_icfg_quiet,CDA,ntscd+icfg+pta+q,lines,"ShuffleVector instruction is not supported, loosing precision",/home/jimi/PaperExperiment/CompilerOptimization/Result/redis/dg/dg-LLVM14-O2-g/high_precision_20260409_123302/log/cda_ntscd_icfg_quiet.lines.stderr.log
cda_ntscd_icfg_quiet,CDA,ntscd+icfg+pta+q,lines,"ShuffleVector instruction is not supported, loosing precision",/home/jimi/PaperExperiment/CompilerOptimization/Result/redis/dg/dg-LLVM14-O2-g/high_precision_20260409_123302/log/cda_ntscd_icfg_quiet.lines.stderr.log
cda_ntscd_icfg_quiet,CDA,ntscd+icfg+pta+q,lines,"ShuffleVector instruction is not supported, loosing precision",/home/jimi/PaperExperiment/CompilerOptimization/Result/redis/dg/dg-LLVM14-O2-g/high_precision_20260409_123302/log/cda_ntscd_icfg_quiet.lines.stderr.log
cda_ntscd_icfg_quiet,CDA,ntscd+icfg+pta+q,lines,"ShuffleVector instruction is not supported, loosing precision",/home/jimi/PaperExperiment/CompilerOptimization/Result/redis/dg/dg-LLVM14-O2-g/high_precision_20260409_123302/log/cda_ntscd_icfg_quiet.lines.stderr.log
cda_ntscd_icfg_quiet,CDA,ntscd+icfg+pta+q,lines,"ShuffleVector instruction is not supported, loosing precision",/home/jimi/PaperExperiment/CompilerOptimization/Result/redis/dg/dg-LLVM14-O2-g/high_precision_20260409_123302/log/cda_ntscd_icfg_quiet.lines.stderr.log
cda_ntscd_icfg_quiet,CDA,ntscd+icfg+pta+q,lines,"ShuffleVector instruction is not supported, loosing precision",/home/jimi/PaperExperiment/CompilerOptimization/Result/redis/dg/dg-LLVM14-O2-g/high_precision_20260409_123302/log/cda_ntscd_icfg_quiet.lines.stderr.log
cda_ntscd_icfg_quiet,CDA,ntscd+icfg+pta+q,lines,"ShuffleVector instruction is not supported, loosing precision",/home/jimi/PaperExperiment/CompilerOptimization/Result/redis/dg/dg-LLVM14-O2-g/high_precision_20260409_123302/log/cda_ntscd_icfg_quiet.lines.stderr.log
cda_ntscd_icfg_quiet,CDA,ntscd+icfg+pta+q,lines,"ShuffleVector instruction is not supported, loosing precision",/home/jimi/PaperExperiment/CompilerOptimization/Result/redis/dg/dg-LLVM14-O2-g/high_precision_20260409_123302/log/cda_ntscd_icfg_quiet.lines.stderr.log
cda_ntscd_icfg_quiet,CDA,ntscd+icfg+pta+q,lines,"ShuffleVector instruction is not supported, loosing precision",/home/jimi/PaperExperiment/CompilerOptimization/Result/redis/dg/dg-LLVM14-O2-g/high_precision_20260409_123302/log/cda_ntscd_icfg_quiet.lines.stderr.log
cda_ntscd_icfg_quiet,CDA,ntscd+icfg+pta+q,lines,"ShuffleVector instruction is not supported, loosing precision",/home/jimi/PaperExperiment/CompilerOptimization/Result/redis/dg/dg-LLVM14-O2-g/high_precision_20260409_123302/log/cda_ntscd_icfg_quiet.lines.stderr.log
cda_ntscd_icfg_quiet,CDA,ntscd+icfg+pta+q,lines,"ShuffleVector instruction is not supported, loosing precision",/home/jimi/PaperExperiment/CompilerOptimization/Result/redis/dg/dg-LLVM14-O2-g/high_precision_20260409_123302/log/cda_ntscd_icfg_quiet.lines.stderr.log
cda_ntscd_icfg_quiet,CDA,ntscd+icfg+pta+q,lines,"ShuffleVector instruction is not supported, loosing precision",/home/jimi/PaperExperiment/CompilerOptimization/Result/redis/dg/dg-LLVM14-O2-g/high_precision_20260409_123302/log/cda_ntscd_icfg_quiet.lines.stderr.log
cda_ntscd_icfg_quiet,CDA,ntscd+icfg+pta+q,lines,"ShuffleVector instruction is not supported, loosing precision",/home/jimi/PaperExperiment/CompilerOptimization/Result/redis/dg/dg-LLVM14-O2-g/high_precision_20260409_123302/log/cda_ntscd_icfg_quiet.lines.stderr.log
cda_ntscd_icfg_quiet,CDA,ntscd+icfg+pta+q,lines,"ShuffleVector instruction is not supported, loosing precision",/home/jimi/PaperExperiment/CompilerOptimization/Result/redis/dg/dg-LLVM14-O2-g/high_precision_20260409_123302/log/cda_ntscd_icfg_quiet.lines.stderr.log
cda_ntscd_icfg_quiet,CDA,ntscd+icfg+pta+q,lines,"ShuffleVector instruction is not supported, loosing precision",/home/jimi/PaperExperiment/CompilerOptimization/Result/redis/dg/dg-LLVM14-O2-g/high_precision_20260409_123302/log/cda_ntscd_icfg_quiet.lines.stderr.log
cda_ntscd_icfg_quiet,CDA,ntscd+icfg+pta+q,lines,"[pta] UNHANDLED:   %82 = cmpxchg weak i64* @zmalloc_peak, i64 %79, i64 %75 monotonic monotonic, align 8, !dbg !37096",/home/jimi/PaperExperiment/CompilerOptimization/Result/redis/dg/dg-LLVM14-O2-g/high_precision_20260409_123302/log/cda_ntscd_icfg_quiet.lines.stderr.log
cda_ntscd_icfg_quiet,CDA,ntscd+icfg+pta+q,lines,"WARNING: Non-0 memset:   call void @llvm.memset.p0i8.i64(i8* noundef nonnull align 8 dereferenceable(16) %12, i8 -1, i64 16, i1 false), !dbg !37032",/home/jimi/PaperExperiment/CompilerOptimization/Result/redis/dg/dg-LLVM14-O2-g/high_precision_20260409_123302/log/cda_ntscd_icfg_quiet.lines.stderr.log
cda_ntscd_icfg_quiet,CDA,ntscd+icfg+pta+q,lines,"WARNING: Non-0 memset:   call void @llvm.memset.p0i8.i64(i8* noundef nonnull align 8 dereferenceable(16) %14, i8 -1, i64 16, i1 false) #85, !dbg !37066",/home/jimi/PaperExperiment/CompilerOptimization/Result/redis/dg/dg-LLVM14-O2-g/high_precision_20260409_123302/log/cda_ntscd_icfg_quiet.lines.stderr.log
cda_ntscd_icfg_quiet,CDA,ntscd+icfg+pta+q,lines,"WARNING: Non-0 memset:   call void @llvm.memset.p0i8.i64(i8* noundef nonnull align 8 dereferenceable(16) %20, i8 -1, i64 16, i1 false), !dbg !37074",/home/jimi/PaperExperiment/CompilerOptimization/Result/redis/dg/dg-LLVM14-O2-g/high_precision_20260409_123302/log/cda_ntscd_icfg_quiet.lines.stderr.log
cda_ntscd_icfg_quiet,CDA,ntscd+icfg+pta+q,lines,"WARNING: Non-0 memset:   call void @llvm.memset.p0i8.i64(i8* noundef nonnull align 8 dereferenceable(16) %32, i8 -1, i64 16, i1 false), !dbg !37106",/home/jimi/PaperExperiment/CompilerOptimization/Result/redis/dg/dg-LLVM14-O2-g/high_precision_20260409_123302/log/cda_ntscd_icfg_quiet.lines.stderr.log
cda_ntscd_icfg_quiet,CDA,ntscd+icfg+pta+q,lines,"WARNING: Non-0 memset:   tail call void @llvm.memset.p0i8.i64(i8* align 1 %287, i8 48, i64 %288, i1 false) #85, !dbg !37439",/home/jimi/PaperExperiment/CompilerOptimization/Result/redis/dg/dg-LLVM14-O2-g/high_precision_20260409_123302/log/cda_ntscd_icfg_quiet.lines.stderr.log
cda_ntscd_icfg_quiet,CDA,ntscd+icfg+pta+q,lines,"WARNING: Non-0 memset:   tail call void @llvm.memset.p0i8.i64(i8* nonnull align 1 %298, i8 48, i64 %299, i1 false) #85, !dbg !37452",/home/jimi/PaperExperiment/CompilerOptimization/Result/redis/dg/dg-LLVM14-O2-g/high_precision_20260409_123302/log/cda_ntscd_icfg_quiet.lines.stderr.log
cda_ntscd_icfg_quiet,CDA,ntscd+icfg+pta+q,lines,"WARNING: Non-0 memset:   call void @llvm.memset.p0i8.i64(i8* noundef nonnull align 8 dereferenceable(16) %94, i8 -1, i64 16, i1 false) #86, !dbg !37186",/home/jimi/PaperExperiment/CompilerOptimization/Result/redis/dg/dg-LLVM14-O2-g/high_precision_20260409_123302/log/cda_ntscd_icfg_quiet.lines.stderr.log
cda_ntscd_icfg_quiet,CDA,ntscd+icfg+pta+q,lines,"WARNING: Non-0 memset:   call void @llvm.memset.p0i8.i64(i8* noundef nonnull align 8 dereferenceable(16) bitcast (i64* getelementptr inbounds (%struct.redisServer.226, %struct.redisServer.226* @server, i64 0, i32 258) to i8*), i8 -1, i64 16, i1 false), !dbg !37430",/home/jimi/PaperExperiment/CompilerOptimization/Result/redis/dg/dg-LLVM14-O2-g/high_precision_20260409_123302/log/cda_ntscd_icfg_quiet.lines.stderr.log
cda_ntscd_icfg_quiet,CDA,ntscd+icfg+pta+q,lines,"WARNING: Non-0 memset:   tail call void @llvm.memset.p0i8.i64(i8* noundef nonnull align 8 dereferenceable(272) %57, i8 -1, i64 272, i1 false), !dbg !37100",/home/jimi/PaperExperiment/CompilerOptimization/Result/redis/dg/dg-LLVM14-O2-g/high_precision_20260409_123302/log/cda_ntscd_icfg_quiet.lines.stderr.log
cda_ntscd_icfg_quiet,CDA,ntscd+icfg+pta+q,lines,"WARNING: Non-0 memset:   tail call void @llvm.memset.p0i8.i64(i8* noundef nonnull align 8 dereferenceable(16) %34, i8 -1, i64 16, i1 false) #85, !dbg !37114",/home/jimi/PaperExperiment/CompilerOptimization/Result/redis/dg/dg-LLVM14-O2-g/high_precision_20260409_123302/log/cda_ntscd_icfg_quiet.lines.stderr.log
cda_ntscd_icfg_quiet,CDA,ntscd+icfg+pta+q,lines,"ShuffleVector instruction is not supported, loosing precision",/home/jimi/PaperExperiment/CompilerOptimization/Result/redis/dg/dg-LLVM14-O2-g/high_precision_20260409_123302/log/cda_ntscd_icfg_quiet.lines.stderr.log
cda_ntscd_icfg_quiet,CDA,ntscd+icfg+pta+q,lines,"ShuffleVector instruction is not supported, loosing precision",/home/jimi/PaperExperiment/CompilerOptimization/Result/redis/dg/dg-LLVM14-O2-g/high_precision_20260409_123302/log/cda_ntscd_icfg_quiet.lines.stderr.log
cda_ntscd_icfg_quiet,CDA,ntscd+icfg+pta+q,lines,"ShuffleVector instruction is not supported, loosing precision",/home/jimi/PaperExperiment/CompilerOptimization/Result/redis/dg/dg-LLVM14-O2-g/high_precision_20260409_123302/log/cda_ntscd_icfg_quiet.lines.stderr.log
cda_ntscd_icfg_quiet,CDA,ntscd+icfg+pta+q,lines,"WARNING: Non-0 memset:   tail call void @llvm.memset.p0i8.i64(i8* noundef nonnull align 8 dereferenceable(16) %24, i8 -1, i64 16, i1 false) #85, !dbg !37083",/home/jimi/PaperExperiment/CompilerOptimization/Result/redis/dg/dg-LLVM14-O2-g/high_precision_20260409_123302/log/cda_ntscd_icfg_quiet.lines.stderr.log
cda_ntscd_icfg_quiet,CDA,ntscd+icfg+pta+q,lines,"WARNING: Non-0 memset:   call void @llvm.memset.p0i8.i64(i8* noundef nonnull align 8 dereferenceable(16) %32, i8 -1, i64 16, i1 false), !dbg !37076",/home/jimi/PaperExperiment/CompilerOptimization/Result/redis/dg/dg-LLVM14-O2-g/high_precision_20260409_123302/log/cda_ntscd_icfg_quiet.lines.stderr.log
cda_ntscd_icfg_quiet,CDA,ntscd+icfg+pta+q,lines,"ShuffleVector instruction is not supported, loosing precision",/home/jimi/PaperExperiment/CompilerOptimization/Result/redis/dg/dg-LLVM14-O2-g/high_precision_20260409_123302/log/cda_ntscd_icfg_quiet.lines.stderr.log
cda_ntscd_icfg_quiet,CDA,ntscd+icfg+pta+q,lines,"WARNING: Non-0 memset:   call void @llvm.memset.p0i8.i64(i8* noundef nonnull align 8 dereferenceable(16) %88, i8 -1, i64 16, i1 false), !dbg !37632",/home/jimi/PaperExperiment/CompilerOptimization/Result/redis/dg/dg-LLVM14-O2-g/high_precision_20260409_123302/log/cda_ntscd_icfg_quiet.lines.stderr.log
cda_ntscd_icfg_quiet,CDA,ntscd+icfg+pta+q,lines,"[pta] UNHANDLED:   %83 = cmpxchg weak i64* @zmalloc_peak, i64 %80, i64 %76 monotonic monotonic, align 8, !dbg !37098",/home/jimi/PaperExperiment/CompilerOptimization/Result/redis/dg/dg-LLVM14-O2-g/high_precision_20260409_123302/log/cda_ntscd_icfg_quiet.lines.stderr.log
cda_ntscd_icfg_quiet,CDA,ntscd+icfg+pta+q,lines,"[pta] UNHANDLED:   %83 = cmpxchg weak i64* @zmalloc_peak, i64 %80, i64 %76 monotonic monotonic, align 8, !dbg !37100",/home/jimi/PaperExperiment/CompilerOptimization/Result/redis/dg/dg-LLVM14-O2-g/high_precision_20260409_123302/log/cda_ntscd_icfg_quiet.lines.stderr.log
cda_ntscd_icfg_quiet,CDA,ntscd+icfg+pta+q,lines,"WARNING: Non-0 memset:   call void @llvm.memset.p0i8.i64(i8* noundef nonnull align 8 dereferenceable(16) %391, i8 -1, i64 16, i1 false) #85, !dbg !37534",/home/jimi/PaperExperiment/CompilerOptimization/Result/redis/dg/dg-LLVM14-O2-g/high_precision_20260409_123302/log/cda_ntscd_icfg_quiet.lines.stderr.log
cda_ntscd_icfg_quiet,CDA,ntscd+icfg+pta+q,lines,"WARNING: Non-0 memset:   call void @llvm.memset.p0i8.i64(i8* noundef nonnull align 8 dereferenceable(16) %396, i8 -1, i64 16, i1 false) #85, !dbg !37542",/home/jimi/PaperExperiment/CompilerOptimization/Result/redis/dg/dg-LLVM14-O2-g/high_precision_20260409_123302/log/cda_ntscd_icfg_quiet.lines.stderr.log
cda_ntscd_icfg_quiet,CDA,ntscd+icfg+pta+q,lines,"WARNING: Non-0 memset:   call void @llvm.memset.p0i8.i64(i8* noundef nonnull align 8 dereferenceable(16) %407, i8 -1, i64 16, i1 false) #85, !dbg !37562",/home/jimi/PaperExperiment/CompilerOptimization/Result/redis/dg/dg-LLVM14-O2-g/high_precision_20260409_123302/log/cda_ntscd_icfg_quiet.lines.stderr.log
cda_ntscd_icfg_quiet,CDA,ntscd+icfg+pta+q,lines,"WARNING: Non-0 memset:   call void @llvm.memset.p0i8.i64(i8* noundef nonnull align 8 dereferenceable(16) %22, i8 -1, i64 16, i1 false), !dbg !37037",/home/jimi/PaperExperiment/CompilerOptimization/Result/redis/dg/dg-LLVM14-O2-g/high_precision_20260409_123302/log/cda_ntscd_icfg_quiet.lines.stderr.log
cda_ntscd_icfg_quiet,CDA,ntscd+icfg+pta+q,lines,"WARNING: Non-0 memset:   call void @llvm.memset.p0i8.i64(i8* noundef nonnull align 8 dereferenceable(16) %10, i8 -1, i64 16, i1 false), !dbg !37026",/home/jimi/PaperExperiment/CompilerOptimization/Result/redis/dg/dg-LLVM14-O2-g/high_precision_20260409_123302/log/cda_ntscd_icfg_quiet.lines.stderr.log
cda_ntscd_icfg_quiet,CDA,ntscd+icfg+pta+q,lines,"ShuffleVector instruction is not supported, loosing precision",/home/jimi/PaperExperiment/CompilerOptimization/Result/redis/dg/dg-LLVM14-O2-g/high_precision_20260409_123302/log/cda_ntscd_icfg_quiet.lines.stderr.log
cda_ntscd_icfg_quiet,CDA,ntscd+icfg+pta+q,lines,"ShuffleVector instruction is not supported, loosing precision",/home/jimi/PaperExperiment/CompilerOptimization/Result/redis/dg/dg-LLVM14-O2-g/high_precision_20260409_123302/log/cda_ntscd_icfg_quiet.lines.stderr.log
cda_ntscd_icfg_quiet,CDA,ntscd+icfg+pta+q,lines,"ShuffleVector instruction is not supported, loosing precision",/home/jimi/PaperExperiment/CompilerOptimization/Result/redis/dg/dg-LLVM14-O2-g/high_precision_20260409_123302/log/cda_ntscd_icfg_quiet.lines.stderr.log
cda_ntscd_icfg_quiet,CDA,ntscd+icfg+pta+q,lines,"ShuffleVector instruction is not supported, loosing precision",/home/jimi/PaperExperiment/CompilerOptimization/Result/redis/dg/dg-LLVM14-O2-g/high_precision_20260409_123302/log/cda_ntscd_icfg_quiet.lines.stderr.log
cda_ntscd_icfg_quiet,CDA,ntscd+icfg+pta+q,lines,"ShuffleVector instruction is not supported, loosing precision",/home/jimi/PaperExperiment/CompilerOptimization/Result/redis/dg/dg-LLVM14-O2-g/high_precision_20260409_123302/log/cda_ntscd_icfg_quiet.lines.stderr.log
cda_ntscd_icfg_quiet,CDA,ntscd+icfg+pta+q,lines,"ShuffleVector instruction is not supported, loosing precision",/home/jimi/PaperExperiment/CompilerOptimization/Result/redis/dg/dg-LLVM14-O2-g/high_precision_20260409_123302/log/cda_ntscd_icfg_quiet.lines.stderr.log
cda_ntscd_icfg_quiet,CDA,ntscd+icfg+pta+q,lines,"ShuffleVector instruction is not supported, loosing precision",/home/jimi/PaperExperiment/CompilerOptimization/Result/redis/dg/dg-LLVM14-O2-g/high_precision_20260409_123302/log/cda_ntscd_icfg_quiet.lines.stderr.log
cda_ntscd_icfg_quiet,CDA,ntscd+icfg+pta+q,lines,"ShuffleVector instruction is not supported, loosing precision",/home/jimi/PaperExperiment/CompilerOptimization/Result/redis/dg/dg-LLVM14-O2-g/high_precision_20260409_123302/log/cda_ntscd_icfg_quiet.lines.stderr.log
cda_ntscd_icfg_quiet,CDA,ntscd+icfg+pta+q,lines,"ShuffleVector instruction is not supported, loosing precision",/home/jimi/PaperExperiment/CompilerOptimization/Result/redis/dg/dg-LLVM14-O2-g/high_precision_20260409_123302/log/cda_ntscd_icfg_quiet.lines.stderr.log
cda_ntscd_icfg_quiet,CDA,ntscd+icfg+pta+q,lines,"WARNING: Non-0 memset:   call void @llvm.memset.p0i8.i64(i8* noundef nonnull align 1 dereferenceable(41) getelementptr inbounds (%struct.redisServer, %struct.redisServer* bitcast (%struct.redisServer.226* @server to %struct.redisServer*), i64 0, i32 288, i64 0), i8 48, i64 40, i1 false) #85, !dbg !37332",/home/jimi/PaperExperiment/CompilerOptimization/Result/redis/dg/dg-LLVM14-O2-g/high_precision_20260409_123302/log/cda_ntscd_icfg_quiet.lines.stderr.log
cda_ntscd_icfg_quiet,CDA,ntscd+icfg+pta+q,lines,IntToPtr with constant:   <badref> = inttoptr i64 2320 to i8**,/home/jimi/PaperExperiment/CompilerOptimization/Result/redis/dg/dg-LLVM14-O2-g/high_precision_20260409_123302/log/cda_ntscd_icfg_quiet.lines.stderr.log
cda_ntscd_icfg_quiet,CDA,ntscd+icfg+pta+q,lines,"WARNING: Saving stack may yield unsound results!:   %9 = tail call i8* @llvm.stacksave(), !dbg !37015",/home/jimi/PaperExperiment/CompilerOptimization/Result/redis/dg/dg-LLVM14-O2-g/high_precision_20260409_123302/log/cda_ntscd_icfg_quiet.lines.stderr.log
cda_ntscd_icfg_quiet,CDA,ntscd+icfg+pta+q,lines,"WARNING: Saving stack may yield unsound results!:   %9 = tail call i8* @llvm.stacksave(), !dbg !37015",/home/jimi/PaperExperiment/CompilerOptimization/Result/redis/dg/dg-LLVM14-O2-g/high_precision_20260409_123302/log/cda_ntscd_icfg_quiet.lines.stderr.log
cda_ntscd_icfg_quiet,CDA,ntscd+icfg+pta+q,lines,"ShuffleVector instruction is not supported, loosing precision",/home/jimi/PaperExperiment/CompilerOptimization/Result/redis/dg/dg-LLVM14-O2-g/high_precision_20260409_123302/log/cda_ntscd_icfg_quiet.lines.stderr.log
cda_ntscd_icfg_quiet,CDA,ntscd+icfg+pta+q,lines,"ShuffleVector instruction is not supported, loosing precision",/home/jimi/PaperExperiment/CompilerOptimization/Result/redis/dg/dg-LLVM14-O2-g/high_precision_20260409_123302/log/cda_ntscd_icfg_quiet.lines.stderr.log
cda_ntscd_icfg_quiet,CDA,ntscd+icfg+pta+q,lines,"ShuffleVector instruction is not supported, loosing precision",/home/jimi/PaperExperiment/CompilerOptimization/Result/redis/dg/dg-LLVM14-O2-g/high_precision_20260409_123302/log/cda_ntscd_icfg_quiet.lines.stderr.log
cda_ntscd_icfg_quiet,CDA,ntscd+icfg+pta+q,lines,"ShuffleVector instruction is not supported, loosing precision",/home/jimi/PaperExperiment/CompilerOptimization/Result/redis/dg/dg-LLVM14-O2-g/high_precision_20260409_123302/log/cda_ntscd_icfg_quiet.lines.stderr.log
cda_ntscd_icfg_quiet,CDA,ntscd+icfg+pta+q,lines,"ShuffleVector instruction is not supported, loosing precision",/home/jimi/PaperExperiment/CompilerOptimization/Result/redis/dg/dg-LLVM14-O2-g/high_precision_20260409_123302/log/cda_ntscd_icfg_quiet.lines.stderr.log
cda_ntscd_icfg_quiet,CDA,ntscd+icfg+pta+q,lines,"ShuffleVector instruction is not supported, loosing precision",/home/jimi/PaperExperiment/CompilerOptimization/Result/redis/dg/dg-LLVM14-O2-g/high_precision_20260409_123302/log/cda_ntscd_icfg_quiet.lines.stderr.log
cda_ntscd_icfg_quiet,CDA,ntscd+icfg+pta+q,lines,"ShuffleVector instruction is not supported, loosing precision",/home/jimi/PaperExperiment/CompilerOptimization/Result/redis/dg/dg-LLVM14-O2-g/high_precision_20260409_123302/log/cda_ntscd_icfg_quiet.lines.stderr.log
cda_ntscd_icfg_quiet,CDA,ntscd+icfg+pta+q,lines,"ShuffleVector instruction is not supported, loosing precision",/home/jimi/PaperExperiment/CompilerOptimization/Result/redis/dg/dg-LLVM14-O2-g/high_precision_20260409_123302/log/cda_ntscd_icfg_quiet.lines.stderr.log
cda_ntscd_icfg_quiet,CDA,ntscd+icfg+pta+q,lines,"ShuffleVector instruction is not supported, loosing precision",/home/jimi/PaperExperiment/CompilerOptimization/Result/redis/dg/dg-LLVM14-O2-g/high_precision_20260409_123302/log/cda_ntscd_icfg_quiet.lines.stderr.log
cda_ntscd_icfg_quiet,CDA,ntscd+icfg+pta+q,lines,"WARNING: Non-0 memset:   call void @llvm.memset.p0i8.i64(i8* noundef nonnull align 8 dereferenceable(16) %188, i8 -1, i64 16, i1 false), !dbg !37850",/home/jimi/PaperExperiment/CompilerOptimization/Result/redis/dg/dg-LLVM14-O2-g/high_precision_20260409_123302/log/cda_ntscd_icfg_quiet.lines.stderr.log
cda_ntscd_icfg_quiet,CDA,ntscd+icfg+pta+q,lines,"WARNING: Non-0 memset:   tail call void @llvm.memset.p0i8.i64(i8* noundef nonnull align 1 dereferenceable(41) getelementptr inbounds (%struct.redisServer, %struct.redisServer* bitcast (%struct.redisServer.226* @server to %struct.redisServer*), i64 0, i32 288, i64 0), i8 48, i64 40, i1 false) #85, !dbg !37030",/home/jimi/PaperExperiment/CompilerOptimization/Result/redis/dg/dg-LLVM14-O2-g/high_precision_20260409_123302/log/cda_ntscd_icfg_quiet.lines.stderr.log
cda_ntscd_icfg_quiet,CDA,ntscd+icfg+pta+q,lines,"WARNING: Non-0 memset:   tail call void @llvm.memset.p0i8.i64(i8* align 1 %14, i8 32, i64 %13, i1 false), !dbg !37078",/home/jimi/PaperExperiment/CompilerOptimization/Result/redis/dg/dg-LLVM14-O2-g/high_precision_20260409_123302/log/cda_ntscd_icfg_quiet.lines.stderr.log
cda_ntscd_icfg_quiet,CDA,ntscd+icfg+pta+q,lines,"WARNING: Non-0 memset:   tail call void @llvm.memset.p0i8.i64(i8* align 1 %14, i8 32, i64 %13, i1 false), !dbg !37078",/home/jimi/PaperExperiment/CompilerOptimization/Result/redis/dg/dg-LLVM14-O2-g/high_precision_20260409_123302/log/cda_ntscd_icfg_quiet.lines.stderr.log
cda_ntscd_icfg_quiet,CDA,ntscd+icfg+pta+q,lines,"ShuffleVector instruction is not supported, loosing precision",/home/jimi/PaperExperiment/CompilerOptimization/Result/redis/dg/dg-LLVM14-O2-g/high_precision_20260409_123302/log/cda_ntscd_icfg_quiet.lines.stderr.log
cda_ntscd_icfg_quiet,CDA,ntscd+icfg+pta+q,lines,"ShuffleVector instruction is not supported, loosing precision",/home/jimi/PaperExperiment/CompilerOptimization/Result/redis/dg/dg-LLVM14-O2-g/high_precision_20260409_123302/log/cda_ntscd_icfg_quiet.lines.stderr.log
cda_ntscd_icfg_quiet,CDA,ntscd+icfg+pta+q,lines,"ShuffleVector instruction is not supported, loosing precision",/home/jimi/PaperExperiment/CompilerOptimization/Result/redis/dg/dg-LLVM14-O2-g/high_precision_20260409_123302/log/cda_ntscd_icfg_quiet.lines.stderr.log
cda_ntscd_icfg_ir,CDA,ntscd+icfg+pta+ir,lines,"[pta] UNHANDLED:   %82 = cmpxchg weak i64* @zmalloc_peak, i64 %79, i64 %75 monotonic monotonic, align 8, !dbg !37098",/home/jimi/PaperExperiment/CompilerOptimization/Result/redis/dg/dg-LLVM14-O2-g/high_precision_20260409_123302/log/cda_ntscd_icfg_ir.lines.stderr.log
cda_ntscd_icfg_ir,CDA,ntscd+icfg+pta+ir,lines,"WARNING: Non-0 memset:   call void @llvm.memset.p0i8.i64(i8* noundef nonnull align 1 dereferenceable(16) %14, i8 48, i64 16, i1 false) #85, !dbg !37150, !tbaa !37039",/home/jimi/PaperExperiment/CompilerOptimization/Result/redis/dg/dg-LLVM14-O2-g/high_precision_20260409_123302/log/cda_ntscd_icfg_ir.lines.stderr.log
cda_ntscd_icfg_ir,CDA,ntscd+icfg+pta+ir,lines,"[pta] UNHANDLED:   %83 = cmpxchg weak i64* @zmalloc_peak, i64 %80, i64 %76 monotonic monotonic, align 8, !dbg !37100",/home/jimi/PaperExperiment/CompilerOptimization/Result/redis/dg/dg-LLVM14-O2-g/high_precision_20260409_123302/log/cda_ntscd_icfg_ir.lines.stderr.log
cda_ntscd_icfg_ir,CDA,ntscd+icfg+pta+ir,lines,"[pta] UNHANDLED:   %83 = cmpxchg weak i64* @zmalloc_peak, i64 %80, i64 %76 monotonic monotonic, align 8, !dbg !37098",/home/jimi/PaperExperiment/CompilerOptimization/Result/redis/dg/dg-LLVM14-O2-g/high_precision_20260409_123302/log/cda_ntscd_icfg_ir.lines.stderr.log
cda_ntscd_icfg_ir,CDA,ntscd+icfg+pta+ir,lines,"ShuffleVector instruction is not supported, loosing precision",/home/jimi/PaperExperiment/CompilerOptimization/Result/redis/dg/dg-LLVM14-O2-g/high_precision_20260409_123302/log/cda_ntscd_icfg_ir.lines.stderr.log
cda_ntscd_icfg_ir,CDA,ntscd+icfg+pta+ir,lines,"ShuffleVector instruction is not supported, loosing precision",/home/jimi/PaperExperiment/CompilerOptimization/Result/redis/dg/dg-LLVM14-O2-g/high_precision_20260409_123302/log/cda_ntscd_icfg_ir.lines.stderr.log
cda_ntscd_icfg_ir,CDA,ntscd+icfg+pta+ir,lines,"[pta] UNHANDLED:   %82 = cmpxchg weak i64* @zmalloc_peak, i64 %79, i64 %75 monotonic monotonic, align 8, !dbg !37098",/home/jimi/PaperExperiment/CompilerOptimization/Result/redis/dg/dg-LLVM14-O2-g/high_precision_20260409_123302/log/cda_ntscd_icfg_ir.lines.stderr.log
cda_ntscd_icfg_ir,CDA,ntscd+icfg+pta+ir,lines,"[pta] UNHANDLED:   %129 = cmpxchg weak i64* @zmalloc_peak, i64 %126, i64 %122 monotonic monotonic, align 8, !dbg !37166",/home/jimi/PaperExperiment/CompilerOptimization/Result/redis/dg/dg-LLVM14-O2-g/high_precision_20260409_123302/log/cda_ntscd_icfg_ir.lines.stderr.log
cda_ntscd_icfg_ir,CDA,ntscd+icfg+pta+ir,lines,"[pta] UNHANDLED:   %82 = cmpxchg weak i64* @zmalloc_peak, i64 %79, i64 %75 monotonic monotonic, align 8, !dbg !37096",/home/jimi/PaperExperiment/CompilerOptimization/Result/redis/dg/dg-LLVM14-O2-g/high_precision_20260409_123302/log/cda_ntscd_icfg_ir.lines.stderr.log
cda_ntscd_icfg_ir,CDA,ntscd+icfg+pta+ir,lines,"ShuffleVector instruction is not supported, loosing precision",/home/jimi/PaperExperiment/CompilerOptimization/Result/redis/dg/dg-LLVM14-O2-g/high_precision_20260409_123302/log/cda_ntscd_icfg_ir.lines.stderr.log
cda_ntscd_icfg_ir,CDA,ntscd+icfg+pta+ir,lines,"WARNING: Non-0 memset:   tail call void @llvm.memset.p0i8.i64(i8* noundef nonnull align 1 dereferenceable(41) getelementptr inbounds (%struct.redisServer, %struct.redisServer* bitcast (%struct.redisServer.226* @server to %struct.redisServer*), i64 0, i32 288, i64 0), i8 48, i64 40, i1 false), !dbg !37002",/home/jimi/PaperExperiment/CompilerOptimization/Result/redis/dg/dg-LLVM14-O2-g/high_precision_20260409_123302/log/cda_ntscd_icfg_ir.lines.stderr.log
cda_ntscd_icfg_ir,CDA,ntscd+icfg+pta+ir,lines,"WARNING: Non-0 memset:   call void @llvm.memset.p0i8.i64(i8* noundef nonnull align 8 dereferenceable(16) bitcast (i64* getelementptr inbounds (%struct.redisServer.226, %struct.redisServer.226* @server, i64 0, i32 228) to i8*), i8 -1, i64 16, i1 false), !dbg !37152",/home/jimi/PaperExperiment/CompilerOptimization/Result/redis/dg/dg-LLVM14-O2-g/high_precision_20260409_123302/log/cda_ntscd_icfg_ir.lines.stderr.log
cda_ntscd_icfg_ir,CDA,ntscd+icfg+pta+ir,lines,"WARNING: Non-0 memset:   tail call void @llvm.memset.p0i8.i64(i8* noundef nonnull align 8 dereferenceable(128) %53, i8 -1, i64 128, i1 false), !dbg !37100",/home/jimi/PaperExperiment/CompilerOptimization/Result/redis/dg/dg-LLVM14-O2-g/high_precision_20260409_123302/log/cda_ntscd_icfg_ir.lines.stderr.log
cda_ntscd_icfg_ir,CDA,ntscd+icfg+pta+ir,lines,"WARNING: Saving stack may yield unsound results!:   %40 = call i8* @llvm.stacksave(), !dbg !37076",/home/jimi/PaperExperiment/CompilerOptimization/Result/redis/dg/dg-LLVM14-O2-g/high_precision_20260409_123302/log/cda_ntscd_icfg_ir.lines.stderr.log
cda_ntscd_icfg_ir,CDA,ntscd+icfg+pta+ir,lines,"[pta] UNHANDLED:   %91 = cmpxchg weak i64* @zmalloc_peak, i64 %88, i64 %84 monotonic monotonic, align 8, !dbg !37110",/home/jimi/PaperExperiment/CompilerOptimization/Result/redis/dg/dg-LLVM14-O2-g/high_precision_20260409_123302/log/cda_ntscd_icfg_ir.lines.stderr.log
cda_ntscd_icfg_ir,CDA,ntscd+icfg+pta+ir,lines,"ShuffleVector instruction is not supported, loosing precision",/home/jimi/PaperExperiment/CompilerOptimization/Result/redis/dg/dg-LLVM14-O2-g/high_precision_20260409_123302/log/cda_ntscd_icfg_ir.lines.stderr.log
cda_ntscd_icfg_ir,CDA,ntscd+icfg+pta+ir,lines,"ShuffleVector instruction is not supported, loosing precision",/home/jimi/PaperExperiment/CompilerOptimization/Result/redis/dg/dg-LLVM14-O2-g/high_precision_20260409_123302/log/cda_ntscd_icfg_ir.lines.stderr.log
cda_ntscd_icfg_ir,CDA,ntscd+icfg+pta+ir,lines,"ShuffleVector instruction is not supported, loosing precision",/home/jimi/PaperExperiment/CompilerOptimization/Result/redis/dg/dg-LLVM14-O2-g/high_precision_20260409_123302/log/cda_ntscd_icfg_ir.lines.stderr.log
cda_ntscd_icfg_ir,CDA,ntscd+icfg+pta+ir,lines,"ShuffleVector instruction is not supported, loosing precision",/home/jimi/PaperExperiment/CompilerOptimization/Result/redis/dg/dg-LLVM14-O2-g/high_precision_20260409_123302/log/cda_ntscd_icfg_ir.lines.stderr.log
cda_ntscd_icfg_ir,CDA,ntscd+icfg+pta+ir,lines,"ShuffleVector instruction is not supported, loosing precision",/home/jimi/PaperExperiment/CompilerOptimization/Result/redis/dg/dg-LLVM14-O2-g/high_precision_20260409_123302/log/cda_ntscd_icfg_ir.lines.stderr.log
cda_ntscd_icfg_ir,CDA,ntscd+icfg+pta+ir,lines,"ShuffleVector instruction is not supported, loosing precision",/home/jimi/PaperExperiment/CompilerOptimization/Result/redis/dg/dg-LLVM14-O2-g/high_precision_20260409_123302/log/cda_ntscd_icfg_ir.lines.stderr.log
cda_ntscd_icfg_ir,CDA,ntscd+icfg+pta+ir,lines,"ShuffleVector instruction is not supported, loosing precision",/home/jimi/PaperExperiment/CompilerOptimization/Result/redis/dg/dg-LLVM14-O2-g/high_precision_20260409_123302/log/cda_ntscd_icfg_ir.lines.stderr.log
cda_ntscd_icfg_ir,CDA,ntscd+icfg+pta+ir,lines,"ShuffleVector instruction is not supported, loosing precision",/home/jimi/PaperExperiment/CompilerOptimization/Result/redis/dg/dg-LLVM14-O2-g/high_precision_20260409_123302/log/cda_ntscd_icfg_ir.lines.stderr.log
cda_ntscd_icfg_ir,CDA,ntscd+icfg+pta+ir,lines,"ShuffleVector instruction is not supported, loosing precision",/home/jimi/PaperExperiment/CompilerOptimization/Result/redis/dg/dg-LLVM14-O2-g/high_precision_20260409_123302/log/cda_ntscd_icfg_ir.lines.stderr.log
cda_ntscd_icfg_ir,CDA,ntscd+icfg+pta+ir,lines,"ShuffleVector instruction is not supported, loosing precision",/home/jimi/PaperExperiment/CompilerOptimization/Result/redis/dg/dg-LLVM14-O2-g/high_precision_20260409_123302/log/cda_ntscd_icfg_ir.lines.stderr.log
cda_ntscd_icfg_ir,CDA,ntscd+icfg+pta+ir,lines,"ShuffleVector instruction is not supported, loosing precision",/home/jimi/PaperExperiment/CompilerOptimization/Result/redis/dg/dg-LLVM14-O2-g/high_precision_20260409_123302/log/cda_ntscd_icfg_ir.lines.stderr.log
cda_ntscd_icfg_ir,CDA,ntscd+icfg+pta+ir,lines,"ShuffleVector instruction is not supported, loosing precision",/home/jimi/PaperExperiment/CompilerOptimization/Result/redis/dg/dg-LLVM14-O2-g/high_precision_20260409_123302/log/cda_ntscd_icfg_ir.lines.stderr.log
cda_ntscd_icfg_ir,CDA,ntscd+icfg+pta+ir,lines,"ShuffleVector instruction is not supported, loosing precision",/home/jimi/PaperExperiment/CompilerOptimization/Result/redis/dg/dg-LLVM14-O2-g/high_precision_20260409_123302/log/cda_ntscd_icfg_ir.lines.stderr.log
cda_ntscd_icfg_ir,CDA,ntscd+icfg+pta+ir,lines,"ShuffleVector instruction is not supported, loosing precision",/home/jimi/PaperExperiment/CompilerOptimization/Result/redis/dg/dg-LLVM14-O2-g/high_precision_20260409_123302/log/cda_ntscd_icfg_ir.lines.stderr.log
cda_ntscd_icfg_ir,CDA,ntscd+icfg+pta+ir,lines,"ShuffleVector instruction is not supported, loosing precision",/home/jimi/PaperExperiment/CompilerOptimization/Result/redis/dg/dg-LLVM14-O2-g/high_precision_20260409_123302/log/cda_ntscd_icfg_ir.lines.stderr.log
cda_ntscd_icfg_ir,CDA,ntscd+icfg+pta+ir,lines,"ShuffleVector instruction is not supported, loosing precision",/home/jimi/PaperExperiment/CompilerOptimization/Result/redis/dg/dg-LLVM14-O2-g/high_precision_20260409_123302/log/cda_ntscd_icfg_ir.lines.stderr.log
cda_ntscd_icfg_ir,CDA,ntscd+icfg+pta+ir,lines,"ShuffleVector instruction is not supported, loosing precision",/home/jimi/PaperExperiment/CompilerOptimization/Result/redis/dg/dg-LLVM14-O2-g/high_precision_20260409_123302/log/cda_ntscd_icfg_ir.lines.stderr.log
cda_ntscd_icfg_ir,CDA,ntscd+icfg+pta+ir,lines,"ShuffleVector instruction is not supported, loosing precision",/home/jimi/PaperExperiment/CompilerOptimization/Result/redis/dg/dg-LLVM14-O2-g/high_precision_20260409_123302/log/cda_ntscd_icfg_ir.lines.stderr.log
cda_ntscd_icfg_ir,CDA,ntscd+icfg+pta+ir,lines,"ShuffleVector instruction is not supported, loosing precision",/home/jimi/PaperExperiment/CompilerOptimization/Result/redis/dg/dg-LLVM14-O2-g/high_precision_20260409_123302/log/cda_ntscd_icfg_ir.lines.stderr.log
cda_ntscd_icfg_ir,CDA,ntscd+icfg+pta+ir,lines,"ShuffleVector instruction is not supported, loosing precision",/home/jimi/PaperExperiment/CompilerOptimization/Result/redis/dg/dg-LLVM14-O2-g/high_precision_20260409_123302/log/cda_ntscd_icfg_ir.lines.stderr.log
cda_ntscd_icfg_ir,CDA,ntscd+icfg+pta+ir,lines,"ShuffleVector instruction is not supported, loosing precision",/home/jimi/PaperExperiment/CompilerOptimization/Result/redis/dg/dg-LLVM14-O2-g/high_precision_20260409_123302/log/cda_ntscd_icfg_ir.lines.stderr.log
cda_ntscd_icfg_ir,CDA,ntscd+icfg+pta+ir,lines,"ShuffleVector instruction is not supported, loosing precision",/home/jimi/PaperExperiment/CompilerOptimization/Result/redis/dg/dg-LLVM14-O2-g/high_precision_20260409_123302/log/cda_ntscd_icfg_ir.lines.stderr.log
cda_ntscd_icfg_ir,CDA,ntscd+icfg+pta+ir,lines,"ShuffleVector instruction is not supported, loosing precision",/home/jimi/PaperExperiment/CompilerOptimization/Result/redis/dg/dg-LLVM14-O2-g/high_precision_20260409_123302/log/cda_ntscd_icfg_ir.lines.stderr.log
cda_ntscd_icfg_ir,CDA,ntscd+icfg+pta+ir,lines,"ShuffleVector instruction is not supported, loosing precision",/home/jimi/PaperExperiment/CompilerOptimization/Result/redis/dg/dg-LLVM14-O2-g/high_precision_20260409_123302/log/cda_ntscd_icfg_ir.lines.stderr.log
cda_ntscd_icfg_ir,CDA,ntscd+icfg+pta+ir,lines,"ShuffleVector instruction is not supported, loosing precision",/home/jimi/PaperExperiment/CompilerOptimization/Result/redis/dg/dg-LLVM14-O2-g/high_precision_20260409_123302/log/cda_ntscd_icfg_ir.lines.stderr.log
cda_ntscd_icfg_ir,CDA,ntscd+icfg+pta+ir,lines,"ShuffleVector instruction is not supported, loosing precision",/home/jimi/PaperExperiment/CompilerOptimization/Result/redis/dg/dg-LLVM14-O2-g/high_precision_20260409_123302/log/cda_ntscd_icfg_ir.lines.stderr.log
cda_ntscd_icfg_ir,CDA,ntscd+icfg+pta+ir,lines,"ShuffleVector instruction is not supported, loosing precision",/home/jimi/PaperExperiment/CompilerOptimization/Result/redis/dg/dg-LLVM14-O2-g/high_precision_20260409_123302/log/cda_ntscd_icfg_ir.lines.stderr.log
cda_ntscd_icfg_ir,CDA,ntscd+icfg+pta+ir,lines,"ShuffleVector instruction is not supported, loosing precision",/home/jimi/PaperExperiment/CompilerOptimization/Result/redis/dg/dg-LLVM14-O2-g/high_precision_20260409_123302/log/cda_ntscd_icfg_ir.lines.stderr.log
cda_ntscd_icfg_ir,CDA,ntscd+icfg+pta+ir,lines,"ShuffleVector instruction is not supported, loosing precision",/home/jimi/PaperExperiment/CompilerOptimization/Result/redis/dg/dg-LLVM14-O2-g/high_precision_20260409_123302/log/cda_ntscd_icfg_ir.lines.stderr.log
cda_ntscd_icfg_ir,CDA,ntscd+icfg+pta+ir,lines,"ShuffleVector instruction is not supported, loosing precision",/home/jimi/PaperExperiment/CompilerOptimization/Result/redis/dg/dg-LLVM14-O2-g/high_precision_20260409_123302/log/cda_ntscd_icfg_ir.lines.stderr.log
cda_ntscd_icfg_ir,CDA,ntscd+icfg+pta+ir,lines,"ShuffleVector instruction is not supported, loosing precision",/home/jimi/PaperExperiment/CompilerOptimization/Result/redis/dg/dg-LLVM14-O2-g/high_precision_20260409_123302/log/cda_ntscd_icfg_ir.lines.stderr.log
cda_ntscd_icfg_ir,CDA,ntscd+icfg+pta+ir,lines,"ShuffleVector instruction is not supported, loosing precision",/home/jimi/PaperExperiment/CompilerOptimization/Result/redis/dg/dg-LLVM14-O2-g/high_precision_20260409_123302/log/cda_ntscd_icfg_ir.lines.stderr.log
cda_ntscd_icfg_ir,CDA,ntscd+icfg+pta+ir,lines,"ShuffleVector instruction is not supported, loosing precision",/home/jimi/PaperExperiment/CompilerOptimization/Result/redis/dg/dg-LLVM14-O2-g/high_precision_20260409_123302/log/cda_ntscd_icfg_ir.lines.stderr.log
cda_ntscd_icfg_ir,CDA,ntscd+icfg+pta+ir,lines,"ShuffleVector instruction is not supported, loosing precision",/home/jimi/PaperExperiment/CompilerOptimization/Result/redis/dg/dg-LLVM14-O2-g/high_precision_20260409_123302/log/cda_ntscd_icfg_ir.lines.stderr.log
cda_ntscd_icfg_ir,CDA,ntscd+icfg+pta+ir,lines,"ShuffleVector instruction is not supported, loosing precision",/home/jimi/PaperExperiment/CompilerOptimization/Result/redis/dg/dg-LLVM14-O2-g/high_precision_20260409_123302/log/cda_ntscd_icfg_ir.lines.stderr.log
cda_ntscd_icfg_ir,CDA,ntscd+icfg+pta+ir,lines,"ShuffleVector instruction is not supported, loosing precision",/home/jimi/PaperExperiment/CompilerOptimization/Result/redis/dg/dg-LLVM14-O2-g/high_precision_20260409_123302/log/cda_ntscd_icfg_ir.lines.stderr.log
cda_ntscd_icfg_ir,CDA,ntscd+icfg+pta+ir,lines,"ShuffleVector instruction is not supported, loosing precision",/home/jimi/PaperExperiment/CompilerOptimization/Result/redis/dg/dg-LLVM14-O2-g/high_precision_20260409_123302/log/cda_ntscd_icfg_ir.lines.stderr.log
cda_ntscd_icfg_ir,CDA,ntscd+icfg+pta+ir,lines,"ShuffleVector instruction is not supported, loosing precision",/home/jimi/PaperExperiment/CompilerOptimization/Result/redis/dg/dg-LLVM14-O2-g/high_precision_20260409_123302/log/cda_ntscd_icfg_ir.lines.stderr.log
cda_ntscd_icfg_ir,CDA,ntscd+icfg+pta+ir,lines,"ShuffleVector instruction is not supported, loosing precision",/home/jimi/PaperExperiment/CompilerOptimization/Result/redis/dg/dg-LLVM14-O2-g/high_precision_20260409_123302/log/cda_ntscd_icfg_ir.lines.stderr.log
cda_ntscd_icfg_ir,CDA,ntscd+icfg+pta+ir,lines,"ShuffleVector instruction is not supported, loosing precision",/home/jimi/PaperExperiment/CompilerOptimization/Result/redis/dg/dg-LLVM14-O2-g/high_precision_20260409_123302/log/cda_ntscd_icfg_ir.lines.stderr.log
cda_ntscd_icfg_ir,CDA,ntscd+icfg+pta+ir,lines,"ShuffleVector instruction is not supported, loosing precision",/home/jimi/PaperExperiment/CompilerOptimization/Result/redis/dg/dg-LLVM14-O2-g/high_precision_20260409_123302/log/cda_ntscd_icfg_ir.lines.stderr.log
cda_ntscd_icfg_ir,CDA,ntscd+icfg+pta+ir,lines,"ShuffleVector instruction is not supported, loosing precision",/home/jimi/PaperExperiment/CompilerOptimization/Result/redis/dg/dg-LLVM14-O2-g/high_precision_20260409_123302/log/cda_ntscd_icfg_ir.lines.stderr.log
cda_ntscd_icfg_ir,CDA,ntscd+icfg+pta+ir,lines,"ShuffleVector instruction is not supported, loosing precision",/home/jimi/PaperExperiment/CompilerOptimization/Result/redis/dg/dg-LLVM14-O2-g/high_precision_20260409_123302/log/cda_ntscd_icfg_ir.lines.stderr.log
cda_ntscd_icfg_ir,CDA,ntscd+icfg+pta+ir,lines,"ShuffleVector instruction is not supported, loosing precision",/home/jimi/PaperExperiment/CompilerOptimization/Result/redis/dg/dg-LLVM14-O2-g/high_precision_20260409_123302/log/cda_ntscd_icfg_ir.lines.stderr.log
cda_ntscd_icfg_ir,CDA,ntscd+icfg+pta+ir,lines,"ShuffleVector instruction is not supported, loosing precision",/home/jimi/PaperExperiment/CompilerOptimization/Result/redis/dg/dg-LLVM14-O2-g/high_precision_20260409_123302/log/cda_ntscd_icfg_ir.lines.stderr.log
cda_ntscd_icfg_ir,CDA,ntscd+icfg+pta+ir,lines,"ShuffleVector instruction is not supported, loosing precision",/home/jimi/PaperExperiment/CompilerOptimization/Result/redis/dg/dg-LLVM14-O2-g/high_precision_20260409_123302/log/cda_ntscd_icfg_ir.lines.stderr.log
cda_ntscd_icfg_ir,CDA,ntscd+icfg+pta+ir,lines,"ShuffleVector instruction is not supported, loosing precision",/home/jimi/PaperExperiment/CompilerOptimization/Result/redis/dg/dg-LLVM14-O2-g/high_precision_20260409_123302/log/cda_ntscd_icfg_ir.lines.stderr.log
cda_ntscd_icfg_ir,CDA,ntscd+icfg+pta+ir,lines,"ShuffleVector instruction is not supported, loosing precision",/home/jimi/PaperExperiment/CompilerOptimization/Result/redis/dg/dg-LLVM14-O2-g/high_precision_20260409_123302/log/cda_ntscd_icfg_ir.lines.stderr.log
cda_ntscd_icfg_ir,CDA,ntscd+icfg+pta+ir,lines,"ShuffleVector instruction is not supported, loosing precision",/home/jimi/PaperExperiment/CompilerOptimization/Result/redis/dg/dg-LLVM14-O2-g/high_precision_20260409_123302/log/cda_ntscd_icfg_ir.lines.stderr.log
cda_ntscd_icfg_ir,CDA,ntscd+icfg+pta+ir,lines,"ShuffleVector instruction is not supported, loosing precision",/home/jimi/PaperExperiment/CompilerOptimization/Result/redis/dg/dg-LLVM14-O2-g/high_precision_20260409_123302/log/cda_ntscd_icfg_ir.lines.stderr.log
cda_ntscd_icfg_ir,CDA,ntscd+icfg+pta+ir,lines,"ShuffleVector instruction is not supported, loosing precision",/home/jimi/PaperExperiment/CompilerOptimization/Result/redis/dg/dg-LLVM14-O2-g/high_precision_20260409_123302/log/cda_ntscd_icfg_ir.lines.stderr.log
cda_ntscd_icfg_ir,CDA,ntscd+icfg+pta+ir,lines,"ShuffleVector instruction is not supported, loosing precision",/home/jimi/PaperExperiment/CompilerOptimization/Result/redis/dg/dg-LLVM14-O2-g/high_precision_20260409_123302/log/cda_ntscd_icfg_ir.lines.stderr.log
cda_ntscd_icfg_ir,CDA,ntscd+icfg+pta+ir,lines,"ShuffleVector instruction is not supported, loosing precision",/home/jimi/PaperExperiment/CompilerOptimization/Result/redis/dg/dg-LLVM14-O2-g/high_precision_20260409_123302/log/cda_ntscd_icfg_ir.lines.stderr.log
cda_ntscd_icfg_ir,CDA,ntscd+icfg+pta+ir,lines,"ShuffleVector instruction is not supported, loosing precision",/home/jimi/PaperExperiment/CompilerOptimization/Result/redis/dg/dg-LLVM14-O2-g/high_precision_20260409_123302/log/cda_ntscd_icfg_ir.lines.stderr.log
cda_ntscd_icfg_ir,CDA,ntscd+icfg+pta+ir,lines,"ShuffleVector instruction is not supported, loosing precision",/home/jimi/PaperExperiment/CompilerOptimization/Result/redis/dg/dg-LLVM14-O2-g/high_precision_20260409_123302/log/cda_ntscd_icfg_ir.lines.stderr.log
cda_ntscd_icfg_ir,CDA,ntscd+icfg+pta+ir,lines,"ShuffleVector instruction is not supported, loosing precision",/home/jimi/PaperExperiment/CompilerOptimization/Result/redis/dg/dg-LLVM14-O2-g/high_precision_20260409_123302/log/cda_ntscd_icfg_ir.lines.stderr.log
cda_ntscd_icfg_ir,CDA,ntscd+icfg+pta+ir,lines,"WARNING: Non-0 memset:   call void @llvm.memset.p0i8.i64(i8* noundef nonnull align 8 dereferenceable(16) %25, i8 -1, i64 16, i1 false), !dbg !37067",/home/jimi/PaperExperiment/CompilerOptimization/Result/redis/dg/dg-LLVM14-O2-g/high_precision_20260409_123302/log/cda_ntscd_icfg_ir.lines.stderr.log
cda_ntscd_icfg_ir,CDA,ntscd+icfg+pta+ir,lines,"ShuffleVector instruction is not supported, loosing precision",/home/jimi/PaperExperiment/CompilerOptimization/Result/redis/dg/dg-LLVM14-O2-g/high_precision_20260409_123302/log/cda_ntscd_icfg_ir.lines.stderr.log
cda_ntscd_icfg_ir,CDA,ntscd+icfg+pta+ir,lines,"ShuffleVector instruction is not supported, loosing precision",/home/jimi/PaperExperiment/CompilerOptimization/Result/redis/dg/dg-LLVM14-O2-g/high_precision_20260409_123302/log/cda_ntscd_icfg_ir.lines.stderr.log
cda_ntscd_icfg_ir,CDA,ntscd+icfg+pta+ir,lines,"ShuffleVector instruction is not supported, loosing precision",/home/jimi/PaperExperiment/CompilerOptimization/Result/redis/dg/dg-LLVM14-O2-g/high_precision_20260409_123302/log/cda_ntscd_icfg_ir.lines.stderr.log
cda_ntscd_icfg_ir,CDA,ntscd+icfg+pta+ir,lines,"ShuffleVector instruction is not supported, loosing precision",/home/jimi/PaperExperiment/CompilerOptimization/Result/redis/dg/dg-LLVM14-O2-g/high_precision_20260409_123302/log/cda_ntscd_icfg_ir.lines.stderr.log
cda_ntscd_icfg_ir,CDA,ntscd+icfg+pta+ir,lines,"ShuffleVector instruction is not supported, loosing precision",/home/jimi/PaperExperiment/CompilerOptimization/Result/redis/dg/dg-LLVM14-O2-g/high_precision_20260409_123302/log/cda_ntscd_icfg_ir.lines.stderr.log
cda_ntscd_icfg_ir,CDA,ntscd+icfg+pta+ir,lines,"ShuffleVector instruction is not supported, loosing precision",/home/jimi/PaperExperiment/CompilerOptimization/Result/redis/dg/dg-LLVM14-O2-g/high_precision_20260409_123302/log/cda_ntscd_icfg_ir.lines.stderr.log
cda_ntscd_icfg_ir,CDA,ntscd+icfg+pta+ir,lines,"[pta] UNHANDLED:   %367 = insertvalue { i8*, i32 } poison, i8* %365, 0, !dbg !37605",/home/jimi/PaperExperiment/CompilerOptimization/Result/redis/dg/dg-LLVM14-O2-g/high_precision_20260409_123302/log/cda_ntscd_icfg_ir.lines.stderr.log
cda_ntscd_icfg_ir,CDA,ntscd+icfg+pta+ir,lines,"[pta] UNHANDLED:   %368 = insertvalue { i8*, i32 } %367, i32 %366, 1, !dbg !37605",/home/jimi/PaperExperiment/CompilerOptimization/Result/redis/dg/dg-LLVM14-O2-g/high_precision_20260409_123302/log/cda_ntscd_icfg_ir.lines.stderr.log
cda_ntscd_icfg_ir,CDA,ntscd+icfg+pta+ir,lines,"[pta] UNHANDLED:   %96 = insertvalue { i8*, i32 } poison, i8* %95, 0, !dbg !37112",/home/jimi/PaperExperiment/CompilerOptimization/Result/redis/dg/dg-LLVM14-O2-g/high_precision_20260409_123302/log/cda_ntscd_icfg_ir.lines.stderr.log
cda_ntscd_icfg_ir,CDA,ntscd+icfg+pta+ir,lines,"[pta] UNHANDLED:   %97 = insertvalue { i8*, i32 } %96, i32 %94, 1, !dbg !37112",/home/jimi/PaperExperiment/CompilerOptimization/Result/redis/dg/dg-LLVM14-O2-g/high_precision_20260409_123302/log/cda_ntscd_icfg_ir.lines.stderr.log
cda_ntscd_icfg_ir,CDA,ntscd+icfg+pta+ir,lines,"[pta] UNHANDLED:   %374 = insertvalue { i8*, i32 } poison, i8* %6, 0, !dbg !37505",/home/jimi/PaperExperiment/CompilerOptimization/Result/redis/dg/dg-LLVM14-O2-g/high_precision_20260409_123302/log/cda_ntscd_icfg_ir.lines.stderr.log
cda_ntscd_icfg_ir,CDA,ntscd+icfg+pta+ir,lines,"[pta] UNHANDLED:   %375 = insertvalue { i8*, i32 } %374, i32 %373, 1, !dbg !37505",/home/jimi/PaperExperiment/CompilerOptimization/Result/redis/dg/dg-LLVM14-O2-g/high_precision_20260409_123302/log/cda_ntscd_icfg_ir.lines.stderr.log
cda_ntscd_icfg_ir,CDA,ntscd+icfg+pta+ir,lines,"[pta] UNHANDLED:   %186 = insertvalue { i64, i32 } poison, i64 %185, 0, !dbg !37421",/home/jimi/PaperExperiment/CompilerOptimization/Result/redis/dg/dg-LLVM14-O2-g/high_precision_20260409_123302/log/cda_ntscd_icfg_ir.lines.stderr.log
cda_ntscd_icfg_ir,CDA,ntscd+icfg+pta+ir,lines,"[pta] UNHANDLED:   %187 = insertvalue { i64, i32 } %186, i32 %183, 1, !dbg !37421",/home/jimi/PaperExperiment/CompilerOptimization/Result/redis/dg/dg-LLVM14-O2-g/high_precision_20260409_123302/log/cda_ntscd_icfg_ir.lines.stderr.log
cda_ntscd_icfg_ir,CDA,ntscd+icfg+pta+ir,lines,"ShuffleVector instruction is not supported, loosing precision",/home/jimi/PaperExperiment/CompilerOptimization/Result/redis/dg/dg-LLVM14-O2-g/high_precision_20260409_123302/log/cda_ntscd_icfg_ir.lines.stderr.log
cda_ntscd_icfg_ir,CDA,ntscd+icfg+pta+ir,lines,"ShuffleVector instruction is not supported, loosing precision",/home/jimi/PaperExperiment/CompilerOptimization/Result/redis/dg/dg-LLVM14-O2-g/high_precision_20260409_123302/log/cda_ntscd_icfg_ir.lines.stderr.log
cda_ntscd_icfg_ir,CDA,ntscd+icfg+pta+ir,lines,"ShuffleVector instruction is not supported, loosing precision",/home/jimi/PaperExperiment/CompilerOptimization/Result/redis/dg/dg-LLVM14-O2-g/high_precision_20260409_123302/log/cda_ntscd_icfg_ir.lines.stderr.log
cda_ntscd_icfg_ir,CDA,ntscd+icfg+pta+ir,lines,"ShuffleVector instruction is not supported, loosing precision",/home/jimi/PaperExperiment/CompilerOptimization/Result/redis/dg/dg-LLVM14-O2-g/high_precision_20260409_123302/log/cda_ntscd_icfg_ir.lines.stderr.log
cda_ntscd_icfg_ir,CDA,ntscd+icfg+pta+ir,lines,"ShuffleVector instruction is not supported, loosing precision",/home/jimi/PaperExperiment/CompilerOptimization/Result/redis/dg/dg-LLVM14-O2-g/high_precision_20260409_123302/log/cda_ntscd_icfg_ir.lines.stderr.log
cda_ntscd_icfg_ir,CDA,ntscd+icfg+pta+ir,lines,"ShuffleVector instruction is not supported, loosing precision",/home/jimi/PaperExperiment/CompilerOptimization/Result/redis/dg/dg-LLVM14-O2-g/high_precision_20260409_123302/log/cda_ntscd_icfg_ir.lines.stderr.log
cda_ntscd_icfg_ir,CDA,ntscd+icfg+pta+ir,lines,"ShuffleVector instruction is not supported, loosing precision",/home/jimi/PaperExperiment/CompilerOptimization/Result/redis/dg/dg-LLVM14-O2-g/high_precision_20260409_123302/log/cda_ntscd_icfg_ir.lines.stderr.log
cda_ntscd_icfg_ir,CDA,ntscd+icfg+pta+ir,lines,"ShuffleVector instruction is not supported, loosing precision",/home/jimi/PaperExperiment/CompilerOptimization/Result/redis/dg/dg-LLVM14-O2-g/high_precision_20260409_123302/log/cda_ntscd_icfg_ir.lines.stderr.log
cda_ntscd_icfg_ir,CDA,ntscd+icfg+pta+ir,lines,"ShuffleVector instruction is not supported, loosing precision",/home/jimi/PaperExperiment/CompilerOptimization/Result/redis/dg/dg-LLVM14-O2-g/high_precision_20260409_123302/log/cda_ntscd_icfg_ir.lines.stderr.log
cda_ntscd_icfg_ir,CDA,ntscd+icfg+pta+ir,lines,"ShuffleVector instruction is not supported, loosing precision",/home/jimi/PaperExperiment/CompilerOptimization/Result/redis/dg/dg-LLVM14-O2-g/high_precision_20260409_123302/log/cda_ntscd_icfg_ir.lines.stderr.log
cda_ntscd_icfg_ir,CDA,ntscd+icfg+pta+ir,lines,"[pta] UNHANDLED:   %392 = insertvalue { i64, i32 } poison, i64 %390, 0, !dbg !37642",/home/jimi/PaperExperiment/CompilerOptimization/Result/redis/dg/dg-LLVM14-O2-g/high_precision_20260409_123302/log/cda_ntscd_icfg_ir.lines.stderr.log
cda_ntscd_icfg_ir,CDA,ntscd+icfg+pta+ir,lines,"[pta] UNHANDLED:   %393 = insertvalue { i64, i32 } %392, i32 %391, 1, !dbg !37642",/home/jimi/PaperExperiment/CompilerOptimization/Result/redis/dg/dg-LLVM14-O2-g/high_precision_20260409_123302/log/cda_ntscd_icfg_ir.lines.stderr.log
cda_ntscd_icfg_ir,CDA,ntscd+icfg+pta+ir,lines,"ShuffleVector instruction is not supported, loosing precision",/home/jimi/PaperExperiment/CompilerOptimization/Result/redis/dg/dg-LLVM14-O2-g/high_precision_20260409_123302/log/cda_ntscd_icfg_ir.lines.stderr.log
cda_ntscd_icfg_ir,CDA,ntscd+icfg+pta+ir,lines,"ShuffleVector instruction is not supported, loosing precision",/home/jimi/PaperExperiment/CompilerOptimization/Result/redis/dg/dg-LLVM14-O2-g/high_precision_20260409_123302/log/cda_ntscd_icfg_ir.lines.stderr.log
cda_ntscd_icfg_ir,CDA,ntscd+icfg+pta+ir,lines,"ShuffleVector instruction is not supported, loosing precision",/home/jimi/PaperExperiment/CompilerOptimization/Result/redis/dg/dg-LLVM14-O2-g/high_precision_20260409_123302/log/cda_ntscd_icfg_ir.lines.stderr.log
cda_ntscd_icfg_ir,CDA,ntscd+icfg+pta+ir,lines,"ShuffleVector instruction is not supported, loosing precision",/home/jimi/PaperExperiment/CompilerOptimization/Result/redis/dg/dg-LLVM14-O2-g/high_precision_20260409_123302/log/cda_ntscd_icfg_ir.lines.stderr.log
cda_ntscd_icfg_ir,CDA,ntscd+icfg+pta+ir,lines,"ShuffleVector instruction is not supported, loosing precision",/home/jimi/PaperExperiment/CompilerOptimization/Result/redis/dg/dg-LLVM14-O2-g/high_precision_20260409_123302/log/cda_ntscd_icfg_ir.lines.stderr.log
cda_ntscd_icfg_ir,CDA,ntscd+icfg+pta+ir,lines,"ShuffleVector instruction is not supported, loosing precision",/home/jimi/PaperExperiment/CompilerOptimization/Result/redis/dg/dg-LLVM14-O2-g/high_precision_20260409_123302/log/cda_ntscd_icfg_ir.lines.stderr.log
cda_ntscd_icfg_ir,CDA,ntscd+icfg+pta+ir,lines,"ShuffleVector instruction is not supported, loosing precision",/home/jimi/PaperExperiment/CompilerOptimization/Result/redis/dg/dg-LLVM14-O2-g/high_precision_20260409_123302/log/cda_ntscd_icfg_ir.lines.stderr.log
cda_ntscd_icfg_ir,CDA,ntscd+icfg+pta+ir,lines,"ShuffleVector instruction is not supported, loosing precision",/home/jimi/PaperExperiment/CompilerOptimization/Result/redis/dg/dg-LLVM14-O2-g/high_precision_20260409_123302/log/cda_ntscd_icfg_ir.lines.stderr.log
cda_ntscd_icfg_ir,CDA,ntscd+icfg+pta+ir,lines,"ShuffleVector instruction is not supported, loosing precision",/home/jimi/PaperExperiment/CompilerOptimization/Result/redis/dg/dg-LLVM14-O2-g/high_precision_20260409_123302/log/cda_ntscd_icfg_ir.lines.stderr.log
cda_ntscd_icfg_ir,CDA,ntscd+icfg+pta+ir,lines,"ShuffleVector instruction is not supported, loosing precision",/home/jimi/PaperExperiment/CompilerOptimization/Result/redis/dg/dg-LLVM14-O2-g/high_precision_20260409_123302/log/cda_ntscd_icfg_ir.lines.stderr.log
cda_ntscd_icfg_ir,CDA,ntscd+icfg+pta+ir,lines,"ShuffleVector instruction is not supported, loosing precision",/home/jimi/PaperExperiment/CompilerOptimization/Result/redis/dg/dg-LLVM14-O2-g/high_precision_20260409_123302/log/cda_ntscd_icfg_ir.lines.stderr.log
cda_ntscd_icfg_ir,CDA,ntscd+icfg+pta+ir,lines,"ShuffleVector instruction is not supported, loosing precision",/home/jimi/PaperExperiment/CompilerOptimization/Result/redis/dg/dg-LLVM14-O2-g/high_precision_20260409_123302/log/cda_ntscd_icfg_ir.lines.stderr.log
cda_ntscd_icfg_ir,CDA,ntscd+icfg+pta+ir,lines,"ShuffleVector instruction is not supported, loosing precision",/home/jimi/PaperExperiment/CompilerOptimization/Result/redis/dg/dg-LLVM14-O2-g/high_precision_20260409_123302/log/cda_ntscd_icfg_ir.lines.stderr.log
cda_ntscd_icfg_ir,CDA,ntscd+icfg+pta+ir,lines,"ShuffleVector instruction is not supported, loosing precision",/home/jimi/PaperExperiment/CompilerOptimization/Result/redis/dg/dg-LLVM14-O2-g/high_precision_20260409_123302/log/cda_ntscd_icfg_ir.lines.stderr.log
cda_ntscd_icfg_ir,CDA,ntscd+icfg+pta+ir,lines,"ShuffleVector instruction is not supported, loosing precision",/home/jimi/PaperExperiment/CompilerOptimization/Result/redis/dg/dg-LLVM14-O2-g/high_precision_20260409_123302/log/cda_ntscd_icfg_ir.lines.stderr.log
cda_ntscd_icfg_ir,CDA,ntscd+icfg+pta+ir,lines,"ShuffleVector instruction is not supported, loosing precision",/home/jimi/PaperExperiment/CompilerOptimization/Result/redis/dg/dg-LLVM14-O2-g/high_precision_20260409_123302/log/cda_ntscd_icfg_ir.lines.stderr.log
cda_ntscd_icfg_ir,CDA,ntscd+icfg+pta+ir,lines,"ShuffleVector instruction is not supported, loosing precision",/home/jimi/PaperExperiment/CompilerOptimization/Result/redis/dg/dg-LLVM14-O2-g/high_precision_20260409_123302/log/cda_ntscd_icfg_ir.lines.stderr.log
cda_ntscd_icfg_ir,CDA,ntscd+icfg+pta+ir,lines,"ShuffleVector instruction is not supported, loosing precision",/home/jimi/PaperExperiment/CompilerOptimization/Result/redis/dg/dg-LLVM14-O2-g/high_precision_20260409_123302/log/cda_ntscd_icfg_ir.lines.stderr.log
cda_ntscd_icfg_ir,CDA,ntscd+icfg+pta+ir,lines,"ShuffleVector instruction is not supported, loosing precision",/home/jimi/PaperExperiment/CompilerOptimization/Result/redis/dg/dg-LLVM14-O2-g/high_precision_20260409_123302/log/cda_ntscd_icfg_ir.lines.stderr.log
cda_ntscd_icfg_ir,CDA,ntscd+icfg+pta+ir,lines,"ShuffleVector instruction is not supported, loosing precision",/home/jimi/PaperExperiment/CompilerOptimization/Result/redis/dg/dg-LLVM14-O2-g/high_precision_20260409_123302/log/cda_ntscd_icfg_ir.lines.stderr.log
cda_ntscd_icfg_ir,CDA,ntscd+icfg+pta+ir,lines,"[pta] UNHANDLED:   %82 = cmpxchg weak i64* @zmalloc_peak, i64 %79, i64 %75 monotonic monotonic, align 8, !dbg !37096",/home/jimi/PaperExperiment/CompilerOptimization/Result/redis/dg/dg-LLVM14-O2-g/high_precision_20260409_123302/log/cda_ntscd_icfg_ir.lines.stderr.log
cda_ntscd_icfg_ir,CDA,ntscd+icfg+pta+ir,lines,"WARNING: Non-0 memset:   call void @llvm.memset.p0i8.i64(i8* noundef nonnull align 8 dereferenceable(16) %12, i8 -1, i64 16, i1 false), !dbg !37032",/home/jimi/PaperExperiment/CompilerOptimization/Result/redis/dg/dg-LLVM14-O2-g/high_precision_20260409_123302/log/cda_ntscd_icfg_ir.lines.stderr.log
cda_ntscd_icfg_ir,CDA,ntscd+icfg+pta+ir,lines,"WARNING: Non-0 memset:   call void @llvm.memset.p0i8.i64(i8* noundef nonnull align 8 dereferenceable(16) %14, i8 -1, i64 16, i1 false) #85, !dbg !37066",/home/jimi/PaperExperiment/CompilerOptimization/Result/redis/dg/dg-LLVM14-O2-g/high_precision_20260409_123302/log/cda_ntscd_icfg_ir.lines.stderr.log
cda_ntscd_icfg_ir,CDA,ntscd+icfg+pta+ir,lines,"WARNING: Non-0 memset:   call void @llvm.memset.p0i8.i64(i8* noundef nonnull align 8 dereferenceable(16) %20, i8 -1, i64 16, i1 false), !dbg !37074",/home/jimi/PaperExperiment/CompilerOptimization/Result/redis/dg/dg-LLVM14-O2-g/high_precision_20260409_123302/log/cda_ntscd_icfg_ir.lines.stderr.log
cda_ntscd_icfg_ir,CDA,ntscd+icfg+pta+ir,lines,"WARNING: Non-0 memset:   call void @llvm.memset.p0i8.i64(i8* noundef nonnull align 8 dereferenceable(16) %32, i8 -1, i64 16, i1 false), !dbg !37106",/home/jimi/PaperExperiment/CompilerOptimization/Result/redis/dg/dg-LLVM14-O2-g/high_precision_20260409_123302/log/cda_ntscd_icfg_ir.lines.stderr.log
cda_ntscd_icfg_ir,CDA,ntscd+icfg+pta+ir,lines,"WARNING: Non-0 memset:   tail call void @llvm.memset.p0i8.i64(i8* align 1 %287, i8 48, i64 %288, i1 false) #85, !dbg !37439",/home/jimi/PaperExperiment/CompilerOptimization/Result/redis/dg/dg-LLVM14-O2-g/high_precision_20260409_123302/log/cda_ntscd_icfg_ir.lines.stderr.log
cda_ntscd_icfg_ir,CDA,ntscd+icfg+pta+ir,lines,"WARNING: Non-0 memset:   tail call void @llvm.memset.p0i8.i64(i8* nonnull align 1 %298, i8 48, i64 %299, i1 false) #85, !dbg !37452",/home/jimi/PaperExperiment/CompilerOptimization/Result/redis/dg/dg-LLVM14-O2-g/high_precision_20260409_123302/log/cda_ntscd_icfg_ir.lines.stderr.log
cda_ntscd_icfg_ir,CDA,ntscd+icfg+pta+ir,lines,"WARNING: Non-0 memset:   call void @llvm.memset.p0i8.i64(i8* noundef nonnull align 8 dereferenceable(16) %94, i8 -1, i64 16, i1 false) #86, !dbg !37186",/home/jimi/PaperExperiment/CompilerOptimization/Result/redis/dg/dg-LLVM14-O2-g/high_precision_20260409_123302/log/cda_ntscd_icfg_ir.lines.stderr.log
cda_ntscd_icfg_ir,CDA,ntscd+icfg+pta+ir,lines,"WARNING: Non-0 memset:   call void @llvm.memset.p0i8.i64(i8* noundef nonnull align 8 dereferenceable(16) bitcast (i64* getelementptr inbounds (%struct.redisServer.226, %struct.redisServer.226* @server, i64 0, i32 258) to i8*), i8 -1, i64 16, i1 false), !dbg !37430",/home/jimi/PaperExperiment/CompilerOptimization/Result/redis/dg/dg-LLVM14-O2-g/high_precision_20260409_123302/log/cda_ntscd_icfg_ir.lines.stderr.log
cda_ntscd_icfg_ir,CDA,ntscd+icfg+pta+ir,lines,"WARNING: Non-0 memset:   tail call void @llvm.memset.p0i8.i64(i8* noundef nonnull align 8 dereferenceable(272) %57, i8 -1, i64 272, i1 false), !dbg !37100",/home/jimi/PaperExperiment/CompilerOptimization/Result/redis/dg/dg-LLVM14-O2-g/high_precision_20260409_123302/log/cda_ntscd_icfg_ir.lines.stderr.log
cda_ntscd_icfg_ir,CDA,ntscd+icfg+pta+ir,lines,"WARNING: Non-0 memset:   tail call void @llvm.memset.p0i8.i64(i8* noundef nonnull align 8 dereferenceable(16) %34, i8 -1, i64 16, i1 false) #85, !dbg !37114",/home/jimi/PaperExperiment/CompilerOptimization/Result/redis/dg/dg-LLVM14-O2-g/high_precision_20260409_123302/log/cda_ntscd_icfg_ir.lines.stderr.log
cda_ntscd_icfg_ir,CDA,ntscd+icfg+pta+ir,lines,"ShuffleVector instruction is not supported, loosing precision",/home/jimi/PaperExperiment/CompilerOptimization/Result/redis/dg/dg-LLVM14-O2-g/high_precision_20260409_123302/log/cda_ntscd_icfg_ir.lines.stderr.log
cda_ntscd_icfg_ir,CDA,ntscd+icfg+pta+ir,lines,"ShuffleVector instruction is not supported, loosing precision",/home/jimi/PaperExperiment/CompilerOptimization/Result/redis/dg/dg-LLVM14-O2-g/high_precision_20260409_123302/log/cda_ntscd_icfg_ir.lines.stderr.log
cda_ntscd_icfg_ir,CDA,ntscd+icfg+pta+ir,lines,"ShuffleVector instruction is not supported, loosing precision",/home/jimi/PaperExperiment/CompilerOptimization/Result/redis/dg/dg-LLVM14-O2-g/high_precision_20260409_123302/log/cda_ntscd_icfg_ir.lines.stderr.log
cda_ntscd_icfg_ir,CDA,ntscd+icfg+pta+ir,lines,"WARNING: Non-0 memset:   tail call void @llvm.memset.p0i8.i64(i8* noundef nonnull align 8 dereferenceable(16) %24, i8 -1, i64 16, i1 false) #85, !dbg !37083",/home/jimi/PaperExperiment/CompilerOptimization/Result/redis/dg/dg-LLVM14-O2-g/high_precision_20260409_123302/log/cda_ntscd_icfg_ir.lines.stderr.log
cda_ntscd_icfg_ir,CDA,ntscd+icfg+pta+ir,lines,"WARNING: Non-0 memset:   call void @llvm.memset.p0i8.i64(i8* noundef nonnull align 8 dereferenceable(16) %32, i8 -1, i64 16, i1 false), !dbg !37076",/home/jimi/PaperExperiment/CompilerOptimization/Result/redis/dg/dg-LLVM14-O2-g/high_precision_20260409_123302/log/cda_ntscd_icfg_ir.lines.stderr.log
cda_ntscd_icfg_ir,CDA,ntscd+icfg+pta+ir,lines,"ShuffleVector instruction is not supported, loosing precision",/home/jimi/PaperExperiment/CompilerOptimization/Result/redis/dg/dg-LLVM14-O2-g/high_precision_20260409_123302/log/cda_ntscd_icfg_ir.lines.stderr.log
cda_ntscd_icfg_ir,CDA,ntscd+icfg+pta+ir,lines,"WARNING: Non-0 memset:   call void @llvm.memset.p0i8.i64(i8* noundef nonnull align 8 dereferenceable(16) %88, i8 -1, i64 16, i1 false), !dbg !37632",/home/jimi/PaperExperiment/CompilerOptimization/Result/redis/dg/dg-LLVM14-O2-g/high_precision_20260409_123302/log/cda_ntscd_icfg_ir.lines.stderr.log
cda_ntscd_icfg_ir,CDA,ntscd+icfg+pta+ir,lines,"[pta] UNHANDLED:   %83 = cmpxchg weak i64* @zmalloc_peak, i64 %80, i64 %76 monotonic monotonic, align 8, !dbg !37098",/home/jimi/PaperExperiment/CompilerOptimization/Result/redis/dg/dg-LLVM14-O2-g/high_precision_20260409_123302/log/cda_ntscd_icfg_ir.lines.stderr.log
cda_ntscd_icfg_ir,CDA,ntscd+icfg+pta+ir,lines,"[pta] UNHANDLED:   %83 = cmpxchg weak i64* @zmalloc_peak, i64 %80, i64 %76 monotonic monotonic, align 8, !dbg !37100",/home/jimi/PaperExperiment/CompilerOptimization/Result/redis/dg/dg-LLVM14-O2-g/high_precision_20260409_123302/log/cda_ntscd_icfg_ir.lines.stderr.log
cda_ntscd_icfg_ir,CDA,ntscd+icfg+pta+ir,lines,"WARNING: Non-0 memset:   call void @llvm.memset.p0i8.i64(i8* noundef nonnull align 8 dereferenceable(16) %391, i8 -1, i64 16, i1 false) #85, !dbg !37534",/home/jimi/PaperExperiment/CompilerOptimization/Result/redis/dg/dg-LLVM14-O2-g/high_precision_20260409_123302/log/cda_ntscd_icfg_ir.lines.stderr.log
cda_ntscd_icfg_ir,CDA,ntscd+icfg+pta+ir,lines,"WARNING: Non-0 memset:   call void @llvm.memset.p0i8.i64(i8* noundef nonnull align 8 dereferenceable(16) %396, i8 -1, i64 16, i1 false) #85, !dbg !37542",/home/jimi/PaperExperiment/CompilerOptimization/Result/redis/dg/dg-LLVM14-O2-g/high_precision_20260409_123302/log/cda_ntscd_icfg_ir.lines.stderr.log
cda_ntscd_icfg_ir,CDA,ntscd+icfg+pta+ir,lines,"WARNING: Non-0 memset:   call void @llvm.memset.p0i8.i64(i8* noundef nonnull align 8 dereferenceable(16) %407, i8 -1, i64 16, i1 false) #85, !dbg !37562",/home/jimi/PaperExperiment/CompilerOptimization/Result/redis/dg/dg-LLVM14-O2-g/high_precision_20260409_123302/log/cda_ntscd_icfg_ir.lines.stderr.log
cda_ntscd_icfg_ir,CDA,ntscd+icfg+pta+ir,lines,"WARNING: Non-0 memset:   call void @llvm.memset.p0i8.i64(i8* noundef nonnull align 8 dereferenceable(16) %22, i8 -1, i64 16, i1 false), !dbg !37037",/home/jimi/PaperExperiment/CompilerOptimization/Result/redis/dg/dg-LLVM14-O2-g/high_precision_20260409_123302/log/cda_ntscd_icfg_ir.lines.stderr.log
cda_ntscd_icfg_ir,CDA,ntscd+icfg+pta+ir,lines,"WARNING: Non-0 memset:   call void @llvm.memset.p0i8.i64(i8* noundef nonnull align 8 dereferenceable(16) %10, i8 -1, i64 16, i1 false), !dbg !37026",/home/jimi/PaperExperiment/CompilerOptimization/Result/redis/dg/dg-LLVM14-O2-g/high_precision_20260409_123302/log/cda_ntscd_icfg_ir.lines.stderr.log
cda_ntscd_icfg_ir,CDA,ntscd+icfg+pta+ir,lines,"ShuffleVector instruction is not supported, loosing precision",/home/jimi/PaperExperiment/CompilerOptimization/Result/redis/dg/dg-LLVM14-O2-g/high_precision_20260409_123302/log/cda_ntscd_icfg_ir.lines.stderr.log
cda_ntscd_icfg_ir,CDA,ntscd+icfg+pta+ir,lines,"ShuffleVector instruction is not supported, loosing precision",/home/jimi/PaperExperiment/CompilerOptimization/Result/redis/dg/dg-LLVM14-O2-g/high_precision_20260409_123302/log/cda_ntscd_icfg_ir.lines.stderr.log
cda_ntscd_icfg_ir,CDA,ntscd+icfg+pta+ir,lines,"ShuffleVector instruction is not supported, loosing precision",/home/jimi/PaperExperiment/CompilerOptimization/Result/redis/dg/dg-LLVM14-O2-g/high_precision_20260409_123302/log/cda_ntscd_icfg_ir.lines.stderr.log
cda_ntscd_icfg_ir,CDA,ntscd+icfg+pta+ir,lines,"ShuffleVector instruction is not supported, loosing precision",/home/jimi/PaperExperiment/CompilerOptimization/Result/redis/dg/dg-LLVM14-O2-g/high_precision_20260409_123302/log/cda_ntscd_icfg_ir.lines.stderr.log
cda_ntscd_icfg_ir,CDA,ntscd+icfg+pta+ir,lines,"ShuffleVector instruction is not supported, loosing precision",/home/jimi/PaperExperiment/CompilerOptimization/Result/redis/dg/dg-LLVM14-O2-g/high_precision_20260409_123302/log/cda_ntscd_icfg_ir.lines.stderr.log
cda_ntscd_icfg_ir,CDA,ntscd+icfg+pta+ir,lines,"ShuffleVector instruction is not supported, loosing precision",/home/jimi/PaperExperiment/CompilerOptimization/Result/redis/dg/dg-LLVM14-O2-g/high_precision_20260409_123302/log/cda_ntscd_icfg_ir.lines.stderr.log
cda_ntscd_icfg_ir,CDA,ntscd+icfg+pta+ir,lines,"ShuffleVector instruction is not supported, loosing precision",/home/jimi/PaperExperiment/CompilerOptimization/Result/redis/dg/dg-LLVM14-O2-g/high_precision_20260409_123302/log/cda_ntscd_icfg_ir.lines.stderr.log
cda_ntscd_icfg_ir,CDA,ntscd+icfg+pta+ir,lines,"ShuffleVector instruction is not supported, loosing precision",/home/jimi/PaperExperiment/CompilerOptimization/Result/redis/dg/dg-LLVM14-O2-g/high_precision_20260409_123302/log/cda_ntscd_icfg_ir.lines.stderr.log
cda_ntscd_icfg_ir,CDA,ntscd+icfg+pta+ir,lines,"ShuffleVector instruction is not supported, loosing precision",/home/jimi/PaperExperiment/CompilerOptimization/Result/redis/dg/dg-LLVM14-O2-g/high_precision_20260409_123302/log/cda_ntscd_icfg_ir.lines.stderr.log
cda_ntscd_icfg_ir,CDA,ntscd+icfg+pta+ir,lines,"WARNING: Non-0 memset:   call void @llvm.memset.p0i8.i64(i8* noundef nonnull align 1 dereferenceable(41) getelementptr inbounds (%struct.redisServer, %struct.redisServer* bitcast (%struct.redisServer.226* @server to %struct.redisServer*), i64 0, i32 288, i64 0), i8 48, i64 40, i1 false) #85, !dbg !37332",/home/jimi/PaperExperiment/CompilerOptimization/Result/redis/dg/dg-LLVM14-O2-g/high_precision_20260409_123302/log/cda_ntscd_icfg_ir.lines.stderr.log
cda_ntscd_icfg_ir,CDA,ntscd+icfg+pta+ir,lines,IntToPtr with constant:   <badref> = inttoptr i64 2320 to i8**,/home/jimi/PaperExperiment/CompilerOptimization/Result/redis/dg/dg-LLVM14-O2-g/high_precision_20260409_123302/log/cda_ntscd_icfg_ir.lines.stderr.log
cda_ntscd_icfg_ir,CDA,ntscd+icfg+pta+ir,lines,"WARNING: Saving stack may yield unsound results!:   %9 = tail call i8* @llvm.stacksave(), !dbg !37015",/home/jimi/PaperExperiment/CompilerOptimization/Result/redis/dg/dg-LLVM14-O2-g/high_precision_20260409_123302/log/cda_ntscd_icfg_ir.lines.stderr.log
cda_ntscd_icfg_ir,CDA,ntscd+icfg+pta+ir,lines,"WARNING: Saving stack may yield unsound results!:   %9 = tail call i8* @llvm.stacksave(), !dbg !37015",/home/jimi/PaperExperiment/CompilerOptimization/Result/redis/dg/dg-LLVM14-O2-g/high_precision_20260409_123302/log/cda_ntscd_icfg_ir.lines.stderr.log
cda_ntscd_icfg_ir,CDA,ntscd+icfg+pta+ir,lines,"ShuffleVector instruction is not supported, loosing precision",/home/jimi/PaperExperiment/CompilerOptimization/Result/redis/dg/dg-LLVM14-O2-g/high_precision_20260409_123302/log/cda_ntscd_icfg_ir.lines.stderr.log
cda_ntscd_icfg_ir,CDA,ntscd+icfg+pta+ir,lines,"ShuffleVector instruction is not supported, loosing precision",/home/jimi/PaperExperiment/CompilerOptimization/Result/redis/dg/dg-LLVM14-O2-g/high_precision_20260409_123302/log/cda_ntscd_icfg_ir.lines.stderr.log
cda_ntscd_icfg_ir,CDA,ntscd+icfg+pta+ir,lines,"ShuffleVector instruction is not supported, loosing precision",/home/jimi/PaperExperiment/CompilerOptimization/Result/redis/dg/dg-LLVM14-O2-g/high_precision_20260409_123302/log/cda_ntscd_icfg_ir.lines.stderr.log
cda_ntscd_icfg_ir,CDA,ntscd+icfg+pta+ir,lines,"ShuffleVector instruction is not supported, loosing precision",/home/jimi/PaperExperiment/CompilerOptimization/Result/redis/dg/dg-LLVM14-O2-g/high_precision_20260409_123302/log/cda_ntscd_icfg_ir.lines.stderr.log
cda_ntscd_icfg_ir,CDA,ntscd+icfg+pta+ir,lines,"ShuffleVector instruction is not supported, loosing precision",/home/jimi/PaperExperiment/CompilerOptimization/Result/redis/dg/dg-LLVM14-O2-g/high_precision_20260409_123302/log/cda_ntscd_icfg_ir.lines.stderr.log
cda_ntscd_icfg_ir,CDA,ntscd+icfg+pta+ir,lines,"ShuffleVector instruction is not supported, loosing precision",/home/jimi/PaperExperiment/CompilerOptimization/Result/redis/dg/dg-LLVM14-O2-g/high_precision_20260409_123302/log/cda_ntscd_icfg_ir.lines.stderr.log
cda_ntscd_icfg_ir,CDA,ntscd+icfg+pta+ir,lines,"ShuffleVector instruction is not supported, loosing precision",/home/jimi/PaperExperiment/CompilerOptimization/Result/redis/dg/dg-LLVM14-O2-g/high_precision_20260409_123302/log/cda_ntscd_icfg_ir.lines.stderr.log
cda_ntscd_icfg_ir,CDA,ntscd+icfg+pta+ir,lines,"ShuffleVector instruction is not supported, loosing precision",/home/jimi/PaperExperiment/CompilerOptimization/Result/redis/dg/dg-LLVM14-O2-g/high_precision_20260409_123302/log/cda_ntscd_icfg_ir.lines.stderr.log
cda_ntscd_icfg_ir,CDA,ntscd+icfg+pta+ir,lines,"ShuffleVector instruction is not supported, loosing precision",/home/jimi/PaperExperiment/CompilerOptimization/Result/redis/dg/dg-LLVM14-O2-g/high_precision_20260409_123302/log/cda_ntscd_icfg_ir.lines.stderr.log
cda_ntscd_icfg_ir,CDA,ntscd+icfg+pta+ir,lines,"WARNING: Non-0 memset:   call void @llvm.memset.p0i8.i64(i8* noundef nonnull align 8 dereferenceable(16) %188, i8 -1, i64 16, i1 false), !dbg !37850",/home/jimi/PaperExperiment/CompilerOptimization/Result/redis/dg/dg-LLVM14-O2-g/high_precision_20260409_123302/log/cda_ntscd_icfg_ir.lines.stderr.log
cda_ntscd_icfg_ir,CDA,ntscd+icfg+pta+ir,lines,"WARNING: Non-0 memset:   tail call void @llvm.memset.p0i8.i64(i8* noundef nonnull align 1 dereferenceable(41) getelementptr inbounds (%struct.redisServer, %struct.redisServer* bitcast (%struct.redisServer.226* @server to %struct.redisServer*), i64 0, i32 288, i64 0), i8 48, i64 40, i1 false) #85, !dbg !37030",/home/jimi/PaperExperiment/CompilerOptimization/Result/redis/dg/dg-LLVM14-O2-g/high_precision_20260409_123302/log/cda_ntscd_icfg_ir.lines.stderr.log
cda_ntscd_icfg_ir,CDA,ntscd+icfg+pta+ir,lines,"WARNING: Non-0 memset:   tail call void @llvm.memset.p0i8.i64(i8* align 1 %14, i8 32, i64 %13, i1 false), !dbg !37078",/home/jimi/PaperExperiment/CompilerOptimization/Result/redis/dg/dg-LLVM14-O2-g/high_precision_20260409_123302/log/cda_ntscd_icfg_ir.lines.stderr.log
cda_ntscd_icfg_ir,CDA,ntscd+icfg+pta+ir,lines,"WARNING: Non-0 memset:   tail call void @llvm.memset.p0i8.i64(i8* align 1 %14, i8 32, i64 %13, i1 false), !dbg !37078",/home/jimi/PaperExperiment/CompilerOptimization/Result/redis/dg/dg-LLVM14-O2-g/high_precision_20260409_123302/log/cda_ntscd_icfg_ir.lines.stderr.log
cda_ntscd_icfg_ir,CDA,ntscd+icfg+pta+ir,lines,"ShuffleVector instruction is not supported, loosing precision",/home/jimi/PaperExperiment/CompilerOptimization/Result/redis/dg/dg-LLVM14-O2-g/high_precision_20260409_123302/log/cda_ntscd_icfg_ir.lines.stderr.log
cda_ntscd_icfg_ir,CDA,ntscd+icfg+pta+ir,lines,"ShuffleVector instruction is not supported, loosing precision",/home/jimi/PaperExperiment/CompilerOptimization/Result/redis/dg/dg-LLVM14-O2-g/high_precision_20260409_123302/log/cda_ntscd_icfg_ir.lines.stderr.log
cda_ntscd_icfg_ir,CDA,ntscd+icfg+pta+ir,lines,"ShuffleVector instruction is not supported, loosing precision",/home/jimi/PaperExperiment/CompilerOptimization/Result/redis/dg/dg-LLVM14-O2-g/high_precision_20260409_123302/log/cda_ntscd_icfg_ir.lines.stderr.log
