case_uid,target,tool,priority,priority_reason,case_kind,status_label,run_dir,run_id,mode,input_bc,input_ll,raw_artifact,raw_row_or_line,reported_file,reported_line,reported_column,location_validity,source_region,project_source_only,header_context,ir_function,ir_instruction,ir_line,ir_snippet,source_snippet,message,root_cause_hint,confidence,needs_manual_review,manual_verdict,evidence_files,notes
phasar.lepton.O2g.000001,lepton,phasar,P2,ExternalOrUnresolvedSource,RunOrLocationWeakEvidence,reported,/home/jimi/PaperExperiment/CompilerOptimization/Result/lepton/phasar/phasar-O2-g/runs/ifds-uninit/lepton_O2_g-Mon-Mar-16-10:10:01-2026,lepton_O2_g-Mon-Mar-16-10:10:01-2026,ifds-uninit,/home/jimi/PaperExperiment/CompilerOptimization/Result/lepton/phasar/phasar-O2-g/artifacts/lepton_O2_g.bc,/home/jimi/PaperExperiment/CompilerOptimization/Result/lepton/phasar/phasar-O2-g/artifacts/lepton_O2_g.ll,/home/jimi/PaperExperiment/CompilerOptimization/Result/lepton/phasar/phasar-O2-g/runs/ifds-uninit/lepton_O2_g-Mon-Mar-16-10:10:01-2026/psr-report.txt,5,/usr/bin/../lib/gcc/x86_64-linux-gnu/13/../../../../include/c++/13/functional,578,,missing_file,system_header,0,system_header,_ZNSt5_BindIFPFvPKhmPPKcN8Sirikata7Array1dIhLj16ENS5_13DontRoundPow2ENS5_10DirectTypeINS5_15ArrayBaseType1dIhLj16ES7_EEEEEEiEPhmS4_SC_iEEC2IJSF_mRS4_RSC_RiEEEOSE_DpOT_,,14,"%22 = load ptr, ptr %12, align 8, !dbg !116947, !psr.id !116950 | ID: 48323",,"Phasar IFDS-Uninitialized use; variables=__args; reported_source=: _M_f(std::move(__f)), _M_bound_args(std::forward<_Args>(__args)...)",debug_location_or_source_attribution_drift_candidate,0.50,1,,/home/jimi/PaperExperiment/CompilerOptimization/Result/lepton/phasar/phasar-O2-g/runs/ifds-uninit/lepton_O2_g-Mon-Mar-16-10:10:01-2026/psr-report.txt;/home/jimi/PaperExperiment/CompilerOptimization/Result/lepton/phasar/phasar-O2-g/log/commands.log;/home/jimi/PaperExperiment/CompilerOptimization/Result/lepton/phasar/phasar-O2-g/log/summary.csv,Generated by re-parsing psr-report.txt; source_resolution=direct_or_container_remap; exact source line was revalidated against the resolved source tree.
phasar.lepton.O2g.000002,lepton,phasar,P2,ExternalOrUnresolvedSource,RunOrLocationWeakEvidence,reported,/home/jimi/PaperExperiment/CompilerOptimization/Result/lepton/phasar/phasar-O2-g/runs/ifds-uninit/lepton_O2_g-Mon-Mar-16-10:10:01-2026,lepton_O2_g-Mon-Mar-16-10:10:01-2026,ifds-uninit,/home/jimi/PaperExperiment/CompilerOptimization/Result/lepton/phasar/phasar-O2-g/artifacts/lepton_O2_g.bc,/home/jimi/PaperExperiment/CompilerOptimization/Result/lepton/phasar/phasar-O2-g/artifacts/lepton_O2_g.ll,/home/jimi/PaperExperiment/CompilerOptimization/Result/lepton/phasar/phasar-O2-g/runs/ifds-uninit/lepton_O2_g-Mon-Mar-16-10:10:01-2026/psr-report.txt,17,/usr/bin/../lib/gcc/x86_64-linux-gnu/13/../../../../include/c++/13/tuple,891,,missing_file,system_header,0,system_header,_ZNSt5tupleIJPhmPPKcN8Sirikata7Array1dIhLj16ENS4_13DontRoundPow2ENS4_10DirectTypeINS4_15ArrayBaseType1dIhLj16ES6_EEEEEEiEEC2IJS0_mRS3_RSB_RiELb1ELb1EEEDpOT_,,26,"%16 = load ptr, ptr %10, align 8, !dbg !116990, !psr.id !116993 | ID: 48349",,Phasar IFDS-Uninitialized use; variables=__elements; reported_source=: _Inherited(std::forward<_UElements>(__elements)...) { },debug_location_or_source_attribution_drift_candidate,0.50,1,,/home/jimi/PaperExperiment/CompilerOptimization/Result/lepton/phasar/phasar-O2-g/runs/ifds-uninit/lepton_O2_g-Mon-Mar-16-10:10:01-2026/psr-report.txt;/home/jimi/PaperExperiment/CompilerOptimization/Result/lepton/phasar/phasar-O2-g/log/commands.log;/home/jimi/PaperExperiment/CompilerOptimization/Result/lepton/phasar/phasar-O2-g/log/summary.csv,Generated by re-parsing psr-report.txt; source_resolution=direct_or_container_remap; exact source line was revalidated against the resolved source tree.
phasar.lepton.O2g.000003,lepton,phasar,P2,ExternalOrUnresolvedSource,RunOrLocationWeakEvidence,reported,/home/jimi/PaperExperiment/CompilerOptimization/Result/lepton/phasar/phasar-O2-g/runs/ifds-uninit/lepton_O2_g-Mon-Mar-16-10:10:01-2026,lepton_O2_g-Mon-Mar-16-10:10:01-2026,ifds-uninit,/home/jimi/PaperExperiment/CompilerOptimization/Result/lepton/phasar/phasar-O2-g/artifacts/lepton_O2_g.bc,/home/jimi/PaperExperiment/CompilerOptimization/Result/lepton/phasar/phasar-O2-g/artifacts/lepton_O2_g.ll,/home/jimi/PaperExperiment/CompilerOptimization/Result/lepton/phasar/phasar-O2-g/runs/ifds-uninit/lepton_O2_g-Mon-Mar-16-10:10:01-2026/psr-report.txt,29,/usr/bin/../lib/gcc/x86_64-linux-gnu/13/../../../../include/c++/13/tuple,292,,missing_file,system_header,0,system_header,_ZNSt11_Tuple_implILm0EJPhmPPKcN8Sirikata7Array1dIhLj16ENS4_13DontRoundPow2ENS4_10DirectTypeINS4_15ArrayBaseType1dIhLj16ES6_EEEEEEiEEC2IS0_JmRS3_RSB_RiEvEEOT_DpOT0_,,38,"%15 = load ptr, ptr %10, align 8, !dbg !117037, !psr.id !117039 | ID: 48374",,"Phasar IFDS-Uninitialized use; variables=__tail, __tail; reported_source=: _Inherited(std::forward<_UTail>(__tail)...),",debug_location_or_source_attribution_drift_candidate,0.50,1,,/home/jimi/PaperExperiment/CompilerOptimization/Result/lepton/phasar/phasar-O2-g/runs/ifds-uninit/lepton_O2_g-Mon-Mar-16-10:10:01-2026/psr-report.txt;/home/jimi/PaperExperiment/CompilerOptimization/Result/lepton/phasar/phasar-O2-g/log/commands.log;/home/jimi/PaperExperiment/CompilerOptimization/Result/lepton/phasar/phasar-O2-g/log/summary.csv,Generated by re-parsing psr-report.txt; source_resolution=direct_or_container_remap; exact source line was revalidated against the resolved source tree.
phasar.lepton.O2g.000004,lepton,phasar,P2,ExternalOrUnresolvedSource,RunOrLocationWeakEvidence,reported,/home/jimi/PaperExperiment/CompilerOptimization/Result/lepton/phasar/phasar-O2-g/runs/ifds-uninit/lepton_O2_g-Mon-Mar-16-10:10:01-2026,lepton_O2_g-Mon-Mar-16-10:10:01-2026,ifds-uninit,/home/jimi/PaperExperiment/CompilerOptimization/Result/lepton/phasar/phasar-O2-g/artifacts/lepton_O2_g.bc,/home/jimi/PaperExperiment/CompilerOptimization/Result/lepton/phasar/phasar-O2-g/artifacts/lepton_O2_g.ll,/home/jimi/PaperExperiment/CompilerOptimization/Result/lepton/phasar/phasar-O2-g/runs/ifds-uninit/lepton_O2_g-Mon-Mar-16-10:10:01-2026/psr-report.txt,43,/usr/bin/../lib/gcc/x86_64-linux-gnu/13/../../../../include/c++/13/tuple,293,,missing_file,system_header,0,system_header,_ZNSt11_Tuple_implILm2EJPPKcN8Sirikata7Array1dIhLj16ENS3_13DontRoundPow2ENS3_10DirectTypeINS3_15ArrayBaseType1dIhLj16ES5_EEEEEEiEEC2IRS2_JRSA_RiEvEEOT_DpOT0_,,52,"%13 = load ptr, ptr %6, align 8, !dbg !117161, !psr.id !117162 | ID: 48435",,Phasar IFDS-Uninitialized use; variables=__head; reported_source=_Base(std::forward<_UHead>(__head)),debug_location_or_source_attribution_drift_candidate,0.50,1,,/home/jimi/PaperExperiment/CompilerOptimization/Result/lepton/phasar/phasar-O2-g/runs/ifds-uninit/lepton_O2_g-Mon-Mar-16-10:10:01-2026/psr-report.txt;/home/jimi/PaperExperiment/CompilerOptimization/Result/lepton/phasar/phasar-O2-g/log/commands.log;/home/jimi/PaperExperiment/CompilerOptimization/Result/lepton/phasar/phasar-O2-g/log/summary.csv,Generated by re-parsing psr-report.txt; source_resolution=direct_or_container_remap; exact source line was revalidated against the resolved source tree.
phasar.lepton.O2g.000005,lepton,phasar,P2,ExternalOrUnresolvedSource,RunOrLocationWeakEvidence,reported,/home/jimi/PaperExperiment/CompilerOptimization/Result/lepton/phasar/phasar-O2-g/runs/ifds-uninit/lepton_O2_g-Mon-Mar-16-10:10:01-2026,lepton_O2_g-Mon-Mar-16-10:10:01-2026,ifds-uninit,/home/jimi/PaperExperiment/CompilerOptimization/Result/lepton/phasar/phasar-O2-g/artifacts/lepton_O2_g.bc,/home/jimi/PaperExperiment/CompilerOptimization/Result/lepton/phasar/phasar-O2-g/artifacts/lepton_O2_g.ll,/home/jimi/PaperExperiment/CompilerOptimization/Result/lepton/phasar/phasar-O2-g/runs/ifds-uninit/lepton_O2_g-Mon-Mar-16-10:10:01-2026/psr-report.txt,55,/usr/bin/../lib/gcc/x86_64-linux-gnu/13/../../../../include/c++/13/tuple,201,,missing_file,system_header,0,system_header,_ZNSt10_Head_baseILm2EPPKcLb0EEC2IRS2_EEOT_,,64,"%7 = load ptr, ptr %4, align 8, !dbg !117248, !psr.id !117249 | ID: 48474",,Phasar IFDS-Uninitialized use; variables=__h; reported_source=: _M_head_impl(std::forward<_UHead>(__h)) { },debug_location_or_source_attribution_drift_candidate,0.50,1,,/home/jimi/PaperExperiment/CompilerOptimization/Result/lepton/phasar/phasar-O2-g/runs/ifds-uninit/lepton_O2_g-Mon-Mar-16-10:10:01-2026/psr-report.txt;/home/jimi/PaperExperiment/CompilerOptimization/Result/lepton/phasar/phasar-O2-g/log/commands.log;/home/jimi/PaperExperiment/CompilerOptimization/Result/lepton/phasar/phasar-O2-g/log/summary.csv,Generated by re-parsing psr-report.txt; source_resolution=direct_or_container_remap; exact source line was revalidated against the resolved source tree.
phasar.lepton.O2g.000010,lepton,phasar,P2,ExternalOrUnresolvedSource,RunOrLocationWeakEvidence,reported,/home/jimi/PaperExperiment/CompilerOptimization/Result/lepton/phasar/phasar-O2-g/runs/ifds-uninit/lepton_O2_g-Mon-Mar-16-10:10:01-2026,lepton_O2_g-Mon-Mar-16-10:10:01-2026,ifds-uninit,/home/jimi/PaperExperiment/CompilerOptimization/Result/lepton/phasar/phasar-O2-g/artifacts/lepton_O2_g.bc,/home/jimi/PaperExperiment/CompilerOptimization/Result/lepton/phasar/phasar-O2-g/artifacts/lepton_O2_g.ll,/home/jimi/PaperExperiment/CompilerOptimization/Result/lepton/phasar/phasar-O2-g/runs/ifds-uninit/lepton_O2_g-Mon-Mar-16-10:10:01-2026/psr-report.txt,123,/usr/bin/../lib/gcc/x86_64-linux-gnu/13/../../../../include/c++/13/bits/alloc_traits.h,266,,missing_file,system_header,0,system_header,_ZNSt16allocator_traitsIN8Sirikata13JpegAllocatorIhEEE12_S_constructIhJRKhEEENSt9enable_ifIXsr6__and_INS3_18__construct_helperIT_JDpT0_EE4typeEEE5valueEvE4typeERS2_PS9_DpOSA_,,132,"%9 = load ptr, ptr %6, align 8, !dbg !34325, !psr.id !34326 | ID: 3155",,"Phasar IFDS-Uninitialized use; variables=__args; reported_source={ __a.construct(__p, std::forward<_Args>(__args)...); }",debug_location_or_source_attribution_drift_candidate,0.50,1,,/home/jimi/PaperExperiment/CompilerOptimization/Result/lepton/phasar/phasar-O2-g/runs/ifds-uninit/lepton_O2_g-Mon-Mar-16-10:10:01-2026/psr-report.txt;/home/jimi/PaperExperiment/CompilerOptimization/Result/lepton/phasar/phasar-O2-g/log/commands.log;/home/jimi/PaperExperiment/CompilerOptimization/Result/lepton/phasar/phasar-O2-g/log/summary.csv,Generated by re-parsing psr-report.txt; source_resolution=direct_or_container_remap; exact source line was revalidated against the resolved source tree.
phasar.lepton.O2g.000014,lepton,phasar,P2,ExternalOrUnresolvedSource,RunOrLocationWeakEvidence,reported,/home/jimi/PaperExperiment/CompilerOptimization/Result/lepton/phasar/phasar-O2-g/runs/ifds-uninit/lepton_O2_g-Mon-Mar-16-10:10:01-2026,lepton_O2_g-Mon-Mar-16-10:10:01-2026,ifds-uninit,/home/jimi/PaperExperiment/CompilerOptimization/Result/lepton/phasar/phasar-O2-g/artifacts/lepton_O2_g.bc,/home/jimi/PaperExperiment/CompilerOptimization/Result/lepton/phasar/phasar-O2-g/artifacts/lepton_O2_g.ll,/home/jimi/PaperExperiment/CompilerOptimization/Result/lepton/phasar/phasar-O2-g/runs/ifds-uninit/lepton_O2_g-Mon-Mar-16-10:10:01-2026/psr-report.txt,173,/usr/bin/../lib/gcc/x86_64-linux-gnu/13/../../../../include/c++/13/bits/stl_uninitialized.h,384,,missing_file,system_header,0,system_header,_ZSt22__uninitialized_move_aIPhS0_N8Sirikata13JpegAllocatorIhEEET0_T_S5_S4_RT1_,,182,"%11 = load ptr, ptr %5, align 8, !dbg !35252, !psr.id !35253 | ID: 3665",,"Phasar IFDS-Uninitialized use; variables=__first; reported_source=return std::__uninitialized_copy_a(_GLIBCXX_MAKE_MOVE_ITERATOR(__first),",debug_location_or_source_attribution_drift_candidate,0.50,1,,/home/jimi/PaperExperiment/CompilerOptimization/Result/lepton/phasar/phasar-O2-g/runs/ifds-uninit/lepton_O2_g-Mon-Mar-16-10:10:01-2026/psr-report.txt;/home/jimi/PaperExperiment/CompilerOptimization/Result/lepton/phasar/phasar-O2-g/log/commands.log;/home/jimi/PaperExperiment/CompilerOptimization/Result/lepton/phasar/phasar-O2-g/log/summary.csv,Generated by re-parsing psr-report.txt; source_resolution=direct_or_container_remap; exact source line was revalidated against the resolved source tree.
phasar.lepton.O2g.000015,lepton,phasar,P2,ExternalOrUnresolvedSource,RunOrLocationWeakEvidence,reported,/home/jimi/PaperExperiment/CompilerOptimization/Result/lepton/phasar/phasar-O2-g/runs/ifds-uninit/lepton_O2_g-Mon-Mar-16-10:10:01-2026,lepton_O2_g-Mon-Mar-16-10:10:01-2026,ifds-uninit,/home/jimi/PaperExperiment/CompilerOptimization/Result/lepton/phasar/phasar-O2-g/artifacts/lepton_O2_g.bc,/home/jimi/PaperExperiment/CompilerOptimization/Result/lepton/phasar/phasar-O2-g/artifacts/lepton_O2_g.ll,/home/jimi/PaperExperiment/CompilerOptimization/Result/lepton/phasar/phasar-O2-g/runs/ifds-uninit/lepton_O2_g-Mon-Mar-16-10:10:01-2026/psr-report.txt,185,/usr/bin/../lib/gcc/x86_64-linux-gnu/13/../../../../include/c++/13/bits/stl_algobase.h,902,,missing_file,system_header,0,system_header,_ZSt13move_backwardIPhS0_ET0_T_S2_S1_,,194,"%9 = load ptr, ptr %5, align 8, !dbg !35299, !psr.id !35300 | ID: 3692",,"Phasar IFDS-Uninitialized use; variables=__last; reported_source=std::__miter_base(__last),",debug_location_or_source_attribution_drift_candidate,0.50,1,,/home/jimi/PaperExperiment/CompilerOptimization/Result/lepton/phasar/phasar-O2-g/runs/ifds-uninit/lepton_O2_g-Mon-Mar-16-10:10:01-2026/psr-report.txt;/home/jimi/PaperExperiment/CompilerOptimization/Result/lepton/phasar/phasar-O2-g/log/commands.log;/home/jimi/PaperExperiment/CompilerOptimization/Result/lepton/phasar/phasar-O2-g/log/summary.csv,Generated by re-parsing psr-report.txt; source_resolution=direct_or_container_remap; exact source line was revalidated against the resolved source tree.
phasar.lepton.O2g.000016,lepton,phasar,P2,ExternalOrUnresolvedSource,RunOrLocationWeakEvidence,reported,/home/jimi/PaperExperiment/CompilerOptimization/Result/lepton/phasar/phasar-O2-g/runs/ifds-uninit/lepton_O2_g-Mon-Mar-16-10:10:01-2026,lepton_O2_g-Mon-Mar-16-10:10:01-2026,ifds-uninit,/home/jimi/PaperExperiment/CompilerOptimization/Result/lepton/phasar/phasar-O2-g/artifacts/lepton_O2_g.bc,/home/jimi/PaperExperiment/CompilerOptimization/Result/lepton/phasar/phasar-O2-g/artifacts/lepton_O2_g.ll,/home/jimi/PaperExperiment/CompilerOptimization/Result/lepton/phasar/phasar-O2-g/runs/ifds-uninit/lepton_O2_g-Mon-Mar-16-10:10:01-2026/psr-report.txt,197,/usr/bin/../lib/gcc/x86_64-linux-gnu/13/../../../../include/c++/13/bits/stl_algobase.h,633,,missing_file,system_header,0,system_header,_ZSt4copyIPhN9__gnu_cxx17__normal_iteratorIS0_St6vectorIhN8Sirikata13JpegAllocatorIhEEEEEET0_T_SA_S9_,,206,"%10 = load ptr, ptr %6, align 8, !dbg !35333, !psr.id !35334 | ID: 3709",,"Phasar IFDS-Uninitialized use; variables=__first, __last; reported_source=(std::__miter_base(__first), std::__miter_base(__last), __result);",debug_location_or_source_attribution_drift_candidate,0.50,1,,/home/jimi/PaperExperiment/CompilerOptimization/Result/lepton/phasar/phasar-O2-g/runs/ifds-uninit/lepton_O2_g-Mon-Mar-16-10:10:01-2026/psr-report.txt;/home/jimi/PaperExperiment/CompilerOptimization/Result/lepton/phasar/phasar-O2-g/log/commands.log;/home/jimi/PaperExperiment/CompilerOptimization/Result/lepton/phasar/phasar-O2-g/log/summary.csv,Generated by re-parsing psr-report.txt; source_resolution=direct_or_container_remap; exact source line was revalidated against the resolved source tree.
phasar.lepton.O2g.000017,lepton,phasar,P2,ExternalOrUnresolvedSource,RunOrLocationWeakEvidence,reported,/home/jimi/PaperExperiment/CompilerOptimization/Result/lepton/phasar/phasar-O2-g/runs/ifds-uninit/lepton_O2_g-Mon-Mar-16-10:10:01-2026,lepton_O2_g-Mon-Mar-16-10:10:01-2026,ifds-uninit,/home/jimi/PaperExperiment/CompilerOptimization/Result/lepton/phasar/phasar-O2-g/artifacts/lepton_O2_g.bc,/home/jimi/PaperExperiment/CompilerOptimization/Result/lepton/phasar/phasar-O2-g/artifacts/lepton_O2_g.ll,/home/jimi/PaperExperiment/CompilerOptimization/Result/lepton/phasar/phasar-O2-g/runs/ifds-uninit/lepton_O2_g-Mon-Mar-16-10:10:01-2026/psr-report.txt,211,/usr/bin/../lib/gcc/x86_64-linux-gnu/13/../../../../include/c++/13/bits/stl_vector.h,381,,missing_file,system_header,0,system_header,_ZNSt12_Vector_baseIhN8Sirikata13JpegAllocatorIhEEE11_M_allocateEm,,220,"%6 = load i64, ptr %4, align 8, !dbg !33027, !psr.id !33028 | ID: 2449",,"Phasar IFDS-Uninitialized use; variables=__n, __n; reported_source=return __n != 0 ? _Tr::allocate(_M_impl, __n) : pointer();",debug_location_or_source_attribution_drift_candidate,0.50,1,,/home/jimi/PaperExperiment/CompilerOptimization/Result/lepton/phasar/phasar-O2-g/runs/ifds-uninit/lepton_O2_g-Mon-Mar-16-10:10:01-2026/psr-report.txt;/home/jimi/PaperExperiment/CompilerOptimization/Result/lepton/phasar/phasar-O2-g/log/commands.log;/home/jimi/PaperExperiment/CompilerOptimization/Result/lepton/phasar/phasar-O2-g/log/summary.csv,Generated by re-parsing psr-report.txt; source_resolution=direct_or_container_remap; exact source line was revalidated against the resolved source tree.
phasar.lepton.O2g.000019,lepton,phasar,P2,ExternalOrUnresolvedSource,RunOrLocationWeakEvidence,reported,/home/jimi/PaperExperiment/CompilerOptimization/Result/lepton/phasar/phasar-O2-g/runs/ifds-uninit/lepton_O2_g-Mon-Mar-16-10:10:01-2026,lepton_O2_g-Mon-Mar-16-10:10:01-2026,ifds-uninit,/home/jimi/PaperExperiment/CompilerOptimization/Result/lepton/phasar/phasar-O2-g/artifacts/lepton_O2_g.bc,/home/jimi/PaperExperiment/CompilerOptimization/Result/lepton/phasar/phasar-O2-g/artifacts/lepton_O2_g.ll,/home/jimi/PaperExperiment/CompilerOptimization/Result/lepton/phasar/phasar-O2-g/runs/ifds-uninit/lepton_O2_g-Mon-Mar-16-10:10:01-2026/psr-report.txt,243,/usr/bin/../lib/gcc/x86_64-linux-gnu/13/../../../../include/c++/13/bits/alloc_traits.h,333,,missing_file,system_header,0,system_header,_ZNSt16allocator_traitsIN8Sirikata13JpegAllocatorIhEEE8allocateERS2_m,,252,"%6 = load i64, ptr %4, align 8, !dbg !33299, !psr.id !33300 | ID: 2588",,Phasar IFDS-Uninitialized use; variables=__n; reported_source={ return __a.allocate(__n); },debug_location_or_source_attribution_drift_candidate,0.50,1,,/home/jimi/PaperExperiment/CompilerOptimization/Result/lepton/phasar/phasar-O2-g/runs/ifds-uninit/lepton_O2_g-Mon-Mar-16-10:10:01-2026/psr-report.txt;/home/jimi/PaperExperiment/CompilerOptimization/Result/lepton/phasar/phasar-O2-g/log/commands.log;/home/jimi/PaperExperiment/CompilerOptimization/Result/lepton/phasar/phasar-O2-g/log/summary.csv,Generated by re-parsing psr-report.txt; source_resolution=direct_or_container_remap; exact source line was revalidated against the resolved source tree.
phasar.lepton.O2g.000022,lepton,phasar,P2,ExternalOrUnresolvedSource,RunOrLocationWeakEvidence,reported,/home/jimi/PaperExperiment/CompilerOptimization/Result/lepton/phasar/phasar-O2-g/runs/ifds-uninit/lepton_O2_g-Mon-Mar-16-10:10:01-2026,lepton_O2_g-Mon-Mar-16-10:10:01-2026,ifds-uninit,/home/jimi/PaperExperiment/CompilerOptimization/Result/lepton/phasar/phasar-O2-g/artifacts/lepton_O2_g.bc,/home/jimi/PaperExperiment/CompilerOptimization/Result/lepton/phasar/phasar-O2-g/artifacts/lepton_O2_g.ll,/home/jimi/PaperExperiment/CompilerOptimization/Result/lepton/phasar/phasar-O2-g/runs/ifds-uninit/lepton_O2_g-Mon-Mar-16-10:10:01-2026/psr-report.txt,285,/usr/bin/../lib/gcc/x86_64-linux-gnu/13/../../../../include/c++/13/bits/stl_iterator.h,1520,,missing_file,system_header,0,system_header,_ZNSt13move_iteratorIPhEC2ES0_,,294,"%7 = load ptr, ptr %4, align 8, !dbg !33383, !psr.id !33384 | ID: 2635",,Phasar IFDS-Uninitialized use; variables=__i; reported_source=: _M_current(std::move(__i)) { },debug_location_or_source_attribution_drift_candidate,0.50,1,,/home/jimi/PaperExperiment/CompilerOptimization/Result/lepton/phasar/phasar-O2-g/runs/ifds-uninit/lepton_O2_g-Mon-Mar-16-10:10:01-2026/psr-report.txt;/home/jimi/PaperExperiment/CompilerOptimization/Result/lepton/phasar/phasar-O2-g/log/commands.log;/home/jimi/PaperExperiment/CompilerOptimization/Result/lepton/phasar/phasar-O2-g/log/summary.csv,Generated by re-parsing psr-report.txt; source_resolution=direct_or_container_remap; exact source line was revalidated against the resolved source tree.
phasar.lepton.O2g.000023,lepton,phasar,P2,ExternalOrUnresolvedSource,RunOrLocationWeakEvidence,reported,/home/jimi/PaperExperiment/CompilerOptimization/Result/lepton/phasar/phasar-O2-g/runs/ifds-uninit/lepton_O2_g-Mon-Mar-16-10:10:01-2026,lepton_O2_g-Mon-Mar-16-10:10:01-2026,ifds-uninit,/home/jimi/PaperExperiment/CompilerOptimization/Result/lepton/phasar/phasar-O2-g/artifacts/lepton_O2_g.bc,/home/jimi/PaperExperiment/CompilerOptimization/Result/lepton/phasar/phasar-O2-g/artifacts/lepton_O2_g.ll,/home/jimi/PaperExperiment/CompilerOptimization/Result/lepton/phasar/phasar-O2-g/runs/ifds-uninit/lepton_O2_g-Mon-Mar-16-10:10:01-2026/psr-report.txt,297,/usr/bin/../lib/gcc/x86_64-linux-gnu/13/../../../../include/c++/13/bits/stl_algobase.h,238,,missing_file,system_header,0,system_header,_ZSt3minImERKT_S2_S2_,,306,"%8 = load ptr, ptr %4, align 8, !dbg !33456, !psr.id !33457 | ID: 2673",,Phasar IFDS-Uninitialized use; variables=__a; reported_source=if (__b < __a),debug_location_or_source_attribution_drift_candidate,0.50,1,,/home/jimi/PaperExperiment/CompilerOptimization/Result/lepton/phasar/phasar-O2-g/runs/ifds-uninit/lepton_O2_g-Mon-Mar-16-10:10:01-2026/psr-report.txt;/home/jimi/PaperExperiment/CompilerOptimization/Result/lepton/phasar/phasar-O2-g/log/commands.log;/home/jimi/PaperExperiment/CompilerOptimization/Result/lepton/phasar/phasar-O2-g/log/summary.csv,Generated by re-parsing psr-report.txt; source_resolution=direct_or_container_remap; exact source line was revalidated against the resolved source tree.
phasar.lepton.O2g.000024,lepton,phasar,P2,ExternalOrUnresolvedSource,RunOrLocationWeakEvidence,reported,/home/jimi/PaperExperiment/CompilerOptimization/Result/lepton/phasar/phasar-O2-g/runs/ifds-uninit/lepton_O2_g-Mon-Mar-16-10:10:01-2026,lepton_O2_g-Mon-Mar-16-10:10:01-2026,ifds-uninit,/home/jimi/PaperExperiment/CompilerOptimization/Result/lepton/phasar/phasar-O2-g/artifacts/lepton_O2_g.bc,/home/jimi/PaperExperiment/CompilerOptimization/Result/lepton/phasar/phasar-O2-g/artifacts/lepton_O2_g.ll,/home/jimi/PaperExperiment/CompilerOptimization/Result/lepton/phasar/phasar-O2-g/runs/ifds-uninit/lepton_O2_g-Mon-Mar-16-10:10:01-2026/psr-report.txt,315,/usr/bin/../lib/gcc/x86_64-linux-gnu/13/../../../../include/c++/13/bits/stl_algobase.h,240,,missing_file,system_header,0,system_header,_ZSt3minImERKT_S2_S2_,,324,"%14 = load ptr, ptr %4, align 8, !dbg !33468, !psr.id !33469 | ID: 2680",,Phasar IFDS-Uninitialized use; variables=__a; reported_source=return __a;,debug_location_or_source_attribution_drift_candidate,0.50,1,,/home/jimi/PaperExperiment/CompilerOptimization/Result/lepton/phasar/phasar-O2-g/runs/ifds-uninit/lepton_O2_g-Mon-Mar-16-10:10:01-2026/psr-report.txt;/home/jimi/PaperExperiment/CompilerOptimization/Result/lepton/phasar/phasar-O2-g/log/commands.log;/home/jimi/PaperExperiment/CompilerOptimization/Result/lepton/phasar/phasar-O2-g/log/summary.csv,Generated by re-parsing psr-report.txt; source_resolution=direct_or_container_remap; exact source line was revalidated against the resolved source tree.
phasar.lepton.O2g.000025,lepton,phasar,P2,ExternalOrUnresolvedSource,RunOrLocationWeakEvidence,reported,/home/jimi/PaperExperiment/CompilerOptimization/Result/lepton/phasar/phasar-O2-g/runs/ifds-uninit/lepton_O2_g-Mon-Mar-16-10:10:01-2026,lepton_O2_g-Mon-Mar-16-10:10:01-2026,ifds-uninit,/home/jimi/PaperExperiment/CompilerOptimization/Result/lepton/phasar/phasar-O2-g/artifacts/lepton_O2_g.bc,/home/jimi/PaperExperiment/CompilerOptimization/Result/lepton/phasar/phasar-O2-g/artifacts/lepton_O2_g.ll,/home/jimi/PaperExperiment/CompilerOptimization/Result/lepton/phasar/phasar-O2-g/runs/ifds-uninit/lepton_O2_g-Mon-Mar-16-10:10:01-2026/psr-report.txt,327,/usr/bin/../lib/gcc/x86_64-linux-gnu/13/../../../../include/c++/13/bits/stl_algobase.h,241,,missing_file,system_header,0,system_header,_ZSt3minImERKT_S2_S2_,,335,"%16 = load ptr, ptr %3, align 8, !dbg !33473, !psr.id !33474 | ID: 2683",,Phasar IFDS-Uninitialized use; variables=Line       : 241; reported_source=},debug_location_or_source_attribution_drift_candidate,0.50,1,,/home/jimi/PaperExperiment/CompilerOptimization/Result/lepton/phasar/phasar-O2-g/runs/ifds-uninit/lepton_O2_g-Mon-Mar-16-10:10:01-2026/psr-report.txt;/home/jimi/PaperExperiment/CompilerOptimization/Result/lepton/phasar/phasar-O2-g/log/commands.log;/home/jimi/PaperExperiment/CompilerOptimization/Result/lepton/phasar/phasar-O2-g/log/summary.csv,Generated by re-parsing psr-report.txt; source_resolution=direct_or_container_remap; exact source line was revalidated against the resolved source tree.
phasar.lepton.O2g.000028,lepton,phasar,P2,ExternalOrUnresolvedSource,RunOrLocationWeakEvidence,reported,/home/jimi/PaperExperiment/CompilerOptimization/Result/lepton/phasar/phasar-O2-g/runs/ifds-uninit/lepton_O2_g-Mon-Mar-16-10:10:01-2026,lepton_O2_g-Mon-Mar-16-10:10:01-2026,ifds-uninit,/home/jimi/PaperExperiment/CompilerOptimization/Result/lepton/phasar/phasar-O2-g/artifacts/lepton_O2_g.bc,/home/jimi/PaperExperiment/CompilerOptimization/Result/lepton/phasar/phasar-O2-g/artifacts/lepton_O2_g.ll,/home/jimi/PaperExperiment/CompilerOptimization/Result/lepton/phasar/phasar-O2-g/runs/ifds-uninit/lepton_O2_g-Mon-Mar-16-10:10:01-2026/psr-report.txt,362,/usr/bin/../lib/gcc/x86_64-linux-gnu/13/../../../../include/c++/13/bits/stl_pair.h,688,,missing_file,system_header,0,system_header,_ZNSt4pairIjN8Sirikata9JpegErrorEEC2IRjS1_Lb1EEEOT_OT0_,,371,"%9 = load ptr, ptr %5, align 8, !dbg !37206, !psr.id !37207 | ID: 4708",,"Phasar IFDS-Uninitialized use; variables=__x; reported_source=: first(std::forward<_U1>(__x)), second(std::forward<_U2>(__y))",debug_location_or_source_attribution_drift_candidate,0.50,1,,/home/jimi/PaperExperiment/CompilerOptimization/Result/lepton/phasar/phasar-O2-g/runs/ifds-uninit/lepton_O2_g-Mon-Mar-16-10:10:01-2026/psr-report.txt;/home/jimi/PaperExperiment/CompilerOptimization/Result/lepton/phasar/phasar-O2-g/log/commands.log;/home/jimi/PaperExperiment/CompilerOptimization/Result/lepton/phasar/phasar-O2-g/log/summary.csv,Generated by re-parsing psr-report.txt; source_resolution=direct_or_container_remap; exact source line was revalidated against the resolved source tree.
phasar.lepton.O2g.000029,lepton,phasar,P2,ExternalOrUnresolvedSource,RunOrLocationWeakEvidence,reported,/home/jimi/PaperExperiment/CompilerOptimization/Result/lepton/phasar/phasar-O2-g/runs/ifds-uninit/lepton_O2_g-Mon-Mar-16-10:10:01-2026,lepton_O2_g-Mon-Mar-16-10:10:01-2026,ifds-uninit,/home/jimi/PaperExperiment/CompilerOptimization/Result/lepton/phasar/phasar-O2-g/artifacts/lepton_O2_g.bc,/home/jimi/PaperExperiment/CompilerOptimization/Result/lepton/phasar/phasar-O2-g/artifacts/lepton_O2_g.ll,/home/jimi/PaperExperiment/CompilerOptimization/Result/lepton/phasar/phasar-O2-g/runs/ifds-uninit/lepton_O2_g-Mon-Mar-16-10:10:01-2026/psr-report.txt,376,/usr/bin/../lib/gcc/x86_64-linux-gnu/13/../../../../include/c++/13/bits/stl_vector.h,1287,,missing_file,system_header,0,system_header,_ZNSt6vectorIhN8Sirikata13JpegAllocatorIhEEE9push_backERKh,,385,"%22 = load ptr, ptr %4, align 8, !dbg !33786, !psr.id !33787 | ID: 2858",,Phasar IFDS-Uninitialized use; variables=__x; reported_source=__x);,debug_location_or_source_attribution_drift_candidate,0.50,1,,/home/jimi/PaperExperiment/CompilerOptimization/Result/lepton/phasar/phasar-O2-g/runs/ifds-uninit/lepton_O2_g-Mon-Mar-16-10:10:01-2026/psr-report.txt;/home/jimi/PaperExperiment/CompilerOptimization/Result/lepton/phasar/phasar-O2-g/log/commands.log;/home/jimi/PaperExperiment/CompilerOptimization/Result/lepton/phasar/phasar-O2-g/log/summary.csv,Generated by re-parsing psr-report.txt; source_resolution=direct_or_container_remap; exact source line was revalidated against the resolved source tree.
phasar.lepton.O2g.000030,lepton,phasar,P2,ExternalOrUnresolvedSource,RunOrLocationWeakEvidence,reported,/home/jimi/PaperExperiment/CompilerOptimization/Result/lepton/phasar/phasar-O2-g/runs/ifds-uninit/lepton_O2_g-Mon-Mar-16-10:10:01-2026,lepton_O2_g-Mon-Mar-16-10:10:01-2026,ifds-uninit,/home/jimi/PaperExperiment/CompilerOptimization/Result/lepton/phasar/phasar-O2-g/artifacts/lepton_O2_g.bc,/home/jimi/PaperExperiment/CompilerOptimization/Result/lepton/phasar/phasar-O2-g/artifacts/lepton_O2_g.ll,/home/jimi/PaperExperiment/CompilerOptimization/Result/lepton/phasar/phasar-O2-g/runs/ifds-uninit/lepton_O2_g-Mon-Mar-16-10:10:01-2026/psr-report.txt,388,/usr/bin/../lib/gcc/x86_64-linux-gnu/13/../../../../include/c++/13/bits/stl_vector.h,1292,,missing_file,system_header,0,system_header,_ZNSt6vectorIhN8Sirikata13JpegAllocatorIhEEE9push_backERKh,,397,"%31 = load ptr, ptr %4, align 8, !dbg !33806, !psr.id !33807 | ID: 2870",,"Phasar IFDS-Uninitialized use; variables=__x; reported_source=_M_realloc_insert(end(), __x);",debug_location_or_source_attribution_drift_candidate,0.50,1,,/home/jimi/PaperExperiment/CompilerOptimization/Result/lepton/phasar/phasar-O2-g/runs/ifds-uninit/lepton_O2_g-Mon-Mar-16-10:10:01-2026/psr-report.txt;/home/jimi/PaperExperiment/CompilerOptimization/Result/lepton/phasar/phasar-O2-g/log/commands.log;/home/jimi/PaperExperiment/CompilerOptimization/Result/lepton/phasar/phasar-O2-g/log/summary.csv,Generated by re-parsing psr-report.txt; source_resolution=direct_or_container_remap; exact source line was revalidated against the resolved source tree.
phasar.lepton.O2g.000031,lepton,phasar,P2,ExternalOrUnresolvedSource,RunOrLocationWeakEvidence,reported,/home/jimi/PaperExperiment/CompilerOptimization/Result/lepton/phasar/phasar-O2-g/runs/ifds-uninit/lepton_O2_g-Mon-Mar-16-10:10:01-2026,lepton_O2_g-Mon-Mar-16-10:10:01-2026,ifds-uninit,/home/jimi/PaperExperiment/CompilerOptimization/Result/lepton/phasar/phasar-O2-g/artifacts/lepton_O2_g.bc,/home/jimi/PaperExperiment/CompilerOptimization/Result/lepton/phasar/phasar-O2-g/artifacts/lepton_O2_g.ll,/home/jimi/PaperExperiment/CompilerOptimization/Result/lepton/phasar/phasar-O2-g/runs/ifds-uninit/lepton_O2_g-Mon-Mar-16-10:10:01-2026/psr-report.txt,400,/usr/bin/../lib/gcc/x86_64-linux-gnu/13/../../../../include/c++/13/bits/alloc_traits.h,379,,missing_file,system_header,0,system_header,_ZNSt16allocator_traitsIN8Sirikata13JpegAllocatorIhEEE9constructIhJRKhEEEDTcl12_S_constructfp_fp0_spclsr3stdE7forwardIT0_Efp1_EEERS2_PT_DpOS7_,,409,"%9 = load ptr, ptr %6, align 8, !dbg !33843, !psr.id !33844 | ID: 2887",,"Phasar IFDS-Uninitialized use; variables=__args; reported_source={ _S_construct(__a, __p, std::forward<_Args>(__args)...); }",debug_location_or_source_attribution_drift_candidate,0.50,1,,/home/jimi/PaperExperiment/CompilerOptimization/Result/lepton/phasar/phasar-O2-g/runs/ifds-uninit/lepton_O2_g-Mon-Mar-16-10:10:01-2026/psr-report.txt;/home/jimi/PaperExperiment/CompilerOptimization/Result/lepton/phasar/phasar-O2-g/log/commands.log;/home/jimi/PaperExperiment/CompilerOptimization/Result/lepton/phasar/phasar-O2-g/log/summary.csv,Generated by re-parsing psr-report.txt; source_resolution=direct_or_container_remap; exact source line was revalidated against the resolved source tree.
phasar.lepton.O2g.000032,lepton,phasar,P2,ExternalOrUnresolvedSource,RunOrLocationWeakEvidence,reported,/home/jimi/PaperExperiment/CompilerOptimization/Result/lepton/phasar/phasar-O2-g/runs/ifds-uninit/lepton_O2_g-Mon-Mar-16-10:10:01-2026,lepton_O2_g-Mon-Mar-16-10:10:01-2026,ifds-uninit,/home/jimi/PaperExperiment/CompilerOptimization/Result/lepton/phasar/phasar-O2-g/artifacts/lepton_O2_g.bc,/home/jimi/PaperExperiment/CompilerOptimization/Result/lepton/phasar/phasar-O2-g/artifacts/lepton_O2_g.ll,/home/jimi/PaperExperiment/CompilerOptimization/Result/lepton/phasar/phasar-O2-g/runs/ifds-uninit/lepton_O2_g-Mon-Mar-16-10:10:01-2026/psr-report.txt,412,/usr/bin/../lib/gcc/x86_64-linux-gnu/13/../../../../include/c++/13/bits/vector.tcc,471,,missing_file,system_header,0,system_header,_ZNSt6vectorIhN8Sirikata13JpegAllocatorIhEEE17_M_realloc_insertIJRKhEEEvN9__gnu_cxx17__normal_iteratorIPhS3_EEDpOT_,,421,"%35 = load ptr, ptr %6, align 8, !dbg !33960, !psr.id !33961 | ID: 2952",,Phasar IFDS-Uninitialized use; variables=__args; reported_source=std::forward<_Args>(__args)...);,debug_location_or_source_attribution_drift_candidate,0.50,1,,/home/jimi/PaperExperiment/CompilerOptimization/Result/lepton/phasar/phasar-O2-g/runs/ifds-uninit/lepton_O2_g-Mon-Mar-16-10:10:01-2026/psr-report.txt;/home/jimi/PaperExperiment/CompilerOptimization/Result/lepton/phasar/phasar-O2-g/log/commands.log;/home/jimi/PaperExperiment/CompilerOptimization/Result/lepton/phasar/phasar-O2-g/log/summary.csv,Generated by re-parsing psr-report.txt; source_resolution=direct_or_container_remap; exact source line was revalidated against the resolved source tree.
phasar.lepton.O2g.000033,lepton,phasar,P2,ExternalOrUnresolvedSource,RunOrLocationWeakEvidence,reported,/home/jimi/PaperExperiment/CompilerOptimization/Result/lepton/phasar/phasar-O2-g/runs/ifds-uninit/lepton_O2_g-Mon-Mar-16-10:10:01-2026,lepton_O2_g-Mon-Mar-16-10:10:01-2026,ifds-uninit,/home/jimi/PaperExperiment/CompilerOptimization/Result/lepton/phasar/phasar-O2-g/artifacts/lepton_O2_g.bc,/home/jimi/PaperExperiment/CompilerOptimization/Result/lepton/phasar/phasar-O2-g/artifacts/lepton_O2_g.ll,/home/jimi/PaperExperiment/CompilerOptimization/Result/lepton/phasar/phasar-O2-g/runs/ifds-uninit/lepton_O2_g-Mon-Mar-16-10:10:01-2026/psr-report.txt,424,/usr/bin/../lib/gcc/x86_64-linux-gnu/13/../../../../include/c++/13/bits/stl_vector.h,1898,,missing_file,system_header,0,system_header,_ZNKSt6vectorIhN8Sirikata13JpegAllocatorIhEEE12_M_check_lenEmPKc,,433,"%13 = load i64, ptr %5, align 8, !dbg !34086, !psr.id !34087 | ID: 3019",,Phasar IFDS-Uninitialized use; variables=__n; reported_source=if (max_size() - size() < __n),debug_location_or_source_attribution_drift_candidate,0.50,1,,/home/jimi/PaperExperiment/CompilerOptimization/Result/lepton/phasar/phasar-O2-g/runs/ifds-uninit/lepton_O2_g-Mon-Mar-16-10:10:01-2026/psr-report.txt;/home/jimi/PaperExperiment/CompilerOptimization/Result/lepton/phasar/phasar-O2-g/log/commands.log;/home/jimi/PaperExperiment/CompilerOptimization/Result/lepton/phasar/phasar-O2-g/log/summary.csv,Generated by re-parsing psr-report.txt; source_resolution=direct_or_container_remap; exact source line was revalidated against the resolved source tree.
phasar.lepton.O2g.000034,lepton,phasar,P2,ExternalOrUnresolvedSource,RunOrLocationWeakEvidence,reported,/home/jimi/PaperExperiment/CompilerOptimization/Result/lepton/phasar/phasar-O2-g/runs/ifds-uninit/lepton_O2_g-Mon-Mar-16-10:10:01-2026,lepton_O2_g-Mon-Mar-16-10:10:01-2026,ifds-uninit,/home/jimi/PaperExperiment/CompilerOptimization/Result/lepton/phasar/phasar-O2-g/artifacts/lepton_O2_g.bc,/home/jimi/PaperExperiment/CompilerOptimization/Result/lepton/phasar/phasar-O2-g/artifacts/lepton_O2_g.ll,/home/jimi/PaperExperiment/CompilerOptimization/Result/lepton/phasar/phasar-O2-g/runs/ifds-uninit/lepton_O2_g-Mon-Mar-16-10:10:01-2026/psr-report.txt,440,/usr/bin/../lib/gcc/x86_64-linux-gnu/13/../../../../include/c++/13/bits/stl_vector.h,1901,,missing_file,system_header,0,system_header,_ZNKSt6vectorIhN8Sirikata13JpegAllocatorIhEEE12_M_check_lenEmPKc,,448,"%21 = load i64, ptr %20, align 8, !dbg !34105, !psr.id !34107 | ID: 3030",,"Phasar IFDS-Uninitialized use; variables=Line       : 1901; reported_source=const size_type __len = size() + (std::max)(size(), __n);",debug_location_or_source_attribution_drift_candidate,0.50,1,,/home/jimi/PaperExperiment/CompilerOptimization/Result/lepton/phasar/phasar-O2-g/runs/ifds-uninit/lepton_O2_g-Mon-Mar-16-10:10:01-2026/psr-report.txt;/home/jimi/PaperExperiment/CompilerOptimization/Result/lepton/phasar/phasar-O2-g/log/commands.log;/home/jimi/PaperExperiment/CompilerOptimization/Result/lepton/phasar/phasar-O2-g/log/summary.csv,Generated by re-parsing psr-report.txt; source_resolution=direct_or_container_remap; exact source line was revalidated against the resolved source tree.
phasar.lepton.O2g.000035,lepton,phasar,P2,ExternalOrUnresolvedSource,RunOrLocationWeakEvidence,reported,/home/jimi/PaperExperiment/CompilerOptimization/Result/lepton/phasar/phasar-O2-g/runs/ifds-uninit/lepton_O2_g-Mon-Mar-16-10:10:01-2026,lepton_O2_g-Mon-Mar-16-10:10:01-2026,ifds-uninit,/home/jimi/PaperExperiment/CompilerOptimization/Result/lepton/phasar/phasar-O2-g/artifacts/lepton_O2_g.bc,/home/jimi/PaperExperiment/CompilerOptimization/Result/lepton/phasar/phasar-O2-g/artifacts/lepton_O2_g.ll,/home/jimi/PaperExperiment/CompilerOptimization/Result/lepton/phasar/phasar-O2-g/runs/ifds-uninit/lepton_O2_g-Mon-Mar-16-10:10:01-2026/psr-report.txt,453,/usr/bin/../lib/gcc/x86_64-linux-gnu/13/../../../../include/c++/13/bits/stl_vector.h,1902,,missing_file,system_header,0,system_header,_ZNKSt6vectorIhN8Sirikata13JpegAllocatorIhEEE12_M_check_lenEmPKc,,462,"%23 = load i64, ptr %7, align 8, !dbg !34111, !psr.id !34112 | ID: 3033",,"Phasar IFDS-Uninitialized use; variables=__len, __len, __len; reported_source=return (__len < size() || __len > max_size()) ? max_size() : __len;",debug_location_or_source_attribution_drift_candidate,0.50,1,,/home/jimi/PaperExperiment/CompilerOptimization/Result/lepton/phasar/phasar-O2-g/runs/ifds-uninit/lepton_O2_g-Mon-Mar-16-10:10:01-2026/psr-report.txt;/home/jimi/PaperExperiment/CompilerOptimization/Result/lepton/phasar/phasar-O2-g/log/commands.log;/home/jimi/PaperExperiment/CompilerOptimization/Result/lepton/phasar/phasar-O2-g/log/summary.csv,Generated by re-parsing psr-report.txt; source_resolution=direct_or_container_remap; exact source line was revalidated against the resolved source tree.
phasar.lepton.O2g.000036,lepton,phasar,P2,ExternalOrUnresolvedSource,RunOrLocationWeakEvidence,reported,/home/jimi/PaperExperiment/CompilerOptimization/Result/lepton/phasar/phasar-O2-g/runs/ifds-uninit/lepton_O2_g-Mon-Mar-16-10:10:01-2026,lepton_O2_g-Mon-Mar-16-10:10:01-2026,ifds-uninit,/home/jimi/PaperExperiment/CompilerOptimization/Result/lepton/phasar/phasar-O2-g/artifacts/lepton_O2_g.bc,/home/jimi/PaperExperiment/CompilerOptimization/Result/lepton/phasar/phasar-O2-g/artifacts/lepton_O2_g.ll,/home/jimi/PaperExperiment/CompilerOptimization/Result/lepton/phasar/phasar-O2-g/runs/ifds-uninit/lepton_O2_g-Mon-Mar-16-10:10:01-2026/psr-report.txt,477,/usr/bin/../lib/gcc/x86_64-linux-gnu/13/../../../../include/c++/13/bits/stl_iterator.h,1077,,missing_file,system_header,0,system_header,_ZN9__gnu_cxx17__normal_iteratorIPhSt6vectorIhN8Sirikata13JpegAllocatorIhEEEEC2ERKS1_,,486,"%7 = load ptr, ptr %4, align 8, !dbg !34262, !psr.id !34263 | ID: 3119",,Phasar IFDS-Uninitialized use; variables=__i; reported_source=: _M_current(__i) { },debug_location_or_source_attribution_drift_candidate,0.50,1,,/home/jimi/PaperExperiment/CompilerOptimization/Result/lepton/phasar/phasar-O2-g/runs/ifds-uninit/lepton_O2_g-Mon-Mar-16-10:10:01-2026/psr-report.txt;/home/jimi/PaperExperiment/CompilerOptimization/Result/lepton/phasar/phasar-O2-g/log/commands.log;/home/jimi/PaperExperiment/CompilerOptimization/Result/lepton/phasar/phasar-O2-g/log/summary.csv,Generated by re-parsing psr-report.txt; source_resolution=direct_or_container_remap; exact source line was revalidated against the resolved source tree.
phasar.lepton.O2g.000037,lepton,phasar,P2,ExternalOrUnresolvedSource,RunOrLocationWeakEvidence,reported,/home/jimi/PaperExperiment/CompilerOptimization/Result/lepton/phasar/phasar-O2-g/runs/ifds-uninit/lepton_O2_g-Mon-Mar-16-10:10:01-2026,lepton_O2_g-Mon-Mar-16-10:10:01-2026,ifds-uninit,/home/jimi/PaperExperiment/CompilerOptimization/Result/lepton/phasar/phasar-O2-g/artifacts/lepton_O2_g.bc,/home/jimi/PaperExperiment/CompilerOptimization/Result/lepton/phasar/phasar-O2-g/artifacts/lepton_O2_g.ll,/home/jimi/PaperExperiment/CompilerOptimization/Result/lepton/phasar/phasar-O2-g/runs/ifds-uninit/lepton_O2_g-Mon-Mar-16-10:10:01-2026/psr-report.txt,491,/usr/bin/../lib/gcc/x86_64-linux-gnu/13/../../../../include/c++/13/bits/stl_algobase.h,262,,missing_file,system_header,0,system_header,_ZSt3maxImERKT_S2_S2_,,500,"%6 = load ptr, ptr %4, align 8, !dbg !34280, !psr.id !34282 | ID: 3130",,"Phasar IFDS-Uninitialized use; variables=__a, __b; reported_source=if (__a < __b)",debug_location_or_source_attribution_drift_candidate,0.50,1,,/home/jimi/PaperExperiment/CompilerOptimization/Result/lepton/phasar/phasar-O2-g/runs/ifds-uninit/lepton_O2_g-Mon-Mar-16-10:10:01-2026/psr-report.txt;/home/jimi/PaperExperiment/CompilerOptimization/Result/lepton/phasar/phasar-O2-g/log/commands.log;/home/jimi/PaperExperiment/CompilerOptimization/Result/lepton/phasar/phasar-O2-g/log/summary.csv,Generated by re-parsing psr-report.txt; source_resolution=direct_or_container_remap; exact source line was revalidated against the resolved source tree.
phasar.lepton.O2g.000038,lepton,phasar,P2,ExternalOrUnresolvedSource,RunOrLocationWeakEvidence,reported,/home/jimi/PaperExperiment/CompilerOptimization/Result/lepton/phasar/phasar-O2-g/runs/ifds-uninit/lepton_O2_g-Mon-Mar-16-10:10:01-2026,lepton_O2_g-Mon-Mar-16-10:10:01-2026,ifds-uninit,/home/jimi/PaperExperiment/CompilerOptimization/Result/lepton/phasar/phasar-O2-g/artifacts/lepton_O2_g.bc,/home/jimi/PaperExperiment/CompilerOptimization/Result/lepton/phasar/phasar-O2-g/artifacts/lepton_O2_g.ll,/home/jimi/PaperExperiment/CompilerOptimization/Result/lepton/phasar/phasar-O2-g/runs/ifds-uninit/lepton_O2_g-Mon-Mar-16-10:10:01-2026/psr-report.txt,514,/usr/bin/../lib/gcc/x86_64-linux-gnu/13/../../../../include/c++/13/bits/stl_algobase.h,263,,missing_file,system_header,0,system_header,_ZSt3maxImERKT_S2_S2_,,523,"%12 = load ptr, ptr %5, align 8, !dbg !34291, !psr.id !34292 | ID: 3136",,Phasar IFDS-Uninitialized use; variables=__b; reported_source=return __b;,debug_location_or_source_attribution_drift_candidate,0.50,1,,/home/jimi/PaperExperiment/CompilerOptimization/Result/lepton/phasar/phasar-O2-g/runs/ifds-uninit/lepton_O2_g-Mon-Mar-16-10:10:01-2026/psr-report.txt;/home/jimi/PaperExperiment/CompilerOptimization/Result/lepton/phasar/phasar-O2-g/log/commands.log;/home/jimi/PaperExperiment/CompilerOptimization/Result/lepton/phasar/phasar-O2-g/log/summary.csv,Generated by re-parsing psr-report.txt; source_resolution=direct_or_container_remap; exact source line was revalidated against the resolved source tree.
phasar.lepton.O2g.000039,lepton,phasar,P2,ExternalOrUnresolvedSource,RunOrLocationWeakEvidence,reported,/home/jimi/PaperExperiment/CompilerOptimization/Result/lepton/phasar/phasar-O2-g/runs/ifds-uninit/lepton_O2_g-Mon-Mar-16-10:10:01-2026,lepton_O2_g-Mon-Mar-16-10:10:01-2026,ifds-uninit,/home/jimi/PaperExperiment/CompilerOptimization/Result/lepton/phasar/phasar-O2-g/artifacts/lepton_O2_g.bc,/home/jimi/PaperExperiment/CompilerOptimization/Result/lepton/phasar/phasar-O2-g/artifacts/lepton_O2_g.ll,/home/jimi/PaperExperiment/CompilerOptimization/Result/lepton/phasar/phasar-O2-g/runs/ifds-uninit/lepton_O2_g-Mon-Mar-16-10:10:01-2026/psr-report.txt,526,/usr/bin/../lib/gcc/x86_64-linux-gnu/13/../../../../include/c++/13/bits/stl_algobase.h,264,,missing_file,system_header,0,system_header,_ZSt3maxImERKT_S2_S2_,,535,"%14 = load ptr, ptr %4, align 8, !dbg !34296, !psr.id !34297 | ID: 3139",,Phasar IFDS-Uninitialized use; variables=__a; reported_source=return __a;,debug_location_or_source_attribution_drift_candidate,0.50,1,,/home/jimi/PaperExperiment/CompilerOptimization/Result/lepton/phasar/phasar-O2-g/runs/ifds-uninit/lepton_O2_g-Mon-Mar-16-10:10:01-2026/psr-report.txt;/home/jimi/PaperExperiment/CompilerOptimization/Result/lepton/phasar/phasar-O2-g/log/commands.log;/home/jimi/PaperExperiment/CompilerOptimization/Result/lepton/phasar/phasar-O2-g/log/summary.csv,Generated by re-parsing psr-report.txt; source_resolution=direct_or_container_remap; exact source line was revalidated against the resolved source tree.
phasar.lepton.O2g.000040,lepton,phasar,P2,ExternalOrUnresolvedSource,RunOrLocationWeakEvidence,reported,/home/jimi/PaperExperiment/CompilerOptimization/Result/lepton/phasar/phasar-O2-g/runs/ifds-uninit/lepton_O2_g-Mon-Mar-16-10:10:01-2026,lepton_O2_g-Mon-Mar-16-10:10:01-2026,ifds-uninit,/home/jimi/PaperExperiment/CompilerOptimization/Result/lepton/phasar/phasar-O2-g/artifacts/lepton_O2_g.bc,/home/jimi/PaperExperiment/CompilerOptimization/Result/lepton/phasar/phasar-O2-g/artifacts/lepton_O2_g.ll,/home/jimi/PaperExperiment/CompilerOptimization/Result/lepton/phasar/phasar-O2-g/runs/ifds-uninit/lepton_O2_g-Mon-Mar-16-10:10:01-2026/psr-report.txt,538,/usr/bin/../lib/gcc/x86_64-linux-gnu/13/../../../../include/c++/13/bits/stl_algobase.h,265,,missing_file,system_header,0,system_header,_ZSt3maxImERKT_S2_S2_,,546,"%16 = load ptr, ptr %3, align 8, !dbg !34301, !psr.id !34302 | ID: 3142",,Phasar IFDS-Uninitialized use; variables=Line       : 265; reported_source=},debug_location_or_source_attribution_drift_candidate,0.50,1,,/home/jimi/PaperExperiment/CompilerOptimization/Result/lepton/phasar/phasar-O2-g/runs/ifds-uninit/lepton_O2_g-Mon-Mar-16-10:10:01-2026/psr-report.txt;/home/jimi/PaperExperiment/CompilerOptimization/Result/lepton/phasar/phasar-O2-g/log/commands.log;/home/jimi/PaperExperiment/CompilerOptimization/Result/lepton/phasar/phasar-O2-g/log/summary.csv,Generated by re-parsing psr-report.txt; source_resolution=direct_or_container_remap; exact source line was revalidated against the resolved source tree.
phasar.lepton.O2g.000041,lepton,phasar,P2,ExternalOrUnresolvedSource,RunOrLocationWeakEvidence,reported,/home/jimi/PaperExperiment/CompilerOptimization/Result/lepton/phasar/phasar-O2-g/runs/ifds-uninit/lepton_O2_g-Mon-Mar-16-10:10:01-2026,lepton_O2_g-Mon-Mar-16-10:10:01-2026,ifds-uninit,/home/jimi/PaperExperiment/CompilerOptimization/Result/lepton/phasar/phasar-O2-g/artifacts/lepton_O2_g.bc,/home/jimi/PaperExperiment/CompilerOptimization/Result/lepton/phasar/phasar-O2-g/artifacts/lepton_O2_g.ll,/home/jimi/PaperExperiment/CompilerOptimization/Result/lepton/phasar/phasar-O2-g/runs/ifds-uninit/lepton_O2_g-Mon-Mar-16-10:10:01-2026/psr-report.txt,549,/usr/bin/../lib/gcc/x86_64-linux-gnu/13/../../../../include/c++/13/bits/stl_vector.h,1486,,missing_file,system_header,0,system_header,_ZNSt6vectorIhN8Sirikata13JpegAllocatorIhEEE6insertIPhvEEN9__gnu_cxx17__normal_iteratorIS5_S3_EENS7_IPKhS3_EET_SC_,,558,"%29 = load ptr, ptr %9, align 8, !dbg !34604, !psr.id !34605 | ID: 3315",,"Phasar IFDS-Uninitialized use; variables=__first, __last; reported_source=_M_range_insert(begin() + __offset, __first, __last,",debug_location_or_source_attribution_drift_candidate,0.50,1,,/home/jimi/PaperExperiment/CompilerOptimization/Result/lepton/phasar/phasar-O2-g/runs/ifds-uninit/lepton_O2_g-Mon-Mar-16-10:10:01-2026/psr-report.txt;/home/jimi/PaperExperiment/CompilerOptimization/Result/lepton/phasar/phasar-O2-g/log/commands.log;/home/jimi/PaperExperiment/CompilerOptimization/Result/lepton/phasar/phasar-O2-g/log/summary.csv,Generated by re-parsing psr-report.txt; source_resolution=direct_or_container_remap; exact source line was revalidated against the resolved source tree.
phasar.lepton.O2g.000042,lepton,phasar,P2,ExternalOrUnresolvedSource,RunOrLocationWeakEvidence,reported,/home/jimi/PaperExperiment/CompilerOptimization/Result/lepton/phasar/phasar-O2-g/runs/ifds-uninit/lepton_O2_g-Mon-Mar-16-10:10:01-2026,lepton_O2_g-Mon-Mar-16-10:10:01-2026,ifds-uninit,/home/jimi/PaperExperiment/CompilerOptimization/Result/lepton/phasar/phasar-O2-g/artifacts/lepton_O2_g.bc,/home/jimi/PaperExperiment/CompilerOptimization/Result/lepton/phasar/phasar-O2-g/artifacts/lepton_O2_g.ll,/home/jimi/PaperExperiment/CompilerOptimization/Result/lepton/phasar/phasar-O2-g/runs/ifds-uninit/lepton_O2_g-Mon-Mar-16-10:10:01-2026/psr-report.txt,563,/usr/bin/../lib/gcc/x86_64-linux-gnu/13/../../../../include/c++/13/bits/stl_iterator.h,1148,,missing_file,system_header,0,system_header,_ZNK9__gnu_cxx17__normal_iteratorIPhSt6vectorIhN8Sirikata13JpegAllocatorIhEEEEplEl,,572,"%10 = load i64, ptr %5, align 8, !dbg !34713, !psr.id !34714 | ID: 3371",,Phasar IFDS-Uninitialized use; variables=__n; reported_source={ return __normal_iterator(_M_current + __n); },debug_location_or_source_attribution_drift_candidate,0.50,1,,/home/jimi/PaperExperiment/CompilerOptimization/Result/lepton/phasar/phasar-O2-g/runs/ifds-uninit/lepton_O2_g-Mon-Mar-16-10:10:01-2026/psr-report.txt;/home/jimi/PaperExperiment/CompilerOptimization/Result/lepton/phasar/phasar-O2-g/log/commands.log;/home/jimi/PaperExperiment/CompilerOptimization/Result/lepton/phasar/phasar-O2-g/log/summary.csv,Generated by re-parsing psr-report.txt; source_resolution=direct_or_container_remap; exact source line was revalidated against the resolved source tree.
phasar.lepton.O2g.000043,lepton,phasar,P2,ExternalOrUnresolvedSource,RunOrLocationWeakEvidence,reported,/home/jimi/PaperExperiment/CompilerOptimization/Result/lepton/phasar/phasar-O2-g/runs/ifds-uninit/lepton_O2_g-Mon-Mar-16-10:10:01-2026,lepton_O2_g-Mon-Mar-16-10:10:01-2026,ifds-uninit,/home/jimi/PaperExperiment/CompilerOptimization/Result/lepton/phasar/phasar-O2-g/artifacts/lepton_O2_g.bc,/home/jimi/PaperExperiment/CompilerOptimization/Result/lepton/phasar/phasar-O2-g/artifacts/lepton_O2_g.ll,/home/jimi/PaperExperiment/CompilerOptimization/Result/lepton/phasar/phasar-O2-g/runs/ifds-uninit/lepton_O2_g-Mon-Mar-16-10:10:01-2026/psr-report.txt,575,/usr/bin/../lib/gcc/x86_64-linux-gnu/13/../../../../include/c++/13/bits/vector.tcc,755,,missing_file,system_header,0,system_header,_ZNSt6vectorIhN8Sirikata13JpegAllocatorIhEEE15_M_range_insertIPhEEvN9__gnu_cxx17__normal_iteratorIS5_S3_EET_S9_St20forward_iterator_tag,,584,"%35 = load ptr, ptr %17, align 8, !dbg !34778, !psr.id !34780 | ID: 3417",,"Phasar IFDS-Uninitialized use; variables=__first, __last; reported_source=if (__first != __last)",debug_location_or_source_attribution_drift_candidate,0.50,1,,/home/jimi/PaperExperiment/CompilerOptimization/Result/lepton/phasar/phasar-O2-g/runs/ifds-uninit/lepton_O2_g-Mon-Mar-16-10:10:01-2026/psr-report.txt;/home/jimi/PaperExperiment/CompilerOptimization/Result/lepton/phasar/phasar-O2-g/log/commands.log;/home/jimi/PaperExperiment/CompilerOptimization/Result/lepton/phasar/phasar-O2-g/log/summary.csv,Generated by re-parsing psr-report.txt; source_resolution=direct_or_container_remap; exact source line was revalidated against the resolved source tree.
phasar.lepton.O2g.000044,lepton,phasar,P2,ExternalOrUnresolvedSource,RunOrLocationWeakEvidence,reported,/home/jimi/PaperExperiment/CompilerOptimization/Result/lepton/phasar/phasar-O2-g/runs/ifds-uninit/lepton_O2_g-Mon-Mar-16-10:10:01-2026,lepton_O2_g-Mon-Mar-16-10:10:01-2026,ifds-uninit,/home/jimi/PaperExperiment/CompilerOptimization/Result/lepton/phasar/phasar-O2-g/artifacts/lepton_O2_g.bc,/home/jimi/PaperExperiment/CompilerOptimization/Result/lepton/phasar/phasar-O2-g/artifacts/lepton_O2_g.ll,/home/jimi/PaperExperiment/CompilerOptimization/Result/lepton/phasar/phasar-O2-g/runs/ifds-uninit/lepton_O2_g-Mon-Mar-16-10:10:01-2026/psr-report.txt,594,/usr/bin/../lib/gcc/x86_64-linux-gnu/13/../../../../include/c++/13/bits/vector.tcc,757,,missing_file,system_header,0,system_header,_ZNSt6vectorIhN8Sirikata13JpegAllocatorIhEEE15_M_range_insertIPhEEvN9__gnu_cxx17__normal_iteratorIS5_S3_EET_S9_St20forward_iterator_tag,,603,"%39 = load ptr, ptr %17, align 8, !dbg !34791, !psr.id !34792 | ID: 3422",,"Phasar IFDS-Uninitialized use; variables=__first, __last; reported_source=const size_type __n = std::distance(__first, __last);",debug_location_or_source_attribution_drift_candidate,0.50,1,,/home/jimi/PaperExperiment/CompilerOptimization/Result/lepton/phasar/phasar-O2-g/runs/ifds-uninit/lepton_O2_g-Mon-Mar-16-10:10:01-2026/psr-report.txt;/home/jimi/PaperExperiment/CompilerOptimization/Result/lepton/phasar/phasar-O2-g/log/commands.log;/home/jimi/PaperExperiment/CompilerOptimization/Result/lepton/phasar/phasar-O2-g/log/summary.csv,Generated by re-parsing psr-report.txt; source_resolution=direct_or_container_remap; exact source line was revalidated against the resolved source tree.
phasar.lepton.O2g.000045,lepton,phasar,P2,ExternalOrUnresolvedSource,RunOrLocationWeakEvidence,reported,/home/jimi/PaperExperiment/CompilerOptimization/Result/lepton/phasar/phasar-O2-g/runs/ifds-uninit/lepton_O2_g-Mon-Mar-16-10:10:01-2026,lepton_O2_g-Mon-Mar-16-10:10:01-2026,ifds-uninit,/home/jimi/PaperExperiment/CompilerOptimization/Result/lepton/phasar/phasar-O2-g/artifacts/lepton_O2_g.bc,/home/jimi/PaperExperiment/CompilerOptimization/Result/lepton/phasar/phasar-O2-g/artifacts/lepton_O2_g.ll,/home/jimi/PaperExperiment/CompilerOptimization/Result/lepton/phasar/phasar-O2-g/runs/ifds-uninit/lepton_O2_g-Mon-Mar-16-10:10:01-2026/psr-report.txt,608,/usr/bin/../lib/gcc/x86_64-linux-gnu/13/../../../../include/c++/13/bits/stl_iterator_base_funcs.h,151,,missing_file,system_header,0,system_header,_ZNSt6vectorIhN8Sirikata13JpegAllocatorIhEEE15_M_range_insertIPhEEvN9__gnu_cxx17__normal_iteratorIS5_S3_EET_S9_St20forward_iterator_tag,,617,"%41 = load ptr, ptr %12, align 8, !dbg !34809, !psr.id !34810 | ID: 3428",,"Phasar IFDS-Uninitialized use; variables=__first, __last; reported_source=return std::__distance(__first, __last,",debug_location_or_source_attribution_drift_candidate,0.50,1,,/home/jimi/PaperExperiment/CompilerOptimization/Result/lepton/phasar/phasar-O2-g/runs/ifds-uninit/lepton_O2_g-Mon-Mar-16-10:10:01-2026/psr-report.txt;/home/jimi/PaperExperiment/CompilerOptimization/Result/lepton/phasar/phasar-O2-g/log/commands.log;/home/jimi/PaperExperiment/CompilerOptimization/Result/lepton/phasar/phasar-O2-g/log/summary.csv,Generated by re-parsing psr-report.txt; source_resolution=direct_or_container_remap; exact source line was revalidated against the resolved source tree.
phasar.lepton.O2g.000046,lepton,phasar,P2,ExternalOrUnresolvedSource,RunOrLocationWeakEvidence,reported,/home/jimi/PaperExperiment/CompilerOptimization/Result/lepton/phasar/phasar-O2-g/runs/ifds-uninit/lepton_O2_g-Mon-Mar-16-10:10:01-2026,lepton_O2_g-Mon-Mar-16-10:10:01-2026,ifds-uninit,/home/jimi/PaperExperiment/CompilerOptimization/Result/lepton/phasar/phasar-O2-g/artifacts/lepton_O2_g.bc,/home/jimi/PaperExperiment/CompilerOptimization/Result/lepton/phasar/phasar-O2-g/artifacts/lepton_O2_g.ll,/home/jimi/PaperExperiment/CompilerOptimization/Result/lepton/phasar/phasar-O2-g/runs/ifds-uninit/lepton_O2_g-Mon-Mar-16-10:10:01-2026/psr-report.txt,622,/usr/bin/../lib/gcc/x86_64-linux-gnu/13/../../../../include/c++/13/bits/stl_iterator_base_funcs.h,106,,missing_file,system_header,0,system_header,_ZNSt6vectorIhN8Sirikata13JpegAllocatorIhEEE15_M_range_insertIPhEEvN9__gnu_cxx17__normal_iteratorIS5_S3_EET_S9_St20forward_iterator_tag,,631,"%43 = load ptr, ptr %6, align 8, !dbg !34834, !psr.id !34835 | ID: 3437",,"Phasar IFDS-Uninitialized use; variables=__last, __first; reported_source=return __last - __first;",debug_location_or_source_attribution_drift_candidate,0.50,1,,/home/jimi/PaperExperiment/CompilerOptimization/Result/lepton/phasar/phasar-O2-g/runs/ifds-uninit/lepton_O2_g-Mon-Mar-16-10:10:01-2026/psr-report.txt;/home/jimi/PaperExperiment/CompilerOptimization/Result/lepton/phasar/phasar-O2-g/log/commands.log;/home/jimi/PaperExperiment/CompilerOptimization/Result/lepton/phasar/phasar-O2-g/log/summary.csv,Generated by re-parsing psr-report.txt; source_resolution=direct_or_container_remap; exact source line was revalidated against the resolved source tree.
phasar.lepton.O2g.000047,lepton,phasar,P2,ExternalOrUnresolvedSource,RunOrLocationWeakEvidence,reported,/home/jimi/PaperExperiment/CompilerOptimization/Result/lepton/phasar/phasar-O2-g/runs/ifds-uninit/lepton_O2_g-Mon-Mar-16-10:10:01-2026,lepton_O2_g-Mon-Mar-16-10:10:01-2026,ifds-uninit,/home/jimi/PaperExperiment/CompilerOptimization/Result/lepton/phasar/phasar-O2-g/artifacts/lepton_O2_g.bc,/home/jimi/PaperExperiment/CompilerOptimization/Result/lepton/phasar/phasar-O2-g/artifacts/lepton_O2_g.ll,/home/jimi/PaperExperiment/CompilerOptimization/Result/lepton/phasar/phasar-O2-g/runs/ifds-uninit/lepton_O2_g-Mon-Mar-16-10:10:01-2026/psr-report.txt,639,/usr/bin/../lib/gcc/x86_64-linux-gnu/13/../../../../include/c++/13/bits/vector.tcc,759,,missing_file,system_header,0,system_header,_ZNSt6vectorIhN8Sirikata13JpegAllocatorIhEEE15_M_range_insertIPhEEvN9__gnu_cxx17__normal_iteratorIS5_S3_EET_S9_St20forward_iterator_tag,,648,"%59 = load i64, ptr %19, align 8, !dbg !34862, !psr.id !34863 | ID: 3454",,Phasar IFDS-Uninitialized use; variables=__n; reported_source=- this->_M_impl._M_finish) >= __n),debug_location_or_source_attribution_drift_candidate,0.50,1,,/home/jimi/PaperExperiment/CompilerOptimization/Result/lepton/phasar/phasar-O2-g/runs/ifds-uninit/lepton_O2_g-Mon-Mar-16-10:10:01-2026/psr-report.txt;/home/jimi/PaperExperiment/CompilerOptimization/Result/lepton/phasar/phasar-O2-g/log/commands.log;/home/jimi/PaperExperiment/CompilerOptimization/Result/lepton/phasar/phasar-O2-g/log/summary.csv,Generated by re-parsing psr-report.txt; source_resolution=direct_or_container_remap; exact source line was revalidated against the resolved source tree.
phasar.lepton.O2g.000048,lepton,phasar,P2,ExternalOrUnresolvedSource,RunOrLocationWeakEvidence,reported,/home/jimi/PaperExperiment/CompilerOptimization/Result/lepton/phasar/phasar-O2-g/runs/ifds-uninit/lepton_O2_g-Mon-Mar-16-10:10:01-2026,lepton_O2_g-Mon-Mar-16-10:10:01-2026,ifds-uninit,/home/jimi/PaperExperiment/CompilerOptimization/Result/lepton/phasar/phasar-O2-g/artifacts/lepton_O2_g.bc,/home/jimi/PaperExperiment/CompilerOptimization/Result/lepton/phasar/phasar-O2-g/artifacts/lepton_O2_g.ll,/home/jimi/PaperExperiment/CompilerOptimization/Result/lepton/phasar/phasar-O2-g/runs/ifds-uninit/lepton_O2_g-Mon-Mar-16-10:10:01-2026/psr-report.txt,653,/usr/bin/../lib/gcc/x86_64-linux-gnu/13/../../../../include/c++/13/bits/vector.tcc,758,,missing_file,system_header,0,system_header,_ZNSt6vectorIhN8Sirikata13JpegAllocatorIhEEE15_M_range_insertIPhEEvN9__gnu_cxx17__normal_iteratorIS5_S3_EET_S9_St20forward_iterator_tag,,661,"br i1 %60, label %61, label %155, !dbg !34866, !psr.id !34867 | ID: 3456",,Phasar IFDS-Uninitialized use; variables=Line       : 758; reported_source=if (size_type(this->_M_impl._M_end_of_storage,debug_location_or_source_attribution_drift_candidate,0.50,1,,/home/jimi/PaperExperiment/CompilerOptimization/Result/lepton/phasar/phasar-O2-g/runs/ifds-uninit/lepton_O2_g-Mon-Mar-16-10:10:01-2026/psr-report.txt;/home/jimi/PaperExperiment/CompilerOptimization/Result/lepton/phasar/phasar-O2-g/log/commands.log;/home/jimi/PaperExperiment/CompilerOptimization/Result/lepton/phasar/phasar-O2-g/log/summary.csv,Generated by re-parsing psr-report.txt; source_resolution=direct_or_container_remap; exact source line was revalidated against the resolved source tree.
phasar.lepton.O2g.000049,lepton,phasar,P2,ExternalOrUnresolvedSource,RunOrLocationWeakEvidence,reported,/home/jimi/PaperExperiment/CompilerOptimization/Result/lepton/phasar/phasar-O2-g/runs/ifds-uninit/lepton_O2_g-Mon-Mar-16-10:10:01-2026,lepton_O2_g-Mon-Mar-16-10:10:01-2026,ifds-uninit,/home/jimi/PaperExperiment/CompilerOptimization/Result/lepton/phasar/phasar-O2-g/artifacts/lepton_O2_g.bc,/home/jimi/PaperExperiment/CompilerOptimization/Result/lepton/phasar/phasar-O2-g/artifacts/lepton_O2_g.ll,/home/jimi/PaperExperiment/CompilerOptimization/Result/lepton/phasar/phasar-O2-g/runs/ifds-uninit/lepton_O2_g-Mon-Mar-16-10:10:01-2026/psr-report.txt,664,/usr/bin/../lib/gcc/x86_64-linux-gnu/13/../../../../include/c++/13/bits/vector.tcc,763,,missing_file,system_header,0,system_header,_ZNSt6vectorIhN8Sirikata13JpegAllocatorIhEEE15_M_range_insertIPhEEvN9__gnu_cxx17__normal_iteratorIS5_S3_EET_S9_St20forward_iterator_tag,,673,"%70 = load i64, ptr %19, align 8, !dbg !34893, !psr.id !34894 | ID: 3470",,Phasar IFDS-Uninitialized use; variables=__n; reported_source=if (__elems_after > __n),debug_location_or_source_attribution_drift_candidate,0.50,1,,/home/jimi/PaperExperiment/CompilerOptimization/Result/lepton/phasar/phasar-O2-g/runs/ifds-uninit/lepton_O2_g-Mon-Mar-16-10:10:01-2026/psr-report.txt;/home/jimi/PaperExperiment/CompilerOptimization/Result/lepton/phasar/phasar-O2-g/log/commands.log;/home/jimi/PaperExperiment/CompilerOptimization/Result/lepton/phasar/phasar-O2-g/log/summary.csv,Generated by re-parsing psr-report.txt; source_resolution=direct_or_container_remap; exact source line was revalidated against the resolved source tree.
phasar.lepton.O2g.000050,lepton,phasar,P2,ExternalOrUnresolvedSource,RunOrLocationWeakEvidence,reported,/home/jimi/PaperExperiment/CompilerOptimization/Result/lepton/phasar/phasar-O2-g/runs/ifds-uninit/lepton_O2_g-Mon-Mar-16-10:10:01-2026,lepton_O2_g-Mon-Mar-16-10:10:01-2026,ifds-uninit,/home/jimi/PaperExperiment/CompilerOptimization/Result/lepton/phasar/phasar-O2-g/artifacts/lepton_O2_g.bc,/home/jimi/PaperExperiment/CompilerOptimization/Result/lepton/phasar/phasar-O2-g/artifacts/lepton_O2_g.ll,/home/jimi/PaperExperiment/CompilerOptimization/Result/lepton/phasar/phasar-O2-g/runs/ifds-uninit/lepton_O2_g-Mon-Mar-16-10:10:01-2026/psr-report.txt,680,/usr/bin/../lib/gcc/x86_64-linux-gnu/13/../../../../include/c++/13/bits/vector.tcc,766,,missing_file,system_header,0,system_header,_ZNSt6vectorIhN8Sirikata13JpegAllocatorIhEEE15_M_range_insertIPhEEvN9__gnu_cxx17__normal_iteratorIS5_S3_EET_S9_St20forward_iterator_tag,,689,"%77 = load i64, ptr %19, align 8, !dbg !34907, !psr.id !34908 | ID: 3477",,"Phasar IFDS-Uninitialized use; variables=__n; reported_source=std::__uninitialized_move_a(this->_M_impl._M_finish - __n,",debug_location_or_source_attribution_drift_candidate,0.50,1,,/home/jimi/PaperExperiment/CompilerOptimization/Result/lepton/phasar/phasar-O2-g/runs/ifds-uninit/lepton_O2_g-Mon-Mar-16-10:10:01-2026/psr-report.txt;/home/jimi/PaperExperiment/CompilerOptimization/Result/lepton/phasar/phasar-O2-g/log/commands.log;/home/jimi/PaperExperiment/CompilerOptimization/Result/lepton/phasar/phasar-O2-g/log/summary.csv,Generated by re-parsing psr-report.txt; source_resolution=direct_or_container_remap; exact source line was revalidated against the resolved source tree.
phasar.lepton.O2g.000051,lepton,phasar,P2,ExternalOrUnresolvedSource,RunOrLocationWeakEvidence,reported,/home/jimi/PaperExperiment/CompilerOptimization/Result/lepton/phasar/phasar-O2-g/runs/ifds-uninit/lepton_O2_g-Mon-Mar-16-10:10:01-2026,lepton_O2_g-Mon-Mar-16-10:10:01-2026,ifds-uninit,/home/jimi/PaperExperiment/CompilerOptimization/Result/lepton/phasar/phasar-O2-g/artifacts/lepton_O2_g.bc,/home/jimi/PaperExperiment/CompilerOptimization/Result/lepton/phasar/phasar-O2-g/artifacts/lepton_O2_g.ll,/home/jimi/PaperExperiment/CompilerOptimization/Result/lepton/phasar/phasar-O2-g/runs/ifds-uninit/lepton_O2_g-Mon-Mar-16-10:10:01-2026/psr-report.txt,694,/usr/bin/../lib/gcc/x86_64-linux-gnu/13/../../../../include/c++/13/bits/vector.tcc,770,,missing_file,system_header,0,system_header,_ZNSt6vectorIhN8Sirikata13JpegAllocatorIhEEE15_M_range_insertIPhEEvN9__gnu_cxx17__normal_iteratorIS5_S3_EET_S9_St20forward_iterator_tag,,703,"%90 = load i64, ptr %19, align 8, !dbg !34930, !psr.id !34931 | ID: 3490",,Phasar IFDS-Uninitialized use; variables=__n; reported_source=this->_M_impl._M_finish += __n;,debug_location_or_source_attribution_drift_candidate,0.50,1,,/home/jimi/PaperExperiment/CompilerOptimization/Result/lepton/phasar/phasar-O2-g/runs/ifds-uninit/lepton_O2_g-Mon-Mar-16-10:10:01-2026/psr-report.txt;/home/jimi/PaperExperiment/CompilerOptimization/Result/lepton/phasar/phasar-O2-g/log/commands.log;/home/jimi/PaperExperiment/CompilerOptimization/Result/lepton/phasar/phasar-O2-g/log/summary.csv,Generated by re-parsing psr-report.txt; source_resolution=direct_or_container_remap; exact source line was revalidated against the resolved source tree.
phasar.lepton.O2g.000052,lepton,phasar,P2,ExternalOrUnresolvedSource,RunOrLocationWeakEvidence,reported,/home/jimi/PaperExperiment/CompilerOptimization/Result/lepton/phasar/phasar-O2-g/runs/ifds-uninit/lepton_O2_g-Mon-Mar-16-10:10:01-2026,lepton_O2_g-Mon-Mar-16-10:10:01-2026,ifds-uninit,/home/jimi/PaperExperiment/CompilerOptimization/Result/lepton/phasar/phasar-O2-g/artifacts/lepton_O2_g.bc,/home/jimi/PaperExperiment/CompilerOptimization/Result/lepton/phasar/phasar-O2-g/artifacts/lepton_O2_g.ll,/home/jimi/PaperExperiment/CompilerOptimization/Result/lepton/phasar/phasar-O2-g/runs/ifds-uninit/lepton_O2_g-Mon-Mar-16-10:10:01-2026/psr-report.txt,706,/usr/bin/../lib/gcc/x86_64-linux-gnu/13/../../../../include/c++/13/bits/vector.tcc,772,,missing_file,system_header,0,system_header,_ZNSt6vectorIhN8Sirikata13JpegAllocatorIhEEE15_M_range_insertIPhEEvN9__gnu_cxx17__normal_iteratorIS5_S3_EET_S9_St20forward_iterator_tag,,715,"%99 = load i64, ptr %19, align 8, !dbg !34942, !psr.id !34946 | ID: 3500",,"Phasar IFDS-Uninitialized use; variables=__n; reported_source=_GLIBCXX_MOVE_BACKWARD3(__position.base(),",debug_location_or_source_attribution_drift_candidate,0.50,1,,/home/jimi/PaperExperiment/CompilerOptimization/Result/lepton/phasar/phasar-O2-g/runs/ifds-uninit/lepton_O2_g-Mon-Mar-16-10:10:01-2026/psr-report.txt;/home/jimi/PaperExperiment/CompilerOptimization/Result/lepton/phasar/phasar-O2-g/log/commands.log;/home/jimi/PaperExperiment/CompilerOptimization/Result/lepton/phasar/phasar-O2-g/log/summary.csv,Generated by re-parsing psr-report.txt; source_resolution=direct_or_container_remap; exact source line was revalidated against the resolved source tree.
phasar.lepton.O2g.000053,lepton,phasar,P2,ExternalOrUnresolvedSource,RunOrLocationWeakEvidence,reported,/home/jimi/PaperExperiment/CompilerOptimization/Result/lepton/phasar/phasar-O2-g/runs/ifds-uninit/lepton_O2_g-Mon-Mar-16-10:10:01-2026,lepton_O2_g-Mon-Mar-16-10:10:01-2026,ifds-uninit,/home/jimi/PaperExperiment/CompilerOptimization/Result/lepton/phasar/phasar-O2-g/artifacts/lepton_O2_g.bc,/home/jimi/PaperExperiment/CompilerOptimization/Result/lepton/phasar/phasar-O2-g/artifacts/lepton_O2_g.ll,/home/jimi/PaperExperiment/CompilerOptimization/Result/lepton/phasar/phasar-O2-g/runs/ifds-uninit/lepton_O2_g-Mon-Mar-16-10:10:01-2026/psr-report.txt,720,/usr/bin/../lib/gcc/x86_64-linux-gnu/13/../../../../include/c++/13/bits/vector.tcc,774,,missing_file,system_header,0,system_header,_ZNSt6vectorIhN8Sirikata13JpegAllocatorIhEEE15_M_range_insertIPhEEvN9__gnu_cxx17__normal_iteratorIS5_S3_EET_S9_St20forward_iterator_tag,,729,"%104 = load ptr, ptr %17, align 8, !dbg !34951, !psr.id !34952 | ID: 3505",,"Phasar IFDS-Uninitialized use; variables=__first, __last; reported_source=std::copy(__first, __last, __position);",debug_location_or_source_attribution_drift_candidate,0.50,1,,/home/jimi/PaperExperiment/CompilerOptimization/Result/lepton/phasar/phasar-O2-g/runs/ifds-uninit/lepton_O2_g-Mon-Mar-16-10:10:01-2026/psr-report.txt;/home/jimi/PaperExperiment/CompilerOptimization/Result/lepton/phasar/phasar-O2-g/log/commands.log;/home/jimi/PaperExperiment/CompilerOptimization/Result/lepton/phasar/phasar-O2-g/log/summary.csv,Generated by re-parsing psr-report.txt; source_resolution=direct_or_container_remap; exact source line was revalidated against the resolved source tree.
phasar.lepton.O2g.000054,lepton,phasar,P2,ExternalOrUnresolvedSource,RunOrLocationWeakEvidence,reported,/home/jimi/PaperExperiment/CompilerOptimization/Result/lepton/phasar/phasar-O2-g/runs/ifds-uninit/lepton_O2_g-Mon-Mar-16-10:10:01-2026,lepton_O2_g-Mon-Mar-16-10:10:01-2026,ifds-uninit,/home/jimi/PaperExperiment/CompilerOptimization/Result/lepton/phasar/phasar-O2-g/artifacts/lepton_O2_g.bc,/home/jimi/PaperExperiment/CompilerOptimization/Result/lepton/phasar/phasar-O2-g/artifacts/lepton_O2_g.ll,/home/jimi/PaperExperiment/CompilerOptimization/Result/lepton/phasar/phasar-O2-g/runs/ifds-uninit/lepton_O2_g-Mon-Mar-16-10:10:01-2026/psr-report.txt,734,/usr/bin/../lib/gcc/x86_64-linux-gnu/13/../../../../include/c++/13/bits/vector.tcc,836,,missing_file,system_header,0,system_header,_ZNSt6vectorIhN8Sirikata13JpegAllocatorIhEEE15_M_range_insertIPhEEvN9__gnu_cxx17__normal_iteratorIS5_S3_EET_S9_St20forward_iterator_tag,,743,"%207 = load i64, ptr %30, align 8, !dbg !35212, !psr.id !35213 | ID: 3642",,Phasar IFDS-Uninitialized use; variables=__len; reported_source=this->_M_impl._M_end_of_storage = __new_start + __len;,debug_location_or_source_attribution_drift_candidate,0.50,1,,/home/jimi/PaperExperiment/CompilerOptimization/Result/lepton/phasar/phasar-O2-g/runs/ifds-uninit/lepton_O2_g-Mon-Mar-16-10:10:01-2026/psr-report.txt;/home/jimi/PaperExperiment/CompilerOptimization/Result/lepton/phasar/phasar-O2-g/log/commands.log;/home/jimi/PaperExperiment/CompilerOptimization/Result/lepton/phasar/phasar-O2-g/log/summary.csv,Generated by re-parsing psr-report.txt; source_resolution=direct_or_container_remap; exact source line was revalidated against the resolved source tree.
phasar.lepton.O2g.000055,lepton,phasar,P2,ExternalOrUnresolvedSource,RunOrLocationWeakEvidence,reported,/home/jimi/PaperExperiment/CompilerOptimization/Result/lepton/phasar/phasar-O2-g/runs/ifds-uninit/lepton_O2_g-Mon-Mar-16-10:10:01-2026,lepton_O2_g-Mon-Mar-16-10:10:01-2026,ifds-uninit,/home/jimi/PaperExperiment/CompilerOptimization/Result/lepton/phasar/phasar-O2-g/artifacts/lepton_O2_g.bc,/home/jimi/PaperExperiment/CompilerOptimization/Result/lepton/phasar/phasar-O2-g/artifacts/lepton_O2_g.ll,/home/jimi/PaperExperiment/CompilerOptimization/Result/lepton/phasar/phasar-O2-g/runs/ifds-uninit/lepton_O2_g-Mon-Mar-16-10:10:01-2026/psr-report.txt,746,/usr/bin/../lib/gcc/x86_64-linux-gnu/13/../../../../include/c++/13/bits/vector.tcc,778,,missing_file,system_header,0,system_header,_ZNSt6vectorIhN8Sirikata13JpegAllocatorIhEEE15_M_range_insertIPhEEvN9__gnu_cxx17__normal_iteratorIS5_S3_EET_S9_St20forward_iterator_tag,,755,"%111 = load ptr, ptr %17, align 8, !dbg !34969, !psr.id !34970 | ID: 3515",,Phasar IFDS-Uninitialized use; variables=__first; reported_source=_ForwardIterator __mid = __first;,debug_location_or_source_attribution_drift_candidate,0.50,1,,/home/jimi/PaperExperiment/CompilerOptimization/Result/lepton/phasar/phasar-O2-g/runs/ifds-uninit/lepton_O2_g-Mon-Mar-16-10:10:01-2026/psr-report.txt;/home/jimi/PaperExperiment/CompilerOptimization/Result/lepton/phasar/phasar-O2-g/log/commands.log;/home/jimi/PaperExperiment/CompilerOptimization/Result/lepton/phasar/phasar-O2-g/log/summary.csv,Generated by re-parsing psr-report.txt; source_resolution=direct_or_container_remap; exact source line was revalidated against the resolved source tree.
phasar.lepton.O2g.000056,lepton,phasar,P2,ExternalOrUnresolvedSource,RunOrLocationWeakEvidence,reported,/home/jimi/PaperExperiment/CompilerOptimization/Result/lepton/phasar/phasar-O2-g/runs/ifds-uninit/lepton_O2_g-Mon-Mar-16-10:10:01-2026,lepton_O2_g-Mon-Mar-16-10:10:01-2026,ifds-uninit,/home/jimi/PaperExperiment/CompilerOptimization/Result/lepton/phasar/phasar-O2-g/artifacts/lepton_O2_g.bc,/home/jimi/PaperExperiment/CompilerOptimization/Result/lepton/phasar/phasar-O2-g/artifacts/lepton_O2_g.ll,/home/jimi/PaperExperiment/CompilerOptimization/Result/lepton/phasar/phasar-O2-g/runs/ifds-uninit/lepton_O2_g-Mon-Mar-16-10:10:01-2026/psr-report.txt,758,/usr/bin/../lib/gcc/x86_64-linux-gnu/13/../../../../include/c++/13/bits/stl_iterator_base_funcs.h,224,,missing_file,system_header,0,system_header,_ZNSt6vectorIhN8Sirikata13JpegAllocatorIhEEE15_M_range_insertIPhEEvN9__gnu_cxx17__normal_iteratorIS5_S3_EET_S9_St20forward_iterator_tag,,767,"%114 = load ptr, ptr %8, align 8, !dbg !34994, !psr.id !34995 | ID: 3525",,"Phasar IFDS-Uninitialized use; variables=__i, __i; reported_source=std::__advance(__i, __d, std::__iterator_category(__i));",debug_location_or_source_attribution_drift_candidate,0.50,1,,/home/jimi/PaperExperiment/CompilerOptimization/Result/lepton/phasar/phasar-O2-g/runs/ifds-uninit/lepton_O2_g-Mon-Mar-16-10:10:01-2026/psr-report.txt;/home/jimi/PaperExperiment/CompilerOptimization/Result/lepton/phasar/phasar-O2-g/log/commands.log;/home/jimi/PaperExperiment/CompilerOptimization/Result/lepton/phasar/phasar-O2-g/log/summary.csv,Generated by re-parsing psr-report.txt; source_resolution=direct_or_container_remap; exact source line was revalidated against the resolved source tree.
phasar.lepton.O2g.000057,lepton,phasar,P2,ExternalOrUnresolvedSource,RunOrLocationWeakEvidence,reported,/home/jimi/PaperExperiment/CompilerOptimization/Result/lepton/phasar/phasar-O2-g/runs/ifds-uninit/lepton_O2_g-Mon-Mar-16-10:10:01-2026,lepton_O2_g-Mon-Mar-16-10:10:01-2026,ifds-uninit,/home/jimi/PaperExperiment/CompilerOptimization/Result/lepton/phasar/phasar-O2-g/artifacts/lepton_O2_g.bc,/home/jimi/PaperExperiment/CompilerOptimization/Result/lepton/phasar/phasar-O2-g/artifacts/lepton_O2_g.ll,/home/jimi/PaperExperiment/CompilerOptimization/Result/lepton/phasar/phasar-O2-g/runs/ifds-uninit/lepton_O2_g-Mon-Mar-16-10:10:01-2026/psr-report.txt,772,/usr/bin/../lib/gcc/x86_64-linux-gnu/13/../../../../include/c++/13/bits/vector.tcc,781,,missing_file,system_header,0,system_header,_ZNSt6vectorIhN8Sirikata13JpegAllocatorIhEEE15_M_range_insertIPhEEvN9__gnu_cxx17__normal_iteratorIS5_S3_EET_S9_St20forward_iterator_tag,,781,"%117 = load ptr, ptr %25, align 8, !dbg !35006, !psr.id !35007 | ID: 3531",,"Phasar IFDS-Uninitialized use; variables=__mid, __last; reported_source=std::__uninitialized_copy_a(__mid, __last,",debug_location_or_source_attribution_drift_candidate,0.50,1,,/home/jimi/PaperExperiment/CompilerOptimization/Result/lepton/phasar/phasar-O2-g/runs/ifds-uninit/lepton_O2_g-Mon-Mar-16-10:10:01-2026/psr-report.txt;/home/jimi/PaperExperiment/CompilerOptimization/Result/lepton/phasar/phasar-O2-g/log/commands.log;/home/jimi/PaperExperiment/CompilerOptimization/Result/lepton/phasar/phasar-O2-g/log/summary.csv,Generated by re-parsing psr-report.txt; source_resolution=direct_or_container_remap; exact source line was revalidated against the resolved source tree.
phasar.lepton.O2g.000058,lepton,phasar,P2,ExternalOrUnresolvedSource,RunOrLocationWeakEvidence,reported,/home/jimi/PaperExperiment/CompilerOptimization/Result/lepton/phasar/phasar-O2-g/runs/ifds-uninit/lepton_O2_g-Mon-Mar-16-10:10:01-2026,lepton_O2_g-Mon-Mar-16-10:10:01-2026,ifds-uninit,/home/jimi/PaperExperiment/CompilerOptimization/Result/lepton/phasar/phasar-O2-g/artifacts/lepton_O2_g.bc,/home/jimi/PaperExperiment/CompilerOptimization/Result/lepton/phasar/phasar-O2-g/artifacts/lepton_O2_g.ll,/home/jimi/PaperExperiment/CompilerOptimization/Result/lepton/phasar/phasar-O2-g/runs/ifds-uninit/lepton_O2_g-Mon-Mar-16-10:10:01-2026/psr-report.txt,786,/usr/bin/../lib/gcc/x86_64-linux-gnu/13/../../../../include/c++/13/bits/vector.tcc,784,,missing_file,system_header,0,system_header,_ZNSt6vectorIhN8Sirikata13JpegAllocatorIhEEE15_M_range_insertIPhEEvN9__gnu_cxx17__normal_iteratorIS5_S3_EET_S9_St20forward_iterator_tag,,795,"%125 = load i64, ptr %19, align 8, !dbg !35021, !psr.id !35022 | ID: 3539",,Phasar IFDS-Uninitialized use; variables=__n; reported_source=this->_M_impl._M_finish += __n - __elems_after;,debug_location_or_source_attribution_drift_candidate,0.50,1,,/home/jimi/PaperExperiment/CompilerOptimization/Result/lepton/phasar/phasar-O2-g/runs/ifds-uninit/lepton_O2_g-Mon-Mar-16-10:10:01-2026/psr-report.txt;/home/jimi/PaperExperiment/CompilerOptimization/Result/lepton/phasar/phasar-O2-g/log/commands.log;/home/jimi/PaperExperiment/CompilerOptimization/Result/lepton/phasar/phasar-O2-g/log/summary.csv,Generated by re-parsing psr-report.txt; source_resolution=direct_or_container_remap; exact source line was revalidated against the resolved source tree.
phasar.lepton.O2g.000059,lepton,phasar,P2,ExternalOrUnresolvedSource,RunOrLocationWeakEvidence,reported,/home/jimi/PaperExperiment/CompilerOptimization/Result/lepton/phasar/phasar-O2-g/runs/ifds-uninit/lepton_O2_g-Mon-Mar-16-10:10:01-2026,lepton_O2_g-Mon-Mar-16-10:10:01-2026,ifds-uninit,/home/jimi/PaperExperiment/CompilerOptimization/Result/lepton/phasar/phasar-O2-g/artifacts/lepton_O2_g.bc,/home/jimi/PaperExperiment/CompilerOptimization/Result/lepton/phasar/phasar-O2-g/artifacts/lepton_O2_g.ll,/home/jimi/PaperExperiment/CompilerOptimization/Result/lepton/phasar/phasar-O2-g/runs/ifds-uninit/lepton_O2_g-Mon-Mar-16-10:10:01-2026/psr-report.txt,800,/usr/bin/../lib/gcc/x86_64-linux-gnu/13/../../../../include/c++/13/bits/vector.tcc,792,,missing_file,system_header,0,system_header,_ZNSt6vectorIhN8Sirikata13JpegAllocatorIhEEE15_M_range_insertIPhEEvN9__gnu_cxx17__normal_iteratorIS5_S3_EET_S9_St20forward_iterator_tag,,809,"%148 = load ptr, ptr %17, align 8, !dbg !35065, !psr.id !35066 | ID: 3564",,"Phasar IFDS-Uninitialized use; variables=__first, __mid; reported_source=std::copy(__first, __mid, __position);",debug_location_or_source_attribution_drift_candidate,0.50,1,,/home/jimi/PaperExperiment/CompilerOptimization/Result/lepton/phasar/phasar-O2-g/runs/ifds-uninit/lepton_O2_g-Mon-Mar-16-10:10:01-2026/psr-report.txt;/home/jimi/PaperExperiment/CompilerOptimization/Result/lepton/phasar/phasar-O2-g/log/commands.log;/home/jimi/PaperExperiment/CompilerOptimization/Result/lepton/phasar/phasar-O2-g/log/summary.csv,Generated by re-parsing psr-report.txt; source_resolution=direct_or_container_remap; exact source line was revalidated against the resolved source tree.
phasar.lepton.O2g.000060,lepton,phasar,P2,ExternalOrUnresolvedSource,RunOrLocationWeakEvidence,reported,/home/jimi/PaperExperiment/CompilerOptimization/Result/lepton/phasar/phasar-O2-g/runs/ifds-uninit/lepton_O2_g-Mon-Mar-16-10:10:01-2026,lepton_O2_g-Mon-Mar-16-10:10:01-2026,ifds-uninit,/home/jimi/PaperExperiment/CompilerOptimization/Result/lepton/phasar/phasar-O2-g/artifacts/lepton_O2_g.bc,/home/jimi/PaperExperiment/CompilerOptimization/Result/lepton/phasar/phasar-O2-g/artifacts/lepton_O2_g.ll,/home/jimi/PaperExperiment/CompilerOptimization/Result/lepton/phasar/phasar-O2-g/runs/ifds-uninit/lepton_O2_g-Mon-Mar-16-10:10:01-2026/psr-report.txt,814,/usr/bin/../lib/gcc/x86_64-linux-gnu/13/../../../../include/c++/13/bits/vector.tcc,804,,missing_file,system_header,0,system_header,_ZNSt6vectorIhN8Sirikata13JpegAllocatorIhEEE15_M_range_insertIPhEEvN9__gnu_cxx17__normal_iteratorIS5_S3_EET_S9_St20forward_iterator_tag,,823,"%164 = load i64, ptr %19, align 8, !dbg !35106, !psr.id !35107 | ID: 3587",,"Phasar IFDS-Uninitialized use; variables=__n; reported_source=_M_check_len(__n, ""vector::_M_range_insert"");",debug_location_or_source_attribution_drift_candidate,0.50,1,,/home/jimi/PaperExperiment/CompilerOptimization/Result/lepton/phasar/phasar-O2-g/runs/ifds-uninit/lepton_O2_g-Mon-Mar-16-10:10:01-2026/psr-report.txt;/home/jimi/PaperExperiment/CompilerOptimization/Result/lepton/phasar/phasar-O2-g/log/commands.log;/home/jimi/PaperExperiment/CompilerOptimization/Result/lepton/phasar/phasar-O2-g/log/summary.csv,Generated by re-parsing psr-report.txt; source_resolution=direct_or_container_remap; exact source line was revalidated against the resolved source tree.
phasar.lepton.O2g.000061,lepton,phasar,P2,ExternalOrUnresolvedSource,RunOrLocationWeakEvidence,reported,/home/jimi/PaperExperiment/CompilerOptimization/Result/lepton/phasar/phasar-O2-g/runs/ifds-uninit/lepton_O2_g-Mon-Mar-16-10:10:01-2026,lepton_O2_g-Mon-Mar-16-10:10:01-2026,ifds-uninit,/home/jimi/PaperExperiment/CompilerOptimization/Result/lepton/phasar/phasar-O2-g/artifacts/lepton_O2_g.bc,/home/jimi/PaperExperiment/CompilerOptimization/Result/lepton/phasar/phasar-O2-g/artifacts/lepton_O2_g.ll,/home/jimi/PaperExperiment/CompilerOptimization/Result/lepton/phasar/phasar-O2-g/runs/ifds-uninit/lepton_O2_g-Mon-Mar-16-10:10:01-2026/psr-report.txt,826,/usr/bin/../lib/gcc/x86_64-linux-gnu/13/../../../../include/c++/13/bits/vector.tcc,805,,missing_file,system_header,0,system_header,_ZNSt6vectorIhN8Sirikata13JpegAllocatorIhEEE15_M_range_insertIPhEEvN9__gnu_cxx17__normal_iteratorIS5_S3_EET_S9_St20forward_iterator_tag,,835,"%166 = load i64, ptr %30, align 8, !dbg !35114, !psr.id !35115 | ID: 3591",,Phasar IFDS-Uninitialized use; variables=__len; reported_source=pointer __new_start(this->_M_allocate(__len));,debug_location_or_source_attribution_drift_candidate,0.50,1,,/home/jimi/PaperExperiment/CompilerOptimization/Result/lepton/phasar/phasar-O2-g/runs/ifds-uninit/lepton_O2_g-Mon-Mar-16-10:10:01-2026/psr-report.txt;/home/jimi/PaperExperiment/CompilerOptimization/Result/lepton/phasar/phasar-O2-g/log/commands.log;/home/jimi/PaperExperiment/CompilerOptimization/Result/lepton/phasar/phasar-O2-g/log/summary.csv,Generated by re-parsing psr-report.txt; source_resolution=direct_or_container_remap; exact source line was revalidated against the resolved source tree.
phasar.lepton.O2g.000062,lepton,phasar,P2,ExternalOrUnresolvedSource,RunOrLocationWeakEvidence,reported,/home/jimi/PaperExperiment/CompilerOptimization/Result/lepton/phasar/phasar-O2-g/runs/ifds-uninit/lepton_O2_g-Mon-Mar-16-10:10:01-2026,lepton_O2_g-Mon-Mar-16-10:10:01-2026,ifds-uninit,/home/jimi/PaperExperiment/CompilerOptimization/Result/lepton/phasar/phasar-O2-g/artifacts/lepton_O2_g.bc,/home/jimi/PaperExperiment/CompilerOptimization/Result/lepton/phasar/phasar-O2-g/artifacts/lepton_O2_g.ll,/home/jimi/PaperExperiment/CompilerOptimization/Result/lepton/phasar/phasar-O2-g/runs/ifds-uninit/lepton_O2_g-Mon-Mar-16-10:10:01-2026/psr-report.txt,838,/usr/bin/../lib/gcc/x86_64-linux-gnu/13/../../../../include/c++/13/bits/vector.tcc,814,,missing_file,system_header,0,system_header,_ZNSt6vectorIhN8Sirikata13JpegAllocatorIhEEE15_M_range_insertIPhEEvN9__gnu_cxx17__normal_iteratorIS5_S3_EET_S9_St20forward_iterator_tag,,847,"%175 = load ptr, ptr %17, align 8, !dbg !35140, !psr.id !35141 | ID: 3604",,"Phasar IFDS-Uninitialized use; variables=__first, __last; reported_source== std::__uninitialized_copy_a(__first, __last,",debug_location_or_source_attribution_drift_candidate,0.50,1,,/home/jimi/PaperExperiment/CompilerOptimization/Result/lepton/phasar/phasar-O2-g/runs/ifds-uninit/lepton_O2_g-Mon-Mar-16-10:10:01-2026/psr-report.txt;/home/jimi/PaperExperiment/CompilerOptimization/Result/lepton/phasar/phasar-O2-g/log/commands.log;/home/jimi/PaperExperiment/CompilerOptimization/Result/lepton/phasar/phasar-O2-g/log/summary.csv,Generated by re-parsing psr-report.txt; source_resolution=direct_or_container_remap; exact source line was revalidated against the resolved source tree.
phasar.lepton.O2g.000063,lepton,phasar,P2,ExternalOrUnresolvedSource,RunOrLocationWeakEvidence,reported,/home/jimi/PaperExperiment/CompilerOptimization/Result/lepton/phasar/phasar-O2-g/runs/ifds-uninit/lepton_O2_g-Mon-Mar-16-10:10:01-2026,lepton_O2_g-Mon-Mar-16-10:10:01-2026,ifds-uninit,/home/jimi/PaperExperiment/CompilerOptimization/Result/lepton/phasar/phasar-O2-g/artifacts/lepton_O2_g.bc,/home/jimi/PaperExperiment/CompilerOptimization/Result/lepton/phasar/phasar-O2-g/artifacts/lepton_O2_g.ll,/home/jimi/PaperExperiment/CompilerOptimization/Result/lepton/phasar/phasar-O2-g/runs/ifds-uninit/lepton_O2_g-Mon-Mar-16-10:10:01-2026/psr-report.txt,852,/usr/bin/../lib/gcc/x86_64-linux-gnu/13/../../../../include/c++/13/bits/stl_vector.h,1898,,missing_file,system_header,0,system_header,_ZNKSt6vectorIhSaIhEE12_M_check_lenEmPKc,,861,"%13 = load i64, ptr %5, align 8, !dbg !40315, !psr.id !40316 | ID: 6416",,Phasar IFDS-Uninitialized use; variables=__n; reported_source=if (max_size() - size() < __n),debug_location_or_source_attribution_drift_candidate,0.50,1,,/home/jimi/PaperExperiment/CompilerOptimization/Result/lepton/phasar/phasar-O2-g/runs/ifds-uninit/lepton_O2_g-Mon-Mar-16-10:10:01-2026/psr-report.txt;/home/jimi/PaperExperiment/CompilerOptimization/Result/lepton/phasar/phasar-O2-g/log/commands.log;/home/jimi/PaperExperiment/CompilerOptimization/Result/lepton/phasar/phasar-O2-g/log/summary.csv,Generated by re-parsing psr-report.txt; source_resolution=direct_or_container_remap; exact source line was revalidated against the resolved source tree.
phasar.lepton.O2g.000064,lepton,phasar,P2,ExternalOrUnresolvedSource,RunOrLocationWeakEvidence,reported,/home/jimi/PaperExperiment/CompilerOptimization/Result/lepton/phasar/phasar-O2-g/runs/ifds-uninit/lepton_O2_g-Mon-Mar-16-10:10:01-2026,lepton_O2_g-Mon-Mar-16-10:10:01-2026,ifds-uninit,/home/jimi/PaperExperiment/CompilerOptimization/Result/lepton/phasar/phasar-O2-g/artifacts/lepton_O2_g.bc,/home/jimi/PaperExperiment/CompilerOptimization/Result/lepton/phasar/phasar-O2-g/artifacts/lepton_O2_g.ll,/home/jimi/PaperExperiment/CompilerOptimization/Result/lepton/phasar/phasar-O2-g/runs/ifds-uninit/lepton_O2_g-Mon-Mar-16-10:10:01-2026/psr-report.txt,868,/usr/bin/../lib/gcc/x86_64-linux-gnu/13/../../../../include/c++/13/bits/stl_vector.h,1901,,missing_file,system_header,0,system_header,_ZNKSt6vectorIhSaIhEE12_M_check_lenEmPKc,,876,"%21 = load i64, ptr %20, align 8, !dbg !40334, !psr.id !40336 | ID: 6427",,"Phasar IFDS-Uninitialized use; variables=Line       : 1901; reported_source=const size_type __len = size() + (std::max)(size(), __n);",debug_location_or_source_attribution_drift_candidate,0.50,1,,/home/jimi/PaperExperiment/CompilerOptimization/Result/lepton/phasar/phasar-O2-g/runs/ifds-uninit/lepton_O2_g-Mon-Mar-16-10:10:01-2026/psr-report.txt;/home/jimi/PaperExperiment/CompilerOptimization/Result/lepton/phasar/phasar-O2-g/log/commands.log;/home/jimi/PaperExperiment/CompilerOptimization/Result/lepton/phasar/phasar-O2-g/log/summary.csv,Generated by re-parsing psr-report.txt; source_resolution=direct_or_container_remap; exact source line was revalidated against the resolved source tree.
phasar.lepton.O2g.000065,lepton,phasar,P2,ExternalOrUnresolvedSource,RunOrLocationWeakEvidence,reported,/home/jimi/PaperExperiment/CompilerOptimization/Result/lepton/phasar/phasar-O2-g/runs/ifds-uninit/lepton_O2_g-Mon-Mar-16-10:10:01-2026,lepton_O2_g-Mon-Mar-16-10:10:01-2026,ifds-uninit,/home/jimi/PaperExperiment/CompilerOptimization/Result/lepton/phasar/phasar-O2-g/artifacts/lepton_O2_g.bc,/home/jimi/PaperExperiment/CompilerOptimization/Result/lepton/phasar/phasar-O2-g/artifacts/lepton_O2_g.ll,/home/jimi/PaperExperiment/CompilerOptimization/Result/lepton/phasar/phasar-O2-g/runs/ifds-uninit/lepton_O2_g-Mon-Mar-16-10:10:01-2026/psr-report.txt,881,/usr/bin/../lib/gcc/x86_64-linux-gnu/13/../../../../include/c++/13/bits/stl_vector.h,1902,,missing_file,system_header,0,system_header,_ZNKSt6vectorIhSaIhEE12_M_check_lenEmPKc,,890,"%23 = load i64, ptr %7, align 8, !dbg !40340, !psr.id !40341 | ID: 6430",,"Phasar IFDS-Uninitialized use; variables=__len, __len, __len; reported_source=return (__len < size() || __len > max_size()) ? max_size() : __len;",debug_location_or_source_attribution_drift_candidate,0.50,1,,/home/jimi/PaperExperiment/CompilerOptimization/Result/lepton/phasar/phasar-O2-g/runs/ifds-uninit/lepton_O2_g-Mon-Mar-16-10:10:01-2026/psr-report.txt;/home/jimi/PaperExperiment/CompilerOptimization/Result/lepton/phasar/phasar-O2-g/log/commands.log;/home/jimi/PaperExperiment/CompilerOptimization/Result/lepton/phasar/phasar-O2-g/log/summary.csv,Generated by re-parsing psr-report.txt; source_resolution=direct_or_container_remap; exact source line was revalidated against the resolved source tree.
phasar.lepton.O2g.000066,lepton,phasar,P2,ExternalOrUnresolvedSource,RunOrLocationWeakEvidence,reported,/home/jimi/PaperExperiment/CompilerOptimization/Result/lepton/phasar/phasar-O2-g/runs/ifds-uninit/lepton_O2_g-Mon-Mar-16-10:10:01-2026,lepton_O2_g-Mon-Mar-16-10:10:01-2026,ifds-uninit,/home/jimi/PaperExperiment/CompilerOptimization/Result/lepton/phasar/phasar-O2-g/artifacts/lepton_O2_g.bc,/home/jimi/PaperExperiment/CompilerOptimization/Result/lepton/phasar/phasar-O2-g/artifacts/lepton_O2_g.ll,/home/jimi/PaperExperiment/CompilerOptimization/Result/lepton/phasar/phasar-O2-g/runs/ifds-uninit/lepton_O2_g-Mon-Mar-16-10:10:01-2026/psr-report.txt,905,/usr/bin/../lib/gcc/x86_64-linux-gnu/13/../../../../include/c++/13/bits/stl_vector.h,381,,missing_file,system_header,0,system_header,_ZNSt12_Vector_baseIhSaIhEE11_M_allocateEm,,914,"%8 = load i64, ptr %6, align 8, !dbg !40427, !psr.id !40428 | ID: 6480",,"Phasar IFDS-Uninitialized use; variables=__n, __n; reported_source=return __n != 0 ? _Tr::allocate(_M_impl, __n) : pointer();",debug_location_or_source_attribution_drift_candidate,0.50,1,,/home/jimi/PaperExperiment/CompilerOptimization/Result/lepton/phasar/phasar-O2-g/runs/ifds-uninit/lepton_O2_g-Mon-Mar-16-10:10:01-2026/psr-report.txt;/home/jimi/PaperExperiment/CompilerOptimization/Result/lepton/phasar/phasar-O2-g/log/commands.log;/home/jimi/PaperExperiment/CompilerOptimization/Result/lepton/phasar/phasar-O2-g/log/summary.csv,Generated by re-parsing psr-report.txt; source_resolution=direct_or_container_remap; exact source line was revalidated against the resolved source tree.
phasar.lepton.O2g.000067,lepton,phasar,P2,ExternalOrUnresolvedSource,RunOrLocationWeakEvidence,reported,/home/jimi/PaperExperiment/CompilerOptimization/Result/lepton/phasar/phasar-O2-g/runs/ifds-uninit/lepton_O2_g-Mon-Mar-16-10:10:01-2026,lepton_O2_g-Mon-Mar-16-10:10:01-2026,ifds-uninit,/home/jimi/PaperExperiment/CompilerOptimization/Result/lepton/phasar/phasar-O2-g/artifacts/lepton_O2_g.bc,/home/jimi/PaperExperiment/CompilerOptimization/Result/lepton/phasar/phasar-O2-g/artifacts/lepton_O2_g.ll,/home/jimi/PaperExperiment/CompilerOptimization/Result/lepton/phasar/phasar-O2-g/runs/ifds-uninit/lepton_O2_g-Mon-Mar-16-10:10:01-2026/psr-report.txt,923,/usr/bin/../lib/gcc/x86_64-linux-gnu/13/../../../../include/c++/13/bits/alloc_traits.h,482,,missing_file,system_header,0,system_header,_ZNSt12_Vector_baseIhSaIhEE11_M_allocateEm,,932,"%14 = load i64, ptr %4, align 8, !dbg !40448, !psr.id !40449 | ID: 6490",,Phasar IFDS-Uninitialized use; variables=__n; reported_source={ return __a.allocate(__n); },debug_location_or_source_attribution_drift_candidate,0.50,1,,/home/jimi/PaperExperiment/CompilerOptimization/Result/lepton/phasar/phasar-O2-g/runs/ifds-uninit/lepton_O2_g-Mon-Mar-16-10:10:01-2026/psr-report.txt;/home/jimi/PaperExperiment/CompilerOptimization/Result/lepton/phasar/phasar-O2-g/log/commands.log;/home/jimi/PaperExperiment/CompilerOptimization/Result/lepton/phasar/phasar-O2-g/log/summary.csv,Generated by re-parsing psr-report.txt; source_resolution=direct_or_container_remap; exact source line was revalidated against the resolved source tree.
phasar.lepton.O2g.000068,lepton,phasar,P2,ExternalOrUnresolvedSource,RunOrLocationWeakEvidence,reported,/home/jimi/PaperExperiment/CompilerOptimization/Result/lepton/phasar/phasar-O2-g/runs/ifds-uninit/lepton_O2_g-Mon-Mar-16-10:10:01-2026,lepton_O2_g-Mon-Mar-16-10:10:01-2026,ifds-uninit,/home/jimi/PaperExperiment/CompilerOptimization/Result/lepton/phasar/phasar-O2-g/artifacts/lepton_O2_g.bc,/home/jimi/PaperExperiment/CompilerOptimization/Result/lepton/phasar/phasar-O2-g/artifacts/lepton_O2_g.ll,/home/jimi/PaperExperiment/CompilerOptimization/Result/lepton/phasar/phasar-O2-g/runs/ifds-uninit/lepton_O2_g-Mon-Mar-16-10:10:01-2026/psr-report.txt,935,/usr/bin/../lib/gcc/x86_64-linux-gnu/13/../../../../include/c++/13/bits/stl_iterator_base_funcs.h,191,,missing_file,system_header,0,system_header,_ZSt9__advanceIPhlEvRT_T0_St26random_access_iterator_tag,,944,"%12 = load ptr, ptr %4, align 8, !dbg !35385, !psr.id !35386 | ID: 3736",,Phasar IFDS-Uninitialized use; variables=__i; reported_source=++__i;,debug_location_or_source_attribution_drift_candidate,0.50,1,,/home/jimi/PaperExperiment/CompilerOptimization/Result/lepton/phasar/phasar-O2-g/runs/ifds-uninit/lepton_O2_g-Mon-Mar-16-10:10:01-2026/psr-report.txt;/home/jimi/PaperExperiment/CompilerOptimization/Result/lepton/phasar/phasar-O2-g/log/commands.log;/home/jimi/PaperExperiment/CompilerOptimization/Result/lepton/phasar/phasar-O2-g/log/summary.csv,Generated by re-parsing psr-report.txt; source_resolution=direct_or_container_remap; exact source line was revalidated against the resolved source tree.
phasar.lepton.O2g.000069,lepton,phasar,P2,ExternalOrUnresolvedSource,RunOrLocationWeakEvidence,reported,/home/jimi/PaperExperiment/CompilerOptimization/Result/lepton/phasar/phasar-O2-g/runs/ifds-uninit/lepton_O2_g-Mon-Mar-16-10:10:01-2026,lepton_O2_g-Mon-Mar-16-10:10:01-2026,ifds-uninit,/home/jimi/PaperExperiment/CompilerOptimization/Result/lepton/phasar/phasar-O2-g/artifacts/lepton_O2_g.bc,/home/jimi/PaperExperiment/CompilerOptimization/Result/lepton/phasar/phasar-O2-g/artifacts/lepton_O2_g.ll,/home/jimi/PaperExperiment/CompilerOptimization/Result/lepton/phasar/phasar-O2-g/runs/ifds-uninit/lepton_O2_g-Mon-Mar-16-10:10:01-2026/psr-report.txt,949,/usr/bin/../lib/gcc/x86_64-linux-gnu/13/../../../../include/c++/13/bits/stl_iterator_base_funcs.h,193,,missing_file,system_header,0,system_header,_ZSt9__advanceIPhlEvRT_T0_St26random_access_iterator_tag,,958,"%22 = load ptr, ptr %4, align 8, !dbg !35405, !psr.id !35406 | ID: 3747",,Phasar IFDS-Uninitialized use; variables=__i; reported_source=--__i;,debug_location_or_source_attribution_drift_candidate,0.50,1,,/home/jimi/PaperExperiment/CompilerOptimization/Result/lepton/phasar/phasar-O2-g/runs/ifds-uninit/lepton_O2_g-Mon-Mar-16-10:10:01-2026/psr-report.txt;/home/jimi/PaperExperiment/CompilerOptimization/Result/lepton/phasar/phasar-O2-g/log/commands.log;/home/jimi/PaperExperiment/CompilerOptimization/Result/lepton/phasar/phasar-O2-g/log/summary.csv,Generated by re-parsing psr-report.txt; source_resolution=direct_or_container_remap; exact source line was revalidated against the resolved source tree.
phasar.lepton.O2g.000070,lepton,phasar,P2,ExternalOrUnresolvedSource,RunOrLocationWeakEvidence,reported,/home/jimi/PaperExperiment/CompilerOptimization/Result/lepton/phasar/phasar-O2-g/runs/ifds-uninit/lepton_O2_g-Mon-Mar-16-10:10:01-2026,lepton_O2_g-Mon-Mar-16-10:10:01-2026,ifds-uninit,/home/jimi/PaperExperiment/CompilerOptimization/Result/lepton/phasar/phasar-O2-g/artifacts/lepton_O2_g.bc,/home/jimi/PaperExperiment/CompilerOptimization/Result/lepton/phasar/phasar-O2-g/artifacts/lepton_O2_g.ll,/home/jimi/PaperExperiment/CompilerOptimization/Result/lepton/phasar/phasar-O2-g/runs/ifds-uninit/lepton_O2_g-Mon-Mar-16-10:10:01-2026/psr-report.txt,963,/usr/bin/../lib/gcc/x86_64-linux-gnu/13/../../../../include/c++/13/bits/stl_iterator_base_funcs.h,195,,missing_file,system_header,0,system_header,_ZSt9__advanceIPhlEvRT_T0_St26random_access_iterator_tag,,972,"%27 = load ptr, ptr %4, align 8, !dbg !35414, !psr.id !35415 | ID: 3753",,Phasar IFDS-Uninitialized use; variables=__i; reported_source=__i += __n;,debug_location_or_source_attribution_drift_candidate,0.50,1,,/home/jimi/PaperExperiment/CompilerOptimization/Result/lepton/phasar/phasar-O2-g/runs/ifds-uninit/lepton_O2_g-Mon-Mar-16-10:10:01-2026/psr-report.txt;/home/jimi/PaperExperiment/CompilerOptimization/Result/lepton/phasar/phasar-O2-g/log/commands.log;/home/jimi/PaperExperiment/CompilerOptimization/Result/lepton/phasar/phasar-O2-g/log/summary.csv,Generated by re-parsing psr-report.txt; source_resolution=direct_or_container_remap; exact source line was revalidated against the resolved source tree.
phasar.lepton.O2g.000071,lepton,phasar,P2,ExternalOrUnresolvedSource,RunOrLocationWeakEvidence,reported,/home/jimi/PaperExperiment/CompilerOptimization/Result/lepton/phasar/phasar-O2-g/runs/ifds-uninit/lepton_O2_g-Mon-Mar-16-10:10:01-2026,lepton_O2_g-Mon-Mar-16-10:10:01-2026,ifds-uninit,/home/jimi/PaperExperiment/CompilerOptimization/Result/lepton/phasar/phasar-O2-g/artifacts/lepton_O2_g.bc,/home/jimi/PaperExperiment/CompilerOptimization/Result/lepton/phasar/phasar-O2-g/artifacts/lepton_O2_g.ll,/home/jimi/PaperExperiment/CompilerOptimization/Result/lepton/phasar/phasar-O2-g/runs/ifds-uninit/lepton_O2_g-Mon-Mar-16-10:10:01-2026/psr-report.txt,977,/usr/bin/../lib/gcc/x86_64-linux-gnu/13/../../../../include/c++/13/bits/stl_uninitialized.h,351,,missing_file,system_header,0,system_header,_ZSt22__uninitialized_copy_aIPhS0_N8Sirikata13JpegAllocatorIhEEET0_T_S5_S4_RT1_,,986,"%12 = load ptr, ptr %5, align 8, !dbg !35456, !psr.id !35459 | ID: 3777",,"Phasar IFDS-Uninitialized use; variables=__first, __last; reported_source=for (; __first != __last; ++__first, (void)++__cur)",debug_location_or_source_attribution_drift_candidate,0.50,1,,/home/jimi/PaperExperiment/CompilerOptimization/Result/lepton/phasar/phasar-O2-g/runs/ifds-uninit/lepton_O2_g-Mon-Mar-16-10:10:01-2026/psr-report.txt;/home/jimi/PaperExperiment/CompilerOptimization/Result/lepton/phasar/phasar-O2-g/log/commands.log;/home/jimi/PaperExperiment/CompilerOptimization/Result/lepton/phasar/phasar-O2-g/log/summary.csv,Generated by re-parsing psr-report.txt; source_resolution=direct_or_container_remap; exact source line was revalidated against the resolved source tree.
phasar.lepton.O2g.000072,lepton,phasar,P2,ExternalOrUnresolvedSource,RunOrLocationWeakEvidence,reported,/home/jimi/PaperExperiment/CompilerOptimization/Result/lepton/phasar/phasar-O2-g/runs/ifds-uninit/lepton_O2_g-Mon-Mar-16-10:10:01-2026,lepton_O2_g-Mon-Mar-16-10:10:01-2026,ifds-uninit,/home/jimi/PaperExperiment/CompilerOptimization/Result/lepton/phasar/phasar-O2-g/artifacts/lepton_O2_g.bc,/home/jimi/PaperExperiment/CompilerOptimization/Result/lepton/phasar/phasar-O2-g/artifacts/lepton_O2_g.ll,/home/jimi/PaperExperiment/CompilerOptimization/Result/lepton/phasar/phasar-O2-g/runs/ifds-uninit/lepton_O2_g-Mon-Mar-16-10:10:01-2026/psr-report.txt,996,/usr/bin/../lib/gcc/x86_64-linux-gnu/13/../../../../include/c++/13/bits/stl_uninitialized.h,352,,missing_file,system_header,0,system_header,_ZSt22__uninitialized_copy_aIPhS0_N8Sirikata13JpegAllocatorIhEEET0_T_S5_S4_RT1_,,1005,"%18 = load ptr, ptr %5, align 8, !dbg !35470, !psr.id !35471 | ID: 3783",,"Phasar IFDS-Uninitialized use; variables=__first; reported_source=__traits::construct(__alloc, std::__addressof(*__cur), *__first);",debug_location_or_source_attribution_drift_candidate,0.50,1,,/home/jimi/PaperExperiment/CompilerOptimization/Result/lepton/phasar/phasar-O2-g/runs/ifds-uninit/lepton_O2_g-Mon-Mar-16-10:10:01-2026/psr-report.txt;/home/jimi/PaperExperiment/CompilerOptimization/Result/lepton/phasar/phasar-O2-g/log/commands.log;/home/jimi/PaperExperiment/CompilerOptimization/Result/lepton/phasar/phasar-O2-g/log/summary.csv,Generated by re-parsing psr-report.txt; source_resolution=direct_or_container_remap; exact source line was revalidated against the resolved source tree.
phasar.lepton.O2g.000073,lepton,phasar,P2,ExternalOrUnresolvedSource,RunOrLocationWeakEvidence,reported,/home/jimi/PaperExperiment/CompilerOptimization/Result/lepton/phasar/phasar-O2-g/runs/ifds-uninit/lepton_O2_g-Mon-Mar-16-10:10:01-2026,lepton_O2_g-Mon-Mar-16-10:10:01-2026,ifds-uninit,/home/jimi/PaperExperiment/CompilerOptimization/Result/lepton/phasar/phasar-O2-g/artifacts/lepton_O2_g.bc,/home/jimi/PaperExperiment/CompilerOptimization/Result/lepton/phasar/phasar-O2-g/artifacts/lepton_O2_g.ll,/home/jimi/PaperExperiment/CompilerOptimization/Result/lepton/phasar/phasar-O2-g/runs/ifds-uninit/lepton_O2_g-Mon-Mar-16-10:10:01-2026/psr-report.txt,1008,/usr/bin/../lib/gcc/x86_64-linux-gnu/13/../../../../include/c++/13/bits/stl_uninitialized.h,351,,missing_file,system_header,0,system_header,_ZSt22__uninitialized_copy_aIPhS0_N8Sirikata13JpegAllocatorIhEEET0_T_S5_S4_RT1_,,1017,"%20 = load ptr, ptr %5, align 8, !dbg !35475, !psr.id !35476 | ID: 3786",,"Phasar IFDS-Uninitialized use; variables=__first; reported_source=for (; __first != __last; ++__first, (void)++__cur)",debug_location_or_source_attribution_drift_candidate,0.50,1,,/home/jimi/PaperExperiment/CompilerOptimization/Result/lepton/phasar/phasar-O2-g/runs/ifds-uninit/lepton_O2_g-Mon-Mar-16-10:10:01-2026/psr-report.txt;/home/jimi/PaperExperiment/CompilerOptimization/Result/lepton/phasar/phasar-O2-g/log/commands.log;/home/jimi/PaperExperiment/CompilerOptimization/Result/lepton/phasar/phasar-O2-g/log/summary.csv,Generated by re-parsing psr-report.txt; source_resolution=direct_or_container_remap; exact source line was revalidated against the resolved source tree.
phasar.lepton.O2g.000074,lepton,phasar,P2,ExternalOrUnresolvedSource,RunOrLocationWeakEvidence,reported,/home/jimi/PaperExperiment/CompilerOptimization/Result/lepton/phasar/phasar-O2-g/runs/ifds-uninit/lepton_O2_g-Mon-Mar-16-10:10:01-2026,lepton_O2_g-Mon-Mar-16-10:10:01-2026,ifds-uninit,/home/jimi/PaperExperiment/CompilerOptimization/Result/lepton/phasar/phasar-O2-g/artifacts/lepton_O2_g.bc,/home/jimi/PaperExperiment/CompilerOptimization/Result/lepton/phasar/phasar-O2-g/artifacts/lepton_O2_g.ll,/home/jimi/PaperExperiment/CompilerOptimization/Result/lepton/phasar/phasar-O2-g/runs/ifds-uninit/lepton_O2_g-Mon-Mar-16-10:10:01-2026/psr-report.txt,1020,/usr/bin/../lib/gcc/x86_64-linux-gnu/13/../../../../include/c++/13/bits/alloc_traits.h,379,,missing_file,system_header,0,system_header,_ZNSt16allocator_traitsIN8Sirikata13JpegAllocatorIhEEE9constructIhJRhEEEDTcl12_S_constructfp_fp0_spclsr3stdE7forwardIT0_Efp1_EEERS2_PT_DpOS6_,,1029,"%9 = load ptr, ptr %6, align 8, !dbg !35517, !psr.id !35518 | ID: 3806",,"Phasar IFDS-Uninitialized use; variables=__args; reported_source={ _S_construct(__a, __p, std::forward<_Args>(__args)...); }",debug_location_or_source_attribution_drift_candidate,0.50,1,,/home/jimi/PaperExperiment/CompilerOptimization/Result/lepton/phasar/phasar-O2-g/runs/ifds-uninit/lepton_O2_g-Mon-Mar-16-10:10:01-2026/psr-report.txt;/home/jimi/PaperExperiment/CompilerOptimization/Result/lepton/phasar/phasar-O2-g/log/commands.log;/home/jimi/PaperExperiment/CompilerOptimization/Result/lepton/phasar/phasar-O2-g/log/summary.csv,Generated by re-parsing psr-report.txt; source_resolution=direct_or_container_remap; exact source line was revalidated against the resolved source tree.
phasar.lepton.O2g.000075,lepton,phasar,P2,ExternalOrUnresolvedSource,RunOrLocationWeakEvidence,reported,/home/jimi/PaperExperiment/CompilerOptimization/Result/lepton/phasar/phasar-O2-g/runs/ifds-uninit/lepton_O2_g-Mon-Mar-16-10:10:01-2026,lepton_O2_g-Mon-Mar-16-10:10:01-2026,ifds-uninit,/home/jimi/PaperExperiment/CompilerOptimization/Result/lepton/phasar/phasar-O2-g/artifacts/lepton_O2_g.bc,/home/jimi/PaperExperiment/CompilerOptimization/Result/lepton/phasar/phasar-O2-g/artifacts/lepton_O2_g.ll,/home/jimi/PaperExperiment/CompilerOptimization/Result/lepton/phasar/phasar-O2-g/runs/ifds-uninit/lepton_O2_g-Mon-Mar-16-10:10:01-2026/psr-report.txt,1032,/usr/bin/../lib/gcc/x86_64-linux-gnu/13/../../../../include/c++/13/bits/alloc_traits.h,266,,missing_file,system_header,0,system_header,_ZNSt16allocator_traitsIN8Sirikata13JpegAllocatorIhEEE12_S_constructIhJRhEEENSt9enable_ifIXsr6__and_INS3_18__construct_helperIT_JDpT0_EE4typeEEE5valueEvE4typeERS2_PS8_DpOS9_,,1041,"%9 = load ptr, ptr %6, align 8, !dbg !35544, !psr.id !35545 | ID: 3820",,"Phasar IFDS-Uninitialized use; variables=__args; reported_source={ __a.construct(__p, std::forward<_Args>(__args)...); }",debug_location_or_source_attribution_drift_candidate,0.50,1,,/home/jimi/PaperExperiment/CompilerOptimization/Result/lepton/phasar/phasar-O2-g/runs/ifds-uninit/lepton_O2_g-Mon-Mar-16-10:10:01-2026/psr-report.txt;/home/jimi/PaperExperiment/CompilerOptimization/Result/lepton/phasar/phasar-O2-g/log/commands.log;/home/jimi/PaperExperiment/CompilerOptimization/Result/lepton/phasar/phasar-O2-g/log/summary.csv,Generated by re-parsing psr-report.txt; source_resolution=direct_or_container_remap; exact source line was revalidated against the resolved source tree.
phasar.lepton.O2g.000076,lepton,phasar,P2,ExternalOrUnresolvedSource,RunOrLocationWeakEvidence,reported,/home/jimi/PaperExperiment/CompilerOptimization/Result/lepton/phasar/phasar-O2-g/runs/ifds-uninit/lepton_O2_g-Mon-Mar-16-10:10:01-2026,lepton_O2_g-Mon-Mar-16-10:10:01-2026,ifds-uninit,/home/jimi/PaperExperiment/CompilerOptimization/Result/lepton/phasar/phasar-O2-g/artifacts/lepton_O2_g.bc,/home/jimi/PaperExperiment/CompilerOptimization/Result/lepton/phasar/phasar-O2-g/artifacts/lepton_O2_g.ll,/home/jimi/PaperExperiment/CompilerOptimization/Result/lepton/phasar/phasar-O2-g/runs/ifds-uninit/lepton_O2_g-Mon-Mar-16-10:10:01-2026/psr-report.txt,1044,/usr/bin/../lib/gcc/x86_64-linux-gnu/13/../../../../include/c++/13/bits/cpp_type_traits.h,608,,missing_file,system_header,0,system_header,_ZSt12__miter_baseIPhET_S1_,,1053,"%3 = load ptr, ptr %2, align 8, !dbg !35559, !psr.id !35560 | ID: 3826",,Phasar IFDS-Uninitialized use; variables=__it; reported_source={ return __it; },debug_location_or_source_attribution_drift_candidate,0.50,1,,/home/jimi/PaperExperiment/CompilerOptimization/Result/lepton/phasar/phasar-O2-g/runs/ifds-uninit/lepton_O2_g-Mon-Mar-16-10:10:01-2026/psr-report.txt;/home/jimi/PaperExperiment/CompilerOptimization/Result/lepton/phasar/phasar-O2-g/log/commands.log;/home/jimi/PaperExperiment/CompilerOptimization/Result/lepton/phasar/phasar-O2-g/log/summary.csv,Generated by re-parsing psr-report.txt; source_resolution=direct_or_container_remap; exact source line was revalidated against the resolved source tree.
phasar.lepton.O2g.000077,lepton,phasar,P2,ExternalOrUnresolvedSource,RunOrLocationWeakEvidence,reported,/home/jimi/PaperExperiment/CompilerOptimization/Result/lepton/phasar/phasar-O2-g/runs/ifds-uninit/lepton_O2_g-Mon-Mar-16-10:10:01-2026,lepton_O2_g-Mon-Mar-16-10:10:01-2026,ifds-uninit,/home/jimi/PaperExperiment/CompilerOptimization/Result/lepton/phasar/phasar-O2-g/artifacts/lepton_O2_g.bc,/home/jimi/PaperExperiment/CompilerOptimization/Result/lepton/phasar/phasar-O2-g/artifacts/lepton_O2_g.ll,/home/jimi/PaperExperiment/CompilerOptimization/Result/lepton/phasar/phasar-O2-g/runs/ifds-uninit/lepton_O2_g-Mon-Mar-16-10:10:01-2026/psr-report.txt,1056,/usr/bin/../lib/gcc/x86_64-linux-gnu/13/../../../../include/c++/13/bits/stl_algobase.h,541,,missing_file,system_header,0,system_header,_ZSt13__copy_move_aILb0EPhN9__gnu_cxx17__normal_iteratorIS0_St6vectorIhN8Sirikata13JpegAllocatorIhEEEEEET1_T0_SA_S9_,,1065,"%11 = load ptr, ptr %6, align 8, !dbg !35587, !psr.id !35588 | ID: 3842",,"Phasar IFDS-Uninitialized use; variables=__first; reported_source=std::__copy_move_a1<_IsMove>(std::__niter_base(__first),",debug_location_or_source_attribution_drift_candidate,0.50,1,,/home/jimi/PaperExperiment/CompilerOptimization/Result/lepton/phasar/phasar-O2-g/runs/ifds-uninit/lepton_O2_g-Mon-Mar-16-10:10:01-2026/psr-report.txt;/home/jimi/PaperExperiment/CompilerOptimization/Result/lepton/phasar/phasar-O2-g/log/commands.log;/home/jimi/PaperExperiment/CompilerOptimization/Result/lepton/phasar/phasar-O2-g/log/summary.csv,Generated by re-parsing psr-report.txt; source_resolution=direct_or_container_remap; exact source line was revalidated against the resolved source tree.
phasar.lepton.O2g.000078,lepton,phasar,P2,ExternalOrUnresolvedSource,RunOrLocationWeakEvidence,reported,/home/jimi/PaperExperiment/CompilerOptimization/Result/lepton/phasar/phasar-O2-g/runs/ifds-uninit/lepton_O2_g-Mon-Mar-16-10:10:01-2026,lepton_O2_g-Mon-Mar-16-10:10:01-2026,ifds-uninit,/home/jimi/PaperExperiment/CompilerOptimization/Result/lepton/phasar/phasar-O2-g/artifacts/lepton_O2_g.bc,/home/jimi/PaperExperiment/CompilerOptimization/Result/lepton/phasar/phasar-O2-g/artifacts/lepton_O2_g.ll,/home/jimi/PaperExperiment/CompilerOptimization/Result/lepton/phasar/phasar-O2-g/runs/ifds-uninit/lepton_O2_g-Mon-Mar-16-10:10:01-2026/psr-report.txt,1068,/usr/bin/../lib/gcc/x86_64-linux-gnu/13/../../../../include/c++/13/bits/stl_algobase.h,542,,missing_file,system_header,0,system_header,_ZSt13__copy_move_aILb0EPhN9__gnu_cxx17__normal_iteratorIS0_St6vectorIhN8Sirikata13JpegAllocatorIhEEEEEET1_T0_SA_S9_,,1077,"%13 = load ptr, ptr %7, align 8, !dbg !35591, !psr.id !35592 | ID: 3844",,"Phasar IFDS-Uninitialized use; variables=__last; reported_source=std::__niter_base(__last),",debug_location_or_source_attribution_drift_candidate,0.50,1,,/home/jimi/PaperExperiment/CompilerOptimization/Result/lepton/phasar/phasar-O2-g/runs/ifds-uninit/lepton_O2_g-Mon-Mar-16-10:10:01-2026/psr-report.txt;/home/jimi/PaperExperiment/CompilerOptimization/Result/lepton/phasar/phasar-O2-g/log/commands.log;/home/jimi/PaperExperiment/CompilerOptimization/Result/lepton/phasar/phasar-O2-g/log/summary.csv,Generated by re-parsing psr-report.txt; source_resolution=direct_or_container_remap; exact source line was revalidated against the resolved source tree.
phasar.lepton.O2g.000079,lepton,phasar,P2,ExternalOrUnresolvedSource,RunOrLocationWeakEvidence,reported,/home/jimi/PaperExperiment/CompilerOptimization/Result/lepton/phasar/phasar-O2-g/runs/ifds-uninit/lepton_O2_g-Mon-Mar-16-10:10:01-2026,lepton_O2_g-Mon-Mar-16-10:10:01-2026,ifds-uninit,/home/jimi/PaperExperiment/CompilerOptimization/Result/lepton/phasar/phasar-O2-g/artifacts/lepton_O2_g.bc,/home/jimi/PaperExperiment/CompilerOptimization/Result/lepton/phasar/phasar-O2-g/artifacts/lepton_O2_g.ll,/home/jimi/PaperExperiment/CompilerOptimization/Result/lepton/phasar/phasar-O2-g/runs/ifds-uninit/lepton_O2_g-Mon-Mar-16-10:10:01-2026/psr-report.txt,1080,/usr/bin/../lib/gcc/x86_64-linux-gnu/13/../../../../include/c++/13/bits/stl_algobase.h,318,,missing_file,system_header,0,system_header,_ZSt12__niter_baseIPhET_S1_,,1089,"%3 = load ptr, ptr %2, align 8, !dbg !35619, !psr.id !35620 | ID: 3862",,Phasar IFDS-Uninitialized use; variables=__it; reported_source={ return __it; },debug_location_or_source_attribution_drift_candidate,0.50,1,,/home/jimi/PaperExperiment/CompilerOptimization/Result/lepton/phasar/phasar-O2-g/runs/ifds-uninit/lepton_O2_g-Mon-Mar-16-10:10:01-2026/psr-report.txt;/home/jimi/PaperExperiment/CompilerOptimization/Result/lepton/phasar/phasar-O2-g/log/commands.log;/home/jimi/PaperExperiment/CompilerOptimization/Result/lepton/phasar/phasar-O2-g/log/summary.csv,Generated by re-parsing psr-report.txt; source_resolution=direct_or_container_remap; exact source line was revalidated against the resolved source tree.
phasar.lepton.O2g.000080,lepton,phasar,P2,ExternalOrUnresolvedSource,RunOrLocationWeakEvidence,reported,/home/jimi/PaperExperiment/CompilerOptimization/Result/lepton/phasar/phasar-O2-g/runs/ifds-uninit/lepton_O2_g-Mon-Mar-16-10:10:01-2026,lepton_O2_g-Mon-Mar-16-10:10:01-2026,ifds-uninit,/home/jimi/PaperExperiment/CompilerOptimization/Result/lepton/phasar/phasar-O2-g/artifacts/lepton_O2_g.bc,/home/jimi/PaperExperiment/CompilerOptimization/Result/lepton/phasar/phasar-O2-g/artifacts/lepton_O2_g.ll,/home/jimi/PaperExperiment/CompilerOptimization/Result/lepton/phasar/phasar-O2-g/runs/ifds-uninit/lepton_O2_g-Mon-Mar-16-10:10:01-2026/psr-report.txt,1092,/usr/bin/../lib/gcc/x86_64-linux-gnu/13/../../../../include/c++/13/bits/stl_algobase.h,533,,missing_file,system_header,0,system_header,_ZSt14__copy_move_a1ILb0EPhS0_ET1_T0_S2_S1_,,1101,"%7 = load ptr, ptr %4, align 8, !dbg !35655, !psr.id !35656 | ID: 3880",,"Phasar IFDS-Uninitialized use; variables=__first, __last; reported_source={ return std::__copy_move_a2<_IsMove>(__first, __last, __result); }",debug_location_or_source_attribution_drift_candidate,0.50,1,,/home/jimi/PaperExperiment/CompilerOptimization/Result/lepton/phasar/phasar-O2-g/runs/ifds-uninit/lepton_O2_g-Mon-Mar-16-10:10:01-2026/psr-report.txt;/home/jimi/PaperExperiment/CompilerOptimization/Result/lepton/phasar/phasar-O2-g/log/commands.log;/home/jimi/PaperExperiment/CompilerOptimization/Result/lepton/phasar/phasar-O2-g/log/summary.csv,Generated by re-parsing psr-report.txt; source_resolution=direct_or_container_remap; exact source line was revalidated against the resolved source tree.
phasar.lepton.O2g.000081,lepton,phasar,P2,ExternalOrUnresolvedSource,RunOrLocationWeakEvidence,reported,/home/jimi/PaperExperiment/CompilerOptimization/Result/lepton/phasar/phasar-O2-g/runs/ifds-uninit/lepton_O2_g-Mon-Mar-16-10:10:01-2026,lepton_O2_g-Mon-Mar-16-10:10:01-2026,ifds-uninit,/home/jimi/PaperExperiment/CompilerOptimization/Result/lepton/phasar/phasar-O2-g/artifacts/lepton_O2_g.bc,/home/jimi/PaperExperiment/CompilerOptimization/Result/lepton/phasar/phasar-O2-g/artifacts/lepton_O2_g.ll,/home/jimi/PaperExperiment/CompilerOptimization/Result/lepton/phasar/phasar-O2-g/runs/ifds-uninit/lepton_O2_g-Mon-Mar-16-10:10:01-2026/psr-report.txt,1106,/usr/bin/../lib/gcc/x86_64-linux-gnu/13/../../../../include/c++/13/bits/stl_algobase.h,332,,missing_file,system_header,0,system_header,_ZSt12__niter_wrapIN9__gnu_cxx17__normal_iteratorIPhSt6vectorIhN8Sirikata13JpegAllocatorIhEEEEES2_ET_S9_T0_,,1115,"%8 = load ptr, ptr %5, align 8, !dbg !35684, !psr.id !35685 | ID: 3894",,Phasar IFDS-Uninitialized use; variables=__res; reported_source={ return __from + (__res - std::__niter_base(__from)); },debug_location_or_source_attribution_drift_candidate,0.50,1,,/home/jimi/PaperExperiment/CompilerOptimization/Result/lepton/phasar/phasar-O2-g/runs/ifds-uninit/lepton_O2_g-Mon-Mar-16-10:10:01-2026/psr-report.txt;/home/jimi/PaperExperiment/CompilerOptimization/Result/lepton/phasar/phasar-O2-g/log/commands.log;/home/jimi/PaperExperiment/CompilerOptimization/Result/lepton/phasar/phasar-O2-g/log/summary.csv,Generated by re-parsing psr-report.txt; source_resolution=direct_or_container_remap; exact source line was revalidated against the resolved source tree.
phasar.lepton.O2g.000082,lepton,phasar,P2,ExternalOrUnresolvedSource,RunOrLocationWeakEvidence,reported,/home/jimi/PaperExperiment/CompilerOptimization/Result/lepton/phasar/phasar-O2-g/runs/ifds-uninit/lepton_O2_g-Mon-Mar-16-10:10:01-2026,lepton_O2_g-Mon-Mar-16-10:10:01-2026,ifds-uninit,/home/jimi/PaperExperiment/CompilerOptimization/Result/lepton/phasar/phasar-O2-g/artifacts/lepton_O2_g.bc,/home/jimi/PaperExperiment/CompilerOptimization/Result/lepton/phasar/phasar-O2-g/artifacts/lepton_O2_g.ll,/home/jimi/PaperExperiment/CompilerOptimization/Result/lepton/phasar/phasar-O2-g/runs/ifds-uninit/lepton_O2_g-Mon-Mar-16-10:10:01-2026/psr-report.txt,1120,/usr/bin/../lib/gcc/x86_64-linux-gnu/13/../../../../include/c++/13/bits/stl_algobase.h,506,,missing_file,system_header,0,system_header,_ZSt14__copy_move_a2ILb0EPhS0_ET1_T0_S2_S1_,,1129,"%7 = load ptr, ptr %4, align 8, !dbg !35720, !psr.id !35721 | ID: 3917",,"Phasar IFDS-Uninitialized use; variables=__first, __last; reported_source=_Category>::__copy_m(__first, __last, __result);",debug_location_or_source_attribution_drift_candidate,0.50,1,,/home/jimi/PaperExperiment/CompilerOptimization/Result/lepton/phasar/phasar-O2-g/runs/ifds-uninit/lepton_O2_g-Mon-Mar-16-10:10:01-2026/psr-report.txt;/home/jimi/PaperExperiment/CompilerOptimization/Result/lepton/phasar/phasar-O2-g/log/commands.log;/home/jimi/PaperExperiment/CompilerOptimization/Result/lepton/phasar/phasar-O2-g/log/summary.csv,Generated by re-parsing psr-report.txt; source_resolution=direct_or_container_remap; exact source line was revalidated against the resolved source tree.
phasar.lepton.O2g.000083,lepton,phasar,P2,ExternalOrUnresolvedSource,RunOrLocationWeakEvidence,reported,/home/jimi/PaperExperiment/CompilerOptimization/Result/lepton/phasar/phasar-O2-g/runs/ifds-uninit/lepton_O2_g-Mon-Mar-16-10:10:01-2026,lepton_O2_g-Mon-Mar-16-10:10:01-2026,ifds-uninit,/home/jimi/PaperExperiment/CompilerOptimization/Result/lepton/phasar/phasar-O2-g/artifacts/lepton_O2_g.bc,/home/jimi/PaperExperiment/CompilerOptimization/Result/lepton/phasar/phasar-O2-g/artifacts/lepton_O2_g.ll,/home/jimi/PaperExperiment/CompilerOptimization/Result/lepton/phasar/phasar-O2-g/runs/ifds-uninit/lepton_O2_g-Mon-Mar-16-10:10:01-2026/psr-report.txt,1134,/usr/bin/../lib/gcc/x86_64-linux-gnu/13/../../../../include/c++/13/bits/stl_algobase.h,435,,missing_file,system_header,0,system_header,_ZNSt11__copy_moveILb0ELb1ESt26random_access_iterator_tagE8__copy_mIhhEEPT0_PT_S6_S4_,,1143,"%8 = load ptr, ptr %5, align 8, !dbg !35757, !psr.id !35758 | ID: 3933",,"Phasar IFDS-Uninitialized use; variables=__last, __first; reported_source=const ptrdiff_t _Num = __last - __first;",debug_location_or_source_attribution_drift_candidate,0.50,1,,/home/jimi/PaperExperiment/CompilerOptimization/Result/lepton/phasar/phasar-O2-g/runs/ifds-uninit/lepton_O2_g-Mon-Mar-16-10:10:01-2026/psr-report.txt;/home/jimi/PaperExperiment/CompilerOptimization/Result/lepton/phasar/phasar-O2-g/log/commands.log;/home/jimi/PaperExperiment/CompilerOptimization/Result/lepton/phasar/phasar-O2-g/log/summary.csv,Generated by re-parsing psr-report.txt; source_resolution=direct_or_container_remap; exact source line was revalidated against the resolved source tree.
phasar.lepton.O2g.000084,lepton,phasar,P2,ExternalOrUnresolvedSource,RunOrLocationWeakEvidence,reported,/home/jimi/PaperExperiment/CompilerOptimization/Result/lepton/phasar/phasar-O2-g/runs/ifds-uninit/lepton_O2_g-Mon-Mar-16-10:10:01-2026,lepton_O2_g-Mon-Mar-16-10:10:01-2026,ifds-uninit,/home/jimi/PaperExperiment/CompilerOptimization/Result/lepton/phasar/phasar-O2-g/artifacts/lepton_O2_g.bc,/home/jimi/PaperExperiment/CompilerOptimization/Result/lepton/phasar/phasar-O2-g/artifacts/lepton_O2_g.ll,/home/jimi/PaperExperiment/CompilerOptimization/Result/lepton/phasar/phasar-O2-g/runs/ifds-uninit/lepton_O2_g-Mon-Mar-16-10:10:01-2026/psr-report.txt,1151,/usr/bin/../lib/gcc/x86_64-linux-gnu/13/../../../../include/c++/13/bits/stl_algobase.h,436,,missing_file,system_header,0,system_header,_ZNSt11__copy_moveILb0ELb1ESt26random_access_iterator_tagE8__copy_mIhhEEPT0_PT_S6_S4_,,1160,"%13 = load i64, ptr %7, align 8, !dbg !35766, !psr.id !35768 | ID: 3939",,"Phasar IFDS-Uninitialized use; variables=_Num; reported_source=if (__builtin_expect(_Num > 1, true))",debug_location_or_source_attribution_drift_candidate,0.50,1,,/home/jimi/PaperExperiment/CompilerOptimization/Result/lepton/phasar/phasar-O2-g/runs/ifds-uninit/lepton_O2_g-Mon-Mar-16-10:10:01-2026/psr-report.txt;/home/jimi/PaperExperiment/CompilerOptimization/Result/lepton/phasar/phasar-O2-g/log/commands.log;/home/jimi/PaperExperiment/CompilerOptimization/Result/lepton/phasar/phasar-O2-g/log/summary.csv,Generated by re-parsing psr-report.txt; source_resolution=direct_or_container_remap; exact source line was revalidated against the resolved source tree.
phasar.lepton.O2g.000085,lepton,phasar,P2,ExternalOrUnresolvedSource,RunOrLocationWeakEvidence,reported,/home/jimi/PaperExperiment/CompilerOptimization/Result/lepton/phasar/phasar-O2-g/runs/ifds-uninit/lepton_O2_g-Mon-Mar-16-10:10:01-2026,lepton_O2_g-Mon-Mar-16-10:10:01-2026,ifds-uninit,/home/jimi/PaperExperiment/CompilerOptimization/Result/lepton/phasar/phasar-O2-g/artifacts/lepton_O2_g.bc,/home/jimi/PaperExperiment/CompilerOptimization/Result/lepton/phasar/phasar-O2-g/artifacts/lepton_O2_g.ll,/home/jimi/PaperExperiment/CompilerOptimization/Result/lepton/phasar/phasar-O2-g/runs/ifds-uninit/lepton_O2_g-Mon-Mar-16-10:10:01-2026/psr-report.txt,1167,/usr/bin/../lib/gcc/x86_64-linux-gnu/13/../../../../include/c++/13/bits/stl_algobase.h,437,,missing_file,system_header,0,system_header,_ZNSt11__copy_moveILb0ELb1ESt26random_access_iterator_tagE8__copy_mIhhEEPT0_PT_S6_S4_,,1176,"%17 = load ptr, ptr %4, align 8, !dbg !35775, !psr.id !35776 | ID: 3943",,"Phasar IFDS-Uninitialized use; variables=__first, _Num; reported_source=__builtin_memmove(__result, __first, sizeof(_Tp) * _Num);",debug_location_or_source_attribution_drift_candidate,0.50,1,,/home/jimi/PaperExperiment/CompilerOptimization/Result/lepton/phasar/phasar-O2-g/runs/ifds-uninit/lepton_O2_g-Mon-Mar-16-10:10:01-2026/psr-report.txt;/home/jimi/PaperExperiment/CompilerOptimization/Result/lepton/phasar/phasar-O2-g/log/commands.log;/home/jimi/PaperExperiment/CompilerOptimization/Result/lepton/phasar/phasar-O2-g/log/summary.csv,Generated by re-parsing psr-report.txt; source_resolution=direct_or_container_remap; exact source line was revalidated against the resolved source tree.
phasar.lepton.O2g.000086,lepton,phasar,P2,ExternalOrUnresolvedSource,RunOrLocationWeakEvidence,reported,/home/jimi/PaperExperiment/CompilerOptimization/Result/lepton/phasar/phasar-O2-g/runs/ifds-uninit/lepton_O2_g-Mon-Mar-16-10:10:01-2026,lepton_O2_g-Mon-Mar-16-10:10:01-2026,ifds-uninit,/home/jimi/PaperExperiment/CompilerOptimization/Result/lepton/phasar/phasar-O2-g/artifacts/lepton_O2_g.bc,/home/jimi/PaperExperiment/CompilerOptimization/Result/lepton/phasar/phasar-O2-g/artifacts/lepton_O2_g.ll,/home/jimi/PaperExperiment/CompilerOptimization/Result/lepton/phasar/phasar-O2-g/runs/ifds-uninit/lepton_O2_g-Mon-Mar-16-10:10:01-2026/psr-report.txt,1183,/usr/bin/../lib/gcc/x86_64-linux-gnu/13/../../../../include/c++/13/bits/stl_algobase.h,438,,missing_file,system_header,0,system_header,_ZNSt11__copy_moveILb0ELb1ESt26random_access_iterator_tagE8__copy_mIhhEEPT0_PT_S6_S4_,,1192,"%21 = load i64, ptr %7, align 8, !dbg !35784, !psr.id !35786 | ID: 3948",,Phasar IFDS-Uninitialized use; variables=_Num; reported_source=else if (_Num == 1),debug_location_or_source_attribution_drift_candidate,0.50,1,,/home/jimi/PaperExperiment/CompilerOptimization/Result/lepton/phasar/phasar-O2-g/runs/ifds-uninit/lepton_O2_g-Mon-Mar-16-10:10:01-2026/psr-report.txt;/home/jimi/PaperExperiment/CompilerOptimization/Result/lepton/phasar/phasar-O2-g/log/commands.log;/home/jimi/PaperExperiment/CompilerOptimization/Result/lepton/phasar/phasar-O2-g/log/summary.csv,Generated by re-parsing psr-report.txt; source_resolution=direct_or_container_remap; exact source line was revalidated against the resolved source tree.
phasar.lepton.O2g.000087,lepton,phasar,P2,ExternalOrUnresolvedSource,RunOrLocationWeakEvidence,reported,/home/jimi/PaperExperiment/CompilerOptimization/Result/lepton/phasar/phasar-O2-g/runs/ifds-uninit/lepton_O2_g-Mon-Mar-16-10:10:01-2026,lepton_O2_g-Mon-Mar-16-10:10:01-2026,ifds-uninit,/home/jimi/PaperExperiment/CompilerOptimization/Result/lepton/phasar/phasar-O2-g/artifacts/lepton_O2_g.bc,/home/jimi/PaperExperiment/CompilerOptimization/Result/lepton/phasar/phasar-O2-g/artifacts/lepton_O2_g.ll,/home/jimi/PaperExperiment/CompilerOptimization/Result/lepton/phasar/phasar-O2-g/runs/ifds-uninit/lepton_O2_g-Mon-Mar-16-10:10:01-2026/psr-report.txt,1199,/usr/bin/../lib/gcc/x86_64-linux-gnu/13/../../../../include/c++/13/bits/stl_algobase.h,440,,missing_file,system_header,0,system_header,_ZNSt11__copy_moveILb0ELb1ESt26random_access_iterator_tagE8__copy_mIhhEEPT0_PT_S6_S4_,,1208,"%25 = load ptr, ptr %4, align 8, !dbg !35793, !psr.id !35794 | ID: 3952",,"Phasar IFDS-Uninitialized use; variables=__first; reported_source=__assign_one(__result, __first);",debug_location_or_source_attribution_drift_candidate,0.50,1,,/home/jimi/PaperExperiment/CompilerOptimization/Result/lepton/phasar/phasar-O2-g/runs/ifds-uninit/lepton_O2_g-Mon-Mar-16-10:10:01-2026/psr-report.txt;/home/jimi/PaperExperiment/CompilerOptimization/Result/lepton/phasar/phasar-O2-g/log/commands.log;/home/jimi/PaperExperiment/CompilerOptimization/Result/lepton/phasar/phasar-O2-g/log/summary.csv,Generated by re-parsing psr-report.txt; source_resolution=direct_or_container_remap; exact source line was revalidated against the resolved source tree.
phasar.lepton.O2g.000088,lepton,phasar,P2,ExternalOrUnresolvedSource,RunOrLocationWeakEvidence,reported,/home/jimi/PaperExperiment/CompilerOptimization/Result/lepton/phasar/phasar-O2-g/runs/ifds-uninit/lepton_O2_g-Mon-Mar-16-10:10:01-2026,lepton_O2_g-Mon-Mar-16-10:10:01-2026,ifds-uninit,/home/jimi/PaperExperiment/CompilerOptimization/Result/lepton/phasar/phasar-O2-g/artifacts/lepton_O2_g.bc,/home/jimi/PaperExperiment/CompilerOptimization/Result/lepton/phasar/phasar-O2-g/artifacts/lepton_O2_g.ll,/home/jimi/PaperExperiment/CompilerOptimization/Result/lepton/phasar/phasar-O2-g/runs/ifds-uninit/lepton_O2_g-Mon-Mar-16-10:10:01-2026/psr-report.txt,1211,/usr/bin/../lib/gcc/x86_64-linux-gnu/13/../../../../include/c++/13/bits/stl_algobase.h,441,,missing_file,system_header,0,system_header,_ZNSt11__copy_moveILb0ELb1ESt26random_access_iterator_tagE8__copy_mIhhEEPT0_PT_S6_S4_,,1220,"%29 = load i64, ptr %7, align 8, !dbg !35801, !psr.id !35802 | ID: 3957",,Phasar IFDS-Uninitialized use; variables=_Num; reported_source=return __result + _Num;,debug_location_or_source_attribution_drift_candidate,0.50,1,,/home/jimi/PaperExperiment/CompilerOptimization/Result/lepton/phasar/phasar-O2-g/runs/ifds-uninit/lepton_O2_g-Mon-Mar-16-10:10:01-2026/psr-report.txt;/home/jimi/PaperExperiment/CompilerOptimization/Result/lepton/phasar/phasar-O2-g/log/commands.log;/home/jimi/PaperExperiment/CompilerOptimization/Result/lepton/phasar/phasar-O2-g/log/summary.csv,Generated by re-parsing psr-report.txt; source_resolution=direct_or_container_remap; exact source line was revalidated against the resolved source tree.
phasar.lepton.O2g.000089,lepton,phasar,P2,ExternalOrUnresolvedSource,RunOrLocationWeakEvidence,reported,/home/jimi/PaperExperiment/CompilerOptimization/Result/lepton/phasar/phasar-O2-g/runs/ifds-uninit/lepton_O2_g-Mon-Mar-16-10:10:01-2026,lepton_O2_g-Mon-Mar-16-10:10:01-2026,ifds-uninit,/home/jimi/PaperExperiment/CompilerOptimization/Result/lepton/phasar/phasar-O2-g/artifacts/lepton_O2_g.bc,/home/jimi/PaperExperiment/CompilerOptimization/Result/lepton/phasar/phasar-O2-g/artifacts/lepton_O2_g.ll,/home/jimi/PaperExperiment/CompilerOptimization/Result/lepton/phasar/phasar-O2-g/runs/ifds-uninit/lepton_O2_g-Mon-Mar-16-10:10:01-2026/psr-report.txt,1223,/usr/bin/../lib/gcc/x86_64-linux-gnu/13/../../../../include/c++/13/bits/stl_algobase.h,398,,missing_file,system_header,0,system_header,_ZNSt11__copy_moveILb0ELb0ESt26random_access_iterator_tagE12__assign_oneIhhEEvPT_PT0_,,1232,"%5 = load ptr, ptr %4, align 8, !dbg !35824, !psr.id !35825 | ID: 3966",,Phasar IFDS-Uninitialized use; variables=__from; reported_source={ *__to = *__from; },debug_location_or_source_attribution_drift_candidate,0.50,1,,/home/jimi/PaperExperiment/CompilerOptimization/Result/lepton/phasar/phasar-O2-g/runs/ifds-uninit/lepton_O2_g-Mon-Mar-16-10:10:01-2026/psr-report.txt;/home/jimi/PaperExperiment/CompilerOptimization/Result/lepton/phasar/phasar-O2-g/log/commands.log;/home/jimi/PaperExperiment/CompilerOptimization/Result/lepton/phasar/phasar-O2-g/log/summary.csv,Generated by re-parsing psr-report.txt; source_resolution=direct_or_container_remap; exact source line was revalidated against the resolved source tree.
phasar.lepton.O2g.000090,lepton,phasar,P2,ExternalOrUnresolvedSource,RunOrLocationWeakEvidence,reported,/home/jimi/PaperExperiment/CompilerOptimization/Result/lepton/phasar/phasar-O2-g/runs/ifds-uninit/lepton_O2_g-Mon-Mar-16-10:10:01-2026,lepton_O2_g-Mon-Mar-16-10:10:01-2026,ifds-uninit,/home/jimi/PaperExperiment/CompilerOptimization/Result/lepton/phasar/phasar-O2-g/artifacts/lepton_O2_g.bc,/home/jimi/PaperExperiment/CompilerOptimization/Result/lepton/phasar/phasar-O2-g/artifacts/lepton_O2_g.ll,/home/jimi/PaperExperiment/CompilerOptimization/Result/lepton/phasar/phasar-O2-g/runs/ifds-uninit/lepton_O2_g-Mon-Mar-16-10:10:01-2026/psr-report.txt,1237,/usr/bin/../lib/gcc/x86_64-linux-gnu/13/../../../../include/c++/13/bits/stl_algobase.h,809,,missing_file,system_header,0,system_header,_ZSt22__copy_move_backward_aILb1EPhS0_ET1_T0_S2_S1_,,1246,"%9 = load ptr, ptr %5, align 8, !dbg !35856, !psr.id !35857 | ID: 3982",,"Phasar IFDS-Uninitialized use; variables=__last; reported_source=(std::__niter_base(__first), std::__niter_base(__last),",debug_location_or_source_attribution_drift_candidate,0.50,1,,/home/jimi/PaperExperiment/CompilerOptimization/Result/lepton/phasar/phasar-O2-g/runs/ifds-uninit/lepton_O2_g-Mon-Mar-16-10:10:01-2026/psr-report.txt;/home/jimi/PaperExperiment/CompilerOptimization/Result/lepton/phasar/phasar-O2-g/log/commands.log;/home/jimi/PaperExperiment/CompilerOptimization/Result/lepton/phasar/phasar-O2-g/log/summary.csv,Generated by re-parsing psr-report.txt; source_resolution=direct_or_container_remap; exact source line was revalidated against the resolved source tree.
phasar.lepton.O2g.000091,lepton,phasar,P2,ExternalOrUnresolvedSource,RunOrLocationWeakEvidence,reported,/home/jimi/PaperExperiment/CompilerOptimization/Result/lepton/phasar/phasar-O2-g/runs/ifds-uninit/lepton_O2_g-Mon-Mar-16-10:10:01-2026,lepton_O2_g-Mon-Mar-16-10:10:01-2026,ifds-uninit,/home/jimi/PaperExperiment/CompilerOptimization/Result/lepton/phasar/phasar-O2-g/artifacts/lepton_O2_g.bc,/home/jimi/PaperExperiment/CompilerOptimization/Result/lepton/phasar/phasar-O2-g/artifacts/lepton_O2_g.ll,/home/jimi/PaperExperiment/CompilerOptimization/Result/lepton/phasar/phasar-O2-g/runs/ifds-uninit/lepton_O2_g-Mon-Mar-16-10:10:01-2026/psr-report.txt,1249,/usr/bin/../lib/gcc/x86_64-linux-gnu/13/../../../../include/c++/13/bits/stl_algobase.h,778,,missing_file,system_header,0,system_header,_ZSt23__copy_move_backward_a1ILb1EPhS0_ET1_T0_S2_S1_,,1258,"%8 = load ptr, ptr %5, align 8, !dbg !35889, !psr.id !35890 | ID: 3999",,"Phasar IFDS-Uninitialized use; variables=__last; reported_source={ return std::__copy_move_backward_a2<_IsMove>(__first, __last, __result); }",debug_location_or_source_attribution_drift_candidate,0.50,1,,/home/jimi/PaperExperiment/CompilerOptimization/Result/lepton/phasar/phasar-O2-g/runs/ifds-uninit/lepton_O2_g-Mon-Mar-16-10:10:01-2026/psr-report.txt;/home/jimi/PaperExperiment/CompilerOptimization/Result/lepton/phasar/phasar-O2-g/log/commands.log;/home/jimi/PaperExperiment/CompilerOptimization/Result/lepton/phasar/phasar-O2-g/log/summary.csv,Generated by re-parsing psr-report.txt; source_resolution=direct_or_container_remap; exact source line was revalidated against the resolved source tree.
phasar.lepton.O2g.000092,lepton,phasar,P2,ExternalOrUnresolvedSource,RunOrLocationWeakEvidence,reported,/home/jimi/PaperExperiment/CompilerOptimization/Result/lepton/phasar/phasar-O2-g/runs/ifds-uninit/lepton_O2_g-Mon-Mar-16-10:10:01-2026,lepton_O2_g-Mon-Mar-16-10:10:01-2026,ifds-uninit,/home/jimi/PaperExperiment/CompilerOptimization/Result/lepton/phasar/phasar-O2-g/artifacts/lepton_O2_g.bc,/home/jimi/PaperExperiment/CompilerOptimization/Result/lepton/phasar/phasar-O2-g/artifacts/lepton_O2_g.ll,/home/jimi/PaperExperiment/CompilerOptimization/Result/lepton/phasar/phasar-O2-g/runs/ifds-uninit/lepton_O2_g-Mon-Mar-16-10:10:01-2026/psr-report.txt,1261,/usr/bin/../lib/gcc/x86_64-linux-gnu/13/../../../../include/c++/13/bits/stl_algobase.h,339,,missing_file,system_header,0,system_header,_ZSt12__niter_wrapIPhET_RKS1_S1_,,1270,"%5 = load ptr, ptr %4, align 8, !dbg !35910, !psr.id !35911 | ID: 4009",,Phasar IFDS-Uninitialized use; variables=__res; reported_source={ return __res; },debug_location_or_source_attribution_drift_candidate,0.50,1,,/home/jimi/PaperExperiment/CompilerOptimization/Result/lepton/phasar/phasar-O2-g/runs/ifds-uninit/lepton_O2_g-Mon-Mar-16-10:10:01-2026/psr-report.txt;/home/jimi/PaperExperiment/CompilerOptimization/Result/lepton/phasar/phasar-O2-g/log/commands.log;/home/jimi/PaperExperiment/CompilerOptimization/Result/lepton/phasar/phasar-O2-g/log/summary.csv,Generated by re-parsing psr-report.txt; source_resolution=direct_or_container_remap; exact source line was revalidated against the resolved source tree.
phasar.lepton.O2g.000093,lepton,phasar,P2,ExternalOrUnresolvedSource,RunOrLocationWeakEvidence,reported,/home/jimi/PaperExperiment/CompilerOptimization/Result/lepton/phasar/phasar-O2-g/runs/ifds-uninit/lepton_O2_g-Mon-Mar-16-10:10:01-2026,lepton_O2_g-Mon-Mar-16-10:10:01-2026,ifds-uninit,/home/jimi/PaperExperiment/CompilerOptimization/Result/lepton/phasar/phasar-O2-g/artifacts/lepton_O2_g.bc,/home/jimi/PaperExperiment/CompilerOptimization/Result/lepton/phasar/phasar-O2-g/artifacts/lepton_O2_g.ll,/home/jimi/PaperExperiment/CompilerOptimization/Result/lepton/phasar/phasar-O2-g/runs/ifds-uninit/lepton_O2_g-Mon-Mar-16-10:10:01-2026/psr-report.txt,1273,/usr/bin/../lib/gcc/x86_64-linux-gnu/13/../../../../include/c++/13/bits/stl_algobase.h,770,,missing_file,system_header,0,system_header,_ZSt23__copy_move_backward_a2ILb1EPhS0_ET1_T0_S2_S1_,,1282,"%8 = load ptr, ptr %5, align 8, !dbg !35932, !psr.id !35933 | ID: 4021",,"Phasar IFDS-Uninitialized use; variables=__last; reported_source=__last,",debug_location_or_source_attribution_drift_candidate,0.50,1,,/home/jimi/PaperExperiment/CompilerOptimization/Result/lepton/phasar/phasar-O2-g/runs/ifds-uninit/lepton_O2_g-Mon-Mar-16-10:10:01-2026/psr-report.txt;/home/jimi/PaperExperiment/CompilerOptimization/Result/lepton/phasar/phasar-O2-g/log/commands.log;/home/jimi/PaperExperiment/CompilerOptimization/Result/lepton/phasar/phasar-O2-g/log/summary.csv,Generated by re-parsing psr-report.txt; source_resolution=direct_or_container_remap; exact source line was revalidated against the resolved source tree.
phasar.lepton.O2g.000094,lepton,phasar,P2,ExternalOrUnresolvedSource,RunOrLocationWeakEvidence,reported,/home/jimi/PaperExperiment/CompilerOptimization/Result/lepton/phasar/phasar-O2-g/runs/ifds-uninit/lepton_O2_g-Mon-Mar-16-10:10:01-2026,lepton_O2_g-Mon-Mar-16-10:10:01-2026,ifds-uninit,/home/jimi/PaperExperiment/CompilerOptimization/Result/lepton/phasar/phasar-O2-g/artifacts/lepton_O2_g.bc,/home/jimi/PaperExperiment/CompilerOptimization/Result/lepton/phasar/phasar-O2-g/artifacts/lepton_O2_g.ll,/home/jimi/PaperExperiment/CompilerOptimization/Result/lepton/phasar/phasar-O2-g/runs/ifds-uninit/lepton_O2_g-Mon-Mar-16-10:10:01-2026/psr-report.txt,1285,/usr/bin/../lib/gcc/x86_64-linux-gnu/13/../../../../include/c++/13/bits/stl_algobase.h,746,,missing_file,system_header,0,system_header,_ZNSt20__copy_move_backwardILb1ELb1ESt26random_access_iterator_tagE13__copy_move_bIhhEEPT0_PT_S6_S4_,,1294,"%8 = load ptr, ptr %5, align 8, !dbg !35963, !psr.id !35964 | ID: 4036",,Phasar IFDS-Uninitialized use; variables=__last; reported_source=const ptrdiff_t _Num = __last - __first;,debug_location_or_source_attribution_drift_candidate,0.50,1,,/home/jimi/PaperExperiment/CompilerOptimization/Result/lepton/phasar/phasar-O2-g/runs/ifds-uninit/lepton_O2_g-Mon-Mar-16-10:10:01-2026/psr-report.txt;/home/jimi/PaperExperiment/CompilerOptimization/Result/lepton/phasar/phasar-O2-g/log/commands.log;/home/jimi/PaperExperiment/CompilerOptimization/Result/lepton/phasar/phasar-O2-g/log/summary.csv,Generated by re-parsing psr-report.txt; source_resolution=direct_or_container_remap; exact source line was revalidated against the resolved source tree.
phasar.lepton.O2g.000095,lepton,phasar,P2,ExternalOrUnresolvedSource,RunOrLocationWeakEvidence,reported,/home/jimi/PaperExperiment/CompilerOptimization/Result/lepton/phasar/phasar-O2-g/runs/ifds-uninit/lepton_O2_g-Mon-Mar-16-10:10:01-2026,lepton_O2_g-Mon-Mar-16-10:10:01-2026,ifds-uninit,/home/jimi/PaperExperiment/CompilerOptimization/Result/lepton/phasar/phasar-O2-g/artifacts/lepton_O2_g.bc,/home/jimi/PaperExperiment/CompilerOptimization/Result/lepton/phasar/phasar-O2-g/artifacts/lepton_O2_g.ll,/home/jimi/PaperExperiment/CompilerOptimization/Result/lepton/phasar/phasar-O2-g/runs/ifds-uninit/lepton_O2_g-Mon-Mar-16-10:10:01-2026/psr-report.txt,1299,/usr/bin/../lib/gcc/x86_64-linux-gnu/13/../../../../include/c++/13/bits/stl_algobase.h,747,,missing_file,system_header,0,system_header,_ZNSt20__copy_move_backwardILb1ELb1ESt26random_access_iterator_tagE13__copy_move_bIhhEEPT0_PT_S6_S4_,,1308,"%13 = load i64, ptr %7, align 8, !dbg !35972, !psr.id !35974 | ID: 4042",,"Phasar IFDS-Uninitialized use; variables=_Num; reported_source=if (__builtin_expect(_Num > 1, true))",debug_location_or_source_attribution_drift_candidate,0.50,1,,/home/jimi/PaperExperiment/CompilerOptimization/Result/lepton/phasar/phasar-O2-g/runs/ifds-uninit/lepton_O2_g-Mon-Mar-16-10:10:01-2026/psr-report.txt;/home/jimi/PaperExperiment/CompilerOptimization/Result/lepton/phasar/phasar-O2-g/log/commands.log;/home/jimi/PaperExperiment/CompilerOptimization/Result/lepton/phasar/phasar-O2-g/log/summary.csv,Generated by re-parsing psr-report.txt; source_resolution=direct_or_container_remap; exact source line was revalidated against the resolved source tree.
phasar.lepton.O2g.000096,lepton,phasar,P2,ExternalOrUnresolvedSource,RunOrLocationWeakEvidence,reported,/home/jimi/PaperExperiment/CompilerOptimization/Result/lepton/phasar/phasar-O2-g/runs/ifds-uninit/lepton_O2_g-Mon-Mar-16-10:10:01-2026,lepton_O2_g-Mon-Mar-16-10:10:01-2026,ifds-uninit,/home/jimi/PaperExperiment/CompilerOptimization/Result/lepton/phasar/phasar-O2-g/artifacts/lepton_O2_g.bc,/home/jimi/PaperExperiment/CompilerOptimization/Result/lepton/phasar/phasar-O2-g/artifacts/lepton_O2_g.ll,/home/jimi/PaperExperiment/CompilerOptimization/Result/lepton/phasar/phasar-O2-g/runs/ifds-uninit/lepton_O2_g-Mon-Mar-16-10:10:01-2026/psr-report.txt,1315,/usr/bin/../lib/gcc/x86_64-linux-gnu/13/../../../../include/c++/13/bits/stl_algobase.h,748,,missing_file,system_header,0,system_header,_ZNSt20__copy_move_backwardILb1ELb1ESt26random_access_iterator_tagE13__copy_move_bIhhEEPT0_PT_S6_S4_,,1324,"%17 = load i64, ptr %7, align 8, !dbg !35981, !psr.id !35982 | ID: 4046",,"Phasar IFDS-Uninitialized use; variables=_Num, _Num; reported_source=__builtin_memmove(__result - _Num, __first, sizeof(_Tp) * _Num);",debug_location_or_source_attribution_drift_candidate,0.50,1,,/home/jimi/PaperExperiment/CompilerOptimization/Result/lepton/phasar/phasar-O2-g/runs/ifds-uninit/lepton_O2_g-Mon-Mar-16-10:10:01-2026/psr-report.txt;/home/jimi/PaperExperiment/CompilerOptimization/Result/lepton/phasar/phasar-O2-g/log/commands.log;/home/jimi/PaperExperiment/CompilerOptimization/Result/lepton/phasar/phasar-O2-g/log/summary.csv,Generated by re-parsing psr-report.txt; source_resolution=direct_or_container_remap; exact source line was revalidated against the resolved source tree.
phasar.lepton.O2g.000097,lepton,phasar,P2,ExternalOrUnresolvedSource,RunOrLocationWeakEvidence,reported,/home/jimi/PaperExperiment/CompilerOptimization/Result/lepton/phasar/phasar-O2-g/runs/ifds-uninit/lepton_O2_g-Mon-Mar-16-10:10:01-2026,lepton_O2_g-Mon-Mar-16-10:10:01-2026,ifds-uninit,/home/jimi/PaperExperiment/CompilerOptimization/Result/lepton/phasar/phasar-O2-g/artifacts/lepton_O2_g.bc,/home/jimi/PaperExperiment/CompilerOptimization/Result/lepton/phasar/phasar-O2-g/artifacts/lepton_O2_g.ll,/home/jimi/PaperExperiment/CompilerOptimization/Result/lepton/phasar/phasar-O2-g/runs/ifds-uninit/lepton_O2_g-Mon-Mar-16-10:10:01-2026/psr-report.txt,1333,/usr/bin/../lib/gcc/x86_64-linux-gnu/13/../../../../include/c++/13/bits/stl_algobase.h,749,,missing_file,system_header,0,system_header,_ZNSt20__copy_move_backwardILb1ELb1ESt26random_access_iterator_tagE13__copy_move_bIhhEEPT0_PT_S6_S4_,,1342,"%24 = load i64, ptr %7, align 8, !dbg !35995, !psr.id !35997 | ID: 4054",,Phasar IFDS-Uninitialized use; variables=_Num; reported_source=else if (_Num == 1),debug_location_or_source_attribution_drift_candidate,0.50,1,,/home/jimi/PaperExperiment/CompilerOptimization/Result/lepton/phasar/phasar-O2-g/runs/ifds-uninit/lepton_O2_g-Mon-Mar-16-10:10:01-2026/psr-report.txt;/home/jimi/PaperExperiment/CompilerOptimization/Result/lepton/phasar/phasar-O2-g/log/commands.log;/home/jimi/PaperExperiment/CompilerOptimization/Result/lepton/phasar/phasar-O2-g/log/summary.csv,Generated by re-parsing psr-report.txt; source_resolution=direct_or_container_remap; exact source line was revalidated against the resolved source tree.
phasar.lepton.O2g.000098,lepton,phasar,P2,ExternalOrUnresolvedSource,RunOrLocationWeakEvidence,reported,/home/jimi/PaperExperiment/CompilerOptimization/Result/lepton/phasar/phasar-O2-g/runs/ifds-uninit/lepton_O2_g-Mon-Mar-16-10:10:01-2026,lepton_O2_g-Mon-Mar-16-10:10:01-2026,ifds-uninit,/home/jimi/PaperExperiment/CompilerOptimization/Result/lepton/phasar/phasar-O2-g/artifacts/lepton_O2_g.bc,/home/jimi/PaperExperiment/CompilerOptimization/Result/lepton/phasar/phasar-O2-g/artifacts/lepton_O2_g.ll,/home/jimi/PaperExperiment/CompilerOptimization/Result/lepton/phasar/phasar-O2-g/runs/ifds-uninit/lepton_O2_g-Mon-Mar-16-10:10:01-2026/psr-report.txt,1349,/usr/bin/../lib/gcc/x86_64-linux-gnu/13/../../../../include/c++/13/bits/stl_algobase.h,752,,missing_file,system_header,0,system_header,_ZNSt20__copy_move_backwardILb1ELb1ESt26random_access_iterator_tagE13__copy_move_bIhhEEPT0_PT_S6_S4_,,1358,"%33 = load i64, ptr %7, align 8, !dbg !36014, !psr.id !36015 | ID: 4064",,Phasar IFDS-Uninitialized use; variables=_Num; reported_source=return __result - _Num;,debug_location_or_source_attribution_drift_candidate,0.50,1,,/home/jimi/PaperExperiment/CompilerOptimization/Result/lepton/phasar/phasar-O2-g/runs/ifds-uninit/lepton_O2_g-Mon-Mar-16-10:10:01-2026/psr-report.txt;/home/jimi/PaperExperiment/CompilerOptimization/Result/lepton/phasar/phasar-O2-g/log/commands.log;/home/jimi/PaperExperiment/CompilerOptimization/Result/lepton/phasar/phasar-O2-g/log/summary.csv,Generated by re-parsing psr-report.txt; source_resolution=direct_or_container_remap; exact source line was revalidated against the resolved source tree.
phasar.lepton.O2g.000099,lepton,phasar,P2,ExternalOrUnresolvedSource,RunOrLocationWeakEvidence,reported,/home/jimi/PaperExperiment/CompilerOptimization/Result/lepton/phasar/phasar-O2-g/runs/ifds-uninit/lepton_O2_g-Mon-Mar-16-10:10:01-2026,lepton_O2_g-Mon-Mar-16-10:10:01-2026,ifds-uninit,/home/jimi/PaperExperiment/CompilerOptimization/Result/lepton/phasar/phasar-O2-g/artifacts/lepton_O2_g.bc,/home/jimi/PaperExperiment/CompilerOptimization/Result/lepton/phasar/phasar-O2-g/artifacts/lepton_O2_g.ll,/home/jimi/PaperExperiment/CompilerOptimization/Result/lepton/phasar/phasar-O2-g/runs/ifds-uninit/lepton_O2_g-Mon-Mar-16-10:10:01-2026/psr-report.txt,1363,/usr/bin/../lib/gcc/x86_64-linux-gnu/13/../../../../include/c++/13/bits/stl_algobase.h,423,,missing_file,system_header,0,system_header,_ZNSt11__copy_moveILb1ELb0ESt26random_access_iterator_tagE12__assign_oneIhhEEvPT_PT0_,,1372,"%7 = load ptr, ptr %3, align 8, !dbg !36039, !psr.id !36040 | ID: 4076",,Phasar IFDS-Uninitialized use; variables=__to; reported_source={ *__to = std::move(*__from); },debug_location_or_source_attribution_drift_candidate,0.50,1,,/home/jimi/PaperExperiment/CompilerOptimization/Result/lepton/phasar/phasar-O2-g/runs/ifds-uninit/lepton_O2_g-Mon-Mar-16-10:10:01-2026/psr-report.txt;/home/jimi/PaperExperiment/CompilerOptimization/Result/lepton/phasar/phasar-O2-g/log/commands.log;/home/jimi/PaperExperiment/CompilerOptimization/Result/lepton/phasar/phasar-O2-g/log/summary.csv,Generated by re-parsing psr-report.txt; source_resolution=direct_or_container_remap; exact source line was revalidated against the resolved source tree.
phasar.lepton.O2g.000100,lepton,phasar,P2,ExternalOrUnresolvedSource,RunOrLocationWeakEvidence,reported,/home/jimi/PaperExperiment/CompilerOptimization/Result/lepton/phasar/phasar-O2-g/runs/ifds-uninit/lepton_O2_g-Mon-Mar-16-10:10:01-2026,lepton_O2_g-Mon-Mar-16-10:10:01-2026,ifds-uninit,/home/jimi/PaperExperiment/CompilerOptimization/Result/lepton/phasar/phasar-O2-g/artifacts/lepton_O2_g.bc,/home/jimi/PaperExperiment/CompilerOptimization/Result/lepton/phasar/phasar-O2-g/artifacts/lepton_O2_g.ll,/home/jimi/PaperExperiment/CompilerOptimization/Result/lepton/phasar/phasar-O2-g/runs/ifds-uninit/lepton_O2_g-Mon-Mar-16-10:10:01-2026/psr-report.txt,1375,/usr/bin/../lib/gcc/x86_64-linux-gnu/13/../../../../include/c++/13/bits/stl_iterator.h,1816,,missing_file,system_header,0,system_header,_ZSt18make_move_iteratorIPhESt13move_iteratorIT_ES2_,,1384,"%4 = load ptr, ptr %3, align 8, !dbg !36052, !psr.id !36053 | ID: 4083",,Phasar IFDS-Uninitialized use; variables=__i; reported_source={ return move_iterator<_Iterator>(std::move(__i)); },debug_location_or_source_attribution_drift_candidate,0.50,1,,/home/jimi/PaperExperiment/CompilerOptimization/Result/lepton/phasar/phasar-O2-g/runs/ifds-uninit/lepton_O2_g-Mon-Mar-16-10:10:01-2026/psr-report.txt;/home/jimi/PaperExperiment/CompilerOptimization/Result/lepton/phasar/phasar-O2-g/log/commands.log;/home/jimi/PaperExperiment/CompilerOptimization/Result/lepton/phasar/phasar-O2-g/log/summary.csv,Generated by re-parsing psr-report.txt; source_resolution=direct_or_container_remap; exact source line was revalidated against the resolved source tree.
phasar.lepton.O2g.000113,lepton,phasar,P2,ExternalOrUnresolvedSource,RunOrLocationWeakEvidence,reported,/home/jimi/PaperExperiment/CompilerOptimization/Result/lepton/phasar/phasar-O2-g/runs/ifds-uninit/lepton_O2_g-Mon-Mar-16-10:10:01-2026,lepton_O2_g-Mon-Mar-16-10:10:01-2026,ifds-uninit,/home/jimi/PaperExperiment/CompilerOptimization/Result/lepton/phasar/phasar-O2-g/artifacts/lepton_O2_g.bc,/home/jimi/PaperExperiment/CompilerOptimization/Result/lepton/phasar/phasar-O2-g/artifacts/lepton_O2_g.ll,/home/jimi/PaperExperiment/CompilerOptimization/Result/lepton/phasar/phasar-O2-g/runs/ifds-uninit/lepton_O2_g-Mon-Mar-16-10:10:01-2026/psr-report.txt,1569,/usr/bin/../lib/gcc/x86_64-linux-gnu/13/../../../../include/c++/13/bits/stl_vector.h,1129,,missing_file,system_header,0,system_header,_ZNSt6vectorI13ThreadHandoffSaIS0_EEixEm,,1578,"%9 = load i64, ptr %4, align 8, !dbg !38158, !psr.id !38159 | ID: 5244",,Phasar IFDS-Uninitialized use; variables=__n; reported_source=return *(this->_M_impl._M_start + __n);,debug_location_or_source_attribution_drift_candidate,0.50,1,,/home/jimi/PaperExperiment/CompilerOptimization/Result/lepton/phasar/phasar-O2-g/runs/ifds-uninit/lepton_O2_g-Mon-Mar-16-10:10:01-2026/psr-report.txt;/home/jimi/PaperExperiment/CompilerOptimization/Result/lepton/phasar/phasar-O2-g/log/commands.log;/home/jimi/PaperExperiment/CompilerOptimization/Result/lepton/phasar/phasar-O2-g/log/summary.csv,Generated by re-parsing psr-report.txt; source_resolution=direct_or_container_remap; exact source line was revalidated against the resolved source tree.
phasar.lepton.O2g.000116,lepton,phasar,P2,ExternalOrUnresolvedSource,RunOrLocationWeakEvidence,reported,/home/jimi/PaperExperiment/CompilerOptimization/Result/lepton/phasar/phasar-O2-g/runs/ifds-uninit/lepton_O2_g-Mon-Mar-16-10:10:01-2026,lepton_O2_g-Mon-Mar-16-10:10:01-2026,ifds-uninit,/home/jimi/PaperExperiment/CompilerOptimization/Result/lepton/phasar/phasar-O2-g/artifacts/lepton_O2_g.bc,/home/jimi/PaperExperiment/CompilerOptimization/Result/lepton/phasar/phasar-O2-g/artifacts/lepton_O2_g.ll,/home/jimi/PaperExperiment/CompilerOptimization/Result/lepton/phasar/phasar-O2-g/runs/ifds-uninit/lepton_O2_g-Mon-Mar-16-10:10:01-2026/psr-report.txt,1615,/usr/bin/../lib/gcc/x86_64-linux-gnu/13/../../../../include/c++/13/bits/new_allocator.h,134,,missing_file,system_header,0,system_header,_ZNSt15__new_allocatorIhE8allocateEmPKv,,1624,"%9 = load i64, ptr %6, align 8, !dbg !40669, !psr.id !40671 | ID: 6606",,"Phasar IFDS-Uninitialized use; variables=__n; reported_source=if (__builtin_expect(__n > this->_M_max_size(), false))",debug_location_or_source_attribution_drift_candidate,0.50,1,,/home/jimi/PaperExperiment/CompilerOptimization/Result/lepton/phasar/phasar-O2-g/runs/ifds-uninit/lepton_O2_g-Mon-Mar-16-10:10:01-2026/psr-report.txt;/home/jimi/PaperExperiment/CompilerOptimization/Result/lepton/phasar/phasar-O2-g/log/commands.log;/home/jimi/PaperExperiment/CompilerOptimization/Result/lepton/phasar/phasar-O2-g/log/summary.csv,Generated by re-parsing psr-report.txt; source_resolution=direct_or_container_remap; exact source line was revalidated against the resolved source tree.
phasar.lepton.O2g.000117,lepton,phasar,P2,ExternalOrUnresolvedSource,RunOrLocationWeakEvidence,reported,/home/jimi/PaperExperiment/CompilerOptimization/Result/lepton/phasar/phasar-O2-g/runs/ifds-uninit/lepton_O2_g-Mon-Mar-16-10:10:01-2026,lepton_O2_g-Mon-Mar-16-10:10:01-2026,ifds-uninit,/home/jimi/PaperExperiment/CompilerOptimization/Result/lepton/phasar/phasar-O2-g/artifacts/lepton_O2_g.bc,/home/jimi/PaperExperiment/CompilerOptimization/Result/lepton/phasar/phasar-O2-g/artifacts/lepton_O2_g.ll,/home/jimi/PaperExperiment/CompilerOptimization/Result/lepton/phasar/phasar-O2-g/runs/ifds-uninit/lepton_O2_g-Mon-Mar-16-10:10:01-2026/psr-report.txt,1631,/usr/bin/../lib/gcc/x86_64-linux-gnu/13/../../../../include/c++/13/bits/new_allocator.h,138,,missing_file,system_header,0,system_header,_ZNSt15__new_allocatorIhE8allocateEmPKv,,1640,"%13 = load i64, ptr %6, align 8, !dbg !40684, !psr.id !40687 | ID: 6612",,Phasar IFDS-Uninitialized use; variables=__n; reported_source=if (__n > (std::size_t(-1) / sizeof(_Tp))),debug_location_or_source_attribution_drift_candidate,0.50,1,,/home/jimi/PaperExperiment/CompilerOptimization/Result/lepton/phasar/phasar-O2-g/runs/ifds-uninit/lepton_O2_g-Mon-Mar-16-10:10:01-2026/psr-report.txt;/home/jimi/PaperExperiment/CompilerOptimization/Result/lepton/phasar/phasar-O2-g/log/commands.log;/home/jimi/PaperExperiment/CompilerOptimization/Result/lepton/phasar/phasar-O2-g/log/summary.csv,Generated by re-parsing psr-report.txt; source_resolution=direct_or_container_remap; exact source line was revalidated against the resolved source tree.
phasar.lepton.O2g.000118,lepton,phasar,P2,ExternalOrUnresolvedSource,RunOrLocationWeakEvidence,reported,/home/jimi/PaperExperiment/CompilerOptimization/Result/lepton/phasar/phasar-O2-g/runs/ifds-uninit/lepton_O2_g-Mon-Mar-16-10:10:01-2026,lepton_O2_g-Mon-Mar-16-10:10:01-2026,ifds-uninit,/home/jimi/PaperExperiment/CompilerOptimization/Result/lepton/phasar/phasar-O2-g/artifacts/lepton_O2_g.bc,/home/jimi/PaperExperiment/CompilerOptimization/Result/lepton/phasar/phasar-O2-g/artifacts/lepton_O2_g.ll,/home/jimi/PaperExperiment/CompilerOptimization/Result/lepton/phasar/phasar-O2-g/runs/ifds-uninit/lepton_O2_g-Mon-Mar-16-10:10:01-2026/psr-report.txt,1647,/usr/bin/../lib/gcc/x86_64-linux-gnu/13/../../../../include/c++/13/bits/new_allocator.h,151,,missing_file,system_header,0,system_header,_ZNSt15__new_allocatorIhE8allocateEmPKv,,1656,"%18 = load i64, ptr %6, align 8, !dbg !40698, !psr.id !40699 | ID: 6619",,Phasar IFDS-Uninitialized use; variables=__n; reported_source=return static_cast<_Tp*>(_GLIBCXX_OPERATOR_NEW(__n * sizeof(_Tp)));,debug_location_or_source_attribution_drift_candidate,0.50,1,,/home/jimi/PaperExperiment/CompilerOptimization/Result/lepton/phasar/phasar-O2-g/runs/ifds-uninit/lepton_O2_g-Mon-Mar-16-10:10:01-2026/psr-report.txt;/home/jimi/PaperExperiment/CompilerOptimization/Result/lepton/phasar/phasar-O2-g/log/commands.log;/home/jimi/PaperExperiment/CompilerOptimization/Result/lepton/phasar/phasar-O2-g/log/summary.csv,Generated by re-parsing psr-report.txt; source_resolution=direct_or_container_remap; exact source line was revalidated against the resolved source tree.
phasar.lepton.O2g.000119,lepton,phasar,P2,ExternalOrUnresolvedSource,RunOrLocationWeakEvidence,reported,/home/jimi/PaperExperiment/CompilerOptimization/Result/lepton/phasar/phasar-O2-g/runs/ifds-uninit/lepton_O2_g-Mon-Mar-16-10:10:01-2026,lepton_O2_g-Mon-Mar-16-10:10:01-2026,ifds-uninit,/home/jimi/PaperExperiment/CompilerOptimization/Result/lepton/phasar/phasar-O2-g/artifacts/lepton_O2_g.bc,/home/jimi/PaperExperiment/CompilerOptimization/Result/lepton/phasar/phasar-O2-g/artifacts/lepton_O2_g.ll,/home/jimi/PaperExperiment/CompilerOptimization/Result/lepton/phasar/phasar-O2-g/runs/ifds-uninit/lepton_O2_g-Mon-Mar-16-10:10:01-2026/psr-report.txt,1661,/usr/bin/../lib/gcc/x86_64-linux-gnu/13/../../../../include/c++/13/bits/vector.tcc,532,,missing_file,system_header,0,system_header,_ZNSt6vectorIhSaIhEE14_M_fill_insertEN9__gnu_cxx17__normal_iteratorIPhS1_EEmRKh,,1670,"%26 = load i64, ptr %10, align 8, !dbg !55512, !psr.id !55514 | ID: 14919",,Phasar IFDS-Uninitialized use; variables=__n; reported_source=if (__n != 0),debug_location_or_source_attribution_drift_candidate,0.50,1,,/home/jimi/PaperExperiment/CompilerOptimization/Result/lepton/phasar/phasar-O2-g/runs/ifds-uninit/lepton_O2_g-Mon-Mar-16-10:10:01-2026/psr-report.txt;/home/jimi/PaperExperiment/CompilerOptimization/Result/lepton/phasar/phasar-O2-g/log/commands.log;/home/jimi/PaperExperiment/CompilerOptimization/Result/lepton/phasar/phasar-O2-g/log/summary.csv,Generated by re-parsing psr-report.txt; source_resolution=direct_or_container_remap; exact source line was revalidated against the resolved source tree.
phasar.lepton.O2g.000120,lepton,phasar,P2,ExternalOrUnresolvedSource,RunOrLocationWeakEvidence,reported,/home/jimi/PaperExperiment/CompilerOptimization/Result/lepton/phasar/phasar-O2-g/runs/ifds-uninit/lepton_O2_g-Mon-Mar-16-10:10:01-2026,lepton_O2_g-Mon-Mar-16-10:10:01-2026,ifds-uninit,/home/jimi/PaperExperiment/CompilerOptimization/Result/lepton/phasar/phasar-O2-g/artifacts/lepton_O2_g.bc,/home/jimi/PaperExperiment/CompilerOptimization/Result/lepton/phasar/phasar-O2-g/artifacts/lepton_O2_g.ll,/home/jimi/PaperExperiment/CompilerOptimization/Result/lepton/phasar/phasar-O2-g/runs/ifds-uninit/lepton_O2_g-Mon-Mar-16-10:10:01-2026/psr-report.txt,1677,/usr/bin/../lib/gcc/x86_64-linux-gnu/13/../../../../include/c++/13/bits/vector.tcc,535,,missing_file,system_header,0,system_header,_ZNSt6vectorIhSaIhEE14_M_fill_insertEN9__gnu_cxx17__normal_iteratorIPhS1_EEmRKh,,1686,"%38 = load i64, ptr %10, align 8, !dbg !55535, !psr.id !55536 | ID: 14931",,Phasar IFDS-Uninitialized use; variables=__n; reported_source=- this->_M_impl._M_finish) >= __n),debug_location_or_source_attribution_drift_candidate,0.50,1,,/home/jimi/PaperExperiment/CompilerOptimization/Result/lepton/phasar/phasar-O2-g/runs/ifds-uninit/lepton_O2_g-Mon-Mar-16-10:10:01-2026/psr-report.txt;/home/jimi/PaperExperiment/CompilerOptimization/Result/lepton/phasar/phasar-O2-g/log/commands.log;/home/jimi/PaperExperiment/CompilerOptimization/Result/lepton/phasar/phasar-O2-g/log/summary.csv,Generated by re-parsing psr-report.txt; source_resolution=direct_or_container_remap; exact source line was revalidated against the resolved source tree.
phasar.lepton.O2g.000121,lepton,phasar,P2,ExternalOrUnresolvedSource,RunOrLocationWeakEvidence,reported,/home/jimi/PaperExperiment/CompilerOptimization/Result/lepton/phasar/phasar-O2-g/runs/ifds-uninit/lepton_O2_g-Mon-Mar-16-10:10:01-2026,lepton_O2_g-Mon-Mar-16-10:10:01-2026,ifds-uninit,/home/jimi/PaperExperiment/CompilerOptimization/Result/lepton/phasar/phasar-O2-g/artifacts/lepton_O2_g.bc,/home/jimi/PaperExperiment/CompilerOptimization/Result/lepton/phasar/phasar-O2-g/artifacts/lepton_O2_g.ll,/home/jimi/PaperExperiment/CompilerOptimization/Result/lepton/phasar/phasar-O2-g/runs/ifds-uninit/lepton_O2_g-Mon-Mar-16-10:10:01-2026/psr-report.txt,1691,/usr/bin/../lib/gcc/x86_64-linux-gnu/13/../../../../include/c++/13/bits/vector.tcc,534,,missing_file,system_header,0,system_header,_ZNSt6vectorIhSaIhEE14_M_fill_insertEN9__gnu_cxx17__normal_iteratorIPhS1_EEmRKh,,1699,"br i1 %39, label %40, label %109, !dbg !55539, !psr.id !55540 | ID: 14933",,Phasar IFDS-Uninitialized use; variables=Line       : 534; reported_source=if (size_type(this->_M_impl._M_end_of_storage,debug_location_or_source_attribution_drift_candidate,0.50,1,,/home/jimi/PaperExperiment/CompilerOptimization/Result/lepton/phasar/phasar-O2-g/runs/ifds-uninit/lepton_O2_g-Mon-Mar-16-10:10:01-2026/psr-report.txt;/home/jimi/PaperExperiment/CompilerOptimization/Result/lepton/phasar/phasar-O2-g/log/commands.log;/home/jimi/PaperExperiment/CompilerOptimization/Result/lepton/phasar/phasar-O2-g/log/summary.csv,Generated by re-parsing psr-report.txt; source_resolution=direct_or_container_remap; exact source line was revalidated against the resolved source tree.
phasar.lepton.O2g.000122,lepton,phasar,P2,ExternalOrUnresolvedSource,RunOrLocationWeakEvidence,reported,/home/jimi/PaperExperiment/CompilerOptimization/Result/lepton/phasar/phasar-O2-g/runs/ifds-uninit/lepton_O2_g-Mon-Mar-16-10:10:01-2026,lepton_O2_g-Mon-Mar-16-10:10:01-2026,ifds-uninit,/home/jimi/PaperExperiment/CompilerOptimization/Result/lepton/phasar/phasar-O2-g/artifacts/lepton_O2_g.bc,/home/jimi/PaperExperiment/CompilerOptimization/Result/lepton/phasar/phasar-O2-g/artifacts/lepton_O2_g.ll,/home/jimi/PaperExperiment/CompilerOptimization/Result/lepton/phasar/phasar-O2-g/runs/ifds-uninit/lepton_O2_g-Mon-Mar-16-10:10:01-2026/psr-report.txt,1702,/usr/bin/../lib/gcc/x86_64-linux-gnu/13/../../../../include/c++/13/bits/stl_algobase.h,1018,,missing_file,system_header,0,system_header,_ZSt17__size_to_integerm,,1711,"%3 = load i64, ptr %2, align 8, !dbg !41837, !psr.id !41838 | ID: 7226",,Phasar IFDS-Uninitialized use; variables=__n; reported_source=__size_to_integer(unsigned long __n) { return __n; },debug_location_or_source_attribution_drift_candidate,0.50,1,,/home/jimi/PaperExperiment/CompilerOptimization/Result/lepton/phasar/phasar-O2-g/runs/ifds-uninit/lepton_O2_g-Mon-Mar-16-10:10:01-2026/psr-report.txt;/home/jimi/PaperExperiment/CompilerOptimization/Result/lepton/phasar/phasar-O2-g/log/commands.log;/home/jimi/PaperExperiment/CompilerOptimization/Result/lepton/phasar/phasar-O2-g/log/summary.csv,Generated by re-parsing psr-report.txt; source_resolution=direct_or_container_remap; exact source line was revalidated against the resolved source tree.
phasar.lepton.O2g.000131,lepton,phasar,P2,ExternalOrUnresolvedSource,RunOrLocationWeakEvidence,reported,/home/jimi/PaperExperiment/CompilerOptimization/Result/lepton/phasar/phasar-O2-g/runs/ifds-uninit/lepton_O2_g-Mon-Mar-16-10:10:01-2026,lepton_O2_g-Mon-Mar-16-10:10:01-2026,ifds-uninit,/home/jimi/PaperExperiment/CompilerOptimization/Result/lepton/phasar/phasar-O2-g/artifacts/lepton_O2_g.bc,/home/jimi/PaperExperiment/CompilerOptimization/Result/lepton/phasar/phasar-O2-g/artifacts/lepton_O2_g.ll,/home/jimi/PaperExperiment/CompilerOptimization/Result/lepton/phasar/phasar-O2-g/runs/ifds-uninit/lepton_O2_g-Mon-Mar-16-10:10:01-2026/psr-report.txt,1819,/usr/bin/../lib/gcc/x86_64-linux-gnu/13/../../../../include/c++/13/bits/stl_vector.h,1909,,missing_file,system_header,0,system_header,_ZNSt6vectorIhSaIhEE17_S_check_init_lenEmRKS0_,,1828,"%11 = load i64, ptr %8, align 8, !dbg !58842, !psr.id !58844 | ID: 16731",,Phasar IFDS-Uninitialized use; variables=__n; reported_source=if (__n > _S_max_size(_Tp_alloc_type(__a))),debug_location_or_source_attribution_drift_candidate,0.50,1,,/home/jimi/PaperExperiment/CompilerOptimization/Result/lepton/phasar/phasar-O2-g/runs/ifds-uninit/lepton_O2_g-Mon-Mar-16-10:10:01-2026/psr-report.txt;/home/jimi/PaperExperiment/CompilerOptimization/Result/lepton/phasar/phasar-O2-g/log/commands.log;/home/jimi/PaperExperiment/CompilerOptimization/Result/lepton/phasar/phasar-O2-g/log/summary.csv,Generated by re-parsing psr-report.txt; source_resolution=direct_or_container_remap; exact source line was revalidated against the resolved source tree.
phasar.lepton.O2g.000132,lepton,phasar,P2,ExternalOrUnresolvedSource,RunOrLocationWeakEvidence,reported,/home/jimi/PaperExperiment/CompilerOptimization/Result/lepton/phasar/phasar-O2-g/runs/ifds-uninit/lepton_O2_g-Mon-Mar-16-10:10:01-2026,lepton_O2_g-Mon-Mar-16-10:10:01-2026,ifds-uninit,/home/jimi/PaperExperiment/CompilerOptimization/Result/lepton/phasar/phasar-O2-g/artifacts/lepton_O2_g.bc,/home/jimi/PaperExperiment/CompilerOptimization/Result/lepton/phasar/phasar-O2-g/artifacts/lepton_O2_g.ll,/home/jimi/PaperExperiment/CompilerOptimization/Result/lepton/phasar/phasar-O2-g/runs/ifds-uninit/lepton_O2_g-Mon-Mar-16-10:10:01-2026/psr-report.txt,1835,/usr/bin/../lib/gcc/x86_64-linux-gnu/13/../../../../include/c++/13/bits/stl_vector.h,1912,,missing_file,system_header,0,system_header,_ZNSt6vectorIhSaIhEE17_S_check_init_lenEmRKS0_,,1844,"%21 = load i64, ptr %8, align 8, !dbg !58887, !psr.id !58888 | ID: 16753",,Phasar IFDS-Uninitialized use; variables=__n; reported_source=return __n;,debug_location_or_source_attribution_drift_candidate,0.50,1,,/home/jimi/PaperExperiment/CompilerOptimization/Result/lepton/phasar/phasar-O2-g/runs/ifds-uninit/lepton_O2_g-Mon-Mar-16-10:10:01-2026/psr-report.txt;/home/jimi/PaperExperiment/CompilerOptimization/Result/lepton/phasar/phasar-O2-g/log/commands.log;/home/jimi/PaperExperiment/CompilerOptimization/Result/lepton/phasar/phasar-O2-g/log/summary.csv,Generated by re-parsing psr-report.txt; source_resolution=direct_or_container_remap; exact source line was revalidated against the resolved source tree.
phasar.lepton.O2g.000133,lepton,phasar,P2,ExternalOrUnresolvedSource,RunOrLocationWeakEvidence,reported,/home/jimi/PaperExperiment/CompilerOptimization/Result/lepton/phasar/phasar-O2-g/runs/ifds-uninit/lepton_O2_g-Mon-Mar-16-10:10:01-2026,lepton_O2_g-Mon-Mar-16-10:10:01-2026,ifds-uninit,/home/jimi/PaperExperiment/CompilerOptimization/Result/lepton/phasar/phasar-O2-g/artifacts/lepton_O2_g.bc,/home/jimi/PaperExperiment/CompilerOptimization/Result/lepton/phasar/phasar-O2-g/artifacts/lepton_O2_g.ll,/home/jimi/PaperExperiment/CompilerOptimization/Result/lepton/phasar/phasar-O2-g/runs/ifds-uninit/lepton_O2_g-Mon-Mar-16-10:10:01-2026/psr-report.txt,1847,/usr/bin/../lib/gcc/x86_64-linux-gnu/13/../../../../include/c++/13/bits/stl_vector.h,335,,missing_file,system_header,0,system_header,_ZNSt12_Vector_baseIhSaIhEEC2EmRKS0_,,1856,"%10 = load i64, ptr %5, align 8, !dbg !58913, !psr.id !58915 | ID: 16768",,Phasar IFDS-Uninitialized use; variables=__n; reported_source={ _M_create_storage(__n); },debug_location_or_source_attribution_drift_candidate,0.50,1,,/home/jimi/PaperExperiment/CompilerOptimization/Result/lepton/phasar/phasar-O2-g/runs/ifds-uninit/lepton_O2_g-Mon-Mar-16-10:10:01-2026/psr-report.txt;/home/jimi/PaperExperiment/CompilerOptimization/Result/lepton/phasar/phasar-O2-g/log/commands.log;/home/jimi/PaperExperiment/CompilerOptimization/Result/lepton/phasar/phasar-O2-g/log/summary.csv,Generated by re-parsing psr-report.txt; source_resolution=direct_or_container_remap; exact source line was revalidated against the resolved source tree.
phasar.lepton.O2g.000134,lepton,phasar,P2,ExternalOrUnresolvedSource,RunOrLocationWeakEvidence,reported,/home/jimi/PaperExperiment/CompilerOptimization/Result/lepton/phasar/phasar-O2-g/runs/ifds-uninit/lepton_O2_g-Mon-Mar-16-10:10:01-2026,lepton_O2_g-Mon-Mar-16-10:10:01-2026,ifds-uninit,/home/jimi/PaperExperiment/CompilerOptimization/Result/lepton/phasar/phasar-O2-g/artifacts/lepton_O2_g.bc,/home/jimi/PaperExperiment/CompilerOptimization/Result/lepton/phasar/phasar-O2-g/artifacts/lepton_O2_g.ll,/home/jimi/PaperExperiment/CompilerOptimization/Result/lepton/phasar/phasar-O2-g/runs/ifds-uninit/lepton_O2_g-Mon-Mar-16-10:10:01-2026/psr-report.txt,1859,/usr/bin/../lib/gcc/x86_64-linux-gnu/13/../../../../include/c++/13/bits/stl_vector.h,1718,,missing_file,system_header,0,system_header,_ZNSt6vectorIhSaIhEE21_M_default_initializeEm,,1868,"%9 = load i64, ptr %4, align 8, !dbg !58937, !psr.id !58938 | ID: 16781",,"Phasar IFDS-Uninitialized use; variables=__n; reported_source=std::__uninitialized_default_n_a(this->_M_impl._M_start, __n,",debug_location_or_source_attribution_drift_candidate,0.50,1,,/home/jimi/PaperExperiment/CompilerOptimization/Result/lepton/phasar/phasar-O2-g/runs/ifds-uninit/lepton_O2_g-Mon-Mar-16-10:10:01-2026/psr-report.txt;/home/jimi/PaperExperiment/CompilerOptimization/Result/lepton/phasar/phasar-O2-g/log/commands.log;/home/jimi/PaperExperiment/CompilerOptimization/Result/lepton/phasar/phasar-O2-g/log/summary.csv,Generated by re-parsing psr-report.txt; source_resolution=direct_or_container_remap; exact source line was revalidated against the resolved source tree.
phasar.lepton.O2g.000135,lepton,phasar,P2,ExternalOrUnresolvedSource,RunOrLocationWeakEvidence,reported,/home/jimi/PaperExperiment/CompilerOptimization/Result/lepton/phasar/phasar-O2-g/runs/ifds-uninit/lepton_O2_g-Mon-Mar-16-10:10:01-2026,lepton_O2_g-Mon-Mar-16-10:10:01-2026,ifds-uninit,/home/jimi/PaperExperiment/CompilerOptimization/Result/lepton/phasar/phasar-O2-g/artifacts/lepton_O2_g.bc,/home/jimi/PaperExperiment/CompilerOptimization/Result/lepton/phasar/phasar-O2-g/artifacts/lepton_O2_g.ll,/home/jimi/PaperExperiment/CompilerOptimization/Result/lepton/phasar/phasar-O2-g/runs/ifds-uninit/lepton_O2_g-Mon-Mar-16-10:10:01-2026/psr-report.txt,1871,/usr/bin/../lib/gcc/x86_64-linux-gnu/13/../../../../include/c++/13/bits/stl_vector.h,398,,missing_file,system_header,0,system_header,_ZNSt12_Vector_baseIhSaIhEE17_M_create_storageEm,,1880,"%6 = load i64, ptr %4, align 8, !dbg !59003, !psr.id !59004 | ID: 16820",,Phasar IFDS-Uninitialized use; variables=__n; reported_source=this->_M_impl._M_start = this->_M_allocate(__n);,debug_location_or_source_attribution_drift_candidate,0.50,1,,/home/jimi/PaperExperiment/CompilerOptimization/Result/lepton/phasar/phasar-O2-g/runs/ifds-uninit/lepton_O2_g-Mon-Mar-16-10:10:01-2026/psr-report.txt;/home/jimi/PaperExperiment/CompilerOptimization/Result/lepton/phasar/phasar-O2-g/log/commands.log;/home/jimi/PaperExperiment/CompilerOptimization/Result/lepton/phasar/phasar-O2-g/log/summary.csv,Generated by re-parsing psr-report.txt; source_resolution=direct_or_container_remap; exact source line was revalidated against the resolved source tree.
phasar.lepton.O2g.000136,lepton,phasar,P2,ExternalOrUnresolvedSource,RunOrLocationWeakEvidence,reported,/home/jimi/PaperExperiment/CompilerOptimization/Result/lepton/phasar/phasar-O2-g/runs/ifds-uninit/lepton_O2_g-Mon-Mar-16-10:10:01-2026,lepton_O2_g-Mon-Mar-16-10:10:01-2026,ifds-uninit,/home/jimi/PaperExperiment/CompilerOptimization/Result/lepton/phasar/phasar-O2-g/artifacts/lepton_O2_g.bc,/home/jimi/PaperExperiment/CompilerOptimization/Result/lepton/phasar/phasar-O2-g/artifacts/lepton_O2_g.ll,/home/jimi/PaperExperiment/CompilerOptimization/Result/lepton/phasar/phasar-O2-g/runs/ifds-uninit/lepton_O2_g-Mon-Mar-16-10:10:01-2026/psr-report.txt,1883,/usr/bin/../lib/gcc/x86_64-linux-gnu/13/../../../../include/c++/13/bits/stl_vector.h,400,,missing_file,system_header,0,system_header,_ZNSt12_Vector_baseIhSaIhEE17_M_create_storageEm,,1892,"%18 = load i64, ptr %4, align 8, !dbg !59029, !psr.id !59030 | ID: 16834",,Phasar IFDS-Uninitialized use; variables=__n; reported_source=this->_M_impl._M_end_of_storage = this->_M_impl._M_start + __n;,debug_location_or_source_attribution_drift_candidate,0.50,1,,/home/jimi/PaperExperiment/CompilerOptimization/Result/lepton/phasar/phasar-O2-g/runs/ifds-uninit/lepton_O2_g-Mon-Mar-16-10:10:01-2026/psr-report.txt;/home/jimi/PaperExperiment/CompilerOptimization/Result/lepton/phasar/phasar-O2-g/log/commands.log;/home/jimi/PaperExperiment/CompilerOptimization/Result/lepton/phasar/phasar-O2-g/log/summary.csv,Generated by re-parsing psr-report.txt; source_resolution=direct_or_container_remap; exact source line was revalidated against the resolved source tree.
phasar.lepton.O2g.000137,lepton,phasar,P2,ExternalOrUnresolvedSource,RunOrLocationWeakEvidence,reported,/home/jimi/PaperExperiment/CompilerOptimization/Result/lepton/phasar/phasar-O2-g/runs/ifds-uninit/lepton_O2_g-Mon-Mar-16-10:10:01-2026,lepton_O2_g-Mon-Mar-16-10:10:01-2026,ifds-uninit,/home/jimi/PaperExperiment/CompilerOptimization/Result/lepton/phasar/phasar-O2-g/artifacts/lepton_O2_g.bc,/home/jimi/PaperExperiment/CompilerOptimization/Result/lepton/phasar/phasar-O2-g/artifacts/lepton_O2_g.ll,/home/jimi/PaperExperiment/CompilerOptimization/Result/lepton/phasar/phasar-O2-g/runs/ifds-uninit/lepton_O2_g-Mon-Mar-16-10:10:01-2026/psr-report.txt,1895,/usr/bin/../lib/gcc/x86_64-linux-gnu/13/../../../../include/c++/13/bits/stl_construct.h,196,,missing_file,system_header,0,system_header,_ZSt8_DestroyIPjEvT_S1_,,1904,"%5 = load ptr, ptr %3, align 8, !dbg !47035, !psr.id !47036 | ID: 9949",,"Phasar IFDS-Uninitialized use; variables=__first; reported_source=__destroy(__first, __last);",debug_location_or_source_attribution_drift_candidate,0.50,1,,/home/jimi/PaperExperiment/CompilerOptimization/Result/lepton/phasar/phasar-O2-g/runs/ifds-uninit/lepton_O2_g-Mon-Mar-16-10:10:01-2026/psr-report.txt;/home/jimi/PaperExperiment/CompilerOptimization/Result/lepton/phasar/phasar-O2-g/log/commands.log;/home/jimi/PaperExperiment/CompilerOptimization/Result/lepton/phasar/phasar-O2-g/log/summary.csv,Generated by re-parsing psr-report.txt; source_resolution=direct_or_container_remap; exact source line was revalidated against the resolved source tree.
phasar.lepton.O2g.000152,lepton,phasar,P2,ExternalOrUnresolvedSource,RunOrLocationWeakEvidence,reported,/home/jimi/PaperExperiment/CompilerOptimization/Result/lepton/phasar/phasar-O2-g/runs/ifds-uninit/lepton_O2_g-Mon-Mar-16-10:10:01-2026,lepton_O2_g-Mon-Mar-16-10:10:01-2026,ifds-uninit,/home/jimi/PaperExperiment/CompilerOptimization/Result/lepton/phasar/phasar-O2-g/artifacts/lepton_O2_g.bc,/home/jimi/PaperExperiment/CompilerOptimization/Result/lepton/phasar/phasar-O2-g/artifacts/lepton_O2_g.ll,/home/jimi/PaperExperiment/CompilerOptimization/Result/lepton/phasar/phasar-O2-g/runs/ifds-uninit/lepton_O2_g-Mon-Mar-16-10:10:01-2026/psr-report.txt,2097,/usr/bin/../lib/gcc/x86_64-linux-gnu/13/../../../../include/c++/13/bits/stl_vector.h,557,,missing_file,system_header,0,system_header,_ZNSt6vectorIhSaIhEEC2EmRKS0_,,2106,"%8 = load i64, ptr %5, align 8, !dbg !48847, !psr.id !48848 | ID: 10959",,"Phasar IFDS-Uninitialized use; variables=__n; reported_source=: _Base(_S_check_init_len(__n, __a), __a)",debug_location_or_source_attribution_drift_candidate,0.50,1,,/home/jimi/PaperExperiment/CompilerOptimization/Result/lepton/phasar/phasar-O2-g/runs/ifds-uninit/lepton_O2_g-Mon-Mar-16-10:10:01-2026/psr-report.txt;/home/jimi/PaperExperiment/CompilerOptimization/Result/lepton/phasar/phasar-O2-g/log/commands.log;/home/jimi/PaperExperiment/CompilerOptimization/Result/lepton/phasar/phasar-O2-g/log/summary.csv,Generated by re-parsing psr-report.txt; source_resolution=direct_or_container_remap; exact source line was revalidated against the resolved source tree.
phasar.lepton.O2g.000153,lepton,phasar,P2,ExternalOrUnresolvedSource,RunOrLocationWeakEvidence,reported,/home/jimi/PaperExperiment/CompilerOptimization/Result/lepton/phasar/phasar-O2-g/runs/ifds-uninit/lepton_O2_g-Mon-Mar-16-10:10:01-2026,lepton_O2_g-Mon-Mar-16-10:10:01-2026,ifds-uninit,/home/jimi/PaperExperiment/CompilerOptimization/Result/lepton/phasar/phasar-O2-g/artifacts/lepton_O2_g.bc,/home/jimi/PaperExperiment/CompilerOptimization/Result/lepton/phasar/phasar-O2-g/artifacts/lepton_O2_g.ll,/home/jimi/PaperExperiment/CompilerOptimization/Result/lepton/phasar/phasar-O2-g/runs/ifds-uninit/lepton_O2_g-Mon-Mar-16-10:10:01-2026/psr-report.txt,2109,/usr/bin/../lib/gcc/x86_64-linux-gnu/13/../../../../include/c++/13/bits/stl_vector.h,558,,missing_file,system_header,0,system_header,_ZNSt6vectorIhSaIhEEC2EmRKS0_,,2118,"%12 = load i64, ptr %5, align 8, !dbg !48857, !psr.id !48859 | ID: 10964",,Phasar IFDS-Uninitialized use; variables=__n; reported_source={ _M_default_initialize(__n); },debug_location_or_source_attribution_drift_candidate,0.50,1,,/home/jimi/PaperExperiment/CompilerOptimization/Result/lepton/phasar/phasar-O2-g/runs/ifds-uninit/lepton_O2_g-Mon-Mar-16-10:10:01-2026/psr-report.txt;/home/jimi/PaperExperiment/CompilerOptimization/Result/lepton/phasar/phasar-O2-g/log/commands.log;/home/jimi/PaperExperiment/CompilerOptimization/Result/lepton/phasar/phasar-O2-g/log/summary.csv,Generated by re-parsing psr-report.txt; source_resolution=direct_or_container_remap; exact source line was revalidated against the resolved source tree.
phasar.lepton.O2g.000156,lepton,phasar,P2,ExternalOrUnresolvedSource,RunOrLocationWeakEvidence,reported,/home/jimi/PaperExperiment/CompilerOptimization/Result/lepton/phasar/phasar-O2-g/runs/ifds-uninit/lepton_O2_g-Mon-Mar-16-10:10:01-2026,lepton_O2_g-Mon-Mar-16-10:10:01-2026,ifds-uninit,/home/jimi/PaperExperiment/CompilerOptimization/Result/lepton/phasar/phasar-O2-g/artifacts/lepton_O2_g.bc,/home/jimi/PaperExperiment/CompilerOptimization/Result/lepton/phasar/phasar-O2-g/artifacts/lepton_O2_g.ll,/home/jimi/PaperExperiment/CompilerOptimization/Result/lepton/phasar/phasar-O2-g/runs/ifds-uninit/lepton_O2_g-Mon-Mar-16-10:10:01-2026/psr-report.txt,2151,/usr/bin/../lib/gcc/x86_64-linux-gnu/13/../../../../include/c++/13/bits/stl_vector.h,1440,,missing_file,system_header,0,system_header,_ZNSt6vectorIhSaIhEE6insertEN9__gnu_cxx17__normal_iteratorIPKhS1_EEmRS4_,,2160,"%25 = load i64, ptr %8, align 8, !dbg !49136, !psr.id !49137 | ID: 11118",,"Phasar IFDS-Uninitialized use; variables=__n; reported_source=_M_fill_insert(begin() + __offset, __n, __x);",debug_location_or_source_attribution_drift_candidate,0.50,1,,/home/jimi/PaperExperiment/CompilerOptimization/Result/lepton/phasar/phasar-O2-g/runs/ifds-uninit/lepton_O2_g-Mon-Mar-16-10:10:01-2026/psr-report.txt;/home/jimi/PaperExperiment/CompilerOptimization/Result/lepton/phasar/phasar-O2-g/log/commands.log;/home/jimi/PaperExperiment/CompilerOptimization/Result/lepton/phasar/phasar-O2-g/log/summary.csv,Generated by re-parsing psr-report.txt; source_resolution=direct_or_container_remap; exact source line was revalidated against the resolved source tree.
phasar.lepton.O2g.000162,lepton,phasar,P2,ExternalOrUnresolvedSource,RunOrLocationWeakEvidence,reported,/home/jimi/PaperExperiment/CompilerOptimization/Result/lepton/phasar/phasar-O2-g/runs/ifds-uninit/lepton_O2_g-Mon-Mar-16-10:10:01-2026,lepton_O2_g-Mon-Mar-16-10:10:01-2026,ifds-uninit,/home/jimi/PaperExperiment/CompilerOptimization/Result/lepton/phasar/phasar-O2-g/artifacts/lepton_O2_g.bc,/home/jimi/PaperExperiment/CompilerOptimization/Result/lepton/phasar/phasar-O2-g/artifacts/lepton_O2_g.ll,/home/jimi/PaperExperiment/CompilerOptimization/Result/lepton/phasar/phasar-O2-g/runs/ifds-uninit/lepton_O2_g-Mon-Mar-16-10:10:01-2026/psr-report.txt,2299,/usr/bin/../lib/gcc/x86_64-linux-gnu/13/../../../../include/c++/13/bits/stl_uninitialized.h,779,,missing_file,system_header,0,system_header,_ZSt27__uninitialized_default_n_aIPhmhET_S1_T0_RSaIT1_E,,2308,"%8 = load i64, ptr %5, align 8, !dbg !55088, !psr.id !55089 | ID: 14689",,"Phasar IFDS-Uninitialized use; variables=__n; reported_source={ return std::__uninitialized_default_n(__first, __n); }",debug_location_or_source_attribution_drift_candidate,0.50,1,,/home/jimi/PaperExperiment/CompilerOptimization/Result/lepton/phasar/phasar-O2-g/runs/ifds-uninit/lepton_O2_g-Mon-Mar-16-10:10:01-2026/psr-report.txt;/home/jimi/PaperExperiment/CompilerOptimization/Result/lepton/phasar/phasar-O2-g/log/commands.log;/home/jimi/PaperExperiment/CompilerOptimization/Result/lepton/phasar/phasar-O2-g/log/summary.csv,Generated by re-parsing psr-report.txt; source_resolution=direct_or_container_remap; exact source line was revalidated against the resolved source tree.
phasar.lepton.O2g.000163,lepton,phasar,P2,ExternalOrUnresolvedSource,RunOrLocationWeakEvidence,reported,/home/jimi/PaperExperiment/CompilerOptimization/Result/lepton/phasar/phasar-O2-g/runs/ifds-uninit/lepton_O2_g-Mon-Mar-16-10:10:01-2026,lepton_O2_g-Mon-Mar-16-10:10:01-2026,ifds-uninit,/home/jimi/PaperExperiment/CompilerOptimization/Result/lepton/phasar/phasar-O2-g/artifacts/lepton_O2_g.bc,/home/jimi/PaperExperiment/CompilerOptimization/Result/lepton/phasar/phasar-O2-g/artifacts/lepton_O2_g.ll,/home/jimi/PaperExperiment/CompilerOptimization/Result/lepton/phasar/phasar-O2-g/runs/ifds-uninit/lepton_O2_g-Mon-Mar-16-10:10:01-2026/psr-report.txt,2311,/usr/bin/../lib/gcc/x86_64-linux-gnu/13/../../../../include/c++/13/bits/stl_uninitialized.h,712,,missing_file,system_header,0,system_header,_ZSt25__uninitialized_default_nIPhmET_S1_T0_,,2320,"%7 = load i64, ptr %4, align 8, !dbg !55115, !psr.id !55116 | ID: 14702",,"Phasar IFDS-Uninitialized use; variables=__n; reported_source=__uninit_default_n(__first, __n);",debug_location_or_source_attribution_drift_candidate,0.50,1,,/home/jimi/PaperExperiment/CompilerOptimization/Result/lepton/phasar/phasar-O2-g/runs/ifds-uninit/lepton_O2_g-Mon-Mar-16-10:10:01-2026/psr-report.txt;/home/jimi/PaperExperiment/CompilerOptimization/Result/lepton/phasar/phasar-O2-g/log/commands.log;/home/jimi/PaperExperiment/CompilerOptimization/Result/lepton/phasar/phasar-O2-g/log/summary.csv,Generated by re-parsing psr-report.txt; source_resolution=direct_or_container_remap; exact source line was revalidated against the resolved source tree.
phasar.lepton.O2g.000164,lepton,phasar,P2,ExternalOrUnresolvedSource,RunOrLocationWeakEvidence,reported,/home/jimi/PaperExperiment/CompilerOptimization/Result/lepton/phasar/phasar-O2-g/runs/ifds-uninit/lepton_O2_g-Mon-Mar-16-10:10:01-2026,lepton_O2_g-Mon-Mar-16-10:10:01-2026,ifds-uninit,/home/jimi/PaperExperiment/CompilerOptimization/Result/lepton/phasar/phasar-O2-g/artifacts/lepton_O2_g.bc,/home/jimi/PaperExperiment/CompilerOptimization/Result/lepton/phasar/phasar-O2-g/artifacts/lepton_O2_g.ll,/home/jimi/PaperExperiment/CompilerOptimization/Result/lepton/phasar/phasar-O2-g/runs/ifds-uninit/lepton_O2_g-Mon-Mar-16-10:10:01-2026/psr-report.txt,2323,/usr/bin/../lib/gcc/x86_64-linux-gnu/13/../../../../include/c++/13/bits/stl_uninitialized.h,662,,missing_file,system_header,0,system_header,_ZNSt27__uninitialized_default_n_1ILb1EE18__uninit_default_nIPhmEET_S3_T0_,,2332,"%6 = load i64, ptr %4, align 8, !dbg !55134, !psr.id !55136 | ID: 14712",,Phasar IFDS-Uninitialized use; variables=__n; reported_source=if (__n > 0),debug_location_or_source_attribution_drift_candidate,0.50,1,,/home/jimi/PaperExperiment/CompilerOptimization/Result/lepton/phasar/phasar-O2-g/runs/ifds-uninit/lepton_O2_g-Mon-Mar-16-10:10:01-2026/psr-report.txt;/home/jimi/PaperExperiment/CompilerOptimization/Result/lepton/phasar/phasar-O2-g/log/commands.log;/home/jimi/PaperExperiment/CompilerOptimization/Result/lepton/phasar/phasar-O2-g/log/summary.csv,Generated by re-parsing psr-report.txt; source_resolution=direct_or_container_remap; exact source line was revalidated against the resolved source tree.
phasar.lepton.O2g.000165,lepton,phasar,P2,ExternalOrUnresolvedSource,RunOrLocationWeakEvidence,reported,/home/jimi/PaperExperiment/CompilerOptimization/Result/lepton/phasar/phasar-O2-g/runs/ifds-uninit/lepton_O2_g-Mon-Mar-16-10:10:01-2026,lepton_O2_g-Mon-Mar-16-10:10:01-2026,ifds-uninit,/home/jimi/PaperExperiment/CompilerOptimization/Result/lepton/phasar/phasar-O2-g/artifacts/lepton_O2_g.bc,/home/jimi/PaperExperiment/CompilerOptimization/Result/lepton/phasar/phasar-O2-g/artifacts/lepton_O2_g.ll,/home/jimi/PaperExperiment/CompilerOptimization/Result/lepton/phasar/phasar-O2-g/runs/ifds-uninit/lepton_O2_g-Mon-Mar-16-10:10:01-2026/psr-report.txt,2339,/usr/bin/../lib/gcc/x86_64-linux-gnu/13/../../../../include/c++/13/bits/stl_uninitialized.h,668,,missing_file,system_header,0,system_header,_ZNSt27__uninitialized_default_n_1ILb1EE18__uninit_default_nIPhmEET_S3_T0_,,2348,"%14 = load i64, ptr %4, align 8, !dbg !55160, !psr.id !55161 | ID: 14724",,"Phasar IFDS-Uninitialized use; variables=__n; reported_source=__first = std::fill_n(__first, __n - 1, *__val);",debug_location_or_source_attribution_drift_candidate,0.50,1,,/home/jimi/PaperExperiment/CompilerOptimization/Result/lepton/phasar/phasar-O2-g/runs/ifds-uninit/lepton_O2_g-Mon-Mar-16-10:10:01-2026/psr-report.txt;/home/jimi/PaperExperiment/CompilerOptimization/Result/lepton/phasar/phasar-O2-g/log/commands.log;/home/jimi/PaperExperiment/CompilerOptimization/Result/lepton/phasar/phasar-O2-g/log/summary.csv,Generated by re-parsing psr-report.txt; source_resolution=direct_or_container_remap; exact source line was revalidated against the resolved source tree.
phasar.lepton.O2g.000166,lepton,phasar,P2,ExternalOrUnresolvedSource,RunOrLocationWeakEvidence,reported,/home/jimi/PaperExperiment/CompilerOptimization/Result/lepton/phasar/phasar-O2-g/runs/ifds-uninit/lepton_O2_g-Mon-Mar-16-10:10:01-2026,lepton_O2_g-Mon-Mar-16-10:10:01-2026,ifds-uninit,/home/jimi/PaperExperiment/CompilerOptimization/Result/lepton/phasar/phasar-O2-g/artifacts/lepton_O2_g.bc,/home/jimi/PaperExperiment/CompilerOptimization/Result/lepton/phasar/phasar-O2-g/artifacts/lepton_O2_g.ll,/home/jimi/PaperExperiment/CompilerOptimization/Result/lepton/phasar/phasar-O2-g/runs/ifds-uninit/lepton_O2_g-Mon-Mar-16-10:10:01-2026/psr-report.txt,2353,/usr/bin/../lib/gcc/x86_64-linux-gnu/13/../../../../include/c++/13/bits/stl_uninitialized.h,670,,missing_file,system_header,0,system_header,_ZNSt27__uninitialized_default_n_1ILb1EE18__uninit_default_nIPhmEET_S3_T0_,,2362,"%19 = load ptr, ptr %3, align 8, !dbg !55172, !psr.id !55173 | ID: 14730",,Phasar IFDS-Uninitialized use; variables=__first; reported_source=return __first;,debug_location_or_source_attribution_drift_candidate,0.50,1,,/home/jimi/PaperExperiment/CompilerOptimization/Result/lepton/phasar/phasar-O2-g/runs/ifds-uninit/lepton_O2_g-Mon-Mar-16-10:10:01-2026/psr-report.txt;/home/jimi/PaperExperiment/CompilerOptimization/Result/lepton/phasar/phasar-O2-g/log/commands.log;/home/jimi/PaperExperiment/CompilerOptimization/Result/lepton/phasar/phasar-O2-g/log/summary.csv,Generated by re-parsing psr-report.txt; source_resolution=direct_or_container_remap; exact source line was revalidated against the resolved source tree.
phasar.lepton.O2g.000167,lepton,phasar,P2,ExternalOrUnresolvedSource,RunOrLocationWeakEvidence,reported,/home/jimi/PaperExperiment/CompilerOptimization/Result/lepton/phasar/phasar-O2-g/runs/ifds-uninit/lepton_O2_g-Mon-Mar-16-10:10:01-2026,lepton_O2_g-Mon-Mar-16-10:10:01-2026,ifds-uninit,/home/jimi/PaperExperiment/CompilerOptimization/Result/lepton/phasar/phasar-O2-g/artifacts/lepton_O2_g.bc,/home/jimi/PaperExperiment/CompilerOptimization/Result/lepton/phasar/phasar-O2-g/artifacts/lepton_O2_g.ll,/home/jimi/PaperExperiment/CompilerOptimization/Result/lepton/phasar/phasar-O2-g/runs/ifds-uninit/lepton_O2_g-Mon-Mar-16-10:10:01-2026/psr-report.txt,2365,/usr/bin/../lib/gcc/x86_64-linux-gnu/13/../../../../include/c++/13/bits/stl_algobase.h,1157,,missing_file,system_header,0,system_header,_ZSt6fill_nIPhmhET_S1_T0_RKT1_,,2374,"%11 = load i64, ptr %6, align 8, !dbg !55213, !psr.id !55214 | ID: 14751",,"Phasar IFDS-Uninitialized use; variables=__n; reported_source=return std::__fill_n_a(__first, std::__size_to_integer(__n), __value,",debug_location_or_source_attribution_drift_candidate,0.50,1,,/home/jimi/PaperExperiment/CompilerOptimization/Result/lepton/phasar/phasar-O2-g/runs/ifds-uninit/lepton_O2_g-Mon-Mar-16-10:10:01-2026/psr-report.txt;/home/jimi/PaperExperiment/CompilerOptimization/Result/lepton/phasar/phasar-O2-g/log/commands.log;/home/jimi/PaperExperiment/CompilerOptimization/Result/lepton/phasar/phasar-O2-g/log/summary.csv,Generated by re-parsing psr-report.txt; source_resolution=direct_or_container_remap; exact source line was revalidated against the resolved source tree.
phasar.lepton.O2g.000168,lepton,phasar,P2,ExternalOrUnresolvedSource,RunOrLocationWeakEvidence,reported,/home/jimi/PaperExperiment/CompilerOptimization/Result/lepton/phasar/phasar-O2-g/runs/ifds-uninit/lepton_O2_g-Mon-Mar-16-10:10:01-2026,lepton_O2_g-Mon-Mar-16-10:10:01-2026,ifds-uninit,/home/jimi/PaperExperiment/CompilerOptimization/Result/lepton/phasar/phasar-O2-g/artifacts/lepton_O2_g.bc,/home/jimi/PaperExperiment/CompilerOptimization/Result/lepton/phasar/phasar-O2-g/artifacts/lepton_O2_g.ll,/home/jimi/PaperExperiment/CompilerOptimization/Result/lepton/phasar/phasar-O2-g/runs/ifds-uninit/lepton_O2_g-Mon-Mar-16-10:10:01-2026/psr-report.txt,2377,/usr/bin/../lib/gcc/x86_64-linux-gnu/13/../../../../include/c++/13/bits/stl_algobase.h,1123,,missing_file,system_header,0,system_header,_ZSt10__fill_n_aIPhmhET_S1_T0_RKT1_St26random_access_iterator_tag,,2386,"%9 = load i64, ptr %7, align 8, !dbg !55254, !psr.id !55256 | ID: 14770",,Phasar IFDS-Uninitialized use; variables=__n; reported_source=if (__n <= 0),debug_location_or_source_attribution_drift_candidate,0.50,1,,/home/jimi/PaperExperiment/CompilerOptimization/Result/lepton/phasar/phasar-O2-g/runs/ifds-uninit/lepton_O2_g-Mon-Mar-16-10:10:01-2026/psr-report.txt;/home/jimi/PaperExperiment/CompilerOptimization/Result/lepton/phasar/phasar-O2-g/log/commands.log;/home/jimi/PaperExperiment/CompilerOptimization/Result/lepton/phasar/phasar-O2-g/log/summary.csv,Generated by re-parsing psr-report.txt; source_resolution=direct_or_container_remap; exact source line was revalidated against the resolved source tree.
phasar.lepton.O2g.000169,lepton,phasar,P2,ExternalOrUnresolvedSource,RunOrLocationWeakEvidence,reported,/home/jimi/PaperExperiment/CompilerOptimization/Result/lepton/phasar/phasar-O2-g/runs/ifds-uninit/lepton_O2_g-Mon-Mar-16-10:10:01-2026,lepton_O2_g-Mon-Mar-16-10:10:01-2026,ifds-uninit,/home/jimi/PaperExperiment/CompilerOptimization/Result/lepton/phasar/phasar-O2-g/artifacts/lepton_O2_g.bc,/home/jimi/PaperExperiment/CompilerOptimization/Result/lepton/phasar/phasar-O2-g/artifacts/lepton_O2_g.ll,/home/jimi/PaperExperiment/CompilerOptimization/Result/lepton/phasar/phasar-O2-g/runs/ifds-uninit/lepton_O2_g-Mon-Mar-16-10:10:01-2026/psr-report.txt,2393,/usr/bin/../lib/gcc/x86_64-linux-gnu/13/../../../../include/c++/13/bits/stl_algobase.h,1128,,missing_file,system_header,0,system_header,_ZSt10__fill_n_aIPhmhET_S1_T0_RKT1_St26random_access_iterator_tag,,2402,"%16 = load i64, ptr %7, align 8, !dbg !55270, !psr.id !55271 | ID: 14778",,"Phasar IFDS-Uninitialized use; variables=__n; reported_source=std::__fill_a(__first, __first + __n, __value);",debug_location_or_source_attribution_drift_candidate,0.50,1,,/home/jimi/PaperExperiment/CompilerOptimization/Result/lepton/phasar/phasar-O2-g/runs/ifds-uninit/lepton_O2_g-Mon-Mar-16-10:10:01-2026/psr-report.txt;/home/jimi/PaperExperiment/CompilerOptimization/Result/lepton/phasar/phasar-O2-g/log/commands.log;/home/jimi/PaperExperiment/CompilerOptimization/Result/lepton/phasar/phasar-O2-g/log/summary.csv,Generated by re-parsing psr-report.txt; source_resolution=direct_or_container_remap; exact source line was revalidated against the resolved source tree.
phasar.lepton.O2g.000170,lepton,phasar,P2,ExternalOrUnresolvedSource,RunOrLocationWeakEvidence,reported,/home/jimi/PaperExperiment/CompilerOptimization/Result/lepton/phasar/phasar-O2-g/runs/ifds-uninit/lepton_O2_g-Mon-Mar-16-10:10:01-2026,lepton_O2_g-Mon-Mar-16-10:10:01-2026,ifds-uninit,/home/jimi/PaperExperiment/CompilerOptimization/Result/lepton/phasar/phasar-O2-g/artifacts/lepton_O2_g.bc,/home/jimi/PaperExperiment/CompilerOptimization/Result/lepton/phasar/phasar-O2-g/artifacts/lepton_O2_g.ll,/home/jimi/PaperExperiment/CompilerOptimization/Result/lepton/phasar/phasar-O2-g/runs/ifds-uninit/lepton_O2_g-Mon-Mar-16-10:10:01-2026/psr-report.txt,2405,/usr/bin/../lib/gcc/x86_64-linux-gnu/13/../../../../include/c++/13/bits/stl_algobase.h,1129,,missing_file,system_header,0,system_header,_ZSt10__fill_n_aIPhmhET_S1_T0_RKT1_St26random_access_iterator_tag,,2414,"%20 = load i64, ptr %7, align 8, !dbg !55280, !psr.id !55281 | ID: 14783",,Phasar IFDS-Uninitialized use; variables=__n; reported_source=return __first + __n;,debug_location_or_source_attribution_drift_candidate,0.50,1,,/home/jimi/PaperExperiment/CompilerOptimization/Result/lepton/phasar/phasar-O2-g/runs/ifds-uninit/lepton_O2_g-Mon-Mar-16-10:10:01-2026/psr-report.txt;/home/jimi/PaperExperiment/CompilerOptimization/Result/lepton/phasar/phasar-O2-g/log/commands.log;/home/jimi/PaperExperiment/CompilerOptimization/Result/lepton/phasar/phasar-O2-g/log/summary.csv,Generated by re-parsing psr-report.txt; source_resolution=direct_or_container_remap; exact source line was revalidated against the resolved source tree.
phasar.lepton.O2g.000171,lepton,phasar,P2,ExternalOrUnresolvedSource,RunOrLocationWeakEvidence,reported,/home/jimi/PaperExperiment/CompilerOptimization/Result/lepton/phasar/phasar-O2-g/runs/ifds-uninit/lepton_O2_g-Mon-Mar-16-10:10:01-2026,lepton_O2_g-Mon-Mar-16-10:10:01-2026,ifds-uninit,/home/jimi/PaperExperiment/CompilerOptimization/Result/lepton/phasar/phasar-O2-g/artifacts/lepton_O2_g.bc,/home/jimi/PaperExperiment/CompilerOptimization/Result/lepton/phasar/phasar-O2-g/artifacts/lepton_O2_g.ll,/home/jimi/PaperExperiment/CompilerOptimization/Result/lepton/phasar/phasar-O2-g/runs/ifds-uninit/lepton_O2_g-Mon-Mar-16-10:10:01-2026/psr-report.txt,2417,/usr/bin/../lib/gcc/x86_64-linux-gnu/13/../../../../include/c++/13/bits/stl_algobase.h,1130,,missing_file,system_header,0,system_header,_ZSt10__fill_n_aIPhmhET_S1_T0_RKT1_St26random_access_iterator_tag,,2425,"%23 = load ptr, ptr %4, align 8, !dbg !55287, !psr.id !55288 | ID: 14787",,Phasar IFDS-Uninitialized use; variables=Line       : 1130; reported_source=},debug_location_or_source_attribution_drift_candidate,0.50,1,,/home/jimi/PaperExperiment/CompilerOptimization/Result/lepton/phasar/phasar-O2-g/runs/ifds-uninit/lepton_O2_g-Mon-Mar-16-10:10:01-2026/psr-report.txt;/home/jimi/PaperExperiment/CompilerOptimization/Result/lepton/phasar/phasar-O2-g/log/commands.log;/home/jimi/PaperExperiment/CompilerOptimization/Result/lepton/phasar/phasar-O2-g/log/summary.csv,Generated by re-parsing psr-report.txt; source_resolution=direct_or_container_remap; exact source line was revalidated against the resolved source tree.
phasar.lepton.O2g.000172,lepton,phasar,P2,ExternalOrUnresolvedSource,RunOrLocationWeakEvidence,reported,/home/jimi/PaperExperiment/CompilerOptimization/Result/lepton/phasar/phasar-O2-g/runs/ifds-uninit/lepton_O2_g-Mon-Mar-16-10:10:01-2026,lepton_O2_g-Mon-Mar-16-10:10:01-2026,ifds-uninit,/home/jimi/PaperExperiment/CompilerOptimization/Result/lepton/phasar/phasar-O2-g/artifacts/lepton_O2_g.bc,/home/jimi/PaperExperiment/CompilerOptimization/Result/lepton/phasar/phasar-O2-g/artifacts/lepton_O2_g.ll,/home/jimi/PaperExperiment/CompilerOptimization/Result/lepton/phasar/phasar-O2-g/runs/ifds-uninit/lepton_O2_g-Mon-Mar-16-10:10:01-2026/psr-report.txt,2428,/usr/bin/../lib/gcc/x86_64-linux-gnu/13/../../../../include/c++/13/bits/stl_algobase.h,977,,missing_file,system_header,0,system_header,_ZSt8__fill_aIPhhEvT_S1_RKT0_,,2437,"%8 = load ptr, ptr %5, align 8, !dbg !55312, !psr.id !55313 | ID: 14799",,"Phasar IFDS-Uninitialized use; variables=__last; reported_source={ std::__fill_a1(__first, __last, __value); }",debug_location_or_source_attribution_drift_candidate,0.50,1,,/home/jimi/PaperExperiment/CompilerOptimization/Result/lepton/phasar/phasar-O2-g/runs/ifds-uninit/lepton_O2_g-Mon-Mar-16-10:10:01-2026/psr-report.txt;/home/jimi/PaperExperiment/CompilerOptimization/Result/lepton/phasar/phasar-O2-g/log/commands.log;/home/jimi/PaperExperiment/CompilerOptimization/Result/lepton/phasar/phasar-O2-g/log/summary.csv,Generated by re-parsing psr-report.txt; source_resolution=direct_or_container_remap; exact source line was revalidated against the resolved source tree.
phasar.lepton.O2g.000173,lepton,phasar,P2,ExternalOrUnresolvedSource,RunOrLocationWeakEvidence,reported,/home/jimi/PaperExperiment/CompilerOptimization/Result/lepton/phasar/phasar-O2-g/runs/ifds-uninit/lepton_O2_g-Mon-Mar-16-10:10:01-2026,lepton_O2_g-Mon-Mar-16-10:10:01-2026,ifds-uninit,/home/jimi/PaperExperiment/CompilerOptimization/Result/lepton/phasar/phasar-O2-g/artifacts/lepton_O2_g.bc,/home/jimi/PaperExperiment/CompilerOptimization/Result/lepton/phasar/phasar-O2-g/artifacts/lepton_O2_g.ll,/home/jimi/PaperExperiment/CompilerOptimization/Result/lepton/phasar/phasar-O2-g/runs/ifds-uninit/lepton_O2_g-Mon-Mar-16-10:10:01-2026/psr-report.txt,2440,/usr/bin/../lib/gcc/x86_64-linux-gnu/13/../../../../include/c++/13/bits/stl_algobase.h,950,,missing_file,system_header,0,system_header,_ZSt9__fill_a1IhEN9__gnu_cxx11__enable_ifIXsr9__is_byteIT_EE7__valueEvE6__typeEPS2_S5_RKS2_,,2449,"%11 = load ptr, ptr %5, align 8, !dbg !55351, !psr.id !55352 | ID: 14819",,"Phasar IFDS-Uninitialized use; variables=__last, __len; reported_source=if (const size_t __len = __last - __first)",debug_location_or_source_attribution_drift_candidate,0.50,1,,/home/jimi/PaperExperiment/CompilerOptimization/Result/lepton/phasar/phasar-O2-g/runs/ifds-uninit/lepton_O2_g-Mon-Mar-16-10:10:01-2026/psr-report.txt;/home/jimi/PaperExperiment/CompilerOptimization/Result/lepton/phasar/phasar-O2-g/log/commands.log;/home/jimi/PaperExperiment/CompilerOptimization/Result/lepton/phasar/phasar-O2-g/log/summary.csv,Generated by re-parsing psr-report.txt; source_resolution=direct_or_container_remap; exact source line was revalidated against the resolved source tree.
phasar.lepton.O2g.000174,lepton,phasar,P2,ExternalOrUnresolvedSource,RunOrLocationWeakEvidence,reported,/home/jimi/PaperExperiment/CompilerOptimization/Result/lepton/phasar/phasar-O2-g/runs/ifds-uninit/lepton_O2_g-Mon-Mar-16-10:10:01-2026,lepton_O2_g-Mon-Mar-16-10:10:01-2026,ifds-uninit,/home/jimi/PaperExperiment/CompilerOptimization/Result/lepton/phasar/phasar-O2-g/artifacts/lepton_O2_g.bc,/home/jimi/PaperExperiment/CompilerOptimization/Result/lepton/phasar/phasar-O2-g/artifacts/lepton_O2_g.ll,/home/jimi/PaperExperiment/CompilerOptimization/Result/lepton/phasar/phasar-O2-g/runs/ifds-uninit/lepton_O2_g-Mon-Mar-16-10:10:01-2026/psr-report.txt,2460,/usr/bin/../lib/gcc/x86_64-linux-gnu/13/../../../../include/c++/13/bits/stl_algobase.h,951,,missing_file,system_header,0,system_header,_ZSt9__fill_a1IhEN9__gnu_cxx11__enable_ifIXsr9__is_byteIT_EE7__valueEvE6__typeEPS2_S5_RKS2_,,2469,"%23 = load i64, ptr %8, align 8, !dbg !55372, !psr.id !55373 | ID: 14832",,"Phasar IFDS-Uninitialized use; variables=__len; reported_source=__builtin_memset(__first, static_cast<unsigned char>(__tmp), __len);",debug_location_or_source_attribution_drift_candidate,0.50,1,,/home/jimi/PaperExperiment/CompilerOptimization/Result/lepton/phasar/phasar-O2-g/runs/ifds-uninit/lepton_O2_g-Mon-Mar-16-10:10:01-2026/psr-report.txt;/home/jimi/PaperExperiment/CompilerOptimization/Result/lepton/phasar/phasar-O2-g/log/commands.log;/home/jimi/PaperExperiment/CompilerOptimization/Result/lepton/phasar/phasar-O2-g/log/summary.csv,Generated by re-parsing psr-report.txt; source_resolution=direct_or_container_remap; exact source line was revalidated against the resolved source tree.
phasar.lepton.O2g.000175,lepton,phasar,P2,ExternalOrUnresolvedSource,RunOrLocationWeakEvidence,reported,/home/jimi/PaperExperiment/CompilerOptimization/Result/lepton/phasar/phasar-O2-g/runs/ifds-uninit/lepton_O2_g-Mon-Mar-16-10:10:01-2026,lepton_O2_g-Mon-Mar-16-10:10:01-2026,ifds-uninit,/home/jimi/PaperExperiment/CompilerOptimization/Result/lepton/phasar/phasar-O2-g/artifacts/lepton_O2_g.bc,/home/jimi/PaperExperiment/CompilerOptimization/Result/lepton/phasar/phasar-O2-g/artifacts/lepton_O2_g.ll,/home/jimi/PaperExperiment/CompilerOptimization/Result/lepton/phasar/phasar-O2-g/runs/ifds-uninit/lepton_O2_g-Mon-Mar-16-10:10:01-2026/psr-report.txt,2472,/usr/bin/../lib/gcc/x86_64-linux-gnu/13/../../../../include/c++/13/bits/stl_uninitialized.h,384,,missing_file,system_header,0,system_header,_ZSt22__uninitialized_move_aIPhS0_SaIhEET0_T_S3_S2_RT1_,,2481,"%11 = load ptr, ptr %5, align 8, !dbg !55995, !psr.id !55996 | ID: 15179",,"Phasar IFDS-Uninitialized use; variables=__first; reported_source=return std::__uninitialized_copy_a(_GLIBCXX_MAKE_MOVE_ITERATOR(__first),",debug_location_or_source_attribution_drift_candidate,0.50,1,,/home/jimi/PaperExperiment/CompilerOptimization/Result/lepton/phasar/phasar-O2-g/runs/ifds-uninit/lepton_O2_g-Mon-Mar-16-10:10:01-2026/psr-report.txt;/home/jimi/PaperExperiment/CompilerOptimization/Result/lepton/phasar/phasar-O2-g/log/commands.log;/home/jimi/PaperExperiment/CompilerOptimization/Result/lepton/phasar/phasar-O2-g/log/summary.csv,Generated by re-parsing psr-report.txt; source_resolution=direct_or_container_remap; exact source line was revalidated against the resolved source tree.
phasar.lepton.O2g.000176,lepton,phasar,P2,ExternalOrUnresolvedSource,RunOrLocationWeakEvidence,reported,/home/jimi/PaperExperiment/CompilerOptimization/Result/lepton/phasar/phasar-O2-g/runs/ifds-uninit/lepton_O2_g-Mon-Mar-16-10:10:01-2026,lepton_O2_g-Mon-Mar-16-10:10:01-2026,ifds-uninit,/home/jimi/PaperExperiment/CompilerOptimization/Result/lepton/phasar/phasar-O2-g/artifacts/lepton_O2_g.bc,/home/jimi/PaperExperiment/CompilerOptimization/Result/lepton/phasar/phasar-O2-g/artifacts/lepton_O2_g.ll,/home/jimi/PaperExperiment/CompilerOptimization/Result/lepton/phasar/phasar-O2-g/runs/ifds-uninit/lepton_O2_g-Mon-Mar-16-10:10:01-2026/psr-report.txt,2484,/usr/bin/../lib/gcc/x86_64-linux-gnu/13/../../../../include/c++/13/bits/stl_algobase.h,1007,,missing_file,system_header,0,system_header,_ZSt4fillIPhhEvT_S1_RKT0_,,2493,"%8 = load ptr, ptr %5, align 8, !dbg !56035, !psr.id !56036 | ID: 15205",,"Phasar IFDS-Uninitialized use; variables=__last; reported_source=std::__fill_a(__first, __last, __value);",debug_location_or_source_attribution_drift_candidate,0.50,1,,/home/jimi/PaperExperiment/CompilerOptimization/Result/lepton/phasar/phasar-O2-g/runs/ifds-uninit/lepton_O2_g-Mon-Mar-16-10:10:01-2026/psr-report.txt;/home/jimi/PaperExperiment/CompilerOptimization/Result/lepton/phasar/phasar-O2-g/log/commands.log;/home/jimi/PaperExperiment/CompilerOptimization/Result/lepton/phasar/phasar-O2-g/log/summary.csv,Generated by re-parsing psr-report.txt; source_resolution=direct_or_container_remap; exact source line was revalidated against the resolved source tree.
phasar.lepton.O2g.000177,lepton,phasar,P2,ExternalOrUnresolvedSource,RunOrLocationWeakEvidence,reported,/home/jimi/PaperExperiment/CompilerOptimization/Result/lepton/phasar/phasar-O2-g/runs/ifds-uninit/lepton_O2_g-Mon-Mar-16-10:10:01-2026,lepton_O2_g-Mon-Mar-16-10:10:01-2026,ifds-uninit,/home/jimi/PaperExperiment/CompilerOptimization/Result/lepton/phasar/phasar-O2-g/artifacts/lepton_O2_g.bc,/home/jimi/PaperExperiment/CompilerOptimization/Result/lepton/phasar/phasar-O2-g/artifacts/lepton_O2_g.ll,/home/jimi/PaperExperiment/CompilerOptimization/Result/lepton/phasar/phasar-O2-g/runs/ifds-uninit/lepton_O2_g-Mon-Mar-16-10:10:01-2026/psr-report.txt,2496,/usr/bin/../lib/gcc/x86_64-linux-gnu/13/../../../../include/c++/13/bits/stl_uninitialized.h,472,,missing_file,system_header,0,system_header,_ZSt24__uninitialized_fill_n_aIPhmhhET_S1_T0_RKT1_RSaIT2_E,,2505,"%10 = load i64, ptr %6, align 8, !dbg !56070, !psr.id !56071 | ID: 15222",,"Phasar IFDS-Uninitialized use; variables=__n; reported_source=return std::uninitialized_fill_n(__first, __n, __x);",debug_location_or_source_attribution_drift_candidate,0.50,1,,/home/jimi/PaperExperiment/CompilerOptimization/Result/lepton/phasar/phasar-O2-g/runs/ifds-uninit/lepton_O2_g-Mon-Mar-16-10:10:01-2026/psr-report.txt;/home/jimi/PaperExperiment/CompilerOptimization/Result/lepton/phasar/phasar-O2-g/log/commands.log;/home/jimi/PaperExperiment/CompilerOptimization/Result/lepton/phasar/phasar-O2-g/log/summary.csv,Generated by re-parsing psr-report.txt; source_resolution=direct_or_container_remap; exact source line was revalidated against the resolved source tree.
phasar.lepton.O2g.000178,lepton,phasar,P2,ExternalOrUnresolvedSource,RunOrLocationWeakEvidence,reported,/home/jimi/PaperExperiment/CompilerOptimization/Result/lepton/phasar/phasar-O2-g/runs/ifds-uninit/lepton_O2_g-Mon-Mar-16-10:10:01-2026,lepton_O2_g-Mon-Mar-16-10:10:01-2026,ifds-uninit,/home/jimi/PaperExperiment/CompilerOptimization/Result/lepton/phasar/phasar-O2-g/artifacts/lepton_O2_g.bc,/home/jimi/PaperExperiment/CompilerOptimization/Result/lepton/phasar/phasar-O2-g/artifacts/lepton_O2_g.ll,/home/jimi/PaperExperiment/CompilerOptimization/Result/lepton/phasar/phasar-O2-g/runs/ifds-uninit/lepton_O2_g-Mon-Mar-16-10:10:01-2026/psr-report.txt,2508,/usr/bin/../lib/gcc/x86_64-linux-gnu/13/../../../../include/c++/13/bits/stl_uninitialized.h,400,,missing_file,system_header,0,system_header,_ZSt34__uninitialized_move_if_noexcept_aIPhS0_SaIhEET0_T_S3_S2_RT1_,,2517,"%17 = load ptr, ptr %7, align 8, !dbg !56168, !psr.id !56169 | ID: 15275",,"Phasar IFDS-Uninitialized use; variables=__result; reported_source=_GLIBCXX_MAKE_MOVE_IF_NOEXCEPT_ITERATOR(__last), __result, __alloc);",debug_location_or_source_attribution_drift_candidate,0.50,1,,/home/jimi/PaperExperiment/CompilerOptimization/Result/lepton/phasar/phasar-O2-g/runs/ifds-uninit/lepton_O2_g-Mon-Mar-16-10:10:01-2026/psr-report.txt;/home/jimi/PaperExperiment/CompilerOptimization/Result/lepton/phasar/phasar-O2-g/log/commands.log;/home/jimi/PaperExperiment/CompilerOptimization/Result/lepton/phasar/phasar-O2-g/log/summary.csv,Generated by re-parsing psr-report.txt; source_resolution=direct_or_container_remap; exact source line was revalidated against the resolved source tree.
phasar.lepton.O2g.000179,lepton,phasar,P2,ExternalOrUnresolvedSource,RunOrLocationWeakEvidence,reported,/home/jimi/PaperExperiment/CompilerOptimization/Result/lepton/phasar/phasar-O2-g/runs/ifds-uninit/lepton_O2_g-Mon-Mar-16-10:10:01-2026,lepton_O2_g-Mon-Mar-16-10:10:01-2026,ifds-uninit,/home/jimi/PaperExperiment/CompilerOptimization/Result/lepton/phasar/phasar-O2-g/artifacts/lepton_O2_g.bc,/home/jimi/PaperExperiment/CompilerOptimization/Result/lepton/phasar/phasar-O2-g/artifacts/lepton_O2_g.ll,/home/jimi/PaperExperiment/CompilerOptimization/Result/lepton/phasar/phasar-O2-g/runs/ifds-uninit/lepton_O2_g-Mon-Mar-16-10:10:01-2026/psr-report.txt,2520,/usr/bin/../lib/gcc/x86_64-linux-gnu/13/../../../../include/c++/13/bits/vector.tcc,545,,missing_file,system_header,0,system_header,_ZNSt6vectorIhSaIhEE14_M_fill_insertEN9__gnu_cxx17__normal_iteratorIPhS1_EEmRKh,,2529,"%50 = load i64, ptr %10, align 8, !dbg !55576, !psr.id !55577 | ID: 14952",,Phasar IFDS-Uninitialized use; variables=__n; reported_source=if (__elems_after > __n),debug_location_or_source_attribution_drift_candidate,0.50,1,,/home/jimi/PaperExperiment/CompilerOptimization/Result/lepton/phasar/phasar-O2-g/runs/ifds-uninit/lepton_O2_g-Mon-Mar-16-10:10:01-2026/psr-report.txt;/home/jimi/PaperExperiment/CompilerOptimization/Result/lepton/phasar/phasar-O2-g/log/commands.log;/home/jimi/PaperExperiment/CompilerOptimization/Result/lepton/phasar/phasar-O2-g/log/summary.csv,Generated by re-parsing psr-report.txt; source_resolution=direct_or_container_remap; exact source line was revalidated against the resolved source tree.
phasar.lepton.O2g.000180,lepton,phasar,P2,ExternalOrUnresolvedSource,RunOrLocationWeakEvidence,reported,/home/jimi/PaperExperiment/CompilerOptimization/Result/lepton/phasar/phasar-O2-g/runs/ifds-uninit/lepton_O2_g-Mon-Mar-16-10:10:01-2026,lepton_O2_g-Mon-Mar-16-10:10:01-2026,ifds-uninit,/home/jimi/PaperExperiment/CompilerOptimization/Result/lepton/phasar/phasar-O2-g/artifacts/lepton_O2_g.bc,/home/jimi/PaperExperiment/CompilerOptimization/Result/lepton/phasar/phasar-O2-g/artifacts/lepton_O2_g.ll,/home/jimi/PaperExperiment/CompilerOptimization/Result/lepton/phasar/phasar-O2-g/runs/ifds-uninit/lepton_O2_g-Mon-Mar-16-10:10:01-2026/psr-report.txt,2536,/usr/bin/../lib/gcc/x86_64-linux-gnu/13/../../../../include/c++/13/bits/vector.tcc,548,,missing_file,system_header,0,system_header,_ZNSt6vectorIhSaIhEE14_M_fill_insertEN9__gnu_cxx17__normal_iteratorIPhS1_EEmRKh,,2545,"%54 = load i64, ptr %10, align 8, !dbg !55585, !psr.id !55586 | ID: 14956",,"Phasar IFDS-Uninitialized use; variables=__n; reported_source=std::__uninitialized_move_a(__old_finish - __n,",debug_location_or_source_attribution_drift_candidate,0.50,1,,/home/jimi/PaperExperiment/CompilerOptimization/Result/lepton/phasar/phasar-O2-g/runs/ifds-uninit/lepton_O2_g-Mon-Mar-16-10:10:01-2026/psr-report.txt;/home/jimi/PaperExperiment/CompilerOptimization/Result/lepton/phasar/phasar-O2-g/log/commands.log;/home/jimi/PaperExperiment/CompilerOptimization/Result/lepton/phasar/phasar-O2-g/log/summary.csv,Generated by re-parsing psr-report.txt; source_resolution=direct_or_container_remap; exact source line was revalidated against the resolved source tree.
phasar.lepton.O2g.000181,lepton,phasar,P2,ExternalOrUnresolvedSource,RunOrLocationWeakEvidence,reported,/home/jimi/PaperExperiment/CompilerOptimization/Result/lepton/phasar/phasar-O2-g/runs/ifds-uninit/lepton_O2_g-Mon-Mar-16-10:10:01-2026,lepton_O2_g-Mon-Mar-16-10:10:01-2026,ifds-uninit,/home/jimi/PaperExperiment/CompilerOptimization/Result/lepton/phasar/phasar-O2-g/artifacts/lepton_O2_g.bc,/home/jimi/PaperExperiment/CompilerOptimization/Result/lepton/phasar/phasar-O2-g/artifacts/lepton_O2_g.ll,/home/jimi/PaperExperiment/CompilerOptimization/Result/lepton/phasar/phasar-O2-g/runs/ifds-uninit/lepton_O2_g-Mon-Mar-16-10:10:01-2026/psr-report.txt,2550,/usr/bin/../lib/gcc/x86_64-linux-gnu/13/../../../../include/c++/13/bits/vector.tcc,552,,missing_file,system_header,0,system_header,_ZNSt6vectorIhSaIhEE14_M_fill_insertEN9__gnu_cxx17__normal_iteratorIPhS1_EEmRKh,,2559,"%61 = load i64, ptr %10, align 8, !dbg !55598, !psr.id !55599 | ID: 14963",,Phasar IFDS-Uninitialized use; variables=__n; reported_source=this->_M_impl._M_finish += __n;,debug_location_or_source_attribution_drift_candidate,0.50,1,,/home/jimi/PaperExperiment/CompilerOptimization/Result/lepton/phasar/phasar-O2-g/runs/ifds-uninit/lepton_O2_g-Mon-Mar-16-10:10:01-2026/psr-report.txt;/home/jimi/PaperExperiment/CompilerOptimization/Result/lepton/phasar/phasar-O2-g/log/commands.log;/home/jimi/PaperExperiment/CompilerOptimization/Result/lepton/phasar/phasar-O2-g/log/summary.csv,Generated by re-parsing psr-report.txt; source_resolution=direct_or_container_remap; exact source line was revalidated against the resolved source tree.
phasar.lepton.O2g.000182,lepton,phasar,P2,ExternalOrUnresolvedSource,RunOrLocationWeakEvidence,reported,/home/jimi/PaperExperiment/CompilerOptimization/Result/lepton/phasar/phasar-O2-g/runs/ifds-uninit/lepton_O2_g-Mon-Mar-16-10:10:01-2026,lepton_O2_g-Mon-Mar-16-10:10:01-2026,ifds-uninit,/home/jimi/PaperExperiment/CompilerOptimization/Result/lepton/phasar/phasar-O2-g/artifacts/lepton_O2_g.bc,/home/jimi/PaperExperiment/CompilerOptimization/Result/lepton/phasar/phasar-O2-g/artifacts/lepton_O2_g.ll,/home/jimi/PaperExperiment/CompilerOptimization/Result/lepton/phasar/phasar-O2-g/runs/ifds-uninit/lepton_O2_g-Mon-Mar-16-10:10:01-2026/psr-report.txt,2562,/usr/bin/../lib/gcc/x86_64-linux-gnu/13/../../../../include/c++/13/bits/vector.tcc,554,,missing_file,system_header,0,system_header,_ZNSt6vectorIhSaIhEE14_M_fill_insertEN9__gnu_cxx17__normal_iteratorIPhS1_EEmRKh,,2571,"%69 = load i64, ptr %10, align 8, !dbg !55608, !psr.id !55612 | ID: 14972",,"Phasar IFDS-Uninitialized use; variables=__n; reported_source=_GLIBCXX_MOVE_BACKWARD3(__position.base(),",debug_location_or_source_attribution_drift_candidate,0.50,1,,/home/jimi/PaperExperiment/CompilerOptimization/Result/lepton/phasar/phasar-O2-g/runs/ifds-uninit/lepton_O2_g-Mon-Mar-16-10:10:01-2026/psr-report.txt;/home/jimi/PaperExperiment/CompilerOptimization/Result/lepton/phasar/phasar-O2-g/log/commands.log;/home/jimi/PaperExperiment/CompilerOptimization/Result/lepton/phasar/phasar-O2-g/log/summary.csv,Generated by re-parsing psr-report.txt; source_resolution=direct_or_container_remap; exact source line was revalidated against the resolved source tree.
phasar.lepton.O2g.000183,lepton,phasar,P2,ExternalOrUnresolvedSource,RunOrLocationWeakEvidence,reported,/home/jimi/PaperExperiment/CompilerOptimization/Result/lepton/phasar/phasar-O2-g/runs/ifds-uninit/lepton_O2_g-Mon-Mar-16-10:10:01-2026,lepton_O2_g-Mon-Mar-16-10:10:01-2026,ifds-uninit,/home/jimi/PaperExperiment/CompilerOptimization/Result/lepton/phasar/phasar-O2-g/artifacts/lepton_O2_g.bc,/home/jimi/PaperExperiment/CompilerOptimization/Result/lepton/phasar/phasar-O2-g/artifacts/lepton_O2_g.ll,/home/jimi/PaperExperiment/CompilerOptimization/Result/lepton/phasar/phasar-O2-g/runs/ifds-uninit/lepton_O2_g-Mon-Mar-16-10:10:01-2026/psr-report.txt,2576,/usr/bin/../lib/gcc/x86_64-linux-gnu/13/../../../../include/c++/13/bits/vector.tcc,556,,missing_file,system_header,0,system_header,_ZNSt6vectorIhSaIhEE14_M_fill_insertEN9__gnu_cxx17__normal_iteratorIPhS1_EEmRKh,,2585,"%78 = load i64, ptr %10, align 8, !dbg !55623, !psr.id !55624 | ID: 14981",,"Phasar IFDS-Uninitialized use; variables=__n; reported_source=std::fill(__position.base(), __position.base() + __n,",debug_location_or_source_attribution_drift_candidate,0.50,1,,/home/jimi/PaperExperiment/CompilerOptimization/Result/lepton/phasar/phasar-O2-g/runs/ifds-uninit/lepton_O2_g-Mon-Mar-16-10:10:01-2026/psr-report.txt;/home/jimi/PaperExperiment/CompilerOptimization/Result/lepton/phasar/phasar-O2-g/log/commands.log;/home/jimi/PaperExperiment/CompilerOptimization/Result/lepton/phasar/phasar-O2-g/log/summary.csv,Generated by re-parsing psr-report.txt; source_resolution=direct_or_container_remap; exact source line was revalidated against the resolved source tree.
phasar.lepton.O2g.000184,lepton,phasar,P2,ExternalOrUnresolvedSource,RunOrLocationWeakEvidence,reported,/home/jimi/PaperExperiment/CompilerOptimization/Result/lepton/phasar/phasar-O2-g/runs/ifds-uninit/lepton_O2_g-Mon-Mar-16-10:10:01-2026,lepton_O2_g-Mon-Mar-16-10:10:01-2026,ifds-uninit,/home/jimi/PaperExperiment/CompilerOptimization/Result/lepton/phasar/phasar-O2-g/artifacts/lepton_O2_g.bc,/home/jimi/PaperExperiment/CompilerOptimization/Result/lepton/phasar/phasar-O2-g/artifacts/lepton_O2_g.ll,/home/jimi/PaperExperiment/CompilerOptimization/Result/lepton/phasar/phasar-O2-g/runs/ifds-uninit/lepton_O2_g-Mon-Mar-16-10:10:01-2026/psr-report.txt,2588,/usr/bin/../lib/gcc/x86_64-linux-gnu/13/../../../../include/c++/13/bits/vector.tcc,564,,missing_file,system_header,0,system_header,_ZNSt6vectorIhSaIhEE14_M_fill_insertEN9__gnu_cxx17__normal_iteratorIPhS1_EEmRKh,,2597,"%83 = load i64, ptr %10, align 8, !dbg !55636, !psr.id !55637 | ID: 14987",,"Phasar IFDS-Uninitialized use; variables=__n; reported_source=__n - __elems_after,",debug_location_or_source_attribution_drift_candidate,0.50,1,,/home/jimi/PaperExperiment/CompilerOptimization/Result/lepton/phasar/phasar-O2-g/runs/ifds-uninit/lepton_O2_g-Mon-Mar-16-10:10:01-2026/psr-report.txt;/home/jimi/PaperExperiment/CompilerOptimization/Result/lepton/phasar/phasar-O2-g/log/commands.log;/home/jimi/PaperExperiment/CompilerOptimization/Result/lepton/phasar/phasar-O2-g/log/summary.csv,Generated by re-parsing psr-report.txt; source_resolution=direct_or_container_remap; exact source line was revalidated against the resolved source tree.
phasar.lepton.O2g.000185,lepton,phasar,P2,ExternalOrUnresolvedSource,RunOrLocationWeakEvidence,reported,/home/jimi/PaperExperiment/CompilerOptimization/Result/lepton/phasar/phasar-O2-g/runs/ifds-uninit/lepton_O2_g-Mon-Mar-16-10:10:01-2026,lepton_O2_g-Mon-Mar-16-10:10:01-2026,ifds-uninit,/home/jimi/PaperExperiment/CompilerOptimization/Result/lepton/phasar/phasar-O2-g/artifacts/lepton_O2_g.bc,/home/jimi/PaperExperiment/CompilerOptimization/Result/lepton/phasar/phasar-O2-g/artifacts/lepton_O2_g.ll,/home/jimi/PaperExperiment/CompilerOptimization/Result/lepton/phasar/phasar-O2-g/runs/ifds-uninit/lepton_O2_g-Mon-Mar-16-10:10:01-2026/psr-report.txt,2602,/usr/bin/../lib/gcc/x86_64-linux-gnu/13/../../../../include/c++/13/bits/vector.tcc,585,,missing_file,system_header,0,system_header,_ZNSt6vectorIhSaIhEE14_M_fill_insertEN9__gnu_cxx17__normal_iteratorIPhS1_EEmRKh,,2611,"%118 = load i64, ptr %10, align 8, !dbg !55722, !psr.id !55723 | ID: 15033",,"Phasar IFDS-Uninitialized use; variables=__n; reported_source=_M_check_len(__n, ""vector::_M_fill_insert"");",debug_location_or_source_attribution_drift_candidate,0.50,1,,/home/jimi/PaperExperiment/CompilerOptimization/Result/lepton/phasar/phasar-O2-g/runs/ifds-uninit/lepton_O2_g-Mon-Mar-16-10:10:01-2026/psr-report.txt;/home/jimi/PaperExperiment/CompilerOptimization/Result/lepton/phasar/phasar-O2-g/log/commands.log;/home/jimi/PaperExperiment/CompilerOptimization/Result/lepton/phasar/phasar-O2-g/log/summary.csv,Generated by re-parsing psr-report.txt; source_resolution=direct_or_container_remap; exact source line was revalidated against the resolved source tree.
phasar.lepton.O2g.000186,lepton,phasar,P2,ExternalOrUnresolvedSource,RunOrLocationWeakEvidence,reported,/home/jimi/PaperExperiment/CompilerOptimization/Result/lepton/phasar/phasar-O2-g/runs/ifds-uninit/lepton_O2_g-Mon-Mar-16-10:10:01-2026,lepton_O2_g-Mon-Mar-16-10:10:01-2026,ifds-uninit,/home/jimi/PaperExperiment/CompilerOptimization/Result/lepton/phasar/phasar-O2-g/artifacts/lepton_O2_g.bc,/home/jimi/PaperExperiment/CompilerOptimization/Result/lepton/phasar/phasar-O2-g/artifacts/lepton_O2_g.ll,/home/jimi/PaperExperiment/CompilerOptimization/Result/lepton/phasar/phasar-O2-g/runs/ifds-uninit/lepton_O2_g-Mon-Mar-16-10:10:01-2026/psr-report.txt,2614,/usr/bin/../lib/gcc/x86_64-linux-gnu/13/../../../../include/c++/13/bits/vector.tcc,587,,missing_file,system_header,0,system_header,_ZNSt6vectorIhSaIhEE14_M_fill_insertEN9__gnu_cxx17__normal_iteratorIPhS1_EEmRKh,,2623,"%125 = load i64, ptr %20, align 8, !dbg !55742, !psr.id !55743 | ID: 15044",,Phasar IFDS-Uninitialized use; variables=__len; reported_source=pointer __new_start(this->_M_allocate(__len));,debug_location_or_source_attribution_drift_candidate,0.50,1,,/home/jimi/PaperExperiment/CompilerOptimization/Result/lepton/phasar/phasar-O2-g/runs/ifds-uninit/lepton_O2_g-Mon-Mar-16-10:10:01-2026/psr-report.txt;/home/jimi/PaperExperiment/CompilerOptimization/Result/lepton/phasar/phasar-O2-g/log/commands.log;/home/jimi/PaperExperiment/CompilerOptimization/Result/lepton/phasar/phasar-O2-g/log/summary.csv,Generated by re-parsing psr-report.txt; source_resolution=direct_or_container_remap; exact source line was revalidated against the resolved source tree.
phasar.lepton.O2g.000187,lepton,phasar,P2,ExternalOrUnresolvedSource,RunOrLocationWeakEvidence,reported,/home/jimi/PaperExperiment/CompilerOptimization/Result/lepton/phasar/phasar-O2-g/runs/ifds-uninit/lepton_O2_g-Mon-Mar-16-10:10:01-2026,lepton_O2_g-Mon-Mar-16-10:10:01-2026,ifds-uninit,/home/jimi/PaperExperiment/CompilerOptimization/Result/lepton/phasar/phasar-O2-g/artifacts/lepton_O2_g.bc,/home/jimi/PaperExperiment/CompilerOptimization/Result/lepton/phasar/phasar-O2-g/artifacts/lepton_O2_g.ll,/home/jimi/PaperExperiment/CompilerOptimization/Result/lepton/phasar/phasar-O2-g/runs/ifds-uninit/lepton_O2_g-Mon-Mar-16-10:10:01-2026/psr-report.txt,2626,/usr/bin/../lib/gcc/x86_64-linux-gnu/13/../../../../include/c++/13/bits/vector.tcc,593,,missing_file,system_header,0,system_header,_ZNSt6vectorIhSaIhEE14_M_fill_insertEN9__gnu_cxx17__normal_iteratorIPhS1_EEmRKh,,2635,"%131 = load i64, ptr %10, align 8, !dbg !55761, !psr.id !55762 | ID: 15053",,"Phasar IFDS-Uninitialized use; variables=__n; reported_source=__n, __x,",debug_location_or_source_attribution_drift_candidate,0.50,1,,/home/jimi/PaperExperiment/CompilerOptimization/Result/lepton/phasar/phasar-O2-g/runs/ifds-uninit/lepton_O2_g-Mon-Mar-16-10:10:01-2026/psr-report.txt;/home/jimi/PaperExperiment/CompilerOptimization/Result/lepton/phasar/phasar-O2-g/log/commands.log;/home/jimi/PaperExperiment/CompilerOptimization/Result/lepton/phasar/phasar-O2-g/log/summary.csv,Generated by re-parsing psr-report.txt; source_resolution=direct_or_container_remap; exact source line was revalidated against the resolved source tree.
phasar.lepton.O2g.000188,lepton,phasar,P2,ExternalOrUnresolvedSource,RunOrLocationWeakEvidence,reported,/home/jimi/PaperExperiment/CompilerOptimization/Result/lepton/phasar/phasar-O2-g/runs/ifds-uninit/lepton_O2_g-Mon-Mar-16-10:10:01-2026,lepton_O2_g-Mon-Mar-16-10:10:01-2026,ifds-uninit,/home/jimi/PaperExperiment/CompilerOptimization/Result/lepton/phasar/phasar-O2-g/artifacts/lepton_O2_g.bc,/home/jimi/PaperExperiment/CompilerOptimization/Result/lepton/phasar/phasar-O2-g/artifacts/lepton_O2_g.ll,/home/jimi/PaperExperiment/CompilerOptimization/Result/lepton/phasar/phasar-O2-g/runs/ifds-uninit/lepton_O2_g-Mon-Mar-16-10:10:01-2026/psr-report.txt,2638,/usr/bin/../lib/gcc/x86_64-linux-gnu/13/../../../../include/c++/13/bits/vector.tcc,601,,missing_file,system_header,0,system_header,_ZNSt6vectorIhSaIhEE14_M_fill_insertEN9__gnu_cxx17__normal_iteratorIPhS1_EEmRKh,,2647,"%140 = load i64, ptr %10, align 8, !dbg !55783, !psr.id !55784 | ID: 15064",,Phasar IFDS-Uninitialized use; variables=__n; reported_source=__new_finish += __n;,debug_location_or_source_attribution_drift_candidate,0.50,1,,/home/jimi/PaperExperiment/CompilerOptimization/Result/lepton/phasar/phasar-O2-g/runs/ifds-uninit/lepton_O2_g-Mon-Mar-16-10:10:01-2026/psr-report.txt;/home/jimi/PaperExperiment/CompilerOptimization/Result/lepton/phasar/phasar-O2-g/log/commands.log;/home/jimi/PaperExperiment/CompilerOptimization/Result/lepton/phasar/phasar-O2-g/log/summary.csv,Generated by re-parsing psr-report.txt; source_resolution=direct_or_container_remap; exact source line was revalidated against the resolved source tree.
phasar.lepton.O2g.000189,lepton,phasar,P2,ExternalOrUnresolvedSource,RunOrLocationWeakEvidence,reported,/home/jimi/PaperExperiment/CompilerOptimization/Result/lepton/phasar/phasar-O2-g/runs/ifds-uninit/lepton_O2_g-Mon-Mar-16-10:10:01-2026,lepton_O2_g-Mon-Mar-16-10:10:01-2026,ifds-uninit,/home/jimi/PaperExperiment/CompilerOptimization/Result/lepton/phasar/phasar-O2-g/artifacts/lepton_O2_g.bc,/home/jimi/PaperExperiment/CompilerOptimization/Result/lepton/phasar/phasar-O2-g/artifacts/lepton_O2_g.ll,/home/jimi/PaperExperiment/CompilerOptimization/Result/lepton/phasar/phasar-O2-g/runs/ifds-uninit/lepton_O2_g-Mon-Mar-16-10:10:01-2026/psr-report.txt,2650,/usr/bin/../lib/gcc/x86_64-linux-gnu/13/../../../../include/c++/13/bits/vector.tcc,605,,missing_file,system_header,0,system_header,_ZNSt6vectorIhSaIhEE14_M_fill_insertEN9__gnu_cxx17__normal_iteratorIPhS1_EEmRKh,,2659,"%145 = load ptr, ptr %23, align 8, !dbg !55793, !psr.id !55794 | ID: 15070",,"Phasar IFDS-Uninitialized use; variables=__new_finish; reported_source=(__pos, __old_finish, __new_finish, _M_get_Tp_allocator());",debug_location_or_source_attribution_drift_candidate,0.50,1,,/home/jimi/PaperExperiment/CompilerOptimization/Result/lepton/phasar/phasar-O2-g/runs/ifds-uninit/lepton_O2_g-Mon-Mar-16-10:10:01-2026/psr-report.txt;/home/jimi/PaperExperiment/CompilerOptimization/Result/lepton/phasar/phasar-O2-g/log/commands.log;/home/jimi/PaperExperiment/CompilerOptimization/Result/lepton/phasar/phasar-O2-g/log/summary.csv,Generated by re-parsing psr-report.txt; source_resolution=direct_or_container_remap; exact source line was revalidated against the resolved source tree.
phasar.lepton.O2g.000190,lepton,phasar,P2,ExternalOrUnresolvedSource,RunOrLocationWeakEvidence,reported,/home/jimi/PaperExperiment/CompilerOptimization/Result/lepton/phasar/phasar-O2-g/runs/ifds-uninit/lepton_O2_g-Mon-Mar-16-10:10:01-2026,lepton_O2_g-Mon-Mar-16-10:10:01-2026,ifds-uninit,/home/jimi/PaperExperiment/CompilerOptimization/Result/lepton/phasar/phasar-O2-g/artifacts/lepton_O2_g.bc,/home/jimi/PaperExperiment/CompilerOptimization/Result/lepton/phasar/phasar-O2-g/artifacts/lepton_O2_g.ll,/home/jimi/PaperExperiment/CompilerOptimization/Result/lepton/phasar/phasar-O2-g/runs/ifds-uninit/lepton_O2_g-Mon-Mar-16-10:10:01-2026/psr-report.txt,2662,/usr/bin/../lib/gcc/x86_64-linux-gnu/13/../../../../include/c++/13/bits/vector.tcc,624,,missing_file,system_header,0,system_header,_ZNSt6vectorIhSaIhEE14_M_fill_insertEN9__gnu_cxx17__normal_iteratorIPhS1_EEmRKh,,2671,"%164 = load ptr, ptr %23, align 8, !dbg !55846, !psr.id !55847 | ID: 15099",,Phasar IFDS-Uninitialized use; variables=__new_finish; reported_source=this->_M_impl._M_finish = __new_finish;,debug_location_or_source_attribution_drift_candidate,0.50,1,,/home/jimi/PaperExperiment/CompilerOptimization/Result/lepton/phasar/phasar-O2-g/runs/ifds-uninit/lepton_O2_g-Mon-Mar-16-10:10:01-2026/psr-report.txt;/home/jimi/PaperExperiment/CompilerOptimization/Result/lepton/phasar/phasar-O2-g/log/commands.log;/home/jimi/PaperExperiment/CompilerOptimization/Result/lepton/phasar/phasar-O2-g/log/summary.csv,Generated by re-parsing psr-report.txt; source_resolution=direct_or_container_remap; exact source line was revalidated against the resolved source tree.
phasar.lepton.O2g.000191,lepton,phasar,P2,ExternalOrUnresolvedSource,RunOrLocationWeakEvidence,reported,/home/jimi/PaperExperiment/CompilerOptimization/Result/lepton/phasar/phasar-O2-g/runs/ifds-uninit/lepton_O2_g-Mon-Mar-16-10:10:01-2026,lepton_O2_g-Mon-Mar-16-10:10:01-2026,ifds-uninit,/home/jimi/PaperExperiment/CompilerOptimization/Result/lepton/phasar/phasar-O2-g/artifacts/lepton_O2_g.bc,/home/jimi/PaperExperiment/CompilerOptimization/Result/lepton/phasar/phasar-O2-g/artifacts/lepton_O2_g.ll,/home/jimi/PaperExperiment/CompilerOptimization/Result/lepton/phasar/phasar-O2-g/runs/ifds-uninit/lepton_O2_g-Mon-Mar-16-10:10:01-2026/psr-report.txt,2674,/usr/bin/../lib/gcc/x86_64-linux-gnu/13/../../../../include/c++/13/bits/vector.tcc,625,,missing_file,system_header,0,system_header,_ZNSt6vectorIhSaIhEE14_M_fill_insertEN9__gnu_cxx17__normal_iteratorIPhS1_EEmRKh,,2683,"%168 = load i64, ptr %20, align 8, !dbg !55856, !psr.id !55857 | ID: 15104",,Phasar IFDS-Uninitialized use; variables=__len; reported_source=this->_M_impl._M_end_of_storage = __new_start + __len;,debug_location_or_source_attribution_drift_candidate,0.50,1,,/home/jimi/PaperExperiment/CompilerOptimization/Result/lepton/phasar/phasar-O2-g/runs/ifds-uninit/lepton_O2_g-Mon-Mar-16-10:10:01-2026/psr-report.txt;/home/jimi/PaperExperiment/CompilerOptimization/Result/lepton/phasar/phasar-O2-g/log/commands.log;/home/jimi/PaperExperiment/CompilerOptimization/Result/lepton/phasar/phasar-O2-g/log/summary.csv,Generated by re-parsing psr-report.txt; source_resolution=direct_or_container_remap; exact source line was revalidated against the resolved source tree.
phasar.lepton.O2g.000192,lepton,phasar,P2,ExternalOrUnresolvedSource,RunOrLocationWeakEvidence,reported,/home/jimi/PaperExperiment/CompilerOptimization/Result/lepton/phasar/phasar-O2-g/runs/ifds-uninit/lepton_O2_g-Mon-Mar-16-10:10:01-2026,lepton_O2_g-Mon-Mar-16-10:10:01-2026,ifds-uninit,/home/jimi/PaperExperiment/CompilerOptimization/Result/lepton/phasar/phasar-O2-g/artifacts/lepton_O2_g.bc,/home/jimi/PaperExperiment/CompilerOptimization/Result/lepton/phasar/phasar-O2-g/artifacts/lepton_O2_g.ll,/home/jimi/PaperExperiment/CompilerOptimization/Result/lepton/phasar/phasar-O2-g/runs/ifds-uninit/lepton_O2_g-Mon-Mar-16-10:10:01-2026/psr-report.txt,2686,/usr/bin/../lib/gcc/x86_64-linux-gnu/13/../../../../include/c++/13/bits/stl_uninitialized.h,373,,missing_file,system_header,0,system_header,_ZSt22__uninitialized_copy_aISt13move_iteratorIPhES1_hET0_T_S4_S3_RSaIT1_E,,2695,"%13 = load ptr, ptr %7, align 8, !dbg !56212, !psr.id !56213 | ID: 15301",,"Phasar IFDS-Uninitialized use; variables=__result; reported_source=return std::uninitialized_copy(__first, __last, __result);",debug_location_or_source_attribution_drift_candidate,0.50,1,,/home/jimi/PaperExperiment/CompilerOptimization/Result/lepton/phasar/phasar-O2-g/runs/ifds-uninit/lepton_O2_g-Mon-Mar-16-10:10:01-2026/psr-report.txt;/home/jimi/PaperExperiment/CompilerOptimization/Result/lepton/phasar/phasar-O2-g/log/commands.log;/home/jimi/PaperExperiment/CompilerOptimization/Result/lepton/phasar/phasar-O2-g/log/summary.csv,Generated by re-parsing psr-report.txt; source_resolution=direct_or_container_remap; exact source line was revalidated against the resolved source tree.
phasar.lepton.O2g.000193,lepton,phasar,P2,ExternalOrUnresolvedSource,RunOrLocationWeakEvidence,reported,/home/jimi/PaperExperiment/CompilerOptimization/Result/lepton/phasar/phasar-O2-g/runs/ifds-uninit/lepton_O2_g-Mon-Mar-16-10:10:01-2026,lepton_O2_g-Mon-Mar-16-10:10:01-2026,ifds-uninit,/home/jimi/PaperExperiment/CompilerOptimization/Result/lepton/phasar/phasar-O2-g/artifacts/lepton_O2_g.bc,/home/jimi/PaperExperiment/CompilerOptimization/Result/lepton/phasar/phasar-O2-g/artifacts/lepton_O2_g.ll,/home/jimi/PaperExperiment/CompilerOptimization/Result/lepton/phasar/phasar-O2-g/runs/ifds-uninit/lepton_O2_g-Mon-Mar-16-10:10:01-2026/psr-report.txt,2698,/usr/bin/../lib/gcc/x86_64-linux-gnu/13/../../../../include/c++/13/bits/stl_uninitialized.h,185,,missing_file,system_header,0,system_header,_ZSt18uninitialized_copyISt13move_iteratorIPhES1_ET0_T_S4_S3_,,2707,"%13 = load ptr, ptr %6, align 8, !dbg !56259, !psr.id !56260 | ID: 15329",,"Phasar IFDS-Uninitialized use; variables=__result; reported_source=__uninit_copy(__first, __last, __result);",debug_location_or_source_attribution_drift_candidate,0.50,1,,/home/jimi/PaperExperiment/CompilerOptimization/Result/lepton/phasar/phasar-O2-g/runs/ifds-uninit/lepton_O2_g-Mon-Mar-16-10:10:01-2026/psr-report.txt;/home/jimi/PaperExperiment/CompilerOptimization/Result/lepton/phasar/phasar-O2-g/log/commands.log;/home/jimi/PaperExperiment/CompilerOptimization/Result/lepton/phasar/phasar-O2-g/log/summary.csv,Generated by re-parsing psr-report.txt; source_resolution=direct_or_container_remap; exact source line was revalidated against the resolved source tree.
phasar.lepton.O2g.000194,lepton,phasar,P2,ExternalOrUnresolvedSource,RunOrLocationWeakEvidence,reported,/home/jimi/PaperExperiment/CompilerOptimization/Result/lepton/phasar/phasar-O2-g/runs/ifds-uninit/lepton_O2_g-Mon-Mar-16-10:10:01-2026,lepton_O2_g-Mon-Mar-16-10:10:01-2026,ifds-uninit,/home/jimi/PaperExperiment/CompilerOptimization/Result/lepton/phasar/phasar-O2-g/artifacts/lepton_O2_g.bc,/home/jimi/PaperExperiment/CompilerOptimization/Result/lepton/phasar/phasar-O2-g/artifacts/lepton_O2_g.ll,/home/jimi/PaperExperiment/CompilerOptimization/Result/lepton/phasar/phasar-O2-g/runs/ifds-uninit/lepton_O2_g-Mon-Mar-16-10:10:01-2026/psr-report.txt,2710,/usr/bin/../lib/gcc/x86_64-linux-gnu/13/../../../../include/c++/13/bits/stl_uninitialized.h,147,,missing_file,system_header,0,system_header,_ZNSt20__uninitialized_copyILb1EE13__uninit_copyISt13move_iteratorIPhES3_EET0_T_S6_S5_,,2719,"%11 = load ptr, ptr %6, align 8, !dbg !56297, !psr.id !56298 | ID: 15351",,"Phasar IFDS-Uninitialized use; variables=__result; reported_source={ return std::copy(__first, __last, __result); }",debug_location_or_source_attribution_drift_candidate,0.50,1,,/home/jimi/PaperExperiment/CompilerOptimization/Result/lepton/phasar/phasar-O2-g/runs/ifds-uninit/lepton_O2_g-Mon-Mar-16-10:10:01-2026/psr-report.txt;/home/jimi/PaperExperiment/CompilerOptimization/Result/lepton/phasar/phasar-O2-g/log/commands.log;/home/jimi/PaperExperiment/CompilerOptimization/Result/lepton/phasar/phasar-O2-g/log/summary.csv,Generated by re-parsing psr-report.txt; source_resolution=direct_or_container_remap; exact source line was revalidated against the resolved source tree.
phasar.lepton.O2g.000195,lepton,phasar,P2,ExternalOrUnresolvedSource,RunOrLocationWeakEvidence,reported,/home/jimi/PaperExperiment/CompilerOptimization/Result/lepton/phasar/phasar-O2-g/runs/ifds-uninit/lepton_O2_g-Mon-Mar-16-10:10:01-2026,lepton_O2_g-Mon-Mar-16-10:10:01-2026,ifds-uninit,/home/jimi/PaperExperiment/CompilerOptimization/Result/lepton/phasar/phasar-O2-g/artifacts/lepton_O2_g.bc,/home/jimi/PaperExperiment/CompilerOptimization/Result/lepton/phasar/phasar-O2-g/artifacts/lepton_O2_g.ll,/home/jimi/PaperExperiment/CompilerOptimization/Result/lepton/phasar/phasar-O2-g/runs/ifds-uninit/lepton_O2_g-Mon-Mar-16-10:10:01-2026/psr-report.txt,2722,/usr/bin/../lib/gcc/x86_64-linux-gnu/13/../../../../include/c++/13/bits/stl_algobase.h,633,,missing_file,system_header,0,system_header,_ZSt4copyISt13move_iteratorIPhES1_ET0_T_S4_S3_,,2731,"%17 = load ptr, ptr %6, align 8, !dbg !56341, !psr.id !56342 | ID: 15379",,"Phasar IFDS-Uninitialized use; variables=__result; reported_source=(std::__miter_base(__first), std::__miter_base(__last), __result);",debug_location_or_source_attribution_drift_candidate,0.50,1,,/home/jimi/PaperExperiment/CompilerOptimization/Result/lepton/phasar/phasar-O2-g/runs/ifds-uninit/lepton_O2_g-Mon-Mar-16-10:10:01-2026/psr-report.txt;/home/jimi/PaperExperiment/CompilerOptimization/Result/lepton/phasar/phasar-O2-g/log/commands.log;/home/jimi/PaperExperiment/CompilerOptimization/Result/lepton/phasar/phasar-O2-g/log/summary.csv,Generated by re-parsing psr-report.txt; source_resolution=direct_or_container_remap; exact source line was revalidated against the resolved source tree.
phasar.lepton.O2g.000196,lepton,phasar,P2,ExternalOrUnresolvedSource,RunOrLocationWeakEvidence,reported,/home/jimi/PaperExperiment/CompilerOptimization/Result/lepton/phasar/phasar-O2-g/runs/ifds-uninit/lepton_O2_g-Mon-Mar-16-10:10:01-2026,lepton_O2_g-Mon-Mar-16-10:10:01-2026,ifds-uninit,/home/jimi/PaperExperiment/CompilerOptimization/Result/lepton/phasar/phasar-O2-g/artifacts/lepton_O2_g.bc,/home/jimi/PaperExperiment/CompilerOptimization/Result/lepton/phasar/phasar-O2-g/artifacts/lepton_O2_g.ll,/home/jimi/PaperExperiment/CompilerOptimization/Result/lepton/phasar/phasar-O2-g/runs/ifds-uninit/lepton_O2_g-Mon-Mar-16-10:10:01-2026/psr-report.txt,2734,/usr/bin/../lib/gcc/x86_64-linux-gnu/13/../../../../include/c++/13/bits/stl_algobase.h,543,,missing_file,system_header,0,system_header,_ZSt13__copy_move_aILb1EPhS0_ET1_T0_S2_S1_,,2743,"%11 = load ptr, ptr %6, align 8, !dbg !56386, !psr.id !56387 | ID: 15402",,Phasar IFDS-Uninitialized use; variables=__result; reported_source=std::__niter_base(__result)));,debug_location_or_source_attribution_drift_candidate,0.50,1,,/home/jimi/PaperExperiment/CompilerOptimization/Result/lepton/phasar/phasar-O2-g/runs/ifds-uninit/lepton_O2_g-Mon-Mar-16-10:10:01-2026/psr-report.txt;/home/jimi/PaperExperiment/CompilerOptimization/Result/lepton/phasar/phasar-O2-g/log/commands.log;/home/jimi/PaperExperiment/CompilerOptimization/Result/lepton/phasar/phasar-O2-g/log/summary.csv,Generated by re-parsing psr-report.txt; source_resolution=direct_or_container_remap; exact source line was revalidated against the resolved source tree.
phasar.lepton.O2g.000197,lepton,phasar,P2,ExternalOrUnresolvedSource,RunOrLocationWeakEvidence,reported,/home/jimi/PaperExperiment/CompilerOptimization/Result/lepton/phasar/phasar-O2-g/runs/ifds-uninit/lepton_O2_g-Mon-Mar-16-10:10:01-2026,lepton_O2_g-Mon-Mar-16-10:10:01-2026,ifds-uninit,/home/jimi/PaperExperiment/CompilerOptimization/Result/lepton/phasar/phasar-O2-g/artifacts/lepton_O2_g.bc,/home/jimi/PaperExperiment/CompilerOptimization/Result/lepton/phasar/phasar-O2-g/artifacts/lepton_O2_g.ll,/home/jimi/PaperExperiment/CompilerOptimization/Result/lepton/phasar/phasar-O2-g/runs/ifds-uninit/lepton_O2_g-Mon-Mar-16-10:10:01-2026/psr-report.txt,2746,/usr/bin/../lib/gcc/x86_64-linux-gnu/13/../../../../include/c++/13/bits/stl_algobase.h,533,,missing_file,system_header,0,system_header,_ZSt14__copy_move_a1ILb1EPhS0_ET1_T0_S2_S1_,,2755,"%9 = load ptr, ptr %6, align 8, !dbg !56416, !psr.id !56417 | ID: 15418",,"Phasar IFDS-Uninitialized use; variables=__result; reported_source={ return std::__copy_move_a2<_IsMove>(__first, __last, __result); }",debug_location_or_source_attribution_drift_candidate,0.50,1,,/home/jimi/PaperExperiment/CompilerOptimization/Result/lepton/phasar/phasar-O2-g/runs/ifds-uninit/lepton_O2_g-Mon-Mar-16-10:10:01-2026/psr-report.txt;/home/jimi/PaperExperiment/CompilerOptimization/Result/lepton/phasar/phasar-O2-g/log/commands.log;/home/jimi/PaperExperiment/CompilerOptimization/Result/lepton/phasar/phasar-O2-g/log/summary.csv,Generated by re-parsing psr-report.txt; source_resolution=direct_or_container_remap; exact source line was revalidated against the resolved source tree.
phasar.lepton.O2g.000198,lepton,phasar,P2,ExternalOrUnresolvedSource,RunOrLocationWeakEvidence,reported,/home/jimi/PaperExperiment/CompilerOptimization/Result/lepton/phasar/phasar-O2-g/runs/ifds-uninit/lepton_O2_g-Mon-Mar-16-10:10:01-2026,lepton_O2_g-Mon-Mar-16-10:10:01-2026,ifds-uninit,/home/jimi/PaperExperiment/CompilerOptimization/Result/lepton/phasar/phasar-O2-g/artifacts/lepton_O2_g.bc,/home/jimi/PaperExperiment/CompilerOptimization/Result/lepton/phasar/phasar-O2-g/artifacts/lepton_O2_g.ll,/home/jimi/PaperExperiment/CompilerOptimization/Result/lepton/phasar/phasar-O2-g/runs/ifds-uninit/lepton_O2_g-Mon-Mar-16-10:10:01-2026/psr-report.txt,2758,/usr/bin/../lib/gcc/x86_64-linux-gnu/13/../../../../include/c++/13/bits/stl_algobase.h,506,,missing_file,system_header,0,system_header,_ZSt14__copy_move_a2ILb1EPhS0_ET1_T0_S2_S1_,,2767,"%9 = load ptr, ptr %6, align 8, !dbg !56442, !psr.id !56443 | ID: 15432",,"Phasar IFDS-Uninitialized use; variables=__result; reported_source=_Category>::__copy_m(__first, __last, __result);",debug_location_or_source_attribution_drift_candidate,0.50,1,,/home/jimi/PaperExperiment/CompilerOptimization/Result/lepton/phasar/phasar-O2-g/runs/ifds-uninit/lepton_O2_g-Mon-Mar-16-10:10:01-2026/psr-report.txt;/home/jimi/PaperExperiment/CompilerOptimization/Result/lepton/phasar/phasar-O2-g/log/commands.log;/home/jimi/PaperExperiment/CompilerOptimization/Result/lepton/phasar/phasar-O2-g/log/summary.csv,Generated by re-parsing psr-report.txt; source_resolution=direct_or_container_remap; exact source line was revalidated against the resolved source tree.
phasar.lepton.O2g.000199,lepton,phasar,P2,ExternalOrUnresolvedSource,RunOrLocationWeakEvidence,reported,/home/jimi/PaperExperiment/CompilerOptimization/Result/lepton/phasar/phasar-O2-g/runs/ifds-uninit/lepton_O2_g-Mon-Mar-16-10:10:01-2026,lepton_O2_g-Mon-Mar-16-10:10:01-2026,ifds-uninit,/home/jimi/PaperExperiment/CompilerOptimization/Result/lepton/phasar/phasar-O2-g/artifacts/lepton_O2_g.bc,/home/jimi/PaperExperiment/CompilerOptimization/Result/lepton/phasar/phasar-O2-g/artifacts/lepton_O2_g.ll,/home/jimi/PaperExperiment/CompilerOptimization/Result/lepton/phasar/phasar-O2-g/runs/ifds-uninit/lepton_O2_g-Mon-Mar-16-10:10:01-2026/psr-report.txt,2770,/usr/bin/../lib/gcc/x86_64-linux-gnu/13/../../../../include/c++/13/bits/stl_algobase.h,437,,missing_file,system_header,0,system_header,_ZNSt11__copy_moveILb1ELb1ESt26random_access_iterator_tagE8__copy_mIhhEEPT0_PT_S6_S4_,,2779,"%16 = load ptr, ptr %6, align 8, !dbg !56486, !psr.id !56487 | ID: 15455",,"Phasar IFDS-Uninitialized use; variables=__result; reported_source=__builtin_memmove(__result, __first, sizeof(_Tp) * _Num);",debug_location_or_source_attribution_drift_candidate,0.50,1,,/home/jimi/PaperExperiment/CompilerOptimization/Result/lepton/phasar/phasar-O2-g/runs/ifds-uninit/lepton_O2_g-Mon-Mar-16-10:10:01-2026/psr-report.txt;/home/jimi/PaperExperiment/CompilerOptimization/Result/lepton/phasar/phasar-O2-g/log/commands.log;/home/jimi/PaperExperiment/CompilerOptimization/Result/lepton/phasar/phasar-O2-g/log/summary.csv,Generated by re-parsing psr-report.txt; source_resolution=direct_or_container_remap; exact source line was revalidated against the resolved source tree.
phasar.lepton.O2g.000200,lepton,phasar,P2,ExternalOrUnresolvedSource,RunOrLocationWeakEvidence,reported,/home/jimi/PaperExperiment/CompilerOptimization/Result/lepton/phasar/phasar-O2-g/runs/ifds-uninit/lepton_O2_g-Mon-Mar-16-10:10:01-2026,lepton_O2_g-Mon-Mar-16-10:10:01-2026,ifds-uninit,/home/jimi/PaperExperiment/CompilerOptimization/Result/lepton/phasar/phasar-O2-g/artifacts/lepton_O2_g.bc,/home/jimi/PaperExperiment/CompilerOptimization/Result/lepton/phasar/phasar-O2-g/artifacts/lepton_O2_g.ll,/home/jimi/PaperExperiment/CompilerOptimization/Result/lepton/phasar/phasar-O2-g/runs/ifds-uninit/lepton_O2_g-Mon-Mar-16-10:10:01-2026/psr-report.txt,2782,/usr/bin/../lib/gcc/x86_64-linux-gnu/13/../../../../include/c++/13/bits/stl_algobase.h,440,,missing_file,system_header,0,system_header,_ZNSt11__copy_moveILb1ELb1ESt26random_access_iterator_tagE8__copy_mIhhEEPT0_PT_S6_S4_,,2791,"%24 = load ptr, ptr %6, align 8, !dbg !56504, !psr.id !56505 | ID: 15464",,"Phasar IFDS-Uninitialized use; variables=__result; reported_source=__assign_one(__result, __first);",debug_location_or_source_attribution_drift_candidate,0.50,1,,/home/jimi/PaperExperiment/CompilerOptimization/Result/lepton/phasar/phasar-O2-g/runs/ifds-uninit/lepton_O2_g-Mon-Mar-16-10:10:01-2026/psr-report.txt;/home/jimi/PaperExperiment/CompilerOptimization/Result/lepton/phasar/phasar-O2-g/log/commands.log;/home/jimi/PaperExperiment/CompilerOptimization/Result/lepton/phasar/phasar-O2-g/log/summary.csv,Generated by re-parsing psr-report.txt; source_resolution=direct_or_container_remap; exact source line was revalidated against the resolved source tree.
phasar.lepton.O2g.000201,lepton,phasar,P2,ExternalOrUnresolvedSource,RunOrLocationWeakEvidence,reported,/home/jimi/PaperExperiment/CompilerOptimization/Result/lepton/phasar/phasar-O2-g/runs/ifds-uninit/lepton_O2_g-Mon-Mar-16-10:10:01-2026,lepton_O2_g-Mon-Mar-16-10:10:01-2026,ifds-uninit,/home/jimi/PaperExperiment/CompilerOptimization/Result/lepton/phasar/phasar-O2-g/artifacts/lepton_O2_g.bc,/home/jimi/PaperExperiment/CompilerOptimization/Result/lepton/phasar/phasar-O2-g/artifacts/lepton_O2_g.ll,/home/jimi/PaperExperiment/CompilerOptimization/Result/lepton/phasar/phasar-O2-g/runs/ifds-uninit/lepton_O2_g-Mon-Mar-16-10:10:01-2026/psr-report.txt,2794,/usr/bin/../lib/gcc/x86_64-linux-gnu/13/../../../../include/c++/13/bits/stl_algobase.h,441,,missing_file,system_header,0,system_header,_ZNSt11__copy_moveILb1ELb1ESt26random_access_iterator_tagE8__copy_mIhhEEPT0_PT_S6_S4_,,2803,"%28 = load ptr, ptr %6, align 8, !dbg !56512, !psr.id !56513 | ID: 15469",,Phasar IFDS-Uninitialized use; variables=__result; reported_source=return __result + _Num;,debug_location_or_source_attribution_drift_candidate,0.50,1,,/home/jimi/PaperExperiment/CompilerOptimization/Result/lepton/phasar/phasar-O2-g/runs/ifds-uninit/lepton_O2_g-Mon-Mar-16-10:10:01-2026/psr-report.txt;/home/jimi/PaperExperiment/CompilerOptimization/Result/lepton/phasar/phasar-O2-g/log/commands.log;/home/jimi/PaperExperiment/CompilerOptimization/Result/lepton/phasar/phasar-O2-g/log/summary.csv,Generated by re-parsing psr-report.txt; source_resolution=direct_or_container_remap; exact source line was revalidated against the resolved source tree.
phasar.lepton.O2g.000202,lepton,phasar,P2,ExternalOrUnresolvedSource,RunOrLocationWeakEvidence,reported,/home/jimi/PaperExperiment/CompilerOptimization/Result/lepton/phasar/phasar-O2-g/runs/ifds-uninit/lepton_O2_g-Mon-Mar-16-10:10:01-2026,lepton_O2_g-Mon-Mar-16-10:10:01-2026,ifds-uninit,/home/jimi/PaperExperiment/CompilerOptimization/Result/lepton/phasar/phasar-O2-g/artifacts/lepton_O2_g.bc,/home/jimi/PaperExperiment/CompilerOptimization/Result/lepton/phasar/phasar-O2-g/artifacts/lepton_O2_g.ll,/home/jimi/PaperExperiment/CompilerOptimization/Result/lepton/phasar/phasar-O2-g/runs/ifds-uninit/lepton_O2_g-Mon-Mar-16-10:10:01-2026/psr-report.txt,2806,/usr/bin/../lib/gcc/x86_64-linux-gnu/13/../../../../include/c++/13/bits/stl_uninitialized.h,327,,missing_file,system_header,0,system_header,_ZSt20uninitialized_fill_nIPhmhET_S1_T0_RKT1_,,2815,"%9 = load i64, ptr %5, align 8, !dbg !56564, !psr.id !56565 | ID: 15497",,"Phasar IFDS-Uninitialized use; variables=__n; reported_source=__uninit_fill_n(__first, __n, __x);",debug_location_or_source_attribution_drift_candidate,0.50,1,,/home/jimi/PaperExperiment/CompilerOptimization/Result/lepton/phasar/phasar-O2-g/runs/ifds-uninit/lepton_O2_g-Mon-Mar-16-10:10:01-2026/psr-report.txt;/home/jimi/PaperExperiment/CompilerOptimization/Result/lepton/phasar/phasar-O2-g/log/commands.log;/home/jimi/PaperExperiment/CompilerOptimization/Result/lepton/phasar/phasar-O2-g/log/summary.csv,Generated by re-parsing psr-report.txt; source_resolution=direct_or_container_remap; exact source line was revalidated against the resolved source tree.
phasar.lepton.O2g.000203,lepton,phasar,P2,ExternalOrUnresolvedSource,RunOrLocationWeakEvidence,reported,/home/jimi/PaperExperiment/CompilerOptimization/Result/lepton/phasar/phasar-O2-g/runs/ifds-uninit/lepton_O2_g-Mon-Mar-16-10:10:01-2026,lepton_O2_g-Mon-Mar-16-10:10:01-2026,ifds-uninit,/home/jimi/PaperExperiment/CompilerOptimization/Result/lepton/phasar/phasar-O2-g/artifacts/lepton_O2_g.bc,/home/jimi/PaperExperiment/CompilerOptimization/Result/lepton/phasar/phasar-O2-g/artifacts/lepton_O2_g.ll,/home/jimi/PaperExperiment/CompilerOptimization/Result/lepton/phasar/phasar-O2-g/runs/ifds-uninit/lepton_O2_g-Mon-Mar-16-10:10:01-2026/psr-report.txt,2818,/usr/bin/../lib/gcc/x86_64-linux-gnu/13/../../../../include/c++/13/bits/stl_uninitialized.h,294,,missing_file,system_header,0,system_header,_ZNSt22__uninitialized_fill_nILb1EE15__uninit_fill_nIPhmhEET_S3_T0_RKT1_,,2827,"%8 = load i64, ptr %5, align 8, !dbg !56592, !psr.id !56593 | ID: 15511",,"Phasar IFDS-Uninitialized use; variables=__n; reported_source={ return std::fill_n(__first, __n, __x); }",debug_location_or_source_attribution_drift_candidate,0.50,1,,/home/jimi/PaperExperiment/CompilerOptimization/Result/lepton/phasar/phasar-O2-g/runs/ifds-uninit/lepton_O2_g-Mon-Mar-16-10:10:01-2026/psr-report.txt;/home/jimi/PaperExperiment/CompilerOptimization/Result/lepton/phasar/phasar-O2-g/log/commands.log;/home/jimi/PaperExperiment/CompilerOptimization/Result/lepton/phasar/phasar-O2-g/log/summary.csv,Generated by re-parsing psr-report.txt; source_resolution=direct_or_container_remap; exact source line was revalidated against the resolved source tree.
phasar.lepton.O2g.000204,lepton,phasar,P2,ExternalOrUnresolvedSource,RunOrLocationWeakEvidence,reported,/home/jimi/PaperExperiment/CompilerOptimization/Result/lepton/phasar/phasar-O2-g/runs/ifds-uninit/lepton_O2_g-Mon-Mar-16-10:10:01-2026,lepton_O2_g-Mon-Mar-16-10:10:01-2026,ifds-uninit,/home/jimi/PaperExperiment/CompilerOptimization/Result/lepton/phasar/phasar-O2-g/artifacts/lepton_O2_g.bc,/home/jimi/PaperExperiment/CompilerOptimization/Result/lepton/phasar/phasar-O2-g/artifacts/lepton_O2_g.ll,/home/jimi/PaperExperiment/CompilerOptimization/Result/lepton/phasar/phasar-O2-g/runs/ifds-uninit/lepton_O2_g-Mon-Mar-16-10:10:01-2026/psr-report.txt,2830,/usr/bin/../lib/gcc/x86_64-linux-gnu/13/../../../../include/c++/13/bits/stl_vector.h,1898,,missing_file,system_header,0,system_header,_ZNKSt6vectorIjSaIjEE12_M_check_lenEmPKc,,2839,"%13 = load i64, ptr %5, align 8, !dbg !57073, !psr.id !57074 | ID: 15774",,Phasar IFDS-Uninitialized use; variables=__n; reported_source=if (max_size() - size() < __n),debug_location_or_source_attribution_drift_candidate,0.50,1,,/home/jimi/PaperExperiment/CompilerOptimization/Result/lepton/phasar/phasar-O2-g/runs/ifds-uninit/lepton_O2_g-Mon-Mar-16-10:10:01-2026/psr-report.txt;/home/jimi/PaperExperiment/CompilerOptimization/Result/lepton/phasar/phasar-O2-g/log/commands.log;/home/jimi/PaperExperiment/CompilerOptimization/Result/lepton/phasar/phasar-O2-g/log/summary.csv,Generated by re-parsing psr-report.txt; source_resolution=direct_or_container_remap; exact source line was revalidated against the resolved source tree.
phasar.lepton.O2g.000205,lepton,phasar,P2,ExternalOrUnresolvedSource,RunOrLocationWeakEvidence,reported,/home/jimi/PaperExperiment/CompilerOptimization/Result/lepton/phasar/phasar-O2-g/runs/ifds-uninit/lepton_O2_g-Mon-Mar-16-10:10:01-2026,lepton_O2_g-Mon-Mar-16-10:10:01-2026,ifds-uninit,/home/jimi/PaperExperiment/CompilerOptimization/Result/lepton/phasar/phasar-O2-g/artifacts/lepton_O2_g.bc,/home/jimi/PaperExperiment/CompilerOptimization/Result/lepton/phasar/phasar-O2-g/artifacts/lepton_O2_g.ll,/home/jimi/PaperExperiment/CompilerOptimization/Result/lepton/phasar/phasar-O2-g/runs/ifds-uninit/lepton_O2_g-Mon-Mar-16-10:10:01-2026/psr-report.txt,2846,/usr/bin/../lib/gcc/x86_64-linux-gnu/13/../../../../include/c++/13/bits/stl_vector.h,1901,,missing_file,system_header,0,system_header,_ZNKSt6vectorIjSaIjEE12_M_check_lenEmPKc,,2854,"%21 = load i64, ptr %20, align 8, !dbg !57092, !psr.id !57094 | ID: 15785",,"Phasar IFDS-Uninitialized use; variables=Line       : 1901; reported_source=const size_type __len = size() + (std::max)(size(), __n);",debug_location_or_source_attribution_drift_candidate,0.50,1,,/home/jimi/PaperExperiment/CompilerOptimization/Result/lepton/phasar/phasar-O2-g/runs/ifds-uninit/lepton_O2_g-Mon-Mar-16-10:10:01-2026/psr-report.txt;/home/jimi/PaperExperiment/CompilerOptimization/Result/lepton/phasar/phasar-O2-g/log/commands.log;/home/jimi/PaperExperiment/CompilerOptimization/Result/lepton/phasar/phasar-O2-g/log/summary.csv,Generated by re-parsing psr-report.txt; source_resolution=direct_or_container_remap; exact source line was revalidated against the resolved source tree.
phasar.lepton.O2g.000206,lepton,phasar,P2,ExternalOrUnresolvedSource,RunOrLocationWeakEvidence,reported,/home/jimi/PaperExperiment/CompilerOptimization/Result/lepton/phasar/phasar-O2-g/runs/ifds-uninit/lepton_O2_g-Mon-Mar-16-10:10:01-2026,lepton_O2_g-Mon-Mar-16-10:10:01-2026,ifds-uninit,/home/jimi/PaperExperiment/CompilerOptimization/Result/lepton/phasar/phasar-O2-g/artifacts/lepton_O2_g.bc,/home/jimi/PaperExperiment/CompilerOptimization/Result/lepton/phasar/phasar-O2-g/artifacts/lepton_O2_g.ll,/home/jimi/PaperExperiment/CompilerOptimization/Result/lepton/phasar/phasar-O2-g/runs/ifds-uninit/lepton_O2_g-Mon-Mar-16-10:10:01-2026/psr-report.txt,2859,/usr/bin/../lib/gcc/x86_64-linux-gnu/13/../../../../include/c++/13/bits/stl_vector.h,1902,,missing_file,system_header,0,system_header,_ZNKSt6vectorIjSaIjEE12_M_check_lenEmPKc,,2868,"%23 = load i64, ptr %7, align 8, !dbg !57098, !psr.id !57099 | ID: 15788",,"Phasar IFDS-Uninitialized use; variables=__len, __len, __len; reported_source=return (__len < size() || __len > max_size()) ? max_size() : __len;",debug_location_or_source_attribution_drift_candidate,0.50,1,,/home/jimi/PaperExperiment/CompilerOptimization/Result/lepton/phasar/phasar-O2-g/runs/ifds-uninit/lepton_O2_g-Mon-Mar-16-10:10:01-2026/psr-report.txt;/home/jimi/PaperExperiment/CompilerOptimization/Result/lepton/phasar/phasar-O2-g/log/commands.log;/home/jimi/PaperExperiment/CompilerOptimization/Result/lepton/phasar/phasar-O2-g/log/summary.csv,Generated by re-parsing psr-report.txt; source_resolution=direct_or_container_remap; exact source line was revalidated against the resolved source tree.
phasar.lepton.O2g.000207,lepton,phasar,P2,ExternalOrUnresolvedSource,RunOrLocationWeakEvidence,reported,/home/jimi/PaperExperiment/CompilerOptimization/Result/lepton/phasar/phasar-O2-g/runs/ifds-uninit/lepton_O2_g-Mon-Mar-16-10:10:01-2026,lepton_O2_g-Mon-Mar-16-10:10:01-2026,ifds-uninit,/home/jimi/PaperExperiment/CompilerOptimization/Result/lepton/phasar/phasar-O2-g/artifacts/lepton_O2_g.bc,/home/jimi/PaperExperiment/CompilerOptimization/Result/lepton/phasar/phasar-O2-g/artifacts/lepton_O2_g.ll,/home/jimi/PaperExperiment/CompilerOptimization/Result/lepton/phasar/phasar-O2-g/runs/ifds-uninit/lepton_O2_g-Mon-Mar-16-10:10:01-2026/psr-report.txt,2883,/usr/bin/../lib/gcc/x86_64-linux-gnu/13/../../../../include/c++/13/bits/stl_vector.h,381,,missing_file,system_header,0,system_header,_ZNSt12_Vector_baseIjSaIjEE11_M_allocateEm,,2892,"%8 = load i64, ptr %6, align 8, !dbg !57186, !psr.id !57187 | ID: 15839",,"Phasar IFDS-Uninitialized use; variables=__n, __n; reported_source=return __n != 0 ? _Tr::allocate(_M_impl, __n) : pointer();",debug_location_or_source_attribution_drift_candidate,0.50,1,,/home/jimi/PaperExperiment/CompilerOptimization/Result/lepton/phasar/phasar-O2-g/runs/ifds-uninit/lepton_O2_g-Mon-Mar-16-10:10:01-2026/psr-report.txt;/home/jimi/PaperExperiment/CompilerOptimization/Result/lepton/phasar/phasar-O2-g/log/commands.log;/home/jimi/PaperExperiment/CompilerOptimization/Result/lepton/phasar/phasar-O2-g/log/summary.csv,Generated by re-parsing psr-report.txt; source_resolution=direct_or_container_remap; exact source line was revalidated against the resolved source tree.
phasar.lepton.O2g.000208,lepton,phasar,P2,ExternalOrUnresolvedSource,RunOrLocationWeakEvidence,reported,/home/jimi/PaperExperiment/CompilerOptimization/Result/lepton/phasar/phasar-O2-g/runs/ifds-uninit/lepton_O2_g-Mon-Mar-16-10:10:01-2026,lepton_O2_g-Mon-Mar-16-10:10:01-2026,ifds-uninit,/home/jimi/PaperExperiment/CompilerOptimization/Result/lepton/phasar/phasar-O2-g/artifacts/lepton_O2_g.bc,/home/jimi/PaperExperiment/CompilerOptimization/Result/lepton/phasar/phasar-O2-g/artifacts/lepton_O2_g.ll,/home/jimi/PaperExperiment/CompilerOptimization/Result/lepton/phasar/phasar-O2-g/runs/ifds-uninit/lepton_O2_g-Mon-Mar-16-10:10:01-2026/psr-report.txt,2901,/usr/bin/../lib/gcc/x86_64-linux-gnu/13/../../../../include/c++/13/bits/alloc_traits.h,482,,missing_file,system_header,0,system_header,_ZNSt12_Vector_baseIjSaIjEE11_M_allocateEm,,2910,"%14 = load i64, ptr %4, align 8, !dbg !57207, !psr.id !57208 | ID: 15849",,Phasar IFDS-Uninitialized use; variables=__n; reported_source={ return __a.allocate(__n); },debug_location_or_source_attribution_drift_candidate,0.50,1,,/home/jimi/PaperExperiment/CompilerOptimization/Result/lepton/phasar/phasar-O2-g/runs/ifds-uninit/lepton_O2_g-Mon-Mar-16-10:10:01-2026/psr-report.txt;/home/jimi/PaperExperiment/CompilerOptimization/Result/lepton/phasar/phasar-O2-g/log/commands.log;/home/jimi/PaperExperiment/CompilerOptimization/Result/lepton/phasar/phasar-O2-g/log/summary.csv,Generated by re-parsing psr-report.txt; source_resolution=direct_or_container_remap; exact source line was revalidated against the resolved source tree.
phasar.lepton.O2g.000209,lepton,phasar,P2,ExternalOrUnresolvedSource,RunOrLocationWeakEvidence,reported,/home/jimi/PaperExperiment/CompilerOptimization/Result/lepton/phasar/phasar-O2-g/runs/ifds-uninit/lepton_O2_g-Mon-Mar-16-10:10:01-2026,lepton_O2_g-Mon-Mar-16-10:10:01-2026,ifds-uninit,/home/jimi/PaperExperiment/CompilerOptimization/Result/lepton/phasar/phasar-O2-g/artifacts/lepton_O2_g.bc,/home/jimi/PaperExperiment/CompilerOptimization/Result/lepton/phasar/phasar-O2-g/artifacts/lepton_O2_g.ll,/home/jimi/PaperExperiment/CompilerOptimization/Result/lepton/phasar/phasar-O2-g/runs/ifds-uninit/lepton_O2_g-Mon-Mar-16-10:10:01-2026/psr-report.txt,2913,/usr/bin/../lib/gcc/x86_64-linux-gnu/13/../../../../include/c++/13/bits/new_allocator.h,134,,missing_file,system_header,0,system_header,_ZNSt15__new_allocatorIjE8allocateEmPKv,,2922,"%9 = load i64, ptr %6, align 8, !dbg !57443, !psr.id !57445 | ID: 15971",,"Phasar IFDS-Uninitialized use; variables=__n; reported_source=if (__builtin_expect(__n > this->_M_max_size(), false))",debug_location_or_source_attribution_drift_candidate,0.50,1,,/home/jimi/PaperExperiment/CompilerOptimization/Result/lepton/phasar/phasar-O2-g/runs/ifds-uninit/lepton_O2_g-Mon-Mar-16-10:10:01-2026/psr-report.txt;/home/jimi/PaperExperiment/CompilerOptimization/Result/lepton/phasar/phasar-O2-g/log/commands.log;/home/jimi/PaperExperiment/CompilerOptimization/Result/lepton/phasar/phasar-O2-g/log/summary.csv,Generated by re-parsing psr-report.txt; source_resolution=direct_or_container_remap; exact source line was revalidated against the resolved source tree.
phasar.lepton.O2g.000210,lepton,phasar,P2,ExternalOrUnresolvedSource,RunOrLocationWeakEvidence,reported,/home/jimi/PaperExperiment/CompilerOptimization/Result/lepton/phasar/phasar-O2-g/runs/ifds-uninit/lepton_O2_g-Mon-Mar-16-10:10:01-2026,lepton_O2_g-Mon-Mar-16-10:10:01-2026,ifds-uninit,/home/jimi/PaperExperiment/CompilerOptimization/Result/lepton/phasar/phasar-O2-g/artifacts/lepton_O2_g.bc,/home/jimi/PaperExperiment/CompilerOptimization/Result/lepton/phasar/phasar-O2-g/artifacts/lepton_O2_g.ll,/home/jimi/PaperExperiment/CompilerOptimization/Result/lepton/phasar/phasar-O2-g/runs/ifds-uninit/lepton_O2_g-Mon-Mar-16-10:10:01-2026/psr-report.txt,2929,/usr/bin/../lib/gcc/x86_64-linux-gnu/13/../../../../include/c++/13/bits/new_allocator.h,138,,missing_file,system_header,0,system_header,_ZNSt15__new_allocatorIjE8allocateEmPKv,,2938,"%13 = load i64, ptr %6, align 8, !dbg !57458, !psr.id !57461 | ID: 15977",,Phasar IFDS-Uninitialized use; variables=__n; reported_source=if (__n > (std::size_t(-1) / sizeof(_Tp))),debug_location_or_source_attribution_drift_candidate,0.50,1,,/home/jimi/PaperExperiment/CompilerOptimization/Result/lepton/phasar/phasar-O2-g/runs/ifds-uninit/lepton_O2_g-Mon-Mar-16-10:10:01-2026/psr-report.txt;/home/jimi/PaperExperiment/CompilerOptimization/Result/lepton/phasar/phasar-O2-g/log/commands.log;/home/jimi/PaperExperiment/CompilerOptimization/Result/lepton/phasar/phasar-O2-g/log/summary.csv,Generated by re-parsing psr-report.txt; source_resolution=direct_or_container_remap; exact source line was revalidated against the resolved source tree.
phasar.lepton.O2g.000211,lepton,phasar,P2,ExternalOrUnresolvedSource,RunOrLocationWeakEvidence,reported,/home/jimi/PaperExperiment/CompilerOptimization/Result/lepton/phasar/phasar-O2-g/runs/ifds-uninit/lepton_O2_g-Mon-Mar-16-10:10:01-2026,lepton_O2_g-Mon-Mar-16-10:10:01-2026,ifds-uninit,/home/jimi/PaperExperiment/CompilerOptimization/Result/lepton/phasar/phasar-O2-g/artifacts/lepton_O2_g.bc,/home/jimi/PaperExperiment/CompilerOptimization/Result/lepton/phasar/phasar-O2-g/artifacts/lepton_O2_g.ll,/home/jimi/PaperExperiment/CompilerOptimization/Result/lepton/phasar/phasar-O2-g/runs/ifds-uninit/lepton_O2_g-Mon-Mar-16-10:10:01-2026/psr-report.txt,2945,/usr/bin/../lib/gcc/x86_64-linux-gnu/13/../../../../include/c++/13/bits/new_allocator.h,151,,missing_file,system_header,0,system_header,_ZNSt15__new_allocatorIjE8allocateEmPKv,,2954,"%18 = load i64, ptr %6, align 8, !dbg !57472, !psr.id !57473 | ID: 15984",,Phasar IFDS-Uninitialized use; variables=__n; reported_source=return static_cast<_Tp*>(_GLIBCXX_OPERATOR_NEW(__n * sizeof(_Tp)));,debug_location_or_source_attribution_drift_candidate,0.50,1,,/home/jimi/PaperExperiment/CompilerOptimization/Result/lepton/phasar/phasar-O2-g/runs/ifds-uninit/lepton_O2_g-Mon-Mar-16-10:10:01-2026/psr-report.txt;/home/jimi/PaperExperiment/CompilerOptimization/Result/lepton/phasar/phasar-O2-g/log/commands.log;/home/jimi/PaperExperiment/CompilerOptimization/Result/lepton/phasar/phasar-O2-g/log/summary.csv,Generated by re-parsing psr-report.txt; source_resolution=direct_or_container_remap; exact source line was revalidated against the resolved source tree.
phasar.lepton.O2g.000214,lepton,phasar,P2,ExternalOrUnresolvedSource,RunOrLocationWeakEvidence,reported,/home/jimi/PaperExperiment/CompilerOptimization/Result/lepton/phasar/phasar-O2-g/runs/ifds-uninit/lepton_O2_g-Mon-Mar-16-10:10:01-2026,lepton_O2_g-Mon-Mar-16-10:10:01-2026,ifds-uninit,/home/jimi/PaperExperiment/CompilerOptimization/Result/lepton/phasar/phasar-O2-g/artifacts/lepton_O2_g.bc,/home/jimi/PaperExperiment/CompilerOptimization/Result/lepton/phasar/phasar-O2-g/artifacts/lepton_O2_g.ll,/home/jimi/PaperExperiment/CompilerOptimization/Result/lepton/phasar/phasar-O2-g/runs/ifds-uninit/lepton_O2_g-Mon-Mar-16-10:10:01-2026/psr-report.txt,2987,/usr/bin/../lib/gcc/x86_64-linux-gnu/13/../../../../include/c++/13/bits/atomic_base.h,418,,missing_file,system_header,0,system_header,_ZNSt13__atomic_baseIjEpLEj,,2996,"%9 = load i32, ptr %4, align 4, !dbg !57699, !psr.id !57700 | ID: 16111",,"Phasar IFDS-Uninitialized use; variables=__i; reported_source={ return __atomic_add_fetch(&_M_i, __i, int(memory_order_seq_cst)); }",debug_location_or_source_attribution_drift_candidate,0.50,1,,/home/jimi/PaperExperiment/CompilerOptimization/Result/lepton/phasar/phasar-O2-g/runs/ifds-uninit/lepton_O2_g-Mon-Mar-16-10:10:01-2026/psr-report.txt;/home/jimi/PaperExperiment/CompilerOptimization/Result/lepton/phasar/phasar-O2-g/log/commands.log;/home/jimi/PaperExperiment/CompilerOptimization/Result/lepton/phasar/phasar-O2-g/log/summary.csv,Generated by re-parsing psr-report.txt; source_resolution=direct_or_container_remap; exact source line was revalidated against the resolved source tree.
phasar.lepton.O2g.000227,lepton,phasar,P2,ExternalOrUnresolvedSource,RunOrLocationWeakEvidence,reported,/home/jimi/PaperExperiment/CompilerOptimization/Result/lepton/phasar/phasar-O2-g/runs/ifds-uninit/lepton_O2_g-Mon-Mar-16-10:10:01-2026,lepton_O2_g-Mon-Mar-16-10:10:01-2026,ifds-uninit,/home/jimi/PaperExperiment/CompilerOptimization/Result/lepton/phasar/phasar-O2-g/artifacts/lepton_O2_g.bc,/home/jimi/PaperExperiment/CompilerOptimization/Result/lepton/phasar/phasar-O2-g/artifacts/lepton_O2_g.ll,/home/jimi/PaperExperiment/CompilerOptimization/Result/lepton/phasar/phasar-O2-g/runs/ifds-uninit/lepton_O2_g-Mon-Mar-16-10:10:01-2026/psr-report.txt,3174,/usr/bin/../lib/gcc/x86_64-linux-gnu/13/../../../../include/c++/13/bits/std_function.h,291,,missing_file,system_header,0,system_header,_ZNSt17_Function_handlerIFvPN6IOUtil10FileReaderEPNS0_10FileWriterEjbEPFvS2_S4_ibEE9_M_invokeERKSt9_Any_dataOS2_OS4_OjOb,,3183,"%16 = load ptr, ptr %10, align 8, !dbg !66689, !psr.id !66693 | ID: 20923",,Phasar IFDS-Uninitialized use; variables=__args; reported_source=std::forward<_ArgTypes>(__args)...);,debug_location_or_source_attribution_drift_candidate,0.50,1,,/home/jimi/PaperExperiment/CompilerOptimization/Result/lepton/phasar/phasar-O2-g/runs/ifds-uninit/lepton_O2_g-Mon-Mar-16-10:10:01-2026/psr-report.txt;/home/jimi/PaperExperiment/CompilerOptimization/Result/lepton/phasar/phasar-O2-g/log/commands.log;/home/jimi/PaperExperiment/CompilerOptimization/Result/lepton/phasar/phasar-O2-g/log/summary.csv,Generated by re-parsing psr-report.txt; source_resolution=direct_or_container_remap; exact source line was revalidated against the resolved source tree.
phasar.lepton.O2g.000228,lepton,phasar,P2,ExternalOrUnresolvedSource,RunOrLocationWeakEvidence,reported,/home/jimi/PaperExperiment/CompilerOptimization/Result/lepton/phasar/phasar-O2-g/runs/ifds-uninit/lepton_O2_g-Mon-Mar-16-10:10:01-2026,lepton_O2_g-Mon-Mar-16-10:10:01-2026,ifds-uninit,/home/jimi/PaperExperiment/CompilerOptimization/Result/lepton/phasar/phasar-O2-g/artifacts/lepton_O2_g.bc,/home/jimi/PaperExperiment/CompilerOptimization/Result/lepton/phasar/phasar-O2-g/artifacts/lepton_O2_g.ll,/home/jimi/PaperExperiment/CompilerOptimization/Result/lepton/phasar/phasar-O2-g/runs/ifds-uninit/lepton_O2_g-Mon-Mar-16-10:10:01-2026/psr-report.txt,3186,/usr/bin/../lib/gcc/x86_64-linux-gnu/13/../../../../include/c++/13/bits/invoke.h,151,,missing_file,system_header,0,system_header,_ZSt10__invoke_rIvRPFvPN6IOUtil10FileReaderEPNS0_10FileWriterEibEJS2_S4_jbEENSt9enable_ifIXsr7is_voidIT_EE5valueES9_E4typeEOT0_DpOT1_,,3195,"%16 = load ptr, ptr %10, align 8, !dbg !67009, !psr.id !67013 | ID: 21079",,Phasar IFDS-Uninitialized use; variables=__args; reported_source=std::forward<_Args>(__args)...);,debug_location_or_source_attribution_drift_candidate,0.50,1,,/home/jimi/PaperExperiment/CompilerOptimization/Result/lepton/phasar/phasar-O2-g/runs/ifds-uninit/lepton_O2_g-Mon-Mar-16-10:10:01-2026/psr-report.txt;/home/jimi/PaperExperiment/CompilerOptimization/Result/lepton/phasar/phasar-O2-g/log/commands.log;/home/jimi/PaperExperiment/CompilerOptimization/Result/lepton/phasar/phasar-O2-g/log/summary.csv,Generated by re-parsing psr-report.txt; source_resolution=direct_or_container_remap; exact source line was revalidated against the resolved source tree.
phasar.lepton.O2g.000229,lepton,phasar,P2,ExternalOrUnresolvedSource,RunOrLocationWeakEvidence,reported,/home/jimi/PaperExperiment/CompilerOptimization/Result/lepton/phasar/phasar-O2-g/runs/ifds-uninit/lepton_O2_g-Mon-Mar-16-10:10:01-2026,lepton_O2_g-Mon-Mar-16-10:10:01-2026,ifds-uninit,/home/jimi/PaperExperiment/CompilerOptimization/Result/lepton/phasar/phasar-O2-g/artifacts/lepton_O2_g.bc,/home/jimi/PaperExperiment/CompilerOptimization/Result/lepton/phasar/phasar-O2-g/artifacts/lepton_O2_g.ll,/home/jimi/PaperExperiment/CompilerOptimization/Result/lepton/phasar/phasar-O2-g/runs/ifds-uninit/lepton_O2_g-Mon-Mar-16-10:10:01-2026/psr-report.txt,3198,/usr/bin/../lib/gcc/x86_64-linux-gnu/13/../../../../include/c++/13/bits/invoke.h,61,,missing_file,system_header,0,system_header,_ZSt13__invoke_implIvRPFvPN6IOUtil10FileReaderEPNS0_10FileWriterEibEJS2_S4_jbEET_St14__invoke_otherOT0_DpOT1_,,3207,"%20 = load ptr, ptr %11, align 8, !dbg !67053, !psr.id !67061 | ID: 21107",,Phasar IFDS-Uninitialized use; variables=__args; reported_source={ return std::forward<_Fn>(__f)(std::forward<_Args>(__args)...); },debug_location_or_source_attribution_drift_candidate,0.50,1,,/home/jimi/PaperExperiment/CompilerOptimization/Result/lepton/phasar/phasar-O2-g/runs/ifds-uninit/lepton_O2_g-Mon-Mar-16-10:10:01-2026/psr-report.txt;/home/jimi/PaperExperiment/CompilerOptimization/Result/lepton/phasar/phasar-O2-g/log/commands.log;/home/jimi/PaperExperiment/CompilerOptimization/Result/lepton/phasar/phasar-O2-g/log/summary.csv,Generated by re-parsing psr-report.txt; source_resolution=direct_or_container_remap; exact source line was revalidated against the resolved source tree.
phasar.lepton.O2g.000263,lepton,phasar,P2,ExternalOrUnresolvedSource,RunOrLocationWeakEvidence,reported,/home/jimi/PaperExperiment/CompilerOptimization/Result/lepton/phasar/phasar-O2-g/runs/ifds-uninit/lepton_O2_g-Mon-Mar-16-10:10:01-2026,lepton_O2_g-Mon-Mar-16-10:10:01-2026,ifds-uninit,/home/jimi/PaperExperiment/CompilerOptimization/Result/lepton/phasar/phasar-O2-g/artifacts/lepton_O2_g.bc,/home/jimi/PaperExperiment/CompilerOptimization/Result/lepton/phasar/phasar-O2-g/artifacts/lepton_O2_g.ll,/home/jimi/PaperExperiment/CompilerOptimization/Result/lepton/phasar/phasar-O2-g/runs/ifds-uninit/lepton_O2_g-Mon-Mar-16-10:10:01-2026/psr-report.txt,3649,/usr/bin/../lib/gcc/x86_64-linux-gnu/13/../../../../include/c++/13/bits/stl_algobase.h,238,,missing_file,system_header,0,system_header,_ZSt3minIiERKT_S2_S2_,,3658,"%8 = load ptr, ptr %4, align 8, !dbg !84925, !psr.id !84926 | ID: 31026",,Phasar IFDS-Uninitialized use; variables=__a; reported_source=if (__b < __a),debug_location_or_source_attribution_drift_candidate,0.50,1,,/home/jimi/PaperExperiment/CompilerOptimization/Result/lepton/phasar/phasar-O2-g/runs/ifds-uninit/lepton_O2_g-Mon-Mar-16-10:10:01-2026/psr-report.txt;/home/jimi/PaperExperiment/CompilerOptimization/Result/lepton/phasar/phasar-O2-g/log/commands.log;/home/jimi/PaperExperiment/CompilerOptimization/Result/lepton/phasar/phasar-O2-g/log/summary.csv,Generated by re-parsing psr-report.txt; source_resolution=direct_or_container_remap; exact source line was revalidated against the resolved source tree.
phasar.lepton.O2g.000264,lepton,phasar,P2,ExternalOrUnresolvedSource,RunOrLocationWeakEvidence,reported,/home/jimi/PaperExperiment/CompilerOptimization/Result/lepton/phasar/phasar-O2-g/runs/ifds-uninit/lepton_O2_g-Mon-Mar-16-10:10:01-2026,lepton_O2_g-Mon-Mar-16-10:10:01-2026,ifds-uninit,/home/jimi/PaperExperiment/CompilerOptimization/Result/lepton/phasar/phasar-O2-g/artifacts/lepton_O2_g.bc,/home/jimi/PaperExperiment/CompilerOptimization/Result/lepton/phasar/phasar-O2-g/artifacts/lepton_O2_g.ll,/home/jimi/PaperExperiment/CompilerOptimization/Result/lepton/phasar/phasar-O2-g/runs/ifds-uninit/lepton_O2_g-Mon-Mar-16-10:10:01-2026/psr-report.txt,3667,/usr/bin/../lib/gcc/x86_64-linux-gnu/13/../../../../include/c++/13/bits/stl_algobase.h,240,,missing_file,system_header,0,system_header,_ZSt3minIiERKT_S2_S2_,,3676,"%14 = load ptr, ptr %4, align 8, !dbg !84937, !psr.id !84938 | ID: 31033",,Phasar IFDS-Uninitialized use; variables=__a; reported_source=return __a;,debug_location_or_source_attribution_drift_candidate,0.50,1,,/home/jimi/PaperExperiment/CompilerOptimization/Result/lepton/phasar/phasar-O2-g/runs/ifds-uninit/lepton_O2_g-Mon-Mar-16-10:10:01-2026/psr-report.txt;/home/jimi/PaperExperiment/CompilerOptimization/Result/lepton/phasar/phasar-O2-g/log/commands.log;/home/jimi/PaperExperiment/CompilerOptimization/Result/lepton/phasar/phasar-O2-g/log/summary.csv,Generated by re-parsing psr-report.txt; source_resolution=direct_or_container_remap; exact source line was revalidated against the resolved source tree.
phasar.lepton.O2g.000265,lepton,phasar,P2,ExternalOrUnresolvedSource,RunOrLocationWeakEvidence,reported,/home/jimi/PaperExperiment/CompilerOptimization/Result/lepton/phasar/phasar-O2-g/runs/ifds-uninit/lepton_O2_g-Mon-Mar-16-10:10:01-2026,lepton_O2_g-Mon-Mar-16-10:10:01-2026,ifds-uninit,/home/jimi/PaperExperiment/CompilerOptimization/Result/lepton/phasar/phasar-O2-g/artifacts/lepton_O2_g.bc,/home/jimi/PaperExperiment/CompilerOptimization/Result/lepton/phasar/phasar-O2-g/artifacts/lepton_O2_g.ll,/home/jimi/PaperExperiment/CompilerOptimization/Result/lepton/phasar/phasar-O2-g/runs/ifds-uninit/lepton_O2_g-Mon-Mar-16-10:10:01-2026/psr-report.txt,3679,/usr/bin/../lib/gcc/x86_64-linux-gnu/13/../../../../include/c++/13/bits/stl_algobase.h,241,,missing_file,system_header,0,system_header,_ZSt3minIiERKT_S2_S2_,,3687,"%16 = load ptr, ptr %3, align 8, !dbg !84942, !psr.id !84943 | ID: 31036",,Phasar IFDS-Uninitialized use; variables=Line       : 241; reported_source=},debug_location_or_source_attribution_drift_candidate,0.50,1,,/home/jimi/PaperExperiment/CompilerOptimization/Result/lepton/phasar/phasar-O2-g/runs/ifds-uninit/lepton_O2_g-Mon-Mar-16-10:10:01-2026/psr-report.txt;/home/jimi/PaperExperiment/CompilerOptimization/Result/lepton/phasar/phasar-O2-g/log/commands.log;/home/jimi/PaperExperiment/CompilerOptimization/Result/lepton/phasar/phasar-O2-g/log/summary.csv,Generated by re-parsing psr-report.txt; source_resolution=direct_or_container_remap; exact source line was revalidated against the resolved source tree.
phasar.lepton.O2g.000277,lepton,phasar,P2,ExternalOrUnresolvedSource,RunOrLocationWeakEvidence,reported,/home/jimi/PaperExperiment/CompilerOptimization/Result/lepton/phasar/phasar-O2-g/runs/ifds-uninit/lepton_O2_g-Mon-Mar-16-10:10:01-2026,lepton_O2_g-Mon-Mar-16-10:10:01-2026,ifds-uninit,/home/jimi/PaperExperiment/CompilerOptimization/Result/lepton/phasar/phasar-O2-g/artifacts/lepton_O2_g.bc,/home/jimi/PaperExperiment/CompilerOptimization/Result/lepton/phasar/phasar-O2-g/artifacts/lepton_O2_g.ll,/home/jimi/PaperExperiment/CompilerOptimization/Result/lepton/phasar/phasar-O2-g/runs/ifds-uninit/lepton_O2_g-Mon-Mar-16-10:10:01-2026/psr-report.txt,3888,/usr/bin/../lib/gcc/x86_64-linux-gnu/13/../../../../include/c++/13/bits/stl_vector.h,557,,missing_file,system_header,0,system_header,_ZNSt6vectorIhN8Sirikata13JpegAllocatorIhEEEC2EmRKS2_,,3897,"%8 = load i64, ptr %5, align 8, !dbg !85854, !psr.id !85855 | ID: 31600",,"Phasar IFDS-Uninitialized use; variables=__n; reported_source=: _Base(_S_check_init_len(__n, __a), __a)",debug_location_or_source_attribution_drift_candidate,0.50,1,,/home/jimi/PaperExperiment/CompilerOptimization/Result/lepton/phasar/phasar-O2-g/runs/ifds-uninit/lepton_O2_g-Mon-Mar-16-10:10:01-2026/psr-report.txt;/home/jimi/PaperExperiment/CompilerOptimization/Result/lepton/phasar/phasar-O2-g/log/commands.log;/home/jimi/PaperExperiment/CompilerOptimization/Result/lepton/phasar/phasar-O2-g/log/summary.csv,Generated by re-parsing psr-report.txt; source_resolution=direct_or_container_remap; exact source line was revalidated against the resolved source tree.
phasar.lepton.O2g.000278,lepton,phasar,P2,ExternalOrUnresolvedSource,RunOrLocationWeakEvidence,reported,/home/jimi/PaperExperiment/CompilerOptimization/Result/lepton/phasar/phasar-O2-g/runs/ifds-uninit/lepton_O2_g-Mon-Mar-16-10:10:01-2026,lepton_O2_g-Mon-Mar-16-10:10:01-2026,ifds-uninit,/home/jimi/PaperExperiment/CompilerOptimization/Result/lepton/phasar/phasar-O2-g/artifacts/lepton_O2_g.bc,/home/jimi/PaperExperiment/CompilerOptimization/Result/lepton/phasar/phasar-O2-g/artifacts/lepton_O2_g.ll,/home/jimi/PaperExperiment/CompilerOptimization/Result/lepton/phasar/phasar-O2-g/runs/ifds-uninit/lepton_O2_g-Mon-Mar-16-10:10:01-2026/psr-report.txt,3900,/usr/bin/../lib/gcc/x86_64-linux-gnu/13/../../../../include/c++/13/bits/stl_vector.h,558,,missing_file,system_header,0,system_header,_ZNSt6vectorIhN8Sirikata13JpegAllocatorIhEEEC2EmRKS2_,,3909,"%12 = load i64, ptr %5, align 8, !dbg !85864, !psr.id !85866 | ID: 31605",,Phasar IFDS-Uninitialized use; variables=__n; reported_source={ _M_default_initialize(__n); },debug_location_or_source_attribution_drift_candidate,0.50,1,,/home/jimi/PaperExperiment/CompilerOptimization/Result/lepton/phasar/phasar-O2-g/runs/ifds-uninit/lepton_O2_g-Mon-Mar-16-10:10:01-2026/psr-report.txt;/home/jimi/PaperExperiment/CompilerOptimization/Result/lepton/phasar/phasar-O2-g/log/commands.log;/home/jimi/PaperExperiment/CompilerOptimization/Result/lepton/phasar/phasar-O2-g/log/summary.csv,Generated by re-parsing psr-report.txt; source_resolution=direct_or_container_remap; exact source line was revalidated against the resolved source tree.
phasar.lepton.O2g.000279,lepton,phasar,P2,ExternalOrUnresolvedSource,RunOrLocationWeakEvidence,reported,/home/jimi/PaperExperiment/CompilerOptimization/Result/lepton/phasar/phasar-O2-g/runs/ifds-uninit/lepton_O2_g-Mon-Mar-16-10:10:01-2026,lepton_O2_g-Mon-Mar-16-10:10:01-2026,ifds-uninit,/home/jimi/PaperExperiment/CompilerOptimization/Result/lepton/phasar/phasar-O2-g/artifacts/lepton_O2_g.bc,/home/jimi/PaperExperiment/CompilerOptimization/Result/lepton/phasar/phasar-O2-g/artifacts/lepton_O2_g.ll,/home/jimi/PaperExperiment/CompilerOptimization/Result/lepton/phasar/phasar-O2-g/runs/ifds-uninit/lepton_O2_g-Mon-Mar-16-10:10:01-2026/psr-report.txt,3912,/usr/bin/../lib/gcc/x86_64-linux-gnu/13/../../../../include/c++/13/bits/stl_vector.h,1015,,missing_file,system_header,0,system_header,_ZNSt6vectorIjSaIjEE6resizeEm,,3921,"%6 = load i64, ptr %4, align 8, !dbg !86135, !psr.id !86137 | ID: 31748",,Phasar IFDS-Uninitialized use; variables=__new_size; reported_source=if (__new_size > size()),debug_location_or_source_attribution_drift_candidate,0.50,1,,/home/jimi/PaperExperiment/CompilerOptimization/Result/lepton/phasar/phasar-O2-g/runs/ifds-uninit/lepton_O2_g-Mon-Mar-16-10:10:01-2026/psr-report.txt;/home/jimi/PaperExperiment/CompilerOptimization/Result/lepton/phasar/phasar-O2-g/log/commands.log;/home/jimi/PaperExperiment/CompilerOptimization/Result/lepton/phasar/phasar-O2-g/log/summary.csv,Generated by re-parsing psr-report.txt; source_resolution=direct_or_container_remap; exact source line was revalidated against the resolved source tree.
phasar.lepton.O2g.000280,lepton,phasar,P2,ExternalOrUnresolvedSource,RunOrLocationWeakEvidence,reported,/home/jimi/PaperExperiment/CompilerOptimization/Result/lepton/phasar/phasar-O2-g/runs/ifds-uninit/lepton_O2_g-Mon-Mar-16-10:10:01-2026,lepton_O2_g-Mon-Mar-16-10:10:01-2026,ifds-uninit,/home/jimi/PaperExperiment/CompilerOptimization/Result/lepton/phasar/phasar-O2-g/artifacts/lepton_O2_g.bc,/home/jimi/PaperExperiment/CompilerOptimization/Result/lepton/phasar/phasar-O2-g/artifacts/lepton_O2_g.ll,/home/jimi/PaperExperiment/CompilerOptimization/Result/lepton/phasar/phasar-O2-g/runs/ifds-uninit/lepton_O2_g-Mon-Mar-16-10:10:01-2026/psr-report.txt,3928,/usr/bin/../lib/gcc/x86_64-linux-gnu/13/../../../../include/c++/13/bits/stl_vector.h,1016,,missing_file,system_header,0,system_header,_ZNSt6vectorIjSaIjEE6resizeEm,,3937,"%10 = load i64, ptr %4, align 8, !dbg !86144, !psr.id !86145 | ID: 31752",,Phasar IFDS-Uninitialized use; variables=__new_size; reported_source=_M_default_append(__new_size - size());,debug_location_or_source_attribution_drift_candidate,0.50,1,,/home/jimi/PaperExperiment/CompilerOptimization/Result/lepton/phasar/phasar-O2-g/runs/ifds-uninit/lepton_O2_g-Mon-Mar-16-10:10:01-2026/psr-report.txt;/home/jimi/PaperExperiment/CompilerOptimization/Result/lepton/phasar/phasar-O2-g/log/commands.log;/home/jimi/PaperExperiment/CompilerOptimization/Result/lepton/phasar/phasar-O2-g/log/summary.csv,Generated by re-parsing psr-report.txt; source_resolution=direct_or_container_remap; exact source line was revalidated against the resolved source tree.
phasar.lepton.O2g.000281,lepton,phasar,P2,ExternalOrUnresolvedSource,RunOrLocationWeakEvidence,reported,/home/jimi/PaperExperiment/CompilerOptimization/Result/lepton/phasar/phasar-O2-g/runs/ifds-uninit/lepton_O2_g-Mon-Mar-16-10:10:01-2026,lepton_O2_g-Mon-Mar-16-10:10:01-2026,ifds-uninit,/home/jimi/PaperExperiment/CompilerOptimization/Result/lepton/phasar/phasar-O2-g/artifacts/lepton_O2_g.bc,/home/jimi/PaperExperiment/CompilerOptimization/Result/lepton/phasar/phasar-O2-g/artifacts/lepton_O2_g.ll,/home/jimi/PaperExperiment/CompilerOptimization/Result/lepton/phasar/phasar-O2-g/runs/ifds-uninit/lepton_O2_g-Mon-Mar-16-10:10:01-2026/psr-report.txt,3942,/usr/bin/../lib/gcc/x86_64-linux-gnu/13/../../../../include/c++/13/bits/stl_vector.h,1017,,missing_file,system_header,0,system_header,_ZNSt6vectorIjSaIjEE6resizeEm,,3951,"%14 = load i64, ptr %4, align 8, !dbg !86153, !psr.id !86155 | ID: 31757",,Phasar IFDS-Uninitialized use; variables=__new_size; reported_source=else if (__new_size < size()),debug_location_or_source_attribution_drift_candidate,0.50,1,,/home/jimi/PaperExperiment/CompilerOptimization/Result/lepton/phasar/phasar-O2-g/runs/ifds-uninit/lepton_O2_g-Mon-Mar-16-10:10:01-2026/psr-report.txt;/home/jimi/PaperExperiment/CompilerOptimization/Result/lepton/phasar/phasar-O2-g/log/commands.log;/home/jimi/PaperExperiment/CompilerOptimization/Result/lepton/phasar/phasar-O2-g/log/summary.csv,Generated by re-parsing psr-report.txt; source_resolution=direct_or_container_remap; exact source line was revalidated against the resolved source tree.
phasar.lepton.O2g.000282,lepton,phasar,P2,ExternalOrUnresolvedSource,RunOrLocationWeakEvidence,reported,/home/jimi/PaperExperiment/CompilerOptimization/Result/lepton/phasar/phasar-O2-g/runs/ifds-uninit/lepton_O2_g-Mon-Mar-16-10:10:01-2026,lepton_O2_g-Mon-Mar-16-10:10:01-2026,ifds-uninit,/home/jimi/PaperExperiment/CompilerOptimization/Result/lepton/phasar/phasar-O2-g/artifacts/lepton_O2_g.bc,/home/jimi/PaperExperiment/CompilerOptimization/Result/lepton/phasar/phasar-O2-g/artifacts/lepton_O2_g.ll,/home/jimi/PaperExperiment/CompilerOptimization/Result/lepton/phasar/phasar-O2-g/runs/ifds-uninit/lepton_O2_g-Mon-Mar-16-10:10:01-2026/psr-report.txt,3958,/usr/bin/../lib/gcc/x86_64-linux-gnu/13/../../../../include/c++/13/bits/stl_vector.h,1018,,missing_file,system_header,0,system_header,_ZNSt6vectorIjSaIjEE6resizeEm,,3967,"%21 = load i64, ptr %4, align 8, !dbg !86167, !psr.id !86168 | ID: 31764",,Phasar IFDS-Uninitialized use; variables=__new_size; reported_source=_M_erase_at_end(this->_M_impl._M_start + __new_size);,debug_location_or_source_attribution_drift_candidate,0.50,1,,/home/jimi/PaperExperiment/CompilerOptimization/Result/lepton/phasar/phasar-O2-g/runs/ifds-uninit/lepton_O2_g-Mon-Mar-16-10:10:01-2026/psr-report.txt;/home/jimi/PaperExperiment/CompilerOptimization/Result/lepton/phasar/phasar-O2-g/log/commands.log;/home/jimi/PaperExperiment/CompilerOptimization/Result/lepton/phasar/phasar-O2-g/log/summary.csv,Generated by re-parsing psr-report.txt; source_resolution=direct_or_container_remap; exact source line was revalidated against the resolved source tree.
phasar.lepton.O2g.000292,lepton,phasar,P2,ExternalOrUnresolvedSource,RunOrLocationWeakEvidence,reported,/home/jimi/PaperExperiment/CompilerOptimization/Result/lepton/phasar/phasar-O2-g/runs/ifds-uninit/lepton_O2_g-Mon-Mar-16-10:10:01-2026,lepton_O2_g-Mon-Mar-16-10:10:01-2026,ifds-uninit,/home/jimi/PaperExperiment/CompilerOptimization/Result/lepton/phasar/phasar-O2-g/artifacts/lepton_O2_g.bc,/home/jimi/PaperExperiment/CompilerOptimization/Result/lepton/phasar/phasar-O2-g/artifacts/lepton_O2_g.ll,/home/jimi/PaperExperiment/CompilerOptimization/Result/lepton/phasar/phasar-O2-g/runs/ifds-uninit/lepton_O2_g-Mon-Mar-16-10:10:01-2026/psr-report.txt,4110,/usr/bin/../lib/gcc/x86_64-linux-gnu/13/../../../../include/c++/13/bits/vector.tcc,637,,missing_file,system_header,0,system_header,_ZNSt6vectorIjSaIjEE17_M_default_appendEm,,4119,"%12 = load i64, ptr %4, align 8, !dbg !86730, !psr.id !86732 | ID: 32095",,Phasar IFDS-Uninitialized use; variables=__n; reported_source=if (__n != 0),debug_location_or_source_attribution_drift_candidate,0.50,1,,/home/jimi/PaperExperiment/CompilerOptimization/Result/lepton/phasar/phasar-O2-g/runs/ifds-uninit/lepton_O2_g-Mon-Mar-16-10:10:01-2026/psr-report.txt;/home/jimi/PaperExperiment/CompilerOptimization/Result/lepton/phasar/phasar-O2-g/log/commands.log;/home/jimi/PaperExperiment/CompilerOptimization/Result/lepton/phasar/phasar-O2-g/log/summary.csv,Generated by re-parsing psr-report.txt; source_resolution=direct_or_container_remap; exact source line was revalidated against the resolved source tree.
phasar.lepton.O2g.000293,lepton,phasar,P2,ExternalOrUnresolvedSource,RunOrLocationWeakEvidence,reported,/home/jimi/PaperExperiment/CompilerOptimization/Result/lepton/phasar/phasar-O2-g/runs/ifds-uninit/lepton_O2_g-Mon-Mar-16-10:10:01-2026,lepton_O2_g-Mon-Mar-16-10:10:01-2026,ifds-uninit,/home/jimi/PaperExperiment/CompilerOptimization/Result/lepton/phasar/phasar-O2-g/artifacts/lepton_O2_g.bc,/home/jimi/PaperExperiment/CompilerOptimization/Result/lepton/phasar/phasar-O2-g/artifacts/lepton_O2_g.ll,/home/jimi/PaperExperiment/CompilerOptimization/Result/lepton/phasar/phasar-O2-g/runs/ifds-uninit/lepton_O2_g-Mon-Mar-16-10:10:01-2026/psr-report.txt,4126,/usr/bin/../lib/gcc/x86_64-linux-gnu/13/../../../../include/c++/13/bits/vector.tcc,646,,missing_file,system_header,0,system_header,_ZNSt6vectorIjSaIjEE17_M_default_appendEm,,4135,"%38 = load i64, ptr %4, align 8, !dbg !86789, !psr.id !86790 | ID: 32125",,Phasar IFDS-Uninitialized use; variables=__n; reported_source=if (__navail >= __n),debug_location_or_source_attribution_drift_candidate,0.50,1,,/home/jimi/PaperExperiment/CompilerOptimization/Result/lepton/phasar/phasar-O2-g/runs/ifds-uninit/lepton_O2_g-Mon-Mar-16-10:10:01-2026/psr-report.txt;/home/jimi/PaperExperiment/CompilerOptimization/Result/lepton/phasar/phasar-O2-g/log/commands.log;/home/jimi/PaperExperiment/CompilerOptimization/Result/lepton/phasar/phasar-O2-g/log/summary.csv,Generated by re-parsing psr-report.txt; source_resolution=direct_or_container_remap; exact source line was revalidated against the resolved source tree.
phasar.lepton.O2g.000294,lepton,phasar,P2,ExternalOrUnresolvedSource,RunOrLocationWeakEvidence,reported,/home/jimi/PaperExperiment/CompilerOptimization/Result/lepton/phasar/phasar-O2-g/runs/ifds-uninit/lepton_O2_g-Mon-Mar-16-10:10:01-2026,lepton_O2_g-Mon-Mar-16-10:10:01-2026,ifds-uninit,/home/jimi/PaperExperiment/CompilerOptimization/Result/lepton/phasar/phasar-O2-g/artifacts/lepton_O2_g.bc,/home/jimi/PaperExperiment/CompilerOptimization/Result/lepton/phasar/phasar-O2-g/artifacts/lepton_O2_g.ll,/home/jimi/PaperExperiment/CompilerOptimization/Result/lepton/phasar/phasar-O2-g/runs/ifds-uninit/lepton_O2_g-Mon-Mar-16-10:10:01-2026/psr-report.txt,4142,/usr/bin/../lib/gcc/x86_64-linux-gnu/13/../../../../include/c++/13/bits/vector.tcc,651,,missing_file,system_header,0,system_header,_ZNSt6vectorIjSaIjEE17_M_default_appendEm,,4151,"%44 = load i64, ptr %4, align 8, !dbg !86801, !psr.id !86802 | ID: 32131",,"Phasar IFDS-Uninitialized use; variables=__n; reported_source=__n, _M_get_Tp_allocator());",debug_location_or_source_attribution_drift_candidate,0.50,1,,/home/jimi/PaperExperiment/CompilerOptimization/Result/lepton/phasar/phasar-O2-g/runs/ifds-uninit/lepton_O2_g-Mon-Mar-16-10:10:01-2026/psr-report.txt;/home/jimi/PaperExperiment/CompilerOptimization/Result/lepton/phasar/phasar-O2-g/log/commands.log;/home/jimi/PaperExperiment/CompilerOptimization/Result/lepton/phasar/phasar-O2-g/log/summary.csv,Generated by re-parsing psr-report.txt; source_resolution=direct_or_container_remap; exact source line was revalidated against the resolved source tree.
phasar.lepton.O2g.000295,lepton,phasar,P2,ExternalOrUnresolvedSource,RunOrLocationWeakEvidence,reported,/home/jimi/PaperExperiment/CompilerOptimization/Result/lepton/phasar/phasar-O2-g/runs/ifds-uninit/lepton_O2_g-Mon-Mar-16-10:10:01-2026,lepton_O2_g-Mon-Mar-16-10:10:01-2026,ifds-uninit,/home/jimi/PaperExperiment/CompilerOptimization/Result/lepton/phasar/phasar-O2-g/artifacts/lepton_O2_g.bc,/home/jimi/PaperExperiment/CompilerOptimization/Result/lepton/phasar/phasar-O2-g/artifacts/lepton_O2_g.ll,/home/jimi/PaperExperiment/CompilerOptimization/Result/lepton/phasar/phasar-O2-g/runs/ifds-uninit/lepton_O2_g-Mon-Mar-16-10:10:01-2026/psr-report.txt,4154,/usr/bin/../lib/gcc/x86_64-linux-gnu/13/../../../../include/c++/13/bits/vector.tcc,662,,missing_file,system_header,0,system_header,_ZNSt6vectorIjSaIjEE17_M_default_appendEm,,4163,"%56 = load i64, ptr %4, align 8, !dbg !86837, !psr.id !86838 | ID: 32149",,"Phasar IFDS-Uninitialized use; variables=__n; reported_source=_M_check_len(__n, ""vector::_M_default_append"");",debug_location_or_source_attribution_drift_candidate,0.50,1,,/home/jimi/PaperExperiment/CompilerOptimization/Result/lepton/phasar/phasar-O2-g/runs/ifds-uninit/lepton_O2_g-Mon-Mar-16-10:10:01-2026/psr-report.txt;/home/jimi/PaperExperiment/CompilerOptimization/Result/lepton/phasar/phasar-O2-g/log/commands.log;/home/jimi/PaperExperiment/CompilerOptimization/Result/lepton/phasar/phasar-O2-g/log/summary.csv,Generated by re-parsing psr-report.txt; source_resolution=direct_or_container_remap; exact source line was revalidated against the resolved source tree.
phasar.lepton.O2g.000296,lepton,phasar,P2,ExternalOrUnresolvedSource,RunOrLocationWeakEvidence,reported,/home/jimi/PaperExperiment/CompilerOptimization/Result/lepton/phasar/phasar-O2-g/runs/ifds-uninit/lepton_O2_g-Mon-Mar-16-10:10:01-2026,lepton_O2_g-Mon-Mar-16-10:10:01-2026,ifds-uninit,/home/jimi/PaperExperiment/CompilerOptimization/Result/lepton/phasar/phasar-O2-g/artifacts/lepton_O2_g.bc,/home/jimi/PaperExperiment/CompilerOptimization/Result/lepton/phasar/phasar-O2-g/artifacts/lepton_O2_g.ll,/home/jimi/PaperExperiment/CompilerOptimization/Result/lepton/phasar/phasar-O2-g/runs/ifds-uninit/lepton_O2_g-Mon-Mar-16-10:10:01-2026/psr-report.txt,4166,/usr/bin/../lib/gcc/x86_64-linux-gnu/13/../../../../include/c++/13/bits/vector.tcc,663,,missing_file,system_header,0,system_header,_ZNSt6vectorIjSaIjEE17_M_default_appendEm,,4175,"%58 = load i64, ptr %9, align 8, !dbg !86845, !psr.id !86846 | ID: 32153",,Phasar IFDS-Uninitialized use; variables=__len; reported_source=pointer __new_start(this->_M_allocate(__len));,debug_location_or_source_attribution_drift_candidate,0.50,1,,/home/jimi/PaperExperiment/CompilerOptimization/Result/lepton/phasar/phasar-O2-g/runs/ifds-uninit/lepton_O2_g-Mon-Mar-16-10:10:01-2026/psr-report.txt;/home/jimi/PaperExperiment/CompilerOptimization/Result/lepton/phasar/phasar-O2-g/log/commands.log;/home/jimi/PaperExperiment/CompilerOptimization/Result/lepton/phasar/phasar-O2-g/log/summary.csv,Generated by re-parsing psr-report.txt; source_resolution=direct_or_container_remap; exact source line was revalidated against the resolved source tree.
phasar.lepton.O2g.000297,lepton,phasar,P2,ExternalOrUnresolvedSource,RunOrLocationWeakEvidence,reported,/home/jimi/PaperExperiment/CompilerOptimization/Result/lepton/phasar/phasar-O2-g/runs/ifds-uninit/lepton_O2_g-Mon-Mar-16-10:10:01-2026,lepton_O2_g-Mon-Mar-16-10:10:01-2026,ifds-uninit,/home/jimi/PaperExperiment/CompilerOptimization/Result/lepton/phasar/phasar-O2-g/artifacts/lepton_O2_g.bc,/home/jimi/PaperExperiment/CompilerOptimization/Result/lepton/phasar/phasar-O2-g/artifacts/lepton_O2_g.ll,/home/jimi/PaperExperiment/CompilerOptimization/Result/lepton/phasar/phasar-O2-g/runs/ifds-uninit/lepton_O2_g-Mon-Mar-16-10:10:01-2026/psr-report.txt,4178,/usr/bin/../lib/gcc/x86_64-linux-gnu/13/../../../../include/c++/13/bits/vector.tcc,669,,missing_file,system_header,0,system_header,_ZNSt6vectorIjSaIjEE17_M_default_appendEm,,4187,"%63 = load i64, ptr %4, align 8, !dbg !86860, !psr.id !86861 | ID: 32159",,"Phasar IFDS-Uninitialized use; variables=__n; reported_source=__n, _M_get_Tp_allocator());",debug_location_or_source_attribution_drift_candidate,0.50,1,,/home/jimi/PaperExperiment/CompilerOptimization/Result/lepton/phasar/phasar-O2-g/runs/ifds-uninit/lepton_O2_g-Mon-Mar-16-10:10:01-2026/psr-report.txt;/home/jimi/PaperExperiment/CompilerOptimization/Result/lepton/phasar/phasar-O2-g/log/commands.log;/home/jimi/PaperExperiment/CompilerOptimization/Result/lepton/phasar/phasar-O2-g/log/summary.csv,Generated by re-parsing psr-report.txt; source_resolution=direct_or_container_remap; exact source line was revalidated against the resolved source tree.
phasar.lepton.O2g.000298,lepton,phasar,P2,ExternalOrUnresolvedSource,RunOrLocationWeakEvidence,reported,/home/jimi/PaperExperiment/CompilerOptimization/Result/lepton/phasar/phasar-O2-g/runs/ifds-uninit/lepton_O2_g-Mon-Mar-16-10:10:01-2026,lepton_O2_g-Mon-Mar-16-10:10:01-2026,ifds-uninit,/home/jimi/PaperExperiment/CompilerOptimization/Result/lepton/phasar/phasar-O2-g/artifacts/lepton_O2_g.bc,/home/jimi/PaperExperiment/CompilerOptimization/Result/lepton/phasar/phasar-O2-g/artifacts/lepton_O2_g.ll,/home/jimi/PaperExperiment/CompilerOptimization/Result/lepton/phasar/phasar-O2-g/runs/ifds-uninit/lepton_O2_g-Mon-Mar-16-10:10:01-2026/psr-report.txt,4190,/usr/bin/../lib/gcc/x86_64-linux-gnu/13/../../../../include/c++/13/bits/vector.tcc,706,,missing_file,system_header,0,system_header,_ZNSt6vectorIjSaIjEE17_M_default_appendEm,,4199,"%86 = load i64, ptr %4, align 8, !dbg !86906, !psr.id !86907 | ID: 32184",,Phasar IFDS-Uninitialized use; variables=__n; reported_source=this->_M_impl._M_finish = __new_start + __size + __n;,debug_location_or_source_attribution_drift_candidate,0.50,1,,/home/jimi/PaperExperiment/CompilerOptimization/Result/lepton/phasar/phasar-O2-g/runs/ifds-uninit/lepton_O2_g-Mon-Mar-16-10:10:01-2026/psr-report.txt;/home/jimi/PaperExperiment/CompilerOptimization/Result/lepton/phasar/phasar-O2-g/log/commands.log;/home/jimi/PaperExperiment/CompilerOptimization/Result/lepton/phasar/phasar-O2-g/log/summary.csv,Generated by re-parsing psr-report.txt; source_resolution=direct_or_container_remap; exact source line was revalidated against the resolved source tree.
phasar.lepton.O2g.000299,lepton,phasar,P2,ExternalOrUnresolvedSource,RunOrLocationWeakEvidence,reported,/home/jimi/PaperExperiment/CompilerOptimization/Result/lepton/phasar/phasar-O2-g/runs/ifds-uninit/lepton_O2_g-Mon-Mar-16-10:10:01-2026,lepton_O2_g-Mon-Mar-16-10:10:01-2026,ifds-uninit,/home/jimi/PaperExperiment/CompilerOptimization/Result/lepton/phasar/phasar-O2-g/artifacts/lepton_O2_g.bc,/home/jimi/PaperExperiment/CompilerOptimization/Result/lepton/phasar/phasar-O2-g/artifacts/lepton_O2_g.ll,/home/jimi/PaperExperiment/CompilerOptimization/Result/lepton/phasar/phasar-O2-g/runs/ifds-uninit/lepton_O2_g-Mon-Mar-16-10:10:01-2026/psr-report.txt,4202,/usr/bin/../lib/gcc/x86_64-linux-gnu/13/../../../../include/c++/13/bits/vector.tcc,707,,missing_file,system_header,0,system_header,_ZNSt6vectorIjSaIjEE17_M_default_appendEm,,4211,"%91 = load i64, ptr %9, align 8, !dbg !86918, !psr.id !86919 | ID: 32190",,Phasar IFDS-Uninitialized use; variables=__len; reported_source=this->_M_impl._M_end_of_storage = __new_start + __len;,debug_location_or_source_attribution_drift_candidate,0.50,1,,/home/jimi/PaperExperiment/CompilerOptimization/Result/lepton/phasar/phasar-O2-g/runs/ifds-uninit/lepton_O2_g-Mon-Mar-16-10:10:01-2026/psr-report.txt;/home/jimi/PaperExperiment/CompilerOptimization/Result/lepton/phasar/phasar-O2-g/log/commands.log;/home/jimi/PaperExperiment/CompilerOptimization/Result/lepton/phasar/phasar-O2-g/log/summary.csv,Generated by re-parsing psr-report.txt; source_resolution=direct_or_container_remap; exact source line was revalidated against the resolved source tree.
phasar.lepton.O2g.000300,lepton,phasar,P2,ExternalOrUnresolvedSource,RunOrLocationWeakEvidence,reported,/home/jimi/PaperExperiment/CompilerOptimization/Result/lepton/phasar/phasar-O2-g/runs/ifds-uninit/lepton_O2_g-Mon-Mar-16-10:10:01-2026,lepton_O2_g-Mon-Mar-16-10:10:01-2026,ifds-uninit,/home/jimi/PaperExperiment/CompilerOptimization/Result/lepton/phasar/phasar-O2-g/artifacts/lepton_O2_g.bc,/home/jimi/PaperExperiment/CompilerOptimization/Result/lepton/phasar/phasar-O2-g/artifacts/lepton_O2_g.ll,/home/jimi/PaperExperiment/CompilerOptimization/Result/lepton/phasar/phasar-O2-g/runs/ifds-uninit/lepton_O2_g-Mon-Mar-16-10:10:01-2026/psr-report.txt,4214,/usr/bin/../lib/gcc/x86_64-linux-gnu/13/../../../../include/c++/13/bits/stl_vector.h,1935,,missing_file,system_header,0,system_header,_ZNSt6vectorIjSaIjEE15_M_erase_at_endEPj,,4223,"%13 = load ptr, ptr %7, align 8, !dbg !86958, !psr.id !86959 | ID: 32213",,"Phasar IFDS-Uninitialized use; variables=__pos, __n; reported_source=if (size_type __n = this->_M_impl._M_finish - __pos)",debug_location_or_source_attribution_drift_candidate,0.50,1,,/home/jimi/PaperExperiment/CompilerOptimization/Result/lepton/phasar/phasar-O2-g/runs/ifds-uninit/lepton_O2_g-Mon-Mar-16-10:10:01-2026/psr-report.txt;/home/jimi/PaperExperiment/CompilerOptimization/Result/lepton/phasar/phasar-O2-g/log/commands.log;/home/jimi/PaperExperiment/CompilerOptimization/Result/lepton/phasar/phasar-O2-g/log/summary.csv,Generated by re-parsing psr-report.txt; source_resolution=direct_or_container_remap; exact source line was revalidated against the resolved source tree.
phasar.lepton.O2g.000301,lepton,phasar,P2,ExternalOrUnresolvedSource,RunOrLocationWeakEvidence,reported,/home/jimi/PaperExperiment/CompilerOptimization/Result/lepton/phasar/phasar-O2-g/runs/ifds-uninit/lepton_O2_g-Mon-Mar-16-10:10:01-2026,lepton_O2_g-Mon-Mar-16-10:10:01-2026,ifds-uninit,/home/jimi/PaperExperiment/CompilerOptimization/Result/lepton/phasar/phasar-O2-g/artifacts/lepton_O2_g.bc,/home/jimi/PaperExperiment/CompilerOptimization/Result/lepton/phasar/phasar-O2-g/artifacts/lepton_O2_g.ll,/home/jimi/PaperExperiment/CompilerOptimization/Result/lepton/phasar/phasar-O2-g/runs/ifds-uninit/lepton_O2_g-Mon-Mar-16-10:10:01-2026/psr-report.txt,4236,/usr/bin/../lib/gcc/x86_64-linux-gnu/13/../../../../include/c++/13/bits/stl_vector.h,1937,,missing_file,system_header,0,system_header,_ZNSt6vectorIjSaIjEE15_M_erase_at_endEPj,,4245,"%21 = load ptr, ptr %7, align 8, !dbg !86970, !psr.id !86972 | ID: 32222",,"Phasar IFDS-Uninitialized use; variables=__pos; reported_source=std::_Destroy(__pos, this->_M_impl._M_finish,",debug_location_or_source_attribution_drift_candidate,0.50,1,,/home/jimi/PaperExperiment/CompilerOptimization/Result/lepton/phasar/phasar-O2-g/runs/ifds-uninit/lepton_O2_g-Mon-Mar-16-10:10:01-2026/psr-report.txt;/home/jimi/PaperExperiment/CompilerOptimization/Result/lepton/phasar/phasar-O2-g/log/commands.log;/home/jimi/PaperExperiment/CompilerOptimization/Result/lepton/phasar/phasar-O2-g/log/summary.csv,Generated by re-parsing psr-report.txt; source_resolution=direct_or_container_remap; exact source line was revalidated against the resolved source tree.
phasar.lepton.O2g.000302,lepton,phasar,P2,ExternalOrUnresolvedSource,RunOrLocationWeakEvidence,reported,/home/jimi/PaperExperiment/CompilerOptimization/Result/lepton/phasar/phasar-O2-g/runs/ifds-uninit/lepton_O2_g-Mon-Mar-16-10:10:01-2026,lepton_O2_g-Mon-Mar-16-10:10:01-2026,ifds-uninit,/home/jimi/PaperExperiment/CompilerOptimization/Result/lepton/phasar/phasar-O2-g/artifacts/lepton_O2_g.bc,/home/jimi/PaperExperiment/CompilerOptimization/Result/lepton/phasar/phasar-O2-g/artifacts/lepton_O2_g.ll,/home/jimi/PaperExperiment/CompilerOptimization/Result/lepton/phasar/phasar-O2-g/runs/ifds-uninit/lepton_O2_g-Mon-Mar-16-10:10:01-2026/psr-report.txt,4248,/usr/bin/../lib/gcc/x86_64-linux-gnu/13/../../../../include/c++/13/bits/alloc_traits.h,948,,missing_file,system_header,0,system_header,_ZNSt6vectorIjSaIjEE15_M_erase_at_endEPj,,4257,"%26 = load ptr, ptr %3, align 8, !dbg !86990, !psr.id !86991 | ID: 32233",,"Phasar IFDS-Uninitialized use; variables=__first; reported_source=std::_Destroy(__first, __last);",debug_location_or_source_attribution_drift_candidate,0.50,1,,/home/jimi/PaperExperiment/CompilerOptimization/Result/lepton/phasar/phasar-O2-g/runs/ifds-uninit/lepton_O2_g-Mon-Mar-16-10:10:01-2026/psr-report.txt;/home/jimi/PaperExperiment/CompilerOptimization/Result/lepton/phasar/phasar-O2-g/log/commands.log;/home/jimi/PaperExperiment/CompilerOptimization/Result/lepton/phasar/phasar-O2-g/log/summary.csv,Generated by re-parsing psr-report.txt; source_resolution=direct_or_container_remap; exact source line was revalidated against the resolved source tree.
phasar.lepton.O2g.000303,lepton,phasar,P2,ExternalOrUnresolvedSource,RunOrLocationWeakEvidence,reported,/home/jimi/PaperExperiment/CompilerOptimization/Result/lepton/phasar/phasar-O2-g/runs/ifds-uninit/lepton_O2_g-Mon-Mar-16-10:10:01-2026,lepton_O2_g-Mon-Mar-16-10:10:01-2026,ifds-uninit,/home/jimi/PaperExperiment/CompilerOptimization/Result/lepton/phasar/phasar-O2-g/artifacts/lepton_O2_g.bc,/home/jimi/PaperExperiment/CompilerOptimization/Result/lepton/phasar/phasar-O2-g/artifacts/lepton_O2_g.ll,/home/jimi/PaperExperiment/CompilerOptimization/Result/lepton/phasar/phasar-O2-g/runs/ifds-uninit/lepton_O2_g-Mon-Mar-16-10:10:01-2026/psr-report.txt,4260,/usr/bin/../lib/gcc/x86_64-linux-gnu/13/../../../../include/c++/13/bits/stl_vector.h,1939,,missing_file,system_header,0,system_header,_ZNSt6vectorIjSaIjEE15_M_erase_at_endEPj,,4269,"%28 = load ptr, ptr %7, align 8, !dbg !86996, !psr.id !86997 | ID: 32236",,Phasar IFDS-Uninitialized use; variables=__pos; reported_source=this->_M_impl._M_finish = __pos;,debug_location_or_source_attribution_drift_candidate,0.50,1,,/home/jimi/PaperExperiment/CompilerOptimization/Result/lepton/phasar/phasar-O2-g/runs/ifds-uninit/lepton_O2_g-Mon-Mar-16-10:10:01-2026/psr-report.txt;/home/jimi/PaperExperiment/CompilerOptimization/Result/lepton/phasar/phasar-O2-g/log/commands.log;/home/jimi/PaperExperiment/CompilerOptimization/Result/lepton/phasar/phasar-O2-g/log/summary.csv,Generated by re-parsing psr-report.txt; source_resolution=direct_or_container_remap; exact source line was revalidated against the resolved source tree.
phasar.lepton.O2g.000304,lepton,phasar,P2,ExternalOrUnresolvedSource,RunOrLocationWeakEvidence,reported,/home/jimi/PaperExperiment/CompilerOptimization/Result/lepton/phasar/phasar-O2-g/runs/ifds-uninit/lepton_O2_g-Mon-Mar-16-10:10:01-2026,lepton_O2_g-Mon-Mar-16-10:10:01-2026,ifds-uninit,/home/jimi/PaperExperiment/CompilerOptimization/Result/lepton/phasar/phasar-O2-g/artifacts/lepton_O2_g.bc,/home/jimi/PaperExperiment/CompilerOptimization/Result/lepton/phasar/phasar-O2-g/artifacts/lepton_O2_g.ll,/home/jimi/PaperExperiment/CompilerOptimization/Result/lepton/phasar/phasar-O2-g/runs/ifds-uninit/lepton_O2_g-Mon-Mar-16-10:10:01-2026/psr-report.txt,4272,/usr/bin/../lib/gcc/x86_64-linux-gnu/13/../../../../include/c++/13/bits/stl_uninitialized.h,779,,missing_file,system_header,0,system_header,_ZSt27__uninitialized_default_n_aIPjmjET_S1_T0_RSaIT1_E,,4281,"%8 = load i64, ptr %5, align 8, !dbg !87029, !psr.id !87030 | ID: 32252",,"Phasar IFDS-Uninitialized use; variables=__n; reported_source={ return std::__uninitialized_default_n(__first, __n); }",debug_location_or_source_attribution_drift_candidate,0.50,1,,/home/jimi/PaperExperiment/CompilerOptimization/Result/lepton/phasar/phasar-O2-g/runs/ifds-uninit/lepton_O2_g-Mon-Mar-16-10:10:01-2026/psr-report.txt;/home/jimi/PaperExperiment/CompilerOptimization/Result/lepton/phasar/phasar-O2-g/log/commands.log;/home/jimi/PaperExperiment/CompilerOptimization/Result/lepton/phasar/phasar-O2-g/log/summary.csv,Generated by re-parsing psr-report.txt; source_resolution=direct_or_container_remap; exact source line was revalidated against the resolved source tree.
phasar.lepton.O2g.000305,lepton,phasar,P2,ExternalOrUnresolvedSource,RunOrLocationWeakEvidence,reported,/home/jimi/PaperExperiment/CompilerOptimization/Result/lepton/phasar/phasar-O2-g/runs/ifds-uninit/lepton_O2_g-Mon-Mar-16-10:10:01-2026,lepton_O2_g-Mon-Mar-16-10:10:01-2026,ifds-uninit,/home/jimi/PaperExperiment/CompilerOptimization/Result/lepton/phasar/phasar-O2-g/artifacts/lepton_O2_g.bc,/home/jimi/PaperExperiment/CompilerOptimization/Result/lepton/phasar/phasar-O2-g/artifacts/lepton_O2_g.ll,/home/jimi/PaperExperiment/CompilerOptimization/Result/lepton/phasar/phasar-O2-g/runs/ifds-uninit/lepton_O2_g-Mon-Mar-16-10:10:01-2026/psr-report.txt,4284,/usr/bin/../lib/gcc/x86_64-linux-gnu/13/../../../../include/c++/13/bits/stl_uninitialized.h,712,,missing_file,system_header,0,system_header,_ZSt25__uninitialized_default_nIPjmET_S1_T0_,,4293,"%7 = load i64, ptr %4, align 8, !dbg !87056, !psr.id !87057 | ID: 32265",,"Phasar IFDS-Uninitialized use; variables=__n; reported_source=__uninit_default_n(__first, __n);",debug_location_or_source_attribution_drift_candidate,0.50,1,,/home/jimi/PaperExperiment/CompilerOptimization/Result/lepton/phasar/phasar-O2-g/runs/ifds-uninit/lepton_O2_g-Mon-Mar-16-10:10:01-2026/psr-report.txt;/home/jimi/PaperExperiment/CompilerOptimization/Result/lepton/phasar/phasar-O2-g/log/commands.log;/home/jimi/PaperExperiment/CompilerOptimization/Result/lepton/phasar/phasar-O2-g/log/summary.csv,Generated by re-parsing psr-report.txt; source_resolution=direct_or_container_remap; exact source line was revalidated against the resolved source tree.
phasar.lepton.O2g.000306,lepton,phasar,P2,ExternalOrUnresolvedSource,RunOrLocationWeakEvidence,reported,/home/jimi/PaperExperiment/CompilerOptimization/Result/lepton/phasar/phasar-O2-g/runs/ifds-uninit/lepton_O2_g-Mon-Mar-16-10:10:01-2026,lepton_O2_g-Mon-Mar-16-10:10:01-2026,ifds-uninit,/home/jimi/PaperExperiment/CompilerOptimization/Result/lepton/phasar/phasar-O2-g/artifacts/lepton_O2_g.bc,/home/jimi/PaperExperiment/CompilerOptimization/Result/lepton/phasar/phasar-O2-g/artifacts/lepton_O2_g.ll,/home/jimi/PaperExperiment/CompilerOptimization/Result/lepton/phasar/phasar-O2-g/runs/ifds-uninit/lepton_O2_g-Mon-Mar-16-10:10:01-2026/psr-report.txt,4296,/usr/bin/../lib/gcc/x86_64-linux-gnu/13/../../../../include/c++/13/bits/stl_uninitialized.h,662,,missing_file,system_header,0,system_header,_ZNSt27__uninitialized_default_n_1ILb1EE18__uninit_default_nIPjmEET_S3_T0_,,4305,"%6 = load i64, ptr %4, align 8, !dbg !87075, !psr.id !87077 | ID: 32275",,Phasar IFDS-Uninitialized use; variables=__n; reported_source=if (__n > 0),debug_location_or_source_attribution_drift_candidate,0.50,1,,/home/jimi/PaperExperiment/CompilerOptimization/Result/lepton/phasar/phasar-O2-g/runs/ifds-uninit/lepton_O2_g-Mon-Mar-16-10:10:01-2026/psr-report.txt;/home/jimi/PaperExperiment/CompilerOptimization/Result/lepton/phasar/phasar-O2-g/log/commands.log;/home/jimi/PaperExperiment/CompilerOptimization/Result/lepton/phasar/phasar-O2-g/log/summary.csv,Generated by re-parsing psr-report.txt; source_resolution=direct_or_container_remap; exact source line was revalidated against the resolved source tree.
phasar.lepton.O2g.000307,lepton,phasar,P2,ExternalOrUnresolvedSource,RunOrLocationWeakEvidence,reported,/home/jimi/PaperExperiment/CompilerOptimization/Result/lepton/phasar/phasar-O2-g/runs/ifds-uninit/lepton_O2_g-Mon-Mar-16-10:10:01-2026,lepton_O2_g-Mon-Mar-16-10:10:01-2026,ifds-uninit,/home/jimi/PaperExperiment/CompilerOptimization/Result/lepton/phasar/phasar-O2-g/artifacts/lepton_O2_g.bc,/home/jimi/PaperExperiment/CompilerOptimization/Result/lepton/phasar/phasar-O2-g/artifacts/lepton_O2_g.ll,/home/jimi/PaperExperiment/CompilerOptimization/Result/lepton/phasar/phasar-O2-g/runs/ifds-uninit/lepton_O2_g-Mon-Mar-16-10:10:01-2026/psr-report.txt,4312,/usr/bin/../lib/gcc/x86_64-linux-gnu/13/../../../../include/c++/13/bits/stl_uninitialized.h,668,,missing_file,system_header,0,system_header,_ZNSt27__uninitialized_default_n_1ILb1EE18__uninit_default_nIPjmEET_S3_T0_,,4321,"%14 = load i64, ptr %4, align 8, !dbg !87101, !psr.id !87102 | ID: 32287",,"Phasar IFDS-Uninitialized use; variables=__n; reported_source=__first = std::fill_n(__first, __n - 1, *__val);",debug_location_or_source_attribution_drift_candidate,0.50,1,,/home/jimi/PaperExperiment/CompilerOptimization/Result/lepton/phasar/phasar-O2-g/runs/ifds-uninit/lepton_O2_g-Mon-Mar-16-10:10:01-2026/psr-report.txt;/home/jimi/PaperExperiment/CompilerOptimization/Result/lepton/phasar/phasar-O2-g/log/commands.log;/home/jimi/PaperExperiment/CompilerOptimization/Result/lepton/phasar/phasar-O2-g/log/summary.csv,Generated by re-parsing psr-report.txt; source_resolution=direct_or_container_remap; exact source line was revalidated against the resolved source tree.
phasar.lepton.O2g.000308,lepton,phasar,P2,ExternalOrUnresolvedSource,RunOrLocationWeakEvidence,reported,/home/jimi/PaperExperiment/CompilerOptimization/Result/lepton/phasar/phasar-O2-g/runs/ifds-uninit/lepton_O2_g-Mon-Mar-16-10:10:01-2026,lepton_O2_g-Mon-Mar-16-10:10:01-2026,ifds-uninit,/home/jimi/PaperExperiment/CompilerOptimization/Result/lepton/phasar/phasar-O2-g/artifacts/lepton_O2_g.bc,/home/jimi/PaperExperiment/CompilerOptimization/Result/lepton/phasar/phasar-O2-g/artifacts/lepton_O2_g.ll,/home/jimi/PaperExperiment/CompilerOptimization/Result/lepton/phasar/phasar-O2-g/runs/ifds-uninit/lepton_O2_g-Mon-Mar-16-10:10:01-2026/psr-report.txt,4326,/usr/bin/../lib/gcc/x86_64-linux-gnu/13/../../../../include/c++/13/bits/stl_uninitialized.h,670,,missing_file,system_header,0,system_header,_ZNSt27__uninitialized_default_n_1ILb1EE18__uninit_default_nIPjmEET_S3_T0_,,4335,"%19 = load ptr, ptr %3, align 8, !dbg !87113, !psr.id !87114 | ID: 32293",,Phasar IFDS-Uninitialized use; variables=__first; reported_source=return __first;,debug_location_or_source_attribution_drift_candidate,0.50,1,,/home/jimi/PaperExperiment/CompilerOptimization/Result/lepton/phasar/phasar-O2-g/runs/ifds-uninit/lepton_O2_g-Mon-Mar-16-10:10:01-2026/psr-report.txt;/home/jimi/PaperExperiment/CompilerOptimization/Result/lepton/phasar/phasar-O2-g/log/commands.log;/home/jimi/PaperExperiment/CompilerOptimization/Result/lepton/phasar/phasar-O2-g/log/summary.csv,Generated by re-parsing psr-report.txt; source_resolution=direct_or_container_remap; exact source line was revalidated against the resolved source tree.
phasar.lepton.O2g.000309,lepton,phasar,P2,ExternalOrUnresolvedSource,RunOrLocationWeakEvidence,reported,/home/jimi/PaperExperiment/CompilerOptimization/Result/lepton/phasar/phasar-O2-g/runs/ifds-uninit/lepton_O2_g-Mon-Mar-16-10:10:01-2026,lepton_O2_g-Mon-Mar-16-10:10:01-2026,ifds-uninit,/home/jimi/PaperExperiment/CompilerOptimization/Result/lepton/phasar/phasar-O2-g/artifacts/lepton_O2_g.bc,/home/jimi/PaperExperiment/CompilerOptimization/Result/lepton/phasar/phasar-O2-g/artifacts/lepton_O2_g.ll,/home/jimi/PaperExperiment/CompilerOptimization/Result/lepton/phasar/phasar-O2-g/runs/ifds-uninit/lepton_O2_g-Mon-Mar-16-10:10:01-2026/psr-report.txt,4338,/usr/bin/../lib/gcc/x86_64-linux-gnu/13/../../../../include/c++/13/bits/stl_algobase.h,1157,,missing_file,system_header,0,system_header,_ZSt6fill_nIPjmjET_S1_T0_RKT1_,,4347,"%11 = load i64, ptr %6, align 8, !dbg !87157, !psr.id !87158 | ID: 32314",,"Phasar IFDS-Uninitialized use; variables=__n; reported_source=return std::__fill_n_a(__first, std::__size_to_integer(__n), __value,",debug_location_or_source_attribution_drift_candidate,0.50,1,,/home/jimi/PaperExperiment/CompilerOptimization/Result/lepton/phasar/phasar-O2-g/runs/ifds-uninit/lepton_O2_g-Mon-Mar-16-10:10:01-2026/psr-report.txt;/home/jimi/PaperExperiment/CompilerOptimization/Result/lepton/phasar/phasar-O2-g/log/commands.log;/home/jimi/PaperExperiment/CompilerOptimization/Result/lepton/phasar/phasar-O2-g/log/summary.csv,Generated by re-parsing psr-report.txt; source_resolution=direct_or_container_remap; exact source line was revalidated against the resolved source tree.
phasar.lepton.O2g.000310,lepton,phasar,P2,ExternalOrUnresolvedSource,RunOrLocationWeakEvidence,reported,/home/jimi/PaperExperiment/CompilerOptimization/Result/lepton/phasar/phasar-O2-g/runs/ifds-uninit/lepton_O2_g-Mon-Mar-16-10:10:01-2026,lepton_O2_g-Mon-Mar-16-10:10:01-2026,ifds-uninit,/home/jimi/PaperExperiment/CompilerOptimization/Result/lepton/phasar/phasar-O2-g/artifacts/lepton_O2_g.bc,/home/jimi/PaperExperiment/CompilerOptimization/Result/lepton/phasar/phasar-O2-g/artifacts/lepton_O2_g.ll,/home/jimi/PaperExperiment/CompilerOptimization/Result/lepton/phasar/phasar-O2-g/runs/ifds-uninit/lepton_O2_g-Mon-Mar-16-10:10:01-2026/psr-report.txt,4350,/usr/bin/../lib/gcc/x86_64-linux-gnu/13/../../../../include/c++/13/bits/stl_algobase.h,1123,,missing_file,system_header,0,system_header,_ZSt10__fill_n_aIPjmjET_S1_T0_RKT1_St26random_access_iterator_tag,,4359,"%9 = load i64, ptr %7, align 8, !dbg !87203, !psr.id !87205 | ID: 32333",,Phasar IFDS-Uninitialized use; variables=__n; reported_source=if (__n <= 0),debug_location_or_source_attribution_drift_candidate,0.50,1,,/home/jimi/PaperExperiment/CompilerOptimization/Result/lepton/phasar/phasar-O2-g/runs/ifds-uninit/lepton_O2_g-Mon-Mar-16-10:10:01-2026/psr-report.txt;/home/jimi/PaperExperiment/CompilerOptimization/Result/lepton/phasar/phasar-O2-g/log/commands.log;/home/jimi/PaperExperiment/CompilerOptimization/Result/lepton/phasar/phasar-O2-g/log/summary.csv,Generated by re-parsing psr-report.txt; source_resolution=direct_or_container_remap; exact source line was revalidated against the resolved source tree.
phasar.lepton.O2g.000311,lepton,phasar,P2,ExternalOrUnresolvedSource,RunOrLocationWeakEvidence,reported,/home/jimi/PaperExperiment/CompilerOptimization/Result/lepton/phasar/phasar-O2-g/runs/ifds-uninit/lepton_O2_g-Mon-Mar-16-10:10:01-2026,lepton_O2_g-Mon-Mar-16-10:10:01-2026,ifds-uninit,/home/jimi/PaperExperiment/CompilerOptimization/Result/lepton/phasar/phasar-O2-g/artifacts/lepton_O2_g.bc,/home/jimi/PaperExperiment/CompilerOptimization/Result/lepton/phasar/phasar-O2-g/artifacts/lepton_O2_g.ll,/home/jimi/PaperExperiment/CompilerOptimization/Result/lepton/phasar/phasar-O2-g/runs/ifds-uninit/lepton_O2_g-Mon-Mar-16-10:10:01-2026/psr-report.txt,4366,/usr/bin/../lib/gcc/x86_64-linux-gnu/13/../../../../include/c++/13/bits/stl_algobase.h,1128,,missing_file,system_header,0,system_header,_ZSt10__fill_n_aIPjmjET_S1_T0_RKT1_St26random_access_iterator_tag,,4375,"%16 = load i64, ptr %7, align 8, !dbg !87219, !psr.id !87220 | ID: 32341",,"Phasar IFDS-Uninitialized use; variables=__n; reported_source=std::__fill_a(__first, __first + __n, __value);",debug_location_or_source_attribution_drift_candidate,0.50,1,,/home/jimi/PaperExperiment/CompilerOptimization/Result/lepton/phasar/phasar-O2-g/runs/ifds-uninit/lepton_O2_g-Mon-Mar-16-10:10:01-2026/psr-report.txt;/home/jimi/PaperExperiment/CompilerOptimization/Result/lepton/phasar/phasar-O2-g/log/commands.log;/home/jimi/PaperExperiment/CompilerOptimization/Result/lepton/phasar/phasar-O2-g/log/summary.csv,Generated by re-parsing psr-report.txt; source_resolution=direct_or_container_remap; exact source line was revalidated against the resolved source tree.
phasar.lepton.O2g.000312,lepton,phasar,P2,ExternalOrUnresolvedSource,RunOrLocationWeakEvidence,reported,/home/jimi/PaperExperiment/CompilerOptimization/Result/lepton/phasar/phasar-O2-g/runs/ifds-uninit/lepton_O2_g-Mon-Mar-16-10:10:01-2026,lepton_O2_g-Mon-Mar-16-10:10:01-2026,ifds-uninit,/home/jimi/PaperExperiment/CompilerOptimization/Result/lepton/phasar/phasar-O2-g/artifacts/lepton_O2_g.bc,/home/jimi/PaperExperiment/CompilerOptimization/Result/lepton/phasar/phasar-O2-g/artifacts/lepton_O2_g.ll,/home/jimi/PaperExperiment/CompilerOptimization/Result/lepton/phasar/phasar-O2-g/runs/ifds-uninit/lepton_O2_g-Mon-Mar-16-10:10:01-2026/psr-report.txt,4378,/usr/bin/../lib/gcc/x86_64-linux-gnu/13/../../../../include/c++/13/bits/stl_algobase.h,1129,,missing_file,system_header,0,system_header,_ZSt10__fill_n_aIPjmjET_S1_T0_RKT1_St26random_access_iterator_tag,,4387,"%20 = load i64, ptr %7, align 8, !dbg !87229, !psr.id !87230 | ID: 32346",,Phasar IFDS-Uninitialized use; variables=__n; reported_source=return __first + __n;,debug_location_or_source_attribution_drift_candidate,0.50,1,,/home/jimi/PaperExperiment/CompilerOptimization/Result/lepton/phasar/phasar-O2-g/runs/ifds-uninit/lepton_O2_g-Mon-Mar-16-10:10:01-2026/psr-report.txt;/home/jimi/PaperExperiment/CompilerOptimization/Result/lepton/phasar/phasar-O2-g/log/commands.log;/home/jimi/PaperExperiment/CompilerOptimization/Result/lepton/phasar/phasar-O2-g/log/summary.csv,Generated by re-parsing psr-report.txt; source_resolution=direct_or_container_remap; exact source line was revalidated against the resolved source tree.
phasar.lepton.O2g.000313,lepton,phasar,P2,ExternalOrUnresolvedSource,RunOrLocationWeakEvidence,reported,/home/jimi/PaperExperiment/CompilerOptimization/Result/lepton/phasar/phasar-O2-g/runs/ifds-uninit/lepton_O2_g-Mon-Mar-16-10:10:01-2026,lepton_O2_g-Mon-Mar-16-10:10:01-2026,ifds-uninit,/home/jimi/PaperExperiment/CompilerOptimization/Result/lepton/phasar/phasar-O2-g/artifacts/lepton_O2_g.bc,/home/jimi/PaperExperiment/CompilerOptimization/Result/lepton/phasar/phasar-O2-g/artifacts/lepton_O2_g.ll,/home/jimi/PaperExperiment/CompilerOptimization/Result/lepton/phasar/phasar-O2-g/runs/ifds-uninit/lepton_O2_g-Mon-Mar-16-10:10:01-2026/psr-report.txt,4390,/usr/bin/../lib/gcc/x86_64-linux-gnu/13/../../../../include/c++/13/bits/stl_algobase.h,1130,,missing_file,system_header,0,system_header,_ZSt10__fill_n_aIPjmjET_S1_T0_RKT1_St26random_access_iterator_tag,,4398,"%23 = load ptr, ptr %4, align 8, !dbg !87236, !psr.id !87237 | ID: 32350",,Phasar IFDS-Uninitialized use; variables=Line       : 1130; reported_source=},debug_location_or_source_attribution_drift_candidate,0.50,1,,/home/jimi/PaperExperiment/CompilerOptimization/Result/lepton/phasar/phasar-O2-g/runs/ifds-uninit/lepton_O2_g-Mon-Mar-16-10:10:01-2026/psr-report.txt;/home/jimi/PaperExperiment/CompilerOptimization/Result/lepton/phasar/phasar-O2-g/log/commands.log;/home/jimi/PaperExperiment/CompilerOptimization/Result/lepton/phasar/phasar-O2-g/log/summary.csv,Generated by re-parsing psr-report.txt; source_resolution=direct_or_container_remap; exact source line was revalidated against the resolved source tree.
phasar.lepton.O2g.000314,lepton,phasar,P2,ExternalOrUnresolvedSource,RunOrLocationWeakEvidence,reported,/home/jimi/PaperExperiment/CompilerOptimization/Result/lepton/phasar/phasar-O2-g/runs/ifds-uninit/lepton_O2_g-Mon-Mar-16-10:10:01-2026,lepton_O2_g-Mon-Mar-16-10:10:01-2026,ifds-uninit,/home/jimi/PaperExperiment/CompilerOptimization/Result/lepton/phasar/phasar-O2-g/artifacts/lepton_O2_g.bc,/home/jimi/PaperExperiment/CompilerOptimization/Result/lepton/phasar/phasar-O2-g/artifacts/lepton_O2_g.ll,/home/jimi/PaperExperiment/CompilerOptimization/Result/lepton/phasar/phasar-O2-g/runs/ifds-uninit/lepton_O2_g-Mon-Mar-16-10:10:01-2026/psr-report.txt,4401,/usr/bin/../lib/gcc/x86_64-linux-gnu/13/../../../../include/c++/13/bits/stl_algobase.h,977,,missing_file,system_header,0,system_header,_ZSt8__fill_aIPjjEvT_S1_RKT0_,,4410,"%8 = load ptr, ptr %5, align 8, !dbg !87261, !psr.id !87262 | ID: 32362",,"Phasar IFDS-Uninitialized use; variables=__last; reported_source={ std::__fill_a1(__first, __last, __value); }",debug_location_or_source_attribution_drift_candidate,0.50,1,,/home/jimi/PaperExperiment/CompilerOptimization/Result/lepton/phasar/phasar-O2-g/runs/ifds-uninit/lepton_O2_g-Mon-Mar-16-10:10:01-2026/psr-report.txt;/home/jimi/PaperExperiment/CompilerOptimization/Result/lepton/phasar/phasar-O2-g/log/commands.log;/home/jimi/PaperExperiment/CompilerOptimization/Result/lepton/phasar/phasar-O2-g/log/summary.csv,Generated by re-parsing psr-report.txt; source_resolution=direct_or_container_remap; exact source line was revalidated against the resolved source tree.
phasar.lepton.O2g.000315,lepton,phasar,P2,ExternalOrUnresolvedSource,RunOrLocationWeakEvidence,reported,/home/jimi/PaperExperiment/CompilerOptimization/Result/lepton/phasar/phasar-O2-g/runs/ifds-uninit/lepton_O2_g-Mon-Mar-16-10:10:01-2026,lepton_O2_g-Mon-Mar-16-10:10:01-2026,ifds-uninit,/home/jimi/PaperExperiment/CompilerOptimization/Result/lepton/phasar/phasar-O2-g/artifacts/lepton_O2_g.bc,/home/jimi/PaperExperiment/CompilerOptimization/Result/lepton/phasar/phasar-O2-g/artifacts/lepton_O2_g.ll,/home/jimi/PaperExperiment/CompilerOptimization/Result/lepton/phasar/phasar-O2-g/runs/ifds-uninit/lepton_O2_g-Mon-Mar-16-10:10:01-2026/psr-report.txt,4413,/usr/bin/../lib/gcc/x86_64-linux-gnu/13/../../../../include/c++/13/bits/stl_algobase.h,930,,missing_file,system_header,0,system_header,_ZSt9__fill_a1IPjjEN9__gnu_cxx11__enable_ifIXsr11__is_scalarIT0_EE7__valueEvE6__typeET_S6_RKS3_,,4422,"%12 = load ptr, ptr %5, align 8, !dbg !87301, !psr.id !87302 | ID: 32382",,Phasar IFDS-Uninitialized use; variables=__last; reported_source=for (; __first != __last; ++__first),debug_location_or_source_attribution_drift_candidate,0.50,1,,/home/jimi/PaperExperiment/CompilerOptimization/Result/lepton/phasar/phasar-O2-g/runs/ifds-uninit/lepton_O2_g-Mon-Mar-16-10:10:01-2026/psr-report.txt;/home/jimi/PaperExperiment/CompilerOptimization/Result/lepton/phasar/phasar-O2-g/log/commands.log;/home/jimi/PaperExperiment/CompilerOptimization/Result/lepton/phasar/phasar-O2-g/log/summary.csv,Generated by re-parsing psr-report.txt; source_resolution=direct_or_container_remap; exact source line was revalidated against the resolved source tree.
phasar.lepton.O2g.000316,lepton,phasar,P2,ExternalOrUnresolvedSource,RunOrLocationWeakEvidence,reported,/home/jimi/PaperExperiment/CompilerOptimization/Result/lepton/phasar/phasar-O2-g/runs/ifds-uninit/lepton_O2_g-Mon-Mar-16-10:10:01-2026,lepton_O2_g-Mon-Mar-16-10:10:01-2026,ifds-uninit,/home/jimi/PaperExperiment/CompilerOptimization/Result/lepton/phasar/phasar-O2-g/artifacts/lepton_O2_g.bc,/home/jimi/PaperExperiment/CompilerOptimization/Result/lepton/phasar/phasar-O2-g/artifacts/lepton_O2_g.ll,/home/jimi/PaperExperiment/CompilerOptimization/Result/lepton/phasar/phasar-O2-g/runs/ifds-uninit/lepton_O2_g-Mon-Mar-16-10:10:01-2026/psr-report.txt,4429,/usr/bin/../lib/gcc/x86_64-linux-gnu/13/../../../../include/c++/13/bits/stl_vector.h,1909,,missing_file,system_header,0,system_header,_ZNSt6vectorIhN8Sirikata13JpegAllocatorIhEEE17_S_check_init_lenEmRKS2_,,4438,"%6 = load i64, ptr %3, align 8, !dbg !87356, !psr.id !87358 | ID: 32410",,Phasar IFDS-Uninitialized use; variables=__n; reported_source=if (__n > _S_max_size(_Tp_alloc_type(__a))),debug_location_or_source_attribution_drift_candidate,0.50,1,,/home/jimi/PaperExperiment/CompilerOptimization/Result/lepton/phasar/phasar-O2-g/runs/ifds-uninit/lepton_O2_g-Mon-Mar-16-10:10:01-2026/psr-report.txt;/home/jimi/PaperExperiment/CompilerOptimization/Result/lepton/phasar/phasar-O2-g/log/commands.log;/home/jimi/PaperExperiment/CompilerOptimization/Result/lepton/phasar/phasar-O2-g/log/summary.csv,Generated by re-parsing psr-report.txt; source_resolution=direct_or_container_remap; exact source line was revalidated against the resolved source tree.
phasar.lepton.O2g.000317,lepton,phasar,P2,ExternalOrUnresolvedSource,RunOrLocationWeakEvidence,reported,/home/jimi/PaperExperiment/CompilerOptimization/Result/lepton/phasar/phasar-O2-g/runs/ifds-uninit/lepton_O2_g-Mon-Mar-16-10:10:01-2026,lepton_O2_g-Mon-Mar-16-10:10:01-2026,ifds-uninit,/home/jimi/PaperExperiment/CompilerOptimization/Result/lepton/phasar/phasar-O2-g/artifacts/lepton_O2_g.bc,/home/jimi/PaperExperiment/CompilerOptimization/Result/lepton/phasar/phasar-O2-g/artifacts/lepton_O2_g.ll,/home/jimi/PaperExperiment/CompilerOptimization/Result/lepton/phasar/phasar-O2-g/runs/ifds-uninit/lepton_O2_g-Mon-Mar-16-10:10:01-2026/psr-report.txt,4445,/usr/bin/../lib/gcc/x86_64-linux-gnu/13/../../../../include/c++/13/bits/stl_vector.h,1912,,missing_file,system_header,0,system_header,_ZNSt6vectorIhN8Sirikata13JpegAllocatorIhEEE17_S_check_init_lenEmRKS2_,,4454,"%12 = load i64, ptr %3, align 8, !dbg !87373, !psr.id !87374 | ID: 32419",,Phasar IFDS-Uninitialized use; variables=__n; reported_source=return __n;,debug_location_or_source_attribution_drift_candidate,0.50,1,,/home/jimi/PaperExperiment/CompilerOptimization/Result/lepton/phasar/phasar-O2-g/runs/ifds-uninit/lepton_O2_g-Mon-Mar-16-10:10:01-2026/psr-report.txt;/home/jimi/PaperExperiment/CompilerOptimization/Result/lepton/phasar/phasar-O2-g/log/commands.log;/home/jimi/PaperExperiment/CompilerOptimization/Result/lepton/phasar/phasar-O2-g/log/summary.csv,Generated by re-parsing psr-report.txt; source_resolution=direct_or_container_remap; exact source line was revalidated against the resolved source tree.
phasar.lepton.O2g.000318,lepton,phasar,P2,ExternalOrUnresolvedSource,RunOrLocationWeakEvidence,reported,/home/jimi/PaperExperiment/CompilerOptimization/Result/lepton/phasar/phasar-O2-g/runs/ifds-uninit/lepton_O2_g-Mon-Mar-16-10:10:01-2026,lepton_O2_g-Mon-Mar-16-10:10:01-2026,ifds-uninit,/home/jimi/PaperExperiment/CompilerOptimization/Result/lepton/phasar/phasar-O2-g/artifacts/lepton_O2_g.bc,/home/jimi/PaperExperiment/CompilerOptimization/Result/lepton/phasar/phasar-O2-g/artifacts/lepton_O2_g.ll,/home/jimi/PaperExperiment/CompilerOptimization/Result/lepton/phasar/phasar-O2-g/runs/ifds-uninit/lepton_O2_g-Mon-Mar-16-10:10:01-2026/psr-report.txt,4457,/usr/bin/../lib/gcc/x86_64-linux-gnu/13/../../../../include/c++/13/bits/stl_vector.h,335,,missing_file,system_header,0,system_header,_ZNSt12_Vector_baseIhN8Sirikata13JpegAllocatorIhEEEC2EmRKS2_,,4466,"%10 = load i64, ptr %5, align 8, !dbg !87399, !psr.id !87401 | ID: 32434",,Phasar IFDS-Uninitialized use; variables=__n; reported_source={ _M_create_storage(__n); },debug_location_or_source_attribution_drift_candidate,0.50,1,,/home/jimi/PaperExperiment/CompilerOptimization/Result/lepton/phasar/phasar-O2-g/runs/ifds-uninit/lepton_O2_g-Mon-Mar-16-10:10:01-2026/psr-report.txt;/home/jimi/PaperExperiment/CompilerOptimization/Result/lepton/phasar/phasar-O2-g/log/commands.log;/home/jimi/PaperExperiment/CompilerOptimization/Result/lepton/phasar/phasar-O2-g/log/summary.csv,Generated by re-parsing psr-report.txt; source_resolution=direct_or_container_remap; exact source line was revalidated against the resolved source tree.
phasar.lepton.O2g.000319,lepton,phasar,P2,ExternalOrUnresolvedSource,RunOrLocationWeakEvidence,reported,/home/jimi/PaperExperiment/CompilerOptimization/Result/lepton/phasar/phasar-O2-g/runs/ifds-uninit/lepton_O2_g-Mon-Mar-16-10:10:01-2026,lepton_O2_g-Mon-Mar-16-10:10:01-2026,ifds-uninit,/home/jimi/PaperExperiment/CompilerOptimization/Result/lepton/phasar/phasar-O2-g/artifacts/lepton_O2_g.bc,/home/jimi/PaperExperiment/CompilerOptimization/Result/lepton/phasar/phasar-O2-g/artifacts/lepton_O2_g.ll,/home/jimi/PaperExperiment/CompilerOptimization/Result/lepton/phasar/phasar-O2-g/runs/ifds-uninit/lepton_O2_g-Mon-Mar-16-10:10:01-2026/psr-report.txt,4469,/usr/bin/../lib/gcc/x86_64-linux-gnu/13/../../../../include/c++/13/bits/stl_vector.h,1718,,missing_file,system_header,0,system_header,_ZNSt6vectorIhN8Sirikata13JpegAllocatorIhEEE21_M_default_initializeEm,,4478,"%10 = load i64, ptr %4, align 8, !dbg !87425, !psr.id !87426 | ID: 32448",,"Phasar IFDS-Uninitialized use; variables=__n; reported_source=std::__uninitialized_default_n_a(this->_M_impl._M_start, __n,",debug_location_or_source_attribution_drift_candidate,0.50,1,,/home/jimi/PaperExperiment/CompilerOptimization/Result/lepton/phasar/phasar-O2-g/runs/ifds-uninit/lepton_O2_g-Mon-Mar-16-10:10:01-2026/psr-report.txt;/home/jimi/PaperExperiment/CompilerOptimization/Result/lepton/phasar/phasar-O2-g/log/commands.log;/home/jimi/PaperExperiment/CompilerOptimization/Result/lepton/phasar/phasar-O2-g/log/summary.csv,Generated by re-parsing psr-report.txt; source_resolution=direct_or_container_remap; exact source line was revalidated against the resolved source tree.
phasar.lepton.O2g.000320,lepton,phasar,P2,ExternalOrUnresolvedSource,RunOrLocationWeakEvidence,reported,/home/jimi/PaperExperiment/CompilerOptimization/Result/lepton/phasar/phasar-O2-g/runs/ifds-uninit/lepton_O2_g-Mon-Mar-16-10:10:01-2026,lepton_O2_g-Mon-Mar-16-10:10:01-2026,ifds-uninit,/home/jimi/PaperExperiment/CompilerOptimization/Result/lepton/phasar/phasar-O2-g/artifacts/lepton_O2_g.bc,/home/jimi/PaperExperiment/CompilerOptimization/Result/lepton/phasar/phasar-O2-g/artifacts/lepton_O2_g.ll,/home/jimi/PaperExperiment/CompilerOptimization/Result/lepton/phasar/phasar-O2-g/runs/ifds-uninit/lepton_O2_g-Mon-Mar-16-10:10:01-2026/psr-report.txt,4481,/usr/bin/../lib/gcc/x86_64-linux-gnu/13/../../../../include/c++/13/bits/stl_uninitialized.h,760,,missing_file,system_header,0,system_header,_ZSt27__uninitialized_default_n_aIPhmN8Sirikata13JpegAllocatorIhEEET_S4_T0_RT1_,,4490,"%10 = load i64, ptr %5, align 8, !dbg !87471, !psr.id !87474 | ID: 32470",,"Phasar IFDS-Uninitialized use; variables=__n, __n; reported_source=for (; __n > 0; --__n, (void) ++__cur)",debug_location_or_source_attribution_drift_candidate,0.50,1,,/home/jimi/PaperExperiment/CompilerOptimization/Result/lepton/phasar/phasar-O2-g/runs/ifds-uninit/lepton_O2_g-Mon-Mar-16-10:10:01-2026/psr-report.txt;/home/jimi/PaperExperiment/CompilerOptimization/Result/lepton/phasar/phasar-O2-g/log/commands.log;/home/jimi/PaperExperiment/CompilerOptimization/Result/lepton/phasar/phasar-O2-g/log/summary.csv,Generated by re-parsing psr-report.txt; source_resolution=direct_or_container_remap; exact source line was revalidated against the resolved source tree.
phasar.lepton.O2g.000321,lepton,phasar,P2,ExternalOrUnresolvedSource,RunOrLocationWeakEvidence,reported,/home/jimi/PaperExperiment/CompilerOptimization/Result/lepton/phasar/phasar-O2-g/runs/ifds-uninit/lepton_O2_g-Mon-Mar-16-10:10:01-2026,lepton_O2_g-Mon-Mar-16-10:10:01-2026,ifds-uninit,/home/jimi/PaperExperiment/CompilerOptimization/Result/lepton/phasar/phasar-O2-g/artifacts/lepton_O2_g.bc,/home/jimi/PaperExperiment/CompilerOptimization/Result/lepton/phasar/phasar-O2-g/artifacts/lepton_O2_g.ll,/home/jimi/PaperExperiment/CompilerOptimization/Result/lepton/phasar/phasar-O2-g/runs/ifds-uninit/lepton_O2_g-Mon-Mar-16-10:10:01-2026/psr-report.txt,4501,/usr/bin/../lib/gcc/x86_64-linux-gnu/13/../../../../include/c++/13/bits/stl_vector.h,398,,missing_file,system_header,0,system_header,_ZNSt12_Vector_baseIhN8Sirikata13JpegAllocatorIhEEE17_M_create_storageEm,,4510,"%6 = load i64, ptr %4, align 8, !dbg !87556, !psr.id !87557 | ID: 32512",,Phasar IFDS-Uninitialized use; variables=__n; reported_source=this->_M_impl._M_start = this->_M_allocate(__n);,debug_location_or_source_attribution_drift_candidate,0.50,1,,/home/jimi/PaperExperiment/CompilerOptimization/Result/lepton/phasar/phasar-O2-g/runs/ifds-uninit/lepton_O2_g-Mon-Mar-16-10:10:01-2026/psr-report.txt;/home/jimi/PaperExperiment/CompilerOptimization/Result/lepton/phasar/phasar-O2-g/log/commands.log;/home/jimi/PaperExperiment/CompilerOptimization/Result/lepton/phasar/phasar-O2-g/log/summary.csv,Generated by re-parsing psr-report.txt; source_resolution=direct_or_container_remap; exact source line was revalidated against the resolved source tree.
phasar.lepton.O2g.000322,lepton,phasar,P2,ExternalOrUnresolvedSource,RunOrLocationWeakEvidence,reported,/home/jimi/PaperExperiment/CompilerOptimization/Result/lepton/phasar/phasar-O2-g/runs/ifds-uninit/lepton_O2_g-Mon-Mar-16-10:10:01-2026,lepton_O2_g-Mon-Mar-16-10:10:01-2026,ifds-uninit,/home/jimi/PaperExperiment/CompilerOptimization/Result/lepton/phasar/phasar-O2-g/artifacts/lepton_O2_g.bc,/home/jimi/PaperExperiment/CompilerOptimization/Result/lepton/phasar/phasar-O2-g/artifacts/lepton_O2_g.ll,/home/jimi/PaperExperiment/CompilerOptimization/Result/lepton/phasar/phasar-O2-g/runs/ifds-uninit/lepton_O2_g-Mon-Mar-16-10:10:01-2026/psr-report.txt,4513,/usr/bin/../lib/gcc/x86_64-linux-gnu/13/../../../../include/c++/13/bits/stl_vector.h,400,,missing_file,system_header,0,system_header,_ZNSt12_Vector_baseIhN8Sirikata13JpegAllocatorIhEEE17_M_create_storageEm,,4522,"%22 = load i64, ptr %4, align 8, !dbg !87590, !psr.id !87591 | ID: 32530",,Phasar IFDS-Uninitialized use; variables=__n; reported_source=this->_M_impl._M_end_of_storage = this->_M_impl._M_start + __n;,debug_location_or_source_attribution_drift_candidate,0.50,1,,/home/jimi/PaperExperiment/CompilerOptimization/Result/lepton/phasar/phasar-O2-g/runs/ifds-uninit/lepton_O2_g-Mon-Mar-16-10:10:01-2026/psr-report.txt;/home/jimi/PaperExperiment/CompilerOptimization/Result/lepton/phasar/phasar-O2-g/log/commands.log;/home/jimi/PaperExperiment/CompilerOptimization/Result/lepton/phasar/phasar-O2-g/log/summary.csv,Generated by re-parsing psr-report.txt; source_resolution=direct_or_container_remap; exact source line was revalidated against the resolved source tree.
phasar.lepton.O2g.000337,lepton,phasar,P2,ExternalOrUnresolvedSource,RunOrLocationWeakEvidence,reported,/home/jimi/PaperExperiment/CompilerOptimization/Result/lepton/phasar/phasar-O2-g/runs/ifds-uninit/lepton_O2_g-Mon-Mar-16-10:10:01-2026,lepton_O2_g-Mon-Mar-16-10:10:01-2026,ifds-uninit,/home/jimi/PaperExperiment/CompilerOptimization/Result/lepton/phasar/phasar-O2-g/artifacts/lepton_O2_g.bc,/home/jimi/PaperExperiment/CompilerOptimization/Result/lepton/phasar/phasar-O2-g/artifacts/lepton_O2_g.ll,/home/jimi/PaperExperiment/CompilerOptimization/Result/lepton/phasar/phasar-O2-g/runs/ifds-uninit/lepton_O2_g-Mon-Mar-16-10:10:01-2026/psr-report.txt,4832,/usr/bin/../lib/gcc/x86_64-linux-gnu/13/../../../../include/c++/13/functional,885,,missing_file,system_header,0,system_header,_ZSt4bindIPFvPKhmPPKcN8Sirikata7Array1dIhLj16ENS5_13DontRoundPow2ENS5_10DirectTypeINS5_15ArrayBaseType1dIhLj16ES7_EEEEEEiEJRPhRmRS4_RSC_RiEENSt12_Bind_helperIXsr15__is_socketlikeIT_EE5valueESM_JDpT0_EE4typeEOSM_DpOSN_,,4841,"%18 = load ptr, ptr %12, align 8, !dbg !115180, !psr.id !115183 | ID: 47400",,"Phasar IFDS-Uninitialized use; variables=__args, __args; reported_source=std::forward<_BoundArgs>(__args)...);",debug_location_or_source_attribution_drift_candidate,0.50,1,,/home/jimi/PaperExperiment/CompilerOptimization/Result/lepton/phasar/phasar-O2-g/runs/ifds-uninit/lepton_O2_g-Mon-Mar-16-10:10:01-2026/psr-report.txt;/home/jimi/PaperExperiment/CompilerOptimization/Result/lepton/phasar/phasar-O2-g/log/commands.log;/home/jimi/PaperExperiment/CompilerOptimization/Result/lepton/phasar/phasar-O2-g/log/summary.csv,Generated by re-parsing psr-report.txt; source_resolution=direct_or_container_remap; exact source line was revalidated against the resolved source tree.
phasar.lepton.O2g.000338,lepton,phasar,P2,ExternalOrUnresolvedSource,RunOrLocationWeakEvidence,reported,/home/jimi/PaperExperiment/CompilerOptimization/Result/lepton/phasar/phasar-O2-g/runs/ifds-uninit/lepton_O2_g-Mon-Mar-16-10:10:01-2026,lepton_O2_g-Mon-Mar-16-10:10:01-2026,ifds-uninit,/home/jimi/PaperExperiment/CompilerOptimization/Result/lepton/phasar/phasar-O2-g/artifacts/lepton_O2_g.bc,/home/jimi/PaperExperiment/CompilerOptimization/Result/lepton/phasar/phasar-O2-g/artifacts/lepton_O2_g.ll,/home/jimi/PaperExperiment/CompilerOptimization/Result/lepton/phasar/phasar-O2-g/runs/ifds-uninit/lepton_O2_g-Mon-Mar-16-10:10:01-2026/psr-report.txt,4846,/usr/bin/../lib/gcc/x86_64-linux-gnu/13/../../../../include/c++/13/functional,578,,missing_file,system_header,0,system_header,_ZNSt5_BindIFPFvPKhmPPKcN8Sirikata7Array1dIhLj16ENS5_13DontRoundPow2ENS5_10DirectTypeINS5_15ArrayBaseType1dIhLj16ES7_EEEEEEiEPhmS4_SC_iEEC2IJRSF_RmRS4_RSC_RiEEEOSE_DpOT_,,4855,"%22 = load ptr, ptr %12, align 8, !dbg !119195, !psr.id !119198 | ID: 49436",,"Phasar IFDS-Uninitialized use; variables=__args; reported_source=: _M_f(std::move(__f)), _M_bound_args(std::forward<_Args>(__args)...)",debug_location_or_source_attribution_drift_candidate,0.50,1,,/home/jimi/PaperExperiment/CompilerOptimization/Result/lepton/phasar/phasar-O2-g/runs/ifds-uninit/lepton_O2_g-Mon-Mar-16-10:10:01-2026/psr-report.txt;/home/jimi/PaperExperiment/CompilerOptimization/Result/lepton/phasar/phasar-O2-g/log/commands.log;/home/jimi/PaperExperiment/CompilerOptimization/Result/lepton/phasar/phasar-O2-g/log/summary.csv,Generated by re-parsing psr-report.txt; source_resolution=direct_or_container_remap; exact source line was revalidated against the resolved source tree.
phasar.lepton.O2g.000339,lepton,phasar,P2,ExternalOrUnresolvedSource,RunOrLocationWeakEvidence,reported,/home/jimi/PaperExperiment/CompilerOptimization/Result/lepton/phasar/phasar-O2-g/runs/ifds-uninit/lepton_O2_g-Mon-Mar-16-10:10:01-2026,lepton_O2_g-Mon-Mar-16-10:10:01-2026,ifds-uninit,/home/jimi/PaperExperiment/CompilerOptimization/Result/lepton/phasar/phasar-O2-g/artifacts/lepton_O2_g.bc,/home/jimi/PaperExperiment/CompilerOptimization/Result/lepton/phasar/phasar-O2-g/artifacts/lepton_O2_g.ll,/home/jimi/PaperExperiment/CompilerOptimization/Result/lepton/phasar/phasar-O2-g/runs/ifds-uninit/lepton_O2_g-Mon-Mar-16-10:10:01-2026/psr-report.txt,4858,/usr/bin/../lib/gcc/x86_64-linux-gnu/13/../../../../include/c++/13/tuple,891,,missing_file,system_header,0,system_header,_ZNSt5tupleIJPhmPPKcN8Sirikata7Array1dIhLj16ENS4_13DontRoundPow2ENS4_10DirectTypeINS4_15ArrayBaseType1dIhLj16ES6_EEEEEEiEEC2IJRS0_RmRS3_RSB_RiELb1ELb1EEEDpOT_,,4867,"%16 = load ptr, ptr %10, align 8, !dbg !119237, !psr.id !119240 | ID: 49462",,Phasar IFDS-Uninitialized use; variables=__elements; reported_source=: _Inherited(std::forward<_UElements>(__elements)...) { },debug_location_or_source_attribution_drift_candidate,0.50,1,,/home/jimi/PaperExperiment/CompilerOptimization/Result/lepton/phasar/phasar-O2-g/runs/ifds-uninit/lepton_O2_g-Mon-Mar-16-10:10:01-2026/psr-report.txt;/home/jimi/PaperExperiment/CompilerOptimization/Result/lepton/phasar/phasar-O2-g/log/commands.log;/home/jimi/PaperExperiment/CompilerOptimization/Result/lepton/phasar/phasar-O2-g/log/summary.csv,Generated by re-parsing psr-report.txt; source_resolution=direct_or_container_remap; exact source line was revalidated against the resolved source tree.
phasar.lepton.O2g.000340,lepton,phasar,P2,ExternalOrUnresolvedSource,RunOrLocationWeakEvidence,reported,/home/jimi/PaperExperiment/CompilerOptimization/Result/lepton/phasar/phasar-O2-g/runs/ifds-uninit/lepton_O2_g-Mon-Mar-16-10:10:01-2026,lepton_O2_g-Mon-Mar-16-10:10:01-2026,ifds-uninit,/home/jimi/PaperExperiment/CompilerOptimization/Result/lepton/phasar/phasar-O2-g/artifacts/lepton_O2_g.bc,/home/jimi/PaperExperiment/CompilerOptimization/Result/lepton/phasar/phasar-O2-g/artifacts/lepton_O2_g.ll,/home/jimi/PaperExperiment/CompilerOptimization/Result/lepton/phasar/phasar-O2-g/runs/ifds-uninit/lepton_O2_g-Mon-Mar-16-10:10:01-2026/psr-report.txt,4870,/usr/bin/../lib/gcc/x86_64-linux-gnu/13/../../../../include/c++/13/tuple,292,,missing_file,system_header,0,system_header,_ZNSt11_Tuple_implILm0EJPhmPPKcN8Sirikata7Array1dIhLj16ENS4_13DontRoundPow2ENS4_10DirectTypeINS4_15ArrayBaseType1dIhLj16ES6_EEEEEEiEEC2IRS0_JRmRS3_RSB_RiEvEEOT_DpOT0_,,4879,"%15 = load ptr, ptr %10, align 8, !dbg !119283, !psr.id !119285 | ID: 49487",,"Phasar IFDS-Uninitialized use; variables=__tail, __tail; reported_source=: _Inherited(std::forward<_UTail>(__tail)...),",debug_location_or_source_attribution_drift_candidate,0.50,1,,/home/jimi/PaperExperiment/CompilerOptimization/Result/lepton/phasar/phasar-O2-g/runs/ifds-uninit/lepton_O2_g-Mon-Mar-16-10:10:01-2026/psr-report.txt;/home/jimi/PaperExperiment/CompilerOptimization/Result/lepton/phasar/phasar-O2-g/log/commands.log;/home/jimi/PaperExperiment/CompilerOptimization/Result/lepton/phasar/phasar-O2-g/log/summary.csv,Generated by re-parsing psr-report.txt; source_resolution=direct_or_container_remap; exact source line was revalidated against the resolved source tree.
phasar.lepton.O2g.000342,lepton,phasar,P2,ExternalOrUnresolvedSource,RunOrLocationWeakEvidence,reported,/home/jimi/PaperExperiment/CompilerOptimization/Result/lepton/phasar/phasar-O2-g/runs/ifds-uninit/lepton_O2_g-Mon-Mar-16-10:10:01-2026,lepton_O2_g-Mon-Mar-16-10:10:01-2026,ifds-uninit,/home/jimi/PaperExperiment/CompilerOptimization/Result/lepton/phasar/phasar-O2-g/artifacts/lepton_O2_g.bc,/home/jimi/PaperExperiment/CompilerOptimization/Result/lepton/phasar/phasar-O2-g/artifacts/lepton_O2_g.ll,/home/jimi/PaperExperiment/CompilerOptimization/Result/lepton/phasar/phasar-O2-g/runs/ifds-uninit/lepton_O2_g-Mon-Mar-16-10:10:01-2026/psr-report.txt,4902,/usr/bin/../lib/gcc/x86_64-linux-gnu/13/../../../../include/c++/13/bits/atomic_base.h,418,,missing_file,system_header,0,system_header,_ZNSt13__atomic_baseImEpLEm,,4911,"%9 = load i64, ptr %4, align 8, !dbg !119443, !psr.id !119444 | ID: 49572",,"Phasar IFDS-Uninitialized use; variables=__i; reported_source={ return __atomic_add_fetch(&_M_i, __i, int(memory_order_seq_cst)); }",debug_location_or_source_attribution_drift_candidate,0.50,1,,/home/jimi/PaperExperiment/CompilerOptimization/Result/lepton/phasar/phasar-O2-g/runs/ifds-uninit/lepton_O2_g-Mon-Mar-16-10:10:01-2026/psr-report.txt;/home/jimi/PaperExperiment/CompilerOptimization/Result/lepton/phasar/phasar-O2-g/log/commands.log;/home/jimi/PaperExperiment/CompilerOptimization/Result/lepton/phasar/phasar-O2-g/log/summary.csv,Generated by re-parsing psr-report.txt; source_resolution=direct_or_container_remap; exact source line was revalidated against the resolved source tree.
phasar.lepton.O2g.000343,lepton,phasar,P2,ExternalOrUnresolvedSource,RunOrLocationWeakEvidence,reported,/home/jimi/PaperExperiment/CompilerOptimization/Result/lepton/phasar/phasar-O2-g/runs/ifds-uninit/lepton_O2_g-Mon-Mar-16-10:10:01-2026,lepton_O2_g-Mon-Mar-16-10:10:01-2026,ifds-uninit,/home/jimi/PaperExperiment/CompilerOptimization/Result/lepton/phasar/phasar-O2-g/artifacts/lepton_O2_g.bc,/home/jimi/PaperExperiment/CompilerOptimization/Result/lepton/phasar/phasar-O2-g/artifacts/lepton_O2_g.ll,/home/jimi/PaperExperiment/CompilerOptimization/Result/lepton/phasar/phasar-O2-g/runs/ifds-uninit/lepton_O2_g-Mon-Mar-16-10:10:01-2026/psr-report.txt,4923,/usr/bin/../lib/gcc/x86_64-linux-gnu/13/../../../../include/c++/13/functional,885,,missing_file,system_header,0,system_header,_ZSt4bindIPFviPKhmEJRiS1_mEENSt12_Bind_helperIXsr15__is_socketlikeIT_EE5valueES6_JDpT0_EE4typeEOS6_DpOS7_,,4932,"%12 = load ptr, ptr %8, align 8, !dbg !119931, !psr.id !119932 | ID: 49860",,Phasar IFDS-Uninitialized use; variables=__args; reported_source=std::forward<_BoundArgs>(__args)...);,debug_location_or_source_attribution_drift_candidate,0.50,1,,/home/jimi/PaperExperiment/CompilerOptimization/Result/lepton/phasar/phasar-O2-g/runs/ifds-uninit/lepton_O2_g-Mon-Mar-16-10:10:01-2026/psr-report.txt;/home/jimi/PaperExperiment/CompilerOptimization/Result/lepton/phasar/phasar-O2-g/log/commands.log;/home/jimi/PaperExperiment/CompilerOptimization/Result/lepton/phasar/phasar-O2-g/log/summary.csv,Generated by re-parsing psr-report.txt; source_resolution=direct_or_container_remap; exact source line was revalidated against the resolved source tree.
phasar.lepton.O2g.000344,lepton,phasar,P2,ExternalOrUnresolvedSource,RunOrLocationWeakEvidence,reported,/home/jimi/PaperExperiment/CompilerOptimization/Result/lepton/phasar/phasar-O2-g/runs/ifds-uninit/lepton_O2_g-Mon-Mar-16-10:10:01-2026,lepton_O2_g-Mon-Mar-16-10:10:01-2026,ifds-uninit,/home/jimi/PaperExperiment/CompilerOptimization/Result/lepton/phasar/phasar-O2-g/artifacts/lepton_O2_g.bc,/home/jimi/PaperExperiment/CompilerOptimization/Result/lepton/phasar/phasar-O2-g/artifacts/lepton_O2_g.ll,/home/jimi/PaperExperiment/CompilerOptimization/Result/lepton/phasar/phasar-O2-g/runs/ifds-uninit/lepton_O2_g-Mon-Mar-16-10:10:01-2026/psr-report.txt,4935,/usr/bin/../lib/gcc/x86_64-linux-gnu/13/../../../../include/c++/13/functional,578,,missing_file,system_header,0,system_header,_ZNSt5_BindIFPFviPKhmEiS1_mEEC2IJRiS1_mEEEOS3_DpOT_,,4944,"%16 = load ptr, ptr %8, align 8, !dbg !120774, !psr.id !120775 | ID: 50266",,"Phasar IFDS-Uninitialized use; variables=__args; reported_source=: _M_f(std::move(__f)), _M_bound_args(std::forward<_Args>(__args)...)",debug_location_or_source_attribution_drift_candidate,0.50,1,,/home/jimi/PaperExperiment/CompilerOptimization/Result/lepton/phasar/phasar-O2-g/runs/ifds-uninit/lepton_O2_g-Mon-Mar-16-10:10:01-2026/psr-report.txt;/home/jimi/PaperExperiment/CompilerOptimization/Result/lepton/phasar/phasar-O2-g/log/commands.log;/home/jimi/PaperExperiment/CompilerOptimization/Result/lepton/phasar/phasar-O2-g/log/summary.csv,Generated by re-parsing psr-report.txt; source_resolution=direct_or_container_remap; exact source line was revalidated against the resolved source tree.
phasar.lepton.O2g.000345,lepton,phasar,P2,ExternalOrUnresolvedSource,RunOrLocationWeakEvidence,reported,/home/jimi/PaperExperiment/CompilerOptimization/Result/lepton/phasar/phasar-O2-g/runs/ifds-uninit/lepton_O2_g-Mon-Mar-16-10:10:01-2026,lepton_O2_g-Mon-Mar-16-10:10:01-2026,ifds-uninit,/home/jimi/PaperExperiment/CompilerOptimization/Result/lepton/phasar/phasar-O2-g/artifacts/lepton_O2_g.bc,/home/jimi/PaperExperiment/CompilerOptimization/Result/lepton/phasar/phasar-O2-g/artifacts/lepton_O2_g.ll,/home/jimi/PaperExperiment/CompilerOptimization/Result/lepton/phasar/phasar-O2-g/runs/ifds-uninit/lepton_O2_g-Mon-Mar-16-10:10:01-2026/psr-report.txt,4947,/usr/bin/../lib/gcc/x86_64-linux-gnu/13/../../../../include/c++/13/tuple,891,,missing_file,system_header,0,system_header,_ZNSt5tupleIJiPKhmEEC2IJRiS1_mELb1ELb1EEEDpOT_,,4956,"%10 = load ptr, ptr %6, align 8, !dbg !120806, !psr.id !120807 | ID: 50284",,Phasar IFDS-Uninitialized use; variables=__elements; reported_source=: _Inherited(std::forward<_UElements>(__elements)...) { },debug_location_or_source_attribution_drift_candidate,0.50,1,,/home/jimi/PaperExperiment/CompilerOptimization/Result/lepton/phasar/phasar-O2-g/runs/ifds-uninit/lepton_O2_g-Mon-Mar-16-10:10:01-2026/psr-report.txt;/home/jimi/PaperExperiment/CompilerOptimization/Result/lepton/phasar/phasar-O2-g/log/commands.log;/home/jimi/PaperExperiment/CompilerOptimization/Result/lepton/phasar/phasar-O2-g/log/summary.csv,Generated by re-parsing psr-report.txt; source_resolution=direct_or_container_remap; exact source line was revalidated against the resolved source tree.
phasar.lepton.O2g.000346,lepton,phasar,P2,ExternalOrUnresolvedSource,RunOrLocationWeakEvidence,reported,/home/jimi/PaperExperiment/CompilerOptimization/Result/lepton/phasar/phasar-O2-g/runs/ifds-uninit/lepton_O2_g-Mon-Mar-16-10:10:01-2026,lepton_O2_g-Mon-Mar-16-10:10:01-2026,ifds-uninit,/home/jimi/PaperExperiment/CompilerOptimization/Result/lepton/phasar/phasar-O2-g/artifacts/lepton_O2_g.bc,/home/jimi/PaperExperiment/CompilerOptimization/Result/lepton/phasar/phasar-O2-g/artifacts/lepton_O2_g.ll,/home/jimi/PaperExperiment/CompilerOptimization/Result/lepton/phasar/phasar-O2-g/runs/ifds-uninit/lepton_O2_g-Mon-Mar-16-10:10:01-2026/psr-report.txt,4959,/usr/bin/../lib/gcc/x86_64-linux-gnu/13/../../../../include/c++/13/tuple,293,,missing_file,system_header,0,system_header,_ZNSt11_Tuple_implILm0EJiPKhmEEC2IRiJS1_mEvEEOT_DpOT0_,,4968,"%13 = load ptr, ptr %6, align 8, !dbg !120847, !psr.id !120848 | ID: 50306",,Phasar IFDS-Uninitialized use; variables=__head; reported_source=_Base(std::forward<_UHead>(__head)),debug_location_or_source_attribution_drift_candidate,0.50,1,,/home/jimi/PaperExperiment/CompilerOptimization/Result/lepton/phasar/phasar-O2-g/runs/ifds-uninit/lepton_O2_g-Mon-Mar-16-10:10:01-2026/psr-report.txt;/home/jimi/PaperExperiment/CompilerOptimization/Result/lepton/phasar/phasar-O2-g/log/commands.log;/home/jimi/PaperExperiment/CompilerOptimization/Result/lepton/phasar/phasar-O2-g/log/summary.csv,Generated by re-parsing psr-report.txt; source_resolution=direct_or_container_remap; exact source line was revalidated against the resolved source tree.
phasar.lepton.O2g.000347,lepton,phasar,P2,ExternalOrUnresolvedSource,RunOrLocationWeakEvidence,reported,/home/jimi/PaperExperiment/CompilerOptimization/Result/lepton/phasar/phasar-O2-g/runs/ifds-uninit/lepton_O2_g-Mon-Mar-16-10:10:01-2026,lepton_O2_g-Mon-Mar-16-10:10:01-2026,ifds-uninit,/home/jimi/PaperExperiment/CompilerOptimization/Result/lepton/phasar/phasar-O2-g/artifacts/lepton_O2_g.bc,/home/jimi/PaperExperiment/CompilerOptimization/Result/lepton/phasar/phasar-O2-g/artifacts/lepton_O2_g.ll,/home/jimi/PaperExperiment/CompilerOptimization/Result/lepton/phasar/phasar-O2-g/runs/ifds-uninit/lepton_O2_g-Mon-Mar-16-10:10:01-2026/psr-report.txt,4971,/usr/bin/../lib/gcc/x86_64-linux-gnu/13/../../../../include/c++/13/tuple,201,,missing_file,system_header,0,system_header,_ZNSt10_Head_baseILm0EiLb0EEC2IRiEEOT_,,4980,"%7 = load ptr, ptr %4, align 8, !dbg !120906, !psr.id !120907 | ID: 50333",,Phasar IFDS-Uninitialized use; variables=__h; reported_source=: _M_head_impl(std::forward<_UHead>(__h)) { },debug_location_or_source_attribution_drift_candidate,0.50,1,,/home/jimi/PaperExperiment/CompilerOptimization/Result/lepton/phasar/phasar-O2-g/runs/ifds-uninit/lepton_O2_g-Mon-Mar-16-10:10:01-2026/psr-report.txt;/home/jimi/PaperExperiment/CompilerOptimization/Result/lepton/phasar/phasar-O2-g/log/commands.log;/home/jimi/PaperExperiment/CompilerOptimization/Result/lepton/phasar/phasar-O2-g/log/summary.csv,Generated by re-parsing psr-report.txt; source_resolution=direct_or_container_remap; exact source line was revalidated against the resolved source tree.
phasar.lepton.O2g.000383,lepton,phasar,P2,ExternalOrUnresolvedSource,RunOrLocationWeakEvidence,reported,/home/jimi/PaperExperiment/CompilerOptimization/Result/lepton/phasar/phasar-O2-g/runs/ifds-uninit/lepton_O2_g-Mon-Mar-16-10:10:01-2026,lepton_O2_g-Mon-Mar-16-10:10:01-2026,ifds-uninit,/home/jimi/PaperExperiment/CompilerOptimization/Result/lepton/phasar/phasar-O2-g/artifacts/lepton_O2_g.bc,/home/jimi/PaperExperiment/CompilerOptimization/Result/lepton/phasar/phasar-O2-g/artifacts/lepton_O2_g.ll,/home/jimi/PaperExperiment/CompilerOptimization/Result/lepton/phasar/phasar-O2-g/runs/ifds-uninit/lepton_O2_g-Mon-Mar-16-10:10:01-2026/psr-report.txt,5506,/usr/bin/../lib/gcc/x86_64-linux-gnu/13/../../../../include/c++/13/tuple,2170,,missing_file,system_header,0,system_header,_ZSt3tieIJiiEESt5tupleIJDpRT_EES3_,,5515,"%7 = load ptr, ptr %5, align 8, !dbg !126626, !psr.id !126627 | ID: 53586",,"Phasar IFDS-Uninitialized use; variables=__args, __args; reported_source={ return tuple<_Elements&...>(__args...); }",debug_location_or_source_attribution_drift_candidate,0.50,1,,/home/jimi/PaperExperiment/CompilerOptimization/Result/lepton/phasar/phasar-O2-g/runs/ifds-uninit/lepton_O2_g-Mon-Mar-16-10:10:01-2026/psr-report.txt;/home/jimi/PaperExperiment/CompilerOptimization/Result/lepton/phasar/phasar-O2-g/log/commands.log;/home/jimi/PaperExperiment/CompilerOptimization/Result/lepton/phasar/phasar-O2-g/log/summary.csv,Generated by re-parsing psr-report.txt; source_resolution=direct_or_container_remap; exact source line was revalidated against the resolved source tree.
phasar.lepton.O2g.000384,lepton,phasar,P2,ExternalOrUnresolvedSource,RunOrLocationWeakEvidence,reported,/home/jimi/PaperExperiment/CompilerOptimization/Result/lepton/phasar/phasar-O2-g/runs/ifds-uninit/lepton_O2_g-Mon-Mar-16-10:10:01-2026,lepton_O2_g-Mon-Mar-16-10:10:01-2026,ifds-uninit,/home/jimi/PaperExperiment/CompilerOptimization/Result/lepton/phasar/phasar-O2-g/artifacts/lepton_O2_g.bc,/home/jimi/PaperExperiment/CompilerOptimization/Result/lepton/phasar/phasar-O2-g/artifacts/lepton_O2_g.ll,/home/jimi/PaperExperiment/CompilerOptimization/Result/lepton/phasar/phasar-O2-g/runs/ifds-uninit/lepton_O2_g-Mon-Mar-16-10:10:01-2026/psr-report.txt,5520,/usr/bin/../lib/gcc/x86_64-linux-gnu/13/../../../../include/c++/13/bits/stl_vector.h,1148,,missing_file,system_header,0,system_header,_ZNKSt6vectorI13ThreadHandoffSaIS0_EEixEm,,5529,"%9 = load i64, ptr %4, align 8, !dbg !126694, !psr.id !126695 | ID: 53619",,Phasar IFDS-Uninitialized use; variables=__n; reported_source=return *(this->_M_impl._M_start + __n);,debug_location_or_source_attribution_drift_candidate,0.50,1,,/home/jimi/PaperExperiment/CompilerOptimization/Result/lepton/phasar/phasar-O2-g/runs/ifds-uninit/lepton_O2_g-Mon-Mar-16-10:10:01-2026/psr-report.txt;/home/jimi/PaperExperiment/CompilerOptimization/Result/lepton/phasar/phasar-O2-g/log/commands.log;/home/jimi/PaperExperiment/CompilerOptimization/Result/lepton/phasar/phasar-O2-g/log/summary.csv,Generated by re-parsing psr-report.txt; source_resolution=direct_or_container_remap; exact source line was revalidated against the resolved source tree.
phasar.lepton.O2g.000391,lepton,phasar,P2,ExternalOrUnresolvedSource,RunOrLocationWeakEvidence,reported,/home/jimi/PaperExperiment/CompilerOptimization/Result/lepton/phasar/phasar-O2-g/runs/ifds-uninit/lepton_O2_g-Mon-Mar-16-10:10:01-2026,lepton_O2_g-Mon-Mar-16-10:10:01-2026,ifds-uninit,/home/jimi/PaperExperiment/CompilerOptimization/Result/lepton/phasar/phasar-O2-g/artifacts/lepton_O2_g.bc,/home/jimi/PaperExperiment/CompilerOptimization/Result/lepton/phasar/phasar-O2-g/artifacts/lepton_O2_g.ll,/home/jimi/PaperExperiment/CompilerOptimization/Result/lepton/phasar/phasar-O2-g/runs/ifds-uninit/lepton_O2_g-Mon-Mar-16-10:10:01-2026/psr-report.txt,5641,/usr/bin/../lib/gcc/x86_64-linux-gnu/13/../../../../include/c++/13/tuple,1333,,missing_file,system_header,0,system_header,_ZNSt5tupleIJRiS0_EEC2ILb1ELb1EEES0_S0_,,5650,"%8 = load ptr, ptr %5, align 8, !dbg !129153, !psr.id !129154 | ID: 55018",,"Phasar IFDS-Uninitialized use; variables=__a1, __a2; reported_source=: _Inherited(__a1, __a2) { }",debug_location_or_source_attribution_drift_candidate,0.50,1,,/home/jimi/PaperExperiment/CompilerOptimization/Result/lepton/phasar/phasar-O2-g/runs/ifds-uninit/lepton_O2_g-Mon-Mar-16-10:10:01-2026/psr-report.txt;/home/jimi/PaperExperiment/CompilerOptimization/Result/lepton/phasar/phasar-O2-g/log/commands.log;/home/jimi/PaperExperiment/CompilerOptimization/Result/lepton/phasar/phasar-O2-g/log/summary.csv,Generated by re-parsing psr-report.txt; source_resolution=direct_or_container_remap; exact source line was revalidated against the resolved source tree.
phasar.lepton.O2g.000392,lepton,phasar,P2,ExternalOrUnresolvedSource,RunOrLocationWeakEvidence,reported,/home/jimi/PaperExperiment/CompilerOptimization/Result/lepton/phasar/phasar-O2-g/runs/ifds-uninit/lepton_O2_g-Mon-Mar-16-10:10:01-2026,lepton_O2_g-Mon-Mar-16-10:10:01-2026,ifds-uninit,/home/jimi/PaperExperiment/CompilerOptimization/Result/lepton/phasar/phasar-O2-g/artifacts/lepton_O2_g.bc,/home/jimi/PaperExperiment/CompilerOptimization/Result/lepton/phasar/phasar-O2-g/artifacts/lepton_O2_g.ll,/home/jimi/PaperExperiment/CompilerOptimization/Result/lepton/phasar/phasar-O2-g/runs/ifds-uninit/lepton_O2_g-Mon-Mar-16-10:10:01-2026/psr-report.txt,5655,/usr/bin/../lib/gcc/x86_64-linux-gnu/13/../../../../include/c++/13/tuple,285,,missing_file,system_header,0,system_header,_ZNSt11_Tuple_implILm0EJRiS0_EEC2ES0_S0_,,5664,"%8 = load ptr, ptr %6, align 8, !dbg !129179, !psr.id !129180 | ID: 55032",,"Phasar IFDS-Uninitialized use; variables=__tail, __head; reported_source=: _Inherited(__tail...), _Base(__head)",debug_location_or_source_attribution_drift_candidate,0.50,1,,/home/jimi/PaperExperiment/CompilerOptimization/Result/lepton/phasar/phasar-O2-g/runs/ifds-uninit/lepton_O2_g-Mon-Mar-16-10:10:01-2026/psr-report.txt;/home/jimi/PaperExperiment/CompilerOptimization/Result/lepton/phasar/phasar-O2-g/log/commands.log;/home/jimi/PaperExperiment/CompilerOptimization/Result/lepton/phasar/phasar-O2-g/log/summary.csv,Generated by re-parsing psr-report.txt; source_resolution=direct_or_container_remap; exact source line was revalidated against the resolved source tree.
phasar.lepton.O2g.000393,lepton,phasar,P2,ExternalOrUnresolvedSource,RunOrLocationWeakEvidence,reported,/home/jimi/PaperExperiment/CompilerOptimization/Result/lepton/phasar/phasar-O2-g/runs/ifds-uninit/lepton_O2_g-Mon-Mar-16-10:10:01-2026,lepton_O2_g-Mon-Mar-16-10:10:01-2026,ifds-uninit,/home/jimi/PaperExperiment/CompilerOptimization/Result/lepton/phasar/phasar-O2-g/artifacts/lepton_O2_g.bc,/home/jimi/PaperExperiment/CompilerOptimization/Result/lepton/phasar/phasar-O2-g/artifacts/lepton_O2_g.ll,/home/jimi/PaperExperiment/CompilerOptimization/Result/lepton/phasar/phasar-O2-g/runs/ifds-uninit/lepton_O2_g-Mon-Mar-16-10:10:01-2026/psr-report.txt,5669,/usr/bin/../lib/gcc/x86_64-linux-gnu/13/../../../../include/c++/13/tuple,508,,missing_file,system_header,0,system_header,_ZNSt11_Tuple_implILm1EJRiEEC2ES0_,,5678,"%6 = load ptr, ptr %4, align 8, !dbg !129204, !psr.id !129205 | ID: 55045",,Phasar IFDS-Uninitialized use; variables=__head; reported_source=: _Base(__head),debug_location_or_source_attribution_drift_candidate,0.50,1,,/home/jimi/PaperExperiment/CompilerOptimization/Result/lepton/phasar/phasar-O2-g/runs/ifds-uninit/lepton_O2_g-Mon-Mar-16-10:10:01-2026/psr-report.txt;/home/jimi/PaperExperiment/CompilerOptimization/Result/lepton/phasar/phasar-O2-g/log/commands.log;/home/jimi/PaperExperiment/CompilerOptimization/Result/lepton/phasar/phasar-O2-g/log/summary.csv,Generated by re-parsing psr-report.txt; source_resolution=direct_or_container_remap; exact source line was revalidated against the resolved source tree.
phasar.lepton.O2g.000394,lepton,phasar,P2,ExternalOrUnresolvedSource,RunOrLocationWeakEvidence,reported,/home/jimi/PaperExperiment/CompilerOptimization/Result/lepton/phasar/phasar-O2-g/runs/ifds-uninit/lepton_O2_g-Mon-Mar-16-10:10:01-2026,lepton_O2_g-Mon-Mar-16-10:10:01-2026,ifds-uninit,/home/jimi/PaperExperiment/CompilerOptimization/Result/lepton/phasar/phasar-O2-g/artifacts/lepton_O2_g.bc,/home/jimi/PaperExperiment/CompilerOptimization/Result/lepton/phasar/phasar-O2-g/artifacts/lepton_O2_g.ll,/home/jimi/PaperExperiment/CompilerOptimization/Result/lepton/phasar/phasar-O2-g/runs/ifds-uninit/lepton_O2_g-Mon-Mar-16-10:10:01-2026/psr-report.txt,5681,/usr/bin/../lib/gcc/x86_64-linux-gnu/13/../../../../include/c++/13/tuple,194,,missing_file,system_header,0,system_header,_ZNSt10_Head_baseILm0ERiLb0EEC2ES0_,,5690,"%7 = load ptr, ptr %4, align 8, !dbg !129225, !psr.id !129226 | ID: 55056",,"Phasar IFDS-Uninitialized use; variables=__h, __h; reported_source=: _M_head_impl(__h) { }",debug_location_or_source_attribution_drift_candidate,0.50,1,,/home/jimi/PaperExperiment/CompilerOptimization/Result/lepton/phasar/phasar-O2-g/runs/ifds-uninit/lepton_O2_g-Mon-Mar-16-10:10:01-2026/psr-report.txt;/home/jimi/PaperExperiment/CompilerOptimization/Result/lepton/phasar/phasar-O2-g/log/commands.log;/home/jimi/PaperExperiment/CompilerOptimization/Result/lepton/phasar/phasar-O2-g/log/summary.csv,Generated by re-parsing psr-report.txt; source_resolution=direct_or_container_remap; exact source line was revalidated against the resolved source tree.
phasar.lepton.O2g.000534,lepton,phasar,P2,ExternalOrUnresolvedSource,RunOrLocationWeakEvidence,reported,/home/jimi/PaperExperiment/CompilerOptimization/Result/lepton/phasar/phasar-O2-g/runs/ifds-uninit/lepton_O2_g-Mon-Mar-16-10:10:01-2026,lepton_O2_g-Mon-Mar-16-10:10:01-2026,ifds-uninit,/home/jimi/PaperExperiment/CompilerOptimization/Result/lepton/phasar/phasar-O2-g/artifacts/lepton_O2_g.bc,/home/jimi/PaperExperiment/CompilerOptimization/Result/lepton/phasar/phasar-O2-g/artifacts/lepton_O2_g.ll,/home/jimi/PaperExperiment/CompilerOptimization/Result/lepton/phasar/phasar-O2-g/runs/ifds-uninit/lepton_O2_g-Mon-Mar-16-10:10:01-2026/psr-report.txt,8579,/usr/bin/../lib/gcc/x86_64-linux-gnu/13/../../../../include/c++/13/bits/stl_vector.h,1486,,missing_file,system_header,0,system_header,_ZNSt6vectorIhN8Sirikata13JpegAllocatorIhEEE6insertIPKhvEEN9__gnu_cxx17__normal_iteratorIPhS3_EENS8_IS6_S3_EET_SC_,,8588,"%29 = load ptr, ptr %9, align 8, !dbg !169365, !psr.id !169366 | ID: 78015",,"Phasar IFDS-Uninitialized use; variables=__first, __last; reported_source=_M_range_insert(begin() + __offset, __first, __last,",debug_location_or_source_attribution_drift_candidate,0.50,1,,/home/jimi/PaperExperiment/CompilerOptimization/Result/lepton/phasar/phasar-O2-g/runs/ifds-uninit/lepton_O2_g-Mon-Mar-16-10:10:01-2026/psr-report.txt;/home/jimi/PaperExperiment/CompilerOptimization/Result/lepton/phasar/phasar-O2-g/log/commands.log;/home/jimi/PaperExperiment/CompilerOptimization/Result/lepton/phasar/phasar-O2-g/log/summary.csv,Generated by re-parsing psr-report.txt; source_resolution=direct_or_container_remap; exact source line was revalidated against the resolved source tree.
phasar.lepton.O2g.000535,lepton,phasar,P2,ExternalOrUnresolvedSource,RunOrLocationWeakEvidence,reported,/home/jimi/PaperExperiment/CompilerOptimization/Result/lepton/phasar/phasar-O2-g/runs/ifds-uninit/lepton_O2_g-Mon-Mar-16-10:10:01-2026,lepton_O2_g-Mon-Mar-16-10:10:01-2026,ifds-uninit,/home/jimi/PaperExperiment/CompilerOptimization/Result/lepton/phasar/phasar-O2-g/artifacts/lepton_O2_g.bc,/home/jimi/PaperExperiment/CompilerOptimization/Result/lepton/phasar/phasar-O2-g/artifacts/lepton_O2_g.ll,/home/jimi/PaperExperiment/CompilerOptimization/Result/lepton/phasar/phasar-O2-g/runs/ifds-uninit/lepton_O2_g-Mon-Mar-16-10:10:01-2026/psr-report.txt,8593,/usr/bin/../lib/gcc/x86_64-linux-gnu/13/../../../../include/c++/13/bits/vector.tcc,755,,missing_file,system_header,0,system_header,_ZNSt6vectorIhN8Sirikata13JpegAllocatorIhEEE15_M_range_insertIPKhEEvN9__gnu_cxx17__normal_iteratorIPhS3_EET_SB_St20forward_iterator_tag,,8602,"%35 = load ptr, ptr %17, align 8, !dbg !170236, !psr.id !170238 | ID: 78528",,"Phasar IFDS-Uninitialized use; variables=__first, __last; reported_source=if (__first != __last)",debug_location_or_source_attribution_drift_candidate,0.50,1,,/home/jimi/PaperExperiment/CompilerOptimization/Result/lepton/phasar/phasar-O2-g/runs/ifds-uninit/lepton_O2_g-Mon-Mar-16-10:10:01-2026/psr-report.txt;/home/jimi/PaperExperiment/CompilerOptimization/Result/lepton/phasar/phasar-O2-g/log/commands.log;/home/jimi/PaperExperiment/CompilerOptimization/Result/lepton/phasar/phasar-O2-g/log/summary.csv,Generated by re-parsing psr-report.txt; source_resolution=direct_or_container_remap; exact source line was revalidated against the resolved source tree.
phasar.lepton.O2g.000536,lepton,phasar,P2,ExternalOrUnresolvedSource,RunOrLocationWeakEvidence,reported,/home/jimi/PaperExperiment/CompilerOptimization/Result/lepton/phasar/phasar-O2-g/runs/ifds-uninit/lepton_O2_g-Mon-Mar-16-10:10:01-2026,lepton_O2_g-Mon-Mar-16-10:10:01-2026,ifds-uninit,/home/jimi/PaperExperiment/CompilerOptimization/Result/lepton/phasar/phasar-O2-g/artifacts/lepton_O2_g.bc,/home/jimi/PaperExperiment/CompilerOptimization/Result/lepton/phasar/phasar-O2-g/artifacts/lepton_O2_g.ll,/home/jimi/PaperExperiment/CompilerOptimization/Result/lepton/phasar/phasar-O2-g/runs/ifds-uninit/lepton_O2_g-Mon-Mar-16-10:10:01-2026/psr-report.txt,8612,/usr/bin/../lib/gcc/x86_64-linux-gnu/13/../../../../include/c++/13/bits/vector.tcc,757,,missing_file,system_header,0,system_header,_ZNSt6vectorIhN8Sirikata13JpegAllocatorIhEEE15_M_range_insertIPKhEEvN9__gnu_cxx17__normal_iteratorIPhS3_EET_SB_St20forward_iterator_tag,,8621,"%39 = load ptr, ptr %17, align 8, !dbg !170249, !psr.id !170250 | ID: 78533",,"Phasar IFDS-Uninitialized use; variables=__first, __last; reported_source=const size_type __n = std::distance(__first, __last);",debug_location_or_source_attribution_drift_candidate,0.50,1,,/home/jimi/PaperExperiment/CompilerOptimization/Result/lepton/phasar/phasar-O2-g/runs/ifds-uninit/lepton_O2_g-Mon-Mar-16-10:10:01-2026/psr-report.txt;/home/jimi/PaperExperiment/CompilerOptimization/Result/lepton/phasar/phasar-O2-g/log/commands.log;/home/jimi/PaperExperiment/CompilerOptimization/Result/lepton/phasar/phasar-O2-g/log/summary.csv,Generated by re-parsing psr-report.txt; source_resolution=direct_or_container_remap; exact source line was revalidated against the resolved source tree.
phasar.lepton.O2g.000537,lepton,phasar,P2,ExternalOrUnresolvedSource,RunOrLocationWeakEvidence,reported,/home/jimi/PaperExperiment/CompilerOptimization/Result/lepton/phasar/phasar-O2-g/runs/ifds-uninit/lepton_O2_g-Mon-Mar-16-10:10:01-2026,lepton_O2_g-Mon-Mar-16-10:10:01-2026,ifds-uninit,/home/jimi/PaperExperiment/CompilerOptimization/Result/lepton/phasar/phasar-O2-g/artifacts/lepton_O2_g.bc,/home/jimi/PaperExperiment/CompilerOptimization/Result/lepton/phasar/phasar-O2-g/artifacts/lepton_O2_g.ll,/home/jimi/PaperExperiment/CompilerOptimization/Result/lepton/phasar/phasar-O2-g/runs/ifds-uninit/lepton_O2_g-Mon-Mar-16-10:10:01-2026/psr-report.txt,8626,/usr/bin/../lib/gcc/x86_64-linux-gnu/13/../../../../include/c++/13/bits/stl_iterator_base_funcs.h,151,,missing_file,system_header,0,system_header,_ZNSt6vectorIhN8Sirikata13JpegAllocatorIhEEE15_M_range_insertIPKhEEvN9__gnu_cxx17__normal_iteratorIPhS3_EET_SB_St20forward_iterator_tag,,8635,"%41 = load ptr, ptr %12, align 8, !dbg !170266, !psr.id !170267 | ID: 78539",,"Phasar IFDS-Uninitialized use; variables=__first, __last; reported_source=return std::__distance(__first, __last,",debug_location_or_source_attribution_drift_candidate,0.50,1,,/home/jimi/PaperExperiment/CompilerOptimization/Result/lepton/phasar/phasar-O2-g/runs/ifds-uninit/lepton_O2_g-Mon-Mar-16-10:10:01-2026/psr-report.txt;/home/jimi/PaperExperiment/CompilerOptimization/Result/lepton/phasar/phasar-O2-g/log/commands.log;/home/jimi/PaperExperiment/CompilerOptimization/Result/lepton/phasar/phasar-O2-g/log/summary.csv,Generated by re-parsing psr-report.txt; source_resolution=direct_or_container_remap; exact source line was revalidated against the resolved source tree.
phasar.lepton.O2g.000538,lepton,phasar,P2,ExternalOrUnresolvedSource,RunOrLocationWeakEvidence,reported,/home/jimi/PaperExperiment/CompilerOptimization/Result/lepton/phasar/phasar-O2-g/runs/ifds-uninit/lepton_O2_g-Mon-Mar-16-10:10:01-2026,lepton_O2_g-Mon-Mar-16-10:10:01-2026,ifds-uninit,/home/jimi/PaperExperiment/CompilerOptimization/Result/lepton/phasar/phasar-O2-g/artifacts/lepton_O2_g.bc,/home/jimi/PaperExperiment/CompilerOptimization/Result/lepton/phasar/phasar-O2-g/artifacts/lepton_O2_g.ll,/home/jimi/PaperExperiment/CompilerOptimization/Result/lepton/phasar/phasar-O2-g/runs/ifds-uninit/lepton_O2_g-Mon-Mar-16-10:10:01-2026/psr-report.txt,8640,/usr/bin/../lib/gcc/x86_64-linux-gnu/13/../../../../include/c++/13/bits/stl_iterator_base_funcs.h,106,,missing_file,system_header,0,system_header,_ZNSt6vectorIhN8Sirikata13JpegAllocatorIhEEE15_M_range_insertIPKhEEvN9__gnu_cxx17__normal_iteratorIPhS3_EET_SB_St20forward_iterator_tag,,8649,"%43 = load ptr, ptr %6, align 8, !dbg !170291, !psr.id !170292 | ID: 78548",,"Phasar IFDS-Uninitialized use; variables=__last, __first; reported_source=return __last - __first;",debug_location_or_source_attribution_drift_candidate,0.50,1,,/home/jimi/PaperExperiment/CompilerOptimization/Result/lepton/phasar/phasar-O2-g/runs/ifds-uninit/lepton_O2_g-Mon-Mar-16-10:10:01-2026/psr-report.txt;/home/jimi/PaperExperiment/CompilerOptimization/Result/lepton/phasar/phasar-O2-g/log/commands.log;/home/jimi/PaperExperiment/CompilerOptimization/Result/lepton/phasar/phasar-O2-g/log/summary.csv,Generated by re-parsing psr-report.txt; source_resolution=direct_or_container_remap; exact source line was revalidated against the resolved source tree.
phasar.lepton.O2g.000539,lepton,phasar,P2,ExternalOrUnresolvedSource,RunOrLocationWeakEvidence,reported,/home/jimi/PaperExperiment/CompilerOptimization/Result/lepton/phasar/phasar-O2-g/runs/ifds-uninit/lepton_O2_g-Mon-Mar-16-10:10:01-2026,lepton_O2_g-Mon-Mar-16-10:10:01-2026,ifds-uninit,/home/jimi/PaperExperiment/CompilerOptimization/Result/lepton/phasar/phasar-O2-g/artifacts/lepton_O2_g.bc,/home/jimi/PaperExperiment/CompilerOptimization/Result/lepton/phasar/phasar-O2-g/artifacts/lepton_O2_g.ll,/home/jimi/PaperExperiment/CompilerOptimization/Result/lepton/phasar/phasar-O2-g/runs/ifds-uninit/lepton_O2_g-Mon-Mar-16-10:10:01-2026/psr-report.txt,8657,/usr/bin/../lib/gcc/x86_64-linux-gnu/13/../../../../include/c++/13/bits/vector.tcc,759,,missing_file,system_header,0,system_header,_ZNSt6vectorIhN8Sirikata13JpegAllocatorIhEEE15_M_range_insertIPKhEEvN9__gnu_cxx17__normal_iteratorIPhS3_EET_SB_St20forward_iterator_tag,,8666,"%59 = load i64, ptr %19, align 8, !dbg !170319, !psr.id !170320 | ID: 78565",,Phasar IFDS-Uninitialized use; variables=__n; reported_source=- this->_M_impl._M_finish) >= __n),debug_location_or_source_attribution_drift_candidate,0.50,1,,/home/jimi/PaperExperiment/CompilerOptimization/Result/lepton/phasar/phasar-O2-g/runs/ifds-uninit/lepton_O2_g-Mon-Mar-16-10:10:01-2026/psr-report.txt;/home/jimi/PaperExperiment/CompilerOptimization/Result/lepton/phasar/phasar-O2-g/log/commands.log;/home/jimi/PaperExperiment/CompilerOptimization/Result/lepton/phasar/phasar-O2-g/log/summary.csv,Generated by re-parsing psr-report.txt; source_resolution=direct_or_container_remap; exact source line was revalidated against the resolved source tree.
phasar.lepton.O2g.000540,lepton,phasar,P2,ExternalOrUnresolvedSource,RunOrLocationWeakEvidence,reported,/home/jimi/PaperExperiment/CompilerOptimization/Result/lepton/phasar/phasar-O2-g/runs/ifds-uninit/lepton_O2_g-Mon-Mar-16-10:10:01-2026,lepton_O2_g-Mon-Mar-16-10:10:01-2026,ifds-uninit,/home/jimi/PaperExperiment/CompilerOptimization/Result/lepton/phasar/phasar-O2-g/artifacts/lepton_O2_g.bc,/home/jimi/PaperExperiment/CompilerOptimization/Result/lepton/phasar/phasar-O2-g/artifacts/lepton_O2_g.ll,/home/jimi/PaperExperiment/CompilerOptimization/Result/lepton/phasar/phasar-O2-g/runs/ifds-uninit/lepton_O2_g-Mon-Mar-16-10:10:01-2026/psr-report.txt,8671,/usr/bin/../lib/gcc/x86_64-linux-gnu/13/../../../../include/c++/13/bits/vector.tcc,758,,missing_file,system_header,0,system_header,_ZNSt6vectorIhN8Sirikata13JpegAllocatorIhEEE15_M_range_insertIPKhEEvN9__gnu_cxx17__normal_iteratorIPhS3_EET_SB_St20forward_iterator_tag,,8679,"br i1 %60, label %61, label %155, !dbg !170323, !psr.id !170324 | ID: 78567",,Phasar IFDS-Uninitialized use; variables=Line       : 758; reported_source=if (size_type(this->_M_impl._M_end_of_storage,debug_location_or_source_attribution_drift_candidate,0.50,1,,/home/jimi/PaperExperiment/CompilerOptimization/Result/lepton/phasar/phasar-O2-g/runs/ifds-uninit/lepton_O2_g-Mon-Mar-16-10:10:01-2026/psr-report.txt;/home/jimi/PaperExperiment/CompilerOptimization/Result/lepton/phasar/phasar-O2-g/log/commands.log;/home/jimi/PaperExperiment/CompilerOptimization/Result/lepton/phasar/phasar-O2-g/log/summary.csv,Generated by re-parsing psr-report.txt; source_resolution=direct_or_container_remap; exact source line was revalidated against the resolved source tree.
phasar.lepton.O2g.000541,lepton,phasar,P2,ExternalOrUnresolvedSource,RunOrLocationWeakEvidence,reported,/home/jimi/PaperExperiment/CompilerOptimization/Result/lepton/phasar/phasar-O2-g/runs/ifds-uninit/lepton_O2_g-Mon-Mar-16-10:10:01-2026,lepton_O2_g-Mon-Mar-16-10:10:01-2026,ifds-uninit,/home/jimi/PaperExperiment/CompilerOptimization/Result/lepton/phasar/phasar-O2-g/artifacts/lepton_O2_g.bc,/home/jimi/PaperExperiment/CompilerOptimization/Result/lepton/phasar/phasar-O2-g/artifacts/lepton_O2_g.ll,/home/jimi/PaperExperiment/CompilerOptimization/Result/lepton/phasar/phasar-O2-g/runs/ifds-uninit/lepton_O2_g-Mon-Mar-16-10:10:01-2026/psr-report.txt,8682,/usr/bin/../lib/gcc/x86_64-linux-gnu/13/../../../../include/c++/13/bits/vector.tcc,763,,missing_file,system_header,0,system_header,_ZNSt6vectorIhN8Sirikata13JpegAllocatorIhEEE15_M_range_insertIPKhEEvN9__gnu_cxx17__normal_iteratorIPhS3_EET_SB_St20forward_iterator_tag,,8691,"%70 = load i64, ptr %19, align 8, !dbg !170350, !psr.id !170351 | ID: 78581",,Phasar IFDS-Uninitialized use; variables=__n; reported_source=if (__elems_after > __n),debug_location_or_source_attribution_drift_candidate,0.50,1,,/home/jimi/PaperExperiment/CompilerOptimization/Result/lepton/phasar/phasar-O2-g/runs/ifds-uninit/lepton_O2_g-Mon-Mar-16-10:10:01-2026/psr-report.txt;/home/jimi/PaperExperiment/CompilerOptimization/Result/lepton/phasar/phasar-O2-g/log/commands.log;/home/jimi/PaperExperiment/CompilerOptimization/Result/lepton/phasar/phasar-O2-g/log/summary.csv,Generated by re-parsing psr-report.txt; source_resolution=direct_or_container_remap; exact source line was revalidated against the resolved source tree.
phasar.lepton.O2g.000542,lepton,phasar,P2,ExternalOrUnresolvedSource,RunOrLocationWeakEvidence,reported,/home/jimi/PaperExperiment/CompilerOptimization/Result/lepton/phasar/phasar-O2-g/runs/ifds-uninit/lepton_O2_g-Mon-Mar-16-10:10:01-2026,lepton_O2_g-Mon-Mar-16-10:10:01-2026,ifds-uninit,/home/jimi/PaperExperiment/CompilerOptimization/Result/lepton/phasar/phasar-O2-g/artifacts/lepton_O2_g.bc,/home/jimi/PaperExperiment/CompilerOptimization/Result/lepton/phasar/phasar-O2-g/artifacts/lepton_O2_g.ll,/home/jimi/PaperExperiment/CompilerOptimization/Result/lepton/phasar/phasar-O2-g/runs/ifds-uninit/lepton_O2_g-Mon-Mar-16-10:10:01-2026/psr-report.txt,8698,/usr/bin/../lib/gcc/x86_64-linux-gnu/13/../../../../include/c++/13/bits/vector.tcc,766,,missing_file,system_header,0,system_header,_ZNSt6vectorIhN8Sirikata13JpegAllocatorIhEEE15_M_range_insertIPKhEEvN9__gnu_cxx17__normal_iteratorIPhS3_EET_SB_St20forward_iterator_tag,,8707,"%77 = load i64, ptr %19, align 8, !dbg !170364, !psr.id !170365 | ID: 78588",,"Phasar IFDS-Uninitialized use; variables=__n; reported_source=std::__uninitialized_move_a(this->_M_impl._M_finish - __n,",debug_location_or_source_attribution_drift_candidate,0.50,1,,/home/jimi/PaperExperiment/CompilerOptimization/Result/lepton/phasar/phasar-O2-g/runs/ifds-uninit/lepton_O2_g-Mon-Mar-16-10:10:01-2026/psr-report.txt;/home/jimi/PaperExperiment/CompilerOptimization/Result/lepton/phasar/phasar-O2-g/log/commands.log;/home/jimi/PaperExperiment/CompilerOptimization/Result/lepton/phasar/phasar-O2-g/log/summary.csv,Generated by re-parsing psr-report.txt; source_resolution=direct_or_container_remap; exact source line was revalidated against the resolved source tree.
phasar.lepton.O2g.000543,lepton,phasar,P2,ExternalOrUnresolvedSource,RunOrLocationWeakEvidence,reported,/home/jimi/PaperExperiment/CompilerOptimization/Result/lepton/phasar/phasar-O2-g/runs/ifds-uninit/lepton_O2_g-Mon-Mar-16-10:10:01-2026,lepton_O2_g-Mon-Mar-16-10:10:01-2026,ifds-uninit,/home/jimi/PaperExperiment/CompilerOptimization/Result/lepton/phasar/phasar-O2-g/artifacts/lepton_O2_g.bc,/home/jimi/PaperExperiment/CompilerOptimization/Result/lepton/phasar/phasar-O2-g/artifacts/lepton_O2_g.ll,/home/jimi/PaperExperiment/CompilerOptimization/Result/lepton/phasar/phasar-O2-g/runs/ifds-uninit/lepton_O2_g-Mon-Mar-16-10:10:01-2026/psr-report.txt,8712,/usr/bin/../lib/gcc/x86_64-linux-gnu/13/../../../../include/c++/13/bits/vector.tcc,770,,missing_file,system_header,0,system_header,_ZNSt6vectorIhN8Sirikata13JpegAllocatorIhEEE15_M_range_insertIPKhEEvN9__gnu_cxx17__normal_iteratorIPhS3_EET_SB_St20forward_iterator_tag,,8721,"%90 = load i64, ptr %19, align 8, !dbg !170387, !psr.id !170388 | ID: 78601",,Phasar IFDS-Uninitialized use; variables=__n; reported_source=this->_M_impl._M_finish += __n;,debug_location_or_source_attribution_drift_candidate,0.50,1,,/home/jimi/PaperExperiment/CompilerOptimization/Result/lepton/phasar/phasar-O2-g/runs/ifds-uninit/lepton_O2_g-Mon-Mar-16-10:10:01-2026/psr-report.txt;/home/jimi/PaperExperiment/CompilerOptimization/Result/lepton/phasar/phasar-O2-g/log/commands.log;/home/jimi/PaperExperiment/CompilerOptimization/Result/lepton/phasar/phasar-O2-g/log/summary.csv,Generated by re-parsing psr-report.txt; source_resolution=direct_or_container_remap; exact source line was revalidated against the resolved source tree.
phasar.lepton.O2g.000544,lepton,phasar,P2,ExternalOrUnresolvedSource,RunOrLocationWeakEvidence,reported,/home/jimi/PaperExperiment/CompilerOptimization/Result/lepton/phasar/phasar-O2-g/runs/ifds-uninit/lepton_O2_g-Mon-Mar-16-10:10:01-2026,lepton_O2_g-Mon-Mar-16-10:10:01-2026,ifds-uninit,/home/jimi/PaperExperiment/CompilerOptimization/Result/lepton/phasar/phasar-O2-g/artifacts/lepton_O2_g.bc,/home/jimi/PaperExperiment/CompilerOptimization/Result/lepton/phasar/phasar-O2-g/artifacts/lepton_O2_g.ll,/home/jimi/PaperExperiment/CompilerOptimization/Result/lepton/phasar/phasar-O2-g/runs/ifds-uninit/lepton_O2_g-Mon-Mar-16-10:10:01-2026/psr-report.txt,8724,/usr/bin/../lib/gcc/x86_64-linux-gnu/13/../../../../include/c++/13/bits/vector.tcc,772,,missing_file,system_header,0,system_header,_ZNSt6vectorIhN8Sirikata13JpegAllocatorIhEEE15_M_range_insertIPKhEEvN9__gnu_cxx17__normal_iteratorIPhS3_EET_SB_St20forward_iterator_tag,,8733,"%99 = load i64, ptr %19, align 8, !dbg !170399, !psr.id !170403 | ID: 78611",,"Phasar IFDS-Uninitialized use; variables=__n; reported_source=_GLIBCXX_MOVE_BACKWARD3(__position.base(),",debug_location_or_source_attribution_drift_candidate,0.50,1,,/home/jimi/PaperExperiment/CompilerOptimization/Result/lepton/phasar/phasar-O2-g/runs/ifds-uninit/lepton_O2_g-Mon-Mar-16-10:10:01-2026/psr-report.txt;/home/jimi/PaperExperiment/CompilerOptimization/Result/lepton/phasar/phasar-O2-g/log/commands.log;/home/jimi/PaperExperiment/CompilerOptimization/Result/lepton/phasar/phasar-O2-g/log/summary.csv,Generated by re-parsing psr-report.txt; source_resolution=direct_or_container_remap; exact source line was revalidated against the resolved source tree.
phasar.lepton.O2g.000545,lepton,phasar,P2,ExternalOrUnresolvedSource,RunOrLocationWeakEvidence,reported,/home/jimi/PaperExperiment/CompilerOptimization/Result/lepton/phasar/phasar-O2-g/runs/ifds-uninit/lepton_O2_g-Mon-Mar-16-10:10:01-2026,lepton_O2_g-Mon-Mar-16-10:10:01-2026,ifds-uninit,/home/jimi/PaperExperiment/CompilerOptimization/Result/lepton/phasar/phasar-O2-g/artifacts/lepton_O2_g.bc,/home/jimi/PaperExperiment/CompilerOptimization/Result/lepton/phasar/phasar-O2-g/artifacts/lepton_O2_g.ll,/home/jimi/PaperExperiment/CompilerOptimization/Result/lepton/phasar/phasar-O2-g/runs/ifds-uninit/lepton_O2_g-Mon-Mar-16-10:10:01-2026/psr-report.txt,8738,/usr/bin/../lib/gcc/x86_64-linux-gnu/13/../../../../include/c++/13/bits/vector.tcc,774,,missing_file,system_header,0,system_header,_ZNSt6vectorIhN8Sirikata13JpegAllocatorIhEEE15_M_range_insertIPKhEEvN9__gnu_cxx17__normal_iteratorIPhS3_EET_SB_St20forward_iterator_tag,,8747,"%104 = load ptr, ptr %17, align 8, !dbg !170408, !psr.id !170409 | ID: 78616",,"Phasar IFDS-Uninitialized use; variables=__first, __last; reported_source=std::copy(__first, __last, __position);",debug_location_or_source_attribution_drift_candidate,0.50,1,,/home/jimi/PaperExperiment/CompilerOptimization/Result/lepton/phasar/phasar-O2-g/runs/ifds-uninit/lepton_O2_g-Mon-Mar-16-10:10:01-2026/psr-report.txt;/home/jimi/PaperExperiment/CompilerOptimization/Result/lepton/phasar/phasar-O2-g/log/commands.log;/home/jimi/PaperExperiment/CompilerOptimization/Result/lepton/phasar/phasar-O2-g/log/summary.csv,Generated by re-parsing psr-report.txt; source_resolution=direct_or_container_remap; exact source line was revalidated against the resolved source tree.
phasar.lepton.O2g.000546,lepton,phasar,P2,ExternalOrUnresolvedSource,RunOrLocationWeakEvidence,reported,/home/jimi/PaperExperiment/CompilerOptimization/Result/lepton/phasar/phasar-O2-g/runs/ifds-uninit/lepton_O2_g-Mon-Mar-16-10:10:01-2026,lepton_O2_g-Mon-Mar-16-10:10:01-2026,ifds-uninit,/home/jimi/PaperExperiment/CompilerOptimization/Result/lepton/phasar/phasar-O2-g/artifacts/lepton_O2_g.bc,/home/jimi/PaperExperiment/CompilerOptimization/Result/lepton/phasar/phasar-O2-g/artifacts/lepton_O2_g.ll,/home/jimi/PaperExperiment/CompilerOptimization/Result/lepton/phasar/phasar-O2-g/runs/ifds-uninit/lepton_O2_g-Mon-Mar-16-10:10:01-2026/psr-report.txt,8752,/usr/bin/../lib/gcc/x86_64-linux-gnu/13/../../../../include/c++/13/bits/vector.tcc,778,,missing_file,system_header,0,system_header,_ZNSt6vectorIhN8Sirikata13JpegAllocatorIhEEE15_M_range_insertIPKhEEvN9__gnu_cxx17__normal_iteratorIPhS3_EET_SB_St20forward_iterator_tag,,8761,"%111 = load ptr, ptr %17, align 8, !dbg !170426, !psr.id !170427 | ID: 78626",,Phasar IFDS-Uninitialized use; variables=__first; reported_source=_ForwardIterator __mid = __first;,debug_location_or_source_attribution_drift_candidate,0.50,1,,/home/jimi/PaperExperiment/CompilerOptimization/Result/lepton/phasar/phasar-O2-g/runs/ifds-uninit/lepton_O2_g-Mon-Mar-16-10:10:01-2026/psr-report.txt;/home/jimi/PaperExperiment/CompilerOptimization/Result/lepton/phasar/phasar-O2-g/log/commands.log;/home/jimi/PaperExperiment/CompilerOptimization/Result/lepton/phasar/phasar-O2-g/log/summary.csv,Generated by re-parsing psr-report.txt; source_resolution=direct_or_container_remap; exact source line was revalidated against the resolved source tree.
phasar.lepton.O2g.000547,lepton,phasar,P2,ExternalOrUnresolvedSource,RunOrLocationWeakEvidence,reported,/home/jimi/PaperExperiment/CompilerOptimization/Result/lepton/phasar/phasar-O2-g/runs/ifds-uninit/lepton_O2_g-Mon-Mar-16-10:10:01-2026,lepton_O2_g-Mon-Mar-16-10:10:01-2026,ifds-uninit,/home/jimi/PaperExperiment/CompilerOptimization/Result/lepton/phasar/phasar-O2-g/artifacts/lepton_O2_g.bc,/home/jimi/PaperExperiment/CompilerOptimization/Result/lepton/phasar/phasar-O2-g/artifacts/lepton_O2_g.ll,/home/jimi/PaperExperiment/CompilerOptimization/Result/lepton/phasar/phasar-O2-g/runs/ifds-uninit/lepton_O2_g-Mon-Mar-16-10:10:01-2026/psr-report.txt,8764,/usr/bin/../lib/gcc/x86_64-linux-gnu/13/../../../../include/c++/13/bits/stl_iterator_base_funcs.h,224,,missing_file,system_header,0,system_header,_ZNSt6vectorIhN8Sirikata13JpegAllocatorIhEEE15_M_range_insertIPKhEEvN9__gnu_cxx17__normal_iteratorIPhS3_EET_SB_St20forward_iterator_tag,,8773,"%114 = load ptr, ptr %8, align 8, !dbg !170450, !psr.id !170451 | ID: 78636",,"Phasar IFDS-Uninitialized use; variables=__i, __i; reported_source=std::__advance(__i, __d, std::__iterator_category(__i));",debug_location_or_source_attribution_drift_candidate,0.50,1,,/home/jimi/PaperExperiment/CompilerOptimization/Result/lepton/phasar/phasar-O2-g/runs/ifds-uninit/lepton_O2_g-Mon-Mar-16-10:10:01-2026/psr-report.txt;/home/jimi/PaperExperiment/CompilerOptimization/Result/lepton/phasar/phasar-O2-g/log/commands.log;/home/jimi/PaperExperiment/CompilerOptimization/Result/lepton/phasar/phasar-O2-g/log/summary.csv,Generated by re-parsing psr-report.txt; source_resolution=direct_or_container_remap; exact source line was revalidated against the resolved source tree.
phasar.lepton.O2g.000548,lepton,phasar,P2,ExternalOrUnresolvedSource,RunOrLocationWeakEvidence,reported,/home/jimi/PaperExperiment/CompilerOptimization/Result/lepton/phasar/phasar-O2-g/runs/ifds-uninit/lepton_O2_g-Mon-Mar-16-10:10:01-2026,lepton_O2_g-Mon-Mar-16-10:10:01-2026,ifds-uninit,/home/jimi/PaperExperiment/CompilerOptimization/Result/lepton/phasar/phasar-O2-g/artifacts/lepton_O2_g.bc,/home/jimi/PaperExperiment/CompilerOptimization/Result/lepton/phasar/phasar-O2-g/artifacts/lepton_O2_g.ll,/home/jimi/PaperExperiment/CompilerOptimization/Result/lepton/phasar/phasar-O2-g/runs/ifds-uninit/lepton_O2_g-Mon-Mar-16-10:10:01-2026/psr-report.txt,8778,/usr/bin/../lib/gcc/x86_64-linux-gnu/13/../../../../include/c++/13/bits/vector.tcc,781,,missing_file,system_header,0,system_header,_ZNSt6vectorIhN8Sirikata13JpegAllocatorIhEEE15_M_range_insertIPKhEEvN9__gnu_cxx17__normal_iteratorIPhS3_EET_SB_St20forward_iterator_tag,,8787,"%117 = load ptr, ptr %25, align 8, !dbg !170462, !psr.id !170463 | ID: 78642",,"Phasar IFDS-Uninitialized use; variables=__mid, __last; reported_source=std::__uninitialized_copy_a(__mid, __last,",debug_location_or_source_attribution_drift_candidate,0.50,1,,/home/jimi/PaperExperiment/CompilerOptimization/Result/lepton/phasar/phasar-O2-g/runs/ifds-uninit/lepton_O2_g-Mon-Mar-16-10:10:01-2026/psr-report.txt;/home/jimi/PaperExperiment/CompilerOptimization/Result/lepton/phasar/phasar-O2-g/log/commands.log;/home/jimi/PaperExperiment/CompilerOptimization/Result/lepton/phasar/phasar-O2-g/log/summary.csv,Generated by re-parsing psr-report.txt; source_resolution=direct_or_container_remap; exact source line was revalidated against the resolved source tree.
phasar.lepton.O2g.000549,lepton,phasar,P2,ExternalOrUnresolvedSource,RunOrLocationWeakEvidence,reported,/home/jimi/PaperExperiment/CompilerOptimization/Result/lepton/phasar/phasar-O2-g/runs/ifds-uninit/lepton_O2_g-Mon-Mar-16-10:10:01-2026,lepton_O2_g-Mon-Mar-16-10:10:01-2026,ifds-uninit,/home/jimi/PaperExperiment/CompilerOptimization/Result/lepton/phasar/phasar-O2-g/artifacts/lepton_O2_g.bc,/home/jimi/PaperExperiment/CompilerOptimization/Result/lepton/phasar/phasar-O2-g/artifacts/lepton_O2_g.ll,/home/jimi/PaperExperiment/CompilerOptimization/Result/lepton/phasar/phasar-O2-g/runs/ifds-uninit/lepton_O2_g-Mon-Mar-16-10:10:01-2026/psr-report.txt,8792,/usr/bin/../lib/gcc/x86_64-linux-gnu/13/../../../../include/c++/13/bits/vector.tcc,784,,missing_file,system_header,0,system_header,_ZNSt6vectorIhN8Sirikata13JpegAllocatorIhEEE15_M_range_insertIPKhEEvN9__gnu_cxx17__normal_iteratorIPhS3_EET_SB_St20forward_iterator_tag,,8801,"%125 = load i64, ptr %19, align 8, !dbg !170477, !psr.id !170478 | ID: 78650",,Phasar IFDS-Uninitialized use; variables=__n; reported_source=this->_M_impl._M_finish += __n - __elems_after;,debug_location_or_source_attribution_drift_candidate,0.50,1,,/home/jimi/PaperExperiment/CompilerOptimization/Result/lepton/phasar/phasar-O2-g/runs/ifds-uninit/lepton_O2_g-Mon-Mar-16-10:10:01-2026/psr-report.txt;/home/jimi/PaperExperiment/CompilerOptimization/Result/lepton/phasar/phasar-O2-g/log/commands.log;/home/jimi/PaperExperiment/CompilerOptimization/Result/lepton/phasar/phasar-O2-g/log/summary.csv,Generated by re-parsing psr-report.txt; source_resolution=direct_or_container_remap; exact source line was revalidated against the resolved source tree.
phasar.lepton.O2g.000550,lepton,phasar,P2,ExternalOrUnresolvedSource,RunOrLocationWeakEvidence,reported,/home/jimi/PaperExperiment/CompilerOptimization/Result/lepton/phasar/phasar-O2-g/runs/ifds-uninit/lepton_O2_g-Mon-Mar-16-10:10:01-2026,lepton_O2_g-Mon-Mar-16-10:10:01-2026,ifds-uninit,/home/jimi/PaperExperiment/CompilerOptimization/Result/lepton/phasar/phasar-O2-g/artifacts/lepton_O2_g.bc,/home/jimi/PaperExperiment/CompilerOptimization/Result/lepton/phasar/phasar-O2-g/artifacts/lepton_O2_g.ll,/home/jimi/PaperExperiment/CompilerOptimization/Result/lepton/phasar/phasar-O2-g/runs/ifds-uninit/lepton_O2_g-Mon-Mar-16-10:10:01-2026/psr-report.txt,8806,/usr/bin/../lib/gcc/x86_64-linux-gnu/13/../../../../include/c++/13/bits/vector.tcc,792,,missing_file,system_header,0,system_header,_ZNSt6vectorIhN8Sirikata13JpegAllocatorIhEEE15_M_range_insertIPKhEEvN9__gnu_cxx17__normal_iteratorIPhS3_EET_SB_St20forward_iterator_tag,,8815,"%148 = load ptr, ptr %17, align 8, !dbg !170521, !psr.id !170522 | ID: 78675",,"Phasar IFDS-Uninitialized use; variables=__first, __mid; reported_source=std::copy(__first, __mid, __position);",debug_location_or_source_attribution_drift_candidate,0.50,1,,/home/jimi/PaperExperiment/CompilerOptimization/Result/lepton/phasar/phasar-O2-g/runs/ifds-uninit/lepton_O2_g-Mon-Mar-16-10:10:01-2026/psr-report.txt;/home/jimi/PaperExperiment/CompilerOptimization/Result/lepton/phasar/phasar-O2-g/log/commands.log;/home/jimi/PaperExperiment/CompilerOptimization/Result/lepton/phasar/phasar-O2-g/log/summary.csv,Generated by re-parsing psr-report.txt; source_resolution=direct_or_container_remap; exact source line was revalidated against the resolved source tree.
phasar.lepton.O2g.000551,lepton,phasar,P2,ExternalOrUnresolvedSource,RunOrLocationWeakEvidence,reported,/home/jimi/PaperExperiment/CompilerOptimization/Result/lepton/phasar/phasar-O2-g/runs/ifds-uninit/lepton_O2_g-Mon-Mar-16-10:10:01-2026,lepton_O2_g-Mon-Mar-16-10:10:01-2026,ifds-uninit,/home/jimi/PaperExperiment/CompilerOptimization/Result/lepton/phasar/phasar-O2-g/artifacts/lepton_O2_g.bc,/home/jimi/PaperExperiment/CompilerOptimization/Result/lepton/phasar/phasar-O2-g/artifacts/lepton_O2_g.ll,/home/jimi/PaperExperiment/CompilerOptimization/Result/lepton/phasar/phasar-O2-g/runs/ifds-uninit/lepton_O2_g-Mon-Mar-16-10:10:01-2026/psr-report.txt,8820,/usr/bin/../lib/gcc/x86_64-linux-gnu/13/../../../../include/c++/13/bits/vector.tcc,804,,missing_file,system_header,0,system_header,_ZNSt6vectorIhN8Sirikata13JpegAllocatorIhEEE15_M_range_insertIPKhEEvN9__gnu_cxx17__normal_iteratorIPhS3_EET_SB_St20forward_iterator_tag,,8829,"%164 = load i64, ptr %19, align 8, !dbg !170562, !psr.id !170563 | ID: 78698",,"Phasar IFDS-Uninitialized use; variables=__n; reported_source=_M_check_len(__n, ""vector::_M_range_insert"");",debug_location_or_source_attribution_drift_candidate,0.50,1,,/home/jimi/PaperExperiment/CompilerOptimization/Result/lepton/phasar/phasar-O2-g/runs/ifds-uninit/lepton_O2_g-Mon-Mar-16-10:10:01-2026/psr-report.txt;/home/jimi/PaperExperiment/CompilerOptimization/Result/lepton/phasar/phasar-O2-g/log/commands.log;/home/jimi/PaperExperiment/CompilerOptimization/Result/lepton/phasar/phasar-O2-g/log/summary.csv,Generated by re-parsing psr-report.txt; source_resolution=direct_or_container_remap; exact source line was revalidated against the resolved source tree.
phasar.lepton.O2g.000552,lepton,phasar,P2,ExternalOrUnresolvedSource,RunOrLocationWeakEvidence,reported,/home/jimi/PaperExperiment/CompilerOptimization/Result/lepton/phasar/phasar-O2-g/runs/ifds-uninit/lepton_O2_g-Mon-Mar-16-10:10:01-2026,lepton_O2_g-Mon-Mar-16-10:10:01-2026,ifds-uninit,/home/jimi/PaperExperiment/CompilerOptimization/Result/lepton/phasar/phasar-O2-g/artifacts/lepton_O2_g.bc,/home/jimi/PaperExperiment/CompilerOptimization/Result/lepton/phasar/phasar-O2-g/artifacts/lepton_O2_g.ll,/home/jimi/PaperExperiment/CompilerOptimization/Result/lepton/phasar/phasar-O2-g/runs/ifds-uninit/lepton_O2_g-Mon-Mar-16-10:10:01-2026/psr-report.txt,8832,/usr/bin/../lib/gcc/x86_64-linux-gnu/13/../../../../include/c++/13/bits/vector.tcc,805,,missing_file,system_header,0,system_header,_ZNSt6vectorIhN8Sirikata13JpegAllocatorIhEEE15_M_range_insertIPKhEEvN9__gnu_cxx17__normal_iteratorIPhS3_EET_SB_St20forward_iterator_tag,,8841,"%166 = load i64, ptr %30, align 8, !dbg !170570, !psr.id !170571 | ID: 78702",,Phasar IFDS-Uninitialized use; variables=__len; reported_source=pointer __new_start(this->_M_allocate(__len));,debug_location_or_source_attribution_drift_candidate,0.50,1,,/home/jimi/PaperExperiment/CompilerOptimization/Result/lepton/phasar/phasar-O2-g/runs/ifds-uninit/lepton_O2_g-Mon-Mar-16-10:10:01-2026/psr-report.txt;/home/jimi/PaperExperiment/CompilerOptimization/Result/lepton/phasar/phasar-O2-g/log/commands.log;/home/jimi/PaperExperiment/CompilerOptimization/Result/lepton/phasar/phasar-O2-g/log/summary.csv,Generated by re-parsing psr-report.txt; source_resolution=direct_or_container_remap; exact source line was revalidated against the resolved source tree.
phasar.lepton.O2g.000553,lepton,phasar,P2,ExternalOrUnresolvedSource,RunOrLocationWeakEvidence,reported,/home/jimi/PaperExperiment/CompilerOptimization/Result/lepton/phasar/phasar-O2-g/runs/ifds-uninit/lepton_O2_g-Mon-Mar-16-10:10:01-2026,lepton_O2_g-Mon-Mar-16-10:10:01-2026,ifds-uninit,/home/jimi/PaperExperiment/CompilerOptimization/Result/lepton/phasar/phasar-O2-g/artifacts/lepton_O2_g.bc,/home/jimi/PaperExperiment/CompilerOptimization/Result/lepton/phasar/phasar-O2-g/artifacts/lepton_O2_g.ll,/home/jimi/PaperExperiment/CompilerOptimization/Result/lepton/phasar/phasar-O2-g/runs/ifds-uninit/lepton_O2_g-Mon-Mar-16-10:10:01-2026/psr-report.txt,8844,/usr/bin/../lib/gcc/x86_64-linux-gnu/13/../../../../include/c++/13/bits/vector.tcc,814,,missing_file,system_header,0,system_header,_ZNSt6vectorIhN8Sirikata13JpegAllocatorIhEEE15_M_range_insertIPKhEEvN9__gnu_cxx17__normal_iteratorIPhS3_EET_SB_St20forward_iterator_tag,,8853,"%175 = load ptr, ptr %17, align 8, !dbg !170596, !psr.id !170597 | ID: 78715",,"Phasar IFDS-Uninitialized use; variables=__first, __last; reported_source== std::__uninitialized_copy_a(__first, __last,",debug_location_or_source_attribution_drift_candidate,0.50,1,,/home/jimi/PaperExperiment/CompilerOptimization/Result/lepton/phasar/phasar-O2-g/runs/ifds-uninit/lepton_O2_g-Mon-Mar-16-10:10:01-2026/psr-report.txt;/home/jimi/PaperExperiment/CompilerOptimization/Result/lepton/phasar/phasar-O2-g/log/commands.log;/home/jimi/PaperExperiment/CompilerOptimization/Result/lepton/phasar/phasar-O2-g/log/summary.csv,Generated by re-parsing psr-report.txt; source_resolution=direct_or_container_remap; exact source line was revalidated against the resolved source tree.
phasar.lepton.O2g.000554,lepton,phasar,P2,ExternalOrUnresolvedSource,RunOrLocationWeakEvidence,reported,/home/jimi/PaperExperiment/CompilerOptimization/Result/lepton/phasar/phasar-O2-g/runs/ifds-uninit/lepton_O2_g-Mon-Mar-16-10:10:01-2026,lepton_O2_g-Mon-Mar-16-10:10:01-2026,ifds-uninit,/home/jimi/PaperExperiment/CompilerOptimization/Result/lepton/phasar/phasar-O2-g/artifacts/lepton_O2_g.bc,/home/jimi/PaperExperiment/CompilerOptimization/Result/lepton/phasar/phasar-O2-g/artifacts/lepton_O2_g.ll,/home/jimi/PaperExperiment/CompilerOptimization/Result/lepton/phasar/phasar-O2-g/runs/ifds-uninit/lepton_O2_g-Mon-Mar-16-10:10:01-2026/psr-report.txt,8858,/usr/bin/../lib/gcc/x86_64-linux-gnu/13/../../../../include/c++/13/bits/vector.tcc,836,,missing_file,system_header,0,system_header,_ZNSt6vectorIhN8Sirikata13JpegAllocatorIhEEE15_M_range_insertIPKhEEvN9__gnu_cxx17__normal_iteratorIPhS3_EET_SB_St20forward_iterator_tag,,8867,"%207 = load i64, ptr %30, align 8, !dbg !170668, !psr.id !170669 | ID: 78753",,Phasar IFDS-Uninitialized use; variables=__len; reported_source=this->_M_impl._M_end_of_storage = __new_start + __len;,debug_location_or_source_attribution_drift_candidate,0.50,1,,/home/jimi/PaperExperiment/CompilerOptimization/Result/lepton/phasar/phasar-O2-g/runs/ifds-uninit/lepton_O2_g-Mon-Mar-16-10:10:01-2026/psr-report.txt;/home/jimi/PaperExperiment/CompilerOptimization/Result/lepton/phasar/phasar-O2-g/log/commands.log;/home/jimi/PaperExperiment/CompilerOptimization/Result/lepton/phasar/phasar-O2-g/log/summary.csv,Generated by re-parsing psr-report.txt; source_resolution=direct_or_container_remap; exact source line was revalidated against the resolved source tree.
phasar.lepton.O2g.000555,lepton,phasar,P2,ExternalOrUnresolvedSource,RunOrLocationWeakEvidence,reported,/home/jimi/PaperExperiment/CompilerOptimization/Result/lepton/phasar/phasar-O2-g/runs/ifds-uninit/lepton_O2_g-Mon-Mar-16-10:10:01-2026,lepton_O2_g-Mon-Mar-16-10:10:01-2026,ifds-uninit,/home/jimi/PaperExperiment/CompilerOptimization/Result/lepton/phasar/phasar-O2-g/artifacts/lepton_O2_g.bc,/home/jimi/PaperExperiment/CompilerOptimization/Result/lepton/phasar/phasar-O2-g/artifacts/lepton_O2_g.ll,/home/jimi/PaperExperiment/CompilerOptimization/Result/lepton/phasar/phasar-O2-g/runs/ifds-uninit/lepton_O2_g-Mon-Mar-16-10:10:01-2026/psr-report.txt,8870,/usr/bin/../lib/gcc/x86_64-linux-gnu/13/../../../../include/c++/13/bits/stl_algobase.h,633,,missing_file,system_header,0,system_header,_ZSt4copyIPKhN9__gnu_cxx17__normal_iteratorIPhSt6vectorIhN8Sirikata13JpegAllocatorIhEEEEEET0_T_SC_SB_,,8879,"%10 = load ptr, ptr %6, align 8, !dbg !170708, !psr.id !170709 | ID: 78774",,"Phasar IFDS-Uninitialized use; variables=__first, __last; reported_source=(std::__miter_base(__first), std::__miter_base(__last), __result);",debug_location_or_source_attribution_drift_candidate,0.50,1,,/home/jimi/PaperExperiment/CompilerOptimization/Result/lepton/phasar/phasar-O2-g/runs/ifds-uninit/lepton_O2_g-Mon-Mar-16-10:10:01-2026/psr-report.txt;/home/jimi/PaperExperiment/CompilerOptimization/Result/lepton/phasar/phasar-O2-g/log/commands.log;/home/jimi/PaperExperiment/CompilerOptimization/Result/lepton/phasar/phasar-O2-g/log/summary.csv,Generated by re-parsing psr-report.txt; source_resolution=direct_or_container_remap; exact source line was revalidated against the resolved source tree.
phasar.lepton.O2g.000556,lepton,phasar,P2,ExternalOrUnresolvedSource,RunOrLocationWeakEvidence,reported,/home/jimi/PaperExperiment/CompilerOptimization/Result/lepton/phasar/phasar-O2-g/runs/ifds-uninit/lepton_O2_g-Mon-Mar-16-10:10:01-2026,lepton_O2_g-Mon-Mar-16-10:10:01-2026,ifds-uninit,/home/jimi/PaperExperiment/CompilerOptimization/Result/lepton/phasar/phasar-O2-g/artifacts/lepton_O2_g.bc,/home/jimi/PaperExperiment/CompilerOptimization/Result/lepton/phasar/phasar-O2-g/artifacts/lepton_O2_g.ll,/home/jimi/PaperExperiment/CompilerOptimization/Result/lepton/phasar/phasar-O2-g/runs/ifds-uninit/lepton_O2_g-Mon-Mar-16-10:10:01-2026/psr-report.txt,8884,/usr/bin/../lib/gcc/x86_64-linux-gnu/13/../../../../include/c++/13/bits/stl_iterator_base_funcs.h,191,,missing_file,system_header,0,system_header,_ZSt9__advanceIPKhlEvRT_T0_St26random_access_iterator_tag,,8893,"%12 = load ptr, ptr %4, align 8, !dbg !170759, !psr.id !170760 | ID: 78801",,Phasar IFDS-Uninitialized use; variables=__i; reported_source=++__i;,debug_location_or_source_attribution_drift_candidate,0.50,1,,/home/jimi/PaperExperiment/CompilerOptimization/Result/lepton/phasar/phasar-O2-g/runs/ifds-uninit/lepton_O2_g-Mon-Mar-16-10:10:01-2026/psr-report.txt;/home/jimi/PaperExperiment/CompilerOptimization/Result/lepton/phasar/phasar-O2-g/log/commands.log;/home/jimi/PaperExperiment/CompilerOptimization/Result/lepton/phasar/phasar-O2-g/log/summary.csv,Generated by re-parsing psr-report.txt; source_resolution=direct_or_container_remap; exact source line was revalidated against the resolved source tree.
phasar.lepton.O2g.000557,lepton,phasar,P2,ExternalOrUnresolvedSource,RunOrLocationWeakEvidence,reported,/home/jimi/PaperExperiment/CompilerOptimization/Result/lepton/phasar/phasar-O2-g/runs/ifds-uninit/lepton_O2_g-Mon-Mar-16-10:10:01-2026,lepton_O2_g-Mon-Mar-16-10:10:01-2026,ifds-uninit,/home/jimi/PaperExperiment/CompilerOptimization/Result/lepton/phasar/phasar-O2-g/artifacts/lepton_O2_g.bc,/home/jimi/PaperExperiment/CompilerOptimization/Result/lepton/phasar/phasar-O2-g/artifacts/lepton_O2_g.ll,/home/jimi/PaperExperiment/CompilerOptimization/Result/lepton/phasar/phasar-O2-g/runs/ifds-uninit/lepton_O2_g-Mon-Mar-16-10:10:01-2026/psr-report.txt,8898,/usr/bin/../lib/gcc/x86_64-linux-gnu/13/../../../../include/c++/13/bits/stl_iterator_base_funcs.h,193,,missing_file,system_header,0,system_header,_ZSt9__advanceIPKhlEvRT_T0_St26random_access_iterator_tag,,8907,"%22 = load ptr, ptr %4, align 8, !dbg !170779, !psr.id !170780 | ID: 78812",,Phasar IFDS-Uninitialized use; variables=__i; reported_source=--__i;,debug_location_or_source_attribution_drift_candidate,0.50,1,,/home/jimi/PaperExperiment/CompilerOptimization/Result/lepton/phasar/phasar-O2-g/runs/ifds-uninit/lepton_O2_g-Mon-Mar-16-10:10:01-2026/psr-report.txt;/home/jimi/PaperExperiment/CompilerOptimization/Result/lepton/phasar/phasar-O2-g/log/commands.log;/home/jimi/PaperExperiment/CompilerOptimization/Result/lepton/phasar/phasar-O2-g/log/summary.csv,Generated by re-parsing psr-report.txt; source_resolution=direct_or_container_remap; exact source line was revalidated against the resolved source tree.
phasar.lepton.O2g.000558,lepton,phasar,P2,ExternalOrUnresolvedSource,RunOrLocationWeakEvidence,reported,/home/jimi/PaperExperiment/CompilerOptimization/Result/lepton/phasar/phasar-O2-g/runs/ifds-uninit/lepton_O2_g-Mon-Mar-16-10:10:01-2026,lepton_O2_g-Mon-Mar-16-10:10:01-2026,ifds-uninit,/home/jimi/PaperExperiment/CompilerOptimization/Result/lepton/phasar/phasar-O2-g/artifacts/lepton_O2_g.bc,/home/jimi/PaperExperiment/CompilerOptimization/Result/lepton/phasar/phasar-O2-g/artifacts/lepton_O2_g.ll,/home/jimi/PaperExperiment/CompilerOptimization/Result/lepton/phasar/phasar-O2-g/runs/ifds-uninit/lepton_O2_g-Mon-Mar-16-10:10:01-2026/psr-report.txt,8912,/usr/bin/../lib/gcc/x86_64-linux-gnu/13/../../../../include/c++/13/bits/stl_iterator_base_funcs.h,195,,missing_file,system_header,0,system_header,_ZSt9__advanceIPKhlEvRT_T0_St26random_access_iterator_tag,,8921,"%27 = load ptr, ptr %4, align 8, !dbg !170788, !psr.id !170789 | ID: 78818",,Phasar IFDS-Uninitialized use; variables=__i; reported_source=__i += __n;,debug_location_or_source_attribution_drift_candidate,0.50,1,,/home/jimi/PaperExperiment/CompilerOptimization/Result/lepton/phasar/phasar-O2-g/runs/ifds-uninit/lepton_O2_g-Mon-Mar-16-10:10:01-2026/psr-report.txt;/home/jimi/PaperExperiment/CompilerOptimization/Result/lepton/phasar/phasar-O2-g/log/commands.log;/home/jimi/PaperExperiment/CompilerOptimization/Result/lepton/phasar/phasar-O2-g/log/summary.csv,Generated by re-parsing psr-report.txt; source_resolution=direct_or_container_remap; exact source line was revalidated against the resolved source tree.
phasar.lepton.O2g.000559,lepton,phasar,P2,ExternalOrUnresolvedSource,RunOrLocationWeakEvidence,reported,/home/jimi/PaperExperiment/CompilerOptimization/Result/lepton/phasar/phasar-O2-g/runs/ifds-uninit/lepton_O2_g-Mon-Mar-16-10:10:01-2026,lepton_O2_g-Mon-Mar-16-10:10:01-2026,ifds-uninit,/home/jimi/PaperExperiment/CompilerOptimization/Result/lepton/phasar/phasar-O2-g/artifacts/lepton_O2_g.bc,/home/jimi/PaperExperiment/CompilerOptimization/Result/lepton/phasar/phasar-O2-g/artifacts/lepton_O2_g.ll,/home/jimi/PaperExperiment/CompilerOptimization/Result/lepton/phasar/phasar-O2-g/runs/ifds-uninit/lepton_O2_g-Mon-Mar-16-10:10:01-2026/psr-report.txt,8926,/usr/bin/../lib/gcc/x86_64-linux-gnu/13/../../../../include/c++/13/bits/stl_uninitialized.h,351,,missing_file,system_header,0,system_header,_ZSt22__uninitialized_copy_aIPKhPhN8Sirikata13JpegAllocatorIhEEET0_T_S7_S6_RT1_,,8935,"%12 = load ptr, ptr %5, align 8, !dbg !170833, !psr.id !170836 | ID: 78842",,"Phasar IFDS-Uninitialized use; variables=__first, __last; reported_source=for (; __first != __last; ++__first, (void)++__cur)",debug_location_or_source_attribution_drift_candidate,0.50,1,,/home/jimi/PaperExperiment/CompilerOptimization/Result/lepton/phasar/phasar-O2-g/runs/ifds-uninit/lepton_O2_g-Mon-Mar-16-10:10:01-2026/psr-report.txt;/home/jimi/PaperExperiment/CompilerOptimization/Result/lepton/phasar/phasar-O2-g/log/commands.log;/home/jimi/PaperExperiment/CompilerOptimization/Result/lepton/phasar/phasar-O2-g/log/summary.csv,Generated by re-parsing psr-report.txt; source_resolution=direct_or_container_remap; exact source line was revalidated against the resolved source tree.
phasar.lepton.O2g.000560,lepton,phasar,P2,ExternalOrUnresolvedSource,RunOrLocationWeakEvidence,reported,/home/jimi/PaperExperiment/CompilerOptimization/Result/lepton/phasar/phasar-O2-g/runs/ifds-uninit/lepton_O2_g-Mon-Mar-16-10:10:01-2026,lepton_O2_g-Mon-Mar-16-10:10:01-2026,ifds-uninit,/home/jimi/PaperExperiment/CompilerOptimization/Result/lepton/phasar/phasar-O2-g/artifacts/lepton_O2_g.bc,/home/jimi/PaperExperiment/CompilerOptimization/Result/lepton/phasar/phasar-O2-g/artifacts/lepton_O2_g.ll,/home/jimi/PaperExperiment/CompilerOptimization/Result/lepton/phasar/phasar-O2-g/runs/ifds-uninit/lepton_O2_g-Mon-Mar-16-10:10:01-2026/psr-report.txt,8945,/usr/bin/../lib/gcc/x86_64-linux-gnu/13/../../../../include/c++/13/bits/stl_uninitialized.h,352,,missing_file,system_header,0,system_header,_ZSt22__uninitialized_copy_aIPKhPhN8Sirikata13JpegAllocatorIhEEET0_T_S7_S6_RT1_,,8954,"%18 = load ptr, ptr %5, align 8, !dbg !170847, !psr.id !170848 | ID: 78848",,"Phasar IFDS-Uninitialized use; variables=__first; reported_source=__traits::construct(__alloc, std::__addressof(*__cur), *__first);",debug_location_or_source_attribution_drift_candidate,0.50,1,,/home/jimi/PaperExperiment/CompilerOptimization/Result/lepton/phasar/phasar-O2-g/runs/ifds-uninit/lepton_O2_g-Mon-Mar-16-10:10:01-2026/psr-report.txt;/home/jimi/PaperExperiment/CompilerOptimization/Result/lepton/phasar/phasar-O2-g/log/commands.log;/home/jimi/PaperExperiment/CompilerOptimization/Result/lepton/phasar/phasar-O2-g/log/summary.csv,Generated by re-parsing psr-report.txt; source_resolution=direct_or_container_remap; exact source line was revalidated against the resolved source tree.
phasar.lepton.O2g.000561,lepton,phasar,P2,ExternalOrUnresolvedSource,RunOrLocationWeakEvidence,reported,/home/jimi/PaperExperiment/CompilerOptimization/Result/lepton/phasar/phasar-O2-g/runs/ifds-uninit/lepton_O2_g-Mon-Mar-16-10:10:01-2026,lepton_O2_g-Mon-Mar-16-10:10:01-2026,ifds-uninit,/home/jimi/PaperExperiment/CompilerOptimization/Result/lepton/phasar/phasar-O2-g/artifacts/lepton_O2_g.bc,/home/jimi/PaperExperiment/CompilerOptimization/Result/lepton/phasar/phasar-O2-g/artifacts/lepton_O2_g.ll,/home/jimi/PaperExperiment/CompilerOptimization/Result/lepton/phasar/phasar-O2-g/runs/ifds-uninit/lepton_O2_g-Mon-Mar-16-10:10:01-2026/psr-report.txt,8957,/usr/bin/../lib/gcc/x86_64-linux-gnu/13/../../../../include/c++/13/bits/stl_uninitialized.h,351,,missing_file,system_header,0,system_header,_ZSt22__uninitialized_copy_aIPKhPhN8Sirikata13JpegAllocatorIhEEET0_T_S7_S6_RT1_,,8966,"%20 = load ptr, ptr %5, align 8, !dbg !170852, !psr.id !170853 | ID: 78851",,"Phasar IFDS-Uninitialized use; variables=__first; reported_source=for (; __first != __last; ++__first, (void)++__cur)",debug_location_or_source_attribution_drift_candidate,0.50,1,,/home/jimi/PaperExperiment/CompilerOptimization/Result/lepton/phasar/phasar-O2-g/runs/ifds-uninit/lepton_O2_g-Mon-Mar-16-10:10:01-2026/psr-report.txt;/home/jimi/PaperExperiment/CompilerOptimization/Result/lepton/phasar/phasar-O2-g/log/commands.log;/home/jimi/PaperExperiment/CompilerOptimization/Result/lepton/phasar/phasar-O2-g/log/summary.csv,Generated by re-parsing psr-report.txt; source_resolution=direct_or_container_remap; exact source line was revalidated against the resolved source tree.
phasar.lepton.O2g.000562,lepton,phasar,P2,ExternalOrUnresolvedSource,RunOrLocationWeakEvidence,reported,/home/jimi/PaperExperiment/CompilerOptimization/Result/lepton/phasar/phasar-O2-g/runs/ifds-uninit/lepton_O2_g-Mon-Mar-16-10:10:01-2026,lepton_O2_g-Mon-Mar-16-10:10:01-2026,ifds-uninit,/home/jimi/PaperExperiment/CompilerOptimization/Result/lepton/phasar/phasar-O2-g/artifacts/lepton_O2_g.bc,/home/jimi/PaperExperiment/CompilerOptimization/Result/lepton/phasar/phasar-O2-g/artifacts/lepton_O2_g.ll,/home/jimi/PaperExperiment/CompilerOptimization/Result/lepton/phasar/phasar-O2-g/runs/ifds-uninit/lepton_O2_g-Mon-Mar-16-10:10:01-2026/psr-report.txt,8969,/usr/bin/../lib/gcc/x86_64-linux-gnu/13/../../../../include/c++/13/bits/cpp_type_traits.h,608,,missing_file,system_header,0,system_header,_ZSt12__miter_baseIPKhET_S2_,,8978,"%3 = load ptr, ptr %2, align 8, !dbg !170876, !psr.id !170877 | ID: 78863",,Phasar IFDS-Uninitialized use; variables=__it; reported_source={ return __it; },debug_location_or_source_attribution_drift_candidate,0.50,1,,/home/jimi/PaperExperiment/CompilerOptimization/Result/lepton/phasar/phasar-O2-g/runs/ifds-uninit/lepton_O2_g-Mon-Mar-16-10:10:01-2026/psr-report.txt;/home/jimi/PaperExperiment/CompilerOptimization/Result/lepton/phasar/phasar-O2-g/log/commands.log;/home/jimi/PaperExperiment/CompilerOptimization/Result/lepton/phasar/phasar-O2-g/log/summary.csv,Generated by re-parsing psr-report.txt; source_resolution=direct_or_container_remap; exact source line was revalidated against the resolved source tree.
phasar.lepton.O2g.000563,lepton,phasar,P2,ExternalOrUnresolvedSource,RunOrLocationWeakEvidence,reported,/home/jimi/PaperExperiment/CompilerOptimization/Result/lepton/phasar/phasar-O2-g/runs/ifds-uninit/lepton_O2_g-Mon-Mar-16-10:10:01-2026,lepton_O2_g-Mon-Mar-16-10:10:01-2026,ifds-uninit,/home/jimi/PaperExperiment/CompilerOptimization/Result/lepton/phasar/phasar-O2-g/artifacts/lepton_O2_g.bc,/home/jimi/PaperExperiment/CompilerOptimization/Result/lepton/phasar/phasar-O2-g/artifacts/lepton_O2_g.ll,/home/jimi/PaperExperiment/CompilerOptimization/Result/lepton/phasar/phasar-O2-g/runs/ifds-uninit/lepton_O2_g-Mon-Mar-16-10:10:01-2026/psr-report.txt,8981,/usr/bin/../lib/gcc/x86_64-linux-gnu/13/../../../../include/c++/13/bits/stl_algobase.h,541,,missing_file,system_header,0,system_header,_ZSt13__copy_move_aILb0EPKhN9__gnu_cxx17__normal_iteratorIPhSt6vectorIhN8Sirikata13JpegAllocatorIhEEEEEET1_T0_SC_SB_,,8990,"%11 = load ptr, ptr %6, align 8, !dbg !170903, !psr.id !170904 | ID: 78879",,"Phasar IFDS-Uninitialized use; variables=__first; reported_source=std::__copy_move_a1<_IsMove>(std::__niter_base(__first),",debug_location_or_source_attribution_drift_candidate,0.50,1,,/home/jimi/PaperExperiment/CompilerOptimization/Result/lepton/phasar/phasar-O2-g/runs/ifds-uninit/lepton_O2_g-Mon-Mar-16-10:10:01-2026/psr-report.txt;/home/jimi/PaperExperiment/CompilerOptimization/Result/lepton/phasar/phasar-O2-g/log/commands.log;/home/jimi/PaperExperiment/CompilerOptimization/Result/lepton/phasar/phasar-O2-g/log/summary.csv,Generated by re-parsing psr-report.txt; source_resolution=direct_or_container_remap; exact source line was revalidated against the resolved source tree.
phasar.lepton.O2g.000564,lepton,phasar,P2,ExternalOrUnresolvedSource,RunOrLocationWeakEvidence,reported,/home/jimi/PaperExperiment/CompilerOptimization/Result/lepton/phasar/phasar-O2-g/runs/ifds-uninit/lepton_O2_g-Mon-Mar-16-10:10:01-2026,lepton_O2_g-Mon-Mar-16-10:10:01-2026,ifds-uninit,/home/jimi/PaperExperiment/CompilerOptimization/Result/lepton/phasar/phasar-O2-g/artifacts/lepton_O2_g.bc,/home/jimi/PaperExperiment/CompilerOptimization/Result/lepton/phasar/phasar-O2-g/artifacts/lepton_O2_g.ll,/home/jimi/PaperExperiment/CompilerOptimization/Result/lepton/phasar/phasar-O2-g/runs/ifds-uninit/lepton_O2_g-Mon-Mar-16-10:10:01-2026/psr-report.txt,8993,/usr/bin/../lib/gcc/x86_64-linux-gnu/13/../../../../include/c++/13/bits/stl_algobase.h,542,,missing_file,system_header,0,system_header,_ZSt13__copy_move_aILb0EPKhN9__gnu_cxx17__normal_iteratorIPhSt6vectorIhN8Sirikata13JpegAllocatorIhEEEEEET1_T0_SC_SB_,,9002,"%13 = load ptr, ptr %7, align 8, !dbg !170907, !psr.id !170908 | ID: 78881",,"Phasar IFDS-Uninitialized use; variables=__last; reported_source=std::__niter_base(__last),",debug_location_or_source_attribution_drift_candidate,0.50,1,,/home/jimi/PaperExperiment/CompilerOptimization/Result/lepton/phasar/phasar-O2-g/runs/ifds-uninit/lepton_O2_g-Mon-Mar-16-10:10:01-2026/psr-report.txt;/home/jimi/PaperExperiment/CompilerOptimization/Result/lepton/phasar/phasar-O2-g/log/commands.log;/home/jimi/PaperExperiment/CompilerOptimization/Result/lepton/phasar/phasar-O2-g/log/summary.csv,Generated by re-parsing psr-report.txt; source_resolution=direct_or_container_remap; exact source line was revalidated against the resolved source tree.
phasar.lepton.O2g.000565,lepton,phasar,P2,ExternalOrUnresolvedSource,RunOrLocationWeakEvidence,reported,/home/jimi/PaperExperiment/CompilerOptimization/Result/lepton/phasar/phasar-O2-g/runs/ifds-uninit/lepton_O2_g-Mon-Mar-16-10:10:01-2026,lepton_O2_g-Mon-Mar-16-10:10:01-2026,ifds-uninit,/home/jimi/PaperExperiment/CompilerOptimization/Result/lepton/phasar/phasar-O2-g/artifacts/lepton_O2_g.bc,/home/jimi/PaperExperiment/CompilerOptimization/Result/lepton/phasar/phasar-O2-g/artifacts/lepton_O2_g.ll,/home/jimi/PaperExperiment/CompilerOptimization/Result/lepton/phasar/phasar-O2-g/runs/ifds-uninit/lepton_O2_g-Mon-Mar-16-10:10:01-2026/psr-report.txt,9005,/usr/bin/../lib/gcc/x86_64-linux-gnu/13/../../../../include/c++/13/bits/stl_algobase.h,318,,missing_file,system_header,0,system_header,_ZSt12__niter_baseIPKhET_S2_,,9014,"%3 = load ptr, ptr %2, align 8, !dbg !170935, !psr.id !170936 | ID: 78899",,Phasar IFDS-Uninitialized use; variables=__it; reported_source={ return __it; },debug_location_or_source_attribution_drift_candidate,0.50,1,,/home/jimi/PaperExperiment/CompilerOptimization/Result/lepton/phasar/phasar-O2-g/runs/ifds-uninit/lepton_O2_g-Mon-Mar-16-10:10:01-2026/psr-report.txt;/home/jimi/PaperExperiment/CompilerOptimization/Result/lepton/phasar/phasar-O2-g/log/commands.log;/home/jimi/PaperExperiment/CompilerOptimization/Result/lepton/phasar/phasar-O2-g/log/summary.csv,Generated by re-parsing psr-report.txt; source_resolution=direct_or_container_remap; exact source line was revalidated against the resolved source tree.
phasar.lepton.O2g.000566,lepton,phasar,P2,ExternalOrUnresolvedSource,RunOrLocationWeakEvidence,reported,/home/jimi/PaperExperiment/CompilerOptimization/Result/lepton/phasar/phasar-O2-g/runs/ifds-uninit/lepton_O2_g-Mon-Mar-16-10:10:01-2026,lepton_O2_g-Mon-Mar-16-10:10:01-2026,ifds-uninit,/home/jimi/PaperExperiment/CompilerOptimization/Result/lepton/phasar/phasar-O2-g/artifacts/lepton_O2_g.bc,/home/jimi/PaperExperiment/CompilerOptimization/Result/lepton/phasar/phasar-O2-g/artifacts/lepton_O2_g.ll,/home/jimi/PaperExperiment/CompilerOptimization/Result/lepton/phasar/phasar-O2-g/runs/ifds-uninit/lepton_O2_g-Mon-Mar-16-10:10:01-2026/psr-report.txt,9017,/usr/bin/../lib/gcc/x86_64-linux-gnu/13/../../../../include/c++/13/bits/stl_algobase.h,533,,missing_file,system_header,0,system_header,_ZSt14__copy_move_a1ILb0EPKhPhET1_T0_S4_S3_,,9026,"%7 = load ptr, ptr %4, align 8, !dbg !170958, !psr.id !170959 | ID: 78910",,"Phasar IFDS-Uninitialized use; variables=__first, __last; reported_source={ return std::__copy_move_a2<_IsMove>(__first, __last, __result); }",debug_location_or_source_attribution_drift_candidate,0.50,1,,/home/jimi/PaperExperiment/CompilerOptimization/Result/lepton/phasar/phasar-O2-g/runs/ifds-uninit/lepton_O2_g-Mon-Mar-16-10:10:01-2026/psr-report.txt;/home/jimi/PaperExperiment/CompilerOptimization/Result/lepton/phasar/phasar-O2-g/log/commands.log;/home/jimi/PaperExperiment/CompilerOptimization/Result/lepton/phasar/phasar-O2-g/log/summary.csv,Generated by re-parsing psr-report.txt; source_resolution=direct_or_container_remap; exact source line was revalidated against the resolved source tree.
phasar.lepton.O2g.000567,lepton,phasar,P2,ExternalOrUnresolvedSource,RunOrLocationWeakEvidence,reported,/home/jimi/PaperExperiment/CompilerOptimization/Result/lepton/phasar/phasar-O2-g/runs/ifds-uninit/lepton_O2_g-Mon-Mar-16-10:10:01-2026,lepton_O2_g-Mon-Mar-16-10:10:01-2026,ifds-uninit,/home/jimi/PaperExperiment/CompilerOptimization/Result/lepton/phasar/phasar-O2-g/artifacts/lepton_O2_g.bc,/home/jimi/PaperExperiment/CompilerOptimization/Result/lepton/phasar/phasar-O2-g/artifacts/lepton_O2_g.ll,/home/jimi/PaperExperiment/CompilerOptimization/Result/lepton/phasar/phasar-O2-g/runs/ifds-uninit/lepton_O2_g-Mon-Mar-16-10:10:01-2026/psr-report.txt,9031,/usr/bin/../lib/gcc/x86_64-linux-gnu/13/../../../../include/c++/13/bits/stl_algobase.h,506,,missing_file,system_header,0,system_header,_ZSt14__copy_move_a2ILb0EPKhPhET1_T0_S4_S3_,,9040,"%7 = load ptr, ptr %4, align 8, !dbg !170984, !psr.id !170985 | ID: 78924",,"Phasar IFDS-Uninitialized use; variables=__first, __last; reported_source=_Category>::__copy_m(__first, __last, __result);",debug_location_or_source_attribution_drift_candidate,0.50,1,,/home/jimi/PaperExperiment/CompilerOptimization/Result/lepton/phasar/phasar-O2-g/runs/ifds-uninit/lepton_O2_g-Mon-Mar-16-10:10:01-2026/psr-report.txt;/home/jimi/PaperExperiment/CompilerOptimization/Result/lepton/phasar/phasar-O2-g/log/commands.log;/home/jimi/PaperExperiment/CompilerOptimization/Result/lepton/phasar/phasar-O2-g/log/summary.csv,Generated by re-parsing psr-report.txt; source_resolution=direct_or_container_remap; exact source line was revalidated against the resolved source tree.
phasar.lepton.O2g.000568,lepton,phasar,P2,ExternalOrUnresolvedSource,RunOrLocationWeakEvidence,reported,/home/jimi/PaperExperiment/CompilerOptimization/Result/lepton/phasar/phasar-O2-g/runs/ifds-uninit/lepton_O2_g-Mon-Mar-16-10:10:01-2026,lepton_O2_g-Mon-Mar-16-10:10:01-2026,ifds-uninit,/home/jimi/PaperExperiment/CompilerOptimization/Result/lepton/phasar/phasar-O2-g/artifacts/lepton_O2_g.bc,/home/jimi/PaperExperiment/CompilerOptimization/Result/lepton/phasar/phasar-O2-g/artifacts/lepton_O2_g.ll,/home/jimi/PaperExperiment/CompilerOptimization/Result/lepton/phasar/phasar-O2-g/runs/ifds-uninit/lepton_O2_g-Mon-Mar-16-10:10:01-2026/psr-report.txt,9045,/usr/bin/../lib/gcc/x86_64-linux-gnu/13/../../../../include/c++/13/bits/stl_algobase.h,435,,missing_file,system_header,0,system_header,_ZNSt11__copy_moveILb0ELb1ESt26random_access_iterator_tagE8__copy_mIKhhEEPT0_PT_S7_S5_,,9054,"%8 = load ptr, ptr %5, align 8, !dbg !171017, !psr.id !171018 | ID: 78940",,"Phasar IFDS-Uninitialized use; variables=__last, __first; reported_source=const ptrdiff_t _Num = __last - __first;",debug_location_or_source_attribution_drift_candidate,0.50,1,,/home/jimi/PaperExperiment/CompilerOptimization/Result/lepton/phasar/phasar-O2-g/runs/ifds-uninit/lepton_O2_g-Mon-Mar-16-10:10:01-2026/psr-report.txt;/home/jimi/PaperExperiment/CompilerOptimization/Result/lepton/phasar/phasar-O2-g/log/commands.log;/home/jimi/PaperExperiment/CompilerOptimization/Result/lepton/phasar/phasar-O2-g/log/summary.csv,Generated by re-parsing psr-report.txt; source_resolution=direct_or_container_remap; exact source line was revalidated against the resolved source tree.
phasar.lepton.O2g.000569,lepton,phasar,P2,ExternalOrUnresolvedSource,RunOrLocationWeakEvidence,reported,/home/jimi/PaperExperiment/CompilerOptimization/Result/lepton/phasar/phasar-O2-g/runs/ifds-uninit/lepton_O2_g-Mon-Mar-16-10:10:01-2026,lepton_O2_g-Mon-Mar-16-10:10:01-2026,ifds-uninit,/home/jimi/PaperExperiment/CompilerOptimization/Result/lepton/phasar/phasar-O2-g/artifacts/lepton_O2_g.bc,/home/jimi/PaperExperiment/CompilerOptimization/Result/lepton/phasar/phasar-O2-g/artifacts/lepton_O2_g.ll,/home/jimi/PaperExperiment/CompilerOptimization/Result/lepton/phasar/phasar-O2-g/runs/ifds-uninit/lepton_O2_g-Mon-Mar-16-10:10:01-2026/psr-report.txt,9062,/usr/bin/../lib/gcc/x86_64-linux-gnu/13/../../../../include/c++/13/bits/stl_algobase.h,436,,missing_file,system_header,0,system_header,_ZNSt11__copy_moveILb0ELb1ESt26random_access_iterator_tagE8__copy_mIKhhEEPT0_PT_S7_S5_,,9071,"%13 = load i64, ptr %7, align 8, !dbg !171026, !psr.id !171028 | ID: 78946",,"Phasar IFDS-Uninitialized use; variables=_Num; reported_source=if (__builtin_expect(_Num > 1, true))",debug_location_or_source_attribution_drift_candidate,0.50,1,,/home/jimi/PaperExperiment/CompilerOptimization/Result/lepton/phasar/phasar-O2-g/runs/ifds-uninit/lepton_O2_g-Mon-Mar-16-10:10:01-2026/psr-report.txt;/home/jimi/PaperExperiment/CompilerOptimization/Result/lepton/phasar/phasar-O2-g/log/commands.log;/home/jimi/PaperExperiment/CompilerOptimization/Result/lepton/phasar/phasar-O2-g/log/summary.csv,Generated by re-parsing psr-report.txt; source_resolution=direct_or_container_remap; exact source line was revalidated against the resolved source tree.
phasar.lepton.O2g.000570,lepton,phasar,P2,ExternalOrUnresolvedSource,RunOrLocationWeakEvidence,reported,/home/jimi/PaperExperiment/CompilerOptimization/Result/lepton/phasar/phasar-O2-g/runs/ifds-uninit/lepton_O2_g-Mon-Mar-16-10:10:01-2026,lepton_O2_g-Mon-Mar-16-10:10:01-2026,ifds-uninit,/home/jimi/PaperExperiment/CompilerOptimization/Result/lepton/phasar/phasar-O2-g/artifacts/lepton_O2_g.bc,/home/jimi/PaperExperiment/CompilerOptimization/Result/lepton/phasar/phasar-O2-g/artifacts/lepton_O2_g.ll,/home/jimi/PaperExperiment/CompilerOptimization/Result/lepton/phasar/phasar-O2-g/runs/ifds-uninit/lepton_O2_g-Mon-Mar-16-10:10:01-2026/psr-report.txt,9078,/usr/bin/../lib/gcc/x86_64-linux-gnu/13/../../../../include/c++/13/bits/stl_algobase.h,437,,missing_file,system_header,0,system_header,_ZNSt11__copy_moveILb0ELb1ESt26random_access_iterator_tagE8__copy_mIKhhEEPT0_PT_S7_S5_,,9087,"%17 = load ptr, ptr %4, align 8, !dbg !171035, !psr.id !171036 | ID: 78950",,"Phasar IFDS-Uninitialized use; variables=__first, _Num; reported_source=__builtin_memmove(__result, __first, sizeof(_Tp) * _Num);",debug_location_or_source_attribution_drift_candidate,0.50,1,,/home/jimi/PaperExperiment/CompilerOptimization/Result/lepton/phasar/phasar-O2-g/runs/ifds-uninit/lepton_O2_g-Mon-Mar-16-10:10:01-2026/psr-report.txt;/home/jimi/PaperExperiment/CompilerOptimization/Result/lepton/phasar/phasar-O2-g/log/commands.log;/home/jimi/PaperExperiment/CompilerOptimization/Result/lepton/phasar/phasar-O2-g/log/summary.csv,Generated by re-parsing psr-report.txt; source_resolution=direct_or_container_remap; exact source line was revalidated against the resolved source tree.
phasar.lepton.O2g.000571,lepton,phasar,P2,ExternalOrUnresolvedSource,RunOrLocationWeakEvidence,reported,/home/jimi/PaperExperiment/CompilerOptimization/Result/lepton/phasar/phasar-O2-g/runs/ifds-uninit/lepton_O2_g-Mon-Mar-16-10:10:01-2026,lepton_O2_g-Mon-Mar-16-10:10:01-2026,ifds-uninit,/home/jimi/PaperExperiment/CompilerOptimization/Result/lepton/phasar/phasar-O2-g/artifacts/lepton_O2_g.bc,/home/jimi/PaperExperiment/CompilerOptimization/Result/lepton/phasar/phasar-O2-g/artifacts/lepton_O2_g.ll,/home/jimi/PaperExperiment/CompilerOptimization/Result/lepton/phasar/phasar-O2-g/runs/ifds-uninit/lepton_O2_g-Mon-Mar-16-10:10:01-2026/psr-report.txt,9094,/usr/bin/../lib/gcc/x86_64-linux-gnu/13/../../../../include/c++/13/bits/stl_algobase.h,438,,missing_file,system_header,0,system_header,_ZNSt11__copy_moveILb0ELb1ESt26random_access_iterator_tagE8__copy_mIKhhEEPT0_PT_S7_S5_,,9103,"%21 = load i64, ptr %7, align 8, !dbg !171044, !psr.id !171046 | ID: 78955",,Phasar IFDS-Uninitialized use; variables=_Num; reported_source=else if (_Num == 1),debug_location_or_source_attribution_drift_candidate,0.50,1,,/home/jimi/PaperExperiment/CompilerOptimization/Result/lepton/phasar/phasar-O2-g/runs/ifds-uninit/lepton_O2_g-Mon-Mar-16-10:10:01-2026/psr-report.txt;/home/jimi/PaperExperiment/CompilerOptimization/Result/lepton/phasar/phasar-O2-g/log/commands.log;/home/jimi/PaperExperiment/CompilerOptimization/Result/lepton/phasar/phasar-O2-g/log/summary.csv,Generated by re-parsing psr-report.txt; source_resolution=direct_or_container_remap; exact source line was revalidated against the resolved source tree.
phasar.lepton.O2g.000572,lepton,phasar,P2,ExternalOrUnresolvedSource,RunOrLocationWeakEvidence,reported,/home/jimi/PaperExperiment/CompilerOptimization/Result/lepton/phasar/phasar-O2-g/runs/ifds-uninit/lepton_O2_g-Mon-Mar-16-10:10:01-2026,lepton_O2_g-Mon-Mar-16-10:10:01-2026,ifds-uninit,/home/jimi/PaperExperiment/CompilerOptimization/Result/lepton/phasar/phasar-O2-g/artifacts/lepton_O2_g.bc,/home/jimi/PaperExperiment/CompilerOptimization/Result/lepton/phasar/phasar-O2-g/artifacts/lepton_O2_g.ll,/home/jimi/PaperExperiment/CompilerOptimization/Result/lepton/phasar/phasar-O2-g/runs/ifds-uninit/lepton_O2_g-Mon-Mar-16-10:10:01-2026/psr-report.txt,9110,/usr/bin/../lib/gcc/x86_64-linux-gnu/13/../../../../include/c++/13/bits/stl_algobase.h,440,,missing_file,system_header,0,system_header,_ZNSt11__copy_moveILb0ELb1ESt26random_access_iterator_tagE8__copy_mIKhhEEPT0_PT_S7_S5_,,9119,"%25 = load ptr, ptr %4, align 8, !dbg !171053, !psr.id !171054 | ID: 78959",,"Phasar IFDS-Uninitialized use; variables=__first; reported_source=__assign_one(__result, __first);",debug_location_or_source_attribution_drift_candidate,0.50,1,,/home/jimi/PaperExperiment/CompilerOptimization/Result/lepton/phasar/phasar-O2-g/runs/ifds-uninit/lepton_O2_g-Mon-Mar-16-10:10:01-2026/psr-report.txt;/home/jimi/PaperExperiment/CompilerOptimization/Result/lepton/phasar/phasar-O2-g/log/commands.log;/home/jimi/PaperExperiment/CompilerOptimization/Result/lepton/phasar/phasar-O2-g/log/summary.csv,Generated by re-parsing psr-report.txt; source_resolution=direct_or_container_remap; exact source line was revalidated against the resolved source tree.
phasar.lepton.O2g.000573,lepton,phasar,P2,ExternalOrUnresolvedSource,RunOrLocationWeakEvidence,reported,/home/jimi/PaperExperiment/CompilerOptimization/Result/lepton/phasar/phasar-O2-g/runs/ifds-uninit/lepton_O2_g-Mon-Mar-16-10:10:01-2026,lepton_O2_g-Mon-Mar-16-10:10:01-2026,ifds-uninit,/home/jimi/PaperExperiment/CompilerOptimization/Result/lepton/phasar/phasar-O2-g/artifacts/lepton_O2_g.bc,/home/jimi/PaperExperiment/CompilerOptimization/Result/lepton/phasar/phasar-O2-g/artifacts/lepton_O2_g.ll,/home/jimi/PaperExperiment/CompilerOptimization/Result/lepton/phasar/phasar-O2-g/runs/ifds-uninit/lepton_O2_g-Mon-Mar-16-10:10:01-2026/psr-report.txt,9122,/usr/bin/../lib/gcc/x86_64-linux-gnu/13/../../../../include/c++/13/bits/stl_algobase.h,441,,missing_file,system_header,0,system_header,_ZNSt11__copy_moveILb0ELb1ESt26random_access_iterator_tagE8__copy_mIKhhEEPT0_PT_S7_S5_,,9131,"%29 = load i64, ptr %7, align 8, !dbg !171061, !psr.id !171062 | ID: 78964",,Phasar IFDS-Uninitialized use; variables=_Num; reported_source=return __result + _Num;,debug_location_or_source_attribution_drift_candidate,0.50,1,,/home/jimi/PaperExperiment/CompilerOptimization/Result/lepton/phasar/phasar-O2-g/runs/ifds-uninit/lepton_O2_g-Mon-Mar-16-10:10:01-2026/psr-report.txt;/home/jimi/PaperExperiment/CompilerOptimization/Result/lepton/phasar/phasar-O2-g/log/commands.log;/home/jimi/PaperExperiment/CompilerOptimization/Result/lepton/phasar/phasar-O2-g/log/summary.csv,Generated by re-parsing psr-report.txt; source_resolution=direct_or_container_remap; exact source line was revalidated against the resolved source tree.
phasar.lepton.O2g.000574,lepton,phasar,P2,ExternalOrUnresolvedSource,RunOrLocationWeakEvidence,reported,/home/jimi/PaperExperiment/CompilerOptimization/Result/lepton/phasar/phasar-O2-g/runs/ifds-uninit/lepton_O2_g-Mon-Mar-16-10:10:01-2026,lepton_O2_g-Mon-Mar-16-10:10:01-2026,ifds-uninit,/home/jimi/PaperExperiment/CompilerOptimization/Result/lepton/phasar/phasar-O2-g/artifacts/lepton_O2_g.bc,/home/jimi/PaperExperiment/CompilerOptimization/Result/lepton/phasar/phasar-O2-g/artifacts/lepton_O2_g.ll,/home/jimi/PaperExperiment/CompilerOptimization/Result/lepton/phasar/phasar-O2-g/runs/ifds-uninit/lepton_O2_g-Mon-Mar-16-10:10:01-2026/psr-report.txt,9134,/usr/bin/../lib/gcc/x86_64-linux-gnu/13/../../../../include/c++/13/bits/stl_algobase.h,398,,missing_file,system_header,0,system_header,_ZNSt11__copy_moveILb0ELb0ESt26random_access_iterator_tagE12__assign_oneIhKhEEvPT_PT0_,,9143,"%5 = load ptr, ptr %4, align 8, !dbg !171083, !psr.id !171084 | ID: 78973",,Phasar IFDS-Uninitialized use; variables=__from; reported_source={ *__to = *__from; },debug_location_or_source_attribution_drift_candidate,0.50,1,,/home/jimi/PaperExperiment/CompilerOptimization/Result/lepton/phasar/phasar-O2-g/runs/ifds-uninit/lepton_O2_g-Mon-Mar-16-10:10:01-2026/psr-report.txt;/home/jimi/PaperExperiment/CompilerOptimization/Result/lepton/phasar/phasar-O2-g/log/commands.log;/home/jimi/PaperExperiment/CompilerOptimization/Result/lepton/phasar/phasar-O2-g/log/summary.csv,Generated by re-parsing psr-report.txt; source_resolution=direct_or_container_remap; exact source line was revalidated against the resolved source tree.
phasar.libsndfile.O2g.000267,libsndfile,phasar,P0,LineOutOfRange,LocationInvalid,reported,/home/jimi/PaperExperiment/CompilerOptimization/Result/libsndfile/phasar/phasar-O2-g/runs/ifds-uninit/libsndfile_O2_g-Mon-Mar-16-07:39:03-2026,libsndfile_O2_g-Mon-Mar-16-07:39:03-2026,ifds-uninit,/home/jimi/PaperExperiment/CompilerOptimization/Result/libsndfile/phasar/phasar-O2-g/artifacts/libsndfile_O2_g.bc,/home/jimi/PaperExperiment/CompilerOptimization/Result/libsndfile/phasar/phasar-O2-g/artifacts/libsndfile_O2_g.ll,/home/jimi/PaperExperiment/CompilerOptimization/Result/libsndfile/phasar/phasar-O2-g/runs/ifds-uninit/libsndfile_O2_g-Mon-Mar-16-07:39:03-2026/psr-report.txt,4688,CompilerOptimization/Target/libsndfile/src/GSM610/gsm610_priv.h,616,,line_out_of_range,project_header,0,project_header,Gsm_Long_Term_Predictor,,4697,"%2334 = shl i32 %2251, %2333, !dbg !159835, !psr.id !159836 | ID: 79559",,"Phasar IFDS-Uninitialized use; variables=L_max; reported_source=R = SASR_L (L_max << temp, 16) ;",debug_location_or_source_attribution_drift_candidate,0.99,0,,/home/jimi/PaperExperiment/CompilerOptimization/Result/libsndfile/phasar/phasar-O2-g/runs/ifds-uninit/libsndfile_O2_g-Mon-Mar-16-07:39:03-2026/psr-report.txt;/home/jimi/PaperExperiment/CompilerOptimization/Result/libsndfile/phasar/phasar-O2-g/log/commands.log;/home/jimi/PaperExperiment/CompilerOptimization/Result/libsndfile/phasar/phasar-O2-g/log/summary.csv,Generated by re-parsing psr-report.txt; source_resolution=direct_or_container_remap; exact source line was revalidated against the resolved source tree.
phasar.libsndfile.O2g.000309,libsndfile,phasar,P0,SourceTextMismatch,LocationDrift,reported,/home/jimi/PaperExperiment/CompilerOptimization/Result/libsndfile/phasar/phasar-O2-g/runs/ifds-uninit/libsndfile_O2_g-Mon-Mar-16-07:39:03-2026,libsndfile_O2_g-Mon-Mar-16-07:39:03-2026,ifds-uninit,/home/jimi/PaperExperiment/CompilerOptimization/Result/libsndfile/phasar/phasar-O2-g/artifacts/libsndfile_O2_g.bc,/home/jimi/PaperExperiment/CompilerOptimization/Result/libsndfile/phasar/phasar-O2-g/artifacts/libsndfile_O2_g.ll,/home/jimi/PaperExperiment/CompilerOptimization/Result/libsndfile/phasar/phasar-O2-g/runs/ifds-uninit/libsndfile_O2_g-Mon-Mar-16-07:39:03-2026/psr-report.txt,5293,CompilerOptimization/Target/libsndfile/src/common.h,974,,valid,project_header,0,project_header,dpcm_read_dsc2s,,5302,"%49 = add i8 %48, %42, !dbg !136051, !psr.id !136073 | ID: 66118",{,Phasar IFDS-Uninitialized use; variables=last_val; reported_source={	last_val += src [k] ;,debug_location_or_source_attribution_drift_candidate,0.95,0,,/home/jimi/PaperExperiment/CompilerOptimization/Result/libsndfile/phasar/phasar-O2-g/runs/ifds-uninit/libsndfile_O2_g-Mon-Mar-16-07:39:03-2026/psr-report.txt;/home/jimi/PaperExperiment/CompilerOptimization/Result/libsndfile/phasar/phasar-O2-g/log/commands.log;/home/jimi/PaperExperiment/CompilerOptimization/Result/libsndfile/phasar/phasar-O2-g/log/summary.csv,Generated by re-parsing psr-report.txt; source_resolution=direct_or_container_remap; exact source line was revalidated against the resolved source tree.
phasar.libsndfile.O2g.000311,libsndfile,phasar,P0,SourceTextMismatch,LocationDrift,reported,/home/jimi/PaperExperiment/CompilerOptimization/Result/libsndfile/phasar/phasar-O2-g/runs/ifds-uninit/libsndfile_O2_g-Mon-Mar-16-07:39:03-2026,libsndfile_O2_g-Mon-Mar-16-07:39:03-2026,ifds-uninit,/home/jimi/PaperExperiment/CompilerOptimization/Result/libsndfile/phasar/phasar-O2-g/artifacts/libsndfile_O2_g.bc,/home/jimi/PaperExperiment/CompilerOptimization/Result/libsndfile/phasar/phasar-O2-g/artifacts/libsndfile_O2_g.ll,/home/jimi/PaperExperiment/CompilerOptimization/Result/libsndfile/phasar/phasar-O2-g/runs/ifds-uninit/libsndfile_O2_g-Mon-Mar-16-07:39:03-2026/psr-report.txt,5316,CompilerOptimization/Target/libsndfile/src/common.h,974,,valid,project_header,0,project_header,dpcm_read_dsc2s,,5325,"%64 = add i8 %63, %59, !dbg !136051, !psr.id !136097 | ID: 66140",{,Phasar IFDS-Uninitialized use; variables=last_val; reported_source={	last_val += src [k] ;,debug_location_or_source_attribution_drift_candidate,0.95,0,,/home/jimi/PaperExperiment/CompilerOptimization/Result/libsndfile/phasar/phasar-O2-g/runs/ifds-uninit/libsndfile_O2_g-Mon-Mar-16-07:39:03-2026/psr-report.txt;/home/jimi/PaperExperiment/CompilerOptimization/Result/libsndfile/phasar/phasar-O2-g/log/commands.log;/home/jimi/PaperExperiment/CompilerOptimization/Result/libsndfile/phasar/phasar-O2-g/log/summary.csv,Generated by re-parsing psr-report.txt; source_resolution=direct_or_container_remap; exact source line was revalidated against the resolved source tree.
phasar.masscan.O2g.000078,masscan,phasar,P0,LineOutOfRange,LocationInvalid,reported,/home/jimi/PaperExperiment/CompilerOptimization/Result/masscan/phasar/phasar-O2-g/runs/ifds-uninit/masscan_O2_g-Wed-Mar-18-07:13:52-2026,masscan_O2_g-Wed-Mar-18-07:13:52-2026,ifds-uninit,/home/jimi/PaperExperiment/CompilerOptimization/Result/masscan/phasar/phasar-O2-g/artifacts/masscan_O2_g.bc,/home/jimi/PaperExperiment/CompilerOptimization/Result/masscan/phasar/phasar-O2-g/artifacts/masscan_O2_g.ll,/home/jimi/PaperExperiment/CompilerOptimization/Result/masscan/phasar/phasar-O2-g/runs/ifds-uninit/masscan_O2_g-Wed-Mar-18-07:13:52-2026/psr-report.txt,1261,CompilerOptimization/Target/masscan/src/massip-addr.h,1720,,line_out_of_range,project_header,0,project_header,main,,1269,"%123 = extractvalue { i64, i64 } %122, 0, !dbg !58003, !psr.id !58005 | ID: 21842",,Phasar IFDS-Uninitialized use; variables=Line       : 1720; reported_source=if (rangelist_count(&masscan->targets.ipv4) == 0 && massint128_is_zero(range6list_count(&masscan->targets.ipv6))) {,debug_location_or_source_attribution_drift_candidate,0.99,0,,/home/jimi/PaperExperiment/CompilerOptimization/Result/masscan/phasar/phasar-O2-g/runs/ifds-uninit/masscan_O2_g-Wed-Mar-18-07:13:52-2026/psr-report.txt;/home/jimi/PaperExperiment/CompilerOptimization/Result/masscan/phasar/phasar-O2-g/log/commands.log;/home/jimi/PaperExperiment/CompilerOptimization/Result/masscan/phasar/phasar-O2-g/log/summary.csv,Generated by re-parsing psr-report.txt; source_resolution=result_worktree_to_target; exact source line was revalidated against the resolved source tree.
phasar.masscan.O2g.000453,masscan,phasar,P2,ExternalSourceLineOutOfRange,RunOrLocationWeakEvidence,reported,/home/jimi/PaperExperiment/CompilerOptimization/Result/masscan/phasar/phasar-O2-g/runs/ifds-uninit/masscan_O2_g-Wed-Mar-18-07:13:52-2026,masscan_O2_g-Wed-Mar-18-07:13:52-2026,ifds-uninit,/home/jimi/PaperExperiment/CompilerOptimization/Result/masscan/phasar/phasar-O2-g/artifacts/masscan_O2_g.bc,/home/jimi/PaperExperiment/CompilerOptimization/Result/masscan/phasar/phasar-O2-g/artifacts/masscan_O2_g.ll,/home/jimi/PaperExperiment/CompilerOptimization/Result/masscan/phasar/phasar-O2-g/runs/ifds-uninit/masscan_O2_g-Wed-Mar-18-07:13:52-2026/psr-report.txt,6722,/usr/include/x86_64-linux-gnu/bits/byteswap.h,415,,line_out_of_range,system_header,0,system_header,rawsock_get_default_gateway,,6730,"%152 = load i32, ptr %78, align 8, !dbg !120438, !tbaa !120381, !psr.id !120439 | ID: 56508",,Phasar IFDS-Uninitialized use; variables=Line       : 415; reported_source=*ipv4 = ntohl(rtInfo->gateWay.s_addr);,debug_location_or_source_attribution_drift_candidate,0.55,1,,/home/jimi/PaperExperiment/CompilerOptimization/Result/masscan/phasar/phasar-O2-g/runs/ifds-uninit/masscan_O2_g-Wed-Mar-18-07:13:52-2026/psr-report.txt;/home/jimi/PaperExperiment/CompilerOptimization/Result/masscan/phasar/phasar-O2-g/log/commands.log;/home/jimi/PaperExperiment/CompilerOptimization/Result/masscan/phasar/phasar-O2-g/log/summary.csv,Generated by re-parsing psr-report.txt; source_resolution=direct_or_container_remap; exact source line was revalidated against the resolved source tree.
phasar.masscan.O2g.000454,masscan,phasar,P0,LineOutOfRange,LocationInvalid,reported,/home/jimi/PaperExperiment/CompilerOptimization/Result/masscan/phasar/phasar-O2-g/runs/ifds-uninit/masscan_O2_g-Wed-Mar-18-07:13:52-2026,masscan_O2_g-Wed-Mar-18-07:13:52-2026,ifds-uninit,/home/jimi/PaperExperiment/CompilerOptimization/Result/masscan/phasar/phasar-O2-g/artifacts/masscan_O2_g.bc,/home/jimi/PaperExperiment/CompilerOptimization/Result/masscan/phasar/phasar-O2-g/artifacts/masscan_O2_g.ll,/home/jimi/PaperExperiment/CompilerOptimization/Result/masscan/phasar/phasar-O2-g/runs/ifds-uninit/masscan_O2_g-Wed-Mar-18-07:13:52-2026/psr-report.txt,6733,CompilerOptimization/Target/masscan/src/massip-addr.h,914,,line_out_of_range,project_header,0,project_header,rawsock_selftest_if,,6741,"%39 = extractvalue { i64, i64 } %38, 0, !dbg !124941, !psr.id !124943 | ID: 58809",,Phasar IFDS-Uninitialized use; variables=Line       : 914; reported_source=ipv6 = rawsock_get_adapter_ipv6(ifname);,debug_location_or_source_attribution_drift_candidate,0.99,0,,/home/jimi/PaperExperiment/CompilerOptimization/Result/masscan/phasar/phasar-O2-g/runs/ifds-uninit/masscan_O2_g-Wed-Mar-18-07:13:52-2026/psr-report.txt;/home/jimi/PaperExperiment/CompilerOptimization/Result/masscan/phasar/phasar-O2-g/log/commands.log;/home/jimi/PaperExperiment/CompilerOptimization/Result/masscan/phasar/phasar-O2-g/log/summary.csv,Generated by re-parsing psr-report.txt; source_resolution=result_worktree_to_target; exact source line was revalidated against the resolved source tree.
phasar.masscan.O2g.000479,masscan,phasar,P0,LineOutOfRange,LocationInvalid,reported,/home/jimi/PaperExperiment/CompilerOptimization/Result/masscan/phasar/phasar-O2-g/runs/ifds-uninit/masscan_O2_g-Wed-Mar-18-07:13:52-2026,masscan_O2_g-Wed-Mar-18-07:13:52-2026,ifds-uninit,/home/jimi/PaperExperiment/CompilerOptimization/Result/masscan/phasar/phasar-O2-g/artifacts/masscan_O2_g.bc,/home/jimi/PaperExperiment/CompilerOptimization/Result/masscan/phasar/phasar-O2-g/artifacts/masscan_O2_g.ll,/home/jimi/PaperExperiment/CompilerOptimization/Result/masscan/phasar/phasar-O2-g/runs/ifds-uninit/masscan_O2_g-Wed-Mar-18-07:13:52-2026/psr-report.txt,7081,CompilerOptimization/Target/masscan/src/massip-addr.h,1631,,line_out_of_range,project_header,0,project_header,tcpapi_reconnect,,7089,"%61 = extractvalue { i64, i64 } %60, 0, !dbg !146802, !psr.id !146806 | ID: 70934",,"Phasar IFDS-Uninitialized use; variables=Line       : 1631; reported_source=ip_me->ipv6 = ipv6address_add(src->ipv6.first, diff);",debug_location_or_source_attribution_drift_candidate,0.99,0,,/home/jimi/PaperExperiment/CompilerOptimization/Result/masscan/phasar/phasar-O2-g/runs/ifds-uninit/masscan_O2_g-Wed-Mar-18-07:13:52-2026/psr-report.txt;/home/jimi/PaperExperiment/CompilerOptimization/Result/masscan/phasar/phasar-O2-g/log/commands.log;/home/jimi/PaperExperiment/CompilerOptimization/Result/masscan/phasar/phasar-O2-g/log/summary.csv,Generated by re-parsing psr-report.txt; source_resolution=result_worktree_to_target; exact source line was revalidated against the resolved source tree.
phasar.redis.O2g.000030,redis,phasar,P0,SourceLineEmptyOrNonCode,LocationInvalid,reported,/home/jimi/PaperExperiment/CompilerOptimization/Result/redis/phasar/phasar-O2-g/runs/ifds-uninit/redis_O2_g-Wed-Mar-18-09:36:32-2026,redis_O2_g-Wed-Mar-18-09:36:32-2026,ifds-uninit,/home/jimi/PaperExperiment/CompilerOptimization/Result/redis/phasar/phasar-O2-g/artifacts/redis_O2_g.bc,/home/jimi/PaperExperiment/CompilerOptimization/Result/redis/phasar/phasar-O2-g/artifacts/redis_O2_g.ll,/home/jimi/PaperExperiment/CompilerOptimization/Result/redis/phasar/phasar-O2-g/runs/ifds-uninit/redis_O2_g-Wed-Mar-18-09:36:32-2026/psr-report.txt,377,CompilerOptimization/Target/redis/src/sds.h,56,,empty_or_comment_line,project_header,0,project_header,rioBufferRead,,385,"%5 = load ptr, ptr %4, align 8, !dbg !441345, !tbaa !62266, !psr.id !441346 | ID: 216546",,Phasar IFDS-Uninitialized use; variables=Line       : 56; reported_source=if (sdslen(r->io.buffer.ptr)-r->io.buffer.pos < len),debug_location_or_source_attribution_drift_candidate,0.95,0,,/home/jimi/PaperExperiment/CompilerOptimization/Result/redis/phasar/phasar-O2-g/runs/ifds-uninit/redis_O2_g-Wed-Mar-18-09:36:32-2026/psr-report.txt;/home/jimi/PaperExperiment/CompilerOptimization/Result/redis/phasar/phasar-O2-g/log/commands.log;/home/jimi/PaperExperiment/CompilerOptimization/Result/redis/phasar/phasar-O2-g/log/summary.csv,Generated by re-parsing psr-report.txt; source_resolution=result_worktree_to_target; exact source line was revalidated against the resolved source tree.
phasar.redis.O2g.000154,redis,phasar,P0,LineOutOfRange,LocationInvalid,reported,/home/jimi/PaperExperiment/CompilerOptimization/Result/redis/phasar/phasar-O2-g/runs/ifds-uninit/redis_O2_g-Wed-Mar-18-09:36:32-2026,redis_O2_g-Wed-Mar-18-09:36:32-2026,ifds-uninit,/home/jimi/PaperExperiment/CompilerOptimization/Result/redis/phasar/phasar-O2-g/artifacts/redis_O2_g.bc,/home/jimi/PaperExperiment/CompilerOptimization/Result/redis/phasar/phasar-O2-g/artifacts/redis_O2_g.ll,/home/jimi/PaperExperiment/CompilerOptimization/Result/redis/phasar/phasar-O2-g/runs/ifds-uninit/redis_O2_g-Wed-Mar-18-09:36:32-2026/psr-report.txt,2101,CompilerOptimization/Target/redis/src/sds.h,710,,line_out_of_range,project_header,0,project_header,smoveCommand,,2109,"%31 = load ptr, ptr %30, align 8, !dbg !278229, !tbaa !61923, !psr.id !278232 | ID: 130168",,"Phasar IFDS-Uninitialized use; variables=Line       : 710; reported_source=addReply(c,setTypeIsMember(srcset,ele->ptr) ?",debug_location_or_source_attribution_drift_candidate,0.99,0,,/home/jimi/PaperExperiment/CompilerOptimization/Result/redis/phasar/phasar-O2-g/runs/ifds-uninit/redis_O2_g-Wed-Mar-18-09:36:32-2026/psr-report.txt;/home/jimi/PaperExperiment/CompilerOptimization/Result/redis/phasar/phasar-O2-g/log/commands.log;/home/jimi/PaperExperiment/CompilerOptimization/Result/redis/phasar/phasar-O2-g/log/summary.csv,Generated by re-parsing psr-report.txt; source_resolution=result_worktree_to_target; exact source line was revalidated against the resolved source tree.
phasar.redis.O2g.000162,redis,phasar,P0,LineOutOfRange,LocationInvalid,reported,/home/jimi/PaperExperiment/CompilerOptimization/Result/redis/phasar/phasar-O2-g/runs/ifds-uninit/redis_O2_g-Wed-Mar-18-09:36:32-2026,redis_O2_g-Wed-Mar-18-09:36:32-2026,ifds-uninit,/home/jimi/PaperExperiment/CompilerOptimization/Result/redis/phasar/phasar-O2-g/artifacts/redis_O2_g.bc,/home/jimi/PaperExperiment/CompilerOptimization/Result/redis/phasar/phasar-O2-g/artifacts/redis_O2_g.ll,/home/jimi/PaperExperiment/CompilerOptimization/Result/redis/phasar/phasar-O2-g/runs/ifds-uninit/redis_O2_g-Wed-Mar-18-09:36:32-2026/psr-report.txt,2192,CompilerOptimization/Target/redis/src/sds.h,717,,line_out_of_range,project_header,0,project_header,smoveCommand,,2200,"%68 = load ptr, ptr %67, align 8, !dbg !278309, !tbaa !61923, !psr.id !278311 | ID: 130213",,"Phasar IFDS-Uninitialized use; variables=Line       : 717; reported_source=int deleted = setTypeRemove(srcset,ele->ptr);",debug_location_or_source_attribution_drift_candidate,0.99,0,,/home/jimi/PaperExperiment/CompilerOptimization/Result/redis/phasar/phasar-O2-g/runs/ifds-uninit/redis_O2_g-Wed-Mar-18-09:36:32-2026/psr-report.txt;/home/jimi/PaperExperiment/CompilerOptimization/Result/redis/phasar/phasar-O2-g/log/commands.log;/home/jimi/PaperExperiment/CompilerOptimization/Result/redis/phasar/phasar-O2-g/log/summary.csv,Generated by re-parsing psr-report.txt; source_resolution=result_worktree_to_target; exact source line was revalidated against the resolved source tree.
phasar.redis.O2g.000815,redis,phasar,P0,SourceTextMismatch,LocationDrift,reported,/home/jimi/PaperExperiment/CompilerOptimization/Result/redis/phasar/phasar-O2-g/runs/ifds-uninit/redis_O2_g-Wed-Mar-18-09:36:32-2026,redis_O2_g-Wed-Mar-18-09:36:32-2026,ifds-uninit,/home/jimi/PaperExperiment/CompilerOptimization/Result/redis/phasar/phasar-O2-g/artifacts/redis_O2_g.bc,/home/jimi/PaperExperiment/CompilerOptimization/Result/redis/phasar/phasar-O2-g/artifacts/redis_O2_g.ll,/home/jimi/PaperExperiment/CompilerOptimization/Result/redis/phasar/phasar-O2-g/runs/ifds-uninit/redis_O2_g-Wed-Mar-18-09:36:32-2026/psr-report.txt,11260,CompilerOptimization/Target/redis/src/connection.h,112,,valid,project_header,0,project_header,enqueuePendingClientsToMainThread,,11268,"%6 = load ptr, ptr %5, align 8, !dbg !93108, !tbaa !93110, !psr.id !93111 | ID: 28210",    ConnectionCallbackFunc read_handler;,Phasar IFDS-Uninitialized use; variables=Line       : 112; reported_source=if (unbind) connUnbindEventLoop(c->conn);,debug_location_or_source_attribution_drift_candidate,0.95,0,,/home/jimi/PaperExperiment/CompilerOptimization/Result/redis/phasar/phasar-O2-g/runs/ifds-uninit/redis_O2_g-Wed-Mar-18-09:36:32-2026/psr-report.txt;/home/jimi/PaperExperiment/CompilerOptimization/Result/redis/phasar/phasar-O2-g/log/commands.log;/home/jimi/PaperExperiment/CompilerOptimization/Result/redis/phasar/phasar-O2-g/log/summary.csv,Generated by re-parsing psr-report.txt; source_resolution=result_worktree_to_target; exact source line was revalidated against the resolved source tree.
phasar.redis.O2g.001939,redis,phasar,P0,LineOutOfRange,LocationInvalid,reported,/home/jimi/PaperExperiment/CompilerOptimization/Result/redis/phasar/phasar-O2-g/runs/ifds-uninit/redis_O2_g-Wed-Mar-18-09:36:32-2026,redis_O2_g-Wed-Mar-18-09:36:32-2026,ifds-uninit,/home/jimi/PaperExperiment/CompilerOptimization/Result/redis/phasar/phasar-O2-g/artifacts/redis_O2_g.bc,/home/jimi/PaperExperiment/CompilerOptimization/Result/redis/phasar/phasar-O2-g/artifacts/redis_O2_g.ll,/home/jimi/PaperExperiment/CompilerOptimization/Result/redis/phasar/phasar-O2-g/runs/ifds-uninit/redis_O2_g-Wed-Mar-18-09:36:32-2026/psr-report.txt,27909,CompilerOptimization/Target/redis/src/ebuckets.h,1394,,line_out_of_range,project_header,0,project_header,ebRemove,,27918,"%6 = load ptr, ptr %0, align 8, !dbg !87634, !tbaa !61455, !psr.id !87636 | ID: 25042",,Phasar IFDS-Uninitialized use; variables=eb; reported_source=if (ebIsEmpty(*eb)),debug_location_or_source_attribution_drift_candidate,0.99,0,,/home/jimi/PaperExperiment/CompilerOptimization/Result/redis/phasar/phasar-O2-g/runs/ifds-uninit/redis_O2_g-Wed-Mar-18-09:36:32-2026/psr-report.txt;/home/jimi/PaperExperiment/CompilerOptimization/Result/redis/phasar/phasar-O2-g/log/commands.log;/home/jimi/PaperExperiment/CompilerOptimization/Result/redis/phasar/phasar-O2-g/log/summary.csv,Generated by re-parsing psr-report.txt; source_resolution=result_worktree_to_target; exact source line was revalidated against the resolved source tree.
phasar.redis.O2g.001961,redis,phasar,P0,SourceTextMismatch,LocationDrift,reported,/home/jimi/PaperExperiment/CompilerOptimization/Result/redis/phasar/phasar-O2-g/runs/ifds-uninit/redis_O2_g-Wed-Mar-18-09:36:32-2026,redis_O2_g-Wed-Mar-18-09:36:32-2026,ifds-uninit,/home/jimi/PaperExperiment/CompilerOptimization/Result/redis/phasar/phasar-O2-g/artifacts/redis_O2_g.bc,/home/jimi/PaperExperiment/CompilerOptimization/Result/redis/phasar/phasar-O2-g/artifacts/redis_O2_g.ll,/home/jimi/PaperExperiment/CompilerOptimization/Result/redis/phasar/phasar-O2-g/runs/ifds-uninit/redis_O2_g-Wed-Mar-18-09:36:32-2026/psr-report.txt,28216,CompilerOptimization/Target/redis/src/ebuckets.c,318,,valid,project_source,1,not_header,ebRemove,,28225,"%84 = load i16, ptr %83, align 4, !dbg !87890, !tbaa !85856, !psr.id !87892 | ID: 25154",                    splitKey = EB_BUCKET_KEY(ebGetMetaExpTime(mNext));,Phasar IFDS-Uninitialized use; variables=mIter; reported_source=return (((uint64_t)(expMeta)->expireTimeHi << 32) | (expMeta)->expireTimeLo);,debug_location_or_source_attribution_drift_candidate,0.95,0,,/home/jimi/PaperExperiment/CompilerOptimization/Result/redis/phasar/phasar-O2-g/runs/ifds-uninit/redis_O2_g-Wed-Mar-18-09:36:32-2026/psr-report.txt;/home/jimi/PaperExperiment/CompilerOptimization/Result/redis/phasar/phasar-O2-g/log/commands.log;/home/jimi/PaperExperiment/CompilerOptimization/Result/redis/phasar/phasar-O2-g/log/summary.csv,Generated by re-parsing psr-report.txt; source_resolution=result_worktree_to_target; exact source line was revalidated against the resolved source tree.
phasar.redis.O2g.002044,redis,phasar,P0,LineOutOfRange,LocationInvalid,reported,/home/jimi/PaperExperiment/CompilerOptimization/Result/redis/phasar/phasar-O2-g/runs/ifds-uninit/redis_O2_g-Wed-Mar-18-09:36:32-2026,redis_O2_g-Wed-Mar-18-09:36:32-2026,ifds-uninit,/home/jimi/PaperExperiment/CompilerOptimization/Result/redis/phasar/phasar-O2-g/artifacts/redis_O2_g.bc,/home/jimi/PaperExperiment/CompilerOptimization/Result/redis/phasar/phasar-O2-g/artifacts/redis_O2_g.ll,/home/jimi/PaperExperiment/CompilerOptimization/Result/redis/phasar/phasar-O2-g/runs/ifds-uninit/redis_O2_g-Wed-Mar-18-09:36:32-2026/psr-report.txt,29382,CompilerOptimization/Target/redis/src/ebuckets.h,1440,,line_out_of_range,project_header,0,project_header,ebAdd,,29391,"%18 = load ptr, ptr %0, align 8, !dbg !88628, !tbaa !61455, !psr.id !88630 | ID: 25622",,Phasar IFDS-Uninitialized use; variables=eb; reported_source=if (ebIsList(*eb) || (ebIsEmpty(*eb))) {,debug_location_or_source_attribution_drift_candidate,0.99,0,,/home/jimi/PaperExperiment/CompilerOptimization/Result/redis/phasar/phasar-O2-g/runs/ifds-uninit/redis_O2_g-Wed-Mar-18-09:36:32-2026/psr-report.txt;/home/jimi/PaperExperiment/CompilerOptimization/Result/redis/phasar/phasar-O2-g/log/commands.log;/home/jimi/PaperExperiment/CompilerOptimization/Result/redis/phasar/phasar-O2-g/log/summary.csv,Generated by re-parsing psr-report.txt; source_resolution=result_worktree_to_target; exact source line was revalidated against the resolved source tree.
phasar.redis.O2g.002077,redis,phasar,P0,SourceTextMismatch,LocationDrift,reported,/home/jimi/PaperExperiment/CompilerOptimization/Result/redis/phasar/phasar-O2-g/runs/ifds-uninit/redis_O2_g-Wed-Mar-18-09:36:32-2026,redis_O2_g-Wed-Mar-18-09:36:32-2026,ifds-uninit,/home/jimi/PaperExperiment/CompilerOptimization/Result/redis/phasar/phasar-O2-g/artifacts/redis_O2_g.bc,/home/jimi/PaperExperiment/CompilerOptimization/Result/redis/phasar/phasar-O2-g/artifacts/redis_O2_g.ll,/home/jimi/PaperExperiment/CompilerOptimization/Result/redis/phasar/phasar-O2-g/runs/ifds-uninit/redis_O2_g-Wed-Mar-18-09:36:32-2026/psr-report.txt,29861,CompilerOptimization/Target/redis/src/ebuckets.c,318,,valid,project_source,1,not_header,ebAdd,,29870,"%155 = load i16, ptr %154, align 4, !dbg !88993, !tbaa !85856, !psr.id !88995 | ID: 25815",                    splitKey = EB_BUCKET_KEY(ebGetMetaExpTime(mNext));,Phasar IFDS-Uninitialized use; variables=expMeta; reported_source=return (((uint64_t)(expMeta)->expireTimeHi << 32) | (expMeta)->expireTimeLo);,debug_location_or_source_attribution_drift_candidate,0.95,0,,/home/jimi/PaperExperiment/CompilerOptimization/Result/redis/phasar/phasar-O2-g/runs/ifds-uninit/redis_O2_g-Wed-Mar-18-09:36:32-2026/psr-report.txt;/home/jimi/PaperExperiment/CompilerOptimization/Result/redis/phasar/phasar-O2-g/log/commands.log;/home/jimi/PaperExperiment/CompilerOptimization/Result/redis/phasar/phasar-O2-g/log/summary.csv,Generated by re-parsing psr-report.txt; source_resolution=result_worktree_to_target; exact source line was revalidated against the resolved source tree.
phasar.redis.O2g.002216,redis,phasar,P0,SourceTextMismatch,LocationDrift,reported,/home/jimi/PaperExperiment/CompilerOptimization/Result/redis/phasar/phasar-O2-g/runs/ifds-uninit/redis_O2_g-Wed-Mar-18-09:36:32-2026,redis_O2_g-Wed-Mar-18-09:36:32-2026,ifds-uninit,/home/jimi/PaperExperiment/CompilerOptimization/Result/redis/phasar/phasar-O2-g/artifacts/redis_O2_g.bc,/home/jimi/PaperExperiment/CompilerOptimization/Result/redis/phasar/phasar-O2-g/artifacts/redis_O2_g.ll,/home/jimi/PaperExperiment/CompilerOptimization/Result/redis/phasar/phasar-O2-g/runs/ifds-uninit/redis_O2_g-Wed-Mar-18-09:36:32-2026/psr-report.txt,31956,CompilerOptimization/Target/redis/src/connection.h,161,,valid,project_header,0,project_header,unbindClientFromIOThreadEventLoop,,31964,"%12 = load ptr, ptr %11, align 8, !dbg !93462, !tbaa !93110, !psr.id !93465 | ID: 28391","    return conn->type->connect(conn, addr, port, src_addr, connect_handler);",Phasar IFDS-Uninitialized use; variables=Line       : 161; reported_source=if (!connHasEventLoop(c->conn)) return;,debug_location_or_source_attribution_drift_candidate,0.95,0,,/home/jimi/PaperExperiment/CompilerOptimization/Result/redis/phasar/phasar-O2-g/runs/ifds-uninit/redis_O2_g-Wed-Mar-18-09:36:32-2026/psr-report.txt;/home/jimi/PaperExperiment/CompilerOptimization/Result/redis/phasar/phasar-O2-g/log/commands.log;/home/jimi/PaperExperiment/CompilerOptimization/Result/redis/phasar/phasar-O2-g/log/summary.csv,Generated by re-parsing psr-report.txt; source_resolution=result_worktree_to_target; exact source line was revalidated against the resolved source tree.
phasar.redis.O2g.002219,redis,phasar,P0,SourceLineEmptyOrNonCode,LocationInvalid,reported,/home/jimi/PaperExperiment/CompilerOptimization/Result/redis/phasar/phasar-O2-g/runs/ifds-uninit/redis_O2_g-Wed-Mar-18-09:36:32-2026,redis_O2_g-Wed-Mar-18-09:36:32-2026,ifds-uninit,/home/jimi/PaperExperiment/CompilerOptimization/Result/redis/phasar/phasar-O2-g/artifacts/redis_O2_g.bc,/home/jimi/PaperExperiment/CompilerOptimization/Result/redis/phasar/phasar-O2-g/artifacts/redis_O2_g.ll,/home/jimi/PaperExperiment/CompilerOptimization/Result/redis/phasar/phasar-O2-g/runs/ifds-uninit/redis_O2_g-Wed-Mar-18-09:36:32-2026/psr-report.txt,31991,CompilerOptimization/Target/redis/src/connection.h,164,,empty_or_comment_line,project_header,0,project_header,unbindClientFromIOThreadEventLoop,,31999,"%18 = load ptr, ptr %11, align 8, !dbg !93489, !tbaa !93110, !psr.id !93490 | ID: 28400",/* Blocking connect.,Phasar IFDS-Uninitialized use; variables=Line       : 164; reported_source=connUnbindEventLoop(c->conn);,debug_location_or_source_attribution_drift_candidate,0.95,0,,/home/jimi/PaperExperiment/CompilerOptimization/Result/redis/phasar/phasar-O2-g/runs/ifds-uninit/redis_O2_g-Wed-Mar-18-09:36:32-2026/psr-report.txt;/home/jimi/PaperExperiment/CompilerOptimization/Result/redis/phasar/phasar-O2-g/log/commands.log;/home/jimi/PaperExperiment/CompilerOptimization/Result/redis/phasar/phasar-O2-g/log/summary.csv,Generated by re-parsing psr-report.txt; source_resolution=result_worktree_to_target; exact source line was revalidated against the resolved source tree.
phasar.redis.O2g.002255,redis,phasar,P0,SourceTextMismatch,LocationDrift,reported,/home/jimi/PaperExperiment/CompilerOptimization/Result/redis/phasar/phasar-O2-g/runs/ifds-uninit/redis_O2_g-Wed-Mar-18-09:36:32-2026,redis_O2_g-Wed-Mar-18-09:36:32-2026,ifds-uninit,/home/jimi/PaperExperiment/CompilerOptimization/Result/redis/phasar/phasar-O2-g/artifacts/redis_O2_g.bc,/home/jimi/PaperExperiment/CompilerOptimization/Result/redis/phasar/phasar-O2-g/artifacts/redis_O2_g.ll,/home/jimi/PaperExperiment/CompilerOptimization/Result/redis/phasar/phasar-O2-g/runs/ifds-uninit/redis_O2_g-Wed-Mar-18-09:36:32-2026/psr-report.txt,32506,CompilerOptimization/Target/redis/src/connection.h,181,,valid,project_header,0,project_header,keepClientInMainThread,,32514,"%16 = load ptr, ptr %15, align 8, !dbg !93890, !tbaa !93110, !psr.id !93892 | ID: 28633","static inline int connWrite(connection *conn, const void *data, size_t data_len) {","Phasar IFDS-Uninitialized use; variables=Line       : 181; reported_source=connRebindEventLoop(c->conn, server.el);",debug_location_or_source_attribution_drift_candidate,0.95,0,,/home/jimi/PaperExperiment/CompilerOptimization/Result/redis/phasar/phasar-O2-g/runs/ifds-uninit/redis_O2_g-Wed-Mar-18-09:36:32-2026/psr-report.txt;/home/jimi/PaperExperiment/CompilerOptimization/Result/redis/phasar/phasar-O2-g/log/commands.log;/home/jimi/PaperExperiment/CompilerOptimization/Result/redis/phasar/phasar-O2-g/log/summary.csv,Generated by re-parsing psr-report.txt; source_resolution=result_worktree_to_target; exact source line was revalidated against the resolved source tree.
phasar.redis.O2g.002257,redis,phasar,P0,SourceTextMismatch,LocationDrift,reported,/home/jimi/PaperExperiment/CompilerOptimization/Result/redis/phasar/phasar-O2-g/runs/ifds-uninit/redis_O2_g-Wed-Mar-18-09:36:32-2026,redis_O2_g-Wed-Mar-18-09:36:32-2026,ifds-uninit,/home/jimi/PaperExperiment/CompilerOptimization/Result/redis/phasar/phasar-O2-g/artifacts/redis_O2_g.bc,/home/jimi/PaperExperiment/CompilerOptimization/Result/redis/phasar/phasar-O2-g/artifacts/redis_O2_g.ll,/home/jimi/PaperExperiment/CompilerOptimization/Result/redis/phasar/phasar-O2-g/runs/ifds-uninit/redis_O2_g-Wed-Mar-18-09:36:32-2026/psr-report.txt,32531,CompilerOptimization/Target/redis/src/connection.h,182,,valid,project_header,0,project_header,keepClientInMainThread,,32539,"%22 = load ptr, ptr %15, align 8, !dbg !93914, !tbaa !93110, !psr.id !93915 | ID: 28641","    return conn->type->write(conn, data, data_len);","Phasar IFDS-Uninitialized use; variables=Line       : 182; reported_source=connSetReadHandler(c->conn, readQueryFromClient);",debug_location_or_source_attribution_drift_candidate,0.95,0,,/home/jimi/PaperExperiment/CompilerOptimization/Result/redis/phasar/phasar-O2-g/runs/ifds-uninit/redis_O2_g-Wed-Mar-18-09:36:32-2026/psr-report.txt;/home/jimi/PaperExperiment/CompilerOptimization/Result/redis/phasar/phasar-O2-g/log/commands.log;/home/jimi/PaperExperiment/CompilerOptimization/Result/redis/phasar/phasar-O2-g/log/summary.csv,Generated by re-parsing psr-report.txt; source_resolution=result_worktree_to_target; exact source line was revalidated against the resolved source tree.
phasar.redis.O2g.002270,redis,phasar,P0,SourceTextMismatch,LocationDrift,reported,/home/jimi/PaperExperiment/CompilerOptimization/Result/redis/phasar/phasar-O2-g/runs/ifds-uninit/redis_O2_g-Wed-Mar-18-09:36:32-2026,redis_O2_g-Wed-Mar-18-09:36:32-2026,ifds-uninit,/home/jimi/PaperExperiment/CompilerOptimization/Result/redis/phasar/phasar-O2-g/artifacts/redis_O2_g.bc,/home/jimi/PaperExperiment/CompilerOptimization/Result/redis/phasar/phasar-O2-g/artifacts/redis_O2_g.ll,/home/jimi/PaperExperiment/CompilerOptimization/Result/redis/phasar/phasar-O2-g/runs/ifds-uninit/redis_O2_g-Wed-Mar-18-09:36:32-2026/psr-report.txt,32710,CompilerOptimization/Target/redis/src/connection.h,221,,valid,project_header,0,project_header,fetchClientFromIOThread,,32718,"%50 = load ptr, ptr %49, align 8, !dbg !94080, !tbaa !93110, !psr.id !94082 | ID: 28749","    return conn->type->set_read_handler(conn, func);",Phasar IFDS-Uninitialized use; variables=Line       : 221; reported_source=connUnbindEventLoop(c->conn);,debug_location_or_source_attribution_drift_candidate,0.95,0,,/home/jimi/PaperExperiment/CompilerOptimization/Result/redis/phasar/phasar-O2-g/runs/ifds-uninit/redis_O2_g-Wed-Mar-18-09:36:32-2026/psr-report.txt;/home/jimi/PaperExperiment/CompilerOptimization/Result/redis/phasar/phasar-O2-g/log/commands.log;/home/jimi/PaperExperiment/CompilerOptimization/Result/redis/phasar/phasar-O2-g/log/summary.csv,Generated by re-parsing psr-report.txt; source_resolution=result_worktree_to_target; exact source line was revalidated against the resolved source tree.
phasar.redis.O2g.002276,redis,phasar,P0,SourceLineEmptyOrNonCode,LocationInvalid,reported,/home/jimi/PaperExperiment/CompilerOptimization/Result/redis/phasar/phasar-O2-g/runs/ifds-uninit/redis_O2_g-Wed-Mar-18-09:36:32-2026,redis_O2_g-Wed-Mar-18-09:36:32-2026,ifds-uninit,/home/jimi/PaperExperiment/CompilerOptimization/Result/redis/phasar/phasar-O2-g/artifacts/redis_O2_g.bc,/home/jimi/PaperExperiment/CompilerOptimization/Result/redis/phasar/phasar-O2-g/artifacts/redis_O2_g.ll,/home/jimi/PaperExperiment/CompilerOptimization/Result/redis/phasar/phasar-O2-g/runs/ifds-uninit/redis_O2_g-Wed-Mar-18-09:36:32-2026/psr-report.txt,32789,CompilerOptimization/Target/redis/src/connection.h,306,,empty_or_comment_line,project_header,0,project_header,assignClientToIOThread,,32797,"%40 = load ptr, ptr %39, align 8, !dbg !94292, !tbaa !93110, !psr.id !94294 | ID: 28875",,Phasar IFDS-Uninitialized use; variables=Line       : 306; reported_source=connUnbindEventLoop(c->conn);,debug_location_or_source_attribution_drift_candidate,0.95,0,,/home/jimi/PaperExperiment/CompilerOptimization/Result/redis/phasar/phasar-O2-g/runs/ifds-uninit/redis_O2_g-Wed-Mar-18-09:36:32-2026/psr-report.txt;/home/jimi/PaperExperiment/CompilerOptimization/Result/redis/phasar/phasar-O2-g/log/commands.log;/home/jimi/PaperExperiment/CompilerOptimization/Result/redis/phasar/phasar-O2-g/log/summary.csv,Generated by re-parsing psr-report.txt; source_resolution=result_worktree_to_target; exact source line was revalidated against the resolved source tree.
phasar.redis.O2g.002328,redis,phasar,P0,LineOutOfRange,LocationInvalid,reported,/home/jimi/PaperExperiment/CompilerOptimization/Result/redis/phasar/phasar-O2-g/runs/ifds-uninit/redis_O2_g-Wed-Mar-18-09:36:32-2026,redis_O2_g-Wed-Mar-18-09:36:32-2026,ifds-uninit,/home/jimi/PaperExperiment/CompilerOptimization/Result/redis/phasar/phasar-O2-g/artifacts/redis_O2_g.bc,/home/jimi/PaperExperiment/CompilerOptimization/Result/redis/phasar/phasar-O2-g/artifacts/redis_O2_g.ll,/home/jimi/PaperExperiment/CompilerOptimization/Result/redis/phasar/phasar-O2-g/runs/ifds-uninit/redis_O2_g-Wed-Mar-18-09:36:32-2026/psr-report.txt,33537,CompilerOptimization/Target/redis/src/connection.h,758,,line_out_of_range,project_header,0,project_header,processClientsFromMainThread,,33545,"%54 = load ptr, ptr %53, align 8, !dbg !95497, !tbaa !93110, !psr.id !95500 | ID: 29587",,Phasar IFDS-Uninitialized use; variables=Line       : 758; reported_source=if (!connHasEventLoop(c->conn)) {,debug_location_or_source_attribution_drift_candidate,0.99,0,,/home/jimi/PaperExperiment/CompilerOptimization/Result/redis/phasar/phasar-O2-g/runs/ifds-uninit/redis_O2_g-Wed-Mar-18-09:36:32-2026/psr-report.txt;/home/jimi/PaperExperiment/CompilerOptimization/Result/redis/phasar/phasar-O2-g/log/commands.log;/home/jimi/PaperExperiment/CompilerOptimization/Result/redis/phasar/phasar-O2-g/log/summary.csv,Generated by re-parsing psr-report.txt; source_resolution=result_worktree_to_target; exact source line was revalidated against the resolved source tree.
phasar.redis.O2g.002331,redis,phasar,P0,LineOutOfRange,LocationInvalid,reported,/home/jimi/PaperExperiment/CompilerOptimization/Result/redis/phasar/phasar-O2-g/runs/ifds-uninit/redis_O2_g-Wed-Mar-18-09:36:32-2026,redis_O2_g-Wed-Mar-18-09:36:32-2026,ifds-uninit,/home/jimi/PaperExperiment/CompilerOptimization/Result/redis/phasar/phasar-O2-g/artifacts/redis_O2_g.bc,/home/jimi/PaperExperiment/CompilerOptimization/Result/redis/phasar/phasar-O2-g/artifacts/redis_O2_g.ll,/home/jimi/PaperExperiment/CompilerOptimization/Result/redis/phasar/phasar-O2-g/runs/ifds-uninit/redis_O2_g-Wed-Mar-18-09:36:32-2026/psr-report.txt,33572,CompilerOptimization/Target/redis/src/connection.h,759,,line_out_of_range,project_header,0,project_header,processClientsFromMainThread,,33580,"%59 = load ptr, ptr %19, align 8, !dbg !95511, !tbaa !94444, !psr.id !95513 | ID: 29593",,"Phasar IFDS-Uninitialized use; variables=Line       : 759; reported_source=connRebindEventLoop(c->conn, t->el);",debug_location_or_source_attribution_drift_candidate,0.99,0,,/home/jimi/PaperExperiment/CompilerOptimization/Result/redis/phasar/phasar-O2-g/runs/ifds-uninit/redis_O2_g-Wed-Mar-18-09:36:32-2026/psr-report.txt;/home/jimi/PaperExperiment/CompilerOptimization/Result/redis/phasar/phasar-O2-g/log/commands.log;/home/jimi/PaperExperiment/CompilerOptimization/Result/redis/phasar/phasar-O2-g/log/summary.csv,Generated by re-parsing psr-report.txt; source_resolution=result_worktree_to_target; exact source line was revalidated against the resolved source tree.
phasar.redis.O2g.002333,redis,phasar,P0,LineOutOfRange,LocationInvalid,reported,/home/jimi/PaperExperiment/CompilerOptimization/Result/redis/phasar/phasar-O2-g/runs/ifds-uninit/redis_O2_g-Wed-Mar-18-09:36:32-2026,redis_O2_g-Wed-Mar-18-09:36:32-2026,ifds-uninit,/home/jimi/PaperExperiment/CompilerOptimization/Result/redis/phasar/phasar-O2-g/artifacts/redis_O2_g.bc,/home/jimi/PaperExperiment/CompilerOptimization/Result/redis/phasar/phasar-O2-g/artifacts/redis_O2_g.ll,/home/jimi/PaperExperiment/CompilerOptimization/Result/redis/phasar/phasar-O2-g/runs/ifds-uninit/redis_O2_g-Wed-Mar-18-09:36:32-2026/psr-report.txt,33597,CompilerOptimization/Target/redis/src/connection.h,760,,line_out_of_range,project_header,0,project_header,processClientsFromMainThread,,33605,"%64 = load ptr, ptr %53, align 8, !dbg !95525, !tbaa !93110, !psr.id !95526 | ID: 29600",,Phasar IFDS-Uninitialized use; variables=Line       : 760; reported_source=serverAssert(!connHasReadHandler(c->conn));,debug_location_or_source_attribution_drift_candidate,0.99,0,,/home/jimi/PaperExperiment/CompilerOptimization/Result/redis/phasar/phasar-O2-g/runs/ifds-uninit/redis_O2_g-Wed-Mar-18-09:36:32-2026/psr-report.txt;/home/jimi/PaperExperiment/CompilerOptimization/Result/redis/phasar/phasar-O2-g/log/commands.log;/home/jimi/PaperExperiment/CompilerOptimization/Result/redis/phasar/phasar-O2-g/log/summary.csv,Generated by re-parsing psr-report.txt; source_resolution=result_worktree_to_target; exact source line was revalidated against the resolved source tree.
phasar.redis.O2g.002339,redis,phasar,P0,LineOutOfRange,LocationInvalid,reported,/home/jimi/PaperExperiment/CompilerOptimization/Result/redis/phasar/phasar-O2-g/runs/ifds-uninit/redis_O2_g-Wed-Mar-18-09:36:32-2026,redis_O2_g-Wed-Mar-18-09:36:32-2026,ifds-uninit,/home/jimi/PaperExperiment/CompilerOptimization/Result/redis/phasar/phasar-O2-g/artifacts/redis_O2_g.bc,/home/jimi/PaperExperiment/CompilerOptimization/Result/redis/phasar/phasar-O2-g/artifacts/redis_O2_g.ll,/home/jimi/PaperExperiment/CompilerOptimization/Result/redis/phasar/phasar-O2-g/runs/ifds-uninit/redis_O2_g-Wed-Mar-18-09:36:32-2026/psr-report.txt,33680,CompilerOptimization/Target/redis/src/connection.h,768,,line_out_of_range,project_header,0,project_header,processClientsFromMainThread,,33688,"%86 = load ptr, ptr %53, align 8, !dbg !95578, !tbaa !93110, !psr.id !95580 | ID: 29627",,"Phasar IFDS-Uninitialized use; variables=Line       : 768; reported_source=connSetWriteHandler(c->conn, sendReplyToClient);",debug_location_or_source_attribution_drift_candidate,0.99,0,,/home/jimi/PaperExperiment/CompilerOptimization/Result/redis/phasar/phasar-O2-g/runs/ifds-uninit/redis_O2_g-Wed-Mar-18-09:36:32-2026/psr-report.txt;/home/jimi/PaperExperiment/CompilerOptimization/Result/redis/phasar/phasar-O2-g/log/commands.log;/home/jimi/PaperExperiment/CompilerOptimization/Result/redis/phasar/phasar-O2-g/log/summary.csv,Generated by re-parsing psr-report.txt; source_resolution=result_worktree_to_target; exact source line was revalidated against the resolved source tree.
phasar.redis.O2g.002499,redis,phasar,P0,SourceTextMismatch,LocationDrift,reported,/home/jimi/PaperExperiment/CompilerOptimization/Result/redis/phasar/phasar-O2-g/runs/ifds-uninit/redis_O2_g-Wed-Mar-18-09:36:32-2026,redis_O2_g-Wed-Mar-18-09:36:32-2026,ifds-uninit,/home/jimi/PaperExperiment/CompilerOptimization/Result/redis/phasar/phasar-O2-g/artifacts/redis_O2_g.bc,/home/jimi/PaperExperiment/CompilerOptimization/Result/redis/phasar/phasar-O2-g/artifacts/redis_O2_g.ll,/home/jimi/PaperExperiment/CompilerOptimization/Result/redis/phasar/phasar-O2-g/runs/ifds-uninit/redis_O2_g-Wed-Mar-18-09:36:32-2026/psr-report.txt,35796,CompilerOptimization/Target/redis/src/entry.c,90,,valid,project_source,1,not_header,entryWriteNew,,35805,"%111 = and i8 %105, -17, !dbg !99720, !psr.id !99721 | ID: 31892",        return EB_EXPIRE_TIME_INVALID;,Phasar IFDS-Uninitialized use; variables=flags; reported_source=if (value) {,debug_location_or_source_attribution_drift_candidate,0.95,0,,/home/jimi/PaperExperiment/CompilerOptimization/Result/redis/phasar/phasar-O2-g/runs/ifds-uninit/redis_O2_g-Wed-Mar-18-09:36:32-2026/psr-report.txt;/home/jimi/PaperExperiment/CompilerOptimization/Result/redis/phasar/phasar-O2-g/log/commands.log;/home/jimi/PaperExperiment/CompilerOptimization/Result/redis/phasar/phasar-O2-g/log/summary.csv,Generated by re-parsing psr-report.txt; source_resolution=result_worktree_to_target; exact source line was revalidated against the resolved source tree.
phasar.redis.O2g.002901,redis,phasar,P0,LineOutOfRange,LocationInvalid,reported,/home/jimi/PaperExperiment/CompilerOptimization/Result/redis/phasar/phasar-O2-g/runs/ifds-uninit/redis_O2_g-Wed-Mar-18-09:36:32-2026,redis_O2_g-Wed-Mar-18-09:36:32-2026,ifds-uninit,/home/jimi/PaperExperiment/CompilerOptimization/Result/redis/phasar/phasar-O2-g/artifacts/redis_O2_g.bc,/home/jimi/PaperExperiment/CompilerOptimization/Result/redis/phasar/phasar-O2-g/artifacts/redis_O2_g.ll,/home/jimi/PaperExperiment/CompilerOptimization/Result/redis/phasar/phasar-O2-g/runs/ifds-uninit/redis_O2_g-Wed-Mar-18-09:36:32-2026/psr-report.txt,41320,CompilerOptimization/Target/redis/src/sds.h,490,,line_out_of_range,project_header,0,project_header,dictEncObjHash,,41328,"%9 = load ptr, ptr %8, align 8, !dbg !106987, !tbaa !61923, !psr.id !106990 | ID: 35680",,"Phasar IFDS-Uninitialized use; variables=Line       : 490; reported_source=return dictGenHashFunction(o->ptr, sdslen((sds)o->ptr));",debug_location_or_source_attribution_drift_candidate,0.99,0,,/home/jimi/PaperExperiment/CompilerOptimization/Result/redis/phasar/phasar-O2-g/runs/ifds-uninit/redis_O2_g-Wed-Mar-18-09:36:32-2026/psr-report.txt;/home/jimi/PaperExperiment/CompilerOptimization/Result/redis/phasar/phasar-O2-g/log/commands.log;/home/jimi/PaperExperiment/CompilerOptimization/Result/redis/phasar/phasar-O2-g/log/summary.csv,Generated by re-parsing psr-report.txt; source_resolution=result_worktree_to_target; exact source line was revalidated against the resolved source tree.
phasar.redis.O2g.002916,redis,phasar,P0,LineOutOfRange,LocationInvalid,reported,/home/jimi/PaperExperiment/CompilerOptimization/Result/redis/phasar/phasar-O2-g/runs/ifds-uninit/redis_O2_g-Wed-Mar-18-09:36:32-2026,redis_O2_g-Wed-Mar-18-09:36:32-2026,ifds-uninit,/home/jimi/PaperExperiment/CompilerOptimization/Result/redis/phasar/phasar-O2-g/artifacts/redis_O2_g.bc,/home/jimi/PaperExperiment/CompilerOptimization/Result/redis/phasar/phasar-O2-g/artifacts/redis_O2_g.ll,/home/jimi/PaperExperiment/CompilerOptimization/Result/redis/phasar/phasar-O2-g/runs/ifds-uninit/redis_O2_g-Wed-Mar-18-09:36:32-2026/psr-report.txt,41520,CompilerOptimization/Target/redis/src/sds.h,480,,line_out_of_range,project_header,0,project_header,dictEncObjKeyCompare,,41528,"%33 = load ptr, ptr %32, align 8, !dbg !107147, !tbaa !61923, !psr.id !107149 | ID: 35763",,"Phasar IFDS-Uninitialized use; variables=Line       : 480; reported_source=cmp = dictSdsKeyCompare(cache,o1->ptr,o2->ptr);",debug_location_or_source_attribution_drift_candidate,0.99,0,,/home/jimi/PaperExperiment/CompilerOptimization/Result/redis/phasar/phasar-O2-g/runs/ifds-uninit/redis_O2_g-Wed-Mar-18-09:36:32-2026/psr-report.txt;/home/jimi/PaperExperiment/CompilerOptimization/Result/redis/phasar/phasar-O2-g/log/commands.log;/home/jimi/PaperExperiment/CompilerOptimization/Result/redis/phasar/phasar-O2-g/log/summary.csv,Generated by re-parsing psr-report.txt; source_resolution=result_worktree_to_target; exact source line was revalidated against the resolved source tree.
phasar.redis.O2g.002999,redis,phasar,P0,LineOutOfRange,LocationInvalid,reported,/home/jimi/PaperExperiment/CompilerOptimization/Result/redis/phasar/phasar-O2-g/runs/ifds-uninit/redis_O2_g-Wed-Mar-18-09:36:32-2026,redis_O2_g-Wed-Mar-18-09:36:32-2026,ifds-uninit,/home/jimi/PaperExperiment/CompilerOptimization/Result/redis/phasar/phasar-O2-g/artifacts/redis_O2_g.bc,/home/jimi/PaperExperiment/CompilerOptimization/Result/redis/phasar/phasar-O2-g/artifacts/redis_O2_g.ll,/home/jimi/PaperExperiment/CompilerOptimization/Result/redis/phasar/phasar-O2-g/runs/ifds-uninit/redis_O2_g-Wed-Mar-18-09:36:32-2026/psr-report.txt,42572,CompilerOptimization/Target/redis/src/sds.h,412,,line_out_of_range,project_header,0,project_header,dictObjHash,,42580,"%3 = load ptr, ptr %2, align 8, !dbg !107952, !tbaa !61923, !psr.id !107954 | ID: 36168",,"Phasar IFDS-Uninitialized use; variables=Line       : 412; reported_source=return dictGenHashFunction(o->ptr, sdslen((sds)o->ptr));",debug_location_or_source_attribution_drift_candidate,0.99,0,,/home/jimi/PaperExperiment/CompilerOptimization/Result/redis/phasar/phasar-O2-g/runs/ifds-uninit/redis_O2_g-Wed-Mar-18-09:36:32-2026/psr-report.txt;/home/jimi/PaperExperiment/CompilerOptimization/Result/redis/phasar/phasar-O2-g/log/commands.log;/home/jimi/PaperExperiment/CompilerOptimization/Result/redis/phasar/phasar-O2-g/log/summary.csv,Generated by re-parsing psr-report.txt; source_resolution=result_worktree_to_target; exact source line was revalidated against the resolved source tree.
phasar.redis.O2g.003007,redis,phasar,P0,LineOutOfRange,LocationInvalid,reported,/home/jimi/PaperExperiment/CompilerOptimization/Result/redis/phasar/phasar-O2-g/runs/ifds-uninit/redis_O2_g-Wed-Mar-18-09:36:32-2026,redis_O2_g-Wed-Mar-18-09:36:32-2026,ifds-uninit,/home/jimi/PaperExperiment/CompilerOptimization/Result/redis/phasar/phasar-O2-g/artifacts/redis_O2_g.bc,/home/jimi/PaperExperiment/CompilerOptimization/Result/redis/phasar/phasar-O2-g/artifacts/redis_O2_g.ll,/home/jimi/PaperExperiment/CompilerOptimization/Result/redis/phasar/phasar-O2-g/runs/ifds-uninit/redis_O2_g-Wed-Mar-18-09:36:32-2026/psr-report.txt,42667,CompilerOptimization/Target/redis/src/sds.h,407,,line_out_of_range,project_header,0,project_header,dictObjKeyCompare,,42675,"%5 = load ptr, ptr %4, align 8, !dbg !108019, !tbaa !61923, !psr.id !108021 | ID: 36203",,"Phasar IFDS-Uninitialized use; variables=Line       : 407; reported_source=return dictSdsKeyCompare(cache, o1->ptr,o2->ptr);",debug_location_or_source_attribution_drift_candidate,0.99,0,,/home/jimi/PaperExperiment/CompilerOptimization/Result/redis/phasar/phasar-O2-g/runs/ifds-uninit/redis_O2_g-Wed-Mar-18-09:36:32-2026/psr-report.txt;/home/jimi/PaperExperiment/CompilerOptimization/Result/redis/phasar/phasar-O2-g/log/commands.log;/home/jimi/PaperExperiment/CompilerOptimization/Result/redis/phasar/phasar-O2-g/log/summary.csv,Generated by re-parsing psr-report.txt; source_resolution=result_worktree_to_target; exact source line was revalidated against the resolved source tree.
phasar.redis.O2g.003287,redis,phasar,P0,LineOutOfRange,LocationInvalid,reported,/home/jimi/PaperExperiment/CompilerOptimization/Result/redis/phasar/phasar-O2-g/runs/ifds-uninit/redis_O2_g-Wed-Mar-18-09:36:32-2026,redis_O2_g-Wed-Mar-18-09:36:32-2026,ifds-uninit,/home/jimi/PaperExperiment/CompilerOptimization/Result/redis/phasar/phasar-O2-g/artifacts/redis_O2_g.bc,/home/jimi/PaperExperiment/CompilerOptimization/Result/redis/phasar/phasar-O2-g/artifacts/redis_O2_g.ll,/home/jimi/PaperExperiment/CompilerOptimization/Result/redis/phasar/phasar-O2-g/runs/ifds-uninit/redis_O2_g-Wed-Mar-18-09:36:32-2026/psr-report.txt,46442,CompilerOptimization/Target/redis/src/connection.h,2506,,line_out_of_range,project_header,0,project_header,_writevToClient,,46450,"%151 = load ptr, ptr %7, align 8, !dbg !179373, !tbaa !93110, !psr.id !179374 | ID: 77345",,"Phasar IFDS-Uninitialized use; variables=Line       : 2506; reported_source=*nwritten = connWritev(c->conn, iov, reply_iov.iovcnt);",debug_location_or_source_attribution_drift_candidate,0.99,0,,/home/jimi/PaperExperiment/CompilerOptimization/Result/redis/phasar/phasar-O2-g/runs/ifds-uninit/redis_O2_g-Wed-Mar-18-09:36:32-2026/psr-report.txt;/home/jimi/PaperExperiment/CompilerOptimization/Result/redis/phasar/phasar-O2-g/log/commands.log;/home/jimi/PaperExperiment/CompilerOptimization/Result/redis/phasar/phasar-O2-g/log/summary.csv,Generated by re-parsing psr-report.txt; source_resolution=result_worktree_to_target; exact source line was revalidated against the resolved source tree.
phasar.redis.O2g.003382,redis,phasar,P0,LineOutOfRange,LocationInvalid,reported,/home/jimi/PaperExperiment/CompilerOptimization/Result/redis/phasar/phasar-O2-g/runs/ifds-uninit/redis_O2_g-Wed-Mar-18-09:36:32-2026,redis_O2_g-Wed-Mar-18-09:36:32-2026,ifds-uninit,/home/jimi/PaperExperiment/CompilerOptimization/Result/redis/phasar/phasar-O2-g/artifacts/redis_O2_g.bc,/home/jimi/PaperExperiment/CompilerOptimization/Result/redis/phasar/phasar-O2-g/artifacts/redis_O2_g.ll,/home/jimi/PaperExperiment/CompilerOptimization/Result/redis/phasar/phasar-O2-g/runs/ifds-uninit/redis_O2_g-Wed-Mar-18-09:36:32-2026/psr-report.txt,47737,CompilerOptimization/Target/redis/src/sds.h,746,,line_out_of_range,project_header,0,project_header,addReplyOrErrorObject,,47745,"%10 = load ptr, ptr %9, align 8, !dbg !180368, !tbaa !61923, !psr.id !180370 | ID: 77896",,Phasar IFDS-Uninitialized use; variables=Line       : 746; reported_source=sds rep = reply->ptr;,debug_location_or_source_attribution_drift_candidate,0.99,0,,/home/jimi/PaperExperiment/CompilerOptimization/Result/redis/phasar/phasar-O2-g/runs/ifds-uninit/redis_O2_g-Wed-Mar-18-09:36:32-2026/psr-report.txt;/home/jimi/PaperExperiment/CompilerOptimization/Result/redis/phasar/phasar-O2-g/log/commands.log;/home/jimi/PaperExperiment/CompilerOptimization/Result/redis/phasar/phasar-O2-g/log/summary.csv,Generated by re-parsing psr-report.txt; source_resolution=result_worktree_to_target; exact source line was revalidated against the resolved source tree.
phasar.redis.O2g.003391,redis,phasar,P0,LineOutOfRange,LocationInvalid,reported,/home/jimi/PaperExperiment/CompilerOptimization/Result/redis/phasar/phasar-O2-g/runs/ifds-uninit/redis_O2_g-Wed-Mar-18-09:36:32-2026,redis_O2_g-Wed-Mar-18-09:36:32-2026,ifds-uninit,/home/jimi/PaperExperiment/CompilerOptimization/Result/redis/phasar/phasar-O2-g/artifacts/redis_O2_g.bc,/home/jimi/PaperExperiment/CompilerOptimization/Result/redis/phasar/phasar-O2-g/artifacts/redis_O2_g.ll,/home/jimi/PaperExperiment/CompilerOptimization/Result/redis/phasar/phasar-O2-g/runs/ifds-uninit/redis_O2_g-Wed-Mar-18-09:36:32-2026/psr-report.txt,47852,CompilerOptimization/Target/redis/src/sds.h,736,,line_out_of_range,project_header,0,project_header,addReplyOrErrorObject,,47860,"%39 = load ptr, ptr %9, align 8, !dbg !180437, !tbaa !61923, !psr.id !180438 | ID: 77932",,"Phasar IFDS-Uninitialized use; variables=Line       : 736; reported_source=afterErrorReply(c, err->ptr, sdslen(err->ptr)-2, 0); /* Ignore trailing \r\n */",debug_location_or_source_attribution_drift_candidate,0.99,0,,/home/jimi/PaperExperiment/CompilerOptimization/Result/redis/phasar/phasar-O2-g/runs/ifds-uninit/redis_O2_g-Wed-Mar-18-09:36:32-2026/psr-report.txt;/home/jimi/PaperExperiment/CompilerOptimization/Result/redis/phasar/phasar-O2-g/log/commands.log;/home/jimi/PaperExperiment/CompilerOptimization/Result/redis/phasar/phasar-O2-g/log/summary.csv,Generated by re-parsing psr-report.txt; source_resolution=result_worktree_to_target; exact source line was revalidated against the resolved source tree.
phasar.redis.O2g.003619,redis,phasar,P0,SourceTextMismatch,LocationDrift,reported,/home/jimi/PaperExperiment/CompilerOptimization/Result/redis/phasar/phasar-O2-g/runs/ifds-uninit/redis_O2_g-Wed-Mar-18-09:36:32-2026,redis_O2_g-Wed-Mar-18-09:36:32-2026,ifds-uninit,/home/jimi/PaperExperiment/CompilerOptimization/Result/redis/phasar/phasar-O2-g/artifacts/redis_O2_g.bc,/home/jimi/PaperExperiment/CompilerOptimization/Result/redis/phasar/phasar-O2-g/artifacts/redis_O2_g.ll,/home/jimi/PaperExperiment/CompilerOptimization/Result/redis/phasar/phasar-O2-g/runs/ifds-uninit/redis_O2_g-Wed-Mar-18-09:36:32-2026/psr-report.txt,50964,CompilerOptimization/Target/redis/src/networking.c,360,,valid,project_source,1,not_header,sendReplyToClient,,50972,"%3 = load ptr, ptr %2, align 8, !dbg !178143, !tbaa !163471, !psr.id !178145 | ID: 76658",},Phasar IFDS-Uninitialized use; variables=Line       : 360; reported_source=return conn->private_data;,debug_location_or_source_attribution_drift_candidate,0.95,0,,/home/jimi/PaperExperiment/CompilerOptimization/Result/redis/phasar/phasar-O2-g/runs/ifds-uninit/redis_O2_g-Wed-Mar-18-09:36:32-2026/psr-report.txt;/home/jimi/PaperExperiment/CompilerOptimization/Result/redis/phasar/phasar-O2-g/log/commands.log;/home/jimi/PaperExperiment/CompilerOptimization/Result/redis/phasar/phasar-O2-g/log/summary.csv,Generated by re-parsing psr-report.txt; source_resolution=result_worktree_to_target; exact source line was revalidated against the resolved source tree.
phasar.redis.O2g.003631,redis,phasar,P0,LineOutOfRange,LocationInvalid,reported,/home/jimi/PaperExperiment/CompilerOptimization/Result/redis/phasar/phasar-O2-g/runs/ifds-uninit/redis_O2_g-Wed-Mar-18-09:36:32-2026,redis_O2_g-Wed-Mar-18-09:36:32-2026,ifds-uninit,/home/jimi/PaperExperiment/CompilerOptimization/Result/redis/phasar/phasar-O2-g/artifacts/redis_O2_g.bc,/home/jimi/PaperExperiment/CompilerOptimization/Result/redis/phasar/phasar-O2-g/artifacts/redis_O2_g.ll,/home/jimi/PaperExperiment/CompilerOptimization/Result/redis/phasar/phasar-O2-g/runs/ifds-uninit/redis_O2_g-Wed-Mar-18-09:36:32-2026/psr-report.txt,51141,CompilerOptimization/Target/redis/src/connection.h,2595,,line_out_of_range,project_header,0,project_header,writeToClient,,51149,"%78 = load ptr, ptr %40, align 8, !dbg !178338, !tbaa !93110, !psr.id !178339 | ID: 76767",,"Phasar IFDS-Uninitialized use; variables=Line       : 2595; reported_source=*nwritten = connWrite(c->conn, c->buf + c->sentlen, c->bufpos - c->sentlen);",debug_location_or_source_attribution_drift_candidate,0.99,0,,/home/jimi/PaperExperiment/CompilerOptimization/Result/redis/phasar/phasar-O2-g/runs/ifds-uninit/redis_O2_g-Wed-Mar-18-09:36:32-2026/psr-report.txt;/home/jimi/PaperExperiment/CompilerOptimization/Result/redis/phasar/phasar-O2-g/log/commands.log;/home/jimi/PaperExperiment/CompilerOptimization/Result/redis/phasar/phasar-O2-g/log/summary.csv,Generated by re-parsing psr-report.txt; source_resolution=result_worktree_to_target; exact source line was revalidated against the resolved source tree.
phasar.redis.O2g.003643,redis,phasar,P0,LineOutOfRange,LocationInvalid,reported,/home/jimi/PaperExperiment/CompilerOptimization/Result/redis/phasar/phasar-O2-g/runs/ifds-uninit/redis_O2_g-Wed-Mar-18-09:36:32-2026,redis_O2_g-Wed-Mar-18-09:36:32-2026,ifds-uninit,/home/jimi/PaperExperiment/CompilerOptimization/Result/redis/phasar/phasar-O2-g/artifacts/redis_O2_g.bc,/home/jimi/PaperExperiment/CompilerOptimization/Result/redis/phasar/phasar-O2-g/artifacts/redis_O2_g.ll,/home/jimi/PaperExperiment/CompilerOptimization/Result/redis/phasar/phasar-O2-g/runs/ifds-uninit/redis_O2_g-Wed-Mar-18-09:36:32-2026/psr-report.txt,51313,CompilerOptimization/Target/redis/src/connection.h,2716,,line_out_of_range,project_header,0,project_header,writeToClient,,51321,"%127 = load ptr, ptr %126, align 8, !dbg !178456, !tbaa !93110, !psr.id !178460 | ID: 76830",,Phasar IFDS-Uninitialized use; variables=Line       : 2716; reported_source=if (connGetState(c->conn) != CONN_STATE_CONNECTED) {,debug_location_or_source_attribution_drift_candidate,0.99,0,,/home/jimi/PaperExperiment/CompilerOptimization/Result/redis/phasar/phasar-O2-g/runs/ifds-uninit/redis_O2_g-Wed-Mar-18-09:36:32-2026/psr-report.txt;/home/jimi/PaperExperiment/CompilerOptimization/Result/redis/phasar/phasar-O2-g/log/commands.log;/home/jimi/PaperExperiment/CompilerOptimization/Result/redis/phasar/phasar-O2-g/log/summary.csv,Generated by re-parsing psr-report.txt; source_resolution=result_worktree_to_target; exact source line was revalidated against the resolved source tree.
phasar.redis.O2g.003653,redis,phasar,P0,LineOutOfRange,LocationInvalid,reported,/home/jimi/PaperExperiment/CompilerOptimization/Result/redis/phasar/phasar-O2-g/runs/ifds-uninit/redis_O2_g-Wed-Mar-18-09:36:32-2026,redis_O2_g-Wed-Mar-18-09:36:32-2026,ifds-uninit,/home/jimi/PaperExperiment/CompilerOptimization/Result/redis/phasar/phasar-O2-g/artifacts/redis_O2_g.bc,/home/jimi/PaperExperiment/CompilerOptimization/Result/redis/phasar/phasar-O2-g/artifacts/redis_O2_g.ll,/home/jimi/PaperExperiment/CompilerOptimization/Result/redis/phasar/phasar-O2-g/runs/ifds-uninit/redis_O2_g-Wed-Mar-18-09:36:32-2026/psr-report.txt,51453,CompilerOptimization/Target/redis/src/connection.h,2738,,line_out_of_range,project_header,0,project_header,writeToClient,,51461,"%174 = load ptr, ptr %173, align 8, !dbg !178567, !tbaa !93110, !psr.id !178570 | ID: 76886",,"Phasar IFDS-Uninitialized use; variables=Line       : 2738; reported_source=connSetWriteHandler(c->conn, NULL);",debug_location_or_source_attribution_drift_candidate,0.99,0,,/home/jimi/PaperExperiment/CompilerOptimization/Result/redis/phasar/phasar-O2-g/runs/ifds-uninit/redis_O2_g-Wed-Mar-18-09:36:32-2026/psr-report.txt;/home/jimi/PaperExperiment/CompilerOptimization/Result/redis/phasar/phasar-O2-g/log/commands.log;/home/jimi/PaperExperiment/CompilerOptimization/Result/redis/phasar/phasar-O2-g/log/summary.csv,Generated by re-parsing psr-report.txt; source_resolution=result_worktree_to_target; exact source line was revalidated against the resolved source tree.
phasar.redis.O2g.003679,redis,phasar,P0,LineOutOfRange,LocationInvalid,reported,/home/jimi/PaperExperiment/CompilerOptimization/Result/redis/phasar/phasar-O2-g/runs/ifds-uninit/redis_O2_g-Wed-Mar-18-09:36:32-2026,redis_O2_g-Wed-Mar-18-09:36:32-2026,ifds-uninit,/home/jimi/PaperExperiment/CompilerOptimization/Result/redis/phasar/phasar-O2-g/artifacts/redis_O2_g.bc,/home/jimi/PaperExperiment/CompilerOptimization/Result/redis/phasar/phasar-O2-g/artifacts/redis_O2_g.ll,/home/jimi/PaperExperiment/CompilerOptimization/Result/redis/phasar/phasar-O2-g/runs/ifds-uninit/redis_O2_g-Wed-Mar-18-09:36:32-2026/psr-report.txt,51850,CompilerOptimization/Target/redis/src/connection.h,2624,,line_out_of_range,project_header,0,project_header,_writeToClientSlave,,51858,"%34 = load ptr, ptr %33, align 8, !dbg !178829, !tbaa !93110, !psr.id !178832 | ID: 77035",,"Phasar IFDS-Uninitialized use; variables=Line       : 2624; reported_source=*nwritten = connWrite(c->conn, o->buf+c->io_curr_block_pos,",debug_location_or_source_attribution_drift_candidate,0.99,0,,/home/jimi/PaperExperiment/CompilerOptimization/Result/redis/phasar/phasar-O2-g/runs/ifds-uninit/redis_O2_g-Wed-Mar-18-09:36:32-2026/psr-report.txt;/home/jimi/PaperExperiment/CompilerOptimization/Result/redis/phasar/phasar-O2-g/log/commands.log;/home/jimi/PaperExperiment/CompilerOptimization/Result/redis/phasar/phasar-O2-g/log/summary.csv,Generated by re-parsing psr-report.txt; source_resolution=result_worktree_to_target; exact source line was revalidated against the resolved source tree.
phasar.redis.O2g.003680,redis,phasar,P0,LineOutOfRange,LocationInvalid,reported,/home/jimi/PaperExperiment/CompilerOptimization/Result/redis/phasar/phasar-O2-g/runs/ifds-uninit/redis_O2_g-Wed-Mar-18-09:36:32-2026,redis_O2_g-Wed-Mar-18-09:36:32-2026,ifds-uninit,/home/jimi/PaperExperiment/CompilerOptimization/Result/redis/phasar/phasar-O2-g/artifacts/redis_O2_g.bc,/home/jimi/PaperExperiment/CompilerOptimization/Result/redis/phasar/phasar-O2-g/artifacts/redis_O2_g.ll,/home/jimi/PaperExperiment/CompilerOptimization/Result/redis/phasar/phasar-O2-g/runs/ifds-uninit/redis_O2_g-Wed-Mar-18-09:36:32-2026/psr-report.txt,51861,CompilerOptimization/Target/redis/src/connection.h,2625,,line_out_of_range,project_header,0,project_header,_writeToClientSlave,,51870,"%37 = sub i64 %28, %30, !dbg !178837, !psr.id !178838 | ID: 77038",,Phasar IFDS-Uninitialized use; variables=pos; reported_source=pos-c->io_curr_block_pos);,debug_location_or_source_attribution_drift_candidate,0.99,0,,/home/jimi/PaperExperiment/CompilerOptimization/Result/redis/phasar/phasar-O2-g/runs/ifds-uninit/redis_O2_g-Wed-Mar-18-09:36:32-2026/psr-report.txt;/home/jimi/PaperExperiment/CompilerOptimization/Result/redis/phasar/phasar-O2-g/log/commands.log;/home/jimi/PaperExperiment/CompilerOptimization/Result/redis/phasar/phasar-O2-g/log/summary.csv,Generated by re-parsing psr-report.txt; source_resolution=result_worktree_to_target; exact source line was revalidated against the resolved source tree.
phasar.redis.O2g.003688,redis,phasar,P0,LineOutOfRange,LocationInvalid,reported,/home/jimi/PaperExperiment/CompilerOptimization/Result/redis/phasar/phasar-O2-g/runs/ifds-uninit/redis_O2_g-Wed-Mar-18-09:36:32-2026,redis_O2_g-Wed-Mar-18-09:36:32-2026,ifds-uninit,/home/jimi/PaperExperiment/CompilerOptimization/Result/redis/phasar/phasar-O2-g/artifacts/redis_O2_g.bc,/home/jimi/PaperExperiment/CompilerOptimization/Result/redis/phasar/phasar-O2-g/artifacts/redis_O2_g.ll,/home/jimi/PaperExperiment/CompilerOptimization/Result/redis/phasar/phasar-O2-g/runs/ifds-uninit/redis_O2_g-Wed-Mar-18-09:36:32-2026/psr-report.txt,51981,CompilerOptimization/Target/redis/src/connection.h,2641,,line_out_of_range,project_header,0,project_header,_writeToClientSlave,,51989,"%72 = load ptr, ptr %71, align 8, !dbg !178912, !tbaa !93110, !psr.id !178915 | ID: 77083",,"Phasar IFDS-Uninitialized use; variables=Line       : 2641; reported_source=*nwritten = connWrite(c->conn, o->buf+c->ref_block_pos,",debug_location_or_source_attribution_drift_candidate,0.99,0,,/home/jimi/PaperExperiment/CompilerOptimization/Result/redis/phasar/phasar-O2-g/runs/ifds-uninit/redis_O2_g-Wed-Mar-18-09:36:32-2026/psr-report.txt;/home/jimi/PaperExperiment/CompilerOptimization/Result/redis/phasar/phasar-O2-g/log/commands.log;/home/jimi/PaperExperiment/CompilerOptimization/Result/redis/phasar/phasar-O2-g/log/summary.csv,Generated by re-parsing psr-report.txt; source_resolution=result_worktree_to_target; exact source line was revalidated against the resolved source tree.
phasar.redis.O2g.003689,redis,phasar,P0,LineOutOfRange,LocationInvalid,reported,/home/jimi/PaperExperiment/CompilerOptimization/Result/redis/phasar/phasar-O2-g/runs/ifds-uninit/redis_O2_g-Wed-Mar-18-09:36:32-2026,redis_O2_g-Wed-Mar-18-09:36:32-2026,ifds-uninit,/home/jimi/PaperExperiment/CompilerOptimization/Result/redis/phasar/phasar-O2-g/artifacts/redis_O2_g.bc,/home/jimi/PaperExperiment/CompilerOptimization/Result/redis/phasar/phasar-O2-g/artifacts/redis_O2_g.ll,/home/jimi/PaperExperiment/CompilerOptimization/Result/redis/phasar/phasar-O2-g/runs/ifds-uninit/redis_O2_g-Wed-Mar-18-09:36:32-2026/psr-report.txt,51992,CompilerOptimization/Target/redis/src/connection.h,2642,,line_out_of_range,project_header,0,project_header,_writeToClientSlave,,52000,"%75 = sub i64 %63, %65, !dbg !178920, !psr.id !178921 | ID: 77086",,Phasar IFDS-Uninitialized use; variables=Line       : 2642; reported_source=o->used-c->ref_block_pos);,debug_location_or_source_attribution_drift_candidate,0.99,0,,/home/jimi/PaperExperiment/CompilerOptimization/Result/redis/phasar/phasar-O2-g/runs/ifds-uninit/redis_O2_g-Wed-Mar-18-09:36:32-2026/psr-report.txt;/home/jimi/PaperExperiment/CompilerOptimization/Result/redis/phasar/phasar-O2-g/log/commands.log;/home/jimi/PaperExperiment/CompilerOptimization/Result/redis/phasar/phasar-O2-g/log/summary.csv,Generated by re-parsing psr-report.txt; source_resolution=result_worktree_to_target; exact source line was revalidated against the resolved source tree.
phasar.redis.O2g.003840,redis,phasar,P0,LineOutOfRange,LocationInvalid,reported,/home/jimi/PaperExperiment/CompilerOptimization/Result/redis/phasar/phasar-O2-g/runs/ifds-uninit/redis_O2_g-Wed-Mar-18-09:36:32-2026,redis_O2_g-Wed-Mar-18-09:36:32-2026,ifds-uninit,/home/jimi/PaperExperiment/CompilerOptimization/Result/redis/phasar/phasar-O2-g/artifacts/redis_O2_g.bc,/home/jimi/PaperExperiment/CompilerOptimization/Result/redis/phasar/phasar-O2-g/artifacts/redis_O2_g.ll,/home/jimi/PaperExperiment/CompilerOptimization/Result/redis/phasar/phasar-O2-g/runs/ifds-uninit/redis_O2_g-Wed-Mar-18-09:36:32-2026/psr-report.txt,54278,CompilerOptimization/Target/redis/src/cluster.h,4706,,line_out_of_range,project_header,0,project_header,areCommandKeysInSameSlot,,54286,"%62 = load ptr, ptr %61, align 8, !dbg !124064, !tbaa !61923, !psr.id !124066 | ID: 44613",,"Phasar IFDS-Uninitialized use; variables=Line       : 4706; reported_source=int thisslot = keyHashSlot((char*)thiskey->ptr, sdslen(thiskey->ptr));",debug_location_or_source_attribution_drift_candidate,0.99,0,,/home/jimi/PaperExperiment/CompilerOptimization/Result/redis/phasar/phasar-O2-g/runs/ifds-uninit/redis_O2_g-Wed-Mar-18-09:36:32-2026/psr-report.txt;/home/jimi/PaperExperiment/CompilerOptimization/Result/redis/phasar/phasar-O2-g/log/commands.log;/home/jimi/PaperExperiment/CompilerOptimization/Result/redis/phasar/phasar-O2-g/log/summary.csv,Generated by re-parsing psr-report.txt; source_resolution=result_worktree_to_target; exact source line was revalidated against the resolved source tree.
phasar.redis.O2g.003927,redis,phasar,P0,LineOutOfRange,LocationInvalid,reported,/home/jimi/PaperExperiment/CompilerOptimization/Result/redis/phasar/phasar-O2-g/runs/ifds-uninit/redis_O2_g-Wed-Mar-18-09:36:32-2026,redis_O2_g-Wed-Mar-18-09:36:32-2026,ifds-uninit,/home/jimi/PaperExperiment/CompilerOptimization/Result/redis/phasar/phasar-O2-g/artifacts/redis_O2_g.bc,/home/jimi/PaperExperiment/CompilerOptimization/Result/redis/phasar/phasar-O2-g/artifacts/redis_O2_g.ll,/home/jimi/PaperExperiment/CompilerOptimization/Result/redis/phasar/phasar-O2-g/runs/ifds-uninit/redis_O2_g-Wed-Mar-18-09:36:32-2026/psr-report.txt,55732,CompilerOptimization/Target/redis/src/sds.h,5488,,line_out_of_range,project_header,0,project_header,addReplyCommandSubCommands,,55740,"%38 = load ptr, ptr %37, align 8, !dbg !126232, !tbaa !115998, !psr.id !126235 | ID: 45889",,"Phasar IFDS-Uninitialized use; variables=Line       : 5488; reported_source=addReplyBulkCBuffer(c, sub->fullname, sdslen(sub->fullname));",debug_location_or_source_attribution_drift_candidate,0.99,0,,/home/jimi/PaperExperiment/CompilerOptimization/Result/redis/phasar/phasar-O2-g/runs/ifds-uninit/redis_O2_g-Wed-Mar-18-09:36:32-2026/psr-report.txt;/home/jimi/PaperExperiment/CompilerOptimization/Result/redis/phasar/phasar-O2-g/log/commands.log;/home/jimi/PaperExperiment/CompilerOptimization/Result/redis/phasar/phasar-O2-g/log/summary.csv,Generated by re-parsing psr-report.txt; source_resolution=result_worktree_to_target; exact source line was revalidated against the resolved source tree.
phasar.redis.O2g.003944,redis,phasar,P0,LineOutOfRange,LocationInvalid,reported,/home/jimi/PaperExperiment/CompilerOptimization/Result/redis/phasar/phasar-O2-g/runs/ifds-uninit/redis_O2_g-Wed-Mar-18-09:36:32-2026,redis_O2_g-Wed-Mar-18-09:36:32-2026,ifds-uninit,/home/jimi/PaperExperiment/CompilerOptimization/Result/redis/phasar/phasar-O2-g/artifacts/redis_O2_g.bc,/home/jimi/PaperExperiment/CompilerOptimization/Result/redis/phasar/phasar-O2-g/artifacts/redis_O2_g.ll,/home/jimi/PaperExperiment/CompilerOptimization/Result/redis/phasar/phasar-O2-g/runs/ifds-uninit/redis_O2_g-Wed-Mar-18-09:36:32-2026/psr-report.txt,55955,CompilerOptimization/Target/redis/src/sds.h,5509,,line_out_of_range,project_header,0,project_header,addReplyCommandInfo,,55963,"%37 = load ptr, ptr %36, align 8, !dbg !126389, !tbaa !115998, !psr.id !126391 | ID: 45977",,"Phasar IFDS-Uninitialized use; variables=Line       : 5509; reported_source=addReplyBulkCBuffer(c, cmd->fullname, sdslen(cmd->fullname));",debug_location_or_source_attribution_drift_candidate,0.99,0,,/home/jimi/PaperExperiment/CompilerOptimization/Result/redis/phasar/phasar-O2-g/runs/ifds-uninit/redis_O2_g-Wed-Mar-18-09:36:32-2026/psr-report.txt;/home/jimi/PaperExperiment/CompilerOptimization/Result/redis/phasar/phasar-O2-g/log/commands.log;/home/jimi/PaperExperiment/CompilerOptimization/Result/redis/phasar/phasar-O2-g/log/summary.csv,Generated by re-parsing psr-report.txt; source_resolution=result_worktree_to_target; exact source line was revalidated against the resolved source tree.
phasar.redis.O2g.004042,redis,phasar,P0,LineOutOfRange,LocationInvalid,reported,/home/jimi/PaperExperiment/CompilerOptimization/Result/redis/phasar/phasar-O2-g/runs/ifds-uninit/redis_O2_g-Wed-Mar-18-09:36:32-2026,redis_O2_g-Wed-Mar-18-09:36:32-2026,ifds-uninit,/home/jimi/PaperExperiment/CompilerOptimization/Result/redis/phasar/phasar-O2-g/artifacts/redis_O2_g.bc,/home/jimi/PaperExperiment/CompilerOptimization/Result/redis/phasar/phasar-O2-g/artifacts/redis_O2_g.ll,/home/jimi/PaperExperiment/CompilerOptimization/Result/redis/phasar/phasar-O2-g/runs/ifds-uninit/redis_O2_g-Wed-Mar-18-09:36:32-2026/psr-report.txt,57284,CompilerOptimization/Target/redis/src/sds.h,5846,,line_out_of_range,project_header,0,project_header,commandDocsCommand,,57292,"%88 = load ptr, ptr %87, align 8, !dbg !128253, !tbaa !115998, !psr.id !128255 | ID: 46973",,"Phasar IFDS-Uninitialized use; variables=Line       : 5846; reported_source=addReplyBulkCBuffer(c, cmd->fullname, sdslen(cmd->fullname));",debug_location_or_source_attribution_drift_candidate,0.99,0,,/home/jimi/PaperExperiment/CompilerOptimization/Result/redis/phasar/phasar-O2-g/runs/ifds-uninit/redis_O2_g-Wed-Mar-18-09:36:32-2026/psr-report.txt;/home/jimi/PaperExperiment/CompilerOptimization/Result/redis/phasar/phasar-O2-g/log/commands.log;/home/jimi/PaperExperiment/CompilerOptimization/Result/redis/phasar/phasar-O2-g/log/summary.csv,Generated by re-parsing psr-report.txt; source_resolution=result_worktree_to_target; exact source line was revalidated against the resolved source tree.
phasar.redis.O2g.004110,redis,phasar,P0,SourceTextMismatch,LocationDrift,reported,/home/jimi/PaperExperiment/CompilerOptimization/Result/redis/phasar/phasar-O2-g/runs/ifds-uninit/redis_O2_g-Wed-Mar-18-09:36:32-2026,redis_O2_g-Wed-Mar-18-09:36:32-2026,ifds-uninit,/home/jimi/PaperExperiment/CompilerOptimization/Result/redis/phasar/phasar-O2-g/artifacts/redis_O2_g.bc,/home/jimi/PaperExperiment/CompilerOptimization/Result/redis/phasar/phasar-O2-g/artifacts/redis_O2_g.ll,/home/jimi/PaperExperiment/CompilerOptimization/Result/redis/phasar/phasar-O2-g/runs/ifds-uninit/redis_O2_g-Wed-Mar-18-09:36:32-2026/psr-report.txt,58183,CompilerOptimization/Target/redis/src/sds.c,246,,valid,project_source,1,not_header,_sdsnewlen,,58191,"%21 = load i32, ptr %20, align 4, !dbg !136121, !psr.id !136124 | ID: 51583",},Phasar IFDS-Uninitialized use; variables=Line       : 246; reported_source=switch(type&SDS_TYPE_MASK) {,debug_location_or_source_attribution_drift_candidate,0.95,0,,/home/jimi/PaperExperiment/CompilerOptimization/Result/redis/phasar/phasar-O2-g/runs/ifds-uninit/redis_O2_g-Wed-Mar-18-09:36:32-2026/psr-report.txt;/home/jimi/PaperExperiment/CompilerOptimization/Result/redis/phasar/phasar-O2-g/log/commands.log;/home/jimi/PaperExperiment/CompilerOptimization/Result/redis/phasar/phasar-O2-g/log/summary.csv,Generated by re-parsing psr-report.txt; source_resolution=result_worktree_to_target; exact source line was revalidated against the resolved source tree.
phasar.redis.O2g.004137,redis,phasar,P0,SourceTextMismatch,LocationDrift,reported,/home/jimi/PaperExperiment/CompilerOptimization/Result/redis/phasar/phasar-O2-g/runs/ifds-uninit/redis_O2_g-Wed-Mar-18-09:36:32-2026,redis_O2_g-Wed-Mar-18-09:36:32-2026,ifds-uninit,/home/jimi/PaperExperiment/CompilerOptimization/Result/redis/phasar/phasar-O2-g/artifacts/redis_O2_g.bc,/home/jimi/PaperExperiment/CompilerOptimization/Result/redis/phasar/phasar-O2-g/artifacts/redis_O2_g.ll,/home/jimi/PaperExperiment/CompilerOptimization/Result/redis/phasar/phasar-O2-g/runs/ifds-uninit/redis_O2_g-Wed-Mar-18-09:36:32-2026/psr-report.txt,58569,CompilerOptimization/Target/redis/src/sds.h,216,,valid,project_header,0,project_header,sdsfree,,58577,"%5 = load i8, ptr %4, align 1, !dbg !136607, !tbaa !62266, !psr.id !136609 | ID: 51829","            return SDS_HDR(16,s)->alloc;",Phasar IFDS-Uninitialized use; variables=Line       : 216; reported_source=s_free((char*)s-sdsHdrSize(s[-1]));,debug_location_or_source_attribution_drift_candidate,0.95,0,,/home/jimi/PaperExperiment/CompilerOptimization/Result/redis/phasar/phasar-O2-g/runs/ifds-uninit/redis_O2_g-Wed-Mar-18-09:36:32-2026/psr-report.txt;/home/jimi/PaperExperiment/CompilerOptimization/Result/redis/phasar/phasar-O2-g/log/commands.log;/home/jimi/PaperExperiment/CompilerOptimization/Result/redis/phasar/phasar-O2-g/log/summary.csv,Generated by re-parsing psr-report.txt; source_resolution=result_worktree_to_target; exact source line was revalidated against the resolved source tree.
phasar.redis.O2g.004140,redis,phasar,P0,SourceTextMismatch,LocationDrift,reported,/home/jimi/PaperExperiment/CompilerOptimization/Result/redis/phasar/phasar-O2-g/runs/ifds-uninit/redis_O2_g-Wed-Mar-18-09:36:32-2026,redis_O2_g-Wed-Mar-18-09:36:32-2026,ifds-uninit,/home/jimi/PaperExperiment/CompilerOptimization/Result/redis/phasar/phasar-O2-g/artifacts/redis_O2_g.bc,/home/jimi/PaperExperiment/CompilerOptimization/Result/redis/phasar/phasar-O2-g/artifacts/redis_O2_g.ll,/home/jimi/PaperExperiment/CompilerOptimization/Result/redis/phasar/phasar-O2-g/runs/ifds-uninit/redis_O2_g-Wed-Mar-18-09:36:32-2026/psr-report.txt,58612,CompilerOptimization/Target/redis/src/sds.h,216,,valid,project_header,0,project_header,sdsfreegeneric,,58620,"%5 = load i8, ptr %4, align 1, !dbg !136679, !tbaa !62266, !psr.id !136681 | ID: 51867","            return SDS_HDR(16,s)->alloc;",Phasar IFDS-Uninitialized use; variables=Line       : 216; reported_source=s_free((char*)s-sdsHdrSize(s[-1]));,debug_location_or_source_attribution_drift_candidate,0.95,0,,/home/jimi/PaperExperiment/CompilerOptimization/Result/redis/phasar/phasar-O2-g/runs/ifds-uninit/redis_O2_g-Wed-Mar-18-09:36:32-2026/psr-report.txt;/home/jimi/PaperExperiment/CompilerOptimization/Result/redis/phasar/phasar-O2-g/log/commands.log;/home/jimi/PaperExperiment/CompilerOptimization/Result/redis/phasar/phasar-O2-g/log/summary.csv,Generated by re-parsing psr-report.txt; source_resolution=result_worktree_to_target; exact source line was revalidated against the resolved source tree.
phasar.redis.O2g.004157,redis,phasar,P0,SourceTextMismatch,LocationDrift,reported,/home/jimi/PaperExperiment/CompilerOptimization/Result/redis/phasar/phasar-O2-g/runs/ifds-uninit/redis_O2_g-Wed-Mar-18-09:36:32-2026,redis_O2_g-Wed-Mar-18-09:36:32-2026,ifds-uninit,/home/jimi/PaperExperiment/CompilerOptimization/Result/redis/phasar/phasar-O2-g/artifacts/redis_O2_g.bc,/home/jimi/PaperExperiment/CompilerOptimization/Result/redis/phasar/phasar-O2-g/artifacts/redis_O2_g.ll,/home/jimi/PaperExperiment/CompilerOptimization/Result/redis/phasar/phasar-O2-g/runs/ifds-uninit/redis_O2_g-Wed-Mar-18-09:36:32-2026/psr-report.txt,58856,CompilerOptimization/Target/redis/src/sds.c,108,,valid,project_source,1,not_header,_sdsMakeRoomFor,,58864,"%58 = load i64, ptr %57, align 1, !dbg !137001, !tbaa !62247, !psr.id !137002 | ID: 52019",    assert(initlen + hdrlen + 1 > initlen); /* Catch size_t overflow */,"Phasar IFDS-Uninitialized use; variables=Line       : 108; reported_source=return SDS_HDR(64,s)->len;",debug_location_or_source_attribution_drift_candidate,0.95,0,,/home/jimi/PaperExperiment/CompilerOptimization/Result/redis/phasar/phasar-O2-g/runs/ifds-uninit/redis_O2_g-Wed-Mar-18-09:36:32-2026/psr-report.txt;/home/jimi/PaperExperiment/CompilerOptimization/Result/redis/phasar/phasar-O2-g/log/commands.log;/home/jimi/PaperExperiment/CompilerOptimization/Result/redis/phasar/phasar-O2-g/log/summary.csv,Generated by re-parsing psr-report.txt; source_resolution=result_worktree_to_target; exact source line was revalidated against the resolved source tree.
phasar.redis.O2g.004186,redis,phasar,P0,SourceTextMismatch,LocationDrift,reported,/home/jimi/PaperExperiment/CompilerOptimization/Result/redis/phasar/phasar-O2-g/runs/ifds-uninit/redis_O2_g-Wed-Mar-18-09:36:32-2026,redis_O2_g-Wed-Mar-18-09:36:32-2026,ifds-uninit,/home/jimi/PaperExperiment/CompilerOptimization/Result/redis/phasar/phasar-O2-g/artifacts/redis_O2_g.bc,/home/jimi/PaperExperiment/CompilerOptimization/Result/redis/phasar/phasar-O2-g/artifacts/redis_O2_g.ll,/home/jimi/PaperExperiment/CompilerOptimization/Result/redis/phasar/phasar-O2-g/runs/ifds-uninit/redis_O2_g-Wed-Mar-18-09:36:32-2026/psr-report.txt,59255,CompilerOptimization/Target/redis/src/sds.c,70,,valid,project_source,1,not_header,sdsResize,,59264,"%7 = and i8 %6, 7, !dbg !137723, !psr.id !137724 | ID: 52492", * size rather than just the logical length. If the buffer size supports a larger ,Phasar IFDS-Uninitialized use; variables=flags; reported_source=return flags & SDS_TYPE_MASK;,debug_location_or_source_attribution_drift_candidate,0.95,0,,/home/jimi/PaperExperiment/CompilerOptimization/Result/redis/phasar/phasar-O2-g/runs/ifds-uninit/redis_O2_g-Wed-Mar-18-09:36:32-2026/psr-report.txt;/home/jimi/PaperExperiment/CompilerOptimization/Result/redis/phasar/phasar-O2-g/log/commands.log;/home/jimi/PaperExperiment/CompilerOptimization/Result/redis/phasar/phasar-O2-g/log/summary.csv,Generated by re-parsing psr-report.txt; source_resolution=result_worktree_to_target; exact source line was revalidated against the resolved source tree.
phasar.redis.O2g.004199,redis,phasar,P0,SourceTextMismatch,LocationDrift,reported,/home/jimi/PaperExperiment/CompilerOptimization/Result/redis/phasar/phasar-O2-g/runs/ifds-uninit/redis_O2_g-Wed-Mar-18-09:36:32-2026,redis_O2_g-Wed-Mar-18-09:36:32-2026,ifds-uninit,/home/jimi/PaperExperiment/CompilerOptimization/Result/redis/phasar/phasar-O2-g/artifacts/redis_O2_g.bc,/home/jimi/PaperExperiment/CompilerOptimization/Result/redis/phasar/phasar-O2-g/artifacts/redis_O2_g.ll,/home/jimi/PaperExperiment/CompilerOptimization/Result/redis/phasar/phasar-O2-g/runs/ifds-uninit/redis_O2_g-Wed-Mar-18-09:36:32-2026/psr-report.txt,59411,CompilerOptimization/Target/redis/src/sds.c,108,,valid,project_source,1,not_header,sdsResize,,59419,"%53 = load i64, ptr %52, align 1, !dbg !137837, !tbaa !62247, !psr.id !137838 | ID: 52569",    assert(initlen + hdrlen + 1 > initlen); /* Catch size_t overflow */,"Phasar IFDS-Uninitialized use; variables=Line       : 108; reported_source=return SDS_HDR(64,s)->len;",debug_location_or_source_attribution_drift_candidate,0.95,0,,/home/jimi/PaperExperiment/CompilerOptimization/Result/redis/phasar/phasar-O2-g/runs/ifds-uninit/redis_O2_g-Wed-Mar-18-09:36:32-2026/psr-report.txt;/home/jimi/PaperExperiment/CompilerOptimization/Result/redis/phasar/phasar-O2-g/log/commands.log;/home/jimi/PaperExperiment/CompilerOptimization/Result/redis/phasar/phasar-O2-g/log/summary.csv,Generated by re-parsing psr-report.txt; source_resolution=result_worktree_to_target; exact source line was revalidated against the resolved source tree.
phasar.redis.O2g.004209,redis,phasar,P0,SourceTextMismatch,LocationDrift,reported,/home/jimi/PaperExperiment/CompilerOptimization/Result/redis/phasar/phasar-O2-g/runs/ifds-uninit/redis_O2_g-Wed-Mar-18-09:36:32-2026,redis_O2_g-Wed-Mar-18-09:36:32-2026,ifds-uninit,/home/jimi/PaperExperiment/CompilerOptimization/Result/redis/phasar/phasar-O2-g/artifacts/redis_O2_g.bc,/home/jimi/PaperExperiment/CompilerOptimization/Result/redis/phasar/phasar-O2-g/artifacts/redis_O2_g.ll,/home/jimi/PaperExperiment/CompilerOptimization/Result/redis/phasar/phasar-O2-g/runs/ifds-uninit/redis_O2_g-Wed-Mar-18-09:36:32-2026/psr-report.txt,59538,CompilerOptimization/Target/redis/src/sds.c,246,,valid,project_source,1,not_header,sdsResize,,59546,"%87 = load i32, ptr %86, align 4, !dbg !137906, !psr.id !137909 | ID: 52619",},Phasar IFDS-Uninitialized use; variables=Line       : 246; reported_source=switch(type&SDS_TYPE_MASK) {,debug_location_or_source_attribution_drift_candidate,0.95,0,,/home/jimi/PaperExperiment/CompilerOptimization/Result/redis/phasar/phasar-O2-g/runs/ifds-uninit/redis_O2_g-Wed-Mar-18-09:36:32-2026/psr-report.txt;/home/jimi/PaperExperiment/CompilerOptimization/Result/redis/phasar/phasar-O2-g/log/commands.log;/home/jimi/PaperExperiment/CompilerOptimization/Result/redis/phasar/phasar-O2-g/log/summary.csv,Generated by re-parsing psr-report.txt; source_resolution=result_worktree_to_target; exact source line was revalidated against the resolved source tree.
phasar.redis.O2g.004233,redis,phasar,P0,LineOutOfRange,LocationInvalid,reported,/home/jimi/PaperExperiment/CompilerOptimization/Result/redis/phasar/phasar-O2-g/runs/ifds-uninit/redis_O2_g-Wed-Mar-18-09:36:32-2026,redis_O2_g-Wed-Mar-18-09:36:32-2026,ifds-uninit,/home/jimi/PaperExperiment/CompilerOptimization/Result/redis/phasar/phasar-O2-g/artifacts/redis_O2_g.bc,/home/jimi/PaperExperiment/CompilerOptimization/Result/redis/phasar/phasar-O2-g/artifacts/redis_O2_g.ll,/home/jimi/PaperExperiment/CompilerOptimization/Result/redis/phasar/phasar-O2-g/runs/ifds-uninit/redis_O2_g-Wed-Mar-18-09:36:32-2026/psr-report.txt,59888,CompilerOptimization/Target/redis/src/sds.h,436,,line_out_of_range,project_header,0,project_header,sdsAllocPtr,,59896,"%3 = load i8, ptr %2, align 1, !dbg !138302, !tbaa !62266, !psr.id !138304 | ID: 52862",,Phasar IFDS-Uninitialized use; variables=Line       : 436; reported_source=return (void*) (s-sdsHdrSize(s[-1]));,debug_location_or_source_attribution_drift_candidate,0.99,0,,/home/jimi/PaperExperiment/CompilerOptimization/Result/redis/phasar/phasar-O2-g/runs/ifds-uninit/redis_O2_g-Wed-Mar-18-09:36:32-2026/psr-report.txt;/home/jimi/PaperExperiment/CompilerOptimization/Result/redis/phasar/phasar-O2-g/log/commands.log;/home/jimi/PaperExperiment/CompilerOptimization/Result/redis/phasar/phasar-O2-g/log/summary.csv,Generated by re-parsing psr-report.txt; source_resolution=result_worktree_to_target; exact source line was revalidated against the resolved source tree.
phasar.redis.O2g.004271,redis,phasar,P0,LineOutOfRange,LocationInvalid,reported,/home/jimi/PaperExperiment/CompilerOptimization/Result/redis/phasar/phasar-O2-g/runs/ifds-uninit/redis_O2_g-Wed-Mar-18-09:36:32-2026,redis_O2_g-Wed-Mar-18-09:36:32-2026,ifds-uninit,/home/jimi/PaperExperiment/CompilerOptimization/Result/redis/phasar/phasar-O2-g/artifacts/redis_O2_g.bc,/home/jimi/PaperExperiment/CompilerOptimization/Result/redis/phasar/phasar-O2-g/artifacts/redis_O2_g.ll,/home/jimi/PaperExperiment/CompilerOptimization/Result/redis/phasar/phasar-O2-g/runs/ifds-uninit/redis_O2_g-Wed-Mar-18-09:36:32-2026/psr-report.txt,60483,CompilerOptimization/Target/redis/src/sds.h,531,,line_out_of_range,project_header,0,project_header,sdscatlen,,60492,"%31 = add i64 %26, %2, !dbg !138735, !psr.id !138736 | ID: 53128",,"Phasar IFDS-Uninitialized use; variables=addlen, curlen; reported_source=sdssetlen(s, curlen+len);",debug_location_or_source_attribution_drift_candidate,0.99,0,,/home/jimi/PaperExperiment/CompilerOptimization/Result/redis/phasar/phasar-O2-g/runs/ifds-uninit/redis_O2_g-Wed-Mar-18-09:36:32-2026/psr-report.txt;/home/jimi/PaperExperiment/CompilerOptimization/Result/redis/phasar/phasar-O2-g/log/commands.log;/home/jimi/PaperExperiment/CompilerOptimization/Result/redis/phasar/phasar-O2-g/log/summary.csv,Generated by re-parsing psr-report.txt; source_resolution=result_worktree_to_target; exact source line was revalidated against the resolved source tree.
phasar.redis.O2g.004284,redis,phasar,P0,LineOutOfRange,LocationInvalid,reported,/home/jimi/PaperExperiment/CompilerOptimization/Result/redis/phasar/phasar-O2-g/runs/ifds-uninit/redis_O2_g-Wed-Mar-18-09:36:32-2026,redis_O2_g-Wed-Mar-18-09:36:32-2026,ifds-uninit,/home/jimi/PaperExperiment/CompilerOptimization/Result/redis/phasar/phasar-O2-g/artifacts/redis_O2_g.bc,/home/jimi/PaperExperiment/CompilerOptimization/Result/redis/phasar/phasar-O2-g/artifacts/redis_O2_g.ll,/home/jimi/PaperExperiment/CompilerOptimization/Result/redis/phasar/phasar-O2-g/runs/ifds-uninit/redis_O2_g-Wed-Mar-18-09:36:32-2026/psr-report.txt,60646,CompilerOptimization/Target/redis/src/sds.h,531,,line_out_of_range,project_header,0,project_header,sdscat,,60655,"%31 = add i64 %26, %3, !dbg !138878, !psr.id !138879 | ID: 53202",,"Phasar IFDS-Uninitialized use; variables=curlen; reported_source=sdssetlen(s, curlen+len);",debug_location_or_source_attribution_drift_candidate,0.99,0,,/home/jimi/PaperExperiment/CompilerOptimization/Result/redis/phasar/phasar-O2-g/runs/ifds-uninit/redis_O2_g-Wed-Mar-18-09:36:32-2026/psr-report.txt;/home/jimi/PaperExperiment/CompilerOptimization/Result/redis/phasar/phasar-O2-g/log/commands.log;/home/jimi/PaperExperiment/CompilerOptimization/Result/redis/phasar/phasar-O2-g/log/summary.csv,Generated by re-parsing psr-report.txt; source_resolution=result_worktree_to_target; exact source line was revalidated against the resolved source tree.
phasar.redis.O2g.004296,redis,phasar,P0,LineOutOfRange,LocationInvalid,reported,/home/jimi/PaperExperiment/CompilerOptimization/Result/redis/phasar/phasar-O2-g/runs/ifds-uninit/redis_O2_g-Wed-Mar-18-09:36:32-2026,redis_O2_g-Wed-Mar-18-09:36:32-2026,ifds-uninit,/home/jimi/PaperExperiment/CompilerOptimization/Result/redis/phasar/phasar-O2-g/artifacts/redis_O2_g.bc,/home/jimi/PaperExperiment/CompilerOptimization/Result/redis/phasar/phasar-O2-g/artifacts/redis_O2_g.ll,/home/jimi/PaperExperiment/CompilerOptimization/Result/redis/phasar/phasar-O2-g/runs/ifds-uninit/redis_O2_g-Wed-Mar-18-09:36:32-2026/psr-report.txt,60794,CompilerOptimization/Target/redis/src/sds.h,531,,line_out_of_range,project_header,0,project_header,sdscatsds,,60803,"%53 = add i64 %48, %25, !dbg !139066, !psr.id !139067 | ID: 53301",,"Phasar IFDS-Uninitialized use; variables=addlen; reported_source=sdssetlen(s, curlen+len);",debug_location_or_source_attribution_drift_candidate,0.99,0,,/home/jimi/PaperExperiment/CompilerOptimization/Result/redis/phasar/phasar-O2-g/runs/ifds-uninit/redis_O2_g-Wed-Mar-18-09:36:32-2026/psr-report.txt;/home/jimi/PaperExperiment/CompilerOptimization/Result/redis/phasar/phasar-O2-g/log/commands.log;/home/jimi/PaperExperiment/CompilerOptimization/Result/redis/phasar/phasar-O2-g/log/summary.csv,Generated by re-parsing psr-report.txt; source_resolution=result_worktree_to_target; exact source line was revalidated against the resolved source tree.
phasar.redis.O2g.004322,redis,phasar,P0,LineOutOfRange,LocationInvalid,reported,/home/jimi/PaperExperiment/CompilerOptimization/Result/redis/phasar/phasar-O2-g/runs/ifds-uninit/redis_O2_g-Wed-Mar-18-09:36:32-2026,redis_O2_g-Wed-Mar-18-09:36:32-2026,ifds-uninit,/home/jimi/PaperExperiment/CompilerOptimization/Result/redis/phasar/phasar-O2-g/artifacts/redis_O2_g.bc,/home/jimi/PaperExperiment/CompilerOptimization/Result/redis/phasar/phasar-O2-g/artifacts/redis_O2_g.ll,/home/jimi/PaperExperiment/CompilerOptimization/Result/redis/phasar/phasar-O2-g/runs/ifds-uninit/redis_O2_g-Wed-Mar-18-09:36:32-2026/psr-report.txt,61113,CompilerOptimization/Target/redis/src/sds.h,531,,line_out_of_range,project_header,0,project_header,sdscatvprintf,,61122,"%61 = add i64 %56, %33, !dbg !139538, !psr.id !139539 | ID: 53533",,"Phasar IFDS-Uninitialized use; variables=curlen; reported_source=sdssetlen(s, curlen+len);",debug_location_or_source_attribution_drift_candidate,0.99,0,,/home/jimi/PaperExperiment/CompilerOptimization/Result/redis/phasar/phasar-O2-g/runs/ifds-uninit/redis_O2_g-Wed-Mar-18-09:36:32-2026/psr-report.txt;/home/jimi/PaperExperiment/CompilerOptimization/Result/redis/phasar/phasar-O2-g/log/commands.log;/home/jimi/PaperExperiment/CompilerOptimization/Result/redis/phasar/phasar-O2-g/log/summary.csv,Generated by re-parsing psr-report.txt; source_resolution=result_worktree_to_target; exact source line was revalidated against the resolved source tree.
phasar.redis.O2g.004470,redis,phasar,P0,SourceTextMismatch,LocationDrift,reported,/home/jimi/PaperExperiment/CompilerOptimization/Result/redis/phasar/phasar-O2-g/runs/ifds-uninit/redis_O2_g-Wed-Mar-18-09:36:32-2026,redis_O2_g-Wed-Mar-18-09:36:32-2026,ifds-uninit,/home/jimi/PaperExperiment/CompilerOptimization/Result/redis/phasar/phasar-O2-g/artifacts/redis_O2_g.bc,/home/jimi/PaperExperiment/CompilerOptimization/Result/redis/phasar/phasar-O2-g/artifacts/redis_O2_g.ll,/home/jimi/PaperExperiment/CompilerOptimization/Result/redis/phasar/phasar-O2-g/runs/ifds-uninit/redis_O2_g-Wed-Mar-18-09:36:32-2026/psr-report.txt,63111,CompilerOptimization/Target/redis/src/sds.h,216,,valid,project_header,0,project_header,sdsfreesplitres,,63119,"%16 = load i8, ptr %15, align 1, !dbg !141981, !tbaa !62266, !psr.id !141983 | ID: 54971","            return SDS_HDR(16,s)->alloc;",Phasar IFDS-Uninitialized use; variables=Line       : 216; reported_source=s_free((char*)s-sdsHdrSize(s[-1]));,debug_location_or_source_attribution_drift_candidate,0.95,0,,/home/jimi/PaperExperiment/CompilerOptimization/Result/redis/phasar/phasar-O2-g/runs/ifds-uninit/redis_O2_g-Wed-Mar-18-09:36:32-2026/psr-report.txt;/home/jimi/PaperExperiment/CompilerOptimization/Result/redis/phasar/phasar-O2-g/log/commands.log;/home/jimi/PaperExperiment/CompilerOptimization/Result/redis/phasar/phasar-O2-g/log/summary.csv,Generated by re-parsing psr-report.txt; source_resolution=result_worktree_to_target; exact source line was revalidated against the resolved source tree.
phasar.redis.O2g.004492,redis,phasar,P0,LineOutOfRange,LocationInvalid,reported,/home/jimi/PaperExperiment/CompilerOptimization/Result/redis/phasar/phasar-O2-g/runs/ifds-uninit/redis_O2_g-Wed-Mar-18-09:36:32-2026,redis_O2_g-Wed-Mar-18-09:36:32-2026,ifds-uninit,/home/jimi/PaperExperiment/CompilerOptimization/Result/redis/phasar/phasar-O2-g/artifacts/redis_O2_g.bc,/home/jimi/PaperExperiment/CompilerOptimization/Result/redis/phasar/phasar-O2-g/artifacts/redis_O2_g.ll,/home/jimi/PaperExperiment/CompilerOptimization/Result/redis/phasar/phasar-O2-g/runs/ifds-uninit/redis_O2_g-Wed-Mar-18-09:36:32-2026/psr-report.txt,63453,CompilerOptimization/Target/redis/src/connection.h,3319,,line_out_of_range,project_header,0,project_header,syncWithMaster,,63461,"%411 = load ptr, ptr getelementptr inbounds (%struct.redisServer, ptr @server, i64 0, i32 330), align 8, !dbg !229992, !tbaa !222818, !psr.id !229994 | ID: 104512",,"Phasar IFDS-Uninitialized use; variables=Line       : 3319; reported_source=serverLog(LL_WARNING, ""Unable to connect to master: %s"", connGetLastError(server.repl_rdb_transfer_s));",debug_location_or_source_attribution_drift_candidate,0.99,0,,/home/jimi/PaperExperiment/CompilerOptimization/Result/redis/phasar/phasar-O2-g/runs/ifds-uninit/redis_O2_g-Wed-Mar-18-09:36:32-2026/psr-report.txt;/home/jimi/PaperExperiment/CompilerOptimization/Result/redis/phasar/phasar-O2-g/log/commands.log;/home/jimi/PaperExperiment/CompilerOptimization/Result/redis/phasar/phasar-O2-g/log/summary.csv,Generated by re-parsing psr-report.txt; source_resolution=result_worktree_to_target; exact source line was revalidated against the resolved source tree.
phasar.redis.O2g.004497,redis,phasar,P0,LineOutOfRange,LocationInvalid,reported,/home/jimi/PaperExperiment/CompilerOptimization/Result/redis/phasar/phasar-O2-g/runs/ifds-uninit/redis_O2_g-Wed-Mar-18-09:36:32-2026,redis_O2_g-Wed-Mar-18-09:36:32-2026,ifds-uninit,/home/jimi/PaperExperiment/CompilerOptimization/Result/redis/phasar/phasar-O2-g/artifacts/redis_O2_g.bc,/home/jimi/PaperExperiment/CompilerOptimization/Result/redis/phasar/phasar-O2-g/artifacts/redis_O2_g.ll,/home/jimi/PaperExperiment/CompilerOptimization/Result/redis/phasar/phasar-O2-g/runs/ifds-uninit/redis_O2_g-Wed-Mar-18-09:36:32-2026/psr-report.txt,63514,CompilerOptimization/Target/redis/src/connection.h,3348,,line_out_of_range,project_header,0,project_header,syncWithMaster,,63523,"%452 = load ptr, ptr getelementptr inbounds (%struct.redisServer, ptr @server, i64 0, i32 330), align 8, !dbg !230111, !tbaa !222818, !psr.id !230113 | ID: 104574",,Phasar IFDS-Uninitialized use; variables=conn; reported_source=if (server.repl_rdb_transfer_s),debug_location_or_source_attribution_drift_candidate,0.99,0,,/home/jimi/PaperExperiment/CompilerOptimization/Result/redis/phasar/phasar-O2-g/runs/ifds-uninit/redis_O2_g-Wed-Mar-18-09:36:32-2026/psr-report.txt;/home/jimi/PaperExperiment/CompilerOptimization/Result/redis/phasar/phasar-O2-g/log/commands.log;/home/jimi/PaperExperiment/CompilerOptimization/Result/redis/phasar/phasar-O2-g/log/summary.csv,Generated by re-parsing psr-report.txt; source_resolution=result_worktree_to_target; exact source line was revalidated against the resolved source tree.
phasar.redis.O2g.004779,redis,phasar,P0,SourceTextMismatch,LocationDrift,reported,/home/jimi/PaperExperiment/CompilerOptimization/Result/redis/phasar/phasar-O2-g/runs/ifds-uninit/redis_O2_g-Wed-Mar-18-09:36:32-2026,redis_O2_g-Wed-Mar-18-09:36:32-2026,ifds-uninit,/home/jimi/PaperExperiment/CompilerOptimization/Result/redis/phasar/phasar-O2-g/artifacts/redis_O2_g.bc,/home/jimi/PaperExperiment/CompilerOptimization/Result/redis/phasar/phasar-O2-g/artifacts/redis_O2_g.ll,/home/jimi/PaperExperiment/CompilerOptimization/Result/redis/phasar/phasar-O2-g/runs/ifds-uninit/redis_O2_g-Wed-Mar-18-09:36:32-2026/psr-report.txt,68084,CompilerOptimization/Target/redis/src/sds.h,70,,valid,project_header,0,project_header,getStringObjectLen,,68092,"%12 = load ptr, ptr %11, align 8, !dbg !163198, !tbaa !61923, !psr.id !163201 | ID: 68668",    return flags & SDS_TYPE_MASK;,Phasar IFDS-Uninitialized use; variables=Line       : 70; reported_source=case OBJ_ENCODING_RAW: return sdslen(o->ptr);,debug_location_or_source_attribution_drift_candidate,0.95,0,,/home/jimi/PaperExperiment/CompilerOptimization/Result/redis/phasar/phasar-O2-g/runs/ifds-uninit/redis_O2_g-Wed-Mar-18-09:36:32-2026/psr-report.txt;/home/jimi/PaperExperiment/CompilerOptimization/Result/redis/phasar/phasar-O2-g/log/commands.log;/home/jimi/PaperExperiment/CompilerOptimization/Result/redis/phasar/phasar-O2-g/log/summary.csv,Generated by re-parsing psr-report.txt; source_resolution=result_worktree_to_target; exact source line was revalidated against the resolved source tree.
phasar.redis.O2g.004787,redis,phasar,P0,SourceTextMismatch,LocationDrift,reported,/home/jimi/PaperExperiment/CompilerOptimization/Result/redis/phasar/phasar-O2-g/runs/ifds-uninit/redis_O2_g-Wed-Mar-18-09:36:32-2026,redis_O2_g-Wed-Mar-18-09:36:32-2026,ifds-uninit,/home/jimi/PaperExperiment/CompilerOptimization/Result/redis/phasar/phasar-O2-g/artifacts/redis_O2_g.bc,/home/jimi/PaperExperiment/CompilerOptimization/Result/redis/phasar/phasar-O2-g/artifacts/redis_O2_g.ll,/home/jimi/PaperExperiment/CompilerOptimization/Result/redis/phasar/phasar-O2-g/runs/ifds-uninit/redis_O2_g-Wed-Mar-18-09:36:32-2026/psr-report.txt,68179,CompilerOptimization/Target/redis/src/sds.h,71,,valid,project_header,0,project_header,getStringObjectLen,,68187,"%36 = load ptr, ptr %35, align 8, !dbg !163256, !tbaa !61923, !psr.id !163258 | ID: 68695",},Phasar IFDS-Uninitialized use; variables=Line       : 71; reported_source=case OBJ_ENCODING_EMBSTR: return sdslen(o->ptr);,debug_location_or_source_attribution_drift_candidate,0.95,0,,/home/jimi/PaperExperiment/CompilerOptimization/Result/redis/phasar/phasar-O2-g/runs/ifds-uninit/redis_O2_g-Wed-Mar-18-09:36:32-2026/psr-report.txt;/home/jimi/PaperExperiment/CompilerOptimization/Result/redis/phasar/phasar-O2-g/log/commands.log;/home/jimi/PaperExperiment/CompilerOptimization/Result/redis/phasar/phasar-O2-g/log/summary.csv,Generated by re-parsing psr-report.txt; source_resolution=result_worktree_to_target; exact source line was revalidated against the resolved source tree.
phasar.redis.O2g.004798,redis,phasar,P0,SourceTextMismatch,LocationDrift,reported,/home/jimi/PaperExperiment/CompilerOptimization/Result/redis/phasar/phasar-O2-g/runs/ifds-uninit/redis_O2_g-Wed-Mar-18-09:36:32-2026,redis_O2_g-Wed-Mar-18-09:36:32-2026,ifds-uninit,/home/jimi/PaperExperiment/CompilerOptimization/Result/redis/phasar/phasar-O2-g/artifacts/redis_O2_g.bc,/home/jimi/PaperExperiment/CompilerOptimization/Result/redis/phasar/phasar-O2-g/artifacts/redis_O2_g.ll,/home/jimi/PaperExperiment/CompilerOptimization/Result/redis/phasar/phasar-O2-g/runs/ifds-uninit/redis_O2_g-Wed-Mar-18-09:36:32-2026/psr-report.txt,68315,CompilerOptimization/Target/redis/src/networking.c,360,,valid,project_source,1,not_header,readQueryFromClient,,68323,"%3 = load ptr, ptr %2, align 8, !dbg !163823, !tbaa !163471, !psr.id !163825 | ID: 68959",},Phasar IFDS-Uninitialized use; variables=Line       : 360; reported_source=return conn->private_data;,debug_location_or_source_attribution_drift_candidate,0.95,0,,/home/jimi/PaperExperiment/CompilerOptimization/Result/redis/phasar/phasar-O2-g/runs/ifds-uninit/redis_O2_g-Wed-Mar-18-09:36:32-2026/psr-report.txt;/home/jimi/PaperExperiment/CompilerOptimization/Result/redis/phasar/phasar-O2-g/log/commands.log;/home/jimi/PaperExperiment/CompilerOptimization/Result/redis/phasar/phasar-O2-g/log/summary.csv,Generated by re-parsing psr-report.txt; source_resolution=result_worktree_to_target; exact source line was revalidated against the resolved source tree.
phasar.redis.O2g.004840,redis,phasar,P0,LineOutOfRange,LocationInvalid,reported,/home/jimi/PaperExperiment/CompilerOptimization/Result/redis/phasar/phasar-O2-g/runs/ifds-uninit/redis_O2_g-Wed-Mar-18-09:36:32-2026,redis_O2_g-Wed-Mar-18-09:36:32-2026,ifds-uninit,/home/jimi/PaperExperiment/CompilerOptimization/Result/redis/phasar/phasar-O2-g/artifacts/redis_O2_g.bc,/home/jimi/PaperExperiment/CompilerOptimization/Result/redis/phasar/phasar-O2-g/artifacts/redis_O2_g.ll,/home/jimi/PaperExperiment/CompilerOptimization/Result/redis/phasar/phasar-O2-g/runs/ifds-uninit/redis_O2_g-Wed-Mar-18-09:36:32-2026/psr-report.txt,68891,CompilerOptimization/Target/redis/src/connection.h,3773,,line_out_of_range,project_header,0,project_header,readQueryFromClient,,68899,"%221 = load ptr, ptr %220, align 8, !dbg !164307, !tbaa !93110, !psr.id !164309 | ID: 69223",,"Phasar IFDS-Uninitialized use; variables=Line       : 3773; reported_source=nread = connRead(c->conn, c->querybuf+qblen, readlen);",debug_location_or_source_attribution_drift_candidate,0.99,0,,/home/jimi/PaperExperiment/CompilerOptimization/Result/redis/phasar/phasar-O2-g/runs/ifds-uninit/redis_O2_g-Wed-Mar-18-09:36:32-2026/psr-report.txt;/home/jimi/PaperExperiment/CompilerOptimization/Result/redis/phasar/phasar-O2-g/log/commands.log;/home/jimi/PaperExperiment/CompilerOptimization/Result/redis/phasar/phasar-O2-g/log/summary.csv,Generated by re-parsing psr-report.txt; source_resolution=result_worktree_to_target; exact source line was revalidated against the resolved source tree.
phasar.redis.O2g.004845,redis,phasar,P0,LineOutOfRange,LocationInvalid,reported,/home/jimi/PaperExperiment/CompilerOptimization/Result/redis/phasar/phasar-O2-g/runs/ifds-uninit/redis_O2_g-Wed-Mar-18-09:36:32-2026,redis_O2_g-Wed-Mar-18-09:36:32-2026,ifds-uninit,/home/jimi/PaperExperiment/CompilerOptimization/Result/redis/phasar/phasar-O2-g/artifacts/redis_O2_g.bc,/home/jimi/PaperExperiment/CompilerOptimization/Result/redis/phasar/phasar-O2-g/artifacts/redis_O2_g.ll,/home/jimi/PaperExperiment/CompilerOptimization/Result/redis/phasar/phasar-O2-g/runs/ifds-uninit/redis_O2_g-Wed-Mar-18-09:36:32-2026/psr-report.txt,68951,CompilerOptimization/Target/redis/src/sds.h,3789,,line_out_of_range,project_header,0,project_header,readQueryFromClient,,68959,"%236 = load ptr, ptr %132, align 8, !dbg !164375, !tbaa !109300, !psr.id !164376 | ID: 69249",,Phasar IFDS-Uninitialized use; variables=Line       : 3789; reported_source=qblen = sdslen(c->querybuf);,debug_location_or_source_attribution_drift_candidate,0.99,0,,/home/jimi/PaperExperiment/CompilerOptimization/Result/redis/phasar/phasar-O2-g/runs/ifds-uninit/redis_O2_g-Wed-Mar-18-09:36:32-2026/psr-report.txt;/home/jimi/PaperExperiment/CompilerOptimization/Result/redis/phasar/phasar-O2-g/log/commands.log;/home/jimi/PaperExperiment/CompilerOptimization/Result/redis/phasar/phasar-O2-g/log/summary.csv,Generated by re-parsing psr-report.txt; source_resolution=result_worktree_to_target; exact source line was revalidated against the resolved source tree.
phasar.redis.O2g.004891,redis,phasar,P0,LineOutOfRange,LocationInvalid,reported,/home/jimi/PaperExperiment/CompilerOptimization/Result/redis/phasar/phasar-O2-g/runs/ifds-uninit/redis_O2_g-Wed-Mar-18-09:36:32-2026,redis_O2_g-Wed-Mar-18-09:36:32-2026,ifds-uninit,/home/jimi/PaperExperiment/CompilerOptimization/Result/redis/phasar/phasar-O2-g/artifacts/redis_O2_g.bc,/home/jimi/PaperExperiment/CompilerOptimization/Result/redis/phasar/phasar-O2-g/artifacts/redis_O2_g.ll,/home/jimi/PaperExperiment/CompilerOptimization/Result/redis/phasar/phasar-O2-g/runs/ifds-uninit/redis_O2_g-Wed-Mar-18-09:36:32-2026/psr-report.txt,69579,CompilerOptimization/Target/redis/src/sds.h,3513,,line_out_of_range,project_header,0,project_header,processInputBuffer,,69588,"%44 = load ptr, ptr %17, align 8, !dbg !164896, !tbaa !109300, !psr.id !164897 | ID: 69529",,Phasar IFDS-Uninitialized use; variables=s; reported_source=while ((c->querybuf && c->qb_pos < sdslen(c->querybuf)) ||,debug_location_or_source_attribution_drift_candidate,0.99,0,,/home/jimi/PaperExperiment/CompilerOptimization/Result/redis/phasar/phasar-O2-g/runs/ifds-uninit/redis_O2_g-Wed-Mar-18-09:36:32-2026/psr-report.txt;/home/jimi/PaperExperiment/CompilerOptimization/Result/redis/phasar/phasar-O2-g/log/commands.log;/home/jimi/PaperExperiment/CompilerOptimization/Result/redis/phasar/phasar-O2-g/log/summary.csv,Generated by re-parsing psr-report.txt; source_resolution=result_worktree_to_target; exact source line was revalidated against the resolved source tree.
phasar.redis.O2g.004907,redis,phasar,P0,LineOutOfRange,LocationInvalid,reported,/home/jimi/PaperExperiment/CompilerOptimization/Result/redis/phasar/phasar-O2-g/runs/ifds-uninit/redis_O2_g-Wed-Mar-18-09:36:32-2026,redis_O2_g-Wed-Mar-18-09:36:32-2026,ifds-uninit,/home/jimi/PaperExperiment/CompilerOptimization/Result/redis/phasar/phasar-O2-g/artifacts/redis_O2_g.bc,/home/jimi/PaperExperiment/CompilerOptimization/Result/redis/phasar/phasar-O2-g/artifacts/redis_O2_g.ll,/home/jimi/PaperExperiment/CompilerOptimization/Result/redis/phasar/phasar-O2-g/runs/ifds-uninit/redis_O2_g-Wed-Mar-18-09:36:32-2026/psr-report.txt,69799,CompilerOptimization/Target/redis/src/sds.h,3542,,line_out_of_range,project_header,0,project_header,processInputBuffer,,69808,"%99 = load ptr, ptr %17, align 8, !dbg !165003, !tbaa !109300, !psr.id !165004 | ID: 69588",,Phasar IFDS-Uninitialized use; variables=s; reported_source=c->querybuf && c->qb_pos < sdslen(c->querybuf)),debug_location_or_source_attribution_drift_candidate,0.99,0,,/home/jimi/PaperExperiment/CompilerOptimization/Result/redis/phasar/phasar-O2-g/runs/ifds-uninit/redis_O2_g-Wed-Mar-18-09:36:32-2026/psr-report.txt;/home/jimi/PaperExperiment/CompilerOptimization/Result/redis/phasar/phasar-O2-g/log/commands.log;/home/jimi/PaperExperiment/CompilerOptimization/Result/redis/phasar/phasar-O2-g/log/summary.csv,Generated by re-parsing psr-report.txt; source_resolution=result_worktree_to_target; exact source line was revalidated against the resolved source tree.
phasar.redis.O2g.004921,redis,phasar,P0,LineOutOfRange,LocationInvalid,reported,/home/jimi/PaperExperiment/CompilerOptimization/Result/redis/phasar/phasar-O2-g/runs/ifds-uninit/redis_O2_g-Wed-Mar-18-09:36:32-2026,redis_O2_g-Wed-Mar-18-09:36:32-2026,ifds-uninit,/home/jimi/PaperExperiment/CompilerOptimization/Result/redis/phasar/phasar-O2-g/artifacts/redis_O2_g.bc,/home/jimi/PaperExperiment/CompilerOptimization/Result/redis/phasar/phasar-O2-g/artifacts/redis_O2_g.ll,/home/jimi/PaperExperiment/CompilerOptimization/Result/redis/phasar/phasar-O2-g/runs/ifds-uninit/redis_O2_g-Wed-Mar-18-09:36:32-2026/psr-report.txt,69982,CompilerOptimization/Target/redis/src/sds.h,3096,,line_out_of_range,project_header,0,project_header,processInputBuffer,,69990,"%192 = load ptr, ptr %17, align 8, !dbg !165270, !tbaa !109300, !psr.id !165271 | ID: 69719",,Phasar IFDS-Uninitialized use; variables=Line       : 3096; reported_source=size_t querybuf_len = sdslen(c->querybuf); /* Cache sdslen */,debug_location_or_source_attribution_drift_candidate,0.99,0,,/home/jimi/PaperExperiment/CompilerOptimization/Result/redis/phasar/phasar-O2-g/runs/ifds-uninit/redis_O2_g-Wed-Mar-18-09:36:32-2026/psr-report.txt;/home/jimi/PaperExperiment/CompilerOptimization/Result/redis/phasar/phasar-O2-g/log/commands.log;/home/jimi/PaperExperiment/CompilerOptimization/Result/redis/phasar/phasar-O2-g/log/summary.csv,Generated by re-parsing psr-report.txt; source_resolution=result_worktree_to_target; exact source line was revalidated against the resolved source tree.
phasar.redis.O2g.004948,redis,phasar,P0,LineOutOfRange,LocationInvalid,reported,/home/jimi/PaperExperiment/CompilerOptimization/Result/redis/phasar/phasar-O2-g/runs/ifds-uninit/redis_O2_g-Wed-Mar-18-09:36:32-2026,redis_O2_g-Wed-Mar-18-09:36:32-2026,ifds-uninit,/home/jimi/PaperExperiment/CompilerOptimization/Result/redis/phasar/phasar-O2-g/artifacts/redis_O2_g.bc,/home/jimi/PaperExperiment/CompilerOptimization/Result/redis/phasar/phasar-O2-g/artifacts/redis_O2_g.ll,/home/jimi/PaperExperiment/CompilerOptimization/Result/redis/phasar/phasar-O2-g/runs/ifds-uninit/redis_O2_g-Wed-Mar-18-09:36:32-2026/psr-report.txt,70343,CompilerOptimization/Target/redis/src/sds.h,3182,,line_out_of_range,project_header,0,project_header,processInputBuffer,,70351,"%311 = load ptr, ptr %17, align 8, !dbg !165519, !tbaa !109300, !psr.id !165520 | ID: 69869",,"Phasar IFDS-Uninitialized use; variables=Line       : 3182; reported_source=newline = memchr(c->querybuf+c->qb_pos,'\r',sdslen(c->querybuf) - c->qb_pos);",debug_location_or_source_attribution_drift_candidate,0.99,0,,/home/jimi/PaperExperiment/CompilerOptimization/Result/redis/phasar/phasar-O2-g/runs/ifds-uninit/redis_O2_g-Wed-Mar-18-09:36:32-2026/psr-report.txt;/home/jimi/PaperExperiment/CompilerOptimization/Result/redis/phasar/phasar-O2-g/log/commands.log;/home/jimi/PaperExperiment/CompilerOptimization/Result/redis/phasar/phasar-O2-g/log/summary.csv,Generated by re-parsing psr-report.txt; source_resolution=result_worktree_to_target; exact source line was revalidated against the resolved source tree.
phasar.redis.O2g.004969,redis,phasar,P0,LineOutOfRange,LocationInvalid,reported,/home/jimi/PaperExperiment/CompilerOptimization/Result/redis/phasar/phasar-O2-g/runs/ifds-uninit/redis_O2_g-Wed-Mar-18-09:36:32-2026,redis_O2_g-Wed-Mar-18-09:36:32-2026,ifds-uninit,/home/jimi/PaperExperiment/CompilerOptimization/Result/redis/phasar/phasar-O2-g/artifacts/redis_O2_g.bc,/home/jimi/PaperExperiment/CompilerOptimization/Result/redis/phasar/phasar-O2-g/artifacts/redis_O2_g.ll,/home/jimi/PaperExperiment/CompilerOptimization/Result/redis/phasar/phasar-O2-g/runs/ifds-uninit/redis_O2_g-Wed-Mar-18-09:36:32-2026/psr-report.txt,70631,CompilerOptimization/Target/redis/src/sds.h,3228,,line_out_of_range,project_header,0,project_header,processInputBuffer,,70639,"%397 = load ptr, ptr %17, align 8, !dbg !165700, !tbaa !109300, !psr.id !165701 | ID: 69972",,Phasar IFDS-Uninitialized use; variables=Line       : 3228; reported_source=querybuf_len = sdslen(c->querybuf);,debug_location_or_source_attribution_drift_candidate,0.99,0,,/home/jimi/PaperExperiment/CompilerOptimization/Result/redis/phasar/phasar-O2-g/runs/ifds-uninit/redis_O2_g-Wed-Mar-18-09:36:32-2026/psr-report.txt;/home/jimi/PaperExperiment/CompilerOptimization/Result/redis/phasar/phasar-O2-g/log/commands.log;/home/jimi/PaperExperiment/CompilerOptimization/Result/redis/phasar/phasar-O2-g/log/summary.csv,Generated by re-parsing psr-report.txt; source_resolution=result_worktree_to_target; exact source line was revalidated against the resolved source tree.
phasar.redis.O2g.005004,redis,phasar,P0,LineOutOfRange,LocationInvalid,reported,/home/jimi/PaperExperiment/CompilerOptimization/Result/redis/phasar/phasar-O2-g/runs/ifds-uninit/redis_O2_g-Wed-Mar-18-09:36:32-2026,redis_O2_g-Wed-Mar-18-09:36:32-2026,ifds-uninit,/home/jimi/PaperExperiment/CompilerOptimization/Result/redis/phasar/phasar-O2-g/artifacts/redis_O2_g.bc,/home/jimi/PaperExperiment/CompilerOptimization/Result/redis/phasar/phasar-O2-g/artifacts/redis_O2_g.ll,/home/jimi/PaperExperiment/CompilerOptimization/Result/redis/phasar/phasar-O2-g/runs/ifds-uninit/redis_O2_g-Wed-Mar-18-09:36:32-2026/psr-report.txt,71107,CompilerOptimization/Target/redis/src/sds.h,3276,,line_out_of_range,project_header,0,project_header,processInputBuffer,,71115,"%525 = load ptr, ptr %17, align 8, !dbg !165969, !tbaa !109300, !psr.id !165970 | ID: 70128",,Phasar IFDS-Uninitialized use; variables=Line       : 3276; reported_source=querybuf_len = sdslen(c->querybuf); /* Update cached length */,debug_location_or_source_attribution_drift_candidate,0.99,0,,/home/jimi/PaperExperiment/CompilerOptimization/Result/redis/phasar/phasar-O2-g/runs/ifds-uninit/redis_O2_g-Wed-Mar-18-09:36:32-2026/psr-report.txt;/home/jimi/PaperExperiment/CompilerOptimization/Result/redis/phasar/phasar-O2-g/log/commands.log;/home/jimi/PaperExperiment/CompilerOptimization/Result/redis/phasar/phasar-O2-g/log/summary.csv,Generated by re-parsing psr-report.txt; source_resolution=result_worktree_to_target; exact source line was revalidated against the resolved source tree.
phasar.redis.O2g.005077,redis,phasar,P0,LineOutOfRange,LocationInvalid,reported,/home/jimi/PaperExperiment/CompilerOptimization/Result/redis/phasar/phasar-O2-g/runs/ifds-uninit/redis_O2_g-Wed-Mar-18-09:36:32-2026,redis_O2_g-Wed-Mar-18-09:36:32-2026,ifds-uninit,/home/jimi/PaperExperiment/CompilerOptimization/Result/redis/phasar/phasar-O2-g/artifacts/redis_O2_g.bc,/home/jimi/PaperExperiment/CompilerOptimization/Result/redis/phasar/phasar-O2-g/artifacts/redis_O2_g.ll,/home/jimi/PaperExperiment/CompilerOptimization/Result/redis/phasar/phasar-O2-g/runs/ifds-uninit/redis_O2_g-Wed-Mar-18-09:36:32-2026/psr-report.txt,72097,CompilerOptimization/Target/redis/src/connection.h,3467,,line_out_of_range,project_header,0,project_header,handleClientReadError,,72105,"%30 = load ptr, ptr %29, align 8, !dbg !166723, !tbaa !93110, !psr.id !166726 | ID: 70524",,"Phasar IFDS-Uninitialized use; variables=Line       : 3467; reported_source=serverLog(LL_VERBOSE, ""Reading from client: %s"",connGetLastError(c->conn));",debug_location_or_source_attribution_drift_candidate,0.99,0,,/home/jimi/PaperExperiment/CompilerOptimization/Result/redis/phasar/phasar-O2-g/runs/ifds-uninit/redis_O2_g-Wed-Mar-18-09:36:32-2026/psr-report.txt;/home/jimi/PaperExperiment/CompilerOptimization/Result/redis/phasar/phasar-O2-g/log/commands.log;/home/jimi/PaperExperiment/CompilerOptimization/Result/redis/phasar/phasar-O2-g/log/summary.csv,Generated by re-parsing psr-report.txt; source_resolution=result_worktree_to_target; exact source line was revalidated against the resolved source tree.
phasar.redis.O2g.005080,redis,phasar,P0,LineOutOfRange,LocationInvalid,reported,/home/jimi/PaperExperiment/CompilerOptimization/Result/redis/phasar/phasar-O2-g/runs/ifds-uninit/redis_O2_g-Wed-Mar-18-09:36:32-2026,redis_O2_g-Wed-Mar-18-09:36:32-2026,ifds-uninit,/home/jimi/PaperExperiment/CompilerOptimization/Result/redis/phasar/phasar-O2-g/artifacts/redis_O2_g.bc,/home/jimi/PaperExperiment/CompilerOptimization/Result/redis/phasar/phasar-O2-g/artifacts/redis_O2_g.ll,/home/jimi/PaperExperiment/CompilerOptimization/Result/redis/phasar/phasar-O2-g/runs/ifds-uninit/redis_O2_g-Wed-Mar-18-09:36:32-2026/psr-report.txt,72139,CompilerOptimization/Target/redis/src/sds.h,1983,,line_out_of_range,project_header,0,project_header,resetReusableQueryBuf,,72148,"%9 = load ptr, ptr %8, align 8, !dbg !166821, !tbaa !109300, !psr.id !166824 | ID: 70577",,Phasar IFDS-Uninitialized use; variables=s; reported_source=if (c->querybuf != thread_reusable_qb || sdslen(c->querybuf) > c->qb_pos) {,debug_location_or_source_attribution_drift_candidate,0.99,0,,/home/jimi/PaperExperiment/CompilerOptimization/Result/redis/phasar/phasar-O2-g/runs/ifds-uninit/redis_O2_g-Wed-Mar-18-09:36:32-2026/psr-report.txt;/home/jimi/PaperExperiment/CompilerOptimization/Result/redis/phasar/phasar-O2-g/log/commands.log;/home/jimi/PaperExperiment/CompilerOptimization/Result/redis/phasar/phasar-O2-g/log/summary.csv,Generated by re-parsing psr-report.txt; source_resolution=result_worktree_to_target; exact source line was revalidated against the resolved source tree.
phasar.redis.O2g.005135,redis,phasar,P0,LineOutOfRange,LocationInvalid,reported,/home/jimi/PaperExperiment/CompilerOptimization/Result/redis/phasar/phasar-O2-g/runs/ifds-uninit/redis_O2_g-Wed-Mar-18-09:36:32-2026,redis_O2_g-Wed-Mar-18-09:36:32-2026,ifds-uninit,/home/jimi/PaperExperiment/CompilerOptimization/Result/redis/phasar/phasar-O2-g/artifacts/redis_O2_g.bc,/home/jimi/PaperExperiment/CompilerOptimization/Result/redis/phasar/phasar-O2-g/artifacts/redis_O2_g.ll,/home/jimi/PaperExperiment/CompilerOptimization/Result/redis/phasar/phasar-O2-g/runs/ifds-uninit/redis_O2_g-Wed-Mar-18-09:36:32-2026/psr-report.txt,72904,CompilerOptimization/Target/redis/src/connection.h,1875,,line_out_of_range,project_header,0,project_header,unlinkClient,,72912,"%70 = load ptr, ptr %3, align 8, !dbg !168187, !tbaa !93110, !psr.id !168188 | ID: 71273",,Phasar IFDS-Uninitialized use; variables=Line       : 1875; reported_source=connClose(c->conn);,debug_location_or_source_attribution_drift_candidate,0.99,0,,/home/jimi/PaperExperiment/CompilerOptimization/Result/redis/phasar/phasar-O2-g/runs/ifds-uninit/redis_O2_g-Wed-Mar-18-09:36:32-2026/psr-report.txt;/home/jimi/PaperExperiment/CompilerOptimization/Result/redis/phasar/phasar-O2-g/log/commands.log;/home/jimi/PaperExperiment/CompilerOptimization/Result/redis/phasar/phasar-O2-g/log/summary.csv,Generated by re-parsing psr-report.txt; source_resolution=result_worktree_to_target; exact source line was revalidated against the resolved source tree.
phasar.redis.O2g.005225,redis,phasar,P0,LineOutOfRange,LocationInvalid,reported,/home/jimi/PaperExperiment/CompilerOptimization/Result/redis/phasar/phasar-O2-g/runs/ifds-uninit/redis_O2_g-Wed-Mar-18-09:36:32-2026,redis_O2_g-Wed-Mar-18-09:36:32-2026,ifds-uninit,/home/jimi/PaperExperiment/CompilerOptimization/Result/redis/phasar/phasar-O2-g/artifacts/redis_O2_g.bc,/home/jimi/PaperExperiment/CompilerOptimization/Result/redis/phasar/phasar-O2-g/artifacts/redis_O2_g.ll,/home/jimi/PaperExperiment/CompilerOptimization/Result/redis/phasar/phasar-O2-g/runs/ifds-uninit/redis_O2_g-Wed-Mar-18-09:36:32-2026/psr-report.txt,74256,CompilerOptimization/Target/redis/src/connection.h,3952,,line_out_of_range,project_header,0,project_header,catClientInfoString,,74265,"%179 = load ptr, ptr %178, align 8, !dbg !169887, !tbaa !93110, !psr.id !169890 | ID: 72193",,Phasar IFDS-Uninitialized use; variables=conn; reported_source=if (client->conn) {,debug_location_or_source_attribution_drift_candidate,0.99,0,,/home/jimi/PaperExperiment/CompilerOptimization/Result/redis/phasar/phasar-O2-g/runs/ifds-uninit/redis_O2_g-Wed-Mar-18-09:36:32-2026/psr-report.txt;/home/jimi/PaperExperiment/CompilerOptimization/Result/redis/phasar/phasar-O2-g/log/commands.log;/home/jimi/PaperExperiment/CompilerOptimization/Result/redis/phasar/phasar-O2-g/log/summary.csv,Generated by re-parsing psr-report.txt; source_resolution=result_worktree_to_target; exact source line was revalidated against the resolved source tree.
phasar.redis.O2g.005230,redis,phasar,P0,LineOutOfRange,LocationInvalid,reported,/home/jimi/PaperExperiment/CompilerOptimization/Result/redis/phasar/phasar-O2-g/runs/ifds-uninit/redis_O2_g-Wed-Mar-18-09:36:32-2026,redis_O2_g-Wed-Mar-18-09:36:32-2026,ifds-uninit,/home/jimi/PaperExperiment/CompilerOptimization/Result/redis/phasar/phasar-O2-g/artifacts/redis_O2_g.bc,/home/jimi/PaperExperiment/CompilerOptimization/Result/redis/phasar/phasar-O2-g/artifacts/redis_O2_g.ll,/home/jimi/PaperExperiment/CompilerOptimization/Result/redis/phasar/phasar-O2-g/runs/ifds-uninit/redis_O2_g-Wed-Mar-18-09:36:32-2026/psr-report.txt,74320,CompilerOptimization/Target/redis/src/connection.h,3968,,line_out_of_range,project_header,0,project_header,catClientInfoString,,74328,"%219 = load ptr, ptr %178, align 8, !dbg !169986, !tbaa !93110, !psr.id !169990 | ID: 72250",,"Phasar IFDS-Uninitialized use; variables=Line       : 3968; reported_source=sds ret = sdscatfmt(s, FMTARGS(",debug_location_or_source_attribution_drift_candidate,0.99,0,,/home/jimi/PaperExperiment/CompilerOptimization/Result/redis/phasar/phasar-O2-g/runs/ifds-uninit/redis_O2_g-Wed-Mar-18-09:36:32-2026/psr-report.txt;/home/jimi/PaperExperiment/CompilerOptimization/Result/redis/phasar/phasar-O2-g/log/commands.log;/home/jimi/PaperExperiment/CompilerOptimization/Result/redis/phasar/phasar-O2-g/log/summary.csv,Generated by re-parsing psr-report.txt; source_resolution=result_worktree_to_target; exact source line was revalidated against the resolved source tree.
phasar.redis.O2g.005255,redis,phasar,P0,LineOutOfRange,LocationInvalid,reported,/home/jimi/PaperExperiment/CompilerOptimization/Result/redis/phasar/phasar-O2-g/runs/ifds-uninit/redis_O2_g-Wed-Mar-18-09:36:32-2026,redis_O2_g-Wed-Mar-18-09:36:32-2026,ifds-uninit,/home/jimi/PaperExperiment/CompilerOptimization/Result/redis/phasar/phasar-O2-g/artifacts/redis_O2_g.bc,/home/jimi/PaperExperiment/CompilerOptimization/Result/redis/phasar/phasar-O2-g/artifacts/redis_O2_g.ll,/home/jimi/PaperExperiment/CompilerOptimization/Result/redis/phasar/phasar-O2-g/runs/ifds-uninit/redis_O2_g-Wed-Mar-18-09:36:32-2026/psr-report.txt,74653,CompilerOptimization/Target/redis/src/connection.h,3864,,line_out_of_range,project_header,0,project_header,getClientPeerId,,74661,"%18 = load ptr, ptr %17, align 8, !dbg !170518, !tbaa !93110, !psr.id !170521 | ID: 72595",,"Phasar IFDS-Uninitialized use; variables=Line       : 3864; reported_source=connFormatAddr(client->conn,addr,addr_len,remote);",debug_location_or_source_attribution_drift_candidate,0.99,0,,/home/jimi/PaperExperiment/CompilerOptimization/Result/redis/phasar/phasar-O2-g/runs/ifds-uninit/redis_O2_g-Wed-Mar-18-09:36:32-2026/psr-report.txt;/home/jimi/PaperExperiment/CompilerOptimization/Result/redis/phasar/phasar-O2-g/log/commands.log;/home/jimi/PaperExperiment/CompilerOptimization/Result/redis/phasar/phasar-O2-g/log/summary.csv,Generated by re-parsing psr-report.txt; source_resolution=result_worktree_to_target; exact source line was revalidated against the resolved source tree.
phasar.redis.O2g.005259,redis,phasar,P0,LineOutOfRange,LocationInvalid,reported,/home/jimi/PaperExperiment/CompilerOptimization/Result/redis/phasar/phasar-O2-g/runs/ifds-uninit/redis_O2_g-Wed-Mar-18-09:36:32-2026,redis_O2_g-Wed-Mar-18-09:36:32-2026,ifds-uninit,/home/jimi/PaperExperiment/CompilerOptimization/Result/redis/phasar/phasar-O2-g/artifacts/redis_O2_g.bc,/home/jimi/PaperExperiment/CompilerOptimization/Result/redis/phasar/phasar-O2-g/artifacts/redis_O2_g.ll,/home/jimi/PaperExperiment/CompilerOptimization/Result/redis/phasar/phasar-O2-g/runs/ifds-uninit/redis_O2_g-Wed-Mar-18-09:36:32-2026/psr-report.txt,74718,CompilerOptimization/Target/redis/src/connection.h,3864,,line_out_of_range,project_header,0,project_header,getClientSockname,,74726,"%18 = load ptr, ptr %17, align 8, !dbg !170665, !tbaa !93110, !psr.id !170667 | ID: 72663",,"Phasar IFDS-Uninitialized use; variables=Line       : 3864; reported_source=connFormatAddr(client->conn,addr,addr_len,remote);",debug_location_or_source_attribution_drift_candidate,0.99,0,,/home/jimi/PaperExperiment/CompilerOptimization/Result/redis/phasar/phasar-O2-g/runs/ifds-uninit/redis_O2_g-Wed-Mar-18-09:36:32-2026/psr-report.txt;/home/jimi/PaperExperiment/CompilerOptimization/Result/redis/phasar/phasar-O2-g/log/commands.log;/home/jimi/PaperExperiment/CompilerOptimization/Result/redis/phasar/phasar-O2-g/log/summary.csv,Generated by re-parsing psr-report.txt; source_resolution=result_worktree_to_target; exact source line was revalidated against the resolved source tree.
phasar.redis.O2g.005349,redis,phasar,P0,LineOutOfRange,LocationInvalid,reported,/home/jimi/PaperExperiment/CompilerOptimization/Result/redis/phasar/phasar-O2-g/runs/ifds-uninit/redis_O2_g-Wed-Mar-18-09:36:32-2026,redis_O2_g-Wed-Mar-18-09:36:32-2026,ifds-uninit,/home/jimi/PaperExperiment/CompilerOptimization/Result/redis/phasar/phasar-O2-g/artifacts/redis_O2_g.bc,/home/jimi/PaperExperiment/CompilerOptimization/Result/redis/phasar/phasar-O2-g/artifacts/redis_O2_g.ll,/home/jimi/PaperExperiment/CompilerOptimization/Result/redis/phasar/phasar-O2-g/runs/ifds-uninit/redis_O2_g-Wed-Mar-18-09:36:32-2026/psr-report.txt,75985,CompilerOptimization/Target/redis/src/sds.h,2950,,line_out_of_range,project_header,0,project_header,processInlineBuffer,,75993,"%5 = load ptr, ptr %4, align 8, !dbg !171950, !tbaa !109300, !psr.id !171952 | ID: 73356",,"Phasar IFDS-Uninitialized use; variables=Line       : 2950; reported_source=newline = strchr(c->querybuf+c->qb_pos,'\n');",debug_location_or_source_attribution_drift_candidate,0.99,0,,/home/jimi/PaperExperiment/CompilerOptimization/Result/redis/phasar/phasar-O2-g/runs/ifds-uninit/redis_O2_g-Wed-Mar-18-09:36:32-2026/psr-report.txt;/home/jimi/PaperExperiment/CompilerOptimization/Result/redis/phasar/phasar-O2-g/log/commands.log;/home/jimi/PaperExperiment/CompilerOptimization/Result/redis/phasar/phasar-O2-g/log/summary.csv,Generated by re-parsing psr-report.txt; source_resolution=result_worktree_to_target; exact source line was revalidated against the resolved source tree.
phasar.redis.O2g.005520,redis,phasar,P0,LineOutOfRange,LocationInvalid,reported,/home/jimi/PaperExperiment/CompilerOptimization/Result/redis/phasar/phasar-O2-g/runs/ifds-uninit/redis_O2_g-Wed-Mar-18-09:36:32-2026,redis_O2_g-Wed-Mar-18-09:36:32-2026,ifds-uninit,/home/jimi/PaperExperiment/CompilerOptimization/Result/redis/phasar/phasar-O2-g/artifacts/redis_O2_g.bc,/home/jimi/PaperExperiment/CompilerOptimization/Result/redis/phasar/phasar-O2-g/artifacts/redis_O2_g.ll,/home/jimi/PaperExperiment/CompilerOptimization/Result/redis/phasar/phasar-O2-g/runs/ifds-uninit/redis_O2_g-Wed-Mar-18-09:36:32-2026/psr-report.txt,78347,CompilerOptimization/Target/redis/src/sds.h,576,,line_out_of_range,project_header,0,project_header,addReply,,78355,"%13 = load ptr, ptr %12, align 8, !dbg !175597, !tbaa !61923, !psr.id !175600 | ID: 75311",,"Phasar IFDS-Uninitialized use; variables=Line       : 576; reported_source=_addReplyToBufferOrList(c,obj->ptr,sdslen(obj->ptr));",debug_location_or_source_attribution_drift_candidate,0.99,0,,/home/jimi/PaperExperiment/CompilerOptimization/Result/redis/phasar/phasar-O2-g/runs/ifds-uninit/redis_O2_g-Wed-Mar-18-09:36:32-2026/psr-report.txt;/home/jimi/PaperExperiment/CompilerOptimization/Result/redis/phasar/phasar-O2-g/log/commands.log;/home/jimi/PaperExperiment/CompilerOptimization/Result/redis/phasar/phasar-O2-g/log/summary.csv,Generated by re-parsing psr-report.txt; source_resolution=result_worktree_to_target; exact source line was revalidated against the resolved source tree.
phasar.redis.O2g.005556,redis,phasar,P0,LineOutOfRange,LocationInvalid,reported,/home/jimi/PaperExperiment/CompilerOptimization/Result/redis/phasar/phasar-O2-g/runs/ifds-uninit/redis_O2_g-Wed-Mar-18-09:36:32-2026,redis_O2_g-Wed-Mar-18-09:36:32-2026,ifds-uninit,/home/jimi/PaperExperiment/CompilerOptimization/Result/redis/phasar/phasar-O2-g/artifacts/redis_O2_g.bc,/home/jimi/PaperExperiment/CompilerOptimization/Result/redis/phasar/phasar-O2-g/artifacts/redis_O2_g.ll,/home/jimi/PaperExperiment/CompilerOptimization/Result/redis/phasar/phasar-O2-g/runs/ifds-uninit/redis_O2_g-Wed-Mar-18-09:36:32-2026/psr-report.txt,78817,CompilerOptimization/Target/redis/src/sds.h,1271,,line_out_of_range,project_header,0,project_header,addReplyBulk,,78825,"%16 = load ptr, ptr %15, align 8, !dbg !176201, !tbaa !61923, !psr.id !176203 | ID: 75632",,Phasar IFDS-Uninitialized use; variables=Line       : 1271; reported_source=const size_t len = sdslen(obj->ptr);,debug_location_or_source_attribution_drift_candidate,0.99,0,,/home/jimi/PaperExperiment/CompilerOptimization/Result/redis/phasar/phasar-O2-g/runs/ifds-uninit/redis_O2_g-Wed-Mar-18-09:36:32-2026/psr-report.txt;/home/jimi/PaperExperiment/CompilerOptimization/Result/redis/phasar/phasar-O2-g/log/commands.log;/home/jimi/PaperExperiment/CompilerOptimization/Result/redis/phasar/phasar-O2-g/log/summary.csv,Generated by re-parsing psr-report.txt; source_resolution=result_worktree_to_target; exact source line was revalidated against the resolved source tree.
phasar.redis.O2g.005716,redis,phasar,P0,SourceLineEmptyOrNonCode,LocationInvalid,reported,/home/jimi/PaperExperiment/CompilerOptimization/Result/redis/phasar/phasar-O2-g/runs/ifds-uninit/redis_O2_g-Wed-Mar-18-09:36:32-2026,redis_O2_g-Wed-Mar-18-09:36:32-2026,ifds-uninit,/home/jimi/PaperExperiment/CompilerOptimization/Result/redis/phasar/phasar-O2-g/artifacts/redis_O2_g.bc,/home/jimi/PaperExperiment/CompilerOptimization/Result/redis/phasar/phasar-O2-g/artifacts/redis_O2_g.ll,/home/jimi/PaperExperiment/CompilerOptimization/Result/redis/phasar/phasar-O2-g/runs/ifds-uninit/redis_O2_g-Wed-Mar-18-09:36:32-2026/psr-report.txt,80840,CompilerOptimization/Target/redis/src/server.h,1339,,empty_or_comment_line,project_header,0,project_header,rdbSaveObject,,80849,"%698 = load ptr, ptr %697, align 8, !dbg !245781, !tbaa !195184, !psr.id !245782 | ID: 113475","/* Replication backlog is not a separate memory, it just is one consumer of",Phasar IFDS-Uninitialized use; variables=mv; reported_source=moduleType *mt = mv->type;,debug_location_or_source_attribution_drift_candidate,0.95,0,,/home/jimi/PaperExperiment/CompilerOptimization/Result/redis/phasar/phasar-O2-g/runs/ifds-uninit/redis_O2_g-Wed-Mar-18-09:36:32-2026/psr-report.txt;/home/jimi/PaperExperiment/CompilerOptimization/Result/redis/phasar/phasar-O2-g/log/commands.log;/home/jimi/PaperExperiment/CompilerOptimization/Result/redis/phasar/phasar-O2-g/log/summary.csv,Generated by re-parsing psr-report.txt; source_resolution=result_worktree_to_target; exact source line was revalidated against the resolved source tree.
phasar.redis.O2g.005746,redis,phasar,P0,LineOutOfRange,LocationInvalid,reported,/home/jimi/PaperExperiment/CompilerOptimization/Result/redis/phasar/phasar-O2-g/runs/ifds-uninit/redis_O2_g-Wed-Mar-18-09:36:32-2026,redis_O2_g-Wed-Mar-18-09:36:32-2026,ifds-uninit,/home/jimi/PaperExperiment/CompilerOptimization/Result/redis/phasar/phasar-O2-g/artifacts/redis_O2_g.bc,/home/jimi/PaperExperiment/CompilerOptimization/Result/redis/phasar/phasar-O2-g/artifacts/redis_O2_g.ll,/home/jimi/PaperExperiment/CompilerOptimization/Result/redis/phasar/phasar-O2-g/runs/ifds-uninit/redis_O2_g-Wed-Mar-18-09:36:32-2026/psr-report.txt,81226,CompilerOptimization/Target/redis/src/sds.h,1471,,line_out_of_range,project_header,0,project_header,deferredAfterErrorReply,,81234,"%9 = load ptr, ptr %8, align 8, !dbg !182299, !tbaa !63045, !psr.id !182301 | ID: 78940",,Phasar IFDS-Uninitialized use; variables=Line       : 1471; reported_source=sds err = ln->value;,debug_location_or_source_attribution_drift_candidate,0.99,0,,/home/jimi/PaperExperiment/CompilerOptimization/Result/redis/phasar/phasar-O2-g/runs/ifds-uninit/redis_O2_g-Wed-Mar-18-09:36:32-2026/psr-report.txt;/home/jimi/PaperExperiment/CompilerOptimization/Result/redis/phasar/phasar-O2-g/log/commands.log;/home/jimi/PaperExperiment/CompilerOptimization/Result/redis/phasar/phasar-O2-g/log/summary.csv,Generated by re-parsing psr-report.txt; source_resolution=result_worktree_to_target; exact source line was revalidated against the resolved source tree.
phasar.redis.O2g.005760,redis,phasar,P0,SourceTextMismatch,LocationDrift,reported,/home/jimi/PaperExperiment/CompilerOptimization/Result/redis/phasar/phasar-O2-g/runs/ifds-uninit/redis_O2_g-Wed-Mar-18-09:36:32-2026,redis_O2_g-Wed-Mar-18-09:36:32-2026,ifds-uninit,/home/jimi/PaperExperiment/CompilerOptimization/Result/redis/phasar/phasar-O2-g/artifacts/redis_O2_g.bc,/home/jimi/PaperExperiment/CompilerOptimization/Result/redis/phasar/phasar-O2-g/artifacts/redis_O2_g.ll,/home/jimi/PaperExperiment/CompilerOptimization/Result/redis/phasar/phasar-O2-g/runs/ifds-uninit/redis_O2_g-Wed-Mar-18-09:36:32-2026/psr-report.txt,81414,CompilerOptimization/Target/redis/src/networking.c,360,,valid,project_source,1,not_header,clientAcceptHandler,,81422,"%3 = load ptr, ptr %2, align 8, !dbg !182479, !tbaa !163471, !psr.id !182481 | ID: 79044",},Phasar IFDS-Uninitialized use; variables=Line       : 360; reported_source=return conn->private_data;,debug_location_or_source_attribution_drift_candidate,0.95,0,,/home/jimi/PaperExperiment/CompilerOptimization/Result/redis/phasar/phasar-O2-g/runs/ifds-uninit/redis_O2_g-Wed-Mar-18-09:36:32-2026/psr-report.txt;/home/jimi/PaperExperiment/CompilerOptimization/Result/redis/phasar/phasar-O2-g/log/commands.log;/home/jimi/PaperExperiment/CompilerOptimization/Result/redis/phasar/phasar-O2-g/log/summary.csv,Generated by re-parsing psr-report.txt; source_resolution=result_worktree_to_target; exact source line was revalidated against the resolved source tree.
phasar.redis.O2g.005766,redis,phasar,P0,LineOutOfRange,LocationInvalid,reported,/home/jimi/PaperExperiment/CompilerOptimization/Result/redis/phasar/phasar-O2-g/runs/ifds-uninit/redis_O2_g-Wed-Mar-18-09:36:32-2026,redis_O2_g-Wed-Mar-18-09:36:32-2026,ifds-uninit,/home/jimi/PaperExperiment/CompilerOptimization/Result/redis/phasar/phasar-O2-g/artifacts/redis_O2_g.bc,/home/jimi/PaperExperiment/CompilerOptimization/Result/redis/phasar/phasar-O2-g/artifacts/redis_O2_g.ll,/home/jimi/PaperExperiment/CompilerOptimization/Result/redis/phasar/phasar-O2-g/runs/ifds-uninit/redis_O2_g-Wed-Mar-18-09:36:32-2026/psr-report.txt,81494,CompilerOptimization/Target/redis/src/connection.h,1560,,line_out_of_range,project_header,0,project_header,clientAcceptHandler,,81502,"%37 = load ptr, ptr %36, align 8, !dbg !182562, !tbaa !93110, !psr.id !182565 | ID: 79085",,"Phasar IFDS-Uninitialized use; variables=Line       : 1560; reported_source=if (connWrite(c->conn,err,strlen(err)) == -1) {",debug_location_or_source_attribution_drift_candidate,0.99,0,,/home/jimi/PaperExperiment/CompilerOptimization/Result/redis/phasar/phasar-O2-g/runs/ifds-uninit/redis_O2_g-Wed-Mar-18-09:36:32-2026/psr-report.txt;/home/jimi/PaperExperiment/CompilerOptimization/Result/redis/phasar/phasar-O2-g/log/commands.log;/home/jimi/PaperExperiment/CompilerOptimization/Result/redis/phasar/phasar-O2-g/log/summary.csv,Generated by re-parsing psr-report.txt; source_resolution=result_worktree_to_target; exact source line was revalidated against the resolved source tree.
phasar.redis.O2g.005816,redis,phasar,P0,LineOutOfRange,LocationInvalid,reported,/home/jimi/PaperExperiment/CompilerOptimization/Result/redis/phasar/phasar-O2-g/runs/ifds-uninit/redis_O2_g-Wed-Mar-18-09:36:32-2026,redis_O2_g-Wed-Mar-18-09:36:32-2026,ifds-uninit,/home/jimi/PaperExperiment/CompilerOptimization/Result/redis/phasar/phasar-O2-g/artifacts/redis_O2_g.bc,/home/jimi/PaperExperiment/CompilerOptimization/Result/redis/phasar/phasar-O2-g/artifacts/redis_O2_g.ll,/home/jimi/PaperExperiment/CompilerOptimization/Result/redis/phasar/phasar-O2-g/runs/ifds-uninit/redis_O2_g-Wed-Mar-18-09:36:32-2026/psr-report.txt,82180,CompilerOptimization/Target/redis/src/connection.h,2918,,line_out_of_range,project_header,0,project_header,protectClient,,82189,"%6 = load ptr, ptr %5, align 8, !dbg !184358, !tbaa !93110, !psr.id !184361 | ID: 80114",,Phasar IFDS-Uninitialized use; variables=conn; reported_source=if (c->conn && c->tid == IOTHREAD_MAIN_THREAD_ID) {,debug_location_or_source_attribution_drift_candidate,0.99,0,,/home/jimi/PaperExperiment/CompilerOptimization/Result/redis/phasar/phasar-O2-g/runs/ifds-uninit/redis_O2_g-Wed-Mar-18-09:36:32-2026/psr-report.txt;/home/jimi/PaperExperiment/CompilerOptimization/Result/redis/phasar/phasar-O2-g/log/commands.log;/home/jimi/PaperExperiment/CompilerOptimization/Result/redis/phasar/phasar-O2-g/log/summary.csv,Generated by re-parsing psr-report.txt; source_resolution=result_worktree_to_target; exact source line was revalidated against the resolved source tree.
phasar.redis.O2g.005818,redis,phasar,P0,LineOutOfRange,LocationInvalid,reported,/home/jimi/PaperExperiment/CompilerOptimization/Result/redis/phasar/phasar-O2-g/runs/ifds-uninit/redis_O2_g-Wed-Mar-18-09:36:32-2026,redis_O2_g-Wed-Mar-18-09:36:32-2026,ifds-uninit,/home/jimi/PaperExperiment/CompilerOptimization/Result/redis/phasar/phasar-O2-g/artifacts/redis_O2_g.bc,/home/jimi/PaperExperiment/CompilerOptimization/Result/redis/phasar/phasar-O2-g/artifacts/redis_O2_g.ll,/home/jimi/PaperExperiment/CompilerOptimization/Result/redis/phasar/phasar-O2-g/runs/ifds-uninit/redis_O2_g-Wed-Mar-18-09:36:32-2026/psr-report.txt,82216,CompilerOptimization/Target/redis/src/connection.h,2920,,line_out_of_range,project_header,0,project_header,protectClient,,82224,"%17 = load ptr, ptr %5, align 8, !dbg !184385, !tbaa !93110, !psr.id !184386 | ID: 80127",,"Phasar IFDS-Uninitialized use; variables=Line       : 2920; reported_source=connSetWriteHandler(c->conn,NULL);",debug_location_or_source_attribution_drift_candidate,0.99,0,,/home/jimi/PaperExperiment/CompilerOptimization/Result/redis/phasar/phasar-O2-g/runs/ifds-uninit/redis_O2_g-Wed-Mar-18-09:36:32-2026/psr-report.txt;/home/jimi/PaperExperiment/CompilerOptimization/Result/redis/phasar/phasar-O2-g/log/commands.log;/home/jimi/PaperExperiment/CompilerOptimization/Result/redis/phasar/phasar-O2-g/log/summary.csv,Generated by re-parsing psr-report.txt; source_resolution=result_worktree_to_target; exact source line was revalidated against the resolved source tree.
phasar.redis.O2g.005822,redis,phasar,P0,LineOutOfRange,LocationInvalid,reported,/home/jimi/PaperExperiment/CompilerOptimization/Result/redis/phasar/phasar-O2-g/runs/ifds-uninit/redis_O2_g-Wed-Mar-18-09:36:32-2026,redis_O2_g-Wed-Mar-18-09:36:32-2026,ifds-uninit,/home/jimi/PaperExperiment/CompilerOptimization/Result/redis/phasar/phasar-O2-g/artifacts/redis_O2_g.bc,/home/jimi/PaperExperiment/CompilerOptimization/Result/redis/phasar/phasar-O2-g/artifacts/redis_O2_g.ll,/home/jimi/PaperExperiment/CompilerOptimization/Result/redis/phasar/phasar-O2-g/runs/ifds-uninit/redis_O2_g-Wed-Mar-18-09:36:32-2026/psr-report.txt,82269,CompilerOptimization/Target/redis/src/connection.h,2928,,line_out_of_range,project_header,0,project_header,unprotectClient,,82278,"%9 = load ptr, ptr %8, align 8, !dbg !184420, !tbaa !93110, !psr.id !184423 | ID: 80145",,Phasar IFDS-Uninitialized use; variables=conn; reported_source=if (c->conn) {,debug_location_or_source_attribution_drift_candidate,0.99,0,,/home/jimi/PaperExperiment/CompilerOptimization/Result/redis/phasar/phasar-O2-g/runs/ifds-uninit/redis_O2_g-Wed-Mar-18-09:36:32-2026/psr-report.txt;/home/jimi/PaperExperiment/CompilerOptimization/Result/redis/phasar/phasar-O2-g/log/commands.log;/home/jimi/PaperExperiment/CompilerOptimization/Result/redis/phasar/phasar-O2-g/log/summary.csv,Generated by re-parsing psr-report.txt; source_resolution=result_worktree_to_target; exact source line was revalidated against the resolved source tree.
phasar.redis.O2g.005838,redis,phasar,P0,LineOutOfRange,LocationInvalid,reported,/home/jimi/PaperExperiment/CompilerOptimization/Result/redis/phasar/phasar-O2-g/runs/ifds-uninit/redis_O2_g-Wed-Mar-18-09:36:32-2026,redis_O2_g-Wed-Mar-18-09:36:32-2026,ifds-uninit,/home/jimi/PaperExperiment/CompilerOptimization/Result/redis/phasar/phasar-O2-g/artifacts/redis_O2_g.bc,/home/jimi/PaperExperiment/CompilerOptimization/Result/redis/phasar/phasar-O2-g/artifacts/redis_O2_g.ll,/home/jimi/PaperExperiment/CompilerOptimization/Result/redis/phasar/phasar-O2-g/runs/ifds-uninit/redis_O2_g-Wed-Mar-18-09:36:32-2026/psr-report.txt,82497,CompilerOptimization/Target/redis/src/sds.h,4107,,line_out_of_range,project_header,0,project_header,clientSetinfoCommand,,82505,"%11 = load ptr, ptr %10, align 8, !dbg !185046, !tbaa !61923, !psr.id !185048 | ID: 80505",,Phasar IFDS-Uninitialized use; variables=Line       : 4107; reported_source=sds val = valob->ptr;,debug_location_or_source_attribution_drift_candidate,0.99,0,,/home/jimi/PaperExperiment/CompilerOptimization/Result/redis/phasar/phasar-O2-g/runs/ifds-uninit/redis_O2_g-Wed-Mar-18-09:36:32-2026/psr-report.txt;/home/jimi/PaperExperiment/CompilerOptimization/Result/redis/phasar/phasar-O2-g/log/commands.log;/home/jimi/PaperExperiment/CompilerOptimization/Result/redis/phasar/phasar-O2-g/log/summary.csv,Generated by re-parsing psr-report.txt; source_resolution=result_worktree_to_target; exact source line was revalidated against the resolved source tree.
phasar.redis.O2g.005916,redis,phasar,P0,LineOutOfRange,LocationInvalid,reported,/home/jimi/PaperExperiment/CompilerOptimization/Result/redis/phasar/phasar-O2-g/runs/ifds-uninit/redis_O2_g-Wed-Mar-18-09:36:32-2026,redis_O2_g-Wed-Mar-18-09:36:32-2026,ifds-uninit,/home/jimi/PaperExperiment/CompilerOptimization/Result/redis/phasar/phasar-O2-g/artifacts/redis_O2_g.bc,/home/jimi/PaperExperiment/CompilerOptimization/Result/redis/phasar/phasar-O2-g/artifacts/redis_O2_g.ll,/home/jimi/PaperExperiment/CompilerOptimization/Result/redis/phasar/phasar-O2-g/runs/ifds-uninit/redis_O2_g-Wed-Mar-18-09:36:32-2026/psr-report.txt,83539,CompilerOptimization/Target/redis/src/connection.h,4833,,line_out_of_range,project_header,0,project_header,securityWarningCommand,,83547,"%11 = load ptr, ptr %10, align 8, !dbg !186437, !tbaa !93110, !psr.id !186440 | ID: 81290",,"Phasar IFDS-Uninitialized use; variables=Line       : 4833; reported_source=if (connAddrPeerName(c->conn, ip, sizeof(ip), &port) == -1) {",debug_location_or_source_attribution_drift_candidate,0.99,0,,/home/jimi/PaperExperiment/CompilerOptimization/Result/redis/phasar/phasar-O2-g/runs/ifds-uninit/redis_O2_g-Wed-Mar-18-09:36:32-2026/psr-report.txt;/home/jimi/PaperExperiment/CompilerOptimization/Result/redis/phasar/phasar-O2-g/log/commands.log;/home/jimi/PaperExperiment/CompilerOptimization/Result/redis/phasar/phasar-O2-g/log/summary.csv,Generated by re-parsing psr-report.txt; source_resolution=result_worktree_to_target; exact source line was revalidated against the resolved source tree.
phasar.redis.O2g.006344,redis,phasar,P0,LineOutOfRange,LocationInvalid,reported,/home/jimi/PaperExperiment/CompilerOptimization/Result/redis/phasar/phasar-O2-g/runs/ifds-uninit/redis_O2_g-Wed-Mar-18-09:36:32-2026,redis_O2_g-Wed-Mar-18-09:36:32-2026,ifds-uninit,/home/jimi/PaperExperiment/CompilerOptimization/Result/redis/phasar/phasar-O2-g/artifacts/redis_O2_g.bc,/home/jimi/PaperExperiment/CompilerOptimization/Result/redis/phasar/phasar-O2-g/artifacts/redis_O2_g.ll,/home/jimi/PaperExperiment/CompilerOptimization/Result/redis/phasar/phasar-O2-g/runs/ifds-uninit/redis_O2_g-Wed-Mar-18-09:36:32-2026/psr-report.txt,89624,CompilerOptimization/Target/redis/src/sds.h,849,,line_out_of_range,project_header,0,project_header,trimStringObjectIfNeeded,,89632,"%8 = load ptr, ptr %7, align 8, !dbg !197983, !tbaa !61923, !psr.id !197985 | ID: 87058",,Phasar IFDS-Uninitialized use; variables=Line       : 849; reported_source=size_t len = sdslen(o->ptr);,debug_location_or_source_attribution_drift_candidate,0.99,0,,/home/jimi/PaperExperiment/CompilerOptimization/Result/redis/phasar/phasar-O2-g/runs/ifds-uninit/redis_O2_g-Wed-Mar-18-09:36:32-2026/psr-report.txt;/home/jimi/PaperExperiment/CompilerOptimization/Result/redis/phasar/phasar-O2-g/log/commands.log;/home/jimi/PaperExperiment/CompilerOptimization/Result/redis/phasar/phasar-O2-g/log/summary.csv,Generated by re-parsing psr-report.txt; source_resolution=result_worktree_to_target; exact source line was revalidated against the resolved source tree.
phasar.redis.O2g.006391,redis,phasar,P0,LineOutOfRange,LocationInvalid,reported,/home/jimi/PaperExperiment/CompilerOptimization/Result/redis/phasar/phasar-O2-g/runs/ifds-uninit/redis_O2_g-Wed-Mar-18-09:36:32-2026,redis_O2_g-Wed-Mar-18-09:36:32-2026,ifds-uninit,/home/jimi/PaperExperiment/CompilerOptimization/Result/redis/phasar/phasar-O2-g/artifacts/redis_O2_g.bc,/home/jimi/PaperExperiment/CompilerOptimization/Result/redis/phasar/phasar-O2-g/artifacts/redis_O2_g.ll,/home/jimi/PaperExperiment/CompilerOptimization/Result/redis/phasar/phasar-O2-g/runs/ifds-uninit/redis_O2_g-Wed-Mar-18-09:36:32-2026/psr-report.txt,90270,CompilerOptimization/Target/redis/src/sds.h,1032,,line_out_of_range,project_header,0,project_header,stringObjectLen,,90278,"%12 = load ptr, ptr %11, align 8, !dbg !198542, !tbaa !61923, !psr.id !198545 | ID: 87355",,Phasar IFDS-Uninitialized use; variables=Line       : 1032; reported_source=return sdslen(o->ptr);,debug_location_or_source_attribution_drift_candidate,0.99,0,,/home/jimi/PaperExperiment/CompilerOptimization/Result/redis/phasar/phasar-O2-g/runs/ifds-uninit/redis_O2_g-Wed-Mar-18-09:36:32-2026/psr-report.txt;/home/jimi/PaperExperiment/CompilerOptimization/Result/redis/phasar/phasar-O2-g/log/commands.log;/home/jimi/PaperExperiment/CompilerOptimization/Result/redis/phasar/phasar-O2-g/log/summary.csv,Generated by re-parsing psr-report.txt; source_resolution=result_worktree_to_target; exact source line was revalidated against the resolved source tree.
phasar.redis.O2g.006410,redis,phasar,P0,LineOutOfRange,LocationInvalid,reported,/home/jimi/PaperExperiment/CompilerOptimization/Result/redis/phasar/phasar-O2-g/runs/ifds-uninit/redis_O2_g-Wed-Mar-18-09:36:32-2026,redis_O2_g-Wed-Mar-18-09:36:32-2026,ifds-uninit,/home/jimi/PaperExperiment/CompilerOptimization/Result/redis/phasar/phasar-O2-g/artifacts/redis_O2_g.bc,/home/jimi/PaperExperiment/CompilerOptimization/Result/redis/phasar/phasar-O2-g/artifacts/redis_O2_g.ll,/home/jimi/PaperExperiment/CompilerOptimization/Result/redis/phasar/phasar-O2-g/runs/ifds-uninit/redis_O2_g-Wed-Mar-18-09:36:32-2026/psr-report.txt,90543,CompilerOptimization/Target/redis/src/sds.h,974,,line_out_of_range,project_header,0,project_header,compareStringObjectsWithFlags,,90551,"%22 = load ptr, ptr %21, align 8, !dbg !198807, !tbaa !61923, !psr.id !198810 | ID: 87500",,Phasar IFDS-Uninitialized use; variables=Line       : 974; reported_source=astr = a->ptr;,debug_location_or_source_attribution_drift_candidate,0.99,0,,/home/jimi/PaperExperiment/CompilerOptimization/Result/redis/phasar/phasar-O2-g/runs/ifds-uninit/redis_O2_g-Wed-Mar-18-09:36:32-2026/psr-report.txt;/home/jimi/PaperExperiment/CompilerOptimization/Result/redis/phasar/phasar-O2-g/log/commands.log;/home/jimi/PaperExperiment/CompilerOptimization/Result/redis/phasar/phasar-O2-g/log/summary.csv,Generated by re-parsing psr-report.txt; source_resolution=result_worktree_to_target; exact source line was revalidated against the resolved source tree.
phasar.redis.O2g.006420,redis,phasar,P0,LineOutOfRange,LocationInvalid,reported,/home/jimi/PaperExperiment/CompilerOptimization/Result/redis/phasar/phasar-O2-g/runs/ifds-uninit/redis_O2_g-Wed-Mar-18-09:36:32-2026,redis_O2_g-Wed-Mar-18-09:36:32-2026,ifds-uninit,/home/jimi/PaperExperiment/CompilerOptimization/Result/redis/phasar/phasar-O2-g/artifacts/redis_O2_g.bc,/home/jimi/PaperExperiment/CompilerOptimization/Result/redis/phasar/phasar-O2-g/artifacts/redis_O2_g.ll,/home/jimi/PaperExperiment/CompilerOptimization/Result/redis/phasar/phasar-O2-g/runs/ifds-uninit/redis_O2_g-Wed-Mar-18-09:36:32-2026/psr-report.txt,90670,CompilerOptimization/Target/redis/src/sds.h,981,,line_out_of_range,project_header,0,project_header,compareStringObjectsWithFlags,,90678,"%60 = load ptr, ptr %59, align 8, !dbg !198883, !tbaa !61923, !psr.id !198886 | ID: 87546",,Phasar IFDS-Uninitialized use; variables=Line       : 981; reported_source=bstr = b->ptr;,debug_location_or_source_attribution_drift_candidate,0.99,0,,/home/jimi/PaperExperiment/CompilerOptimization/Result/redis/phasar/phasar-O2-g/runs/ifds-uninit/redis_O2_g-Wed-Mar-18-09:36:32-2026/psr-report.txt;/home/jimi/PaperExperiment/CompilerOptimization/Result/redis/phasar/phasar-O2-g/log/commands.log;/home/jimi/PaperExperiment/CompilerOptimization/Result/redis/phasar/phasar-O2-g/log/summary.csv,Generated by re-parsing psr-report.txt; source_resolution=result_worktree_to_target; exact source line was revalidated against the resolved source tree.
phasar.redis.O2g.006436,redis,phasar,P0,LineOutOfRange,LocationInvalid,reported,/home/jimi/PaperExperiment/CompilerOptimization/Result/redis/phasar/phasar-O2-g/runs/ifds-uninit/redis_O2_g-Wed-Mar-18-09:36:32-2026,redis_O2_g-Wed-Mar-18-09:36:32-2026,ifds-uninit,/home/jimi/PaperExperiment/CompilerOptimization/Result/redis/phasar/phasar-O2-g/artifacts/redis_O2_g.bc,/home/jimi/PaperExperiment/CompilerOptimization/Result/redis/phasar/phasar-O2-g/artifacts/redis_O2_g.ll,/home/jimi/PaperExperiment/CompilerOptimization/Result/redis/phasar/phasar-O2-g/runs/ifds-uninit/redis_O2_g-Wed-Mar-18-09:36:32-2026/psr-report.txt,90891,CompilerOptimization/Target/redis/src/sds.h,1021,,line_out_of_range,project_header,0,project_header,equalStringObjects,,90899,"%27 = load ptr, ptr %26, align 8, !dbg !199054, !tbaa !61923, !psr.id !199056 | ID: 87637",,Phasar IFDS-Uninitialized use; variables=Line       : 1021; reported_source=&& sdslen(a->ptr) != sdslen(b->ptr)),debug_location_or_source_attribution_drift_candidate,0.99,0,,/home/jimi/PaperExperiment/CompilerOptimization/Result/redis/phasar/phasar-O2-g/runs/ifds-uninit/redis_O2_g-Wed-Mar-18-09:36:32-2026/psr-report.txt;/home/jimi/PaperExperiment/CompilerOptimization/Result/redis/phasar/phasar-O2-g/log/commands.log;/home/jimi/PaperExperiment/CompilerOptimization/Result/redis/phasar/phasar-O2-g/log/summary.csv,Generated by re-parsing psr-report.txt; source_resolution=result_worktree_to_target; exact source line was revalidated against the resolved source tree.
phasar.redis.O2g.006444,redis,phasar,P0,LineOutOfRange,LocationInvalid,reported,/home/jimi/PaperExperiment/CompilerOptimization/Result/redis/phasar/phasar-O2-g/runs/ifds-uninit/redis_O2_g-Wed-Mar-18-09:36:32-2026,redis_O2_g-Wed-Mar-18-09:36:32-2026,ifds-uninit,/home/jimi/PaperExperiment/CompilerOptimization/Result/redis/phasar/phasar-O2-g/artifacts/redis_O2_g.bc,/home/jimi/PaperExperiment/CompilerOptimization/Result/redis/phasar/phasar-O2-g/artifacts/redis_O2_g.ll,/home/jimi/PaperExperiment/CompilerOptimization/Result/redis/phasar/phasar-O2-g/runs/ifds-uninit/redis_O2_g-Wed-Mar-18-09:36:32-2026/psr-report.txt,90986,CompilerOptimization/Target/redis/src/sds.h,1021,,line_out_of_range,project_header,0,project_header,equalStringObjects,,90994,"%52 = load ptr, ptr %51, align 8, !dbg !199104, !tbaa !61923, !psr.id !199106 | ID: 87665",,Phasar IFDS-Uninitialized use; variables=Line       : 1021; reported_source=&& sdslen(a->ptr) != sdslen(b->ptr)),debug_location_or_source_attribution_drift_candidate,0.99,0,,/home/jimi/PaperExperiment/CompilerOptimization/Result/redis/phasar/phasar-O2-g/runs/ifds-uninit/redis_O2_g-Wed-Mar-18-09:36:32-2026/psr-report.txt;/home/jimi/PaperExperiment/CompilerOptimization/Result/redis/phasar/phasar-O2-g/log/commands.log;/home/jimi/PaperExperiment/CompilerOptimization/Result/redis/phasar/phasar-O2-g/log/summary.csv,Generated by re-parsing psr-report.txt; source_resolution=result_worktree_to_target; exact source line was revalidated against the resolved source tree.
phasar.redis.O2g.006457,redis,phasar,P0,LineOutOfRange,LocationInvalid,reported,/home/jimi/PaperExperiment/CompilerOptimization/Result/redis/phasar/phasar-O2-g/runs/ifds-uninit/redis_O2_g-Wed-Mar-18-09:36:32-2026,redis_O2_g-Wed-Mar-18-09:36:32-2026,ifds-uninit,/home/jimi/PaperExperiment/CompilerOptimization/Result/redis/phasar/phasar-O2-g/artifacts/redis_O2_g.bc,/home/jimi/PaperExperiment/CompilerOptimization/Result/redis/phasar/phasar-O2-g/artifacts/redis_O2_g.ll,/home/jimi/PaperExperiment/CompilerOptimization/Result/redis/phasar/phasar-O2-g/runs/ifds-uninit/redis_O2_g-Wed-Mar-18-09:36:32-2026/psr-report.txt,91150,CompilerOptimization/Target/redis/src/sds.h,1044,,line_out_of_range,project_header,0,project_header,stringObjectAllocSize,,91158,"%12 = load ptr, ptr %11, align 8, !dbg !199195, !tbaa !61923, !psr.id !199199 | ID: 87715",,Phasar IFDS-Uninitialized use; variables=Line       : 1044; reported_source=return sdsAllocSize(o->ptr);,debug_location_or_source_attribution_drift_candidate,0.99,0,,/home/jimi/PaperExperiment/CompilerOptimization/Result/redis/phasar/phasar-O2-g/runs/ifds-uninit/redis_O2_g-Wed-Mar-18-09:36:32-2026/psr-report.txt;/home/jimi/PaperExperiment/CompilerOptimization/Result/redis/phasar/phasar-O2-g/log/commands.log;/home/jimi/PaperExperiment/CompilerOptimization/Result/redis/phasar/phasar-O2-g/log/summary.csv,Generated by re-parsing psr-report.txt; source_resolution=result_worktree_to_target; exact source line was revalidated against the resolved source tree.
phasar.redis.O2g.006469,redis,phasar,P0,LineOutOfRange,LocationInvalid,reported,/home/jimi/PaperExperiment/CompilerOptimization/Result/redis/phasar/phasar-O2-g/runs/ifds-uninit/redis_O2_g-Wed-Mar-18-09:36:32-2026,redis_O2_g-Wed-Mar-18-09:36:32-2026,ifds-uninit,/home/jimi/PaperExperiment/CompilerOptimization/Result/redis/phasar/phasar-O2-g/artifacts/redis_O2_g.bc,/home/jimi/PaperExperiment/CompilerOptimization/Result/redis/phasar/phasar-O2-g/artifacts/redis_O2_g.ll,/home/jimi/PaperExperiment/CompilerOptimization/Result/redis/phasar/phasar-O2-g/runs/ifds-uninit/redis_O2_g-Wed-Mar-18-09:36:32-2026/psr-report.txt,91315,CompilerOptimization/Target/redis/src/sds.h,1061,,line_out_of_range,project_header,0,project_header,getDoubleFromObject,,91323,"%16 = load ptr, ptr %15, align 8, !dbg !199297, !tbaa !61923, !psr.id !199301 | ID: 87769",,"Phasar IFDS-Uninitialized use; variables=Line       : 1061; reported_source=if (!string2d(o->ptr, sdslen(o->ptr), &value))",debug_location_or_source_attribution_drift_candidate,0.99,0,,/home/jimi/PaperExperiment/CompilerOptimization/Result/redis/phasar/phasar-O2-g/runs/ifds-uninit/redis_O2_g-Wed-Mar-18-09:36:32-2026/psr-report.txt;/home/jimi/PaperExperiment/CompilerOptimization/Result/redis/phasar/phasar-O2-g/log/commands.log;/home/jimi/PaperExperiment/CompilerOptimization/Result/redis/phasar/phasar-O2-g/log/summary.csv,Generated by re-parsing psr-report.txt; source_resolution=result_worktree_to_target; exact source line was revalidated against the resolved source tree.
phasar.redis.O2g.006482,redis,phasar,P0,LineOutOfRange,LocationInvalid,reported,/home/jimi/PaperExperiment/CompilerOptimization/Result/redis/phasar/phasar-O2-g/runs/ifds-uninit/redis_O2_g-Wed-Mar-18-09:36:32-2026,redis_O2_g-Wed-Mar-18-09:36:32-2026,ifds-uninit,/home/jimi/PaperExperiment/CompilerOptimization/Result/redis/phasar/phasar-O2-g/artifacts/redis_O2_g.bc,/home/jimi/PaperExperiment/CompilerOptimization/Result/redis/phasar/phasar-O2-g/artifacts/redis_O2_g.ll,/home/jimi/PaperExperiment/CompilerOptimization/Result/redis/phasar/phasar-O2-g/runs/ifds-uninit/redis_O2_g-Wed-Mar-18-09:36:32-2026/psr-report.txt,91484,CompilerOptimization/Target/redis/src/sds.h,1095,,line_out_of_range,project_header,0,project_header,getLongDoubleFromObject,,91492,"%16 = load ptr, ptr %15, align 8, !dbg !199467, !tbaa !61923, !psr.id !199471 | ID: 87859",,"Phasar IFDS-Uninitialized use; variables=Line       : 1095; reported_source=if (!string2ld(o->ptr, sdslen(o->ptr), &value))",debug_location_or_source_attribution_drift_candidate,0.99,0,,/home/jimi/PaperExperiment/CompilerOptimization/Result/redis/phasar/phasar-O2-g/runs/ifds-uninit/redis_O2_g-Wed-Mar-18-09:36:32-2026/psr-report.txt;/home/jimi/PaperExperiment/CompilerOptimization/Result/redis/phasar/phasar-O2-g/log/commands.log;/home/jimi/PaperExperiment/CompilerOptimization/Result/redis/phasar/phasar-O2-g/log/summary.csv,Generated by re-parsing psr-report.txt; source_resolution=result_worktree_to_target; exact source line was revalidated against the resolved source tree.
phasar.redis.O2g.006495,redis,phasar,P0,LineOutOfRange,LocationInvalid,reported,/home/jimi/PaperExperiment/CompilerOptimization/Result/redis/phasar/phasar-O2-g/runs/ifds-uninit/redis_O2_g-Wed-Mar-18-09:36:32-2026,redis_O2_g-Wed-Mar-18-09:36:32-2026,ifds-uninit,/home/jimi/PaperExperiment/CompilerOptimization/Result/redis/phasar/phasar-O2-g/artifacts/redis_O2_g.bc,/home/jimi/PaperExperiment/CompilerOptimization/Result/redis/phasar/phasar-O2-g/artifacts/redis_O2_g.ll,/home/jimi/PaperExperiment/CompilerOptimization/Result/redis/phasar/phasar-O2-g/runs/ifds-uninit/redis_O2_g-Wed-Mar-18-09:36:32-2026/psr-report.txt,91653,CompilerOptimization/Target/redis/src/sds.h,1129,,line_out_of_range,project_header,0,project_header,getLongLongFromObject,,91661,"%17 = load ptr, ptr %16, align 8, !dbg !199641, !tbaa !61923, !psr.id !199645 | ID: 87952",,"Phasar IFDS-Uninitialized use; variables=Line       : 1129; reported_source=if (string2ll(o->ptr,sdslen(o->ptr),&value) == 0) return C_ERR;",debug_location_or_source_attribution_drift_candidate,0.99,0,,/home/jimi/PaperExperiment/CompilerOptimization/Result/redis/phasar/phasar-O2-g/runs/ifds-uninit/redis_O2_g-Wed-Mar-18-09:36:32-2026/psr-report.txt;/home/jimi/PaperExperiment/CompilerOptimization/Result/redis/phasar/phasar-O2-g/log/commands.log;/home/jimi/PaperExperiment/CompilerOptimization/Result/redis/phasar/phasar-O2-g/log/summary.csv,Generated by re-parsing psr-report.txt; source_resolution=result_worktree_to_target; exact source line was revalidated against the resolved source tree.
phasar.redis.O2g.006653,redis,phasar,P0,SourceTextMismatch,LocationDrift,reported,/home/jimi/PaperExperiment/CompilerOptimization/Result/redis/phasar/phasar-O2-g/runs/ifds-uninit/redis_O2_g-Wed-Mar-18-09:36:32-2026,redis_O2_g-Wed-Mar-18-09:36:32-2026,ifds-uninit,/home/jimi/PaperExperiment/CompilerOptimization/Result/redis/phasar/phasar-O2-g/artifacts/redis_O2_g.bc,/home/jimi/PaperExperiment/CompilerOptimization/Result/redis/phasar/phasar-O2-g/artifacts/redis_O2_g.ll,/home/jimi/PaperExperiment/CompilerOptimization/Result/redis/phasar/phasar-O2-g/runs/ifds-uninit/redis_O2_g-Wed-Mar-18-09:36:32-2026/psr-report.txt,93927,CompilerOptimization/Target/redis/src/server.h,2985,,valid,project_header,0,project_header,lookupKey,,93936,"%20 = load ptr, ptr %10, align 8, !dbg !203683, !tbaa !61455, !psr.id !203684 | ID: 90193",extern dictType externalStringType;,Phasar IFDS-Uninitialized use; variables=link; reported_source=return dictGetKV(*link);,debug_location_or_source_attribution_drift_candidate,0.95,0,,/home/jimi/PaperExperiment/CompilerOptimization/Result/redis/phasar/phasar-O2-g/runs/ifds-uninit/redis_O2_g-Wed-Mar-18-09:36:32-2026/psr-report.txt;/home/jimi/PaperExperiment/CompilerOptimization/Result/redis/phasar/phasar-O2-g/log/commands.log;/home/jimi/PaperExperiment/CompilerOptimization/Result/redis/phasar/phasar-O2-g/log/summary.csv,Generated by re-parsing psr-report.txt; source_resolution=result_worktree_to_target; exact source line was revalidated against the resolved source tree.
phasar.redis.O2g.006686,redis,phasar,P0,LineOutOfRange,LocationInvalid,reported,/home/jimi/PaperExperiment/CompilerOptimization/Result/redis/phasar/phasar-O2-g/runs/ifds-uninit/redis_O2_g-Wed-Mar-18-09:36:32-2026,redis_O2_g-Wed-Mar-18-09:36:32-2026,ifds-uninit,/home/jimi/PaperExperiment/CompilerOptimization/Result/redis/phasar/phasar-O2-g/artifacts/redis_O2_g.bc,/home/jimi/PaperExperiment/CompilerOptimization/Result/redis/phasar/phasar-O2-g/artifacts/redis_O2_g.ll,/home/jimi/PaperExperiment/CompilerOptimization/Result/redis/phasar/phasar-O2-g/runs/ifds-uninit/redis_O2_g-Wed-Mar-18-09:36:32-2026/psr-report.txt,94365,CompilerOptimization/Target/redis/src/sds.h,2701,,line_out_of_range,project_header,0,project_header,deleteKeyAndPropagate,,94373,"%18 = load ptr, ptr %17, align 8, !dbg !204400, !tbaa !61923, !psr.id !204404 | ID: 90569",,"Phasar IFDS-Uninitialized use; variables=Line       : 2701; reported_source=keyobj = createStringObject(keyobj->ptr, sdslen(keyobj->ptr));",debug_location_or_source_attribution_drift_candidate,0.99,0,,/home/jimi/PaperExperiment/CompilerOptimization/Result/redis/phasar/phasar-O2-g/runs/ifds-uninit/redis_O2_g-Wed-Mar-18-09:36:32-2026/psr-report.txt;/home/jimi/PaperExperiment/CompilerOptimization/Result/redis/phasar/phasar-O2-g/log/commands.log;/home/jimi/PaperExperiment/CompilerOptimization/Result/redis/phasar/phasar-O2-g/log/summary.csv,Generated by re-parsing psr-report.txt; source_resolution=result_worktree_to_target; exact source line was revalidated against the resolved source tree.
phasar.redis.O2g.006693,redis,phasar,P0,SourceTextMismatch,LocationDrift,reported,/home/jimi/PaperExperiment/CompilerOptimization/Result/redis/phasar/phasar-O2-g/runs/ifds-uninit/redis_O2_g-Wed-Mar-18-09:36:32-2026,redis_O2_g-Wed-Mar-18-09:36:32-2026,ifds-uninit,/home/jimi/PaperExperiment/CompilerOptimization/Result/redis/phasar/phasar-O2-g/artifacts/redis_O2_g.bc,/home/jimi/PaperExperiment/CompilerOptimization/Result/redis/phasar/phasar-O2-g/artifacts/redis_O2_g.ll,/home/jimi/PaperExperiment/CompilerOptimization/Result/redis/phasar/phasar-O2-g/runs/ifds-uninit/redis_O2_g-Wed-Mar-18-09:36:32-2026/psr-report.txt,94443,CompilerOptimization/Target/redis/src/server.h,2704,,valid,project_header,0,project_header,deleteKeyAndPropagate,,94451,"%49 = load ptr, ptr %48, align 8, !dbg !204464, !tbaa !61923, !psr.id !204467 | ID: 90605",            struct jsonObject **objects;,"Phasar IFDS-Uninitialized use; variables=Line       : 2704; reported_source=serverLog(LL_DEBUG,""key %s %s: deleting it"", redactLogCstr((char*)keyobj->ptr), notify_type == NOTIFY_EXPIRED ? ""expired"" : ""evicted"");",debug_location_or_source_attribution_drift_candidate,0.95,0,,/home/jimi/PaperExperiment/CompilerOptimization/Result/redis/phasar/phasar-O2-g/runs/ifds-uninit/redis_O2_g-Wed-Mar-18-09:36:32-2026/psr-report.txt;/home/jimi/PaperExperiment/CompilerOptimization/Result/redis/phasar/phasar-O2-g/log/commands.log;/home/jimi/PaperExperiment/CompilerOptimization/Result/redis/phasar/phasar-O2-g/log/summary.csv,Generated by re-parsing psr-report.txt; source_resolution=result_worktree_to_target; exact source line was revalidated against the resolved source tree.
phasar.redis.O2g.006711,redis,phasar,P0,SourceLineEmptyOrNonCode,LocationInvalid,reported,/home/jimi/PaperExperiment/CompilerOptimization/Result/redis/phasar/phasar-O2-g/runs/ifds-uninit/redis_O2_g-Wed-Mar-18-09:36:32-2026,redis_O2_g-Wed-Mar-18-09:36:32-2026,ifds-uninit,/home/jimi/PaperExperiment/CompilerOptimization/Result/redis/phasar/phasar-O2-g/artifacts/redis_O2_g.bc,/home/jimi/PaperExperiment/CompilerOptimization/Result/redis/phasar/phasar-O2-g/artifacts/redis_O2_g.ll,/home/jimi/PaperExperiment/CompilerOptimization/Result/redis/phasar/phasar-O2-g/runs/ifds-uninit/redis_O2_g-Wed-Mar-18-09:36:32-2026/psr-report.txt,94667,CompilerOptimization/Target/redis/src/server.h,843,,preprocessor_only,project_header,0,project_header,dbGenericDelete,,94676,"%15 = load ptr, ptr %12, align 8, !dbg !204741, !tbaa !61455, !psr.id !204742 | ID: 90741",#define OBJ_TYPE_BASIC_MAX 5 /* Max number of basic object types. */,Phasar IFDS-Uninitialized use; variables=link; reported_source=kvobj *kv = dictGetKV(*link);,debug_location_or_source_attribution_drift_candidate,0.95,0,,/home/jimi/PaperExperiment/CompilerOptimization/Result/redis/phasar/phasar-O2-g/runs/ifds-uninit/redis_O2_g-Wed-Mar-18-09:36:32-2026/psr-report.txt;/home/jimi/PaperExperiment/CompilerOptimization/Result/redis/phasar/phasar-O2-g/log/commands.log;/home/jimi/PaperExperiment/CompilerOptimization/Result/redis/phasar/phasar-O2-g/log/summary.csv,Generated by re-parsing psr-report.txt; source_resolution=result_worktree_to_target; exact source line was revalidated against the resolved source tree.
phasar.redis.O2g.006717,redis,phasar,P0,SourceLineEmptyOrNonCode,LocationInvalid,reported,/home/jimi/PaperExperiment/CompilerOptimization/Result/redis/phasar/phasar-O2-g/runs/ifds-uninit/redis_O2_g-Wed-Mar-18-09:36:32-2026,redis_O2_g-Wed-Mar-18-09:36:32-2026,ifds-uninit,/home/jimi/PaperExperiment/CompilerOptimization/Result/redis/phasar/phasar-O2-g/artifacts/redis_O2_g.bc,/home/jimi/PaperExperiment/CompilerOptimization/Result/redis/phasar/phasar-O2-g/artifacts/redis_O2_g.ll,/home/jimi/PaperExperiment/CompilerOptimization/Result/redis/phasar/phasar-O2-g/runs/ifds-uninit/redis_O2_g-Wed-Mar-18-09:36:32-2026/psr-report.txt,94747,CompilerOptimization/Target/redis/src/server.h,866,,empty_or_comment_line,project_header,0,project_header,dbGenericDelete,,94756,"%34 = load ptr, ptr %12, align 8, !dbg !204792, !tbaa !61455, !psr.id !204793 | ID: 90770",/* Bit flags for moduleTypeAuxSaveFunc */,Phasar IFDS-Uninitialized use; variables=link; reported_source=kv = dictGetKV(*link);,debug_location_or_source_attribution_drift_candidate,0.95,0,,/home/jimi/PaperExperiment/CompilerOptimization/Result/redis/phasar/phasar-O2-g/runs/ifds-uninit/redis_O2_g-Wed-Mar-18-09:36:32-2026/psr-report.txt;/home/jimi/PaperExperiment/CompilerOptimization/Result/redis/phasar/phasar-O2-g/log/commands.log;/home/jimi/PaperExperiment/CompilerOptimization/Result/redis/phasar/phasar-O2-g/log/summary.csv,Generated by re-parsing psr-report.txt; source_resolution=result_worktree_to_target; exact source line was revalidated against the resolved source tree.
phasar.redis.O2g.006780,redis,phasar,P0,SourceTextMismatch,LocationDrift,reported,/home/jimi/PaperExperiment/CompilerOptimization/Result/redis/phasar/phasar-O2-g/runs/ifds-uninit/redis_O2_g-Wed-Mar-18-09:36:32-2026,redis_O2_g-Wed-Mar-18-09:36:32-2026,ifds-uninit,/home/jimi/PaperExperiment/CompilerOptimization/Result/redis/phasar/phasar-O2-g/artifacts/redis_O2_g.bc,/home/jimi/PaperExperiment/CompilerOptimization/Result/redis/phasar/phasar-O2-g/artifacts/redis_O2_g.ll,/home/jimi/PaperExperiment/CompilerOptimization/Result/redis/phasar/phasar-O2-g/runs/ifds-uninit/redis_O2_g-Wed-Mar-18-09:36:32-2026/psr-report.txt,95581,CompilerOptimization/Target/redis/src/server.h,2635,,valid,project_header,0,project_header,setExpireByLink,,95590,"%16 = load ptr, ptr %15, align 8, !dbg !205645, !tbaa !61455, !psr.id !205646 | ID: 91218",} kspec_fk_type;,Phasar IFDS-Uninitialized use; variables=keyLink; reported_source=kvobj *kv = dictGetKV(*keyLink);,debug_location_or_source_attribution_drift_candidate,0.95,0,,/home/jimi/PaperExperiment/CompilerOptimization/Result/redis/phasar/phasar-O2-g/runs/ifds-uninit/redis_O2_g-Wed-Mar-18-09:36:32-2026/psr-report.txt;/home/jimi/PaperExperiment/CompilerOptimization/Result/redis/phasar/phasar-O2-g/log/commands.log;/home/jimi/PaperExperiment/CompilerOptimization/Result/redis/phasar/phasar-O2-g/log/summary.csv,Generated by re-parsing psr-report.txt; source_resolution=result_worktree_to_target; exact source line was revalidated against the resolved source tree.
phasar.redis.O2g.006841,redis,phasar,P0,SourceLineEmptyOrNonCode,LocationInvalid,reported,/home/jimi/PaperExperiment/CompilerOptimization/Result/redis/phasar/phasar-O2-g/runs/ifds-uninit/redis_O2_g-Wed-Mar-18-09:36:32-2026,redis_O2_g-Wed-Mar-18-09:36:32-2026,ifds-uninit,/home/jimi/PaperExperiment/CompilerOptimization/Result/redis/phasar/phasar-O2-g/artifacts/redis_O2_g.bc,/home/jimi/PaperExperiment/CompilerOptimization/Result/redis/phasar/phasar-O2-g/artifacts/redis_O2_g.ll,/home/jimi/PaperExperiment/CompilerOptimization/Result/redis/phasar/phasar-O2-g/runs/ifds-uninit/redis_O2_g-Wed-Mar-18-09:36:32-2026/psr-report.txt,96455,CompilerOptimization/Target/redis/src/server.h,580,,preprocessor_only,project_header,0,project_header,dbSetValue,,96464,"%23 = load ptr, ptr %22, align 8, !dbg !206790, !tbaa !61455, !psr.id !206791 | ID: 91829",#define SLAVE_CAPA_PSYNC2           (1<<1) /* Supports PSYNC2 protocol. */,Phasar IFDS-Uninitialized use; variables=link; reported_source=kvobj *old = dictGetKV(*link);,debug_location_or_source_attribution_drift_candidate,0.95,0,,/home/jimi/PaperExperiment/CompilerOptimization/Result/redis/phasar/phasar-O2-g/runs/ifds-uninit/redis_O2_g-Wed-Mar-18-09:36:32-2026/psr-report.txt;/home/jimi/PaperExperiment/CompilerOptimization/Result/redis/phasar/phasar-O2-g/log/commands.log;/home/jimi/PaperExperiment/CompilerOptimization/Result/redis/phasar/phasar-O2-g/log/summary.csv,Generated by re-parsing psr-report.txt; source_resolution=result_worktree_to_target; exact source line was revalidated against the resolved source tree.
phasar.redis.O2g.006852,redis,phasar,P0,SourceLineEmptyOrNonCode,LocationInvalid,reported,/home/jimi/PaperExperiment/CompilerOptimization/Result/redis/phasar/phasar-O2-g/runs/ifds-uninit/redis_O2_g-Wed-Mar-18-09:36:32-2026,redis_O2_g-Wed-Mar-18-09:36:32-2026,ifds-uninit,/home/jimi/PaperExperiment/CompilerOptimization/Result/redis/phasar/phasar-O2-g/artifacts/redis_O2_g.bc,/home/jimi/PaperExperiment/CompilerOptimization/Result/redis/phasar/phasar-O2-g/artifacts/redis_O2_g.ll,/home/jimi/PaperExperiment/CompilerOptimization/Result/redis/phasar/phasar-O2-g/runs/ifds-uninit/redis_O2_g-Wed-Mar-18-09:36:32-2026/psr-report.txt,96605,CompilerOptimization/Target/redis/src/server.h,620,,empty_or_comment_line,project_header,0,project_header,dbSetValue,,96614,"%58 = load ptr, ptr %22, align 8, !dbg !206880, !tbaa !61455, !psr.id !206881 | ID: 91883",/* Supervision options */,Phasar IFDS-Uninitialized use; variables=link; reported_source=old = dictGetKV(*link);,debug_location_or_source_attribution_drift_candidate,0.95,0,,/home/jimi/PaperExperiment/CompilerOptimization/Result/redis/phasar/phasar-O2-g/runs/ifds-uninit/redis_O2_g-Wed-Mar-18-09:36:32-2026/psr-report.txt;/home/jimi/PaperExperiment/CompilerOptimization/Result/redis/phasar/phasar-O2-g/log/commands.log;/home/jimi/PaperExperiment/CompilerOptimization/Result/redis/phasar/phasar-O2-g/log/summary.csv,Generated by re-parsing psr-report.txt; source_resolution=result_worktree_to_target; exact source line was revalidated against the resolved source tree.
phasar.redis.O2g.006920,redis,phasar,P0,SourceTextMismatch,LocationDrift,reported,/home/jimi/PaperExperiment/CompilerOptimization/Result/redis/phasar/phasar-O2-g/runs/ifds-uninit/redis_O2_g-Wed-Mar-18-09:36:32-2026,redis_O2_g-Wed-Mar-18-09:36:32-2026,ifds-uninit,/home/jimi/PaperExperiment/CompilerOptimization/Result/redis/phasar/phasar-O2-g/artifacts/redis_O2_g.bc,/home/jimi/PaperExperiment/CompilerOptimization/Result/redis/phasar/phasar-O2-g/artifacts/redis_O2_g.ll,/home/jimi/PaperExperiment/CompilerOptimization/Result/redis/phasar/phasar-O2-g/runs/ifds-uninit/redis_O2_g-Wed-Mar-18-09:36:32-2026/psr-report.txt,97539,CompilerOptimization/Target/redis/src/server.h,2607,,valid,project_header,0,project_header,removeExpire,,97548,"%13 = load ptr, ptr %10, align 8, !dbg !207518, !tbaa !61455, !psr.id !207519 | ID: 92253", *,Phasar IFDS-Uninitialized use; variables=link; reported_source=dictEntry *de = *link;,debug_location_or_source_attribution_drift_candidate,0.95,0,,/home/jimi/PaperExperiment/CompilerOptimization/Result/redis/phasar/phasar-O2-g/runs/ifds-uninit/redis_O2_g-Wed-Mar-18-09:36:32-2026/psr-report.txt;/home/jimi/PaperExperiment/CompilerOptimization/Result/redis/phasar/phasar-O2-g/log/commands.log;/home/jimi/PaperExperiment/CompilerOptimization/Result/redis/phasar/phasar-O2-g/log/summary.csv,Generated by re-parsing psr-report.txt; source_resolution=result_worktree_to_target; exact source line was revalidated against the resolved source tree.
phasar.redis.O2g.006961,redis,phasar,P0,LineOutOfRange,LocationInvalid,reported,/home/jimi/PaperExperiment/CompilerOptimization/Result/redis/phasar/phasar-O2-g/runs/ifds-uninit/redis_O2_g-Wed-Mar-18-09:36:32-2026,redis_O2_g-Wed-Mar-18-09:36:32-2026,ifds-uninit,/home/jimi/PaperExperiment/CompilerOptimization/Result/redis/phasar/phasar-O2-g/artifacts/redis_O2_g.bc,/home/jimi/PaperExperiment/CompilerOptimization/Result/redis/phasar/phasar-O2-g/artifacts/redis_O2_g.ll,/home/jimi/PaperExperiment/CompilerOptimization/Result/redis/phasar/phasar-O2-g/runs/ifds-uninit/redis_O2_g-Wed-Mar-18-09:36:32-2026/psr-report.txt,98103,CompilerOptimization/Target/redis/src/sds.h,955,,line_out_of_range,project_header,0,project_header,dbUnshareStringValueByLink,,98111,"%16 = load ptr, ptr %15, align 8, !dbg !208088, !tbaa !61923, !psr.id !208090 | ID: 92546",,"Phasar IFDS-Uninitialized use; variables=Line       : 955; reported_source=o = createRawStringObject(decoded->ptr, sdslen(decoded->ptr));",debug_location_or_source_attribution_drift_candidate,0.99,0,,/home/jimi/PaperExperiment/CompilerOptimization/Result/redis/phasar/phasar-O2-g/runs/ifds-uninit/redis_O2_g-Wed-Mar-18-09:36:32-2026/psr-report.txt;/home/jimi/PaperExperiment/CompilerOptimization/Result/redis/phasar/phasar-O2-g/log/commands.log;/home/jimi/PaperExperiment/CompilerOptimization/Result/redis/phasar/phasar-O2-g/log/summary.csv,Generated by re-parsing psr-report.txt; source_resolution=result_worktree_to_target; exact source line was revalidated against the resolved source tree.
phasar.redis.O2g.006985,redis,phasar,P0,LineOutOfRange,LocationInvalid,reported,/home/jimi/PaperExperiment/CompilerOptimization/Result/redis/phasar/phasar-O2-g/runs/ifds-uninit/redis_O2_g-Wed-Mar-18-09:36:32-2026,redis_O2_g-Wed-Mar-18-09:36:32-2026,ifds-uninit,/home/jimi/PaperExperiment/CompilerOptimization/Result/redis/phasar/phasar-O2-g/artifacts/redis_O2_g.bc,/home/jimi/PaperExperiment/CompilerOptimization/Result/redis/phasar/phasar-O2-g/artifacts/redis_O2_g.ll,/home/jimi/PaperExperiment/CompilerOptimization/Result/redis/phasar/phasar-O2-g/runs/ifds-uninit/redis_O2_g-Wed-Mar-18-09:36:32-2026/psr-report.txt,98430,CompilerOptimization/Target/redis/src/cluster.h,2437,,line_out_of_range,project_header,0,project_header,scanDatabaseForDeletedKeys,,98438,"%17 = load ptr, ptr %16, align 8, !dbg !208480, !tbaa !61923, !psr.id !208482 | ID: 92739",,"Phasar IFDS-Uninitialized use; variables=Line       : 2437; reported_source=if (slots && !slotRangeArrayContains(slots, keyHashSlot(key->ptr, sdslen(key->ptr))))",debug_location_or_source_attribution_drift_candidate,0.99,0,,/home/jimi/PaperExperiment/CompilerOptimization/Result/redis/phasar/phasar-O2-g/runs/ifds-uninit/redis_O2_g-Wed-Mar-18-09:36:32-2026/psr-report.txt;/home/jimi/PaperExperiment/CompilerOptimization/Result/redis/phasar/phasar-O2-g/log/commands.log;/home/jimi/PaperExperiment/CompilerOptimization/Result/redis/phasar/phasar-O2-g/log/summary.csv,Generated by re-parsing psr-report.txt; source_resolution=result_worktree_to_target; exact source line was revalidated against the resolved source tree.
phasar.redis.O2g.007106,redis,phasar,P0,LineOutOfRange,LocationInvalid,reported,/home/jimi/PaperExperiment/CompilerOptimization/Result/redis/phasar/phasar-O2-g/runs/ifds-uninit/redis_O2_g-Wed-Mar-18-09:36:32-2026,redis_O2_g-Wed-Mar-18-09:36:32-2026,ifds-uninit,/home/jimi/PaperExperiment/CompilerOptimization/Result/redis/phasar/phasar-O2-g/artifacts/redis_O2_g.bc,/home/jimi/PaperExperiment/CompilerOptimization/Result/redis/phasar/phasar-O2-g/artifacts/redis_O2_g.ll,/home/jimi/PaperExperiment/CompilerOptimization/Result/redis/phasar/phasar-O2-g/runs/ifds-uninit/redis_O2_g-Wed-Mar-18-09:36:32-2026/psr-report.txt,100071,CompilerOptimization/Target/redis/src/sds.h,1625,,line_out_of_range,project_header,0,project_header,scanCallback,,100080,"%38 = load ptr, ptr %37, align 8, !dbg !210806, !tbaa !210809, !psr.id !210810 | ID: 93981",,Phasar IFDS-Uninitialized use; variables=s; reported_source=if (data->pattern) {,debug_location_or_source_attribution_drift_candidate,0.99,0,,/home/jimi/PaperExperiment/CompilerOptimization/Result/redis/phasar/phasar-O2-g/runs/ifds-uninit/redis_O2_g-Wed-Mar-18-09:36:32-2026/psr-report.txt;/home/jimi/PaperExperiment/CompilerOptimization/Result/redis/phasar/phasar-O2-g/log/commands.log;/home/jimi/PaperExperiment/CompilerOptimization/Result/redis/phasar/phasar-O2-g/log/summary.csv,Generated by re-parsing psr-report.txt; source_resolution=result_worktree_to_target; exact source line was revalidated against the resolved source tree.
phasar.redis.O2g.007563,redis,phasar,P0,SourceTextMismatch,LocationDrift,reported,/home/jimi/PaperExperiment/CompilerOptimization/Result/redis/phasar/phasar-O2-g/runs/ifds-uninit/redis_O2_g-Wed-Mar-18-09:36:32-2026,redis_O2_g-Wed-Mar-18-09:36:32-2026,ifds-uninit,/home/jimi/PaperExperiment/CompilerOptimization/Result/redis/phasar/phasar-O2-g/artifacts/redis_O2_g.bc,/home/jimi/PaperExperiment/CompilerOptimization/Result/redis/phasar/phasar-O2-g/artifacts/redis_O2_g.ll,/home/jimi/PaperExperiment/CompilerOptimization/Result/redis/phasar/phasar-O2-g/runs/ifds-uninit/redis_O2_g-Wed-Mar-18-09:36:32-2026/psr-report.txt,106601,CompilerOptimization/Target/redis/src/connection.h,200,,valid,project_header,0,project_header,replicationGetSlaveName,,106609,"%8 = load ptr, ptr %7, align 8, !dbg !218586, !tbaa !93110, !psr.id !218588 | ID: 98435"," * connection was closed, and -1 will indicate an error.","Phasar IFDS-Uninitialized use; variables=Line       : 200; reported_source=connAddrPeerName(c->conn,ip,sizeof(ip),NULL) != -1)",debug_location_or_source_attribution_drift_candidate,0.95,0,,/home/jimi/PaperExperiment/CompilerOptimization/Result/redis/phasar/phasar-O2-g/runs/ifds-uninit/redis_O2_g-Wed-Mar-18-09:36:32-2026/psr-report.txt;/home/jimi/PaperExperiment/CompilerOptimization/Result/redis/phasar/phasar-O2-g/log/commands.log;/home/jimi/PaperExperiment/CompilerOptimization/Result/redis/phasar/phasar-O2-g/log/summary.csv,Generated by re-parsing psr-report.txt; source_resolution=result_worktree_to_target; exact source line was revalidated against the resolved source tree.
phasar.redis.O2g.007566,redis,phasar,P0,SourceTextMismatch,LocationDrift,reported,/home/jimi/PaperExperiment/CompilerOptimization/Result/redis/phasar/phasar-O2-g/runs/ifds-uninit/redis_O2_g-Wed-Mar-18-09:36:32-2026,redis_O2_g-Wed-Mar-18-09:36:32-2026,ifds-uninit,/home/jimi/PaperExperiment/CompilerOptimization/Result/redis/phasar/phasar-O2-g/artifacts/redis_O2_g.bc,/home/jimi/PaperExperiment/CompilerOptimization/Result/redis/phasar/phasar-O2-g/artifacts/redis_O2_g.ll,/home/jimi/PaperExperiment/CompilerOptimization/Result/redis/phasar/phasar-O2-g/runs/ifds-uninit/redis_O2_g-Wed-Mar-18-09:36:32-2026/psr-report.txt,106650,CompilerOptimization/Target/redis/src/connection.h,203,,valid,project_header,0,project_header,replicationGetSlaveName,,106659,"%25 = load i32, ptr %24, align 4, !dbg !218647, !tbaa !131543, !psr.id !218650 | ID: 98462", * connGetState() to see if the connection state is still CONN_STATE_CONNECTED.,Phasar IFDS-Uninitialized use; variables=port; reported_source=if (c->slave_listening_port),debug_location_or_source_attribution_drift_candidate,0.95,0,,/home/jimi/PaperExperiment/CompilerOptimization/Result/redis/phasar/phasar-O2-g/runs/ifds-uninit/redis_O2_g-Wed-Mar-18-09:36:32-2026/psr-report.txt;/home/jimi/PaperExperiment/CompilerOptimization/Result/redis/phasar/phasar-O2-g/log/commands.log;/home/jimi/PaperExperiment/CompilerOptimization/Result/redis/phasar/phasar-O2-g/log/summary.csv,Generated by re-parsing psr-report.txt; source_resolution=result_worktree_to_target; exact source line was revalidated against the resolved source tree.
phasar.redis.O2g.007621,redis,phasar,P0,LineOutOfRange,LocationInvalid,reported,/home/jimi/PaperExperiment/CompilerOptimization/Result/redis/phasar/phasar-O2-g/runs/ifds-uninit/redis_O2_g-Wed-Mar-18-09:36:32-2026,redis_O2_g-Wed-Mar-18-09:36:32-2026,ifds-uninit,/home/jimi/PaperExperiment/CompilerOptimization/Result/redis/phasar/phasar-O2-g/artifacts/redis_O2_g.bc,/home/jimi/PaperExperiment/CompilerOptimization/Result/redis/phasar/phasar-O2-g/artifacts/redis_O2_g.ll,/home/jimi/PaperExperiment/CompilerOptimization/Result/redis/phasar/phasar-O2-g/runs/ifds-uninit/redis_O2_g-Wed-Mar-18-09:36:32-2026/psr-report.txt,107372,CompilerOptimization/Target/redis/src/connection.h,902,,line_out_of_range,project_header,0,project_header,replicationSetupSlaveForFullResync,,107380,"%19 = load ptr, ptr %18, align 8, !dbg !221218, !tbaa !93110, !psr.id !221221 | ID: 99897",,"Phasar IFDS-Uninitialized use; variables=Line       : 902; reported_source=if (connWrite(slave->conn, buf, buflen) != buflen) {",debug_location_or_source_attribution_drift_candidate,0.99,0,,/home/jimi/PaperExperiment/CompilerOptimization/Result/redis/phasar/phasar-O2-g/runs/ifds-uninit/redis_O2_g-Wed-Mar-18-09:36:32-2026/psr-report.txt;/home/jimi/PaperExperiment/CompilerOptimization/Result/redis/phasar/phasar-O2-g/log/commands.log;/home/jimi/PaperExperiment/CompilerOptimization/Result/redis/phasar/phasar-O2-g/log/summary.csv,Generated by re-parsing psr-report.txt; source_resolution=result_worktree_to_target; exact source line was revalidated against the resolved source tree.
phasar.redis.O2g.007625,redis,phasar,P0,LineOutOfRange,LocationInvalid,reported,/home/jimi/PaperExperiment/CompilerOptimization/Result/redis/phasar/phasar-O2-g/runs/ifds-uninit/redis_O2_g-Wed-Mar-18-09:36:32-2026,redis_O2_g-Wed-Mar-18-09:36:32-2026,ifds-uninit,/home/jimi/PaperExperiment/CompilerOptimization/Result/redis/phasar/phasar-O2-g/artifacts/redis_O2_g.bc,/home/jimi/PaperExperiment/CompilerOptimization/Result/redis/phasar/phasar-O2-g/artifacts/redis_O2_g.ll,/home/jimi/PaperExperiment/CompilerOptimization/Result/redis/phasar/phasar-O2-g/runs/ifds-uninit/redis_O2_g-Wed-Mar-18-09:36:32-2026/psr-report.txt,107429,CompilerOptimization/Target/redis/src/connection.h,930,,line_out_of_range,project_header,0,project_header,replicationSetupSlaveForFullResync,,107437,"%53 = load ptr, ptr %52, align 8, !dbg !221300, !tbaa !93110, !psr.id !221303 | ID: 99940",,"Phasar IFDS-Uninitialized use; variables=Line       : 930; reported_source=if (connWrite(slave->conn,buf,buflen) != buflen) {",debug_location_or_source_attribution_drift_candidate,0.99,0,,/home/jimi/PaperExperiment/CompilerOptimization/Result/redis/phasar/phasar-O2-g/runs/ifds-uninit/redis_O2_g-Wed-Mar-18-09:36:32-2026/psr-report.txt;/home/jimi/PaperExperiment/CompilerOptimization/Result/redis/phasar/phasar-O2-g/log/commands.log;/home/jimi/PaperExperiment/CompilerOptimization/Result/redis/phasar/phasar-O2-g/log/summary.csv,Generated by re-parsing psr-report.txt; source_resolution=result_worktree_to_target; exact source line was revalidated against the resolved source tree.
phasar.redis.O2g.007636,redis,phasar,P0,LineOutOfRange,LocationInvalid,reported,/home/jimi/PaperExperiment/CompilerOptimization/Result/redis/phasar/phasar-O2-g/runs/ifds-uninit/redis_O2_g-Wed-Mar-18-09:36:32-2026,redis_O2_g-Wed-Mar-18-09:36:32-2026,ifds-uninit,/home/jimi/PaperExperiment/CompilerOptimization/Result/redis/phasar/phasar-O2-g/artifacts/redis_O2_g.bc,/home/jimi/PaperExperiment/CompilerOptimization/Result/redis/phasar/phasar-O2-g/artifacts/redis_O2_g.ll,/home/jimi/PaperExperiment/CompilerOptimization/Result/redis/phasar/phasar-O2-g/runs/ifds-uninit/redis_O2_g-Wed-Mar-18-09:36:32-2026/psr-report.txt,107582,CompilerOptimization/Target/redis/src/connection.h,1012,,line_out_of_range,project_header,0,project_header,masterTryPartialResynchronization,,107590,"%92 = load ptr, ptr %91, align 8, !dbg !221525, !tbaa !93110, !psr.id !221528 | ID: 100063",,"Phasar IFDS-Uninitialized use; variables=Line       : 1012; reported_source=if (connWrite(c->conn,buf,buflen) != buflen) {",debug_location_or_source_attribution_drift_candidate,0.99,0,,/home/jimi/PaperExperiment/CompilerOptimization/Result/redis/phasar/phasar-O2-g/runs/ifds-uninit/redis_O2_g-Wed-Mar-18-09:36:32-2026/psr-report.txt;/home/jimi/PaperExperiment/CompilerOptimization/Result/redis/phasar/phasar-O2-g/log/commands.log;/home/jimi/PaperExperiment/CompilerOptimization/Result/redis/phasar/phasar-O2-g/log/summary.csv,Generated by re-parsing psr-report.txt; source_resolution=result_worktree_to_target; exact source line was revalidated against the resolved source tree.
phasar.redis.O2g.007662,redis,phasar,P0,LineOutOfRange,LocationInvalid,reported,/home/jimi/PaperExperiment/CompilerOptimization/Result/redis/phasar/phasar-O2-g/runs/ifds-uninit/redis_O2_g-Wed-Mar-18-09:36:32-2026,redis_O2_g-Wed-Mar-18-09:36:32-2026,ifds-uninit,/home/jimi/PaperExperiment/CompilerOptimization/Result/redis/phasar/phasar-O2-g/artifacts/redis_O2_g.bc,/home/jimi/PaperExperiment/CompilerOptimization/Result/redis/phasar/phasar-O2-g/artifacts/redis_O2_g.ll,/home/jimi/PaperExperiment/CompilerOptimization/Result/redis/phasar/phasar-O2-g/runs/ifds-uninit/redis_O2_g-Wed-Mar-18-09:36:32-2026/psr-report.txt,107965,CompilerOptimization/Target/redis/src/connection.h,1259,,line_out_of_range,project_header,0,project_header,syncCommand,,107973,"%149 = load ptr, ptr %148, align 8, !dbg !222332, !tbaa !93110, !psr.id !222335 | ID: 100505",,"Phasar IFDS-Uninitialized use; variables=Line       : 1259; reported_source=if (connWrite(c->conn, buf, strlen(buf)) != len)",debug_location_or_source_attribution_drift_candidate,0.99,0,,/home/jimi/PaperExperiment/CompilerOptimization/Result/redis/phasar/phasar-O2-g/runs/ifds-uninit/redis_O2_g-Wed-Mar-18-09:36:32-2026/psr-report.txt;/home/jimi/PaperExperiment/CompilerOptimization/Result/redis/phasar/phasar-O2-g/log/commands.log;/home/jimi/PaperExperiment/CompilerOptimization/Result/redis/phasar/phasar-O2-g/log/summary.csv,Generated by re-parsing psr-report.txt; source_resolution=result_worktree_to_target; exact source line was revalidated against the resolved source tree.
phasar.redis.O2g.007736,redis,phasar,P0,SourceTextMismatch,LocationDrift,reported,/home/jimi/PaperExperiment/CompilerOptimization/Result/redis/phasar/phasar-O2-g/runs/ifds-uninit/redis_O2_g-Wed-Mar-18-09:36:32-2026,redis_O2_g-Wed-Mar-18-09:36:32-2026,ifds-uninit,/home/jimi/PaperExperiment/CompilerOptimization/Result/redis/phasar/phasar-O2-g/artifacts/redis_O2_g.bc,/home/jimi/PaperExperiment/CompilerOptimization/Result/redis/phasar/phasar-O2-g/artifacts/redis_O2_g.ll,/home/jimi/PaperExperiment/CompilerOptimization/Result/redis/phasar/phasar-O2-g/runs/ifds-uninit/redis_O2_g-Wed-Mar-18-09:36:32-2026/psr-report.txt,108965,CompilerOptimization/Target/redis/src/replication.c,360,,valid,project_source,1,not_header,sendBulkToSlave,,108973,"%4 = load ptr, ptr %3, align 8, !dbg !224365, !tbaa !163471, !psr.id !224367 | ID: 101554"," * before feeding replication stream into global replication buffer, since",Phasar IFDS-Uninitialized use; variables=Line       : 360; reported_source=return conn->private_data;,debug_location_or_source_attribution_drift_candidate,0.95,0,,/home/jimi/PaperExperiment/CompilerOptimization/Result/redis/phasar/phasar-O2-g/runs/ifds-uninit/redis_O2_g-Wed-Mar-18-09:36:32-2026/psr-report.txt;/home/jimi/PaperExperiment/CompilerOptimization/Result/redis/phasar/phasar-O2-g/log/commands.log;/home/jimi/PaperExperiment/CompilerOptimization/Result/redis/phasar/phasar-O2-g/log/summary.csv,Generated by re-parsing psr-report.txt; source_resolution=result_worktree_to_target; exact source line was revalidated against the resolved source tree.
phasar.redis.O2g.007737,redis,phasar,P0,LineOutOfRange,LocationInvalid,reported,/home/jimi/PaperExperiment/CompilerOptimization/Result/redis/phasar/phasar-O2-g/runs/ifds-uninit/redis_O2_g-Wed-Mar-18-09:36:32-2026,redis_O2_g-Wed-Mar-18-09:36:32-2026,ifds-uninit,/home/jimi/PaperExperiment/CompilerOptimization/Result/redis/phasar/phasar-O2-g/artifacts/redis_O2_g.bc,/home/jimi/PaperExperiment/CompilerOptimization/Result/redis/phasar/phasar-O2-g/artifacts/redis_O2_g.ll,/home/jimi/PaperExperiment/CompilerOptimization/Result/redis/phasar/phasar-O2-g/runs/ifds-uninit/redis_O2_g-Wed-Mar-18-09:36:32-2026/psr-report.txt,108976,CompilerOptimization/Target/redis/src/connection.h,1705,,line_out_of_range,project_header,0,project_header,sendBulkToSlave,,108985,"%6 = load ptr, ptr %5, align 8, !dbg !224373, !tbaa !167589, !psr.id !224376 | ID: 101559",,Phasar IFDS-Uninitialized use; variables=data; reported_source=if (slave->replpreamble) {,debug_location_or_source_attribution_drift_candidate,0.99,0,,/home/jimi/PaperExperiment/CompilerOptimization/Result/redis/phasar/phasar-O2-g/runs/ifds-uninit/redis_O2_g-Wed-Mar-18-09:36:32-2026/psr-report.txt;/home/jimi/PaperExperiment/CompilerOptimization/Result/redis/phasar/phasar-O2-g/log/commands.log;/home/jimi/PaperExperiment/CompilerOptimization/Result/redis/phasar/phasar-O2-g/log/summary.csv,Generated by re-parsing psr-report.txt; source_resolution=result_worktree_to_target; exact source line was revalidated against the resolved source tree.
phasar.redis.O2g.007746,redis,phasar,P0,LineOutOfRange,LocationInvalid,reported,/home/jimi/PaperExperiment/CompilerOptimization/Result/redis/phasar/phasar-O2-g/runs/ifds-uninit/redis_O2_g-Wed-Mar-18-09:36:32-2026,redis_O2_g-Wed-Mar-18-09:36:32-2026,ifds-uninit,/home/jimi/PaperExperiment/CompilerOptimization/Result/redis/phasar/phasar-O2-g/artifacts/redis_O2_g.bc,/home/jimi/PaperExperiment/CompilerOptimization/Result/redis/phasar/phasar-O2-g/artifacts/redis_O2_g.ll,/home/jimi/PaperExperiment/CompilerOptimization/Result/redis/phasar/phasar-O2-g/runs/ifds-uninit/redis_O2_g-Wed-Mar-18-09:36:32-2026/psr-report.txt,109084,CompilerOptimization/Target/redis/src/sds.h,1716,,line_out_of_range,project_header,0,project_header,sendBulkToSlave,,109092,"%50 = load ptr, ptr %5, align 8, !dbg !224485, !tbaa !167589, !psr.id !224487 | ID: 101615",,Phasar IFDS-Uninitialized use; variables=Line       : 1716; reported_source=if (sdslen(slave->replpreamble) == 0) {,debug_location_or_source_attribution_drift_candidate,0.99,0,,/home/jimi/PaperExperiment/CompilerOptimization/Result/redis/phasar/phasar-O2-g/runs/ifds-uninit/redis_O2_g-Wed-Mar-18-09:36:32-2026/psr-report.txt;/home/jimi/PaperExperiment/CompilerOptimization/Result/redis/phasar/phasar-O2-g/log/commands.log;/home/jimi/PaperExperiment/CompilerOptimization/Result/redis/phasar/phasar-O2-g/log/summary.csv,Generated by re-parsing psr-report.txt; source_resolution=result_worktree_to_target; exact source line was revalidated against the resolved source tree.
phasar.redis.O2g.007761,redis,phasar,P0,LineOutOfRange,LocationInvalid,reported,/home/jimi/PaperExperiment/CompilerOptimization/Result/redis/phasar/phasar-O2-g/runs/ifds-uninit/redis_O2_g-Wed-Mar-18-09:36:32-2026,redis_O2_g-Wed-Mar-18-09:36:32-2026,ifds-uninit,/home/jimi/PaperExperiment/CompilerOptimization/Result/redis/phasar/phasar-O2-g/artifacts/redis_O2_g.bc,/home/jimi/PaperExperiment/CompilerOptimization/Result/redis/phasar/phasar-O2-g/artifacts/redis_O2_g.ll,/home/jimi/PaperExperiment/CompilerOptimization/Result/redis/phasar/phasar-O2-g/runs/ifds-uninit/redis_O2_g-Wed-Mar-18-09:36:32-2026/psr-report.txt,109272,CompilerOptimization/Target/redis/src/connection.h,1751,,line_out_of_range,project_header,0,project_header,sendBulkToSlave,,109280,"%139 = load ptr, ptr %138, align 8, !dbg !224690, !tbaa !93110, !psr.id !224692 | ID: 101725",,"Phasar IFDS-Uninitialized use; variables=Line       : 1751; reported_source=connSetWriteHandler(slave->conn,NULL);",debug_location_or_source_attribution_drift_candidate,0.99,0,,/home/jimi/PaperExperiment/CompilerOptimization/Result/redis/phasar/phasar-O2-g/runs/ifds-uninit/redis_O2_g-Wed-Mar-18-09:36:32-2026/psr-report.txt;/home/jimi/PaperExperiment/CompilerOptimization/Result/redis/phasar/phasar-O2-g/log/commands.log;/home/jimi/PaperExperiment/CompilerOptimization/Result/redis/phasar/phasar-O2-g/log/summary.csv,Generated by re-parsing psr-report.txt; source_resolution=result_worktree_to_target; exact source line was revalidated against the resolved source tree.
phasar.redis.O2g.007767,redis,phasar,P0,SourceTextMismatch,LocationDrift,reported,/home/jimi/PaperExperiment/CompilerOptimization/Result/redis/phasar/phasar-O2-g/runs/ifds-uninit/redis_O2_g-Wed-Mar-18-09:36:32-2026,redis_O2_g-Wed-Mar-18-09:36:32-2026,ifds-uninit,/home/jimi/PaperExperiment/CompilerOptimization/Result/redis/phasar/phasar-O2-g/artifacts/redis_O2_g.bc,/home/jimi/PaperExperiment/CompilerOptimization/Result/redis/phasar/phasar-O2-g/artifacts/redis_O2_g.ll,/home/jimi/PaperExperiment/CompilerOptimization/Result/redis/phasar/phasar-O2-g/runs/ifds-uninit/redis_O2_g-Wed-Mar-18-09:36:32-2026/psr-report.txt,109352,CompilerOptimization/Target/redis/src/replication.c,360,,valid,project_source,1,not_header,rdbPipeWriteHandler,,109360,"%7 = load ptr, ptr %6, align 8, !dbg !225270, !tbaa !163471, !psr.id !225272 | ID: 102032"," * before feeding replication stream into global replication buffer, since",Phasar IFDS-Uninitialized use; variables=Line       : 360; reported_source=return conn->private_data;,debug_location_or_source_attribution_drift_candidate,0.95,0,,/home/jimi/PaperExperiment/CompilerOptimization/Result/redis/phasar/phasar-O2-g/runs/ifds-uninit/redis_O2_g-Wed-Mar-18-09:36:32-2026/psr-report.txt;/home/jimi/PaperExperiment/CompilerOptimization/Result/redis/phasar/phasar-O2-g/log/commands.log;/home/jimi/PaperExperiment/CompilerOptimization/Result/redis/phasar/phasar-O2-g/log/summary.csv,Generated by re-parsing psr-report.txt; source_resolution=result_worktree_to_target; exact source line was revalidated against the resolved source tree.
phasar.redis.O2g.007769,redis,phasar,P0,LineOutOfRange,LocationInvalid,reported,/home/jimi/PaperExperiment/CompilerOptimization/Result/redis/phasar/phasar-O2-g/runs/ifds-uninit/redis_O2_g-Wed-Mar-18-09:36:32-2026,redis_O2_g-Wed-Mar-18-09:36:32-2026,ifds-uninit,/home/jimi/PaperExperiment/CompilerOptimization/Result/redis/phasar/phasar-O2-g/artifacts/redis_O2_g.bc,/home/jimi/PaperExperiment/CompilerOptimization/Result/redis/phasar/phasar-O2-g/artifacts/redis_O2_g.ll,/home/jimi/PaperExperiment/CompilerOptimization/Result/redis/phasar/phasar-O2-g/runs/ifds-uninit/redis_O2_g-Wed-Mar-18-09:36:32-2026/psr-report.txt,109374,CompilerOptimization/Target/redis/src/connection.h,1784,,line_out_of_range,project_header,0,project_header,rdbPipeWriteHandler,,109382,"%13 = sub nsw i64 %12, %10, !dbg !225284, !psr.id !225285 | ID: 102039",,Phasar IFDS-Uninitialized use; variables=Line       : 1784; reported_source=server.rdb_pipe_bufflen - slave->repldboff)) == -1),debug_location_or_source_attribution_drift_candidate,0.99,0,,/home/jimi/PaperExperiment/CompilerOptimization/Result/redis/phasar/phasar-O2-g/runs/ifds-uninit/redis_O2_g-Wed-Mar-18-09:36:32-2026/psr-report.txt;/home/jimi/PaperExperiment/CompilerOptimization/Result/redis/phasar/phasar-O2-g/log/commands.log;/home/jimi/PaperExperiment/CompilerOptimization/Result/redis/phasar/phasar-O2-g/log/summary.csv,Generated by re-parsing psr-report.txt; source_resolution=result_worktree_to_target; exact source line was revalidated against the resolved source tree.
phasar.redis.O2g.007773,redis,phasar,P0,SourceTextMismatch,LocationDrift,reported,/home/jimi/PaperExperiment/CompilerOptimization/Result/redis/phasar/phasar-O2-g/runs/ifds-uninit/redis_O2_g-Wed-Mar-18-09:36:32-2026,redis_O2_g-Wed-Mar-18-09:36:32-2026,ifds-uninit,/home/jimi/PaperExperiment/CompilerOptimization/Result/redis/phasar/phasar-O2-g/artifacts/redis_O2_g.bc,/home/jimi/PaperExperiment/CompilerOptimization/Result/redis/phasar/phasar-O2-g/artifacts/redis_O2_g.ll,/home/jimi/PaperExperiment/CompilerOptimization/Result/redis/phasar/phasar-O2-g/runs/ifds-uninit/redis_O2_g-Wed-Mar-18-09:36:32-2026/psr-report.txt,109427,CompilerOptimization/Target/redis/src/replication.c,360,,valid,project_source,1,not_header,rdbPipeWriteHandler,,109435,"%53 = load ptr, ptr %6, align 8, !dbg !225395, !tbaa !163471, !psr.id !225396 | ID: 102095"," * before feeding replication stream into global replication buffer, since",Phasar IFDS-Uninitialized use; variables=Line       : 360; reported_source=return conn->private_data;,debug_location_or_source_attribution_drift_candidate,0.95,0,,/home/jimi/PaperExperiment/CompilerOptimization/Result/redis/phasar/phasar-O2-g/runs/ifds-uninit/redis_O2_g-Wed-Mar-18-09:36:32-2026/psr-report.txt;/home/jimi/PaperExperiment/CompilerOptimization/Result/redis/phasar/phasar-O2-g/log/commands.log;/home/jimi/PaperExperiment/CompilerOptimization/Result/redis/phasar/phasar-O2-g/log/summary.csv,Generated by re-parsing psr-report.txt; source_resolution=result_worktree_to_target; exact source line was revalidated against the resolved source tree.
phasar.redis.O2g.007783,redis,phasar,P0,LineOutOfRange,LocationInvalid,reported,/home/jimi/PaperExperiment/CompilerOptimization/Result/redis/phasar/phasar-O2-g/runs/ifds-uninit/redis_O2_g-Wed-Mar-18-09:36:32-2026,redis_O2_g-Wed-Mar-18-09:36:32-2026,ifds-uninit,/home/jimi/PaperExperiment/CompilerOptimization/Result/redis/phasar/phasar-O2-g/artifacts/redis_O2_g.bc,/home/jimi/PaperExperiment/CompilerOptimization/Result/redis/phasar/phasar-O2-g/artifacts/redis_O2_g.ll,/home/jimi/PaperExperiment/CompilerOptimization/Result/redis/phasar/phasar-O2-g/runs/ifds-uninit/redis_O2_g-Wed-Mar-18-09:36:32-2026/psr-report.txt,109557,CompilerOptimization/Target/redis/src/connection.h,3373,,line_out_of_range,project_header,0,project_header,connectWithMaster,,109565,"%27 = load ptr, ptr getelementptr inbounds (%struct.redisServer, ptr @server, i64 0, i32 329), align 8, !dbg !228062, !tbaa !115894, !psr.id !228064 | ID: 103469",,"Phasar IFDS-Uninitialized use; variables=Line       : 3373; reported_source=serverLog(LL_WARNING,""Unable to connect to MASTER: %s"",",debug_location_or_source_attribution_drift_candidate,0.99,0,,/home/jimi/PaperExperiment/CompilerOptimization/Result/redis/phasar/phasar-O2-g/runs/ifds-uninit/redis_O2_g-Wed-Mar-18-09:36:32-2026/psr-report.txt;/home/jimi/PaperExperiment/CompilerOptimization/Result/redis/phasar/phasar-O2-g/log/commands.log;/home/jimi/PaperExperiment/CompilerOptimization/Result/redis/phasar/phasar-O2-g/log/summary.csv,Generated by re-parsing psr-report.txt; source_resolution=result_worktree_to_target; exact source line was revalidated against the resolved source tree.
phasar.redis.O2g.007785,redis,phasar,P0,LineOutOfRange,LocationInvalid,reported,/home/jimi/PaperExperiment/CompilerOptimization/Result/redis/phasar/phasar-O2-g/runs/ifds-uninit/redis_O2_g-Wed-Mar-18-09:36:32-2026,redis_O2_g-Wed-Mar-18-09:36:32-2026,ifds-uninit,/home/jimi/PaperExperiment/CompilerOptimization/Result/redis/phasar/phasar-O2-g/artifacts/redis_O2_g.bc,/home/jimi/PaperExperiment/CompilerOptimization/Result/redis/phasar/phasar-O2-g/artifacts/redis_O2_g.ll,/home/jimi/PaperExperiment/CompilerOptimization/Result/redis/phasar/phasar-O2-g/runs/ifds-uninit/redis_O2_g-Wed-Mar-18-09:36:32-2026/psr-report.txt,109582,CompilerOptimization/Target/redis/src/connection.h,3375,,line_out_of_range,project_header,0,project_header,connectWithMaster,,109590,"%33 = load ptr, ptr getelementptr inbounds (%struct.redisServer, ptr @server, i64 0, i32 329), align 8, !dbg !228077, !tbaa !115894, !psr.id !228078 | ID: 103477",,Phasar IFDS-Uninitialized use; variables=Line       : 3375; reported_source=connClose(server.repl_transfer_s);,debug_location_or_source_attribution_drift_candidate,0.99,0,,/home/jimi/PaperExperiment/CompilerOptimization/Result/redis/phasar/phasar-O2-g/runs/ifds-uninit/redis_O2_g-Wed-Mar-18-09:36:32-2026/psr-report.txt;/home/jimi/PaperExperiment/CompilerOptimization/Result/redis/phasar/phasar-O2-g/log/commands.log;/home/jimi/PaperExperiment/CompilerOptimization/Result/redis/phasar/phasar-O2-g/log/summary.csv,Generated by re-parsing psr-report.txt; source_resolution=result_worktree_to_target; exact source line was revalidated against the resolved source tree.
phasar.redis.O2g.007837,redis,phasar,P0,LineOutOfRange,LocationInvalid,reported,/home/jimi/PaperExperiment/CompilerOptimization/Result/redis/phasar/phasar-O2-g/runs/ifds-uninit/redis_O2_g-Wed-Mar-18-09:36:32-2026,redis_O2_g-Wed-Mar-18-09:36:32-2026,ifds-uninit,/home/jimi/PaperExperiment/CompilerOptimization/Result/redis/phasar/phasar-O2-g/artifacts/redis_O2_g.bc,/home/jimi/PaperExperiment/CompilerOptimization/Result/redis/phasar/phasar-O2-g/artifacts/redis_O2_g.ll,/home/jimi/PaperExperiment/CompilerOptimization/Result/redis/phasar/phasar-O2-g/runs/ifds-uninit/redis_O2_g-Wed-Mar-18-09:36:32-2026/psr-report.txt,110361,CompilerOptimization/Target/redis/src/connection.h,1821,,line_out_of_range,project_header,0,project_header,asmStartImportTask,,110369,"%131 = load ptr, ptr %119, align 8, !dbg !396239, !tbaa !388343, !psr.id !396241 | ID: 192836",,"Phasar IFDS-Uninitialized use; variables=Line       : 1821; reported_source=if (connConnect(task->main_channel_conn, ip, port, server.bind_source_addr,",debug_location_or_source_attribution_drift_candidate,0.99,0,,/home/jimi/PaperExperiment/CompilerOptimization/Result/redis/phasar/phasar-O2-g/runs/ifds-uninit/redis_O2_g-Wed-Mar-18-09:36:32-2026/psr-report.txt;/home/jimi/PaperExperiment/CompilerOptimization/Result/redis/phasar/phasar-O2-g/log/commands.log;/home/jimi/PaperExperiment/CompilerOptimization/Result/redis/phasar/phasar-O2-g/log/summary.csv,Generated by re-parsing psr-report.txt; source_resolution=result_worktree_to_target; exact source line was revalidated against the resolved source tree.
phasar.redis.O2g.007854,redis,phasar,P0,LineOutOfRange,LocationInvalid,reported,/home/jimi/PaperExperiment/CompilerOptimization/Result/redis/phasar/phasar-O2-g/runs/ifds-uninit/redis_O2_g-Wed-Mar-18-09:36:32-2026,redis_O2_g-Wed-Mar-18-09:36:32-2026,ifds-uninit,/home/jimi/PaperExperiment/CompilerOptimization/Result/redis/phasar/phasar-O2-g/artifacts/redis_O2_g.bc,/home/jimi/PaperExperiment/CompilerOptimization/Result/redis/phasar/phasar-O2-g/artifacts/redis_O2_g.ll,/home/jimi/PaperExperiment/CompilerOptimization/Result/redis/phasar/phasar-O2-g/runs/ifds-uninit/redis_O2_g-Wed-Mar-18-09:36:32-2026/psr-report.txt,110624,CompilerOptimization/Target/redis/src/cluster.h,3424,,line_out_of_range,project_header,0,project_header,asmGetTrimmingSlotForCommand,,110632,"%39 = load ptr, ptr %38, align 8, !dbg !399368, !tbaa !61923, !psr.id !399370 | ID: 194596",,"Phasar IFDS-Uninitialized use; variables=Line       : 3424; reported_source=int slot = keyHashSlot((char*) key->ptr, sdslen(key->ptr));",debug_location_or_source_attribution_drift_candidate,0.99,0,,/home/jimi/PaperExperiment/CompilerOptimization/Result/redis/phasar/phasar-O2-g/runs/ifds-uninit/redis_O2_g-Wed-Mar-18-09:36:32-2026/psr-report.txt;/home/jimi/PaperExperiment/CompilerOptimization/Result/redis/phasar/phasar-O2-g/log/commands.log;/home/jimi/PaperExperiment/CompilerOptimization/Result/redis/phasar/phasar-O2-g/log/summary.csv,Generated by re-parsing psr-report.txt; source_resolution=result_worktree_to_target; exact source line was revalidated against the resolved source tree.
phasar.redis.O2g.007882,redis,phasar,P0,SourceTextMismatch,LocationDrift,reported,/home/jimi/PaperExperiment/CompilerOptimization/Result/redis/phasar/phasar-O2-g/runs/ifds-uninit/redis_O2_g-Wed-Mar-18-09:36:32-2026,redis_O2_g-Wed-Mar-18-09:36:32-2026,ifds-uninit,/home/jimi/PaperExperiment/CompilerOptimization/Result/redis/phasar/phasar-O2-g/artifacts/redis_O2_g.bc,/home/jimi/PaperExperiment/CompilerOptimization/Result/redis/phasar/phasar-O2-g/artifacts/redis_O2_g.ll,/home/jimi/PaperExperiment/CompilerOptimization/Result/redis/phasar/phasar-O2-g/runs/ifds-uninit/redis_O2_g-Wed-Mar-18-09:36:32-2026/psr-report.txt,111010,CompilerOptimization/Target/redis/src/sds.h,249,,valid,project_header,0,project_header,auxHumanNodenamePresent,,111018,"%3 = load ptr, ptr %2, align 8, !dbg !400474, !tbaa !400365, !psr.id !400476 | ID: 195204",        case SDS_TYPE_8:,Phasar IFDS-Uninitialized use; variables=Line       : 249; reported_source=return sdslen(n->human_nodename);,debug_location_or_source_attribution_drift_candidate,0.95,0,,/home/jimi/PaperExperiment/CompilerOptimization/Result/redis/phasar/phasar-O2-g/runs/ifds-uninit/redis_O2_g-Wed-Mar-18-09:36:32-2026/psr-report.txt;/home/jimi/PaperExperiment/CompilerOptimization/Result/redis/phasar/phasar-O2-g/log/commands.log;/home/jimi/PaperExperiment/CompilerOptimization/Result/redis/phasar/phasar-O2-g/log/summary.csv,Generated by re-parsing psr-report.txt; source_resolution=result_worktree_to_target; exact source line was revalidated against the resolved source tree.
phasar.redis.O2g.008179,redis,phasar,P0,LineOutOfRange,LocationInvalid,reported,/home/jimi/PaperExperiment/CompilerOptimization/Result/redis/phasar/phasar-O2-g/runs/ifds-uninit/redis_O2_g-Wed-Mar-18-09:36:32-2026,redis_O2_g-Wed-Mar-18-09:36:32-2026,ifds-uninit,/home/jimi/PaperExperiment/CompilerOptimization/Result/redis/phasar/phasar-O2-g/artifacts/redis_O2_g.bc,/home/jimi/PaperExperiment/CompilerOptimization/Result/redis/phasar/phasar-O2-g/artifacts/redis_O2_g.ll,/home/jimi/PaperExperiment/CompilerOptimization/Result/redis/phasar/phasar-O2-g/runs/ifds-uninit/redis_O2_g-Wed-Mar-18-09:36:32-2026/psr-report.txt,115207,CompilerOptimization/Target/redis/src/sds.h,499,,line_out_of_range,project_header,0,project_header,rdbSaveStringObject,,115215,"%15 = load ptr, ptr %14, align 8, !dbg !239817, !tbaa !61923, !psr.id !239819 | ID: 110031",,"Phasar IFDS-Uninitialized use; variables=Line       : 499; reported_source=return rdbSaveRawString(rdb,obj->ptr,sdslen(obj->ptr));",debug_location_or_source_attribution_drift_candidate,0.99,0,,/home/jimi/PaperExperiment/CompilerOptimization/Result/redis/phasar/phasar-O2-g/runs/ifds-uninit/redis_O2_g-Wed-Mar-18-09:36:32-2026/psr-report.txt;/home/jimi/PaperExperiment/CompilerOptimization/Result/redis/phasar/phasar-O2-g/log/commands.log;/home/jimi/PaperExperiment/CompilerOptimization/Result/redis/phasar/phasar-O2-g/log/summary.csv,Generated by re-parsing psr-report.txt; source_resolution=result_worktree_to_target; exact source line was revalidated against the resolved source tree.
phasar.redis.O2g.008285,redis,phasar,P0,SourceTextMismatch,LocationDrift,reported,/home/jimi/PaperExperiment/CompilerOptimization/Result/redis/phasar/phasar-O2-g/runs/ifds-uninit/redis_O2_g-Wed-Mar-18-09:36:32-2026,redis_O2_g-Wed-Mar-18-09:36:32-2026,ifds-uninit,/home/jimi/PaperExperiment/CompilerOptimization/Result/redis/phasar/phasar-O2-g/artifacts/redis_O2_g.bc,/home/jimi/PaperExperiment/CompilerOptimization/Result/redis/phasar/phasar-O2-g/artifacts/redis_O2_g.ll,/home/jimi/PaperExperiment/CompilerOptimization/Result/redis/phasar/phasar-O2-g/runs/ifds-uninit/redis_O2_g-Wed-Mar-18-09:36:32-2026/psr-report.txt,116621,CompilerOptimization/Target/redis/src/server.h,973,,valid,project_header,0,project_header,hashTypeSet,,116629,"%402 = load ptr, ptr %401, align 8, !dbg !313915, !tbaa !61923, !psr.id !313917 | ID: 149991",    int in_hook;    /* Hooks callback nesting level for this module (0 or 1). */,Phasar IFDS-Uninitialized use; variables=Line       : 973; reported_source=dict *ht = o->ptr;,debug_location_or_source_attribution_drift_candidate,0.95,0,,/home/jimi/PaperExperiment/CompilerOptimization/Result/redis/phasar/phasar-O2-g/runs/ifds-uninit/redis_O2_g-Wed-Mar-18-09:36:32-2026/psr-report.txt;/home/jimi/PaperExperiment/CompilerOptimization/Result/redis/phasar/phasar-O2-g/log/commands.log;/home/jimi/PaperExperiment/CompilerOptimization/Result/redis/phasar/phasar-O2-g/log/summary.csv,Generated by re-parsing psr-report.txt; source_resolution=result_worktree_to_target; exact source line was revalidated against the resolved source tree.
phasar.redis.O2g.008358,redis,phasar,P0,SourceTextMismatch,LocationDrift,reported,/home/jimi/PaperExperiment/CompilerOptimization/Result/redis/phasar/phasar-O2-g/runs/ifds-uninit/redis_O2_g-Wed-Mar-18-09:36:32-2026,redis_O2_g-Wed-Mar-18-09:36:32-2026,ifds-uninit,/home/jimi/PaperExperiment/CompilerOptimization/Result/redis/phasar/phasar-O2-g/artifacts/redis_O2_g.bc,/home/jimi/PaperExperiment/CompilerOptimization/Result/redis/phasar/phasar-O2-g/artifacts/redis_O2_g.ll,/home/jimi/PaperExperiment/CompilerOptimization/Result/redis/phasar/phasar-O2-g/runs/ifds-uninit/redis_O2_g-Wed-Mar-18-09:36:32-2026/psr-report.txt,117612,CompilerOptimization/Target/redis/src/server.h,1346,,valid,project_header,0,project_header,hashTypeAllocSize,,117620,"%23 = load ptr, ptr %22, align 8, !dbg !314986, !tbaa !61923, !psr.id !314988 | ID: 150587","    listNode *ref_repl_buf_node; /* Referenced node of replication buffer blocks,",Phasar IFDS-Uninitialized use; variables=Line       : 1346; reported_source=dict *d = o->ptr;,debug_location_or_source_attribution_drift_candidate,0.95,0,,/home/jimi/PaperExperiment/CompilerOptimization/Result/redis/phasar/phasar-O2-g/runs/ifds-uninit/redis_O2_g-Wed-Mar-18-09:36:32-2026/psr-report.txt;/home/jimi/PaperExperiment/CompilerOptimization/Result/redis/phasar/phasar-O2-g/log/commands.log;/home/jimi/PaperExperiment/CompilerOptimization/Result/redis/phasar/phasar-O2-g/log/summary.csv,Generated by re-parsing psr-report.txt; source_resolution=result_worktree_to_target; exact source line was revalidated against the resolved source tree.
phasar.redis.O2g.008389,redis,phasar,P0,LineOutOfRange,LocationInvalid,reported,/home/jimi/PaperExperiment/CompilerOptimization/Result/redis/phasar/phasar-O2-g/runs/ifds-uninit/redis_O2_g-Wed-Mar-18-09:36:32-2026,redis_O2_g-Wed-Mar-18-09:36:32-2026,ifds-uninit,/home/jimi/PaperExperiment/CompilerOptimization/Result/redis/phasar/phasar-O2-g/artifacts/redis_O2_g.bc,/home/jimi/PaperExperiment/CompilerOptimization/Result/redis/phasar/phasar-O2-g/artifacts/redis_O2_g.ll,/home/jimi/PaperExperiment/CompilerOptimization/Result/redis/phasar/phasar-O2-g/runs/ifds-uninit/redis_O2_g-Wed-Mar-18-09:36:32-2026/psr-report.txt,118016,CompilerOptimization/Target/redis/src/ebuckets.h,1753,,line_out_of_range,project_header,0,project_header,hashTypeDup,,118024,"%24 = load ptr, ptr %23, align 8, !dbg !315505, !tbaa !61923, !psr.id !315507 | ID: 150890",,Phasar IFDS-Uninitialized use; variables=Line       : 1753; reported_source=listpackEx *lpt = o->ptr;,debug_location_or_source_attribution_drift_candidate,0.99,0,,/home/jimi/PaperExperiment/CompilerOptimization/Result/redis/phasar/phasar-O2-g/runs/ifds-uninit/redis_O2_g-Wed-Mar-18-09:36:32-2026/psr-report.txt;/home/jimi/PaperExperiment/CompilerOptimization/Result/redis/phasar/phasar-O2-g/log/commands.log;/home/jimi/PaperExperiment/CompilerOptimization/Result/redis/phasar/phasar-O2-g/log/summary.csv,Generated by re-parsing psr-report.txt; source_resolution=result_worktree_to_target; exact source line was revalidated against the resolved source tree.
phasar.redis.O2g.008806,redis,phasar,P0,LineOutOfRange,LocationInvalid,reported,/home/jimi/PaperExperiment/CompilerOptimization/Result/redis/phasar/phasar-O2-g/runs/ifds-uninit/redis_O2_g-Wed-Mar-18-09:36:32-2026,redis_O2_g-Wed-Mar-18-09:36:32-2026,ifds-uninit,/home/jimi/PaperExperiment/CompilerOptimization/Result/redis/phasar/phasar-O2-g/artifacts/redis_O2_g.bc,/home/jimi/PaperExperiment/CompilerOptimization/Result/redis/phasar/phasar-O2-g/artifacts/redis_O2_g.ll,/home/jimi/PaperExperiment/CompilerOptimization/Result/redis/phasar/phasar-O2-g/runs/ifds-uninit/redis_O2_g-Wed-Mar-18-09:36:32-2026/psr-report.txt,123909,CompilerOptimization/Target/redis/src/sds.h,1188,,line_out_of_range,project_header,0,project_header,stringDigest,,123917,"%15 = load ptr, ptr %14, align 8, !dbg !261606, !tbaa !61923, !psr.id !261609 | ID: 121669",,"Phasar IFDS-Uninitialized use; variables=Line       : 1188; reported_source=hash = XXH3_64bits(o->ptr, sdslen(o->ptr));",debug_location_or_source_attribution_drift_candidate,0.99,0,,/home/jimi/PaperExperiment/CompilerOptimization/Result/redis/phasar/phasar-O2-g/runs/ifds-uninit/redis_O2_g-Wed-Mar-18-09:36:32-2026/psr-report.txt;/home/jimi/PaperExperiment/CompilerOptimization/Result/redis/phasar/phasar-O2-g/log/commands.log;/home/jimi/PaperExperiment/CompilerOptimization/Result/redis/phasar/phasar-O2-g/log/summary.csv,Generated by re-parsing psr-report.txt; source_resolution=result_worktree_to_target; exact source line was revalidated against the resolved source tree.
phasar.redis.O2g.009012,redis,phasar,P0,LineOutOfRange,LocationInvalid,reported,/home/jimi/PaperExperiment/CompilerOptimization/Result/redis/phasar/phasar-O2-g/runs/ifds-uninit/redis_O2_g-Wed-Mar-18-09:36:32-2026,redis_O2_g-Wed-Mar-18-09:36:32-2026,ifds-uninit,/home/jimi/PaperExperiment/CompilerOptimization/Result/redis/phasar/phasar-O2-g/artifacts/redis_O2_g.bc,/home/jimi/PaperExperiment/CompilerOptimization/Result/redis/phasar/phasar-O2-g/artifacts/redis_O2_g.ll,/home/jimi/PaperExperiment/CompilerOptimization/Result/redis/phasar/phasar-O2-g/runs/ifds-uninit/redis_O2_g-Wed-Mar-18-09:36:32-2026/psr-report.txt,126875,CompilerOptimization/Target/redis/src/sds.h,924,,line_out_of_range,project_header,0,project_header,appendCommand,,126883,"%39 = load ptr, ptr %38, align 8, !dbg !264784, !tbaa !61923, !psr.id !264786 | ID: 123449",,Phasar IFDS-Uninitialized use; variables=Line       : 924; reported_source=size_t append_len = sdslen(append->ptr);,debug_location_or_source_attribution_drift_candidate,0.99,0,,/home/jimi/PaperExperiment/CompilerOptimization/Result/redis/phasar/phasar-O2-g/runs/ifds-uninit/redis_O2_g-Wed-Mar-18-09:36:32-2026/psr-report.txt;/home/jimi/PaperExperiment/CompilerOptimization/Result/redis/phasar/phasar-O2-g/log/commands.log;/home/jimi/PaperExperiment/CompilerOptimization/Result/redis/phasar/phasar-O2-g/log/summary.csv,Generated by re-parsing psr-report.txt; source_resolution=result_worktree_to_target; exact source line was revalidated against the resolved source tree.
phasar.redis.O2g.009047,redis,phasar,P0,LineOutOfRange,LocationInvalid,reported,/home/jimi/PaperExperiment/CompilerOptimization/Result/redis/phasar/phasar-O2-g/runs/ifds-uninit/redis_O2_g-Wed-Mar-18-09:36:32-2026,redis_O2_g-Wed-Mar-18-09:36:32-2026,ifds-uninit,/home/jimi/PaperExperiment/CompilerOptimization/Result/redis/phasar/phasar-O2-g/artifacts/redis_O2_g.bc,/home/jimi/PaperExperiment/CompilerOptimization/Result/redis/phasar/phasar-O2-g/artifacts/redis_O2_g.ll,/home/jimi/PaperExperiment/CompilerOptimization/Result/redis/phasar/phasar-O2-g/runs/ifds-uninit/redis_O2_g-Wed-Mar-18-09:36:32-2026/psr-report.txt,127345,CompilerOptimization/Target/redis/src/sds.h,975,,line_out_of_range,project_header,0,project_header,lcsCommand,,127353,"%41 = load ptr, ptr %40, align 8, !dbg !265206, !tbaa !61923, !psr.id !265208 | ID: 123668",,Phasar IFDS-Uninitialized use; variables=Line       : 975; reported_source=a = obja->ptr;,debug_location_or_source_attribution_drift_candidate,0.99,0,,/home/jimi/PaperExperiment/CompilerOptimization/Result/redis/phasar/phasar-O2-g/runs/ifds-uninit/redis_O2_g-Wed-Mar-18-09:36:32-2026/psr-report.txt;/home/jimi/PaperExperiment/CompilerOptimization/Result/redis/phasar/phasar-O2-g/log/commands.log;/home/jimi/PaperExperiment/CompilerOptimization/Result/redis/phasar/phasar-O2-g/log/summary.csv,Generated by re-parsing psr-report.txt; source_resolution=result_worktree_to_target; exact source line was revalidated against the resolved source tree.
phasar.redis.O2g.009048,redis,phasar,P0,LineOutOfRange,LocationInvalid,reported,/home/jimi/PaperExperiment/CompilerOptimization/Result/redis/phasar/phasar-O2-g/runs/ifds-uninit/redis_O2_g-Wed-Mar-18-09:36:32-2026,redis_O2_g-Wed-Mar-18-09:36:32-2026,ifds-uninit,/home/jimi/PaperExperiment/CompilerOptimization/Result/redis/phasar/phasar-O2-g/artifacts/redis_O2_g.bc,/home/jimi/PaperExperiment/CompilerOptimization/Result/redis/phasar/phasar-O2-g/artifacts/redis_O2_g.ll,/home/jimi/PaperExperiment/CompilerOptimization/Result/redis/phasar/phasar-O2-g/runs/ifds-uninit/redis_O2_g-Wed-Mar-18-09:36:32-2026/psr-report.txt,127356,CompilerOptimization/Target/redis/src/sds.h,976,,line_out_of_range,project_header,0,project_header,lcsCommand,,127364,"%43 = load ptr, ptr %42, align 8, !dbg !265210, !tbaa !61923, !psr.id !265212 | ID: 123671",,Phasar IFDS-Uninitialized use; variables=Line       : 976; reported_source=b = objb->ptr;,debug_location_or_source_attribution_drift_candidate,0.99,0,,/home/jimi/PaperExperiment/CompilerOptimization/Result/redis/phasar/phasar-O2-g/runs/ifds-uninit/redis_O2_g-Wed-Mar-18-09:36:32-2026/psr-report.txt;/home/jimi/PaperExperiment/CompilerOptimization/Result/redis/phasar/phasar-O2-g/log/commands.log;/home/jimi/PaperExperiment/CompilerOptimization/Result/redis/phasar/phasar-O2-g/log/summary.csv,Generated by re-parsing psr-report.txt; source_resolution=result_worktree_to_target; exact source line was revalidated against the resolved source tree.
phasar.redis.O2g.009128,redis,phasar,P0,SourceTextMismatch,LocationDrift,reported,/home/jimi/PaperExperiment/CompilerOptimization/Result/redis/phasar/phasar-O2-g/runs/ifds-uninit/redis_O2_g-Wed-Mar-18-09:36:32-2026,redis_O2_g-Wed-Mar-18-09:36:32-2026,ifds-uninit,/home/jimi/PaperExperiment/CompilerOptimization/Result/redis/phasar/phasar-O2-g/artifacts/redis_O2_g.bc,/home/jimi/PaperExperiment/CompilerOptimization/Result/redis/phasar/phasar-O2-g/artifacts/redis_O2_g.ll,/home/jimi/PaperExperiment/CompilerOptimization/Result/redis/phasar/phasar-O2-g/runs/ifds-uninit/redis_O2_g-Wed-Mar-18-09:36:32-2026/psr-report.txt,128505,CompilerOptimization/Target/redis/src/sds.h,35,,valid,project_header,0,project_header,listTypeTryConversionRaw,,128513,"%101 = load ptr, ptr %100, align 8, !dbg !266370, !tbaa !61923, !psr.id !266372 | ID: 124347","    unsigned char flags; /* 3 lsb of type, 5 unused bits */",Phasar IFDS-Uninitialized use; variables=Line       : 35; reported_source=add_bytes += sdslen(argv[i]->ptr);,debug_location_or_source_attribution_drift_candidate,0.95,0,,/home/jimi/PaperExperiment/CompilerOptimization/Result/redis/phasar/phasar-O2-g/runs/ifds-uninit/redis_O2_g-Wed-Mar-18-09:36:32-2026/psr-report.txt;/home/jimi/PaperExperiment/CompilerOptimization/Result/redis/phasar/phasar-O2-g/log/commands.log;/home/jimi/PaperExperiment/CompilerOptimization/Result/redis/phasar/phasar-O2-g/log/summary.csv,Generated by re-parsing psr-report.txt; source_resolution=result_worktree_to_target; exact source line was revalidated against the resolved source tree.
phasar.redis.O2g.009211,redis,phasar,P0,SourceTextMismatch,LocationDrift,reported,/home/jimi/PaperExperiment/CompilerOptimization/Result/redis/phasar/phasar-O2-g/runs/ifds-uninit/redis_O2_g-Wed-Mar-18-09:36:32-2026,redis_O2_g-Wed-Mar-18-09:36:32-2026,ifds-uninit,/home/jimi/PaperExperiment/CompilerOptimization/Result/redis/phasar/phasar-O2-g/artifacts/redis_O2_g.bc,/home/jimi/PaperExperiment/CompilerOptimization/Result/redis/phasar/phasar-O2-g/artifacts/redis_O2_g.ll,/home/jimi/PaperExperiment/CompilerOptimization/Result/redis/phasar/phasar-O2-g/runs/ifds-uninit/redis_O2_g-Wed-Mar-18-09:36:32-2026/psr-report.txt,129605,CompilerOptimization/Target/redis/src/sds.h,332,,valid,project_header,0,project_header,listTypeInsert,,129613,"%8 = load ptr, ptr %7, align 8, !dbg !267539, !tbaa !61923, !psr.id !267541 | ID: 124934",void *sds_malloc(size_t size);,Phasar IFDS-Uninitialized use; variables=Line       : 332; reported_source=sds str = value->ptr;,debug_location_or_source_attribution_drift_candidate,0.95,0,,/home/jimi/PaperExperiment/CompilerOptimization/Result/redis/phasar/phasar-O2-g/runs/ifds-uninit/redis_O2_g-Wed-Mar-18-09:36:32-2026/psr-report.txt;/home/jimi/PaperExperiment/CompilerOptimization/Result/redis/phasar/phasar-O2-g/log/commands.log;/home/jimi/PaperExperiment/CompilerOptimization/Result/redis/phasar/phasar-O2-g/log/summary.csv,Generated by re-parsing psr-report.txt; source_resolution=result_worktree_to_target; exact source line was revalidated against the resolved source tree.
phasar.redis.O2g.009225,redis,phasar,P0,LineOutOfRange,LocationInvalid,reported,/home/jimi/PaperExperiment/CompilerOptimization/Result/redis/phasar/phasar-O2-g/runs/ifds-uninit/redis_O2_g-Wed-Mar-18-09:36:32-2026,redis_O2_g-Wed-Mar-18-09:36:32-2026,ifds-uninit,/home/jimi/PaperExperiment/CompilerOptimization/Result/redis/phasar/phasar-O2-g/artifacts/redis_O2_g.bc,/home/jimi/PaperExperiment/CompilerOptimization/Result/redis/phasar/phasar-O2-g/artifacts/redis_O2_g.ll,/home/jimi/PaperExperiment/CompilerOptimization/Result/redis/phasar/phasar-O2-g/runs/ifds-uninit/redis_O2_g-Wed-Mar-18-09:36:32-2026/psr-report.txt,129782,CompilerOptimization/Target/redis/src/sds.h,355,,line_out_of_range,project_header,0,project_header,listTypeReplace,,129790,"%7 = load ptr, ptr %6, align 8, !dbg !267669, !tbaa !61923, !psr.id !267671 | ID: 125000",,Phasar IFDS-Uninitialized use; variables=Line       : 355; reported_source=sds str = value->ptr;,debug_location_or_source_attribution_drift_candidate,0.99,0,,/home/jimi/PaperExperiment/CompilerOptimization/Result/redis/phasar/phasar-O2-g/runs/ifds-uninit/redis_O2_g-Wed-Mar-18-09:36:32-2026/psr-report.txt;/home/jimi/PaperExperiment/CompilerOptimization/Result/redis/phasar/phasar-O2-g/log/commands.log;/home/jimi/PaperExperiment/CompilerOptimization/Result/redis/phasar/phasar-O2-g/log/summary.csv,Generated by re-parsing psr-report.txt; source_resolution=result_worktree_to_target; exact source line was revalidated against the resolved source tree.
phasar.redis.O2g.009235,redis,phasar,P0,LineOutOfRange,LocationInvalid,reported,/home/jimi/PaperExperiment/CompilerOptimization/Result/redis/phasar/phasar-O2-g/runs/ifds-uninit/redis_O2_g-Wed-Mar-18-09:36:32-2026,redis_O2_g-Wed-Mar-18-09:36:32-2026,ifds-uninit,/home/jimi/PaperExperiment/CompilerOptimization/Result/redis/phasar/phasar-O2-g/artifacts/redis_O2_g.bc,/home/jimi/PaperExperiment/CompilerOptimization/Result/redis/phasar/phasar-O2-g/artifacts/redis_O2_g.ll,/home/jimi/PaperExperiment/CompilerOptimization/Result/redis/phasar/phasar-O2-g/runs/ifds-uninit/redis_O2_g-Wed-Mar-18-09:36:32-2026/psr-report.txt,129907,CompilerOptimization/Target/redis/src/sds.h,375,,line_out_of_range,project_header,0,project_header,listTypeReplaceAtIndex,,129915,"%7 = load ptr, ptr %6, align 8, !dbg !267785, !tbaa !61923, !psr.id !267787 | ID: 125056",,Phasar IFDS-Uninitialized use; variables=Line       : 375; reported_source=sds vstr = value->ptr;,debug_location_or_source_attribution_drift_candidate,0.99,0,,/home/jimi/PaperExperiment/CompilerOptimization/Result/redis/phasar/phasar-O2-g/runs/ifds-uninit/redis_O2_g-Wed-Mar-18-09:36:32-2026/psr-report.txt;/home/jimi/PaperExperiment/CompilerOptimization/Result/redis/phasar/phasar-O2-g/log/commands.log;/home/jimi/PaperExperiment/CompilerOptimization/Result/redis/phasar/phasar-O2-g/log/summary.csv,Generated by re-parsing psr-report.txt; source_resolution=result_worktree_to_target; exact source line was revalidated against the resolved source tree.
phasar.redis.O2g.009466,redis,phasar,P0,LineOutOfRange,LocationInvalid,reported,/home/jimi/PaperExperiment/CompilerOptimization/Result/redis/phasar/phasar-O2-g/runs/ifds-uninit/redis_O2_g-Wed-Mar-18-09:36:32-2026,redis_O2_g-Wed-Mar-18-09:36:32-2026,ifds-uninit,/home/jimi/PaperExperiment/CompilerOptimization/Result/redis/phasar/phasar-O2-g/artifacts/redis_O2_g.bc,/home/jimi/PaperExperiment/CompilerOptimization/Result/redis/phasar/phasar-O2-g/artifacts/redis_O2_g.ll,/home/jimi/PaperExperiment/CompilerOptimization/Result/redis/phasar/phasar-O2-g/runs/ifds-uninit/redis_O2_g-Wed-Mar-18-09:36:32-2026/psr-report.txt,133157,CompilerOptimization/Target/redis/src/sds.h,1070,,line_out_of_range,project_header,0,project_header,lposCommand,,133165,"%137 = load ptr, ptr %136, align 8, !dbg !271810, !tbaa !61923, !psr.id !271812 | ID: 126943",,Phasar IFDS-Uninitialized use; variables=Line       : 1070; reported_source=const size_t ele_len = sdslen(ele->ptr);,debug_location_or_source_attribution_drift_candidate,0.99,0,,/home/jimi/PaperExperiment/CompilerOptimization/Result/redis/phasar/phasar-O2-g/runs/ifds-uninit/redis_O2_g-Wed-Mar-18-09:36:32-2026/psr-report.txt;/home/jimi/PaperExperiment/CompilerOptimization/Result/redis/phasar/phasar-O2-g/log/commands.log;/home/jimi/PaperExperiment/CompilerOptimization/Result/redis/phasar/phasar-O2-g/log/summary.csv,Generated by re-parsing psr-report.txt; source_resolution=result_worktree_to_target; exact source line was revalidated against the resolved source tree.
phasar.redis.O2g.009665,redis,phasar,P0,SourceLineEmptyOrNonCode,LocationInvalid,reported,/home/jimi/PaperExperiment/CompilerOptimization/Result/redis/phasar/phasar-O2-g/runs/ifds-uninit/redis_O2_g-Wed-Mar-18-09:36:32-2026,redis_O2_g-Wed-Mar-18-09:36:32-2026,ifds-uninit,/home/jimi/PaperExperiment/CompilerOptimization/Result/redis/phasar/phasar-O2-g/artifacts/redis_O2_g.bc,/home/jimi/PaperExperiment/CompilerOptimization/Result/redis/phasar/phasar-O2-g/artifacts/redis_O2_g.ll,/home/jimi/PaperExperiment/CompilerOptimization/Result/redis/phasar/phasar-O2-g/runs/ifds-uninit/redis_O2_g-Wed-Mar-18-09:36:32-2026/psr-report.txt,135891,CompilerOptimization/Target/redis/src/server.h,130,,preprocessor_only,project_header,0,project_header,setTypeAddAux,,135899,"%55 = load ptr, ptr %54, align 8, !dbg !274896, !tbaa !61923, !psr.id !274898 | ID: 128587",#define AOF_ANNOTATION_LINE_MAX_LEN 1024,Phasar IFDS-Uninitialized use; variables=Line       : 130; reported_source=dict *ht = set->ptr;,debug_location_or_source_attribution_drift_candidate,0.95,0,,/home/jimi/PaperExperiment/CompilerOptimization/Result/redis/phasar/phasar-O2-g/runs/ifds-uninit/redis_O2_g-Wed-Mar-18-09:36:32-2026/psr-report.txt;/home/jimi/PaperExperiment/CompilerOptimization/Result/redis/phasar/phasar-O2-g/log/commands.log;/home/jimi/PaperExperiment/CompilerOptimization/Result/redis/phasar/phasar-O2-g/log/summary.csv,Generated by re-parsing psr-report.txt; source_resolution=result_worktree_to_target; exact source line was revalidated against the resolved source tree.
phasar.redis.O2g.009697,redis,phasar,P0,SourceTextMismatch,LocationDrift,reported,/home/jimi/PaperExperiment/CompilerOptimization/Result/redis/phasar/phasar-O2-g/runs/ifds-uninit/redis_O2_g-Wed-Mar-18-09:36:32-2026,redis_O2_g-Wed-Mar-18-09:36:32-2026,ifds-uninit,/home/jimi/PaperExperiment/CompilerOptimization/Result/redis/phasar/phasar-O2-g/artifacts/redis_O2_g.bc,/home/jimi/PaperExperiment/CompilerOptimization/Result/redis/phasar/phasar-O2-g/artifacts/redis_O2_g.ll,/home/jimi/PaperExperiment/CompilerOptimization/Result/redis/phasar/phasar-O2-g/runs/ifds-uninit/redis_O2_g-Wed-Mar-18-09:36:32-2026/psr-report.txt,136289,CompilerOptimization/Target/redis/src/server.h,167,,valid,project_header,0,project_header,setTypeAddAux,,136297,"%166 = load ptr, ptr %101, align 8, !dbg !275145, !tbaa !61923, !psr.id !275146 | ID: 128728", * Usually children that are terminated with SIGUSR1 will exit with this,Phasar IFDS-Uninitialized use; variables=Line       : 167; reported_source=*htGetMetadataSize(set->ptr) += sdsAllocSize(newval);,debug_location_or_source_attribution_drift_candidate,0.95,0,,/home/jimi/PaperExperiment/CompilerOptimization/Result/redis/phasar/phasar-O2-g/runs/ifds-uninit/redis_O2_g-Wed-Mar-18-09:36:32-2026/psr-report.txt;/home/jimi/PaperExperiment/CompilerOptimization/Result/redis/phasar/phasar-O2-g/log/commands.log;/home/jimi/PaperExperiment/CompilerOptimization/Result/redis/phasar/phasar-O2-g/log/summary.csv,Generated by re-parsing psr-report.txt; source_resolution=result_worktree_to_target; exact source line was revalidated against the resolved source tree.
phasar.redis.O2g.009723,redis,phasar,P0,SourceLineEmptyOrNonCode,LocationInvalid,reported,/home/jimi/PaperExperiment/CompilerOptimization/Result/redis/phasar/phasar-O2-g/runs/ifds-uninit/redis_O2_g-Wed-Mar-18-09:36:32-2026,redis_O2_g-Wed-Mar-18-09:36:32-2026,ifds-uninit,/home/jimi/PaperExperiment/CompilerOptimization/Result/redis/phasar/phasar-O2-g/artifacts/redis_O2_g.bc,/home/jimi/PaperExperiment/CompilerOptimization/Result/redis/phasar/phasar-O2-g/artifacts/redis_O2_g.ll,/home/jimi/PaperExperiment/CompilerOptimization/Result/redis/phasar/phasar-O2-g/runs/ifds-uninit/redis_O2_g-Wed-Mar-18-09:36:32-2026/psr-report.txt,136626,CompilerOptimization/Target/redis/src/server.h,213,,preprocessor_only,project_header,0,project_header,setTypeAddAux,,136634,"%281 = load ptr, ptr %193, align 8, !dbg !275404, !tbaa !61923, !psr.id !275405 | ID: 128882",#define CONFIG_OOM_MASTER 0,Phasar IFDS-Uninitialized use; variables=Line       : 213; reported_source=*htGetMetadataSize(set->ptr) += sdsAllocSize(newval);,debug_location_or_source_attribution_drift_candidate,0.95,0,,/home/jimi/PaperExperiment/CompilerOptimization/Result/redis/phasar/phasar-O2-g/runs/ifds-uninit/redis_O2_g-Wed-Mar-18-09:36:32-2026/psr-report.txt;/home/jimi/PaperExperiment/CompilerOptimization/Result/redis/phasar/phasar-O2-g/log/commands.log;/home/jimi/PaperExperiment/CompilerOptimization/Result/redis/phasar/phasar-O2-g/log/summary.csv,Generated by re-parsing psr-report.txt; source_resolution=result_worktree_to_target; exact source line was revalidated against the resolved source tree.
phasar.redis.O2g.009789,redis,phasar,P0,SourceTextMismatch,LocationDrift,reported,/home/jimi/PaperExperiment/CompilerOptimization/Result/redis/phasar/phasar-O2-g/runs/ifds-uninit/redis_O2_g-Wed-Mar-18-09:36:32-2026,redis_O2_g-Wed-Mar-18-09:36:32-2026,ifds-uninit,/home/jimi/PaperExperiment/CompilerOptimization/Result/redis/phasar/phasar-O2-g/artifacts/redis_O2_g.bc,/home/jimi/PaperExperiment/CompilerOptimization/Result/redis/phasar/phasar-O2-g/artifacts/redis_O2_g.ll,/home/jimi/PaperExperiment/CompilerOptimization/Result/redis/phasar/phasar-O2-g/runs/ifds-uninit/redis_O2_g-Wed-Mar-18-09:36:32-2026/psr-report.txt,137558,CompilerOptimization/Target/redis/src/server.h,484,,valid,project_header,0,project_header,setTypeAllocSize,,137566,"%12 = load ptr, ptr %11, align 8, !dbg !276459, !tbaa !61923, !psr.id !276461 | ID: 129477","    BLOCKED_WAITAOF, /* WAITAOF for AOF file fsync. */",Phasar IFDS-Uninitialized use; variables=Line       : 484; reported_source=dict *d = o->ptr;,debug_location_or_source_attribution_drift_candidate,0.95,0,,/home/jimi/PaperExperiment/CompilerOptimization/Result/redis/phasar/phasar-O2-g/runs/ifds-uninit/redis_O2_g-Wed-Mar-18-09:36:32-2026/psr-report.txt;/home/jimi/PaperExperiment/CompilerOptimization/Result/redis/phasar/phasar-O2-g/log/commands.log;/home/jimi/PaperExperiment/CompilerOptimization/Result/redis/phasar/phasar-O2-g/log/summary.csv,Generated by re-parsing psr-report.txt; source_resolution=result_worktree_to_target; exact source line was revalidated against the resolved source tree.
phasar.redis.O2g.009803,redis,phasar,P0,LineOutOfRange,LocationInvalid,reported,/home/jimi/PaperExperiment/CompilerOptimization/Result/redis/phasar/phasar-O2-g/runs/ifds-uninit/redis_O2_g-Wed-Mar-18-09:36:32-2026,redis_O2_g-Wed-Mar-18-09:36:32-2026,ifds-uninit,/home/jimi/PaperExperiment/CompilerOptimization/Result/redis/phasar/phasar-O2-g/artifacts/redis_O2_g.bc,/home/jimi/PaperExperiment/CompilerOptimization/Result/redis/phasar/phasar-O2-g/artifacts/redis_O2_g.ll,/home/jimi/PaperExperiment/CompilerOptimization/Result/redis/phasar/phasar-O2-g/runs/ifds-uninit/redis_O2_g-Wed-Mar-18-09:36:32-2026/psr-report.txt,137748,CompilerOptimization/Target/redis/src/sds.h,602,,line_out_of_range,project_header,0,project_header,setTypeDup,,137757,"%61 = load ptr, ptr %3, align 8, !dbg !276679, !tbaa !61455, !psr.id !276681 | ID: 129599",,"Phasar IFDS-Uninitialized use; variables=str; reported_source=setTypeAdd(set, (sds)str);",debug_location_or_source_attribution_drift_candidate,0.99,0,,/home/jimi/PaperExperiment/CompilerOptimization/Result/redis/phasar/phasar-O2-g/runs/ifds-uninit/redis_O2_g-Wed-Mar-18-09:36:32-2026/psr-report.txt;/home/jimi/PaperExperiment/CompilerOptimization/Result/redis/phasar/phasar-O2-g/log/commands.log;/home/jimi/PaperExperiment/CompilerOptimization/Result/redis/phasar/phasar-O2-g/log/summary.csv,Generated by re-parsing psr-report.txt; source_resolution=result_worktree_to_target; exact source line was revalidated against the resolved source tree.
phasar.redis.O2g.010319,redis,phasar,P0,LineOutOfRange,LocationInvalid,reported,/home/jimi/PaperExperiment/CompilerOptimization/Result/redis/phasar/phasar-O2-g/runs/ifds-uninit/redis_O2_g-Wed-Mar-18-09:36:32-2026,redis_O2_g-Wed-Mar-18-09:36:32-2026,ifds-uninit,/home/jimi/PaperExperiment/CompilerOptimization/Result/redis/phasar/phasar-O2-g/artifacts/redis_O2_g.bc,/home/jimi/PaperExperiment/CompilerOptimization/Result/redis/phasar/phasar-O2-g/artifacts/redis_O2_g.ll,/home/jimi/PaperExperiment/CompilerOptimization/Result/redis/phasar/phasar-O2-g/runs/ifds-uninit/redis_O2_g-Wed-Mar-18-09:36:32-2026/psr-report.txt,145138,CompilerOptimization/Target/redis/src/sds.h,765,,line_out_of_range,project_header,0,project_header,zslParseLexRangeItem,,145146,"%5 = load ptr, ptr %4, align 8, !dbg !286975, !tbaa !61923, !psr.id !286977 | ID: 135260",,Phasar IFDS-Uninitialized use; variables=Line       : 765; reported_source=char *c = item->ptr;,debug_location_or_source_attribution_drift_candidate,0.99,0,,/home/jimi/PaperExperiment/CompilerOptimization/Result/redis/phasar/phasar-O2-g/runs/ifds-uninit/redis_O2_g-Wed-Mar-18-09:36:32-2026/psr-report.txt;/home/jimi/PaperExperiment/CompilerOptimization/Result/redis/phasar/phasar-O2-g/log/commands.log;/home/jimi/PaperExperiment/CompilerOptimization/Result/redis/phasar/phasar-O2-g/log/summary.csv,Generated by re-parsing psr-report.txt; source_resolution=result_worktree_to_target; exact source line was revalidated against the resolved source tree.
phasar.redis.O2g.011323,redis,phasar,P0,LineOutOfRange,LocationInvalid,reported,/home/jimi/PaperExperiment/CompilerOptimization/Result/redis/phasar/phasar-O2-g/runs/ifds-uninit/redis_O2_g-Wed-Mar-18-09:36:32-2026,redis_O2_g-Wed-Mar-18-09:36:32-2026,ifds-uninit,/home/jimi/PaperExperiment/CompilerOptimization/Result/redis/phasar/phasar-O2-g/artifacts/redis_O2_g.bc,/home/jimi/PaperExperiment/CompilerOptimization/Result/redis/phasar/phasar-O2-g/artifacts/redis_O2_g.ll,/home/jimi/PaperExperiment/CompilerOptimization/Result/redis/phasar/phasar-O2-g/runs/ifds-uninit/redis_O2_g-Wed-Mar-18-09:36:32-2026/psr-report.txt,158740,CompilerOptimization/Target/redis/src/sds.h,10957,,line_out_of_range,project_header,0,project_header,RM_DictCompare,,158748,"%9 = load ptr, ptr %8, align 8, !dbg !537722, !tbaa !61923, !psr.id !537724 | ID: 269514",,"Phasar IFDS-Uninitialized use; variables=Line       : 10957; reported_source=int res = raxCompare(&di->ri,op,key->ptr,sdslen(key->ptr));",debug_location_or_source_attribution_drift_candidate,0.99,0,,/home/jimi/PaperExperiment/CompilerOptimization/Result/redis/phasar/phasar-O2-g/runs/ifds-uninit/redis_O2_g-Wed-Mar-18-09:36:32-2026/psr-report.txt;/home/jimi/PaperExperiment/CompilerOptimization/Result/redis/phasar/phasar-O2-g/log/commands.log;/home/jimi/PaperExperiment/CompilerOptimization/Result/redis/phasar/phasar-O2-g/log/summary.csv,Generated by re-parsing psr-report.txt; source_resolution=result_worktree_to_target; exact source line was revalidated against the resolved source tree.
phasar.redis.O2g.011334,redis,phasar,P0,LineOutOfRange,LocationInvalid,reported,/home/jimi/PaperExperiment/CompilerOptimization/Result/redis/phasar/phasar-O2-g/runs/ifds-uninit/redis_O2_g-Wed-Mar-18-09:36:32-2026,redis_O2_g-Wed-Mar-18-09:36:32-2026,ifds-uninit,/home/jimi/PaperExperiment/CompilerOptimization/Result/redis/phasar/phasar-O2-g/artifacts/redis_O2_g.bc,/home/jimi/PaperExperiment/CompilerOptimization/Result/redis/phasar/phasar-O2-g/artifacts/redis_O2_g.ll,/home/jimi/PaperExperiment/CompilerOptimization/Result/redis/phasar/phasar-O2-g/runs/ifds-uninit/redis_O2_g-Wed-Mar-18-09:36:32-2026/psr-report.txt,158879,CompilerOptimization/Target/redis/src/sds.h,11028,,line_out_of_range,project_header,0,project_header,RM_InfoAddSection,,158887,"%20 = load ptr, ptr %19, align 8, !dbg !537837, !tbaa !537840, !psr.id !537841 | ID: 269571",,"Phasar IFDS-Uninitialized use; variables=Line       : 11028; reported_source=if (ctx->info[sdslen(ctx->info)-1]==',')",debug_location_or_source_attribution_drift_candidate,0.99,0,,/home/jimi/PaperExperiment/CompilerOptimization/Result/redis/phasar/phasar-O2-g/runs/ifds-uninit/redis_O2_g-Wed-Mar-18-09:36:32-2026/psr-report.txt;/home/jimi/PaperExperiment/CompilerOptimization/Result/redis/phasar/phasar-O2-g/log/commands.log;/home/jimi/PaperExperiment/CompilerOptimization/Result/redis/phasar/phasar-O2-g/log/summary.csv,Generated by re-parsing psr-report.txt; source_resolution=result_worktree_to_target; exact source line was revalidated against the resolved source tree.
phasar.redis.O2g.011352,redis,phasar,P0,LineOutOfRange,LocationInvalid,reported,/home/jimi/PaperExperiment/CompilerOptimization/Result/redis/phasar/phasar-O2-g/runs/ifds-uninit/redis_O2_g-Wed-Mar-18-09:36:32-2026,redis_O2_g-Wed-Mar-18-09:36:32-2026,ifds-uninit,/home/jimi/PaperExperiment/CompilerOptimization/Result/redis/phasar/phasar-O2-g/artifacts/redis_O2_g.bc,/home/jimi/PaperExperiment/CompilerOptimization/Result/redis/phasar/phasar-O2-g/artifacts/redis_O2_g.ll,/home/jimi/PaperExperiment/CompilerOptimization/Result/redis/phasar/phasar-O2-g/runs/ifds-uninit/redis_O2_g-Wed-Mar-18-09:36:32-2026/psr-report.txt,159122,CompilerOptimization/Target/redis/src/sds.h,11028,,line_out_of_range,project_header,0,project_header,RM_InfoEndDictField,,159130,"%7 = load ptr, ptr %6, align 8, !dbg !538003, !tbaa !537840, !psr.id !538005 | ID: 269660",,"Phasar IFDS-Uninitialized use; variables=Line       : 11028; reported_source=if (ctx->info[sdslen(ctx->info)-1]==',')",debug_location_or_source_attribution_drift_candidate,0.99,0,,/home/jimi/PaperExperiment/CompilerOptimization/Result/redis/phasar/phasar-O2-g/runs/ifds-uninit/redis_O2_g-Wed-Mar-18-09:36:32-2026/psr-report.txt;/home/jimi/PaperExperiment/CompilerOptimization/Result/redis/phasar/phasar-O2-g/log/commands.log;/home/jimi/PaperExperiment/CompilerOptimization/Result/redis/phasar/phasar-O2-g/log/summary.csv,Generated by re-parsing psr-report.txt; source_resolution=result_worktree_to_target; exact source line was revalidated against the resolved source tree.
phasar.redis.O2g.011405,redis,phasar,P0,LineOutOfRange,LocationInvalid,reported,/home/jimi/PaperExperiment/CompilerOptimization/Result/redis/phasar/phasar-O2-g/runs/ifds-uninit/redis_O2_g-Wed-Mar-18-09:36:32-2026,redis_O2_g-Wed-Mar-18-09:36:32-2026,ifds-uninit,/home/jimi/PaperExperiment/CompilerOptimization/Result/redis/phasar/phasar-O2-g/artifacts/redis_O2_g.bc,/home/jimi/PaperExperiment/CompilerOptimization/Result/redis/phasar/phasar-O2-g/artifacts/redis_O2_g.ll,/home/jimi/PaperExperiment/CompilerOptimization/Result/redis/phasar/phasar-O2-g/runs/ifds-uninit/redis_O2_g-Wed-Mar-18-09:36:32-2026/psr-report.txt,159801,CompilerOptimization/Target/redis/src/sds.h,11212,,line_out_of_range,project_header,0,project_header,RM_ServerInfoGetField,,159810,"%10 = load ptr, ptr %4, align 8, !dbg !539052, !tbaa !61455, !psr.id !539053 | ID: 270226",,Phasar IFDS-Uninitialized use; variables=result; reported_source=sds val = result;,debug_location_or_source_attribution_drift_candidate,0.99,0,,/home/jimi/PaperExperiment/CompilerOptimization/Result/redis/phasar/phasar-O2-g/runs/ifds-uninit/redis_O2_g-Wed-Mar-18-09:36:32-2026/psr-report.txt;/home/jimi/PaperExperiment/CompilerOptimization/Result/redis/phasar/phasar-O2-g/log/commands.log;/home/jimi/PaperExperiment/CompilerOptimization/Result/redis/phasar/phasar-O2-g/log/summary.csv,Generated by re-parsing psr-report.txt; source_resolution=result_worktree_to_target; exact source line was revalidated against the resolved source tree.
phasar.redis.O2g.011936,redis,phasar,P0,LineOutOfRange,LocationInvalid,reported,/home/jimi/PaperExperiment/CompilerOptimization/Result/redis/phasar/phasar-O2-g/runs/ifds-uninit/redis_O2_g-Wed-Mar-18-09:36:32-2026,redis_O2_g-Wed-Mar-18-09:36:32-2026,ifds-uninit,/home/jimi/PaperExperiment/CompilerOptimization/Result/redis/phasar/phasar-O2-g/artifacts/redis_O2_g.bc,/home/jimi/PaperExperiment/CompilerOptimization/Result/redis/phasar/phasar-O2-g/artifacts/redis_O2_g.ll,/home/jimi/PaperExperiment/CompilerOptimization/Result/redis/phasar/phasar-O2-g/runs/ifds-uninit/redis_O2_g-Wed-Mar-18-09:36:32-2026/psr-report.txt,167000,CompilerOptimization/Target/redis/src/sds.h,605,,line_out_of_range,project_header,0,project_header,hashTypeTryConversion,,167008,"%40 = load ptr, ptr %39, align 8, !dbg !310282, !tbaa !61923, !psr.id !310284 | ID: 147990",,Phasar IFDS-Uninitialized use; variables=Line       : 605; reported_source=size_t len = sdslen(argv[i]->ptr);,debug_location_or_source_attribution_drift_candidate,0.99,0,,/home/jimi/PaperExperiment/CompilerOptimization/Result/redis/phasar/phasar-O2-g/runs/ifds-uninit/redis_O2_g-Wed-Mar-18-09:36:32-2026/psr-report.txt;/home/jimi/PaperExperiment/CompilerOptimization/Result/redis/phasar/phasar-O2-g/log/commands.log;/home/jimi/PaperExperiment/CompilerOptimization/Result/redis/phasar/phasar-O2-g/log/summary.csv,Generated by re-parsing psr-report.txt; source_resolution=result_worktree_to_target; exact source line was revalidated against the resolved source tree.
phasar.redis.O2g.012253,redis,phasar,P0,LineOutOfRange,LocationInvalid,reported,/home/jimi/PaperExperiment/CompilerOptimization/Result/redis/phasar/phasar-O2-g/runs/ifds-uninit/redis_O2_g-Wed-Mar-18-09:36:32-2026,redis_O2_g-Wed-Mar-18-09:36:32-2026,ifds-uninit,/home/jimi/PaperExperiment/CompilerOptimization/Result/redis/phasar/phasar-O2-g/artifacts/redis_O2_g.bc,/home/jimi/PaperExperiment/CompilerOptimization/Result/redis/phasar/phasar-O2-g/artifacts/redis_O2_g.ll,/home/jimi/PaperExperiment/CompilerOptimization/Result/redis/phasar/phasar-O2-g/runs/ifds-uninit/redis_O2_g-Wed-Mar-18-09:36:32-2026/psr-report.txt,171191,CompilerOptimization/Target/redis/src/connection.h,1099,,line_out_of_range,project_header,0,project_header,asmImportSetFailed,,171200,"%12 = load ptr, ptr %11, align 8, !dbg !388291, !tbaa !388293, !psr.id !388294 | ID: 188655",,Phasar IFDS-Uninitialized use; variables=conn; reported_source=if (task->rdb_channel_conn && task->rdb_channel_state == ASM_RDBCHANNEL_TRANSFER) {,debug_location_or_source_attribution_drift_candidate,0.99,0,,/home/jimi/PaperExperiment/CompilerOptimization/Result/redis/phasar/phasar-O2-g/runs/ifds-uninit/redis_O2_g-Wed-Mar-18-09:36:32-2026/psr-report.txt;/home/jimi/PaperExperiment/CompilerOptimization/Result/redis/phasar/phasar-O2-g/log/commands.log;/home/jimi/PaperExperiment/CompilerOptimization/Result/redis/phasar/phasar-O2-g/log/summary.csv,Generated by re-parsing psr-report.txt; source_resolution=result_worktree_to_target; exact source line was revalidated against the resolved source tree.
phasar.redis.O2g.012254,redis,phasar,P0,SourceTextMismatch,LocationDrift,reported,/home/jimi/PaperExperiment/CompilerOptimization/Result/redis/phasar/phasar-O2-g/runs/ifds-uninit/redis_O2_g-Wed-Mar-18-09:36:32-2026,redis_O2_g-Wed-Mar-18-09:36:32-2026,ifds-uninit,/home/jimi/PaperExperiment/CompilerOptimization/Result/redis/phasar/phasar-O2-g/artifacts/redis_O2_g.bc,/home/jimi/PaperExperiment/CompilerOptimization/Result/redis/phasar/phasar-O2-g/artifacts/redis_O2_g.ll,/home/jimi/PaperExperiment/CompilerOptimization/Result/redis/phasar/phasar-O2-g/runs/ifds-uninit/redis_O2_g-Wed-Mar-18-09:36:32-2026/psr-report.txt,171213,CompilerOptimization/Target/redis/src/cluster_asm.c,360,,valid,project_source,1,not_header,asmImportSetFailed,,171221,"%20 = load ptr, ptr %19, align 8, !dbg !388314, !tbaa !163471, !psr.id !388316 | ID: 188664",    zfree(task);,Phasar IFDS-Uninitialized use; variables=Line       : 360; reported_source=return conn->private_data;,debug_location_or_source_attribution_drift_candidate,0.95,0,,/home/jimi/PaperExperiment/CompilerOptimization/Result/redis/phasar/phasar-O2-g/runs/ifds-uninit/redis_O2_g-Wed-Mar-18-09:36:32-2026/psr-report.txt;/home/jimi/PaperExperiment/CompilerOptimization/Result/redis/phasar/phasar-O2-g/log/commands.log;/home/jimi/PaperExperiment/CompilerOptimization/Result/redis/phasar/phasar-O2-g/log/summary.csv,Generated by re-parsing psr-report.txt; source_resolution=result_worktree_to_target; exact source line was revalidated against the resolved source tree.
phasar.redis.O2g.012257,redis,phasar,P0,LineOutOfRange,LocationInvalid,reported,/home/jimi/PaperExperiment/CompilerOptimization/Result/redis/phasar/phasar-O2-g/runs/ifds-uninit/redis_O2_g-Wed-Mar-18-09:36:32-2026,redis_O2_g-Wed-Mar-18-09:36:32-2026,ifds-uninit,/home/jimi/PaperExperiment/CompilerOptimization/Result/redis/phasar/phasar-O2-g/artifacts/redis_O2_g.bc,/home/jimi/PaperExperiment/CompilerOptimization/Result/redis/phasar/phasar-O2-g/artifacts/redis_O2_g.ll,/home/jimi/PaperExperiment/CompilerOptimization/Result/redis/phasar/phasar-O2-g/runs/ifds-uninit/redis_O2_g-Wed-Mar-18-09:36:32-2026/psr-report.txt,171254,CompilerOptimization/Target/redis/src/connection.h,1110,,line_out_of_range,project_header,0,project_header,asmImportSetFailed,,171263,"%31 = load ptr, ptr %30, align 8, !dbg !388341, !tbaa !388343, !psr.id !388344 | ID: 188682",,Phasar IFDS-Uninitialized use; variables=conn; reported_source=if (task->main_channel_conn &&,debug_location_or_source_attribution_drift_candidate,0.99,0,,/home/jimi/PaperExperiment/CompilerOptimization/Result/redis/phasar/phasar-O2-g/runs/ifds-uninit/redis_O2_g-Wed-Mar-18-09:36:32-2026/psr-report.txt;/home/jimi/PaperExperiment/CompilerOptimization/Result/redis/phasar/phasar-O2-g/log/commands.log;/home/jimi/PaperExperiment/CompilerOptimization/Result/redis/phasar/phasar-O2-g/log/summary.csv,Generated by re-parsing psr-report.txt; source_resolution=result_worktree_to_target; exact source line was revalidated against the resolved source tree.
phasar.redis.O2g.012259,redis,phasar,P0,SourceTextMismatch,LocationDrift,reported,/home/jimi/PaperExperiment/CompilerOptimization/Result/redis/phasar/phasar-O2-g/runs/ifds-uninit/redis_O2_g-Wed-Mar-18-09:36:32-2026,redis_O2_g-Wed-Mar-18-09:36:32-2026,ifds-uninit,/home/jimi/PaperExperiment/CompilerOptimization/Result/redis/phasar/phasar-O2-g/artifacts/redis_O2_g.bc,/home/jimi/PaperExperiment/CompilerOptimization/Result/redis/phasar/phasar-O2-g/artifacts/redis_O2_g.ll,/home/jimi/PaperExperiment/CompilerOptimization/Result/redis/phasar/phasar-O2-g/runs/ifds-uninit/redis_O2_g-Wed-Mar-18-09:36:32-2026/psr-report.txt,171287,CompilerOptimization/Target/redis/src/cluster_asm.c,360,,valid,project_source,1,not_header,asmImportSetFailed,,171295,"%39 = load ptr, ptr %38, align 8, !dbg !388358, !tbaa !163471, !psr.id !388360 | ID: 188691",    zfree(task);,Phasar IFDS-Uninitialized use; variables=Line       : 360; reported_source=return conn->private_data;,debug_location_or_source_attribution_drift_candidate,0.95,0,,/home/jimi/PaperExperiment/CompilerOptimization/Result/redis/phasar/phasar-O2-g/runs/ifds-uninit/redis_O2_g-Wed-Mar-18-09:36:32-2026/psr-report.txt;/home/jimi/PaperExperiment/CompilerOptimization/Result/redis/phasar/phasar-O2-g/log/commands.log;/home/jimi/PaperExperiment/CompilerOptimization/Result/redis/phasar/phasar-O2-g/log/summary.csv,Generated by re-parsing psr-report.txt; source_resolution=result_worktree_to_target; exact source line was revalidated against the resolved source tree.
phasar.redis.O2g.012262,redis,phasar,P0,LineOutOfRange,LocationInvalid,reported,/home/jimi/PaperExperiment/CompilerOptimization/Result/redis/phasar/phasar-O2-g/runs/ifds-uninit/redis_O2_g-Wed-Mar-18-09:36:32-2026,redis_O2_g-Wed-Mar-18-09:36:32-2026,ifds-uninit,/home/jimi/PaperExperiment/CompilerOptimization/Result/redis/phasar/phasar-O2-g/artifacts/redis_O2_g.bc,/home/jimi/PaperExperiment/CompilerOptimization/Result/redis/phasar/phasar-O2-g/artifacts/redis_O2_g.ll,/home/jimi/PaperExperiment/CompilerOptimization/Result/redis/phasar/phasar-O2-g/runs/ifds-uninit/redis_O2_g-Wed-Mar-18-09:36:32-2026/psr-report.txt,171328,CompilerOptimization/Target/redis/src/connection.h,1122,,line_out_of_range,project_header,0,project_header,asmImportSetFailed,,171337,"%49 = load ptr, ptr %11, align 8, !dbg !388385, !tbaa !388293, !psr.id !388387 | ID: 188708",,Phasar IFDS-Uninitialized use; variables=conn; reported_source=if (task->rdb_channel_conn) connClose(task->rdb_channel_conn);,debug_location_or_source_attribution_drift_candidate,0.99,0,,/home/jimi/PaperExperiment/CompilerOptimization/Result/redis/phasar/phasar-O2-g/runs/ifds-uninit/redis_O2_g-Wed-Mar-18-09:36:32-2026/psr-report.txt;/home/jimi/PaperExperiment/CompilerOptimization/Result/redis/phasar/phasar-O2-g/log/commands.log;/home/jimi/PaperExperiment/CompilerOptimization/Result/redis/phasar/phasar-O2-g/log/summary.csv,Generated by re-parsing psr-report.txt; source_resolution=result_worktree_to_target; exact source line was revalidated against the resolved source tree.
phasar.redis.O2g.012264,redis,phasar,P0,LineOutOfRange,LocationInvalid,reported,/home/jimi/PaperExperiment/CompilerOptimization/Result/redis/phasar/phasar-O2-g/runs/ifds-uninit/redis_O2_g-Wed-Mar-18-09:36:32-2026,redis_O2_g-Wed-Mar-18-09:36:32-2026,ifds-uninit,/home/jimi/PaperExperiment/CompilerOptimization/Result/redis/phasar/phasar-O2-g/artifacts/redis_O2_g.bc,/home/jimi/PaperExperiment/CompilerOptimization/Result/redis/phasar/phasar-O2-g/artifacts/redis_O2_g.ll,/home/jimi/PaperExperiment/CompilerOptimization/Result/redis/phasar/phasar-O2-g/runs/ifds-uninit/redis_O2_g-Wed-Mar-18-09:36:32-2026/psr-report.txt,171358,CompilerOptimization/Target/redis/src/connection.h,1123,,line_out_of_range,project_header,0,project_header,asmImportSetFailed,,171367,"%56 = load ptr, ptr %30, align 8, !dbg !388409, !tbaa !388343, !psr.id !388411 | ID: 188717",,Phasar IFDS-Uninitialized use; variables=conn; reported_source=if (task->main_channel_conn) connClose(task->main_channel_conn);,debug_location_or_source_attribution_drift_candidate,0.99,0,,/home/jimi/PaperExperiment/CompilerOptimization/Result/redis/phasar/phasar-O2-g/runs/ifds-uninit/redis_O2_g-Wed-Mar-18-09:36:32-2026/psr-report.txt;/home/jimi/PaperExperiment/CompilerOptimization/Result/redis/phasar/phasar-O2-g/log/commands.log;/home/jimi/PaperExperiment/CompilerOptimization/Result/redis/phasar/phasar-O2-g/log/summary.csv,Generated by re-parsing psr-report.txt; source_resolution=result_worktree_to_target; exact source line was revalidated against the resolved source tree.
phasar.redis.O2g.012320,redis,phasar,P0,LineOutOfRange,LocationInvalid,reported,/home/jimi/PaperExperiment/CompilerOptimization/Result/redis/phasar/phasar-O2-g/runs/ifds-uninit/redis_O2_g-Wed-Mar-18-09:36:32-2026,redis_O2_g-Wed-Mar-18-09:36:32-2026,ifds-uninit,/home/jimi/PaperExperiment/CompilerOptimization/Result/redis/phasar/phasar-O2-g/artifacts/redis_O2_g.bc,/home/jimi/PaperExperiment/CompilerOptimization/Result/redis/phasar/phasar-O2-g/artifacts/redis_O2_g.ll,/home/jimi/PaperExperiment/CompilerOptimization/Result/redis/phasar/phasar-O2-g/runs/ifds-uninit/redis_O2_g-Wed-Mar-18-09:36:32-2026/psr-report.txt,172166,CompilerOptimization/Target/redis/src/connection.h,1224,,line_out_of_range,project_header,0,project_header,asmImportTakeover,,172175,"%9 = load ptr, ptr %8, align 8, !dbg !389921, !tbaa !388343, !psr.id !389923 | ID: 189547",,Phasar IFDS-Uninitialized use; variables=conn; reported_source=serverAssert(task->main_channel_conn != NULL);,debug_location_or_source_attribution_drift_candidate,0.99,0,,/home/jimi/PaperExperiment/CompilerOptimization/Result/redis/phasar/phasar-O2-g/runs/ifds-uninit/redis_O2_g-Wed-Mar-18-09:36:32-2026/psr-report.txt;/home/jimi/PaperExperiment/CompilerOptimization/Result/redis/phasar/phasar-O2-g/log/commands.log;/home/jimi/PaperExperiment/CompilerOptimization/Result/redis/phasar/phasar-O2-g/log/summary.csv,Generated by re-parsing psr-report.txt; source_resolution=result_worktree_to_target; exact source line was revalidated against the resolved source tree.
phasar.redis.O2g.012321,redis,phasar,P0,SourceTextMismatch,LocationDrift,reported,/home/jimi/PaperExperiment/CompilerOptimization/Result/redis/phasar/phasar-O2-g/runs/ifds-uninit/redis_O2_g-Wed-Mar-18-09:36:32-2026,redis_O2_g-Wed-Mar-18-09:36:32-2026,ifds-uninit,/home/jimi/PaperExperiment/CompilerOptimization/Result/redis/phasar/phasar-O2-g/artifacts/redis_O2_g.bc,/home/jimi/PaperExperiment/CompilerOptimization/Result/redis/phasar/phasar-O2-g/artifacts/redis_O2_g.ll,/home/jimi/PaperExperiment/CompilerOptimization/Result/redis/phasar/phasar-O2-g/runs/ifds-uninit/redis_O2_g-Wed-Mar-18-09:36:32-2026/psr-report.txt,172182,CompilerOptimization/Target/redis/src/cluster_asm.c,360,,valid,project_source,1,not_header,asmImportTakeover,,172190,"%14 = load ptr, ptr %13, align 8, !dbg !389932, !tbaa !163471, !psr.id !389934 | ID: 189555",    zfree(task);,Phasar IFDS-Uninitialized use; variables=Line       : 360; reported_source=return conn->private_data;,debug_location_or_source_attribution_drift_candidate,0.95,0,,/home/jimi/PaperExperiment/CompilerOptimization/Result/redis/phasar/phasar-O2-g/runs/ifds-uninit/redis_O2_g-Wed-Mar-18-09:36:32-2026/psr-report.txt;/home/jimi/PaperExperiment/CompilerOptimization/Result/redis/phasar/phasar-O2-g/log/commands.log;/home/jimi/PaperExperiment/CompilerOptimization/Result/redis/phasar/phasar-O2-g/log/summary.csv,Generated by re-parsing psr-report.txt; source_resolution=result_worktree_to_target; exact source line was revalidated against the resolved source tree.
phasar.redis.O2g.012337,redis,phasar,P0,SourceTextMismatch,LocationDrift,reported,/home/jimi/PaperExperiment/CompilerOptimization/Result/redis/phasar/phasar-O2-g/runs/ifds-uninit/redis_O2_g-Wed-Mar-18-09:36:32-2026,redis_O2_g-Wed-Mar-18-09:36:32-2026,ifds-uninit,/home/jimi/PaperExperiment/CompilerOptimization/Result/redis/phasar/phasar-O2-g/artifacts/redis_O2_g.bc,/home/jimi/PaperExperiment/CompilerOptimization/Result/redis/phasar/phasar-O2-g/artifacts/redis_O2_g.ll,/home/jimi/PaperExperiment/CompilerOptimization/Result/redis/phasar/phasar-O2-g/runs/ifds-uninit/redis_O2_g-Wed-Mar-18-09:36:32-2026/psr-report.txt,172412,CompilerOptimization/Target/redis/src/cluster_asm.c,360,,valid,project_source,1,not_header,asmRdbChannelSyncWithSource,,172420,"%4 = load ptr, ptr %3, align 8, !dbg !390160, !tbaa !163471, !psr.id !390162 | ID: 189672",    zfree(task);,Phasar IFDS-Uninitialized use; variables=Line       : 360; reported_source=return conn->private_data;,debug_location_or_source_attribution_drift_candidate,0.95,0,,/home/jimi/PaperExperiment/CompilerOptimization/Result/redis/phasar/phasar-O2-g/runs/ifds-uninit/redis_O2_g-Wed-Mar-18-09:36:32-2026/psr-report.txt;/home/jimi/PaperExperiment/CompilerOptimization/Result/redis/phasar/phasar-O2-g/log/commands.log;/home/jimi/PaperExperiment/CompilerOptimization/Result/redis/phasar/phasar-O2-g/log/summary.csv,Generated by re-parsing psr-report.txt; source_resolution=result_worktree_to_target; exact source line was revalidated against the resolved source tree.
phasar.redis.O2g.012347,redis,phasar,P0,LineOutOfRange,LocationInvalid,reported,/home/jimi/PaperExperiment/CompilerOptimization/Result/redis/phasar/phasar-O2-g/runs/ifds-uninit/redis_O2_g-Wed-Mar-18-09:36:32-2026,redis_O2_g-Wed-Mar-18-09:36:32-2026,ifds-uninit,/home/jimi/PaperExperiment/CompilerOptimization/Result/redis/phasar/phasar-O2-g/artifacts/redis_O2_g.bc,/home/jimi/PaperExperiment/CompilerOptimization/Result/redis/phasar/phasar-O2-g/artifacts/redis_O2_g.ll,/home/jimi/PaperExperiment/CompilerOptimization/Result/redis/phasar/phasar-O2-g/runs/ifds-uninit/redis_O2_g-Wed-Mar-18-09:36:32-2026/psr-report.txt,172534,CompilerOptimization/Target/redis/src/connection.h,1378,,line_out_of_range,project_header,0,project_header,asmRdbChannelSyncWithSource,,172542,"%95 = load ptr, ptr %94, align 8, !dbg !390419, !tbaa !388343, !psr.id !390421 | ID: 189798",,"Phasar IFDS-Uninitialized use; variables=Line       : 1378; reported_source=connSetReadHandler(task->main_channel_conn, asmSyncBufferReadFromConn);",debug_location_or_source_attribution_drift_candidate,0.99,0,,/home/jimi/PaperExperiment/CompilerOptimization/Result/redis/phasar/phasar-O2-g/runs/ifds-uninit/redis_O2_g-Wed-Mar-18-09:36:32-2026/psr-report.txt;/home/jimi/PaperExperiment/CompilerOptimization/Result/redis/phasar/phasar-O2-g/log/commands.log;/home/jimi/PaperExperiment/CompilerOptimization/Result/redis/phasar/phasar-O2-g/log/summary.csv,Generated by re-parsing psr-report.txt; source_resolution=result_worktree_to_target; exact source line was revalidated against the resolved source tree.
phasar.redis.O2g.012356,redis,phasar,P0,LineOutOfRange,LocationInvalid,reported,/home/jimi/PaperExperiment/CompilerOptimization/Result/redis/phasar/phasar-O2-g/runs/ifds-uninit/redis_O2_g-Wed-Mar-18-09:36:32-2026,redis_O2_g-Wed-Mar-18-09:36:32-2026,ifds-uninit,/home/jimi/PaperExperiment/CompilerOptimization/Result/redis/phasar/phasar-O2-g/artifacts/redis_O2_g.bc,/home/jimi/PaperExperiment/CompilerOptimization/Result/redis/phasar/phasar-O2-g/artifacts/redis_O2_g.ll,/home/jimi/PaperExperiment/CompilerOptimization/Result/redis/phasar/phasar-O2-g/runs/ifds-uninit/redis_O2_g-Wed-Mar-18-09:36:32-2026/psr-report.txt,172650,CompilerOptimization/Target/redis/src/sds.h,1425,,line_out_of_range,project_header,0,project_header,asmSendSlotRangesSync,,172659,"%17 = load ptr, ptr %1, align 8, !dbg !390720, !tbaa !386199, !psr.id !390721 | ID: 189950",,Phasar IFDS-Uninitialized use; variables=task; reported_source=args[3] = task->id;,debug_location_or_source_attribution_drift_candidate,0.99,0,,/home/jimi/PaperExperiment/CompilerOptimization/Result/redis/phasar/phasar-O2-g/runs/ifds-uninit/redis_O2_g-Wed-Mar-18-09:36:32-2026/psr-report.txt;/home/jimi/PaperExperiment/CompilerOptimization/Result/redis/phasar/phasar-O2-g/log/commands.log;/home/jimi/PaperExperiment/CompilerOptimization/Result/redis/phasar/phasar-O2-g/log/summary.csv,Generated by re-parsing psr-report.txt; source_resolution=result_worktree_to_target; exact source line was revalidated against the resolved source tree.
phasar.redis.O2g.012384,redis,phasar,P0,LineOutOfRange,LocationInvalid,reported,/home/jimi/PaperExperiment/CompilerOptimization/Result/redis/phasar/phasar-O2-g/runs/ifds-uninit/redis_O2_g-Wed-Mar-18-09:36:32-2026,redis_O2_g-Wed-Mar-18-09:36:32-2026,ifds-uninit,/home/jimi/PaperExperiment/CompilerOptimization/Result/redis/phasar/phasar-O2-g/artifacts/redis_O2_g.bc,/home/jimi/PaperExperiment/CompilerOptimization/Result/redis/phasar/phasar-O2-g/artifacts/redis_O2_g.ll,/home/jimi/PaperExperiment/CompilerOptimization/Result/redis/phasar/phasar-O2-g/runs/ifds-uninit/redis_O2_g-Wed-Mar-18-09:36:32-2026/psr-report.txt,173006,CompilerOptimization/Target/redis/src/connection.h,1579,,line_out_of_range,project_header,0,project_header,asmSyncWithSource,,173014,"%131 = load ptr, ptr %120, align 8, !dbg !391376, !tbaa !388293, !psr.id !391378 | ID: 190291",,"Phasar IFDS-Uninitialized use; variables=Line       : 1579; reported_source=serverLog(LL_WARNING, ""Unable to connect to the source node: %s"",",debug_location_or_source_attribution_drift_candidate,0.99,0,,/home/jimi/PaperExperiment/CompilerOptimization/Result/redis/phasar/phasar-O2-g/runs/ifds-uninit/redis_O2_g-Wed-Mar-18-09:36:32-2026/psr-report.txt;/home/jimi/PaperExperiment/CompilerOptimization/Result/redis/phasar/phasar-O2-g/log/commands.log;/home/jimi/PaperExperiment/CompilerOptimization/Result/redis/phasar/phasar-O2-g/log/summary.csv,Generated by re-parsing psr-report.txt; source_resolution=result_worktree_to_target; exact source line was revalidated against the resolved source tree.
phasar.redis.O2g.012386,redis,phasar,P0,LineOutOfRange,LocationInvalid,reported,/home/jimi/PaperExperiment/CompilerOptimization/Result/redis/phasar/phasar-O2-g/runs/ifds-uninit/redis_O2_g-Wed-Mar-18-09:36:32-2026,redis_O2_g-Wed-Mar-18-09:36:32-2026,ifds-uninit,/home/jimi/PaperExperiment/CompilerOptimization/Result/redis/phasar/phasar-O2-g/artifacts/redis_O2_g.bc,/home/jimi/PaperExperiment/CompilerOptimization/Result/redis/phasar/phasar-O2-g/artifacts/redis_O2_g.ll,/home/jimi/PaperExperiment/CompilerOptimization/Result/redis/phasar/phasar-O2-g/runs/ifds-uninit/redis_O2_g-Wed-Mar-18-09:36:32-2026/psr-report.txt,173031,CompilerOptimization/Target/redis/src/connection.h,1584,,line_out_of_range,project_header,0,project_header,asmSyncWithSource,,173039,"%138 = load ptr, ptr %120, align 8, !dbg !391395, !tbaa !388293, !psr.id !391396 | ID: 190301",,"Phasar IFDS-Uninitialized use; variables=Line       : 1584; reported_source=connSetPrivateData(task->rdb_channel_conn, task);",debug_location_or_source_attribution_drift_candidate,0.99,0,,/home/jimi/PaperExperiment/CompilerOptimization/Result/redis/phasar/phasar-O2-g/runs/ifds-uninit/redis_O2_g-Wed-Mar-18-09:36:32-2026/psr-report.txt;/home/jimi/PaperExperiment/CompilerOptimization/Result/redis/phasar/phasar-O2-g/log/commands.log;/home/jimi/PaperExperiment/CompilerOptimization/Result/redis/phasar/phasar-O2-g/log/summary.csv,Generated by re-parsing psr-report.txt; source_resolution=result_worktree_to_target; exact source line was revalidated against the resolved source tree.
phasar.redis.O2g.012398,redis,phasar,P0,LineOutOfRange,LocationInvalid,reported,/home/jimi/PaperExperiment/CompilerOptimization/Result/redis/phasar/phasar-O2-g/runs/ifds-uninit/redis_O2_g-Wed-Mar-18-09:36:32-2026,redis_O2_g-Wed-Mar-18-09:36:32-2026,ifds-uninit,/home/jimi/PaperExperiment/CompilerOptimization/Result/redis/phasar/phasar-O2-g/artifacts/redis_O2_g.bc,/home/jimi/PaperExperiment/CompilerOptimization/Result/redis/phasar/phasar-O2-g/artifacts/redis_O2_g.ll,/home/jimi/PaperExperiment/CompilerOptimization/Result/redis/phasar/phasar-O2-g/runs/ifds-uninit/redis_O2_g-Wed-Mar-18-09:36:32-2026/psr-report.txt,173203,CompilerOptimization/Target/redis/src/connection.h,1707,,line_out_of_range,project_header,0,project_header,clusterSyncSlotsSnapshotEOF,,173211,"%56 = load ptr, ptr %55, align 8, !dbg !391841, !tbaa !388343, !psr.id !391843 | ID: 190545",,"Phasar IFDS-Uninitialized use; variables=Line       : 1707; reported_source=connSetReadHandler(task->main_channel_conn, NULL);",debug_location_or_source_attribution_drift_candidate,0.99,0,,/home/jimi/PaperExperiment/CompilerOptimization/Result/redis/phasar/phasar-O2-g/runs/ifds-uninit/redis_O2_g-Wed-Mar-18-09:36:32-2026/psr-report.txt;/home/jimi/PaperExperiment/CompilerOptimization/Result/redis/phasar/phasar-O2-g/log/commands.log;/home/jimi/PaperExperiment/CompilerOptimization/Result/redis/phasar/phasar-O2-g/log/summary.csv,Generated by re-parsing psr-report.txt; source_resolution=result_worktree_to_target; exact source line was revalidated against the resolved source tree.
phasar.redis.O2g.012423,redis,phasar,P0,LineOutOfRange,LocationInvalid,reported,/home/jimi/PaperExperiment/CompilerOptimization/Result/redis/phasar/phasar-O2-g/runs/ifds-uninit/redis_O2_g-Wed-Mar-18-09:36:32-2026,redis_O2_g-Wed-Mar-18-09:36:32-2026,ifds-uninit,/home/jimi/PaperExperiment/CompilerOptimization/Result/redis/phasar/phasar-O2-g/artifacts/redis_O2_g.bc,/home/jimi/PaperExperiment/CompilerOptimization/Result/redis/phasar/phasar-O2-g/artifacts/redis_O2_g.ll,/home/jimi/PaperExperiment/CompilerOptimization/Result/redis/phasar/phasar-O2-g/runs/ifds-uninit/redis_O2_g-Wed-Mar-18-09:36:32-2026/psr-report.txt,173556,CompilerOptimization/Target/redis/src/connection.h,1975,,line_out_of_range,project_header,0,project_header,clusterSyncSlotsCommand,,173564,"%199 = load ptr, ptr %198, align 8, !dbg !392479, !tbaa !93110, !psr.id !392482 | ID: 190865",,"Phasar IFDS-Uninitialized use; variables=Line       : 1975; reported_source=if (connWrite(c->conn, ""+RDBCHANNELSYNCSLOTS\r\n"", 22) != 22)",debug_location_or_source_attribution_drift_candidate,0.99,0,,/home/jimi/PaperExperiment/CompilerOptimization/Result/redis/phasar/phasar-O2-g/runs/ifds-uninit/redis_O2_g-Wed-Mar-18-09:36:32-2026/psr-report.txt;/home/jimi/PaperExperiment/CompilerOptimization/Result/redis/phasar/phasar-O2-g/log/commands.log;/home/jimi/PaperExperiment/CompilerOptimization/Result/redis/phasar/phasar-O2-g/log/summary.csv,Generated by re-parsing psr-report.txt; source_resolution=result_worktree_to_target; exact source line was revalidated against the resolved source tree.
phasar.redis.O2g.012938,redis,phasar,P0,LineOutOfRange,LocationInvalid,reported,/home/jimi/PaperExperiment/CompilerOptimization/Result/redis/phasar/phasar-O2-g/runs/ifds-uninit/redis_O2_g-Wed-Mar-18-09:36:32-2026,redis_O2_g-Wed-Mar-18-09:36:32-2026,ifds-uninit,/home/jimi/PaperExperiment/CompilerOptimization/Result/redis/phasar/phasar-O2-g/artifacts/redis_O2_g.bc,/home/jimi/PaperExperiment/CompilerOptimization/Result/redis/phasar/phasar-O2-g/artifacts/redis_O2_g.ll,/home/jimi/PaperExperiment/CompilerOptimization/Result/redis/phasar/phasar-O2-g/runs/ifds-uninit/redis_O2_g-Wed-Mar-18-09:36:32-2026/psr-report.txt,180735,CompilerOptimization/Target/redis/src/sds.h,2225,,line_out_of_range,project_header,0,project_header,numericConfigSet,,180744,"%8 = load ptr, ptr %1, align 8, !dbg !328242, !tbaa !61455, !psr.id !328244 | ID: 158040",,"Phasar IFDS-Uninitialized use; variables=argv; reported_source=if (!numericParseString(config, argv[0], err, &ll))",debug_location_or_source_attribution_drift_candidate,0.99,0,,/home/jimi/PaperExperiment/CompilerOptimization/Result/redis/phasar/phasar-O2-g/runs/ifds-uninit/redis_O2_g-Wed-Mar-18-09:36:32-2026/psr-report.txt;/home/jimi/PaperExperiment/CompilerOptimization/Result/redis/phasar/phasar-O2-g/log/commands.log;/home/jimi/PaperExperiment/CompilerOptimization/Result/redis/phasar/phasar-O2-g/log/summary.csv,Generated by re-parsing psr-report.txt; source_resolution=result_worktree_to_target; exact source line was revalidated against the resolved source tree.
phasar.redis.O2g.013057,redis,phasar,P0,LineOutOfRange,LocationInvalid,reported,/home/jimi/PaperExperiment/CompilerOptimization/Result/redis/phasar/phasar-O2-g/runs/ifds-uninit/redis_O2_g-Wed-Mar-18-09:36:32-2026,redis_O2_g-Wed-Mar-18-09:36:32-2026,ifds-uninit,/home/jimi/PaperExperiment/CompilerOptimization/Result/redis/phasar/phasar-O2-g/artifacts/redis_O2_g.bc,/home/jimi/PaperExperiment/CompilerOptimization/Result/redis/phasar/phasar-O2-g/artifacts/redis_O2_g.ll,/home/jimi/PaperExperiment/CompilerOptimization/Result/redis/phasar/phasar-O2-g/runs/ifds-uninit/redis_O2_g-Wed-Mar-18-09:36:32-2026/psr-report.txt,182396,CompilerOptimization/Target/redis/src/sds.h,3015,,line_out_of_range,project_header,0,project_header,setConfigLatencyTrackingInfoPercentilesOutputOption,,182404,"%43 = load ptr, ptr %42, align 8, !dbg !332073, !tbaa !61455, !psr.id !332076 | ID: 159814",,"Phasar IFDS-Uninitialized use; variables=Line       : 3015; reported_source=if (!string2d(argv[j], sdslen(argv[j]), &percentile)) {",debug_location_or_source_attribution_drift_candidate,0.99,0,,/home/jimi/PaperExperiment/CompilerOptimization/Result/redis/phasar/phasar-O2-g/runs/ifds-uninit/redis_O2_g-Wed-Mar-18-09:36:32-2026/psr-report.txt;/home/jimi/PaperExperiment/CompilerOptimization/Result/redis/phasar/phasar-O2-g/log/commands.log;/home/jimi/PaperExperiment/CompilerOptimization/Result/redis/phasar/phasar-O2-g/log/summary.csv,Generated by re-parsing psr-report.txt; source_resolution=result_worktree_to_target; exact source line was revalidated against the resolved source tree.
phasar.redis.O2g.013178,redis,phasar,P0,LineOutOfRange,LocationInvalid,reported,/home/jimi/PaperExperiment/CompilerOptimization/Result/redis/phasar/phasar-O2-g/runs/ifds-uninit/redis_O2_g-Wed-Mar-18-09:36:32-2026,redis_O2_g-Wed-Mar-18-09:36:32-2026,ifds-uninit,/home/jimi/PaperExperiment/CompilerOptimization/Result/redis/phasar/phasar-O2-g/artifacts/redis_O2_g.bc,/home/jimi/PaperExperiment/CompilerOptimization/Result/redis/phasar/phasar-O2-g/artifacts/redis_O2_g.ll,/home/jimi/PaperExperiment/CompilerOptimization/Result/redis/phasar/phasar-O2-g/runs/ifds-uninit/redis_O2_g-Wed-Mar-18-09:36:32-2026/psr-report.txt,184108,CompilerOptimization/Target/redis/src/connection.h,2997,,line_out_of_range,project_header,0,project_header,configSetCommand,,184116,"%75 = load ptr, ptr %24, align 8, !dbg !335208, !tbaa !93110, !psr.id !335209 | ID: 161476",,Phasar IFDS-Uninitialized use; variables=Line       : 2997; reported_source=(config == PROTECTED_ACTION_ALLOWED_LOCAL && (connIsLocal(c->conn) == 1));,debug_location_or_source_attribution_drift_candidate,0.99,0,,/home/jimi/PaperExperiment/CompilerOptimization/Result/redis/phasar/phasar-O2-g/runs/ifds-uninit/redis_O2_g-Wed-Mar-18-09:36:32-2026/psr-report.txt;/home/jimi/PaperExperiment/CompilerOptimization/Result/redis/phasar/phasar-O2-g/log/commands.log;/home/jimi/PaperExperiment/CompilerOptimization/Result/redis/phasar/phasar-O2-g/log/summary.csv,Generated by re-parsing psr-report.txt; source_resolution=result_worktree_to_target; exact source line was revalidated against the resolved source tree.
phasar.redis.O2g.013213,redis,phasar,P0,LineOutOfRange,LocationInvalid,reported,/home/jimi/PaperExperiment/CompilerOptimization/Result/redis/phasar/phasar-O2-g/runs/ifds-uninit/redis_O2_g-Wed-Mar-18-09:36:32-2026,redis_O2_g-Wed-Mar-18-09:36:32-2026,ifds-uninit,/home/jimi/PaperExperiment/CompilerOptimization/Result/redis/phasar/phasar-O2-g/artifacts/redis_O2_g.bc,/home/jimi/PaperExperiment/CompilerOptimization/Result/redis/phasar/phasar-O2-g/artifacts/redis_O2_g.ll,/home/jimi/PaperExperiment/CompilerOptimization/Result/redis/phasar/phasar-O2-g/runs/ifds-uninit/redis_O2_g-Wed-Mar-18-09:36:32-2026/psr-report.txt,184593,CompilerOptimization/Target/redis/src/connection.h,2997,,line_out_of_range,project_header,0,project_header,allowProtectedAction,,184601,"%5 = load ptr, ptr %4, align 8, !dbg !335823, !tbaa !93110, !psr.id !335825 | ID: 161833",,Phasar IFDS-Uninitialized use; variables=Line       : 2997; reported_source=(config == PROTECTED_ACTION_ALLOWED_LOCAL && (connIsLocal(c->conn) == 1));,debug_location_or_source_attribution_drift_candidate,0.99,0,,/home/jimi/PaperExperiment/CompilerOptimization/Result/redis/phasar/phasar-O2-g/runs/ifds-uninit/redis_O2_g-Wed-Mar-18-09:36:32-2026/psr-report.txt;/home/jimi/PaperExperiment/CompilerOptimization/Result/redis/phasar/phasar-O2-g/log/commands.log;/home/jimi/PaperExperiment/CompilerOptimization/Result/redis/phasar/phasar-O2-g/log/summary.csv,Generated by re-parsing psr-report.txt; source_resolution=result_worktree_to_target; exact source line was revalidated against the resolved source tree.
phasar.redis.O2g.013292,redis,phasar,P0,LineOutOfRange,LocationInvalid,reported,/home/jimi/PaperExperiment/CompilerOptimization/Result/redis/phasar/phasar-O2-g/runs/ifds-uninit/redis_O2_g-Wed-Mar-18-09:36:32-2026,redis_O2_g-Wed-Mar-18-09:36:32-2026,ifds-uninit,/home/jimi/PaperExperiment/CompilerOptimization/Result/redis/phasar/phasar-O2-g/artifacts/redis_O2_g.bc,/home/jimi/PaperExperiment/CompilerOptimization/Result/redis/phasar/phasar-O2-g/artifacts/redis_O2_g.ll,/home/jimi/PaperExperiment/CompilerOptimization/Result/redis/phasar/phasar-O2-g/runs/ifds-uninit/redis_O2_g-Wed-Mar-18-09:36:32-2026/psr-report.txt,185749,CompilerOptimization/Target/redis/src/connection.h,2997,,line_out_of_range,project_header,0,project_header,getMutableConfig,,185757,"%25 = load ptr, ptr %24, align 8, !dbg !339953, !tbaa !93110, !psr.id !339955 | ID: 164104",,Phasar IFDS-Uninitialized use; variables=Line       : 2997; reported_source=(config == PROTECTED_ACTION_ALLOWED_LOCAL && (connIsLocal(c->conn) == 1));,debug_location_or_source_attribution_drift_candidate,0.99,0,,/home/jimi/PaperExperiment/CompilerOptimization/Result/redis/phasar/phasar-O2-g/runs/ifds-uninit/redis_O2_g-Wed-Mar-18-09:36:32-2026/psr-report.txt;/home/jimi/PaperExperiment/CompilerOptimization/Result/redis/phasar/phasar-O2-g/log/commands.log;/home/jimi/PaperExperiment/CompilerOptimization/Result/redis/phasar/phasar-O2-g/log/summary.csv,Generated by re-parsing psr-report.txt; source_resolution=result_worktree_to_target; exact source line was revalidated against the resolved source tree.
phasar.redis.O2g.013379,redis,phasar,P0,LineOutOfRange,LocationInvalid,reported,/home/jimi/PaperExperiment/CompilerOptimization/Result/redis/phasar/phasar-O2-g/runs/ifds-uninit/redis_O2_g-Wed-Mar-18-09:36:32-2026,redis_O2_g-Wed-Mar-18-09:36:32-2026,ifds-uninit,/home/jimi/PaperExperiment/CompilerOptimization/Result/redis/phasar/phasar-O2-g/artifacts/redis_O2_g.bc,/home/jimi/PaperExperiment/CompilerOptimization/Result/redis/phasar/phasar-O2-g/artifacts/redis_O2_g.ll,/home/jimi/PaperExperiment/CompilerOptimization/Result/redis/phasar/phasar-O2-g/runs/ifds-uninit/redis_O2_g-Wed-Mar-18-09:36:32-2026/psr-report.txt,186987,CompilerOptimization/Target/redis/src/cluster.h,474,,line_out_of_range,project_header,0,project_header,pubsubPublishMessageInternal,,186995,"%14 = load ptr, ptr %13, align 8, !dbg !354677, !tbaa !61923, !psr.id !354680 | ID: 171673",,"Phasar IFDS-Uninitialized use; variables=Line       : 474; reported_source=slot = keyHashSlot(channel->ptr, sdslen(channel->ptr));",debug_location_or_source_attribution_drift_candidate,0.99,0,,/home/jimi/PaperExperiment/CompilerOptimization/Result/redis/phasar/phasar-O2-g/runs/ifds-uninit/redis_O2_g-Wed-Mar-18-09:36:32-2026/psr-report.txt;/home/jimi/PaperExperiment/CompilerOptimization/Result/redis/phasar/phasar-O2-g/log/commands.log;/home/jimi/PaperExperiment/CompilerOptimization/Result/redis/phasar/phasar-O2-g/log/summary.csv,Generated by re-parsing psr-report.txt; source_resolution=result_worktree_to_target; exact source line was revalidated against the resolved source tree.
phasar.redis.O2g.013396,redis,phasar,P0,LineOutOfRange,LocationInvalid,reported,/home/jimi/PaperExperiment/CompilerOptimization/Result/redis/phasar/phasar-O2-g/runs/ifds-uninit/redis_O2_g-Wed-Mar-18-09:36:32-2026,redis_O2_g-Wed-Mar-18-09:36:32-2026,ifds-uninit,/home/jimi/PaperExperiment/CompilerOptimization/Result/redis/phasar/phasar-O2-g/artifacts/redis_O2_g.bc,/home/jimi/PaperExperiment/CompilerOptimization/Result/redis/phasar/phasar-O2-g/artifacts/redis_O2_g.ll,/home/jimi/PaperExperiment/CompilerOptimization/Result/redis/phasar/phasar-O2-g/runs/ifds-uninit/redis_O2_g-Wed-Mar-18-09:36:32-2026/psr-report.txt,187214,CompilerOptimization/Target/redis/src/sds.h,508,,line_out_of_range,project_header,0,project_header,pubsubPublishMessageInternal,,187222,"%172 = load ptr, ptr %140, align 8, !dbg !355032, !tbaa !61923, !psr.id !355033 | ID: 171871",,"Phasar IFDS-Uninitialized use; variables=Line       : 508; reported_source=(char*)channel->ptr,",debug_location_or_source_attribution_drift_candidate,0.99,0,,/home/jimi/PaperExperiment/CompilerOptimization/Result/redis/phasar/phasar-O2-g/runs/ifds-uninit/redis_O2_g-Wed-Mar-18-09:36:32-2026/psr-report.txt;/home/jimi/PaperExperiment/CompilerOptimization/Result/redis/phasar/phasar-O2-g/log/commands.log;/home/jimi/PaperExperiment/CompilerOptimization/Result/redis/phasar/phasar-O2-g/log/summary.csv,Generated by re-parsing psr-report.txt; source_resolution=result_worktree_to_target; exact source line was revalidated against the resolved source tree.
phasar.redis.O2g.013596,redis,phasar,P0,LineOutOfRange,LocationInvalid,reported,/home/jimi/PaperExperiment/CompilerOptimization/Result/redis/phasar/phasar-O2-g/runs/ifds-uninit/redis_O2_g-Wed-Mar-18-09:36:32-2026,redis_O2_g-Wed-Mar-18-09:36:32-2026,ifds-uninit,/home/jimi/PaperExperiment/CompilerOptimization/Result/redis/phasar/phasar-O2-g/artifacts/redis_O2_g.bc,/home/jimi/PaperExperiment/CompilerOptimization/Result/redis/phasar/phasar-O2-g/artifacts/redis_O2_g.ll,/home/jimi/PaperExperiment/CompilerOptimization/Result/redis/phasar/phasar-O2-g/runs/ifds-uninit/redis_O2_g-Wed-Mar-18-09:36:32-2026/psr-report.txt,190007,CompilerOptimization/Target/redis/src/cluster.h,442,,line_out_of_range,project_header,0,project_header,touchAllWatchedKeysInDb,,190015,"%25 = load ptr, ptr %24, align 8, !dbg !357972, !tbaa !61923, !psr.id !357974 | ID: 173469",,"Phasar IFDS-Uninitialized use; variables=Line       : 442; reported_source=if (slots && !slotRangeArrayContains(slots, keyHashSlot(key->ptr, sdslen(key->ptr))))",debug_location_or_source_attribution_drift_candidate,0.99,0,,/home/jimi/PaperExperiment/CompilerOptimization/Result/redis/phasar/phasar-O2-g/runs/ifds-uninit/redis_O2_g-Wed-Mar-18-09:36:32-2026/psr-report.txt;/home/jimi/PaperExperiment/CompilerOptimization/Result/redis/phasar/phasar-O2-g/log/commands.log;/home/jimi/PaperExperiment/CompilerOptimization/Result/redis/phasar/phasar-O2-g/log/summary.csv,Generated by re-parsing psr-report.txt; source_resolution=result_worktree_to_target; exact source line was revalidated against the resolved source tree.
phasar.redis.O2g.013891,redis,phasar,P0,LineOutOfRange,LocationInvalid,reported,/home/jimi/PaperExperiment/CompilerOptimization/Result/redis/phasar/phasar-O2-g/runs/ifds-uninit/redis_O2_g-Wed-Mar-18-09:36:32-2026,redis_O2_g-Wed-Mar-18-09:36:32-2026,ifds-uninit,/home/jimi/PaperExperiment/CompilerOptimization/Result/redis/phasar/phasar-O2-g/artifacts/redis_O2_g.bc,/home/jimi/PaperExperiment/CompilerOptimization/Result/redis/phasar/phasar-O2-g/artifacts/redis_O2_g.ll,/home/jimi/PaperExperiment/CompilerOptimization/Result/redis/phasar/phasar-O2-g/runs/ifds-uninit/redis_O2_g-Wed-Mar-18-09:36:32-2026/psr-report.txt,194086,CompilerOptimization/Target/redis/src/connection.h,1229,,line_out_of_range,project_header,0,project_header,_serverAssertPrintClientInfo,,194094,"%22 = load ptr, ptr %21, align 8, !dbg !367357, !tbaa !93110, !psr.id !367360 | ID: 178005",,"Phasar IFDS-Uninitialized use; variables=Line       : 1229; reported_source=serverLog(LL_WARNING,""client->conn = %s"", connGetInfo(c->conn, conninfo, sizeof(conninfo)));",debug_location_or_source_attribution_drift_candidate,0.99,0,,/home/jimi/PaperExperiment/CompilerOptimization/Result/redis/phasar/phasar-O2-g/runs/ifds-uninit/redis_O2_g-Wed-Mar-18-09:36:32-2026/psr-report.txt;/home/jimi/PaperExperiment/CompilerOptimization/Result/redis/phasar/phasar-O2-g/log/commands.log;/home/jimi/PaperExperiment/CompilerOptimization/Result/redis/phasar/phasar-O2-g/log/summary.csv,Generated by re-parsing psr-report.txt; source_resolution=result_worktree_to_target; exact source line was revalidated against the resolved source tree.
phasar.redis.O2g.013917,redis,phasar,P0,SourceTextMismatch,LocationDrift,reported,/home/jimi/PaperExperiment/CompilerOptimization/Result/redis/phasar/phasar-O2-g/runs/ifds-uninit/redis_O2_g-Wed-Mar-18-09:36:32-2026,redis_O2_g-Wed-Mar-18-09:36:32-2026,ifds-uninit,/home/jimi/PaperExperiment/CompilerOptimization/Result/redis/phasar/phasar-O2-g/artifacts/redis_O2_g.bc,/home/jimi/PaperExperiment/CompilerOptimization/Result/redis/phasar/phasar-O2-g/artifacts/redis_O2_g.ll,/home/jimi/PaperExperiment/CompilerOptimization/Result/redis/phasar/phasar-O2-g/runs/ifds-uninit/redis_O2_g-Wed-Mar-18-09:36:32-2026/psr-report.txt,194464,CompilerOptimization/Target/redis/src/sds.h,52,,valid,project_header,0,project_header,lookupKeyByPattern,,194472,"%7 = load ptr, ptr %6, align 8, !dbg !369286, !tbaa !61923, !psr.id !369288 | ID: 179039",    uint64_t alloc; /* excluding the header and null terminator */,Phasar IFDS-Uninitialized use; variables=Line       : 52; reported_source=spat = pattern->ptr;,debug_location_or_source_attribution_drift_candidate,0.95,0,,/home/jimi/PaperExperiment/CompilerOptimization/Result/redis/phasar/phasar-O2-g/runs/ifds-uninit/redis_O2_g-Wed-Mar-18-09:36:32-2026/psr-report.txt;/home/jimi/PaperExperiment/CompilerOptimization/Result/redis/phasar/phasar-O2-g/log/commands.log;/home/jimi/PaperExperiment/CompilerOptimization/Result/redis/phasar/phasar-O2-g/log/summary.csv,Generated by re-parsing psr-report.txt; source_resolution=result_worktree_to_target; exact source line was revalidated against the resolved source tree.
phasar.redis.O2g.013919,redis,phasar,P0,SourceLineEmptyOrNonCode,LocationInvalid,reported,/home/jimi/PaperExperiment/CompilerOptimization/Result/redis/phasar/phasar-O2-g/runs/ifds-uninit/redis_O2_g-Wed-Mar-18-09:36:32-2026,redis_O2_g-Wed-Mar-18-09:36:32-2026,ifds-uninit,/home/jimi/PaperExperiment/CompilerOptimization/Result/redis/phasar/phasar-O2-g/artifacts/redis_O2_g.bc,/home/jimi/PaperExperiment/CompilerOptimization/Result/redis/phasar/phasar-O2-g/artifacts/redis_O2_g.ll,/home/jimi/PaperExperiment/CompilerOptimization/Result/redis/phasar/phasar-O2-g/runs/ifds-uninit/redis_O2_g-Wed-Mar-18-09:36:32-2026/psr-report.txt,194497,CompilerOptimization/Target/redis/src/sds.h,62,,preprocessor_only,project_header,0,project_header,lookupKeyByPattern,,194505,"%18 = load ptr, ptr %17, align 8, !dbg !369312, !tbaa !61923, !psr.id !369314 | ID: 179053",#define SDS_TYPE_MASK 7,Phasar IFDS-Uninitialized use; variables=Line       : 62; reported_source=ssub = subst->ptr;,debug_location_or_source_attribution_drift_candidate,0.95,0,,/home/jimi/PaperExperiment/CompilerOptimization/Result/redis/phasar/phasar-O2-g/runs/ifds-uninit/redis_O2_g-Wed-Mar-18-09:36:32-2026/psr-report.txt;/home/jimi/PaperExperiment/CompilerOptimization/Result/redis/phasar/phasar-O2-g/log/commands.log;/home/jimi/PaperExperiment/CompilerOptimization/Result/redis/phasar/phasar-O2-g/log/summary.csv,Generated by re-parsing psr-report.txt; source_resolution=result_worktree_to_target; exact source line was revalidated against the resolved source tree.
phasar.redis.O2g.013952,redis,phasar,P0,SourceTextMismatch,LocationDrift,reported,/home/jimi/PaperExperiment/CompilerOptimization/Result/redis/phasar/phasar-O2-g/runs/ifds-uninit/redis_O2_g-Wed-Mar-18-09:36:32-2026,redis_O2_g-Wed-Mar-18-09:36:32-2026,ifds-uninit,/home/jimi/PaperExperiment/CompilerOptimization/Result/redis/phasar/phasar-O2-g/artifacts/redis_O2_g.bc,/home/jimi/PaperExperiment/CompilerOptimization/Result/redis/phasar/phasar-O2-g/artifacts/redis_O2_g.ll,/home/jimi/PaperExperiment/CompilerOptimization/Result/redis/phasar/phasar-O2-g/runs/ifds-uninit/redis_O2_g-Wed-Mar-18-09:36:32-2026/psr-report.txt,194935,CompilerOptimization/Target/redis/src/sds.h,225,,valid,project_header,0,project_header,sortCommandGeneric,,194943,"%98 = load ptr, ptr %97, align 8, !dbg !370729, !tbaa !61923, !psr.id !370732 | ID: 179445","static inline void sdssetalloc(sds s, size_t newlen) {","Phasar IFDS-Uninitialized use; variables=Line       : 225; reported_source=if (strchr(c->argv[j+1]->ptr,'*') == NULL) {",debug_location_or_source_attribution_drift_candidate,0.95,0,,/home/jimi/PaperExperiment/CompilerOptimization/Result/redis/phasar/phasar-O2-g/runs/ifds-uninit/redis_O2_g-Wed-Mar-18-09:36:32-2026/psr-report.txt;/home/jimi/PaperExperiment/CompilerOptimization/Result/redis/phasar/phasar-O2-g/log/commands.log;/home/jimi/PaperExperiment/CompilerOptimization/Result/redis/phasar/phasar-O2-g/log/summary.csv,Generated by re-parsing psr-report.txt; source_resolution=result_worktree_to_target; exact source line was revalidated against the resolved source tree.
phasar.redis.O2g.013954,redis,phasar,P0,SourceTextMismatch,LocationDrift,reported,/home/jimi/PaperExperiment/CompilerOptimization/Result/redis/phasar/phasar-O2-g/runs/ifds-uninit/redis_O2_g-Wed-Mar-18-09:36:32-2026,redis_O2_g-Wed-Mar-18-09:36:32-2026,ifds-uninit,/home/jimi/PaperExperiment/CompilerOptimization/Result/redis/phasar/phasar-O2-g/artifacts/redis_O2_g.bc,/home/jimi/PaperExperiment/CompilerOptimization/Result/redis/phasar/phasar-O2-g/artifacts/redis_O2_g.ll,/home/jimi/PaperExperiment/CompilerOptimization/Result/redis/phasar/phasar-O2-g/runs/ifds-uninit/redis_O2_g-Wed-Mar-18-09:36:32-2026/psr-report.txt,194966,CompilerOptimization/Target/redis/src/sds.h,243,,valid,project_header,0,project_header,sortCommandGeneric,,194974,"%157 = load ptr, ptr %97, align 8, !dbg !370842, !tbaa !61923, !psr.id !370845 | ID: 179509",},"Phasar IFDS-Uninitialized use; variables=Line       : 243; reported_source=if (patternHashSlot(sortby->ptr, sdslen(sortby->ptr)) !=",debug_location_or_source_attribution_drift_candidate,0.95,0,,/home/jimi/PaperExperiment/CompilerOptimization/Result/redis/phasar/phasar-O2-g/runs/ifds-uninit/redis_O2_g-Wed-Mar-18-09:36:32-2026/psr-report.txt;/home/jimi/PaperExperiment/CompilerOptimization/Result/redis/phasar/phasar-O2-g/log/commands.log;/home/jimi/PaperExperiment/CompilerOptimization/Result/redis/phasar/phasar-O2-g/log/summary.csv,Generated by re-parsing psr-report.txt; source_resolution=result_worktree_to_target; exact source line was revalidated against the resolved source tree.
phasar.redis.O2g.014332,redis,phasar,P0,LineOutOfRange,LocationInvalid,reported,/home/jimi/PaperExperiment/CompilerOptimization/Result/redis/phasar/phasar-O2-g/runs/ifds-uninit/redis_O2_g-Wed-Mar-18-09:36:32-2026,redis_O2_g-Wed-Mar-18-09:36:32-2026,ifds-uninit,/home/jimi/PaperExperiment/CompilerOptimization/Result/redis/phasar/phasar-O2-g/artifacts/redis_O2_g.bc,/home/jimi/PaperExperiment/CompilerOptimization/Result/redis/phasar/phasar-O2-g/artifacts/redis_O2_g.ll,/home/jimi/PaperExperiment/CompilerOptimization/Result/redis/phasar/phasar-O2-g/runs/ifds-uninit/redis_O2_g-Wed-Mar-18-09:36:32-2026/psr-report.txt,200097,CompilerOptimization/Target/redis/src/sds.h,359,,line_out_of_range,project_header,0,project_header,migrateGetSocket,,200105,"%7 = load ptr, ptr %6, align 8, !dbg !377008, !tbaa !61923, !psr.id !377010 | ID: 182568",,"Phasar IFDS-Uninitialized use; variables=Line       : 359; reported_source=name = sdscatlen(name,host->ptr,sdslen(host->ptr));",debug_location_or_source_attribution_drift_candidate,0.99,0,,/home/jimi/PaperExperiment/CompilerOptimization/Result/redis/phasar/phasar-O2-g/runs/ifds-uninit/redis_O2_g-Wed-Mar-18-09:36:32-2026/psr-report.txt;/home/jimi/PaperExperiment/CompilerOptimization/Result/redis/phasar/phasar-O2-g/log/commands.log;/home/jimi/PaperExperiment/CompilerOptimization/Result/redis/phasar/phasar-O2-g/log/summary.csv,Generated by re-parsing psr-report.txt; source_resolution=result_worktree_to_target; exact source line was revalidated against the resolved source tree.
phasar.redis.O2g.014339,redis,phasar,P0,LineOutOfRange,LocationInvalid,reported,/home/jimi/PaperExperiment/CompilerOptimization/Result/redis/phasar/phasar-O2-g/runs/ifds-uninit/redis_O2_g-Wed-Mar-18-09:36:32-2026,redis_O2_g-Wed-Mar-18-09:36:32-2026,ifds-uninit,/home/jimi/PaperExperiment/CompilerOptimization/Result/redis/phasar/phasar-O2-g/artifacts/redis_O2_g.bc,/home/jimi/PaperExperiment/CompilerOptimization/Result/redis/phasar/phasar-O2-g/artifacts/redis_O2_g.ll,/home/jimi/PaperExperiment/CompilerOptimization/Result/redis/phasar/phasar-O2-g/runs/ifds-uninit/redis_O2_g-Wed-Mar-18-09:36:32-2026/psr-report.txt,200175,CompilerOptimization/Target/redis/src/sds.h,361,,line_out_of_range,project_header,0,project_header,migrateGetSocket,,200183,"%34 = load ptr, ptr %33, align 8, !dbg !377064, !tbaa !61923, !psr.id !377066 | ID: 182600",,"Phasar IFDS-Uninitialized use; variables=Line       : 361; reported_source=name = sdscatlen(name,port->ptr,sdslen(port->ptr));",debug_location_or_source_attribution_drift_candidate,0.99,0,,/home/jimi/PaperExperiment/CompilerOptimization/Result/redis/phasar/phasar-O2-g/runs/ifds-uninit/redis_O2_g-Wed-Mar-18-09:36:32-2026/psr-report.txt;/home/jimi/PaperExperiment/CompilerOptimization/Result/redis/phasar/phasar-O2-g/log/commands.log;/home/jimi/PaperExperiment/CompilerOptimization/Result/redis/phasar/phasar-O2-g/log/summary.csv,Generated by re-parsing psr-report.txt; source_resolution=result_worktree_to_target; exact source line was revalidated against the resolved source tree.
phasar.redis.O2g.014348,redis,phasar,P0,SourceTextMismatch,LocationDrift,reported,/home/jimi/PaperExperiment/CompilerOptimization/Result/redis/phasar/phasar-O2-g/runs/ifds-uninit/redis_O2_g-Wed-Mar-18-09:36:32-2026,redis_O2_g-Wed-Mar-18-09:36:32-2026,ifds-uninit,/home/jimi/PaperExperiment/CompilerOptimization/Result/redis/phasar/phasar-O2-g/artifacts/redis_O2_g.bc,/home/jimi/PaperExperiment/CompilerOptimization/Result/redis/phasar/phasar-O2-g/artifacts/redis_O2_g.ll,/home/jimi/PaperExperiment/CompilerOptimization/Result/redis/phasar/phasar-O2-g/runs/ifds-uninit/redis_O2_g-Wed-Mar-18-09:36:32-2026/psr-report.txt,200284,CompilerOptimization/Target/redis/src/connection.h,374,,valid,project_header,0,project_header,migrateGetSocket,,200293,"%76 = load ptr, ptr %75, align 8, !dbg !377158, !tbaa !377159, !psr.id !377160 | ID: 182651",int connBlock(connection *conn);,Phasar IFDS-Uninitialized use; variables=cs; reported_source=connClose(cs->conn);,debug_location_or_source_attribution_drift_candidate,0.95,0,,/home/jimi/PaperExperiment/CompilerOptimization/Result/redis/phasar/phasar-O2-g/runs/ifds-uninit/redis_O2_g-Wed-Mar-18-09:36:32-2026/psr-report.txt;/home/jimi/PaperExperiment/CompilerOptimization/Result/redis/phasar/phasar-O2-g/log/commands.log;/home/jimi/PaperExperiment/CompilerOptimization/Result/redis/phasar/phasar-O2-g/log/summary.csv,Generated by re-parsing psr-report.txt; source_resolution=result_worktree_to_target; exact source line was revalidated against the resolved source tree.
phasar.redis.O2g.014350,redis,phasar,P0,SourceLineEmptyOrNonCode,LocationInvalid,reported,/home/jimi/PaperExperiment/CompilerOptimization/Result/redis/phasar/phasar-O2-g/runs/ifds-uninit/redis_O2_g-Wed-Mar-18-09:36:32-2026,redis_O2_g-Wed-Mar-18-09:36:32-2026,ifds-uninit,/home/jimi/PaperExperiment/CompilerOptimization/Result/redis/phasar/phasar-O2-g/artifacts/redis_O2_g.bc,/home/jimi/PaperExperiment/CompilerOptimization/Result/redis/phasar/phasar-O2-g/artifacts/redis_O2_g.ll,/home/jimi/PaperExperiment/CompilerOptimization/Result/redis/phasar/phasar-O2-g/runs/ifds-uninit/redis_O2_g-Wed-Mar-18-09:36:32-2026/psr-report.txt,200310,CompilerOptimization/Target/redis/src/connection.h,381,,empty_or_comment_line,project_header,0,project_header,migrateGetSocket,,200318,"%96 = load ptr, ptr %6, align 8, !dbg !377221, !tbaa !61923, !psr.id !377223 | ID: 182677",,"Phasar IFDS-Uninitialized use; variables=Line       : 381; reported_source=if (connBlockingConnect(conn, host->ptr, atoi(port->ptr), timeout)",debug_location_or_source_attribution_drift_candidate,0.95,0,,/home/jimi/PaperExperiment/CompilerOptimization/Result/redis/phasar/phasar-O2-g/runs/ifds-uninit/redis_O2_g-Wed-Mar-18-09:36:32-2026/psr-report.txt;/home/jimi/PaperExperiment/CompilerOptimization/Result/redis/phasar/phasar-O2-g/log/commands.log;/home/jimi/PaperExperiment/CompilerOptimization/Result/redis/phasar/phasar-O2-g/log/summary.csv,Generated by re-parsing psr-report.txt; source_resolution=result_worktree_to_target; exact source line was revalidated against the resolved source tree.
phasar.redis.O2g.014353,redis,phasar,P0,LineOutOfRange,LocationInvalid,reported,/home/jimi/PaperExperiment/CompilerOptimization/Result/redis/phasar/phasar-O2-g/runs/ifds-uninit/redis_O2_g-Wed-Mar-18-09:36:32-2026,redis_O2_g-Wed-Mar-18-09:36:32-2026,ifds-uninit,/home/jimi/PaperExperiment/CompilerOptimization/Result/redis/phasar/phasar-O2-g/artifacts/redis_O2_g.bc,/home/jimi/PaperExperiment/CompilerOptimization/Result/redis/phasar/phasar-O2-g/artifacts/redis_O2_g.ll,/home/jimi/PaperExperiment/CompilerOptimization/Result/redis/phasar/phasar-O2-g/runs/ifds-uninit/redis_O2_g-Wed-Mar-18-09:36:32-2026/psr-report.txt,200354,CompilerOptimization/Target/redis/src/sds.h,405,,line_out_of_range,project_header,0,project_header,migrateCloseSocket,,200362,"%5 = load ptr, ptr %4, align 8, !dbg !377320, !tbaa !61923, !psr.id !377322 | ID: 182719",,"Phasar IFDS-Uninitialized use; variables=Line       : 405; reported_source=name = sdscatlen(name,host->ptr,sdslen(host->ptr));",debug_location_or_source_attribution_drift_candidate,0.99,0,,/home/jimi/PaperExperiment/CompilerOptimization/Result/redis/phasar/phasar-O2-g/runs/ifds-uninit/redis_O2_g-Wed-Mar-18-09:36:32-2026/psr-report.txt;/home/jimi/PaperExperiment/CompilerOptimization/Result/redis/phasar/phasar-O2-g/log/commands.log;/home/jimi/PaperExperiment/CompilerOptimization/Result/redis/phasar/phasar-O2-g/log/summary.csv,Generated by re-parsing psr-report.txt; source_resolution=result_worktree_to_target; exact source line was revalidated against the resolved source tree.
phasar.redis.O2g.014360,redis,phasar,P0,LineOutOfRange,LocationInvalid,reported,/home/jimi/PaperExperiment/CompilerOptimization/Result/redis/phasar/phasar-O2-g/runs/ifds-uninit/redis_O2_g-Wed-Mar-18-09:36:32-2026,redis_O2_g-Wed-Mar-18-09:36:32-2026,ifds-uninit,/home/jimi/PaperExperiment/CompilerOptimization/Result/redis/phasar/phasar-O2-g/artifacts/redis_O2_g.bc,/home/jimi/PaperExperiment/CompilerOptimization/Result/redis/phasar/phasar-O2-g/artifacts/redis_O2_g.ll,/home/jimi/PaperExperiment/CompilerOptimization/Result/redis/phasar/phasar-O2-g/runs/ifds-uninit/redis_O2_g-Wed-Mar-18-09:36:32-2026/psr-report.txt,200432,CompilerOptimization/Target/redis/src/sds.h,407,,line_out_of_range,project_header,0,project_header,migrateCloseSocket,,200440,"%32 = load ptr, ptr %31, align 8, !dbg !377376, !tbaa !61923, !psr.id !377378 | ID: 182751",,"Phasar IFDS-Uninitialized use; variables=Line       : 407; reported_source=name = sdscatlen(name,port->ptr,sdslen(port->ptr));",debug_location_or_source_attribution_drift_candidate,0.99,0,,/home/jimi/PaperExperiment/CompilerOptimization/Result/redis/phasar/phasar-O2-g/runs/ifds-uninit/redis_O2_g-Wed-Mar-18-09:36:32-2026/psr-report.txt;/home/jimi/PaperExperiment/CompilerOptimization/Result/redis/phasar/phasar-O2-g/log/commands.log;/home/jimi/PaperExperiment/CompilerOptimization/Result/redis/phasar/phasar-O2-g/log/summary.csv,Generated by re-parsing psr-report.txt; source_resolution=result_worktree_to_target; exact source line was revalidated against the resolved source tree.
phasar.redis.O2g.014369,redis,phasar,P0,SourceLineEmptyOrNonCode,LocationInvalid,reported,/home/jimi/PaperExperiment/CompilerOptimization/Result/redis/phasar/phasar-O2-g/runs/ifds-uninit/redis_O2_g-Wed-Mar-18-09:36:32-2026,redis_O2_g-Wed-Mar-18-09:36:32-2026,ifds-uninit,/home/jimi/PaperExperiment/CompilerOptimization/Result/redis/phasar/phasar-O2-g/artifacts/redis_O2_g.bc,/home/jimi/PaperExperiment/CompilerOptimization/Result/redis/phasar/phasar-O2-g/artifacts/redis_O2_g.ll,/home/jimi/PaperExperiment/CompilerOptimization/Result/redis/phasar/phasar-O2-g/runs/ifds-uninit/redis_O2_g-Wed-Mar-18-09:36:32-2026/psr-report.txt,200541,CompilerOptimization/Target/redis/src/connection.h,414,,empty_or_comment_line,project_header,0,project_header,migrateCloseSocket,,200550,"%61 = load ptr, ptr %58, align 8, !dbg !377439, !tbaa !377159, !psr.id !377440 | ID: 182785",/* Fast path to get Unix connection type */,Phasar IFDS-Uninitialized use; variables=cs; reported_source=connClose(cs->conn);,debug_location_or_source_attribution_drift_candidate,0.95,0,,/home/jimi/PaperExperiment/CompilerOptimization/Result/redis/phasar/phasar-O2-g/runs/ifds-uninit/redis_O2_g-Wed-Mar-18-09:36:32-2026/psr-report.txt;/home/jimi/PaperExperiment/CompilerOptimization/Result/redis/phasar/phasar-O2-g/log/commands.log;/home/jimi/PaperExperiment/CompilerOptimization/Result/redis/phasar/phasar-O2-g/log/summary.csv,Generated by re-parsing psr-report.txt; source_resolution=result_worktree_to_target; exact source line was revalidated against the resolved source tree.
phasar.redis.O2g.014421,redis,phasar,P0,LineOutOfRange,LocationInvalid,reported,/home/jimi/PaperExperiment/CompilerOptimization/Result/redis/phasar/phasar-O2-g/runs/ifds-uninit/redis_O2_g-Wed-Mar-18-09:36:32-2026,redis_O2_g-Wed-Mar-18-09:36:32-2026,ifds-uninit,/home/jimi/PaperExperiment/CompilerOptimization/Result/redis/phasar/phasar-O2-g/artifacts/redis_O2_g.bc,/home/jimi/PaperExperiment/CompilerOptimization/Result/redis/phasar/phasar-O2-g/artifacts/redis_O2_g.ll,/home/jimi/PaperExperiment/CompilerOptimization/Result/redis/phasar/phasar-O2-g/runs/ifds-uninit/redis_O2_g-Wed-Mar-18-09:36:32-2026/psr-report.txt,201215,CompilerOptimization/Target/redis/src/connection.h,629,,line_out_of_range,project_header,0,project_header,migrateCommand,,201224,"%433 = load ptr, ptr %202, align 8, !dbg !378544, !tbaa !377159, !psr.id !378545 | ID: 183437",,"Phasar IFDS-Uninitialized use; variables=cs, timeout; reported_source=nwritten = connSyncWrite(cs->conn,buf+pos,towrite,timeout);",debug_location_or_source_attribution_drift_candidate,0.99,0,,/home/jimi/PaperExperiment/CompilerOptimization/Result/redis/phasar/phasar-O2-g/runs/ifds-uninit/redis_O2_g-Wed-Mar-18-09:36:32-2026/psr-report.txt;/home/jimi/PaperExperiment/CompilerOptimization/Result/redis/phasar/phasar-O2-g/log/commands.log;/home/jimi/PaperExperiment/CompilerOptimization/Result/redis/phasar/phasar-O2-g/log/summary.csv,Generated by re-parsing psr-report.txt; source_resolution=result_worktree_to_target; exact source line was revalidated against the resolved source tree.
phasar.redis.O2g.014423,redis,phasar,P0,SourceTextMismatch,LocationDrift,reported,/home/jimi/PaperExperiment/CompilerOptimization/Result/redis/phasar/phasar-O2-g/runs/ifds-uninit/redis_O2_g-Wed-Mar-18-09:36:32-2026,redis_O2_g-Wed-Mar-18-09:36:32-2026,ifds-uninit,/home/jimi/PaperExperiment/CompilerOptimization/Result/redis/phasar/phasar-O2-g/artifacts/redis_O2_g.bc,/home/jimi/PaperExperiment/CompilerOptimization/Result/redis/phasar/phasar-O2-g/artifacts/redis_O2_g.ll,/home/jimi/PaperExperiment/CompilerOptimization/Result/redis/phasar/phasar-O2-g/runs/ifds-uninit/redis_O2_g-Wed-Mar-18-09:36:32-2026/psr-report.txt,201243,CompilerOptimization/Target/redis/src/cluster.c,643,,valid,project_source,1,not_header,migrateCommand,,201252,"br i1 %170, label %448, label %456, !dbg !378598, !psr.id !378600 | ID: 183463","    if (password && connSyncReadLine(cs->conn, buf0, sizeof(buf0), timeout) <= 0)","Phasar IFDS-Uninitialized use; variables=cs, timeout; reported_source=",debug_location_or_source_attribution_drift_candidate,0.95,0,,/home/jimi/PaperExperiment/CompilerOptimization/Result/redis/phasar/phasar-O2-g/runs/ifds-uninit/redis_O2_g-Wed-Mar-18-09:36:32-2026/psr-report.txt;/home/jimi/PaperExperiment/CompilerOptimization/Result/redis/phasar/phasar-O2-g/log/commands.log;/home/jimi/PaperExperiment/CompilerOptimization/Result/redis/phasar/phasar-O2-g/log/summary.csv,Generated by re-parsing psr-report.txt; source_resolution=result_worktree_to_target; exact source line was revalidated against the resolved source tree.
phasar.redis.O2g.014425,redis,phasar,P0,SourceTextMismatch,LocationDrift,reported,/home/jimi/PaperExperiment/CompilerOptimization/Result/redis/phasar/phasar-O2-g/runs/ifds-uninit/redis_O2_g-Wed-Mar-18-09:36:32-2026,redis_O2_g-Wed-Mar-18-09:36:32-2026,ifds-uninit,/home/jimi/PaperExperiment/CompilerOptimization/Result/redis/phasar/phasar-O2-g/artifacts/redis_O2_g.bc,/home/jimi/PaperExperiment/CompilerOptimization/Result/redis/phasar/phasar-O2-g/artifacts/redis_O2_g.ll,/home/jimi/PaperExperiment/CompilerOptimization/Result/redis/phasar/phasar-O2-g/runs/ifds-uninit/redis_O2_g-Wed-Mar-18-09:36:32-2026/psr-report.txt,201273,CompilerOptimization/Target/redis/src/cluster.c,647,,valid,project_source,1,not_header,migrateCommand,,201282,"br i1 %264, label %457, label %465, !dbg !378629, !psr.id !378631 | ID: 183477","    if (select && connSyncReadLine(cs->conn, buf1, sizeof(buf1), timeout) <= 0)","Phasar IFDS-Uninitialized use; variables=select, cs, timeout; reported_source=",debug_location_or_source_attribution_drift_candidate,0.95,0,,/home/jimi/PaperExperiment/CompilerOptimization/Result/redis/phasar/phasar-O2-g/runs/ifds-uninit/redis_O2_g-Wed-Mar-18-09:36:32-2026/psr-report.txt;/home/jimi/PaperExperiment/CompilerOptimization/Result/redis/phasar/phasar-O2-g/log/commands.log;/home/jimi/PaperExperiment/CompilerOptimization/Result/redis/phasar/phasar-O2-g/log/summary.csv,Generated by re-parsing psr-report.txt; source_resolution=result_worktree_to_target; exact source line was revalidated against the resolved source tree.
phasar.redis.O2g.014427,redis,phasar,P0,LineOutOfRange,LocationInvalid,reported,/home/jimi/PaperExperiment/CompilerOptimization/Result/redis/phasar/phasar-O2-g/runs/ifds-uninit/redis_O2_g-Wed-Mar-18-09:36:32-2026,redis_O2_g-Wed-Mar-18-09:36:32-2026,ifds-uninit,/home/jimi/PaperExperiment/CompilerOptimization/Result/redis/phasar/phasar-O2-g/artifacts/redis_O2_g.bc,/home/jimi/PaperExperiment/CompilerOptimization/Result/redis/phasar/phasar-O2-g/artifacts/redis_O2_g.ll,/home/jimi/PaperExperiment/CompilerOptimization/Result/redis/phasar/phasar-O2-g/runs/ifds-uninit/redis_O2_g-Wed-Mar-18-09:36:32-2026/psr-report.txt,201303,CompilerOptimization/Target/redis/src/connection.h,662,,line_out_of_range,project_header,0,project_header,migrateCommand,,201312,"%477 = load ptr, ptr %202, align 8, !dbg !378685, !tbaa !377159, !psr.id !378687 | ID: 183513",,"Phasar IFDS-Uninitialized use; variables=cs, timeout; reported_source=",debug_location_or_source_attribution_drift_candidate,0.99,0,,/home/jimi/PaperExperiment/CompilerOptimization/Result/redis/phasar/phasar-O2-g/runs/ifds-uninit/redis_O2_g-Wed-Mar-18-09:36:32-2026/psr-report.txt;/home/jimi/PaperExperiment/CompilerOptimization/Result/redis/phasar/phasar-O2-g/log/commands.log;/home/jimi/PaperExperiment/CompilerOptimization/Result/redis/phasar/phasar-O2-g/log/summary.csv,Generated by re-parsing psr-report.txt; source_resolution=result_worktree_to_target; exact source line was revalidated against the resolved source tree.
phasar.redis.O2g.014429,redis,phasar,P0,LineOutOfRange,LocationInvalid,reported,/home/jimi/PaperExperiment/CompilerOptimization/Result/redis/phasar/phasar-O2-g/runs/ifds-uninit/redis_O2_g-Wed-Mar-18-09:36:32-2026,redis_O2_g-Wed-Mar-18-09:36:32-2026,ifds-uninit,/home/jimi/PaperExperiment/CompilerOptimization/Result/redis/phasar/phasar-O2-g/artifacts/redis_O2_g.bc,/home/jimi/PaperExperiment/CompilerOptimization/Result/redis/phasar/phasar-O2-g/artifacts/redis_O2_g.ll,/home/jimi/PaperExperiment/CompilerOptimization/Result/redis/phasar/phasar-O2-g/runs/ifds-uninit/redis_O2_g-Wed-Mar-18-09:36:32-2026/psr-report.txt,201331,CompilerOptimization/Target/redis/src/connection.h,662,,line_out_of_range,project_header,0,project_header,migrateCommand,,201340,"%485 = load ptr, ptr %202, align 8, !dbg !378685, !tbaa !377159, !psr.id !378711 | ID: 183529",,"Phasar IFDS-Uninitialized use; variables=cs, timeout; reported_source=",debug_location_or_source_attribution_drift_candidate,0.99,0,,/home/jimi/PaperExperiment/CompilerOptimization/Result/redis/phasar/phasar-O2-g/runs/ifds-uninit/redis_O2_g-Wed-Mar-18-09:36:32-2026/psr-report.txt;/home/jimi/PaperExperiment/CompilerOptimization/Result/redis/phasar/phasar-O2-g/log/commands.log;/home/jimi/PaperExperiment/CompilerOptimization/Result/redis/phasar/phasar-O2-g/log/summary.csv,Generated by re-parsing psr-report.txt; source_resolution=result_worktree_to_target; exact source line was revalidated against the resolved source tree.
phasar.redis.O2g.014505,redis,phasar,P0,LineOutOfRange,LocationInvalid,reported,/home/jimi/PaperExperiment/CompilerOptimization/Result/redis/phasar/phasar-O2-g/runs/ifds-uninit/redis_O2_g-Wed-Mar-18-09:36:32-2026,redis_O2_g-Wed-Mar-18-09:36:32-2026,ifds-uninit,/home/jimi/PaperExperiment/CompilerOptimization/Result/redis/phasar/phasar-O2-g/artifacts/redis_O2_g.bc,/home/jimi/PaperExperiment/CompilerOptimization/Result/redis/phasar/phasar-O2-g/artifacts/redis_O2_g.ll,/home/jimi/PaperExperiment/CompilerOptimization/Result/redis/phasar/phasar-O2-g/runs/ifds-uninit/redis_O2_g-Wed-Mar-18-09:36:32-2026/psr-report.txt,202354,CompilerOptimization/Target/redis/src/cluster.h,1137,,line_out_of_range,project_header,0,project_header,extractSlotFromKeysResult,,202362,"%20 = load ptr, ptr %19, align 8, !dbg !381166, !tbaa !61923, !psr.id !381168 | ID: 184850",,"Phasar IFDS-Uninitialized use; variables=Line       : 1137; reported_source=int this_slot = (int)keyHashSlot((char*)this_key->ptr, sdslen(this_key->ptr));",debug_location_or_source_attribution_drift_candidate,0.99,0,,/home/jimi/PaperExperiment/CompilerOptimization/Result/redis/phasar/phasar-O2-g/runs/ifds-uninit/redis_O2_g-Wed-Mar-18-09:36:32-2026/psr-report.txt;/home/jimi/PaperExperiment/CompilerOptimization/Result/redis/phasar/phasar-O2-g/log/commands.log;/home/jimi/PaperExperiment/CompilerOptimization/Result/redis/phasar/phasar-O2-g/log/summary.csv,Generated by re-parsing psr-report.txt; source_resolution=result_worktree_to_target; exact source line was revalidated against the resolved source tree.
phasar.redis.O2g.014539,redis,phasar,P0,LineOutOfRange,LocationInvalid,reported,/home/jimi/PaperExperiment/CompilerOptimization/Result/redis/phasar/phasar-O2-g/runs/ifds-uninit/redis_O2_g-Wed-Mar-18-09:36:32-2026,redis_O2_g-Wed-Mar-18-09:36:32-2026,ifds-uninit,/home/jimi/PaperExperiment/CompilerOptimization/Result/redis/phasar/phasar-O2-g/artifacts/redis_O2_g.bc,/home/jimi/PaperExperiment/CompilerOptimization/Result/redis/phasar/phasar-O2-g/artifacts/redis_O2_g.ll,/home/jimi/PaperExperiment/CompilerOptimization/Result/redis/phasar/phasar-O2-g/runs/ifds-uninit/redis_O2_g-Wed-Mar-18-09:36:32-2026/psr-report.txt,202810,CompilerOptimization/Target/redis/src/cluster.h,1276,,line_out_of_range,project_header,0,project_header,getNodeByQuery,,202818,"%123 = load ptr, ptr %122, align 8, !dbg !381685, !tbaa !61923, !psr.id !381687 | ID: 185157",,"Phasar IFDS-Uninitialized use; variables=Line       : 1276; reported_source=thisslot = keyHashSlot((char*)thiskey->ptr, sdslen(thiskey->ptr));",debug_location_or_source_attribution_drift_candidate,0.99,0,,/home/jimi/PaperExperiment/CompilerOptimization/Result/redis/phasar/phasar-O2-g/runs/ifds-uninit/redis_O2_g-Wed-Mar-18-09:36:32-2026/psr-report.txt;/home/jimi/PaperExperiment/CompilerOptimization/Result/redis/phasar/phasar-O2-g/log/commands.log;/home/jimi/PaperExperiment/CompilerOptimization/Result/redis/phasar/phasar-O2-g/log/summary.csv,Generated by re-parsing psr-report.txt; source_resolution=result_worktree_to_target; exact source line was revalidated against the resolved source tree.
phasar.redis.O2g.014826,redis,phasar,P0,LineOutOfRange,LocationInvalid,reported,/home/jimi/PaperExperiment/CompilerOptimization/Result/redis/phasar/phasar-O2-g/runs/ifds-uninit/redis_O2_g-Wed-Mar-18-09:36:32-2026,redis_O2_g-Wed-Mar-18-09:36:32-2026,ifds-uninit,/home/jimi/PaperExperiment/CompilerOptimization/Result/redis/phasar/phasar-O2-g/artifacts/redis_O2_g.bc,/home/jimi/PaperExperiment/CompilerOptimization/Result/redis/phasar/phasar-O2-g/artifacts/redis_O2_g.ll,/home/jimi/PaperExperiment/CompilerOptimization/Result/redis/phasar/phasar-O2-g/runs/ifds-uninit/redis_O2_g-Wed-Mar-18-09:36:32-2026/psr-report.txt,207543,CompilerOptimization/Target/redis/src/sds.h,715,,line_out_of_range,project_header,0,project_header,getBitOffsetFromArgument,,207551,"%8 = load ptr, ptr %7, align 8, !dbg !454650, !tbaa !61923, !psr.id !454652 | ID: 225292",,Phasar IFDS-Uninitialized use; variables=Line       : 715; reported_source=char *p = o->ptr;,debug_location_or_source_attribution_drift_candidate,0.99,0,,/home/jimi/PaperExperiment/CompilerOptimization/Result/redis/phasar/phasar-O2-g/runs/ifds-uninit/redis_O2_g-Wed-Mar-18-09:36:32-2026/psr-report.txt;/home/jimi/PaperExperiment/CompilerOptimization/Result/redis/phasar/phasar-O2-g/log/commands.log;/home/jimi/PaperExperiment/CompilerOptimization/Result/redis/phasar/phasar-O2-g/log/summary.csv,Generated by re-parsing psr-report.txt; source_resolution=result_worktree_to_target; exact source line was revalidated against the resolved source tree.
phasar.redis.O2g.014841,redis,phasar,P0,LineOutOfRange,LocationInvalid,reported,/home/jimi/PaperExperiment/CompilerOptimization/Result/redis/phasar/phasar-O2-g/runs/ifds-uninit/redis_O2_g-Wed-Mar-18-09:36:32-2026,redis_O2_g-Wed-Mar-18-09:36:32-2026,ifds-uninit,/home/jimi/PaperExperiment/CompilerOptimization/Result/redis/phasar/phasar-O2-g/artifacts/redis_O2_g.bc,/home/jimi/PaperExperiment/CompilerOptimization/Result/redis/phasar/phasar-O2-g/artifacts/redis_O2_g.ll,/home/jimi/PaperExperiment/CompilerOptimization/Result/redis/phasar/phasar-O2-g/runs/ifds-uninit/redis_O2_g-Wed-Mar-18-09:36:32-2026/psr-report.txt,207752,CompilerOptimization/Target/redis/src/sds.h,832,,line_out_of_range,project_header,0,project_header,getObjectReadOnlyString,,207760,"%23 = load ptr, ptr %22, align 8, !dbg !454922, !tbaa !61923, !psr.id !454926 | ID: 225439",,Phasar IFDS-Uninitialized use; variables=Line       : 832; reported_source=p = (unsigned char*) o->ptr;,debug_location_or_source_attribution_drift_candidate,0.99,0,,/home/jimi/PaperExperiment/CompilerOptimization/Result/redis/phasar/phasar-O2-g/runs/ifds-uninit/redis_O2_g-Wed-Mar-18-09:36:32-2026/psr-report.txt;/home/jimi/PaperExperiment/CompilerOptimization/Result/redis/phasar/phasar-O2-g/log/commands.log;/home/jimi/PaperExperiment/CompilerOptimization/Result/redis/phasar/phasar-O2-g/log/summary.csv,Generated by re-parsing psr-report.txt; source_resolution=result_worktree_to_target; exact source line was revalidated against the resolved source tree.
phasar.redis.O2g.014878,redis,phasar,P0,LineOutOfRange,LocationInvalid,reported,/home/jimi/PaperExperiment/CompilerOptimization/Result/redis/phasar/phasar-O2-g/runs/ifds-uninit/redis_O2_g-Wed-Mar-18-09:36:32-2026,redis_O2_g-Wed-Mar-18-09:36:32-2026,ifds-uninit,/home/jimi/PaperExperiment/CompilerOptimization/Result/redis/phasar/phasar-O2-g/artifacts/redis_O2_g.bc,/home/jimi/PaperExperiment/CompilerOptimization/Result/redis/phasar/phasar-O2-g/artifacts/redis_O2_g.ll,/home/jimi/PaperExperiment/CompilerOptimization/Result/redis/phasar/phasar-O2-g/runs/ifds-uninit/redis_O2_g-Wed-Mar-18-09:36:32-2026/psr-report.txt,208265,CompilerOptimization/Target/redis/src/sds.h,798,,line_out_of_range,project_header,0,project_header,lookupStringForBitCommand,,208273,"%36 = load ptr, ptr %35, align 8, !dbg !455302, !tbaa !61923, !psr.id !455304 | ID: 225652",,Phasar IFDS-Uninitialized use; variables=Line       : 798; reported_source=*strOldSize  = sdslen(o->ptr);,debug_location_or_source_attribution_drift_candidate,0.99,0,,/home/jimi/PaperExperiment/CompilerOptimization/Result/redis/phasar/phasar-O2-g/runs/ifds-uninit/redis_O2_g-Wed-Mar-18-09:36:32-2026/psr-report.txt;/home/jimi/PaperExperiment/CompilerOptimization/Result/redis/phasar/phasar-O2-g/log/commands.log;/home/jimi/PaperExperiment/CompilerOptimization/Result/redis/phasar/phasar-O2-g/log/summary.csv,Generated by re-parsing psr-report.txt; source_resolution=result_worktree_to_target; exact source line was revalidated against the resolved source tree.
phasar.redis.O2g.014902,redis,phasar,P0,LineOutOfRange,LocationInvalid,reported,/home/jimi/PaperExperiment/CompilerOptimization/Result/redis/phasar/phasar-O2-g/runs/ifds-uninit/redis_O2_g-Wed-Mar-18-09:36:32-2026,redis_O2_g-Wed-Mar-18-09:36:32-2026,ifds-uninit,/home/jimi/PaperExperiment/CompilerOptimization/Result/redis/phasar/phasar-O2-g/artifacts/redis_O2_g.bc,/home/jimi/PaperExperiment/CompilerOptimization/Result/redis/phasar/phasar-O2-g/artifacts/redis_O2_g.ll,/home/jimi/PaperExperiment/CompilerOptimization/Result/redis/phasar/phasar-O2-g/runs/ifds-uninit/redis_O2_g-Wed-Mar-18-09:36:32-2026/psr-report.txt,208568,CompilerOptimization/Target/redis/src/sds.h,910,,line_out_of_range,project_header,0,project_header,getbitCommand,,208576,"%29 = load ptr, ptr %28, align 8, !dbg !455536, !tbaa !61923, !psr.id !455540 | ID: 225784",,Phasar IFDS-Uninitialized use; variables=Line       : 910; reported_source=if (byte < sdslen(kv->ptr)),debug_location_or_source_attribution_drift_candidate,0.99,0,,/home/jimi/PaperExperiment/CompilerOptimization/Result/redis/phasar/phasar-O2-g/runs/ifds-uninit/redis_O2_g-Wed-Mar-18-09:36:32-2026/psr-report.txt;/home/jimi/PaperExperiment/CompilerOptimization/Result/redis/phasar/phasar-O2-g/log/commands.log;/home/jimi/PaperExperiment/CompilerOptimization/Result/redis/phasar/phasar-O2-g/log/summary.csv,Generated by re-parsing psr-report.txt; source_resolution=result_worktree_to_target; exact source line was revalidated against the resolved source tree.
phasar.redis.O2g.014981,redis,phasar,P0,LineOutOfRange,LocationInvalid,reported,/home/jimi/PaperExperiment/CompilerOptimization/Result/redis/phasar/phasar-O2-g/runs/ifds-uninit/redis_O2_g-Wed-Mar-18-09:36:32-2026,redis_O2_g-Wed-Mar-18-09:36:32-2026,ifds-uninit,/home/jimi/PaperExperiment/CompilerOptimization/Result/redis/phasar/phasar-O2-g/artifacts/redis_O2_g.bc,/home/jimi/PaperExperiment/CompilerOptimization/Result/redis/phasar/phasar-O2-g/artifacts/redis_O2_g.ll,/home/jimi/PaperExperiment/CompilerOptimization/Result/redis/phasar/phasar-O2-g/runs/ifds-uninit/redis_O2_g-Wed-Mar-18-09:36:32-2026/psr-report.txt,209664,CompilerOptimization/Target/redis/src/sds.h,416,,line_out_of_range,project_header,0,project_header,clusterLoadConfig,,209672,"%241 = load ptr, ptr %240, align 8, !dbg !401720, !tbaa !401712, !psr.id !401723 | ID: 195771",,Phasar IFDS-Uninitialized use; variables=Line       : 416; reported_source=} else if (sdslen(n->hostname) != 0) {,debug_location_or_source_attribution_drift_candidate,0.99,0,,/home/jimi/PaperExperiment/CompilerOptimization/Result/redis/phasar/phasar-O2-g/runs/ifds-uninit/redis_O2_g-Wed-Mar-18-09:36:32-2026/psr-report.txt;/home/jimi/PaperExperiment/CompilerOptimization/Result/redis/phasar/phasar-O2-g/log/commands.log;/home/jimi/PaperExperiment/CompilerOptimization/Result/redis/phasar/phasar-O2-g/log/summary.csv,Generated by re-parsing psr-report.txt; source_resolution=result_worktree_to_target; exact source line was revalidated against the resolved source tree.
phasar.redis.O2g.015044,redis,phasar,P0,LineOutOfRange,LocationInvalid,reported,/home/jimi/PaperExperiment/CompilerOptimization/Result/redis/phasar/phasar-O2-g/runs/ifds-uninit/redis_O2_g-Wed-Mar-18-09:36:32-2026,redis_O2_g-Wed-Mar-18-09:36:32-2026,ifds-uninit,/home/jimi/PaperExperiment/CompilerOptimization/Result/redis/phasar/phasar-O2-g/artifacts/redis_O2_g.bc,/home/jimi/PaperExperiment/CompilerOptimization/Result/redis/phasar/phasar-O2-g/artifacts/redis_O2_g.ll,/home/jimi/PaperExperiment/CompilerOptimization/Result/redis/phasar/phasar-O2-g/runs/ifds-uninit/redis_O2_g-Wed-Mar-18-09:36:32-2026/psr-report.txt,210511,CompilerOptimization/Target/redis/src/sds.h,5382,,line_out_of_range,project_header,0,project_header,clusterGenNodeDescription,,210519,"%17 = load ptr, ptr %16, align 8, !dbg !405009, !tbaa !401712, !psr.id !405012 | ID: 197428",,Phasar IFDS-Uninitialized use; variables=Line       : 5382; reported_source=if (sdslen(node->hostname) != 0) {,debug_location_or_source_attribution_drift_candidate,0.99,0,,/home/jimi/PaperExperiment/CompilerOptimization/Result/redis/phasar/phasar-O2-g/runs/ifds-uninit/redis_O2_g-Wed-Mar-18-09:36:32-2026/psr-report.txt;/home/jimi/PaperExperiment/CompilerOptimization/Result/redis/phasar/phasar-O2-g/log/commands.log;/home/jimi/PaperExperiment/CompilerOptimization/Result/redis/phasar/phasar-O2-g/log/summary.csv,Generated by re-parsing psr-report.txt; source_resolution=result_worktree_to_target; exact source line was revalidated against the resolved source tree.
phasar.redis.O2g.015053,redis,phasar,P0,LineOutOfRange,LocationInvalid,reported,/home/jimi/PaperExperiment/CompilerOptimization/Result/redis/phasar/phasar-O2-g/runs/ifds-uninit/redis_O2_g-Wed-Mar-18-09:36:32-2026,redis_O2_g-Wed-Mar-18-09:36:32-2026,ifds-uninit,/home/jimi/PaperExperiment/CompilerOptimization/Result/redis/phasar/phasar-O2-g/artifacts/redis_O2_g.bc,/home/jimi/PaperExperiment/CompilerOptimization/Result/redis/phasar/phasar-O2-g/artifacts/redis_O2_g.ll,/home/jimi/PaperExperiment/CompilerOptimization/Result/redis/phasar/phasar-O2-g/runs/ifds-uninit/redis_O2_g-Wed-Mar-18-09:36:32-2026/psr-report.txt,210616,CompilerOptimization/Target/redis/src/sds.h,5388,,line_out_of_range,project_header,0,project_header,clusterGenNodeDescription,,210624,"%48 = load ptr, ptr %16, align 8, !dbg !405076, !tbaa !401712, !psr.id !405078 | ID: 197464",,Phasar IFDS-Uninitialized use; variables=Line       : 5388; reported_source=if (sdslen(node->hostname) == 0) {,debug_location_or_source_attribution_drift_candidate,0.99,0,,/home/jimi/PaperExperiment/CompilerOptimization/Result/redis/phasar/phasar-O2-g/runs/ifds-uninit/redis_O2_g-Wed-Mar-18-09:36:32-2026/psr-report.txt;/home/jimi/PaperExperiment/CompilerOptimization/Result/redis/phasar/phasar-O2-g/log/commands.log;/home/jimi/PaperExperiment/CompilerOptimization/Result/redis/phasar/phasar-O2-g/log/summary.csv,Generated by re-parsing psr-report.txt; source_resolution=result_worktree_to_target; exact source line was revalidated against the resolved source tree.
phasar.redis.O2g.015150,redis,phasar,P0,SourceTextMismatch,LocationDrift,reported,/home/jimi/PaperExperiment/CompilerOptimization/Result/redis/phasar/phasar-O2-g/runs/ifds-uninit/redis_O2_g-Wed-Mar-18-09:36:32-2026,redis_O2_g-Wed-Mar-18-09:36:32-2026,ifds-uninit,/home/jimi/PaperExperiment/CompilerOptimization/Result/redis/phasar/phasar-O2-g/artifacts/redis_O2_g.bc,/home/jimi/PaperExperiment/CompilerOptimization/Result/redis/phasar/phasar-O2-g/artifacts/redis_O2_g.ll,/home/jimi/PaperExperiment/CompilerOptimization/Result/redis/phasar/phasar-O2-g/runs/ifds-uninit/redis_O2_g-Wed-Mar-18-09:36:32-2026/psr-report.txt,211922,CompilerOptimization/Target/redis/src/cluster_legacy.c,360,,valid,project_source,1,not_header,clusterReadHandler,,211930,"%6 = load ptr, ptr %5, align 8, !dbg !407564, !tbaa !163471, !psr.id !407566 | ID: 198765",        if (line[0] == '\n' || line[0] == '\0') continue;,Phasar IFDS-Uninitialized use; variables=Line       : 360; reported_source=return conn->private_data;,debug_location_or_source_attribution_drift_candidate,0.95,0,,/home/jimi/PaperExperiment/CompilerOptimization/Result/redis/phasar/phasar-O2-g/runs/ifds-uninit/redis_O2_g-Wed-Mar-18-09:36:32-2026/psr-report.txt;/home/jimi/PaperExperiment/CompilerOptimization/Result/redis/phasar/phasar-O2-g/log/commands.log;/home/jimi/PaperExperiment/CompilerOptimization/Result/redis/phasar/phasar-O2-g/log/summary.csv,Generated by re-parsing psr-report.txt; source_resolution=result_worktree_to_target; exact source line was revalidated against the resolved source tree.
phasar.redis.O2g.015172,redis,phasar,P2,ExternalSourceLineOutOfRange,RunOrLocationWeakEvidence,reported,/home/jimi/PaperExperiment/CompilerOptimization/Result/redis/phasar/phasar-O2-g/runs/ifds-uninit/redis_O2_g-Wed-Mar-18-09:36:32-2026,redis_O2_g-Wed-Mar-18-09:36:32-2026,ifds-uninit,/home/jimi/PaperExperiment/CompilerOptimization/Result/redis/phasar/phasar-O2-g/artifacts/redis_O2_g.bc,/home/jimi/PaperExperiment/CompilerOptimization/Result/redis/phasar/phasar-O2-g/artifacts/redis_O2_g.ll,/home/jimi/PaperExperiment/CompilerOptimization/Result/redis/phasar/phasar-O2-g/runs/ifds-uninit/redis_O2_g-Wed-Mar-18-09:36:32-2026/psr-report.txt,212215,/usr/include/x86_64-linux-gnu/bits/byteswap.h,3527,,line_out_of_range,system_header,0,system_header,clusterReadHandler,,212224,"%116 = load i32, ptr %115, align 4, !dbg !407875, !tbaa !407598, !psr.id !407877 | ID: 198925",,Phasar IFDS-Uninitialized use; variables=rcvbuflen; reported_source=if (rcvbuflen >= 8 && rcvbuflen == ntohl(hdr->totlen)) {,debug_location_or_source_attribution_drift_candidate,0.55,1,,/home/jimi/PaperExperiment/CompilerOptimization/Result/redis/phasar/phasar-O2-g/runs/ifds-uninit/redis_O2_g-Wed-Mar-18-09:36:32-2026/psr-report.txt;/home/jimi/PaperExperiment/CompilerOptimization/Result/redis/phasar/phasar-O2-g/log/commands.log;/home/jimi/PaperExperiment/CompilerOptimization/Result/redis/phasar/phasar-O2-g/log/summary.csv,Generated by re-parsing psr-report.txt; source_resolution=direct_or_container_remap; exact source line was revalidated against the resolved source tree.
phasar.redis.O2g.015176,redis,phasar,P0,LineOutOfRange,LocationInvalid,reported,/home/jimi/PaperExperiment/CompilerOptimization/Result/redis/phasar/phasar-O2-g/runs/ifds-uninit/redis_O2_g-Wed-Mar-18-09:36:32-2026,redis_O2_g-Wed-Mar-18-09:36:32-2026,ifds-uninit,/home/jimi/PaperExperiment/CompilerOptimization/Result/redis/phasar/phasar-O2-g/artifacts/redis_O2_g.bc,/home/jimi/PaperExperiment/CompilerOptimization/Result/redis/phasar/phasar-O2-g/artifacts/redis_O2_g.ll,/home/jimi/PaperExperiment/CompilerOptimization/Result/redis/phasar/phasar-O2-g/runs/ifds-uninit/redis_O2_g-Wed-Mar-18-09:36:32-2026/psr-report.txt,212275,CompilerOptimization/Target/redis/src/connection.h,1192,,line_out_of_range,project_header,0,project_header,freeClusterLink,,212284,"%3 = load ptr, ptr %2, align 8, !dbg !407936, !tbaa !407443, !psr.id !407939 | ID: 198956",,Phasar IFDS-Uninitialized use; variables=conn; reported_source=if (link->conn) {,debug_location_or_source_attribution_drift_candidate,0.99,0,,/home/jimi/PaperExperiment/CompilerOptimization/Result/redis/phasar/phasar-O2-g/runs/ifds-uninit/redis_O2_g-Wed-Mar-18-09:36:32-2026/psr-report.txt;/home/jimi/PaperExperiment/CompilerOptimization/Result/redis/phasar/phasar-O2-g/log/commands.log;/home/jimi/PaperExperiment/CompilerOptimization/Result/redis/phasar/phasar-O2-g/log/summary.csv,Generated by re-parsing psr-report.txt; source_resolution=result_worktree_to_target; exact source line was revalidated against the resolved source tree.
phasar.redis.O2g.015187,redis,phasar,P2,ExternalSourceLineOutOfRange,RunOrLocationWeakEvidence,reported,/home/jimi/PaperExperiment/CompilerOptimization/Result/redis/phasar/phasar-O2-g/runs/ifds-uninit/redis_O2_g-Wed-Mar-18-09:36:32-2026,redis_O2_g-Wed-Mar-18-09:36:32-2026,ifds-uninit,/home/jimi/PaperExperiment/CompilerOptimization/Result/redis/phasar/phasar-O2-g/artifacts/redis_O2_g.bc,/home/jimi/PaperExperiment/CompilerOptimization/Result/redis/phasar/phasar-O2-g/artifacts/redis_O2_g.ll,/home/jimi/PaperExperiment/CompilerOptimization/Result/redis/phasar/phasar-O2-g/runs/ifds-uninit/redis_O2_g-Wed-Mar-18-09:36:32-2026/psr-report.txt,212441,/usr/include/x86_64-linux-gnu/bits/byteswap.h,2780,,line_out_of_range,system_header,0,system_header,clusterProcessPacket,,212449,"%7 = load i32, ptr %6, align 4, !dbg !408124, !tbaa !407598, !psr.id !408126 | ID: 199022",,Phasar IFDS-Uninitialized use; variables=Line       : 2780; reported_source=uint32_t totlen = ntohl(hdr->totlen);,debug_location_or_source_attribution_drift_candidate,0.55,1,,/home/jimi/PaperExperiment/CompilerOptimization/Result/redis/phasar/phasar-O2-g/runs/ifds-uninit/redis_O2_g-Wed-Mar-18-09:36:32-2026/psr-report.txt;/home/jimi/PaperExperiment/CompilerOptimization/Result/redis/phasar/phasar-O2-g/log/commands.log;/home/jimi/PaperExperiment/CompilerOptimization/Result/redis/phasar/phasar-O2-g/log/summary.csv,Generated by re-parsing psr-report.txt; source_resolution=direct_or_container_remap; exact source line was revalidated against the resolved source tree.
phasar.redis.O2g.015197,redis,phasar,P2,ExternalSourceLineOutOfRange,RunOrLocationWeakEvidence,reported,/home/jimi/PaperExperiment/CompilerOptimization/Result/redis/phasar/phasar-O2-g/runs/ifds-uninit/redis_O2_g-Wed-Mar-18-09:36:32-2026,redis_O2_g-Wed-Mar-18-09:36:32-2026,ifds-uninit,/home/jimi/PaperExperiment/CompilerOptimization/Result/redis/phasar/phasar-O2-g/artifacts/redis_O2_g.bc,/home/jimi/PaperExperiment/CompilerOptimization/Result/redis/phasar/phasar-O2-g/artifacts/redis_O2_g.ll,/home/jimi/PaperExperiment/CompilerOptimization/Result/redis/phasar/phasar-O2-g/runs/ifds-uninit/redis_O2_g-Wed-Mar-18-09:36:32-2026/psr-report.txt,212566,/usr/include/x86_64-linux-gnu/bits/byteswap.h,2526,,line_out_of_range,system_header,0,system_header,clusterProcessPacket,,212575,"%84 = load i32, ptr %82, align 8, !dbg !408316, !tbaa !65490, !psr.id !408317 | ID: 199130",,Phasar IFDS-Uninitialized use; variables=ext; reported_source=return ntohl(ext->length);,debug_location_or_source_attribution_drift_candidate,0.55,1,,/home/jimi/PaperExperiment/CompilerOptimization/Result/redis/phasar/phasar-O2-g/runs/ifds-uninit/redis_O2_g-Wed-Mar-18-09:36:32-2026/psr-report.txt;/home/jimi/PaperExperiment/CompilerOptimization/Result/redis/phasar/phasar-O2-g/log/commands.log;/home/jimi/PaperExperiment/CompilerOptimization/Result/redis/phasar/phasar-O2-g/log/summary.csv,Generated by re-parsing psr-report.txt; source_resolution=direct_or_container_remap; exact source line was revalidated against the resolved source tree.
phasar.redis.O2g.015198,redis,phasar,P2,ExternalSourceLineOutOfRange,RunOrLocationWeakEvidence,reported,/home/jimi/PaperExperiment/CompilerOptimization/Result/redis/phasar/phasar-O2-g/runs/ifds-uninit/redis_O2_g-Wed-Mar-18-09:36:32-2026,redis_O2_g-Wed-Mar-18-09:36:32-2026,ifds-uninit,/home/jimi/PaperExperiment/CompilerOptimization/Result/redis/phasar/phasar-O2-g/artifacts/redis_O2_g.bc,/home/jimi/PaperExperiment/CompilerOptimization/Result/redis/phasar/phasar-O2-g/artifacts/redis_O2_g.ll,/home/jimi/PaperExperiment/CompilerOptimization/Result/redis/phasar/phasar-O2-g/runs/ifds-uninit/redis_O2_g-Wed-Mar-18-09:36:32-2026/psr-report.txt,212578,/usr/include/x86_64-linux-gnu/bits/byteswap.h,2845,,line_out_of_range,system_header,0,system_header,clusterProcessPacket,,212586,"%122 = load i32, ptr %121, align 8, !dbg !408414, !tbaa !62266, !psr.id !408419 | ID: 199183",,Phasar IFDS-Uninitialized use; variables=Line       : 2845; reported_source=ntohl(hdr->data.publish.msg.channel_len) +,debug_location_or_source_attribution_drift_candidate,0.55,1,,/home/jimi/PaperExperiment/CompilerOptimization/Result/redis/phasar/phasar-O2-g/runs/ifds-uninit/redis_O2_g-Wed-Mar-18-09:36:32-2026/psr-report.txt;/home/jimi/PaperExperiment/CompilerOptimization/Result/redis/phasar/phasar-O2-g/log/commands.log;/home/jimi/PaperExperiment/CompilerOptimization/Result/redis/phasar/phasar-O2-g/log/summary.csv,Generated by re-parsing psr-report.txt; source_resolution=direct_or_container_remap; exact source line was revalidated against the resolved source tree.
phasar.redis.O2g.015199,redis,phasar,P2,ExternalSourceLineOutOfRange,RunOrLocationWeakEvidence,reported,/home/jimi/PaperExperiment/CompilerOptimization/Result/redis/phasar/phasar-O2-g/runs/ifds-uninit/redis_O2_g-Wed-Mar-18-09:36:32-2026,redis_O2_g-Wed-Mar-18-09:36:32-2026,ifds-uninit,/home/jimi/PaperExperiment/CompilerOptimization/Result/redis/phasar/phasar-O2-g/artifacts/redis_O2_g.bc,/home/jimi/PaperExperiment/CompilerOptimization/Result/redis/phasar/phasar-O2-g/artifacts/redis_O2_g.ll,/home/jimi/PaperExperiment/CompilerOptimization/Result/redis/phasar/phasar-O2-g/runs/ifds-uninit/redis_O2_g-Wed-Mar-18-09:36:32-2026/psr-report.txt,212589,/usr/include/x86_64-linux-gnu/bits/byteswap.h,2846,,line_out_of_range,system_header,0,system_header,clusterProcessPacket,,212597,"%125 = load i32, ptr %124, align 4, !dbg !408425, !tbaa !62266, !psr.id !408427 | ID: 199187",,Phasar IFDS-Uninitialized use; variables=Line       : 2846; reported_source=ntohl(hdr->data.publish.msg.message_len);,debug_location_or_source_attribution_drift_candidate,0.55,1,,/home/jimi/PaperExperiment/CompilerOptimization/Result/redis/phasar/phasar-O2-g/runs/ifds-uninit/redis_O2_g-Wed-Mar-18-09:36:32-2026/psr-report.txt;/home/jimi/PaperExperiment/CompilerOptimization/Result/redis/phasar/phasar-O2-g/log/commands.log;/home/jimi/PaperExperiment/CompilerOptimization/Result/redis/phasar/phasar-O2-g/log/summary.csv,Generated by re-parsing psr-report.txt; source_resolution=direct_or_container_remap; exact source line was revalidated against the resolved source tree.
phasar.redis.O2g.015200,redis,phasar,P2,ExternalSourceLineOutOfRange,RunOrLocationWeakEvidence,reported,/home/jimi/PaperExperiment/CompilerOptimization/Result/redis/phasar/phasar-O2-g/runs/ifds-uninit/redis_O2_g-Wed-Mar-18-09:36:32-2026,redis_O2_g-Wed-Mar-18-09:36:32-2026,ifds-uninit,/home/jimi/PaperExperiment/CompilerOptimization/Result/redis/phasar/phasar-O2-g/artifacts/redis_O2_g.bc,/home/jimi/PaperExperiment/CompilerOptimization/Result/redis/phasar/phasar-O2-g/artifacts/redis_O2_g.ll,/home/jimi/PaperExperiment/CompilerOptimization/Result/redis/phasar/phasar-O2-g/runs/ifds-uninit/redis_O2_g-Wed-Mar-18-09:36:32-2026/psr-report.txt,212600,/usr/include/x86_64-linux-gnu/bits/byteswap.h,2858,,line_out_of_range,system_header,0,system_header,clusterProcessPacket,,212608,"%132 = load i32, ptr %131, align 8, !dbg !408447, !tbaa !62266, !psr.id !408451 | ID: 199198",,Phasar IFDS-Uninitialized use; variables=Line       : 2858; reported_source=3 + ntohl(hdr->data.module.msg.len);,debug_location_or_source_attribution_drift_candidate,0.55,1,,/home/jimi/PaperExperiment/CompilerOptimization/Result/redis/phasar/phasar-O2-g/runs/ifds-uninit/redis_O2_g-Wed-Mar-18-09:36:32-2026/psr-report.txt;/home/jimi/PaperExperiment/CompilerOptimization/Result/redis/phasar/phasar-O2-g/log/commands.log;/home/jimi/PaperExperiment/CompilerOptimization/Result/redis/phasar/phasar-O2-g/log/summary.csv,Generated by re-parsing psr-report.txt; source_resolution=direct_or_container_remap; exact source line was revalidated against the resolved source tree.
phasar.redis.O2g.015215,redis,phasar,P0,LineOutOfRange,LocationInvalid,reported,/home/jimi/PaperExperiment/CompilerOptimization/Result/redis/phasar/phasar-O2-g/runs/ifds-uninit/redis_O2_g-Wed-Mar-18-09:36:32-2026,redis_O2_g-Wed-Mar-18-09:36:32-2026,ifds-uninit,/home/jimi/PaperExperiment/CompilerOptimization/Result/redis/phasar/phasar-O2-g/artifacts/redis_O2_g.bc,/home/jimi/PaperExperiment/CompilerOptimization/Result/redis/phasar/phasar-O2-g/artifacts/redis_O2_g.ll,/home/jimi/PaperExperiment/CompilerOptimization/Result/redis/phasar/phasar-O2-g/runs/ifds-uninit/redis_O2_g-Wed-Mar-18-09:36:32-2026/psr-report.txt,212810,CompilerOptimization/Target/redis/src/connection.h,2931,,line_out_of_range,project_header,0,project_header,clusterProcessPacket,,212818,"%260 = load ptr, ptr %259, align 8, !dbg !408747, !tbaa !407443, !psr.id !408750 | ID: 199359",,"Phasar IFDS-Uninitialized use; variables=Line       : 2931; reported_source=if (connAddrSockName(link->conn,ip,sizeof(ip),NULL) != -1 &&",debug_location_or_source_attribution_drift_candidate,0.99,0,,/home/jimi/PaperExperiment/CompilerOptimization/Result/redis/phasar/phasar-O2-g/runs/ifds-uninit/redis_O2_g-Wed-Mar-18-09:36:32-2026/psr-report.txt;/home/jimi/PaperExperiment/CompilerOptimization/Result/redis/phasar/phasar-O2-g/log/commands.log;/home/jimi/PaperExperiment/CompilerOptimization/Result/redis/phasar/phasar-O2-g/log/summary.csv,Generated by re-parsing psr-report.txt; source_resolution=result_worktree_to_target; exact source line was revalidated against the resolved source tree.
phasar.redis.O2g.015273,redis,phasar,P2,ExternalSourceLineOutOfRange,RunOrLocationWeakEvidence,reported,/home/jimi/PaperExperiment/CompilerOptimization/Result/redis/phasar/phasar-O2-g/runs/ifds-uninit/redis_O2_g-Wed-Mar-18-09:36:32-2026,redis_O2_g-Wed-Mar-18-09:36:32-2026,ifds-uninit,/home/jimi/PaperExperiment/CompilerOptimization/Result/redis/phasar/phasar-O2-g/artifacts/redis_O2_g.bc,/home/jimi/PaperExperiment/CompilerOptimization/Result/redis/phasar/phasar-O2-g/artifacts/redis_O2_g.ll,/home/jimi/PaperExperiment/CompilerOptimization/Result/redis/phasar/phasar-O2-g/runs/ifds-uninit/redis_O2_g-Wed-Mar-18-09:36:32-2026/psr-report.txt,213575,/usr/include/x86_64-linux-gnu/bits/byteswap.h,3273,,line_out_of_range,system_header,0,system_header,clusterProcessPacket,,213583,"%678 = load i32, ptr %677, align 8, !dbg !409720, !tbaa !62266, !psr.id !409723 | ID: 199891",,Phasar IFDS-Uninitialized use; variables=Line       : 3273; reported_source=channel_len = ntohl(hdr->data.publish.msg.channel_len);,debug_location_or_source_attribution_drift_candidate,0.55,1,,/home/jimi/PaperExperiment/CompilerOptimization/Result/redis/phasar/phasar-O2-g/runs/ifds-uninit/redis_O2_g-Wed-Mar-18-09:36:32-2026/psr-report.txt;/home/jimi/PaperExperiment/CompilerOptimization/Result/redis/phasar/phasar-O2-g/log/commands.log;/home/jimi/PaperExperiment/CompilerOptimization/Result/redis/phasar/phasar-O2-g/log/summary.csv,Generated by re-parsing psr-report.txt; source_resolution=direct_or_container_remap; exact source line was revalidated against the resolved source tree.
phasar.redis.O2g.015274,redis,phasar,P2,ExternalSourceLineOutOfRange,RunOrLocationWeakEvidence,reported,/home/jimi/PaperExperiment/CompilerOptimization/Result/redis/phasar/phasar-O2-g/runs/ifds-uninit/redis_O2_g-Wed-Mar-18-09:36:32-2026,redis_O2_g-Wed-Mar-18-09:36:32-2026,ifds-uninit,/home/jimi/PaperExperiment/CompilerOptimization/Result/redis/phasar/phasar-O2-g/artifacts/redis_O2_g.bc,/home/jimi/PaperExperiment/CompilerOptimization/Result/redis/phasar/phasar-O2-g/artifacts/redis_O2_g.ll,/home/jimi/PaperExperiment/CompilerOptimization/Result/redis/phasar/phasar-O2-g/runs/ifds-uninit/redis_O2_g-Wed-Mar-18-09:36:32-2026/psr-report.txt,213586,/usr/include/x86_64-linux-gnu/bits/byteswap.h,3274,,line_out_of_range,system_header,0,system_header,clusterProcessPacket,,213594,"%681 = load i32, ptr %680, align 4, !dbg !409731, !tbaa !62266, !psr.id !409733 | ID: 199896",,Phasar IFDS-Uninitialized use; variables=Line       : 3274; reported_source=message_len = ntohl(hdr->data.publish.msg.message_len);,debug_location_or_source_attribution_drift_candidate,0.55,1,,/home/jimi/PaperExperiment/CompilerOptimization/Result/redis/phasar/phasar-O2-g/runs/ifds-uninit/redis_O2_g-Wed-Mar-18-09:36:32-2026/psr-report.txt;/home/jimi/PaperExperiment/CompilerOptimization/Result/redis/phasar/phasar-O2-g/log/commands.log;/home/jimi/PaperExperiment/CompilerOptimization/Result/redis/phasar/phasar-O2-g/log/summary.csv,Generated by re-parsing psr-report.txt; source_resolution=direct_or_container_remap; exact source line was revalidated against the resolved source tree.
phasar.redis.O2g.015284,redis,phasar,P2,ExternalSourceLineOutOfRange,RunOrLocationWeakEvidence,reported,/home/jimi/PaperExperiment/CompilerOptimization/Result/redis/phasar/phasar-O2-g/runs/ifds-uninit/redis_O2_g-Wed-Mar-18-09:36:32-2026,redis_O2_g-Wed-Mar-18-09:36:32-2026,ifds-uninit,/home/jimi/PaperExperiment/CompilerOptimization/Result/redis/phasar/phasar-O2-g/artifacts/redis_O2_g.bc,/home/jimi/PaperExperiment/CompilerOptimization/Result/redis/phasar/phasar-O2-g/artifacts/redis_O2_g.ll,/home/jimi/PaperExperiment/CompilerOptimization/Result/redis/phasar/phasar-O2-g/runs/ifds-uninit/redis_O2_g-Wed-Mar-18-09:36:32-2026/psr-report.txt,213723,/usr/include/x86_64-linux-gnu/bits/byteswap.h,3349,,line_out_of_range,system_header,0,system_header,clusterProcessPacket,,213731,"%764 = load i32, ptr %763, align 8, !dbg !409933, !tbaa !62266, !psr.id !409935 | ID: 200004",,Phasar IFDS-Uninitialized use; variables=Line       : 3349; reported_source=uint32_t len = ntohl(hdr->data.module.msg.len);,debug_location_or_source_attribution_drift_candidate,0.55,1,,/home/jimi/PaperExperiment/CompilerOptimization/Result/redis/phasar/phasar-O2-g/runs/ifds-uninit/redis_O2_g-Wed-Mar-18-09:36:32-2026/psr-report.txt;/home/jimi/PaperExperiment/CompilerOptimization/Result/redis/phasar/phasar-O2-g/log/commands.log;/home/jimi/PaperExperiment/CompilerOptimization/Result/redis/phasar/phasar-O2-g/log/summary.csv,Generated by re-parsing psr-report.txt; source_resolution=direct_or_container_remap; exact source line was revalidated against the resolved source tree.
phasar.redis.O2g.015293,redis,phasar,P0,LineOutOfRange,LocationInvalid,reported,/home/jimi/PaperExperiment/CompilerOptimization/Result/redis/phasar/phasar-O2-g/runs/ifds-uninit/redis_O2_g-Wed-Mar-18-09:36:32-2026,redis_O2_g-Wed-Mar-18-09:36:32-2026,ifds-uninit,/home/jimi/PaperExperiment/CompilerOptimization/Result/redis/phasar/phasar-O2-g/artifacts/redis_O2_g.bc,/home/jimi/PaperExperiment/CompilerOptimization/Result/redis/phasar/phasar-O2-g/artifacts/redis_O2_g.ll,/home/jimi/PaperExperiment/CompilerOptimization/Result/redis/phasar/phasar-O2-g/runs/ifds-uninit/redis_O2_g-Wed-Mar-18-09:36:32-2026/psr-report.txt,213849,CompilerOptimization/Target/redis/src/connection.h,2255,,line_out_of_range,project_header,0,project_header,nodeIp2String,,213857,"%10 = load ptr, ptr %9, align 8, !dbg !410077, !tbaa !407443, !psr.id !410081 | ID: 200089",,"Phasar IFDS-Uninitialized use; variables=Line       : 2255; reported_source=if (connAddrPeerName(link->conn, buf, NET_IP_STR_LEN, NULL) == -1) {",debug_location_or_source_attribution_drift_candidate,0.99,0,,/home/jimi/PaperExperiment/CompilerOptimization/Result/redis/phasar/phasar-O2-g/runs/ifds-uninit/redis_O2_g-Wed-Mar-18-09:36:32-2026/psr-report.txt;/home/jimi/PaperExperiment/CompilerOptimization/Result/redis/phasar/phasar-O2-g/log/commands.log;/home/jimi/PaperExperiment/CompilerOptimization/Result/redis/phasar/phasar-O2-g/log/summary.csv,Generated by re-parsing psr-report.txt; source_resolution=result_worktree_to_target; exact source line was revalidated against the resolved source tree.
phasar.redis.O2g.015295,redis,phasar,P0,LineOutOfRange,LocationInvalid,reported,/home/jimi/PaperExperiment/CompilerOptimization/Result/redis/phasar/phasar-O2-g/runs/ifds-uninit/redis_O2_g-Wed-Mar-18-09:36:32-2026,redis_O2_g-Wed-Mar-18-09:36:32-2026,ifds-uninit,/home/jimi/PaperExperiment/CompilerOptimization/Result/redis/phasar/phasar-O2-g/artifacts/redis_O2_g.bc,/home/jimi/PaperExperiment/CompilerOptimization/Result/redis/phasar/phasar-O2-g/artifacts/redis_O2_g.ll,/home/jimi/PaperExperiment/CompilerOptimization/Result/redis/phasar/phasar-O2-g/runs/ifds-uninit/redis_O2_g-Wed-Mar-18-09:36:32-2026/psr-report.txt,213882,CompilerOptimization/Target/redis/src/connection.h,2256,,line_out_of_range,project_header,0,project_header,nodeIp2String,,213891,"%24 = load ptr, ptr %9, align 8, !dbg !410120, !tbaa !407443, !psr.id !410122 | ID: 200112",,"Phasar IFDS-Uninitialized use; variables=conn; reported_source=serverLog(LL_NOTICE, ""Error converting peer IP to string: %s"",",debug_location_or_source_attribution_drift_candidate,0.99,0,,/home/jimi/PaperExperiment/CompilerOptimization/Result/redis/phasar/phasar-O2-g/runs/ifds-uninit/redis_O2_g-Wed-Mar-18-09:36:32-2026/psr-report.txt;/home/jimi/PaperExperiment/CompilerOptimization/Result/redis/phasar/phasar-O2-g/log/commands.log;/home/jimi/PaperExperiment/CompilerOptimization/Result/redis/phasar/phasar-O2-g/log/summary.csv,Generated by re-parsing psr-report.txt; source_resolution=result_worktree_to_target; exact source line was revalidated against the resolved source tree.
phasar.redis.O2g.015324,redis,phasar,P2,ExternalSourceLineOutOfRange,RunOrLocationWeakEvidence,reported,/home/jimi/PaperExperiment/CompilerOptimization/Result/redis/phasar/phasar-O2-g/runs/ifds-uninit/redis_O2_g-Wed-Mar-18-09:36:32-2026,redis_O2_g-Wed-Mar-18-09:36:32-2026,ifds-uninit,/home/jimi/PaperExperiment/CompilerOptimization/Result/redis/phasar/phasar-O2-g/artifacts/redis_O2_g.bc,/home/jimi/PaperExperiment/CompilerOptimization/Result/redis/phasar/phasar-O2-g/artifacts/redis_O2_g.ll,/home/jimi/PaperExperiment/CompilerOptimization/Result/redis/phasar/phasar-O2-g/runs/ifds-uninit/redis_O2_g-Wed-Mar-18-09:36:32-2026/psr-report.txt,214258,/usr/include/x86_64-linux-gnu/bits/byteswap.h,2182,,line_out_of_range,system_header,0,system_header,clusterProcessGossipSection,,214266,"%174 = load i32, ptr %173, align 4, !dbg !410562, !tbaa !410564, !psr.id !410565 | ID: 200345",,Phasar IFDS-Uninitialized use; variables=Line       : 2182; reported_source=mstime_t pongtime = ntohl(g->pong_received);,debug_location_or_source_attribution_drift_candidate,0.55,1,,/home/jimi/PaperExperiment/CompilerOptimization/Result/redis/phasar/phasar-O2-g/runs/ifds-uninit/redis_O2_g-Wed-Mar-18-09:36:32-2026/psr-report.txt;/home/jimi/PaperExperiment/CompilerOptimization/Result/redis/phasar/phasar-O2-g/log/commands.log;/home/jimi/PaperExperiment/CompilerOptimization/Result/redis/phasar/phasar-O2-g/log/summary.csv,Generated by re-parsing psr-report.txt; source_resolution=direct_or_container_remap; exact source line was revalidated against the resolved source tree.
phasar.redis.O2g.015356,redis,phasar,P0,LineOutOfRange,LocationInvalid,reported,/home/jimi/PaperExperiment/CompilerOptimization/Result/redis/phasar/phasar-O2-g/runs/ifds-uninit/redis_O2_g-Wed-Mar-18-09:36:32-2026,redis_O2_g-Wed-Mar-18-09:36:32-2026,ifds-uninit,/home/jimi/PaperExperiment/CompilerOptimization/Result/redis/phasar/phasar-O2-g/artifacts/redis_O2_g.bc,/home/jimi/PaperExperiment/CompilerOptimization/Result/redis/phasar/phasar-O2-g/artifacts/redis_O2_g.ll,/home/jimi/PaperExperiment/CompilerOptimization/Result/redis/phasar/phasar-O2-g/runs/ifds-uninit/redis_O2_g-Wed-Mar-18-09:36:32-2026/psr-report.txt,214726,CompilerOptimization/Target/redis/src/connection.h,3553,,line_out_of_range,project_header,0,project_header,clusterSendPing,,214734,"%271 = load ptr, ptr %270, align 8, !dbg !411478, !tbaa !407443, !psr.id !411480 | ID: 200890",,"Phasar IFDS-Uninitialized use; variables=Line       : 3553; reported_source=connSetWriteHandlerWithBarrier(link->conn, clusterWriteHandler, 1);",debug_location_or_source_attribution_drift_candidate,0.99,0,,/home/jimi/PaperExperiment/CompilerOptimization/Result/redis/phasar/phasar-O2-g/runs/ifds-uninit/redis_O2_g-Wed-Mar-18-09:36:32-2026/psr-report.txt;/home/jimi/PaperExperiment/CompilerOptimization/Result/redis/phasar/phasar-O2-g/log/commands.log;/home/jimi/PaperExperiment/CompilerOptimization/Result/redis/phasar/phasar-O2-g/log/summary.csv,Generated by re-parsing psr-report.txt; source_resolution=result_worktree_to_target; exact source line was revalidated against the resolved source tree.
phasar.redis.O2g.015365,redis,phasar,P0,LineOutOfRange,LocationInvalid,reported,/home/jimi/PaperExperiment/CompilerOptimization/Result/redis/phasar/phasar-O2-g/runs/ifds-uninit/redis_O2_g-Wed-Mar-18-09:36:32-2026,redis_O2_g-Wed-Mar-18-09:36:32-2026,ifds-uninit,/home/jimi/PaperExperiment/CompilerOptimization/Result/redis/phasar/phasar-O2-g/artifacts/redis_O2_g.bc,/home/jimi/PaperExperiment/CompilerOptimization/Result/redis/phasar/phasar-O2-g/artifacts/redis_O2_g.ll,/home/jimi/PaperExperiment/CompilerOptimization/Result/redis/phasar/phasar-O2-g/runs/ifds-uninit/redis_O2_g-Wed-Mar-18-09:36:32-2026/psr-report.txt,214841,CompilerOptimization/Target/redis/src/connection.h,2255,,line_out_of_range,project_header,0,project_header,nodeUpdateAddressIfNeeded,,214849,"%39 = load ptr, ptr %38, align 8, !dbg !411660, !tbaa !407443, !psr.id !411662 | ID: 200991",,"Phasar IFDS-Uninitialized use; variables=Line       : 2255; reported_source=if (connAddrPeerName(link->conn, buf, NET_IP_STR_LEN, NULL) == -1) {",debug_location_or_source_attribution_drift_candidate,0.99,0,,/home/jimi/PaperExperiment/CompilerOptimization/Result/redis/phasar/phasar-O2-g/runs/ifds-uninit/redis_O2_g-Wed-Mar-18-09:36:32-2026/psr-report.txt;/home/jimi/PaperExperiment/CompilerOptimization/Result/redis/phasar/phasar-O2-g/log/commands.log;/home/jimi/PaperExperiment/CompilerOptimization/Result/redis/phasar/phasar-O2-g/log/summary.csv,Generated by re-parsing psr-report.txt; source_resolution=result_worktree_to_target; exact source line was revalidated against the resolved source tree.
phasar.redis.O2g.015367,redis,phasar,P0,LineOutOfRange,LocationInvalid,reported,/home/jimi/PaperExperiment/CompilerOptimization/Result/redis/phasar/phasar-O2-g/runs/ifds-uninit/redis_O2_g-Wed-Mar-18-09:36:32-2026,redis_O2_g-Wed-Mar-18-09:36:32-2026,ifds-uninit,/home/jimi/PaperExperiment/CompilerOptimization/Result/redis/phasar/phasar-O2-g/artifacts/redis_O2_g.bc,/home/jimi/PaperExperiment/CompilerOptimization/Result/redis/phasar/phasar-O2-g/artifacts/redis_O2_g.ll,/home/jimi/PaperExperiment/CompilerOptimization/Result/redis/phasar/phasar-O2-g/runs/ifds-uninit/redis_O2_g-Wed-Mar-18-09:36:32-2026/psr-report.txt,214874,CompilerOptimization/Target/redis/src/connection.h,2256,,line_out_of_range,project_header,0,project_header,nodeUpdateAddressIfNeeded,,214883,"%53 = load ptr, ptr %38, align 8, !dbg !411698, !tbaa !407443, !psr.id !411700 | ID: 201014",,"Phasar IFDS-Uninitialized use; variables=conn; reported_source=serverLog(LL_NOTICE, ""Error converting peer IP to string: %s"",",debug_location_or_source_attribution_drift_candidate,0.99,0,,/home/jimi/PaperExperiment/CompilerOptimization/Result/redis/phasar/phasar-O2-g/runs/ifds-uninit/redis_O2_g-Wed-Mar-18-09:36:32-2026/psr-report.txt;/home/jimi/PaperExperiment/CompilerOptimization/Result/redis/phasar/phasar-O2-g/log/commands.log;/home/jimi/PaperExperiment/CompilerOptimization/Result/redis/phasar/phasar-O2-g/log/summary.csv,Generated by re-parsing psr-report.txt; source_resolution=result_worktree_to_target; exact source line was revalidated against the resolved source tree.
phasar.redis.O2g.015443,redis,phasar,P0,LineOutOfRange,LocationInvalid,reported,/home/jimi/PaperExperiment/CompilerOptimization/Result/redis/phasar/phasar-O2-g/runs/ifds-uninit/redis_O2_g-Wed-Mar-18-09:36:32-2026,redis_O2_g-Wed-Mar-18-09:36:32-2026,ifds-uninit,/home/jimi/PaperExperiment/CompilerOptimization/Result/redis/phasar/phasar-O2-g/artifacts/redis_O2_g.bc,/home/jimi/PaperExperiment/CompilerOptimization/Result/redis/phasar/phasar-O2-g/artifacts/redis_O2_g.ll,/home/jimi/PaperExperiment/CompilerOptimization/Result/redis/phasar/phasar-O2-g/runs/ifds-uninit/redis_O2_g-Wed-Mar-18-09:36:32-2026/psr-report.txt,215899,CompilerOptimization/Target/redis/src/connection.h,3553,,line_out_of_range,project_header,0,project_header,clusterSendUpdate,,215907,"%27 = load ptr, ptr %26, align 8, !dbg !413305, !tbaa !407443, !psr.id !413307 | ID: 201933",,"Phasar IFDS-Uninitialized use; variables=Line       : 3553; reported_source=connSetWriteHandlerWithBarrier(link->conn, clusterWriteHandler, 1);",debug_location_or_source_attribution_drift_candidate,0.99,0,,/home/jimi/PaperExperiment/CompilerOptimization/Result/redis/phasar/phasar-O2-g/runs/ifds-uninit/redis_O2_g-Wed-Mar-18-09:36:32-2026/psr-report.txt;/home/jimi/PaperExperiment/CompilerOptimization/Result/redis/phasar/phasar-O2-g/log/commands.log;/home/jimi/PaperExperiment/CompilerOptimization/Result/redis/phasar/phasar-O2-g/log/summary.csv,Generated by re-parsing psr-report.txt; source_resolution=result_worktree_to_target; exact source line was revalidated against the resolved source tree.
phasar.redis.O2g.015461,redis,phasar,P2,ExternalSourceLineOutOfRange,RunOrLocationWeakEvidence,reported,/home/jimi/PaperExperiment/CompilerOptimization/Result/redis/phasar/phasar-O2-g/runs/ifds-uninit/redis_O2_g-Wed-Mar-18-09:36:32-2026,redis_O2_g-Wed-Mar-18-09:36:32-2026,ifds-uninit,/home/jimi/PaperExperiment/CompilerOptimization/Result/redis/phasar/phasar-O2-g/artifacts/redis_O2_g.bc,/home/jimi/PaperExperiment/CompilerOptimization/Result/redis/phasar/phasar-O2-g/artifacts/redis_O2_g.ll,/home/jimi/PaperExperiment/CompilerOptimization/Result/redis/phasar/phasar-O2-g/runs/ifds-uninit/redis_O2_g-Wed-Mar-18-09:36:32-2026/psr-report.txt,216133,/usr/include/x86_64-linux-gnu/bits/byteswap.h,2526,,line_out_of_range,system_header,0,system_header,clusterProcessPingExtensions,,216142,"%109 = load i32, ptr %37, align 8, !dbg !413845, !tbaa !65490, !psr.id !413846 | ID: 202237",,Phasar IFDS-Uninitialized use; variables=ext; reported_source=return ntohl(ext->length);,debug_location_or_source_attribution_drift_candidate,0.55,1,,/home/jimi/PaperExperiment/CompilerOptimization/Result/redis/phasar/phasar-O2-g/runs/ifds-uninit/redis_O2_g-Wed-Mar-18-09:36:32-2026/psr-report.txt;/home/jimi/PaperExperiment/CompilerOptimization/Result/redis/phasar/phasar-O2-g/log/commands.log;/home/jimi/PaperExperiment/CompilerOptimization/Result/redis/phasar/phasar-O2-g/log/summary.csv,Generated by re-parsing psr-report.txt; source_resolution=direct_or_container_remap; exact source line was revalidated against the resolved source tree.
phasar.redis.O2g.015493,redis,phasar,P0,LineOutOfRange,LocationInvalid,reported,/home/jimi/PaperExperiment/CompilerOptimization/Result/redis/phasar/phasar-O2-g/runs/ifds-uninit/redis_O2_g-Wed-Mar-18-09:36:32-2026,redis_O2_g-Wed-Mar-18-09:36:32-2026,ifds-uninit,/home/jimi/PaperExperiment/CompilerOptimization/Result/redis/phasar/phasar-O2-g/artifacts/redis_O2_g.bc,/home/jimi/PaperExperiment/CompilerOptimization/Result/redis/phasar/phasar-O2-g/artifacts/redis_O2_g.ll,/home/jimi/PaperExperiment/CompilerOptimization/Result/redis/phasar/phasar-O2-g/runs/ifds-uninit/redis_O2_g-Wed-Mar-18-09:36:32-2026/psr-report.txt,216545,CompilerOptimization/Target/redis/src/connection.h,3553,,line_out_of_range,project_header,0,project_header,clusterSendFailoverAuth,,216553,"%24 = load ptr, ptr %23, align 8, !dbg !414303, !tbaa !407443, !psr.id !414305 | ID: 202501",,"Phasar IFDS-Uninitialized use; variables=Line       : 3553; reported_source=connSetWriteHandlerWithBarrier(link->conn, clusterWriteHandler, 1);",debug_location_or_source_attribution_drift_candidate,0.99,0,,/home/jimi/PaperExperiment/CompilerOptimization/Result/redis/phasar/phasar-O2-g/runs/ifds-uninit/redis_O2_g-Wed-Mar-18-09:36:32-2026/psr-report.txt;/home/jimi/PaperExperiment/CompilerOptimization/Result/redis/phasar/phasar-O2-g/log/commands.log;/home/jimi/PaperExperiment/CompilerOptimization/Result/redis/phasar/phasar-O2-g/log/summary.csv,Generated by re-parsing psr-report.txt; source_resolution=result_worktree_to_target; exact source line was revalidated against the resolved source tree.
phasar.redis.O2g.015501,redis,phasar,P0,SourceTextMismatch,LocationDrift,reported,/home/jimi/PaperExperiment/CompilerOptimization/Result/redis/phasar/phasar-O2-g/runs/ifds-uninit/redis_O2_g-Wed-Mar-18-09:36:32-2026,redis_O2_g-Wed-Mar-18-09:36:32-2026,ifds-uninit,/home/jimi/PaperExperiment/CompilerOptimization/Result/redis/phasar/phasar-O2-g/artifacts/redis_O2_g.bc,/home/jimi/PaperExperiment/CompilerOptimization/Result/redis/phasar/phasar-O2-g/artifacts/redis_O2_g.ll,/home/jimi/PaperExperiment/CompilerOptimization/Result/redis/phasar/phasar-O2-g/runs/ifds-uninit/redis_O2_g-Wed-Mar-18-09:36:32-2026/psr-report.txt,216643,CompilerOptimization/Target/redis/src/cluster_legacy.c,360,,valid,project_source,1,not_header,clusterWriteHandler,,216651,"%3 = load ptr, ptr %2, align 8, !dbg !414714, !tbaa !163471, !psr.id !414716 | ID: 202725",        if (line[0] == '\n' || line[0] == '\0') continue;,Phasar IFDS-Uninitialized use; variables=Line       : 360; reported_source=return conn->private_data;,debug_location_or_source_attribution_drift_candidate,0.95,0,,/home/jimi/PaperExperiment/CompilerOptimization/Result/redis/phasar/phasar-O2-g/runs/ifds-uninit/redis_O2_g-Wed-Mar-18-09:36:32-2026/psr-report.txt;/home/jimi/PaperExperiment/CompilerOptimization/Result/redis/phasar/phasar-O2-g/log/commands.log;/home/jimi/PaperExperiment/CompilerOptimization/Result/redis/phasar/phasar-O2-g/log/summary.csv,Generated by re-parsing psr-report.txt; source_resolution=result_worktree_to_target; exact source line was revalidated against the resolved source tree.
phasar.redis.O2g.015506,redis,phasar,P2,ExternalSourceLineOutOfRange,RunOrLocationWeakEvidence,reported,/home/jimi/PaperExperiment/CompilerOptimization/Result/redis/phasar/phasar-O2-g/runs/ifds-uninit/redis_O2_g-Wed-Mar-18-09:36:32-2026,redis_O2_g-Wed-Mar-18-09:36:32-2026,ifds-uninit,/home/jimi/PaperExperiment/CompilerOptimization/Result/redis/phasar/phasar-O2-g/artifacts/redis_O2_g.bc,/home/jimi/PaperExperiment/CompilerOptimization/Result/redis/phasar/phasar-O2-g/artifacts/redis_O2_g.ll,/home/jimi/PaperExperiment/CompilerOptimization/Result/redis/phasar/phasar-O2-g/runs/ifds-uninit/redis_O2_g-Wed-Mar-18-09:36:32-2026/psr-report.txt,216704,/usr/include/x86_64-linux-gnu/bits/byteswap.h,3380,,line_out_of_range,system_header,0,system_header,clusterWriteHandler,,216712,"%20 = load i32, ptr %19, align 4, !dbg !414751, !tbaa !407598, !psr.id !414753 | ID: 202750",,Phasar IFDS-Uninitialized use; variables=Line       : 3380; reported_source=size_t msg_len = ntohl(msg->totlen);,debug_location_or_source_attribution_drift_candidate,0.55,1,,/home/jimi/PaperExperiment/CompilerOptimization/Result/redis/phasar/phasar-O2-g/runs/ifds-uninit/redis_O2_g-Wed-Mar-18-09:36:32-2026/psr-report.txt;/home/jimi/PaperExperiment/CompilerOptimization/Result/redis/phasar/phasar-O2-g/log/commands.log;/home/jimi/PaperExperiment/CompilerOptimization/Result/redis/phasar/phasar-O2-g/log/summary.csv,Generated by re-parsing psr-report.txt; source_resolution=direct_or_container_remap; exact source line was revalidated against the resolved source tree.
phasar.redis.O2g.015507,redis,phasar,P0,LineOutOfRange,LocationInvalid,reported,/home/jimi/PaperExperiment/CompilerOptimization/Result/redis/phasar/phasar-O2-g/runs/ifds-uninit/redis_O2_g-Wed-Mar-18-09:36:32-2026,redis_O2_g-Wed-Mar-18-09:36:32-2026,ifds-uninit,/home/jimi/PaperExperiment/CompilerOptimization/Result/redis/phasar/phasar-O2-g/artifacts/redis_O2_g.bc,/home/jimi/PaperExperiment/CompilerOptimization/Result/redis/phasar/phasar-O2-g/artifacts/redis_O2_g.ll,/home/jimi/PaperExperiment/CompilerOptimization/Result/redis/phasar/phasar-O2-g/runs/ifds-uninit/redis_O2_g-Wed-Mar-18-09:36:32-2026/psr-report.txt,216715,CompilerOptimization/Target/redis/src/connection.h,3382,,line_out_of_range,project_header,0,project_header,clusterWriteHandler,,216724,"%24 = sub i64 %22, %18, !dbg !414763, !psr.id !414764 | ID: 202756",,"Phasar IFDS-Uninitialized use; variables=msg_offset; reported_source=nwritten = connWrite(conn, (char*)msg + msg_offset, msg_len - msg_offset);",debug_location_or_source_attribution_drift_candidate,0.99,0,,/home/jimi/PaperExperiment/CompilerOptimization/Result/redis/phasar/phasar-O2-g/runs/ifds-uninit/redis_O2_g-Wed-Mar-18-09:36:32-2026/psr-report.txt;/home/jimi/PaperExperiment/CompilerOptimization/Result/redis/phasar/phasar-O2-g/log/commands.log;/home/jimi/PaperExperiment/CompilerOptimization/Result/redis/phasar/phasar-O2-g/log/summary.csv,Generated by re-parsing psr-report.txt; source_resolution=result_worktree_to_target; exact source line was revalidated against the resolved source tree.
phasar.redis.O2g.015516,redis,phasar,P0,LineOutOfRange,LocationInvalid,reported,/home/jimi/PaperExperiment/CompilerOptimization/Result/redis/phasar/phasar-O2-g/runs/ifds-uninit/redis_O2_g-Wed-Mar-18-09:36:32-2026,redis_O2_g-Wed-Mar-18-09:36:32-2026,ifds-uninit,/home/jimi/PaperExperiment/CompilerOptimization/Result/redis/phasar/phasar-O2-g/artifacts/redis_O2_g.bc,/home/jimi/PaperExperiment/CompilerOptimization/Result/redis/phasar/phasar-O2-g/artifacts/redis_O2_g.ll,/home/jimi/PaperExperiment/CompilerOptimization/Result/redis/phasar/phasar-O2-g/runs/ifds-uninit/redis_O2_g-Wed-Mar-18-09:36:32-2026/psr-report.txt,216842,CompilerOptimization/Target/redis/src/connection.h,3408,,line_out_of_range,project_header,0,project_header,clusterWriteHandler,,216850,"%71 = load ptr, ptr %70, align 8, !dbg !414881, !tbaa !407443, !psr.id !414883 | ID: 202820",,"Phasar IFDS-Uninitialized use; variables=Line       : 3408; reported_source=connSetWriteHandler(link->conn, NULL);",debug_location_or_source_attribution_drift_candidate,0.99,0,,/home/jimi/PaperExperiment/CompilerOptimization/Result/redis/phasar/phasar-O2-g/runs/ifds-uninit/redis_O2_g-Wed-Mar-18-09:36:32-2026/psr-report.txt;/home/jimi/PaperExperiment/CompilerOptimization/Result/redis/phasar/phasar-O2-g/log/commands.log;/home/jimi/PaperExperiment/CompilerOptimization/Result/redis/phasar/phasar-O2-g/log/summary.csv,Generated by re-parsing psr-report.txt; source_resolution=result_worktree_to_target; exact source line was revalidated against the resolved source tree.
phasar.redis.O2g.015602,redis,phasar,P0,SourceTextMismatch,LocationDrift,reported,/home/jimi/PaperExperiment/CompilerOptimization/Result/redis/phasar/phasar-O2-g/runs/ifds-uninit/redis_O2_g-Wed-Mar-18-09:36:32-2026,redis_O2_g-Wed-Mar-18-09:36:32-2026,ifds-uninit,/home/jimi/PaperExperiment/CompilerOptimization/Result/redis/phasar/phasar-O2-g/artifacts/redis_O2_g.bc,/home/jimi/PaperExperiment/CompilerOptimization/Result/redis/phasar/phasar-O2-g/artifacts/redis_O2_g.ll,/home/jimi/PaperExperiment/CompilerOptimization/Result/redis/phasar/phasar-O2-g/runs/ifds-uninit/redis_O2_g-Wed-Mar-18-09:36:32-2026/psr-report.txt,218007,CompilerOptimization/Target/redis/src/cluster_legacy.c,360,,valid,project_source,1,not_header,clusterLinkConnectHandler,,218015,"%3 = load ptr, ptr %2, align 8, !dbg !419009, !tbaa !163471, !psr.id !419011 | ID: 205119",        if (line[0] == '\n' || line[0] == '\0') continue;,Phasar IFDS-Uninitialized use; variables=Line       : 360; reported_source=return conn->private_data;,debug_location_or_source_attribution_drift_candidate,0.95,0,,/home/jimi/PaperExperiment/CompilerOptimization/Result/redis/phasar/phasar-O2-g/runs/ifds-uninit/redis_O2_g-Wed-Mar-18-09:36:32-2026/psr-report.txt;/home/jimi/PaperExperiment/CompilerOptimization/Result/redis/phasar/phasar-O2-g/log/commands.log;/home/jimi/PaperExperiment/CompilerOptimization/Result/redis/phasar/phasar-O2-g/log/summary.csv,Generated by re-parsing psr-report.txt; source_resolution=result_worktree_to_target; exact source line was revalidated against the resolved source tree.
phasar.redis.O2g.015615,redis,phasar,P0,LineOutOfRange,LocationInvalid,reported,/home/jimi/PaperExperiment/CompilerOptimization/Result/redis/phasar/phasar-O2-g/runs/ifds-uninit/redis_O2_g-Wed-Mar-18-09:36:32-2026,redis_O2_g-Wed-Mar-18-09:36:32-2026,ifds-uninit,/home/jimi/PaperExperiment/CompilerOptimization/Result/redis/phasar/phasar-O2-g/artifacts/redis_O2_g.bc,/home/jimi/PaperExperiment/CompilerOptimization/Result/redis/phasar/phasar-O2-g/artifacts/redis_O2_g.ll,/home/jimi/PaperExperiment/CompilerOptimization/Result/redis/phasar/phasar-O2-g/runs/ifds-uninit/redis_O2_g-Wed-Mar-18-09:36:32-2026/psr-report.txt,218173,CompilerOptimization/Target/redis/src/sds.h,3866,,line_out_of_range,project_header,0,project_header,clusterCreatePublishMsgBlock,,218181,"%7 = load ptr, ptr %6, align 8, !dbg !419421, !tbaa !61923, !psr.id !419423 | ID: 205358",,Phasar IFDS-Uninitialized use; variables=Line       : 3866; reported_source=channel_len = sdslen(channel->ptr);,debug_location_or_source_attribution_drift_candidate,0.99,0,,/home/jimi/PaperExperiment/CompilerOptimization/Result/redis/phasar/phasar-O2-g/runs/ifds-uninit/redis_O2_g-Wed-Mar-18-09:36:32-2026/psr-report.txt;/home/jimi/PaperExperiment/CompilerOptimization/Result/redis/phasar/phasar-O2-g/log/commands.log;/home/jimi/PaperExperiment/CompilerOptimization/Result/redis/phasar/phasar-O2-g/log/summary.csv,Generated by re-parsing psr-report.txt; source_resolution=result_worktree_to_target; exact source line was revalidated against the resolved source tree.
phasar.redis.O2g.015622,redis,phasar,P0,LineOutOfRange,LocationInvalid,reported,/home/jimi/PaperExperiment/CompilerOptimization/Result/redis/phasar/phasar-O2-g/runs/ifds-uninit/redis_O2_g-Wed-Mar-18-09:36:32-2026,redis_O2_g-Wed-Mar-18-09:36:32-2026,ifds-uninit,/home/jimi/PaperExperiment/CompilerOptimization/Result/redis/phasar/phasar-O2-g/artifacts/redis_O2_g.bc,/home/jimi/PaperExperiment/CompilerOptimization/Result/redis/phasar/phasar-O2-g/artifacts/redis_O2_g.ll,/home/jimi/PaperExperiment/CompilerOptimization/Result/redis/phasar/phasar-O2-g/runs/ifds-uninit/redis_O2_g-Wed-Mar-18-09:36:32-2026/psr-report.txt,218251,CompilerOptimization/Target/redis/src/sds.h,3867,,line_out_of_range,project_header,0,project_header,clusterCreatePublishMsgBlock,,218259,"%33 = load ptr, ptr %32, align 8, !dbg !419474, !tbaa !61923, !psr.id !419476 | ID: 205388",,Phasar IFDS-Uninitialized use; variables=Line       : 3867; reported_source=message_len = sdslen(message->ptr);,debug_location_or_source_attribution_drift_candidate,0.99,0,,/home/jimi/PaperExperiment/CompilerOptimization/Result/redis/phasar/phasar-O2-g/runs/ifds-uninit/redis_O2_g-Wed-Mar-18-09:36:32-2026/psr-report.txt;/home/jimi/PaperExperiment/CompilerOptimization/Result/redis/phasar/phasar-O2-g/log/commands.log;/home/jimi/PaperExperiment/CompilerOptimization/Result/redis/phasar/phasar-O2-g/log/summary.csv,Generated by re-parsing psr-report.txt; source_resolution=result_worktree_to_target; exact source line was revalidated against the resolved source tree.
phasar.redis.O2g.015632,redis,phasar,P0,LineOutOfRange,LocationInvalid,reported,/home/jimi/PaperExperiment/CompilerOptimization/Result/redis/phasar/phasar-O2-g/runs/ifds-uninit/redis_O2_g-Wed-Mar-18-09:36:32-2026,redis_O2_g-Wed-Mar-18-09:36:32-2026,ifds-uninit,/home/jimi/PaperExperiment/CompilerOptimization/Result/redis/phasar/phasar-O2-g/artifacts/redis_O2_g.bc,/home/jimi/PaperExperiment/CompilerOptimization/Result/redis/phasar/phasar-O2-g/artifacts/redis_O2_g.ll,/home/jimi/PaperExperiment/CompilerOptimization/Result/redis/phasar/phasar-O2-g/runs/ifds-uninit/redis_O2_g-Wed-Mar-18-09:36:32-2026/psr-report.txt,218371,CompilerOptimization/Target/redis/src/sds.h,3876,,line_out_of_range,project_header,0,project_header,clusterCreatePublishMsgBlock,,218379,"%69 = load ptr, ptr %6, align 8, !dbg !419562, !tbaa !61923, !psr.id !419563 | ID: 205436",,"Phasar IFDS-Uninitialized use; variables=Line       : 3876; reported_source=memcpy(hdr->data.publish.msg.bulk_data,channel->ptr,sdslen(channel->ptr));",debug_location_or_source_attribution_drift_candidate,0.99,0,,/home/jimi/PaperExperiment/CompilerOptimization/Result/redis/phasar/phasar-O2-g/runs/ifds-uninit/redis_O2_g-Wed-Mar-18-09:36:32-2026/psr-report.txt;/home/jimi/PaperExperiment/CompilerOptimization/Result/redis/phasar/phasar-O2-g/log/commands.log;/home/jimi/PaperExperiment/CompilerOptimization/Result/redis/phasar/phasar-O2-g/log/summary.csv,Generated by re-parsing psr-report.txt; source_resolution=result_worktree_to_target; exact source line was revalidated against the resolved source tree.
phasar.redis.O2g.015640,redis,phasar,P0,LineOutOfRange,LocationInvalid,reported,/home/jimi/PaperExperiment/CompilerOptimization/Result/redis/phasar/phasar-O2-g/runs/ifds-uninit/redis_O2_g-Wed-Mar-18-09:36:32-2026,redis_O2_g-Wed-Mar-18-09:36:32-2026,ifds-uninit,/home/jimi/PaperExperiment/CompilerOptimization/Result/redis/phasar/phasar-O2-g/artifacts/redis_O2_g.bc,/home/jimi/PaperExperiment/CompilerOptimization/Result/redis/phasar/phasar-O2-g/artifacts/redis_O2_g.ll,/home/jimi/PaperExperiment/CompilerOptimization/Result/redis/phasar/phasar-O2-g/runs/ifds-uninit/redis_O2_g-Wed-Mar-18-09:36:32-2026/psr-report.txt,218466,CompilerOptimization/Target/redis/src/sds.h,3877,,line_out_of_range,project_header,0,project_header,clusterCreatePublishMsgBlock,,218474,"%93 = load ptr, ptr %6, align 8, !dbg !419613, !tbaa !61923, !psr.id !419614 | ID: 205464",,"Phasar IFDS-Uninitialized use; variables=Line       : 3877; reported_source=memcpy(hdr->data.publish.msg.bulk_data+sdslen(channel->ptr),",debug_location_or_source_attribution_drift_candidate,0.99,0,,/home/jimi/PaperExperiment/CompilerOptimization/Result/redis/phasar/phasar-O2-g/runs/ifds-uninit/redis_O2_g-Wed-Mar-18-09:36:32-2026/psr-report.txt;/home/jimi/PaperExperiment/CompilerOptimization/Result/redis/phasar/phasar-O2-g/log/commands.log;/home/jimi/PaperExperiment/CompilerOptimization/Result/redis/phasar/phasar-O2-g/log/summary.csv,Generated by re-parsing psr-report.txt; source_resolution=result_worktree_to_target; exact source line was revalidated against the resolved source tree.
phasar.redis.O2g.015648,redis,phasar,P0,LineOutOfRange,LocationInvalid,reported,/home/jimi/PaperExperiment/CompilerOptimization/Result/redis/phasar/phasar-O2-g/runs/ifds-uninit/redis_O2_g-Wed-Mar-18-09:36:32-2026,redis_O2_g-Wed-Mar-18-09:36:32-2026,ifds-uninit,/home/jimi/PaperExperiment/CompilerOptimization/Result/redis/phasar/phasar-O2-g/artifacts/redis_O2_g.bc,/home/jimi/PaperExperiment/CompilerOptimization/Result/redis/phasar/phasar-O2-g/artifacts/redis_O2_g.ll,/home/jimi/PaperExperiment/CompilerOptimization/Result/redis/phasar/phasar-O2-g/runs/ifds-uninit/redis_O2_g-Wed-Mar-18-09:36:32-2026/psr-report.txt,218561,CompilerOptimization/Target/redis/src/sds.h,3878,,line_out_of_range,project_header,0,project_header,clusterCreatePublishMsgBlock,,218569,"%117 = load ptr, ptr %32, align 8, !dbg !419662, !tbaa !61923, !psr.id !419663 | ID: 205491",,"Phasar IFDS-Uninitialized use; variables=Line       : 3878; reported_source=message->ptr,sdslen(message->ptr));",debug_location_or_source_attribution_drift_candidate,0.99,0,,/home/jimi/PaperExperiment/CompilerOptimization/Result/redis/phasar/phasar-O2-g/runs/ifds-uninit/redis_O2_g-Wed-Mar-18-09:36:32-2026/psr-report.txt;/home/jimi/PaperExperiment/CompilerOptimization/Result/redis/phasar/phasar-O2-g/log/commands.log;/home/jimi/PaperExperiment/CompilerOptimization/Result/redis/phasar/phasar-O2-g/log/summary.csv,Generated by re-parsing psr-report.txt; source_resolution=result_worktree_to_target; exact source line was revalidated against the resolved source tree.
phasar.redis.O2g.015668,redis,phasar,P0,LineOutOfRange,LocationInvalid,reported,/home/jimi/PaperExperiment/CompilerOptimization/Result/redis/phasar/phasar-O2-g/runs/ifds-uninit/redis_O2_g-Wed-Mar-18-09:36:32-2026,redis_O2_g-Wed-Mar-18-09:36:32-2026,ifds-uninit,/home/jimi/PaperExperiment/CompilerOptimization/Result/redis/phasar/phasar-O2-g/artifacts/redis_O2_g.bc,/home/jimi/PaperExperiment/CompilerOptimization/Result/redis/phasar/phasar-O2-g/artifacts/redis_O2_g.ll,/home/jimi/PaperExperiment/CompilerOptimization/Result/redis/phasar/phasar-O2-g/runs/ifds-uninit/redis_O2_g-Wed-Mar-18-09:36:32-2026/psr-report.txt,218827,CompilerOptimization/Target/redis/src/connection.h,3553,,line_out_of_range,project_header,0,project_header,clusterPropagatePublish,,218835,"%64 = load ptr, ptr %63, align 8, !dbg !420128, !tbaa !407443, !psr.id !420130 | ID: 205748",,"Phasar IFDS-Uninitialized use; variables=Line       : 3553; reported_source=connSetWriteHandlerWithBarrier(link->conn, clusterWriteHandler, 1);",debug_location_or_source_attribution_drift_candidate,0.99,0,,/home/jimi/PaperExperiment/CompilerOptimization/Result/redis/phasar/phasar-O2-g/runs/ifds-uninit/redis_O2_g-Wed-Mar-18-09:36:32-2026/psr-report.txt;/home/jimi/PaperExperiment/CompilerOptimization/Result/redis/phasar/phasar-O2-g/log/commands.log;/home/jimi/PaperExperiment/CompilerOptimization/Result/redis/phasar/phasar-O2-g/log/summary.csv,Generated by re-parsing psr-report.txt; source_resolution=result_worktree_to_target; exact source line was revalidated against the resolved source tree.
phasar.redis.O2g.015911,redis,phasar,P0,SourceTextMismatch,LocationDrift,reported,/home/jimi/PaperExperiment/CompilerOptimization/Result/redis/phasar/phasar-O2-g/runs/ifds-uninit/redis_O2_g-Wed-Mar-18-09:36:32-2026,redis_O2_g-Wed-Mar-18-09:36:32-2026,ifds-uninit,/home/jimi/PaperExperiment/CompilerOptimization/Result/redis/phasar/phasar-O2-g/artifacts/redis_O2_g.bc,/home/jimi/PaperExperiment/CompilerOptimization/Result/redis/phasar/phasar-O2-g/artifacts/redis_O2_g.ll,/home/jimi/PaperExperiment/CompilerOptimization/Result/redis/phasar/phasar-O2-g/runs/ifds-uninit/redis_O2_g-Wed-Mar-18-09:36:32-2026/psr-report.txt,222242,CompilerOptimization/Target/redis/src/sds.h,47,,valid,project_header,0,project_header,slowlogCreateEntry,,222250,"%41 = load ptr, ptr %40, align 8, !dbg !431243, !tbaa !61923, !psr.id !431245 | ID: 211271","    unsigned char flags; /* 3 lsb of type, 5 unused bits */",Phasar IFDS-Uninitialized use; variables=Line       : 47; reported_source=sdslen(argv[j]->ptr) > SLOWLOG_ENTRY_MAX_STRING),debug_location_or_source_attribution_drift_candidate,0.95,0,,/home/jimi/PaperExperiment/CompilerOptimization/Result/redis/phasar/phasar-O2-g/runs/ifds-uninit/redis_O2_g-Wed-Mar-18-09:36:32-2026/psr-report.txt;/home/jimi/PaperExperiment/CompilerOptimization/Result/redis/phasar/phasar-O2-g/log/commands.log;/home/jimi/PaperExperiment/CompilerOptimization/Result/redis/phasar/phasar-O2-g/log/summary.csv,Generated by re-parsing psr-report.txt; source_resolution=result_worktree_to_target; exact source line was revalidated against the resolved source tree.
phasar.redis.O2g.016009,redis,phasar,P0,LineOutOfRange,LocationInvalid,reported,/home/jimi/PaperExperiment/CompilerOptimization/Result/redis/phasar/phasar-O2-g/runs/ifds-uninit/redis_O2_g-Wed-Mar-18-09:36:32-2026,redis_O2_g-Wed-Mar-18-09:36:32-2026,ifds-uninit,/home/jimi/PaperExperiment/CompilerOptimization/Result/redis/phasar/phasar-O2-g/artifacts/redis_O2_g.bc,/home/jimi/PaperExperiment/CompilerOptimization/Result/redis/phasar/phasar-O2-g/artifacts/redis_O2_g.ll,/home/jimi/PaperExperiment/CompilerOptimization/Result/redis/phasar/phasar-O2-g/runs/ifds-uninit/redis_O2_g-Wed-Mar-18-09:36:32-2026/psr-report.txt,223564,CompilerOptimization/Target/redis/src/sds.h,460,,line_out_of_range,project_header,0,project_header,luaCreateFunction,,223572,"%73 = load ptr, ptr %12, align 8, !dbg !434327, !tbaa !61923, !psr.id !434328 | ID: 212894",,"Phasar IFDS-Uninitialized use; variables=Line       : 460; reported_source=if (luaL_loadbuffer(lctx.lua,(char*)body->ptr + shebang_len,sdslen(body->ptr) - shebang_len,""@user_script"")) {",debug_location_or_source_attribution_drift_candidate,0.99,0,,/home/jimi/PaperExperiment/CompilerOptimization/Result/redis/phasar/phasar-O2-g/runs/ifds-uninit/redis_O2_g-Wed-Mar-18-09:36:32-2026/psr-report.txt;/home/jimi/PaperExperiment/CompilerOptimization/Result/redis/phasar/phasar-O2-g/log/commands.log;/home/jimi/PaperExperiment/CompilerOptimization/Result/redis/phasar/phasar-O2-g/log/summary.csv,Generated by re-parsing psr-report.txt; source_resolution=result_worktree_to_target; exact source line was revalidated against the resolved source tree.
phasar.redis.O2g.016065,redis,phasar,P0,SourceLineEmptyOrNonCode,LocationInvalid,reported,/home/jimi/PaperExperiment/CompilerOptimization/Result/redis/phasar/phasar-O2-g/runs/ifds-uninit/redis_O2_g-Wed-Mar-18-09:36:32-2026,redis_O2_g-Wed-Mar-18-09:36:32-2026,ifds-uninit,/home/jimi/PaperExperiment/CompilerOptimization/Result/redis/phasar/phasar-O2-g/artifacts/redis_O2_g.bc,/home/jimi/PaperExperiment/CompilerOptimization/Result/redis/phasar/phasar-O2-g/artifacts/redis_O2_g.ll,/home/jimi/PaperExperiment/CompilerOptimization/Result/redis/phasar/phasar-O2-g/runs/ifds-uninit/redis_O2_g-Wed-Mar-18-09:36:32-2026/psr-report.txt,224330,CompilerOptimization/Target/redis/src/sds.h,208,,empty_or_comment_line,project_header,0,project_header,rioConnRead,,224338,"%6 = load ptr, ptr %5, align 8, !dbg !441777, !tbaa !62266, !psr.id !441779 | ID: 216752",/* sdsalloc() = sdsavail() + sdslen() */,Phasar IFDS-Uninitialized use; variables=Line       : 208; reported_source=size_t avail = sdslen(r->io.conn.buf)-r->io.conn.pos;,debug_location_or_source_attribution_drift_candidate,0.95,0,,/home/jimi/PaperExperiment/CompilerOptimization/Result/redis/phasar/phasar-O2-g/runs/ifds-uninit/redis_O2_g-Wed-Mar-18-09:36:32-2026/psr-report.txt;/home/jimi/PaperExperiment/CompilerOptimization/Result/redis/phasar/phasar-O2-g/log/commands.log;/home/jimi/PaperExperiment/CompilerOptimization/Result/redis/phasar/phasar-O2-g/log/summary.csv,Generated by re-parsing psr-report.txt; source_resolution=result_worktree_to_target; exact source line was revalidated against the resolved source tree.
phasar.redis.O2g.016100,redis,phasar,P0,SourceTextMismatch,LocationDrift,reported,/home/jimi/PaperExperiment/CompilerOptimization/Result/redis/phasar/phasar-O2-g/runs/ifds-uninit/redis_O2_g-Wed-Mar-18-09:36:32-2026,redis_O2_g-Wed-Mar-18-09:36:32-2026,ifds-uninit,/home/jimi/PaperExperiment/CompilerOptimization/Result/redis/phasar/phasar-O2-g/artifacts/redis_O2_g.bc,/home/jimi/PaperExperiment/CompilerOptimization/Result/redis/phasar/phasar-O2-g/artifacts/redis_O2_g.ll,/home/jimi/PaperExperiment/CompilerOptimization/Result/redis/phasar/phasar-O2-g/runs/ifds-uninit/redis_O2_g-Wed-Mar-18-09:36:32-2026/psr-report.txt,224818,CompilerOptimization/Target/redis/src/sds.h,230,,valid,project_header,0,project_header,rioConnRead,,224826,"%148 = load ptr, ptr %5, align 8, !dbg !442121, !tbaa !62266, !psr.id !442122 | ID: 216957",        case SDS_TYPE_8:,Phasar IFDS-Uninitialized use; variables=Line       : 230; reported_source=while (len > sdslen(r->io.conn.buf) - r->io.conn.pos) {,debug_location_or_source_attribution_drift_candidate,0.95,0,,/home/jimi/PaperExperiment/CompilerOptimization/Result/redis/phasar/phasar-O2-g/runs/ifds-uninit/redis_O2_g-Wed-Mar-18-09:36:32-2026/psr-report.txt;/home/jimi/PaperExperiment/CompilerOptimization/Result/redis/phasar/phasar-O2-g/log/commands.log;/home/jimi/PaperExperiment/CompilerOptimization/Result/redis/phasar/phasar-O2-g/log/summary.csv,Generated by re-parsing psr-report.txt; source_resolution=result_worktree_to_target; exact source line was revalidated against the resolved source tree.
phasar.redis.O2g.016137,redis,phasar,P0,SourceTextMismatch,LocationDrift,reported,/home/jimi/PaperExperiment/CompilerOptimization/Result/redis/phasar/phasar-O2-g/runs/ifds-uninit/redis_O2_g-Wed-Mar-18-09:36:32-2026,redis_O2_g-Wed-Mar-18-09:36:32-2026,ifds-uninit,/home/jimi/PaperExperiment/CompilerOptimization/Result/redis/phasar/phasar-O2-g/artifacts/redis_O2_g.bc,/home/jimi/PaperExperiment/CompilerOptimization/Result/redis/phasar/phasar-O2-g/artifacts/redis_O2_g.ll,/home/jimi/PaperExperiment/CompilerOptimization/Result/redis/phasar/phasar-O2-g/runs/ifds-uninit/redis_O2_g-Wed-Mar-18-09:36:32-2026/psr-report.txt,225324,CompilerOptimization/Target/redis/src/connection.h,242,,valid,project_header,0,project_header,rioConnRead,,225332,"%274 = load ptr, ptr %4, align 8, !dbg !442410, !tbaa !62266, !psr.id !442411 | ID: 217141", * a NULL is returned.,"Phasar IFDS-Uninitialized use; variables=Line       : 242; reported_source=int retval = connRead(r->io.conn.conn,",debug_location_or_source_attribution_drift_candidate,0.95,0,,/home/jimi/PaperExperiment/CompilerOptimization/Result/redis/phasar/phasar-O2-g/runs/ifds-uninit/redis_O2_g-Wed-Mar-18-09:36:32-2026/psr-report.txt;/home/jimi/PaperExperiment/CompilerOptimization/Result/redis/phasar/phasar-O2-g/log/commands.log;/home/jimi/PaperExperiment/CompilerOptimization/Result/redis/phasar/phasar-O2-g/log/summary.csv,Generated by re-parsing psr-report.txt; source_resolution=result_worktree_to_target; exact source line was revalidated against the resolved source tree.
phasar.redis.O2g.016144,redis,phasar,P0,SourceTextMismatch,LocationDrift,reported,/home/jimi/PaperExperiment/CompilerOptimization/Result/redis/phasar/phasar-O2-g/runs/ifds-uninit/redis_O2_g-Wed-Mar-18-09:36:32-2026,redis_O2_g-Wed-Mar-18-09:36:32-2026,ifds-uninit,/home/jimi/PaperExperiment/CompilerOptimization/Result/redis/phasar/phasar-O2-g/artifacts/redis_O2_g.bc,/home/jimi/PaperExperiment/CompilerOptimization/Result/redis/phasar/phasar-O2-g/artifacts/redis_O2_g.ll,/home/jimi/PaperExperiment/CompilerOptimization/Result/redis/phasar/phasar-O2-g/runs/ifds-uninit/redis_O2_g-Wed-Mar-18-09:36:32-2026/psr-report.txt,225410,CompilerOptimization/Target/redis/src/connection.h,248,,valid,project_header,0,project_header,rioConnRead,,225418,"%304 = load ptr, ptr %4, align 8, !dbg !442488, !tbaa !62266, !psr.id !442491 | ID: 217179","static inline ssize_t connSyncWrite(connection *conn, char *ptr, ssize_t size, long long timeout) {",Phasar IFDS-Uninitialized use; variables=Line       : 248; reported_source=if (connLastErrorRetryable(r->io.conn.conn)) continue;,debug_location_or_source_attribution_drift_candidate,0.95,0,,/home/jimi/PaperExperiment/CompilerOptimization/Result/redis/phasar/phasar-O2-g/runs/ifds-uninit/redis_O2_g-Wed-Mar-18-09:36:32-2026/psr-report.txt;/home/jimi/PaperExperiment/CompilerOptimization/Result/redis/phasar/phasar-O2-g/log/commands.log;/home/jimi/PaperExperiment/CompilerOptimization/Result/redis/phasar/phasar-O2-g/log/summary.csv,Generated by re-parsing psr-report.txt; source_resolution=result_worktree_to_target; exact source line was revalidated against the resolved source tree.
phasar.redis.O2g.016498,redis,phasar,P0,LineOutOfRange,LocationInvalid,reported,/home/jimi/PaperExperiment/CompilerOptimization/Result/redis/phasar/phasar-O2-g/runs/ifds-uninit/redis_O2_g-Wed-Mar-18-09:36:32-2026,redis_O2_g-Wed-Mar-18-09:36:32-2026,ifds-uninit,/home/jimi/PaperExperiment/CompilerOptimization/Result/redis/phasar/phasar-O2-g/artifacts/redis_O2_g.bc,/home/jimi/PaperExperiment/CompilerOptimization/Result/redis/phasar/phasar-O2-g/artifacts/redis_O2_g.ll,/home/jimi/PaperExperiment/CompilerOptimization/Result/redis/phasar/phasar-O2-g/runs/ifds-uninit/redis_O2_g-Wed-Mar-18-09:36:32-2026/psr-report.txt,230706,CompilerOptimization/Target/redis/src/sds.h,2917,,line_out_of_range,project_header,0,project_header,RM_StringToLongLong,,230714,"%4 = load ptr, ptr %3, align 8, !dbg !513168, !tbaa !61923, !psr.id !513170 | ID: 256638",,"Phasar IFDS-Uninitialized use; variables=Line       : 2917; reported_source=return string2ll(str->ptr,sdslen(str->ptr),ll) ? REDISMODULE_OK :",debug_location_or_source_attribution_drift_candidate,0.99,0,,/home/jimi/PaperExperiment/CompilerOptimization/Result/redis/phasar/phasar-O2-g/runs/ifds-uninit/redis_O2_g-Wed-Mar-18-09:36:32-2026/psr-report.txt;/home/jimi/PaperExperiment/CompilerOptimization/Result/redis/phasar/phasar-O2-g/log/commands.log;/home/jimi/PaperExperiment/CompilerOptimization/Result/redis/phasar/phasar-O2-g/log/summary.csv,Generated by re-parsing psr-report.txt; source_resolution=result_worktree_to_target; exact source line was revalidated against the resolved source tree.
phasar.redis.O2g.016507,redis,phasar,P0,LineOutOfRange,LocationInvalid,reported,/home/jimi/PaperExperiment/CompilerOptimization/Result/redis/phasar/phasar-O2-g/runs/ifds-uninit/redis_O2_g-Wed-Mar-18-09:36:32-2026,redis_O2_g-Wed-Mar-18-09:36:32-2026,ifds-uninit,/home/jimi/PaperExperiment/CompilerOptimization/Result/redis/phasar/phasar-O2-g/artifacts/redis_O2_g.bc,/home/jimi/PaperExperiment/CompilerOptimization/Result/redis/phasar/phasar-O2-g/artifacts/redis_O2_g.ll,/home/jimi/PaperExperiment/CompilerOptimization/Result/redis/phasar/phasar-O2-g/runs/ifds-uninit/redis_O2_g-Wed-Mar-18-09:36:32-2026/psr-report.txt,230812,CompilerOptimization/Target/redis/src/sds.h,2941,,line_out_of_range,project_header,0,project_header,RM_StringToLongDouble,,230820,"%4 = load ptr, ptr %3, align 8, !dbg !513271, !tbaa !61923, !psr.id !513273 | ID: 256687",,"Phasar IFDS-Uninitialized use; variables=Line       : 2941; reported_source=int retval = string2ld(str->ptr,sdslen(str->ptr),ld);",debug_location_or_source_attribution_drift_candidate,0.99,0,,/home/jimi/PaperExperiment/CompilerOptimization/Result/redis/phasar/phasar-O2-g/runs/ifds-uninit/redis_O2_g-Wed-Mar-18-09:36:32-2026/psr-report.txt;/home/jimi/PaperExperiment/CompilerOptimization/Result/redis/phasar/phasar-O2-g/log/commands.log;/home/jimi/PaperExperiment/CompilerOptimization/Result/redis/phasar/phasar-O2-g/log/summary.csv,Generated by re-parsing psr-report.txt; source_resolution=result_worktree_to_target; exact source line was revalidated against the resolved source tree.
phasar.redis.O2g.016620,redis,phasar,P0,LineOutOfRange,LocationInvalid,reported,/home/jimi/PaperExperiment/CompilerOptimization/Result/redis/phasar/phasar-O2-g/runs/ifds-uninit/redis_O2_g-Wed-Mar-18-09:36:32-2026,redis_O2_g-Wed-Mar-18-09:36:32-2026,ifds-uninit,/home/jimi/PaperExperiment/CompilerOptimization/Result/redis/phasar/phasar-O2-g/artifacts/redis_O2_g.bc,/home/jimi/PaperExperiment/CompilerOptimization/Result/redis/phasar/phasar-O2-g/artifacts/redis_O2_g.ll,/home/jimi/PaperExperiment/CompilerOptimization/Result/redis/phasar/phasar-O2-g/runs/ifds-uninit/redis_O2_g-Wed-Mar-18-09:36:32-2026/psr-report.txt,232427,CompilerOptimization/Target/redis/src/connection.h,3735,,line_out_of_range,project_header,0,project_header,modulePopulateClientInfoStructure,,232435,"%53 = load ptr, ptr %43, align 8, !dbg !516280, !tbaa !93110, !psr.id !516281 | ID: 258273",,"Phasar IFDS-Uninitialized use; variables=Line       : 3735; reported_source=connAddrPeerName(client->conn,ci1->addr,sizeof(ci1->addr),&port);",debug_location_or_source_attribution_drift_candidate,0.99,0,,/home/jimi/PaperExperiment/CompilerOptimization/Result/redis/phasar/phasar-O2-g/runs/ifds-uninit/redis_O2_g-Wed-Mar-18-09:36:32-2026/psr-report.txt;/home/jimi/PaperExperiment/CompilerOptimization/Result/redis/phasar/phasar-O2-g/log/commands.log;/home/jimi/PaperExperiment/CompilerOptimization/Result/redis/phasar/phasar-O2-g/log/summary.csv,Generated by re-parsing psr-report.txt; source_resolution=result_worktree_to_target; exact source line was revalidated against the resolved source tree.
phasar.redis.O2g.016720,redis,phasar,P0,LineOutOfRange,LocationInvalid,reported,/home/jimi/PaperExperiment/CompilerOptimization/Result/redis/phasar/phasar-O2-g/runs/ifds-uninit/redis_O2_g-Wed-Mar-18-09:36:32-2026,redis_O2_g-Wed-Mar-18-09:36:32-2026,ifds-uninit,/home/jimi/PaperExperiment/CompilerOptimization/Result/redis/phasar/phasar-O2-g/artifacts/redis_O2_g.bc,/home/jimi/PaperExperiment/CompilerOptimization/Result/redis/phasar/phasar-O2-g/artifacts/redis_O2_g.ll,/home/jimi/PaperExperiment/CompilerOptimization/Result/redis/phasar/phasar-O2-g/runs/ifds-uninit/redis_O2_g-Wed-Mar-18-09:36:32-2026/psr-report.txt,233819,CompilerOptimization/Target/redis/src/sds.h,4697,,line_out_of_range,project_header,0,project_header,RM_StringDMA,,233827,"%26 = load ptr, ptr %25, align 8, !dbg !518070, !tbaa !61923, !psr.id !518072 | ID: 259195",,Phasar IFDS-Uninitialized use; variables=Line       : 4697; reported_source=*len = sdslen(key->kv->ptr);,debug_location_or_source_attribution_drift_candidate,0.99,0,,/home/jimi/PaperExperiment/CompilerOptimization/Result/redis/phasar/phasar-O2-g/runs/ifds-uninit/redis_O2_g-Wed-Mar-18-09:36:32-2026/psr-report.txt;/home/jimi/PaperExperiment/CompilerOptimization/Result/redis/phasar/phasar-O2-g/log/commands.log;/home/jimi/PaperExperiment/CompilerOptimization/Result/redis/phasar/phasar-O2-g/log/summary.csv,Generated by re-parsing psr-report.txt; source_resolution=result_worktree_to_target; exact source line was revalidated against the resolved source tree.
phasar.redis.O2g.016802,redis,phasar,P0,LineOutOfRange,LocationInvalid,reported,/home/jimi/PaperExperiment/CompilerOptimization/Result/redis/phasar/phasar-O2-g/runs/ifds-uninit/redis_O2_g-Wed-Mar-18-09:36:32-2026,redis_O2_g-Wed-Mar-18-09:36:32-2026,ifds-uninit,/home/jimi/PaperExperiment/CompilerOptimization/Result/redis/phasar/phasar-O2-g/artifacts/redis_O2_g.bc,/home/jimi/PaperExperiment/CompilerOptimization/Result/redis/phasar/phasar-O2-g/artifacts/redis_O2_g.ll,/home/jimi/PaperExperiment/CompilerOptimization/Result/redis/phasar/phasar-O2-g/runs/ifds-uninit/redis_O2_g-Wed-Mar-18-09:36:32-2026/psr-report.txt,234962,CompilerOptimization/Target/redis/src/sds.h,1156,,line_out_of_range,project_header,0,project_header,bitopCommand,,234970,"%124 = load ptr, ptr %121, align 8, !dbg !457026, !tbaa !61923, !psr.id !457027 | ID: 226860",,Phasar IFDS-Uninitialized use; variables=Line       : 1156; reported_source=len[j] = sdslen(objects[j]->ptr);,debug_location_or_source_attribution_drift_candidate,0.99,0,,/home/jimi/PaperExperiment/CompilerOptimization/Result/redis/phasar/phasar-O2-g/runs/ifds-uninit/redis_O2_g-Wed-Mar-18-09:36:32-2026/psr-report.txt;/home/jimi/PaperExperiment/CompilerOptimization/Result/redis/phasar/phasar-O2-g/log/commands.log;/home/jimi/PaperExperiment/CompilerOptimization/Result/redis/phasar/phasar-O2-g/log/summary.csv,Generated by re-parsing psr-report.txt; source_resolution=result_worktree_to_target; exact source line was revalidated against the resolved source tree.
phasar.redis.O2g.017447,redis,phasar,P0,LineOutOfRange,LocationInvalid,reported,/home/jimi/PaperExperiment/CompilerOptimization/Result/redis/phasar/phasar-O2-g/runs/ifds-uninit/redis_O2_g-Wed-Mar-18-09:36:32-2026,redis_O2_g-Wed-Mar-18-09:36:32-2026,ifds-uninit,/home/jimi/PaperExperiment/CompilerOptimization/Result/redis/phasar/phasar-O2-g/artifacts/redis_O2_g.bc,/home/jimi/PaperExperiment/CompilerOptimization/Result/redis/phasar/phasar-O2-g/artifacts/redis_O2_g.ll,/home/jimi/PaperExperiment/CompilerOptimization/Result/redis/phasar/phasar-O2-g/runs/ifds-uninit/redis_O2_g-Wed-Mar-18-09:36:32-2026/psr-report.txt,243592,CompilerOptimization/Target/redis/src/sds.h,3279,,line_out_of_range,project_header,0,project_header,sentinelConfigSetCommand,,243600,"%243 = load ptr, ptr %242, align 8, !dbg !473476, !tbaa !61923, !psr.id !473478 | ID: 236130",,Phasar IFDS-Uninitialized use; variables=Line       : 3279; reported_source=sentinel.sentinel_auth_user = sdslen(val->ptr) == 0 ?,debug_location_or_source_attribution_drift_candidate,0.99,0,,/home/jimi/PaperExperiment/CompilerOptimization/Result/redis/phasar/phasar-O2-g/runs/ifds-uninit/redis_O2_g-Wed-Mar-18-09:36:32-2026/psr-report.txt;/home/jimi/PaperExperiment/CompilerOptimization/Result/redis/phasar/phasar-O2-g/log/commands.log;/home/jimi/PaperExperiment/CompilerOptimization/Result/redis/phasar/phasar-O2-g/log/summary.csv,Generated by re-parsing psr-report.txt; source_resolution=result_worktree_to_target; exact source line was revalidated against the resolved source tree.
phasar.redis.O2g.017459,redis,phasar,P0,LineOutOfRange,LocationInvalid,reported,/home/jimi/PaperExperiment/CompilerOptimization/Result/redis/phasar/phasar-O2-g/runs/ifds-uninit/redis_O2_g-Wed-Mar-18-09:36:32-2026,redis_O2_g-Wed-Mar-18-09:36:32-2026,ifds-uninit,/home/jimi/PaperExperiment/CompilerOptimization/Result/redis/phasar/phasar-O2-g/artifacts/redis_O2_g.bc,/home/jimi/PaperExperiment/CompilerOptimization/Result/redis/phasar/phasar-O2-g/artifacts/redis_O2_g.ll,/home/jimi/PaperExperiment/CompilerOptimization/Result/redis/phasar/phasar-O2-g/runs/ifds-uninit/redis_O2_g-Wed-Mar-18-09:36:32-2026/psr-report.txt,243735,CompilerOptimization/Target/redis/src/sds.h,3285,,line_out_of_range,project_header,0,project_header,sentinelConfigSetCommand,,243743,"%283 = load ptr, ptr %282, align 8, !dbg !473559, !tbaa !61923, !psr.id !473561 | ID: 236178",,Phasar IFDS-Uninitialized use; variables=Line       : 3285; reported_source=sentinel.sentinel_auth_pass = sdslen(val->ptr) == 0 ?,debug_location_or_source_attribution_drift_candidate,0.99,0,,/home/jimi/PaperExperiment/CompilerOptimization/Result/redis/phasar/phasar-O2-g/runs/ifds-uninit/redis_O2_g-Wed-Mar-18-09:36:32-2026/psr-report.txt;/home/jimi/PaperExperiment/CompilerOptimization/Result/redis/phasar/phasar-O2-g/log/commands.log;/home/jimi/PaperExperiment/CompilerOptimization/Result/redis/phasar/phasar-O2-g/log/summary.csv,Generated by re-parsing psr-report.txt; source_resolution=result_worktree_to_target; exact source line was revalidated against the resolved source tree.
phasar.redis.O2g.017995,redis,phasar,P0,LineOutOfRange,LocationInvalid,reported,/home/jimi/PaperExperiment/CompilerOptimization/Result/redis/phasar/phasar-O2-g/runs/ifds-uninit/redis_O2_g-Wed-Mar-18-09:36:32-2026,redis_O2_g-Wed-Mar-18-09:36:32-2026,ifds-uninit,/home/jimi/PaperExperiment/CompilerOptimization/Result/redis/phasar/phasar-O2-g/artifacts/redis_O2_g.bc,/home/jimi/PaperExperiment/CompilerOptimization/Result/redis/phasar/phasar-O2-g/artifacts/redis_O2_g.ll,/home/jimi/PaperExperiment/CompilerOptimization/Result/redis/phasar/phasar-O2-g/runs/ifds-uninit/redis_O2_g-Wed-Mar-18-09:36:32-2026/psr-report.txt,251156,CompilerOptimization/Target/redis/src/sds.h,694,,line_out_of_range,project_header,0,project_header,hllSparseSet,,251164,"%8 = load ptr, ptr %7, align 8, !dbg !486278, !tbaa !61923, !psr.id !486280 | ID: 243055",,Phasar IFDS-Uninitialized use; variables=Line       : 694; reported_source=if (sdsalloc(o->ptr) < server.hll_sparse_max_bytes && sdsavail(o->ptr) < 3) {,debug_location_or_source_attribution_drift_candidate,0.99,0,,/home/jimi/PaperExperiment/CompilerOptimization/Result/redis/phasar/phasar-O2-g/runs/ifds-uninit/redis_O2_g-Wed-Mar-18-09:36:32-2026/psr-report.txt;/home/jimi/PaperExperiment/CompilerOptimization/Result/redis/phasar/phasar-O2-g/log/commands.log;/home/jimi/PaperExperiment/CompilerOptimization/Result/redis/phasar/phasar-O2-g/log/summary.csv,Generated by re-parsing psr-report.txt; source_resolution=result_worktree_to_target; exact source line was revalidated against the resolved source tree.
phasar.redis.O2g.018340,redis,phasar,P0,LineOutOfRange,LocationInvalid,reported,/home/jimi/PaperExperiment/CompilerOptimization/Result/redis/phasar/phasar-O2-g/runs/ifds-uninit/redis_O2_g-Wed-Mar-18-09:36:32-2026,redis_O2_g-Wed-Mar-18-09:36:32-2026,ifds-uninit,/home/jimi/PaperExperiment/CompilerOptimization/Result/redis/phasar/phasar-O2-g/artifacts/redis_O2_g.bc,/home/jimi/PaperExperiment/CompilerOptimization/Result/redis/phasar/phasar-O2-g/artifacts/redis_O2_g.ll,/home/jimi/PaperExperiment/CompilerOptimization/Result/redis/phasar/phasar-O2-g/runs/ifds-uninit/redis_O2_g-Wed-Mar-18-09:36:32-2026/psr-report.txt,256025,CompilerOptimization/Target/redis/src/sds.h,507,,line_out_of_range,project_header,0,project_header,latencySpecificCommandsFillCDF,,256033,"%28 = load ptr, ptr %27, align 8, !dbg !494026, !tbaa !115998, !psr.id !494029 | ID: 247320",,"Phasar IFDS-Uninitialized use; variables=Line       : 507; reported_source=addReplyBulkCBuffer(c, cmd->fullname, sdslen(cmd->fullname));",debug_location_or_source_attribution_drift_candidate,0.99,0,,/home/jimi/PaperExperiment/CompilerOptimization/Result/redis/phasar/phasar-O2-g/runs/ifds-uninit/redis_O2_g-Wed-Mar-18-09:36:32-2026/psr-report.txt;/home/jimi/PaperExperiment/CompilerOptimization/Result/redis/phasar/phasar-O2-g/log/commands.log;/home/jimi/PaperExperiment/CompilerOptimization/Result/redis/phasar/phasar-O2-g/log/summary.csv,Generated by re-parsing psr-report.txt; source_resolution=result_worktree_to_target; exact source line was revalidated against the resolved source tree.
phasar.redis.O2g.018352,redis,phasar,P0,LineOutOfRange,LocationInvalid,reported,/home/jimi/PaperExperiment/CompilerOptimization/Result/redis/phasar/phasar-O2-g/runs/ifds-uninit/redis_O2_g-Wed-Mar-18-09:36:32-2026,redis_O2_g-Wed-Mar-18-09:36:32-2026,ifds-uninit,/home/jimi/PaperExperiment/CompilerOptimization/Result/redis/phasar/phasar-O2-g/artifacts/redis_O2_g.bc,/home/jimi/PaperExperiment/CompilerOptimization/Result/redis/phasar/phasar-O2-g/artifacts/redis_O2_g.ll,/home/jimi/PaperExperiment/CompilerOptimization/Result/redis/phasar/phasar-O2-g/runs/ifds-uninit/redis_O2_g-Wed-Mar-18-09:36:32-2026/psr-report.txt,256175,CompilerOptimization/Target/redis/src/sds.h,520,,line_out_of_range,project_header,0,project_header,latencySpecificCommandsFillCDF,,256183,"%71 = load ptr, ptr %70, align 8, !dbg !494127, !tbaa !115998, !psr.id !494130 | ID: 247377",,"Phasar IFDS-Uninitialized use; variables=Line       : 520; reported_source=addReplyBulkCBuffer(c, sub->fullname, sdslen(sub->fullname));",debug_location_or_source_attribution_drift_candidate,0.99,0,,/home/jimi/PaperExperiment/CompilerOptimization/Result/redis/phasar/phasar-O2-g/runs/ifds-uninit/redis_O2_g-Wed-Mar-18-09:36:32-2026/psr-report.txt;/home/jimi/PaperExperiment/CompilerOptimization/Result/redis/phasar/phasar-O2-g/log/commands.log;/home/jimi/PaperExperiment/CompilerOptimization/Result/redis/phasar/phasar-O2-g/log/summary.csv,Generated by re-parsing psr-report.txt; source_resolution=result_worktree_to_target; exact source line was revalidated against the resolved source tree.
phasar.redis.O2g.018872,redis,phasar,P0,LineOutOfRange,LocationInvalid,reported,/home/jimi/PaperExperiment/CompilerOptimization/Result/redis/phasar/phasar-O2-g/runs/ifds-uninit/redis_O2_g-Wed-Mar-18-09:36:32-2026,redis_O2_g-Wed-Mar-18-09:36:32-2026,ifds-uninit,/home/jimi/PaperExperiment/CompilerOptimization/Result/redis/phasar/phasar-O2-g/artifacts/redis_O2_g.bc,/home/jimi/PaperExperiment/CompilerOptimization/Result/redis/phasar/phasar-O2-g/artifacts/redis_O2_g.ll,/home/jimi/PaperExperiment/CompilerOptimization/Result/redis/phasar/phasar-O2-g/runs/ifds-uninit/redis_O2_g-Wed-Mar-18-09:36:32-2026/psr-report.txt,263284,CompilerOptimization/Target/redis/src/monotonic.h,2398,,line_out_of_range,project_header,0,project_header,RM_BlockedClientMeasureTimeEnd,,263293,"%3 = load i64, ptr %2, align 8, !dbg !510917, !tbaa !510920, !psr.id !510922 | ID: 255358",,Phasar IFDS-Uninitialized use; variables=start_time; reported_source=if (!bc->background_timer),debug_location_or_source_attribution_drift_candidate,0.99,0,,/home/jimi/PaperExperiment/CompilerOptimization/Result/redis/phasar/phasar-O2-g/runs/ifds-uninit/redis_O2_g-Wed-Mar-18-09:36:32-2026/psr-report.txt;/home/jimi/PaperExperiment/CompilerOptimization/Result/redis/phasar/phasar-O2-g/log/commands.log;/home/jimi/PaperExperiment/CompilerOptimization/Result/redis/phasar/phasar-O2-g/log/summary.csv,Generated by re-parsing psr-report.txt; source_resolution=result_worktree_to_target; exact source line was revalidated against the resolved source tree.
phasar.redis.O2g.019011,redis,phasar,P0,LineOutOfRange,LocationInvalid,reported,/home/jimi/PaperExperiment/CompilerOptimization/Result/redis/phasar/phasar-O2-g/runs/ifds-uninit/redis_O2_g-Wed-Mar-18-09:36:32-2026,redis_O2_g-Wed-Mar-18-09:36:32-2026,ifds-uninit,/home/jimi/PaperExperiment/CompilerOptimization/Result/redis/phasar/phasar-O2-g/artifacts/redis_O2_g.bc,/home/jimi/PaperExperiment/CompilerOptimization/Result/redis/phasar/phasar-O2-g/artifacts/redis_O2_g.ll,/home/jimi/PaperExperiment/CompilerOptimization/Result/redis/phasar/phasar-O2-g/runs/ifds-uninit/redis_O2_g-Wed-Mar-18-09:36:32-2026/psr-report.txt,265172,CompilerOptimization/Target/redis/src/sds.h,1964,,line_out_of_range,project_header,0,project_header,streamReplyWithRange,,265180,"%43 = load ptr, ptr %42, align 8, !dbg !581497, !tbaa !347701, !psr.id !581500 | ID: 293293",,"Phasar IFDS-Uninitialized use; variables=Line       : 1964; reported_source=consumername = createStringObject(consumer->name,sdslen(consumer->name));",debug_location_or_source_attribution_drift_candidate,0.99,0,,/home/jimi/PaperExperiment/CompilerOptimization/Result/redis/phasar/phasar-O2-g/runs/ifds-uninit/redis_O2_g-Wed-Mar-18-09:36:32-2026/psr-report.txt;/home/jimi/PaperExperiment/CompilerOptimization/Result/redis/phasar/phasar-O2-g/log/commands.log;/home/jimi/PaperExperiment/CompilerOptimization/Result/redis/phasar/phasar-O2-g/log/summary.csv,Generated by re-parsing psr-report.txt; source_resolution=result_worktree_to_target; exact source line was revalidated against the resolved source tree.
phasar.redis.O2g.019150,redis,phasar,P0,LineOutOfRange,LocationInvalid,reported,/home/jimi/PaperExperiment/CompilerOptimization/Result/redis/phasar/phasar-O2-g/runs/ifds-uninit/redis_O2_g-Wed-Mar-18-09:36:32-2026,redis_O2_g-Wed-Mar-18-09:36:32-2026,ifds-uninit,/home/jimi/PaperExperiment/CompilerOptimization/Result/redis/phasar/phasar-O2-g/artifacts/redis_O2_g.bc,/home/jimi/PaperExperiment/CompilerOptimization/Result/redis/phasar/phasar-O2-g/artifacts/redis_O2_g.ll,/home/jimi/PaperExperiment/CompilerOptimization/Result/redis/phasar/phasar-O2-g/runs/ifds-uninit/redis_O2_g-Wed-Mar-18-09:36:32-2026/psr-report.txt,267062,CompilerOptimization/Target/redis/src/sds.h,2299,,line_out_of_range,project_header,0,project_header,streamGenericParseIDOrReply,,267070,"%11 = load ptr, ptr %10, align 8, !dbg !583688, !tbaa !61923, !psr.id !583691 | ID: 294521",,Phasar IFDS-Uninitialized use; variables=Line       : 2299; reported_source=if (sdslen(o->ptr) > sizeof(buf)-1) goto invalid;,debug_location_or_source_attribution_drift_candidate,0.99,0,,/home/jimi/PaperExperiment/CompilerOptimization/Result/redis/phasar/phasar-O2-g/runs/ifds-uninit/redis_O2_g-Wed-Mar-18-09:36:32-2026/psr-report.txt;/home/jimi/PaperExperiment/CompilerOptimization/Result/redis/phasar/phasar-O2-g/log/commands.log;/home/jimi/PaperExperiment/CompilerOptimization/Result/redis/phasar/phasar-O2-g/log/summary.csv,Generated by re-parsing psr-report.txt; source_resolution=result_worktree_to_target; exact source line was revalidated against the resolved source tree.
phasar.redis.O2g.019168,redis,phasar,P0,LineOutOfRange,LocationInvalid,reported,/home/jimi/PaperExperiment/CompilerOptimization/Result/redis/phasar/phasar-O2-g/runs/ifds-uninit/redis_O2_g-Wed-Mar-18-09:36:32-2026,redis_O2_g-Wed-Mar-18-09:36:32-2026,ifds-uninit,/home/jimi/PaperExperiment/CompilerOptimization/Result/redis/phasar/phasar-O2-g/artifacts/redis_O2_g.bc,/home/jimi/PaperExperiment/CompilerOptimization/Result/redis/phasar/phasar-O2-g/artifacts/redis_O2_g.ll,/home/jimi/PaperExperiment/CompilerOptimization/Result/redis/phasar/phasar-O2-g/runs/ifds-uninit/redis_O2_g-Wed-Mar-18-09:36:32-2026/psr-report.txt,267279,CompilerOptimization/Target/redis/src/sds.h,2372,,line_out_of_range,project_header,0,project_header,streamParseIntervalIDOrReply,,267287,"%7 = load ptr, ptr %6, align 8, !dbg !583991, !tbaa !61923, !psr.id !583993 | ID: 294671",,Phasar IFDS-Uninitialized use; variables=Line       : 2372; reported_source=char *p = o->ptr;,debug_location_or_source_attribution_drift_candidate,0.99,0,,/home/jimi/PaperExperiment/CompilerOptimization/Result/redis/phasar/phasar-O2-g/runs/ifds-uninit/redis_O2_g-Wed-Mar-18-09:36:32-2026/psr-report.txt;/home/jimi/PaperExperiment/CompilerOptimization/Result/redis/phasar/phasar-O2-g/log/commands.log;/home/jimi/PaperExperiment/CompilerOptimization/Result/redis/phasar/phasar-O2-g/log/summary.csv,Generated by re-parsing psr-report.txt; source_resolution=result_worktree_to_target; exact source line was revalidated against the resolved source tree.
phasar.redis.O2g.019665,redis,phasar,P0,LineOutOfRange,LocationInvalid,reported,/home/jimi/PaperExperiment/CompilerOptimization/Result/redis/phasar/phasar-O2-g/runs/ifds-uninit/redis_O2_g-Wed-Mar-18-09:36:32-2026,redis_O2_g-Wed-Mar-18-09:36:32-2026,ifds-uninit,/home/jimi/PaperExperiment/CompilerOptimization/Result/redis/phasar/phasar-O2-g/artifacts/redis_O2_g.bc,/home/jimi/PaperExperiment/CompilerOptimization/Result/redis/phasar/phasar-O2-g/artifacts/redis_O2_g.ll,/home/jimi/PaperExperiment/CompilerOptimization/Result/redis/phasar/phasar-O2-g/runs/ifds-uninit/redis_O2_g-Wed-Mar-18-09:36:32-2026/psr-report.txt,274284,CompilerOptimization/Target/redis/src/sds.h,7617,,line_out_of_range,project_header,0,project_header,RM_SaveUnsigned,,274293,"%8 = load ptr, ptr %7, align 8, !dbg !527343, !tbaa !245846, !psr.id !527346 | ID: 264190",,Phasar IFDS-Uninitialized use; variables=s; reported_source=if (!io->pre_flush_buffer) return 0;,debug_location_or_source_attribution_drift_candidate,0.99,0,,/home/jimi/PaperExperiment/CompilerOptimization/Result/redis/phasar/phasar-O2-g/runs/ifds-uninit/redis_O2_g-Wed-Mar-18-09:36:32-2026/psr-report.txt;/home/jimi/PaperExperiment/CompilerOptimization/Result/redis/phasar/phasar-O2-g/log/commands.log;/home/jimi/PaperExperiment/CompilerOptimization/Result/redis/phasar/phasar-O2-g/log/summary.csv,Generated by re-parsing psr-report.txt; source_resolution=result_worktree_to_target; exact source line was revalidated against the resolved source tree.
phasar.redis.O2g.019687,redis,phasar,P0,LineOutOfRange,LocationInvalid,reported,/home/jimi/PaperExperiment/CompilerOptimization/Result/redis/phasar/phasar-O2-g/runs/ifds-uninit/redis_O2_g-Wed-Mar-18-09:36:32-2026,redis_O2_g-Wed-Mar-18-09:36:32-2026,ifds-uninit,/home/jimi/PaperExperiment/CompilerOptimization/Result/redis/phasar/phasar-O2-g/artifacts/redis_O2_g.bc,/home/jimi/PaperExperiment/CompilerOptimization/Result/redis/phasar/phasar-O2-g/artifacts/redis_O2_g.ll,/home/jimi/PaperExperiment/CompilerOptimization/Result/redis/phasar/phasar-O2-g/runs/ifds-uninit/redis_O2_g-Wed-Mar-18-09:36:32-2026/psr-report.txt,274587,CompilerOptimization/Target/redis/src/sds.h,7617,,line_out_of_range,project_header,0,project_header,RM_SaveString,,274596,"%8 = load ptr, ptr %7, align 8, !dbg !527614, !tbaa !245846, !psr.id !527616 | ID: 264326",,Phasar IFDS-Uninitialized use; variables=s; reported_source=if (!io->pre_flush_buffer) return 0;,debug_location_or_source_attribution_drift_candidate,0.99,0,,/home/jimi/PaperExperiment/CompilerOptimization/Result/redis/phasar/phasar-O2-g/runs/ifds-uninit/redis_O2_g-Wed-Mar-18-09:36:32-2026/psr-report.txt;/home/jimi/PaperExperiment/CompilerOptimization/Result/redis/phasar/phasar-O2-g/log/commands.log;/home/jimi/PaperExperiment/CompilerOptimization/Result/redis/phasar/phasar-O2-g/log/summary.csv,Generated by re-parsing psr-report.txt; source_resolution=result_worktree_to_target; exact source line was revalidated against the resolved source tree.
phasar.redis.O2g.019704,redis,phasar,P0,LineOutOfRange,LocationInvalid,reported,/home/jimi/PaperExperiment/CompilerOptimization/Result/redis/phasar/phasar-O2-g/runs/ifds-uninit/redis_O2_g-Wed-Mar-18-09:36:32-2026,redis_O2_g-Wed-Mar-18-09:36:32-2026,ifds-uninit,/home/jimi/PaperExperiment/CompilerOptimization/Result/redis/phasar/phasar-O2-g/artifacts/redis_O2_g.bc,/home/jimi/PaperExperiment/CompilerOptimization/Result/redis/phasar/phasar-O2-g/artifacts/redis_O2_g.ll,/home/jimi/PaperExperiment/CompilerOptimization/Result/redis/phasar/phasar-O2-g/runs/ifds-uninit/redis_O2_g-Wed-Mar-18-09:36:32-2026/psr-report.txt,274813,CompilerOptimization/Target/redis/src/sds.h,7617,,line_out_of_range,project_header,0,project_header,RM_SaveStringBuffer,,274822,"%9 = load ptr, ptr %8, align 8, !dbg !527759, !tbaa !245846, !psr.id !527761 | ID: 264404",,Phasar IFDS-Uninitialized use; variables=s; reported_source=if (!io->pre_flush_buffer) return 0;,debug_location_or_source_attribution_drift_candidate,0.99,0,,/home/jimi/PaperExperiment/CompilerOptimization/Result/redis/phasar/phasar-O2-g/runs/ifds-uninit/redis_O2_g-Wed-Mar-18-09:36:32-2026/psr-report.txt;/home/jimi/PaperExperiment/CompilerOptimization/Result/redis/phasar/phasar-O2-g/log/commands.log;/home/jimi/PaperExperiment/CompilerOptimization/Result/redis/phasar/phasar-O2-g/log/summary.csv,Generated by re-parsing psr-report.txt; source_resolution=result_worktree_to_target; exact source line was revalidated against the resolved source tree.
phasar.redis.O2g.019847,redis,phasar,P0,LineOutOfRange,LocationInvalid,reported,/home/jimi/PaperExperiment/CompilerOptimization/Result/redis/phasar/phasar-O2-g/runs/ifds-uninit/redis_O2_g-Wed-Mar-18-09:36:32-2026,redis_O2_g-Wed-Mar-18-09:36:32-2026,ifds-uninit,/home/jimi/PaperExperiment/CompilerOptimization/Result/redis/phasar/phasar-O2-g/artifacts/redis_O2_g.bc,/home/jimi/PaperExperiment/CompilerOptimization/Result/redis/phasar/phasar-O2-g/artifacts/redis_O2_g.ll,/home/jimi/PaperExperiment/CompilerOptimization/Result/redis/phasar/phasar-O2-g/runs/ifds-uninit/redis_O2_g-Wed-Mar-18-09:36:32-2026/psr-report.txt,276749,CompilerOptimization/Target/redis/src/cluster.h,9699,,line_out_of_range,project_header,0,project_header,RM_ClusterKeySlot,,276757,"%3 = load ptr, ptr %2, align 8, !dbg !533702, !tbaa !61923, !psr.id !533704 | ID: 267463",,"Phasar IFDS-Uninitialized use; variables=Line       : 9699; reported_source=return keyHashSlot(key->ptr, sdslen(key->ptr));",debug_location_or_source_attribution_drift_candidate,0.99,0,,/home/jimi/PaperExperiment/CompilerOptimization/Result/redis/phasar/phasar-O2-g/runs/ifds-uninit/redis_O2_g-Wed-Mar-18-09:36:32-2026/psr-report.txt;/home/jimi/PaperExperiment/CompilerOptimization/Result/redis/phasar/phasar-O2-g/log/commands.log;/home/jimi/PaperExperiment/CompilerOptimization/Result/redis/phasar/phasar-O2-g/log/summary.csv,Generated by re-parsing psr-report.txt; source_resolution=result_worktree_to_target; exact source line was revalidated against the resolved source tree.
phasar.redis.O2g.019925,redis,phasar,P0,LineOutOfRange,LocationInvalid,reported,/home/jimi/PaperExperiment/CompilerOptimization/Result/redis/phasar/phasar-O2-g/runs/ifds-uninit/redis_O2_g-Wed-Mar-18-09:36:32-2026,redis_O2_g-Wed-Mar-18-09:36:32-2026,ifds-uninit,/home/jimi/PaperExperiment/CompilerOptimization/Result/redis/phasar/phasar-O2-g/artifacts/redis_O2_g.bc,/home/jimi/PaperExperiment/CompilerOptimization/Result/redis/phasar/phasar-O2-g/artifacts/redis_O2_g.ll,/home/jimi/PaperExperiment/CompilerOptimization/Result/redis/phasar/phasar-O2-g/runs/ifds-uninit/redis_O2_g-Wed-Mar-18-09:36:32-2026/psr-report.txt,277806,CompilerOptimization/Target/redis/src/sds.h,10389,,line_out_of_range,project_header,0,project_header,RM_GetModuleUserFromUserName,,277814,"%3 = load ptr, ptr %2, align 8, !dbg !535591, !tbaa !61923, !psr.id !535593 | ID: 268426",,"Phasar IFDS-Uninitialized use; variables=Line       : 10389; reported_source=user *acl_user = ACLGetUserByName(name->ptr, sdslen(name->ptr));",debug_location_or_source_attribution_drift_candidate,0.99,0,,/home/jimi/PaperExperiment/CompilerOptimization/Result/redis/phasar/phasar-O2-g/runs/ifds-uninit/redis_O2_g-Wed-Mar-18-09:36:32-2026/psr-report.txt;/home/jimi/PaperExperiment/CompilerOptimization/Result/redis/phasar/phasar-O2-g/log/commands.log;/home/jimi/PaperExperiment/CompilerOptimization/Result/redis/phasar/phasar-O2-g/log/summary.csv,Generated by re-parsing psr-report.txt; source_resolution=result_worktree_to_target; exact source line was revalidated against the resolved source tree.
phasar.redis.O2g.020227,redis,phasar,P0,SourceLineEmptyOrNonCode,LocationInvalid,reported,/home/jimi/PaperExperiment/CompilerOptimization/Result/redis/phasar/phasar-O2-g/runs/ifds-uninit/redis_O2_g-Wed-Mar-18-09:36:32-2026,redis_O2_g-Wed-Mar-18-09:36:32-2026,ifds-uninit,/home/jimi/PaperExperiment/CompilerOptimization/Result/redis/phasar/phasar-O2-g/artifacts/redis_O2_g.bc,/home/jimi/PaperExperiment/CompilerOptimization/Result/redis/phasar/phasar-O2-g/artifacts/redis_O2_g.ll,/home/jimi/PaperExperiment/CompilerOptimization/Result/redis/phasar/phasar-O2-g/runs/ifds-uninit/redis_O2_g-Wed-Mar-18-09:36:32-2026/psr-report.txt,281817,CompilerOptimization/Target/redis/src/server.h,145,,preprocessor_only,project_header,0,project_header,evictionPoolPopulate,,281825,"%52 = load ptr, ptr %51, align 8, !dbg !554602, !tbaa !61455, !psr.id !554604 | ID: 278337",#define INCREMENTAL_REHASHING_THRESHOLD_US 1000,Phasar IFDS-Uninitialized use; variables=Line       : 145; reported_source=dictEntry *de = samples[j];,debug_location_or_source_attribution_drift_candidate,0.95,0,,/home/jimi/PaperExperiment/CompilerOptimization/Result/redis/phasar/phasar-O2-g/runs/ifds-uninit/redis_O2_g-Wed-Mar-18-09:36:32-2026/psr-report.txt;/home/jimi/PaperExperiment/CompilerOptimization/Result/redis/phasar/phasar-O2-g/log/commands.log;/home/jimi/PaperExperiment/CompilerOptimization/Result/redis/phasar/phasar-O2-g/log/summary.csv,Generated by re-parsing psr-report.txt; source_resolution=result_worktree_to_target; exact source line was revalidated against the resolved source tree.
phasar.redis.O2g.020277,redis,phasar,P0,SourceTextMismatch,LocationDrift,reported,/home/jimi/PaperExperiment/CompilerOptimization/Result/redis/phasar/phasar-O2-g/runs/ifds-uninit/redis_O2_g-Wed-Mar-18-09:36:32-2026,redis_O2_g-Wed-Mar-18-09:36:32-2026,ifds-uninit,/home/jimi/PaperExperiment/CompilerOptimization/Result/redis/phasar/phasar-O2-g/artifacts/redis_O2_g.bc,/home/jimi/PaperExperiment/CompilerOptimization/Result/redis/phasar/phasar-O2-g/artifacts/redis_O2_g.ll,/home/jimi/PaperExperiment/CompilerOptimization/Result/redis/phasar/phasar-O2-g/runs/ifds-uninit/redis_O2_g-Wed-Mar-18-09:36:32-2026/psr-report.txt,282421,CompilerOptimization/Target/redis/src/sds.h,215,,valid,project_header,0,project_header,evictionPoolPopulate,,282430,"%266 = shl i64 %262, 32, !dbg !555035, !psr.id !555036 | ID: 278618",        case SDS_TYPE_16:,"Phasar IFDS-Uninitialized use; variables=newlen; reported_source=memcpy(pool[k].cached,key,klen+1);",debug_location_or_source_attribution_drift_candidate,0.95,0,,/home/jimi/PaperExperiment/CompilerOptimization/Result/redis/phasar/phasar-O2-g/runs/ifds-uninit/redis_O2_g-Wed-Mar-18-09:36:32-2026/psr-report.txt;/home/jimi/PaperExperiment/CompilerOptimization/Result/redis/phasar/phasar-O2-g/log/commands.log;/home/jimi/PaperExperiment/CompilerOptimization/Result/redis/phasar/phasar-O2-g/log/summary.csv,Generated by re-parsing psr-report.txt; source_resolution=result_worktree_to_target; exact source line was revalidated against the resolved source tree.
phasar.redis.O2g.021090,redis,phasar,P0,LineOutOfRange,LocationInvalid,reported,/home/jimi/PaperExperiment/CompilerOptimization/Result/redis/phasar/phasar-O2-g/runs/ifds-uninit/redis_O2_g-Wed-Mar-18-09:36:32-2026,redis_O2_g-Wed-Mar-18-09:36:32-2026,ifds-uninit,/home/jimi/PaperExperiment/CompilerOptimization/Result/redis/phasar/phasar-O2-g/artifacts/redis_O2_g.bc,/home/jimi/PaperExperiment/CompilerOptimization/Result/redis/phasar/phasar-O2-g/artifacts/redis_O2_g.ll,/home/jimi/PaperExperiment/CompilerOptimization/Result/redis/phasar/phasar-O2-g/runs/ifds-uninit/redis_O2_g-Wed-Mar-18-09:36:32-2026/psr-report.txt,295076,CompilerOptimization/Target/redis/src/sds.h,3194,,line_out_of_range,project_header,0,project_header,streamFreeConsumer,,295084,"%7 = load ptr, ptr %6, align 8, !dbg !573138, !tbaa !347701, !psr.id !573140 | ID: 288904",,Phasar IFDS-Uninitialized use; variables=Line       : 3194; reported_source=s->alloc_size -= sdsAllocSize(sc->name);,debug_location_or_source_attribution_drift_candidate,0.99,0,,/home/jimi/PaperExperiment/CompilerOptimization/Result/redis/phasar/phasar-O2-g/runs/ifds-uninit/redis_O2_g-Wed-Mar-18-09:36:32-2026/psr-report.txt;/home/jimi/PaperExperiment/CompilerOptimization/Result/redis/phasar/phasar-O2-g/log/commands.log;/home/jimi/PaperExperiment/CompilerOptimization/Result/redis/phasar/phasar-O2-g/log/summary.csv,Generated by re-parsing psr-report.txt; source_resolution=result_worktree_to_target; exact source line was revalidated against the resolved source tree.
phasar.redis.O2g.021441,redis,phasar,P0,SourceTextMismatch,LocationDrift,reported,/home/jimi/PaperExperiment/CompilerOptimization/Result/redis/phasar/phasar-O2-g/runs/ifds-uninit/redis_O2_g-Wed-Mar-18-09:36:32-2026,redis_O2_g-Wed-Mar-18-09:36:32-2026,ifds-uninit,/home/jimi/PaperExperiment/CompilerOptimization/Result/redis/phasar/phasar-O2-g/artifacts/redis_O2_g.bc,/home/jimi/PaperExperiment/CompilerOptimization/Result/redis/phasar/phasar-O2-g/artifacts/redis_O2_g.ll,/home/jimi/PaperExperiment/CompilerOptimization/Result/redis/phasar/phasar-O2-g/runs/ifds-uninit/redis_O2_g-Wed-Mar-18-09:36:32-2026/psr-report.txt,299769,CompilerOptimization/Target/redis/src/unix.c,166,,valid,project_source,1,not_header,,,299777,"%6 = load i32, ptr %5, align 8, !dbg !654978, !tbaa !168167, !psr.id !654980 | ID: 331413","    return syncReadLine(conn->fd, ptr, size, timeout);",Phasar IFDS-Uninitialized use; variables=Line       : 166; reported_source=,debug_location_or_source_attribution_drift_candidate,0.95,0,,/home/jimi/PaperExperiment/CompilerOptimization/Result/redis/phasar/phasar-O2-g/runs/ifds-uninit/redis_O2_g-Wed-Mar-18-09:36:32-2026/psr-report.txt;/home/jimi/PaperExperiment/CompilerOptimization/Result/redis/phasar/phasar-O2-g/log/commands.log;/home/jimi/PaperExperiment/CompilerOptimization/Result/redis/phasar/phasar-O2-g/log/summary.csv,Generated by re-parsing psr-report.txt; source_resolution=result_worktree_to_target; exact source line was revalidated against the resolved source tree.
phasar.redis.O2g.021632,redis,phasar,P0,LineOutOfRange,LocationInvalid,reported,/home/jimi/PaperExperiment/CompilerOptimization/Result/redis/phasar/phasar-O2-g/runs/ifds-uninit/redis_O2_g-Wed-Mar-18-09:36:32-2026,redis_O2_g-Wed-Mar-18-09:36:32-2026,ifds-uninit,/home/jimi/PaperExperiment/CompilerOptimization/Result/redis/phasar/phasar-O2-g/artifacts/redis_O2_g.bc,/home/jimi/PaperExperiment/CompilerOptimization/Result/redis/phasar/phasar-O2-g/artifacts/redis_O2_g.ll,/home/jimi/PaperExperiment/CompilerOptimization/Result/redis/phasar/phasar-O2-g/runs/ifds-uninit/redis_O2_g-Wed-Mar-18-09:36:32-2026/psr-report.txt,302341,CompilerOptimization/Target/redis/src/sds.h,2882,,line_out_of_range,project_header,0,project_header,xreadCommand,,302349,"%407 = load ptr, ptr %188, align 8, !dbg !587998, !tbaa !61923, !psr.id !587999 | ID: 296821",,"Phasar IFDS-Uninitialized use; variables=Line       : 2882; reported_source=consumer = streamLookupConsumer(groups[i],consumername->ptr);",debug_location_or_source_attribution_drift_candidate,0.99,0,,/home/jimi/PaperExperiment/CompilerOptimization/Result/redis/phasar/phasar-O2-g/runs/ifds-uninit/redis_O2_g-Wed-Mar-18-09:36:32-2026/psr-report.txt;/home/jimi/PaperExperiment/CompilerOptimization/Result/redis/phasar/phasar-O2-g/log/commands.log;/home/jimi/PaperExperiment/CompilerOptimization/Result/redis/phasar/phasar-O2-g/log/summary.csv,Generated by re-parsing psr-report.txt; source_resolution=result_worktree_to_target; exact source line was revalidated against the resolved source tree.
phasar.redis.O2g.022008,redis,phasar,P0,LineOutOfRange,LocationInvalid,reported,/home/jimi/PaperExperiment/CompilerOptimization/Result/redis/phasar/phasar-O2-g/runs/ifds-uninit/redis_O2_g-Wed-Mar-18-09:36:32-2026,redis_O2_g-Wed-Mar-18-09:36:32-2026,ifds-uninit,/home/jimi/PaperExperiment/CompilerOptimization/Result/redis/phasar/phasar-O2-g/artifacts/redis_O2_g.bc,/home/jimi/PaperExperiment/CompilerOptimization/Result/redis/phasar/phasar-O2-g/artifacts/redis_O2_g.ll,/home/jimi/PaperExperiment/CompilerOptimization/Result/redis/phasar/phasar-O2-g/runs/ifds-uninit/redis_O2_g-Wed-Mar-18-09:36:32-2026/psr-report.txt,307459,CompilerOptimization/Target/redis/src/sds.h,3926,,line_out_of_range,project_header,0,project_header,xpendingCommand,,307467,"%262 = load ptr, ptr %261, align 8, !dbg !593232, !tbaa !61923, !psr.id !593235 | ID: 299748",,"Phasar IFDS-Uninitialized use; variables=Line       : 3926; reported_source=consumer = streamLookupConsumer(group,consumername->ptr);",debug_location_or_source_attribution_drift_candidate,0.99,0,,/home/jimi/PaperExperiment/CompilerOptimization/Result/redis/phasar/phasar-O2-g/runs/ifds-uninit/redis_O2_g-Wed-Mar-18-09:36:32-2026/psr-report.txt;/home/jimi/PaperExperiment/CompilerOptimization/Result/redis/phasar/phasar-O2-g/log/commands.log;/home/jimi/PaperExperiment/CompilerOptimization/Result/redis/phasar/phasar-O2-g/log/summary.csv,Generated by re-parsing psr-report.txt; source_resolution=result_worktree_to_target; exact source line was revalidated against the resolved source tree.
phasar.redis.O2g.023265,redis,phasar,P0,LineOutOfRange,LocationInvalid,reported,/home/jimi/PaperExperiment/CompilerOptimization/Result/redis/phasar/phasar-O2-g/runs/ifds-uninit/redis_O2_g-Wed-Mar-18-09:36:32-2026,redis_O2_g-Wed-Mar-18-09:36:32-2026,ifds-uninit,/home/jimi/PaperExperiment/CompilerOptimization/Result/redis/phasar/phasar-O2-g/artifacts/redis_O2_g.bc,/home/jimi/PaperExperiment/CompilerOptimization/Result/redis/phasar/phasar-O2-g/artifacts/redis_O2_g.ll,/home/jimi/PaperExperiment/CompilerOptimization/Result/redis/phasar/phasar-O2-g/runs/ifds-uninit/redis_O2_g-Wed-Mar-18-09:36:32-2026/psr-report.txt,325815,CompilerOptimization/Target/redis/src/sds.h,625,,line_out_of_range,project_header,0,project_header,ACLUpdateCommandRules,,325823,"%6 = load ptr, ptr %5, align 8, !dbg !617377, !tbaa !616117, !psr.id !617380 | ID: 312202",,"Phasar IFDS-Uninitialized use; variables=Line       : 625; reported_source=if (sdslen(selector->command_rules)) selector->command_rules = sdscat(selector->command_rules, "" "");",debug_location_or_source_attribution_drift_candidate,0.99,0,,/home/jimi/PaperExperiment/CompilerOptimization/Result/redis/phasar/phasar-O2-g/runs/ifds-uninit/redis_O2_g-Wed-Mar-18-09:36:32-2026/psr-report.txt;/home/jimi/PaperExperiment/CompilerOptimization/Result/redis/phasar/phasar-O2-g/log/commands.log;/home/jimi/PaperExperiment/CompilerOptimization/Result/redis/phasar/phasar-O2-g/log/summary.csv,Generated by re-parsing psr-report.txt; source_resolution=result_worktree_to_target; exact source line was revalidated against the resolved source tree.
phasar.redis.O2g.023333,redis,phasar,P0,LineOutOfRange,LocationInvalid,reported,/home/jimi/PaperExperiment/CompilerOptimization/Result/redis/phasar/phasar-O2-g/runs/ifds-uninit/redis_O2_g-Wed-Mar-18-09:36:32-2026,redis_O2_g-Wed-Mar-18-09:36:32-2026,ifds-uninit,/home/jimi/PaperExperiment/CompilerOptimization/Result/redis/phasar/phasar-O2-g/artifacts/redis_O2_g.bc,/home/jimi/PaperExperiment/CompilerOptimization/Result/redis/phasar/phasar-O2-g/artifacts/redis_O2_g.ll,/home/jimi/PaperExperiment/CompilerOptimization/Result/redis/phasar/phasar-O2-g/runs/ifds-uninit/redis_O2_g-Wed-Mar-18-09:36:32-2026/psr-report.txt,326729,CompilerOptimization/Target/redis/src/sds.h,790,,line_out_of_range,project_header,0,project_header,ACLDescribeSelectorCommandRules,,326737,"%42 = load ptr, ptr %27, align 8, !dbg !619202, !tbaa !616117, !psr.id !619204 | ID: 313169",,Phasar IFDS-Uninitialized use; variables=Line       : 790; reported_source=if (sdslen(selector->command_rules)) {,debug_location_or_source_attribution_drift_candidate,0.99,0,,/home/jimi/PaperExperiment/CompilerOptimization/Result/redis/phasar/phasar-O2-g/runs/ifds-uninit/redis_O2_g-Wed-Mar-18-09:36:32-2026/psr-report.txt;/home/jimi/PaperExperiment/CompilerOptimization/Result/redis/phasar/phasar-O2-g/log/commands.log;/home/jimi/PaperExperiment/CompilerOptimization/Result/redis/phasar/phasar-O2-g/log/summary.csv,Generated by re-parsing psr-report.txt; source_resolution=result_worktree_to_target; exact source line was revalidated against the resolved source tree.
phasar.redis.O2g.023432,redis,phasar,P0,LineOutOfRange,LocationInvalid,reported,/home/jimi/PaperExperiment/CompilerOptimization/Result/redis/phasar/phasar-O2-g/runs/ifds-uninit/redis_O2_g-Wed-Mar-18-09:36:32-2026,redis_O2_g-Wed-Mar-18-09:36:32-2026,ifds-uninit,/home/jimi/PaperExperiment/CompilerOptimization/Result/redis/phasar/phasar-O2-g/artifacts/redis_O2_g.bc,/home/jimi/PaperExperiment/CompilerOptimization/Result/redis/phasar/phasar-O2-g/artifacts/redis_O2_g.ll,/home/jimi/PaperExperiment/CompilerOptimization/Result/redis/phasar/phasar-O2-g/runs/ifds-uninit/redis_O2_g-Wed-Mar-18-09:36:32-2026/psr-report.txt,328002,CompilerOptimization/Target/redis/src/sds.h,1601,,line_out_of_range,project_header,0,project_header,ACLSelectorCheckKey,,328010,"%32 = load ptr, ptr %31, align 8, !dbg !621879, !tbaa !615935, !psr.id !621881 | ID: 314665",,Phasar IFDS-Uninitialized use; variables=Line       : 1601; reported_source=size_t plen = sdslen(pattern->pattern);,debug_location_or_source_attribution_drift_candidate,0.99,0,,/home/jimi/PaperExperiment/CompilerOptimization/Result/redis/phasar/phasar-O2-g/runs/ifds-uninit/redis_O2_g-Wed-Mar-18-09:36:32-2026/psr-report.txt;/home/jimi/PaperExperiment/CompilerOptimization/Result/redis/phasar/phasar-O2-g/log/commands.log;/home/jimi/PaperExperiment/CompilerOptimization/Result/redis/phasar/phasar-O2-g/log/summary.csv,Generated by re-parsing psr-report.txt; source_resolution=result_worktree_to_target; exact source line was revalidated against the resolved source tree.
phasar.redis.O2g.023489,redis,phasar,P0,LineOutOfRange,LocationInvalid,reported,/home/jimi/PaperExperiment/CompilerOptimization/Result/redis/phasar/phasar-O2-g/runs/ifds-uninit/redis_O2_g-Wed-Mar-18-09:36:32-2026,redis_O2_g-Wed-Mar-18-09:36:32-2026,ifds-uninit,/home/jimi/PaperExperiment/CompilerOptimization/Result/redis/phasar/phasar-O2-g/artifacts/redis_O2_g.bc,/home/jimi/PaperExperiment/CompilerOptimization/Result/redis/phasar/phasar-O2-g/artifacts/redis_O2_g.ll,/home/jimi/PaperExperiment/CompilerOptimization/Result/redis/phasar/phasar-O2-g/runs/ifds-uninit/redis_O2_g-Wed-Mar-18-09:36:32-2026/psr-report.txt,328754,CompilerOptimization/Target/redis/src/sds.h,1658,,line_out_of_range,project_header,0,project_header,ACLCheckChannelAgainstList,,328762,"%13 = load ptr, ptr %12, align 8, !dbg !622641, !tbaa !63045, !psr.id !622643 | ID: 315073",,Phasar IFDS-Uninitialized use; variables=Line       : 1658; reported_source=sds pattern = listNodeValue(ln);,debug_location_or_source_attribution_drift_candidate,0.99,0,,/home/jimi/PaperExperiment/CompilerOptimization/Result/redis/phasar/phasar-O2-g/runs/ifds-uninit/redis_O2_g-Wed-Mar-18-09:36:32-2026/psr-report.txt;/home/jimi/PaperExperiment/CompilerOptimization/Result/redis/phasar/phasar-O2-g/log/commands.log;/home/jimi/PaperExperiment/CompilerOptimization/Result/redis/phasar/phasar-O2-g/log/summary.csv,Generated by re-parsing psr-report.txt; source_resolution=result_worktree_to_target; exact source line was revalidated against the resolved source tree.
phasar.redis.O2g.023610,redis,phasar,P0,LineOutOfRange,LocationInvalid,reported,/home/jimi/PaperExperiment/CompilerOptimization/Result/redis/phasar/phasar-O2-g/runs/ifds-uninit/redis_O2_g-Wed-Mar-18-09:36:32-2026,redis_O2_g-Wed-Mar-18-09:36:32-2026,ifds-uninit,/home/jimi/PaperExperiment/CompilerOptimization/Result/redis/phasar/phasar-O2-g/artifacts/redis_O2_g.bc,/home/jimi/PaperExperiment/CompilerOptimization/Result/redis/phasar/phasar-O2-g/artifacts/redis_O2_g.ll,/home/jimi/PaperExperiment/CompilerOptimization/Result/redis/phasar/phasar-O2-g/runs/ifds-uninit/redis_O2_g-Wed-Mar-18-09:36:32-2026/psr-report.txt,330363,CompilerOptimization/Target/redis/src/sds.h,3005,,line_out_of_range,project_header,0,project_header,aclCommand,,330371,"%477 = load ptr, ptr %474, align 8, !dbg !628157, !tbaa !170207, !psr.id !628159 | ID: 318109",,"Phasar IFDS-Uninitialized use; variables=Line       : 3005; reported_source=addReplyBulkCBuffer(c,c->user->name,sdslen(c->user->name));",debug_location_or_source_attribution_drift_candidate,0.99,0,,/home/jimi/PaperExperiment/CompilerOptimization/Result/redis/phasar/phasar-O2-g/runs/ifds-uninit/redis_O2_g-Wed-Mar-18-09:36:32-2026/psr-report.txt;/home/jimi/PaperExperiment/CompilerOptimization/Result/redis/phasar/phasar-O2-g/log/commands.log;/home/jimi/PaperExperiment/CompilerOptimization/Result/redis/phasar/phasar-O2-g/log/summary.csv,Generated by re-parsing psr-report.txt; source_resolution=result_worktree_to_target; exact source line was revalidated against the resolved source tree.
phasar.redis.O2g.023692,redis,phasar,P0,LineOutOfRange,LocationInvalid,reported,/home/jimi/PaperExperiment/CompilerOptimization/Result/redis/phasar/phasar-O2-g/runs/ifds-uninit/redis_O2_g-Wed-Mar-18-09:36:32-2026,redis_O2_g-Wed-Mar-18-09:36:32-2026,ifds-uninit,/home/jimi/PaperExperiment/CompilerOptimization/Result/redis/phasar/phasar-O2-g/artifacts/redis_O2_g.bc,/home/jimi/PaperExperiment/CompilerOptimization/Result/redis/phasar/phasar-O2-g/artifacts/redis_O2_g.ll,/home/jimi/PaperExperiment/CompilerOptimization/Result/redis/phasar/phasar-O2-g/runs/ifds-uninit/redis_O2_g-Wed-Mar-18-09:36:32-2026/psr-report.txt,331517,CompilerOptimization/Target/redis/src/sds.h,374,,line_out_of_range,project_header,0,project_header,trackingInvalidateKey,,331525,"%10 = load ptr, ptr %9, align 8, !dbg !631691, !tbaa !61923, !psr.id !631693 | ID: 319734",,Phasar IFDS-Uninitialized use; variables=Line       : 374; reported_source=unsigned char *key = (unsigned char*)keyobj->ptr;,debug_location_or_source_attribution_drift_candidate,0.99,0,,/home/jimi/PaperExperiment/CompilerOptimization/Result/redis/phasar/phasar-O2-g/runs/ifds-uninit/redis_O2_g-Wed-Mar-18-09:36:32-2026/psr-report.txt;/home/jimi/PaperExperiment/CompilerOptimization/Result/redis/phasar/phasar-O2-g/log/commands.log;/home/jimi/PaperExperiment/CompilerOptimization/Result/redis/phasar/phasar-O2-g/log/summary.csv,Generated by re-parsing psr-report.txt; source_resolution=result_worktree_to_target; exact source line was revalidated against the resolved source tree.
phasar.redis.O2g.023699,redis,phasar,P0,LineOutOfRange,LocationInvalid,reported,/home/jimi/PaperExperiment/CompilerOptimization/Result/redis/phasar/phasar-O2-g/runs/ifds-uninit/redis_O2_g-Wed-Mar-18-09:36:32-2026,redis_O2_g-Wed-Mar-18-09:36:32-2026,ifds-uninit,/home/jimi/PaperExperiment/CompilerOptimization/Result/redis/phasar/phasar-O2-g/artifacts/redis_O2_g.bc,/home/jimi/PaperExperiment/CompilerOptimization/Result/redis/phasar/phasar-O2-g/artifacts/redis_O2_g.ll,/home/jimi/PaperExperiment/CompilerOptimization/Result/redis/phasar/phasar-O2-g/runs/ifds-uninit/redis_O2_g-Wed-Mar-18-09:36:32-2026/psr-report.txt,331595,CompilerOptimization/Target/redis/src/sds.h,418,,line_out_of_range,project_header,0,project_header,trackingInvalidateKey,,331603,"%75 = load ptr, ptr %9, align 8, !dbg !631836, !tbaa !61923, !psr.id !631838 | ID: 319815",,"Phasar IFDS-Uninitialized use; variables=Line       : 418; reported_source=sendTrackingMessage(target,(char *)keyobj->ptr,sdslen(keyobj->ptr),0);",debug_location_or_source_attribution_drift_candidate,0.99,0,,/home/jimi/PaperExperiment/CompilerOptimization/Result/redis/phasar/phasar-O2-g/runs/ifds-uninit/redis_O2_g-Wed-Mar-18-09:36:32-2026/psr-report.txt;/home/jimi/PaperExperiment/CompilerOptimization/Result/redis/phasar/phasar-O2-g/log/commands.log;/home/jimi/PaperExperiment/CompilerOptimization/Result/redis/phasar/phasar-O2-g/log/summary.csv,Generated by re-parsing psr-report.txt; source_resolution=result_worktree_to_target; exact source line was revalidated against the resolved source tree.
phasar.redis.O2g.023716,redis,phasar,P0,LineOutOfRange,LocationInvalid,reported,/home/jimi/PaperExperiment/CompilerOptimization/Result/redis/phasar/phasar-O2-g/runs/ifds-uninit/redis_O2_g-Wed-Mar-18-09:36:32-2026,redis_O2_g-Wed-Mar-18-09:36:32-2026,ifds-uninit,/home/jimi/PaperExperiment/CompilerOptimization/Result/redis/phasar/phasar-O2-g/artifacts/redis_O2_g.bc,/home/jimi/PaperExperiment/CompilerOptimization/Result/redis/phasar/phasar-O2-g/artifacts/redis_O2_g.ll,/home/jimi/PaperExperiment/CompilerOptimization/Result/redis/phasar/phasar-O2-g/runs/ifds-uninit/redis_O2_g-Wed-Mar-18-09:36:32-2026/psr-report.txt,331808,CompilerOptimization/Target/redis/src/connhelpers.h,266,,line_out_of_range,project_header,0,project_header,connSocketEventHandler,,331816,"%35 = load ptr, ptr %12, align 8, !dbg !633054, !tbaa !633005, !psr.id !633056 | ID: 320445",,"Phasar IFDS-Uninitialized use; variables=Line       : 266; reported_source=if (!callHandler(conn, conn->conn_handler)) return;",debug_location_or_source_attribution_drift_candidate,0.99,0,,/home/jimi/PaperExperiment/CompilerOptimization/Result/redis/phasar/phasar-O2-g/runs/ifds-uninit/redis_O2_g-Wed-Mar-18-09:36:32-2026/psr-report.txt;/home/jimi/PaperExperiment/CompilerOptimization/Result/redis/phasar/phasar-O2-g/log/commands.log;/home/jimi/PaperExperiment/CompilerOptimization/Result/redis/phasar/phasar-O2-g/log/summary.csv,Generated by re-parsing psr-report.txt; source_resolution=result_worktree_to_target; exact source line was revalidated against the resolved source tree.
phasar.redis.O2g.023731,redis,phasar,P0,LineOutOfRange,LocationInvalid,reported,/home/jimi/PaperExperiment/CompilerOptimization/Result/redis/phasar/phasar-O2-g/runs/ifds-uninit/redis_O2_g-Wed-Mar-18-09:36:32-2026,redis_O2_g-Wed-Mar-18-09:36:32-2026,ifds-uninit,/home/jimi/PaperExperiment/CompilerOptimization/Result/redis/phasar/phasar-O2-g/artifacts/redis_O2_g.bc,/home/jimi/PaperExperiment/CompilerOptimization/Result/redis/phasar/phasar-O2-g/artifacts/redis_O2_g.ll,/home/jimi/PaperExperiment/CompilerOptimization/Result/redis/phasar/phasar-O2-g/runs/ifds-uninit/redis_O2_g-Wed-Mar-18-09:36:32-2026/psr-report.txt,332024,CompilerOptimization/Target/redis/src/connhelpers.h,292,,line_out_of_range,project_header,0,project_header,connSocketEventHandler,,332032,"%96 = load ptr, ptr %95, align 8, !dbg !633200, !tbaa !169928, !psr.id !633205 | ID: 320525",,"Phasar IFDS-Uninitialized use; variables=Line       : 292; reported_source=if (!callHandler(conn, conn->write_handler)) return;",debug_location_or_source_attribution_drift_candidate,0.99,0,,/home/jimi/PaperExperiment/CompilerOptimization/Result/redis/phasar/phasar-O2-g/runs/ifds-uninit/redis_O2_g-Wed-Mar-18-09:36:32-2026/psr-report.txt;/home/jimi/PaperExperiment/CompilerOptimization/Result/redis/phasar/phasar-O2-g/log/commands.log;/home/jimi/PaperExperiment/CompilerOptimization/Result/redis/phasar/phasar-O2-g/log/summary.csv,Generated by re-parsing psr-report.txt; source_resolution=result_worktree_to_target; exact source line was revalidated against the resolved source tree.
phasar.redis.O2g.023740,redis,phasar,P0,LineOutOfRange,LocationInvalid,reported,/home/jimi/PaperExperiment/CompilerOptimization/Result/redis/phasar/phasar-O2-g/runs/ifds-uninit/redis_O2_g-Wed-Mar-18-09:36:32-2026,redis_O2_g-Wed-Mar-18-09:36:32-2026,ifds-uninit,/home/jimi/PaperExperiment/CompilerOptimization/Result/redis/phasar/phasar-O2-g/artifacts/redis_O2_g.bc,/home/jimi/PaperExperiment/CompilerOptimization/Result/redis/phasar/phasar-O2-g/artifacts/redis_O2_g.ll,/home/jimi/PaperExperiment/CompilerOptimization/Result/redis/phasar/phasar-O2-g/runs/ifds-uninit/redis_O2_g-Wed-Mar-18-09:36:32-2026/psr-report.txt,332143,CompilerOptimization/Target/redis/src/connhelpers.h,297,,line_out_of_range,project_header,0,project_header,connSocketEventHandler,,332151,"%125 = load ptr, ptr %124, align 8, !dbg !633266, !tbaa !95535, !psr.id !633268 | ID: 320561",,"Phasar IFDS-Uninitialized use; variables=Line       : 297; reported_source=if (!callHandler(conn, conn->read_handler)) return;",debug_location_or_source_attribution_drift_candidate,0.99,0,,/home/jimi/PaperExperiment/CompilerOptimization/Result/redis/phasar/phasar-O2-g/runs/ifds-uninit/redis_O2_g-Wed-Mar-18-09:36:32-2026/psr-report.txt;/home/jimi/PaperExperiment/CompilerOptimization/Result/redis/phasar/phasar-O2-g/log/commands.log;/home/jimi/PaperExperiment/CompilerOptimization/Result/redis/phasar/phasar-O2-g/log/summary.csv,Generated by re-parsing psr-report.txt; source_resolution=result_worktree_to_target; exact source line was revalidated against the resolved source tree.
phasar.redis.O2g.023783,redis,phasar,P0,SourceTextMismatch,LocationDrift,reported,/home/jimi/PaperExperiment/CompilerOptimization/Result/redis/phasar/phasar-O2-g/runs/ifds-uninit/redis_O2_g-Wed-Mar-18-09:36:32-2026,redis_O2_g-Wed-Mar-18-09:36:32-2026,ifds-uninit,/home/jimi/PaperExperiment/CompilerOptimization/Result/redis/phasar/phasar-O2-g/artifacts/redis_O2_g.bc,/home/jimi/PaperExperiment/CompilerOptimization/Result/redis/phasar/phasar-O2-g/artifacts/redis_O2_g.ll,/home/jimi/PaperExperiment/CompilerOptimization/Result/redis/phasar/phasar-O2-g/runs/ifds-uninit/redis_O2_g-Wed-Mar-18-09:36:32-2026/psr-report.txt,332713,CompilerOptimization/Target/redis/src/socket.c,376,,valid,project_source,1,not_header,,,332721,"%6 = load i32, ptr %5, align 8, !dbg !634252, !tbaa !168167, !psr.id !634254 | ID: 321047","    return syncReadLine(conn->fd, ptr, size, timeout);",Phasar IFDS-Uninitialized use; variables=Line       : 376; reported_source=,debug_location_or_source_attribution_drift_candidate,0.95,0,,/home/jimi/PaperExperiment/CompilerOptimization/Result/redis/phasar/phasar-O2-g/runs/ifds-uninit/redis_O2_g-Wed-Mar-18-09:36:32-2026/psr-report.txt;/home/jimi/PaperExperiment/CompilerOptimization/Result/redis/phasar/phasar-O2-g/log/commands.log;/home/jimi/PaperExperiment/CompilerOptimization/Result/redis/phasar/phasar-O2-g/log/summary.csv,Generated by re-parsing psr-report.txt; source_resolution=result_worktree_to_target; exact source line was revalidated against the resolved source tree.
phasar.zfp.O2g.000008,zfp,phasar,P0,SourceLineEmptyOrNonCode,LocationInvalid,reported,/home/jimi/PaperExperiment/CompilerOptimization/Result/zfp/phasar/phasar-O2-g/runs/ifds-uninit/zfp_O2_g-Mon-Mar-16-07:42:15-2026,zfp_O2_g-Mon-Mar-16-07:42:15-2026,ifds-uninit,/home/jimi/PaperExperiment/CompilerOptimization/Result/zfp/phasar/phasar-O2-g/artifacts/zfp_O2_g.bc,/home/jimi/PaperExperiment/CompilerOptimization/Result/zfp/phasar/phasar-O2-g/artifacts/zfp_O2_g.ll,/home/jimi/PaperExperiment/CompilerOptimization/Result/zfp/phasar/phasar-O2-g/runs/ifds-uninit/zfp_O2_g-Mon-Mar-16-07:42:15-2026/psr-report.txt,110,CompilerOptimization/Target/zfp/include/zfp/bitstream.inl,117,,empty_or_comment_line,project_header,0,project_header,encode_ints_uint32,,119,"%118 = lshr i64 %80, 1, !dbg !13373, !psr.id !13374 | ID: 7291",/* satisfy compiler when args unused */,"Phasar IFDS-Uninitialized use; variables=bit; reported_source=for (; bits && n < size - 1; x >>= 1, n++) {",debug_location_or_source_attribution_drift_candidate,0.95,0,,/home/jimi/PaperExperiment/CompilerOptimization/Result/zfp/phasar/phasar-O2-g/runs/ifds-uninit/zfp_O2_g-Mon-Mar-16-07:42:15-2026/psr-report.txt;/home/jimi/PaperExperiment/CompilerOptimization/Result/zfp/phasar/phasar-O2-g/log/commands.log;/home/jimi/PaperExperiment/CompilerOptimization/Result/zfp/phasar/phasar-O2-g/log/summary.csv,Generated by re-parsing psr-report.txt; source_resolution=direct_or_container_remap; exact source line was revalidated against the resolved source tree.
phasar.zfp.O2g.000011,zfp,phasar,P0,SourceLineEmptyOrNonCode,LocationInvalid,reported,/home/jimi/PaperExperiment/CompilerOptimization/Result/zfp/phasar/phasar-O2-g/runs/ifds-uninit/zfp_O2_g-Mon-Mar-16-07:42:15-2026,zfp_O2_g-Mon-Mar-16-07:42:15-2026,ifds-uninit,/home/jimi/PaperExperiment/CompilerOptimization/Result/zfp/phasar/phasar-O2-g/artifacts/zfp_O2_g.bc,/home/jimi/PaperExperiment/CompilerOptimization/Result/zfp/phasar/phasar-O2-g/artifacts/zfp_O2_g.ll,/home/jimi/PaperExperiment/CompilerOptimization/Result/zfp/phasar/phasar-O2-g/runs/ifds-uninit/zfp_O2_g-Mon-Mar-16-07:42:15-2026/psr-report.txt,152,CompilerOptimization/Target/zfp/include/zfp/bitstream.inl,117,,empty_or_comment_line,project_header,0,project_header,encode_ints_uint32,,161,"%138 = lshr i64 %80, 2, !dbg !13373, !psr.id !13423 | ID: 7337",/* satisfy compiler when args unused */,"Phasar IFDS-Uninitialized use; variables=bit; reported_source=for (; bits && n < size - 1; x >>= 1, n++) {",debug_location_or_source_attribution_drift_candidate,0.95,0,,/home/jimi/PaperExperiment/CompilerOptimization/Result/zfp/phasar/phasar-O2-g/runs/ifds-uninit/zfp_O2_g-Mon-Mar-16-07:42:15-2026/psr-report.txt;/home/jimi/PaperExperiment/CompilerOptimization/Result/zfp/phasar/phasar-O2-g/log/commands.log;/home/jimi/PaperExperiment/CompilerOptimization/Result/zfp/phasar/phasar-O2-g/log/summary.csv,Generated by re-parsing psr-report.txt; source_resolution=direct_or_container_remap; exact source line was revalidated against the resolved source tree.
phasar.zfp.O2g.000019,zfp,phasar,P0,LineOutOfRange,LocationInvalid,reported,/home/jimi/PaperExperiment/CompilerOptimization/Result/zfp/phasar/phasar-O2-g/runs/ifds-uninit/zfp_O2_g-Mon-Mar-16-07:42:15-2026,zfp_O2_g-Mon-Mar-16-07:42:15-2026,ifds-uninit,/home/jimi/PaperExperiment/CompilerOptimization/Result/zfp/phasar/phasar-O2-g/artifacts/zfp_O2_g.bc,/home/jimi/PaperExperiment/CompilerOptimization/Result/zfp/phasar/phasar-O2-g/artifacts/zfp_O2_g.ll,/home/jimi/PaperExperiment/CompilerOptimization/Result/zfp/phasar/phasar-O2-g/runs/ifds-uninit/zfp_O2_g-Mon-Mar-16-07:42:15-2026/psr-report.txt,294,CompilerOptimization/Target/zfp/src/template/encode.c,310,,line_out_of_range,project_source,1,not_header,encode_ints_uint32.29,,302,"%73 = and i64 %68, %72, !dbg !18248, !psr.id !18259 | ID: 10515",,Phasar IFDS-Uninitialized use; variables=Line       : 310; reported_source=s->buffer &= ((bitstream_word)1 << s->bits) - 1;,debug_location_or_source_attribution_drift_candidate,0.99,0,,/home/jimi/PaperExperiment/CompilerOptimization/Result/zfp/phasar/phasar-O2-g/runs/ifds-uninit/zfp_O2_g-Mon-Mar-16-07:42:15-2026/psr-report.txt;/home/jimi/PaperExperiment/CompilerOptimization/Result/zfp/phasar/phasar-O2-g/log/commands.log;/home/jimi/PaperExperiment/CompilerOptimization/Result/zfp/phasar/phasar-O2-g/log/summary.csv,Generated by re-parsing psr-report.txt; source_resolution=direct_or_container_remap; exact source line was revalidated against the resolved source tree.
phasar.zfp.O2g.000021,zfp,phasar,P0,LineOutOfRange,LocationInvalid,reported,/home/jimi/PaperExperiment/CompilerOptimization/Result/zfp/phasar/phasar-O2-g/runs/ifds-uninit/zfp_O2_g-Mon-Mar-16-07:42:15-2026,zfp_O2_g-Mon-Mar-16-07:42:15-2026,ifds-uninit,/home/jimi/PaperExperiment/CompilerOptimization/Result/zfp/phasar/phasar-O2-g/artifacts/zfp_O2_g.bc,/home/jimi/PaperExperiment/CompilerOptimization/Result/zfp/phasar/phasar-O2-g/artifacts/zfp_O2_g.ll,/home/jimi/PaperExperiment/CompilerOptimization/Result/zfp/phasar/phasar-O2-g/runs/ifds-uninit/zfp_O2_g-Mon-Mar-16-07:42:15-2026/psr-report.txt,321,CompilerOptimization/Target/zfp/src/template/encode.c,293,,line_out_of_range,project_source,1,not_header,encode_ints_uint32.29,,330,"%225 = add i64 %205, %222, !dbg !18711, !psr.id !18712 | ID: 10836",,"Phasar IFDS-Uninitialized use; variables=s, n; reported_source=s->bits += n;",debug_location_or_source_attribution_drift_candidate,0.99,0,,/home/jimi/PaperExperiment/CompilerOptimization/Result/zfp/phasar/phasar-O2-g/runs/ifds-uninit/zfp_O2_g-Mon-Mar-16-07:42:15-2026/psr-report.txt;/home/jimi/PaperExperiment/CompilerOptimization/Result/zfp/phasar/phasar-O2-g/log/commands.log;/home/jimi/PaperExperiment/CompilerOptimization/Result/zfp/phasar/phasar-O2-g/log/summary.csv,Generated by re-parsing psr-report.txt; source_resolution=direct_or_container_remap; exact source line was revalidated against the resolved source tree.
phasar.zfp.O2g.000025,zfp,phasar,P0,LineOutOfRange,LocationInvalid,reported,/home/jimi/PaperExperiment/CompilerOptimization/Result/zfp/phasar/phasar-O2-g/runs/ifds-uninit/zfp_O2_g-Mon-Mar-16-07:42:15-2026,zfp_O2_g-Mon-Mar-16-07:42:15-2026,ifds-uninit,/home/jimi/PaperExperiment/CompilerOptimization/Result/zfp/phasar/phasar-O2-g/artifacts/zfp_O2_g.bc,/home/jimi/PaperExperiment/CompilerOptimization/Result/zfp/phasar/phasar-O2-g/artifacts/zfp_O2_g.ll,/home/jimi/PaperExperiment/CompilerOptimization/Result/zfp/phasar/phasar-O2-g/runs/ifds-uninit/zfp_O2_g-Mon-Mar-16-07:42:15-2026/psr-report.txt,372,CompilerOptimization/Target/zfp/src/template/encode.c,302,,line_out_of_range,project_source,1,not_header,encode_ints_uint32.29,,381,"%230 = add i64 %225, -64, !dbg !18724, !psr.id !18725 | ID: 10844",,Phasar IFDS-Uninitialized use; variables=s; reported_source=s->bits -= wsize;,debug_location_or_source_attribution_drift_candidate,0.99,0,,/home/jimi/PaperExperiment/CompilerOptimization/Result/zfp/phasar/phasar-O2-g/runs/ifds-uninit/zfp_O2_g-Mon-Mar-16-07:42:15-2026/psr-report.txt;/home/jimi/PaperExperiment/CompilerOptimization/Result/zfp/phasar/phasar-O2-g/log/commands.log;/home/jimi/PaperExperiment/CompilerOptimization/Result/zfp/phasar/phasar-O2-g/log/summary.csv,Generated by re-parsing psr-report.txt; source_resolution=direct_or_container_remap; exact source line was revalidated against the resolved source tree.
phasar.zfp.O2g.000029,zfp,phasar,P0,LineOutOfRange,LocationInvalid,reported,/home/jimi/PaperExperiment/CompilerOptimization/Result/zfp/phasar/phasar-O2-g/runs/ifds-uninit/zfp_O2_g-Mon-Mar-16-07:42:15-2026,zfp_O2_g-Mon-Mar-16-07:42:15-2026,ifds-uninit,/home/jimi/PaperExperiment/CompilerOptimization/Result/zfp/phasar/phasar-O2-g/artifacts/zfp_O2_g.bc,/home/jimi/PaperExperiment/CompilerOptimization/Result/zfp/phasar/phasar-O2-g/artifacts/zfp_O2_g.ll,/home/jimi/PaperExperiment/CompilerOptimization/Result/zfp/phasar/phasar-O2-g/runs/ifds-uninit/zfp_O2_g-Mon-Mar-16-07:42:15-2026/psr-report.txt,431,CompilerOptimization/Target/zfp/src/template/encode.c,312,,line_out_of_range,project_source,1,not_header,encode_ints_uint32.29,,440,"%245 = lshr i64 %238, %239, !dbg !18768, !psr.id !18769 | ID: 10873",,"Phasar IFDS-Uninitialized use; variables=value, n; reported_source=return value >> n;",debug_location_or_source_attribution_drift_candidate,0.99,0,,/home/jimi/PaperExperiment/CompilerOptimization/Result/zfp/phasar/phasar-O2-g/runs/ifds-uninit/zfp_O2_g-Mon-Mar-16-07:42:15-2026/psr-report.txt;/home/jimi/PaperExperiment/CompilerOptimization/Result/zfp/phasar/phasar-O2-g/log/commands.log;/home/jimi/PaperExperiment/CompilerOptimization/Result/zfp/phasar/phasar-O2-g/log/summary.csv,Generated by re-parsing psr-report.txt; source_resolution=direct_or_container_remap; exact source line was revalidated against the resolved source tree.
phasar.zfp.O2g.000030,zfp,phasar,P0,SourceTextMismatch,LocationDrift,reported,/home/jimi/PaperExperiment/CompilerOptimization/Result/zfp/phasar/phasar-O2-g/runs/ifds-uninit/zfp_O2_g-Mon-Mar-16-07:42:15-2026,zfp_O2_g-Mon-Mar-16-07:42:15-2026,ifds-uninit,/home/jimi/PaperExperiment/CompilerOptimization/Result/zfp/phasar/phasar-O2-g/artifacts/zfp_O2_g.bc,/home/jimi/PaperExperiment/CompilerOptimization/Result/zfp/phasar/phasar-O2-g/artifacts/zfp_O2_g.ll,/home/jimi/PaperExperiment/CompilerOptimization/Result/zfp/phasar/phasar-O2-g/runs/ifds-uninit/zfp_O2_g-Mon-Mar-16-07:42:15-2026/psr-report.txt,444,CompilerOptimization/Target/zfp/include/zfp/bitstream.inl,198,,valid,project_header,0,project_header,encode_ints_uint32.29,,453,"%252 = icmp ne i64 %247, 0, !dbg !18783, !psr.id !18784 | ID: 10886",},"Phasar IFDS-Uninitialized use; variables=bit; reported_source=for (; n < size && stream_write_bit(&s, !!x); x >>= 1, n++)",debug_location_or_source_attribution_drift_candidate,0.95,0,,/home/jimi/PaperExperiment/CompilerOptimization/Result/zfp/phasar/phasar-O2-g/runs/ifds-uninit/zfp_O2_g-Mon-Mar-16-07:42:15-2026/psr-report.txt;/home/jimi/PaperExperiment/CompilerOptimization/Result/zfp/phasar/phasar-O2-g/log/commands.log;/home/jimi/PaperExperiment/CompilerOptimization/Result/zfp/phasar/phasar-O2-g/log/summary.csv,Generated by re-parsing psr-report.txt; source_resolution=direct_or_container_remap; exact source line was revalidated against the resolved source tree.
phasar.zfp.O2g.000032,zfp,phasar,P0,SourceTextMismatch,LocationDrift,reported,/home/jimi/PaperExperiment/CompilerOptimization/Result/zfp/phasar/phasar-O2-g/runs/ifds-uninit/zfp_O2_g-Mon-Mar-16-07:42:15-2026,zfp_O2_g-Mon-Mar-16-07:42:15-2026,ifds-uninit,/home/jimi/PaperExperiment/CompilerOptimization/Result/zfp/phasar/phasar-O2-g/artifacts/zfp_O2_g.bc,/home/jimi/PaperExperiment/CompilerOptimization/Result/zfp/phasar/phasar-O2-g/artifacts/zfp_O2_g.ll,/home/jimi/PaperExperiment/CompilerOptimization/Result/zfp/phasar/phasar-O2-g/runs/ifds-uninit/zfp_O2_g-Mon-Mar-16-07:42:15-2026/psr-report.txt,472,CompilerOptimization/Target/zfp/src/template/encode.c,244,,valid,project_source,1,not_header,encode_ints_uint32.29,,481,"%256 = add i64 %250, 1, !dbg !18796, !psr.id !18797 | ID: 10893",    if (size <= 64),"Phasar IFDS-Uninitialized use; variables=s, s; reported_source=if (++s->bits == wsize) {",debug_location_or_source_attribution_drift_candidate,0.95,0,,/home/jimi/PaperExperiment/CompilerOptimization/Result/zfp/phasar/phasar-O2-g/runs/ifds-uninit/zfp_O2_g-Mon-Mar-16-07:42:15-2026/psr-report.txt;/home/jimi/PaperExperiment/CompilerOptimization/Result/zfp/phasar/phasar-O2-g/log/commands.log;/home/jimi/PaperExperiment/CompilerOptimization/Result/zfp/phasar/phasar-O2-g/log/summary.csv,Generated by re-parsing psr-report.txt; source_resolution=direct_or_container_remap; exact source line was revalidated against the resolved source tree.
phasar.zfp.O2g.000036,zfp,phasar,P0,SourceTextMismatch,LocationDrift,reported,/home/jimi/PaperExperiment/CompilerOptimization/Result/zfp/phasar/phasar-O2-g/runs/ifds-uninit/zfp_O2_g-Mon-Mar-16-07:42:15-2026,zfp_O2_g-Mon-Mar-16-07:42:15-2026,ifds-uninit,/home/jimi/PaperExperiment/CompilerOptimization/Result/zfp/phasar/phasar-O2-g/artifacts/zfp_O2_g.bc,/home/jimi/PaperExperiment/CompilerOptimization/Result/zfp/phasar/phasar-O2-g/artifacts/zfp_O2_g.ll,/home/jimi/PaperExperiment/CompilerOptimization/Result/zfp/phasar/phasar-O2-g/runs/ifds-uninit/zfp_O2_g-Mon-Mar-16-07:42:15-2026/psr-report.txt,532,CompilerOptimization/Target/zfp/src/template/encode.c,244,,valid,project_source,1,not_header,encode_ints_uint32.29,,541,"%272 = add i64 %262, 1, !dbg !18854, !psr.id !18855 | ID: 10932",    if (size <= 64),"Phasar IFDS-Uninitialized use; variables=s, s; reported_source=if (++s->bits == wsize) {",debug_location_or_source_attribution_drift_candidate,0.95,0,,/home/jimi/PaperExperiment/CompilerOptimization/Result/zfp/phasar/phasar-O2-g/runs/ifds-uninit/zfp_O2_g-Mon-Mar-16-07:42:15-2026/psr-report.txt;/home/jimi/PaperExperiment/CompilerOptimization/Result/zfp/phasar/phasar-O2-g/log/commands.log;/home/jimi/PaperExperiment/CompilerOptimization/Result/zfp/phasar/phasar-O2-g/log/summary.csv,Generated by re-parsing psr-report.txt; source_resolution=direct_or_container_remap; exact source line was revalidated against the resolved source tree.
phasar.zfp.O2g.000039,zfp,phasar,P0,SourceTextMismatch,LocationDrift,reported,/home/jimi/PaperExperiment/CompilerOptimization/Result/zfp/phasar/phasar-O2-g/runs/ifds-uninit/zfp_O2_g-Mon-Mar-16-07:42:15-2026,zfp_O2_g-Mon-Mar-16-07:42:15-2026,ifds-uninit,/home/jimi/PaperExperiment/CompilerOptimization/Result/zfp/phasar/phasar-O2-g/artifacts/zfp_O2_g.bc,/home/jimi/PaperExperiment/CompilerOptimization/Result/zfp/phasar/phasar-O2-g/artifacts/zfp_O2_g.ll,/home/jimi/PaperExperiment/CompilerOptimization/Result/zfp/phasar/phasar-O2-g/runs/ifds-uninit/zfp_O2_g-Mon-Mar-16-07:42:15-2026/psr-report.txt,588,CompilerOptimization/Target/zfp/src/template/encode.c,244,,valid,project_source,1,not_header,encode_ints_uint32.29,,597,"%289 = add i64 %278, 1, !dbg !18854, !psr.id !18909 | ID: 10972",    if (size <= 64),"Phasar IFDS-Uninitialized use; variables=s, s; reported_source=if (++s->bits == wsize) {",debug_location_or_source_attribution_drift_candidate,0.95,0,,/home/jimi/PaperExperiment/CompilerOptimization/Result/zfp/phasar/phasar-O2-g/runs/ifds-uninit/zfp_O2_g-Mon-Mar-16-07:42:15-2026/psr-report.txt;/home/jimi/PaperExperiment/CompilerOptimization/Result/zfp/phasar/phasar-O2-g/log/commands.log;/home/jimi/PaperExperiment/CompilerOptimization/Result/zfp/phasar/phasar-O2-g/log/summary.csv,Generated by re-parsing psr-report.txt; source_resolution=direct_or_container_remap; exact source line was revalidated against the resolved source tree.
phasar.zfp.O2g.000042,zfp,phasar,P0,SourceTextMismatch,LocationDrift,reported,/home/jimi/PaperExperiment/CompilerOptimization/Result/zfp/phasar/phasar-O2-g/runs/ifds-uninit/zfp_O2_g-Mon-Mar-16-07:42:15-2026,zfp_O2_g-Mon-Mar-16-07:42:15-2026,ifds-uninit,/home/jimi/PaperExperiment/CompilerOptimization/Result/zfp/phasar/phasar-O2-g/artifacts/zfp_O2_g.bc,/home/jimi/PaperExperiment/CompilerOptimization/Result/zfp/phasar/phasar-O2-g/artifacts/zfp_O2_g.ll,/home/jimi/PaperExperiment/CompilerOptimization/Result/zfp/phasar/phasar-O2-g/runs/ifds-uninit/zfp_O2_g-Mon-Mar-16-07:42:15-2026/psr-report.txt,644,CompilerOptimization/Target/zfp/src/template/encode.c,244,,valid,project_source,1,not_header,encode_ints_uint32.29,,653,"%306 = add i64 %295, 1, !dbg !18854, !psr.id !18949 | ID: 11012",    if (size <= 64),"Phasar IFDS-Uninitialized use; variables=s, s; reported_source=if (++s->bits == wsize) {",debug_location_or_source_attribution_drift_candidate,0.95,0,,/home/jimi/PaperExperiment/CompilerOptimization/Result/zfp/phasar/phasar-O2-g/runs/ifds-uninit/zfp_O2_g-Mon-Mar-16-07:42:15-2026/psr-report.txt;/home/jimi/PaperExperiment/CompilerOptimization/Result/zfp/phasar/phasar-O2-g/log/commands.log;/home/jimi/PaperExperiment/CompilerOptimization/Result/zfp/phasar/phasar-O2-g/log/summary.csv,Generated by re-parsing psr-report.txt; source_resolution=direct_or_container_remap; exact source line was revalidated against the resolved source tree.
phasar.zfp.O2g.000045,zfp,phasar,P0,SourceTextMismatch,LocationDrift,reported,/home/jimi/PaperExperiment/CompilerOptimization/Result/zfp/phasar/phasar-O2-g/runs/ifds-uninit/zfp_O2_g-Mon-Mar-16-07:42:15-2026,zfp_O2_g-Mon-Mar-16-07:42:15-2026,ifds-uninit,/home/jimi/PaperExperiment/CompilerOptimization/Result/zfp/phasar/phasar-O2-g/artifacts/zfp_O2_g.bc,/home/jimi/PaperExperiment/CompilerOptimization/Result/zfp/phasar/phasar-O2-g/artifacts/zfp_O2_g.ll,/home/jimi/PaperExperiment/CompilerOptimization/Result/zfp/phasar/phasar-O2-g/runs/ifds-uninit/zfp_O2_g-Mon-Mar-16-07:42:15-2026/psr-report.txt,700,CompilerOptimization/Target/zfp/src/template/encode.c,244,,valid,project_source,1,not_header,encode_ints_uint32.29,,709,"%323 = add i64 %312, 1, !dbg !18854, !psr.id !18989 | ID: 11052",    if (size <= 64),"Phasar IFDS-Uninitialized use; variables=s, s; reported_source=if (++s->bits == wsize) {",debug_location_or_source_attribution_drift_candidate,0.95,0,,/home/jimi/PaperExperiment/CompilerOptimization/Result/zfp/phasar/phasar-O2-g/runs/ifds-uninit/zfp_O2_g-Mon-Mar-16-07:42:15-2026/psr-report.txt;/home/jimi/PaperExperiment/CompilerOptimization/Result/zfp/phasar/phasar-O2-g/log/commands.log;/home/jimi/PaperExperiment/CompilerOptimization/Result/zfp/phasar/phasar-O2-g/log/summary.csv,Generated by re-parsing psr-report.txt; source_resolution=direct_or_container_remap; exact source line was revalidated against the resolved source tree.
phasar.zfp.O2g.000076,zfp,phasar,P0,LineOutOfRange,LocationInvalid,reported,/home/jimi/PaperExperiment/CompilerOptimization/Result/zfp/phasar/phasar-O2-g/runs/ifds-uninit/zfp_O2_g-Mon-Mar-16-07:42:15-2026,zfp_O2_g-Mon-Mar-16-07:42:15-2026,ifds-uninit,/home/jimi/PaperExperiment/CompilerOptimization/Result/zfp/phasar/phasar-O2-g/artifacts/zfp_O2_g.bc,/home/jimi/PaperExperiment/CompilerOptimization/Result/zfp/phasar/phasar-O2-g/artifacts/zfp_O2_g.ll,/home/jimi/PaperExperiment/CompilerOptimization/Result/zfp/phasar/phasar-O2-g/runs/ifds-uninit/zfp_O2_g-Mon-Mar-16-07:42:15-2026/psr-report.txt,1271,CompilerOptimization/Target/zfp/src/template/encode.c,310,,line_out_of_range,project_source,1,not_header,encode_ints_uint32,,1279,"%73 = and i64 %68, %72, !dbg !13211, !psr.id !13222 | ID: 7192",,Phasar IFDS-Uninitialized use; variables=Line       : 310; reported_source=s->buffer &= ((bitstream_word)1 << s->bits) - 1;,debug_location_or_source_attribution_drift_candidate,0.99,0,,/home/jimi/PaperExperiment/CompilerOptimization/Result/zfp/phasar/phasar-O2-g/runs/ifds-uninit/zfp_O2_g-Mon-Mar-16-07:42:15-2026/psr-report.txt;/home/jimi/PaperExperiment/CompilerOptimization/Result/zfp/phasar/phasar-O2-g/log/commands.log;/home/jimi/PaperExperiment/CompilerOptimization/Result/zfp/phasar/phasar-O2-g/log/summary.csv,Generated by re-parsing psr-report.txt; source_resolution=direct_or_container_remap; exact source line was revalidated against the resolved source tree.
phasar.zfp.O2g.000077,zfp,phasar,P0,LineOutOfRange,LocationInvalid,reported,/home/jimi/PaperExperiment/CompilerOptimization/Result/zfp/phasar/phasar-O2-g/runs/ifds-uninit/zfp_O2_g-Mon-Mar-16-07:42:15-2026,zfp_O2_g-Mon-Mar-16-07:42:15-2026,ifds-uninit,/home/jimi/PaperExperiment/CompilerOptimization/Result/zfp/phasar/phasar-O2-g/artifacts/zfp_O2_g.bc,/home/jimi/PaperExperiment/CompilerOptimization/Result/zfp/phasar/phasar-O2-g/artifacts/zfp_O2_g.ll,/home/jimi/PaperExperiment/CompilerOptimization/Result/zfp/phasar/phasar-O2-g/runs/ifds-uninit/zfp_O2_g-Mon-Mar-16-07:42:15-2026/psr-report.txt,1282,CompilerOptimization/Target/zfp/src/template/encode.c,312,,line_out_of_range,project_source,1,not_header,encode_ints_uint32,,1291,"%78 = lshr i64 %69, %70, !dbg !13239, !psr.id !13240 | ID: 7204",,Phasar IFDS-Uninitialized use; variables=value; reported_source=return value >> n;,debug_location_or_source_attribution_drift_candidate,0.99,0,,/home/jimi/PaperExperiment/CompilerOptimization/Result/zfp/phasar/phasar-O2-g/runs/ifds-uninit/zfp_O2_g-Mon-Mar-16-07:42:15-2026/psr-report.txt;/home/jimi/PaperExperiment/CompilerOptimization/Result/zfp/phasar/phasar-O2-g/log/commands.log;/home/jimi/PaperExperiment/CompilerOptimization/Result/zfp/phasar/phasar-O2-g/log/summary.csv,Generated by re-parsing psr-report.txt; source_resolution=direct_or_container_remap; exact source line was revalidated against the resolved source tree.
phasar.zfp.O2g.000078,zfp,phasar,P0,SourceLineEmptyOrNonCode,LocationInvalid,reported,/home/jimi/PaperExperiment/CompilerOptimization/Result/zfp/phasar/phasar-O2-g/runs/ifds-uninit/zfp_O2_g-Mon-Mar-16-07:42:15-2026,zfp_O2_g-Mon-Mar-16-07:42:15-2026,ifds-uninit,/home/jimi/PaperExperiment/CompilerOptimization/Result/zfp/phasar/phasar-O2-g/artifacts/zfp_O2_g.bc,/home/jimi/PaperExperiment/CompilerOptimization/Result/zfp/phasar/phasar-O2-g/artifacts/zfp_O2_g.ll,/home/jimi/PaperExperiment/CompilerOptimization/Result/zfp/phasar/phasar-O2-g/runs/ifds-uninit/zfp_O2_g-Mon-Mar-16-07:42:15-2026/psr-report.txt,1294,CompilerOptimization/Target/zfp/include/zfp/bitstream.inl,115,,preprocessor_only,project_header,0,project_header,encode_ints_uint32,,1303,"%87 = icmp ne i64 %80, 0, !dbg !13259, !psr.id !13261 | ID: 7221","#include ""zfp/bitstream.h""","Phasar IFDS-Uninitialized use; variables=bit; reported_source=if (stream_write_bit(&s, !!x)) {",debug_location_or_source_attribution_drift_candidate,0.95,0,,/home/jimi/PaperExperiment/CompilerOptimization/Result/zfp/phasar/phasar-O2-g/runs/ifds-uninit/zfp_O2_g-Mon-Mar-16-07:42:15-2026/psr-report.txt;/home/jimi/PaperExperiment/CompilerOptimization/Result/zfp/phasar/phasar-O2-g/log/commands.log;/home/jimi/PaperExperiment/CompilerOptimization/Result/zfp/phasar/phasar-O2-g/log/summary.csv,Generated by re-parsing psr-report.txt; source_resolution=direct_or_container_remap; exact source line was revalidated against the resolved source tree.
phasar.zfp.O2g.000086,zfp,phasar,P0,LineOutOfRange,LocationInvalid,reported,/home/jimi/PaperExperiment/CompilerOptimization/Result/zfp/phasar/phasar-O2-g/runs/ifds-uninit/zfp_O2_g-Mon-Mar-16-07:42:15-2026,zfp_O2_g-Mon-Mar-16-07:42:15-2026,ifds-uninit,/home/jimi/PaperExperiment/CompilerOptimization/Result/zfp/phasar/phasar-O2-g/artifacts/zfp_O2_g.bc,/home/jimi/PaperExperiment/CompilerOptimization/Result/zfp/phasar/phasar-O2-g/artifacts/zfp_O2_g.ll,/home/jimi/PaperExperiment/CompilerOptimization/Result/zfp/phasar/phasar-O2-g/runs/ifds-uninit/zfp_O2_g-Mon-Mar-16-07:42:15-2026/psr-report.txt,1454,CompilerOptimization/Target/zfp/src/template/encode.c,293,,line_out_of_range,project_source,1,not_header,encode_ints_uint32,,1463,"%225 = add i64 %205, %222, !dbg !13666, !psr.id !13667 | ID: 7513",,"Phasar IFDS-Uninitialized use; variables=s, n; reported_source=s->bits += n;",debug_location_or_source_attribution_drift_candidate,0.99,0,,/home/jimi/PaperExperiment/CompilerOptimization/Result/zfp/phasar/phasar-O2-g/runs/ifds-uninit/zfp_O2_g-Mon-Mar-16-07:42:15-2026/psr-report.txt;/home/jimi/PaperExperiment/CompilerOptimization/Result/zfp/phasar/phasar-O2-g/log/commands.log;/home/jimi/PaperExperiment/CompilerOptimization/Result/zfp/phasar/phasar-O2-g/log/summary.csv,Generated by re-parsing psr-report.txt; source_resolution=direct_or_container_remap; exact source line was revalidated against the resolved source tree.
phasar.zfp.O2g.000090,zfp,phasar,P0,LineOutOfRange,LocationInvalid,reported,/home/jimi/PaperExperiment/CompilerOptimization/Result/zfp/phasar/phasar-O2-g/runs/ifds-uninit/zfp_O2_g-Mon-Mar-16-07:42:15-2026,zfp_O2_g-Mon-Mar-16-07:42:15-2026,ifds-uninit,/home/jimi/PaperExperiment/CompilerOptimization/Result/zfp/phasar/phasar-O2-g/artifacts/zfp_O2_g.bc,/home/jimi/PaperExperiment/CompilerOptimization/Result/zfp/phasar/phasar-O2-g/artifacts/zfp_O2_g.ll,/home/jimi/PaperExperiment/CompilerOptimization/Result/zfp/phasar/phasar-O2-g/runs/ifds-uninit/zfp_O2_g-Mon-Mar-16-07:42:15-2026/psr-report.txt,1505,CompilerOptimization/Target/zfp/src/template/encode.c,302,,line_out_of_range,project_source,1,not_header,encode_ints_uint32,,1514,"%230 = add i64 %225, -64, !dbg !13679, !psr.id !13680 | ID: 7521",,Phasar IFDS-Uninitialized use; variables=s; reported_source=s->bits -= wsize;,debug_location_or_source_attribution_drift_candidate,0.99,0,,/home/jimi/PaperExperiment/CompilerOptimization/Result/zfp/phasar/phasar-O2-g/runs/ifds-uninit/zfp_O2_g-Mon-Mar-16-07:42:15-2026/psr-report.txt;/home/jimi/PaperExperiment/CompilerOptimization/Result/zfp/phasar/phasar-O2-g/log/commands.log;/home/jimi/PaperExperiment/CompilerOptimization/Result/zfp/phasar/phasar-O2-g/log/summary.csv,Generated by re-parsing psr-report.txt; source_resolution=direct_or_container_remap; exact source line was revalidated against the resolved source tree.
phasar.zfp.O2g.000094,zfp,phasar,P0,LineOutOfRange,LocationInvalid,reported,/home/jimi/PaperExperiment/CompilerOptimization/Result/zfp/phasar/phasar-O2-g/runs/ifds-uninit/zfp_O2_g-Mon-Mar-16-07:42:15-2026,zfp_O2_g-Mon-Mar-16-07:42:15-2026,ifds-uninit,/home/jimi/PaperExperiment/CompilerOptimization/Result/zfp/phasar/phasar-O2-g/artifacts/zfp_O2_g.bc,/home/jimi/PaperExperiment/CompilerOptimization/Result/zfp/phasar/phasar-O2-g/artifacts/zfp_O2_g.ll,/home/jimi/PaperExperiment/CompilerOptimization/Result/zfp/phasar/phasar-O2-g/runs/ifds-uninit/zfp_O2_g-Mon-Mar-16-07:42:15-2026/psr-report.txt,1564,CompilerOptimization/Target/zfp/src/template/encode.c,312,,line_out_of_range,project_source,1,not_header,encode_ints_uint32,,1573,"%245 = lshr i64 %238, %239, !dbg !13723, !psr.id !13724 | ID: 7550",,"Phasar IFDS-Uninitialized use; variables=value, n; reported_source=return value >> n;",debug_location_or_source_attribution_drift_candidate,0.99,0,,/home/jimi/PaperExperiment/CompilerOptimization/Result/zfp/phasar/phasar-O2-g/runs/ifds-uninit/zfp_O2_g-Mon-Mar-16-07:42:15-2026/psr-report.txt;/home/jimi/PaperExperiment/CompilerOptimization/Result/zfp/phasar/phasar-O2-g/log/commands.log;/home/jimi/PaperExperiment/CompilerOptimization/Result/zfp/phasar/phasar-O2-g/log/summary.csv,Generated by re-parsing psr-report.txt; source_resolution=direct_or_container_remap; exact source line was revalidated against the resolved source tree.
phasar.zfp.O2g.000095,zfp,phasar,P0,SourceTextMismatch,LocationDrift,reported,/home/jimi/PaperExperiment/CompilerOptimization/Result/zfp/phasar/phasar-O2-g/runs/ifds-uninit/zfp_O2_g-Mon-Mar-16-07:42:15-2026,zfp_O2_g-Mon-Mar-16-07:42:15-2026,ifds-uninit,/home/jimi/PaperExperiment/CompilerOptimization/Result/zfp/phasar/phasar-O2-g/artifacts/zfp_O2_g.bc,/home/jimi/PaperExperiment/CompilerOptimization/Result/zfp/phasar/phasar-O2-g/artifacts/zfp_O2_g.ll,/home/jimi/PaperExperiment/CompilerOptimization/Result/zfp/phasar/phasar-O2-g/runs/ifds-uninit/zfp_O2_g-Mon-Mar-16-07:42:15-2026/psr-report.txt,1577,CompilerOptimization/Target/zfp/include/zfp/bitstream.inl,198,,valid,project_header,0,project_header,encode_ints_uint32,,1586,"%252 = icmp ne i64 %247, 0, !dbg !13738, !psr.id !13739 | ID: 7563",},"Phasar IFDS-Uninitialized use; variables=bit; reported_source=for (; n < size && stream_write_bit(&s, !!x); x >>= 1, n++)",debug_location_or_source_attribution_drift_candidate,0.95,0,,/home/jimi/PaperExperiment/CompilerOptimization/Result/zfp/phasar/phasar-O2-g/runs/ifds-uninit/zfp_O2_g-Mon-Mar-16-07:42:15-2026/psr-report.txt;/home/jimi/PaperExperiment/CompilerOptimization/Result/zfp/phasar/phasar-O2-g/log/commands.log;/home/jimi/PaperExperiment/CompilerOptimization/Result/zfp/phasar/phasar-O2-g/log/summary.csv,Generated by re-parsing psr-report.txt; source_resolution=direct_or_container_remap; exact source line was revalidated against the resolved source tree.
phasar.zfp.O2g.000097,zfp,phasar,P0,SourceTextMismatch,LocationDrift,reported,/home/jimi/PaperExperiment/CompilerOptimization/Result/zfp/phasar/phasar-O2-g/runs/ifds-uninit/zfp_O2_g-Mon-Mar-16-07:42:15-2026,zfp_O2_g-Mon-Mar-16-07:42:15-2026,ifds-uninit,/home/jimi/PaperExperiment/CompilerOptimization/Result/zfp/phasar/phasar-O2-g/artifacts/zfp_O2_g.bc,/home/jimi/PaperExperiment/CompilerOptimization/Result/zfp/phasar/phasar-O2-g/artifacts/zfp_O2_g.ll,/home/jimi/PaperExperiment/CompilerOptimization/Result/zfp/phasar/phasar-O2-g/runs/ifds-uninit/zfp_O2_g-Mon-Mar-16-07:42:15-2026/psr-report.txt,1605,CompilerOptimization/Target/zfp/src/template/encode.c,244,,valid,project_source,1,not_header,encode_ints_uint32,,1614,"%256 = add i64 %250, 1, !dbg !13751, !psr.id !13752 | ID: 7570",    if (size <= 64),"Phasar IFDS-Uninitialized use; variables=s, s; reported_source=if (++s->bits == wsize) {",debug_location_or_source_attribution_drift_candidate,0.95,0,,/home/jimi/PaperExperiment/CompilerOptimization/Result/zfp/phasar/phasar-O2-g/runs/ifds-uninit/zfp_O2_g-Mon-Mar-16-07:42:15-2026/psr-report.txt;/home/jimi/PaperExperiment/CompilerOptimization/Result/zfp/phasar/phasar-O2-g/log/commands.log;/home/jimi/PaperExperiment/CompilerOptimization/Result/zfp/phasar/phasar-O2-g/log/summary.csv,Generated by re-parsing psr-report.txt; source_resolution=direct_or_container_remap; exact source line was revalidated against the resolved source tree.
phasar.zfp.O2g.000101,zfp,phasar,P0,SourceTextMismatch,LocationDrift,reported,/home/jimi/PaperExperiment/CompilerOptimization/Result/zfp/phasar/phasar-O2-g/runs/ifds-uninit/zfp_O2_g-Mon-Mar-16-07:42:15-2026,zfp_O2_g-Mon-Mar-16-07:42:15-2026,ifds-uninit,/home/jimi/PaperExperiment/CompilerOptimization/Result/zfp/phasar/phasar-O2-g/artifacts/zfp_O2_g.bc,/home/jimi/PaperExperiment/CompilerOptimization/Result/zfp/phasar/phasar-O2-g/artifacts/zfp_O2_g.ll,/home/jimi/PaperExperiment/CompilerOptimization/Result/zfp/phasar/phasar-O2-g/runs/ifds-uninit/zfp_O2_g-Mon-Mar-16-07:42:15-2026/psr-report.txt,1665,CompilerOptimization/Target/zfp/src/template/encode.c,244,,valid,project_source,1,not_header,encode_ints_uint32,,1674,"%272 = add i64 %262, 1, !dbg !13809, !psr.id !13810 | ID: 7609",    if (size <= 64),"Phasar IFDS-Uninitialized use; variables=s, s; reported_source=if (++s->bits == wsize) {",debug_location_or_source_attribution_drift_candidate,0.95,0,,/home/jimi/PaperExperiment/CompilerOptimization/Result/zfp/phasar/phasar-O2-g/runs/ifds-uninit/zfp_O2_g-Mon-Mar-16-07:42:15-2026/psr-report.txt;/home/jimi/PaperExperiment/CompilerOptimization/Result/zfp/phasar/phasar-O2-g/log/commands.log;/home/jimi/PaperExperiment/CompilerOptimization/Result/zfp/phasar/phasar-O2-g/log/summary.csv,Generated by re-parsing psr-report.txt; source_resolution=direct_or_container_remap; exact source line was revalidated against the resolved source tree.
phasar.zfp.O2g.000104,zfp,phasar,P0,SourceTextMismatch,LocationDrift,reported,/home/jimi/PaperExperiment/CompilerOptimization/Result/zfp/phasar/phasar-O2-g/runs/ifds-uninit/zfp_O2_g-Mon-Mar-16-07:42:15-2026,zfp_O2_g-Mon-Mar-16-07:42:15-2026,ifds-uninit,/home/jimi/PaperExperiment/CompilerOptimization/Result/zfp/phasar/phasar-O2-g/artifacts/zfp_O2_g.bc,/home/jimi/PaperExperiment/CompilerOptimization/Result/zfp/phasar/phasar-O2-g/artifacts/zfp_O2_g.ll,/home/jimi/PaperExperiment/CompilerOptimization/Result/zfp/phasar/phasar-O2-g/runs/ifds-uninit/zfp_O2_g-Mon-Mar-16-07:42:15-2026/psr-report.txt,1721,CompilerOptimization/Target/zfp/src/template/encode.c,244,,valid,project_source,1,not_header,encode_ints_uint32,,1730,"%289 = add i64 %278, 1, !dbg !13809, !psr.id !13864 | ID: 7649",    if (size <= 64),"Phasar IFDS-Uninitialized use; variables=s, s; reported_source=if (++s->bits == wsize) {",debug_location_or_source_attribution_drift_candidate,0.95,0,,/home/jimi/PaperExperiment/CompilerOptimization/Result/zfp/phasar/phasar-O2-g/runs/ifds-uninit/zfp_O2_g-Mon-Mar-16-07:42:15-2026/psr-report.txt;/home/jimi/PaperExperiment/CompilerOptimization/Result/zfp/phasar/phasar-O2-g/log/commands.log;/home/jimi/PaperExperiment/CompilerOptimization/Result/zfp/phasar/phasar-O2-g/log/summary.csv,Generated by re-parsing psr-report.txt; source_resolution=direct_or_container_remap; exact source line was revalidated against the resolved source tree.
phasar.zfp.O2g.000107,zfp,phasar,P0,SourceTextMismatch,LocationDrift,reported,/home/jimi/PaperExperiment/CompilerOptimization/Result/zfp/phasar/phasar-O2-g/runs/ifds-uninit/zfp_O2_g-Mon-Mar-16-07:42:15-2026,zfp_O2_g-Mon-Mar-16-07:42:15-2026,ifds-uninit,/home/jimi/PaperExperiment/CompilerOptimization/Result/zfp/phasar/phasar-O2-g/artifacts/zfp_O2_g.bc,/home/jimi/PaperExperiment/CompilerOptimization/Result/zfp/phasar/phasar-O2-g/artifacts/zfp_O2_g.ll,/home/jimi/PaperExperiment/CompilerOptimization/Result/zfp/phasar/phasar-O2-g/runs/ifds-uninit/zfp_O2_g-Mon-Mar-16-07:42:15-2026/psr-report.txt,1777,CompilerOptimization/Target/zfp/src/template/encode.c,244,,valid,project_source,1,not_header,encode_ints_uint32,,1786,"%306 = add i64 %295, 1, !dbg !13809, !psr.id !13904 | ID: 7689",    if (size <= 64),"Phasar IFDS-Uninitialized use; variables=s, s; reported_source=if (++s->bits == wsize) {",debug_location_or_source_attribution_drift_candidate,0.95,0,,/home/jimi/PaperExperiment/CompilerOptimization/Result/zfp/phasar/phasar-O2-g/runs/ifds-uninit/zfp_O2_g-Mon-Mar-16-07:42:15-2026/psr-report.txt;/home/jimi/PaperExperiment/CompilerOptimization/Result/zfp/phasar/phasar-O2-g/log/commands.log;/home/jimi/PaperExperiment/CompilerOptimization/Result/zfp/phasar/phasar-O2-g/log/summary.csv,Generated by re-parsing psr-report.txt; source_resolution=direct_or_container_remap; exact source line was revalidated against the resolved source tree.
phasar.zfp.O2g.000110,zfp,phasar,P0,SourceTextMismatch,LocationDrift,reported,/home/jimi/PaperExperiment/CompilerOptimization/Result/zfp/phasar/phasar-O2-g/runs/ifds-uninit/zfp_O2_g-Mon-Mar-16-07:42:15-2026,zfp_O2_g-Mon-Mar-16-07:42:15-2026,ifds-uninit,/home/jimi/PaperExperiment/CompilerOptimization/Result/zfp/phasar/phasar-O2-g/artifacts/zfp_O2_g.bc,/home/jimi/PaperExperiment/CompilerOptimization/Result/zfp/phasar/phasar-O2-g/artifacts/zfp_O2_g.ll,/home/jimi/PaperExperiment/CompilerOptimization/Result/zfp/phasar/phasar-O2-g/runs/ifds-uninit/zfp_O2_g-Mon-Mar-16-07:42:15-2026/psr-report.txt,1833,CompilerOptimization/Target/zfp/src/template/encode.c,244,,valid,project_source,1,not_header,encode_ints_uint32,,1842,"%323 = add i64 %312, 1, !dbg !13809, !psr.id !13944 | ID: 7729",    if (size <= 64),"Phasar IFDS-Uninitialized use; variables=s, s; reported_source=if (++s->bits == wsize) {",debug_location_or_source_attribution_drift_candidate,0.95,0,,/home/jimi/PaperExperiment/CompilerOptimization/Result/zfp/phasar/phasar-O2-g/runs/ifds-uninit/zfp_O2_g-Mon-Mar-16-07:42:15-2026/psr-report.txt;/home/jimi/PaperExperiment/CompilerOptimization/Result/zfp/phasar/phasar-O2-g/log/commands.log;/home/jimi/PaperExperiment/CompilerOptimization/Result/zfp/phasar/phasar-O2-g/log/summary.csv,Generated by re-parsing psr-report.txt; source_resolution=direct_or_container_remap; exact source line was revalidated against the resolved source tree.
phasar.zfp.O2g.000137,zfp,phasar,P0,LineOutOfRange,LocationInvalid,reported,/home/jimi/PaperExperiment/CompilerOptimization/Result/zfp/phasar/phasar-O2-g/runs/ifds-uninit/zfp_O2_g-Mon-Mar-16-07:42:15-2026,zfp_O2_g-Mon-Mar-16-07:42:15-2026,ifds-uninit,/home/jimi/PaperExperiment/CompilerOptimization/Result/zfp/phasar/phasar-O2-g/artifacts/zfp_O2_g.bc,/home/jimi/PaperExperiment/CompilerOptimization/Result/zfp/phasar/phasar-O2-g/artifacts/zfp_O2_g.ll,/home/jimi/PaperExperiment/CompilerOptimization/Result/zfp/phasar/phasar-O2-g/runs/ifds-uninit/zfp_O2_g-Mon-Mar-16-07:42:15-2026/psr-report.txt,2288,CompilerOptimization/Target/zfp/src/template/encode.c,312,,line_out_of_range,project_source,1,not_header,encode_ints_uint32.29,,2297,"%78 = lshr i64 %69, %70, !dbg !18276, !psr.id !18277 | ID: 10527",,Phasar IFDS-Uninitialized use; variables=value; reported_source=return value >> n;,debug_location_or_source_attribution_drift_candidate,0.99,0,,/home/jimi/PaperExperiment/CompilerOptimization/Result/zfp/phasar/phasar-O2-g/runs/ifds-uninit/zfp_O2_g-Mon-Mar-16-07:42:15-2026/psr-report.txt;/home/jimi/PaperExperiment/CompilerOptimization/Result/zfp/phasar/phasar-O2-g/log/commands.log;/home/jimi/PaperExperiment/CompilerOptimization/Result/zfp/phasar/phasar-O2-g/log/summary.csv,Generated by re-parsing psr-report.txt; source_resolution=direct_or_container_remap; exact source line was revalidated against the resolved source tree.
phasar.zfp.O2g.000138,zfp,phasar,P0,SourceLineEmptyOrNonCode,LocationInvalid,reported,/home/jimi/PaperExperiment/CompilerOptimization/Result/zfp/phasar/phasar-O2-g/runs/ifds-uninit/zfp_O2_g-Mon-Mar-16-07:42:15-2026,zfp_O2_g-Mon-Mar-16-07:42:15-2026,ifds-uninit,/home/jimi/PaperExperiment/CompilerOptimization/Result/zfp/phasar/phasar-O2-g/artifacts/zfp_O2_g.bc,/home/jimi/PaperExperiment/CompilerOptimization/Result/zfp/phasar/phasar-O2-g/artifacts/zfp_O2_g.ll,/home/jimi/PaperExperiment/CompilerOptimization/Result/zfp/phasar/phasar-O2-g/runs/ifds-uninit/zfp_O2_g-Mon-Mar-16-07:42:15-2026/psr-report.txt,2300,CompilerOptimization/Target/zfp/include/zfp/bitstream.inl,115,,preprocessor_only,project_header,0,project_header,encode_ints_uint32.29,,2309,"%87 = icmp ne i64 %80, 0, !dbg !18296, !psr.id !18298 | ID: 10544","#include ""zfp/bitstream.h""","Phasar IFDS-Uninitialized use; variables=bit; reported_source=if (stream_write_bit(&s, !!x)) {",debug_location_or_source_attribution_drift_candidate,0.95,0,,/home/jimi/PaperExperiment/CompilerOptimization/Result/zfp/phasar/phasar-O2-g/runs/ifds-uninit/zfp_O2_g-Mon-Mar-16-07:42:15-2026/psr-report.txt;/home/jimi/PaperExperiment/CompilerOptimization/Result/zfp/phasar/phasar-O2-g/log/commands.log;/home/jimi/PaperExperiment/CompilerOptimization/Result/zfp/phasar/phasar-O2-g/log/summary.csv,Generated by re-parsing psr-report.txt; source_resolution=direct_or_container_remap; exact source line was revalidated against the resolved source tree.
phasar.zfp.O2g.000143,zfp,phasar,P0,SourceLineEmptyOrNonCode,LocationInvalid,reported,/home/jimi/PaperExperiment/CompilerOptimization/Result/zfp/phasar/phasar-O2-g/runs/ifds-uninit/zfp_O2_g-Mon-Mar-16-07:42:15-2026,zfp_O2_g-Mon-Mar-16-07:42:15-2026,ifds-uninit,/home/jimi/PaperExperiment/CompilerOptimization/Result/zfp/phasar/phasar-O2-g/artifacts/zfp_O2_g.bc,/home/jimi/PaperExperiment/CompilerOptimization/Result/zfp/phasar/phasar-O2-g/artifacts/zfp_O2_g.ll,/home/jimi/PaperExperiment/CompilerOptimization/Result/zfp/phasar/phasar-O2-g/runs/ifds-uninit/zfp_O2_g-Mon-Mar-16-07:42:15-2026/psr-report.txt,2369,CompilerOptimization/Target/zfp/include/zfp/bitstream.inl,117,,empty_or_comment_line,project_header,0,project_header,encode_ints_uint32.29,,2378,"%118 = lshr i64 %80, 1, !dbg !18418, !psr.id !18419 | ID: 10614",/* satisfy compiler when args unused */,"Phasar IFDS-Uninitialized use; variables=bit; reported_source=for (; bits && n < size - 1; x >>= 1, n++) {",debug_location_or_source_attribution_drift_candidate,0.95,0,,/home/jimi/PaperExperiment/CompilerOptimization/Result/zfp/phasar/phasar-O2-g/runs/ifds-uninit/zfp_O2_g-Mon-Mar-16-07:42:15-2026/psr-report.txt;/home/jimi/PaperExperiment/CompilerOptimization/Result/zfp/phasar/phasar-O2-g/log/commands.log;/home/jimi/PaperExperiment/CompilerOptimization/Result/zfp/phasar/phasar-O2-g/log/summary.csv,Generated by re-parsing psr-report.txt; source_resolution=direct_or_container_remap; exact source line was revalidated against the resolved source tree.
phasar.zfp.O2g.000146,zfp,phasar,P0,SourceLineEmptyOrNonCode,LocationInvalid,reported,/home/jimi/PaperExperiment/CompilerOptimization/Result/zfp/phasar/phasar-O2-g/runs/ifds-uninit/zfp_O2_g-Mon-Mar-16-07:42:15-2026,zfp_O2_g-Mon-Mar-16-07:42:15-2026,ifds-uninit,/home/jimi/PaperExperiment/CompilerOptimization/Result/zfp/phasar/phasar-O2-g/artifacts/zfp_O2_g.bc,/home/jimi/PaperExperiment/CompilerOptimization/Result/zfp/phasar/phasar-O2-g/artifacts/zfp_O2_g.ll,/home/jimi/PaperExperiment/CompilerOptimization/Result/zfp/phasar/phasar-O2-g/runs/ifds-uninit/zfp_O2_g-Mon-Mar-16-07:42:15-2026/psr-report.txt,2411,CompilerOptimization/Target/zfp/include/zfp/bitstream.inl,117,,empty_or_comment_line,project_header,0,project_header,encode_ints_uint32.29,,2420,"%138 = lshr i64 %80, 2, !dbg !18418, !psr.id !18468 | ID: 10660",/* satisfy compiler when args unused */,"Phasar IFDS-Uninitialized use; variables=bit; reported_source=for (; bits && n < size - 1; x >>= 1, n++) {",debug_location_or_source_attribution_drift_candidate,0.95,0,,/home/jimi/PaperExperiment/CompilerOptimization/Result/zfp/phasar/phasar-O2-g/runs/ifds-uninit/zfp_O2_g-Mon-Mar-16-07:42:15-2026/psr-report.txt;/home/jimi/PaperExperiment/CompilerOptimization/Result/zfp/phasar/phasar-O2-g/log/commands.log;/home/jimi/PaperExperiment/CompilerOptimization/Result/zfp/phasar/phasar-O2-g/log/summary.csv,Generated by re-parsing psr-report.txt; source_resolution=direct_or_container_remap; exact source line was revalidated against the resolved source tree.
phasar.zfp.O2g.000168,zfp,phasar,P0,SourceTextMismatch,LocationDrift,reported,/home/jimi/PaperExperiment/CompilerOptimization/Result/zfp/phasar/phasar-O2-g/runs/ifds-uninit/zfp_O2_g-Mon-Mar-16-07:42:15-2026,zfp_O2_g-Mon-Mar-16-07:42:15-2026,ifds-uninit,/home/jimi/PaperExperiment/CompilerOptimization/Result/zfp/phasar/phasar-O2-g/artifacts/zfp_O2_g.bc,/home/jimi/PaperExperiment/CompilerOptimization/Result/zfp/phasar/phasar-O2-g/artifacts/zfp_O2_g.ll,/home/jimi/PaperExperiment/CompilerOptimization/Result/zfp/phasar/phasar-O2-g/runs/ifds-uninit/zfp_O2_g-Mon-Mar-16-07:42:15-2026/psr-report.txt,2925,CompilerOptimization/Target/zfp/src/template/encode.c,26,,valid,project_source,1,not_header,zfp_encode_block_float_2,,2934,"%264 = sub i32 %262, %263, !dbg !30918, !psr.id !30919 | ID: 18727",  },"Phasar IFDS-Uninitialized use; variables=z, x, z; reported_source=w -= z; z -= y;",debug_location_or_source_attribution_drift_candidate,0.95,0,,/home/jimi/PaperExperiment/CompilerOptimization/Result/zfp/phasar/phasar-O2-g/runs/ifds-uninit/zfp_O2_g-Mon-Mar-16-07:42:15-2026/psr-report.txt;/home/jimi/PaperExperiment/CompilerOptimization/Result/zfp/phasar/phasar-O2-g/log/commands.log;/home/jimi/PaperExperiment/CompilerOptimization/Result/zfp/phasar/phasar-O2-g/log/summary.csv,Generated by re-parsing psr-report.txt; source_resolution=direct_or_container_remap; exact source line was revalidated against the resolved source tree.
phasar.zfp.O2g.000185,zfp,phasar,P0,SourceTextMismatch,LocationDrift,reported,/home/jimi/PaperExperiment/CompilerOptimization/Result/zfp/phasar/phasar-O2-g/runs/ifds-uninit/zfp_O2_g-Mon-Mar-16-07:42:15-2026,zfp_O2_g-Mon-Mar-16-07:42:15-2026,ifds-uninit,/home/jimi/PaperExperiment/CompilerOptimization/Result/zfp/phasar/phasar-O2-g/artifacts/zfp_O2_g.bc,/home/jimi/PaperExperiment/CompilerOptimization/Result/zfp/phasar/phasar-O2-g/artifacts/zfp_O2_g.ll,/home/jimi/PaperExperiment/CompilerOptimization/Result/zfp/phasar/phasar-O2-g/runs/ifds-uninit/zfp_O2_g-Mon-Mar-16-07:42:15-2026/psr-report.txt,3164,CompilerOptimization/Target/zfp/src/template/encode.c,26,,valid,project_source,1,not_header,zfp_encode_block_float_2,,3173,"%291 = sub i32 %289, %290, !dbg !30997, !psr.id !30998 | ID: 18798",  },"Phasar IFDS-Uninitialized use; variables=z, x; reported_source=w -= z; z -= y;",debug_location_or_source_attribution_drift_candidate,0.95,0,,/home/jimi/PaperExperiment/CompilerOptimization/Result/zfp/phasar/phasar-O2-g/runs/ifds-uninit/zfp_O2_g-Mon-Mar-16-07:42:15-2026/psr-report.txt;/home/jimi/PaperExperiment/CompilerOptimization/Result/zfp/phasar/phasar-O2-g/log/commands.log;/home/jimi/PaperExperiment/CompilerOptimization/Result/zfp/phasar/phasar-O2-g/log/summary.csv,Generated by re-parsing psr-report.txt; source_resolution=direct_or_container_remap; exact source line was revalidated against the resolved source tree.
phasar.zfp.O2g.000187,zfp,phasar,P0,SourceTextMismatch,LocationDrift,reported,/home/jimi/PaperExperiment/CompilerOptimization/Result/zfp/phasar/phasar-O2-g/runs/ifds-uninit/zfp_O2_g-Mon-Mar-16-07:42:15-2026,zfp_O2_g-Mon-Mar-16-07:42:15-2026,ifds-uninit,/home/jimi/PaperExperiment/CompilerOptimization/Result/zfp/phasar/phasar-O2-g/artifacts/zfp_O2_g.bc,/home/jimi/PaperExperiment/CompilerOptimization/Result/zfp/phasar/phasar-O2-g/artifacts/zfp_O2_g.ll,/home/jimi/PaperExperiment/CompilerOptimization/Result/zfp/phasar/phasar-O2-g/runs/ifds-uninit/zfp_O2_g-Mon-Mar-16-07:42:15-2026/psr-report.txt,3193,CompilerOptimization/Target/zfp/src/template/encode.c,26,,valid,project_source,1,not_header,zfp_encode_block_float_2,,3202,"%294 = sub i32 %292, %293, !dbg !30997, !psr.id !31014 | ID: 18814",  },"Phasar IFDS-Uninitialized use; variables=z, x; reported_source=w -= z; z -= y;",debug_location_or_source_attribution_drift_candidate,0.95,0,,/home/jimi/PaperExperiment/CompilerOptimization/Result/zfp/phasar/phasar-O2-g/runs/ifds-uninit/zfp_O2_g-Mon-Mar-16-07:42:15-2026/psr-report.txt;/home/jimi/PaperExperiment/CompilerOptimization/Result/zfp/phasar/phasar-O2-g/log/commands.log;/home/jimi/PaperExperiment/CompilerOptimization/Result/zfp/phasar/phasar-O2-g/log/summary.csv,Generated by re-parsing psr-report.txt; source_resolution=direct_or_container_remap; exact source line was revalidated against the resolved source tree.
phasar.zfp.O2g.000189,zfp,phasar,P0,SourceTextMismatch,LocationDrift,reported,/home/jimi/PaperExperiment/CompilerOptimization/Result/zfp/phasar/phasar-O2-g/runs/ifds-uninit/zfp_O2_g-Mon-Mar-16-07:42:15-2026,zfp_O2_g-Mon-Mar-16-07:42:15-2026,ifds-uninit,/home/jimi/PaperExperiment/CompilerOptimization/Result/zfp/phasar/phasar-O2-g/artifacts/zfp_O2_g.bc,/home/jimi/PaperExperiment/CompilerOptimization/Result/zfp/phasar/phasar-O2-g/artifacts/zfp_O2_g.ll,/home/jimi/PaperExperiment/CompilerOptimization/Result/zfp/phasar/phasar-O2-g/runs/ifds-uninit/zfp_O2_g-Mon-Mar-16-07:42:15-2026/psr-report.txt,3222,CompilerOptimization/Target/zfp/src/template/encode.c,26,,valid,project_source,1,not_header,zfp_encode_block_float_2,,3231,"%297 = sub i32 %295, %296, !dbg !30997, !psr.id !31031 | ID: 18831",  },"Phasar IFDS-Uninitialized use; variables=z, x; reported_source=w -= z; z -= y;",debug_location_or_source_attribution_drift_candidate,0.95,0,,/home/jimi/PaperExperiment/CompilerOptimization/Result/zfp/phasar/phasar-O2-g/runs/ifds-uninit/zfp_O2_g-Mon-Mar-16-07:42:15-2026/psr-report.txt;/home/jimi/PaperExperiment/CompilerOptimization/Result/zfp/phasar/phasar-O2-g/log/commands.log;/home/jimi/PaperExperiment/CompilerOptimization/Result/zfp/phasar/phasar-O2-g/log/summary.csv,Generated by re-parsing psr-report.txt; source_resolution=direct_or_container_remap; exact source line was revalidated against the resolved source tree.
phasar.zfp.O2g.000191,zfp,phasar,P0,SourceTextMismatch,LocationDrift,reported,/home/jimi/PaperExperiment/CompilerOptimization/Result/zfp/phasar/phasar-O2-g/runs/ifds-uninit/zfp_O2_g-Mon-Mar-16-07:42:15-2026,zfp_O2_g-Mon-Mar-16-07:42:15-2026,ifds-uninit,/home/jimi/PaperExperiment/CompilerOptimization/Result/zfp/phasar/phasar-O2-g/artifacts/zfp_O2_g.bc,/home/jimi/PaperExperiment/CompilerOptimization/Result/zfp/phasar/phasar-O2-g/artifacts/zfp_O2_g.ll,/home/jimi/PaperExperiment/CompilerOptimization/Result/zfp/phasar/phasar-O2-g/runs/ifds-uninit/zfp_O2_g-Mon-Mar-16-07:42:15-2026/psr-report.txt,3251,CompilerOptimization/Target/zfp/src/template/encode.c,26,,valid,project_source,1,not_header,zfp_encode_block_float_2,,3260,"%300 = sub i32 %298, %299, !dbg !30997, !psr.id !31048 | ID: 18848",  },"Phasar IFDS-Uninitialized use; variables=z, x; reported_source=w -= z; z -= y;",debug_location_or_source_attribution_drift_candidate,0.95,0,,/home/jimi/PaperExperiment/CompilerOptimization/Result/zfp/phasar/phasar-O2-g/runs/ifds-uninit/zfp_O2_g-Mon-Mar-16-07:42:15-2026/psr-report.txt;/home/jimi/PaperExperiment/CompilerOptimization/Result/zfp/phasar/phasar-O2-g/log/commands.log;/home/jimi/PaperExperiment/CompilerOptimization/Result/zfp/phasar/phasar-O2-g/log/summary.csv,Generated by re-parsing psr-report.txt; source_resolution=direct_or_container_remap; exact source line was revalidated against the resolved source tree.
phasar.zfp.O2g.000226,zfp,phasar,P0,LineOutOfRange,LocationInvalid,reported,/home/jimi/PaperExperiment/CompilerOptimization/Result/zfp/phasar/phasar-O2-g/runs/ifds-uninit/zfp_O2_g-Mon-Mar-16-07:42:15-2026,zfp_O2_g-Mon-Mar-16-07:42:15-2026,ifds-uninit,/home/jimi/PaperExperiment/CompilerOptimization/Result/zfp/phasar/phasar-O2-g/artifacts/zfp_O2_g.bc,/home/jimi/PaperExperiment/CompilerOptimization/Result/zfp/phasar/phasar-O2-g/artifacts/zfp_O2_g.ll,/home/jimi/PaperExperiment/CompilerOptimization/Result/zfp/phasar/phasar-O2-g/runs/ifds-uninit/zfp_O2_g-Mon-Mar-16-07:42:15-2026/psr-report.txt,3981,CompilerOptimization/Target/zfp/src/template/encode.c,310,,line_out_of_range,project_source,1,not_header,encode_ints_uint32.67,,3989,"%93 = and i64 %88, %92, !dbg !33053, !psr.id !33064 | ID: 20400",,Phasar IFDS-Uninitialized use; variables=Line       : 310; reported_source=s->buffer &= ((bitstream_word)1 << s->bits) - 1;,debug_location_or_source_attribution_drift_candidate,0.99,0,,/home/jimi/PaperExperiment/CompilerOptimization/Result/zfp/phasar/phasar-O2-g/runs/ifds-uninit/zfp_O2_g-Mon-Mar-16-07:42:15-2026/psr-report.txt;/home/jimi/PaperExperiment/CompilerOptimization/Result/zfp/phasar/phasar-O2-g/log/commands.log;/home/jimi/PaperExperiment/CompilerOptimization/Result/zfp/phasar/phasar-O2-g/log/summary.csv,Generated by re-parsing psr-report.txt; source_resolution=direct_or_container_remap; exact source line was revalidated against the resolved source tree.
phasar.zfp.O2g.000227,zfp,phasar,P0,LineOutOfRange,LocationInvalid,reported,/home/jimi/PaperExperiment/CompilerOptimization/Result/zfp/phasar/phasar-O2-g/runs/ifds-uninit/zfp_O2_g-Mon-Mar-16-07:42:15-2026,zfp_O2_g-Mon-Mar-16-07:42:15-2026,ifds-uninit,/home/jimi/PaperExperiment/CompilerOptimization/Result/zfp/phasar/phasar-O2-g/artifacts/zfp_O2_g.bc,/home/jimi/PaperExperiment/CompilerOptimization/Result/zfp/phasar/phasar-O2-g/artifacts/zfp_O2_g.ll,/home/jimi/PaperExperiment/CompilerOptimization/Result/zfp/phasar/phasar-O2-g/runs/ifds-uninit/zfp_O2_g-Mon-Mar-16-07:42:15-2026/psr-report.txt,3992,CompilerOptimization/Target/zfp/src/template/encode.c,312,,line_out_of_range,project_source,1,not_header,encode_ints_uint32.67,,4001,"%98 = lshr i64 %89, %90, !dbg !33081, !psr.id !33082 | ID: 20412",,Phasar IFDS-Uninitialized use; variables=value; reported_source=return value >> n;,debug_location_or_source_attribution_drift_candidate,0.99,0,,/home/jimi/PaperExperiment/CompilerOptimization/Result/zfp/phasar/phasar-O2-g/runs/ifds-uninit/zfp_O2_g-Mon-Mar-16-07:42:15-2026/psr-report.txt;/home/jimi/PaperExperiment/CompilerOptimization/Result/zfp/phasar/phasar-O2-g/log/commands.log;/home/jimi/PaperExperiment/CompilerOptimization/Result/zfp/phasar/phasar-O2-g/log/summary.csv,Generated by re-parsing psr-report.txt; source_resolution=direct_or_container_remap; exact source line was revalidated against the resolved source tree.
phasar.zfp.O2g.000228,zfp,phasar,P0,SourceLineEmptyOrNonCode,LocationInvalid,reported,/home/jimi/PaperExperiment/CompilerOptimization/Result/zfp/phasar/phasar-O2-g/runs/ifds-uninit/zfp_O2_g-Mon-Mar-16-07:42:15-2026,zfp_O2_g-Mon-Mar-16-07:42:15-2026,ifds-uninit,/home/jimi/PaperExperiment/CompilerOptimization/Result/zfp/phasar/phasar-O2-g/artifacts/zfp_O2_g.bc,/home/jimi/PaperExperiment/CompilerOptimization/Result/zfp/phasar/phasar-O2-g/artifacts/zfp_O2_g.ll,/home/jimi/PaperExperiment/CompilerOptimization/Result/zfp/phasar/phasar-O2-g/runs/ifds-uninit/zfp_O2_g-Mon-Mar-16-07:42:15-2026/psr-report.txt,4004,CompilerOptimization/Target/zfp/include/zfp/bitstream.inl,115,,preprocessor_only,project_header,0,project_header,encode_ints_uint32.67,,4013,"%107 = icmp ne i64 %100, 0, !dbg !33101, !psr.id !33103 | ID: 20429","#include ""zfp/bitstream.h""","Phasar IFDS-Uninitialized use; variables=x; reported_source=if (stream_write_bit(&s, !!x)) {",debug_location_or_source_attribution_drift_candidate,0.95,0,,/home/jimi/PaperExperiment/CompilerOptimization/Result/zfp/phasar/phasar-O2-g/runs/ifds-uninit/zfp_O2_g-Mon-Mar-16-07:42:15-2026/psr-report.txt;/home/jimi/PaperExperiment/CompilerOptimization/Result/zfp/phasar/phasar-O2-g/log/commands.log;/home/jimi/PaperExperiment/CompilerOptimization/Result/zfp/phasar/phasar-O2-g/log/summary.csv,Generated by re-parsing psr-report.txt; source_resolution=direct_or_container_remap; exact source line was revalidated against the resolved source tree.
phasar.zfp.O2g.000239,zfp,phasar,P0,LineOutOfRange,LocationInvalid,reported,/home/jimi/PaperExperiment/CompilerOptimization/Result/zfp/phasar/phasar-O2-g/runs/ifds-uninit/zfp_O2_g-Mon-Mar-16-07:42:15-2026,zfp_O2_g-Mon-Mar-16-07:42:15-2026,ifds-uninit,/home/jimi/PaperExperiment/CompilerOptimization/Result/zfp/phasar/phasar-O2-g/artifacts/zfp_O2_g.bc,/home/jimi/PaperExperiment/CompilerOptimization/Result/zfp/phasar/phasar-O2-g/artifacts/zfp_O2_g.ll,/home/jimi/PaperExperiment/CompilerOptimization/Result/zfp/phasar/phasar-O2-g/runs/ifds-uninit/zfp_O2_g-Mon-Mar-16-07:42:15-2026/psr-report.txt,4256,CompilerOptimization/Target/zfp/src/template/encode.c,293,,line_out_of_range,project_source,1,not_header,encode_ints_uint32.67,,4265,"%257 = add i64 %204, %254, !dbg !33485, !psr.id !33486 | ID: 20698",,"Phasar IFDS-Uninitialized use; variables=s, n; reported_source=s->bits += n;",debug_location_or_source_attribution_drift_candidate,0.99,0,,/home/jimi/PaperExperiment/CompilerOptimization/Result/zfp/phasar/phasar-O2-g/runs/ifds-uninit/zfp_O2_g-Mon-Mar-16-07:42:15-2026/psr-report.txt;/home/jimi/PaperExperiment/CompilerOptimization/Result/zfp/phasar/phasar-O2-g/log/commands.log;/home/jimi/PaperExperiment/CompilerOptimization/Result/zfp/phasar/phasar-O2-g/log/summary.csv,Generated by re-parsing psr-report.txt; source_resolution=direct_or_container_remap; exact source line was revalidated against the resolved source tree.
phasar.zfp.O2g.000243,zfp,phasar,P0,LineOutOfRange,LocationInvalid,reported,/home/jimi/PaperExperiment/CompilerOptimization/Result/zfp/phasar/phasar-O2-g/runs/ifds-uninit/zfp_O2_g-Mon-Mar-16-07:42:15-2026,zfp_O2_g-Mon-Mar-16-07:42:15-2026,ifds-uninit,/home/jimi/PaperExperiment/CompilerOptimization/Result/zfp/phasar/phasar-O2-g/artifacts/zfp_O2_g.bc,/home/jimi/PaperExperiment/CompilerOptimization/Result/zfp/phasar/phasar-O2-g/artifacts/zfp_O2_g.ll,/home/jimi/PaperExperiment/CompilerOptimization/Result/zfp/phasar/phasar-O2-g/runs/ifds-uninit/zfp_O2_g-Mon-Mar-16-07:42:15-2026/psr-report.txt,4307,CompilerOptimization/Target/zfp/src/template/encode.c,302,,line_out_of_range,project_source,1,not_header,encode_ints_uint32.67,,4316,"%262 = add i64 %257, -64, !dbg !33498, !psr.id !33499 | ID: 20706",,Phasar IFDS-Uninitialized use; variables=s; reported_source=s->bits -= wsize;,debug_location_or_source_attribution_drift_candidate,0.99,0,,/home/jimi/PaperExperiment/CompilerOptimization/Result/zfp/phasar/phasar-O2-g/runs/ifds-uninit/zfp_O2_g-Mon-Mar-16-07:42:15-2026/psr-report.txt;/home/jimi/PaperExperiment/CompilerOptimization/Result/zfp/phasar/phasar-O2-g/log/commands.log;/home/jimi/PaperExperiment/CompilerOptimization/Result/zfp/phasar/phasar-O2-g/log/summary.csv,Generated by re-parsing psr-report.txt; source_resolution=direct_or_container_remap; exact source line was revalidated against the resolved source tree.
phasar.zfp.O2g.000247,zfp,phasar,P0,LineOutOfRange,LocationInvalid,reported,/home/jimi/PaperExperiment/CompilerOptimization/Result/zfp/phasar/phasar-O2-g/runs/ifds-uninit/zfp_O2_g-Mon-Mar-16-07:42:15-2026,zfp_O2_g-Mon-Mar-16-07:42:15-2026,ifds-uninit,/home/jimi/PaperExperiment/CompilerOptimization/Result/zfp/phasar/phasar-O2-g/artifacts/zfp_O2_g.bc,/home/jimi/PaperExperiment/CompilerOptimization/Result/zfp/phasar/phasar-O2-g/artifacts/zfp_O2_g.ll,/home/jimi/PaperExperiment/CompilerOptimization/Result/zfp/phasar/phasar-O2-g/runs/ifds-uninit/zfp_O2_g-Mon-Mar-16-07:42:15-2026/psr-report.txt,4365,CompilerOptimization/Target/zfp/src/template/encode.c,312,,line_out_of_range,project_source,1,not_header,encode_ints_uint32.67,,4374,"%277 = lshr i64 %270, %271, !dbg !33542, !psr.id !33543 | ID: 20735",,"Phasar IFDS-Uninitialized use; variables=value, n; reported_source=return value >> n;",debug_location_or_source_attribution_drift_candidate,0.99,0,,/home/jimi/PaperExperiment/CompilerOptimization/Result/zfp/phasar/phasar-O2-g/runs/ifds-uninit/zfp_O2_g-Mon-Mar-16-07:42:15-2026/psr-report.txt;/home/jimi/PaperExperiment/CompilerOptimization/Result/zfp/phasar/phasar-O2-g/log/commands.log;/home/jimi/PaperExperiment/CompilerOptimization/Result/zfp/phasar/phasar-O2-g/log/summary.csv,Generated by re-parsing psr-report.txt; source_resolution=direct_or_container_remap; exact source line was revalidated against the resolved source tree.
phasar.zfp.O2g.000248,zfp,phasar,P0,SourceTextMismatch,LocationDrift,reported,/home/jimi/PaperExperiment/CompilerOptimization/Result/zfp/phasar/phasar-O2-g/runs/ifds-uninit/zfp_O2_g-Mon-Mar-16-07:42:15-2026,zfp_O2_g-Mon-Mar-16-07:42:15-2026,ifds-uninit,/home/jimi/PaperExperiment/CompilerOptimization/Result/zfp/phasar/phasar-O2-g/artifacts/zfp_O2_g.bc,/home/jimi/PaperExperiment/CompilerOptimization/Result/zfp/phasar/phasar-O2-g/artifacts/zfp_O2_g.ll,/home/jimi/PaperExperiment/CompilerOptimization/Result/zfp/phasar/phasar-O2-g/runs/ifds-uninit/zfp_O2_g-Mon-Mar-16-07:42:15-2026/psr-report.txt,4378,CompilerOptimization/Target/zfp/include/zfp/bitstream.inl,198,,valid,project_header,0,project_header,encode_ints_uint32.67,,4387,"%284 = icmp ne i64 %279, 0, !dbg !33557, !psr.id !33558 | ID: 20748",},"Phasar IFDS-Uninitialized use; variables=x; reported_source=for (; n < size && stream_write_bit(&s, !!x); x >>= 1, n++)",debug_location_or_source_attribution_drift_candidate,0.95,0,,/home/jimi/PaperExperiment/CompilerOptimization/Result/zfp/phasar/phasar-O2-g/runs/ifds-uninit/zfp_O2_g-Mon-Mar-16-07:42:15-2026/psr-report.txt;/home/jimi/PaperExperiment/CompilerOptimization/Result/zfp/phasar/phasar-O2-g/log/commands.log;/home/jimi/PaperExperiment/CompilerOptimization/Result/zfp/phasar/phasar-O2-g/log/summary.csv,Generated by re-parsing psr-report.txt; source_resolution=direct_or_container_remap; exact source line was revalidated against the resolved source tree.
phasar.zfp.O2g.000250,zfp,phasar,P0,SourceTextMismatch,LocationDrift,reported,/home/jimi/PaperExperiment/CompilerOptimization/Result/zfp/phasar/phasar-O2-g/runs/ifds-uninit/zfp_O2_g-Mon-Mar-16-07:42:15-2026,zfp_O2_g-Mon-Mar-16-07:42:15-2026,ifds-uninit,/home/jimi/PaperExperiment/CompilerOptimization/Result/zfp/phasar/phasar-O2-g/artifacts/zfp_O2_g.bc,/home/jimi/PaperExperiment/CompilerOptimization/Result/zfp/phasar/phasar-O2-g/artifacts/zfp_O2_g.ll,/home/jimi/PaperExperiment/CompilerOptimization/Result/zfp/phasar/phasar-O2-g/runs/ifds-uninit/zfp_O2_g-Mon-Mar-16-07:42:15-2026/psr-report.txt,4406,CompilerOptimization/Target/zfp/src/template/encode.c,244,,valid,project_source,1,not_header,encode_ints_uint32.67,,4415,"%288 = add i64 %282, 1, !dbg !33570, !psr.id !33571 | ID: 20755",    if (size <= 64),"Phasar IFDS-Uninitialized use; variables=s, s; reported_source=if (++s->bits == wsize) {",debug_location_or_source_attribution_drift_candidate,0.95,0,,/home/jimi/PaperExperiment/CompilerOptimization/Result/zfp/phasar/phasar-O2-g/runs/ifds-uninit/zfp_O2_g-Mon-Mar-16-07:42:15-2026/psr-report.txt;/home/jimi/PaperExperiment/CompilerOptimization/Result/zfp/phasar/phasar-O2-g/log/commands.log;/home/jimi/PaperExperiment/CompilerOptimization/Result/zfp/phasar/phasar-O2-g/log/summary.csv,Generated by re-parsing psr-report.txt; source_resolution=direct_or_container_remap; exact source line was revalidated against the resolved source tree.
phasar.zfp.O2g.000254,zfp,phasar,P0,SourceTextMismatch,LocationDrift,reported,/home/jimi/PaperExperiment/CompilerOptimization/Result/zfp/phasar/phasar-O2-g/runs/ifds-uninit/zfp_O2_g-Mon-Mar-16-07:42:15-2026,zfp_O2_g-Mon-Mar-16-07:42:15-2026,ifds-uninit,/home/jimi/PaperExperiment/CompilerOptimization/Result/zfp/phasar/phasar-O2-g/artifacts/zfp_O2_g.bc,/home/jimi/PaperExperiment/CompilerOptimization/Result/zfp/phasar/phasar-O2-g/artifacts/zfp_O2_g.ll,/home/jimi/PaperExperiment/CompilerOptimization/Result/zfp/phasar/phasar-O2-g/runs/ifds-uninit/zfp_O2_g-Mon-Mar-16-07:42:15-2026/psr-report.txt,4466,CompilerOptimization/Target/zfp/src/template/encode.c,244,,valid,project_source,1,not_header,encode_ints_uint32.67,,4475,"%310 = add i64 %305, 1, !dbg !33634, !psr.id !33635 | ID: 20800",    if (size <= 64),"Phasar IFDS-Uninitialized use; variables=s, s; reported_source=if (++s->bits == wsize) {",debug_location_or_source_attribution_drift_candidate,0.95,0,,/home/jimi/PaperExperiment/CompilerOptimization/Result/zfp/phasar/phasar-O2-g/runs/ifds-uninit/zfp_O2_g-Mon-Mar-16-07:42:15-2026/psr-report.txt;/home/jimi/PaperExperiment/CompilerOptimization/Result/zfp/phasar/phasar-O2-g/log/commands.log;/home/jimi/PaperExperiment/CompilerOptimization/Result/zfp/phasar/phasar-O2-g/log/summary.csv,Generated by re-parsing psr-report.txt; source_resolution=direct_or_container_remap; exact source line was revalidated against the resolved source tree.
phasar.zfp.O2g.000281,zfp,phasar,P0,LineOutOfRange,LocationInvalid,reported,/home/jimi/PaperExperiment/CompilerOptimization/Result/zfp/phasar/phasar-O2-g/runs/ifds-uninit/zfp_O2_g-Mon-Mar-16-07:42:15-2026,zfp_O2_g-Mon-Mar-16-07:42:15-2026,ifds-uninit,/home/jimi/PaperExperiment/CompilerOptimization/Result/zfp/phasar/phasar-O2-g/artifacts/zfp_O2_g.bc,/home/jimi/PaperExperiment/CompilerOptimization/Result/zfp/phasar/phasar-O2-g/artifacts/zfp_O2_g.ll,/home/jimi/PaperExperiment/CompilerOptimization/Result/zfp/phasar/phasar-O2-g/runs/ifds-uninit/zfp_O2_g-Mon-Mar-16-07:42:15-2026/psr-report.txt,5068,CompilerOptimization/Target/zfp/src/template/encode.c,293,,line_out_of_range,project_source,1,not_header,encode_ints_uint32.77,,5077,"%257 = add i64 %204, %254, !dbg !41087, !psr.id !41088 | ID: 26465",,"Phasar IFDS-Uninitialized use; variables=s, n; reported_source=s->bits += n;",debug_location_or_source_attribution_drift_candidate,0.99,0,,/home/jimi/PaperExperiment/CompilerOptimization/Result/zfp/phasar/phasar-O2-g/runs/ifds-uninit/zfp_O2_g-Mon-Mar-16-07:42:15-2026/psr-report.txt;/home/jimi/PaperExperiment/CompilerOptimization/Result/zfp/phasar/phasar-O2-g/log/commands.log;/home/jimi/PaperExperiment/CompilerOptimization/Result/zfp/phasar/phasar-O2-g/log/summary.csv,Generated by re-parsing psr-report.txt; source_resolution=direct_or_container_remap; exact source line was revalidated against the resolved source tree.
phasar.zfp.O2g.000285,zfp,phasar,P0,LineOutOfRange,LocationInvalid,reported,/home/jimi/PaperExperiment/CompilerOptimization/Result/zfp/phasar/phasar-O2-g/runs/ifds-uninit/zfp_O2_g-Mon-Mar-16-07:42:15-2026,zfp_O2_g-Mon-Mar-16-07:42:15-2026,ifds-uninit,/home/jimi/PaperExperiment/CompilerOptimization/Result/zfp/phasar/phasar-O2-g/artifacts/zfp_O2_g.bc,/home/jimi/PaperExperiment/CompilerOptimization/Result/zfp/phasar/phasar-O2-g/artifacts/zfp_O2_g.ll,/home/jimi/PaperExperiment/CompilerOptimization/Result/zfp/phasar/phasar-O2-g/runs/ifds-uninit/zfp_O2_g-Mon-Mar-16-07:42:15-2026/psr-report.txt,5119,CompilerOptimization/Target/zfp/src/template/encode.c,302,,line_out_of_range,project_source,1,not_header,encode_ints_uint32.77,,5128,"%262 = add i64 %257, -64, !dbg !41100, !psr.id !41101 | ID: 26473",,Phasar IFDS-Uninitialized use; variables=s; reported_source=s->bits -= wsize;,debug_location_or_source_attribution_drift_candidate,0.99,0,,/home/jimi/PaperExperiment/CompilerOptimization/Result/zfp/phasar/phasar-O2-g/runs/ifds-uninit/zfp_O2_g-Mon-Mar-16-07:42:15-2026/psr-report.txt;/home/jimi/PaperExperiment/CompilerOptimization/Result/zfp/phasar/phasar-O2-g/log/commands.log;/home/jimi/PaperExperiment/CompilerOptimization/Result/zfp/phasar/phasar-O2-g/log/summary.csv,Generated by re-parsing psr-report.txt; source_resolution=direct_or_container_remap; exact source line was revalidated against the resolved source tree.
phasar.zfp.O2g.000289,zfp,phasar,P0,LineOutOfRange,LocationInvalid,reported,/home/jimi/PaperExperiment/CompilerOptimization/Result/zfp/phasar/phasar-O2-g/runs/ifds-uninit/zfp_O2_g-Mon-Mar-16-07:42:15-2026,zfp_O2_g-Mon-Mar-16-07:42:15-2026,ifds-uninit,/home/jimi/PaperExperiment/CompilerOptimization/Result/zfp/phasar/phasar-O2-g/artifacts/zfp_O2_g.bc,/home/jimi/PaperExperiment/CompilerOptimization/Result/zfp/phasar/phasar-O2-g/artifacts/zfp_O2_g.ll,/home/jimi/PaperExperiment/CompilerOptimization/Result/zfp/phasar/phasar-O2-g/runs/ifds-uninit/zfp_O2_g-Mon-Mar-16-07:42:15-2026/psr-report.txt,5177,CompilerOptimization/Target/zfp/src/template/encode.c,312,,line_out_of_range,project_source,1,not_header,encode_ints_uint32.77,,5186,"%277 = lshr i64 %270, %271, !dbg !41144, !psr.id !41145 | ID: 26502",,"Phasar IFDS-Uninitialized use; variables=value, n; reported_source=return value >> n;",debug_location_or_source_attribution_drift_candidate,0.99,0,,/home/jimi/PaperExperiment/CompilerOptimization/Result/zfp/phasar/phasar-O2-g/runs/ifds-uninit/zfp_O2_g-Mon-Mar-16-07:42:15-2026/psr-report.txt;/home/jimi/PaperExperiment/CompilerOptimization/Result/zfp/phasar/phasar-O2-g/log/commands.log;/home/jimi/PaperExperiment/CompilerOptimization/Result/zfp/phasar/phasar-O2-g/log/summary.csv,Generated by re-parsing psr-report.txt; source_resolution=direct_or_container_remap; exact source line was revalidated against the resolved source tree.
phasar.zfp.O2g.000290,zfp,phasar,P0,SourceTextMismatch,LocationDrift,reported,/home/jimi/PaperExperiment/CompilerOptimization/Result/zfp/phasar/phasar-O2-g/runs/ifds-uninit/zfp_O2_g-Mon-Mar-16-07:42:15-2026,zfp_O2_g-Mon-Mar-16-07:42:15-2026,ifds-uninit,/home/jimi/PaperExperiment/CompilerOptimization/Result/zfp/phasar/phasar-O2-g/artifacts/zfp_O2_g.bc,/home/jimi/PaperExperiment/CompilerOptimization/Result/zfp/phasar/phasar-O2-g/artifacts/zfp_O2_g.ll,/home/jimi/PaperExperiment/CompilerOptimization/Result/zfp/phasar/phasar-O2-g/runs/ifds-uninit/zfp_O2_g-Mon-Mar-16-07:42:15-2026/psr-report.txt,5190,CompilerOptimization/Target/zfp/include/zfp/bitstream.inl,198,,valid,project_header,0,project_header,encode_ints_uint32.77,,5199,"%284 = icmp ne i64 %279, 0, !dbg !41159, !psr.id !41160 | ID: 26515",},"Phasar IFDS-Uninitialized use; variables=x; reported_source=for (; n < size && stream_write_bit(&s, !!x); x >>= 1, n++)",debug_location_or_source_attribution_drift_candidate,0.95,0,,/home/jimi/PaperExperiment/CompilerOptimization/Result/zfp/phasar/phasar-O2-g/runs/ifds-uninit/zfp_O2_g-Mon-Mar-16-07:42:15-2026/psr-report.txt;/home/jimi/PaperExperiment/CompilerOptimization/Result/zfp/phasar/phasar-O2-g/log/commands.log;/home/jimi/PaperExperiment/CompilerOptimization/Result/zfp/phasar/phasar-O2-g/log/summary.csv,Generated by re-parsing psr-report.txt; source_resolution=direct_or_container_remap; exact source line was revalidated against the resolved source tree.
phasar.zfp.O2g.000292,zfp,phasar,P0,SourceTextMismatch,LocationDrift,reported,/home/jimi/PaperExperiment/CompilerOptimization/Result/zfp/phasar/phasar-O2-g/runs/ifds-uninit/zfp_O2_g-Mon-Mar-16-07:42:15-2026,zfp_O2_g-Mon-Mar-16-07:42:15-2026,ifds-uninit,/home/jimi/PaperExperiment/CompilerOptimization/Result/zfp/phasar/phasar-O2-g/artifacts/zfp_O2_g.bc,/home/jimi/PaperExperiment/CompilerOptimization/Result/zfp/phasar/phasar-O2-g/artifacts/zfp_O2_g.ll,/home/jimi/PaperExperiment/CompilerOptimization/Result/zfp/phasar/phasar-O2-g/runs/ifds-uninit/zfp_O2_g-Mon-Mar-16-07:42:15-2026/psr-report.txt,5218,CompilerOptimization/Target/zfp/src/template/encode.c,244,,valid,project_source,1,not_header,encode_ints_uint32.77,,5227,"%288 = add i64 %282, 1, !dbg !41172, !psr.id !41173 | ID: 26522",    if (size <= 64),"Phasar IFDS-Uninitialized use; variables=s, s; reported_source=if (++s->bits == wsize) {",debug_location_or_source_attribution_drift_candidate,0.95,0,,/home/jimi/PaperExperiment/CompilerOptimization/Result/zfp/phasar/phasar-O2-g/runs/ifds-uninit/zfp_O2_g-Mon-Mar-16-07:42:15-2026/psr-report.txt;/home/jimi/PaperExperiment/CompilerOptimization/Result/zfp/phasar/phasar-O2-g/log/commands.log;/home/jimi/PaperExperiment/CompilerOptimization/Result/zfp/phasar/phasar-O2-g/log/summary.csv,Generated by re-parsing psr-report.txt; source_resolution=direct_or_container_remap; exact source line was revalidated against the resolved source tree.
phasar.zfp.O2g.000296,zfp,phasar,P0,SourceTextMismatch,LocationDrift,reported,/home/jimi/PaperExperiment/CompilerOptimization/Result/zfp/phasar/phasar-O2-g/runs/ifds-uninit/zfp_O2_g-Mon-Mar-16-07:42:15-2026,zfp_O2_g-Mon-Mar-16-07:42:15-2026,ifds-uninit,/home/jimi/PaperExperiment/CompilerOptimization/Result/zfp/phasar/phasar-O2-g/artifacts/zfp_O2_g.bc,/home/jimi/PaperExperiment/CompilerOptimization/Result/zfp/phasar/phasar-O2-g/artifacts/zfp_O2_g.ll,/home/jimi/PaperExperiment/CompilerOptimization/Result/zfp/phasar/phasar-O2-g/runs/ifds-uninit/zfp_O2_g-Mon-Mar-16-07:42:15-2026/psr-report.txt,5278,CompilerOptimization/Target/zfp/src/template/encode.c,244,,valid,project_source,1,not_header,encode_ints_uint32.77,,5287,"%310 = add i64 %305, 1, !dbg !41236, !psr.id !41237 | ID: 26567",    if (size <= 64),"Phasar IFDS-Uninitialized use; variables=s, s; reported_source=if (++s->bits == wsize) {",debug_location_or_source_attribution_drift_candidate,0.95,0,,/home/jimi/PaperExperiment/CompilerOptimization/Result/zfp/phasar/phasar-O2-g/runs/ifds-uninit/zfp_O2_g-Mon-Mar-16-07:42:15-2026/psr-report.txt;/home/jimi/PaperExperiment/CompilerOptimization/Result/zfp/phasar/phasar-O2-g/log/commands.log;/home/jimi/PaperExperiment/CompilerOptimization/Result/zfp/phasar/phasar-O2-g/log/summary.csv,Generated by re-parsing psr-report.txt; source_resolution=direct_or_container_remap; exact source line was revalidated against the resolved source tree.
phasar.zfp.O2g.000558,zfp,phasar,P0,SourceTextMismatch,LocationDrift,reported,/home/jimi/PaperExperiment/CompilerOptimization/Result/zfp/phasar/phasar-O2-g/runs/ifds-uninit/zfp_O2_g-Mon-Mar-16-07:42:15-2026,zfp_O2_g-Mon-Mar-16-07:42:15-2026,ifds-uninit,/home/jimi/PaperExperiment/CompilerOptimization/Result/zfp/phasar/phasar-O2-g/artifacts/zfp_O2_g.bc,/home/jimi/PaperExperiment/CompilerOptimization/Result/zfp/phasar/phasar-O2-g/artifacts/zfp_O2_g.ll,/home/jimi/PaperExperiment/CompilerOptimization/Result/zfp/phasar/phasar-O2-g/runs/ifds-uninit/zfp_O2_g-Mon-Mar-16-07:42:15-2026/psr-report.txt,9605,CompilerOptimization/Target/zfp/src/template/encode.c,244,,valid,project_source,1,not_header,encode_ints_uint32.154,,9614,"%125 = add i64 %116, 1, !dbg !97070, !psr.id !97176 | ID: 68115",    if (size <= 64),"Phasar IFDS-Uninitialized use; variables=s, s; reported_source=if (++s->bits == wsize) {",debug_location_or_source_attribution_drift_candidate,0.95,0,,/home/jimi/PaperExperiment/CompilerOptimization/Result/zfp/phasar/phasar-O2-g/runs/ifds-uninit/zfp_O2_g-Mon-Mar-16-07:42:15-2026/psr-report.txt;/home/jimi/PaperExperiment/CompilerOptimization/Result/zfp/phasar/phasar-O2-g/log/commands.log;/home/jimi/PaperExperiment/CompilerOptimization/Result/zfp/phasar/phasar-O2-g/log/summary.csv,Generated by re-parsing psr-report.txt; source_resolution=direct_or_container_remap; exact source line was revalidated against the resolved source tree.
phasar.zfp.O2g.000560,zfp,phasar,P0,SourceTextMismatch,LocationDrift,reported,/home/jimi/PaperExperiment/CompilerOptimization/Result/zfp/phasar/phasar-O2-g/runs/ifds-uninit/zfp_O2_g-Mon-Mar-16-07:42:15-2026,zfp_O2_g-Mon-Mar-16-07:42:15-2026,ifds-uninit,/home/jimi/PaperExperiment/CompilerOptimization/Result/zfp/phasar/phasar-O2-g/artifacts/zfp_O2_g.bc,/home/jimi/PaperExperiment/CompilerOptimization/Result/zfp/phasar/phasar-O2-g/artifacts/zfp_O2_g.ll,/home/jimi/PaperExperiment/CompilerOptimization/Result/zfp/phasar/phasar-O2-g/runs/ifds-uninit/zfp_O2_g-Mon-Mar-16-07:42:15-2026/psr-report.txt,9636,CompilerOptimization/Target/zfp/src/template/encode.c,244,,valid,project_source,1,not_header,encode_ints_uint32.154,,9645,"%141 = add i64 %130, 1, !dbg !97070, !psr.id !97214 | ID: 68152",    if (size <= 64),"Phasar IFDS-Uninitialized use; variables=s, s; reported_source=if (++s->bits == wsize) {",debug_location_or_source_attribution_drift_candidate,0.95,0,,/home/jimi/PaperExperiment/CompilerOptimization/Result/zfp/phasar/phasar-O2-g/runs/ifds-uninit/zfp_O2_g-Mon-Mar-16-07:42:15-2026/psr-report.txt;/home/jimi/PaperExperiment/CompilerOptimization/Result/zfp/phasar/phasar-O2-g/log/commands.log;/home/jimi/PaperExperiment/CompilerOptimization/Result/zfp/phasar/phasar-O2-g/log/summary.csv,Generated by re-parsing psr-report.txt; source_resolution=direct_or_container_remap; exact source line was revalidated against the resolved source tree.
phasar.zfp.O2g.000562,zfp,phasar,P0,SourceTextMismatch,LocationDrift,reported,/home/jimi/PaperExperiment/CompilerOptimization/Result/zfp/phasar/phasar-O2-g/runs/ifds-uninit/zfp_O2_g-Mon-Mar-16-07:42:15-2026,zfp_O2_g-Mon-Mar-16-07:42:15-2026,ifds-uninit,/home/jimi/PaperExperiment/CompilerOptimization/Result/zfp/phasar/phasar-O2-g/artifacts/zfp_O2_g.bc,/home/jimi/PaperExperiment/CompilerOptimization/Result/zfp/phasar/phasar-O2-g/artifacts/zfp_O2_g.ll,/home/jimi/PaperExperiment/CompilerOptimization/Result/zfp/phasar/phasar-O2-g/runs/ifds-uninit/zfp_O2_g-Mon-Mar-16-07:42:15-2026/psr-report.txt,9667,CompilerOptimization/Target/zfp/src/template/encode.c,244,,valid,project_source,1,not_header,encode_ints_uint32.154,,9676,"%183 = add i64 %177, 1, !dbg !97309, !psr.id !97310 | ID: 68228",    if (size <= 64),"Phasar IFDS-Uninitialized use; variables=s, s; reported_source=if (++s->bits == wsize) {",debug_location_or_source_attribution_drift_candidate,0.95,0,,/home/jimi/PaperExperiment/CompilerOptimization/Result/zfp/phasar/phasar-O2-g/runs/ifds-uninit/zfp_O2_g-Mon-Mar-16-07:42:15-2026/psr-report.txt;/home/jimi/PaperExperiment/CompilerOptimization/Result/zfp/phasar/phasar-O2-g/log/commands.log;/home/jimi/PaperExperiment/CompilerOptimization/Result/zfp/phasar/phasar-O2-g/log/summary.csv,Generated by re-parsing psr-report.txt; source_resolution=direct_or_container_remap; exact source line was revalidated against the resolved source tree.
phasar.zfp.O2g.000564,zfp,phasar,P0,SourceTextMismatch,LocationDrift,reported,/home/jimi/PaperExperiment/CompilerOptimization/Result/zfp/phasar/phasar-O2-g/runs/ifds-uninit/zfp_O2_g-Mon-Mar-16-07:42:15-2026,zfp_O2_g-Mon-Mar-16-07:42:15-2026,ifds-uninit,/home/jimi/PaperExperiment/CompilerOptimization/Result/zfp/phasar/phasar-O2-g/artifacts/zfp_O2_g.bc,/home/jimi/PaperExperiment/CompilerOptimization/Result/zfp/phasar/phasar-O2-g/artifacts/zfp_O2_g.ll,/home/jimi/PaperExperiment/CompilerOptimization/Result/zfp/phasar/phasar-O2-g/runs/ifds-uninit/zfp_O2_g-Mon-Mar-16-07:42:15-2026/psr-report.txt,9698,CompilerOptimization/Target/zfp/src/template/encode.c,244,,valid,project_source,1,not_header,encode_ints_uint32.154,,9707,"%212 = add i64 %203, 1, !dbg !97391, !psr.id !97392 | ID: 68282",    if (size <= 64),"Phasar IFDS-Uninitialized use; variables=s, s; reported_source=if (++s->bits == wsize) {",debug_location_or_source_attribution_drift_candidate,0.95,0,,/home/jimi/PaperExperiment/CompilerOptimization/Result/zfp/phasar/phasar-O2-g/runs/ifds-uninit/zfp_O2_g-Mon-Mar-16-07:42:15-2026/psr-report.txt;/home/jimi/PaperExperiment/CompilerOptimization/Result/zfp/phasar/phasar-O2-g/log/commands.log;/home/jimi/PaperExperiment/CompilerOptimization/Result/zfp/phasar/phasar-O2-g/log/summary.csv,Generated by re-parsing psr-report.txt; source_resolution=direct_or_container_remap; exact source line was revalidated against the resolved source tree.
phasar.zfp.O2g.000592,zfp,phasar,P0,SourceTextMismatch,LocationDrift,reported,/home/jimi/PaperExperiment/CompilerOptimization/Result/zfp/phasar/phasar-O2-g/runs/ifds-uninit/zfp_O2_g-Mon-Mar-16-07:42:15-2026,zfp_O2_g-Mon-Mar-16-07:42:15-2026,ifds-uninit,/home/jimi/PaperExperiment/CompilerOptimization/Result/zfp/phasar/phasar-O2-g/artifacts/zfp_O2_g.bc,/home/jimi/PaperExperiment/CompilerOptimization/Result/zfp/phasar/phasar-O2-g/artifacts/zfp_O2_g.ll,/home/jimi/PaperExperiment/CompilerOptimization/Result/zfp/phasar/phasar-O2-g/runs/ifds-uninit/zfp_O2_g-Mon-Mar-16-07:42:15-2026/psr-report.txt,10242,CompilerOptimization/Target/zfp/src/template/encode.c,244,,valid,project_source,1,not_header,encode_ints_uint32.154,,10251,"%54 = add i64 %44, 1, !dbg !97070, !psr.id !97071 | ID: 68028",    if (size <= 64),"Phasar IFDS-Uninitialized use; variables=s, s; reported_source=if (++s->bits == wsize) {",debug_location_or_source_attribution_drift_candidate,0.95,0,,/home/jimi/PaperExperiment/CompilerOptimization/Result/zfp/phasar/phasar-O2-g/runs/ifds-uninit/zfp_O2_g-Mon-Mar-16-07:42:15-2026/psr-report.txt;/home/jimi/PaperExperiment/CompilerOptimization/Result/zfp/phasar/phasar-O2-g/log/commands.log;/home/jimi/PaperExperiment/CompilerOptimization/Result/zfp/phasar/phasar-O2-g/log/summary.csv,Generated by re-parsing psr-report.txt; source_resolution=direct_or_container_remap; exact source line was revalidated against the resolved source tree.
phasar.zfp.O2g.000598,zfp,phasar,P0,SourceTextMismatch,LocationDrift,reported,/home/jimi/PaperExperiment/CompilerOptimization/Result/zfp/phasar/phasar-O2-g/runs/ifds-uninit/zfp_O2_g-Mon-Mar-16-07:42:15-2026,zfp_O2_g-Mon-Mar-16-07:42:15-2026,ifds-uninit,/home/jimi/PaperExperiment/CompilerOptimization/Result/zfp/phasar/phasar-O2-g/artifacts/zfp_O2_g.bc,/home/jimi/PaperExperiment/CompilerOptimization/Result/zfp/phasar/phasar-O2-g/artifacts/zfp_O2_g.ll,/home/jimi/PaperExperiment/CompilerOptimization/Result/zfp/phasar/phasar-O2-g/runs/ifds-uninit/zfp_O2_g-Mon-Mar-16-07:42:15-2026/psr-report.txt,10330,CompilerOptimization/Target/zfp/src/template/encode.c,244,,valid,project_source,1,not_header,encode_ints_uint32.154,,10339,"%291 = add i64 %280, 1, !dbg !97619, !psr.id !97620 | ID: 68428",    if (size <= 64),"Phasar IFDS-Uninitialized use; variables=s, s; reported_source=if (++s->bits == wsize) {",debug_location_or_source_attribution_drift_candidate,0.95,0,,/home/jimi/PaperExperiment/CompilerOptimization/Result/zfp/phasar/phasar-O2-g/runs/ifds-uninit/zfp_O2_g-Mon-Mar-16-07:42:15-2026/psr-report.txt;/home/jimi/PaperExperiment/CompilerOptimization/Result/zfp/phasar/phasar-O2-g/log/commands.log;/home/jimi/PaperExperiment/CompilerOptimization/Result/zfp/phasar/phasar-O2-g/log/summary.csv,Generated by re-parsing psr-report.txt; source_resolution=direct_or_container_remap; exact source line was revalidated against the resolved source tree.
phasar.zfp.O2g.000605,zfp,phasar,P0,SourceTextMismatch,LocationDrift,reported,/home/jimi/PaperExperiment/CompilerOptimization/Result/zfp/phasar/phasar-O2-g/runs/ifds-uninit/zfp_O2_g-Mon-Mar-16-07:42:15-2026,zfp_O2_g-Mon-Mar-16-07:42:15-2026,ifds-uninit,/home/jimi/PaperExperiment/CompilerOptimization/Result/zfp/phasar/phasar-O2-g/artifacts/zfp_O2_g.bc,/home/jimi/PaperExperiment/CompilerOptimization/Result/zfp/phasar/phasar-O2-g/artifacts/zfp_O2_g.ll,/home/jimi/PaperExperiment/CompilerOptimization/Result/zfp/phasar/phasar-O2-g/runs/ifds-uninit/zfp_O2_g-Mon-Mar-16-07:42:15-2026/psr-report.txt,10475,CompilerOptimization/Target/zfp/src/template/encode.c,244,,valid,project_source,1,not_header,encode_ints_uint32.154,,10484,"%360 = add i64 %350, 1, !dbg !97619, !psr.id !97723 | ID: 68513",    if (size <= 64),"Phasar IFDS-Uninitialized use; variables=s, s; reported_source=if (++s->bits == wsize) {",debug_location_or_source_attribution_drift_candidate,0.95,0,,/home/jimi/PaperExperiment/CompilerOptimization/Result/zfp/phasar/phasar-O2-g/runs/ifds-uninit/zfp_O2_g-Mon-Mar-16-07:42:15-2026/psr-report.txt;/home/jimi/PaperExperiment/CompilerOptimization/Result/zfp/phasar/phasar-O2-g/log/commands.log;/home/jimi/PaperExperiment/CompilerOptimization/Result/zfp/phasar/phasar-O2-g/log/summary.csv,Generated by re-parsing psr-report.txt; source_resolution=direct_or_container_remap; exact source line was revalidated against the resolved source tree.
phasar.zfp.O2g.000608,zfp,phasar,P0,SourceTextMismatch,LocationDrift,reported,/home/jimi/PaperExperiment/CompilerOptimization/Result/zfp/phasar/phasar-O2-g/runs/ifds-uninit/zfp_O2_g-Mon-Mar-16-07:42:15-2026,zfp_O2_g-Mon-Mar-16-07:42:15-2026,ifds-uninit,/home/jimi/PaperExperiment/CompilerOptimization/Result/zfp/phasar/phasar-O2-g/artifacts/zfp_O2_g.bc,/home/jimi/PaperExperiment/CompilerOptimization/Result/zfp/phasar/phasar-O2-g/artifacts/zfp_O2_g.ll,/home/jimi/PaperExperiment/CompilerOptimization/Result/zfp/phasar/phasar-O2-g/runs/ifds-uninit/zfp_O2_g-Mon-Mar-16-07:42:15-2026/psr-report.txt,10520,CompilerOptimization/Target/zfp/src/template/encode.c,244,,valid,project_source,1,not_header,encode_ints_uint32.154,,10529,"%376 = add i64 %366, 1, !dbg !97619, !psr.id !97761 | ID: 68550",    if (size <= 64),"Phasar IFDS-Uninitialized use; variables=s, s; reported_source=if (++s->bits == wsize) {",debug_location_or_source_attribution_drift_candidate,0.95,0,,/home/jimi/PaperExperiment/CompilerOptimization/Result/zfp/phasar/phasar-O2-g/runs/ifds-uninit/zfp_O2_g-Mon-Mar-16-07:42:15-2026/psr-report.txt;/home/jimi/PaperExperiment/CompilerOptimization/Result/zfp/phasar/phasar-O2-g/log/commands.log;/home/jimi/PaperExperiment/CompilerOptimization/Result/zfp/phasar/phasar-O2-g/log/summary.csv,Generated by re-parsing psr-report.txt; source_resolution=direct_or_container_remap; exact source line was revalidated against the resolved source tree.
phasar.zfp.O2g.000612,zfp,phasar,P0,SourceTextMismatch,LocationDrift,reported,/home/jimi/PaperExperiment/CompilerOptimization/Result/zfp/phasar/phasar-O2-g/runs/ifds-uninit/zfp_O2_g-Mon-Mar-16-07:42:15-2026,zfp_O2_g-Mon-Mar-16-07:42:15-2026,ifds-uninit,/home/jimi/PaperExperiment/CompilerOptimization/Result/zfp/phasar/phasar-O2-g/artifacts/zfp_O2_g.bc,/home/jimi/PaperExperiment/CompilerOptimization/Result/zfp/phasar/phasar-O2-g/artifacts/zfp_O2_g.ll,/home/jimi/PaperExperiment/CompilerOptimization/Result/zfp/phasar/phasar-O2-g/runs/ifds-uninit/zfp_O2_g-Mon-Mar-16-07:42:15-2026/psr-report.txt,10587,CompilerOptimization/Target/zfp/include/zfp/bitstream.inl,228,,valid,project_header,0,project_header,encode_ints_uint32.154,,10596,"%407 = icmp ne i32 %402, 0, !dbg !97821, !psr.id !97823 | ID: 68604",  uint bit;,"Phasar IFDS-Uninitialized use; variables=c; reported_source=for (; n < size && stream_write_bit(&s, !!c); n++)",debug_location_or_source_attribution_drift_candidate,0.95,0,,/home/jimi/PaperExperiment/CompilerOptimization/Result/zfp/phasar/phasar-O2-g/runs/ifds-uninit/zfp_O2_g-Mon-Mar-16-07:42:15-2026/psr-report.txt;/home/jimi/PaperExperiment/CompilerOptimization/Result/zfp/phasar/phasar-O2-g/log/commands.log;/home/jimi/PaperExperiment/CompilerOptimization/Result/zfp/phasar/phasar-O2-g/log/summary.csv,Generated by re-parsing psr-report.txt; source_resolution=direct_or_container_remap; exact source line was revalidated against the resolved source tree.
phasar.zfp.O2g.000614,zfp,phasar,P0,SourceTextMismatch,LocationDrift,reported,/home/jimi/PaperExperiment/CompilerOptimization/Result/zfp/phasar/phasar-O2-g/runs/ifds-uninit/zfp_O2_g-Mon-Mar-16-07:42:15-2026,zfp_O2_g-Mon-Mar-16-07:42:15-2026,ifds-uninit,/home/jimi/PaperExperiment/CompilerOptimization/Result/zfp/phasar/phasar-O2-g/artifacts/zfp_O2_g.bc,/home/jimi/PaperExperiment/CompilerOptimization/Result/zfp/phasar/phasar-O2-g/artifacts/zfp_O2_g.ll,/home/jimi/PaperExperiment/CompilerOptimization/Result/zfp/phasar/phasar-O2-g/runs/ifds-uninit/zfp_O2_g-Mon-Mar-16-07:42:15-2026/psr-report.txt,10615,CompilerOptimization/Target/zfp/src/template/encode.c,244,,valid,project_source,1,not_header,encode_ints_uint32.154,,10624,"%411 = add i64 %405, 1, !dbg !97835, !psr.id !97836 | ID: 68611",    if (size <= 64),"Phasar IFDS-Uninitialized use; variables=s, s; reported_source=if (++s->bits == wsize) {",debug_location_or_source_attribution_drift_candidate,0.95,0,,/home/jimi/PaperExperiment/CompilerOptimization/Result/zfp/phasar/phasar-O2-g/runs/ifds-uninit/zfp_O2_g-Mon-Mar-16-07:42:15-2026/psr-report.txt;/home/jimi/PaperExperiment/CompilerOptimization/Result/zfp/phasar/phasar-O2-g/log/commands.log;/home/jimi/PaperExperiment/CompilerOptimization/Result/zfp/phasar/phasar-O2-g/log/summary.csv,Generated by re-parsing psr-report.txt; source_resolution=direct_or_container_remap; exact source line was revalidated against the resolved source tree.
phasar.zfp.O2g.000618,zfp,phasar,P0,SourceTextMismatch,LocationDrift,reported,/home/jimi/PaperExperiment/CompilerOptimization/Result/zfp/phasar/phasar-O2-g/runs/ifds-uninit/zfp_O2_g-Mon-Mar-16-07:42:15-2026,zfp_O2_g-Mon-Mar-16-07:42:15-2026,ifds-uninit,/home/jimi/PaperExperiment/CompilerOptimization/Result/zfp/phasar/phasar-O2-g/artifacts/zfp_O2_g.bc,/home/jimi/PaperExperiment/CompilerOptimization/Result/zfp/phasar/phasar-O2-g/artifacts/zfp_O2_g.ll,/home/jimi/PaperExperiment/CompilerOptimization/Result/zfp/phasar/phasar-O2-g/runs/ifds-uninit/zfp_O2_g-Mon-Mar-16-07:42:15-2026/psr-report.txt,10682,CompilerOptimization/Target/zfp/src/template/encode.c,244,,valid,project_source,1,not_header,encode_ints_uint32.154,,10691,"%435 = add i64 %425, 1, !dbg !97903, !psr.id !97904 | ID: 68657",    if (size <= 64),"Phasar IFDS-Uninitialized use; variables=s, s; reported_source=if (++s->bits == wsize) {",debug_location_or_source_attribution_drift_candidate,0.95,0,,/home/jimi/PaperExperiment/CompilerOptimization/Result/zfp/phasar/phasar-O2-g/runs/ifds-uninit/zfp_O2_g-Mon-Mar-16-07:42:15-2026/psr-report.txt;/home/jimi/PaperExperiment/CompilerOptimization/Result/zfp/phasar/phasar-O2-g/log/commands.log;/home/jimi/PaperExperiment/CompilerOptimization/Result/zfp/phasar/phasar-O2-g/log/summary.csv,Generated by re-parsing psr-report.txt; source_resolution=direct_or_container_remap; exact source line was revalidated against the resolved source tree.
phasar.zfp.O2g.000645,zfp,phasar,P0,SourceTextMismatch,LocationDrift,reported,/home/jimi/PaperExperiment/CompilerOptimization/Result/zfp/phasar/phasar-O2-g/runs/ifds-uninit/zfp_O2_g-Mon-Mar-16-07:42:15-2026,zfp_O2_g-Mon-Mar-16-07:42:15-2026,ifds-uninit,/home/jimi/PaperExperiment/CompilerOptimization/Result/zfp/phasar/phasar-O2-g/artifacts/zfp_O2_g.bc,/home/jimi/PaperExperiment/CompilerOptimization/Result/zfp/phasar/phasar-O2-g/artifacts/zfp_O2_g.ll,/home/jimi/PaperExperiment/CompilerOptimization/Result/zfp/phasar/phasar-O2-g/runs/ifds-uninit/zfp_O2_g-Mon-Mar-16-07:42:15-2026/psr-report.txt,11170,CompilerOptimization/Target/zfp/src/template/encode.c,244,,valid,project_source,1,not_header,encode_ints_uint64.160,,11179,"%56 = add i64 %47, 1, !dbg !103890, !psr.id !103891 | ID: 73259",    if (size <= 64),"Phasar IFDS-Uninitialized use; variables=s, s; reported_source=if (++s->bits == wsize) {",debug_location_or_source_attribution_drift_candidate,0.95,0,,/home/jimi/PaperExperiment/CompilerOptimization/Result/zfp/phasar/phasar-O2-g/runs/ifds-uninit/zfp_O2_g-Mon-Mar-16-07:42:15-2026/psr-report.txt;/home/jimi/PaperExperiment/CompilerOptimization/Result/zfp/phasar/phasar-O2-g/log/commands.log;/home/jimi/PaperExperiment/CompilerOptimization/Result/zfp/phasar/phasar-O2-g/log/summary.csv,Generated by re-parsing psr-report.txt; source_resolution=direct_or_container_remap; exact source line was revalidated against the resolved source tree.
phasar.zfp.O2g.000650,zfp,phasar,P0,SourceTextMismatch,LocationDrift,reported,/home/jimi/PaperExperiment/CompilerOptimization/Result/zfp/phasar/phasar-O2-g/runs/ifds-uninit/zfp_O2_g-Mon-Mar-16-07:42:15-2026,zfp_O2_g-Mon-Mar-16-07:42:15-2026,ifds-uninit,/home/jimi/PaperExperiment/CompilerOptimization/Result/zfp/phasar/phasar-O2-g/artifacts/zfp_O2_g.bc,/home/jimi/PaperExperiment/CompilerOptimization/Result/zfp/phasar/phasar-O2-g/artifacts/zfp_O2_g.ll,/home/jimi/PaperExperiment/CompilerOptimization/Result/zfp/phasar/phasar-O2-g/runs/ifds-uninit/zfp_O2_g-Mon-Mar-16-07:42:15-2026/psr-report.txt,11255,CompilerOptimization/Target/zfp/src/template/encode.c,244,,valid,project_source,1,not_header,encode_ints_uint64.160,,11264,"%128 = add i64 %120, 1, !dbg !103890, !psr.id !103996 | ID: 73347",    if (size <= 64),"Phasar IFDS-Uninitialized use; variables=s, s; reported_source=if (++s->bits == wsize) {",debug_location_or_source_attribution_drift_candidate,0.95,0,,/home/jimi/PaperExperiment/CompilerOptimization/Result/zfp/phasar/phasar-O2-g/runs/ifds-uninit/zfp_O2_g-Mon-Mar-16-07:42:15-2026/psr-report.txt;/home/jimi/PaperExperiment/CompilerOptimization/Result/zfp/phasar/phasar-O2-g/log/commands.log;/home/jimi/PaperExperiment/CompilerOptimization/Result/zfp/phasar/phasar-O2-g/log/summary.csv,Generated by re-parsing psr-report.txt; source_resolution=direct_or_container_remap; exact source line was revalidated against the resolved source tree.
phasar.zfp.O2g.000652,zfp,phasar,P0,SourceTextMismatch,LocationDrift,reported,/home/jimi/PaperExperiment/CompilerOptimization/Result/zfp/phasar/phasar-O2-g/runs/ifds-uninit/zfp_O2_g-Mon-Mar-16-07:42:15-2026,zfp_O2_g-Mon-Mar-16-07:42:15-2026,ifds-uninit,/home/jimi/PaperExperiment/CompilerOptimization/Result/zfp/phasar/phasar-O2-g/artifacts/zfp_O2_g.bc,/home/jimi/PaperExperiment/CompilerOptimization/Result/zfp/phasar/phasar-O2-g/artifacts/zfp_O2_g.ll,/home/jimi/PaperExperiment/CompilerOptimization/Result/zfp/phasar/phasar-O2-g/runs/ifds-uninit/zfp_O2_g-Mon-Mar-16-07:42:15-2026/psr-report.txt,11286,CompilerOptimization/Target/zfp/src/template/encode.c,244,,valid,project_source,1,not_header,encode_ints_uint64.160,,11295,"%143 = add i64 %133, 1, !dbg !103890, !psr.id !104033 | ID: 73383",    if (size <= 64),"Phasar IFDS-Uninitialized use; variables=s, s; reported_source=if (++s->bits == wsize) {",debug_location_or_source_attribution_drift_candidate,0.95,0,,/home/jimi/PaperExperiment/CompilerOptimization/Result/zfp/phasar/phasar-O2-g/runs/ifds-uninit/zfp_O2_g-Mon-Mar-16-07:42:15-2026/psr-report.txt;/home/jimi/PaperExperiment/CompilerOptimization/Result/zfp/phasar/phasar-O2-g/log/commands.log;/home/jimi/PaperExperiment/CompilerOptimization/Result/zfp/phasar/phasar-O2-g/log/summary.csv,Generated by re-parsing psr-report.txt; source_resolution=direct_or_container_remap; exact source line was revalidated against the resolved source tree.
phasar.zfp.O2g.000654,zfp,phasar,P0,SourceTextMismatch,LocationDrift,reported,/home/jimi/PaperExperiment/CompilerOptimization/Result/zfp/phasar/phasar-O2-g/runs/ifds-uninit/zfp_O2_g-Mon-Mar-16-07:42:15-2026,zfp_O2_g-Mon-Mar-16-07:42:15-2026,ifds-uninit,/home/jimi/PaperExperiment/CompilerOptimization/Result/zfp/phasar/phasar-O2-g/artifacts/zfp_O2_g.bc,/home/jimi/PaperExperiment/CompilerOptimization/Result/zfp/phasar/phasar-O2-g/artifacts/zfp_O2_g.ll,/home/jimi/PaperExperiment/CompilerOptimization/Result/zfp/phasar/phasar-O2-g/runs/ifds-uninit/zfp_O2_g-Mon-Mar-16-07:42:15-2026/psr-report.txt,11317,CompilerOptimization/Target/zfp/src/template/encode.c,244,,valid,project_source,1,not_header,encode_ints_uint64.160,,11326,"%188 = add i64 %182, 1, !dbg !104131, !psr.id !104132 | ID: 73462",    if (size <= 64),"Phasar IFDS-Uninitialized use; variables=s, s; reported_source=if (++s->bits == wsize) {",debug_location_or_source_attribution_drift_candidate,0.95,0,,/home/jimi/PaperExperiment/CompilerOptimization/Result/zfp/phasar/phasar-O2-g/runs/ifds-uninit/zfp_O2_g-Mon-Mar-16-07:42:15-2026/psr-report.txt;/home/jimi/PaperExperiment/CompilerOptimization/Result/zfp/phasar/phasar-O2-g/log/commands.log;/home/jimi/PaperExperiment/CompilerOptimization/Result/zfp/phasar/phasar-O2-g/log/summary.csv,Generated by re-parsing psr-report.txt; source_resolution=direct_or_container_remap; exact source line was revalidated against the resolved source tree.
phasar.zfp.O2g.000656,zfp,phasar,P0,SourceTextMismatch,LocationDrift,reported,/home/jimi/PaperExperiment/CompilerOptimization/Result/zfp/phasar/phasar-O2-g/runs/ifds-uninit/zfp_O2_g-Mon-Mar-16-07:42:15-2026,zfp_O2_g-Mon-Mar-16-07:42:15-2026,ifds-uninit,/home/jimi/PaperExperiment/CompilerOptimization/Result/zfp/phasar/phasar-O2-g/artifacts/zfp_O2_g.bc,/home/jimi/PaperExperiment/CompilerOptimization/Result/zfp/phasar/phasar-O2-g/artifacts/zfp_O2_g.ll,/home/jimi/PaperExperiment/CompilerOptimization/Result/zfp/phasar/phasar-O2-g/runs/ifds-uninit/zfp_O2_g-Mon-Mar-16-07:42:15-2026/psr-report.txt,11348,CompilerOptimization/Target/zfp/src/template/encode.c,244,,valid,project_source,1,not_header,encode_ints_uint64.160,,11357,"%216 = add i64 %208, 1, !dbg !104211, !psr.id !104212 | ID: 73515",    if (size <= 64),"Phasar IFDS-Uninitialized use; variables=s, s; reported_source=if (++s->bits == wsize) {",debug_location_or_source_attribution_drift_candidate,0.95,0,,/home/jimi/PaperExperiment/CompilerOptimization/Result/zfp/phasar/phasar-O2-g/runs/ifds-uninit/zfp_O2_g-Mon-Mar-16-07:42:15-2026/psr-report.txt;/home/jimi/PaperExperiment/CompilerOptimization/Result/zfp/phasar/phasar-O2-g/log/commands.log;/home/jimi/PaperExperiment/CompilerOptimization/Result/zfp/phasar/phasar-O2-g/log/summary.csv,Generated by re-parsing psr-report.txt; source_resolution=direct_or_container_remap; exact source line was revalidated against the resolved source tree.
phasar.zfp.O2g.000658,zfp,phasar,P0,SourceTextMismatch,LocationDrift,reported,/home/jimi/PaperExperiment/CompilerOptimization/Result/zfp/phasar/phasar-O2-g/runs/ifds-uninit/zfp_O2_g-Mon-Mar-16-07:42:15-2026,zfp_O2_g-Mon-Mar-16-07:42:15-2026,ifds-uninit,/home/jimi/PaperExperiment/CompilerOptimization/Result/zfp/phasar/phasar-O2-g/artifacts/zfp_O2_g.bc,/home/jimi/PaperExperiment/CompilerOptimization/Result/zfp/phasar/phasar-O2-g/artifacts/zfp_O2_g.ll,/home/jimi/PaperExperiment/CompilerOptimization/Result/zfp/phasar/phasar-O2-g/runs/ifds-uninit/zfp_O2_g-Mon-Mar-16-07:42:15-2026/psr-report.txt,11379,CompilerOptimization/Target/zfp/src/template/encode.c,244,,valid,project_source,1,not_header,encode_ints_uint64.160,,11388,"%295 = add i64 %285, 1, !dbg !104438, !psr.id !104439 | ID: 73661",    if (size <= 64),"Phasar IFDS-Uninitialized use; variables=s, s; reported_source=if (++s->bits == wsize) {",debug_location_or_source_attribution_drift_candidate,0.95,0,,/home/jimi/PaperExperiment/CompilerOptimization/Result/zfp/phasar/phasar-O2-g/runs/ifds-uninit/zfp_O2_g-Mon-Mar-16-07:42:15-2026/psr-report.txt;/home/jimi/PaperExperiment/CompilerOptimization/Result/zfp/phasar/phasar-O2-g/log/commands.log;/home/jimi/PaperExperiment/CompilerOptimization/Result/zfp/phasar/phasar-O2-g/log/summary.csv,Generated by re-parsing psr-report.txt; source_resolution=direct_or_container_remap; exact source line was revalidated against the resolved source tree.
phasar.zfp.O2g.000663,zfp,phasar,P0,SourceTextMismatch,LocationDrift,reported,/home/jimi/PaperExperiment/CompilerOptimization/Result/zfp/phasar/phasar-O2-g/runs/ifds-uninit/zfp_O2_g-Mon-Mar-16-07:42:15-2026,zfp_O2_g-Mon-Mar-16-07:42:15-2026,ifds-uninit,/home/jimi/PaperExperiment/CompilerOptimization/Result/zfp/phasar/phasar-O2-g/artifacts/zfp_O2_g.bc,/home/jimi/PaperExperiment/CompilerOptimization/Result/zfp/phasar/phasar-O2-g/artifacts/zfp_O2_g.ll,/home/jimi/PaperExperiment/CompilerOptimization/Result/zfp/phasar/phasar-O2-g/runs/ifds-uninit/zfp_O2_g-Mon-Mar-16-07:42:15-2026/psr-report.txt,11464,CompilerOptimization/Target/zfp/src/template/encode.c,244,,valid,project_source,1,not_header,encode_ints_uint64.160,,11473,"%367 = add i64 %358, 1, !dbg !104438, !psr.id !104544 | ID: 73749",    if (size <= 64),"Phasar IFDS-Uninitialized use; variables=s, s; reported_source=if (++s->bits == wsize) {",debug_location_or_source_attribution_drift_candidate,0.95,0,,/home/jimi/PaperExperiment/CompilerOptimization/Result/zfp/phasar/phasar-O2-g/runs/ifds-uninit/zfp_O2_g-Mon-Mar-16-07:42:15-2026/psr-report.txt;/home/jimi/PaperExperiment/CompilerOptimization/Result/zfp/phasar/phasar-O2-g/log/commands.log;/home/jimi/PaperExperiment/CompilerOptimization/Result/zfp/phasar/phasar-O2-g/log/summary.csv,Generated by re-parsing psr-report.txt; source_resolution=direct_or_container_remap; exact source line was revalidated against the resolved source tree.
phasar.zfp.O2g.000665,zfp,phasar,P0,SourceTextMismatch,LocationDrift,reported,/home/jimi/PaperExperiment/CompilerOptimization/Result/zfp/phasar/phasar-O2-g/runs/ifds-uninit/zfp_O2_g-Mon-Mar-16-07:42:15-2026,zfp_O2_g-Mon-Mar-16-07:42:15-2026,ifds-uninit,/home/jimi/PaperExperiment/CompilerOptimization/Result/zfp/phasar/phasar-O2-g/artifacts/zfp_O2_g.bc,/home/jimi/PaperExperiment/CompilerOptimization/Result/zfp/phasar/phasar-O2-g/artifacts/zfp_O2_g.ll,/home/jimi/PaperExperiment/CompilerOptimization/Result/zfp/phasar/phasar-O2-g/runs/ifds-uninit/zfp_O2_g-Mon-Mar-16-07:42:15-2026/psr-report.txt,11495,CompilerOptimization/Target/zfp/src/template/encode.c,244,,valid,project_source,1,not_header,encode_ints_uint64.160,,11504,"%382 = add i64 %373, 1, !dbg !104438, !psr.id !104581 | ID: 73785",    if (size <= 64),"Phasar IFDS-Uninitialized use; variables=s, s; reported_source=if (++s->bits == wsize) {",debug_location_or_source_attribution_drift_candidate,0.95,0,,/home/jimi/PaperExperiment/CompilerOptimization/Result/zfp/phasar/phasar-O2-g/runs/ifds-uninit/zfp_O2_g-Mon-Mar-16-07:42:15-2026/psr-report.txt;/home/jimi/PaperExperiment/CompilerOptimization/Result/zfp/phasar/phasar-O2-g/log/commands.log;/home/jimi/PaperExperiment/CompilerOptimization/Result/zfp/phasar/phasar-O2-g/log/summary.csv,Generated by re-parsing psr-report.txt; source_resolution=direct_or_container_remap; exact source line was revalidated against the resolved source tree.
phasar.zfp.O2g.000667,zfp,phasar,P0,SourceTextMismatch,LocationDrift,reported,/home/jimi/PaperExperiment/CompilerOptimization/Result/zfp/phasar/phasar-O2-g/runs/ifds-uninit/zfp_O2_g-Mon-Mar-16-07:42:15-2026,zfp_O2_g-Mon-Mar-16-07:42:15-2026,ifds-uninit,/home/jimi/PaperExperiment/CompilerOptimization/Result/zfp/phasar/phasar-O2-g/artifacts/zfp_O2_g.bc,/home/jimi/PaperExperiment/CompilerOptimization/Result/zfp/phasar/phasar-O2-g/artifacts/zfp_O2_g.ll,/home/jimi/PaperExperiment/CompilerOptimization/Result/zfp/phasar/phasar-O2-g/runs/ifds-uninit/zfp_O2_g-Mon-Mar-16-07:42:15-2026/psr-report.txt,11526,CompilerOptimization/Target/zfp/src/template/encode.c,244,,valid,project_source,1,not_header,encode_ints_uint64.160,,11535,"%417 = add i64 %411, 1, !dbg !104655, !psr.id !104656 | ID: 73846",    if (size <= 64),"Phasar IFDS-Uninitialized use; variables=s, s; reported_source=if (++s->bits == wsize) {",debug_location_or_source_attribution_drift_candidate,0.95,0,,/home/jimi/PaperExperiment/CompilerOptimization/Result/zfp/phasar/phasar-O2-g/runs/ifds-uninit/zfp_O2_g-Mon-Mar-16-07:42:15-2026/psr-report.txt;/home/jimi/PaperExperiment/CompilerOptimization/Result/zfp/phasar/phasar-O2-g/log/commands.log;/home/jimi/PaperExperiment/CompilerOptimization/Result/zfp/phasar/phasar-O2-g/log/summary.csv,Generated by re-parsing psr-report.txt; source_resolution=direct_or_container_remap; exact source line was revalidated against the resolved source tree.
phasar.zfp.O2g.000669,zfp,phasar,P0,SourceTextMismatch,LocationDrift,reported,/home/jimi/PaperExperiment/CompilerOptimization/Result/zfp/phasar/phasar-O2-g/runs/ifds-uninit/zfp_O2_g-Mon-Mar-16-07:42:15-2026,zfp_O2_g-Mon-Mar-16-07:42:15-2026,ifds-uninit,/home/jimi/PaperExperiment/CompilerOptimization/Result/zfp/phasar/phasar-O2-g/artifacts/zfp_O2_g.bc,/home/jimi/PaperExperiment/CompilerOptimization/Result/zfp/phasar/phasar-O2-g/artifacts/zfp_O2_g.ll,/home/jimi/PaperExperiment/CompilerOptimization/Result/zfp/phasar/phasar-O2-g/runs/ifds-uninit/zfp_O2_g-Mon-Mar-16-07:42:15-2026/psr-report.txt,11557,CompilerOptimization/Target/zfp/src/template/encode.c,244,,valid,project_source,1,not_header,encode_ints_uint64.160,,11566,"%441 = add i64 %433, 1, !dbg !104723, !psr.id !104724 | ID: 73892",    if (size <= 64),"Phasar IFDS-Uninitialized use; variables=s, s; reported_source=if (++s->bits == wsize) {",debug_location_or_source_attribution_drift_candidate,0.95,0,,/home/jimi/PaperExperiment/CompilerOptimization/Result/zfp/phasar/phasar-O2-g/runs/ifds-uninit/zfp_O2_g-Mon-Mar-16-07:42:15-2026/psr-report.txt;/home/jimi/PaperExperiment/CompilerOptimization/Result/zfp/phasar/phasar-O2-g/log/commands.log;/home/jimi/PaperExperiment/CompilerOptimization/Result/zfp/phasar/phasar-O2-g/log/summary.csv,Generated by re-parsing psr-report.txt; source_resolution=direct_or_container_remap; exact source line was revalidated against the resolved source tree.
phasar.zfp.O2g.000674,zfp,phasar,P0,SourceTextMismatch,LocationDrift,reported,/home/jimi/PaperExperiment/CompilerOptimization/Result/zfp/phasar/phasar-O2-g/runs/ifds-uninit/zfp_O2_g-Mon-Mar-16-07:42:15-2026,zfp_O2_g-Mon-Mar-16-07:42:15-2026,ifds-uninit,/home/jimi/PaperExperiment/CompilerOptimization/Result/zfp/phasar/phasar-O2-g/artifacts/zfp_O2_g.bc,/home/jimi/PaperExperiment/CompilerOptimization/Result/zfp/phasar/phasar-O2-g/artifacts/zfp_O2_g.ll,/home/jimi/PaperExperiment/CompilerOptimization/Result/zfp/phasar/phasar-O2-g/runs/ifds-uninit/zfp_O2_g-Mon-Mar-16-07:42:15-2026/psr-report.txt,11631,CompilerOptimization/Target/zfp/src/template/encode.c,244,,valid,project_source,1,not_header,encode_ints_uint64.172,,11640,"%56 = add i64 %47, 1, !dbg !115476, !psr.id !115478 | ID: 82457",    if (size <= 64),"Phasar IFDS-Uninitialized use; variables=s, s; reported_source=if (++s->bits == wsize) {",debug_location_or_source_attribution_drift_candidate,0.95,0,,/home/jimi/PaperExperiment/CompilerOptimization/Result/zfp/phasar/phasar-O2-g/runs/ifds-uninit/zfp_O2_g-Mon-Mar-16-07:42:15-2026/psr-report.txt;/home/jimi/PaperExperiment/CompilerOptimization/Result/zfp/phasar/phasar-O2-g/log/commands.log;/home/jimi/PaperExperiment/CompilerOptimization/Result/zfp/phasar/phasar-O2-g/log/summary.csv,Generated by re-parsing psr-report.txt; source_resolution=direct_or_container_remap; exact source line was revalidated against the resolved source tree.
phasar.zfp.O2g.000679,zfp,phasar,P0,SourceTextMismatch,LocationDrift,reported,/home/jimi/PaperExperiment/CompilerOptimization/Result/zfp/phasar/phasar-O2-g/runs/ifds-uninit/zfp_O2_g-Mon-Mar-16-07:42:15-2026,zfp_O2_g-Mon-Mar-16-07:42:15-2026,ifds-uninit,/home/jimi/PaperExperiment/CompilerOptimization/Result/zfp/phasar/phasar-O2-g/artifacts/zfp_O2_g.bc,/home/jimi/PaperExperiment/CompilerOptimization/Result/zfp/phasar/phasar-O2-g/artifacts/zfp_O2_g.ll,/home/jimi/PaperExperiment/CompilerOptimization/Result/zfp/phasar/phasar-O2-g/runs/ifds-uninit/zfp_O2_g-Mon-Mar-16-07:42:15-2026/psr-report.txt,11716,CompilerOptimization/Target/zfp/src/template/encode.c,244,,valid,project_source,1,not_header,encode_ints_uint64.172,,11725,"%128 = add i64 %120, 1, !dbg !115476, !psr.id !115584 | ID: 82545",    if (size <= 64),"Phasar IFDS-Uninitialized use; variables=s, s; reported_source=if (++s->bits == wsize) {",debug_location_or_source_attribution_drift_candidate,0.95,0,,/home/jimi/PaperExperiment/CompilerOptimization/Result/zfp/phasar/phasar-O2-g/runs/ifds-uninit/zfp_O2_g-Mon-Mar-16-07:42:15-2026/psr-report.txt;/home/jimi/PaperExperiment/CompilerOptimization/Result/zfp/phasar/phasar-O2-g/log/commands.log;/home/jimi/PaperExperiment/CompilerOptimization/Result/zfp/phasar/phasar-O2-g/log/summary.csv,Generated by re-parsing psr-report.txt; source_resolution=direct_or_container_remap; exact source line was revalidated against the resolved source tree.
phasar.zfp.O2g.000681,zfp,phasar,P0,SourceTextMismatch,LocationDrift,reported,/home/jimi/PaperExperiment/CompilerOptimization/Result/zfp/phasar/phasar-O2-g/runs/ifds-uninit/zfp_O2_g-Mon-Mar-16-07:42:15-2026,zfp_O2_g-Mon-Mar-16-07:42:15-2026,ifds-uninit,/home/jimi/PaperExperiment/CompilerOptimization/Result/zfp/phasar/phasar-O2-g/artifacts/zfp_O2_g.bc,/home/jimi/PaperExperiment/CompilerOptimization/Result/zfp/phasar/phasar-O2-g/artifacts/zfp_O2_g.ll,/home/jimi/PaperExperiment/CompilerOptimization/Result/zfp/phasar/phasar-O2-g/runs/ifds-uninit/zfp_O2_g-Mon-Mar-16-07:42:15-2026/psr-report.txt,11747,CompilerOptimization/Target/zfp/src/template/encode.c,244,,valid,project_source,1,not_header,encode_ints_uint64.172,,11756,"%143 = add i64 %133, 1, !dbg !115476, !psr.id !115621 | ID: 82581",    if (size <= 64),"Phasar IFDS-Uninitialized use; variables=s, s; reported_source=if (++s->bits == wsize) {",debug_location_or_source_attribution_drift_candidate,0.95,0,,/home/jimi/PaperExperiment/CompilerOptimization/Result/zfp/phasar/phasar-O2-g/runs/ifds-uninit/zfp_O2_g-Mon-Mar-16-07:42:15-2026/psr-report.txt;/home/jimi/PaperExperiment/CompilerOptimization/Result/zfp/phasar/phasar-O2-g/log/commands.log;/home/jimi/PaperExperiment/CompilerOptimization/Result/zfp/phasar/phasar-O2-g/log/summary.csv,Generated by re-parsing psr-report.txt; source_resolution=direct_or_container_remap; exact source line was revalidated against the resolved source tree.
phasar.zfp.O2g.000683,zfp,phasar,P0,SourceTextMismatch,LocationDrift,reported,/home/jimi/PaperExperiment/CompilerOptimization/Result/zfp/phasar/phasar-O2-g/runs/ifds-uninit/zfp_O2_g-Mon-Mar-16-07:42:15-2026,zfp_O2_g-Mon-Mar-16-07:42:15-2026,ifds-uninit,/home/jimi/PaperExperiment/CompilerOptimization/Result/zfp/phasar/phasar-O2-g/artifacts/zfp_O2_g.bc,/home/jimi/PaperExperiment/CompilerOptimization/Result/zfp/phasar/phasar-O2-g/artifacts/zfp_O2_g.ll,/home/jimi/PaperExperiment/CompilerOptimization/Result/zfp/phasar/phasar-O2-g/runs/ifds-uninit/zfp_O2_g-Mon-Mar-16-07:42:15-2026/psr-report.txt,11778,CompilerOptimization/Target/zfp/src/template/encode.c,244,,valid,project_source,1,not_header,encode_ints_uint64.172,,11787,"%188 = add i64 %182, 1, !dbg !115719, !psr.id !115720 | ID: 82660",    if (size <= 64),"Phasar IFDS-Uninitialized use; variables=s, s; reported_source=if (++s->bits == wsize) {",debug_location_or_source_attribution_drift_candidate,0.95,0,,/home/jimi/PaperExperiment/CompilerOptimization/Result/zfp/phasar/phasar-O2-g/runs/ifds-uninit/zfp_O2_g-Mon-Mar-16-07:42:15-2026/psr-report.txt;/home/jimi/PaperExperiment/CompilerOptimization/Result/zfp/phasar/phasar-O2-g/log/commands.log;/home/jimi/PaperExperiment/CompilerOptimization/Result/zfp/phasar/phasar-O2-g/log/summary.csv,Generated by re-parsing psr-report.txt; source_resolution=direct_or_container_remap; exact source line was revalidated against the resolved source tree.
phasar.zfp.O2g.000699,zfp,phasar,P0,SourceTextMismatch,LocationDrift,reported,/home/jimi/PaperExperiment/CompilerOptimization/Result/zfp/phasar/phasar-O2-g/runs/ifds-uninit/zfp_O2_g-Mon-Mar-16-07:42:15-2026,zfp_O2_g-Mon-Mar-16-07:42:15-2026,ifds-uninit,/home/jimi/PaperExperiment/CompilerOptimization/Result/zfp/phasar/phasar-O2-g/artifacts/zfp_O2_g.bc,/home/jimi/PaperExperiment/CompilerOptimization/Result/zfp/phasar/phasar-O2-g/artifacts/zfp_O2_g.ll,/home/jimi/PaperExperiment/CompilerOptimization/Result/zfp/phasar/phasar-O2-g/runs/ifds-uninit/zfp_O2_g-Mon-Mar-16-07:42:15-2026/psr-report.txt,12101,CompilerOptimization/Target/zfp/src/template/encode.c,244,,valid,project_source,1,not_header,encode_ints_uint32.166,,12110,"%54 = add i64 %44, 1, !dbg !109681, !psr.id !109683 | ID: 77859",    if (size <= 64),"Phasar IFDS-Uninitialized use; variables=s, s; reported_source=if (++s->bits == wsize) {",debug_location_or_source_attribution_drift_candidate,0.95,0,,/home/jimi/PaperExperiment/CompilerOptimization/Result/zfp/phasar/phasar-O2-g/runs/ifds-uninit/zfp_O2_g-Mon-Mar-16-07:42:15-2026/psr-report.txt;/home/jimi/PaperExperiment/CompilerOptimization/Result/zfp/phasar/phasar-O2-g/log/commands.log;/home/jimi/PaperExperiment/CompilerOptimization/Result/zfp/phasar/phasar-O2-g/log/summary.csv,Generated by re-parsing psr-report.txt; source_resolution=direct_or_container_remap; exact source line was revalidated against the resolved source tree.
phasar.zfp.O2g.000704,zfp,phasar,P0,SourceTextMismatch,LocationDrift,reported,/home/jimi/PaperExperiment/CompilerOptimization/Result/zfp/phasar/phasar-O2-g/runs/ifds-uninit/zfp_O2_g-Mon-Mar-16-07:42:15-2026,zfp_O2_g-Mon-Mar-16-07:42:15-2026,ifds-uninit,/home/jimi/PaperExperiment/CompilerOptimization/Result/zfp/phasar/phasar-O2-g/artifacts/zfp_O2_g.bc,/home/jimi/PaperExperiment/CompilerOptimization/Result/zfp/phasar/phasar-O2-g/artifacts/zfp_O2_g.ll,/home/jimi/PaperExperiment/CompilerOptimization/Result/zfp/phasar/phasar-O2-g/runs/ifds-uninit/zfp_O2_g-Mon-Mar-16-07:42:15-2026/psr-report.txt,12186,CompilerOptimization/Target/zfp/src/template/encode.c,244,,valid,project_source,1,not_header,encode_ints_uint32.166,,12195,"%125 = add i64 %116, 1, !dbg !109681, !psr.id !109789 | ID: 77946",    if (size <= 64),"Phasar IFDS-Uninitialized use; variables=s, s; reported_source=if (++s->bits == wsize) {",debug_location_or_source_attribution_drift_candidate,0.95,0,,/home/jimi/PaperExperiment/CompilerOptimization/Result/zfp/phasar/phasar-O2-g/runs/ifds-uninit/zfp_O2_g-Mon-Mar-16-07:42:15-2026/psr-report.txt;/home/jimi/PaperExperiment/CompilerOptimization/Result/zfp/phasar/phasar-O2-g/log/commands.log;/home/jimi/PaperExperiment/CompilerOptimization/Result/zfp/phasar/phasar-O2-g/log/summary.csv,Generated by re-parsing psr-report.txt; source_resolution=direct_or_container_remap; exact source line was revalidated against the resolved source tree.
phasar.zfp.O2g.000706,zfp,phasar,P0,SourceTextMismatch,LocationDrift,reported,/home/jimi/PaperExperiment/CompilerOptimization/Result/zfp/phasar/phasar-O2-g/runs/ifds-uninit/zfp_O2_g-Mon-Mar-16-07:42:15-2026,zfp_O2_g-Mon-Mar-16-07:42:15-2026,ifds-uninit,/home/jimi/PaperExperiment/CompilerOptimization/Result/zfp/phasar/phasar-O2-g/artifacts/zfp_O2_g.bc,/home/jimi/PaperExperiment/CompilerOptimization/Result/zfp/phasar/phasar-O2-g/artifacts/zfp_O2_g.ll,/home/jimi/PaperExperiment/CompilerOptimization/Result/zfp/phasar/phasar-O2-g/runs/ifds-uninit/zfp_O2_g-Mon-Mar-16-07:42:15-2026/psr-report.txt,12217,CompilerOptimization/Target/zfp/src/template/encode.c,244,,valid,project_source,1,not_header,encode_ints_uint32.166,,12226,"%141 = add i64 %130, 1, !dbg !109681, !psr.id !109827 | ID: 77983",    if (size <= 64),"Phasar IFDS-Uninitialized use; variables=s, s; reported_source=if (++s->bits == wsize) {",debug_location_or_source_attribution_drift_candidate,0.95,0,,/home/jimi/PaperExperiment/CompilerOptimization/Result/zfp/phasar/phasar-O2-g/runs/ifds-uninit/zfp_O2_g-Mon-Mar-16-07:42:15-2026/psr-report.txt;/home/jimi/PaperExperiment/CompilerOptimization/Result/zfp/phasar/phasar-O2-g/log/commands.log;/home/jimi/PaperExperiment/CompilerOptimization/Result/zfp/phasar/phasar-O2-g/log/summary.csv,Generated by re-parsing psr-report.txt; source_resolution=direct_or_container_remap; exact source line was revalidated against the resolved source tree.
phasar.zfp.O2g.000708,zfp,phasar,P0,SourceTextMismatch,LocationDrift,reported,/home/jimi/PaperExperiment/CompilerOptimization/Result/zfp/phasar/phasar-O2-g/runs/ifds-uninit/zfp_O2_g-Mon-Mar-16-07:42:15-2026,zfp_O2_g-Mon-Mar-16-07:42:15-2026,ifds-uninit,/home/jimi/PaperExperiment/CompilerOptimization/Result/zfp/phasar/phasar-O2-g/artifacts/zfp_O2_g.bc,/home/jimi/PaperExperiment/CompilerOptimization/Result/zfp/phasar/phasar-O2-g/artifacts/zfp_O2_g.ll,/home/jimi/PaperExperiment/CompilerOptimization/Result/zfp/phasar/phasar-O2-g/runs/ifds-uninit/zfp_O2_g-Mon-Mar-16-07:42:15-2026/psr-report.txt,12248,CompilerOptimization/Target/zfp/src/template/encode.c,244,,valid,project_source,1,not_header,encode_ints_uint32.166,,12257,"%183 = add i64 %177, 1, !dbg !109922, !psr.id !109923 | ID: 78059",    if (size <= 64),"Phasar IFDS-Uninitialized use; variables=s, s; reported_source=if (++s->bits == wsize) {",debug_location_or_source_attribution_drift_candidate,0.95,0,,/home/jimi/PaperExperiment/CompilerOptimization/Result/zfp/phasar/phasar-O2-g/runs/ifds-uninit/zfp_O2_g-Mon-Mar-16-07:42:15-2026/psr-report.txt;/home/jimi/PaperExperiment/CompilerOptimization/Result/zfp/phasar/phasar-O2-g/log/commands.log;/home/jimi/PaperExperiment/CompilerOptimization/Result/zfp/phasar/phasar-O2-g/log/summary.csv,Generated by re-parsing psr-report.txt; source_resolution=direct_or_container_remap; exact source line was revalidated against the resolved source tree.
phasar.zfp.O2g.000710,zfp,phasar,P0,SourceTextMismatch,LocationDrift,reported,/home/jimi/PaperExperiment/CompilerOptimization/Result/zfp/phasar/phasar-O2-g/runs/ifds-uninit/zfp_O2_g-Mon-Mar-16-07:42:15-2026,zfp_O2_g-Mon-Mar-16-07:42:15-2026,ifds-uninit,/home/jimi/PaperExperiment/CompilerOptimization/Result/zfp/phasar/phasar-O2-g/artifacts/zfp_O2_g.bc,/home/jimi/PaperExperiment/CompilerOptimization/Result/zfp/phasar/phasar-O2-g/artifacts/zfp_O2_g.ll,/home/jimi/PaperExperiment/CompilerOptimization/Result/zfp/phasar/phasar-O2-g/runs/ifds-uninit/zfp_O2_g-Mon-Mar-16-07:42:15-2026/psr-report.txt,12279,CompilerOptimization/Target/zfp/src/template/encode.c,244,,valid,project_source,1,not_header,encode_ints_uint32.166,,12288,"%212 = add i64 %203, 1, !dbg !110004, !psr.id !110005 | ID: 78113",    if (size <= 64),"Phasar IFDS-Uninitialized use; variables=s, s; reported_source=if (++s->bits == wsize) {",debug_location_or_source_attribution_drift_candidate,0.95,0,,/home/jimi/PaperExperiment/CompilerOptimization/Result/zfp/phasar/phasar-O2-g/runs/ifds-uninit/zfp_O2_g-Mon-Mar-16-07:42:15-2026/psr-report.txt;/home/jimi/PaperExperiment/CompilerOptimization/Result/zfp/phasar/phasar-O2-g/log/commands.log;/home/jimi/PaperExperiment/CompilerOptimization/Result/zfp/phasar/phasar-O2-g/log/summary.csv,Generated by re-parsing psr-report.txt; source_resolution=direct_or_container_remap; exact source line was revalidated against the resolved source tree.
phasar.zfp.O2g.000717,zfp,phasar,P0,SourceTextMismatch,LocationDrift,reported,/home/jimi/PaperExperiment/CompilerOptimization/Result/zfp/phasar/phasar-O2-g/runs/ifds-uninit/zfp_O2_g-Mon-Mar-16-07:42:15-2026,zfp_O2_g-Mon-Mar-16-07:42:15-2026,ifds-uninit,/home/jimi/PaperExperiment/CompilerOptimization/Result/zfp/phasar/phasar-O2-g/artifacts/zfp_O2_g.bc,/home/jimi/PaperExperiment/CompilerOptimization/Result/zfp/phasar/phasar-O2-g/artifacts/zfp_O2_g.ll,/home/jimi/PaperExperiment/CompilerOptimization/Result/zfp/phasar/phasar-O2-g/runs/ifds-uninit/zfp_O2_g-Mon-Mar-16-07:42:15-2026/psr-report.txt,12380,CompilerOptimization/Target/zfp/src/template/encode.c,244,,valid,project_source,1,not_header,encode_ints_uint32.166,,12389,"%291 = add i64 %280, 1, !dbg !110232, !psr.id !110233 | ID: 78259",    if (size <= 64),"Phasar IFDS-Uninitialized use; variables=s, s; reported_source=if (++s->bits == wsize) {",debug_location_or_source_attribution_drift_candidate,0.95,0,,/home/jimi/PaperExperiment/CompilerOptimization/Result/zfp/phasar/phasar-O2-g/runs/ifds-uninit/zfp_O2_g-Mon-Mar-16-07:42:15-2026/psr-report.txt;/home/jimi/PaperExperiment/CompilerOptimization/Result/zfp/phasar/phasar-O2-g/log/commands.log;/home/jimi/PaperExperiment/CompilerOptimization/Result/zfp/phasar/phasar-O2-g/log/summary.csv,Generated by re-parsing psr-report.txt; source_resolution=direct_or_container_remap; exact source line was revalidated against the resolved source tree.
phasar.zfp.O2g.000724,zfp,phasar,P0,SourceTextMismatch,LocationDrift,reported,/home/jimi/PaperExperiment/CompilerOptimization/Result/zfp/phasar/phasar-O2-g/runs/ifds-uninit/zfp_O2_g-Mon-Mar-16-07:42:15-2026,zfp_O2_g-Mon-Mar-16-07:42:15-2026,ifds-uninit,/home/jimi/PaperExperiment/CompilerOptimization/Result/zfp/phasar/phasar-O2-g/artifacts/zfp_O2_g.bc,/home/jimi/PaperExperiment/CompilerOptimization/Result/zfp/phasar/phasar-O2-g/artifacts/zfp_O2_g.ll,/home/jimi/PaperExperiment/CompilerOptimization/Result/zfp/phasar/phasar-O2-g/runs/ifds-uninit/zfp_O2_g-Mon-Mar-16-07:42:15-2026/psr-report.txt,12525,CompilerOptimization/Target/zfp/src/template/encode.c,244,,valid,project_source,1,not_header,encode_ints_uint32.166,,12534,"%360 = add i64 %350, 1, !dbg !110232, !psr.id !110336 | ID: 78344",    if (size <= 64),"Phasar IFDS-Uninitialized use; variables=s, s; reported_source=if (++s->bits == wsize) {",debug_location_or_source_attribution_drift_candidate,0.95,0,,/home/jimi/PaperExperiment/CompilerOptimization/Result/zfp/phasar/phasar-O2-g/runs/ifds-uninit/zfp_O2_g-Mon-Mar-16-07:42:15-2026/psr-report.txt;/home/jimi/PaperExperiment/CompilerOptimization/Result/zfp/phasar/phasar-O2-g/log/commands.log;/home/jimi/PaperExperiment/CompilerOptimization/Result/zfp/phasar/phasar-O2-g/log/summary.csv,Generated by re-parsing psr-report.txt; source_resolution=direct_or_container_remap; exact source line was revalidated against the resolved source tree.
phasar.zfp.O2g.000727,zfp,phasar,P0,SourceTextMismatch,LocationDrift,reported,/home/jimi/PaperExperiment/CompilerOptimization/Result/zfp/phasar/phasar-O2-g/runs/ifds-uninit/zfp_O2_g-Mon-Mar-16-07:42:15-2026,zfp_O2_g-Mon-Mar-16-07:42:15-2026,ifds-uninit,/home/jimi/PaperExperiment/CompilerOptimization/Result/zfp/phasar/phasar-O2-g/artifacts/zfp_O2_g.bc,/home/jimi/PaperExperiment/CompilerOptimization/Result/zfp/phasar/phasar-O2-g/artifacts/zfp_O2_g.ll,/home/jimi/PaperExperiment/CompilerOptimization/Result/zfp/phasar/phasar-O2-g/runs/ifds-uninit/zfp_O2_g-Mon-Mar-16-07:42:15-2026/psr-report.txt,12570,CompilerOptimization/Target/zfp/src/template/encode.c,244,,valid,project_source,1,not_header,encode_ints_uint32.166,,12579,"%376 = add i64 %366, 1, !dbg !110232, !psr.id !110374 | ID: 78381",    if (size <= 64),"Phasar IFDS-Uninitialized use; variables=s, s; reported_source=if (++s->bits == wsize) {",debug_location_or_source_attribution_drift_candidate,0.95,0,,/home/jimi/PaperExperiment/CompilerOptimization/Result/zfp/phasar/phasar-O2-g/runs/ifds-uninit/zfp_O2_g-Mon-Mar-16-07:42:15-2026/psr-report.txt;/home/jimi/PaperExperiment/CompilerOptimization/Result/zfp/phasar/phasar-O2-g/log/commands.log;/home/jimi/PaperExperiment/CompilerOptimization/Result/zfp/phasar/phasar-O2-g/log/summary.csv,Generated by re-parsing psr-report.txt; source_resolution=direct_or_container_remap; exact source line was revalidated against the resolved source tree.
phasar.zfp.O2g.000731,zfp,phasar,P0,SourceTextMismatch,LocationDrift,reported,/home/jimi/PaperExperiment/CompilerOptimization/Result/zfp/phasar/phasar-O2-g/runs/ifds-uninit/zfp_O2_g-Mon-Mar-16-07:42:15-2026,zfp_O2_g-Mon-Mar-16-07:42:15-2026,ifds-uninit,/home/jimi/PaperExperiment/CompilerOptimization/Result/zfp/phasar/phasar-O2-g/artifacts/zfp_O2_g.bc,/home/jimi/PaperExperiment/CompilerOptimization/Result/zfp/phasar/phasar-O2-g/artifacts/zfp_O2_g.ll,/home/jimi/PaperExperiment/CompilerOptimization/Result/zfp/phasar/phasar-O2-g/runs/ifds-uninit/zfp_O2_g-Mon-Mar-16-07:42:15-2026/psr-report.txt,12637,CompilerOptimization/Target/zfp/include/zfp/bitstream.inl,228,,valid,project_header,0,project_header,encode_ints_uint32.166,,12646,"%407 = icmp ne i32 %402, 0, !dbg !110434, !psr.id !110436 | ID: 78435",  uint bit;,"Phasar IFDS-Uninitialized use; variables=c; reported_source=for (; n < size && stream_write_bit(&s, !!c); n++)",debug_location_or_source_attribution_drift_candidate,0.95,0,,/home/jimi/PaperExperiment/CompilerOptimization/Result/zfp/phasar/phasar-O2-g/runs/ifds-uninit/zfp_O2_g-Mon-Mar-16-07:42:15-2026/psr-report.txt;/home/jimi/PaperExperiment/CompilerOptimization/Result/zfp/phasar/phasar-O2-g/log/commands.log;/home/jimi/PaperExperiment/CompilerOptimization/Result/zfp/phasar/phasar-O2-g/log/summary.csv,Generated by re-parsing psr-report.txt; source_resolution=direct_or_container_remap; exact source line was revalidated against the resolved source tree.
phasar.zfp.O2g.000733,zfp,phasar,P0,SourceTextMismatch,LocationDrift,reported,/home/jimi/PaperExperiment/CompilerOptimization/Result/zfp/phasar/phasar-O2-g/runs/ifds-uninit/zfp_O2_g-Mon-Mar-16-07:42:15-2026,zfp_O2_g-Mon-Mar-16-07:42:15-2026,ifds-uninit,/home/jimi/PaperExperiment/CompilerOptimization/Result/zfp/phasar/phasar-O2-g/artifacts/zfp_O2_g.bc,/home/jimi/PaperExperiment/CompilerOptimization/Result/zfp/phasar/phasar-O2-g/artifacts/zfp_O2_g.ll,/home/jimi/PaperExperiment/CompilerOptimization/Result/zfp/phasar/phasar-O2-g/runs/ifds-uninit/zfp_O2_g-Mon-Mar-16-07:42:15-2026/psr-report.txt,12665,CompilerOptimization/Target/zfp/src/template/encode.c,244,,valid,project_source,1,not_header,encode_ints_uint32.166,,12674,"%411 = add i64 %405, 1, !dbg !110448, !psr.id !110449 | ID: 78442",    if (size <= 64),"Phasar IFDS-Uninitialized use; variables=s, s; reported_source=if (++s->bits == wsize) {",debug_location_or_source_attribution_drift_candidate,0.95,0,,/home/jimi/PaperExperiment/CompilerOptimization/Result/zfp/phasar/phasar-O2-g/runs/ifds-uninit/zfp_O2_g-Mon-Mar-16-07:42:15-2026/psr-report.txt;/home/jimi/PaperExperiment/CompilerOptimization/Result/zfp/phasar/phasar-O2-g/log/commands.log;/home/jimi/PaperExperiment/CompilerOptimization/Result/zfp/phasar/phasar-O2-g/log/summary.csv,Generated by re-parsing psr-report.txt; source_resolution=direct_or_container_remap; exact source line was revalidated against the resolved source tree.
phasar.zfp.O2g.000737,zfp,phasar,P0,SourceTextMismatch,LocationDrift,reported,/home/jimi/PaperExperiment/CompilerOptimization/Result/zfp/phasar/phasar-O2-g/runs/ifds-uninit/zfp_O2_g-Mon-Mar-16-07:42:15-2026,zfp_O2_g-Mon-Mar-16-07:42:15-2026,ifds-uninit,/home/jimi/PaperExperiment/CompilerOptimization/Result/zfp/phasar/phasar-O2-g/artifacts/zfp_O2_g.bc,/home/jimi/PaperExperiment/CompilerOptimization/Result/zfp/phasar/phasar-O2-g/artifacts/zfp_O2_g.ll,/home/jimi/PaperExperiment/CompilerOptimization/Result/zfp/phasar/phasar-O2-g/runs/ifds-uninit/zfp_O2_g-Mon-Mar-16-07:42:15-2026/psr-report.txt,12732,CompilerOptimization/Target/zfp/src/template/encode.c,244,,valid,project_source,1,not_header,encode_ints_uint32.166,,12741,"%435 = add i64 %425, 1, !dbg !110516, !psr.id !110517 | ID: 78488",    if (size <= 64),"Phasar IFDS-Uninitialized use; variables=s, s; reported_source=if (++s->bits == wsize) {",debug_location_or_source_attribution_drift_candidate,0.95,0,,/home/jimi/PaperExperiment/CompilerOptimization/Result/zfp/phasar/phasar-O2-g/runs/ifds-uninit/zfp_O2_g-Mon-Mar-16-07:42:15-2026/psr-report.txt;/home/jimi/PaperExperiment/CompilerOptimization/Result/zfp/phasar/phasar-O2-g/log/commands.log;/home/jimi/PaperExperiment/CompilerOptimization/Result/zfp/phasar/phasar-O2-g/log/summary.csv,Generated by re-parsing psr-report.txt; source_resolution=direct_or_container_remap; exact source line was revalidated against the resolved source tree.
phasar.zfp.O2g.000760,zfp,phasar,P0,SourceTextMismatch,LocationDrift,reported,/home/jimi/PaperExperiment/CompilerOptimization/Result/zfp/phasar/phasar-O2-g/runs/ifds-uninit/zfp_O2_g-Mon-Mar-16-07:42:15-2026,zfp_O2_g-Mon-Mar-16-07:42:15-2026,ifds-uninit,/home/jimi/PaperExperiment/CompilerOptimization/Result/zfp/phasar/phasar-O2-g/artifacts/zfp_O2_g.bc,/home/jimi/PaperExperiment/CompilerOptimization/Result/zfp/phasar/phasar-O2-g/artifacts/zfp_O2_g.ll,/home/jimi/PaperExperiment/CompilerOptimization/Result/zfp/phasar/phasar-O2-g/runs/ifds-uninit/zfp_O2_g-Mon-Mar-16-07:42:15-2026/psr-report.txt,13160,CompilerOptimization/Target/zfp/src/template/encode.c,244,,valid,project_source,1,not_header,encode_ints_uint64.172,,13169,"%216 = add i64 %208, 1, !dbg !115799, !psr.id !115800 | ID: 82713",    if (size <= 64),"Phasar IFDS-Uninitialized use; variables=s, s; reported_source=if (++s->bits == wsize) {",debug_location_or_source_attribution_drift_candidate,0.95,0,,/home/jimi/PaperExperiment/CompilerOptimization/Result/zfp/phasar/phasar-O2-g/runs/ifds-uninit/zfp_O2_g-Mon-Mar-16-07:42:15-2026/psr-report.txt;/home/jimi/PaperExperiment/CompilerOptimization/Result/zfp/phasar/phasar-O2-g/log/commands.log;/home/jimi/PaperExperiment/CompilerOptimization/Result/zfp/phasar/phasar-O2-g/log/summary.csv,Generated by re-parsing psr-report.txt; source_resolution=direct_or_container_remap; exact source line was revalidated against the resolved source tree.
phasar.zfp.O2g.000762,zfp,phasar,P0,SourceTextMismatch,LocationDrift,reported,/home/jimi/PaperExperiment/CompilerOptimization/Result/zfp/phasar/phasar-O2-g/runs/ifds-uninit/zfp_O2_g-Mon-Mar-16-07:42:15-2026,zfp_O2_g-Mon-Mar-16-07:42:15-2026,ifds-uninit,/home/jimi/PaperExperiment/CompilerOptimization/Result/zfp/phasar/phasar-O2-g/artifacts/zfp_O2_g.bc,/home/jimi/PaperExperiment/CompilerOptimization/Result/zfp/phasar/phasar-O2-g/artifacts/zfp_O2_g.ll,/home/jimi/PaperExperiment/CompilerOptimization/Result/zfp/phasar/phasar-O2-g/runs/ifds-uninit/zfp_O2_g-Mon-Mar-16-07:42:15-2026/psr-report.txt,13191,CompilerOptimization/Target/zfp/src/template/encode.c,244,,valid,project_source,1,not_header,encode_ints_uint64.172,,13200,"%295 = add i64 %285, 1, !dbg !116026, !psr.id !116027 | ID: 82859",    if (size <= 64),"Phasar IFDS-Uninitialized use; variables=s, s; reported_source=if (++s->bits == wsize) {",debug_location_or_source_attribution_drift_candidate,0.95,0,,/home/jimi/PaperExperiment/CompilerOptimization/Result/zfp/phasar/phasar-O2-g/runs/ifds-uninit/zfp_O2_g-Mon-Mar-16-07:42:15-2026/psr-report.txt;/home/jimi/PaperExperiment/CompilerOptimization/Result/zfp/phasar/phasar-O2-g/log/commands.log;/home/jimi/PaperExperiment/CompilerOptimization/Result/zfp/phasar/phasar-O2-g/log/summary.csv,Generated by re-parsing psr-report.txt; source_resolution=direct_or_container_remap; exact source line was revalidated against the resolved source tree.
phasar.zfp.O2g.000767,zfp,phasar,P0,SourceTextMismatch,LocationDrift,reported,/home/jimi/PaperExperiment/CompilerOptimization/Result/zfp/phasar/phasar-O2-g/runs/ifds-uninit/zfp_O2_g-Mon-Mar-16-07:42:15-2026,zfp_O2_g-Mon-Mar-16-07:42:15-2026,ifds-uninit,/home/jimi/PaperExperiment/CompilerOptimization/Result/zfp/phasar/phasar-O2-g/artifacts/zfp_O2_g.bc,/home/jimi/PaperExperiment/CompilerOptimization/Result/zfp/phasar/phasar-O2-g/artifacts/zfp_O2_g.ll,/home/jimi/PaperExperiment/CompilerOptimization/Result/zfp/phasar/phasar-O2-g/runs/ifds-uninit/zfp_O2_g-Mon-Mar-16-07:42:15-2026/psr-report.txt,13276,CompilerOptimization/Target/zfp/src/template/encode.c,244,,valid,project_source,1,not_header,encode_ints_uint64.172,,13285,"%367 = add i64 %358, 1, !dbg !116026, !psr.id !116132 | ID: 82947",    if (size <= 64),"Phasar IFDS-Uninitialized use; variables=s, s; reported_source=if (++s->bits == wsize) {",debug_location_or_source_attribution_drift_candidate,0.95,0,,/home/jimi/PaperExperiment/CompilerOptimization/Result/zfp/phasar/phasar-O2-g/runs/ifds-uninit/zfp_O2_g-Mon-Mar-16-07:42:15-2026/psr-report.txt;/home/jimi/PaperExperiment/CompilerOptimization/Result/zfp/phasar/phasar-O2-g/log/commands.log;/home/jimi/PaperExperiment/CompilerOptimization/Result/zfp/phasar/phasar-O2-g/log/summary.csv,Generated by re-parsing psr-report.txt; source_resolution=direct_or_container_remap; exact source line was revalidated against the resolved source tree.
phasar.zfp.O2g.000769,zfp,phasar,P0,SourceTextMismatch,LocationDrift,reported,/home/jimi/PaperExperiment/CompilerOptimization/Result/zfp/phasar/phasar-O2-g/runs/ifds-uninit/zfp_O2_g-Mon-Mar-16-07:42:15-2026,zfp_O2_g-Mon-Mar-16-07:42:15-2026,ifds-uninit,/home/jimi/PaperExperiment/CompilerOptimization/Result/zfp/phasar/phasar-O2-g/artifacts/zfp_O2_g.bc,/home/jimi/PaperExperiment/CompilerOptimization/Result/zfp/phasar/phasar-O2-g/artifacts/zfp_O2_g.ll,/home/jimi/PaperExperiment/CompilerOptimization/Result/zfp/phasar/phasar-O2-g/runs/ifds-uninit/zfp_O2_g-Mon-Mar-16-07:42:15-2026/psr-report.txt,13307,CompilerOptimization/Target/zfp/src/template/encode.c,244,,valid,project_source,1,not_header,encode_ints_uint64.172,,13316,"%382 = add i64 %373, 1, !dbg !116026, !psr.id !116169 | ID: 82983",    if (size <= 64),"Phasar IFDS-Uninitialized use; variables=s, s; reported_source=if (++s->bits == wsize) {",debug_location_or_source_attribution_drift_candidate,0.95,0,,/home/jimi/PaperExperiment/CompilerOptimization/Result/zfp/phasar/phasar-O2-g/runs/ifds-uninit/zfp_O2_g-Mon-Mar-16-07:42:15-2026/psr-report.txt;/home/jimi/PaperExperiment/CompilerOptimization/Result/zfp/phasar/phasar-O2-g/log/commands.log;/home/jimi/PaperExperiment/CompilerOptimization/Result/zfp/phasar/phasar-O2-g/log/summary.csv,Generated by re-parsing psr-report.txt; source_resolution=direct_or_container_remap; exact source line was revalidated against the resolved source tree.
phasar.zfp.O2g.000771,zfp,phasar,P0,SourceTextMismatch,LocationDrift,reported,/home/jimi/PaperExperiment/CompilerOptimization/Result/zfp/phasar/phasar-O2-g/runs/ifds-uninit/zfp_O2_g-Mon-Mar-16-07:42:15-2026,zfp_O2_g-Mon-Mar-16-07:42:15-2026,ifds-uninit,/home/jimi/PaperExperiment/CompilerOptimization/Result/zfp/phasar/phasar-O2-g/artifacts/zfp_O2_g.bc,/home/jimi/PaperExperiment/CompilerOptimization/Result/zfp/phasar/phasar-O2-g/artifacts/zfp_O2_g.ll,/home/jimi/PaperExperiment/CompilerOptimization/Result/zfp/phasar/phasar-O2-g/runs/ifds-uninit/zfp_O2_g-Mon-Mar-16-07:42:15-2026/psr-report.txt,13338,CompilerOptimization/Target/zfp/src/template/encode.c,244,,valid,project_source,1,not_header,encode_ints_uint64.172,,13347,"%417 = add i64 %411, 1, !dbg !116243, !psr.id !116244 | ID: 83044",    if (size <= 64),"Phasar IFDS-Uninitialized use; variables=s, s; reported_source=if (++s->bits == wsize) {",debug_location_or_source_attribution_drift_candidate,0.95,0,,/home/jimi/PaperExperiment/CompilerOptimization/Result/zfp/phasar/phasar-O2-g/runs/ifds-uninit/zfp_O2_g-Mon-Mar-16-07:42:15-2026/psr-report.txt;/home/jimi/PaperExperiment/CompilerOptimization/Result/zfp/phasar/phasar-O2-g/log/commands.log;/home/jimi/PaperExperiment/CompilerOptimization/Result/zfp/phasar/phasar-O2-g/log/summary.csv,Generated by re-parsing psr-report.txt; source_resolution=direct_or_container_remap; exact source line was revalidated against the resolved source tree.
phasar.zfp.O2g.000773,zfp,phasar,P0,SourceTextMismatch,LocationDrift,reported,/home/jimi/PaperExperiment/CompilerOptimization/Result/zfp/phasar/phasar-O2-g/runs/ifds-uninit/zfp_O2_g-Mon-Mar-16-07:42:15-2026,zfp_O2_g-Mon-Mar-16-07:42:15-2026,ifds-uninit,/home/jimi/PaperExperiment/CompilerOptimization/Result/zfp/phasar/phasar-O2-g/artifacts/zfp_O2_g.bc,/home/jimi/PaperExperiment/CompilerOptimization/Result/zfp/phasar/phasar-O2-g/artifacts/zfp_O2_g.ll,/home/jimi/PaperExperiment/CompilerOptimization/Result/zfp/phasar/phasar-O2-g/runs/ifds-uninit/zfp_O2_g-Mon-Mar-16-07:42:15-2026/psr-report.txt,13369,CompilerOptimization/Target/zfp/src/template/encode.c,244,,valid,project_source,1,not_header,encode_ints_uint64.172,,13378,"%441 = add i64 %433, 1, !dbg !116311, !psr.id !116312 | ID: 83090",    if (size <= 64),"Phasar IFDS-Uninitialized use; variables=s, s; reported_source=if (++s->bits == wsize) {",debug_location_or_source_attribution_drift_candidate,0.95,0,,/home/jimi/PaperExperiment/CompilerOptimization/Result/zfp/phasar/phasar-O2-g/runs/ifds-uninit/zfp_O2_g-Mon-Mar-16-07:42:15-2026/psr-report.txt;/home/jimi/PaperExperiment/CompilerOptimization/Result/zfp/phasar/phasar-O2-g/log/commands.log;/home/jimi/PaperExperiment/CompilerOptimization/Result/zfp/phasar/phasar-O2-g/log/summary.csv,Generated by re-parsing psr-report.txt; source_resolution=direct_or_container_remap; exact source line was revalidated against the resolved source tree.
