step,analysis_kind,analysis_mode,channel,warning,stderr
pta_fi,PTA,fi,lines,"WARNING: Non-0 memset:   tail call void @llvm.memset.p0i8.i64(i8* noundef nonnull align 4 dereferenceable(512) %70, i8 -1, i64 512, i1 false), !dbg !950",/home/jimi/PaperExperiment/CompilerOptimization/Result/tengine/dg/dg-LLVM14-O2-g/high_precision_20260325_125828/log/pta_fi.lines.stderr.log
pta_fi,PTA,fi,lines,"WARNING: Non-0 memset:   call void @llvm.memset.p0i8.i64(i8* noundef nonnull align 1 dereferenceable(1) %134, i8 %132, i64 %135, i1 false), !dbg !964, !tbaa !889",/home/jimi/PaperExperiment/CompilerOptimization/Result/tengine/dg/dg-LLVM14-O2-g/high_precision_20260325_125828/log/pta_fi.lines.stderr.log
pta_fi,PTA,fi,lines,"WARNING: Non-0 memset:   call void @llvm.memset.p0i8.i64(i8* noundef nonnull align 1 dereferenceable(1) %94, i8 %92, i64 %95, i1 false), !dbg !964, !tbaa !889",/home/jimi/PaperExperiment/CompilerOptimization/Result/tengine/dg/dg-LLVM14-O2-g/high_precision_20260325_125828/log/pta_fi.lines.stderr.log
pta_fi,PTA,fi,lines,"WARNING: Non-0 memset:   call void @llvm.memset.p0i8.i64(i8* noundef nonnull align 1 dereferenceable(1) %111, i8 %109, i64 %112, i1 false), !dbg !964, !tbaa !889",/home/jimi/PaperExperiment/CompilerOptimization/Result/tengine/dg/dg-LLVM14-O2-g/high_precision_20260325_125828/log/pta_fi.lines.stderr.log
pta_fi,PTA,fi,lines,"WARNING: Non-0 memset:   tail call void @llvm.memset.p0i8.i64(i8* align 1 %696, i8 %703, i64 %704, i1 false) #30, !dbg !1675, !tbaa !921",/home/jimi/PaperExperiment/CompilerOptimization/Result/tengine/dg/dg-LLVM14-O2-g/high_precision_20260325_125828/log/pta_fi.lines.stderr.log
pta_fi,PTA,fi,lines,"WARNING: Non-0 memset:   call void @llvm.memset.p0i8.i64(i8* nonnull align 1 %506, i8 %501, i64 %507, i1 false) #30, !dbg !1430",/home/jimi/PaperExperiment/CompilerOptimization/Result/tengine/dg/dg-LLVM14-O2-g/high_precision_20260325_125828/log/pta_fi.lines.stderr.log
pta_fi,PTA,fi,lines,"ShuffleVector instruction is not supported, loosing precision",/home/jimi/PaperExperiment/CompilerOptimization/Result/tengine/dg/dg-LLVM14-O2-g/high_precision_20260325_125828/log/pta_fi.lines.stderr.log
pta_fi,PTA,fi,lines,"ShuffleVector instruction is not supported, loosing precision",/home/jimi/PaperExperiment/CompilerOptimization/Result/tengine/dg/dg-LLVM14-O2-g/high_precision_20260325_125828/log/pta_fi.lines.stderr.log
pta_fi,PTA,fi,lines,"ShuffleVector instruction is not supported, loosing precision",/home/jimi/PaperExperiment/CompilerOptimization/Result/tengine/dg/dg-LLVM14-O2-g/high_precision_20260325_125828/log/pta_fi.lines.stderr.log
pta_fi,PTA,fi,lines,"ShuffleVector instruction is not supported, loosing precision",/home/jimi/PaperExperiment/CompilerOptimization/Result/tengine/dg/dg-LLVM14-O2-g/high_precision_20260325_125828/log/pta_fi.lines.stderr.log
pta_fi,PTA,fi,lines,"ShuffleVector instruction is not supported, loosing precision",/home/jimi/PaperExperiment/CompilerOptimization/Result/tengine/dg/dg-LLVM14-O2-g/high_precision_20260325_125828/log/pta_fi.lines.stderr.log
pta_fi,PTA,fi,lines,"ShuffleVector instruction is not supported, loosing precision",/home/jimi/PaperExperiment/CompilerOptimization/Result/tengine/dg/dg-LLVM14-O2-g/high_precision_20260325_125828/log/pta_fi.lines.stderr.log
pta_fi,PTA,fi,lines,"ShuffleVector instruction is not supported, loosing precision",/home/jimi/PaperExperiment/CompilerOptimization/Result/tengine/dg/dg-LLVM14-O2-g/high_precision_20260325_125828/log/pta_fi.lines.stderr.log
pta_fi,PTA,fi,lines,"ShuffleVector instruction is not supported, loosing precision",/home/jimi/PaperExperiment/CompilerOptimization/Result/tengine/dg/dg-LLVM14-O2-g/high_precision_20260325_125828/log/pta_fi.lines.stderr.log
pta_fi,PTA,fi,lines,"ShuffleVector instruction is not supported, loosing precision",/home/jimi/PaperExperiment/CompilerOptimization/Result/tengine/dg/dg-LLVM14-O2-g/high_precision_20260325_125828/log/pta_fi.lines.stderr.log
pta_fi,PTA,fi,lines,"ShuffleVector instruction is not supported, loosing precision",/home/jimi/PaperExperiment/CompilerOptimization/Result/tengine/dg/dg-LLVM14-O2-g/high_precision_20260325_125828/log/pta_fi.lines.stderr.log
pta_fi,PTA,fi,lines,"ShuffleVector instruction is not supported, loosing precision",/home/jimi/PaperExperiment/CompilerOptimization/Result/tengine/dg/dg-LLVM14-O2-g/high_precision_20260325_125828/log/pta_fi.lines.stderr.log
pta_fi,PTA,fi,lines,"ShuffleVector instruction is not supported, loosing precision",/home/jimi/PaperExperiment/CompilerOptimization/Result/tengine/dg/dg-LLVM14-O2-g/high_precision_20260325_125828/log/pta_fi.lines.stderr.log
pta_fi,PTA,fi,lines,"ShuffleVector instruction is not supported, loosing precision",/home/jimi/PaperExperiment/CompilerOptimization/Result/tengine/dg/dg-LLVM14-O2-g/high_precision_20260325_125828/log/pta_fi.lines.stderr.log
pta_fi,PTA,fi,lines,"ShuffleVector instruction is not supported, loosing precision",/home/jimi/PaperExperiment/CompilerOptimization/Result/tengine/dg/dg-LLVM14-O2-g/high_precision_20260325_125828/log/pta_fi.lines.stderr.log
pta_fi,PTA,fi,lines,"ShuffleVector instruction is not supported, loosing precision",/home/jimi/PaperExperiment/CompilerOptimization/Result/tengine/dg/dg-LLVM14-O2-g/high_precision_20260325_125828/log/pta_fi.lines.stderr.log
pta_fi,PTA,fi,lines,"ShuffleVector instruction is not supported, loosing precision",/home/jimi/PaperExperiment/CompilerOptimization/Result/tengine/dg/dg-LLVM14-O2-g/high_precision_20260325_125828/log/pta_fi.lines.stderr.log
pta_fi,PTA,fi,lines,"ShuffleVector instruction is not supported, loosing precision",/home/jimi/PaperExperiment/CompilerOptimization/Result/tengine/dg/dg-LLVM14-O2-g/high_precision_20260325_125828/log/pta_fi.lines.stderr.log
pta_fi,PTA,fi,lines,"ShuffleVector instruction is not supported, loosing precision",/home/jimi/PaperExperiment/CompilerOptimization/Result/tengine/dg/dg-LLVM14-O2-g/high_precision_20260325_125828/log/pta_fi.lines.stderr.log
pta_fi,PTA,fi,lines,"ShuffleVector instruction is not supported, loosing precision",/home/jimi/PaperExperiment/CompilerOptimization/Result/tengine/dg/dg-LLVM14-O2-g/high_precision_20260325_125828/log/pta_fi.lines.stderr.log
pta_fi,PTA,fi,lines,"ShuffleVector instruction is not supported, loosing precision",/home/jimi/PaperExperiment/CompilerOptimization/Result/tengine/dg/dg-LLVM14-O2-g/high_precision_20260325_125828/log/pta_fi.lines.stderr.log
pta_fi,PTA,fi,lines,"ShuffleVector instruction is not supported, loosing precision",/home/jimi/PaperExperiment/CompilerOptimization/Result/tengine/dg/dg-LLVM14-O2-g/high_precision_20260325_125828/log/pta_fi.lines.stderr.log
pta_fi,PTA,fi,lines,"ShuffleVector instruction is not supported, loosing precision",/home/jimi/PaperExperiment/CompilerOptimization/Result/tengine/dg/dg-LLVM14-O2-g/high_precision_20260325_125828/log/pta_fi.lines.stderr.log
pta_fi,PTA,fi,lines,"ShuffleVector instruction is not supported, loosing precision",/home/jimi/PaperExperiment/CompilerOptimization/Result/tengine/dg/dg-LLVM14-O2-g/high_precision_20260325_125828/log/pta_fi.lines.stderr.log
pta_fi,PTA,fi,lines,"ShuffleVector instruction is not supported, loosing precision",/home/jimi/PaperExperiment/CompilerOptimization/Result/tengine/dg/dg-LLVM14-O2-g/high_precision_20260325_125828/log/pta_fi.lines.stderr.log
pta_fi,PTA,fi,lines,"ShuffleVector instruction is not supported, loosing precision",/home/jimi/PaperExperiment/CompilerOptimization/Result/tengine/dg/dg-LLVM14-O2-g/high_precision_20260325_125828/log/pta_fi.lines.stderr.log
pta_fi,PTA,fi,lines,"ShuffleVector instruction is not supported, loosing precision",/home/jimi/PaperExperiment/CompilerOptimization/Result/tengine/dg/dg-LLVM14-O2-g/high_precision_20260325_125828/log/pta_fi.lines.stderr.log
pta_fi,PTA,fi,lines,"ShuffleVector instruction is not supported, loosing precision",/home/jimi/PaperExperiment/CompilerOptimization/Result/tengine/dg/dg-LLVM14-O2-g/high_precision_20260325_125828/log/pta_fi.lines.stderr.log
pta_fi,PTA,fi,lines,"ShuffleVector instruction is not supported, loosing precision",/home/jimi/PaperExperiment/CompilerOptimization/Result/tengine/dg/dg-LLVM14-O2-g/high_precision_20260325_125828/log/pta_fi.lines.stderr.log
pta_fi,PTA,fi,lines,"ShuffleVector instruction is not supported, loosing precision",/home/jimi/PaperExperiment/CompilerOptimization/Result/tengine/dg/dg-LLVM14-O2-g/high_precision_20260325_125828/log/pta_fi.lines.stderr.log
pta_fi,PTA,fi,lines,"ShuffleVector instruction is not supported, loosing precision",/home/jimi/PaperExperiment/CompilerOptimization/Result/tengine/dg/dg-LLVM14-O2-g/high_precision_20260325_125828/log/pta_fi.lines.stderr.log
pta_fi,PTA,fi,lines,"ShuffleVector instruction is not supported, loosing precision",/home/jimi/PaperExperiment/CompilerOptimization/Result/tengine/dg/dg-LLVM14-O2-g/high_precision_20260325_125828/log/pta_fi.lines.stderr.log
pta_fi,PTA,fi,lines,"ShuffleVector instruction is not supported, loosing precision",/home/jimi/PaperExperiment/CompilerOptimization/Result/tengine/dg/dg-LLVM14-O2-g/high_precision_20260325_125828/log/pta_fi.lines.stderr.log
pta_fi,PTA,fi,lines,"ShuffleVector instruction is not supported, loosing precision",/home/jimi/PaperExperiment/CompilerOptimization/Result/tengine/dg/dg-LLVM14-O2-g/high_precision_20260325_125828/log/pta_fi.lines.stderr.log
pta_fi,PTA,fi,lines,"ShuffleVector instruction is not supported, loosing precision",/home/jimi/PaperExperiment/CompilerOptimization/Result/tengine/dg/dg-LLVM14-O2-g/high_precision_20260325_125828/log/pta_fi.lines.stderr.log
pta_fi,PTA,fi,lines,"ShuffleVector instruction is not supported, loosing precision",/home/jimi/PaperExperiment/CompilerOptimization/Result/tengine/dg/dg-LLVM14-O2-g/high_precision_20260325_125828/log/pta_fi.lines.stderr.log
pta_fi,PTA,fi,lines,"ShuffleVector instruction is not supported, loosing precision",/home/jimi/PaperExperiment/CompilerOptimization/Result/tengine/dg/dg-LLVM14-O2-g/high_precision_20260325_125828/log/pta_fi.lines.stderr.log
pta_fi,PTA,fi,lines,"WARNING: Non-0 memset:   tail call void @llvm.memset.p0i8.i64(i8* align 1 %301, i8 -1, i64 %304, i1 false), !dbg !1286",/home/jimi/PaperExperiment/CompilerOptimization/Result/tengine/dg/dg-LLVM14-O2-g/high_precision_20260325_125828/log/pta_fi.lines.stderr.log
pta_fi,PTA,fi,lines,IntToPtr with constant:   <badref> = inttoptr i64 1 to i8*,/home/jimi/PaperExperiment/CompilerOptimization/Result/tengine/dg/dg-LLVM14-O2-g/high_precision_20260325_125828/log/pta_fi.lines.stderr.log
pta_fi,PTA,fi,lines,"ShuffleVector instruction is not supported, loosing precision",/home/jimi/PaperExperiment/CompilerOptimization/Result/tengine/dg/dg-LLVM14-O2-g/high_precision_20260325_125828/log/pta_fi.lines.stderr.log
pta_fi,PTA,fi,lines,"ShuffleVector instruction is not supported, loosing precision",/home/jimi/PaperExperiment/CompilerOptimization/Result/tengine/dg/dg-LLVM14-O2-g/high_precision_20260325_125828/log/pta_fi.lines.stderr.log
pta_fi,PTA,fi,lines,"ShuffleVector instruction is not supported, loosing precision",/home/jimi/PaperExperiment/CompilerOptimization/Result/tengine/dg/dg-LLVM14-O2-g/high_precision_20260325_125828/log/pta_fi.lines.stderr.log
pta_fi,PTA,fi,lines,"ShuffleVector instruction is not supported, loosing precision",/home/jimi/PaperExperiment/CompilerOptimization/Result/tengine/dg/dg-LLVM14-O2-g/high_precision_20260325_125828/log/pta_fi.lines.stderr.log
pta_fi,PTA,fi,lines,"ShuffleVector instruction is not supported, loosing precision",/home/jimi/PaperExperiment/CompilerOptimization/Result/tengine/dg/dg-LLVM14-O2-g/high_precision_20260325_125828/log/pta_fi.lines.stderr.log
pta_fi,PTA,fi,lines,"ShuffleVector instruction is not supported, loosing precision",/home/jimi/PaperExperiment/CompilerOptimization/Result/tengine/dg/dg-LLVM14-O2-g/high_precision_20260325_125828/log/pta_fi.lines.stderr.log
pta_fi,PTA,fi,lines,"ShuffleVector instruction is not supported, loosing precision",/home/jimi/PaperExperiment/CompilerOptimization/Result/tengine/dg/dg-LLVM14-O2-g/high_precision_20260325_125828/log/pta_fi.lines.stderr.log
pta_fi,PTA,fi,lines,"ShuffleVector instruction is not supported, loosing precision",/home/jimi/PaperExperiment/CompilerOptimization/Result/tengine/dg/dg-LLVM14-O2-g/high_precision_20260325_125828/log/pta_fi.lines.stderr.log
pta_fi,PTA,fi,lines,"ShuffleVector instruction is not supported, loosing precision",/home/jimi/PaperExperiment/CompilerOptimization/Result/tengine/dg/dg-LLVM14-O2-g/high_precision_20260325_125828/log/pta_fi.lines.stderr.log
pta_fi,PTA,fi,lines,"ShuffleVector instruction is not supported, loosing precision",/home/jimi/PaperExperiment/CompilerOptimization/Result/tengine/dg/dg-LLVM14-O2-g/high_precision_20260325_125828/log/pta_fi.lines.stderr.log
pta_fi,PTA,fi,lines,"ShuffleVector instruction is not supported, loosing precision",/home/jimi/PaperExperiment/CompilerOptimization/Result/tengine/dg/dg-LLVM14-O2-g/high_precision_20260325_125828/log/pta_fi.lines.stderr.log
pta_fi,PTA,fi,lines,"ShuffleVector instruction is not supported, loosing precision",/home/jimi/PaperExperiment/CompilerOptimization/Result/tengine/dg/dg-LLVM14-O2-g/high_precision_20260325_125828/log/pta_fi.lines.stderr.log
pta_fi,PTA,fi,lines,"ShuffleVector instruction is not supported, loosing precision",/home/jimi/PaperExperiment/CompilerOptimization/Result/tengine/dg/dg-LLVM14-O2-g/high_precision_20260325_125828/log/pta_fi.lines.stderr.log
pta_fi,PTA,fi,lines,"ShuffleVector instruction is not supported, loosing precision",/home/jimi/PaperExperiment/CompilerOptimization/Result/tengine/dg/dg-LLVM14-O2-g/high_precision_20260325_125828/log/pta_fi.lines.stderr.log
pta_fi,PTA,fi,lines,"ShuffleVector instruction is not supported, loosing precision",/home/jimi/PaperExperiment/CompilerOptimization/Result/tengine/dg/dg-LLVM14-O2-g/high_precision_20260325_125828/log/pta_fi.lines.stderr.log
pta_fi,PTA,fi,lines,"ShuffleVector instruction is not supported, loosing precision",/home/jimi/PaperExperiment/CompilerOptimization/Result/tengine/dg/dg-LLVM14-O2-g/high_precision_20260325_125828/log/pta_fi.lines.stderr.log
pta_fi,PTA,fi,lines,"ShuffleVector instruction is not supported, loosing precision",/home/jimi/PaperExperiment/CompilerOptimization/Result/tengine/dg/dg-LLVM14-O2-g/high_precision_20260325_125828/log/pta_fi.lines.stderr.log
pta_fi,PTA,fi,lines,"ShuffleVector instruction is not supported, loosing precision",/home/jimi/PaperExperiment/CompilerOptimization/Result/tengine/dg/dg-LLVM14-O2-g/high_precision_20260325_125828/log/pta_fi.lines.stderr.log
pta_fi,PTA,fi,lines,"ShuffleVector instruction is not supported, loosing precision",/home/jimi/PaperExperiment/CompilerOptimization/Result/tengine/dg/dg-LLVM14-O2-g/high_precision_20260325_125828/log/pta_fi.lines.stderr.log
pta_fi,PTA,fi,lines,"ShuffleVector instruction is not supported, loosing precision",/home/jimi/PaperExperiment/CompilerOptimization/Result/tengine/dg/dg-LLVM14-O2-g/high_precision_20260325_125828/log/pta_fi.lines.stderr.log
pta_fi,PTA,fi,lines,"ShuffleVector instruction is not supported, loosing precision",/home/jimi/PaperExperiment/CompilerOptimization/Result/tengine/dg/dg-LLVM14-O2-g/high_precision_20260325_125828/log/pta_fi.lines.stderr.log
pta_fi,PTA,fi,lines,"ShuffleVector instruction is not supported, loosing precision",/home/jimi/PaperExperiment/CompilerOptimization/Result/tengine/dg/dg-LLVM14-O2-g/high_precision_20260325_125828/log/pta_fi.lines.stderr.log
pta_fi,PTA,fi,lines,"ShuffleVector instruction is not supported, loosing precision",/home/jimi/PaperExperiment/CompilerOptimization/Result/tengine/dg/dg-LLVM14-O2-g/high_precision_20260325_125828/log/pta_fi.lines.stderr.log
pta_fi,PTA,fi,lines,"ShuffleVector instruction is not supported, loosing precision",/home/jimi/PaperExperiment/CompilerOptimization/Result/tengine/dg/dg-LLVM14-O2-g/high_precision_20260325_125828/log/pta_fi.lines.stderr.log
pta_fi,PTA,fi,lines,"ShuffleVector instruction is not supported, loosing precision",/home/jimi/PaperExperiment/CompilerOptimization/Result/tengine/dg/dg-LLVM14-O2-g/high_precision_20260325_125828/log/pta_fi.lines.stderr.log
pta_fi,PTA,fi,lines,"ShuffleVector instruction is not supported, loosing precision",/home/jimi/PaperExperiment/CompilerOptimization/Result/tengine/dg/dg-LLVM14-O2-g/high_precision_20260325_125828/log/pta_fi.lines.stderr.log
pta_fi,PTA,fi,lines,"ShuffleVector instruction is not supported, loosing precision",/home/jimi/PaperExperiment/CompilerOptimization/Result/tengine/dg/dg-LLVM14-O2-g/high_precision_20260325_125828/log/pta_fi.lines.stderr.log
pta_fi,PTA,fi,lines,"ShuffleVector instruction is not supported, loosing precision",/home/jimi/PaperExperiment/CompilerOptimization/Result/tengine/dg/dg-LLVM14-O2-g/high_precision_20260325_125828/log/pta_fi.lines.stderr.log
pta_fi,PTA,fi,lines,"ShuffleVector instruction is not supported, loosing precision",/home/jimi/PaperExperiment/CompilerOptimization/Result/tengine/dg/dg-LLVM14-O2-g/high_precision_20260325_125828/log/pta_fi.lines.stderr.log
pta_fi,PTA,fi,lines,"ShuffleVector instruction is not supported, loosing precision",/home/jimi/PaperExperiment/CompilerOptimization/Result/tengine/dg/dg-LLVM14-O2-g/high_precision_20260325_125828/log/pta_fi.lines.stderr.log
pta_fi,PTA,fi,lines,"ShuffleVector instruction is not supported, loosing precision",/home/jimi/PaperExperiment/CompilerOptimization/Result/tengine/dg/dg-LLVM14-O2-g/high_precision_20260325_125828/log/pta_fi.lines.stderr.log
pta_fi,PTA,fi,lines,"ShuffleVector instruction is not supported, loosing precision",/home/jimi/PaperExperiment/CompilerOptimization/Result/tengine/dg/dg-LLVM14-O2-g/high_precision_20260325_125828/log/pta_fi.lines.stderr.log
pta_fi,PTA,fi,lines,"ShuffleVector instruction is not supported, loosing precision",/home/jimi/PaperExperiment/CompilerOptimization/Result/tengine/dg/dg-LLVM14-O2-g/high_precision_20260325_125828/log/pta_fi.lines.stderr.log
pta_fi,PTA,fi,lines,"ShuffleVector instruction is not supported, loosing precision",/home/jimi/PaperExperiment/CompilerOptimization/Result/tengine/dg/dg-LLVM14-O2-g/high_precision_20260325_125828/log/pta_fi.lines.stderr.log
pta_fi,PTA,fi,lines,"ShuffleVector instruction is not supported, loosing precision",/home/jimi/PaperExperiment/CompilerOptimization/Result/tengine/dg/dg-LLVM14-O2-g/high_precision_20260325_125828/log/pta_fi.lines.stderr.log
pta_fi,PTA,fi,lines,"ShuffleVector instruction is not supported, loosing precision",/home/jimi/PaperExperiment/CompilerOptimization/Result/tengine/dg/dg-LLVM14-O2-g/high_precision_20260325_125828/log/pta_fi.lines.stderr.log
pta_fi,PTA,fi,lines,"ShuffleVector instruction is not supported, loosing precision",/home/jimi/PaperExperiment/CompilerOptimization/Result/tengine/dg/dg-LLVM14-O2-g/high_precision_20260325_125828/log/pta_fi.lines.stderr.log
pta_fi,PTA,fi,lines,"ShuffleVector instruction is not supported, loosing precision",/home/jimi/PaperExperiment/CompilerOptimization/Result/tengine/dg/dg-LLVM14-O2-g/high_precision_20260325_125828/log/pta_fi.lines.stderr.log
pta_fi,PTA,fi,lines,"ShuffleVector instruction is not supported, loosing precision",/home/jimi/PaperExperiment/CompilerOptimization/Result/tengine/dg/dg-LLVM14-O2-g/high_precision_20260325_125828/log/pta_fi.lines.stderr.log
pta_fi,PTA,fi,lines,"ShuffleVector instruction is not supported, loosing precision",/home/jimi/PaperExperiment/CompilerOptimization/Result/tengine/dg/dg-LLVM14-O2-g/high_precision_20260325_125828/log/pta_fi.lines.stderr.log
pta_fi,PTA,fi,lines,"ShuffleVector instruction is not supported, loosing precision",/home/jimi/PaperExperiment/CompilerOptimization/Result/tengine/dg/dg-LLVM14-O2-g/high_precision_20260325_125828/log/pta_fi.lines.stderr.log
pta_fi,PTA,fi,lines,"ShuffleVector instruction is not supported, loosing precision",/home/jimi/PaperExperiment/CompilerOptimization/Result/tengine/dg/dg-LLVM14-O2-g/high_precision_20260325_125828/log/pta_fi.lines.stderr.log
pta_fi,PTA,fi,lines,"ShuffleVector instruction is not supported, loosing precision",/home/jimi/PaperExperiment/CompilerOptimization/Result/tengine/dg/dg-LLVM14-O2-g/high_precision_20260325_125828/log/pta_fi.lines.stderr.log
pta_fi,PTA,fi,lines,"ShuffleVector instruction is not supported, loosing precision",/home/jimi/PaperExperiment/CompilerOptimization/Result/tengine/dg/dg-LLVM14-O2-g/high_precision_20260325_125828/log/pta_fi.lines.stderr.log
pta_fi,PTA,fi,lines,"ShuffleVector instruction is not supported, loosing precision",/home/jimi/PaperExperiment/CompilerOptimization/Result/tengine/dg/dg-LLVM14-O2-g/high_precision_20260325_125828/log/pta_fi.lines.stderr.log
pta_fi,PTA,fi,lines,"ShuffleVector instruction is not supported, loosing precision",/home/jimi/PaperExperiment/CompilerOptimization/Result/tengine/dg/dg-LLVM14-O2-g/high_precision_20260325_125828/log/pta_fi.lines.stderr.log
pta_fi,PTA,fi,lines,"ShuffleVector instruction is not supported, loosing precision",/home/jimi/PaperExperiment/CompilerOptimization/Result/tengine/dg/dg-LLVM14-O2-g/high_precision_20260325_125828/log/pta_fi.lines.stderr.log
pta_fi,PTA,fi,lines,"ShuffleVector instruction is not supported, loosing precision",/home/jimi/PaperExperiment/CompilerOptimization/Result/tengine/dg/dg-LLVM14-O2-g/high_precision_20260325_125828/log/pta_fi.lines.stderr.log
pta_fi,PTA,fi,lines,"ShuffleVector instruction is not supported, loosing precision",/home/jimi/PaperExperiment/CompilerOptimization/Result/tengine/dg/dg-LLVM14-O2-g/high_precision_20260325_125828/log/pta_fi.lines.stderr.log
pta_fi,PTA,fi,lines,"ShuffleVector instruction is not supported, loosing precision",/home/jimi/PaperExperiment/CompilerOptimization/Result/tengine/dg/dg-LLVM14-O2-g/high_precision_20260325_125828/log/pta_fi.lines.stderr.log
pta_fi,PTA,fi,lines,"ShuffleVector instruction is not supported, loosing precision",/home/jimi/PaperExperiment/CompilerOptimization/Result/tengine/dg/dg-LLVM14-O2-g/high_precision_20260325_125828/log/pta_fi.lines.stderr.log
pta_fi,PTA,fi,lines,"ShuffleVector instruction is not supported, loosing precision",/home/jimi/PaperExperiment/CompilerOptimization/Result/tengine/dg/dg-LLVM14-O2-g/high_precision_20260325_125828/log/pta_fi.lines.stderr.log
pta_fi,PTA,fi,lines,"ShuffleVector instruction is not supported, loosing precision",/home/jimi/PaperExperiment/CompilerOptimization/Result/tengine/dg/dg-LLVM14-O2-g/high_precision_20260325_125828/log/pta_fi.lines.stderr.log
pta_fi,PTA,fi,lines,"ShuffleVector instruction is not supported, loosing precision",/home/jimi/PaperExperiment/CompilerOptimization/Result/tengine/dg/dg-LLVM14-O2-g/high_precision_20260325_125828/log/pta_fi.lines.stderr.log
pta_fi,PTA,fi,lines,"ShuffleVector instruction is not supported, loosing precision",/home/jimi/PaperExperiment/CompilerOptimization/Result/tengine/dg/dg-LLVM14-O2-g/high_precision_20260325_125828/log/pta_fi.lines.stderr.log
pta_fi,PTA,fi,lines,"ShuffleVector instruction is not supported, loosing precision",/home/jimi/PaperExperiment/CompilerOptimization/Result/tengine/dg/dg-LLVM14-O2-g/high_precision_20260325_125828/log/pta_fi.lines.stderr.log
pta_fi,PTA,fi,lines,"ShuffleVector instruction is not supported, loosing precision",/home/jimi/PaperExperiment/CompilerOptimization/Result/tengine/dg/dg-LLVM14-O2-g/high_precision_20260325_125828/log/pta_fi.lines.stderr.log
pta_fi,PTA,fi,lines,"ShuffleVector instruction is not supported, loosing precision",/home/jimi/PaperExperiment/CompilerOptimization/Result/tengine/dg/dg-LLVM14-O2-g/high_precision_20260325_125828/log/pta_fi.lines.stderr.log
pta_fi,PTA,fi,lines,"ShuffleVector instruction is not supported, loosing precision",/home/jimi/PaperExperiment/CompilerOptimization/Result/tengine/dg/dg-LLVM14-O2-g/high_precision_20260325_125828/log/pta_fi.lines.stderr.log
pta_fi,PTA,fi,lines,"ShuffleVector instruction is not supported, loosing precision",/home/jimi/PaperExperiment/CompilerOptimization/Result/tengine/dg/dg-LLVM14-O2-g/high_precision_20260325_125828/log/pta_fi.lines.stderr.log
pta_fi,PTA,fi,lines,"ShuffleVector instruction is not supported, loosing precision",/home/jimi/PaperExperiment/CompilerOptimization/Result/tengine/dg/dg-LLVM14-O2-g/high_precision_20260325_125828/log/pta_fi.lines.stderr.log
pta_fi,PTA,fi,lines,"ShuffleVector instruction is not supported, loosing precision",/home/jimi/PaperExperiment/CompilerOptimization/Result/tengine/dg/dg-LLVM14-O2-g/high_precision_20260325_125828/log/pta_fi.lines.stderr.log
pta_fi,PTA,fi,lines,"ShuffleVector instruction is not supported, loosing precision",/home/jimi/PaperExperiment/CompilerOptimization/Result/tengine/dg/dg-LLVM14-O2-g/high_precision_20260325_125828/log/pta_fi.lines.stderr.log
pta_fi,PTA,fi,lines,"ShuffleVector instruction is not supported, loosing precision",/home/jimi/PaperExperiment/CompilerOptimization/Result/tengine/dg/dg-LLVM14-O2-g/high_precision_20260325_125828/log/pta_fi.lines.stderr.log
pta_fi,PTA,fi,lines,"ShuffleVector instruction is not supported, loosing precision",/home/jimi/PaperExperiment/CompilerOptimization/Result/tengine/dg/dg-LLVM14-O2-g/high_precision_20260325_125828/log/pta_fi.lines.stderr.log
pta_fi,PTA,fi,lines,"ShuffleVector instruction is not supported, loosing precision",/home/jimi/PaperExperiment/CompilerOptimization/Result/tengine/dg/dg-LLVM14-O2-g/high_precision_20260325_125828/log/pta_fi.lines.stderr.log
pta_fi,PTA,fi,lines,"ShuffleVector instruction is not supported, loosing precision",/home/jimi/PaperExperiment/CompilerOptimization/Result/tengine/dg/dg-LLVM14-O2-g/high_precision_20260325_125828/log/pta_fi.lines.stderr.log
pta_fi,PTA,fi,lines,"ShuffleVector instruction is not supported, loosing precision",/home/jimi/PaperExperiment/CompilerOptimization/Result/tengine/dg/dg-LLVM14-O2-g/high_precision_20260325_125828/log/pta_fi.lines.stderr.log
pta_fi,PTA,fi,lines,"ShuffleVector instruction is not supported, loosing precision",/home/jimi/PaperExperiment/CompilerOptimization/Result/tengine/dg/dg-LLVM14-O2-g/high_precision_20260325_125828/log/pta_fi.lines.stderr.log
pta_fi,PTA,fi,lines,"ShuffleVector instruction is not supported, loosing precision",/home/jimi/PaperExperiment/CompilerOptimization/Result/tengine/dg/dg-LLVM14-O2-g/high_precision_20260325_125828/log/pta_fi.lines.stderr.log
pta_fi,PTA,fi,lines,"ShuffleVector instruction is not supported, loosing precision",/home/jimi/PaperExperiment/CompilerOptimization/Result/tengine/dg/dg-LLVM14-O2-g/high_precision_20260325_125828/log/pta_fi.lines.stderr.log
pta_fi,PTA,fi,lines,"ShuffleVector instruction is not supported, loosing precision",/home/jimi/PaperExperiment/CompilerOptimization/Result/tengine/dg/dg-LLVM14-O2-g/high_precision_20260325_125828/log/pta_fi.lines.stderr.log
pta_fi,PTA,fi,lines,"ShuffleVector instruction is not supported, loosing precision",/home/jimi/PaperExperiment/CompilerOptimization/Result/tengine/dg/dg-LLVM14-O2-g/high_precision_20260325_125828/log/pta_fi.lines.stderr.log
pta_fi,PTA,fi,lines,"ShuffleVector instruction is not supported, loosing precision",/home/jimi/PaperExperiment/CompilerOptimization/Result/tengine/dg/dg-LLVM14-O2-g/high_precision_20260325_125828/log/pta_fi.lines.stderr.log
pta_fi,PTA,fi,lines,"ShuffleVector instruction is not supported, loosing precision",/home/jimi/PaperExperiment/CompilerOptimization/Result/tengine/dg/dg-LLVM14-O2-g/high_precision_20260325_125828/log/pta_fi.lines.stderr.log
pta_fi,PTA,fi,lines,"ShuffleVector instruction is not supported, loosing precision",/home/jimi/PaperExperiment/CompilerOptimization/Result/tengine/dg/dg-LLVM14-O2-g/high_precision_20260325_125828/log/pta_fi.lines.stderr.log
pta_fi,PTA,fi,lines,"ShuffleVector instruction is not supported, loosing precision",/home/jimi/PaperExperiment/CompilerOptimization/Result/tengine/dg/dg-LLVM14-O2-g/high_precision_20260325_125828/log/pta_fi.lines.stderr.log
pta_fi,PTA,fi,lines,"ShuffleVector instruction is not supported, loosing precision",/home/jimi/PaperExperiment/CompilerOptimization/Result/tengine/dg/dg-LLVM14-O2-g/high_precision_20260325_125828/log/pta_fi.lines.stderr.log
pta_fi,PTA,fi,lines,"ShuffleVector instruction is not supported, loosing precision",/home/jimi/PaperExperiment/CompilerOptimization/Result/tengine/dg/dg-LLVM14-O2-g/high_precision_20260325_125828/log/pta_fi.lines.stderr.log
pta_fi,PTA,fi,lines,"ShuffleVector instruction is not supported, loosing precision",/home/jimi/PaperExperiment/CompilerOptimization/Result/tengine/dg/dg-LLVM14-O2-g/high_precision_20260325_125828/log/pta_fi.lines.stderr.log
pta_fi,PTA,fi,lines,"ShuffleVector instruction is not supported, loosing precision",/home/jimi/PaperExperiment/CompilerOptimization/Result/tengine/dg/dg-LLVM14-O2-g/high_precision_20260325_125828/log/pta_fi.lines.stderr.log
pta_fi,PTA,fi,lines,"ShuffleVector instruction is not supported, loosing precision",/home/jimi/PaperExperiment/CompilerOptimization/Result/tengine/dg/dg-LLVM14-O2-g/high_precision_20260325_125828/log/pta_fi.lines.stderr.log
pta_fi,PTA,fi,lines,"ShuffleVector instruction is not supported, loosing precision",/home/jimi/PaperExperiment/CompilerOptimization/Result/tengine/dg/dg-LLVM14-O2-g/high_precision_20260325_125828/log/pta_fi.lines.stderr.log
pta_fi,PTA,fi,lines,"ShuffleVector instruction is not supported, loosing precision",/home/jimi/PaperExperiment/CompilerOptimization/Result/tengine/dg/dg-LLVM14-O2-g/high_precision_20260325_125828/log/pta_fi.lines.stderr.log
pta_fi,PTA,fi,lines,"ShuffleVector instruction is not supported, loosing precision",/home/jimi/PaperExperiment/CompilerOptimization/Result/tengine/dg/dg-LLVM14-O2-g/high_precision_20260325_125828/log/pta_fi.lines.stderr.log
pta_fi,PTA,fi,lines,"ShuffleVector instruction is not supported, loosing precision",/home/jimi/PaperExperiment/CompilerOptimization/Result/tengine/dg/dg-LLVM14-O2-g/high_precision_20260325_125828/log/pta_fi.lines.stderr.log
pta_fi,PTA,fi,lines,"ShuffleVector instruction is not supported, loosing precision",/home/jimi/PaperExperiment/CompilerOptimization/Result/tengine/dg/dg-LLVM14-O2-g/high_precision_20260325_125828/log/pta_fi.lines.stderr.log
pta_fi,PTA,fi,lines,"ShuffleVector instruction is not supported, loosing precision",/home/jimi/PaperExperiment/CompilerOptimization/Result/tengine/dg/dg-LLVM14-O2-g/high_precision_20260325_125828/log/pta_fi.lines.stderr.log
pta_fi,PTA,fi,lines,"ShuffleVector instruction is not supported, loosing precision",/home/jimi/PaperExperiment/CompilerOptimization/Result/tengine/dg/dg-LLVM14-O2-g/high_precision_20260325_125828/log/pta_fi.lines.stderr.log
pta_fi,PTA,fi,lines,"ShuffleVector instruction is not supported, loosing precision",/home/jimi/PaperExperiment/CompilerOptimization/Result/tengine/dg/dg-LLVM14-O2-g/high_precision_20260325_125828/log/pta_fi.lines.stderr.log
pta_fi,PTA,fi,lines,"ShuffleVector instruction is not supported, loosing precision",/home/jimi/PaperExperiment/CompilerOptimization/Result/tengine/dg/dg-LLVM14-O2-g/high_precision_20260325_125828/log/pta_fi.lines.stderr.log
pta_fi,PTA,fi,lines,"ShuffleVector instruction is not supported, loosing precision",/home/jimi/PaperExperiment/CompilerOptimization/Result/tengine/dg/dg-LLVM14-O2-g/high_precision_20260325_125828/log/pta_fi.lines.stderr.log
pta_fi,PTA,fi,lines,"ShuffleVector instruction is not supported, loosing precision",/home/jimi/PaperExperiment/CompilerOptimization/Result/tengine/dg/dg-LLVM14-O2-g/high_precision_20260325_125828/log/pta_fi.lines.stderr.log
pta_fi,PTA,fi,lines,"ShuffleVector instruction is not supported, loosing precision",/home/jimi/PaperExperiment/CompilerOptimization/Result/tengine/dg/dg-LLVM14-O2-g/high_precision_20260325_125828/log/pta_fi.lines.stderr.log
pta_fi,PTA,fi,lines,"ShuffleVector instruction is not supported, loosing precision",/home/jimi/PaperExperiment/CompilerOptimization/Result/tengine/dg/dg-LLVM14-O2-g/high_precision_20260325_125828/log/pta_fi.lines.stderr.log
pta_fi,PTA,fi,lines,"ShuffleVector instruction is not supported, loosing precision",/home/jimi/PaperExperiment/CompilerOptimization/Result/tengine/dg/dg-LLVM14-O2-g/high_precision_20260325_125828/log/pta_fi.lines.stderr.log
pta_fi,PTA,fi,lines,"ShuffleVector instruction is not supported, loosing precision",/home/jimi/PaperExperiment/CompilerOptimization/Result/tengine/dg/dg-LLVM14-O2-g/high_precision_20260325_125828/log/pta_fi.lines.stderr.log
pta_fi,PTA,fi,lines,"ShuffleVector instruction is not supported, loosing precision",/home/jimi/PaperExperiment/CompilerOptimization/Result/tengine/dg/dg-LLVM14-O2-g/high_precision_20260325_125828/log/pta_fi.lines.stderr.log
pta_fi,PTA,fi,lines,"ShuffleVector instruction is not supported, loosing precision",/home/jimi/PaperExperiment/CompilerOptimization/Result/tengine/dg/dg-LLVM14-O2-g/high_precision_20260325_125828/log/pta_fi.lines.stderr.log
pta_fi,PTA,fi,lines,"ShuffleVector instruction is not supported, loosing precision",/home/jimi/PaperExperiment/CompilerOptimization/Result/tengine/dg/dg-LLVM14-O2-g/high_precision_20260325_125828/log/pta_fi.lines.stderr.log
pta_fi,PTA,fi,lines,"ShuffleVector instruction is not supported, loosing precision",/home/jimi/PaperExperiment/CompilerOptimization/Result/tengine/dg/dg-LLVM14-O2-g/high_precision_20260325_125828/log/pta_fi.lines.stderr.log
pta_fi,PTA,fi,lines,"ShuffleVector instruction is not supported, loosing precision",/home/jimi/PaperExperiment/CompilerOptimization/Result/tengine/dg/dg-LLVM14-O2-g/high_precision_20260325_125828/log/pta_fi.lines.stderr.log
pta_fi,PTA,fi,lines,"ShuffleVector instruction is not supported, loosing precision",/home/jimi/PaperExperiment/CompilerOptimization/Result/tengine/dg/dg-LLVM14-O2-g/high_precision_20260325_125828/log/pta_fi.lines.stderr.log
pta_fi,PTA,fi,lines,"ShuffleVector instruction is not supported, loosing precision",/home/jimi/PaperExperiment/CompilerOptimization/Result/tengine/dg/dg-LLVM14-O2-g/high_precision_20260325_125828/log/pta_fi.lines.stderr.log
pta_fi,PTA,fi,lines,"ShuffleVector instruction is not supported, loosing precision",/home/jimi/PaperExperiment/CompilerOptimization/Result/tengine/dg/dg-LLVM14-O2-g/high_precision_20260325_125828/log/pta_fi.lines.stderr.log
pta_fi,PTA,fi,lines,"ShuffleVector instruction is not supported, loosing precision",/home/jimi/PaperExperiment/CompilerOptimization/Result/tengine/dg/dg-LLVM14-O2-g/high_precision_20260325_125828/log/pta_fi.lines.stderr.log
pta_fi,PTA,fi,lines,"ShuffleVector instruction is not supported, loosing precision",/home/jimi/PaperExperiment/CompilerOptimization/Result/tengine/dg/dg-LLVM14-O2-g/high_precision_20260325_125828/log/pta_fi.lines.stderr.log
pta_fi,PTA,fi,lines,"ShuffleVector instruction is not supported, loosing precision",/home/jimi/PaperExperiment/CompilerOptimization/Result/tengine/dg/dg-LLVM14-O2-g/high_precision_20260325_125828/log/pta_fi.lines.stderr.log
pta_fi,PTA,fi,dot,"WARNING: Non-0 memset:   tail call void @llvm.memset.p0i8.i64(i8* noundef nonnull align 4 dereferenceable(512) %70, i8 -1, i64 512, i1 false), !dbg !950",/home/jimi/PaperExperiment/CompilerOptimization/Result/tengine/dg/dg-LLVM14-O2-g/high_precision_20260325_125828/log/pta_fi.dot.stderr.log
pta_fi,PTA,fi,dot,"WARNING: Non-0 memset:   call void @llvm.memset.p0i8.i64(i8* noundef nonnull align 1 dereferenceable(1) %134, i8 %132, i64 %135, i1 false), !dbg !964, !tbaa !889",/home/jimi/PaperExperiment/CompilerOptimization/Result/tengine/dg/dg-LLVM14-O2-g/high_precision_20260325_125828/log/pta_fi.dot.stderr.log
pta_fi,PTA,fi,dot,"WARNING: Non-0 memset:   call void @llvm.memset.p0i8.i64(i8* noundef nonnull align 1 dereferenceable(1) %94, i8 %92, i64 %95, i1 false), !dbg !964, !tbaa !889",/home/jimi/PaperExperiment/CompilerOptimization/Result/tengine/dg/dg-LLVM14-O2-g/high_precision_20260325_125828/log/pta_fi.dot.stderr.log
pta_fi,PTA,fi,dot,"WARNING: Non-0 memset:   call void @llvm.memset.p0i8.i64(i8* noundef nonnull align 1 dereferenceable(1) %111, i8 %109, i64 %112, i1 false), !dbg !964, !tbaa !889",/home/jimi/PaperExperiment/CompilerOptimization/Result/tengine/dg/dg-LLVM14-O2-g/high_precision_20260325_125828/log/pta_fi.dot.stderr.log
pta_fi,PTA,fi,dot,"WARNING: Non-0 memset:   tail call void @llvm.memset.p0i8.i64(i8* align 1 %696, i8 %703, i64 %704, i1 false) #30, !dbg !1675, !tbaa !921",/home/jimi/PaperExperiment/CompilerOptimization/Result/tengine/dg/dg-LLVM14-O2-g/high_precision_20260325_125828/log/pta_fi.dot.stderr.log
pta_fi,PTA,fi,dot,"WARNING: Non-0 memset:   call void @llvm.memset.p0i8.i64(i8* nonnull align 1 %506, i8 %501, i64 %507, i1 false) #30, !dbg !1430",/home/jimi/PaperExperiment/CompilerOptimization/Result/tengine/dg/dg-LLVM14-O2-g/high_precision_20260325_125828/log/pta_fi.dot.stderr.log
pta_fi,PTA,fi,dot,"ShuffleVector instruction is not supported, loosing precision",/home/jimi/PaperExperiment/CompilerOptimization/Result/tengine/dg/dg-LLVM14-O2-g/high_precision_20260325_125828/log/pta_fi.dot.stderr.log
pta_fi,PTA,fi,dot,"ShuffleVector instruction is not supported, loosing precision",/home/jimi/PaperExperiment/CompilerOptimization/Result/tengine/dg/dg-LLVM14-O2-g/high_precision_20260325_125828/log/pta_fi.dot.stderr.log
pta_fi,PTA,fi,dot,"ShuffleVector instruction is not supported, loosing precision",/home/jimi/PaperExperiment/CompilerOptimization/Result/tengine/dg/dg-LLVM14-O2-g/high_precision_20260325_125828/log/pta_fi.dot.stderr.log
pta_fi,PTA,fi,dot,"ShuffleVector instruction is not supported, loosing precision",/home/jimi/PaperExperiment/CompilerOptimization/Result/tengine/dg/dg-LLVM14-O2-g/high_precision_20260325_125828/log/pta_fi.dot.stderr.log
pta_fi,PTA,fi,dot,"ShuffleVector instruction is not supported, loosing precision",/home/jimi/PaperExperiment/CompilerOptimization/Result/tengine/dg/dg-LLVM14-O2-g/high_precision_20260325_125828/log/pta_fi.dot.stderr.log
pta_fi,PTA,fi,dot,"ShuffleVector instruction is not supported, loosing precision",/home/jimi/PaperExperiment/CompilerOptimization/Result/tengine/dg/dg-LLVM14-O2-g/high_precision_20260325_125828/log/pta_fi.dot.stderr.log
pta_fi,PTA,fi,dot,"ShuffleVector instruction is not supported, loosing precision",/home/jimi/PaperExperiment/CompilerOptimization/Result/tengine/dg/dg-LLVM14-O2-g/high_precision_20260325_125828/log/pta_fi.dot.stderr.log
pta_fi,PTA,fi,dot,"ShuffleVector instruction is not supported, loosing precision",/home/jimi/PaperExperiment/CompilerOptimization/Result/tengine/dg/dg-LLVM14-O2-g/high_precision_20260325_125828/log/pta_fi.dot.stderr.log
pta_fi,PTA,fi,dot,"ShuffleVector instruction is not supported, loosing precision",/home/jimi/PaperExperiment/CompilerOptimization/Result/tengine/dg/dg-LLVM14-O2-g/high_precision_20260325_125828/log/pta_fi.dot.stderr.log
pta_fi,PTA,fi,dot,"ShuffleVector instruction is not supported, loosing precision",/home/jimi/PaperExperiment/CompilerOptimization/Result/tengine/dg/dg-LLVM14-O2-g/high_precision_20260325_125828/log/pta_fi.dot.stderr.log
pta_fi,PTA,fi,dot,"ShuffleVector instruction is not supported, loosing precision",/home/jimi/PaperExperiment/CompilerOptimization/Result/tengine/dg/dg-LLVM14-O2-g/high_precision_20260325_125828/log/pta_fi.dot.stderr.log
pta_fi,PTA,fi,dot,"ShuffleVector instruction is not supported, loosing precision",/home/jimi/PaperExperiment/CompilerOptimization/Result/tengine/dg/dg-LLVM14-O2-g/high_precision_20260325_125828/log/pta_fi.dot.stderr.log
pta_fi,PTA,fi,dot,"ShuffleVector instruction is not supported, loosing precision",/home/jimi/PaperExperiment/CompilerOptimization/Result/tengine/dg/dg-LLVM14-O2-g/high_precision_20260325_125828/log/pta_fi.dot.stderr.log
pta_fi,PTA,fi,dot,"ShuffleVector instruction is not supported, loosing precision",/home/jimi/PaperExperiment/CompilerOptimization/Result/tengine/dg/dg-LLVM14-O2-g/high_precision_20260325_125828/log/pta_fi.dot.stderr.log
pta_fi,PTA,fi,dot,"ShuffleVector instruction is not supported, loosing precision",/home/jimi/PaperExperiment/CompilerOptimization/Result/tengine/dg/dg-LLVM14-O2-g/high_precision_20260325_125828/log/pta_fi.dot.stderr.log
pta_fi,PTA,fi,dot,"ShuffleVector instruction is not supported, loosing precision",/home/jimi/PaperExperiment/CompilerOptimization/Result/tengine/dg/dg-LLVM14-O2-g/high_precision_20260325_125828/log/pta_fi.dot.stderr.log
pta_fi,PTA,fi,dot,"ShuffleVector instruction is not supported, loosing precision",/home/jimi/PaperExperiment/CompilerOptimization/Result/tengine/dg/dg-LLVM14-O2-g/high_precision_20260325_125828/log/pta_fi.dot.stderr.log
pta_fi,PTA,fi,dot,"ShuffleVector instruction is not supported, loosing precision",/home/jimi/PaperExperiment/CompilerOptimization/Result/tengine/dg/dg-LLVM14-O2-g/high_precision_20260325_125828/log/pta_fi.dot.stderr.log
pta_fi,PTA,fi,dot,"ShuffleVector instruction is not supported, loosing precision",/home/jimi/PaperExperiment/CompilerOptimization/Result/tengine/dg/dg-LLVM14-O2-g/high_precision_20260325_125828/log/pta_fi.dot.stderr.log
pta_fi,PTA,fi,dot,"ShuffleVector instruction is not supported, loosing precision",/home/jimi/PaperExperiment/CompilerOptimization/Result/tengine/dg/dg-LLVM14-O2-g/high_precision_20260325_125828/log/pta_fi.dot.stderr.log
pta_fi,PTA,fi,dot,"ShuffleVector instruction is not supported, loosing precision",/home/jimi/PaperExperiment/CompilerOptimization/Result/tengine/dg/dg-LLVM14-O2-g/high_precision_20260325_125828/log/pta_fi.dot.stderr.log
pta_fi,PTA,fi,dot,"ShuffleVector instruction is not supported, loosing precision",/home/jimi/PaperExperiment/CompilerOptimization/Result/tengine/dg/dg-LLVM14-O2-g/high_precision_20260325_125828/log/pta_fi.dot.stderr.log
pta_fi,PTA,fi,dot,"ShuffleVector instruction is not supported, loosing precision",/home/jimi/PaperExperiment/CompilerOptimization/Result/tengine/dg/dg-LLVM14-O2-g/high_precision_20260325_125828/log/pta_fi.dot.stderr.log
pta_fi,PTA,fi,dot,"ShuffleVector instruction is not supported, loosing precision",/home/jimi/PaperExperiment/CompilerOptimization/Result/tengine/dg/dg-LLVM14-O2-g/high_precision_20260325_125828/log/pta_fi.dot.stderr.log
pta_fi,PTA,fi,dot,"ShuffleVector instruction is not supported, loosing precision",/home/jimi/PaperExperiment/CompilerOptimization/Result/tengine/dg/dg-LLVM14-O2-g/high_precision_20260325_125828/log/pta_fi.dot.stderr.log
pta_fi,PTA,fi,dot,"ShuffleVector instruction is not supported, loosing precision",/home/jimi/PaperExperiment/CompilerOptimization/Result/tengine/dg/dg-LLVM14-O2-g/high_precision_20260325_125828/log/pta_fi.dot.stderr.log
pta_fi,PTA,fi,dot,"ShuffleVector instruction is not supported, loosing precision",/home/jimi/PaperExperiment/CompilerOptimization/Result/tengine/dg/dg-LLVM14-O2-g/high_precision_20260325_125828/log/pta_fi.dot.stderr.log
pta_fi,PTA,fi,dot,"ShuffleVector instruction is not supported, loosing precision",/home/jimi/PaperExperiment/CompilerOptimization/Result/tengine/dg/dg-LLVM14-O2-g/high_precision_20260325_125828/log/pta_fi.dot.stderr.log
pta_fi,PTA,fi,dot,"ShuffleVector instruction is not supported, loosing precision",/home/jimi/PaperExperiment/CompilerOptimization/Result/tengine/dg/dg-LLVM14-O2-g/high_precision_20260325_125828/log/pta_fi.dot.stderr.log
pta_fi,PTA,fi,dot,"ShuffleVector instruction is not supported, loosing precision",/home/jimi/PaperExperiment/CompilerOptimization/Result/tengine/dg/dg-LLVM14-O2-g/high_precision_20260325_125828/log/pta_fi.dot.stderr.log
pta_fi,PTA,fi,dot,"ShuffleVector instruction is not supported, loosing precision",/home/jimi/PaperExperiment/CompilerOptimization/Result/tengine/dg/dg-LLVM14-O2-g/high_precision_20260325_125828/log/pta_fi.dot.stderr.log
pta_fi,PTA,fi,dot,"ShuffleVector instruction is not supported, loosing precision",/home/jimi/PaperExperiment/CompilerOptimization/Result/tengine/dg/dg-LLVM14-O2-g/high_precision_20260325_125828/log/pta_fi.dot.stderr.log
pta_fi,PTA,fi,dot,"ShuffleVector instruction is not supported, loosing precision",/home/jimi/PaperExperiment/CompilerOptimization/Result/tengine/dg/dg-LLVM14-O2-g/high_precision_20260325_125828/log/pta_fi.dot.stderr.log
pta_fi,PTA,fi,dot,"ShuffleVector instruction is not supported, loosing precision",/home/jimi/PaperExperiment/CompilerOptimization/Result/tengine/dg/dg-LLVM14-O2-g/high_precision_20260325_125828/log/pta_fi.dot.stderr.log
pta_fi,PTA,fi,dot,"ShuffleVector instruction is not supported, loosing precision",/home/jimi/PaperExperiment/CompilerOptimization/Result/tengine/dg/dg-LLVM14-O2-g/high_precision_20260325_125828/log/pta_fi.dot.stderr.log
pta_fi,PTA,fi,dot,"ShuffleVector instruction is not supported, loosing precision",/home/jimi/PaperExperiment/CompilerOptimization/Result/tengine/dg/dg-LLVM14-O2-g/high_precision_20260325_125828/log/pta_fi.dot.stderr.log
pta_fi,PTA,fi,dot,"WARNING: Non-0 memset:   tail call void @llvm.memset.p0i8.i64(i8* align 1 %301, i8 -1, i64 %304, i1 false), !dbg !1286",/home/jimi/PaperExperiment/CompilerOptimization/Result/tengine/dg/dg-LLVM14-O2-g/high_precision_20260325_125828/log/pta_fi.dot.stderr.log
pta_fi,PTA,fi,dot,IntToPtr with constant:   <badref> = inttoptr i64 1 to i8*,/home/jimi/PaperExperiment/CompilerOptimization/Result/tengine/dg/dg-LLVM14-O2-g/high_precision_20260325_125828/log/pta_fi.dot.stderr.log
pta_fi,PTA,fi,dot,"ShuffleVector instruction is not supported, loosing precision",/home/jimi/PaperExperiment/CompilerOptimization/Result/tengine/dg/dg-LLVM14-O2-g/high_precision_20260325_125828/log/pta_fi.dot.stderr.log
pta_fi,PTA,fi,dot,"ShuffleVector instruction is not supported, loosing precision",/home/jimi/PaperExperiment/CompilerOptimization/Result/tengine/dg/dg-LLVM14-O2-g/high_precision_20260325_125828/log/pta_fi.dot.stderr.log
pta_fi,PTA,fi,dot,"ShuffleVector instruction is not supported, loosing precision",/home/jimi/PaperExperiment/CompilerOptimization/Result/tengine/dg/dg-LLVM14-O2-g/high_precision_20260325_125828/log/pta_fi.dot.stderr.log
pta_fi,PTA,fi,dot,"ShuffleVector instruction is not supported, loosing precision",/home/jimi/PaperExperiment/CompilerOptimization/Result/tengine/dg/dg-LLVM14-O2-g/high_precision_20260325_125828/log/pta_fi.dot.stderr.log
pta_fi,PTA,fi,dot,"ShuffleVector instruction is not supported, loosing precision",/home/jimi/PaperExperiment/CompilerOptimization/Result/tengine/dg/dg-LLVM14-O2-g/high_precision_20260325_125828/log/pta_fi.dot.stderr.log
pta_fi,PTA,fi,dot,"ShuffleVector instruction is not supported, loosing precision",/home/jimi/PaperExperiment/CompilerOptimization/Result/tengine/dg/dg-LLVM14-O2-g/high_precision_20260325_125828/log/pta_fi.dot.stderr.log
pta_fi,PTA,fi,dot,"ShuffleVector instruction is not supported, loosing precision",/home/jimi/PaperExperiment/CompilerOptimization/Result/tengine/dg/dg-LLVM14-O2-g/high_precision_20260325_125828/log/pta_fi.dot.stderr.log
pta_fi,PTA,fi,dot,"ShuffleVector instruction is not supported, loosing precision",/home/jimi/PaperExperiment/CompilerOptimization/Result/tengine/dg/dg-LLVM14-O2-g/high_precision_20260325_125828/log/pta_fi.dot.stderr.log
pta_fi,PTA,fi,dot,"ShuffleVector instruction is not supported, loosing precision",/home/jimi/PaperExperiment/CompilerOptimization/Result/tengine/dg/dg-LLVM14-O2-g/high_precision_20260325_125828/log/pta_fi.dot.stderr.log
pta_fi,PTA,fi,dot,"ShuffleVector instruction is not supported, loosing precision",/home/jimi/PaperExperiment/CompilerOptimization/Result/tengine/dg/dg-LLVM14-O2-g/high_precision_20260325_125828/log/pta_fi.dot.stderr.log
pta_fi,PTA,fi,dot,"ShuffleVector instruction is not supported, loosing precision",/home/jimi/PaperExperiment/CompilerOptimization/Result/tengine/dg/dg-LLVM14-O2-g/high_precision_20260325_125828/log/pta_fi.dot.stderr.log
pta_fi,PTA,fi,dot,"ShuffleVector instruction is not supported, loosing precision",/home/jimi/PaperExperiment/CompilerOptimization/Result/tengine/dg/dg-LLVM14-O2-g/high_precision_20260325_125828/log/pta_fi.dot.stderr.log
pta_fi,PTA,fi,dot,"ShuffleVector instruction is not supported, loosing precision",/home/jimi/PaperExperiment/CompilerOptimization/Result/tengine/dg/dg-LLVM14-O2-g/high_precision_20260325_125828/log/pta_fi.dot.stderr.log
pta_fi,PTA,fi,dot,"ShuffleVector instruction is not supported, loosing precision",/home/jimi/PaperExperiment/CompilerOptimization/Result/tengine/dg/dg-LLVM14-O2-g/high_precision_20260325_125828/log/pta_fi.dot.stderr.log
pta_fi,PTA,fi,dot,"ShuffleVector instruction is not supported, loosing precision",/home/jimi/PaperExperiment/CompilerOptimization/Result/tengine/dg/dg-LLVM14-O2-g/high_precision_20260325_125828/log/pta_fi.dot.stderr.log
pta_fi,PTA,fi,dot,"ShuffleVector instruction is not supported, loosing precision",/home/jimi/PaperExperiment/CompilerOptimization/Result/tengine/dg/dg-LLVM14-O2-g/high_precision_20260325_125828/log/pta_fi.dot.stderr.log
pta_fi,PTA,fi,dot,"ShuffleVector instruction is not supported, loosing precision",/home/jimi/PaperExperiment/CompilerOptimization/Result/tengine/dg/dg-LLVM14-O2-g/high_precision_20260325_125828/log/pta_fi.dot.stderr.log
pta_fi,PTA,fi,dot,"ShuffleVector instruction is not supported, loosing precision",/home/jimi/PaperExperiment/CompilerOptimization/Result/tengine/dg/dg-LLVM14-O2-g/high_precision_20260325_125828/log/pta_fi.dot.stderr.log
pta_fi,PTA,fi,dot,"ShuffleVector instruction is not supported, loosing precision",/home/jimi/PaperExperiment/CompilerOptimization/Result/tengine/dg/dg-LLVM14-O2-g/high_precision_20260325_125828/log/pta_fi.dot.stderr.log
pta_fi,PTA,fi,dot,"ShuffleVector instruction is not supported, loosing precision",/home/jimi/PaperExperiment/CompilerOptimization/Result/tengine/dg/dg-LLVM14-O2-g/high_precision_20260325_125828/log/pta_fi.dot.stderr.log
pta_fi,PTA,fi,dot,"ShuffleVector instruction is not supported, loosing precision",/home/jimi/PaperExperiment/CompilerOptimization/Result/tengine/dg/dg-LLVM14-O2-g/high_precision_20260325_125828/log/pta_fi.dot.stderr.log
pta_fi,PTA,fi,dot,"ShuffleVector instruction is not supported, loosing precision",/home/jimi/PaperExperiment/CompilerOptimization/Result/tengine/dg/dg-LLVM14-O2-g/high_precision_20260325_125828/log/pta_fi.dot.stderr.log
pta_fi,PTA,fi,dot,"ShuffleVector instruction is not supported, loosing precision",/home/jimi/PaperExperiment/CompilerOptimization/Result/tengine/dg/dg-LLVM14-O2-g/high_precision_20260325_125828/log/pta_fi.dot.stderr.log
pta_fi,PTA,fi,dot,"ShuffleVector instruction is not supported, loosing precision",/home/jimi/PaperExperiment/CompilerOptimization/Result/tengine/dg/dg-LLVM14-O2-g/high_precision_20260325_125828/log/pta_fi.dot.stderr.log
pta_fi,PTA,fi,dot,"ShuffleVector instruction is not supported, loosing precision",/home/jimi/PaperExperiment/CompilerOptimization/Result/tengine/dg/dg-LLVM14-O2-g/high_precision_20260325_125828/log/pta_fi.dot.stderr.log
pta_fi,PTA,fi,dot,"ShuffleVector instruction is not supported, loosing precision",/home/jimi/PaperExperiment/CompilerOptimization/Result/tengine/dg/dg-LLVM14-O2-g/high_precision_20260325_125828/log/pta_fi.dot.stderr.log
pta_fi,PTA,fi,dot,"ShuffleVector instruction is not supported, loosing precision",/home/jimi/PaperExperiment/CompilerOptimization/Result/tengine/dg/dg-LLVM14-O2-g/high_precision_20260325_125828/log/pta_fi.dot.stderr.log
pta_fi,PTA,fi,dot,"ShuffleVector instruction is not supported, loosing precision",/home/jimi/PaperExperiment/CompilerOptimization/Result/tengine/dg/dg-LLVM14-O2-g/high_precision_20260325_125828/log/pta_fi.dot.stderr.log
pta_fi,PTA,fi,dot,"ShuffleVector instruction is not supported, loosing precision",/home/jimi/PaperExperiment/CompilerOptimization/Result/tengine/dg/dg-LLVM14-O2-g/high_precision_20260325_125828/log/pta_fi.dot.stderr.log
pta_fi,PTA,fi,dot,"ShuffleVector instruction is not supported, loosing precision",/home/jimi/PaperExperiment/CompilerOptimization/Result/tengine/dg/dg-LLVM14-O2-g/high_precision_20260325_125828/log/pta_fi.dot.stderr.log
pta_fi,PTA,fi,dot,"ShuffleVector instruction is not supported, loosing precision",/home/jimi/PaperExperiment/CompilerOptimization/Result/tengine/dg/dg-LLVM14-O2-g/high_precision_20260325_125828/log/pta_fi.dot.stderr.log
pta_fi,PTA,fi,dot,"ShuffleVector instruction is not supported, loosing precision",/home/jimi/PaperExperiment/CompilerOptimization/Result/tengine/dg/dg-LLVM14-O2-g/high_precision_20260325_125828/log/pta_fi.dot.stderr.log
pta_fi,PTA,fi,dot,"ShuffleVector instruction is not supported, loosing precision",/home/jimi/PaperExperiment/CompilerOptimization/Result/tengine/dg/dg-LLVM14-O2-g/high_precision_20260325_125828/log/pta_fi.dot.stderr.log
pta_fi,PTA,fi,dot,"ShuffleVector instruction is not supported, loosing precision",/home/jimi/PaperExperiment/CompilerOptimization/Result/tengine/dg/dg-LLVM14-O2-g/high_precision_20260325_125828/log/pta_fi.dot.stderr.log
pta_fi,PTA,fi,dot,"ShuffleVector instruction is not supported, loosing precision",/home/jimi/PaperExperiment/CompilerOptimization/Result/tengine/dg/dg-LLVM14-O2-g/high_precision_20260325_125828/log/pta_fi.dot.stderr.log
pta_fi,PTA,fi,dot,"ShuffleVector instruction is not supported, loosing precision",/home/jimi/PaperExperiment/CompilerOptimization/Result/tengine/dg/dg-LLVM14-O2-g/high_precision_20260325_125828/log/pta_fi.dot.stderr.log
pta_fi,PTA,fi,dot,"ShuffleVector instruction is not supported, loosing precision",/home/jimi/PaperExperiment/CompilerOptimization/Result/tengine/dg/dg-LLVM14-O2-g/high_precision_20260325_125828/log/pta_fi.dot.stderr.log
pta_fi,PTA,fi,dot,"ShuffleVector instruction is not supported, loosing precision",/home/jimi/PaperExperiment/CompilerOptimization/Result/tengine/dg/dg-LLVM14-O2-g/high_precision_20260325_125828/log/pta_fi.dot.stderr.log
pta_fi,PTA,fi,dot,"ShuffleVector instruction is not supported, loosing precision",/home/jimi/PaperExperiment/CompilerOptimization/Result/tengine/dg/dg-LLVM14-O2-g/high_precision_20260325_125828/log/pta_fi.dot.stderr.log
pta_fi,PTA,fi,dot,"ShuffleVector instruction is not supported, loosing precision",/home/jimi/PaperExperiment/CompilerOptimization/Result/tengine/dg/dg-LLVM14-O2-g/high_precision_20260325_125828/log/pta_fi.dot.stderr.log
pta_fi,PTA,fi,dot,"ShuffleVector instruction is not supported, loosing precision",/home/jimi/PaperExperiment/CompilerOptimization/Result/tengine/dg/dg-LLVM14-O2-g/high_precision_20260325_125828/log/pta_fi.dot.stderr.log
pta_fi,PTA,fi,dot,"ShuffleVector instruction is not supported, loosing precision",/home/jimi/PaperExperiment/CompilerOptimization/Result/tengine/dg/dg-LLVM14-O2-g/high_precision_20260325_125828/log/pta_fi.dot.stderr.log
pta_fi,PTA,fi,dot,"ShuffleVector instruction is not supported, loosing precision",/home/jimi/PaperExperiment/CompilerOptimization/Result/tengine/dg/dg-LLVM14-O2-g/high_precision_20260325_125828/log/pta_fi.dot.stderr.log
pta_fi,PTA,fi,dot,"ShuffleVector instruction is not supported, loosing precision",/home/jimi/PaperExperiment/CompilerOptimization/Result/tengine/dg/dg-LLVM14-O2-g/high_precision_20260325_125828/log/pta_fi.dot.stderr.log
pta_fi,PTA,fi,dot,"ShuffleVector instruction is not supported, loosing precision",/home/jimi/PaperExperiment/CompilerOptimization/Result/tengine/dg/dg-LLVM14-O2-g/high_precision_20260325_125828/log/pta_fi.dot.stderr.log
pta_fi,PTA,fi,dot,"ShuffleVector instruction is not supported, loosing precision",/home/jimi/PaperExperiment/CompilerOptimization/Result/tengine/dg/dg-LLVM14-O2-g/high_precision_20260325_125828/log/pta_fi.dot.stderr.log
pta_fi,PTA,fi,dot,"ShuffleVector instruction is not supported, loosing precision",/home/jimi/PaperExperiment/CompilerOptimization/Result/tengine/dg/dg-LLVM14-O2-g/high_precision_20260325_125828/log/pta_fi.dot.stderr.log
pta_fi,PTA,fi,dot,"ShuffleVector instruction is not supported, loosing precision",/home/jimi/PaperExperiment/CompilerOptimization/Result/tengine/dg/dg-LLVM14-O2-g/high_precision_20260325_125828/log/pta_fi.dot.stderr.log
pta_fi,PTA,fi,dot,"ShuffleVector instruction is not supported, loosing precision",/home/jimi/PaperExperiment/CompilerOptimization/Result/tengine/dg/dg-LLVM14-O2-g/high_precision_20260325_125828/log/pta_fi.dot.stderr.log
pta_fi,PTA,fi,dot,"ShuffleVector instruction is not supported, loosing precision",/home/jimi/PaperExperiment/CompilerOptimization/Result/tengine/dg/dg-LLVM14-O2-g/high_precision_20260325_125828/log/pta_fi.dot.stderr.log
pta_fi,PTA,fi,dot,"ShuffleVector instruction is not supported, loosing precision",/home/jimi/PaperExperiment/CompilerOptimization/Result/tengine/dg/dg-LLVM14-O2-g/high_precision_20260325_125828/log/pta_fi.dot.stderr.log
pta_fi,PTA,fi,dot,"ShuffleVector instruction is not supported, loosing precision",/home/jimi/PaperExperiment/CompilerOptimization/Result/tengine/dg/dg-LLVM14-O2-g/high_precision_20260325_125828/log/pta_fi.dot.stderr.log
pta_fi,PTA,fi,dot,"ShuffleVector instruction is not supported, loosing precision",/home/jimi/PaperExperiment/CompilerOptimization/Result/tengine/dg/dg-LLVM14-O2-g/high_precision_20260325_125828/log/pta_fi.dot.stderr.log
pta_fi,PTA,fi,dot,"ShuffleVector instruction is not supported, loosing precision",/home/jimi/PaperExperiment/CompilerOptimization/Result/tengine/dg/dg-LLVM14-O2-g/high_precision_20260325_125828/log/pta_fi.dot.stderr.log
pta_fi,PTA,fi,dot,"ShuffleVector instruction is not supported, loosing precision",/home/jimi/PaperExperiment/CompilerOptimization/Result/tengine/dg/dg-LLVM14-O2-g/high_precision_20260325_125828/log/pta_fi.dot.stderr.log
pta_fi,PTA,fi,dot,"ShuffleVector instruction is not supported, loosing precision",/home/jimi/PaperExperiment/CompilerOptimization/Result/tengine/dg/dg-LLVM14-O2-g/high_precision_20260325_125828/log/pta_fi.dot.stderr.log
pta_fi,PTA,fi,dot,"ShuffleVector instruction is not supported, loosing precision",/home/jimi/PaperExperiment/CompilerOptimization/Result/tengine/dg/dg-LLVM14-O2-g/high_precision_20260325_125828/log/pta_fi.dot.stderr.log
pta_fi,PTA,fi,dot,"ShuffleVector instruction is not supported, loosing precision",/home/jimi/PaperExperiment/CompilerOptimization/Result/tengine/dg/dg-LLVM14-O2-g/high_precision_20260325_125828/log/pta_fi.dot.stderr.log
pta_fi,PTA,fi,dot,"ShuffleVector instruction is not supported, loosing precision",/home/jimi/PaperExperiment/CompilerOptimization/Result/tengine/dg/dg-LLVM14-O2-g/high_precision_20260325_125828/log/pta_fi.dot.stderr.log
pta_fi,PTA,fi,dot,"ShuffleVector instruction is not supported, loosing precision",/home/jimi/PaperExperiment/CompilerOptimization/Result/tengine/dg/dg-LLVM14-O2-g/high_precision_20260325_125828/log/pta_fi.dot.stderr.log
pta_fi,PTA,fi,dot,"ShuffleVector instruction is not supported, loosing precision",/home/jimi/PaperExperiment/CompilerOptimization/Result/tengine/dg/dg-LLVM14-O2-g/high_precision_20260325_125828/log/pta_fi.dot.stderr.log
pta_fi,PTA,fi,dot,"ShuffleVector instruction is not supported, loosing precision",/home/jimi/PaperExperiment/CompilerOptimization/Result/tengine/dg/dg-LLVM14-O2-g/high_precision_20260325_125828/log/pta_fi.dot.stderr.log
pta_fi,PTA,fi,dot,"ShuffleVector instruction is not supported, loosing precision",/home/jimi/PaperExperiment/CompilerOptimization/Result/tengine/dg/dg-LLVM14-O2-g/high_precision_20260325_125828/log/pta_fi.dot.stderr.log
pta_fi,PTA,fi,dot,"ShuffleVector instruction is not supported, loosing precision",/home/jimi/PaperExperiment/CompilerOptimization/Result/tengine/dg/dg-LLVM14-O2-g/high_precision_20260325_125828/log/pta_fi.dot.stderr.log
pta_fi,PTA,fi,dot,"ShuffleVector instruction is not supported, loosing precision",/home/jimi/PaperExperiment/CompilerOptimization/Result/tengine/dg/dg-LLVM14-O2-g/high_precision_20260325_125828/log/pta_fi.dot.stderr.log
pta_fi,PTA,fi,dot,"ShuffleVector instruction is not supported, loosing precision",/home/jimi/PaperExperiment/CompilerOptimization/Result/tengine/dg/dg-LLVM14-O2-g/high_precision_20260325_125828/log/pta_fi.dot.stderr.log
pta_fi,PTA,fi,dot,"ShuffleVector instruction is not supported, loosing precision",/home/jimi/PaperExperiment/CompilerOptimization/Result/tengine/dg/dg-LLVM14-O2-g/high_precision_20260325_125828/log/pta_fi.dot.stderr.log
pta_fi,PTA,fi,dot,"ShuffleVector instruction is not supported, loosing precision",/home/jimi/PaperExperiment/CompilerOptimization/Result/tengine/dg/dg-LLVM14-O2-g/high_precision_20260325_125828/log/pta_fi.dot.stderr.log
pta_fi,PTA,fi,dot,"ShuffleVector instruction is not supported, loosing precision",/home/jimi/PaperExperiment/CompilerOptimization/Result/tengine/dg/dg-LLVM14-O2-g/high_precision_20260325_125828/log/pta_fi.dot.stderr.log
pta_fi,PTA,fi,dot,"ShuffleVector instruction is not supported, loosing precision",/home/jimi/PaperExperiment/CompilerOptimization/Result/tengine/dg/dg-LLVM14-O2-g/high_precision_20260325_125828/log/pta_fi.dot.stderr.log
pta_fi,PTA,fi,dot,"ShuffleVector instruction is not supported, loosing precision",/home/jimi/PaperExperiment/CompilerOptimization/Result/tengine/dg/dg-LLVM14-O2-g/high_precision_20260325_125828/log/pta_fi.dot.stderr.log
pta_fi,PTA,fi,dot,"ShuffleVector instruction is not supported, loosing precision",/home/jimi/PaperExperiment/CompilerOptimization/Result/tengine/dg/dg-LLVM14-O2-g/high_precision_20260325_125828/log/pta_fi.dot.stderr.log
pta_fi,PTA,fi,dot,"ShuffleVector instruction is not supported, loosing precision",/home/jimi/PaperExperiment/CompilerOptimization/Result/tengine/dg/dg-LLVM14-O2-g/high_precision_20260325_125828/log/pta_fi.dot.stderr.log
pta_fi,PTA,fi,dot,"ShuffleVector instruction is not supported, loosing precision",/home/jimi/PaperExperiment/CompilerOptimization/Result/tengine/dg/dg-LLVM14-O2-g/high_precision_20260325_125828/log/pta_fi.dot.stderr.log
pta_fi,PTA,fi,dot,"ShuffleVector instruction is not supported, loosing precision",/home/jimi/PaperExperiment/CompilerOptimization/Result/tengine/dg/dg-LLVM14-O2-g/high_precision_20260325_125828/log/pta_fi.dot.stderr.log
pta_fi,PTA,fi,dot,"ShuffleVector instruction is not supported, loosing precision",/home/jimi/PaperExperiment/CompilerOptimization/Result/tengine/dg/dg-LLVM14-O2-g/high_precision_20260325_125828/log/pta_fi.dot.stderr.log
pta_fi,PTA,fi,dot,"ShuffleVector instruction is not supported, loosing precision",/home/jimi/PaperExperiment/CompilerOptimization/Result/tengine/dg/dg-LLVM14-O2-g/high_precision_20260325_125828/log/pta_fi.dot.stderr.log
pta_fi,PTA,fi,dot,"ShuffleVector instruction is not supported, loosing precision",/home/jimi/PaperExperiment/CompilerOptimization/Result/tengine/dg/dg-LLVM14-O2-g/high_precision_20260325_125828/log/pta_fi.dot.stderr.log
pta_fi,PTA,fi,dot,"ShuffleVector instruction is not supported, loosing precision",/home/jimi/PaperExperiment/CompilerOptimization/Result/tengine/dg/dg-LLVM14-O2-g/high_precision_20260325_125828/log/pta_fi.dot.stderr.log
pta_fi,PTA,fi,dot,"ShuffleVector instruction is not supported, loosing precision",/home/jimi/PaperExperiment/CompilerOptimization/Result/tengine/dg/dg-LLVM14-O2-g/high_precision_20260325_125828/log/pta_fi.dot.stderr.log
pta_fi,PTA,fi,dot,"ShuffleVector instruction is not supported, loosing precision",/home/jimi/PaperExperiment/CompilerOptimization/Result/tengine/dg/dg-LLVM14-O2-g/high_precision_20260325_125828/log/pta_fi.dot.stderr.log
pta_fi,PTA,fi,dot,"ShuffleVector instruction is not supported, loosing precision",/home/jimi/PaperExperiment/CompilerOptimization/Result/tengine/dg/dg-LLVM14-O2-g/high_precision_20260325_125828/log/pta_fi.dot.stderr.log
pta_fi,PTA,fi,dot,"ShuffleVector instruction is not supported, loosing precision",/home/jimi/PaperExperiment/CompilerOptimization/Result/tengine/dg/dg-LLVM14-O2-g/high_precision_20260325_125828/log/pta_fi.dot.stderr.log
pta_fi,PTA,fi,dot,"ShuffleVector instruction is not supported, loosing precision",/home/jimi/PaperExperiment/CompilerOptimization/Result/tengine/dg/dg-LLVM14-O2-g/high_precision_20260325_125828/log/pta_fi.dot.stderr.log
pta_fi,PTA,fi,dot,"ShuffleVector instruction is not supported, loosing precision",/home/jimi/PaperExperiment/CompilerOptimization/Result/tengine/dg/dg-LLVM14-O2-g/high_precision_20260325_125828/log/pta_fi.dot.stderr.log
pta_fi,PTA,fi,dot,"ShuffleVector instruction is not supported, loosing precision",/home/jimi/PaperExperiment/CompilerOptimization/Result/tengine/dg/dg-LLVM14-O2-g/high_precision_20260325_125828/log/pta_fi.dot.stderr.log
pta_fi,PTA,fi,dot,"ShuffleVector instruction is not supported, loosing precision",/home/jimi/PaperExperiment/CompilerOptimization/Result/tengine/dg/dg-LLVM14-O2-g/high_precision_20260325_125828/log/pta_fi.dot.stderr.log
pta_fi,PTA,fi,dot,"ShuffleVector instruction is not supported, loosing precision",/home/jimi/PaperExperiment/CompilerOptimization/Result/tengine/dg/dg-LLVM14-O2-g/high_precision_20260325_125828/log/pta_fi.dot.stderr.log
pta_fi,PTA,fi,dot,"ShuffleVector instruction is not supported, loosing precision",/home/jimi/PaperExperiment/CompilerOptimization/Result/tengine/dg/dg-LLVM14-O2-g/high_precision_20260325_125828/log/pta_fi.dot.stderr.log
pta_fi,PTA,fi,dot,"ShuffleVector instruction is not supported, loosing precision",/home/jimi/PaperExperiment/CompilerOptimization/Result/tengine/dg/dg-LLVM14-O2-g/high_precision_20260325_125828/log/pta_fi.dot.stderr.log
pta_fi,PTA,fi,dot,"ShuffleVector instruction is not supported, loosing precision",/home/jimi/PaperExperiment/CompilerOptimization/Result/tengine/dg/dg-LLVM14-O2-g/high_precision_20260325_125828/log/pta_fi.dot.stderr.log
pta_fi,PTA,fi,dot,"ShuffleVector instruction is not supported, loosing precision",/home/jimi/PaperExperiment/CompilerOptimization/Result/tengine/dg/dg-LLVM14-O2-g/high_precision_20260325_125828/log/pta_fi.dot.stderr.log
pta_fi,PTA,fi,dot,"ShuffleVector instruction is not supported, loosing precision",/home/jimi/PaperExperiment/CompilerOptimization/Result/tengine/dg/dg-LLVM14-O2-g/high_precision_20260325_125828/log/pta_fi.dot.stderr.log
pta_fi,PTA,fi,dot,"ShuffleVector instruction is not supported, loosing precision",/home/jimi/PaperExperiment/CompilerOptimization/Result/tengine/dg/dg-LLVM14-O2-g/high_precision_20260325_125828/log/pta_fi.dot.stderr.log
pta_fi,PTA,fi,dot,"ShuffleVector instruction is not supported, loosing precision",/home/jimi/PaperExperiment/CompilerOptimization/Result/tengine/dg/dg-LLVM14-O2-g/high_precision_20260325_125828/log/pta_fi.dot.stderr.log
pta_fi,PTA,fi,dot,"ShuffleVector instruction is not supported, loosing precision",/home/jimi/PaperExperiment/CompilerOptimization/Result/tengine/dg/dg-LLVM14-O2-g/high_precision_20260325_125828/log/pta_fi.dot.stderr.log
pta_fi,PTA,fi,dot,"ShuffleVector instruction is not supported, loosing precision",/home/jimi/PaperExperiment/CompilerOptimization/Result/tengine/dg/dg-LLVM14-O2-g/high_precision_20260325_125828/log/pta_fi.dot.stderr.log
pta_fi,PTA,fi,dot,"ShuffleVector instruction is not supported, loosing precision",/home/jimi/PaperExperiment/CompilerOptimization/Result/tengine/dg/dg-LLVM14-O2-g/high_precision_20260325_125828/log/pta_fi.dot.stderr.log
pta_fi,PTA,fi,dot,"ShuffleVector instruction is not supported, loosing precision",/home/jimi/PaperExperiment/CompilerOptimization/Result/tengine/dg/dg-LLVM14-O2-g/high_precision_20260325_125828/log/pta_fi.dot.stderr.log
pta_fi,PTA,fi,dot,"ShuffleVector instruction is not supported, loosing precision",/home/jimi/PaperExperiment/CompilerOptimization/Result/tengine/dg/dg-LLVM14-O2-g/high_precision_20260325_125828/log/pta_fi.dot.stderr.log
pta_fi,PTA,fi,dot,"ShuffleVector instruction is not supported, loosing precision",/home/jimi/PaperExperiment/CompilerOptimization/Result/tengine/dg/dg-LLVM14-O2-g/high_precision_20260325_125828/log/pta_fi.dot.stderr.log
pta_fi,PTA,fi,dot,"ShuffleVector instruction is not supported, loosing precision",/home/jimi/PaperExperiment/CompilerOptimization/Result/tengine/dg/dg-LLVM14-O2-g/high_precision_20260325_125828/log/pta_fi.dot.stderr.log
pta_fi,PTA,fi,dot,"ShuffleVector instruction is not supported, loosing precision",/home/jimi/PaperExperiment/CompilerOptimization/Result/tengine/dg/dg-LLVM14-O2-g/high_precision_20260325_125828/log/pta_fi.dot.stderr.log
pta_fi,PTA,fi,dot,"ShuffleVector instruction is not supported, loosing precision",/home/jimi/PaperExperiment/CompilerOptimization/Result/tengine/dg/dg-LLVM14-O2-g/high_precision_20260325_125828/log/pta_fi.dot.stderr.log
pta_fi,PTA,fi,dot,"ShuffleVector instruction is not supported, loosing precision",/home/jimi/PaperExperiment/CompilerOptimization/Result/tengine/dg/dg-LLVM14-O2-g/high_precision_20260325_125828/log/pta_fi.dot.stderr.log
pta_fi,PTA,fi,dot,"ShuffleVector instruction is not supported, loosing precision",/home/jimi/PaperExperiment/CompilerOptimization/Result/tengine/dg/dg-LLVM14-O2-g/high_precision_20260325_125828/log/pta_fi.dot.stderr.log
pta_fi,PTA,fi,dot,"ShuffleVector instruction is not supported, loosing precision",/home/jimi/PaperExperiment/CompilerOptimization/Result/tengine/dg/dg-LLVM14-O2-g/high_precision_20260325_125828/log/pta_fi.dot.stderr.log
pta_fi,PTA,fi,dot,"ShuffleVector instruction is not supported, loosing precision",/home/jimi/PaperExperiment/CompilerOptimization/Result/tengine/dg/dg-LLVM14-O2-g/high_precision_20260325_125828/log/pta_fi.dot.stderr.log
pta_fs,PTA,fs,lines,"WARNING: Non-0 memset:   tail call void @llvm.memset.p0i8.i64(i8* noundef nonnull align 4 dereferenceable(512) %70, i8 -1, i64 512, i1 false), !dbg !950",/home/jimi/PaperExperiment/CompilerOptimization/Result/tengine/dg/dg-LLVM14-O2-g/high_precision_20260325_125828/log/pta_fs.lines.stderr.log
pta_fs,PTA,fs,lines,"WARNING: Non-0 memset:   call void @llvm.memset.p0i8.i64(i8* noundef nonnull align 1 dereferenceable(1) %134, i8 %132, i64 %135, i1 false), !dbg !964, !tbaa !889",/home/jimi/PaperExperiment/CompilerOptimization/Result/tengine/dg/dg-LLVM14-O2-g/high_precision_20260325_125828/log/pta_fs.lines.stderr.log
pta_fs,PTA,fs,lines,"WARNING: Non-0 memset:   call void @llvm.memset.p0i8.i64(i8* noundef nonnull align 1 dereferenceable(1) %94, i8 %92, i64 %95, i1 false), !dbg !964, !tbaa !889",/home/jimi/PaperExperiment/CompilerOptimization/Result/tengine/dg/dg-LLVM14-O2-g/high_precision_20260325_125828/log/pta_fs.lines.stderr.log
pta_fs,PTA,fs,lines,"WARNING: Non-0 memset:   call void @llvm.memset.p0i8.i64(i8* noundef nonnull align 1 dereferenceable(1) %111, i8 %109, i64 %112, i1 false), !dbg !964, !tbaa !889",/home/jimi/PaperExperiment/CompilerOptimization/Result/tengine/dg/dg-LLVM14-O2-g/high_precision_20260325_125828/log/pta_fs.lines.stderr.log
pta_fs,PTA,fs,lines,"WARNING: Non-0 memset:   tail call void @llvm.memset.p0i8.i64(i8* align 1 %696, i8 %703, i64 %704, i1 false) #30, !dbg !1675, !tbaa !921",/home/jimi/PaperExperiment/CompilerOptimization/Result/tengine/dg/dg-LLVM14-O2-g/high_precision_20260325_125828/log/pta_fs.lines.stderr.log
pta_fs,PTA,fs,lines,"WARNING: Non-0 memset:   call void @llvm.memset.p0i8.i64(i8* nonnull align 1 %506, i8 %501, i64 %507, i1 false) #30, !dbg !1430",/home/jimi/PaperExperiment/CompilerOptimization/Result/tengine/dg/dg-LLVM14-O2-g/high_precision_20260325_125828/log/pta_fs.lines.stderr.log
pta_fs,PTA,fs,lines,"ShuffleVector instruction is not supported, loosing precision",/home/jimi/PaperExperiment/CompilerOptimization/Result/tengine/dg/dg-LLVM14-O2-g/high_precision_20260325_125828/log/pta_fs.lines.stderr.log
pta_fs,PTA,fs,lines,"ShuffleVector instruction is not supported, loosing precision",/home/jimi/PaperExperiment/CompilerOptimization/Result/tengine/dg/dg-LLVM14-O2-g/high_precision_20260325_125828/log/pta_fs.lines.stderr.log
pta_fs,PTA,fs,lines,"ShuffleVector instruction is not supported, loosing precision",/home/jimi/PaperExperiment/CompilerOptimization/Result/tengine/dg/dg-LLVM14-O2-g/high_precision_20260325_125828/log/pta_fs.lines.stderr.log
pta_fs,PTA,fs,lines,"ShuffleVector instruction is not supported, loosing precision",/home/jimi/PaperExperiment/CompilerOptimization/Result/tengine/dg/dg-LLVM14-O2-g/high_precision_20260325_125828/log/pta_fs.lines.stderr.log
pta_fs,PTA,fs,lines,"ShuffleVector instruction is not supported, loosing precision",/home/jimi/PaperExperiment/CompilerOptimization/Result/tengine/dg/dg-LLVM14-O2-g/high_precision_20260325_125828/log/pta_fs.lines.stderr.log
pta_fs,PTA,fs,lines,"ShuffleVector instruction is not supported, loosing precision",/home/jimi/PaperExperiment/CompilerOptimization/Result/tengine/dg/dg-LLVM14-O2-g/high_precision_20260325_125828/log/pta_fs.lines.stderr.log
pta_fs,PTA,fs,lines,"ShuffleVector instruction is not supported, loosing precision",/home/jimi/PaperExperiment/CompilerOptimization/Result/tengine/dg/dg-LLVM14-O2-g/high_precision_20260325_125828/log/pta_fs.lines.stderr.log
pta_fs,PTA,fs,lines,"ShuffleVector instruction is not supported, loosing precision",/home/jimi/PaperExperiment/CompilerOptimization/Result/tengine/dg/dg-LLVM14-O2-g/high_precision_20260325_125828/log/pta_fs.lines.stderr.log
pta_fs,PTA,fs,lines,"ShuffleVector instruction is not supported, loosing precision",/home/jimi/PaperExperiment/CompilerOptimization/Result/tengine/dg/dg-LLVM14-O2-g/high_precision_20260325_125828/log/pta_fs.lines.stderr.log
pta_fs,PTA,fs,lines,"ShuffleVector instruction is not supported, loosing precision",/home/jimi/PaperExperiment/CompilerOptimization/Result/tengine/dg/dg-LLVM14-O2-g/high_precision_20260325_125828/log/pta_fs.lines.stderr.log
pta_fs,PTA,fs,lines,"ShuffleVector instruction is not supported, loosing precision",/home/jimi/PaperExperiment/CompilerOptimization/Result/tengine/dg/dg-LLVM14-O2-g/high_precision_20260325_125828/log/pta_fs.lines.stderr.log
pta_fs,PTA,fs,lines,"ShuffleVector instruction is not supported, loosing precision",/home/jimi/PaperExperiment/CompilerOptimization/Result/tengine/dg/dg-LLVM14-O2-g/high_precision_20260325_125828/log/pta_fs.lines.stderr.log
pta_fs,PTA,fs,lines,"ShuffleVector instruction is not supported, loosing precision",/home/jimi/PaperExperiment/CompilerOptimization/Result/tengine/dg/dg-LLVM14-O2-g/high_precision_20260325_125828/log/pta_fs.lines.stderr.log
pta_fs,PTA,fs,lines,"ShuffleVector instruction is not supported, loosing precision",/home/jimi/PaperExperiment/CompilerOptimization/Result/tengine/dg/dg-LLVM14-O2-g/high_precision_20260325_125828/log/pta_fs.lines.stderr.log
pta_fs,PTA,fs,lines,"ShuffleVector instruction is not supported, loosing precision",/home/jimi/PaperExperiment/CompilerOptimization/Result/tengine/dg/dg-LLVM14-O2-g/high_precision_20260325_125828/log/pta_fs.lines.stderr.log
pta_fs,PTA,fs,lines,"ShuffleVector instruction is not supported, loosing precision",/home/jimi/PaperExperiment/CompilerOptimization/Result/tengine/dg/dg-LLVM14-O2-g/high_precision_20260325_125828/log/pta_fs.lines.stderr.log
pta_fs,PTA,fs,lines,"ShuffleVector instruction is not supported, loosing precision",/home/jimi/PaperExperiment/CompilerOptimization/Result/tengine/dg/dg-LLVM14-O2-g/high_precision_20260325_125828/log/pta_fs.lines.stderr.log
pta_fs,PTA,fs,lines,"ShuffleVector instruction is not supported, loosing precision",/home/jimi/PaperExperiment/CompilerOptimization/Result/tengine/dg/dg-LLVM14-O2-g/high_precision_20260325_125828/log/pta_fs.lines.stderr.log
pta_fs,PTA,fs,lines,"ShuffleVector instruction is not supported, loosing precision",/home/jimi/PaperExperiment/CompilerOptimization/Result/tengine/dg/dg-LLVM14-O2-g/high_precision_20260325_125828/log/pta_fs.lines.stderr.log
pta_fs,PTA,fs,lines,"ShuffleVector instruction is not supported, loosing precision",/home/jimi/PaperExperiment/CompilerOptimization/Result/tengine/dg/dg-LLVM14-O2-g/high_precision_20260325_125828/log/pta_fs.lines.stderr.log
pta_fs,PTA,fs,lines,"ShuffleVector instruction is not supported, loosing precision",/home/jimi/PaperExperiment/CompilerOptimization/Result/tengine/dg/dg-LLVM14-O2-g/high_precision_20260325_125828/log/pta_fs.lines.stderr.log
pta_fs,PTA,fs,lines,"ShuffleVector instruction is not supported, loosing precision",/home/jimi/PaperExperiment/CompilerOptimization/Result/tengine/dg/dg-LLVM14-O2-g/high_precision_20260325_125828/log/pta_fs.lines.stderr.log
pta_fs,PTA,fs,lines,"ShuffleVector instruction is not supported, loosing precision",/home/jimi/PaperExperiment/CompilerOptimization/Result/tengine/dg/dg-LLVM14-O2-g/high_precision_20260325_125828/log/pta_fs.lines.stderr.log
pta_fs,PTA,fs,lines,"ShuffleVector instruction is not supported, loosing precision",/home/jimi/PaperExperiment/CompilerOptimization/Result/tengine/dg/dg-LLVM14-O2-g/high_precision_20260325_125828/log/pta_fs.lines.stderr.log
pta_fs,PTA,fs,lines,"ShuffleVector instruction is not supported, loosing precision",/home/jimi/PaperExperiment/CompilerOptimization/Result/tengine/dg/dg-LLVM14-O2-g/high_precision_20260325_125828/log/pta_fs.lines.stderr.log
pta_fs,PTA,fs,lines,"ShuffleVector instruction is not supported, loosing precision",/home/jimi/PaperExperiment/CompilerOptimization/Result/tengine/dg/dg-LLVM14-O2-g/high_precision_20260325_125828/log/pta_fs.lines.stderr.log
pta_fs,PTA,fs,lines,"ShuffleVector instruction is not supported, loosing precision",/home/jimi/PaperExperiment/CompilerOptimization/Result/tengine/dg/dg-LLVM14-O2-g/high_precision_20260325_125828/log/pta_fs.lines.stderr.log
pta_fs,PTA,fs,lines,"ShuffleVector instruction is not supported, loosing precision",/home/jimi/PaperExperiment/CompilerOptimization/Result/tengine/dg/dg-LLVM14-O2-g/high_precision_20260325_125828/log/pta_fs.lines.stderr.log
pta_fs,PTA,fs,lines,"ShuffleVector instruction is not supported, loosing precision",/home/jimi/PaperExperiment/CompilerOptimization/Result/tengine/dg/dg-LLVM14-O2-g/high_precision_20260325_125828/log/pta_fs.lines.stderr.log
pta_fs,PTA,fs,lines,"ShuffleVector instruction is not supported, loosing precision",/home/jimi/PaperExperiment/CompilerOptimization/Result/tengine/dg/dg-LLVM14-O2-g/high_precision_20260325_125828/log/pta_fs.lines.stderr.log
pta_fs,PTA,fs,lines,"ShuffleVector instruction is not supported, loosing precision",/home/jimi/PaperExperiment/CompilerOptimization/Result/tengine/dg/dg-LLVM14-O2-g/high_precision_20260325_125828/log/pta_fs.lines.stderr.log
pta_fs,PTA,fs,lines,"ShuffleVector instruction is not supported, loosing precision",/home/jimi/PaperExperiment/CompilerOptimization/Result/tengine/dg/dg-LLVM14-O2-g/high_precision_20260325_125828/log/pta_fs.lines.stderr.log
pta_fs,PTA,fs,lines,"ShuffleVector instruction is not supported, loosing precision",/home/jimi/PaperExperiment/CompilerOptimization/Result/tengine/dg/dg-LLVM14-O2-g/high_precision_20260325_125828/log/pta_fs.lines.stderr.log
pta_fs,PTA,fs,lines,"ShuffleVector instruction is not supported, loosing precision",/home/jimi/PaperExperiment/CompilerOptimization/Result/tengine/dg/dg-LLVM14-O2-g/high_precision_20260325_125828/log/pta_fs.lines.stderr.log
pta_fs,PTA,fs,lines,"ShuffleVector instruction is not supported, loosing precision",/home/jimi/PaperExperiment/CompilerOptimization/Result/tengine/dg/dg-LLVM14-O2-g/high_precision_20260325_125828/log/pta_fs.lines.stderr.log
pta_fs,PTA,fs,lines,"ShuffleVector instruction is not supported, loosing precision",/home/jimi/PaperExperiment/CompilerOptimization/Result/tengine/dg/dg-LLVM14-O2-g/high_precision_20260325_125828/log/pta_fs.lines.stderr.log
pta_fs,PTA,fs,lines,"WARNING: Non-0 memset:   tail call void @llvm.memset.p0i8.i64(i8* align 1 %301, i8 -1, i64 %304, i1 false), !dbg !1286",/home/jimi/PaperExperiment/CompilerOptimization/Result/tengine/dg/dg-LLVM14-O2-g/high_precision_20260325_125828/log/pta_fs.lines.stderr.log
pta_fs,PTA,fs,lines,IntToPtr with constant:   <badref> = inttoptr i64 1 to i8*,/home/jimi/PaperExperiment/CompilerOptimization/Result/tengine/dg/dg-LLVM14-O2-g/high_precision_20260325_125828/log/pta_fs.lines.stderr.log
pta_fs,PTA,fs,lines,"ShuffleVector instruction is not supported, loosing precision",/home/jimi/PaperExperiment/CompilerOptimization/Result/tengine/dg/dg-LLVM14-O2-g/high_precision_20260325_125828/log/pta_fs.lines.stderr.log
pta_fs,PTA,fs,lines,"ShuffleVector instruction is not supported, loosing precision",/home/jimi/PaperExperiment/CompilerOptimization/Result/tengine/dg/dg-LLVM14-O2-g/high_precision_20260325_125828/log/pta_fs.lines.stderr.log
pta_fs,PTA,fs,lines,"ShuffleVector instruction is not supported, loosing precision",/home/jimi/PaperExperiment/CompilerOptimization/Result/tengine/dg/dg-LLVM14-O2-g/high_precision_20260325_125828/log/pta_fs.lines.stderr.log
pta_fs,PTA,fs,lines,"ShuffleVector instruction is not supported, loosing precision",/home/jimi/PaperExperiment/CompilerOptimization/Result/tengine/dg/dg-LLVM14-O2-g/high_precision_20260325_125828/log/pta_fs.lines.stderr.log
pta_fs,PTA,fs,lines,"ShuffleVector instruction is not supported, loosing precision",/home/jimi/PaperExperiment/CompilerOptimization/Result/tengine/dg/dg-LLVM14-O2-g/high_precision_20260325_125828/log/pta_fs.lines.stderr.log
pta_fs,PTA,fs,lines,"ShuffleVector instruction is not supported, loosing precision",/home/jimi/PaperExperiment/CompilerOptimization/Result/tengine/dg/dg-LLVM14-O2-g/high_precision_20260325_125828/log/pta_fs.lines.stderr.log
pta_fs,PTA,fs,lines,"ShuffleVector instruction is not supported, loosing precision",/home/jimi/PaperExperiment/CompilerOptimization/Result/tengine/dg/dg-LLVM14-O2-g/high_precision_20260325_125828/log/pta_fs.lines.stderr.log
pta_fs,PTA,fs,lines,"ShuffleVector instruction is not supported, loosing precision",/home/jimi/PaperExperiment/CompilerOptimization/Result/tengine/dg/dg-LLVM14-O2-g/high_precision_20260325_125828/log/pta_fs.lines.stderr.log
pta_fs,PTA,fs,lines,"ShuffleVector instruction is not supported, loosing precision",/home/jimi/PaperExperiment/CompilerOptimization/Result/tengine/dg/dg-LLVM14-O2-g/high_precision_20260325_125828/log/pta_fs.lines.stderr.log
pta_fs,PTA,fs,lines,"ShuffleVector instruction is not supported, loosing precision",/home/jimi/PaperExperiment/CompilerOptimization/Result/tengine/dg/dg-LLVM14-O2-g/high_precision_20260325_125828/log/pta_fs.lines.stderr.log
pta_fs,PTA,fs,lines,"ShuffleVector instruction is not supported, loosing precision",/home/jimi/PaperExperiment/CompilerOptimization/Result/tengine/dg/dg-LLVM14-O2-g/high_precision_20260325_125828/log/pta_fs.lines.stderr.log
pta_fs,PTA,fs,lines,"ShuffleVector instruction is not supported, loosing precision",/home/jimi/PaperExperiment/CompilerOptimization/Result/tengine/dg/dg-LLVM14-O2-g/high_precision_20260325_125828/log/pta_fs.lines.stderr.log
pta_fs,PTA,fs,lines,"ShuffleVector instruction is not supported, loosing precision",/home/jimi/PaperExperiment/CompilerOptimization/Result/tengine/dg/dg-LLVM14-O2-g/high_precision_20260325_125828/log/pta_fs.lines.stderr.log
pta_fs,PTA,fs,lines,"ShuffleVector instruction is not supported, loosing precision",/home/jimi/PaperExperiment/CompilerOptimization/Result/tengine/dg/dg-LLVM14-O2-g/high_precision_20260325_125828/log/pta_fs.lines.stderr.log
pta_fs,PTA,fs,lines,"ShuffleVector instruction is not supported, loosing precision",/home/jimi/PaperExperiment/CompilerOptimization/Result/tengine/dg/dg-LLVM14-O2-g/high_precision_20260325_125828/log/pta_fs.lines.stderr.log
pta_fs,PTA,fs,lines,"ShuffleVector instruction is not supported, loosing precision",/home/jimi/PaperExperiment/CompilerOptimization/Result/tengine/dg/dg-LLVM14-O2-g/high_precision_20260325_125828/log/pta_fs.lines.stderr.log
pta_fs,PTA,fs,lines,"ShuffleVector instruction is not supported, loosing precision",/home/jimi/PaperExperiment/CompilerOptimization/Result/tengine/dg/dg-LLVM14-O2-g/high_precision_20260325_125828/log/pta_fs.lines.stderr.log
pta_fs,PTA,fs,lines,"ShuffleVector instruction is not supported, loosing precision",/home/jimi/PaperExperiment/CompilerOptimization/Result/tengine/dg/dg-LLVM14-O2-g/high_precision_20260325_125828/log/pta_fs.lines.stderr.log
pta_fs,PTA,fs,lines,"ShuffleVector instruction is not supported, loosing precision",/home/jimi/PaperExperiment/CompilerOptimization/Result/tengine/dg/dg-LLVM14-O2-g/high_precision_20260325_125828/log/pta_fs.lines.stderr.log
pta_fs,PTA,fs,lines,"ShuffleVector instruction is not supported, loosing precision",/home/jimi/PaperExperiment/CompilerOptimization/Result/tengine/dg/dg-LLVM14-O2-g/high_precision_20260325_125828/log/pta_fs.lines.stderr.log
pta_fs,PTA,fs,lines,"ShuffleVector instruction is not supported, loosing precision",/home/jimi/PaperExperiment/CompilerOptimization/Result/tengine/dg/dg-LLVM14-O2-g/high_precision_20260325_125828/log/pta_fs.lines.stderr.log
pta_fs,PTA,fs,lines,"ShuffleVector instruction is not supported, loosing precision",/home/jimi/PaperExperiment/CompilerOptimization/Result/tengine/dg/dg-LLVM14-O2-g/high_precision_20260325_125828/log/pta_fs.lines.stderr.log
pta_fs,PTA,fs,lines,"ShuffleVector instruction is not supported, loosing precision",/home/jimi/PaperExperiment/CompilerOptimization/Result/tengine/dg/dg-LLVM14-O2-g/high_precision_20260325_125828/log/pta_fs.lines.stderr.log
pta_fs,PTA,fs,lines,"ShuffleVector instruction is not supported, loosing precision",/home/jimi/PaperExperiment/CompilerOptimization/Result/tengine/dg/dg-LLVM14-O2-g/high_precision_20260325_125828/log/pta_fs.lines.stderr.log
pta_fs,PTA,fs,lines,"ShuffleVector instruction is not supported, loosing precision",/home/jimi/PaperExperiment/CompilerOptimization/Result/tengine/dg/dg-LLVM14-O2-g/high_precision_20260325_125828/log/pta_fs.lines.stderr.log
pta_fs,PTA,fs,lines,"ShuffleVector instruction is not supported, loosing precision",/home/jimi/PaperExperiment/CompilerOptimization/Result/tengine/dg/dg-LLVM14-O2-g/high_precision_20260325_125828/log/pta_fs.lines.stderr.log
pta_fs,PTA,fs,lines,"ShuffleVector instruction is not supported, loosing precision",/home/jimi/PaperExperiment/CompilerOptimization/Result/tengine/dg/dg-LLVM14-O2-g/high_precision_20260325_125828/log/pta_fs.lines.stderr.log
pta_fs,PTA,fs,lines,"ShuffleVector instruction is not supported, loosing precision",/home/jimi/PaperExperiment/CompilerOptimization/Result/tengine/dg/dg-LLVM14-O2-g/high_precision_20260325_125828/log/pta_fs.lines.stderr.log
pta_fs,PTA,fs,lines,"ShuffleVector instruction is not supported, loosing precision",/home/jimi/PaperExperiment/CompilerOptimization/Result/tengine/dg/dg-LLVM14-O2-g/high_precision_20260325_125828/log/pta_fs.lines.stderr.log
pta_fs,PTA,fs,lines,"ShuffleVector instruction is not supported, loosing precision",/home/jimi/PaperExperiment/CompilerOptimization/Result/tengine/dg/dg-LLVM14-O2-g/high_precision_20260325_125828/log/pta_fs.lines.stderr.log
pta_fs,PTA,fs,lines,"ShuffleVector instruction is not supported, loosing precision",/home/jimi/PaperExperiment/CompilerOptimization/Result/tengine/dg/dg-LLVM14-O2-g/high_precision_20260325_125828/log/pta_fs.lines.stderr.log
pta_fs,PTA,fs,lines,"ShuffleVector instruction is not supported, loosing precision",/home/jimi/PaperExperiment/CompilerOptimization/Result/tengine/dg/dg-LLVM14-O2-g/high_precision_20260325_125828/log/pta_fs.lines.stderr.log
pta_fs,PTA,fs,lines,"ShuffleVector instruction is not supported, loosing precision",/home/jimi/PaperExperiment/CompilerOptimization/Result/tengine/dg/dg-LLVM14-O2-g/high_precision_20260325_125828/log/pta_fs.lines.stderr.log
pta_fs,PTA,fs,lines,"ShuffleVector instruction is not supported, loosing precision",/home/jimi/PaperExperiment/CompilerOptimization/Result/tengine/dg/dg-LLVM14-O2-g/high_precision_20260325_125828/log/pta_fs.lines.stderr.log
pta_fs,PTA,fs,lines,"ShuffleVector instruction is not supported, loosing precision",/home/jimi/PaperExperiment/CompilerOptimization/Result/tengine/dg/dg-LLVM14-O2-g/high_precision_20260325_125828/log/pta_fs.lines.stderr.log
pta_fs,PTA,fs,lines,"ShuffleVector instruction is not supported, loosing precision",/home/jimi/PaperExperiment/CompilerOptimization/Result/tengine/dg/dg-LLVM14-O2-g/high_precision_20260325_125828/log/pta_fs.lines.stderr.log
pta_fs,PTA,fs,lines,"ShuffleVector instruction is not supported, loosing precision",/home/jimi/PaperExperiment/CompilerOptimization/Result/tengine/dg/dg-LLVM14-O2-g/high_precision_20260325_125828/log/pta_fs.lines.stderr.log
pta_fs,PTA,fs,lines,"ShuffleVector instruction is not supported, loosing precision",/home/jimi/PaperExperiment/CompilerOptimization/Result/tengine/dg/dg-LLVM14-O2-g/high_precision_20260325_125828/log/pta_fs.lines.stderr.log
pta_fs,PTA,fs,lines,"ShuffleVector instruction is not supported, loosing precision",/home/jimi/PaperExperiment/CompilerOptimization/Result/tengine/dg/dg-LLVM14-O2-g/high_precision_20260325_125828/log/pta_fs.lines.stderr.log
pta_fs,PTA,fs,lines,"ShuffleVector instruction is not supported, loosing precision",/home/jimi/PaperExperiment/CompilerOptimization/Result/tengine/dg/dg-LLVM14-O2-g/high_precision_20260325_125828/log/pta_fs.lines.stderr.log
pta_fs,PTA,fs,lines,"ShuffleVector instruction is not supported, loosing precision",/home/jimi/PaperExperiment/CompilerOptimization/Result/tengine/dg/dg-LLVM14-O2-g/high_precision_20260325_125828/log/pta_fs.lines.stderr.log
pta_fs,PTA,fs,lines,"ShuffleVector instruction is not supported, loosing precision",/home/jimi/PaperExperiment/CompilerOptimization/Result/tengine/dg/dg-LLVM14-O2-g/high_precision_20260325_125828/log/pta_fs.lines.stderr.log
pta_fs,PTA,fs,lines,"ShuffleVector instruction is not supported, loosing precision",/home/jimi/PaperExperiment/CompilerOptimization/Result/tengine/dg/dg-LLVM14-O2-g/high_precision_20260325_125828/log/pta_fs.lines.stderr.log
pta_fs,PTA,fs,lines,"ShuffleVector instruction is not supported, loosing precision",/home/jimi/PaperExperiment/CompilerOptimization/Result/tengine/dg/dg-LLVM14-O2-g/high_precision_20260325_125828/log/pta_fs.lines.stderr.log
pta_fs,PTA,fs,lines,"ShuffleVector instruction is not supported, loosing precision",/home/jimi/PaperExperiment/CompilerOptimization/Result/tengine/dg/dg-LLVM14-O2-g/high_precision_20260325_125828/log/pta_fs.lines.stderr.log
pta_fs,PTA,fs,lines,"ShuffleVector instruction is not supported, loosing precision",/home/jimi/PaperExperiment/CompilerOptimization/Result/tengine/dg/dg-LLVM14-O2-g/high_precision_20260325_125828/log/pta_fs.lines.stderr.log
pta_fs,PTA,fs,lines,"ShuffleVector instruction is not supported, loosing precision",/home/jimi/PaperExperiment/CompilerOptimization/Result/tengine/dg/dg-LLVM14-O2-g/high_precision_20260325_125828/log/pta_fs.lines.stderr.log
pta_fs,PTA,fs,lines,"ShuffleVector instruction is not supported, loosing precision",/home/jimi/PaperExperiment/CompilerOptimization/Result/tengine/dg/dg-LLVM14-O2-g/high_precision_20260325_125828/log/pta_fs.lines.stderr.log
pta_fs,PTA,fs,lines,"ShuffleVector instruction is not supported, loosing precision",/home/jimi/PaperExperiment/CompilerOptimization/Result/tengine/dg/dg-LLVM14-O2-g/high_precision_20260325_125828/log/pta_fs.lines.stderr.log
pta_fs,PTA,fs,lines,"ShuffleVector instruction is not supported, loosing precision",/home/jimi/PaperExperiment/CompilerOptimization/Result/tengine/dg/dg-LLVM14-O2-g/high_precision_20260325_125828/log/pta_fs.lines.stderr.log
pta_fs,PTA,fs,lines,"ShuffleVector instruction is not supported, loosing precision",/home/jimi/PaperExperiment/CompilerOptimization/Result/tengine/dg/dg-LLVM14-O2-g/high_precision_20260325_125828/log/pta_fs.lines.stderr.log
pta_fs,PTA,fs,lines,"ShuffleVector instruction is not supported, loosing precision",/home/jimi/PaperExperiment/CompilerOptimization/Result/tengine/dg/dg-LLVM14-O2-g/high_precision_20260325_125828/log/pta_fs.lines.stderr.log
pta_fs,PTA,fs,lines,"ShuffleVector instruction is not supported, loosing precision",/home/jimi/PaperExperiment/CompilerOptimization/Result/tengine/dg/dg-LLVM14-O2-g/high_precision_20260325_125828/log/pta_fs.lines.stderr.log
pta_fs,PTA,fs,lines,"ShuffleVector instruction is not supported, loosing precision",/home/jimi/PaperExperiment/CompilerOptimization/Result/tengine/dg/dg-LLVM14-O2-g/high_precision_20260325_125828/log/pta_fs.lines.stderr.log
pta_fs,PTA,fs,lines,"ShuffleVector instruction is not supported, loosing precision",/home/jimi/PaperExperiment/CompilerOptimization/Result/tengine/dg/dg-LLVM14-O2-g/high_precision_20260325_125828/log/pta_fs.lines.stderr.log
pta_fs,PTA,fs,lines,"ShuffleVector instruction is not supported, loosing precision",/home/jimi/PaperExperiment/CompilerOptimization/Result/tengine/dg/dg-LLVM14-O2-g/high_precision_20260325_125828/log/pta_fs.lines.stderr.log
pta_fs,PTA,fs,lines,"ShuffleVector instruction is not supported, loosing precision",/home/jimi/PaperExperiment/CompilerOptimization/Result/tengine/dg/dg-LLVM14-O2-g/high_precision_20260325_125828/log/pta_fs.lines.stderr.log
pta_fs,PTA,fs,lines,"ShuffleVector instruction is not supported, loosing precision",/home/jimi/PaperExperiment/CompilerOptimization/Result/tengine/dg/dg-LLVM14-O2-g/high_precision_20260325_125828/log/pta_fs.lines.stderr.log
pta_fs,PTA,fs,lines,"ShuffleVector instruction is not supported, loosing precision",/home/jimi/PaperExperiment/CompilerOptimization/Result/tengine/dg/dg-LLVM14-O2-g/high_precision_20260325_125828/log/pta_fs.lines.stderr.log
pta_fs,PTA,fs,lines,"ShuffleVector instruction is not supported, loosing precision",/home/jimi/PaperExperiment/CompilerOptimization/Result/tengine/dg/dg-LLVM14-O2-g/high_precision_20260325_125828/log/pta_fs.lines.stderr.log
pta_fs,PTA,fs,lines,"ShuffleVector instruction is not supported, loosing precision",/home/jimi/PaperExperiment/CompilerOptimization/Result/tengine/dg/dg-LLVM14-O2-g/high_precision_20260325_125828/log/pta_fs.lines.stderr.log
pta_fs,PTA,fs,lines,"ShuffleVector instruction is not supported, loosing precision",/home/jimi/PaperExperiment/CompilerOptimization/Result/tengine/dg/dg-LLVM14-O2-g/high_precision_20260325_125828/log/pta_fs.lines.stderr.log
pta_fs,PTA,fs,lines,"ShuffleVector instruction is not supported, loosing precision",/home/jimi/PaperExperiment/CompilerOptimization/Result/tengine/dg/dg-LLVM14-O2-g/high_precision_20260325_125828/log/pta_fs.lines.stderr.log
pta_fs,PTA,fs,lines,"ShuffleVector instruction is not supported, loosing precision",/home/jimi/PaperExperiment/CompilerOptimization/Result/tengine/dg/dg-LLVM14-O2-g/high_precision_20260325_125828/log/pta_fs.lines.stderr.log
pta_fs,PTA,fs,lines,"ShuffleVector instruction is not supported, loosing precision",/home/jimi/PaperExperiment/CompilerOptimization/Result/tengine/dg/dg-LLVM14-O2-g/high_precision_20260325_125828/log/pta_fs.lines.stderr.log
pta_fs,PTA,fs,lines,"ShuffleVector instruction is not supported, loosing precision",/home/jimi/PaperExperiment/CompilerOptimization/Result/tengine/dg/dg-LLVM14-O2-g/high_precision_20260325_125828/log/pta_fs.lines.stderr.log
pta_fs,PTA,fs,lines,"ShuffleVector instruction is not supported, loosing precision",/home/jimi/PaperExperiment/CompilerOptimization/Result/tengine/dg/dg-LLVM14-O2-g/high_precision_20260325_125828/log/pta_fs.lines.stderr.log
pta_fs,PTA,fs,lines,"ShuffleVector instruction is not supported, loosing precision",/home/jimi/PaperExperiment/CompilerOptimization/Result/tengine/dg/dg-LLVM14-O2-g/high_precision_20260325_125828/log/pta_fs.lines.stderr.log
pta_fs,PTA,fs,lines,"ShuffleVector instruction is not supported, loosing precision",/home/jimi/PaperExperiment/CompilerOptimization/Result/tengine/dg/dg-LLVM14-O2-g/high_precision_20260325_125828/log/pta_fs.lines.stderr.log
pta_fs,PTA,fs,lines,"ShuffleVector instruction is not supported, loosing precision",/home/jimi/PaperExperiment/CompilerOptimization/Result/tengine/dg/dg-LLVM14-O2-g/high_precision_20260325_125828/log/pta_fs.lines.stderr.log
pta_fs,PTA,fs,lines,"ShuffleVector instruction is not supported, loosing precision",/home/jimi/PaperExperiment/CompilerOptimization/Result/tengine/dg/dg-LLVM14-O2-g/high_precision_20260325_125828/log/pta_fs.lines.stderr.log
pta_fs,PTA,fs,lines,"ShuffleVector instruction is not supported, loosing precision",/home/jimi/PaperExperiment/CompilerOptimization/Result/tengine/dg/dg-LLVM14-O2-g/high_precision_20260325_125828/log/pta_fs.lines.stderr.log
pta_fs,PTA,fs,lines,"ShuffleVector instruction is not supported, loosing precision",/home/jimi/PaperExperiment/CompilerOptimization/Result/tengine/dg/dg-LLVM14-O2-g/high_precision_20260325_125828/log/pta_fs.lines.stderr.log
pta_fs,PTA,fs,lines,"ShuffleVector instruction is not supported, loosing precision",/home/jimi/PaperExperiment/CompilerOptimization/Result/tengine/dg/dg-LLVM14-O2-g/high_precision_20260325_125828/log/pta_fs.lines.stderr.log
pta_fs,PTA,fs,lines,"ShuffleVector instruction is not supported, loosing precision",/home/jimi/PaperExperiment/CompilerOptimization/Result/tengine/dg/dg-LLVM14-O2-g/high_precision_20260325_125828/log/pta_fs.lines.stderr.log
pta_fs,PTA,fs,lines,"ShuffleVector instruction is not supported, loosing precision",/home/jimi/PaperExperiment/CompilerOptimization/Result/tengine/dg/dg-LLVM14-O2-g/high_precision_20260325_125828/log/pta_fs.lines.stderr.log
pta_fs,PTA,fs,lines,"ShuffleVector instruction is not supported, loosing precision",/home/jimi/PaperExperiment/CompilerOptimization/Result/tengine/dg/dg-LLVM14-O2-g/high_precision_20260325_125828/log/pta_fs.lines.stderr.log
pta_fs,PTA,fs,lines,"ShuffleVector instruction is not supported, loosing precision",/home/jimi/PaperExperiment/CompilerOptimization/Result/tengine/dg/dg-LLVM14-O2-g/high_precision_20260325_125828/log/pta_fs.lines.stderr.log
pta_fs,PTA,fs,lines,"ShuffleVector instruction is not supported, loosing precision",/home/jimi/PaperExperiment/CompilerOptimization/Result/tengine/dg/dg-LLVM14-O2-g/high_precision_20260325_125828/log/pta_fs.lines.stderr.log
pta_fs,PTA,fs,lines,"ShuffleVector instruction is not supported, loosing precision",/home/jimi/PaperExperiment/CompilerOptimization/Result/tengine/dg/dg-LLVM14-O2-g/high_precision_20260325_125828/log/pta_fs.lines.stderr.log
pta_fs,PTA,fs,lines,"ShuffleVector instruction is not supported, loosing precision",/home/jimi/PaperExperiment/CompilerOptimization/Result/tengine/dg/dg-LLVM14-O2-g/high_precision_20260325_125828/log/pta_fs.lines.stderr.log
pta_fs,PTA,fs,lines,"ShuffleVector instruction is not supported, loosing precision",/home/jimi/PaperExperiment/CompilerOptimization/Result/tengine/dg/dg-LLVM14-O2-g/high_precision_20260325_125828/log/pta_fs.lines.stderr.log
pta_fs,PTA,fs,lines,"ShuffleVector instruction is not supported, loosing precision",/home/jimi/PaperExperiment/CompilerOptimization/Result/tengine/dg/dg-LLVM14-O2-g/high_precision_20260325_125828/log/pta_fs.lines.stderr.log
pta_fs,PTA,fs,lines,"ShuffleVector instruction is not supported, loosing precision",/home/jimi/PaperExperiment/CompilerOptimization/Result/tengine/dg/dg-LLVM14-O2-g/high_precision_20260325_125828/log/pta_fs.lines.stderr.log
pta_fs,PTA,fs,lines,"ShuffleVector instruction is not supported, loosing precision",/home/jimi/PaperExperiment/CompilerOptimization/Result/tengine/dg/dg-LLVM14-O2-g/high_precision_20260325_125828/log/pta_fs.lines.stderr.log
pta_fs,PTA,fs,lines,"ShuffleVector instruction is not supported, loosing precision",/home/jimi/PaperExperiment/CompilerOptimization/Result/tengine/dg/dg-LLVM14-O2-g/high_precision_20260325_125828/log/pta_fs.lines.stderr.log
pta_fs,PTA,fs,lines,"ShuffleVector instruction is not supported, loosing precision",/home/jimi/PaperExperiment/CompilerOptimization/Result/tengine/dg/dg-LLVM14-O2-g/high_precision_20260325_125828/log/pta_fs.lines.stderr.log
pta_fs,PTA,fs,lines,"ShuffleVector instruction is not supported, loosing precision",/home/jimi/PaperExperiment/CompilerOptimization/Result/tengine/dg/dg-LLVM14-O2-g/high_precision_20260325_125828/log/pta_fs.lines.stderr.log
pta_fs,PTA,fs,lines,"ShuffleVector instruction is not supported, loosing precision",/home/jimi/PaperExperiment/CompilerOptimization/Result/tengine/dg/dg-LLVM14-O2-g/high_precision_20260325_125828/log/pta_fs.lines.stderr.log
pta_fs,PTA,fs,lines,"ShuffleVector instruction is not supported, loosing precision",/home/jimi/PaperExperiment/CompilerOptimization/Result/tengine/dg/dg-LLVM14-O2-g/high_precision_20260325_125828/log/pta_fs.lines.stderr.log
pta_fs,PTA,fs,lines,"ShuffleVector instruction is not supported, loosing precision",/home/jimi/PaperExperiment/CompilerOptimization/Result/tengine/dg/dg-LLVM14-O2-g/high_precision_20260325_125828/log/pta_fs.lines.stderr.log
pta_fs,PTA,fs,lines,"ShuffleVector instruction is not supported, loosing precision",/home/jimi/PaperExperiment/CompilerOptimization/Result/tengine/dg/dg-LLVM14-O2-g/high_precision_20260325_125828/log/pta_fs.lines.stderr.log
pta_fs,PTA,fs,lines,"ShuffleVector instruction is not supported, loosing precision",/home/jimi/PaperExperiment/CompilerOptimization/Result/tengine/dg/dg-LLVM14-O2-g/high_precision_20260325_125828/log/pta_fs.lines.stderr.log
pta_fs,PTA,fs,lines,"ShuffleVector instruction is not supported, loosing precision",/home/jimi/PaperExperiment/CompilerOptimization/Result/tengine/dg/dg-LLVM14-O2-g/high_precision_20260325_125828/log/pta_fs.lines.stderr.log
pta_fs,PTA,fs,lines,"ShuffleVector instruction is not supported, loosing precision",/home/jimi/PaperExperiment/CompilerOptimization/Result/tengine/dg/dg-LLVM14-O2-g/high_precision_20260325_125828/log/pta_fs.lines.stderr.log
pta_fs,PTA,fs,lines,"ShuffleVector instruction is not supported, loosing precision",/home/jimi/PaperExperiment/CompilerOptimization/Result/tengine/dg/dg-LLVM14-O2-g/high_precision_20260325_125828/log/pta_fs.lines.stderr.log
pta_fs,PTA,fs,lines,"ShuffleVector instruction is not supported, loosing precision",/home/jimi/PaperExperiment/CompilerOptimization/Result/tengine/dg/dg-LLVM14-O2-g/high_precision_20260325_125828/log/pta_fs.lines.stderr.log
pta_fs,PTA,fs,lines,"ShuffleVector instruction is not supported, loosing precision",/home/jimi/PaperExperiment/CompilerOptimization/Result/tengine/dg/dg-LLVM14-O2-g/high_precision_20260325_125828/log/pta_fs.lines.stderr.log
pta_fs,PTA,fs,lines,"ShuffleVector instruction is not supported, loosing precision",/home/jimi/PaperExperiment/CompilerOptimization/Result/tengine/dg/dg-LLVM14-O2-g/high_precision_20260325_125828/log/pta_fs.lines.stderr.log
pta_fs,PTA,fs,lines,"ShuffleVector instruction is not supported, loosing precision",/home/jimi/PaperExperiment/CompilerOptimization/Result/tengine/dg/dg-LLVM14-O2-g/high_precision_20260325_125828/log/pta_fs.lines.stderr.log
pta_fs,PTA,fs,lines,"ShuffleVector instruction is not supported, loosing precision",/home/jimi/PaperExperiment/CompilerOptimization/Result/tengine/dg/dg-LLVM14-O2-g/high_precision_20260325_125828/log/pta_fs.lines.stderr.log
pta_fs,PTA,fs,lines,"ShuffleVector instruction is not supported, loosing precision",/home/jimi/PaperExperiment/CompilerOptimization/Result/tengine/dg/dg-LLVM14-O2-g/high_precision_20260325_125828/log/pta_fs.lines.stderr.log
pta_fs,PTA,fs,lines,"ShuffleVector instruction is not supported, loosing precision",/home/jimi/PaperExperiment/CompilerOptimization/Result/tengine/dg/dg-LLVM14-O2-g/high_precision_20260325_125828/log/pta_fs.lines.stderr.log
pta_fs,PTA,fs,lines,"ShuffleVector instruction is not supported, loosing precision",/home/jimi/PaperExperiment/CompilerOptimization/Result/tengine/dg/dg-LLVM14-O2-g/high_precision_20260325_125828/log/pta_fs.lines.stderr.log
pta_fs,PTA,fs,lines,"ShuffleVector instruction is not supported, loosing precision",/home/jimi/PaperExperiment/CompilerOptimization/Result/tengine/dg/dg-LLVM14-O2-g/high_precision_20260325_125828/log/pta_fs.lines.stderr.log
pta_fs,PTA,fs,lines,"ShuffleVector instruction is not supported, loosing precision",/home/jimi/PaperExperiment/CompilerOptimization/Result/tengine/dg/dg-LLVM14-O2-g/high_precision_20260325_125828/log/pta_fs.lines.stderr.log
pta_fs,PTA,fs,lines,"ShuffleVector instruction is not supported, loosing precision",/home/jimi/PaperExperiment/CompilerOptimization/Result/tengine/dg/dg-LLVM14-O2-g/high_precision_20260325_125828/log/pta_fs.lines.stderr.log
pta_fs,PTA,fs,lines,"ShuffleVector instruction is not supported, loosing precision",/home/jimi/PaperExperiment/CompilerOptimization/Result/tengine/dg/dg-LLVM14-O2-g/high_precision_20260325_125828/log/pta_fs.lines.stderr.log
pta_fs,PTA,fs,dot,"WARNING: Non-0 memset:   tail call void @llvm.memset.p0i8.i64(i8* noundef nonnull align 4 dereferenceable(512) %70, i8 -1, i64 512, i1 false), !dbg !950",/home/jimi/PaperExperiment/CompilerOptimization/Result/tengine/dg/dg-LLVM14-O2-g/high_precision_20260325_125828/log/pta_fs.dot.stderr.log
pta_fs,PTA,fs,dot,"WARNING: Non-0 memset:   call void @llvm.memset.p0i8.i64(i8* noundef nonnull align 1 dereferenceable(1) %134, i8 %132, i64 %135, i1 false), !dbg !964, !tbaa !889",/home/jimi/PaperExperiment/CompilerOptimization/Result/tengine/dg/dg-LLVM14-O2-g/high_precision_20260325_125828/log/pta_fs.dot.stderr.log
pta_fs,PTA,fs,dot,"WARNING: Non-0 memset:   call void @llvm.memset.p0i8.i64(i8* noundef nonnull align 1 dereferenceable(1) %94, i8 %92, i64 %95, i1 false), !dbg !964, !tbaa !889",/home/jimi/PaperExperiment/CompilerOptimization/Result/tengine/dg/dg-LLVM14-O2-g/high_precision_20260325_125828/log/pta_fs.dot.stderr.log
pta_fs,PTA,fs,dot,"WARNING: Non-0 memset:   call void @llvm.memset.p0i8.i64(i8* noundef nonnull align 1 dereferenceable(1) %111, i8 %109, i64 %112, i1 false), !dbg !964, !tbaa !889",/home/jimi/PaperExperiment/CompilerOptimization/Result/tengine/dg/dg-LLVM14-O2-g/high_precision_20260325_125828/log/pta_fs.dot.stderr.log
pta_fs,PTA,fs,dot,"WARNING: Non-0 memset:   tail call void @llvm.memset.p0i8.i64(i8* align 1 %696, i8 %703, i64 %704, i1 false) #30, !dbg !1675, !tbaa !921",/home/jimi/PaperExperiment/CompilerOptimization/Result/tengine/dg/dg-LLVM14-O2-g/high_precision_20260325_125828/log/pta_fs.dot.stderr.log
pta_fs,PTA,fs,dot,"WARNING: Non-0 memset:   call void @llvm.memset.p0i8.i64(i8* nonnull align 1 %506, i8 %501, i64 %507, i1 false) #30, !dbg !1430",/home/jimi/PaperExperiment/CompilerOptimization/Result/tengine/dg/dg-LLVM14-O2-g/high_precision_20260325_125828/log/pta_fs.dot.stderr.log
pta_fs,PTA,fs,dot,"ShuffleVector instruction is not supported, loosing precision",/home/jimi/PaperExperiment/CompilerOptimization/Result/tengine/dg/dg-LLVM14-O2-g/high_precision_20260325_125828/log/pta_fs.dot.stderr.log
pta_fs,PTA,fs,dot,"ShuffleVector instruction is not supported, loosing precision",/home/jimi/PaperExperiment/CompilerOptimization/Result/tengine/dg/dg-LLVM14-O2-g/high_precision_20260325_125828/log/pta_fs.dot.stderr.log
pta_fs,PTA,fs,dot,"ShuffleVector instruction is not supported, loosing precision",/home/jimi/PaperExperiment/CompilerOptimization/Result/tengine/dg/dg-LLVM14-O2-g/high_precision_20260325_125828/log/pta_fs.dot.stderr.log
pta_fs,PTA,fs,dot,"ShuffleVector instruction is not supported, loosing precision",/home/jimi/PaperExperiment/CompilerOptimization/Result/tengine/dg/dg-LLVM14-O2-g/high_precision_20260325_125828/log/pta_fs.dot.stderr.log
pta_fs,PTA,fs,dot,"ShuffleVector instruction is not supported, loosing precision",/home/jimi/PaperExperiment/CompilerOptimization/Result/tengine/dg/dg-LLVM14-O2-g/high_precision_20260325_125828/log/pta_fs.dot.stderr.log
pta_fs,PTA,fs,dot,"ShuffleVector instruction is not supported, loosing precision",/home/jimi/PaperExperiment/CompilerOptimization/Result/tengine/dg/dg-LLVM14-O2-g/high_precision_20260325_125828/log/pta_fs.dot.stderr.log
pta_fs,PTA,fs,dot,"ShuffleVector instruction is not supported, loosing precision",/home/jimi/PaperExperiment/CompilerOptimization/Result/tengine/dg/dg-LLVM14-O2-g/high_precision_20260325_125828/log/pta_fs.dot.stderr.log
pta_fs,PTA,fs,dot,"ShuffleVector instruction is not supported, loosing precision",/home/jimi/PaperExperiment/CompilerOptimization/Result/tengine/dg/dg-LLVM14-O2-g/high_precision_20260325_125828/log/pta_fs.dot.stderr.log
pta_fs,PTA,fs,dot,"ShuffleVector instruction is not supported, loosing precision",/home/jimi/PaperExperiment/CompilerOptimization/Result/tengine/dg/dg-LLVM14-O2-g/high_precision_20260325_125828/log/pta_fs.dot.stderr.log
pta_fs,PTA,fs,dot,"ShuffleVector instruction is not supported, loosing precision",/home/jimi/PaperExperiment/CompilerOptimization/Result/tengine/dg/dg-LLVM14-O2-g/high_precision_20260325_125828/log/pta_fs.dot.stderr.log
pta_fs,PTA,fs,dot,"ShuffleVector instruction is not supported, loosing precision",/home/jimi/PaperExperiment/CompilerOptimization/Result/tengine/dg/dg-LLVM14-O2-g/high_precision_20260325_125828/log/pta_fs.dot.stderr.log
pta_fs,PTA,fs,dot,"ShuffleVector instruction is not supported, loosing precision",/home/jimi/PaperExperiment/CompilerOptimization/Result/tengine/dg/dg-LLVM14-O2-g/high_precision_20260325_125828/log/pta_fs.dot.stderr.log
pta_fs,PTA,fs,dot,"ShuffleVector instruction is not supported, loosing precision",/home/jimi/PaperExperiment/CompilerOptimization/Result/tengine/dg/dg-LLVM14-O2-g/high_precision_20260325_125828/log/pta_fs.dot.stderr.log
pta_fs,PTA,fs,dot,"ShuffleVector instruction is not supported, loosing precision",/home/jimi/PaperExperiment/CompilerOptimization/Result/tengine/dg/dg-LLVM14-O2-g/high_precision_20260325_125828/log/pta_fs.dot.stderr.log
pta_fs,PTA,fs,dot,"ShuffleVector instruction is not supported, loosing precision",/home/jimi/PaperExperiment/CompilerOptimization/Result/tengine/dg/dg-LLVM14-O2-g/high_precision_20260325_125828/log/pta_fs.dot.stderr.log
pta_fs,PTA,fs,dot,"ShuffleVector instruction is not supported, loosing precision",/home/jimi/PaperExperiment/CompilerOptimization/Result/tengine/dg/dg-LLVM14-O2-g/high_precision_20260325_125828/log/pta_fs.dot.stderr.log
pta_fs,PTA,fs,dot,"ShuffleVector instruction is not supported, loosing precision",/home/jimi/PaperExperiment/CompilerOptimization/Result/tengine/dg/dg-LLVM14-O2-g/high_precision_20260325_125828/log/pta_fs.dot.stderr.log
pta_fs,PTA,fs,dot,"ShuffleVector instruction is not supported, loosing precision",/home/jimi/PaperExperiment/CompilerOptimization/Result/tengine/dg/dg-LLVM14-O2-g/high_precision_20260325_125828/log/pta_fs.dot.stderr.log
pta_fs,PTA,fs,dot,"ShuffleVector instruction is not supported, loosing precision",/home/jimi/PaperExperiment/CompilerOptimization/Result/tengine/dg/dg-LLVM14-O2-g/high_precision_20260325_125828/log/pta_fs.dot.stderr.log
pta_fs,PTA,fs,dot,"ShuffleVector instruction is not supported, loosing precision",/home/jimi/PaperExperiment/CompilerOptimization/Result/tengine/dg/dg-LLVM14-O2-g/high_precision_20260325_125828/log/pta_fs.dot.stderr.log
pta_fs,PTA,fs,dot,"ShuffleVector instruction is not supported, loosing precision",/home/jimi/PaperExperiment/CompilerOptimization/Result/tengine/dg/dg-LLVM14-O2-g/high_precision_20260325_125828/log/pta_fs.dot.stderr.log
pta_fs,PTA,fs,dot,"ShuffleVector instruction is not supported, loosing precision",/home/jimi/PaperExperiment/CompilerOptimization/Result/tengine/dg/dg-LLVM14-O2-g/high_precision_20260325_125828/log/pta_fs.dot.stderr.log
pta_fs,PTA,fs,dot,"ShuffleVector instruction is not supported, loosing precision",/home/jimi/PaperExperiment/CompilerOptimization/Result/tengine/dg/dg-LLVM14-O2-g/high_precision_20260325_125828/log/pta_fs.dot.stderr.log
pta_fs,PTA,fs,dot,"ShuffleVector instruction is not supported, loosing precision",/home/jimi/PaperExperiment/CompilerOptimization/Result/tengine/dg/dg-LLVM14-O2-g/high_precision_20260325_125828/log/pta_fs.dot.stderr.log
pta_fs,PTA,fs,dot,"ShuffleVector instruction is not supported, loosing precision",/home/jimi/PaperExperiment/CompilerOptimization/Result/tengine/dg/dg-LLVM14-O2-g/high_precision_20260325_125828/log/pta_fs.dot.stderr.log
pta_fs,PTA,fs,dot,"ShuffleVector instruction is not supported, loosing precision",/home/jimi/PaperExperiment/CompilerOptimization/Result/tengine/dg/dg-LLVM14-O2-g/high_precision_20260325_125828/log/pta_fs.dot.stderr.log
pta_fs,PTA,fs,dot,"ShuffleVector instruction is not supported, loosing precision",/home/jimi/PaperExperiment/CompilerOptimization/Result/tengine/dg/dg-LLVM14-O2-g/high_precision_20260325_125828/log/pta_fs.dot.stderr.log
pta_fs,PTA,fs,dot,"ShuffleVector instruction is not supported, loosing precision",/home/jimi/PaperExperiment/CompilerOptimization/Result/tengine/dg/dg-LLVM14-O2-g/high_precision_20260325_125828/log/pta_fs.dot.stderr.log
pta_fs,PTA,fs,dot,"ShuffleVector instruction is not supported, loosing precision",/home/jimi/PaperExperiment/CompilerOptimization/Result/tengine/dg/dg-LLVM14-O2-g/high_precision_20260325_125828/log/pta_fs.dot.stderr.log
pta_fs,PTA,fs,dot,"ShuffleVector instruction is not supported, loosing precision",/home/jimi/PaperExperiment/CompilerOptimization/Result/tengine/dg/dg-LLVM14-O2-g/high_precision_20260325_125828/log/pta_fs.dot.stderr.log
pta_fs,PTA,fs,dot,"ShuffleVector instruction is not supported, loosing precision",/home/jimi/PaperExperiment/CompilerOptimization/Result/tengine/dg/dg-LLVM14-O2-g/high_precision_20260325_125828/log/pta_fs.dot.stderr.log
pta_fs,PTA,fs,dot,"ShuffleVector instruction is not supported, loosing precision",/home/jimi/PaperExperiment/CompilerOptimization/Result/tengine/dg/dg-LLVM14-O2-g/high_precision_20260325_125828/log/pta_fs.dot.stderr.log
pta_fs,PTA,fs,dot,"ShuffleVector instruction is not supported, loosing precision",/home/jimi/PaperExperiment/CompilerOptimization/Result/tengine/dg/dg-LLVM14-O2-g/high_precision_20260325_125828/log/pta_fs.dot.stderr.log
pta_fs,PTA,fs,dot,"ShuffleVector instruction is not supported, loosing precision",/home/jimi/PaperExperiment/CompilerOptimization/Result/tengine/dg/dg-LLVM14-O2-g/high_precision_20260325_125828/log/pta_fs.dot.stderr.log
pta_fs,PTA,fs,dot,"ShuffleVector instruction is not supported, loosing precision",/home/jimi/PaperExperiment/CompilerOptimization/Result/tengine/dg/dg-LLVM14-O2-g/high_precision_20260325_125828/log/pta_fs.dot.stderr.log
pta_fs,PTA,fs,dot,"ShuffleVector instruction is not supported, loosing precision",/home/jimi/PaperExperiment/CompilerOptimization/Result/tengine/dg/dg-LLVM14-O2-g/high_precision_20260325_125828/log/pta_fs.dot.stderr.log
pta_fs,PTA,fs,dot,"WARNING: Non-0 memset:   tail call void @llvm.memset.p0i8.i64(i8* align 1 %301, i8 -1, i64 %304, i1 false), !dbg !1286",/home/jimi/PaperExperiment/CompilerOptimization/Result/tengine/dg/dg-LLVM14-O2-g/high_precision_20260325_125828/log/pta_fs.dot.stderr.log
pta_fs,PTA,fs,dot,IntToPtr with constant:   <badref> = inttoptr i64 1 to i8*,/home/jimi/PaperExperiment/CompilerOptimization/Result/tengine/dg/dg-LLVM14-O2-g/high_precision_20260325_125828/log/pta_fs.dot.stderr.log
pta_fs,PTA,fs,dot,"ShuffleVector instruction is not supported, loosing precision",/home/jimi/PaperExperiment/CompilerOptimization/Result/tengine/dg/dg-LLVM14-O2-g/high_precision_20260325_125828/log/pta_fs.dot.stderr.log
pta_fs,PTA,fs,dot,"ShuffleVector instruction is not supported, loosing precision",/home/jimi/PaperExperiment/CompilerOptimization/Result/tengine/dg/dg-LLVM14-O2-g/high_precision_20260325_125828/log/pta_fs.dot.stderr.log
pta_fs,PTA,fs,dot,"ShuffleVector instruction is not supported, loosing precision",/home/jimi/PaperExperiment/CompilerOptimization/Result/tengine/dg/dg-LLVM14-O2-g/high_precision_20260325_125828/log/pta_fs.dot.stderr.log
pta_fs,PTA,fs,dot,"ShuffleVector instruction is not supported, loosing precision",/home/jimi/PaperExperiment/CompilerOptimization/Result/tengine/dg/dg-LLVM14-O2-g/high_precision_20260325_125828/log/pta_fs.dot.stderr.log
pta_fs,PTA,fs,dot,"ShuffleVector instruction is not supported, loosing precision",/home/jimi/PaperExperiment/CompilerOptimization/Result/tengine/dg/dg-LLVM14-O2-g/high_precision_20260325_125828/log/pta_fs.dot.stderr.log
pta_fs,PTA,fs,dot,"ShuffleVector instruction is not supported, loosing precision",/home/jimi/PaperExperiment/CompilerOptimization/Result/tengine/dg/dg-LLVM14-O2-g/high_precision_20260325_125828/log/pta_fs.dot.stderr.log
pta_fs,PTA,fs,dot,"ShuffleVector instruction is not supported, loosing precision",/home/jimi/PaperExperiment/CompilerOptimization/Result/tengine/dg/dg-LLVM14-O2-g/high_precision_20260325_125828/log/pta_fs.dot.stderr.log
pta_fs,PTA,fs,dot,"ShuffleVector instruction is not supported, loosing precision",/home/jimi/PaperExperiment/CompilerOptimization/Result/tengine/dg/dg-LLVM14-O2-g/high_precision_20260325_125828/log/pta_fs.dot.stderr.log
pta_fs,PTA,fs,dot,"ShuffleVector instruction is not supported, loosing precision",/home/jimi/PaperExperiment/CompilerOptimization/Result/tengine/dg/dg-LLVM14-O2-g/high_precision_20260325_125828/log/pta_fs.dot.stderr.log
pta_fs,PTA,fs,dot,"ShuffleVector instruction is not supported, loosing precision",/home/jimi/PaperExperiment/CompilerOptimization/Result/tengine/dg/dg-LLVM14-O2-g/high_precision_20260325_125828/log/pta_fs.dot.stderr.log
pta_fs,PTA,fs,dot,"ShuffleVector instruction is not supported, loosing precision",/home/jimi/PaperExperiment/CompilerOptimization/Result/tengine/dg/dg-LLVM14-O2-g/high_precision_20260325_125828/log/pta_fs.dot.stderr.log
pta_fs,PTA,fs,dot,"ShuffleVector instruction is not supported, loosing precision",/home/jimi/PaperExperiment/CompilerOptimization/Result/tengine/dg/dg-LLVM14-O2-g/high_precision_20260325_125828/log/pta_fs.dot.stderr.log
pta_fs,PTA,fs,dot,"ShuffleVector instruction is not supported, loosing precision",/home/jimi/PaperExperiment/CompilerOptimization/Result/tengine/dg/dg-LLVM14-O2-g/high_precision_20260325_125828/log/pta_fs.dot.stderr.log
pta_fs,PTA,fs,dot,"ShuffleVector instruction is not supported, loosing precision",/home/jimi/PaperExperiment/CompilerOptimization/Result/tengine/dg/dg-LLVM14-O2-g/high_precision_20260325_125828/log/pta_fs.dot.stderr.log
pta_fs,PTA,fs,dot,"ShuffleVector instruction is not supported, loosing precision",/home/jimi/PaperExperiment/CompilerOptimization/Result/tengine/dg/dg-LLVM14-O2-g/high_precision_20260325_125828/log/pta_fs.dot.stderr.log
pta_fs,PTA,fs,dot,"ShuffleVector instruction is not supported, loosing precision",/home/jimi/PaperExperiment/CompilerOptimization/Result/tengine/dg/dg-LLVM14-O2-g/high_precision_20260325_125828/log/pta_fs.dot.stderr.log
pta_fs,PTA,fs,dot,"ShuffleVector instruction is not supported, loosing precision",/home/jimi/PaperExperiment/CompilerOptimization/Result/tengine/dg/dg-LLVM14-O2-g/high_precision_20260325_125828/log/pta_fs.dot.stderr.log
pta_fs,PTA,fs,dot,"ShuffleVector instruction is not supported, loosing precision",/home/jimi/PaperExperiment/CompilerOptimization/Result/tengine/dg/dg-LLVM14-O2-g/high_precision_20260325_125828/log/pta_fs.dot.stderr.log
pta_fs,PTA,fs,dot,"ShuffleVector instruction is not supported, loosing precision",/home/jimi/PaperExperiment/CompilerOptimization/Result/tengine/dg/dg-LLVM14-O2-g/high_precision_20260325_125828/log/pta_fs.dot.stderr.log
pta_fs,PTA,fs,dot,"ShuffleVector instruction is not supported, loosing precision",/home/jimi/PaperExperiment/CompilerOptimization/Result/tengine/dg/dg-LLVM14-O2-g/high_precision_20260325_125828/log/pta_fs.dot.stderr.log
pta_fs,PTA,fs,dot,"ShuffleVector instruction is not supported, loosing precision",/home/jimi/PaperExperiment/CompilerOptimization/Result/tengine/dg/dg-LLVM14-O2-g/high_precision_20260325_125828/log/pta_fs.dot.stderr.log
pta_fs,PTA,fs,dot,"ShuffleVector instruction is not supported, loosing precision",/home/jimi/PaperExperiment/CompilerOptimization/Result/tengine/dg/dg-LLVM14-O2-g/high_precision_20260325_125828/log/pta_fs.dot.stderr.log
pta_fs,PTA,fs,dot,"ShuffleVector instruction is not supported, loosing precision",/home/jimi/PaperExperiment/CompilerOptimization/Result/tengine/dg/dg-LLVM14-O2-g/high_precision_20260325_125828/log/pta_fs.dot.stderr.log
pta_fs,PTA,fs,dot,"ShuffleVector instruction is not supported, loosing precision",/home/jimi/PaperExperiment/CompilerOptimization/Result/tengine/dg/dg-LLVM14-O2-g/high_precision_20260325_125828/log/pta_fs.dot.stderr.log
pta_fs,PTA,fs,dot,"ShuffleVector instruction is not supported, loosing precision",/home/jimi/PaperExperiment/CompilerOptimization/Result/tengine/dg/dg-LLVM14-O2-g/high_precision_20260325_125828/log/pta_fs.dot.stderr.log
pta_fs,PTA,fs,dot,"ShuffleVector instruction is not supported, loosing precision",/home/jimi/PaperExperiment/CompilerOptimization/Result/tengine/dg/dg-LLVM14-O2-g/high_precision_20260325_125828/log/pta_fs.dot.stderr.log
pta_fs,PTA,fs,dot,"ShuffleVector instruction is not supported, loosing precision",/home/jimi/PaperExperiment/CompilerOptimization/Result/tengine/dg/dg-LLVM14-O2-g/high_precision_20260325_125828/log/pta_fs.dot.stderr.log
pta_fs,PTA,fs,dot,"ShuffleVector instruction is not supported, loosing precision",/home/jimi/PaperExperiment/CompilerOptimization/Result/tengine/dg/dg-LLVM14-O2-g/high_precision_20260325_125828/log/pta_fs.dot.stderr.log
pta_fs,PTA,fs,dot,"ShuffleVector instruction is not supported, loosing precision",/home/jimi/PaperExperiment/CompilerOptimization/Result/tengine/dg/dg-LLVM14-O2-g/high_precision_20260325_125828/log/pta_fs.dot.stderr.log
pta_fs,PTA,fs,dot,"ShuffleVector instruction is not supported, loosing precision",/home/jimi/PaperExperiment/CompilerOptimization/Result/tengine/dg/dg-LLVM14-O2-g/high_precision_20260325_125828/log/pta_fs.dot.stderr.log
pta_fs,PTA,fs,dot,"ShuffleVector instruction is not supported, loosing precision",/home/jimi/PaperExperiment/CompilerOptimization/Result/tengine/dg/dg-LLVM14-O2-g/high_precision_20260325_125828/log/pta_fs.dot.stderr.log
pta_fs,PTA,fs,dot,"ShuffleVector instruction is not supported, loosing precision",/home/jimi/PaperExperiment/CompilerOptimization/Result/tengine/dg/dg-LLVM14-O2-g/high_precision_20260325_125828/log/pta_fs.dot.stderr.log
pta_fs,PTA,fs,dot,"ShuffleVector instruction is not supported, loosing precision",/home/jimi/PaperExperiment/CompilerOptimization/Result/tengine/dg/dg-LLVM14-O2-g/high_precision_20260325_125828/log/pta_fs.dot.stderr.log
pta_fs,PTA,fs,dot,"ShuffleVector instruction is not supported, loosing precision",/home/jimi/PaperExperiment/CompilerOptimization/Result/tengine/dg/dg-LLVM14-O2-g/high_precision_20260325_125828/log/pta_fs.dot.stderr.log
pta_fs,PTA,fs,dot,"ShuffleVector instruction is not supported, loosing precision",/home/jimi/PaperExperiment/CompilerOptimization/Result/tengine/dg/dg-LLVM14-O2-g/high_precision_20260325_125828/log/pta_fs.dot.stderr.log
pta_fs,PTA,fs,dot,"ShuffleVector instruction is not supported, loosing precision",/home/jimi/PaperExperiment/CompilerOptimization/Result/tengine/dg/dg-LLVM14-O2-g/high_precision_20260325_125828/log/pta_fs.dot.stderr.log
pta_fs,PTA,fs,dot,"ShuffleVector instruction is not supported, loosing precision",/home/jimi/PaperExperiment/CompilerOptimization/Result/tengine/dg/dg-LLVM14-O2-g/high_precision_20260325_125828/log/pta_fs.dot.stderr.log
pta_fs,PTA,fs,dot,"ShuffleVector instruction is not supported, loosing precision",/home/jimi/PaperExperiment/CompilerOptimization/Result/tengine/dg/dg-LLVM14-O2-g/high_precision_20260325_125828/log/pta_fs.dot.stderr.log
pta_fs,PTA,fs,dot,"ShuffleVector instruction is not supported, loosing precision",/home/jimi/PaperExperiment/CompilerOptimization/Result/tengine/dg/dg-LLVM14-O2-g/high_precision_20260325_125828/log/pta_fs.dot.stderr.log
pta_fs,PTA,fs,dot,"ShuffleVector instruction is not supported, loosing precision",/home/jimi/PaperExperiment/CompilerOptimization/Result/tengine/dg/dg-LLVM14-O2-g/high_precision_20260325_125828/log/pta_fs.dot.stderr.log
pta_fs,PTA,fs,dot,"ShuffleVector instruction is not supported, loosing precision",/home/jimi/PaperExperiment/CompilerOptimization/Result/tengine/dg/dg-LLVM14-O2-g/high_precision_20260325_125828/log/pta_fs.dot.stderr.log
pta_fs,PTA,fs,dot,"ShuffleVector instruction is not supported, loosing precision",/home/jimi/PaperExperiment/CompilerOptimization/Result/tengine/dg/dg-LLVM14-O2-g/high_precision_20260325_125828/log/pta_fs.dot.stderr.log
pta_fs,PTA,fs,dot,"ShuffleVector instruction is not supported, loosing precision",/home/jimi/PaperExperiment/CompilerOptimization/Result/tengine/dg/dg-LLVM14-O2-g/high_precision_20260325_125828/log/pta_fs.dot.stderr.log
pta_fs,PTA,fs,dot,"ShuffleVector instruction is not supported, loosing precision",/home/jimi/PaperExperiment/CompilerOptimization/Result/tengine/dg/dg-LLVM14-O2-g/high_precision_20260325_125828/log/pta_fs.dot.stderr.log
pta_fs,PTA,fs,dot,"ShuffleVector instruction is not supported, loosing precision",/home/jimi/PaperExperiment/CompilerOptimization/Result/tengine/dg/dg-LLVM14-O2-g/high_precision_20260325_125828/log/pta_fs.dot.stderr.log
pta_fs,PTA,fs,dot,"ShuffleVector instruction is not supported, loosing precision",/home/jimi/PaperExperiment/CompilerOptimization/Result/tengine/dg/dg-LLVM14-O2-g/high_precision_20260325_125828/log/pta_fs.dot.stderr.log
pta_fs,PTA,fs,dot,"ShuffleVector instruction is not supported, loosing precision",/home/jimi/PaperExperiment/CompilerOptimization/Result/tengine/dg/dg-LLVM14-O2-g/high_precision_20260325_125828/log/pta_fs.dot.stderr.log
pta_fs,PTA,fs,dot,"ShuffleVector instruction is not supported, loosing precision",/home/jimi/PaperExperiment/CompilerOptimization/Result/tengine/dg/dg-LLVM14-O2-g/high_precision_20260325_125828/log/pta_fs.dot.stderr.log
pta_fs,PTA,fs,dot,"ShuffleVector instruction is not supported, loosing precision",/home/jimi/PaperExperiment/CompilerOptimization/Result/tengine/dg/dg-LLVM14-O2-g/high_precision_20260325_125828/log/pta_fs.dot.stderr.log
pta_fs,PTA,fs,dot,"ShuffleVector instruction is not supported, loosing precision",/home/jimi/PaperExperiment/CompilerOptimization/Result/tengine/dg/dg-LLVM14-O2-g/high_precision_20260325_125828/log/pta_fs.dot.stderr.log
pta_fs,PTA,fs,dot,"ShuffleVector instruction is not supported, loosing precision",/home/jimi/PaperExperiment/CompilerOptimization/Result/tengine/dg/dg-LLVM14-O2-g/high_precision_20260325_125828/log/pta_fs.dot.stderr.log
pta_fs,PTA,fs,dot,"ShuffleVector instruction is not supported, loosing precision",/home/jimi/PaperExperiment/CompilerOptimization/Result/tengine/dg/dg-LLVM14-O2-g/high_precision_20260325_125828/log/pta_fs.dot.stderr.log
pta_fs,PTA,fs,dot,"ShuffleVector instruction is not supported, loosing precision",/home/jimi/PaperExperiment/CompilerOptimization/Result/tengine/dg/dg-LLVM14-O2-g/high_precision_20260325_125828/log/pta_fs.dot.stderr.log
pta_fs,PTA,fs,dot,"ShuffleVector instruction is not supported, loosing precision",/home/jimi/PaperExperiment/CompilerOptimization/Result/tengine/dg/dg-LLVM14-O2-g/high_precision_20260325_125828/log/pta_fs.dot.stderr.log
pta_fs,PTA,fs,dot,"ShuffleVector instruction is not supported, loosing precision",/home/jimi/PaperExperiment/CompilerOptimization/Result/tengine/dg/dg-LLVM14-O2-g/high_precision_20260325_125828/log/pta_fs.dot.stderr.log
pta_fs,PTA,fs,dot,"ShuffleVector instruction is not supported, loosing precision",/home/jimi/PaperExperiment/CompilerOptimization/Result/tengine/dg/dg-LLVM14-O2-g/high_precision_20260325_125828/log/pta_fs.dot.stderr.log
pta_fs,PTA,fs,dot,"ShuffleVector instruction is not supported, loosing precision",/home/jimi/PaperExperiment/CompilerOptimization/Result/tengine/dg/dg-LLVM14-O2-g/high_precision_20260325_125828/log/pta_fs.dot.stderr.log
pta_fs,PTA,fs,dot,"ShuffleVector instruction is not supported, loosing precision",/home/jimi/PaperExperiment/CompilerOptimization/Result/tengine/dg/dg-LLVM14-O2-g/high_precision_20260325_125828/log/pta_fs.dot.stderr.log
pta_fs,PTA,fs,dot,"ShuffleVector instruction is not supported, loosing precision",/home/jimi/PaperExperiment/CompilerOptimization/Result/tengine/dg/dg-LLVM14-O2-g/high_precision_20260325_125828/log/pta_fs.dot.stderr.log
pta_fs,PTA,fs,dot,"ShuffleVector instruction is not supported, loosing precision",/home/jimi/PaperExperiment/CompilerOptimization/Result/tengine/dg/dg-LLVM14-O2-g/high_precision_20260325_125828/log/pta_fs.dot.stderr.log
pta_fs,PTA,fs,dot,"ShuffleVector instruction is not supported, loosing precision",/home/jimi/PaperExperiment/CompilerOptimization/Result/tengine/dg/dg-LLVM14-O2-g/high_precision_20260325_125828/log/pta_fs.dot.stderr.log
pta_fs,PTA,fs,dot,"ShuffleVector instruction is not supported, loosing precision",/home/jimi/PaperExperiment/CompilerOptimization/Result/tengine/dg/dg-LLVM14-O2-g/high_precision_20260325_125828/log/pta_fs.dot.stderr.log
pta_fs,PTA,fs,dot,"ShuffleVector instruction is not supported, loosing precision",/home/jimi/PaperExperiment/CompilerOptimization/Result/tengine/dg/dg-LLVM14-O2-g/high_precision_20260325_125828/log/pta_fs.dot.stderr.log
pta_fs,PTA,fs,dot,"ShuffleVector instruction is not supported, loosing precision",/home/jimi/PaperExperiment/CompilerOptimization/Result/tengine/dg/dg-LLVM14-O2-g/high_precision_20260325_125828/log/pta_fs.dot.stderr.log
pta_fs,PTA,fs,dot,"ShuffleVector instruction is not supported, loosing precision",/home/jimi/PaperExperiment/CompilerOptimization/Result/tengine/dg/dg-LLVM14-O2-g/high_precision_20260325_125828/log/pta_fs.dot.stderr.log
pta_fs,PTA,fs,dot,"ShuffleVector instruction is not supported, loosing precision",/home/jimi/PaperExperiment/CompilerOptimization/Result/tengine/dg/dg-LLVM14-O2-g/high_precision_20260325_125828/log/pta_fs.dot.stderr.log
pta_fs,PTA,fs,dot,"ShuffleVector instruction is not supported, loosing precision",/home/jimi/PaperExperiment/CompilerOptimization/Result/tengine/dg/dg-LLVM14-O2-g/high_precision_20260325_125828/log/pta_fs.dot.stderr.log
pta_fs,PTA,fs,dot,"ShuffleVector instruction is not supported, loosing precision",/home/jimi/PaperExperiment/CompilerOptimization/Result/tengine/dg/dg-LLVM14-O2-g/high_precision_20260325_125828/log/pta_fs.dot.stderr.log
pta_fs,PTA,fs,dot,"ShuffleVector instruction is not supported, loosing precision",/home/jimi/PaperExperiment/CompilerOptimization/Result/tengine/dg/dg-LLVM14-O2-g/high_precision_20260325_125828/log/pta_fs.dot.stderr.log
pta_fs,PTA,fs,dot,"ShuffleVector instruction is not supported, loosing precision",/home/jimi/PaperExperiment/CompilerOptimization/Result/tengine/dg/dg-LLVM14-O2-g/high_precision_20260325_125828/log/pta_fs.dot.stderr.log
pta_fs,PTA,fs,dot,"ShuffleVector instruction is not supported, loosing precision",/home/jimi/PaperExperiment/CompilerOptimization/Result/tengine/dg/dg-LLVM14-O2-g/high_precision_20260325_125828/log/pta_fs.dot.stderr.log
pta_fs,PTA,fs,dot,"ShuffleVector instruction is not supported, loosing precision",/home/jimi/PaperExperiment/CompilerOptimization/Result/tengine/dg/dg-LLVM14-O2-g/high_precision_20260325_125828/log/pta_fs.dot.stderr.log
pta_fs,PTA,fs,dot,"ShuffleVector instruction is not supported, loosing precision",/home/jimi/PaperExperiment/CompilerOptimization/Result/tengine/dg/dg-LLVM14-O2-g/high_precision_20260325_125828/log/pta_fs.dot.stderr.log
pta_fs,PTA,fs,dot,"ShuffleVector instruction is not supported, loosing precision",/home/jimi/PaperExperiment/CompilerOptimization/Result/tengine/dg/dg-LLVM14-O2-g/high_precision_20260325_125828/log/pta_fs.dot.stderr.log
pta_fs,PTA,fs,dot,"ShuffleVector instruction is not supported, loosing precision",/home/jimi/PaperExperiment/CompilerOptimization/Result/tengine/dg/dg-LLVM14-O2-g/high_precision_20260325_125828/log/pta_fs.dot.stderr.log
pta_fs,PTA,fs,dot,"ShuffleVector instruction is not supported, loosing precision",/home/jimi/PaperExperiment/CompilerOptimization/Result/tengine/dg/dg-LLVM14-O2-g/high_precision_20260325_125828/log/pta_fs.dot.stderr.log
pta_fs,PTA,fs,dot,"ShuffleVector instruction is not supported, loosing precision",/home/jimi/PaperExperiment/CompilerOptimization/Result/tengine/dg/dg-LLVM14-O2-g/high_precision_20260325_125828/log/pta_fs.dot.stderr.log
pta_fs,PTA,fs,dot,"ShuffleVector instruction is not supported, loosing precision",/home/jimi/PaperExperiment/CompilerOptimization/Result/tengine/dg/dg-LLVM14-O2-g/high_precision_20260325_125828/log/pta_fs.dot.stderr.log
pta_fs,PTA,fs,dot,"ShuffleVector instruction is not supported, loosing precision",/home/jimi/PaperExperiment/CompilerOptimization/Result/tengine/dg/dg-LLVM14-O2-g/high_precision_20260325_125828/log/pta_fs.dot.stderr.log
pta_fs,PTA,fs,dot,"ShuffleVector instruction is not supported, loosing precision",/home/jimi/PaperExperiment/CompilerOptimization/Result/tengine/dg/dg-LLVM14-O2-g/high_precision_20260325_125828/log/pta_fs.dot.stderr.log
pta_fs,PTA,fs,dot,"ShuffleVector instruction is not supported, loosing precision",/home/jimi/PaperExperiment/CompilerOptimization/Result/tengine/dg/dg-LLVM14-O2-g/high_precision_20260325_125828/log/pta_fs.dot.stderr.log
pta_fs,PTA,fs,dot,"ShuffleVector instruction is not supported, loosing precision",/home/jimi/PaperExperiment/CompilerOptimization/Result/tengine/dg/dg-LLVM14-O2-g/high_precision_20260325_125828/log/pta_fs.dot.stderr.log
pta_fs,PTA,fs,dot,"ShuffleVector instruction is not supported, loosing precision",/home/jimi/PaperExperiment/CompilerOptimization/Result/tengine/dg/dg-LLVM14-O2-g/high_precision_20260325_125828/log/pta_fs.dot.stderr.log
pta_fs,PTA,fs,dot,"ShuffleVector instruction is not supported, loosing precision",/home/jimi/PaperExperiment/CompilerOptimization/Result/tengine/dg/dg-LLVM14-O2-g/high_precision_20260325_125828/log/pta_fs.dot.stderr.log
pta_fs,PTA,fs,dot,"ShuffleVector instruction is not supported, loosing precision",/home/jimi/PaperExperiment/CompilerOptimization/Result/tengine/dg/dg-LLVM14-O2-g/high_precision_20260325_125828/log/pta_fs.dot.stderr.log
pta_fs,PTA,fs,dot,"ShuffleVector instruction is not supported, loosing precision",/home/jimi/PaperExperiment/CompilerOptimization/Result/tengine/dg/dg-LLVM14-O2-g/high_precision_20260325_125828/log/pta_fs.dot.stderr.log
pta_fs,PTA,fs,dot,"ShuffleVector instruction is not supported, loosing precision",/home/jimi/PaperExperiment/CompilerOptimization/Result/tengine/dg/dg-LLVM14-O2-g/high_precision_20260325_125828/log/pta_fs.dot.stderr.log
pta_fs,PTA,fs,dot,"ShuffleVector instruction is not supported, loosing precision",/home/jimi/PaperExperiment/CompilerOptimization/Result/tengine/dg/dg-LLVM14-O2-g/high_precision_20260325_125828/log/pta_fs.dot.stderr.log
pta_fs,PTA,fs,dot,"ShuffleVector instruction is not supported, loosing precision",/home/jimi/PaperExperiment/CompilerOptimization/Result/tengine/dg/dg-LLVM14-O2-g/high_precision_20260325_125828/log/pta_fs.dot.stderr.log
pta_fs,PTA,fs,dot,"ShuffleVector instruction is not supported, loosing precision",/home/jimi/PaperExperiment/CompilerOptimization/Result/tengine/dg/dg-LLVM14-O2-g/high_precision_20260325_125828/log/pta_fs.dot.stderr.log
pta_fs,PTA,fs,dot,"ShuffleVector instruction is not supported, loosing precision",/home/jimi/PaperExperiment/CompilerOptimization/Result/tengine/dg/dg-LLVM14-O2-g/high_precision_20260325_125828/log/pta_fs.dot.stderr.log
pta_fs,PTA,fs,dot,"ShuffleVector instruction is not supported, loosing precision",/home/jimi/PaperExperiment/CompilerOptimization/Result/tengine/dg/dg-LLVM14-O2-g/high_precision_20260325_125828/log/pta_fs.dot.stderr.log
pta_fs,PTA,fs,dot,"ShuffleVector instruction is not supported, loosing precision",/home/jimi/PaperExperiment/CompilerOptimization/Result/tengine/dg/dg-LLVM14-O2-g/high_precision_20260325_125828/log/pta_fs.dot.stderr.log
pta_fs,PTA,fs,dot,"ShuffleVector instruction is not supported, loosing precision",/home/jimi/PaperExperiment/CompilerOptimization/Result/tengine/dg/dg-LLVM14-O2-g/high_precision_20260325_125828/log/pta_fs.dot.stderr.log
pta_fs,PTA,fs,dot,"ShuffleVector instruction is not supported, loosing precision",/home/jimi/PaperExperiment/CompilerOptimization/Result/tengine/dg/dg-LLVM14-O2-g/high_precision_20260325_125828/log/pta_fs.dot.stderr.log
pta_fs,PTA,fs,dot,"ShuffleVector instruction is not supported, loosing precision",/home/jimi/PaperExperiment/CompilerOptimization/Result/tengine/dg/dg-LLVM14-O2-g/high_precision_20260325_125828/log/pta_fs.dot.stderr.log
pta_fs,PTA,fs,dot,"ShuffleVector instruction is not supported, loosing precision",/home/jimi/PaperExperiment/CompilerOptimization/Result/tengine/dg/dg-LLVM14-O2-g/high_precision_20260325_125828/log/pta_fs.dot.stderr.log
pta_fs,PTA,fs,dot,"ShuffleVector instruction is not supported, loosing precision",/home/jimi/PaperExperiment/CompilerOptimization/Result/tengine/dg/dg-LLVM14-O2-g/high_precision_20260325_125828/log/pta_fs.dot.stderr.log
pta_fs,PTA,fs,dot,"ShuffleVector instruction is not supported, loosing precision",/home/jimi/PaperExperiment/CompilerOptimization/Result/tengine/dg/dg-LLVM14-O2-g/high_precision_20260325_125828/log/pta_fs.dot.stderr.log
pta_fs,PTA,fs,dot,"ShuffleVector instruction is not supported, loosing precision",/home/jimi/PaperExperiment/CompilerOptimization/Result/tengine/dg/dg-LLVM14-O2-g/high_precision_20260325_125828/log/pta_fs.dot.stderr.log
pta_fs,PTA,fs,dot,"ShuffleVector instruction is not supported, loosing precision",/home/jimi/PaperExperiment/CompilerOptimization/Result/tengine/dg/dg-LLVM14-O2-g/high_precision_20260325_125828/log/pta_fs.dot.stderr.log
pta_fs,PTA,fs,dot,"ShuffleVector instruction is not supported, loosing precision",/home/jimi/PaperExperiment/CompilerOptimization/Result/tengine/dg/dg-LLVM14-O2-g/high_precision_20260325_125828/log/pta_fs.dot.stderr.log
pta_fs,PTA,fs,dot,"ShuffleVector instruction is not supported, loosing precision",/home/jimi/PaperExperiment/CompilerOptimization/Result/tengine/dg/dg-LLVM14-O2-g/high_precision_20260325_125828/log/pta_fs.dot.stderr.log
pta_fs,PTA,fs,dot,"ShuffleVector instruction is not supported, loosing precision",/home/jimi/PaperExperiment/CompilerOptimization/Result/tengine/dg/dg-LLVM14-O2-g/high_precision_20260325_125828/log/pta_fs.dot.stderr.log
pta_fs,PTA,fs,dot,"ShuffleVector instruction is not supported, loosing precision",/home/jimi/PaperExperiment/CompilerOptimization/Result/tengine/dg/dg-LLVM14-O2-g/high_precision_20260325_125828/log/pta_fs.dot.stderr.log
pta_fs,PTA,fs,dot,"ShuffleVector instruction is not supported, loosing precision",/home/jimi/PaperExperiment/CompilerOptimization/Result/tengine/dg/dg-LLVM14-O2-g/high_precision_20260325_125828/log/pta_fs.dot.stderr.log
pta_fs,PTA,fs,dot,"ShuffleVector instruction is not supported, loosing precision",/home/jimi/PaperExperiment/CompilerOptimization/Result/tengine/dg/dg-LLVM14-O2-g/high_precision_20260325_125828/log/pta_fs.dot.stderr.log
pta_fs,PTA,fs,dot,"ShuffleVector instruction is not supported, loosing precision",/home/jimi/PaperExperiment/CompilerOptimization/Result/tengine/dg/dg-LLVM14-O2-g/high_precision_20260325_125828/log/pta_fs.dot.stderr.log
pta_inv,PTA,inv,lines,"WARNING: Non-0 memset:   tail call void @llvm.memset.p0i8.i64(i8* noundef nonnull align 4 dereferenceable(512) %70, i8 -1, i64 512, i1 false), !dbg !950",/home/jimi/PaperExperiment/CompilerOptimization/Result/tengine/dg/dg-LLVM14-O2-g/high_precision_20260325_125828/log/pta_inv.lines.stderr.log
pta_inv,PTA,inv,lines,"WARNING: Non-0 memset:   call void @llvm.memset.p0i8.i64(i8* noundef nonnull align 1 dereferenceable(1) %134, i8 %132, i64 %135, i1 false), !dbg !964, !tbaa !889",/home/jimi/PaperExperiment/CompilerOptimization/Result/tengine/dg/dg-LLVM14-O2-g/high_precision_20260325_125828/log/pta_inv.lines.stderr.log
pta_inv,PTA,inv,lines,"WARNING: Non-0 memset:   call void @llvm.memset.p0i8.i64(i8* noundef nonnull align 1 dereferenceable(1) %94, i8 %92, i64 %95, i1 false), !dbg !964, !tbaa !889",/home/jimi/PaperExperiment/CompilerOptimization/Result/tengine/dg/dg-LLVM14-O2-g/high_precision_20260325_125828/log/pta_inv.lines.stderr.log
pta_inv,PTA,inv,lines,"WARNING: Non-0 memset:   call void @llvm.memset.p0i8.i64(i8* noundef nonnull align 1 dereferenceable(1) %111, i8 %109, i64 %112, i1 false), !dbg !964, !tbaa !889",/home/jimi/PaperExperiment/CompilerOptimization/Result/tengine/dg/dg-LLVM14-O2-g/high_precision_20260325_125828/log/pta_inv.lines.stderr.log
pta_inv,PTA,inv,lines,"WARNING: Non-0 memset:   tail call void @llvm.memset.p0i8.i64(i8* align 1 %696, i8 %703, i64 %704, i1 false) #30, !dbg !1675, !tbaa !921",/home/jimi/PaperExperiment/CompilerOptimization/Result/tengine/dg/dg-LLVM14-O2-g/high_precision_20260325_125828/log/pta_inv.lines.stderr.log
pta_inv,PTA,inv,lines,"WARNING: Non-0 memset:   call void @llvm.memset.p0i8.i64(i8* nonnull align 1 %506, i8 %501, i64 %507, i1 false) #30, !dbg !1430",/home/jimi/PaperExperiment/CompilerOptimization/Result/tengine/dg/dg-LLVM14-O2-g/high_precision_20260325_125828/log/pta_inv.lines.stderr.log
pta_inv,PTA,inv,lines,"ShuffleVector instruction is not supported, loosing precision",/home/jimi/PaperExperiment/CompilerOptimization/Result/tengine/dg/dg-LLVM14-O2-g/high_precision_20260325_125828/log/pta_inv.lines.stderr.log
pta_inv,PTA,inv,lines,"ShuffleVector instruction is not supported, loosing precision",/home/jimi/PaperExperiment/CompilerOptimization/Result/tengine/dg/dg-LLVM14-O2-g/high_precision_20260325_125828/log/pta_inv.lines.stderr.log
pta_inv,PTA,inv,lines,"ShuffleVector instruction is not supported, loosing precision",/home/jimi/PaperExperiment/CompilerOptimization/Result/tengine/dg/dg-LLVM14-O2-g/high_precision_20260325_125828/log/pta_inv.lines.stderr.log
pta_inv,PTA,inv,lines,"ShuffleVector instruction is not supported, loosing precision",/home/jimi/PaperExperiment/CompilerOptimization/Result/tengine/dg/dg-LLVM14-O2-g/high_precision_20260325_125828/log/pta_inv.lines.stderr.log
pta_inv,PTA,inv,lines,"ShuffleVector instruction is not supported, loosing precision",/home/jimi/PaperExperiment/CompilerOptimization/Result/tengine/dg/dg-LLVM14-O2-g/high_precision_20260325_125828/log/pta_inv.lines.stderr.log
pta_inv,PTA,inv,lines,"ShuffleVector instruction is not supported, loosing precision",/home/jimi/PaperExperiment/CompilerOptimization/Result/tengine/dg/dg-LLVM14-O2-g/high_precision_20260325_125828/log/pta_inv.lines.stderr.log
pta_inv,PTA,inv,lines,"ShuffleVector instruction is not supported, loosing precision",/home/jimi/PaperExperiment/CompilerOptimization/Result/tengine/dg/dg-LLVM14-O2-g/high_precision_20260325_125828/log/pta_inv.lines.stderr.log
pta_inv,PTA,inv,lines,"ShuffleVector instruction is not supported, loosing precision",/home/jimi/PaperExperiment/CompilerOptimization/Result/tengine/dg/dg-LLVM14-O2-g/high_precision_20260325_125828/log/pta_inv.lines.stderr.log
pta_inv,PTA,inv,lines,"ShuffleVector instruction is not supported, loosing precision",/home/jimi/PaperExperiment/CompilerOptimization/Result/tengine/dg/dg-LLVM14-O2-g/high_precision_20260325_125828/log/pta_inv.lines.stderr.log
pta_inv,PTA,inv,lines,"ShuffleVector instruction is not supported, loosing precision",/home/jimi/PaperExperiment/CompilerOptimization/Result/tengine/dg/dg-LLVM14-O2-g/high_precision_20260325_125828/log/pta_inv.lines.stderr.log
pta_inv,PTA,inv,lines,"ShuffleVector instruction is not supported, loosing precision",/home/jimi/PaperExperiment/CompilerOptimization/Result/tengine/dg/dg-LLVM14-O2-g/high_precision_20260325_125828/log/pta_inv.lines.stderr.log
pta_inv,PTA,inv,lines,"ShuffleVector instruction is not supported, loosing precision",/home/jimi/PaperExperiment/CompilerOptimization/Result/tengine/dg/dg-LLVM14-O2-g/high_precision_20260325_125828/log/pta_inv.lines.stderr.log
pta_inv,PTA,inv,lines,"ShuffleVector instruction is not supported, loosing precision",/home/jimi/PaperExperiment/CompilerOptimization/Result/tengine/dg/dg-LLVM14-O2-g/high_precision_20260325_125828/log/pta_inv.lines.stderr.log
pta_inv,PTA,inv,lines,"ShuffleVector instruction is not supported, loosing precision",/home/jimi/PaperExperiment/CompilerOptimization/Result/tengine/dg/dg-LLVM14-O2-g/high_precision_20260325_125828/log/pta_inv.lines.stderr.log
pta_inv,PTA,inv,lines,"ShuffleVector instruction is not supported, loosing precision",/home/jimi/PaperExperiment/CompilerOptimization/Result/tengine/dg/dg-LLVM14-O2-g/high_precision_20260325_125828/log/pta_inv.lines.stderr.log
pta_inv,PTA,inv,lines,"ShuffleVector instruction is not supported, loosing precision",/home/jimi/PaperExperiment/CompilerOptimization/Result/tengine/dg/dg-LLVM14-O2-g/high_precision_20260325_125828/log/pta_inv.lines.stderr.log
pta_inv,PTA,inv,lines,"ShuffleVector instruction is not supported, loosing precision",/home/jimi/PaperExperiment/CompilerOptimization/Result/tengine/dg/dg-LLVM14-O2-g/high_precision_20260325_125828/log/pta_inv.lines.stderr.log
pta_inv,PTA,inv,lines,"ShuffleVector instruction is not supported, loosing precision",/home/jimi/PaperExperiment/CompilerOptimization/Result/tengine/dg/dg-LLVM14-O2-g/high_precision_20260325_125828/log/pta_inv.lines.stderr.log
pta_inv,PTA,inv,lines,"ShuffleVector instruction is not supported, loosing precision",/home/jimi/PaperExperiment/CompilerOptimization/Result/tengine/dg/dg-LLVM14-O2-g/high_precision_20260325_125828/log/pta_inv.lines.stderr.log
pta_inv,PTA,inv,lines,"ShuffleVector instruction is not supported, loosing precision",/home/jimi/PaperExperiment/CompilerOptimization/Result/tengine/dg/dg-LLVM14-O2-g/high_precision_20260325_125828/log/pta_inv.lines.stderr.log
pta_inv,PTA,inv,lines,"ShuffleVector instruction is not supported, loosing precision",/home/jimi/PaperExperiment/CompilerOptimization/Result/tengine/dg/dg-LLVM14-O2-g/high_precision_20260325_125828/log/pta_inv.lines.stderr.log
pta_inv,PTA,inv,lines,"ShuffleVector instruction is not supported, loosing precision",/home/jimi/PaperExperiment/CompilerOptimization/Result/tengine/dg/dg-LLVM14-O2-g/high_precision_20260325_125828/log/pta_inv.lines.stderr.log
pta_inv,PTA,inv,lines,"ShuffleVector instruction is not supported, loosing precision",/home/jimi/PaperExperiment/CompilerOptimization/Result/tengine/dg/dg-LLVM14-O2-g/high_precision_20260325_125828/log/pta_inv.lines.stderr.log
pta_inv,PTA,inv,lines,"ShuffleVector instruction is not supported, loosing precision",/home/jimi/PaperExperiment/CompilerOptimization/Result/tengine/dg/dg-LLVM14-O2-g/high_precision_20260325_125828/log/pta_inv.lines.stderr.log
pta_inv,PTA,inv,lines,"ShuffleVector instruction is not supported, loosing precision",/home/jimi/PaperExperiment/CompilerOptimization/Result/tengine/dg/dg-LLVM14-O2-g/high_precision_20260325_125828/log/pta_inv.lines.stderr.log
pta_inv,PTA,inv,lines,"ShuffleVector instruction is not supported, loosing precision",/home/jimi/PaperExperiment/CompilerOptimization/Result/tengine/dg/dg-LLVM14-O2-g/high_precision_20260325_125828/log/pta_inv.lines.stderr.log
pta_inv,PTA,inv,lines,"ShuffleVector instruction is not supported, loosing precision",/home/jimi/PaperExperiment/CompilerOptimization/Result/tengine/dg/dg-LLVM14-O2-g/high_precision_20260325_125828/log/pta_inv.lines.stderr.log
pta_inv,PTA,inv,lines,"ShuffleVector instruction is not supported, loosing precision",/home/jimi/PaperExperiment/CompilerOptimization/Result/tengine/dg/dg-LLVM14-O2-g/high_precision_20260325_125828/log/pta_inv.lines.stderr.log
pta_inv,PTA,inv,lines,"ShuffleVector instruction is not supported, loosing precision",/home/jimi/PaperExperiment/CompilerOptimization/Result/tengine/dg/dg-LLVM14-O2-g/high_precision_20260325_125828/log/pta_inv.lines.stderr.log
pta_inv,PTA,inv,lines,"ShuffleVector instruction is not supported, loosing precision",/home/jimi/PaperExperiment/CompilerOptimization/Result/tengine/dg/dg-LLVM14-O2-g/high_precision_20260325_125828/log/pta_inv.lines.stderr.log
pta_inv,PTA,inv,lines,"ShuffleVector instruction is not supported, loosing precision",/home/jimi/PaperExperiment/CompilerOptimization/Result/tengine/dg/dg-LLVM14-O2-g/high_precision_20260325_125828/log/pta_inv.lines.stderr.log
pta_inv,PTA,inv,lines,"ShuffleVector instruction is not supported, loosing precision",/home/jimi/PaperExperiment/CompilerOptimization/Result/tengine/dg/dg-LLVM14-O2-g/high_precision_20260325_125828/log/pta_inv.lines.stderr.log
pta_inv,PTA,inv,lines,"ShuffleVector instruction is not supported, loosing precision",/home/jimi/PaperExperiment/CompilerOptimization/Result/tengine/dg/dg-LLVM14-O2-g/high_precision_20260325_125828/log/pta_inv.lines.stderr.log
pta_inv,PTA,inv,lines,"ShuffleVector instruction is not supported, loosing precision",/home/jimi/PaperExperiment/CompilerOptimization/Result/tengine/dg/dg-LLVM14-O2-g/high_precision_20260325_125828/log/pta_inv.lines.stderr.log
pta_inv,PTA,inv,lines,"ShuffleVector instruction is not supported, loosing precision",/home/jimi/PaperExperiment/CompilerOptimization/Result/tengine/dg/dg-LLVM14-O2-g/high_precision_20260325_125828/log/pta_inv.lines.stderr.log
pta_inv,PTA,inv,lines,"ShuffleVector instruction is not supported, loosing precision",/home/jimi/PaperExperiment/CompilerOptimization/Result/tengine/dg/dg-LLVM14-O2-g/high_precision_20260325_125828/log/pta_inv.lines.stderr.log
pta_inv,PTA,inv,lines,"WARNING: Non-0 memset:   tail call void @llvm.memset.p0i8.i64(i8* align 1 %301, i8 -1, i64 %304, i1 false), !dbg !1286",/home/jimi/PaperExperiment/CompilerOptimization/Result/tengine/dg/dg-LLVM14-O2-g/high_precision_20260325_125828/log/pta_inv.lines.stderr.log
pta_inv,PTA,inv,lines,IntToPtr with constant:   <badref> = inttoptr i64 1 to i8*,/home/jimi/PaperExperiment/CompilerOptimization/Result/tengine/dg/dg-LLVM14-O2-g/high_precision_20260325_125828/log/pta_inv.lines.stderr.log
pta_inv,PTA,inv,lines,"ShuffleVector instruction is not supported, loosing precision",/home/jimi/PaperExperiment/CompilerOptimization/Result/tengine/dg/dg-LLVM14-O2-g/high_precision_20260325_125828/log/pta_inv.lines.stderr.log
pta_inv,PTA,inv,lines,"ShuffleVector instruction is not supported, loosing precision",/home/jimi/PaperExperiment/CompilerOptimization/Result/tengine/dg/dg-LLVM14-O2-g/high_precision_20260325_125828/log/pta_inv.lines.stderr.log
pta_inv,PTA,inv,lines,"ShuffleVector instruction is not supported, loosing precision",/home/jimi/PaperExperiment/CompilerOptimization/Result/tengine/dg/dg-LLVM14-O2-g/high_precision_20260325_125828/log/pta_inv.lines.stderr.log
pta_inv,PTA,inv,lines,"ShuffleVector instruction is not supported, loosing precision",/home/jimi/PaperExperiment/CompilerOptimization/Result/tengine/dg/dg-LLVM14-O2-g/high_precision_20260325_125828/log/pta_inv.lines.stderr.log
pta_inv,PTA,inv,lines,"ShuffleVector instruction is not supported, loosing precision",/home/jimi/PaperExperiment/CompilerOptimization/Result/tengine/dg/dg-LLVM14-O2-g/high_precision_20260325_125828/log/pta_inv.lines.stderr.log
pta_inv,PTA,inv,lines,"ShuffleVector instruction is not supported, loosing precision",/home/jimi/PaperExperiment/CompilerOptimization/Result/tengine/dg/dg-LLVM14-O2-g/high_precision_20260325_125828/log/pta_inv.lines.stderr.log
pta_inv,PTA,inv,lines,"ShuffleVector instruction is not supported, loosing precision",/home/jimi/PaperExperiment/CompilerOptimization/Result/tengine/dg/dg-LLVM14-O2-g/high_precision_20260325_125828/log/pta_inv.lines.stderr.log
pta_inv,PTA,inv,lines,"ShuffleVector instruction is not supported, loosing precision",/home/jimi/PaperExperiment/CompilerOptimization/Result/tengine/dg/dg-LLVM14-O2-g/high_precision_20260325_125828/log/pta_inv.lines.stderr.log
pta_inv,PTA,inv,lines,"ShuffleVector instruction is not supported, loosing precision",/home/jimi/PaperExperiment/CompilerOptimization/Result/tengine/dg/dg-LLVM14-O2-g/high_precision_20260325_125828/log/pta_inv.lines.stderr.log
pta_inv,PTA,inv,lines,"ShuffleVector instruction is not supported, loosing precision",/home/jimi/PaperExperiment/CompilerOptimization/Result/tengine/dg/dg-LLVM14-O2-g/high_precision_20260325_125828/log/pta_inv.lines.stderr.log
pta_inv,PTA,inv,lines,"ShuffleVector instruction is not supported, loosing precision",/home/jimi/PaperExperiment/CompilerOptimization/Result/tengine/dg/dg-LLVM14-O2-g/high_precision_20260325_125828/log/pta_inv.lines.stderr.log
pta_inv,PTA,inv,lines,"ShuffleVector instruction is not supported, loosing precision",/home/jimi/PaperExperiment/CompilerOptimization/Result/tengine/dg/dg-LLVM14-O2-g/high_precision_20260325_125828/log/pta_inv.lines.stderr.log
pta_inv,PTA,inv,lines,"ShuffleVector instruction is not supported, loosing precision",/home/jimi/PaperExperiment/CompilerOptimization/Result/tengine/dg/dg-LLVM14-O2-g/high_precision_20260325_125828/log/pta_inv.lines.stderr.log
pta_inv,PTA,inv,lines,"ShuffleVector instruction is not supported, loosing precision",/home/jimi/PaperExperiment/CompilerOptimization/Result/tengine/dg/dg-LLVM14-O2-g/high_precision_20260325_125828/log/pta_inv.lines.stderr.log
pta_inv,PTA,inv,lines,"ShuffleVector instruction is not supported, loosing precision",/home/jimi/PaperExperiment/CompilerOptimization/Result/tengine/dg/dg-LLVM14-O2-g/high_precision_20260325_125828/log/pta_inv.lines.stderr.log
pta_inv,PTA,inv,lines,"ShuffleVector instruction is not supported, loosing precision",/home/jimi/PaperExperiment/CompilerOptimization/Result/tengine/dg/dg-LLVM14-O2-g/high_precision_20260325_125828/log/pta_inv.lines.stderr.log
pta_inv,PTA,inv,lines,"ShuffleVector instruction is not supported, loosing precision",/home/jimi/PaperExperiment/CompilerOptimization/Result/tengine/dg/dg-LLVM14-O2-g/high_precision_20260325_125828/log/pta_inv.lines.stderr.log
pta_inv,PTA,inv,lines,"ShuffleVector instruction is not supported, loosing precision",/home/jimi/PaperExperiment/CompilerOptimization/Result/tengine/dg/dg-LLVM14-O2-g/high_precision_20260325_125828/log/pta_inv.lines.stderr.log
pta_inv,PTA,inv,lines,"ShuffleVector instruction is not supported, loosing precision",/home/jimi/PaperExperiment/CompilerOptimization/Result/tengine/dg/dg-LLVM14-O2-g/high_precision_20260325_125828/log/pta_inv.lines.stderr.log
pta_inv,PTA,inv,lines,"ShuffleVector instruction is not supported, loosing precision",/home/jimi/PaperExperiment/CompilerOptimization/Result/tengine/dg/dg-LLVM14-O2-g/high_precision_20260325_125828/log/pta_inv.lines.stderr.log
pta_inv,PTA,inv,lines,"ShuffleVector instruction is not supported, loosing precision",/home/jimi/PaperExperiment/CompilerOptimization/Result/tengine/dg/dg-LLVM14-O2-g/high_precision_20260325_125828/log/pta_inv.lines.stderr.log
pta_inv,PTA,inv,lines,"ShuffleVector instruction is not supported, loosing precision",/home/jimi/PaperExperiment/CompilerOptimization/Result/tengine/dg/dg-LLVM14-O2-g/high_precision_20260325_125828/log/pta_inv.lines.stderr.log
pta_inv,PTA,inv,lines,"ShuffleVector instruction is not supported, loosing precision",/home/jimi/PaperExperiment/CompilerOptimization/Result/tengine/dg/dg-LLVM14-O2-g/high_precision_20260325_125828/log/pta_inv.lines.stderr.log
pta_inv,PTA,inv,lines,"ShuffleVector instruction is not supported, loosing precision",/home/jimi/PaperExperiment/CompilerOptimization/Result/tengine/dg/dg-LLVM14-O2-g/high_precision_20260325_125828/log/pta_inv.lines.stderr.log
pta_inv,PTA,inv,lines,"ShuffleVector instruction is not supported, loosing precision",/home/jimi/PaperExperiment/CompilerOptimization/Result/tengine/dg/dg-LLVM14-O2-g/high_precision_20260325_125828/log/pta_inv.lines.stderr.log
pta_inv,PTA,inv,lines,"ShuffleVector instruction is not supported, loosing precision",/home/jimi/PaperExperiment/CompilerOptimization/Result/tengine/dg/dg-LLVM14-O2-g/high_precision_20260325_125828/log/pta_inv.lines.stderr.log
pta_inv,PTA,inv,lines,"ShuffleVector instruction is not supported, loosing precision",/home/jimi/PaperExperiment/CompilerOptimization/Result/tengine/dg/dg-LLVM14-O2-g/high_precision_20260325_125828/log/pta_inv.lines.stderr.log
pta_inv,PTA,inv,lines,"ShuffleVector instruction is not supported, loosing precision",/home/jimi/PaperExperiment/CompilerOptimization/Result/tengine/dg/dg-LLVM14-O2-g/high_precision_20260325_125828/log/pta_inv.lines.stderr.log
pta_inv,PTA,inv,lines,"ShuffleVector instruction is not supported, loosing precision",/home/jimi/PaperExperiment/CompilerOptimization/Result/tengine/dg/dg-LLVM14-O2-g/high_precision_20260325_125828/log/pta_inv.lines.stderr.log
pta_inv,PTA,inv,lines,"ShuffleVector instruction is not supported, loosing precision",/home/jimi/PaperExperiment/CompilerOptimization/Result/tengine/dg/dg-LLVM14-O2-g/high_precision_20260325_125828/log/pta_inv.lines.stderr.log
pta_inv,PTA,inv,lines,"ShuffleVector instruction is not supported, loosing precision",/home/jimi/PaperExperiment/CompilerOptimization/Result/tengine/dg/dg-LLVM14-O2-g/high_precision_20260325_125828/log/pta_inv.lines.stderr.log
pta_inv,PTA,inv,lines,"ShuffleVector instruction is not supported, loosing precision",/home/jimi/PaperExperiment/CompilerOptimization/Result/tengine/dg/dg-LLVM14-O2-g/high_precision_20260325_125828/log/pta_inv.lines.stderr.log
pta_inv,PTA,inv,lines,"ShuffleVector instruction is not supported, loosing precision",/home/jimi/PaperExperiment/CompilerOptimization/Result/tengine/dg/dg-LLVM14-O2-g/high_precision_20260325_125828/log/pta_inv.lines.stderr.log
pta_inv,PTA,inv,lines,"ShuffleVector instruction is not supported, loosing precision",/home/jimi/PaperExperiment/CompilerOptimization/Result/tengine/dg/dg-LLVM14-O2-g/high_precision_20260325_125828/log/pta_inv.lines.stderr.log
pta_inv,PTA,inv,lines,"ShuffleVector instruction is not supported, loosing precision",/home/jimi/PaperExperiment/CompilerOptimization/Result/tengine/dg/dg-LLVM14-O2-g/high_precision_20260325_125828/log/pta_inv.lines.stderr.log
pta_inv,PTA,inv,lines,"ShuffleVector instruction is not supported, loosing precision",/home/jimi/PaperExperiment/CompilerOptimization/Result/tengine/dg/dg-LLVM14-O2-g/high_precision_20260325_125828/log/pta_inv.lines.stderr.log
pta_inv,PTA,inv,lines,"ShuffleVector instruction is not supported, loosing precision",/home/jimi/PaperExperiment/CompilerOptimization/Result/tengine/dg/dg-LLVM14-O2-g/high_precision_20260325_125828/log/pta_inv.lines.stderr.log
pta_inv,PTA,inv,lines,"ShuffleVector instruction is not supported, loosing precision",/home/jimi/PaperExperiment/CompilerOptimization/Result/tengine/dg/dg-LLVM14-O2-g/high_precision_20260325_125828/log/pta_inv.lines.stderr.log
pta_inv,PTA,inv,lines,"ShuffleVector instruction is not supported, loosing precision",/home/jimi/PaperExperiment/CompilerOptimization/Result/tengine/dg/dg-LLVM14-O2-g/high_precision_20260325_125828/log/pta_inv.lines.stderr.log
pta_inv,PTA,inv,lines,"ShuffleVector instruction is not supported, loosing precision",/home/jimi/PaperExperiment/CompilerOptimization/Result/tengine/dg/dg-LLVM14-O2-g/high_precision_20260325_125828/log/pta_inv.lines.stderr.log
pta_inv,PTA,inv,lines,"ShuffleVector instruction is not supported, loosing precision",/home/jimi/PaperExperiment/CompilerOptimization/Result/tengine/dg/dg-LLVM14-O2-g/high_precision_20260325_125828/log/pta_inv.lines.stderr.log
pta_inv,PTA,inv,lines,"ShuffleVector instruction is not supported, loosing precision",/home/jimi/PaperExperiment/CompilerOptimization/Result/tengine/dg/dg-LLVM14-O2-g/high_precision_20260325_125828/log/pta_inv.lines.stderr.log
pta_inv,PTA,inv,lines,"ShuffleVector instruction is not supported, loosing precision",/home/jimi/PaperExperiment/CompilerOptimization/Result/tengine/dg/dg-LLVM14-O2-g/high_precision_20260325_125828/log/pta_inv.lines.stderr.log
pta_inv,PTA,inv,lines,"ShuffleVector instruction is not supported, loosing precision",/home/jimi/PaperExperiment/CompilerOptimization/Result/tengine/dg/dg-LLVM14-O2-g/high_precision_20260325_125828/log/pta_inv.lines.stderr.log
pta_inv,PTA,inv,lines,"ShuffleVector instruction is not supported, loosing precision",/home/jimi/PaperExperiment/CompilerOptimization/Result/tengine/dg/dg-LLVM14-O2-g/high_precision_20260325_125828/log/pta_inv.lines.stderr.log
pta_inv,PTA,inv,lines,"ShuffleVector instruction is not supported, loosing precision",/home/jimi/PaperExperiment/CompilerOptimization/Result/tengine/dg/dg-LLVM14-O2-g/high_precision_20260325_125828/log/pta_inv.lines.stderr.log
pta_inv,PTA,inv,lines,"ShuffleVector instruction is not supported, loosing precision",/home/jimi/PaperExperiment/CompilerOptimization/Result/tengine/dg/dg-LLVM14-O2-g/high_precision_20260325_125828/log/pta_inv.lines.stderr.log
pta_inv,PTA,inv,lines,"ShuffleVector instruction is not supported, loosing precision",/home/jimi/PaperExperiment/CompilerOptimization/Result/tengine/dg/dg-LLVM14-O2-g/high_precision_20260325_125828/log/pta_inv.lines.stderr.log
pta_inv,PTA,inv,lines,"ShuffleVector instruction is not supported, loosing precision",/home/jimi/PaperExperiment/CompilerOptimization/Result/tengine/dg/dg-LLVM14-O2-g/high_precision_20260325_125828/log/pta_inv.lines.stderr.log
pta_inv,PTA,inv,lines,"ShuffleVector instruction is not supported, loosing precision",/home/jimi/PaperExperiment/CompilerOptimization/Result/tengine/dg/dg-LLVM14-O2-g/high_precision_20260325_125828/log/pta_inv.lines.stderr.log
pta_inv,PTA,inv,lines,"ShuffleVector instruction is not supported, loosing precision",/home/jimi/PaperExperiment/CompilerOptimization/Result/tengine/dg/dg-LLVM14-O2-g/high_precision_20260325_125828/log/pta_inv.lines.stderr.log
pta_inv,PTA,inv,lines,"ShuffleVector instruction is not supported, loosing precision",/home/jimi/PaperExperiment/CompilerOptimization/Result/tengine/dg/dg-LLVM14-O2-g/high_precision_20260325_125828/log/pta_inv.lines.stderr.log
pta_inv,PTA,inv,lines,"ShuffleVector instruction is not supported, loosing precision",/home/jimi/PaperExperiment/CompilerOptimization/Result/tengine/dg/dg-LLVM14-O2-g/high_precision_20260325_125828/log/pta_inv.lines.stderr.log
pta_inv,PTA,inv,lines,"ShuffleVector instruction is not supported, loosing precision",/home/jimi/PaperExperiment/CompilerOptimization/Result/tengine/dg/dg-LLVM14-O2-g/high_precision_20260325_125828/log/pta_inv.lines.stderr.log
pta_inv,PTA,inv,lines,"ShuffleVector instruction is not supported, loosing precision",/home/jimi/PaperExperiment/CompilerOptimization/Result/tengine/dg/dg-LLVM14-O2-g/high_precision_20260325_125828/log/pta_inv.lines.stderr.log
pta_inv,PTA,inv,lines,"ShuffleVector instruction is not supported, loosing precision",/home/jimi/PaperExperiment/CompilerOptimization/Result/tengine/dg/dg-LLVM14-O2-g/high_precision_20260325_125828/log/pta_inv.lines.stderr.log
pta_inv,PTA,inv,lines,"ShuffleVector instruction is not supported, loosing precision",/home/jimi/PaperExperiment/CompilerOptimization/Result/tengine/dg/dg-LLVM14-O2-g/high_precision_20260325_125828/log/pta_inv.lines.stderr.log
pta_inv,PTA,inv,lines,"ShuffleVector instruction is not supported, loosing precision",/home/jimi/PaperExperiment/CompilerOptimization/Result/tengine/dg/dg-LLVM14-O2-g/high_precision_20260325_125828/log/pta_inv.lines.stderr.log
pta_inv,PTA,inv,lines,"ShuffleVector instruction is not supported, loosing precision",/home/jimi/PaperExperiment/CompilerOptimization/Result/tengine/dg/dg-LLVM14-O2-g/high_precision_20260325_125828/log/pta_inv.lines.stderr.log
pta_inv,PTA,inv,lines,"ShuffleVector instruction is not supported, loosing precision",/home/jimi/PaperExperiment/CompilerOptimization/Result/tengine/dg/dg-LLVM14-O2-g/high_precision_20260325_125828/log/pta_inv.lines.stderr.log
pta_inv,PTA,inv,lines,"ShuffleVector instruction is not supported, loosing precision",/home/jimi/PaperExperiment/CompilerOptimization/Result/tengine/dg/dg-LLVM14-O2-g/high_precision_20260325_125828/log/pta_inv.lines.stderr.log
pta_inv,PTA,inv,lines,"ShuffleVector instruction is not supported, loosing precision",/home/jimi/PaperExperiment/CompilerOptimization/Result/tengine/dg/dg-LLVM14-O2-g/high_precision_20260325_125828/log/pta_inv.lines.stderr.log
pta_inv,PTA,inv,lines,"ShuffleVector instruction is not supported, loosing precision",/home/jimi/PaperExperiment/CompilerOptimization/Result/tengine/dg/dg-LLVM14-O2-g/high_precision_20260325_125828/log/pta_inv.lines.stderr.log
pta_inv,PTA,inv,lines,"ShuffleVector instruction is not supported, loosing precision",/home/jimi/PaperExperiment/CompilerOptimization/Result/tengine/dg/dg-LLVM14-O2-g/high_precision_20260325_125828/log/pta_inv.lines.stderr.log
pta_inv,PTA,inv,lines,"ShuffleVector instruction is not supported, loosing precision",/home/jimi/PaperExperiment/CompilerOptimization/Result/tengine/dg/dg-LLVM14-O2-g/high_precision_20260325_125828/log/pta_inv.lines.stderr.log
pta_inv,PTA,inv,lines,"ShuffleVector instruction is not supported, loosing precision",/home/jimi/PaperExperiment/CompilerOptimization/Result/tengine/dg/dg-LLVM14-O2-g/high_precision_20260325_125828/log/pta_inv.lines.stderr.log
pta_inv,PTA,inv,lines,"ShuffleVector instruction is not supported, loosing precision",/home/jimi/PaperExperiment/CompilerOptimization/Result/tengine/dg/dg-LLVM14-O2-g/high_precision_20260325_125828/log/pta_inv.lines.stderr.log
pta_inv,PTA,inv,lines,"ShuffleVector instruction is not supported, loosing precision",/home/jimi/PaperExperiment/CompilerOptimization/Result/tengine/dg/dg-LLVM14-O2-g/high_precision_20260325_125828/log/pta_inv.lines.stderr.log
pta_inv,PTA,inv,lines,"ShuffleVector instruction is not supported, loosing precision",/home/jimi/PaperExperiment/CompilerOptimization/Result/tengine/dg/dg-LLVM14-O2-g/high_precision_20260325_125828/log/pta_inv.lines.stderr.log
pta_inv,PTA,inv,lines,"ShuffleVector instruction is not supported, loosing precision",/home/jimi/PaperExperiment/CompilerOptimization/Result/tengine/dg/dg-LLVM14-O2-g/high_precision_20260325_125828/log/pta_inv.lines.stderr.log
pta_inv,PTA,inv,lines,"ShuffleVector instruction is not supported, loosing precision",/home/jimi/PaperExperiment/CompilerOptimization/Result/tengine/dg/dg-LLVM14-O2-g/high_precision_20260325_125828/log/pta_inv.lines.stderr.log
pta_inv,PTA,inv,lines,"ShuffleVector instruction is not supported, loosing precision",/home/jimi/PaperExperiment/CompilerOptimization/Result/tengine/dg/dg-LLVM14-O2-g/high_precision_20260325_125828/log/pta_inv.lines.stderr.log
pta_inv,PTA,inv,lines,"ShuffleVector instruction is not supported, loosing precision",/home/jimi/PaperExperiment/CompilerOptimization/Result/tengine/dg/dg-LLVM14-O2-g/high_precision_20260325_125828/log/pta_inv.lines.stderr.log
pta_inv,PTA,inv,lines,"ShuffleVector instruction is not supported, loosing precision",/home/jimi/PaperExperiment/CompilerOptimization/Result/tengine/dg/dg-LLVM14-O2-g/high_precision_20260325_125828/log/pta_inv.lines.stderr.log
pta_inv,PTA,inv,lines,"ShuffleVector instruction is not supported, loosing precision",/home/jimi/PaperExperiment/CompilerOptimization/Result/tengine/dg/dg-LLVM14-O2-g/high_precision_20260325_125828/log/pta_inv.lines.stderr.log
pta_inv,PTA,inv,lines,"ShuffleVector instruction is not supported, loosing precision",/home/jimi/PaperExperiment/CompilerOptimization/Result/tengine/dg/dg-LLVM14-O2-g/high_precision_20260325_125828/log/pta_inv.lines.stderr.log
pta_inv,PTA,inv,lines,"ShuffleVector instruction is not supported, loosing precision",/home/jimi/PaperExperiment/CompilerOptimization/Result/tengine/dg/dg-LLVM14-O2-g/high_precision_20260325_125828/log/pta_inv.lines.stderr.log
pta_inv,PTA,inv,lines,"ShuffleVector instruction is not supported, loosing precision",/home/jimi/PaperExperiment/CompilerOptimization/Result/tengine/dg/dg-LLVM14-O2-g/high_precision_20260325_125828/log/pta_inv.lines.stderr.log
pta_inv,PTA,inv,lines,"ShuffleVector instruction is not supported, loosing precision",/home/jimi/PaperExperiment/CompilerOptimization/Result/tengine/dg/dg-LLVM14-O2-g/high_precision_20260325_125828/log/pta_inv.lines.stderr.log
pta_inv,PTA,inv,lines,"ShuffleVector instruction is not supported, loosing precision",/home/jimi/PaperExperiment/CompilerOptimization/Result/tengine/dg/dg-LLVM14-O2-g/high_precision_20260325_125828/log/pta_inv.lines.stderr.log
pta_inv,PTA,inv,lines,"ShuffleVector instruction is not supported, loosing precision",/home/jimi/PaperExperiment/CompilerOptimization/Result/tengine/dg/dg-LLVM14-O2-g/high_precision_20260325_125828/log/pta_inv.lines.stderr.log
pta_inv,PTA,inv,lines,"ShuffleVector instruction is not supported, loosing precision",/home/jimi/PaperExperiment/CompilerOptimization/Result/tengine/dg/dg-LLVM14-O2-g/high_precision_20260325_125828/log/pta_inv.lines.stderr.log
pta_inv,PTA,inv,lines,"ShuffleVector instruction is not supported, loosing precision",/home/jimi/PaperExperiment/CompilerOptimization/Result/tengine/dg/dg-LLVM14-O2-g/high_precision_20260325_125828/log/pta_inv.lines.stderr.log
pta_inv,PTA,inv,lines,"ShuffleVector instruction is not supported, loosing precision",/home/jimi/PaperExperiment/CompilerOptimization/Result/tengine/dg/dg-LLVM14-O2-g/high_precision_20260325_125828/log/pta_inv.lines.stderr.log
pta_inv,PTA,inv,lines,"ShuffleVector instruction is not supported, loosing precision",/home/jimi/PaperExperiment/CompilerOptimization/Result/tengine/dg/dg-LLVM14-O2-g/high_precision_20260325_125828/log/pta_inv.lines.stderr.log
pta_inv,PTA,inv,lines,"ShuffleVector instruction is not supported, loosing precision",/home/jimi/PaperExperiment/CompilerOptimization/Result/tengine/dg/dg-LLVM14-O2-g/high_precision_20260325_125828/log/pta_inv.lines.stderr.log
pta_inv,PTA,inv,lines,"ShuffleVector instruction is not supported, loosing precision",/home/jimi/PaperExperiment/CompilerOptimization/Result/tengine/dg/dg-LLVM14-O2-g/high_precision_20260325_125828/log/pta_inv.lines.stderr.log
pta_inv,PTA,inv,lines,"ShuffleVector instruction is not supported, loosing precision",/home/jimi/PaperExperiment/CompilerOptimization/Result/tengine/dg/dg-LLVM14-O2-g/high_precision_20260325_125828/log/pta_inv.lines.stderr.log
pta_inv,PTA,inv,lines,"ShuffleVector instruction is not supported, loosing precision",/home/jimi/PaperExperiment/CompilerOptimization/Result/tengine/dg/dg-LLVM14-O2-g/high_precision_20260325_125828/log/pta_inv.lines.stderr.log
pta_inv,PTA,inv,lines,"ShuffleVector instruction is not supported, loosing precision",/home/jimi/PaperExperiment/CompilerOptimization/Result/tengine/dg/dg-LLVM14-O2-g/high_precision_20260325_125828/log/pta_inv.lines.stderr.log
pta_inv,PTA,inv,lines,"ShuffleVector instruction is not supported, loosing precision",/home/jimi/PaperExperiment/CompilerOptimization/Result/tengine/dg/dg-LLVM14-O2-g/high_precision_20260325_125828/log/pta_inv.lines.stderr.log
pta_inv,PTA,inv,lines,"ShuffleVector instruction is not supported, loosing precision",/home/jimi/PaperExperiment/CompilerOptimization/Result/tengine/dg/dg-LLVM14-O2-g/high_precision_20260325_125828/log/pta_inv.lines.stderr.log
pta_inv,PTA,inv,lines,"ShuffleVector instruction is not supported, loosing precision",/home/jimi/PaperExperiment/CompilerOptimization/Result/tengine/dg/dg-LLVM14-O2-g/high_precision_20260325_125828/log/pta_inv.lines.stderr.log
pta_inv,PTA,inv,lines,"ShuffleVector instruction is not supported, loosing precision",/home/jimi/PaperExperiment/CompilerOptimization/Result/tengine/dg/dg-LLVM14-O2-g/high_precision_20260325_125828/log/pta_inv.lines.stderr.log
pta_inv,PTA,inv,lines,"ShuffleVector instruction is not supported, loosing precision",/home/jimi/PaperExperiment/CompilerOptimization/Result/tengine/dg/dg-LLVM14-O2-g/high_precision_20260325_125828/log/pta_inv.lines.stderr.log
pta_inv,PTA,inv,lines,"ShuffleVector instruction is not supported, loosing precision",/home/jimi/PaperExperiment/CompilerOptimization/Result/tengine/dg/dg-LLVM14-O2-g/high_precision_20260325_125828/log/pta_inv.lines.stderr.log
pta_inv,PTA,inv,lines,"ShuffleVector instruction is not supported, loosing precision",/home/jimi/PaperExperiment/CompilerOptimization/Result/tengine/dg/dg-LLVM14-O2-g/high_precision_20260325_125828/log/pta_inv.lines.stderr.log
pta_inv,PTA,inv,lines,"ShuffleVector instruction is not supported, loosing precision",/home/jimi/PaperExperiment/CompilerOptimization/Result/tengine/dg/dg-LLVM14-O2-g/high_precision_20260325_125828/log/pta_inv.lines.stderr.log
pta_inv,PTA,inv,lines,"ShuffleVector instruction is not supported, loosing precision",/home/jimi/PaperExperiment/CompilerOptimization/Result/tengine/dg/dg-LLVM14-O2-g/high_precision_20260325_125828/log/pta_inv.lines.stderr.log
pta_inv,PTA,inv,lines,"ShuffleVector instruction is not supported, loosing precision",/home/jimi/PaperExperiment/CompilerOptimization/Result/tengine/dg/dg-LLVM14-O2-g/high_precision_20260325_125828/log/pta_inv.lines.stderr.log
pta_inv,PTA,inv,lines,"ShuffleVector instruction is not supported, loosing precision",/home/jimi/PaperExperiment/CompilerOptimization/Result/tengine/dg/dg-LLVM14-O2-g/high_precision_20260325_125828/log/pta_inv.lines.stderr.log
pta_inv,PTA,inv,lines,"ShuffleVector instruction is not supported, loosing precision",/home/jimi/PaperExperiment/CompilerOptimization/Result/tengine/dg/dg-LLVM14-O2-g/high_precision_20260325_125828/log/pta_inv.lines.stderr.log
pta_inv,PTA,inv,lines,"ShuffleVector instruction is not supported, loosing precision",/home/jimi/PaperExperiment/CompilerOptimization/Result/tengine/dg/dg-LLVM14-O2-g/high_precision_20260325_125828/log/pta_inv.lines.stderr.log
pta_inv,PTA,inv,lines,"ShuffleVector instruction is not supported, loosing precision",/home/jimi/PaperExperiment/CompilerOptimization/Result/tengine/dg/dg-LLVM14-O2-g/high_precision_20260325_125828/log/pta_inv.lines.stderr.log
pta_inv,PTA,inv,lines,"ShuffleVector instruction is not supported, loosing precision",/home/jimi/PaperExperiment/CompilerOptimization/Result/tengine/dg/dg-LLVM14-O2-g/high_precision_20260325_125828/log/pta_inv.lines.stderr.log
pta_inv,PTA,inv,lines,"ShuffleVector instruction is not supported, loosing precision",/home/jimi/PaperExperiment/CompilerOptimization/Result/tengine/dg/dg-LLVM14-O2-g/high_precision_20260325_125828/log/pta_inv.lines.stderr.log
pta_inv,PTA,inv,lines,"ShuffleVector instruction is not supported, loosing precision",/home/jimi/PaperExperiment/CompilerOptimization/Result/tengine/dg/dg-LLVM14-O2-g/high_precision_20260325_125828/log/pta_inv.lines.stderr.log
pta_inv,PTA,inv,lines,"ShuffleVector instruction is not supported, loosing precision",/home/jimi/PaperExperiment/CompilerOptimization/Result/tengine/dg/dg-LLVM14-O2-g/high_precision_20260325_125828/log/pta_inv.lines.stderr.log
pta_inv,PTA,inv,dot,"WARNING: Non-0 memset:   tail call void @llvm.memset.p0i8.i64(i8* noundef nonnull align 4 dereferenceable(512) %70, i8 -1, i64 512, i1 false), !dbg !950",/home/jimi/PaperExperiment/CompilerOptimization/Result/tengine/dg/dg-LLVM14-O2-g/high_precision_20260325_125828/log/pta_inv.dot.stderr.log
pta_inv,PTA,inv,dot,"WARNING: Non-0 memset:   call void @llvm.memset.p0i8.i64(i8* noundef nonnull align 1 dereferenceable(1) %134, i8 %132, i64 %135, i1 false), !dbg !964, !tbaa !889",/home/jimi/PaperExperiment/CompilerOptimization/Result/tengine/dg/dg-LLVM14-O2-g/high_precision_20260325_125828/log/pta_inv.dot.stderr.log
pta_inv,PTA,inv,dot,"WARNING: Non-0 memset:   call void @llvm.memset.p0i8.i64(i8* noundef nonnull align 1 dereferenceable(1) %94, i8 %92, i64 %95, i1 false), !dbg !964, !tbaa !889",/home/jimi/PaperExperiment/CompilerOptimization/Result/tengine/dg/dg-LLVM14-O2-g/high_precision_20260325_125828/log/pta_inv.dot.stderr.log
pta_inv,PTA,inv,dot,"WARNING: Non-0 memset:   call void @llvm.memset.p0i8.i64(i8* noundef nonnull align 1 dereferenceable(1) %111, i8 %109, i64 %112, i1 false), !dbg !964, !tbaa !889",/home/jimi/PaperExperiment/CompilerOptimization/Result/tengine/dg/dg-LLVM14-O2-g/high_precision_20260325_125828/log/pta_inv.dot.stderr.log
pta_inv,PTA,inv,dot,"WARNING: Non-0 memset:   tail call void @llvm.memset.p0i8.i64(i8* align 1 %696, i8 %703, i64 %704, i1 false) #30, !dbg !1675, !tbaa !921",/home/jimi/PaperExperiment/CompilerOptimization/Result/tengine/dg/dg-LLVM14-O2-g/high_precision_20260325_125828/log/pta_inv.dot.stderr.log
pta_inv,PTA,inv,dot,"WARNING: Non-0 memset:   call void @llvm.memset.p0i8.i64(i8* nonnull align 1 %506, i8 %501, i64 %507, i1 false) #30, !dbg !1430",/home/jimi/PaperExperiment/CompilerOptimization/Result/tengine/dg/dg-LLVM14-O2-g/high_precision_20260325_125828/log/pta_inv.dot.stderr.log
pta_inv,PTA,inv,dot,"ShuffleVector instruction is not supported, loosing precision",/home/jimi/PaperExperiment/CompilerOptimization/Result/tengine/dg/dg-LLVM14-O2-g/high_precision_20260325_125828/log/pta_inv.dot.stderr.log
pta_inv,PTA,inv,dot,"ShuffleVector instruction is not supported, loosing precision",/home/jimi/PaperExperiment/CompilerOptimization/Result/tengine/dg/dg-LLVM14-O2-g/high_precision_20260325_125828/log/pta_inv.dot.stderr.log
pta_inv,PTA,inv,dot,"ShuffleVector instruction is not supported, loosing precision",/home/jimi/PaperExperiment/CompilerOptimization/Result/tengine/dg/dg-LLVM14-O2-g/high_precision_20260325_125828/log/pta_inv.dot.stderr.log
pta_inv,PTA,inv,dot,"ShuffleVector instruction is not supported, loosing precision",/home/jimi/PaperExperiment/CompilerOptimization/Result/tengine/dg/dg-LLVM14-O2-g/high_precision_20260325_125828/log/pta_inv.dot.stderr.log
pta_inv,PTA,inv,dot,"ShuffleVector instruction is not supported, loosing precision",/home/jimi/PaperExperiment/CompilerOptimization/Result/tengine/dg/dg-LLVM14-O2-g/high_precision_20260325_125828/log/pta_inv.dot.stderr.log
pta_inv,PTA,inv,dot,"ShuffleVector instruction is not supported, loosing precision",/home/jimi/PaperExperiment/CompilerOptimization/Result/tengine/dg/dg-LLVM14-O2-g/high_precision_20260325_125828/log/pta_inv.dot.stderr.log
pta_inv,PTA,inv,dot,"ShuffleVector instruction is not supported, loosing precision",/home/jimi/PaperExperiment/CompilerOptimization/Result/tengine/dg/dg-LLVM14-O2-g/high_precision_20260325_125828/log/pta_inv.dot.stderr.log
pta_inv,PTA,inv,dot,"ShuffleVector instruction is not supported, loosing precision",/home/jimi/PaperExperiment/CompilerOptimization/Result/tengine/dg/dg-LLVM14-O2-g/high_precision_20260325_125828/log/pta_inv.dot.stderr.log
pta_inv,PTA,inv,dot,"ShuffleVector instruction is not supported, loosing precision",/home/jimi/PaperExperiment/CompilerOptimization/Result/tengine/dg/dg-LLVM14-O2-g/high_precision_20260325_125828/log/pta_inv.dot.stderr.log
pta_inv,PTA,inv,dot,"ShuffleVector instruction is not supported, loosing precision",/home/jimi/PaperExperiment/CompilerOptimization/Result/tengine/dg/dg-LLVM14-O2-g/high_precision_20260325_125828/log/pta_inv.dot.stderr.log
pta_inv,PTA,inv,dot,"ShuffleVector instruction is not supported, loosing precision",/home/jimi/PaperExperiment/CompilerOptimization/Result/tengine/dg/dg-LLVM14-O2-g/high_precision_20260325_125828/log/pta_inv.dot.stderr.log
pta_inv,PTA,inv,dot,"ShuffleVector instruction is not supported, loosing precision",/home/jimi/PaperExperiment/CompilerOptimization/Result/tengine/dg/dg-LLVM14-O2-g/high_precision_20260325_125828/log/pta_inv.dot.stderr.log
pta_inv,PTA,inv,dot,"ShuffleVector instruction is not supported, loosing precision",/home/jimi/PaperExperiment/CompilerOptimization/Result/tengine/dg/dg-LLVM14-O2-g/high_precision_20260325_125828/log/pta_inv.dot.stderr.log
pta_inv,PTA,inv,dot,"ShuffleVector instruction is not supported, loosing precision",/home/jimi/PaperExperiment/CompilerOptimization/Result/tengine/dg/dg-LLVM14-O2-g/high_precision_20260325_125828/log/pta_inv.dot.stderr.log
pta_inv,PTA,inv,dot,"ShuffleVector instruction is not supported, loosing precision",/home/jimi/PaperExperiment/CompilerOptimization/Result/tengine/dg/dg-LLVM14-O2-g/high_precision_20260325_125828/log/pta_inv.dot.stderr.log
pta_inv,PTA,inv,dot,"ShuffleVector instruction is not supported, loosing precision",/home/jimi/PaperExperiment/CompilerOptimization/Result/tengine/dg/dg-LLVM14-O2-g/high_precision_20260325_125828/log/pta_inv.dot.stderr.log
pta_inv,PTA,inv,dot,"ShuffleVector instruction is not supported, loosing precision",/home/jimi/PaperExperiment/CompilerOptimization/Result/tengine/dg/dg-LLVM14-O2-g/high_precision_20260325_125828/log/pta_inv.dot.stderr.log
pta_inv,PTA,inv,dot,"ShuffleVector instruction is not supported, loosing precision",/home/jimi/PaperExperiment/CompilerOptimization/Result/tengine/dg/dg-LLVM14-O2-g/high_precision_20260325_125828/log/pta_inv.dot.stderr.log
pta_inv,PTA,inv,dot,"ShuffleVector instruction is not supported, loosing precision",/home/jimi/PaperExperiment/CompilerOptimization/Result/tengine/dg/dg-LLVM14-O2-g/high_precision_20260325_125828/log/pta_inv.dot.stderr.log
pta_inv,PTA,inv,dot,"ShuffleVector instruction is not supported, loosing precision",/home/jimi/PaperExperiment/CompilerOptimization/Result/tengine/dg/dg-LLVM14-O2-g/high_precision_20260325_125828/log/pta_inv.dot.stderr.log
pta_inv,PTA,inv,dot,"ShuffleVector instruction is not supported, loosing precision",/home/jimi/PaperExperiment/CompilerOptimization/Result/tengine/dg/dg-LLVM14-O2-g/high_precision_20260325_125828/log/pta_inv.dot.stderr.log
pta_inv,PTA,inv,dot,"ShuffleVector instruction is not supported, loosing precision",/home/jimi/PaperExperiment/CompilerOptimization/Result/tengine/dg/dg-LLVM14-O2-g/high_precision_20260325_125828/log/pta_inv.dot.stderr.log
pta_inv,PTA,inv,dot,"ShuffleVector instruction is not supported, loosing precision",/home/jimi/PaperExperiment/CompilerOptimization/Result/tengine/dg/dg-LLVM14-O2-g/high_precision_20260325_125828/log/pta_inv.dot.stderr.log
pta_inv,PTA,inv,dot,"ShuffleVector instruction is not supported, loosing precision",/home/jimi/PaperExperiment/CompilerOptimization/Result/tengine/dg/dg-LLVM14-O2-g/high_precision_20260325_125828/log/pta_inv.dot.stderr.log
pta_inv,PTA,inv,dot,"ShuffleVector instruction is not supported, loosing precision",/home/jimi/PaperExperiment/CompilerOptimization/Result/tengine/dg/dg-LLVM14-O2-g/high_precision_20260325_125828/log/pta_inv.dot.stderr.log
pta_inv,PTA,inv,dot,"ShuffleVector instruction is not supported, loosing precision",/home/jimi/PaperExperiment/CompilerOptimization/Result/tengine/dg/dg-LLVM14-O2-g/high_precision_20260325_125828/log/pta_inv.dot.stderr.log
pta_inv,PTA,inv,dot,"ShuffleVector instruction is not supported, loosing precision",/home/jimi/PaperExperiment/CompilerOptimization/Result/tengine/dg/dg-LLVM14-O2-g/high_precision_20260325_125828/log/pta_inv.dot.stderr.log
pta_inv,PTA,inv,dot,"ShuffleVector instruction is not supported, loosing precision",/home/jimi/PaperExperiment/CompilerOptimization/Result/tengine/dg/dg-LLVM14-O2-g/high_precision_20260325_125828/log/pta_inv.dot.stderr.log
pta_inv,PTA,inv,dot,"ShuffleVector instruction is not supported, loosing precision",/home/jimi/PaperExperiment/CompilerOptimization/Result/tengine/dg/dg-LLVM14-O2-g/high_precision_20260325_125828/log/pta_inv.dot.stderr.log
pta_inv,PTA,inv,dot,"ShuffleVector instruction is not supported, loosing precision",/home/jimi/PaperExperiment/CompilerOptimization/Result/tengine/dg/dg-LLVM14-O2-g/high_precision_20260325_125828/log/pta_inv.dot.stderr.log
pta_inv,PTA,inv,dot,"ShuffleVector instruction is not supported, loosing precision",/home/jimi/PaperExperiment/CompilerOptimization/Result/tengine/dg/dg-LLVM14-O2-g/high_precision_20260325_125828/log/pta_inv.dot.stderr.log
pta_inv,PTA,inv,dot,"ShuffleVector instruction is not supported, loosing precision",/home/jimi/PaperExperiment/CompilerOptimization/Result/tengine/dg/dg-LLVM14-O2-g/high_precision_20260325_125828/log/pta_inv.dot.stderr.log
pta_inv,PTA,inv,dot,"ShuffleVector instruction is not supported, loosing precision",/home/jimi/PaperExperiment/CompilerOptimization/Result/tengine/dg/dg-LLVM14-O2-g/high_precision_20260325_125828/log/pta_inv.dot.stderr.log
pta_inv,PTA,inv,dot,"ShuffleVector instruction is not supported, loosing precision",/home/jimi/PaperExperiment/CompilerOptimization/Result/tengine/dg/dg-LLVM14-O2-g/high_precision_20260325_125828/log/pta_inv.dot.stderr.log
pta_inv,PTA,inv,dot,"ShuffleVector instruction is not supported, loosing precision",/home/jimi/PaperExperiment/CompilerOptimization/Result/tengine/dg/dg-LLVM14-O2-g/high_precision_20260325_125828/log/pta_inv.dot.stderr.log
pta_inv,PTA,inv,dot,"ShuffleVector instruction is not supported, loosing precision",/home/jimi/PaperExperiment/CompilerOptimization/Result/tengine/dg/dg-LLVM14-O2-g/high_precision_20260325_125828/log/pta_inv.dot.stderr.log
pta_inv,PTA,inv,dot,"WARNING: Non-0 memset:   tail call void @llvm.memset.p0i8.i64(i8* align 1 %301, i8 -1, i64 %304, i1 false), !dbg !1286",/home/jimi/PaperExperiment/CompilerOptimization/Result/tengine/dg/dg-LLVM14-O2-g/high_precision_20260325_125828/log/pta_inv.dot.stderr.log
pta_inv,PTA,inv,dot,IntToPtr with constant:   <badref> = inttoptr i64 1 to i8*,/home/jimi/PaperExperiment/CompilerOptimization/Result/tengine/dg/dg-LLVM14-O2-g/high_precision_20260325_125828/log/pta_inv.dot.stderr.log
pta_inv,PTA,inv,dot,"ShuffleVector instruction is not supported, loosing precision",/home/jimi/PaperExperiment/CompilerOptimization/Result/tengine/dg/dg-LLVM14-O2-g/high_precision_20260325_125828/log/pta_inv.dot.stderr.log
pta_inv,PTA,inv,dot,"ShuffleVector instruction is not supported, loosing precision",/home/jimi/PaperExperiment/CompilerOptimization/Result/tengine/dg/dg-LLVM14-O2-g/high_precision_20260325_125828/log/pta_inv.dot.stderr.log
pta_inv,PTA,inv,dot,"ShuffleVector instruction is not supported, loosing precision",/home/jimi/PaperExperiment/CompilerOptimization/Result/tengine/dg/dg-LLVM14-O2-g/high_precision_20260325_125828/log/pta_inv.dot.stderr.log
pta_inv,PTA,inv,dot,"ShuffleVector instruction is not supported, loosing precision",/home/jimi/PaperExperiment/CompilerOptimization/Result/tengine/dg/dg-LLVM14-O2-g/high_precision_20260325_125828/log/pta_inv.dot.stderr.log
pta_inv,PTA,inv,dot,"ShuffleVector instruction is not supported, loosing precision",/home/jimi/PaperExperiment/CompilerOptimization/Result/tengine/dg/dg-LLVM14-O2-g/high_precision_20260325_125828/log/pta_inv.dot.stderr.log
pta_inv,PTA,inv,dot,"ShuffleVector instruction is not supported, loosing precision",/home/jimi/PaperExperiment/CompilerOptimization/Result/tengine/dg/dg-LLVM14-O2-g/high_precision_20260325_125828/log/pta_inv.dot.stderr.log
pta_inv,PTA,inv,dot,"ShuffleVector instruction is not supported, loosing precision",/home/jimi/PaperExperiment/CompilerOptimization/Result/tengine/dg/dg-LLVM14-O2-g/high_precision_20260325_125828/log/pta_inv.dot.stderr.log
pta_inv,PTA,inv,dot,"ShuffleVector instruction is not supported, loosing precision",/home/jimi/PaperExperiment/CompilerOptimization/Result/tengine/dg/dg-LLVM14-O2-g/high_precision_20260325_125828/log/pta_inv.dot.stderr.log
pta_inv,PTA,inv,dot,"ShuffleVector instruction is not supported, loosing precision",/home/jimi/PaperExperiment/CompilerOptimization/Result/tengine/dg/dg-LLVM14-O2-g/high_precision_20260325_125828/log/pta_inv.dot.stderr.log
pta_inv,PTA,inv,dot,"ShuffleVector instruction is not supported, loosing precision",/home/jimi/PaperExperiment/CompilerOptimization/Result/tengine/dg/dg-LLVM14-O2-g/high_precision_20260325_125828/log/pta_inv.dot.stderr.log
pta_inv,PTA,inv,dot,"ShuffleVector instruction is not supported, loosing precision",/home/jimi/PaperExperiment/CompilerOptimization/Result/tengine/dg/dg-LLVM14-O2-g/high_precision_20260325_125828/log/pta_inv.dot.stderr.log
pta_inv,PTA,inv,dot,"ShuffleVector instruction is not supported, loosing precision",/home/jimi/PaperExperiment/CompilerOptimization/Result/tengine/dg/dg-LLVM14-O2-g/high_precision_20260325_125828/log/pta_inv.dot.stderr.log
pta_inv,PTA,inv,dot,"ShuffleVector instruction is not supported, loosing precision",/home/jimi/PaperExperiment/CompilerOptimization/Result/tengine/dg/dg-LLVM14-O2-g/high_precision_20260325_125828/log/pta_inv.dot.stderr.log
pta_inv,PTA,inv,dot,"ShuffleVector instruction is not supported, loosing precision",/home/jimi/PaperExperiment/CompilerOptimization/Result/tengine/dg/dg-LLVM14-O2-g/high_precision_20260325_125828/log/pta_inv.dot.stderr.log
pta_inv,PTA,inv,dot,"ShuffleVector instruction is not supported, loosing precision",/home/jimi/PaperExperiment/CompilerOptimization/Result/tengine/dg/dg-LLVM14-O2-g/high_precision_20260325_125828/log/pta_inv.dot.stderr.log
pta_inv,PTA,inv,dot,"ShuffleVector instruction is not supported, loosing precision",/home/jimi/PaperExperiment/CompilerOptimization/Result/tengine/dg/dg-LLVM14-O2-g/high_precision_20260325_125828/log/pta_inv.dot.stderr.log
pta_inv,PTA,inv,dot,"ShuffleVector instruction is not supported, loosing precision",/home/jimi/PaperExperiment/CompilerOptimization/Result/tengine/dg/dg-LLVM14-O2-g/high_precision_20260325_125828/log/pta_inv.dot.stderr.log
pta_inv,PTA,inv,dot,"ShuffleVector instruction is not supported, loosing precision",/home/jimi/PaperExperiment/CompilerOptimization/Result/tengine/dg/dg-LLVM14-O2-g/high_precision_20260325_125828/log/pta_inv.dot.stderr.log
pta_inv,PTA,inv,dot,"ShuffleVector instruction is not supported, loosing precision",/home/jimi/PaperExperiment/CompilerOptimization/Result/tengine/dg/dg-LLVM14-O2-g/high_precision_20260325_125828/log/pta_inv.dot.stderr.log
pta_inv,PTA,inv,dot,"ShuffleVector instruction is not supported, loosing precision",/home/jimi/PaperExperiment/CompilerOptimization/Result/tengine/dg/dg-LLVM14-O2-g/high_precision_20260325_125828/log/pta_inv.dot.stderr.log
pta_inv,PTA,inv,dot,"ShuffleVector instruction is not supported, loosing precision",/home/jimi/PaperExperiment/CompilerOptimization/Result/tengine/dg/dg-LLVM14-O2-g/high_precision_20260325_125828/log/pta_inv.dot.stderr.log
pta_inv,PTA,inv,dot,"ShuffleVector instruction is not supported, loosing precision",/home/jimi/PaperExperiment/CompilerOptimization/Result/tengine/dg/dg-LLVM14-O2-g/high_precision_20260325_125828/log/pta_inv.dot.stderr.log
pta_inv,PTA,inv,dot,"ShuffleVector instruction is not supported, loosing precision",/home/jimi/PaperExperiment/CompilerOptimization/Result/tengine/dg/dg-LLVM14-O2-g/high_precision_20260325_125828/log/pta_inv.dot.stderr.log
pta_inv,PTA,inv,dot,"ShuffleVector instruction is not supported, loosing precision",/home/jimi/PaperExperiment/CompilerOptimization/Result/tengine/dg/dg-LLVM14-O2-g/high_precision_20260325_125828/log/pta_inv.dot.stderr.log
pta_inv,PTA,inv,dot,"ShuffleVector instruction is not supported, loosing precision",/home/jimi/PaperExperiment/CompilerOptimization/Result/tengine/dg/dg-LLVM14-O2-g/high_precision_20260325_125828/log/pta_inv.dot.stderr.log
pta_inv,PTA,inv,dot,"ShuffleVector instruction is not supported, loosing precision",/home/jimi/PaperExperiment/CompilerOptimization/Result/tengine/dg/dg-LLVM14-O2-g/high_precision_20260325_125828/log/pta_inv.dot.stderr.log
pta_inv,PTA,inv,dot,"ShuffleVector instruction is not supported, loosing precision",/home/jimi/PaperExperiment/CompilerOptimization/Result/tengine/dg/dg-LLVM14-O2-g/high_precision_20260325_125828/log/pta_inv.dot.stderr.log
pta_inv,PTA,inv,dot,"ShuffleVector instruction is not supported, loosing precision",/home/jimi/PaperExperiment/CompilerOptimization/Result/tengine/dg/dg-LLVM14-O2-g/high_precision_20260325_125828/log/pta_inv.dot.stderr.log
pta_inv,PTA,inv,dot,"ShuffleVector instruction is not supported, loosing precision",/home/jimi/PaperExperiment/CompilerOptimization/Result/tengine/dg/dg-LLVM14-O2-g/high_precision_20260325_125828/log/pta_inv.dot.stderr.log
pta_inv,PTA,inv,dot,"ShuffleVector instruction is not supported, loosing precision",/home/jimi/PaperExperiment/CompilerOptimization/Result/tengine/dg/dg-LLVM14-O2-g/high_precision_20260325_125828/log/pta_inv.dot.stderr.log
pta_inv,PTA,inv,dot,"ShuffleVector instruction is not supported, loosing precision",/home/jimi/PaperExperiment/CompilerOptimization/Result/tengine/dg/dg-LLVM14-O2-g/high_precision_20260325_125828/log/pta_inv.dot.stderr.log
pta_inv,PTA,inv,dot,"ShuffleVector instruction is not supported, loosing precision",/home/jimi/PaperExperiment/CompilerOptimization/Result/tengine/dg/dg-LLVM14-O2-g/high_precision_20260325_125828/log/pta_inv.dot.stderr.log
pta_inv,PTA,inv,dot,"ShuffleVector instruction is not supported, loosing precision",/home/jimi/PaperExperiment/CompilerOptimization/Result/tengine/dg/dg-LLVM14-O2-g/high_precision_20260325_125828/log/pta_inv.dot.stderr.log
pta_inv,PTA,inv,dot,"ShuffleVector instruction is not supported, loosing precision",/home/jimi/PaperExperiment/CompilerOptimization/Result/tengine/dg/dg-LLVM14-O2-g/high_precision_20260325_125828/log/pta_inv.dot.stderr.log
pta_inv,PTA,inv,dot,"ShuffleVector instruction is not supported, loosing precision",/home/jimi/PaperExperiment/CompilerOptimization/Result/tengine/dg/dg-LLVM14-O2-g/high_precision_20260325_125828/log/pta_inv.dot.stderr.log
pta_inv,PTA,inv,dot,"ShuffleVector instruction is not supported, loosing precision",/home/jimi/PaperExperiment/CompilerOptimization/Result/tengine/dg/dg-LLVM14-O2-g/high_precision_20260325_125828/log/pta_inv.dot.stderr.log
pta_inv,PTA,inv,dot,"ShuffleVector instruction is not supported, loosing precision",/home/jimi/PaperExperiment/CompilerOptimization/Result/tengine/dg/dg-LLVM14-O2-g/high_precision_20260325_125828/log/pta_inv.dot.stderr.log
pta_inv,PTA,inv,dot,"ShuffleVector instruction is not supported, loosing precision",/home/jimi/PaperExperiment/CompilerOptimization/Result/tengine/dg/dg-LLVM14-O2-g/high_precision_20260325_125828/log/pta_inv.dot.stderr.log
pta_inv,PTA,inv,dot,"ShuffleVector instruction is not supported, loosing precision",/home/jimi/PaperExperiment/CompilerOptimization/Result/tengine/dg/dg-LLVM14-O2-g/high_precision_20260325_125828/log/pta_inv.dot.stderr.log
pta_inv,PTA,inv,dot,"ShuffleVector instruction is not supported, loosing precision",/home/jimi/PaperExperiment/CompilerOptimization/Result/tengine/dg/dg-LLVM14-O2-g/high_precision_20260325_125828/log/pta_inv.dot.stderr.log
pta_inv,PTA,inv,dot,"ShuffleVector instruction is not supported, loosing precision",/home/jimi/PaperExperiment/CompilerOptimization/Result/tengine/dg/dg-LLVM14-O2-g/high_precision_20260325_125828/log/pta_inv.dot.stderr.log
pta_inv,PTA,inv,dot,"ShuffleVector instruction is not supported, loosing precision",/home/jimi/PaperExperiment/CompilerOptimization/Result/tengine/dg/dg-LLVM14-O2-g/high_precision_20260325_125828/log/pta_inv.dot.stderr.log
pta_inv,PTA,inv,dot,"ShuffleVector instruction is not supported, loosing precision",/home/jimi/PaperExperiment/CompilerOptimization/Result/tengine/dg/dg-LLVM14-O2-g/high_precision_20260325_125828/log/pta_inv.dot.stderr.log
pta_inv,PTA,inv,dot,"ShuffleVector instruction is not supported, loosing precision",/home/jimi/PaperExperiment/CompilerOptimization/Result/tengine/dg/dg-LLVM14-O2-g/high_precision_20260325_125828/log/pta_inv.dot.stderr.log
pta_inv,PTA,inv,dot,"ShuffleVector instruction is not supported, loosing precision",/home/jimi/PaperExperiment/CompilerOptimization/Result/tengine/dg/dg-LLVM14-O2-g/high_precision_20260325_125828/log/pta_inv.dot.stderr.log
pta_inv,PTA,inv,dot,"ShuffleVector instruction is not supported, loosing precision",/home/jimi/PaperExperiment/CompilerOptimization/Result/tengine/dg/dg-LLVM14-O2-g/high_precision_20260325_125828/log/pta_inv.dot.stderr.log
pta_inv,PTA,inv,dot,"ShuffleVector instruction is not supported, loosing precision",/home/jimi/PaperExperiment/CompilerOptimization/Result/tengine/dg/dg-LLVM14-O2-g/high_precision_20260325_125828/log/pta_inv.dot.stderr.log
pta_inv,PTA,inv,dot,"ShuffleVector instruction is not supported, loosing precision",/home/jimi/PaperExperiment/CompilerOptimization/Result/tengine/dg/dg-LLVM14-O2-g/high_precision_20260325_125828/log/pta_inv.dot.stderr.log
pta_inv,PTA,inv,dot,"ShuffleVector instruction is not supported, loosing precision",/home/jimi/PaperExperiment/CompilerOptimization/Result/tengine/dg/dg-LLVM14-O2-g/high_precision_20260325_125828/log/pta_inv.dot.stderr.log
pta_inv,PTA,inv,dot,"ShuffleVector instruction is not supported, loosing precision",/home/jimi/PaperExperiment/CompilerOptimization/Result/tengine/dg/dg-LLVM14-O2-g/high_precision_20260325_125828/log/pta_inv.dot.stderr.log
pta_inv,PTA,inv,dot,"ShuffleVector instruction is not supported, loosing precision",/home/jimi/PaperExperiment/CompilerOptimization/Result/tengine/dg/dg-LLVM14-O2-g/high_precision_20260325_125828/log/pta_inv.dot.stderr.log
pta_inv,PTA,inv,dot,"ShuffleVector instruction is not supported, loosing precision",/home/jimi/PaperExperiment/CompilerOptimization/Result/tengine/dg/dg-LLVM14-O2-g/high_precision_20260325_125828/log/pta_inv.dot.stderr.log
pta_inv,PTA,inv,dot,"ShuffleVector instruction is not supported, loosing precision",/home/jimi/PaperExperiment/CompilerOptimization/Result/tengine/dg/dg-LLVM14-O2-g/high_precision_20260325_125828/log/pta_inv.dot.stderr.log
pta_inv,PTA,inv,dot,"ShuffleVector instruction is not supported, loosing precision",/home/jimi/PaperExperiment/CompilerOptimization/Result/tengine/dg/dg-LLVM14-O2-g/high_precision_20260325_125828/log/pta_inv.dot.stderr.log
pta_inv,PTA,inv,dot,"ShuffleVector instruction is not supported, loosing precision",/home/jimi/PaperExperiment/CompilerOptimization/Result/tengine/dg/dg-LLVM14-O2-g/high_precision_20260325_125828/log/pta_inv.dot.stderr.log
pta_inv,PTA,inv,dot,"ShuffleVector instruction is not supported, loosing precision",/home/jimi/PaperExperiment/CompilerOptimization/Result/tengine/dg/dg-LLVM14-O2-g/high_precision_20260325_125828/log/pta_inv.dot.stderr.log
pta_inv,PTA,inv,dot,"ShuffleVector instruction is not supported, loosing precision",/home/jimi/PaperExperiment/CompilerOptimization/Result/tengine/dg/dg-LLVM14-O2-g/high_precision_20260325_125828/log/pta_inv.dot.stderr.log
pta_inv,PTA,inv,dot,"ShuffleVector instruction is not supported, loosing precision",/home/jimi/PaperExperiment/CompilerOptimization/Result/tengine/dg/dg-LLVM14-O2-g/high_precision_20260325_125828/log/pta_inv.dot.stderr.log
pta_inv,PTA,inv,dot,"ShuffleVector instruction is not supported, loosing precision",/home/jimi/PaperExperiment/CompilerOptimization/Result/tengine/dg/dg-LLVM14-O2-g/high_precision_20260325_125828/log/pta_inv.dot.stderr.log
pta_inv,PTA,inv,dot,"ShuffleVector instruction is not supported, loosing precision",/home/jimi/PaperExperiment/CompilerOptimization/Result/tengine/dg/dg-LLVM14-O2-g/high_precision_20260325_125828/log/pta_inv.dot.stderr.log
pta_inv,PTA,inv,dot,"ShuffleVector instruction is not supported, loosing precision",/home/jimi/PaperExperiment/CompilerOptimization/Result/tengine/dg/dg-LLVM14-O2-g/high_precision_20260325_125828/log/pta_inv.dot.stderr.log
pta_inv,PTA,inv,dot,"ShuffleVector instruction is not supported, loosing precision",/home/jimi/PaperExperiment/CompilerOptimization/Result/tengine/dg/dg-LLVM14-O2-g/high_precision_20260325_125828/log/pta_inv.dot.stderr.log
pta_inv,PTA,inv,dot,"ShuffleVector instruction is not supported, loosing precision",/home/jimi/PaperExperiment/CompilerOptimization/Result/tengine/dg/dg-LLVM14-O2-g/high_precision_20260325_125828/log/pta_inv.dot.stderr.log
pta_inv,PTA,inv,dot,"ShuffleVector instruction is not supported, loosing precision",/home/jimi/PaperExperiment/CompilerOptimization/Result/tengine/dg/dg-LLVM14-O2-g/high_precision_20260325_125828/log/pta_inv.dot.stderr.log
pta_inv,PTA,inv,dot,"ShuffleVector instruction is not supported, loosing precision",/home/jimi/PaperExperiment/CompilerOptimization/Result/tengine/dg/dg-LLVM14-O2-g/high_precision_20260325_125828/log/pta_inv.dot.stderr.log
pta_inv,PTA,inv,dot,"ShuffleVector instruction is not supported, loosing precision",/home/jimi/PaperExperiment/CompilerOptimization/Result/tengine/dg/dg-LLVM14-O2-g/high_precision_20260325_125828/log/pta_inv.dot.stderr.log
pta_inv,PTA,inv,dot,"ShuffleVector instruction is not supported, loosing precision",/home/jimi/PaperExperiment/CompilerOptimization/Result/tengine/dg/dg-LLVM14-O2-g/high_precision_20260325_125828/log/pta_inv.dot.stderr.log
pta_inv,PTA,inv,dot,"ShuffleVector instruction is not supported, loosing precision",/home/jimi/PaperExperiment/CompilerOptimization/Result/tengine/dg/dg-LLVM14-O2-g/high_precision_20260325_125828/log/pta_inv.dot.stderr.log
pta_inv,PTA,inv,dot,"ShuffleVector instruction is not supported, loosing precision",/home/jimi/PaperExperiment/CompilerOptimization/Result/tengine/dg/dg-LLVM14-O2-g/high_precision_20260325_125828/log/pta_inv.dot.stderr.log
pta_inv,PTA,inv,dot,"ShuffleVector instruction is not supported, loosing precision",/home/jimi/PaperExperiment/CompilerOptimization/Result/tengine/dg/dg-LLVM14-O2-g/high_precision_20260325_125828/log/pta_inv.dot.stderr.log
pta_inv,PTA,inv,dot,"ShuffleVector instruction is not supported, loosing precision",/home/jimi/PaperExperiment/CompilerOptimization/Result/tengine/dg/dg-LLVM14-O2-g/high_precision_20260325_125828/log/pta_inv.dot.stderr.log
pta_inv,PTA,inv,dot,"ShuffleVector instruction is not supported, loosing precision",/home/jimi/PaperExperiment/CompilerOptimization/Result/tengine/dg/dg-LLVM14-O2-g/high_precision_20260325_125828/log/pta_inv.dot.stderr.log
pta_inv,PTA,inv,dot,"ShuffleVector instruction is not supported, loosing precision",/home/jimi/PaperExperiment/CompilerOptimization/Result/tengine/dg/dg-LLVM14-O2-g/high_precision_20260325_125828/log/pta_inv.dot.stderr.log
pta_inv,PTA,inv,dot,"ShuffleVector instruction is not supported, loosing precision",/home/jimi/PaperExperiment/CompilerOptimization/Result/tengine/dg/dg-LLVM14-O2-g/high_precision_20260325_125828/log/pta_inv.dot.stderr.log
pta_inv,PTA,inv,dot,"ShuffleVector instruction is not supported, loosing precision",/home/jimi/PaperExperiment/CompilerOptimization/Result/tengine/dg/dg-LLVM14-O2-g/high_precision_20260325_125828/log/pta_inv.dot.stderr.log
pta_inv,PTA,inv,dot,"ShuffleVector instruction is not supported, loosing precision",/home/jimi/PaperExperiment/CompilerOptimization/Result/tengine/dg/dg-LLVM14-O2-g/high_precision_20260325_125828/log/pta_inv.dot.stderr.log
pta_inv,PTA,inv,dot,"ShuffleVector instruction is not supported, loosing precision",/home/jimi/PaperExperiment/CompilerOptimization/Result/tengine/dg/dg-LLVM14-O2-g/high_precision_20260325_125828/log/pta_inv.dot.stderr.log
pta_inv,PTA,inv,dot,"ShuffleVector instruction is not supported, loosing precision",/home/jimi/PaperExperiment/CompilerOptimization/Result/tengine/dg/dg-LLVM14-O2-g/high_precision_20260325_125828/log/pta_inv.dot.stderr.log
pta_inv,PTA,inv,dot,"ShuffleVector instruction is not supported, loosing precision",/home/jimi/PaperExperiment/CompilerOptimization/Result/tengine/dg/dg-LLVM14-O2-g/high_precision_20260325_125828/log/pta_inv.dot.stderr.log
pta_inv,PTA,inv,dot,"ShuffleVector instruction is not supported, loosing precision",/home/jimi/PaperExperiment/CompilerOptimization/Result/tengine/dg/dg-LLVM14-O2-g/high_precision_20260325_125828/log/pta_inv.dot.stderr.log
pta_inv,PTA,inv,dot,"ShuffleVector instruction is not supported, loosing precision",/home/jimi/PaperExperiment/CompilerOptimization/Result/tengine/dg/dg-LLVM14-O2-g/high_precision_20260325_125828/log/pta_inv.dot.stderr.log
pta_inv,PTA,inv,dot,"ShuffleVector instruction is not supported, loosing precision",/home/jimi/PaperExperiment/CompilerOptimization/Result/tengine/dg/dg-LLVM14-O2-g/high_precision_20260325_125828/log/pta_inv.dot.stderr.log
pta_inv,PTA,inv,dot,"ShuffleVector instruction is not supported, loosing precision",/home/jimi/PaperExperiment/CompilerOptimization/Result/tengine/dg/dg-LLVM14-O2-g/high_precision_20260325_125828/log/pta_inv.dot.stderr.log
pta_inv,PTA,inv,dot,"ShuffleVector instruction is not supported, loosing precision",/home/jimi/PaperExperiment/CompilerOptimization/Result/tengine/dg/dg-LLVM14-O2-g/high_precision_20260325_125828/log/pta_inv.dot.stderr.log
pta_inv,PTA,inv,dot,"ShuffleVector instruction is not supported, loosing precision",/home/jimi/PaperExperiment/CompilerOptimization/Result/tengine/dg/dg-LLVM14-O2-g/high_precision_20260325_125828/log/pta_inv.dot.stderr.log
pta_inv,PTA,inv,dot,"ShuffleVector instruction is not supported, loosing precision",/home/jimi/PaperExperiment/CompilerOptimization/Result/tengine/dg/dg-LLVM14-O2-g/high_precision_20260325_125828/log/pta_inv.dot.stderr.log
pta_inv,PTA,inv,dot,"ShuffleVector instruction is not supported, loosing precision",/home/jimi/PaperExperiment/CompilerOptimization/Result/tengine/dg/dg-LLVM14-O2-g/high_precision_20260325_125828/log/pta_inv.dot.stderr.log
pta_inv,PTA,inv,dot,"ShuffleVector instruction is not supported, loosing precision",/home/jimi/PaperExperiment/CompilerOptimization/Result/tengine/dg/dg-LLVM14-O2-g/high_precision_20260325_125828/log/pta_inv.dot.stderr.log
pta_inv,PTA,inv,dot,"ShuffleVector instruction is not supported, loosing precision",/home/jimi/PaperExperiment/CompilerOptimization/Result/tengine/dg/dg-LLVM14-O2-g/high_precision_20260325_125828/log/pta_inv.dot.stderr.log
pta_inv,PTA,inv,dot,"ShuffleVector instruction is not supported, loosing precision",/home/jimi/PaperExperiment/CompilerOptimization/Result/tengine/dg/dg-LLVM14-O2-g/high_precision_20260325_125828/log/pta_inv.dot.stderr.log
pta_inv,PTA,inv,dot,"ShuffleVector instruction is not supported, loosing precision",/home/jimi/PaperExperiment/CompilerOptimization/Result/tengine/dg/dg-LLVM14-O2-g/high_precision_20260325_125828/log/pta_inv.dot.stderr.log
pta_inv,PTA,inv,dot,"ShuffleVector instruction is not supported, loosing precision",/home/jimi/PaperExperiment/CompilerOptimization/Result/tengine/dg/dg-LLVM14-O2-g/high_precision_20260325_125828/log/pta_inv.dot.stderr.log
pta_inv,PTA,inv,dot,"ShuffleVector instruction is not supported, loosing precision",/home/jimi/PaperExperiment/CompilerOptimization/Result/tengine/dg/dg-LLVM14-O2-g/high_precision_20260325_125828/log/pta_inv.dot.stderr.log
pta_inv,PTA,inv,dot,"ShuffleVector instruction is not supported, loosing precision",/home/jimi/PaperExperiment/CompilerOptimization/Result/tengine/dg/dg-LLVM14-O2-g/high_precision_20260325_125828/log/pta_inv.dot.stderr.log
pta_inv,PTA,inv,dot,"ShuffleVector instruction is not supported, loosing precision",/home/jimi/PaperExperiment/CompilerOptimization/Result/tengine/dg/dg-LLVM14-O2-g/high_precision_20260325_125828/log/pta_inv.dot.stderr.log
pta_inv,PTA,inv,dot,"ShuffleVector instruction is not supported, loosing precision",/home/jimi/PaperExperiment/CompilerOptimization/Result/tengine/dg/dg-LLVM14-O2-g/high_precision_20260325_125828/log/pta_inv.dot.stderr.log
pta_inv,PTA,inv,dot,"ShuffleVector instruction is not supported, loosing precision",/home/jimi/PaperExperiment/CompilerOptimization/Result/tengine/dg/dg-LLVM14-O2-g/high_precision_20260325_125828/log/pta_inv.dot.stderr.log
pta_inv,PTA,inv,dot,"ShuffleVector instruction is not supported, loosing precision",/home/jimi/PaperExperiment/CompilerOptimization/Result/tengine/dg/dg-LLVM14-O2-g/high_precision_20260325_125828/log/pta_inv.dot.stderr.log
pta_inv,PTA,inv,dot,"ShuffleVector instruction is not supported, loosing precision",/home/jimi/PaperExperiment/CompilerOptimization/Result/tengine/dg/dg-LLVM14-O2-g/high_precision_20260325_125828/log/pta_inv.dot.stderr.log
pta_inv,PTA,inv,dot,"ShuffleVector instruction is not supported, loosing precision",/home/jimi/PaperExperiment/CompilerOptimization/Result/tengine/dg/dg-LLVM14-O2-g/high_precision_20260325_125828/log/pta_inv.dot.stderr.log
pta_inv,PTA,inv,dot,"ShuffleVector instruction is not supported, loosing precision",/home/jimi/PaperExperiment/CompilerOptimization/Result/tengine/dg/dg-LLVM14-O2-g/high_precision_20260325_125828/log/pta_inv.dot.stderr.log
pta_inv,PTA,inv,dot,"ShuffleVector instruction is not supported, loosing precision",/home/jimi/PaperExperiment/CompilerOptimization/Result/tengine/dg/dg-LLVM14-O2-g/high_precision_20260325_125828/log/pta_inv.dot.stderr.log
pta_inv,PTA,inv,dot,"ShuffleVector instruction is not supported, loosing precision",/home/jimi/PaperExperiment/CompilerOptimization/Result/tengine/dg/dg-LLVM14-O2-g/high_precision_20260325_125828/log/pta_inv.dot.stderr.log
pta_inv,PTA,inv,dot,"ShuffleVector instruction is not supported, loosing precision",/home/jimi/PaperExperiment/CompilerOptimization/Result/tengine/dg/dg-LLVM14-O2-g/high_precision_20260325_125828/log/pta_inv.dot.stderr.log
pta_inv,PTA,inv,dot,"ShuffleVector instruction is not supported, loosing precision",/home/jimi/PaperExperiment/CompilerOptimization/Result/tengine/dg/dg-LLVM14-O2-g/high_precision_20260325_125828/log/pta_inv.dot.stderr.log
pta_inv,PTA,inv,dot,"ShuffleVector instruction is not supported, loosing precision",/home/jimi/PaperExperiment/CompilerOptimization/Result/tengine/dg/dg-LLVM14-O2-g/high_precision_20260325_125828/log/pta_inv.dot.stderr.log
pta_inv,PTA,inv,dot,"ShuffleVector instruction is not supported, loosing precision",/home/jimi/PaperExperiment/CompilerOptimization/Result/tengine/dg/dg-LLVM14-O2-g/high_precision_20260325_125828/log/pta_inv.dot.stderr.log
pta_inv,PTA,inv,dot,"ShuffleVector instruction is not supported, loosing precision",/home/jimi/PaperExperiment/CompilerOptimization/Result/tengine/dg/dg-LLVM14-O2-g/high_precision_20260325_125828/log/pta_inv.dot.stderr.log
dda_fi,DDA,ssa+fi,lines,"WARNING: Non-0 memset:   tail call void @llvm.memset.p0i8.i64(i8* noundef nonnull align 4 dereferenceable(512) %70, i8 -1, i64 512, i1 false), !dbg !950",/home/jimi/PaperExperiment/CompilerOptimization/Result/tengine/dg/dg-LLVM14-O2-g/high_precision_20260325_125828/log/dda_fi.lines.stderr.log
dda_fi,DDA,ssa+fi,lines,"WARNING: Non-0 memset:   call void @llvm.memset.p0i8.i64(i8* noundef nonnull align 1 dereferenceable(1) %134, i8 %132, i64 %135, i1 false), !dbg !964, !tbaa !889",/home/jimi/PaperExperiment/CompilerOptimization/Result/tengine/dg/dg-LLVM14-O2-g/high_precision_20260325_125828/log/dda_fi.lines.stderr.log
dda_fi,DDA,ssa+fi,lines,"WARNING: Non-0 memset:   call void @llvm.memset.p0i8.i64(i8* noundef nonnull align 1 dereferenceable(1) %94, i8 %92, i64 %95, i1 false), !dbg !964, !tbaa !889",/home/jimi/PaperExperiment/CompilerOptimization/Result/tengine/dg/dg-LLVM14-O2-g/high_precision_20260325_125828/log/dda_fi.lines.stderr.log
dda_fi,DDA,ssa+fi,lines,"WARNING: Non-0 memset:   call void @llvm.memset.p0i8.i64(i8* noundef nonnull align 1 dereferenceable(1) %111, i8 %109, i64 %112, i1 false), !dbg !964, !tbaa !889",/home/jimi/PaperExperiment/CompilerOptimization/Result/tengine/dg/dg-LLVM14-O2-g/high_precision_20260325_125828/log/dda_fi.lines.stderr.log
dda_fi,DDA,ssa+fi,lines,"WARNING: Non-0 memset:   tail call void @llvm.memset.p0i8.i64(i8* align 1 %696, i8 %703, i64 %704, i1 false) #30, !dbg !1675, !tbaa !921",/home/jimi/PaperExperiment/CompilerOptimization/Result/tengine/dg/dg-LLVM14-O2-g/high_precision_20260325_125828/log/dda_fi.lines.stderr.log
dda_fi,DDA,ssa+fi,lines,"WARNING: Non-0 memset:   call void @llvm.memset.p0i8.i64(i8* nonnull align 1 %506, i8 %501, i64 %507, i1 false) #30, !dbg !1430",/home/jimi/PaperExperiment/CompilerOptimization/Result/tengine/dg/dg-LLVM14-O2-g/high_precision_20260325_125828/log/dda_fi.lines.stderr.log
dda_fi,DDA,ssa+fi,lines,"ShuffleVector instruction is not supported, loosing precision",/home/jimi/PaperExperiment/CompilerOptimization/Result/tengine/dg/dg-LLVM14-O2-g/high_precision_20260325_125828/log/dda_fi.lines.stderr.log
dda_fi,DDA,ssa+fi,lines,"ShuffleVector instruction is not supported, loosing precision",/home/jimi/PaperExperiment/CompilerOptimization/Result/tengine/dg/dg-LLVM14-O2-g/high_precision_20260325_125828/log/dda_fi.lines.stderr.log
dda_fi,DDA,ssa+fi,lines,"ShuffleVector instruction is not supported, loosing precision",/home/jimi/PaperExperiment/CompilerOptimization/Result/tengine/dg/dg-LLVM14-O2-g/high_precision_20260325_125828/log/dda_fi.lines.stderr.log
dda_fi,DDA,ssa+fi,lines,"ShuffleVector instruction is not supported, loosing precision",/home/jimi/PaperExperiment/CompilerOptimization/Result/tengine/dg/dg-LLVM14-O2-g/high_precision_20260325_125828/log/dda_fi.lines.stderr.log
dda_fi,DDA,ssa+fi,lines,"ShuffleVector instruction is not supported, loosing precision",/home/jimi/PaperExperiment/CompilerOptimization/Result/tengine/dg/dg-LLVM14-O2-g/high_precision_20260325_125828/log/dda_fi.lines.stderr.log
dda_fi,DDA,ssa+fi,lines,"ShuffleVector instruction is not supported, loosing precision",/home/jimi/PaperExperiment/CompilerOptimization/Result/tengine/dg/dg-LLVM14-O2-g/high_precision_20260325_125828/log/dda_fi.lines.stderr.log
dda_fi,DDA,ssa+fi,lines,"ShuffleVector instruction is not supported, loosing precision",/home/jimi/PaperExperiment/CompilerOptimization/Result/tengine/dg/dg-LLVM14-O2-g/high_precision_20260325_125828/log/dda_fi.lines.stderr.log
dda_fi,DDA,ssa+fi,lines,"ShuffleVector instruction is not supported, loosing precision",/home/jimi/PaperExperiment/CompilerOptimization/Result/tengine/dg/dg-LLVM14-O2-g/high_precision_20260325_125828/log/dda_fi.lines.stderr.log
dda_fi,DDA,ssa+fi,lines,"ShuffleVector instruction is not supported, loosing precision",/home/jimi/PaperExperiment/CompilerOptimization/Result/tengine/dg/dg-LLVM14-O2-g/high_precision_20260325_125828/log/dda_fi.lines.stderr.log
dda_fi,DDA,ssa+fi,lines,"ShuffleVector instruction is not supported, loosing precision",/home/jimi/PaperExperiment/CompilerOptimization/Result/tengine/dg/dg-LLVM14-O2-g/high_precision_20260325_125828/log/dda_fi.lines.stderr.log
dda_fi,DDA,ssa+fi,lines,"ShuffleVector instruction is not supported, loosing precision",/home/jimi/PaperExperiment/CompilerOptimization/Result/tengine/dg/dg-LLVM14-O2-g/high_precision_20260325_125828/log/dda_fi.lines.stderr.log
dda_fi,DDA,ssa+fi,lines,"ShuffleVector instruction is not supported, loosing precision",/home/jimi/PaperExperiment/CompilerOptimization/Result/tengine/dg/dg-LLVM14-O2-g/high_precision_20260325_125828/log/dda_fi.lines.stderr.log
dda_fi,DDA,ssa+fi,lines,"ShuffleVector instruction is not supported, loosing precision",/home/jimi/PaperExperiment/CompilerOptimization/Result/tengine/dg/dg-LLVM14-O2-g/high_precision_20260325_125828/log/dda_fi.lines.stderr.log
dda_fi,DDA,ssa+fi,lines,"ShuffleVector instruction is not supported, loosing precision",/home/jimi/PaperExperiment/CompilerOptimization/Result/tengine/dg/dg-LLVM14-O2-g/high_precision_20260325_125828/log/dda_fi.lines.stderr.log
dda_fi,DDA,ssa+fi,lines,"ShuffleVector instruction is not supported, loosing precision",/home/jimi/PaperExperiment/CompilerOptimization/Result/tengine/dg/dg-LLVM14-O2-g/high_precision_20260325_125828/log/dda_fi.lines.stderr.log
dda_fi,DDA,ssa+fi,lines,"ShuffleVector instruction is not supported, loosing precision",/home/jimi/PaperExperiment/CompilerOptimization/Result/tengine/dg/dg-LLVM14-O2-g/high_precision_20260325_125828/log/dda_fi.lines.stderr.log
dda_fi,DDA,ssa+fi,lines,"ShuffleVector instruction is not supported, loosing precision",/home/jimi/PaperExperiment/CompilerOptimization/Result/tengine/dg/dg-LLVM14-O2-g/high_precision_20260325_125828/log/dda_fi.lines.stderr.log
dda_fi,DDA,ssa+fi,lines,"ShuffleVector instruction is not supported, loosing precision",/home/jimi/PaperExperiment/CompilerOptimization/Result/tengine/dg/dg-LLVM14-O2-g/high_precision_20260325_125828/log/dda_fi.lines.stderr.log
dda_fi,DDA,ssa+fi,lines,"ShuffleVector instruction is not supported, loosing precision",/home/jimi/PaperExperiment/CompilerOptimization/Result/tengine/dg/dg-LLVM14-O2-g/high_precision_20260325_125828/log/dda_fi.lines.stderr.log
dda_fi,DDA,ssa+fi,lines,"ShuffleVector instruction is not supported, loosing precision",/home/jimi/PaperExperiment/CompilerOptimization/Result/tengine/dg/dg-LLVM14-O2-g/high_precision_20260325_125828/log/dda_fi.lines.stderr.log
dda_fi,DDA,ssa+fi,lines,"ShuffleVector instruction is not supported, loosing precision",/home/jimi/PaperExperiment/CompilerOptimization/Result/tengine/dg/dg-LLVM14-O2-g/high_precision_20260325_125828/log/dda_fi.lines.stderr.log
dda_fi,DDA,ssa+fi,lines,"ShuffleVector instruction is not supported, loosing precision",/home/jimi/PaperExperiment/CompilerOptimization/Result/tengine/dg/dg-LLVM14-O2-g/high_precision_20260325_125828/log/dda_fi.lines.stderr.log
dda_fi,DDA,ssa+fi,lines,"ShuffleVector instruction is not supported, loosing precision",/home/jimi/PaperExperiment/CompilerOptimization/Result/tengine/dg/dg-LLVM14-O2-g/high_precision_20260325_125828/log/dda_fi.lines.stderr.log
dda_fi,DDA,ssa+fi,lines,"ShuffleVector instruction is not supported, loosing precision",/home/jimi/PaperExperiment/CompilerOptimization/Result/tengine/dg/dg-LLVM14-O2-g/high_precision_20260325_125828/log/dda_fi.lines.stderr.log
dda_fi,DDA,ssa+fi,lines,"ShuffleVector instruction is not supported, loosing precision",/home/jimi/PaperExperiment/CompilerOptimization/Result/tengine/dg/dg-LLVM14-O2-g/high_precision_20260325_125828/log/dda_fi.lines.stderr.log
dda_fi,DDA,ssa+fi,lines,"ShuffleVector instruction is not supported, loosing precision",/home/jimi/PaperExperiment/CompilerOptimization/Result/tengine/dg/dg-LLVM14-O2-g/high_precision_20260325_125828/log/dda_fi.lines.stderr.log
dda_fi,DDA,ssa+fi,lines,"ShuffleVector instruction is not supported, loosing precision",/home/jimi/PaperExperiment/CompilerOptimization/Result/tengine/dg/dg-LLVM14-O2-g/high_precision_20260325_125828/log/dda_fi.lines.stderr.log
dda_fi,DDA,ssa+fi,lines,"ShuffleVector instruction is not supported, loosing precision",/home/jimi/PaperExperiment/CompilerOptimization/Result/tengine/dg/dg-LLVM14-O2-g/high_precision_20260325_125828/log/dda_fi.lines.stderr.log
dda_fi,DDA,ssa+fi,lines,"ShuffleVector instruction is not supported, loosing precision",/home/jimi/PaperExperiment/CompilerOptimization/Result/tengine/dg/dg-LLVM14-O2-g/high_precision_20260325_125828/log/dda_fi.lines.stderr.log
dda_fi,DDA,ssa+fi,lines,"ShuffleVector instruction is not supported, loosing precision",/home/jimi/PaperExperiment/CompilerOptimization/Result/tengine/dg/dg-LLVM14-O2-g/high_precision_20260325_125828/log/dda_fi.lines.stderr.log
dda_fi,DDA,ssa+fi,lines,"ShuffleVector instruction is not supported, loosing precision",/home/jimi/PaperExperiment/CompilerOptimization/Result/tengine/dg/dg-LLVM14-O2-g/high_precision_20260325_125828/log/dda_fi.lines.stderr.log
dda_fi,DDA,ssa+fi,lines,"ShuffleVector instruction is not supported, loosing precision",/home/jimi/PaperExperiment/CompilerOptimization/Result/tengine/dg/dg-LLVM14-O2-g/high_precision_20260325_125828/log/dda_fi.lines.stderr.log
dda_fi,DDA,ssa+fi,lines,"ShuffleVector instruction is not supported, loosing precision",/home/jimi/PaperExperiment/CompilerOptimization/Result/tengine/dg/dg-LLVM14-O2-g/high_precision_20260325_125828/log/dda_fi.lines.stderr.log
dda_fi,DDA,ssa+fi,lines,"ShuffleVector instruction is not supported, loosing precision",/home/jimi/PaperExperiment/CompilerOptimization/Result/tengine/dg/dg-LLVM14-O2-g/high_precision_20260325_125828/log/dda_fi.lines.stderr.log
dda_fi,DDA,ssa+fi,lines,"ShuffleVector instruction is not supported, loosing precision",/home/jimi/PaperExperiment/CompilerOptimization/Result/tengine/dg/dg-LLVM14-O2-g/high_precision_20260325_125828/log/dda_fi.lines.stderr.log
dda_fi,DDA,ssa+fi,lines,"ShuffleVector instruction is not supported, loosing precision",/home/jimi/PaperExperiment/CompilerOptimization/Result/tengine/dg/dg-LLVM14-O2-g/high_precision_20260325_125828/log/dda_fi.lines.stderr.log
dda_fi,DDA,ssa+fi,lines,"WARNING: Non-0 memset:   tail call void @llvm.memset.p0i8.i64(i8* align 1 %301, i8 -1, i64 %304, i1 false), !dbg !1286",/home/jimi/PaperExperiment/CompilerOptimization/Result/tengine/dg/dg-LLVM14-O2-g/high_precision_20260325_125828/log/dda_fi.lines.stderr.log
dda_fi,DDA,ssa+fi,lines,IntToPtr with constant:   <badref> = inttoptr i64 1 to i8*,/home/jimi/PaperExperiment/CompilerOptimization/Result/tengine/dg/dg-LLVM14-O2-g/high_precision_20260325_125828/log/dda_fi.lines.stderr.log
dda_fi,DDA,ssa+fi,lines,"ShuffleVector instruction is not supported, loosing precision",/home/jimi/PaperExperiment/CompilerOptimization/Result/tengine/dg/dg-LLVM14-O2-g/high_precision_20260325_125828/log/dda_fi.lines.stderr.log
dda_fi,DDA,ssa+fi,lines,"ShuffleVector instruction is not supported, loosing precision",/home/jimi/PaperExperiment/CompilerOptimization/Result/tengine/dg/dg-LLVM14-O2-g/high_precision_20260325_125828/log/dda_fi.lines.stderr.log
dda_fi,DDA,ssa+fi,lines,"ShuffleVector instruction is not supported, loosing precision",/home/jimi/PaperExperiment/CompilerOptimization/Result/tengine/dg/dg-LLVM14-O2-g/high_precision_20260325_125828/log/dda_fi.lines.stderr.log
dda_fi,DDA,ssa+fi,lines,"ShuffleVector instruction is not supported, loosing precision",/home/jimi/PaperExperiment/CompilerOptimization/Result/tengine/dg/dg-LLVM14-O2-g/high_precision_20260325_125828/log/dda_fi.lines.stderr.log
dda_fi,DDA,ssa+fi,lines,"ShuffleVector instruction is not supported, loosing precision",/home/jimi/PaperExperiment/CompilerOptimization/Result/tengine/dg/dg-LLVM14-O2-g/high_precision_20260325_125828/log/dda_fi.lines.stderr.log
dda_fi,DDA,ssa+fi,lines,"ShuffleVector instruction is not supported, loosing precision",/home/jimi/PaperExperiment/CompilerOptimization/Result/tengine/dg/dg-LLVM14-O2-g/high_precision_20260325_125828/log/dda_fi.lines.stderr.log
dda_fi,DDA,ssa+fi,lines,"ShuffleVector instruction is not supported, loosing precision",/home/jimi/PaperExperiment/CompilerOptimization/Result/tengine/dg/dg-LLVM14-O2-g/high_precision_20260325_125828/log/dda_fi.lines.stderr.log
dda_fi,DDA,ssa+fi,lines,"ShuffleVector instruction is not supported, loosing precision",/home/jimi/PaperExperiment/CompilerOptimization/Result/tengine/dg/dg-LLVM14-O2-g/high_precision_20260325_125828/log/dda_fi.lines.stderr.log
dda_fi,DDA,ssa+fi,lines,"ShuffleVector instruction is not supported, loosing precision",/home/jimi/PaperExperiment/CompilerOptimization/Result/tengine/dg/dg-LLVM14-O2-g/high_precision_20260325_125828/log/dda_fi.lines.stderr.log
dda_fi,DDA,ssa+fi,lines,"ShuffleVector instruction is not supported, loosing precision",/home/jimi/PaperExperiment/CompilerOptimization/Result/tengine/dg/dg-LLVM14-O2-g/high_precision_20260325_125828/log/dda_fi.lines.stderr.log
dda_fi,DDA,ssa+fi,lines,"ShuffleVector instruction is not supported, loosing precision",/home/jimi/PaperExperiment/CompilerOptimization/Result/tengine/dg/dg-LLVM14-O2-g/high_precision_20260325_125828/log/dda_fi.lines.stderr.log
dda_fi,DDA,ssa+fi,lines,"ShuffleVector instruction is not supported, loosing precision",/home/jimi/PaperExperiment/CompilerOptimization/Result/tengine/dg/dg-LLVM14-O2-g/high_precision_20260325_125828/log/dda_fi.lines.stderr.log
dda_fi,DDA,ssa+fi,lines,"ShuffleVector instruction is not supported, loosing precision",/home/jimi/PaperExperiment/CompilerOptimization/Result/tengine/dg/dg-LLVM14-O2-g/high_precision_20260325_125828/log/dda_fi.lines.stderr.log
dda_fi,DDA,ssa+fi,lines,"ShuffleVector instruction is not supported, loosing precision",/home/jimi/PaperExperiment/CompilerOptimization/Result/tengine/dg/dg-LLVM14-O2-g/high_precision_20260325_125828/log/dda_fi.lines.stderr.log
dda_fi,DDA,ssa+fi,lines,"ShuffleVector instruction is not supported, loosing precision",/home/jimi/PaperExperiment/CompilerOptimization/Result/tengine/dg/dg-LLVM14-O2-g/high_precision_20260325_125828/log/dda_fi.lines.stderr.log
dda_fi,DDA,ssa+fi,lines,"ShuffleVector instruction is not supported, loosing precision",/home/jimi/PaperExperiment/CompilerOptimization/Result/tengine/dg/dg-LLVM14-O2-g/high_precision_20260325_125828/log/dda_fi.lines.stderr.log
dda_fi,DDA,ssa+fi,lines,"ShuffleVector instruction is not supported, loosing precision",/home/jimi/PaperExperiment/CompilerOptimization/Result/tengine/dg/dg-LLVM14-O2-g/high_precision_20260325_125828/log/dda_fi.lines.stderr.log
dda_fi,DDA,ssa+fi,lines,"ShuffleVector instruction is not supported, loosing precision",/home/jimi/PaperExperiment/CompilerOptimization/Result/tengine/dg/dg-LLVM14-O2-g/high_precision_20260325_125828/log/dda_fi.lines.stderr.log
dda_fi,DDA,ssa+fi,lines,"ShuffleVector instruction is not supported, loosing precision",/home/jimi/PaperExperiment/CompilerOptimization/Result/tengine/dg/dg-LLVM14-O2-g/high_precision_20260325_125828/log/dda_fi.lines.stderr.log
dda_fi,DDA,ssa+fi,lines,"ShuffleVector instruction is not supported, loosing precision",/home/jimi/PaperExperiment/CompilerOptimization/Result/tengine/dg/dg-LLVM14-O2-g/high_precision_20260325_125828/log/dda_fi.lines.stderr.log
dda_fi,DDA,ssa+fi,lines,"ShuffleVector instruction is not supported, loosing precision",/home/jimi/PaperExperiment/CompilerOptimization/Result/tengine/dg/dg-LLVM14-O2-g/high_precision_20260325_125828/log/dda_fi.lines.stderr.log
dda_fi,DDA,ssa+fi,lines,"ShuffleVector instruction is not supported, loosing precision",/home/jimi/PaperExperiment/CompilerOptimization/Result/tengine/dg/dg-LLVM14-O2-g/high_precision_20260325_125828/log/dda_fi.lines.stderr.log
dda_fi,DDA,ssa+fi,lines,"ShuffleVector instruction is not supported, loosing precision",/home/jimi/PaperExperiment/CompilerOptimization/Result/tengine/dg/dg-LLVM14-O2-g/high_precision_20260325_125828/log/dda_fi.lines.stderr.log
dda_fi,DDA,ssa+fi,lines,"ShuffleVector instruction is not supported, loosing precision",/home/jimi/PaperExperiment/CompilerOptimization/Result/tengine/dg/dg-LLVM14-O2-g/high_precision_20260325_125828/log/dda_fi.lines.stderr.log
dda_fi,DDA,ssa+fi,lines,"ShuffleVector instruction is not supported, loosing precision",/home/jimi/PaperExperiment/CompilerOptimization/Result/tengine/dg/dg-LLVM14-O2-g/high_precision_20260325_125828/log/dda_fi.lines.stderr.log
dda_fi,DDA,ssa+fi,lines,"ShuffleVector instruction is not supported, loosing precision",/home/jimi/PaperExperiment/CompilerOptimization/Result/tengine/dg/dg-LLVM14-O2-g/high_precision_20260325_125828/log/dda_fi.lines.stderr.log
dda_fi,DDA,ssa+fi,lines,"ShuffleVector instruction is not supported, loosing precision",/home/jimi/PaperExperiment/CompilerOptimization/Result/tengine/dg/dg-LLVM14-O2-g/high_precision_20260325_125828/log/dda_fi.lines.stderr.log
dda_fi,DDA,ssa+fi,lines,"ShuffleVector instruction is not supported, loosing precision",/home/jimi/PaperExperiment/CompilerOptimization/Result/tengine/dg/dg-LLVM14-O2-g/high_precision_20260325_125828/log/dda_fi.lines.stderr.log
dda_fi,DDA,ssa+fi,lines,"ShuffleVector instruction is not supported, loosing precision",/home/jimi/PaperExperiment/CompilerOptimization/Result/tengine/dg/dg-LLVM14-O2-g/high_precision_20260325_125828/log/dda_fi.lines.stderr.log
dda_fi,DDA,ssa+fi,lines,"ShuffleVector instruction is not supported, loosing precision",/home/jimi/PaperExperiment/CompilerOptimization/Result/tengine/dg/dg-LLVM14-O2-g/high_precision_20260325_125828/log/dda_fi.lines.stderr.log
dda_fi,DDA,ssa+fi,lines,"ShuffleVector instruction is not supported, loosing precision",/home/jimi/PaperExperiment/CompilerOptimization/Result/tengine/dg/dg-LLVM14-O2-g/high_precision_20260325_125828/log/dda_fi.lines.stderr.log
dda_fi,DDA,ssa+fi,lines,"ShuffleVector instruction is not supported, loosing precision",/home/jimi/PaperExperiment/CompilerOptimization/Result/tengine/dg/dg-LLVM14-O2-g/high_precision_20260325_125828/log/dda_fi.lines.stderr.log
dda_fi,DDA,ssa+fi,lines,"ShuffleVector instruction is not supported, loosing precision",/home/jimi/PaperExperiment/CompilerOptimization/Result/tengine/dg/dg-LLVM14-O2-g/high_precision_20260325_125828/log/dda_fi.lines.stderr.log
dda_fi,DDA,ssa+fi,lines,"ShuffleVector instruction is not supported, loosing precision",/home/jimi/PaperExperiment/CompilerOptimization/Result/tengine/dg/dg-LLVM14-O2-g/high_precision_20260325_125828/log/dda_fi.lines.stderr.log
dda_fi,DDA,ssa+fi,lines,"ShuffleVector instruction is not supported, loosing precision",/home/jimi/PaperExperiment/CompilerOptimization/Result/tengine/dg/dg-LLVM14-O2-g/high_precision_20260325_125828/log/dda_fi.lines.stderr.log
dda_fi,DDA,ssa+fi,lines,"ShuffleVector instruction is not supported, loosing precision",/home/jimi/PaperExperiment/CompilerOptimization/Result/tengine/dg/dg-LLVM14-O2-g/high_precision_20260325_125828/log/dda_fi.lines.stderr.log
dda_fi,DDA,ssa+fi,lines,"ShuffleVector instruction is not supported, loosing precision",/home/jimi/PaperExperiment/CompilerOptimization/Result/tengine/dg/dg-LLVM14-O2-g/high_precision_20260325_125828/log/dda_fi.lines.stderr.log
dda_fi,DDA,ssa+fi,lines,"ShuffleVector instruction is not supported, loosing precision",/home/jimi/PaperExperiment/CompilerOptimization/Result/tengine/dg/dg-LLVM14-O2-g/high_precision_20260325_125828/log/dda_fi.lines.stderr.log
dda_fi,DDA,ssa+fi,lines,"ShuffleVector instruction is not supported, loosing precision",/home/jimi/PaperExperiment/CompilerOptimization/Result/tengine/dg/dg-LLVM14-O2-g/high_precision_20260325_125828/log/dda_fi.lines.stderr.log
dda_fi,DDA,ssa+fi,lines,"ShuffleVector instruction is not supported, loosing precision",/home/jimi/PaperExperiment/CompilerOptimization/Result/tengine/dg/dg-LLVM14-O2-g/high_precision_20260325_125828/log/dda_fi.lines.stderr.log
dda_fi,DDA,ssa+fi,lines,"ShuffleVector instruction is not supported, loosing precision",/home/jimi/PaperExperiment/CompilerOptimization/Result/tengine/dg/dg-LLVM14-O2-g/high_precision_20260325_125828/log/dda_fi.lines.stderr.log
dda_fi,DDA,ssa+fi,lines,"ShuffleVector instruction is not supported, loosing precision",/home/jimi/PaperExperiment/CompilerOptimization/Result/tengine/dg/dg-LLVM14-O2-g/high_precision_20260325_125828/log/dda_fi.lines.stderr.log
dda_fi,DDA,ssa+fi,lines,"ShuffleVector instruction is not supported, loosing precision",/home/jimi/PaperExperiment/CompilerOptimization/Result/tengine/dg/dg-LLVM14-O2-g/high_precision_20260325_125828/log/dda_fi.lines.stderr.log
dda_fi,DDA,ssa+fi,lines,"ShuffleVector instruction is not supported, loosing precision",/home/jimi/PaperExperiment/CompilerOptimization/Result/tengine/dg/dg-LLVM14-O2-g/high_precision_20260325_125828/log/dda_fi.lines.stderr.log
dda_fi,DDA,ssa+fi,lines,"ShuffleVector instruction is not supported, loosing precision",/home/jimi/PaperExperiment/CompilerOptimization/Result/tengine/dg/dg-LLVM14-O2-g/high_precision_20260325_125828/log/dda_fi.lines.stderr.log
dda_fi,DDA,ssa+fi,lines,"ShuffleVector instruction is not supported, loosing precision",/home/jimi/PaperExperiment/CompilerOptimization/Result/tengine/dg/dg-LLVM14-O2-g/high_precision_20260325_125828/log/dda_fi.lines.stderr.log
dda_fi,DDA,ssa+fi,lines,"ShuffleVector instruction is not supported, loosing precision",/home/jimi/PaperExperiment/CompilerOptimization/Result/tengine/dg/dg-LLVM14-O2-g/high_precision_20260325_125828/log/dda_fi.lines.stderr.log
dda_fi,DDA,ssa+fi,lines,"ShuffleVector instruction is not supported, loosing precision",/home/jimi/PaperExperiment/CompilerOptimization/Result/tengine/dg/dg-LLVM14-O2-g/high_precision_20260325_125828/log/dda_fi.lines.stderr.log
dda_fi,DDA,ssa+fi,lines,"ShuffleVector instruction is not supported, loosing precision",/home/jimi/PaperExperiment/CompilerOptimization/Result/tengine/dg/dg-LLVM14-O2-g/high_precision_20260325_125828/log/dda_fi.lines.stderr.log
dda_fi,DDA,ssa+fi,lines,"ShuffleVector instruction is not supported, loosing precision",/home/jimi/PaperExperiment/CompilerOptimization/Result/tengine/dg/dg-LLVM14-O2-g/high_precision_20260325_125828/log/dda_fi.lines.stderr.log
dda_fi,DDA,ssa+fi,lines,"ShuffleVector instruction is not supported, loosing precision",/home/jimi/PaperExperiment/CompilerOptimization/Result/tengine/dg/dg-LLVM14-O2-g/high_precision_20260325_125828/log/dda_fi.lines.stderr.log
dda_fi,DDA,ssa+fi,lines,"ShuffleVector instruction is not supported, loosing precision",/home/jimi/PaperExperiment/CompilerOptimization/Result/tengine/dg/dg-LLVM14-O2-g/high_precision_20260325_125828/log/dda_fi.lines.stderr.log
dda_fi,DDA,ssa+fi,lines,"ShuffleVector instruction is not supported, loosing precision",/home/jimi/PaperExperiment/CompilerOptimization/Result/tengine/dg/dg-LLVM14-O2-g/high_precision_20260325_125828/log/dda_fi.lines.stderr.log
dda_fi,DDA,ssa+fi,lines,"ShuffleVector instruction is not supported, loosing precision",/home/jimi/PaperExperiment/CompilerOptimization/Result/tengine/dg/dg-LLVM14-O2-g/high_precision_20260325_125828/log/dda_fi.lines.stderr.log
dda_fi,DDA,ssa+fi,lines,"ShuffleVector instruction is not supported, loosing precision",/home/jimi/PaperExperiment/CompilerOptimization/Result/tengine/dg/dg-LLVM14-O2-g/high_precision_20260325_125828/log/dda_fi.lines.stderr.log
dda_fi,DDA,ssa+fi,lines,"ShuffleVector instruction is not supported, loosing precision",/home/jimi/PaperExperiment/CompilerOptimization/Result/tengine/dg/dg-LLVM14-O2-g/high_precision_20260325_125828/log/dda_fi.lines.stderr.log
dda_fi,DDA,ssa+fi,lines,"ShuffleVector instruction is not supported, loosing precision",/home/jimi/PaperExperiment/CompilerOptimization/Result/tengine/dg/dg-LLVM14-O2-g/high_precision_20260325_125828/log/dda_fi.lines.stderr.log
dda_fi,DDA,ssa+fi,lines,"ShuffleVector instruction is not supported, loosing precision",/home/jimi/PaperExperiment/CompilerOptimization/Result/tengine/dg/dg-LLVM14-O2-g/high_precision_20260325_125828/log/dda_fi.lines.stderr.log
dda_fi,DDA,ssa+fi,lines,"ShuffleVector instruction is not supported, loosing precision",/home/jimi/PaperExperiment/CompilerOptimization/Result/tengine/dg/dg-LLVM14-O2-g/high_precision_20260325_125828/log/dda_fi.lines.stderr.log
dda_fi,DDA,ssa+fi,lines,"ShuffleVector instruction is not supported, loosing precision",/home/jimi/PaperExperiment/CompilerOptimization/Result/tengine/dg/dg-LLVM14-O2-g/high_precision_20260325_125828/log/dda_fi.lines.stderr.log
dda_fi,DDA,ssa+fi,lines,"ShuffleVector instruction is not supported, loosing precision",/home/jimi/PaperExperiment/CompilerOptimization/Result/tengine/dg/dg-LLVM14-O2-g/high_precision_20260325_125828/log/dda_fi.lines.stderr.log
dda_fi,DDA,ssa+fi,lines,"ShuffleVector instruction is not supported, loosing precision",/home/jimi/PaperExperiment/CompilerOptimization/Result/tengine/dg/dg-LLVM14-O2-g/high_precision_20260325_125828/log/dda_fi.lines.stderr.log
dda_fi,DDA,ssa+fi,lines,"ShuffleVector instruction is not supported, loosing precision",/home/jimi/PaperExperiment/CompilerOptimization/Result/tengine/dg/dg-LLVM14-O2-g/high_precision_20260325_125828/log/dda_fi.lines.stderr.log
dda_fi,DDA,ssa+fi,lines,"ShuffleVector instruction is not supported, loosing precision",/home/jimi/PaperExperiment/CompilerOptimization/Result/tengine/dg/dg-LLVM14-O2-g/high_precision_20260325_125828/log/dda_fi.lines.stderr.log
dda_fi,DDA,ssa+fi,lines,"ShuffleVector instruction is not supported, loosing precision",/home/jimi/PaperExperiment/CompilerOptimization/Result/tengine/dg/dg-LLVM14-O2-g/high_precision_20260325_125828/log/dda_fi.lines.stderr.log
dda_fi,DDA,ssa+fi,lines,"ShuffleVector instruction is not supported, loosing precision",/home/jimi/PaperExperiment/CompilerOptimization/Result/tengine/dg/dg-LLVM14-O2-g/high_precision_20260325_125828/log/dda_fi.lines.stderr.log
dda_fi,DDA,ssa+fi,lines,"ShuffleVector instruction is not supported, loosing precision",/home/jimi/PaperExperiment/CompilerOptimization/Result/tengine/dg/dg-LLVM14-O2-g/high_precision_20260325_125828/log/dda_fi.lines.stderr.log
dda_fi,DDA,ssa+fi,lines,"ShuffleVector instruction is not supported, loosing precision",/home/jimi/PaperExperiment/CompilerOptimization/Result/tengine/dg/dg-LLVM14-O2-g/high_precision_20260325_125828/log/dda_fi.lines.stderr.log
dda_fi,DDA,ssa+fi,lines,"ShuffleVector instruction is not supported, loosing precision",/home/jimi/PaperExperiment/CompilerOptimization/Result/tengine/dg/dg-LLVM14-O2-g/high_precision_20260325_125828/log/dda_fi.lines.stderr.log
dda_fi,DDA,ssa+fi,lines,"ShuffleVector instruction is not supported, loosing precision",/home/jimi/PaperExperiment/CompilerOptimization/Result/tengine/dg/dg-LLVM14-O2-g/high_precision_20260325_125828/log/dda_fi.lines.stderr.log
dda_fi,DDA,ssa+fi,lines,"ShuffleVector instruction is not supported, loosing precision",/home/jimi/PaperExperiment/CompilerOptimization/Result/tengine/dg/dg-LLVM14-O2-g/high_precision_20260325_125828/log/dda_fi.lines.stderr.log
dda_fi,DDA,ssa+fi,lines,"ShuffleVector instruction is not supported, loosing precision",/home/jimi/PaperExperiment/CompilerOptimization/Result/tengine/dg/dg-LLVM14-O2-g/high_precision_20260325_125828/log/dda_fi.lines.stderr.log
dda_fi,DDA,ssa+fi,lines,"ShuffleVector instruction is not supported, loosing precision",/home/jimi/PaperExperiment/CompilerOptimization/Result/tengine/dg/dg-LLVM14-O2-g/high_precision_20260325_125828/log/dda_fi.lines.stderr.log
dda_fi,DDA,ssa+fi,lines,"ShuffleVector instruction is not supported, loosing precision",/home/jimi/PaperExperiment/CompilerOptimization/Result/tengine/dg/dg-LLVM14-O2-g/high_precision_20260325_125828/log/dda_fi.lines.stderr.log
dda_fi,DDA,ssa+fi,lines,"ShuffleVector instruction is not supported, loosing precision",/home/jimi/PaperExperiment/CompilerOptimization/Result/tengine/dg/dg-LLVM14-O2-g/high_precision_20260325_125828/log/dda_fi.lines.stderr.log
dda_fi,DDA,ssa+fi,lines,"ShuffleVector instruction is not supported, loosing precision",/home/jimi/PaperExperiment/CompilerOptimization/Result/tengine/dg/dg-LLVM14-O2-g/high_precision_20260325_125828/log/dda_fi.lines.stderr.log
dda_fi,DDA,ssa+fi,lines,"ShuffleVector instruction is not supported, loosing precision",/home/jimi/PaperExperiment/CompilerOptimization/Result/tengine/dg/dg-LLVM14-O2-g/high_precision_20260325_125828/log/dda_fi.lines.stderr.log
dda_fi,DDA,ssa+fi,lines,"ShuffleVector instruction is not supported, loosing precision",/home/jimi/PaperExperiment/CompilerOptimization/Result/tengine/dg/dg-LLVM14-O2-g/high_precision_20260325_125828/log/dda_fi.lines.stderr.log
dda_fi,DDA,ssa+fi,lines,"ShuffleVector instruction is not supported, loosing precision",/home/jimi/PaperExperiment/CompilerOptimization/Result/tengine/dg/dg-LLVM14-O2-g/high_precision_20260325_125828/log/dda_fi.lines.stderr.log
dda_fi,DDA,ssa+fi,lines,"ShuffleVector instruction is not supported, loosing precision",/home/jimi/PaperExperiment/CompilerOptimization/Result/tengine/dg/dg-LLVM14-O2-g/high_precision_20260325_125828/log/dda_fi.lines.stderr.log
dda_fi,DDA,ssa+fi,lines,"ShuffleVector instruction is not supported, loosing precision",/home/jimi/PaperExperiment/CompilerOptimization/Result/tengine/dg/dg-LLVM14-O2-g/high_precision_20260325_125828/log/dda_fi.lines.stderr.log
dda_fi,DDA,ssa+fi,lines,"ShuffleVector instruction is not supported, loosing precision",/home/jimi/PaperExperiment/CompilerOptimization/Result/tengine/dg/dg-LLVM14-O2-g/high_precision_20260325_125828/log/dda_fi.lines.stderr.log
dda_fi,DDA,ssa+fi,lines,"ShuffleVector instruction is not supported, loosing precision",/home/jimi/PaperExperiment/CompilerOptimization/Result/tengine/dg/dg-LLVM14-O2-g/high_precision_20260325_125828/log/dda_fi.lines.stderr.log
dda_fi,DDA,ssa+fi,lines,"ShuffleVector instruction is not supported, loosing precision",/home/jimi/PaperExperiment/CompilerOptimization/Result/tengine/dg/dg-LLVM14-O2-g/high_precision_20260325_125828/log/dda_fi.lines.stderr.log
dda_fi,DDA,ssa+fi,lines,"ShuffleVector instruction is not supported, loosing precision",/home/jimi/PaperExperiment/CompilerOptimization/Result/tengine/dg/dg-LLVM14-O2-g/high_precision_20260325_125828/log/dda_fi.lines.stderr.log
dda_fi,DDA,ssa+fi,lines,"ShuffleVector instruction is not supported, loosing precision",/home/jimi/PaperExperiment/CompilerOptimization/Result/tengine/dg/dg-LLVM14-O2-g/high_precision_20260325_125828/log/dda_fi.lines.stderr.log
dda_fi,DDA,ssa+fi,lines,"ShuffleVector instruction is not supported, loosing precision",/home/jimi/PaperExperiment/CompilerOptimization/Result/tengine/dg/dg-LLVM14-O2-g/high_precision_20260325_125828/log/dda_fi.lines.stderr.log
dda_fi,DDA,ssa+fi,lines,"ShuffleVector instruction is not supported, loosing precision",/home/jimi/PaperExperiment/CompilerOptimization/Result/tengine/dg/dg-LLVM14-O2-g/high_precision_20260325_125828/log/dda_fi.lines.stderr.log
dda_fi,DDA,ssa+fi,lines,"ShuffleVector instruction is not supported, loosing precision",/home/jimi/PaperExperiment/CompilerOptimization/Result/tengine/dg/dg-LLVM14-O2-g/high_precision_20260325_125828/log/dda_fi.lines.stderr.log
dda_fi,DDA,ssa+fi,lines,"ShuffleVector instruction is not supported, loosing precision",/home/jimi/PaperExperiment/CompilerOptimization/Result/tengine/dg/dg-LLVM14-O2-g/high_precision_20260325_125828/log/dda_fi.lines.stderr.log
dda_fi,DDA,ssa+fi,lines,"ShuffleVector instruction is not supported, loosing precision",/home/jimi/PaperExperiment/CompilerOptimization/Result/tengine/dg/dg-LLVM14-O2-g/high_precision_20260325_125828/log/dda_fi.lines.stderr.log
dda_fi,DDA,ssa+fi,lines,"ShuffleVector instruction is not supported, loosing precision",/home/jimi/PaperExperiment/CompilerOptimization/Result/tengine/dg/dg-LLVM14-O2-g/high_precision_20260325_125828/log/dda_fi.lines.stderr.log
dda_fi,DDA,ssa+fi,lines,"ShuffleVector instruction is not supported, loosing precision",/home/jimi/PaperExperiment/CompilerOptimization/Result/tengine/dg/dg-LLVM14-O2-g/high_precision_20260325_125828/log/dda_fi.lines.stderr.log
dda_fi,DDA,ssa+fi,lines,"ShuffleVector instruction is not supported, loosing precision",/home/jimi/PaperExperiment/CompilerOptimization/Result/tengine/dg/dg-LLVM14-O2-g/high_precision_20260325_125828/log/dda_fi.lines.stderr.log
dda_fi,DDA,ssa+fi,lines,"ShuffleVector instruction is not supported, loosing precision",/home/jimi/PaperExperiment/CompilerOptimization/Result/tengine/dg/dg-LLVM14-O2-g/high_precision_20260325_125828/log/dda_fi.lines.stderr.log
dda_fi,DDA,ssa+fi,lines,"ShuffleVector instruction is not supported, loosing precision",/home/jimi/PaperExperiment/CompilerOptimization/Result/tengine/dg/dg-LLVM14-O2-g/high_precision_20260325_125828/log/dda_fi.lines.stderr.log
dda_fi,DDA,ssa+fi,lines,"ShuffleVector instruction is not supported, loosing precision",/home/jimi/PaperExperiment/CompilerOptimization/Result/tengine/dg/dg-LLVM14-O2-g/high_precision_20260325_125828/log/dda_fi.lines.stderr.log
dda_fi,DDA,ssa+fi,lines,"ShuffleVector instruction is not supported, loosing precision",/home/jimi/PaperExperiment/CompilerOptimization/Result/tengine/dg/dg-LLVM14-O2-g/high_precision_20260325_125828/log/dda_fi.lines.stderr.log
dda_fi,DDA,ssa+fi,lines,"ShuffleVector instruction is not supported, loosing precision",/home/jimi/PaperExperiment/CompilerOptimization/Result/tengine/dg/dg-LLVM14-O2-g/high_precision_20260325_125828/log/dda_fi.lines.stderr.log
dda_fi,DDA,ssa+fi,lines,"ShuffleVector instruction is not supported, loosing precision",/home/jimi/PaperExperiment/CompilerOptimization/Result/tengine/dg/dg-LLVM14-O2-g/high_precision_20260325_125828/log/dda_fi.lines.stderr.log
dda_fi,DDA,ssa+fi,lines,"ShuffleVector instruction is not supported, loosing precision",/home/jimi/PaperExperiment/CompilerOptimization/Result/tengine/dg/dg-LLVM14-O2-g/high_precision_20260325_125828/log/dda_fi.lines.stderr.log
dda_fi,DDA,ssa+fi,lines,"ShuffleVector instruction is not supported, loosing precision",/home/jimi/PaperExperiment/CompilerOptimization/Result/tengine/dg/dg-LLVM14-O2-g/high_precision_20260325_125828/log/dda_fi.lines.stderr.log
dda_fi,DDA,ssa+fi,lines,"ShuffleVector instruction is not supported, loosing precision",/home/jimi/PaperExperiment/CompilerOptimization/Result/tengine/dg/dg-LLVM14-O2-g/high_precision_20260325_125828/log/dda_fi.lines.stderr.log
dda_fi,DDA,ssa+fi,lines,"ShuffleVector instruction is not supported, loosing precision",/home/jimi/PaperExperiment/CompilerOptimization/Result/tengine/dg/dg-LLVM14-O2-g/high_precision_20260325_125828/log/dda_fi.lines.stderr.log
dda_fi,DDA,ssa+fi,lines,"ShuffleVector instruction is not supported, loosing precision",/home/jimi/PaperExperiment/CompilerOptimization/Result/tengine/dg/dg-LLVM14-O2-g/high_precision_20260325_125828/log/dda_fi.lines.stderr.log
dda_fi,DDA,ssa+fi,lines,"ShuffleVector instruction is not supported, loosing precision",/home/jimi/PaperExperiment/CompilerOptimization/Result/tengine/dg/dg-LLVM14-O2-g/high_precision_20260325_125828/log/dda_fi.lines.stderr.log
dda_fi,DDA,ssa+fi,lines,"ShuffleVector instruction is not supported, loosing precision",/home/jimi/PaperExperiment/CompilerOptimization/Result/tengine/dg/dg-LLVM14-O2-g/high_precision_20260325_125828/log/dda_fi.lines.stderr.log
dda_fi,DDA,ssa+fi,lines,"ShuffleVector instruction is not supported, loosing precision",/home/jimi/PaperExperiment/CompilerOptimization/Result/tengine/dg/dg-LLVM14-O2-g/high_precision_20260325_125828/log/dda_fi.lines.stderr.log
dda_fi,DDA,ssa+fi,dot,"WARNING: Non-0 memset:   tail call void @llvm.memset.p0i8.i64(i8* noundef nonnull align 4 dereferenceable(512) %70, i8 -1, i64 512, i1 false), !dbg !950",/home/jimi/PaperExperiment/CompilerOptimization/Result/tengine/dg/dg-LLVM14-O2-g/high_precision_20260325_125828/log/dda_fi.dot.stderr.log
dda_fi,DDA,ssa+fi,dot,"WARNING: Non-0 memset:   call void @llvm.memset.p0i8.i64(i8* noundef nonnull align 1 dereferenceable(1) %134, i8 %132, i64 %135, i1 false), !dbg !964, !tbaa !889",/home/jimi/PaperExperiment/CompilerOptimization/Result/tengine/dg/dg-LLVM14-O2-g/high_precision_20260325_125828/log/dda_fi.dot.stderr.log
dda_fi,DDA,ssa+fi,dot,"WARNING: Non-0 memset:   call void @llvm.memset.p0i8.i64(i8* noundef nonnull align 1 dereferenceable(1) %94, i8 %92, i64 %95, i1 false), !dbg !964, !tbaa !889",/home/jimi/PaperExperiment/CompilerOptimization/Result/tengine/dg/dg-LLVM14-O2-g/high_precision_20260325_125828/log/dda_fi.dot.stderr.log
dda_fi,DDA,ssa+fi,dot,"WARNING: Non-0 memset:   call void @llvm.memset.p0i8.i64(i8* noundef nonnull align 1 dereferenceable(1) %111, i8 %109, i64 %112, i1 false), !dbg !964, !tbaa !889",/home/jimi/PaperExperiment/CompilerOptimization/Result/tengine/dg/dg-LLVM14-O2-g/high_precision_20260325_125828/log/dda_fi.dot.stderr.log
dda_fi,DDA,ssa+fi,dot,"WARNING: Non-0 memset:   tail call void @llvm.memset.p0i8.i64(i8* align 1 %696, i8 %703, i64 %704, i1 false) #30, !dbg !1675, !tbaa !921",/home/jimi/PaperExperiment/CompilerOptimization/Result/tengine/dg/dg-LLVM14-O2-g/high_precision_20260325_125828/log/dda_fi.dot.stderr.log
dda_fi,DDA,ssa+fi,dot,"WARNING: Non-0 memset:   call void @llvm.memset.p0i8.i64(i8* nonnull align 1 %506, i8 %501, i64 %507, i1 false) #30, !dbg !1430",/home/jimi/PaperExperiment/CompilerOptimization/Result/tengine/dg/dg-LLVM14-O2-g/high_precision_20260325_125828/log/dda_fi.dot.stderr.log
dda_fi,DDA,ssa+fi,dot,"ShuffleVector instruction is not supported, loosing precision",/home/jimi/PaperExperiment/CompilerOptimization/Result/tengine/dg/dg-LLVM14-O2-g/high_precision_20260325_125828/log/dda_fi.dot.stderr.log
dda_fi,DDA,ssa+fi,dot,"ShuffleVector instruction is not supported, loosing precision",/home/jimi/PaperExperiment/CompilerOptimization/Result/tengine/dg/dg-LLVM14-O2-g/high_precision_20260325_125828/log/dda_fi.dot.stderr.log
dda_fi,DDA,ssa+fi,dot,"ShuffleVector instruction is not supported, loosing precision",/home/jimi/PaperExperiment/CompilerOptimization/Result/tengine/dg/dg-LLVM14-O2-g/high_precision_20260325_125828/log/dda_fi.dot.stderr.log
dda_fi,DDA,ssa+fi,dot,"ShuffleVector instruction is not supported, loosing precision",/home/jimi/PaperExperiment/CompilerOptimization/Result/tengine/dg/dg-LLVM14-O2-g/high_precision_20260325_125828/log/dda_fi.dot.stderr.log
dda_fi,DDA,ssa+fi,dot,"ShuffleVector instruction is not supported, loosing precision",/home/jimi/PaperExperiment/CompilerOptimization/Result/tengine/dg/dg-LLVM14-O2-g/high_precision_20260325_125828/log/dda_fi.dot.stderr.log
dda_fi,DDA,ssa+fi,dot,"ShuffleVector instruction is not supported, loosing precision",/home/jimi/PaperExperiment/CompilerOptimization/Result/tengine/dg/dg-LLVM14-O2-g/high_precision_20260325_125828/log/dda_fi.dot.stderr.log
dda_fi,DDA,ssa+fi,dot,"ShuffleVector instruction is not supported, loosing precision",/home/jimi/PaperExperiment/CompilerOptimization/Result/tengine/dg/dg-LLVM14-O2-g/high_precision_20260325_125828/log/dda_fi.dot.stderr.log
dda_fi,DDA,ssa+fi,dot,"ShuffleVector instruction is not supported, loosing precision",/home/jimi/PaperExperiment/CompilerOptimization/Result/tengine/dg/dg-LLVM14-O2-g/high_precision_20260325_125828/log/dda_fi.dot.stderr.log
dda_fi,DDA,ssa+fi,dot,"ShuffleVector instruction is not supported, loosing precision",/home/jimi/PaperExperiment/CompilerOptimization/Result/tengine/dg/dg-LLVM14-O2-g/high_precision_20260325_125828/log/dda_fi.dot.stderr.log
dda_fi,DDA,ssa+fi,dot,"ShuffleVector instruction is not supported, loosing precision",/home/jimi/PaperExperiment/CompilerOptimization/Result/tengine/dg/dg-LLVM14-O2-g/high_precision_20260325_125828/log/dda_fi.dot.stderr.log
dda_fi,DDA,ssa+fi,dot,"ShuffleVector instruction is not supported, loosing precision",/home/jimi/PaperExperiment/CompilerOptimization/Result/tengine/dg/dg-LLVM14-O2-g/high_precision_20260325_125828/log/dda_fi.dot.stderr.log
dda_fi,DDA,ssa+fi,dot,"ShuffleVector instruction is not supported, loosing precision",/home/jimi/PaperExperiment/CompilerOptimization/Result/tengine/dg/dg-LLVM14-O2-g/high_precision_20260325_125828/log/dda_fi.dot.stderr.log
dda_fi,DDA,ssa+fi,dot,"ShuffleVector instruction is not supported, loosing precision",/home/jimi/PaperExperiment/CompilerOptimization/Result/tengine/dg/dg-LLVM14-O2-g/high_precision_20260325_125828/log/dda_fi.dot.stderr.log
dda_fi,DDA,ssa+fi,dot,"ShuffleVector instruction is not supported, loosing precision",/home/jimi/PaperExperiment/CompilerOptimization/Result/tengine/dg/dg-LLVM14-O2-g/high_precision_20260325_125828/log/dda_fi.dot.stderr.log
dda_fi,DDA,ssa+fi,dot,"ShuffleVector instruction is not supported, loosing precision",/home/jimi/PaperExperiment/CompilerOptimization/Result/tengine/dg/dg-LLVM14-O2-g/high_precision_20260325_125828/log/dda_fi.dot.stderr.log
dda_fi,DDA,ssa+fi,dot,"ShuffleVector instruction is not supported, loosing precision",/home/jimi/PaperExperiment/CompilerOptimization/Result/tengine/dg/dg-LLVM14-O2-g/high_precision_20260325_125828/log/dda_fi.dot.stderr.log
dda_fi,DDA,ssa+fi,dot,"ShuffleVector instruction is not supported, loosing precision",/home/jimi/PaperExperiment/CompilerOptimization/Result/tengine/dg/dg-LLVM14-O2-g/high_precision_20260325_125828/log/dda_fi.dot.stderr.log
dda_fi,DDA,ssa+fi,dot,"ShuffleVector instruction is not supported, loosing precision",/home/jimi/PaperExperiment/CompilerOptimization/Result/tengine/dg/dg-LLVM14-O2-g/high_precision_20260325_125828/log/dda_fi.dot.stderr.log
dda_fi,DDA,ssa+fi,dot,"ShuffleVector instruction is not supported, loosing precision",/home/jimi/PaperExperiment/CompilerOptimization/Result/tengine/dg/dg-LLVM14-O2-g/high_precision_20260325_125828/log/dda_fi.dot.stderr.log
dda_fi,DDA,ssa+fi,dot,"ShuffleVector instruction is not supported, loosing precision",/home/jimi/PaperExperiment/CompilerOptimization/Result/tengine/dg/dg-LLVM14-O2-g/high_precision_20260325_125828/log/dda_fi.dot.stderr.log
dda_fi,DDA,ssa+fi,dot,"ShuffleVector instruction is not supported, loosing precision",/home/jimi/PaperExperiment/CompilerOptimization/Result/tengine/dg/dg-LLVM14-O2-g/high_precision_20260325_125828/log/dda_fi.dot.stderr.log
dda_fi,DDA,ssa+fi,dot,"ShuffleVector instruction is not supported, loosing precision",/home/jimi/PaperExperiment/CompilerOptimization/Result/tengine/dg/dg-LLVM14-O2-g/high_precision_20260325_125828/log/dda_fi.dot.stderr.log
dda_fi,DDA,ssa+fi,dot,"ShuffleVector instruction is not supported, loosing precision",/home/jimi/PaperExperiment/CompilerOptimization/Result/tengine/dg/dg-LLVM14-O2-g/high_precision_20260325_125828/log/dda_fi.dot.stderr.log
dda_fi,DDA,ssa+fi,dot,"ShuffleVector instruction is not supported, loosing precision",/home/jimi/PaperExperiment/CompilerOptimization/Result/tengine/dg/dg-LLVM14-O2-g/high_precision_20260325_125828/log/dda_fi.dot.stderr.log
dda_fi,DDA,ssa+fi,dot,"ShuffleVector instruction is not supported, loosing precision",/home/jimi/PaperExperiment/CompilerOptimization/Result/tengine/dg/dg-LLVM14-O2-g/high_precision_20260325_125828/log/dda_fi.dot.stderr.log
dda_fi,DDA,ssa+fi,dot,"ShuffleVector instruction is not supported, loosing precision",/home/jimi/PaperExperiment/CompilerOptimization/Result/tengine/dg/dg-LLVM14-O2-g/high_precision_20260325_125828/log/dda_fi.dot.stderr.log
dda_fi,DDA,ssa+fi,dot,"ShuffleVector instruction is not supported, loosing precision",/home/jimi/PaperExperiment/CompilerOptimization/Result/tengine/dg/dg-LLVM14-O2-g/high_precision_20260325_125828/log/dda_fi.dot.stderr.log
dda_fi,DDA,ssa+fi,dot,"ShuffleVector instruction is not supported, loosing precision",/home/jimi/PaperExperiment/CompilerOptimization/Result/tengine/dg/dg-LLVM14-O2-g/high_precision_20260325_125828/log/dda_fi.dot.stderr.log
dda_fi,DDA,ssa+fi,dot,"ShuffleVector instruction is not supported, loosing precision",/home/jimi/PaperExperiment/CompilerOptimization/Result/tengine/dg/dg-LLVM14-O2-g/high_precision_20260325_125828/log/dda_fi.dot.stderr.log
dda_fi,DDA,ssa+fi,dot,"ShuffleVector instruction is not supported, loosing precision",/home/jimi/PaperExperiment/CompilerOptimization/Result/tengine/dg/dg-LLVM14-O2-g/high_precision_20260325_125828/log/dda_fi.dot.stderr.log
dda_fi,DDA,ssa+fi,dot,"ShuffleVector instruction is not supported, loosing precision",/home/jimi/PaperExperiment/CompilerOptimization/Result/tengine/dg/dg-LLVM14-O2-g/high_precision_20260325_125828/log/dda_fi.dot.stderr.log
dda_fi,DDA,ssa+fi,dot,"ShuffleVector instruction is not supported, loosing precision",/home/jimi/PaperExperiment/CompilerOptimization/Result/tengine/dg/dg-LLVM14-O2-g/high_precision_20260325_125828/log/dda_fi.dot.stderr.log
dda_fi,DDA,ssa+fi,dot,"ShuffleVector instruction is not supported, loosing precision",/home/jimi/PaperExperiment/CompilerOptimization/Result/tengine/dg/dg-LLVM14-O2-g/high_precision_20260325_125828/log/dda_fi.dot.stderr.log
dda_fi,DDA,ssa+fi,dot,"ShuffleVector instruction is not supported, loosing precision",/home/jimi/PaperExperiment/CompilerOptimization/Result/tengine/dg/dg-LLVM14-O2-g/high_precision_20260325_125828/log/dda_fi.dot.stderr.log
dda_fi,DDA,ssa+fi,dot,"ShuffleVector instruction is not supported, loosing precision",/home/jimi/PaperExperiment/CompilerOptimization/Result/tengine/dg/dg-LLVM14-O2-g/high_precision_20260325_125828/log/dda_fi.dot.stderr.log
dda_fi,DDA,ssa+fi,dot,"ShuffleVector instruction is not supported, loosing precision",/home/jimi/PaperExperiment/CompilerOptimization/Result/tengine/dg/dg-LLVM14-O2-g/high_precision_20260325_125828/log/dda_fi.dot.stderr.log
dda_fi,DDA,ssa+fi,dot,"WARNING: Non-0 memset:   tail call void @llvm.memset.p0i8.i64(i8* align 1 %301, i8 -1, i64 %304, i1 false), !dbg !1286",/home/jimi/PaperExperiment/CompilerOptimization/Result/tengine/dg/dg-LLVM14-O2-g/high_precision_20260325_125828/log/dda_fi.dot.stderr.log
dda_fi,DDA,ssa+fi,dot,IntToPtr with constant:   <badref> = inttoptr i64 1 to i8*,/home/jimi/PaperExperiment/CompilerOptimization/Result/tengine/dg/dg-LLVM14-O2-g/high_precision_20260325_125828/log/dda_fi.dot.stderr.log
dda_fi,DDA,ssa+fi,dot,"ShuffleVector instruction is not supported, loosing precision",/home/jimi/PaperExperiment/CompilerOptimization/Result/tengine/dg/dg-LLVM14-O2-g/high_precision_20260325_125828/log/dda_fi.dot.stderr.log
dda_fi,DDA,ssa+fi,dot,"ShuffleVector instruction is not supported, loosing precision",/home/jimi/PaperExperiment/CompilerOptimization/Result/tengine/dg/dg-LLVM14-O2-g/high_precision_20260325_125828/log/dda_fi.dot.stderr.log
dda_fi,DDA,ssa+fi,dot,"ShuffleVector instruction is not supported, loosing precision",/home/jimi/PaperExperiment/CompilerOptimization/Result/tengine/dg/dg-LLVM14-O2-g/high_precision_20260325_125828/log/dda_fi.dot.stderr.log
dda_fi,DDA,ssa+fi,dot,"ShuffleVector instruction is not supported, loosing precision",/home/jimi/PaperExperiment/CompilerOptimization/Result/tengine/dg/dg-LLVM14-O2-g/high_precision_20260325_125828/log/dda_fi.dot.stderr.log
dda_fi,DDA,ssa+fi,dot,"ShuffleVector instruction is not supported, loosing precision",/home/jimi/PaperExperiment/CompilerOptimization/Result/tengine/dg/dg-LLVM14-O2-g/high_precision_20260325_125828/log/dda_fi.dot.stderr.log
dda_fi,DDA,ssa+fi,dot,"ShuffleVector instruction is not supported, loosing precision",/home/jimi/PaperExperiment/CompilerOptimization/Result/tengine/dg/dg-LLVM14-O2-g/high_precision_20260325_125828/log/dda_fi.dot.stderr.log
dda_fi,DDA,ssa+fi,dot,"ShuffleVector instruction is not supported, loosing precision",/home/jimi/PaperExperiment/CompilerOptimization/Result/tengine/dg/dg-LLVM14-O2-g/high_precision_20260325_125828/log/dda_fi.dot.stderr.log
dda_fi,DDA,ssa+fi,dot,"ShuffleVector instruction is not supported, loosing precision",/home/jimi/PaperExperiment/CompilerOptimization/Result/tengine/dg/dg-LLVM14-O2-g/high_precision_20260325_125828/log/dda_fi.dot.stderr.log
dda_fi,DDA,ssa+fi,dot,"ShuffleVector instruction is not supported, loosing precision",/home/jimi/PaperExperiment/CompilerOptimization/Result/tengine/dg/dg-LLVM14-O2-g/high_precision_20260325_125828/log/dda_fi.dot.stderr.log
dda_fi,DDA,ssa+fi,dot,"ShuffleVector instruction is not supported, loosing precision",/home/jimi/PaperExperiment/CompilerOptimization/Result/tengine/dg/dg-LLVM14-O2-g/high_precision_20260325_125828/log/dda_fi.dot.stderr.log
dda_fi,DDA,ssa+fi,dot,"ShuffleVector instruction is not supported, loosing precision",/home/jimi/PaperExperiment/CompilerOptimization/Result/tengine/dg/dg-LLVM14-O2-g/high_precision_20260325_125828/log/dda_fi.dot.stderr.log
dda_fi,DDA,ssa+fi,dot,"ShuffleVector instruction is not supported, loosing precision",/home/jimi/PaperExperiment/CompilerOptimization/Result/tengine/dg/dg-LLVM14-O2-g/high_precision_20260325_125828/log/dda_fi.dot.stderr.log
dda_fi,DDA,ssa+fi,dot,"ShuffleVector instruction is not supported, loosing precision",/home/jimi/PaperExperiment/CompilerOptimization/Result/tengine/dg/dg-LLVM14-O2-g/high_precision_20260325_125828/log/dda_fi.dot.stderr.log
dda_fi,DDA,ssa+fi,dot,"ShuffleVector instruction is not supported, loosing precision",/home/jimi/PaperExperiment/CompilerOptimization/Result/tengine/dg/dg-LLVM14-O2-g/high_precision_20260325_125828/log/dda_fi.dot.stderr.log
dda_fi,DDA,ssa+fi,dot,"ShuffleVector instruction is not supported, loosing precision",/home/jimi/PaperExperiment/CompilerOptimization/Result/tengine/dg/dg-LLVM14-O2-g/high_precision_20260325_125828/log/dda_fi.dot.stderr.log
dda_fi,DDA,ssa+fi,dot,"ShuffleVector instruction is not supported, loosing precision",/home/jimi/PaperExperiment/CompilerOptimization/Result/tengine/dg/dg-LLVM14-O2-g/high_precision_20260325_125828/log/dda_fi.dot.stderr.log
dda_fi,DDA,ssa+fi,dot,"ShuffleVector instruction is not supported, loosing precision",/home/jimi/PaperExperiment/CompilerOptimization/Result/tengine/dg/dg-LLVM14-O2-g/high_precision_20260325_125828/log/dda_fi.dot.stderr.log
dda_fi,DDA,ssa+fi,dot,"ShuffleVector instruction is not supported, loosing precision",/home/jimi/PaperExperiment/CompilerOptimization/Result/tengine/dg/dg-LLVM14-O2-g/high_precision_20260325_125828/log/dda_fi.dot.stderr.log
dda_fi,DDA,ssa+fi,dot,"ShuffleVector instruction is not supported, loosing precision",/home/jimi/PaperExperiment/CompilerOptimization/Result/tengine/dg/dg-LLVM14-O2-g/high_precision_20260325_125828/log/dda_fi.dot.stderr.log
dda_fi,DDA,ssa+fi,dot,"ShuffleVector instruction is not supported, loosing precision",/home/jimi/PaperExperiment/CompilerOptimization/Result/tengine/dg/dg-LLVM14-O2-g/high_precision_20260325_125828/log/dda_fi.dot.stderr.log
dda_fi,DDA,ssa+fi,dot,"ShuffleVector instruction is not supported, loosing precision",/home/jimi/PaperExperiment/CompilerOptimization/Result/tengine/dg/dg-LLVM14-O2-g/high_precision_20260325_125828/log/dda_fi.dot.stderr.log
dda_fi,DDA,ssa+fi,dot,"ShuffleVector instruction is not supported, loosing precision",/home/jimi/PaperExperiment/CompilerOptimization/Result/tengine/dg/dg-LLVM14-O2-g/high_precision_20260325_125828/log/dda_fi.dot.stderr.log
dda_fi,DDA,ssa+fi,dot,"ShuffleVector instruction is not supported, loosing precision",/home/jimi/PaperExperiment/CompilerOptimization/Result/tengine/dg/dg-LLVM14-O2-g/high_precision_20260325_125828/log/dda_fi.dot.stderr.log
dda_fi,DDA,ssa+fi,dot,"ShuffleVector instruction is not supported, loosing precision",/home/jimi/PaperExperiment/CompilerOptimization/Result/tengine/dg/dg-LLVM14-O2-g/high_precision_20260325_125828/log/dda_fi.dot.stderr.log
dda_fi,DDA,ssa+fi,dot,"ShuffleVector instruction is not supported, loosing precision",/home/jimi/PaperExperiment/CompilerOptimization/Result/tengine/dg/dg-LLVM14-O2-g/high_precision_20260325_125828/log/dda_fi.dot.stderr.log
dda_fi,DDA,ssa+fi,dot,"ShuffleVector instruction is not supported, loosing precision",/home/jimi/PaperExperiment/CompilerOptimization/Result/tengine/dg/dg-LLVM14-O2-g/high_precision_20260325_125828/log/dda_fi.dot.stderr.log
dda_fi,DDA,ssa+fi,dot,"ShuffleVector instruction is not supported, loosing precision",/home/jimi/PaperExperiment/CompilerOptimization/Result/tengine/dg/dg-LLVM14-O2-g/high_precision_20260325_125828/log/dda_fi.dot.stderr.log
dda_fi,DDA,ssa+fi,dot,"ShuffleVector instruction is not supported, loosing precision",/home/jimi/PaperExperiment/CompilerOptimization/Result/tengine/dg/dg-LLVM14-O2-g/high_precision_20260325_125828/log/dda_fi.dot.stderr.log
dda_fi,DDA,ssa+fi,dot,"ShuffleVector instruction is not supported, loosing precision",/home/jimi/PaperExperiment/CompilerOptimization/Result/tengine/dg/dg-LLVM14-O2-g/high_precision_20260325_125828/log/dda_fi.dot.stderr.log
dda_fi,DDA,ssa+fi,dot,"ShuffleVector instruction is not supported, loosing precision",/home/jimi/PaperExperiment/CompilerOptimization/Result/tengine/dg/dg-LLVM14-O2-g/high_precision_20260325_125828/log/dda_fi.dot.stderr.log
dda_fi,DDA,ssa+fi,dot,"ShuffleVector instruction is not supported, loosing precision",/home/jimi/PaperExperiment/CompilerOptimization/Result/tengine/dg/dg-LLVM14-O2-g/high_precision_20260325_125828/log/dda_fi.dot.stderr.log
dda_fi,DDA,ssa+fi,dot,"ShuffleVector instruction is not supported, loosing precision",/home/jimi/PaperExperiment/CompilerOptimization/Result/tengine/dg/dg-LLVM14-O2-g/high_precision_20260325_125828/log/dda_fi.dot.stderr.log
dda_fi,DDA,ssa+fi,dot,"ShuffleVector instruction is not supported, loosing precision",/home/jimi/PaperExperiment/CompilerOptimization/Result/tengine/dg/dg-LLVM14-O2-g/high_precision_20260325_125828/log/dda_fi.dot.stderr.log
dda_fi,DDA,ssa+fi,dot,"ShuffleVector instruction is not supported, loosing precision",/home/jimi/PaperExperiment/CompilerOptimization/Result/tengine/dg/dg-LLVM14-O2-g/high_precision_20260325_125828/log/dda_fi.dot.stderr.log
dda_fi,DDA,ssa+fi,dot,"ShuffleVector instruction is not supported, loosing precision",/home/jimi/PaperExperiment/CompilerOptimization/Result/tengine/dg/dg-LLVM14-O2-g/high_precision_20260325_125828/log/dda_fi.dot.stderr.log
dda_fi,DDA,ssa+fi,dot,"ShuffleVector instruction is not supported, loosing precision",/home/jimi/PaperExperiment/CompilerOptimization/Result/tengine/dg/dg-LLVM14-O2-g/high_precision_20260325_125828/log/dda_fi.dot.stderr.log
dda_fi,DDA,ssa+fi,dot,"ShuffleVector instruction is not supported, loosing precision",/home/jimi/PaperExperiment/CompilerOptimization/Result/tengine/dg/dg-LLVM14-O2-g/high_precision_20260325_125828/log/dda_fi.dot.stderr.log
dda_fi,DDA,ssa+fi,dot,"ShuffleVector instruction is not supported, loosing precision",/home/jimi/PaperExperiment/CompilerOptimization/Result/tengine/dg/dg-LLVM14-O2-g/high_precision_20260325_125828/log/dda_fi.dot.stderr.log
dda_fi,DDA,ssa+fi,dot,"ShuffleVector instruction is not supported, loosing precision",/home/jimi/PaperExperiment/CompilerOptimization/Result/tengine/dg/dg-LLVM14-O2-g/high_precision_20260325_125828/log/dda_fi.dot.stderr.log
dda_fi,DDA,ssa+fi,dot,"ShuffleVector instruction is not supported, loosing precision",/home/jimi/PaperExperiment/CompilerOptimization/Result/tengine/dg/dg-LLVM14-O2-g/high_precision_20260325_125828/log/dda_fi.dot.stderr.log
dda_fi,DDA,ssa+fi,dot,"ShuffleVector instruction is not supported, loosing precision",/home/jimi/PaperExperiment/CompilerOptimization/Result/tengine/dg/dg-LLVM14-O2-g/high_precision_20260325_125828/log/dda_fi.dot.stderr.log
dda_fi,DDA,ssa+fi,dot,"ShuffleVector instruction is not supported, loosing precision",/home/jimi/PaperExperiment/CompilerOptimization/Result/tengine/dg/dg-LLVM14-O2-g/high_precision_20260325_125828/log/dda_fi.dot.stderr.log
dda_fi,DDA,ssa+fi,dot,"ShuffleVector instruction is not supported, loosing precision",/home/jimi/PaperExperiment/CompilerOptimization/Result/tengine/dg/dg-LLVM14-O2-g/high_precision_20260325_125828/log/dda_fi.dot.stderr.log
dda_fi,DDA,ssa+fi,dot,"ShuffleVector instruction is not supported, loosing precision",/home/jimi/PaperExperiment/CompilerOptimization/Result/tengine/dg/dg-LLVM14-O2-g/high_precision_20260325_125828/log/dda_fi.dot.stderr.log
dda_fi,DDA,ssa+fi,dot,"ShuffleVector instruction is not supported, loosing precision",/home/jimi/PaperExperiment/CompilerOptimization/Result/tengine/dg/dg-LLVM14-O2-g/high_precision_20260325_125828/log/dda_fi.dot.stderr.log
dda_fi,DDA,ssa+fi,dot,"ShuffleVector instruction is not supported, loosing precision",/home/jimi/PaperExperiment/CompilerOptimization/Result/tengine/dg/dg-LLVM14-O2-g/high_precision_20260325_125828/log/dda_fi.dot.stderr.log
dda_fi,DDA,ssa+fi,dot,"ShuffleVector instruction is not supported, loosing precision",/home/jimi/PaperExperiment/CompilerOptimization/Result/tengine/dg/dg-LLVM14-O2-g/high_precision_20260325_125828/log/dda_fi.dot.stderr.log
dda_fi,DDA,ssa+fi,dot,"ShuffleVector instruction is not supported, loosing precision",/home/jimi/PaperExperiment/CompilerOptimization/Result/tengine/dg/dg-LLVM14-O2-g/high_precision_20260325_125828/log/dda_fi.dot.stderr.log
dda_fi,DDA,ssa+fi,dot,"ShuffleVector instruction is not supported, loosing precision",/home/jimi/PaperExperiment/CompilerOptimization/Result/tengine/dg/dg-LLVM14-O2-g/high_precision_20260325_125828/log/dda_fi.dot.stderr.log
dda_fi,DDA,ssa+fi,dot,"ShuffleVector instruction is not supported, loosing precision",/home/jimi/PaperExperiment/CompilerOptimization/Result/tengine/dg/dg-LLVM14-O2-g/high_precision_20260325_125828/log/dda_fi.dot.stderr.log
dda_fi,DDA,ssa+fi,dot,"ShuffleVector instruction is not supported, loosing precision",/home/jimi/PaperExperiment/CompilerOptimization/Result/tengine/dg/dg-LLVM14-O2-g/high_precision_20260325_125828/log/dda_fi.dot.stderr.log
dda_fi,DDA,ssa+fi,dot,"ShuffleVector instruction is not supported, loosing precision",/home/jimi/PaperExperiment/CompilerOptimization/Result/tengine/dg/dg-LLVM14-O2-g/high_precision_20260325_125828/log/dda_fi.dot.stderr.log
dda_fi,DDA,ssa+fi,dot,"ShuffleVector instruction is not supported, loosing precision",/home/jimi/PaperExperiment/CompilerOptimization/Result/tengine/dg/dg-LLVM14-O2-g/high_precision_20260325_125828/log/dda_fi.dot.stderr.log
dda_fi,DDA,ssa+fi,dot,"ShuffleVector instruction is not supported, loosing precision",/home/jimi/PaperExperiment/CompilerOptimization/Result/tengine/dg/dg-LLVM14-O2-g/high_precision_20260325_125828/log/dda_fi.dot.stderr.log
dda_fi,DDA,ssa+fi,dot,"ShuffleVector instruction is not supported, loosing precision",/home/jimi/PaperExperiment/CompilerOptimization/Result/tengine/dg/dg-LLVM14-O2-g/high_precision_20260325_125828/log/dda_fi.dot.stderr.log
dda_fi,DDA,ssa+fi,dot,"ShuffleVector instruction is not supported, loosing precision",/home/jimi/PaperExperiment/CompilerOptimization/Result/tengine/dg/dg-LLVM14-O2-g/high_precision_20260325_125828/log/dda_fi.dot.stderr.log
dda_fi,DDA,ssa+fi,dot,"ShuffleVector instruction is not supported, loosing precision",/home/jimi/PaperExperiment/CompilerOptimization/Result/tengine/dg/dg-LLVM14-O2-g/high_precision_20260325_125828/log/dda_fi.dot.stderr.log
dda_fi,DDA,ssa+fi,dot,"ShuffleVector instruction is not supported, loosing precision",/home/jimi/PaperExperiment/CompilerOptimization/Result/tengine/dg/dg-LLVM14-O2-g/high_precision_20260325_125828/log/dda_fi.dot.stderr.log
dda_fi,DDA,ssa+fi,dot,"ShuffleVector instruction is not supported, loosing precision",/home/jimi/PaperExperiment/CompilerOptimization/Result/tengine/dg/dg-LLVM14-O2-g/high_precision_20260325_125828/log/dda_fi.dot.stderr.log
dda_fi,DDA,ssa+fi,dot,"ShuffleVector instruction is not supported, loosing precision",/home/jimi/PaperExperiment/CompilerOptimization/Result/tengine/dg/dg-LLVM14-O2-g/high_precision_20260325_125828/log/dda_fi.dot.stderr.log
dda_fi,DDA,ssa+fi,dot,"ShuffleVector instruction is not supported, loosing precision",/home/jimi/PaperExperiment/CompilerOptimization/Result/tengine/dg/dg-LLVM14-O2-g/high_precision_20260325_125828/log/dda_fi.dot.stderr.log
dda_fi,DDA,ssa+fi,dot,"ShuffleVector instruction is not supported, loosing precision",/home/jimi/PaperExperiment/CompilerOptimization/Result/tengine/dg/dg-LLVM14-O2-g/high_precision_20260325_125828/log/dda_fi.dot.stderr.log
dda_fi,DDA,ssa+fi,dot,"ShuffleVector instruction is not supported, loosing precision",/home/jimi/PaperExperiment/CompilerOptimization/Result/tengine/dg/dg-LLVM14-O2-g/high_precision_20260325_125828/log/dda_fi.dot.stderr.log
dda_fi,DDA,ssa+fi,dot,"ShuffleVector instruction is not supported, loosing precision",/home/jimi/PaperExperiment/CompilerOptimization/Result/tengine/dg/dg-LLVM14-O2-g/high_precision_20260325_125828/log/dda_fi.dot.stderr.log
dda_fi,DDA,ssa+fi,dot,"ShuffleVector instruction is not supported, loosing precision",/home/jimi/PaperExperiment/CompilerOptimization/Result/tengine/dg/dg-LLVM14-O2-g/high_precision_20260325_125828/log/dda_fi.dot.stderr.log
dda_fi,DDA,ssa+fi,dot,"ShuffleVector instruction is not supported, loosing precision",/home/jimi/PaperExperiment/CompilerOptimization/Result/tengine/dg/dg-LLVM14-O2-g/high_precision_20260325_125828/log/dda_fi.dot.stderr.log
dda_fi,DDA,ssa+fi,dot,"ShuffleVector instruction is not supported, loosing precision",/home/jimi/PaperExperiment/CompilerOptimization/Result/tengine/dg/dg-LLVM14-O2-g/high_precision_20260325_125828/log/dda_fi.dot.stderr.log
dda_fi,DDA,ssa+fi,dot,"ShuffleVector instruction is not supported, loosing precision",/home/jimi/PaperExperiment/CompilerOptimization/Result/tengine/dg/dg-LLVM14-O2-g/high_precision_20260325_125828/log/dda_fi.dot.stderr.log
dda_fi,DDA,ssa+fi,dot,"ShuffleVector instruction is not supported, loosing precision",/home/jimi/PaperExperiment/CompilerOptimization/Result/tengine/dg/dg-LLVM14-O2-g/high_precision_20260325_125828/log/dda_fi.dot.stderr.log
dda_fi,DDA,ssa+fi,dot,"ShuffleVector instruction is not supported, loosing precision",/home/jimi/PaperExperiment/CompilerOptimization/Result/tengine/dg/dg-LLVM14-O2-g/high_precision_20260325_125828/log/dda_fi.dot.stderr.log
dda_fi,DDA,ssa+fi,dot,"ShuffleVector instruction is not supported, loosing precision",/home/jimi/PaperExperiment/CompilerOptimization/Result/tengine/dg/dg-LLVM14-O2-g/high_precision_20260325_125828/log/dda_fi.dot.stderr.log
dda_fi,DDA,ssa+fi,dot,"ShuffleVector instruction is not supported, loosing precision",/home/jimi/PaperExperiment/CompilerOptimization/Result/tengine/dg/dg-LLVM14-O2-g/high_precision_20260325_125828/log/dda_fi.dot.stderr.log
dda_fi,DDA,ssa+fi,dot,"ShuffleVector instruction is not supported, loosing precision",/home/jimi/PaperExperiment/CompilerOptimization/Result/tengine/dg/dg-LLVM14-O2-g/high_precision_20260325_125828/log/dda_fi.dot.stderr.log
dda_fi,DDA,ssa+fi,dot,"ShuffleVector instruction is not supported, loosing precision",/home/jimi/PaperExperiment/CompilerOptimization/Result/tengine/dg/dg-LLVM14-O2-g/high_precision_20260325_125828/log/dda_fi.dot.stderr.log
dda_fi,DDA,ssa+fi,dot,"ShuffleVector instruction is not supported, loosing precision",/home/jimi/PaperExperiment/CompilerOptimization/Result/tengine/dg/dg-LLVM14-O2-g/high_precision_20260325_125828/log/dda_fi.dot.stderr.log
dda_fi,DDA,ssa+fi,dot,"ShuffleVector instruction is not supported, loosing precision",/home/jimi/PaperExperiment/CompilerOptimization/Result/tengine/dg/dg-LLVM14-O2-g/high_precision_20260325_125828/log/dda_fi.dot.stderr.log
dda_fi,DDA,ssa+fi,dot,"ShuffleVector instruction is not supported, loosing precision",/home/jimi/PaperExperiment/CompilerOptimization/Result/tengine/dg/dg-LLVM14-O2-g/high_precision_20260325_125828/log/dda_fi.dot.stderr.log
dda_fi,DDA,ssa+fi,dot,"ShuffleVector instruction is not supported, loosing precision",/home/jimi/PaperExperiment/CompilerOptimization/Result/tengine/dg/dg-LLVM14-O2-g/high_precision_20260325_125828/log/dda_fi.dot.stderr.log
dda_fi,DDA,ssa+fi,dot,"ShuffleVector instruction is not supported, loosing precision",/home/jimi/PaperExperiment/CompilerOptimization/Result/tengine/dg/dg-LLVM14-O2-g/high_precision_20260325_125828/log/dda_fi.dot.stderr.log
dda_fi,DDA,ssa+fi,dot,"ShuffleVector instruction is not supported, loosing precision",/home/jimi/PaperExperiment/CompilerOptimization/Result/tengine/dg/dg-LLVM14-O2-g/high_precision_20260325_125828/log/dda_fi.dot.stderr.log
dda_fi,DDA,ssa+fi,dot,"ShuffleVector instruction is not supported, loosing precision",/home/jimi/PaperExperiment/CompilerOptimization/Result/tengine/dg/dg-LLVM14-O2-g/high_precision_20260325_125828/log/dda_fi.dot.stderr.log
dda_fi,DDA,ssa+fi,dot,"ShuffleVector instruction is not supported, loosing precision",/home/jimi/PaperExperiment/CompilerOptimization/Result/tengine/dg/dg-LLVM14-O2-g/high_precision_20260325_125828/log/dda_fi.dot.stderr.log
dda_fi,DDA,ssa+fi,dot,"ShuffleVector instruction is not supported, loosing precision",/home/jimi/PaperExperiment/CompilerOptimization/Result/tengine/dg/dg-LLVM14-O2-g/high_precision_20260325_125828/log/dda_fi.dot.stderr.log
dda_fi,DDA,ssa+fi,dot,"ShuffleVector instruction is not supported, loosing precision",/home/jimi/PaperExperiment/CompilerOptimization/Result/tengine/dg/dg-LLVM14-O2-g/high_precision_20260325_125828/log/dda_fi.dot.stderr.log
dda_fi,DDA,ssa+fi,dot,"ShuffleVector instruction is not supported, loosing precision",/home/jimi/PaperExperiment/CompilerOptimization/Result/tengine/dg/dg-LLVM14-O2-g/high_precision_20260325_125828/log/dda_fi.dot.stderr.log
dda_fi,DDA,ssa+fi,dot,"ShuffleVector instruction is not supported, loosing precision",/home/jimi/PaperExperiment/CompilerOptimization/Result/tengine/dg/dg-LLVM14-O2-g/high_precision_20260325_125828/log/dda_fi.dot.stderr.log
dda_fi,DDA,ssa+fi,dot,"ShuffleVector instruction is not supported, loosing precision",/home/jimi/PaperExperiment/CompilerOptimization/Result/tengine/dg/dg-LLVM14-O2-g/high_precision_20260325_125828/log/dda_fi.dot.stderr.log
dda_fi,DDA,ssa+fi,dot,"ShuffleVector instruction is not supported, loosing precision",/home/jimi/PaperExperiment/CompilerOptimization/Result/tengine/dg/dg-LLVM14-O2-g/high_precision_20260325_125828/log/dda_fi.dot.stderr.log
dda_fi,DDA,ssa+fi,dot,"ShuffleVector instruction is not supported, loosing precision",/home/jimi/PaperExperiment/CompilerOptimization/Result/tengine/dg/dg-LLVM14-O2-g/high_precision_20260325_125828/log/dda_fi.dot.stderr.log
dda_fi,DDA,ssa+fi,dot,"ShuffleVector instruction is not supported, loosing precision",/home/jimi/PaperExperiment/CompilerOptimization/Result/tengine/dg/dg-LLVM14-O2-g/high_precision_20260325_125828/log/dda_fi.dot.stderr.log
dda_fi,DDA,ssa+fi,dot,"ShuffleVector instruction is not supported, loosing precision",/home/jimi/PaperExperiment/CompilerOptimization/Result/tengine/dg/dg-LLVM14-O2-g/high_precision_20260325_125828/log/dda_fi.dot.stderr.log
dda_fi,DDA,ssa+fi,dot,"ShuffleVector instruction is not supported, loosing precision",/home/jimi/PaperExperiment/CompilerOptimization/Result/tengine/dg/dg-LLVM14-O2-g/high_precision_20260325_125828/log/dda_fi.dot.stderr.log
dda_fi,DDA,ssa+fi,dot,"ShuffleVector instruction is not supported, loosing precision",/home/jimi/PaperExperiment/CompilerOptimization/Result/tengine/dg/dg-LLVM14-O2-g/high_precision_20260325_125828/log/dda_fi.dot.stderr.log
dda_fi,DDA,ssa+fi,dot,"ShuffleVector instruction is not supported, loosing precision",/home/jimi/PaperExperiment/CompilerOptimization/Result/tengine/dg/dg-LLVM14-O2-g/high_precision_20260325_125828/log/dda_fi.dot.stderr.log
dda_fi,DDA,ssa+fi,dot,"ShuffleVector instruction is not supported, loosing precision",/home/jimi/PaperExperiment/CompilerOptimization/Result/tengine/dg/dg-LLVM14-O2-g/high_precision_20260325_125828/log/dda_fi.dot.stderr.log
dda_fi,DDA,ssa+fi,dot,"ShuffleVector instruction is not supported, loosing precision",/home/jimi/PaperExperiment/CompilerOptimization/Result/tengine/dg/dg-LLVM14-O2-g/high_precision_20260325_125828/log/dda_fi.dot.stderr.log
dda_fi,DDA,ssa+fi,dot,"ShuffleVector instruction is not supported, loosing precision",/home/jimi/PaperExperiment/CompilerOptimization/Result/tengine/dg/dg-LLVM14-O2-g/high_precision_20260325_125828/log/dda_fi.dot.stderr.log
dda_fi,DDA,ssa+fi,dot,"ShuffleVector instruction is not supported, loosing precision",/home/jimi/PaperExperiment/CompilerOptimization/Result/tengine/dg/dg-LLVM14-O2-g/high_precision_20260325_125828/log/dda_fi.dot.stderr.log
dda_fi,DDA,ssa+fi,dot,"ShuffleVector instruction is not supported, loosing precision",/home/jimi/PaperExperiment/CompilerOptimization/Result/tengine/dg/dg-LLVM14-O2-g/high_precision_20260325_125828/log/dda_fi.dot.stderr.log
dda_fi,DDA,ssa+fi,dot,"ShuffleVector instruction is not supported, loosing precision",/home/jimi/PaperExperiment/CompilerOptimization/Result/tengine/dg/dg-LLVM14-O2-g/high_precision_20260325_125828/log/dda_fi.dot.stderr.log
dda_fi,DDA,ssa+fi,dot,"ShuffleVector instruction is not supported, loosing precision",/home/jimi/PaperExperiment/CompilerOptimization/Result/tengine/dg/dg-LLVM14-O2-g/high_precision_20260325_125828/log/dda_fi.dot.stderr.log
dda_fi,DDA,ssa+fi,dot,"ShuffleVector instruction is not supported, loosing precision",/home/jimi/PaperExperiment/CompilerOptimization/Result/tengine/dg/dg-LLVM14-O2-g/high_precision_20260325_125828/log/dda_fi.dot.stderr.log
dda_fi,DDA,ssa+fi,dot,"ShuffleVector instruction is not supported, loosing precision",/home/jimi/PaperExperiment/CompilerOptimization/Result/tengine/dg/dg-LLVM14-O2-g/high_precision_20260325_125828/log/dda_fi.dot.stderr.log
dda_fi,DDA,ssa+fi,dot,"ShuffleVector instruction is not supported, loosing precision",/home/jimi/PaperExperiment/CompilerOptimization/Result/tengine/dg/dg-LLVM14-O2-g/high_precision_20260325_125828/log/dda_fi.dot.stderr.log
dda_fi,DDA,ssa+fi,dot,"ShuffleVector instruction is not supported, loosing precision",/home/jimi/PaperExperiment/CompilerOptimization/Result/tengine/dg/dg-LLVM14-O2-g/high_precision_20260325_125828/log/dda_fi.dot.stderr.log
dda_fi,DDA,ssa+fi,dot,"ShuffleVector instruction is not supported, loosing precision",/home/jimi/PaperExperiment/CompilerOptimization/Result/tengine/dg/dg-LLVM14-O2-g/high_precision_20260325_125828/log/dda_fi.dot.stderr.log
dda_fi,DDA,ssa+fi,dot,"ShuffleVector instruction is not supported, loosing precision",/home/jimi/PaperExperiment/CompilerOptimization/Result/tengine/dg/dg-LLVM14-O2-g/high_precision_20260325_125828/log/dda_fi.dot.stderr.log
dda_fi,DDA,ssa+fi,dot,"ShuffleVector instruction is not supported, loosing precision",/home/jimi/PaperExperiment/CompilerOptimization/Result/tengine/dg/dg-LLVM14-O2-g/high_precision_20260325_125828/log/dda_fi.dot.stderr.log
dda_fs,DDA,ssa+fs,lines,"WARNING: Non-0 memset:   tail call void @llvm.memset.p0i8.i64(i8* noundef nonnull align 4 dereferenceable(512) %70, i8 -1, i64 512, i1 false), !dbg !950",/home/jimi/PaperExperiment/CompilerOptimization/Result/tengine/dg/dg-LLVM14-O2-g/high_precision_20260325_125828/log/dda_fs.lines.stderr.log
dda_fs,DDA,ssa+fs,lines,"WARNING: Non-0 memset:   call void @llvm.memset.p0i8.i64(i8* noundef nonnull align 1 dereferenceable(1) %134, i8 %132, i64 %135, i1 false), !dbg !964, !tbaa !889",/home/jimi/PaperExperiment/CompilerOptimization/Result/tengine/dg/dg-LLVM14-O2-g/high_precision_20260325_125828/log/dda_fs.lines.stderr.log
dda_fs,DDA,ssa+fs,lines,"WARNING: Non-0 memset:   call void @llvm.memset.p0i8.i64(i8* noundef nonnull align 1 dereferenceable(1) %94, i8 %92, i64 %95, i1 false), !dbg !964, !tbaa !889",/home/jimi/PaperExperiment/CompilerOptimization/Result/tengine/dg/dg-LLVM14-O2-g/high_precision_20260325_125828/log/dda_fs.lines.stderr.log
dda_fs,DDA,ssa+fs,lines,"WARNING: Non-0 memset:   call void @llvm.memset.p0i8.i64(i8* noundef nonnull align 1 dereferenceable(1) %111, i8 %109, i64 %112, i1 false), !dbg !964, !tbaa !889",/home/jimi/PaperExperiment/CompilerOptimization/Result/tengine/dg/dg-LLVM14-O2-g/high_precision_20260325_125828/log/dda_fs.lines.stderr.log
dda_fs,DDA,ssa+fs,lines,"WARNING: Non-0 memset:   tail call void @llvm.memset.p0i8.i64(i8* align 1 %696, i8 %703, i64 %704, i1 false) #30, !dbg !1675, !tbaa !921",/home/jimi/PaperExperiment/CompilerOptimization/Result/tengine/dg/dg-LLVM14-O2-g/high_precision_20260325_125828/log/dda_fs.lines.stderr.log
dda_fs,DDA,ssa+fs,lines,"WARNING: Non-0 memset:   call void @llvm.memset.p0i8.i64(i8* nonnull align 1 %506, i8 %501, i64 %507, i1 false) #30, !dbg !1430",/home/jimi/PaperExperiment/CompilerOptimization/Result/tengine/dg/dg-LLVM14-O2-g/high_precision_20260325_125828/log/dda_fs.lines.stderr.log
dda_fs,DDA,ssa+fs,lines,"ShuffleVector instruction is not supported, loosing precision",/home/jimi/PaperExperiment/CompilerOptimization/Result/tengine/dg/dg-LLVM14-O2-g/high_precision_20260325_125828/log/dda_fs.lines.stderr.log
dda_fs,DDA,ssa+fs,lines,"ShuffleVector instruction is not supported, loosing precision",/home/jimi/PaperExperiment/CompilerOptimization/Result/tengine/dg/dg-LLVM14-O2-g/high_precision_20260325_125828/log/dda_fs.lines.stderr.log
dda_fs,DDA,ssa+fs,lines,"ShuffleVector instruction is not supported, loosing precision",/home/jimi/PaperExperiment/CompilerOptimization/Result/tengine/dg/dg-LLVM14-O2-g/high_precision_20260325_125828/log/dda_fs.lines.stderr.log
dda_fs,DDA,ssa+fs,lines,"ShuffleVector instruction is not supported, loosing precision",/home/jimi/PaperExperiment/CompilerOptimization/Result/tengine/dg/dg-LLVM14-O2-g/high_precision_20260325_125828/log/dda_fs.lines.stderr.log
dda_fs,DDA,ssa+fs,lines,"ShuffleVector instruction is not supported, loosing precision",/home/jimi/PaperExperiment/CompilerOptimization/Result/tengine/dg/dg-LLVM14-O2-g/high_precision_20260325_125828/log/dda_fs.lines.stderr.log
dda_fs,DDA,ssa+fs,lines,"ShuffleVector instruction is not supported, loosing precision",/home/jimi/PaperExperiment/CompilerOptimization/Result/tengine/dg/dg-LLVM14-O2-g/high_precision_20260325_125828/log/dda_fs.lines.stderr.log
dda_fs,DDA,ssa+fs,lines,"ShuffleVector instruction is not supported, loosing precision",/home/jimi/PaperExperiment/CompilerOptimization/Result/tengine/dg/dg-LLVM14-O2-g/high_precision_20260325_125828/log/dda_fs.lines.stderr.log
dda_fs,DDA,ssa+fs,lines,"ShuffleVector instruction is not supported, loosing precision",/home/jimi/PaperExperiment/CompilerOptimization/Result/tengine/dg/dg-LLVM14-O2-g/high_precision_20260325_125828/log/dda_fs.lines.stderr.log
dda_fs,DDA,ssa+fs,lines,"ShuffleVector instruction is not supported, loosing precision",/home/jimi/PaperExperiment/CompilerOptimization/Result/tengine/dg/dg-LLVM14-O2-g/high_precision_20260325_125828/log/dda_fs.lines.stderr.log
dda_fs,DDA,ssa+fs,lines,"ShuffleVector instruction is not supported, loosing precision",/home/jimi/PaperExperiment/CompilerOptimization/Result/tengine/dg/dg-LLVM14-O2-g/high_precision_20260325_125828/log/dda_fs.lines.stderr.log
dda_fs,DDA,ssa+fs,lines,"ShuffleVector instruction is not supported, loosing precision",/home/jimi/PaperExperiment/CompilerOptimization/Result/tengine/dg/dg-LLVM14-O2-g/high_precision_20260325_125828/log/dda_fs.lines.stderr.log
dda_fs,DDA,ssa+fs,lines,"ShuffleVector instruction is not supported, loosing precision",/home/jimi/PaperExperiment/CompilerOptimization/Result/tengine/dg/dg-LLVM14-O2-g/high_precision_20260325_125828/log/dda_fs.lines.stderr.log
dda_fs,DDA,ssa+fs,lines,"ShuffleVector instruction is not supported, loosing precision",/home/jimi/PaperExperiment/CompilerOptimization/Result/tengine/dg/dg-LLVM14-O2-g/high_precision_20260325_125828/log/dda_fs.lines.stderr.log
dda_fs,DDA,ssa+fs,lines,"ShuffleVector instruction is not supported, loosing precision",/home/jimi/PaperExperiment/CompilerOptimization/Result/tengine/dg/dg-LLVM14-O2-g/high_precision_20260325_125828/log/dda_fs.lines.stderr.log
dda_fs,DDA,ssa+fs,lines,"ShuffleVector instruction is not supported, loosing precision",/home/jimi/PaperExperiment/CompilerOptimization/Result/tengine/dg/dg-LLVM14-O2-g/high_precision_20260325_125828/log/dda_fs.lines.stderr.log
dda_fs,DDA,ssa+fs,lines,"ShuffleVector instruction is not supported, loosing precision",/home/jimi/PaperExperiment/CompilerOptimization/Result/tengine/dg/dg-LLVM14-O2-g/high_precision_20260325_125828/log/dda_fs.lines.stderr.log
dda_fs,DDA,ssa+fs,lines,"ShuffleVector instruction is not supported, loosing precision",/home/jimi/PaperExperiment/CompilerOptimization/Result/tengine/dg/dg-LLVM14-O2-g/high_precision_20260325_125828/log/dda_fs.lines.stderr.log
dda_fs,DDA,ssa+fs,lines,"ShuffleVector instruction is not supported, loosing precision",/home/jimi/PaperExperiment/CompilerOptimization/Result/tengine/dg/dg-LLVM14-O2-g/high_precision_20260325_125828/log/dda_fs.lines.stderr.log
dda_fs,DDA,ssa+fs,lines,"ShuffleVector instruction is not supported, loosing precision",/home/jimi/PaperExperiment/CompilerOptimization/Result/tengine/dg/dg-LLVM14-O2-g/high_precision_20260325_125828/log/dda_fs.lines.stderr.log
dda_fs,DDA,ssa+fs,lines,"ShuffleVector instruction is not supported, loosing precision",/home/jimi/PaperExperiment/CompilerOptimization/Result/tengine/dg/dg-LLVM14-O2-g/high_precision_20260325_125828/log/dda_fs.lines.stderr.log
dda_fs,DDA,ssa+fs,lines,"ShuffleVector instruction is not supported, loosing precision",/home/jimi/PaperExperiment/CompilerOptimization/Result/tengine/dg/dg-LLVM14-O2-g/high_precision_20260325_125828/log/dda_fs.lines.stderr.log
dda_fs,DDA,ssa+fs,lines,"ShuffleVector instruction is not supported, loosing precision",/home/jimi/PaperExperiment/CompilerOptimization/Result/tengine/dg/dg-LLVM14-O2-g/high_precision_20260325_125828/log/dda_fs.lines.stderr.log
dda_fs,DDA,ssa+fs,lines,"ShuffleVector instruction is not supported, loosing precision",/home/jimi/PaperExperiment/CompilerOptimization/Result/tengine/dg/dg-LLVM14-O2-g/high_precision_20260325_125828/log/dda_fs.lines.stderr.log
dda_fs,DDA,ssa+fs,lines,"ShuffleVector instruction is not supported, loosing precision",/home/jimi/PaperExperiment/CompilerOptimization/Result/tengine/dg/dg-LLVM14-O2-g/high_precision_20260325_125828/log/dda_fs.lines.stderr.log
dda_fs,DDA,ssa+fs,lines,"ShuffleVector instruction is not supported, loosing precision",/home/jimi/PaperExperiment/CompilerOptimization/Result/tengine/dg/dg-LLVM14-O2-g/high_precision_20260325_125828/log/dda_fs.lines.stderr.log
dda_fs,DDA,ssa+fs,lines,"ShuffleVector instruction is not supported, loosing precision",/home/jimi/PaperExperiment/CompilerOptimization/Result/tengine/dg/dg-LLVM14-O2-g/high_precision_20260325_125828/log/dda_fs.lines.stderr.log
dda_fs,DDA,ssa+fs,lines,"ShuffleVector instruction is not supported, loosing precision",/home/jimi/PaperExperiment/CompilerOptimization/Result/tengine/dg/dg-LLVM14-O2-g/high_precision_20260325_125828/log/dda_fs.lines.stderr.log
dda_fs,DDA,ssa+fs,lines,"ShuffleVector instruction is not supported, loosing precision",/home/jimi/PaperExperiment/CompilerOptimization/Result/tengine/dg/dg-LLVM14-O2-g/high_precision_20260325_125828/log/dda_fs.lines.stderr.log
dda_fs,DDA,ssa+fs,lines,"ShuffleVector instruction is not supported, loosing precision",/home/jimi/PaperExperiment/CompilerOptimization/Result/tengine/dg/dg-LLVM14-O2-g/high_precision_20260325_125828/log/dda_fs.lines.stderr.log
dda_fs,DDA,ssa+fs,lines,"ShuffleVector instruction is not supported, loosing precision",/home/jimi/PaperExperiment/CompilerOptimization/Result/tengine/dg/dg-LLVM14-O2-g/high_precision_20260325_125828/log/dda_fs.lines.stderr.log
dda_fs,DDA,ssa+fs,lines,"ShuffleVector instruction is not supported, loosing precision",/home/jimi/PaperExperiment/CompilerOptimization/Result/tengine/dg/dg-LLVM14-O2-g/high_precision_20260325_125828/log/dda_fs.lines.stderr.log
dda_fs,DDA,ssa+fs,lines,"ShuffleVector instruction is not supported, loosing precision",/home/jimi/PaperExperiment/CompilerOptimization/Result/tengine/dg/dg-LLVM14-O2-g/high_precision_20260325_125828/log/dda_fs.lines.stderr.log
dda_fs,DDA,ssa+fs,lines,"ShuffleVector instruction is not supported, loosing precision",/home/jimi/PaperExperiment/CompilerOptimization/Result/tengine/dg/dg-LLVM14-O2-g/high_precision_20260325_125828/log/dda_fs.lines.stderr.log
dda_fs,DDA,ssa+fs,lines,"ShuffleVector instruction is not supported, loosing precision",/home/jimi/PaperExperiment/CompilerOptimization/Result/tengine/dg/dg-LLVM14-O2-g/high_precision_20260325_125828/log/dda_fs.lines.stderr.log
dda_fs,DDA,ssa+fs,lines,"ShuffleVector instruction is not supported, loosing precision",/home/jimi/PaperExperiment/CompilerOptimization/Result/tengine/dg/dg-LLVM14-O2-g/high_precision_20260325_125828/log/dda_fs.lines.stderr.log
dda_fs,DDA,ssa+fs,lines,"ShuffleVector instruction is not supported, loosing precision",/home/jimi/PaperExperiment/CompilerOptimization/Result/tengine/dg/dg-LLVM14-O2-g/high_precision_20260325_125828/log/dda_fs.lines.stderr.log
dda_fs,DDA,ssa+fs,lines,"WARNING: Non-0 memset:   tail call void @llvm.memset.p0i8.i64(i8* align 1 %301, i8 -1, i64 %304, i1 false), !dbg !1286",/home/jimi/PaperExperiment/CompilerOptimization/Result/tengine/dg/dg-LLVM14-O2-g/high_precision_20260325_125828/log/dda_fs.lines.stderr.log
dda_fs,DDA,ssa+fs,lines,IntToPtr with constant:   <badref> = inttoptr i64 1 to i8*,/home/jimi/PaperExperiment/CompilerOptimization/Result/tengine/dg/dg-LLVM14-O2-g/high_precision_20260325_125828/log/dda_fs.lines.stderr.log
dda_fs,DDA,ssa+fs,lines,"ShuffleVector instruction is not supported, loosing precision",/home/jimi/PaperExperiment/CompilerOptimization/Result/tengine/dg/dg-LLVM14-O2-g/high_precision_20260325_125828/log/dda_fs.lines.stderr.log
dda_fs,DDA,ssa+fs,lines,"ShuffleVector instruction is not supported, loosing precision",/home/jimi/PaperExperiment/CompilerOptimization/Result/tengine/dg/dg-LLVM14-O2-g/high_precision_20260325_125828/log/dda_fs.lines.stderr.log
dda_fs,DDA,ssa+fs,lines,"ShuffleVector instruction is not supported, loosing precision",/home/jimi/PaperExperiment/CompilerOptimization/Result/tengine/dg/dg-LLVM14-O2-g/high_precision_20260325_125828/log/dda_fs.lines.stderr.log
dda_fs,DDA,ssa+fs,lines,"ShuffleVector instruction is not supported, loosing precision",/home/jimi/PaperExperiment/CompilerOptimization/Result/tengine/dg/dg-LLVM14-O2-g/high_precision_20260325_125828/log/dda_fs.lines.stderr.log
dda_fs,DDA,ssa+fs,lines,"ShuffleVector instruction is not supported, loosing precision",/home/jimi/PaperExperiment/CompilerOptimization/Result/tengine/dg/dg-LLVM14-O2-g/high_precision_20260325_125828/log/dda_fs.lines.stderr.log
dda_fs,DDA,ssa+fs,lines,"ShuffleVector instruction is not supported, loosing precision",/home/jimi/PaperExperiment/CompilerOptimization/Result/tengine/dg/dg-LLVM14-O2-g/high_precision_20260325_125828/log/dda_fs.lines.stderr.log
dda_fs,DDA,ssa+fs,lines,"ShuffleVector instruction is not supported, loosing precision",/home/jimi/PaperExperiment/CompilerOptimization/Result/tengine/dg/dg-LLVM14-O2-g/high_precision_20260325_125828/log/dda_fs.lines.stderr.log
dda_fs,DDA,ssa+fs,lines,"ShuffleVector instruction is not supported, loosing precision",/home/jimi/PaperExperiment/CompilerOptimization/Result/tengine/dg/dg-LLVM14-O2-g/high_precision_20260325_125828/log/dda_fs.lines.stderr.log
dda_fs,DDA,ssa+fs,lines,"ShuffleVector instruction is not supported, loosing precision",/home/jimi/PaperExperiment/CompilerOptimization/Result/tengine/dg/dg-LLVM14-O2-g/high_precision_20260325_125828/log/dda_fs.lines.stderr.log
dda_fs,DDA,ssa+fs,lines,"ShuffleVector instruction is not supported, loosing precision",/home/jimi/PaperExperiment/CompilerOptimization/Result/tengine/dg/dg-LLVM14-O2-g/high_precision_20260325_125828/log/dda_fs.lines.stderr.log
dda_fs,DDA,ssa+fs,lines,"ShuffleVector instruction is not supported, loosing precision",/home/jimi/PaperExperiment/CompilerOptimization/Result/tengine/dg/dg-LLVM14-O2-g/high_precision_20260325_125828/log/dda_fs.lines.stderr.log
dda_fs,DDA,ssa+fs,lines,"ShuffleVector instruction is not supported, loosing precision",/home/jimi/PaperExperiment/CompilerOptimization/Result/tengine/dg/dg-LLVM14-O2-g/high_precision_20260325_125828/log/dda_fs.lines.stderr.log
dda_fs,DDA,ssa+fs,lines,"ShuffleVector instruction is not supported, loosing precision",/home/jimi/PaperExperiment/CompilerOptimization/Result/tengine/dg/dg-LLVM14-O2-g/high_precision_20260325_125828/log/dda_fs.lines.stderr.log
dda_fs,DDA,ssa+fs,lines,"ShuffleVector instruction is not supported, loosing precision",/home/jimi/PaperExperiment/CompilerOptimization/Result/tengine/dg/dg-LLVM14-O2-g/high_precision_20260325_125828/log/dda_fs.lines.stderr.log
dda_fs,DDA,ssa+fs,lines,"ShuffleVector instruction is not supported, loosing precision",/home/jimi/PaperExperiment/CompilerOptimization/Result/tengine/dg/dg-LLVM14-O2-g/high_precision_20260325_125828/log/dda_fs.lines.stderr.log
dda_fs,DDA,ssa+fs,lines,"ShuffleVector instruction is not supported, loosing precision",/home/jimi/PaperExperiment/CompilerOptimization/Result/tengine/dg/dg-LLVM14-O2-g/high_precision_20260325_125828/log/dda_fs.lines.stderr.log
dda_fs,DDA,ssa+fs,lines,"ShuffleVector instruction is not supported, loosing precision",/home/jimi/PaperExperiment/CompilerOptimization/Result/tengine/dg/dg-LLVM14-O2-g/high_precision_20260325_125828/log/dda_fs.lines.stderr.log
dda_fs,DDA,ssa+fs,lines,"ShuffleVector instruction is not supported, loosing precision",/home/jimi/PaperExperiment/CompilerOptimization/Result/tengine/dg/dg-LLVM14-O2-g/high_precision_20260325_125828/log/dda_fs.lines.stderr.log
dda_fs,DDA,ssa+fs,lines,"ShuffleVector instruction is not supported, loosing precision",/home/jimi/PaperExperiment/CompilerOptimization/Result/tengine/dg/dg-LLVM14-O2-g/high_precision_20260325_125828/log/dda_fs.lines.stderr.log
dda_fs,DDA,ssa+fs,lines,"ShuffleVector instruction is not supported, loosing precision",/home/jimi/PaperExperiment/CompilerOptimization/Result/tengine/dg/dg-LLVM14-O2-g/high_precision_20260325_125828/log/dda_fs.lines.stderr.log
dda_fs,DDA,ssa+fs,lines,"ShuffleVector instruction is not supported, loosing precision",/home/jimi/PaperExperiment/CompilerOptimization/Result/tengine/dg/dg-LLVM14-O2-g/high_precision_20260325_125828/log/dda_fs.lines.stderr.log
dda_fs,DDA,ssa+fs,lines,"ShuffleVector instruction is not supported, loosing precision",/home/jimi/PaperExperiment/CompilerOptimization/Result/tengine/dg/dg-LLVM14-O2-g/high_precision_20260325_125828/log/dda_fs.lines.stderr.log
dda_fs,DDA,ssa+fs,lines,"ShuffleVector instruction is not supported, loosing precision",/home/jimi/PaperExperiment/CompilerOptimization/Result/tengine/dg/dg-LLVM14-O2-g/high_precision_20260325_125828/log/dda_fs.lines.stderr.log
dda_fs,DDA,ssa+fs,lines,"ShuffleVector instruction is not supported, loosing precision",/home/jimi/PaperExperiment/CompilerOptimization/Result/tengine/dg/dg-LLVM14-O2-g/high_precision_20260325_125828/log/dda_fs.lines.stderr.log
dda_fs,DDA,ssa+fs,lines,"ShuffleVector instruction is not supported, loosing precision",/home/jimi/PaperExperiment/CompilerOptimization/Result/tengine/dg/dg-LLVM14-O2-g/high_precision_20260325_125828/log/dda_fs.lines.stderr.log
dda_fs,DDA,ssa+fs,lines,"ShuffleVector instruction is not supported, loosing precision",/home/jimi/PaperExperiment/CompilerOptimization/Result/tengine/dg/dg-LLVM14-O2-g/high_precision_20260325_125828/log/dda_fs.lines.stderr.log
dda_fs,DDA,ssa+fs,lines,"ShuffleVector instruction is not supported, loosing precision",/home/jimi/PaperExperiment/CompilerOptimization/Result/tengine/dg/dg-LLVM14-O2-g/high_precision_20260325_125828/log/dda_fs.lines.stderr.log
dda_fs,DDA,ssa+fs,lines,"ShuffleVector instruction is not supported, loosing precision",/home/jimi/PaperExperiment/CompilerOptimization/Result/tengine/dg/dg-LLVM14-O2-g/high_precision_20260325_125828/log/dda_fs.lines.stderr.log
dda_fs,DDA,ssa+fs,lines,"ShuffleVector instruction is not supported, loosing precision",/home/jimi/PaperExperiment/CompilerOptimization/Result/tengine/dg/dg-LLVM14-O2-g/high_precision_20260325_125828/log/dda_fs.lines.stderr.log
dda_fs,DDA,ssa+fs,lines,"ShuffleVector instruction is not supported, loosing precision",/home/jimi/PaperExperiment/CompilerOptimization/Result/tengine/dg/dg-LLVM14-O2-g/high_precision_20260325_125828/log/dda_fs.lines.stderr.log
dda_fs,DDA,ssa+fs,lines,"ShuffleVector instruction is not supported, loosing precision",/home/jimi/PaperExperiment/CompilerOptimization/Result/tengine/dg/dg-LLVM14-O2-g/high_precision_20260325_125828/log/dda_fs.lines.stderr.log
dda_fs,DDA,ssa+fs,lines,"ShuffleVector instruction is not supported, loosing precision",/home/jimi/PaperExperiment/CompilerOptimization/Result/tengine/dg/dg-LLVM14-O2-g/high_precision_20260325_125828/log/dda_fs.lines.stderr.log
dda_fs,DDA,ssa+fs,lines,"ShuffleVector instruction is not supported, loosing precision",/home/jimi/PaperExperiment/CompilerOptimization/Result/tengine/dg/dg-LLVM14-O2-g/high_precision_20260325_125828/log/dda_fs.lines.stderr.log
dda_fs,DDA,ssa+fs,lines,"ShuffleVector instruction is not supported, loosing precision",/home/jimi/PaperExperiment/CompilerOptimization/Result/tengine/dg/dg-LLVM14-O2-g/high_precision_20260325_125828/log/dda_fs.lines.stderr.log
dda_fs,DDA,ssa+fs,lines,"ShuffleVector instruction is not supported, loosing precision",/home/jimi/PaperExperiment/CompilerOptimization/Result/tengine/dg/dg-LLVM14-O2-g/high_precision_20260325_125828/log/dda_fs.lines.stderr.log
dda_fs,DDA,ssa+fs,lines,"ShuffleVector instruction is not supported, loosing precision",/home/jimi/PaperExperiment/CompilerOptimization/Result/tengine/dg/dg-LLVM14-O2-g/high_precision_20260325_125828/log/dda_fs.lines.stderr.log
dda_fs,DDA,ssa+fs,lines,"ShuffleVector instruction is not supported, loosing precision",/home/jimi/PaperExperiment/CompilerOptimization/Result/tengine/dg/dg-LLVM14-O2-g/high_precision_20260325_125828/log/dda_fs.lines.stderr.log
dda_fs,DDA,ssa+fs,lines,"ShuffleVector instruction is not supported, loosing precision",/home/jimi/PaperExperiment/CompilerOptimization/Result/tengine/dg/dg-LLVM14-O2-g/high_precision_20260325_125828/log/dda_fs.lines.stderr.log
dda_fs,DDA,ssa+fs,lines,"ShuffleVector instruction is not supported, loosing precision",/home/jimi/PaperExperiment/CompilerOptimization/Result/tengine/dg/dg-LLVM14-O2-g/high_precision_20260325_125828/log/dda_fs.lines.stderr.log
dda_fs,DDA,ssa+fs,lines,"ShuffleVector instruction is not supported, loosing precision",/home/jimi/PaperExperiment/CompilerOptimization/Result/tengine/dg/dg-LLVM14-O2-g/high_precision_20260325_125828/log/dda_fs.lines.stderr.log
dda_fs,DDA,ssa+fs,lines,"ShuffleVector instruction is not supported, loosing precision",/home/jimi/PaperExperiment/CompilerOptimization/Result/tengine/dg/dg-LLVM14-O2-g/high_precision_20260325_125828/log/dda_fs.lines.stderr.log
dda_fs,DDA,ssa+fs,lines,"ShuffleVector instruction is not supported, loosing precision",/home/jimi/PaperExperiment/CompilerOptimization/Result/tengine/dg/dg-LLVM14-O2-g/high_precision_20260325_125828/log/dda_fs.lines.stderr.log
dda_fs,DDA,ssa+fs,lines,"ShuffleVector instruction is not supported, loosing precision",/home/jimi/PaperExperiment/CompilerOptimization/Result/tengine/dg/dg-LLVM14-O2-g/high_precision_20260325_125828/log/dda_fs.lines.stderr.log
dda_fs,DDA,ssa+fs,lines,"ShuffleVector instruction is not supported, loosing precision",/home/jimi/PaperExperiment/CompilerOptimization/Result/tengine/dg/dg-LLVM14-O2-g/high_precision_20260325_125828/log/dda_fs.lines.stderr.log
dda_fs,DDA,ssa+fs,lines,"ShuffleVector instruction is not supported, loosing precision",/home/jimi/PaperExperiment/CompilerOptimization/Result/tengine/dg/dg-LLVM14-O2-g/high_precision_20260325_125828/log/dda_fs.lines.stderr.log
dda_fs,DDA,ssa+fs,lines,"ShuffleVector instruction is not supported, loosing precision",/home/jimi/PaperExperiment/CompilerOptimization/Result/tengine/dg/dg-LLVM14-O2-g/high_precision_20260325_125828/log/dda_fs.lines.stderr.log
dda_fs,DDA,ssa+fs,lines,"ShuffleVector instruction is not supported, loosing precision",/home/jimi/PaperExperiment/CompilerOptimization/Result/tengine/dg/dg-LLVM14-O2-g/high_precision_20260325_125828/log/dda_fs.lines.stderr.log
dda_fs,DDA,ssa+fs,lines,"ShuffleVector instruction is not supported, loosing precision",/home/jimi/PaperExperiment/CompilerOptimization/Result/tengine/dg/dg-LLVM14-O2-g/high_precision_20260325_125828/log/dda_fs.lines.stderr.log
dda_fs,DDA,ssa+fs,lines,"ShuffleVector instruction is not supported, loosing precision",/home/jimi/PaperExperiment/CompilerOptimization/Result/tengine/dg/dg-LLVM14-O2-g/high_precision_20260325_125828/log/dda_fs.lines.stderr.log
dda_fs,DDA,ssa+fs,lines,"ShuffleVector instruction is not supported, loosing precision",/home/jimi/PaperExperiment/CompilerOptimization/Result/tengine/dg/dg-LLVM14-O2-g/high_precision_20260325_125828/log/dda_fs.lines.stderr.log
dda_fs,DDA,ssa+fs,lines,"ShuffleVector instruction is not supported, loosing precision",/home/jimi/PaperExperiment/CompilerOptimization/Result/tengine/dg/dg-LLVM14-O2-g/high_precision_20260325_125828/log/dda_fs.lines.stderr.log
dda_fs,DDA,ssa+fs,lines,"ShuffleVector instruction is not supported, loosing precision",/home/jimi/PaperExperiment/CompilerOptimization/Result/tengine/dg/dg-LLVM14-O2-g/high_precision_20260325_125828/log/dda_fs.lines.stderr.log
dda_fs,DDA,ssa+fs,lines,"ShuffleVector instruction is not supported, loosing precision",/home/jimi/PaperExperiment/CompilerOptimization/Result/tengine/dg/dg-LLVM14-O2-g/high_precision_20260325_125828/log/dda_fs.lines.stderr.log
dda_fs,DDA,ssa+fs,lines,"ShuffleVector instruction is not supported, loosing precision",/home/jimi/PaperExperiment/CompilerOptimization/Result/tengine/dg/dg-LLVM14-O2-g/high_precision_20260325_125828/log/dda_fs.lines.stderr.log
dda_fs,DDA,ssa+fs,lines,"ShuffleVector instruction is not supported, loosing precision",/home/jimi/PaperExperiment/CompilerOptimization/Result/tengine/dg/dg-LLVM14-O2-g/high_precision_20260325_125828/log/dda_fs.lines.stderr.log
dda_fs,DDA,ssa+fs,lines,"ShuffleVector instruction is not supported, loosing precision",/home/jimi/PaperExperiment/CompilerOptimization/Result/tengine/dg/dg-LLVM14-O2-g/high_precision_20260325_125828/log/dda_fs.lines.stderr.log
dda_fs,DDA,ssa+fs,lines,"ShuffleVector instruction is not supported, loosing precision",/home/jimi/PaperExperiment/CompilerOptimization/Result/tengine/dg/dg-LLVM14-O2-g/high_precision_20260325_125828/log/dda_fs.lines.stderr.log
dda_fs,DDA,ssa+fs,lines,"ShuffleVector instruction is not supported, loosing precision",/home/jimi/PaperExperiment/CompilerOptimization/Result/tengine/dg/dg-LLVM14-O2-g/high_precision_20260325_125828/log/dda_fs.lines.stderr.log
dda_fs,DDA,ssa+fs,lines,"ShuffleVector instruction is not supported, loosing precision",/home/jimi/PaperExperiment/CompilerOptimization/Result/tengine/dg/dg-LLVM14-O2-g/high_precision_20260325_125828/log/dda_fs.lines.stderr.log
dda_fs,DDA,ssa+fs,lines,"ShuffleVector instruction is not supported, loosing precision",/home/jimi/PaperExperiment/CompilerOptimization/Result/tengine/dg/dg-LLVM14-O2-g/high_precision_20260325_125828/log/dda_fs.lines.stderr.log
dda_fs,DDA,ssa+fs,lines,"ShuffleVector instruction is not supported, loosing precision",/home/jimi/PaperExperiment/CompilerOptimization/Result/tengine/dg/dg-LLVM14-O2-g/high_precision_20260325_125828/log/dda_fs.lines.stderr.log
dda_fs,DDA,ssa+fs,lines,"ShuffleVector instruction is not supported, loosing precision",/home/jimi/PaperExperiment/CompilerOptimization/Result/tengine/dg/dg-LLVM14-O2-g/high_precision_20260325_125828/log/dda_fs.lines.stderr.log
dda_fs,DDA,ssa+fs,lines,"ShuffleVector instruction is not supported, loosing precision",/home/jimi/PaperExperiment/CompilerOptimization/Result/tengine/dg/dg-LLVM14-O2-g/high_precision_20260325_125828/log/dda_fs.lines.stderr.log
dda_fs,DDA,ssa+fs,lines,"ShuffleVector instruction is not supported, loosing precision",/home/jimi/PaperExperiment/CompilerOptimization/Result/tengine/dg/dg-LLVM14-O2-g/high_precision_20260325_125828/log/dda_fs.lines.stderr.log
dda_fs,DDA,ssa+fs,lines,"ShuffleVector instruction is not supported, loosing precision",/home/jimi/PaperExperiment/CompilerOptimization/Result/tengine/dg/dg-LLVM14-O2-g/high_precision_20260325_125828/log/dda_fs.lines.stderr.log
dda_fs,DDA,ssa+fs,lines,"ShuffleVector instruction is not supported, loosing precision",/home/jimi/PaperExperiment/CompilerOptimization/Result/tengine/dg/dg-LLVM14-O2-g/high_precision_20260325_125828/log/dda_fs.lines.stderr.log
dda_fs,DDA,ssa+fs,lines,"ShuffleVector instruction is not supported, loosing precision",/home/jimi/PaperExperiment/CompilerOptimization/Result/tengine/dg/dg-LLVM14-O2-g/high_precision_20260325_125828/log/dda_fs.lines.stderr.log
dda_fs,DDA,ssa+fs,lines,"ShuffleVector instruction is not supported, loosing precision",/home/jimi/PaperExperiment/CompilerOptimization/Result/tengine/dg/dg-LLVM14-O2-g/high_precision_20260325_125828/log/dda_fs.lines.stderr.log
dda_fs,DDA,ssa+fs,lines,"ShuffleVector instruction is not supported, loosing precision",/home/jimi/PaperExperiment/CompilerOptimization/Result/tengine/dg/dg-LLVM14-O2-g/high_precision_20260325_125828/log/dda_fs.lines.stderr.log
dda_fs,DDA,ssa+fs,lines,"ShuffleVector instruction is not supported, loosing precision",/home/jimi/PaperExperiment/CompilerOptimization/Result/tengine/dg/dg-LLVM14-O2-g/high_precision_20260325_125828/log/dda_fs.lines.stderr.log
dda_fs,DDA,ssa+fs,lines,"ShuffleVector instruction is not supported, loosing precision",/home/jimi/PaperExperiment/CompilerOptimization/Result/tengine/dg/dg-LLVM14-O2-g/high_precision_20260325_125828/log/dda_fs.lines.stderr.log
dda_fs,DDA,ssa+fs,lines,"ShuffleVector instruction is not supported, loosing precision",/home/jimi/PaperExperiment/CompilerOptimization/Result/tengine/dg/dg-LLVM14-O2-g/high_precision_20260325_125828/log/dda_fs.lines.stderr.log
dda_fs,DDA,ssa+fs,lines,"ShuffleVector instruction is not supported, loosing precision",/home/jimi/PaperExperiment/CompilerOptimization/Result/tengine/dg/dg-LLVM14-O2-g/high_precision_20260325_125828/log/dda_fs.lines.stderr.log
dda_fs,DDA,ssa+fs,lines,"ShuffleVector instruction is not supported, loosing precision",/home/jimi/PaperExperiment/CompilerOptimization/Result/tengine/dg/dg-LLVM14-O2-g/high_precision_20260325_125828/log/dda_fs.lines.stderr.log
dda_fs,DDA,ssa+fs,lines,"ShuffleVector instruction is not supported, loosing precision",/home/jimi/PaperExperiment/CompilerOptimization/Result/tengine/dg/dg-LLVM14-O2-g/high_precision_20260325_125828/log/dda_fs.lines.stderr.log
dda_fs,DDA,ssa+fs,lines,"ShuffleVector instruction is not supported, loosing precision",/home/jimi/PaperExperiment/CompilerOptimization/Result/tengine/dg/dg-LLVM14-O2-g/high_precision_20260325_125828/log/dda_fs.lines.stderr.log
dda_fs,DDA,ssa+fs,lines,"ShuffleVector instruction is not supported, loosing precision",/home/jimi/PaperExperiment/CompilerOptimization/Result/tengine/dg/dg-LLVM14-O2-g/high_precision_20260325_125828/log/dda_fs.lines.stderr.log
dda_fs,DDA,ssa+fs,lines,"ShuffleVector instruction is not supported, loosing precision",/home/jimi/PaperExperiment/CompilerOptimization/Result/tengine/dg/dg-LLVM14-O2-g/high_precision_20260325_125828/log/dda_fs.lines.stderr.log
dda_fs,DDA,ssa+fs,lines,"ShuffleVector instruction is not supported, loosing precision",/home/jimi/PaperExperiment/CompilerOptimization/Result/tengine/dg/dg-LLVM14-O2-g/high_precision_20260325_125828/log/dda_fs.lines.stderr.log
dda_fs,DDA,ssa+fs,lines,"ShuffleVector instruction is not supported, loosing precision",/home/jimi/PaperExperiment/CompilerOptimization/Result/tengine/dg/dg-LLVM14-O2-g/high_precision_20260325_125828/log/dda_fs.lines.stderr.log
dda_fs,DDA,ssa+fs,lines,"ShuffleVector instruction is not supported, loosing precision",/home/jimi/PaperExperiment/CompilerOptimization/Result/tengine/dg/dg-LLVM14-O2-g/high_precision_20260325_125828/log/dda_fs.lines.stderr.log
dda_fs,DDA,ssa+fs,lines,"ShuffleVector instruction is not supported, loosing precision",/home/jimi/PaperExperiment/CompilerOptimization/Result/tengine/dg/dg-LLVM14-O2-g/high_precision_20260325_125828/log/dda_fs.lines.stderr.log
dda_fs,DDA,ssa+fs,lines,"ShuffleVector instruction is not supported, loosing precision",/home/jimi/PaperExperiment/CompilerOptimization/Result/tengine/dg/dg-LLVM14-O2-g/high_precision_20260325_125828/log/dda_fs.lines.stderr.log
dda_fs,DDA,ssa+fs,lines,"ShuffleVector instruction is not supported, loosing precision",/home/jimi/PaperExperiment/CompilerOptimization/Result/tengine/dg/dg-LLVM14-O2-g/high_precision_20260325_125828/log/dda_fs.lines.stderr.log
dda_fs,DDA,ssa+fs,lines,"ShuffleVector instruction is not supported, loosing precision",/home/jimi/PaperExperiment/CompilerOptimization/Result/tengine/dg/dg-LLVM14-O2-g/high_precision_20260325_125828/log/dda_fs.lines.stderr.log
dda_fs,DDA,ssa+fs,lines,"ShuffleVector instruction is not supported, loosing precision",/home/jimi/PaperExperiment/CompilerOptimization/Result/tengine/dg/dg-LLVM14-O2-g/high_precision_20260325_125828/log/dda_fs.lines.stderr.log
dda_fs,DDA,ssa+fs,lines,"ShuffleVector instruction is not supported, loosing precision",/home/jimi/PaperExperiment/CompilerOptimization/Result/tengine/dg/dg-LLVM14-O2-g/high_precision_20260325_125828/log/dda_fs.lines.stderr.log
dda_fs,DDA,ssa+fs,lines,"ShuffleVector instruction is not supported, loosing precision",/home/jimi/PaperExperiment/CompilerOptimization/Result/tengine/dg/dg-LLVM14-O2-g/high_precision_20260325_125828/log/dda_fs.lines.stderr.log
dda_fs,DDA,ssa+fs,lines,"ShuffleVector instruction is not supported, loosing precision",/home/jimi/PaperExperiment/CompilerOptimization/Result/tengine/dg/dg-LLVM14-O2-g/high_precision_20260325_125828/log/dda_fs.lines.stderr.log
dda_fs,DDA,ssa+fs,lines,"ShuffleVector instruction is not supported, loosing precision",/home/jimi/PaperExperiment/CompilerOptimization/Result/tengine/dg/dg-LLVM14-O2-g/high_precision_20260325_125828/log/dda_fs.lines.stderr.log
dda_fs,DDA,ssa+fs,lines,"ShuffleVector instruction is not supported, loosing precision",/home/jimi/PaperExperiment/CompilerOptimization/Result/tengine/dg/dg-LLVM14-O2-g/high_precision_20260325_125828/log/dda_fs.lines.stderr.log
dda_fs,DDA,ssa+fs,lines,"ShuffleVector instruction is not supported, loosing precision",/home/jimi/PaperExperiment/CompilerOptimization/Result/tengine/dg/dg-LLVM14-O2-g/high_precision_20260325_125828/log/dda_fs.lines.stderr.log
dda_fs,DDA,ssa+fs,lines,"ShuffleVector instruction is not supported, loosing precision",/home/jimi/PaperExperiment/CompilerOptimization/Result/tengine/dg/dg-LLVM14-O2-g/high_precision_20260325_125828/log/dda_fs.lines.stderr.log
dda_fs,DDA,ssa+fs,lines,"ShuffleVector instruction is not supported, loosing precision",/home/jimi/PaperExperiment/CompilerOptimization/Result/tengine/dg/dg-LLVM14-O2-g/high_precision_20260325_125828/log/dda_fs.lines.stderr.log
dda_fs,DDA,ssa+fs,lines,"ShuffleVector instruction is not supported, loosing precision",/home/jimi/PaperExperiment/CompilerOptimization/Result/tengine/dg/dg-LLVM14-O2-g/high_precision_20260325_125828/log/dda_fs.lines.stderr.log
dda_fs,DDA,ssa+fs,lines,"ShuffleVector instruction is not supported, loosing precision",/home/jimi/PaperExperiment/CompilerOptimization/Result/tengine/dg/dg-LLVM14-O2-g/high_precision_20260325_125828/log/dda_fs.lines.stderr.log
dda_fs,DDA,ssa+fs,lines,"ShuffleVector instruction is not supported, loosing precision",/home/jimi/PaperExperiment/CompilerOptimization/Result/tengine/dg/dg-LLVM14-O2-g/high_precision_20260325_125828/log/dda_fs.lines.stderr.log
dda_fs,DDA,ssa+fs,lines,"ShuffleVector instruction is not supported, loosing precision",/home/jimi/PaperExperiment/CompilerOptimization/Result/tengine/dg/dg-LLVM14-O2-g/high_precision_20260325_125828/log/dda_fs.lines.stderr.log
dda_fs,DDA,ssa+fs,lines,"ShuffleVector instruction is not supported, loosing precision",/home/jimi/PaperExperiment/CompilerOptimization/Result/tengine/dg/dg-LLVM14-O2-g/high_precision_20260325_125828/log/dda_fs.lines.stderr.log
dda_fs,DDA,ssa+fs,lines,"ShuffleVector instruction is not supported, loosing precision",/home/jimi/PaperExperiment/CompilerOptimization/Result/tengine/dg/dg-LLVM14-O2-g/high_precision_20260325_125828/log/dda_fs.lines.stderr.log
dda_fs,DDA,ssa+fs,lines,"ShuffleVector instruction is not supported, loosing precision",/home/jimi/PaperExperiment/CompilerOptimization/Result/tengine/dg/dg-LLVM14-O2-g/high_precision_20260325_125828/log/dda_fs.lines.stderr.log
dda_fs,DDA,ssa+fs,lines,"ShuffleVector instruction is not supported, loosing precision",/home/jimi/PaperExperiment/CompilerOptimization/Result/tengine/dg/dg-LLVM14-O2-g/high_precision_20260325_125828/log/dda_fs.lines.stderr.log
dda_fs,DDA,ssa+fs,lines,"ShuffleVector instruction is not supported, loosing precision",/home/jimi/PaperExperiment/CompilerOptimization/Result/tengine/dg/dg-LLVM14-O2-g/high_precision_20260325_125828/log/dda_fs.lines.stderr.log
dda_fs,DDA,ssa+fs,lines,"ShuffleVector instruction is not supported, loosing precision",/home/jimi/PaperExperiment/CompilerOptimization/Result/tengine/dg/dg-LLVM14-O2-g/high_precision_20260325_125828/log/dda_fs.lines.stderr.log
dda_fs,DDA,ssa+fs,lines,"ShuffleVector instruction is not supported, loosing precision",/home/jimi/PaperExperiment/CompilerOptimization/Result/tengine/dg/dg-LLVM14-O2-g/high_precision_20260325_125828/log/dda_fs.lines.stderr.log
dda_fs,DDA,ssa+fs,lines,"ShuffleVector instruction is not supported, loosing precision",/home/jimi/PaperExperiment/CompilerOptimization/Result/tengine/dg/dg-LLVM14-O2-g/high_precision_20260325_125828/log/dda_fs.lines.stderr.log
dda_fs,DDA,ssa+fs,lines,"ShuffleVector instruction is not supported, loosing precision",/home/jimi/PaperExperiment/CompilerOptimization/Result/tengine/dg/dg-LLVM14-O2-g/high_precision_20260325_125828/log/dda_fs.lines.stderr.log
dda_fs,DDA,ssa+fs,lines,"ShuffleVector instruction is not supported, loosing precision",/home/jimi/PaperExperiment/CompilerOptimization/Result/tengine/dg/dg-LLVM14-O2-g/high_precision_20260325_125828/log/dda_fs.lines.stderr.log
dda_fs,DDA,ssa+fs,dot,"WARNING: Non-0 memset:   tail call void @llvm.memset.p0i8.i64(i8* noundef nonnull align 4 dereferenceable(512) %70, i8 -1, i64 512, i1 false), !dbg !950",/home/jimi/PaperExperiment/CompilerOptimization/Result/tengine/dg/dg-LLVM14-O2-g/high_precision_20260325_125828/log/dda_fs.dot.stderr.log
dda_fs,DDA,ssa+fs,dot,"WARNING: Non-0 memset:   call void @llvm.memset.p0i8.i64(i8* noundef nonnull align 1 dereferenceable(1) %134, i8 %132, i64 %135, i1 false), !dbg !964, !tbaa !889",/home/jimi/PaperExperiment/CompilerOptimization/Result/tengine/dg/dg-LLVM14-O2-g/high_precision_20260325_125828/log/dda_fs.dot.stderr.log
dda_fs,DDA,ssa+fs,dot,"WARNING: Non-0 memset:   call void @llvm.memset.p0i8.i64(i8* noundef nonnull align 1 dereferenceable(1) %94, i8 %92, i64 %95, i1 false), !dbg !964, !tbaa !889",/home/jimi/PaperExperiment/CompilerOptimization/Result/tengine/dg/dg-LLVM14-O2-g/high_precision_20260325_125828/log/dda_fs.dot.stderr.log
dda_fs,DDA,ssa+fs,dot,"WARNING: Non-0 memset:   call void @llvm.memset.p0i8.i64(i8* noundef nonnull align 1 dereferenceable(1) %111, i8 %109, i64 %112, i1 false), !dbg !964, !tbaa !889",/home/jimi/PaperExperiment/CompilerOptimization/Result/tengine/dg/dg-LLVM14-O2-g/high_precision_20260325_125828/log/dda_fs.dot.stderr.log
dda_fs,DDA,ssa+fs,dot,"WARNING: Non-0 memset:   tail call void @llvm.memset.p0i8.i64(i8* align 1 %696, i8 %703, i64 %704, i1 false) #30, !dbg !1675, !tbaa !921",/home/jimi/PaperExperiment/CompilerOptimization/Result/tengine/dg/dg-LLVM14-O2-g/high_precision_20260325_125828/log/dda_fs.dot.stderr.log
dda_fs,DDA,ssa+fs,dot,"WARNING: Non-0 memset:   call void @llvm.memset.p0i8.i64(i8* nonnull align 1 %506, i8 %501, i64 %507, i1 false) #30, !dbg !1430",/home/jimi/PaperExperiment/CompilerOptimization/Result/tengine/dg/dg-LLVM14-O2-g/high_precision_20260325_125828/log/dda_fs.dot.stderr.log
dda_fs,DDA,ssa+fs,dot,"ShuffleVector instruction is not supported, loosing precision",/home/jimi/PaperExperiment/CompilerOptimization/Result/tengine/dg/dg-LLVM14-O2-g/high_precision_20260325_125828/log/dda_fs.dot.stderr.log
dda_fs,DDA,ssa+fs,dot,"ShuffleVector instruction is not supported, loosing precision",/home/jimi/PaperExperiment/CompilerOptimization/Result/tengine/dg/dg-LLVM14-O2-g/high_precision_20260325_125828/log/dda_fs.dot.stderr.log
dda_fs,DDA,ssa+fs,dot,"ShuffleVector instruction is not supported, loosing precision",/home/jimi/PaperExperiment/CompilerOptimization/Result/tengine/dg/dg-LLVM14-O2-g/high_precision_20260325_125828/log/dda_fs.dot.stderr.log
dda_fs,DDA,ssa+fs,dot,"ShuffleVector instruction is not supported, loosing precision",/home/jimi/PaperExperiment/CompilerOptimization/Result/tengine/dg/dg-LLVM14-O2-g/high_precision_20260325_125828/log/dda_fs.dot.stderr.log
dda_fs,DDA,ssa+fs,dot,"ShuffleVector instruction is not supported, loosing precision",/home/jimi/PaperExperiment/CompilerOptimization/Result/tengine/dg/dg-LLVM14-O2-g/high_precision_20260325_125828/log/dda_fs.dot.stderr.log
dda_fs,DDA,ssa+fs,dot,"ShuffleVector instruction is not supported, loosing precision",/home/jimi/PaperExperiment/CompilerOptimization/Result/tengine/dg/dg-LLVM14-O2-g/high_precision_20260325_125828/log/dda_fs.dot.stderr.log
dda_fs,DDA,ssa+fs,dot,"ShuffleVector instruction is not supported, loosing precision",/home/jimi/PaperExperiment/CompilerOptimization/Result/tengine/dg/dg-LLVM14-O2-g/high_precision_20260325_125828/log/dda_fs.dot.stderr.log
dda_fs,DDA,ssa+fs,dot,"ShuffleVector instruction is not supported, loosing precision",/home/jimi/PaperExperiment/CompilerOptimization/Result/tengine/dg/dg-LLVM14-O2-g/high_precision_20260325_125828/log/dda_fs.dot.stderr.log
dda_fs,DDA,ssa+fs,dot,"ShuffleVector instruction is not supported, loosing precision",/home/jimi/PaperExperiment/CompilerOptimization/Result/tengine/dg/dg-LLVM14-O2-g/high_precision_20260325_125828/log/dda_fs.dot.stderr.log
dda_fs,DDA,ssa+fs,dot,"ShuffleVector instruction is not supported, loosing precision",/home/jimi/PaperExperiment/CompilerOptimization/Result/tengine/dg/dg-LLVM14-O2-g/high_precision_20260325_125828/log/dda_fs.dot.stderr.log
dda_fs,DDA,ssa+fs,dot,"ShuffleVector instruction is not supported, loosing precision",/home/jimi/PaperExperiment/CompilerOptimization/Result/tengine/dg/dg-LLVM14-O2-g/high_precision_20260325_125828/log/dda_fs.dot.stderr.log
dda_fs,DDA,ssa+fs,dot,"ShuffleVector instruction is not supported, loosing precision",/home/jimi/PaperExperiment/CompilerOptimization/Result/tengine/dg/dg-LLVM14-O2-g/high_precision_20260325_125828/log/dda_fs.dot.stderr.log
dda_fs,DDA,ssa+fs,dot,"ShuffleVector instruction is not supported, loosing precision",/home/jimi/PaperExperiment/CompilerOptimization/Result/tengine/dg/dg-LLVM14-O2-g/high_precision_20260325_125828/log/dda_fs.dot.stderr.log
dda_fs,DDA,ssa+fs,dot,"ShuffleVector instruction is not supported, loosing precision",/home/jimi/PaperExperiment/CompilerOptimization/Result/tengine/dg/dg-LLVM14-O2-g/high_precision_20260325_125828/log/dda_fs.dot.stderr.log
dda_fs,DDA,ssa+fs,dot,"ShuffleVector instruction is not supported, loosing precision",/home/jimi/PaperExperiment/CompilerOptimization/Result/tengine/dg/dg-LLVM14-O2-g/high_precision_20260325_125828/log/dda_fs.dot.stderr.log
dda_fs,DDA,ssa+fs,dot,"ShuffleVector instruction is not supported, loosing precision",/home/jimi/PaperExperiment/CompilerOptimization/Result/tengine/dg/dg-LLVM14-O2-g/high_precision_20260325_125828/log/dda_fs.dot.stderr.log
dda_fs,DDA,ssa+fs,dot,"ShuffleVector instruction is not supported, loosing precision",/home/jimi/PaperExperiment/CompilerOptimization/Result/tengine/dg/dg-LLVM14-O2-g/high_precision_20260325_125828/log/dda_fs.dot.stderr.log
dda_fs,DDA,ssa+fs,dot,"ShuffleVector instruction is not supported, loosing precision",/home/jimi/PaperExperiment/CompilerOptimization/Result/tengine/dg/dg-LLVM14-O2-g/high_precision_20260325_125828/log/dda_fs.dot.stderr.log
dda_fs,DDA,ssa+fs,dot,"ShuffleVector instruction is not supported, loosing precision",/home/jimi/PaperExperiment/CompilerOptimization/Result/tengine/dg/dg-LLVM14-O2-g/high_precision_20260325_125828/log/dda_fs.dot.stderr.log
dda_fs,DDA,ssa+fs,dot,"ShuffleVector instruction is not supported, loosing precision",/home/jimi/PaperExperiment/CompilerOptimization/Result/tengine/dg/dg-LLVM14-O2-g/high_precision_20260325_125828/log/dda_fs.dot.stderr.log
dda_fs,DDA,ssa+fs,dot,"ShuffleVector instruction is not supported, loosing precision",/home/jimi/PaperExperiment/CompilerOptimization/Result/tengine/dg/dg-LLVM14-O2-g/high_precision_20260325_125828/log/dda_fs.dot.stderr.log
dda_fs,DDA,ssa+fs,dot,"ShuffleVector instruction is not supported, loosing precision",/home/jimi/PaperExperiment/CompilerOptimization/Result/tengine/dg/dg-LLVM14-O2-g/high_precision_20260325_125828/log/dda_fs.dot.stderr.log
dda_fs,DDA,ssa+fs,dot,"ShuffleVector instruction is not supported, loosing precision",/home/jimi/PaperExperiment/CompilerOptimization/Result/tengine/dg/dg-LLVM14-O2-g/high_precision_20260325_125828/log/dda_fs.dot.stderr.log
dda_fs,DDA,ssa+fs,dot,"ShuffleVector instruction is not supported, loosing precision",/home/jimi/PaperExperiment/CompilerOptimization/Result/tengine/dg/dg-LLVM14-O2-g/high_precision_20260325_125828/log/dda_fs.dot.stderr.log
dda_fs,DDA,ssa+fs,dot,"ShuffleVector instruction is not supported, loosing precision",/home/jimi/PaperExperiment/CompilerOptimization/Result/tengine/dg/dg-LLVM14-O2-g/high_precision_20260325_125828/log/dda_fs.dot.stderr.log
dda_fs,DDA,ssa+fs,dot,"ShuffleVector instruction is not supported, loosing precision",/home/jimi/PaperExperiment/CompilerOptimization/Result/tengine/dg/dg-LLVM14-O2-g/high_precision_20260325_125828/log/dda_fs.dot.stderr.log
dda_fs,DDA,ssa+fs,dot,"ShuffleVector instruction is not supported, loosing precision",/home/jimi/PaperExperiment/CompilerOptimization/Result/tengine/dg/dg-LLVM14-O2-g/high_precision_20260325_125828/log/dda_fs.dot.stderr.log
dda_fs,DDA,ssa+fs,dot,"ShuffleVector instruction is not supported, loosing precision",/home/jimi/PaperExperiment/CompilerOptimization/Result/tengine/dg/dg-LLVM14-O2-g/high_precision_20260325_125828/log/dda_fs.dot.stderr.log
dda_fs,DDA,ssa+fs,dot,"ShuffleVector instruction is not supported, loosing precision",/home/jimi/PaperExperiment/CompilerOptimization/Result/tengine/dg/dg-LLVM14-O2-g/high_precision_20260325_125828/log/dda_fs.dot.stderr.log
dda_fs,DDA,ssa+fs,dot,"ShuffleVector instruction is not supported, loosing precision",/home/jimi/PaperExperiment/CompilerOptimization/Result/tengine/dg/dg-LLVM14-O2-g/high_precision_20260325_125828/log/dda_fs.dot.stderr.log
dda_fs,DDA,ssa+fs,dot,"ShuffleVector instruction is not supported, loosing precision",/home/jimi/PaperExperiment/CompilerOptimization/Result/tengine/dg/dg-LLVM14-O2-g/high_precision_20260325_125828/log/dda_fs.dot.stderr.log
dda_fs,DDA,ssa+fs,dot,"ShuffleVector instruction is not supported, loosing precision",/home/jimi/PaperExperiment/CompilerOptimization/Result/tengine/dg/dg-LLVM14-O2-g/high_precision_20260325_125828/log/dda_fs.dot.stderr.log
dda_fs,DDA,ssa+fs,dot,"ShuffleVector instruction is not supported, loosing precision",/home/jimi/PaperExperiment/CompilerOptimization/Result/tengine/dg/dg-LLVM14-O2-g/high_precision_20260325_125828/log/dda_fs.dot.stderr.log
dda_fs,DDA,ssa+fs,dot,"ShuffleVector instruction is not supported, loosing precision",/home/jimi/PaperExperiment/CompilerOptimization/Result/tengine/dg/dg-LLVM14-O2-g/high_precision_20260325_125828/log/dda_fs.dot.stderr.log
dda_fs,DDA,ssa+fs,dot,"ShuffleVector instruction is not supported, loosing precision",/home/jimi/PaperExperiment/CompilerOptimization/Result/tengine/dg/dg-LLVM14-O2-g/high_precision_20260325_125828/log/dda_fs.dot.stderr.log
dda_fs,DDA,ssa+fs,dot,"ShuffleVector instruction is not supported, loosing precision",/home/jimi/PaperExperiment/CompilerOptimization/Result/tengine/dg/dg-LLVM14-O2-g/high_precision_20260325_125828/log/dda_fs.dot.stderr.log
dda_fs,DDA,ssa+fs,dot,"WARNING: Non-0 memset:   tail call void @llvm.memset.p0i8.i64(i8* align 1 %301, i8 -1, i64 %304, i1 false), !dbg !1286",/home/jimi/PaperExperiment/CompilerOptimization/Result/tengine/dg/dg-LLVM14-O2-g/high_precision_20260325_125828/log/dda_fs.dot.stderr.log
dda_fs,DDA,ssa+fs,dot,IntToPtr with constant:   <badref> = inttoptr i64 1 to i8*,/home/jimi/PaperExperiment/CompilerOptimization/Result/tengine/dg/dg-LLVM14-O2-g/high_precision_20260325_125828/log/dda_fs.dot.stderr.log
dda_fs,DDA,ssa+fs,dot,"ShuffleVector instruction is not supported, loosing precision",/home/jimi/PaperExperiment/CompilerOptimization/Result/tengine/dg/dg-LLVM14-O2-g/high_precision_20260325_125828/log/dda_fs.dot.stderr.log
dda_fs,DDA,ssa+fs,dot,"ShuffleVector instruction is not supported, loosing precision",/home/jimi/PaperExperiment/CompilerOptimization/Result/tengine/dg/dg-LLVM14-O2-g/high_precision_20260325_125828/log/dda_fs.dot.stderr.log
dda_fs,DDA,ssa+fs,dot,"ShuffleVector instruction is not supported, loosing precision",/home/jimi/PaperExperiment/CompilerOptimization/Result/tengine/dg/dg-LLVM14-O2-g/high_precision_20260325_125828/log/dda_fs.dot.stderr.log
dda_fs,DDA,ssa+fs,dot,"ShuffleVector instruction is not supported, loosing precision",/home/jimi/PaperExperiment/CompilerOptimization/Result/tengine/dg/dg-LLVM14-O2-g/high_precision_20260325_125828/log/dda_fs.dot.stderr.log
dda_fs,DDA,ssa+fs,dot,"ShuffleVector instruction is not supported, loosing precision",/home/jimi/PaperExperiment/CompilerOptimization/Result/tengine/dg/dg-LLVM14-O2-g/high_precision_20260325_125828/log/dda_fs.dot.stderr.log
dda_fs,DDA,ssa+fs,dot,"ShuffleVector instruction is not supported, loosing precision",/home/jimi/PaperExperiment/CompilerOptimization/Result/tengine/dg/dg-LLVM14-O2-g/high_precision_20260325_125828/log/dda_fs.dot.stderr.log
dda_fs,DDA,ssa+fs,dot,"ShuffleVector instruction is not supported, loosing precision",/home/jimi/PaperExperiment/CompilerOptimization/Result/tengine/dg/dg-LLVM14-O2-g/high_precision_20260325_125828/log/dda_fs.dot.stderr.log
dda_fs,DDA,ssa+fs,dot,"ShuffleVector instruction is not supported, loosing precision",/home/jimi/PaperExperiment/CompilerOptimization/Result/tengine/dg/dg-LLVM14-O2-g/high_precision_20260325_125828/log/dda_fs.dot.stderr.log
dda_fs,DDA,ssa+fs,dot,"ShuffleVector instruction is not supported, loosing precision",/home/jimi/PaperExperiment/CompilerOptimization/Result/tengine/dg/dg-LLVM14-O2-g/high_precision_20260325_125828/log/dda_fs.dot.stderr.log
dda_fs,DDA,ssa+fs,dot,"ShuffleVector instruction is not supported, loosing precision",/home/jimi/PaperExperiment/CompilerOptimization/Result/tengine/dg/dg-LLVM14-O2-g/high_precision_20260325_125828/log/dda_fs.dot.stderr.log
dda_fs,DDA,ssa+fs,dot,"ShuffleVector instruction is not supported, loosing precision",/home/jimi/PaperExperiment/CompilerOptimization/Result/tengine/dg/dg-LLVM14-O2-g/high_precision_20260325_125828/log/dda_fs.dot.stderr.log
dda_fs,DDA,ssa+fs,dot,"ShuffleVector instruction is not supported, loosing precision",/home/jimi/PaperExperiment/CompilerOptimization/Result/tengine/dg/dg-LLVM14-O2-g/high_precision_20260325_125828/log/dda_fs.dot.stderr.log
dda_fs,DDA,ssa+fs,dot,"ShuffleVector instruction is not supported, loosing precision",/home/jimi/PaperExperiment/CompilerOptimization/Result/tengine/dg/dg-LLVM14-O2-g/high_precision_20260325_125828/log/dda_fs.dot.stderr.log
dda_fs,DDA,ssa+fs,dot,"ShuffleVector instruction is not supported, loosing precision",/home/jimi/PaperExperiment/CompilerOptimization/Result/tengine/dg/dg-LLVM14-O2-g/high_precision_20260325_125828/log/dda_fs.dot.stderr.log
dda_fs,DDA,ssa+fs,dot,"ShuffleVector instruction is not supported, loosing precision",/home/jimi/PaperExperiment/CompilerOptimization/Result/tengine/dg/dg-LLVM14-O2-g/high_precision_20260325_125828/log/dda_fs.dot.stderr.log
dda_fs,DDA,ssa+fs,dot,"ShuffleVector instruction is not supported, loosing precision",/home/jimi/PaperExperiment/CompilerOptimization/Result/tengine/dg/dg-LLVM14-O2-g/high_precision_20260325_125828/log/dda_fs.dot.stderr.log
dda_fs,DDA,ssa+fs,dot,"ShuffleVector instruction is not supported, loosing precision",/home/jimi/PaperExperiment/CompilerOptimization/Result/tengine/dg/dg-LLVM14-O2-g/high_precision_20260325_125828/log/dda_fs.dot.stderr.log
dda_fs,DDA,ssa+fs,dot,"ShuffleVector instruction is not supported, loosing precision",/home/jimi/PaperExperiment/CompilerOptimization/Result/tengine/dg/dg-LLVM14-O2-g/high_precision_20260325_125828/log/dda_fs.dot.stderr.log
dda_fs,DDA,ssa+fs,dot,"ShuffleVector instruction is not supported, loosing precision",/home/jimi/PaperExperiment/CompilerOptimization/Result/tengine/dg/dg-LLVM14-O2-g/high_precision_20260325_125828/log/dda_fs.dot.stderr.log
dda_fs,DDA,ssa+fs,dot,"ShuffleVector instruction is not supported, loosing precision",/home/jimi/PaperExperiment/CompilerOptimization/Result/tengine/dg/dg-LLVM14-O2-g/high_precision_20260325_125828/log/dda_fs.dot.stderr.log
dda_fs,DDA,ssa+fs,dot,"ShuffleVector instruction is not supported, loosing precision",/home/jimi/PaperExperiment/CompilerOptimization/Result/tengine/dg/dg-LLVM14-O2-g/high_precision_20260325_125828/log/dda_fs.dot.stderr.log
dda_fs,DDA,ssa+fs,dot,"ShuffleVector instruction is not supported, loosing precision",/home/jimi/PaperExperiment/CompilerOptimization/Result/tengine/dg/dg-LLVM14-O2-g/high_precision_20260325_125828/log/dda_fs.dot.stderr.log
dda_fs,DDA,ssa+fs,dot,"ShuffleVector instruction is not supported, loosing precision",/home/jimi/PaperExperiment/CompilerOptimization/Result/tengine/dg/dg-LLVM14-O2-g/high_precision_20260325_125828/log/dda_fs.dot.stderr.log
dda_fs,DDA,ssa+fs,dot,"ShuffleVector instruction is not supported, loosing precision",/home/jimi/PaperExperiment/CompilerOptimization/Result/tengine/dg/dg-LLVM14-O2-g/high_precision_20260325_125828/log/dda_fs.dot.stderr.log
dda_fs,DDA,ssa+fs,dot,"ShuffleVector instruction is not supported, loosing precision",/home/jimi/PaperExperiment/CompilerOptimization/Result/tengine/dg/dg-LLVM14-O2-g/high_precision_20260325_125828/log/dda_fs.dot.stderr.log
dda_fs,DDA,ssa+fs,dot,"ShuffleVector instruction is not supported, loosing precision",/home/jimi/PaperExperiment/CompilerOptimization/Result/tengine/dg/dg-LLVM14-O2-g/high_precision_20260325_125828/log/dda_fs.dot.stderr.log
dda_fs,DDA,ssa+fs,dot,"ShuffleVector instruction is not supported, loosing precision",/home/jimi/PaperExperiment/CompilerOptimization/Result/tengine/dg/dg-LLVM14-O2-g/high_precision_20260325_125828/log/dda_fs.dot.stderr.log
dda_fs,DDA,ssa+fs,dot,"ShuffleVector instruction is not supported, loosing precision",/home/jimi/PaperExperiment/CompilerOptimization/Result/tengine/dg/dg-LLVM14-O2-g/high_precision_20260325_125828/log/dda_fs.dot.stderr.log
dda_fs,DDA,ssa+fs,dot,"ShuffleVector instruction is not supported, loosing precision",/home/jimi/PaperExperiment/CompilerOptimization/Result/tengine/dg/dg-LLVM14-O2-g/high_precision_20260325_125828/log/dda_fs.dot.stderr.log
dda_fs,DDA,ssa+fs,dot,"ShuffleVector instruction is not supported, loosing precision",/home/jimi/PaperExperiment/CompilerOptimization/Result/tengine/dg/dg-LLVM14-O2-g/high_precision_20260325_125828/log/dda_fs.dot.stderr.log
dda_fs,DDA,ssa+fs,dot,"ShuffleVector instruction is not supported, loosing precision",/home/jimi/PaperExperiment/CompilerOptimization/Result/tengine/dg/dg-LLVM14-O2-g/high_precision_20260325_125828/log/dda_fs.dot.stderr.log
dda_fs,DDA,ssa+fs,dot,"ShuffleVector instruction is not supported, loosing precision",/home/jimi/PaperExperiment/CompilerOptimization/Result/tengine/dg/dg-LLVM14-O2-g/high_precision_20260325_125828/log/dda_fs.dot.stderr.log
dda_fs,DDA,ssa+fs,dot,"ShuffleVector instruction is not supported, loosing precision",/home/jimi/PaperExperiment/CompilerOptimization/Result/tengine/dg/dg-LLVM14-O2-g/high_precision_20260325_125828/log/dda_fs.dot.stderr.log
dda_fs,DDA,ssa+fs,dot,"ShuffleVector instruction is not supported, loosing precision",/home/jimi/PaperExperiment/CompilerOptimization/Result/tengine/dg/dg-LLVM14-O2-g/high_precision_20260325_125828/log/dda_fs.dot.stderr.log
dda_fs,DDA,ssa+fs,dot,"ShuffleVector instruction is not supported, loosing precision",/home/jimi/PaperExperiment/CompilerOptimization/Result/tengine/dg/dg-LLVM14-O2-g/high_precision_20260325_125828/log/dda_fs.dot.stderr.log
dda_fs,DDA,ssa+fs,dot,"ShuffleVector instruction is not supported, loosing precision",/home/jimi/PaperExperiment/CompilerOptimization/Result/tengine/dg/dg-LLVM14-O2-g/high_precision_20260325_125828/log/dda_fs.dot.stderr.log
dda_fs,DDA,ssa+fs,dot,"ShuffleVector instruction is not supported, loosing precision",/home/jimi/PaperExperiment/CompilerOptimization/Result/tengine/dg/dg-LLVM14-O2-g/high_precision_20260325_125828/log/dda_fs.dot.stderr.log
dda_fs,DDA,ssa+fs,dot,"ShuffleVector instruction is not supported, loosing precision",/home/jimi/PaperExperiment/CompilerOptimization/Result/tengine/dg/dg-LLVM14-O2-g/high_precision_20260325_125828/log/dda_fs.dot.stderr.log
dda_fs,DDA,ssa+fs,dot,"ShuffleVector instruction is not supported, loosing precision",/home/jimi/PaperExperiment/CompilerOptimization/Result/tengine/dg/dg-LLVM14-O2-g/high_precision_20260325_125828/log/dda_fs.dot.stderr.log
dda_fs,DDA,ssa+fs,dot,"ShuffleVector instruction is not supported, loosing precision",/home/jimi/PaperExperiment/CompilerOptimization/Result/tengine/dg/dg-LLVM14-O2-g/high_precision_20260325_125828/log/dda_fs.dot.stderr.log
dda_fs,DDA,ssa+fs,dot,"ShuffleVector instruction is not supported, loosing precision",/home/jimi/PaperExperiment/CompilerOptimization/Result/tengine/dg/dg-LLVM14-O2-g/high_precision_20260325_125828/log/dda_fs.dot.stderr.log
dda_fs,DDA,ssa+fs,dot,"ShuffleVector instruction is not supported, loosing precision",/home/jimi/PaperExperiment/CompilerOptimization/Result/tengine/dg/dg-LLVM14-O2-g/high_precision_20260325_125828/log/dda_fs.dot.stderr.log
dda_fs,DDA,ssa+fs,dot,"ShuffleVector instruction is not supported, loosing precision",/home/jimi/PaperExperiment/CompilerOptimization/Result/tengine/dg/dg-LLVM14-O2-g/high_precision_20260325_125828/log/dda_fs.dot.stderr.log
dda_fs,DDA,ssa+fs,dot,"ShuffleVector instruction is not supported, loosing precision",/home/jimi/PaperExperiment/CompilerOptimization/Result/tengine/dg/dg-LLVM14-O2-g/high_precision_20260325_125828/log/dda_fs.dot.stderr.log
dda_fs,DDA,ssa+fs,dot,"ShuffleVector instruction is not supported, loosing precision",/home/jimi/PaperExperiment/CompilerOptimization/Result/tengine/dg/dg-LLVM14-O2-g/high_precision_20260325_125828/log/dda_fs.dot.stderr.log
dda_fs,DDA,ssa+fs,dot,"ShuffleVector instruction is not supported, loosing precision",/home/jimi/PaperExperiment/CompilerOptimization/Result/tengine/dg/dg-LLVM14-O2-g/high_precision_20260325_125828/log/dda_fs.dot.stderr.log
dda_fs,DDA,ssa+fs,dot,"ShuffleVector instruction is not supported, loosing precision",/home/jimi/PaperExperiment/CompilerOptimization/Result/tengine/dg/dg-LLVM14-O2-g/high_precision_20260325_125828/log/dda_fs.dot.stderr.log
dda_fs,DDA,ssa+fs,dot,"ShuffleVector instruction is not supported, loosing precision",/home/jimi/PaperExperiment/CompilerOptimization/Result/tengine/dg/dg-LLVM14-O2-g/high_precision_20260325_125828/log/dda_fs.dot.stderr.log
dda_fs,DDA,ssa+fs,dot,"ShuffleVector instruction is not supported, loosing precision",/home/jimi/PaperExperiment/CompilerOptimization/Result/tengine/dg/dg-LLVM14-O2-g/high_precision_20260325_125828/log/dda_fs.dot.stderr.log
dda_fs,DDA,ssa+fs,dot,"ShuffleVector instruction is not supported, loosing precision",/home/jimi/PaperExperiment/CompilerOptimization/Result/tengine/dg/dg-LLVM14-O2-g/high_precision_20260325_125828/log/dda_fs.dot.stderr.log
dda_fs,DDA,ssa+fs,dot,"ShuffleVector instruction is not supported, loosing precision",/home/jimi/PaperExperiment/CompilerOptimization/Result/tengine/dg/dg-LLVM14-O2-g/high_precision_20260325_125828/log/dda_fs.dot.stderr.log
dda_fs,DDA,ssa+fs,dot,"ShuffleVector instruction is not supported, loosing precision",/home/jimi/PaperExperiment/CompilerOptimization/Result/tengine/dg/dg-LLVM14-O2-g/high_precision_20260325_125828/log/dda_fs.dot.stderr.log
dda_fs,DDA,ssa+fs,dot,"ShuffleVector instruction is not supported, loosing precision",/home/jimi/PaperExperiment/CompilerOptimization/Result/tengine/dg/dg-LLVM14-O2-g/high_precision_20260325_125828/log/dda_fs.dot.stderr.log
dda_fs,DDA,ssa+fs,dot,"ShuffleVector instruction is not supported, loosing precision",/home/jimi/PaperExperiment/CompilerOptimization/Result/tengine/dg/dg-LLVM14-O2-g/high_precision_20260325_125828/log/dda_fs.dot.stderr.log
dda_fs,DDA,ssa+fs,dot,"ShuffleVector instruction is not supported, loosing precision",/home/jimi/PaperExperiment/CompilerOptimization/Result/tengine/dg/dg-LLVM14-O2-g/high_precision_20260325_125828/log/dda_fs.dot.stderr.log
dda_fs,DDA,ssa+fs,dot,"ShuffleVector instruction is not supported, loosing precision",/home/jimi/PaperExperiment/CompilerOptimization/Result/tengine/dg/dg-LLVM14-O2-g/high_precision_20260325_125828/log/dda_fs.dot.stderr.log
dda_fs,DDA,ssa+fs,dot,"ShuffleVector instruction is not supported, loosing precision",/home/jimi/PaperExperiment/CompilerOptimization/Result/tengine/dg/dg-LLVM14-O2-g/high_precision_20260325_125828/log/dda_fs.dot.stderr.log
dda_fs,DDA,ssa+fs,dot,"ShuffleVector instruction is not supported, loosing precision",/home/jimi/PaperExperiment/CompilerOptimization/Result/tengine/dg/dg-LLVM14-O2-g/high_precision_20260325_125828/log/dda_fs.dot.stderr.log
dda_fs,DDA,ssa+fs,dot,"ShuffleVector instruction is not supported, loosing precision",/home/jimi/PaperExperiment/CompilerOptimization/Result/tengine/dg/dg-LLVM14-O2-g/high_precision_20260325_125828/log/dda_fs.dot.stderr.log
dda_fs,DDA,ssa+fs,dot,"ShuffleVector instruction is not supported, loosing precision",/home/jimi/PaperExperiment/CompilerOptimization/Result/tengine/dg/dg-LLVM14-O2-g/high_precision_20260325_125828/log/dda_fs.dot.stderr.log
dda_fs,DDA,ssa+fs,dot,"ShuffleVector instruction is not supported, loosing precision",/home/jimi/PaperExperiment/CompilerOptimization/Result/tengine/dg/dg-LLVM14-O2-g/high_precision_20260325_125828/log/dda_fs.dot.stderr.log
dda_fs,DDA,ssa+fs,dot,"ShuffleVector instruction is not supported, loosing precision",/home/jimi/PaperExperiment/CompilerOptimization/Result/tengine/dg/dg-LLVM14-O2-g/high_precision_20260325_125828/log/dda_fs.dot.stderr.log
dda_fs,DDA,ssa+fs,dot,"ShuffleVector instruction is not supported, loosing precision",/home/jimi/PaperExperiment/CompilerOptimization/Result/tengine/dg/dg-LLVM14-O2-g/high_precision_20260325_125828/log/dda_fs.dot.stderr.log
dda_fs,DDA,ssa+fs,dot,"ShuffleVector instruction is not supported, loosing precision",/home/jimi/PaperExperiment/CompilerOptimization/Result/tengine/dg/dg-LLVM14-O2-g/high_precision_20260325_125828/log/dda_fs.dot.stderr.log
dda_fs,DDA,ssa+fs,dot,"ShuffleVector instruction is not supported, loosing precision",/home/jimi/PaperExperiment/CompilerOptimization/Result/tengine/dg/dg-LLVM14-O2-g/high_precision_20260325_125828/log/dda_fs.dot.stderr.log
dda_fs,DDA,ssa+fs,dot,"ShuffleVector instruction is not supported, loosing precision",/home/jimi/PaperExperiment/CompilerOptimization/Result/tengine/dg/dg-LLVM14-O2-g/high_precision_20260325_125828/log/dda_fs.dot.stderr.log
dda_fs,DDA,ssa+fs,dot,"ShuffleVector instruction is not supported, loosing precision",/home/jimi/PaperExperiment/CompilerOptimization/Result/tengine/dg/dg-LLVM14-O2-g/high_precision_20260325_125828/log/dda_fs.dot.stderr.log
dda_fs,DDA,ssa+fs,dot,"ShuffleVector instruction is not supported, loosing precision",/home/jimi/PaperExperiment/CompilerOptimization/Result/tengine/dg/dg-LLVM14-O2-g/high_precision_20260325_125828/log/dda_fs.dot.stderr.log
dda_fs,DDA,ssa+fs,dot,"ShuffleVector instruction is not supported, loosing precision",/home/jimi/PaperExperiment/CompilerOptimization/Result/tengine/dg/dg-LLVM14-O2-g/high_precision_20260325_125828/log/dda_fs.dot.stderr.log
dda_fs,DDA,ssa+fs,dot,"ShuffleVector instruction is not supported, loosing precision",/home/jimi/PaperExperiment/CompilerOptimization/Result/tengine/dg/dg-LLVM14-O2-g/high_precision_20260325_125828/log/dda_fs.dot.stderr.log
dda_fs,DDA,ssa+fs,dot,"ShuffleVector instruction is not supported, loosing precision",/home/jimi/PaperExperiment/CompilerOptimization/Result/tengine/dg/dg-LLVM14-O2-g/high_precision_20260325_125828/log/dda_fs.dot.stderr.log
dda_fs,DDA,ssa+fs,dot,"ShuffleVector instruction is not supported, loosing precision",/home/jimi/PaperExperiment/CompilerOptimization/Result/tengine/dg/dg-LLVM14-O2-g/high_precision_20260325_125828/log/dda_fs.dot.stderr.log
dda_fs,DDA,ssa+fs,dot,"ShuffleVector instruction is not supported, loosing precision",/home/jimi/PaperExperiment/CompilerOptimization/Result/tengine/dg/dg-LLVM14-O2-g/high_precision_20260325_125828/log/dda_fs.dot.stderr.log
dda_fs,DDA,ssa+fs,dot,"ShuffleVector instruction is not supported, loosing precision",/home/jimi/PaperExperiment/CompilerOptimization/Result/tengine/dg/dg-LLVM14-O2-g/high_precision_20260325_125828/log/dda_fs.dot.stderr.log
dda_fs,DDA,ssa+fs,dot,"ShuffleVector instruction is not supported, loosing precision",/home/jimi/PaperExperiment/CompilerOptimization/Result/tengine/dg/dg-LLVM14-O2-g/high_precision_20260325_125828/log/dda_fs.dot.stderr.log
dda_fs,DDA,ssa+fs,dot,"ShuffleVector instruction is not supported, loosing precision",/home/jimi/PaperExperiment/CompilerOptimization/Result/tengine/dg/dg-LLVM14-O2-g/high_precision_20260325_125828/log/dda_fs.dot.stderr.log
dda_fs,DDA,ssa+fs,dot,"ShuffleVector instruction is not supported, loosing precision",/home/jimi/PaperExperiment/CompilerOptimization/Result/tengine/dg/dg-LLVM14-O2-g/high_precision_20260325_125828/log/dda_fs.dot.stderr.log
dda_fs,DDA,ssa+fs,dot,"ShuffleVector instruction is not supported, loosing precision",/home/jimi/PaperExperiment/CompilerOptimization/Result/tengine/dg/dg-LLVM14-O2-g/high_precision_20260325_125828/log/dda_fs.dot.stderr.log
dda_fs,DDA,ssa+fs,dot,"ShuffleVector instruction is not supported, loosing precision",/home/jimi/PaperExperiment/CompilerOptimization/Result/tengine/dg/dg-LLVM14-O2-g/high_precision_20260325_125828/log/dda_fs.dot.stderr.log
dda_fs,DDA,ssa+fs,dot,"ShuffleVector instruction is not supported, loosing precision",/home/jimi/PaperExperiment/CompilerOptimization/Result/tengine/dg/dg-LLVM14-O2-g/high_precision_20260325_125828/log/dda_fs.dot.stderr.log
dda_fs,DDA,ssa+fs,dot,"ShuffleVector instruction is not supported, loosing precision",/home/jimi/PaperExperiment/CompilerOptimization/Result/tengine/dg/dg-LLVM14-O2-g/high_precision_20260325_125828/log/dda_fs.dot.stderr.log
dda_fs,DDA,ssa+fs,dot,"ShuffleVector instruction is not supported, loosing precision",/home/jimi/PaperExperiment/CompilerOptimization/Result/tengine/dg/dg-LLVM14-O2-g/high_precision_20260325_125828/log/dda_fs.dot.stderr.log
dda_fs,DDA,ssa+fs,dot,"ShuffleVector instruction is not supported, loosing precision",/home/jimi/PaperExperiment/CompilerOptimization/Result/tengine/dg/dg-LLVM14-O2-g/high_precision_20260325_125828/log/dda_fs.dot.stderr.log
dda_fs,DDA,ssa+fs,dot,"ShuffleVector instruction is not supported, loosing precision",/home/jimi/PaperExperiment/CompilerOptimization/Result/tengine/dg/dg-LLVM14-O2-g/high_precision_20260325_125828/log/dda_fs.dot.stderr.log
dda_fs,DDA,ssa+fs,dot,"ShuffleVector instruction is not supported, loosing precision",/home/jimi/PaperExperiment/CompilerOptimization/Result/tengine/dg/dg-LLVM14-O2-g/high_precision_20260325_125828/log/dda_fs.dot.stderr.log
dda_fs,DDA,ssa+fs,dot,"ShuffleVector instruction is not supported, loosing precision",/home/jimi/PaperExperiment/CompilerOptimization/Result/tengine/dg/dg-LLVM14-O2-g/high_precision_20260325_125828/log/dda_fs.dot.stderr.log
dda_fs,DDA,ssa+fs,dot,"ShuffleVector instruction is not supported, loosing precision",/home/jimi/PaperExperiment/CompilerOptimization/Result/tengine/dg/dg-LLVM14-O2-g/high_precision_20260325_125828/log/dda_fs.dot.stderr.log
dda_fs,DDA,ssa+fs,dot,"ShuffleVector instruction is not supported, loosing precision",/home/jimi/PaperExperiment/CompilerOptimization/Result/tengine/dg/dg-LLVM14-O2-g/high_precision_20260325_125828/log/dda_fs.dot.stderr.log
dda_fs,DDA,ssa+fs,dot,"ShuffleVector instruction is not supported, loosing precision",/home/jimi/PaperExperiment/CompilerOptimization/Result/tengine/dg/dg-LLVM14-O2-g/high_precision_20260325_125828/log/dda_fs.dot.stderr.log
dda_fs,DDA,ssa+fs,dot,"ShuffleVector instruction is not supported, loosing precision",/home/jimi/PaperExperiment/CompilerOptimization/Result/tengine/dg/dg-LLVM14-O2-g/high_precision_20260325_125828/log/dda_fs.dot.stderr.log
dda_fs,DDA,ssa+fs,dot,"ShuffleVector instruction is not supported, loosing precision",/home/jimi/PaperExperiment/CompilerOptimization/Result/tengine/dg/dg-LLVM14-O2-g/high_precision_20260325_125828/log/dda_fs.dot.stderr.log
dda_fs,DDA,ssa+fs,dot,"ShuffleVector instruction is not supported, loosing precision",/home/jimi/PaperExperiment/CompilerOptimization/Result/tengine/dg/dg-LLVM14-O2-g/high_precision_20260325_125828/log/dda_fs.dot.stderr.log
dda_fs,DDA,ssa+fs,dot,"ShuffleVector instruction is not supported, loosing precision",/home/jimi/PaperExperiment/CompilerOptimization/Result/tengine/dg/dg-LLVM14-O2-g/high_precision_20260325_125828/log/dda_fs.dot.stderr.log
dda_fs,DDA,ssa+fs,dot,"ShuffleVector instruction is not supported, loosing precision",/home/jimi/PaperExperiment/CompilerOptimization/Result/tengine/dg/dg-LLVM14-O2-g/high_precision_20260325_125828/log/dda_fs.dot.stderr.log
dda_fs,DDA,ssa+fs,dot,"ShuffleVector instruction is not supported, loosing precision",/home/jimi/PaperExperiment/CompilerOptimization/Result/tengine/dg/dg-LLVM14-O2-g/high_precision_20260325_125828/log/dda_fs.dot.stderr.log
dda_fs,DDA,ssa+fs,dot,"ShuffleVector instruction is not supported, loosing precision",/home/jimi/PaperExperiment/CompilerOptimization/Result/tengine/dg/dg-LLVM14-O2-g/high_precision_20260325_125828/log/dda_fs.dot.stderr.log
dda_fs,DDA,ssa+fs,dot,"ShuffleVector instruction is not supported, loosing precision",/home/jimi/PaperExperiment/CompilerOptimization/Result/tengine/dg/dg-LLVM14-O2-g/high_precision_20260325_125828/log/dda_fs.dot.stderr.log
dda_fs,DDA,ssa+fs,dot,"ShuffleVector instruction is not supported, loosing precision",/home/jimi/PaperExperiment/CompilerOptimization/Result/tengine/dg/dg-LLVM14-O2-g/high_precision_20260325_125828/log/dda_fs.dot.stderr.log
dda_fs,DDA,ssa+fs,dot,"ShuffleVector instruction is not supported, loosing precision",/home/jimi/PaperExperiment/CompilerOptimization/Result/tengine/dg/dg-LLVM14-O2-g/high_precision_20260325_125828/log/dda_fs.dot.stderr.log
dda_fs,DDA,ssa+fs,dot,"ShuffleVector instruction is not supported, loosing precision",/home/jimi/PaperExperiment/CompilerOptimization/Result/tengine/dg/dg-LLVM14-O2-g/high_precision_20260325_125828/log/dda_fs.dot.stderr.log
dda_fs,DDA,ssa+fs,dot,"ShuffleVector instruction is not supported, loosing precision",/home/jimi/PaperExperiment/CompilerOptimization/Result/tengine/dg/dg-LLVM14-O2-g/high_precision_20260325_125828/log/dda_fs.dot.stderr.log
dda_fs,DDA,ssa+fs,dot,"ShuffleVector instruction is not supported, loosing precision",/home/jimi/PaperExperiment/CompilerOptimization/Result/tengine/dg/dg-LLVM14-O2-g/high_precision_20260325_125828/log/dda_fs.dot.stderr.log
dda_fs,DDA,ssa+fs,dot,"ShuffleVector instruction is not supported, loosing precision",/home/jimi/PaperExperiment/CompilerOptimization/Result/tengine/dg/dg-LLVM14-O2-g/high_precision_20260325_125828/log/dda_fs.dot.stderr.log
dda_fs,DDA,ssa+fs,dot,"ShuffleVector instruction is not supported, loosing precision",/home/jimi/PaperExperiment/CompilerOptimization/Result/tengine/dg/dg-LLVM14-O2-g/high_precision_20260325_125828/log/dda_fs.dot.stderr.log
dda_fs,DDA,ssa+fs,dot,"ShuffleVector instruction is not supported, loosing precision",/home/jimi/PaperExperiment/CompilerOptimization/Result/tengine/dg/dg-LLVM14-O2-g/high_precision_20260325_125828/log/dda_fs.dot.stderr.log
dda_fs,DDA,ssa+fs,dot,"ShuffleVector instruction is not supported, loosing precision",/home/jimi/PaperExperiment/CompilerOptimization/Result/tengine/dg/dg-LLVM14-O2-g/high_precision_20260325_125828/log/dda_fs.dot.stderr.log
dda_fs,DDA,ssa+fs,dot,"ShuffleVector instruction is not supported, loosing precision",/home/jimi/PaperExperiment/CompilerOptimization/Result/tengine/dg/dg-LLVM14-O2-g/high_precision_20260325_125828/log/dda_fs.dot.stderr.log
dda_fs,DDA,ssa+fs,dot,"ShuffleVector instruction is not supported, loosing precision",/home/jimi/PaperExperiment/CompilerOptimization/Result/tengine/dg/dg-LLVM14-O2-g/high_precision_20260325_125828/log/dda_fs.dot.stderr.log
dda_inv,DDA,ssa+inv,lines,"WARNING: Non-0 memset:   tail call void @llvm.memset.p0i8.i64(i8* noundef nonnull align 4 dereferenceable(512) %70, i8 -1, i64 512, i1 false), !dbg !950",/home/jimi/PaperExperiment/CompilerOptimization/Result/tengine/dg/dg-LLVM14-O2-g/high_precision_20260325_125828/log/dda_inv.lines.stderr.log
dda_inv,DDA,ssa+inv,lines,"WARNING: Non-0 memset:   call void @llvm.memset.p0i8.i64(i8* noundef nonnull align 1 dereferenceable(1) %134, i8 %132, i64 %135, i1 false), !dbg !964, !tbaa !889",/home/jimi/PaperExperiment/CompilerOptimization/Result/tengine/dg/dg-LLVM14-O2-g/high_precision_20260325_125828/log/dda_inv.lines.stderr.log
dda_inv,DDA,ssa+inv,lines,"WARNING: Non-0 memset:   call void @llvm.memset.p0i8.i64(i8* noundef nonnull align 1 dereferenceable(1) %94, i8 %92, i64 %95, i1 false), !dbg !964, !tbaa !889",/home/jimi/PaperExperiment/CompilerOptimization/Result/tengine/dg/dg-LLVM14-O2-g/high_precision_20260325_125828/log/dda_inv.lines.stderr.log
dda_inv,DDA,ssa+inv,lines,"WARNING: Non-0 memset:   call void @llvm.memset.p0i8.i64(i8* noundef nonnull align 1 dereferenceable(1) %111, i8 %109, i64 %112, i1 false), !dbg !964, !tbaa !889",/home/jimi/PaperExperiment/CompilerOptimization/Result/tengine/dg/dg-LLVM14-O2-g/high_precision_20260325_125828/log/dda_inv.lines.stderr.log
dda_inv,DDA,ssa+inv,lines,"WARNING: Non-0 memset:   tail call void @llvm.memset.p0i8.i64(i8* align 1 %696, i8 %703, i64 %704, i1 false) #30, !dbg !1675, !tbaa !921",/home/jimi/PaperExperiment/CompilerOptimization/Result/tengine/dg/dg-LLVM14-O2-g/high_precision_20260325_125828/log/dda_inv.lines.stderr.log
dda_inv,DDA,ssa+inv,lines,"WARNING: Non-0 memset:   call void @llvm.memset.p0i8.i64(i8* nonnull align 1 %506, i8 %501, i64 %507, i1 false) #30, !dbg !1430",/home/jimi/PaperExperiment/CompilerOptimization/Result/tengine/dg/dg-LLVM14-O2-g/high_precision_20260325_125828/log/dda_inv.lines.stderr.log
dda_inv,DDA,ssa+inv,lines,"ShuffleVector instruction is not supported, loosing precision",/home/jimi/PaperExperiment/CompilerOptimization/Result/tengine/dg/dg-LLVM14-O2-g/high_precision_20260325_125828/log/dda_inv.lines.stderr.log
dda_inv,DDA,ssa+inv,lines,"ShuffleVector instruction is not supported, loosing precision",/home/jimi/PaperExperiment/CompilerOptimization/Result/tengine/dg/dg-LLVM14-O2-g/high_precision_20260325_125828/log/dda_inv.lines.stderr.log
dda_inv,DDA,ssa+inv,lines,"ShuffleVector instruction is not supported, loosing precision",/home/jimi/PaperExperiment/CompilerOptimization/Result/tengine/dg/dg-LLVM14-O2-g/high_precision_20260325_125828/log/dda_inv.lines.stderr.log
dda_inv,DDA,ssa+inv,lines,"ShuffleVector instruction is not supported, loosing precision",/home/jimi/PaperExperiment/CompilerOptimization/Result/tengine/dg/dg-LLVM14-O2-g/high_precision_20260325_125828/log/dda_inv.lines.stderr.log
dda_inv,DDA,ssa+inv,lines,"ShuffleVector instruction is not supported, loosing precision",/home/jimi/PaperExperiment/CompilerOptimization/Result/tengine/dg/dg-LLVM14-O2-g/high_precision_20260325_125828/log/dda_inv.lines.stderr.log
dda_inv,DDA,ssa+inv,lines,"ShuffleVector instruction is not supported, loosing precision",/home/jimi/PaperExperiment/CompilerOptimization/Result/tengine/dg/dg-LLVM14-O2-g/high_precision_20260325_125828/log/dda_inv.lines.stderr.log
dda_inv,DDA,ssa+inv,lines,"ShuffleVector instruction is not supported, loosing precision",/home/jimi/PaperExperiment/CompilerOptimization/Result/tengine/dg/dg-LLVM14-O2-g/high_precision_20260325_125828/log/dda_inv.lines.stderr.log
dda_inv,DDA,ssa+inv,lines,"ShuffleVector instruction is not supported, loosing precision",/home/jimi/PaperExperiment/CompilerOptimization/Result/tengine/dg/dg-LLVM14-O2-g/high_precision_20260325_125828/log/dda_inv.lines.stderr.log
dda_inv,DDA,ssa+inv,lines,"ShuffleVector instruction is not supported, loosing precision",/home/jimi/PaperExperiment/CompilerOptimization/Result/tengine/dg/dg-LLVM14-O2-g/high_precision_20260325_125828/log/dda_inv.lines.stderr.log
dda_inv,DDA,ssa+inv,lines,"ShuffleVector instruction is not supported, loosing precision",/home/jimi/PaperExperiment/CompilerOptimization/Result/tengine/dg/dg-LLVM14-O2-g/high_precision_20260325_125828/log/dda_inv.lines.stderr.log
dda_inv,DDA,ssa+inv,lines,"ShuffleVector instruction is not supported, loosing precision",/home/jimi/PaperExperiment/CompilerOptimization/Result/tengine/dg/dg-LLVM14-O2-g/high_precision_20260325_125828/log/dda_inv.lines.stderr.log
dda_inv,DDA,ssa+inv,lines,"ShuffleVector instruction is not supported, loosing precision",/home/jimi/PaperExperiment/CompilerOptimization/Result/tengine/dg/dg-LLVM14-O2-g/high_precision_20260325_125828/log/dda_inv.lines.stderr.log
dda_inv,DDA,ssa+inv,lines,"ShuffleVector instruction is not supported, loosing precision",/home/jimi/PaperExperiment/CompilerOptimization/Result/tengine/dg/dg-LLVM14-O2-g/high_precision_20260325_125828/log/dda_inv.lines.stderr.log
dda_inv,DDA,ssa+inv,lines,"ShuffleVector instruction is not supported, loosing precision",/home/jimi/PaperExperiment/CompilerOptimization/Result/tengine/dg/dg-LLVM14-O2-g/high_precision_20260325_125828/log/dda_inv.lines.stderr.log
dda_inv,DDA,ssa+inv,lines,"ShuffleVector instruction is not supported, loosing precision",/home/jimi/PaperExperiment/CompilerOptimization/Result/tengine/dg/dg-LLVM14-O2-g/high_precision_20260325_125828/log/dda_inv.lines.stderr.log
dda_inv,DDA,ssa+inv,lines,"ShuffleVector instruction is not supported, loosing precision",/home/jimi/PaperExperiment/CompilerOptimization/Result/tengine/dg/dg-LLVM14-O2-g/high_precision_20260325_125828/log/dda_inv.lines.stderr.log
dda_inv,DDA,ssa+inv,lines,"ShuffleVector instruction is not supported, loosing precision",/home/jimi/PaperExperiment/CompilerOptimization/Result/tengine/dg/dg-LLVM14-O2-g/high_precision_20260325_125828/log/dda_inv.lines.stderr.log
dda_inv,DDA,ssa+inv,lines,"ShuffleVector instruction is not supported, loosing precision",/home/jimi/PaperExperiment/CompilerOptimization/Result/tengine/dg/dg-LLVM14-O2-g/high_precision_20260325_125828/log/dda_inv.lines.stderr.log
dda_inv,DDA,ssa+inv,lines,"ShuffleVector instruction is not supported, loosing precision",/home/jimi/PaperExperiment/CompilerOptimization/Result/tengine/dg/dg-LLVM14-O2-g/high_precision_20260325_125828/log/dda_inv.lines.stderr.log
dda_inv,DDA,ssa+inv,lines,"ShuffleVector instruction is not supported, loosing precision",/home/jimi/PaperExperiment/CompilerOptimization/Result/tengine/dg/dg-LLVM14-O2-g/high_precision_20260325_125828/log/dda_inv.lines.stderr.log
dda_inv,DDA,ssa+inv,lines,"ShuffleVector instruction is not supported, loosing precision",/home/jimi/PaperExperiment/CompilerOptimization/Result/tengine/dg/dg-LLVM14-O2-g/high_precision_20260325_125828/log/dda_inv.lines.stderr.log
dda_inv,DDA,ssa+inv,lines,"ShuffleVector instruction is not supported, loosing precision",/home/jimi/PaperExperiment/CompilerOptimization/Result/tengine/dg/dg-LLVM14-O2-g/high_precision_20260325_125828/log/dda_inv.lines.stderr.log
dda_inv,DDA,ssa+inv,lines,"ShuffleVector instruction is not supported, loosing precision",/home/jimi/PaperExperiment/CompilerOptimization/Result/tengine/dg/dg-LLVM14-O2-g/high_precision_20260325_125828/log/dda_inv.lines.stderr.log
dda_inv,DDA,ssa+inv,lines,"ShuffleVector instruction is not supported, loosing precision",/home/jimi/PaperExperiment/CompilerOptimization/Result/tengine/dg/dg-LLVM14-O2-g/high_precision_20260325_125828/log/dda_inv.lines.stderr.log
dda_inv,DDA,ssa+inv,lines,"ShuffleVector instruction is not supported, loosing precision",/home/jimi/PaperExperiment/CompilerOptimization/Result/tengine/dg/dg-LLVM14-O2-g/high_precision_20260325_125828/log/dda_inv.lines.stderr.log
dda_inv,DDA,ssa+inv,lines,"ShuffleVector instruction is not supported, loosing precision",/home/jimi/PaperExperiment/CompilerOptimization/Result/tengine/dg/dg-LLVM14-O2-g/high_precision_20260325_125828/log/dda_inv.lines.stderr.log
dda_inv,DDA,ssa+inv,lines,"ShuffleVector instruction is not supported, loosing precision",/home/jimi/PaperExperiment/CompilerOptimization/Result/tengine/dg/dg-LLVM14-O2-g/high_precision_20260325_125828/log/dda_inv.lines.stderr.log
dda_inv,DDA,ssa+inv,lines,"ShuffleVector instruction is not supported, loosing precision",/home/jimi/PaperExperiment/CompilerOptimization/Result/tengine/dg/dg-LLVM14-O2-g/high_precision_20260325_125828/log/dda_inv.lines.stderr.log
dda_inv,DDA,ssa+inv,lines,"ShuffleVector instruction is not supported, loosing precision",/home/jimi/PaperExperiment/CompilerOptimization/Result/tengine/dg/dg-LLVM14-O2-g/high_precision_20260325_125828/log/dda_inv.lines.stderr.log
dda_inv,DDA,ssa+inv,lines,"ShuffleVector instruction is not supported, loosing precision",/home/jimi/PaperExperiment/CompilerOptimization/Result/tengine/dg/dg-LLVM14-O2-g/high_precision_20260325_125828/log/dda_inv.lines.stderr.log
dda_inv,DDA,ssa+inv,lines,"ShuffleVector instruction is not supported, loosing precision",/home/jimi/PaperExperiment/CompilerOptimization/Result/tengine/dg/dg-LLVM14-O2-g/high_precision_20260325_125828/log/dda_inv.lines.stderr.log
dda_inv,DDA,ssa+inv,lines,"ShuffleVector instruction is not supported, loosing precision",/home/jimi/PaperExperiment/CompilerOptimization/Result/tengine/dg/dg-LLVM14-O2-g/high_precision_20260325_125828/log/dda_inv.lines.stderr.log
dda_inv,DDA,ssa+inv,lines,"ShuffleVector instruction is not supported, loosing precision",/home/jimi/PaperExperiment/CompilerOptimization/Result/tengine/dg/dg-LLVM14-O2-g/high_precision_20260325_125828/log/dda_inv.lines.stderr.log
dda_inv,DDA,ssa+inv,lines,"ShuffleVector instruction is not supported, loosing precision",/home/jimi/PaperExperiment/CompilerOptimization/Result/tengine/dg/dg-LLVM14-O2-g/high_precision_20260325_125828/log/dda_inv.lines.stderr.log
dda_inv,DDA,ssa+inv,lines,"ShuffleVector instruction is not supported, loosing precision",/home/jimi/PaperExperiment/CompilerOptimization/Result/tengine/dg/dg-LLVM14-O2-g/high_precision_20260325_125828/log/dda_inv.lines.stderr.log
dda_inv,DDA,ssa+inv,lines,"ShuffleVector instruction is not supported, loosing precision",/home/jimi/PaperExperiment/CompilerOptimization/Result/tengine/dg/dg-LLVM14-O2-g/high_precision_20260325_125828/log/dda_inv.lines.stderr.log
dda_inv,DDA,ssa+inv,lines,"WARNING: Non-0 memset:   tail call void @llvm.memset.p0i8.i64(i8* align 1 %301, i8 -1, i64 %304, i1 false), !dbg !1286",/home/jimi/PaperExperiment/CompilerOptimization/Result/tengine/dg/dg-LLVM14-O2-g/high_precision_20260325_125828/log/dda_inv.lines.stderr.log
dda_inv,DDA,ssa+inv,lines,IntToPtr with constant:   <badref> = inttoptr i64 1 to i8*,/home/jimi/PaperExperiment/CompilerOptimization/Result/tengine/dg/dg-LLVM14-O2-g/high_precision_20260325_125828/log/dda_inv.lines.stderr.log
dda_inv,DDA,ssa+inv,lines,"ShuffleVector instruction is not supported, loosing precision",/home/jimi/PaperExperiment/CompilerOptimization/Result/tengine/dg/dg-LLVM14-O2-g/high_precision_20260325_125828/log/dda_inv.lines.stderr.log
dda_inv,DDA,ssa+inv,lines,"ShuffleVector instruction is not supported, loosing precision",/home/jimi/PaperExperiment/CompilerOptimization/Result/tengine/dg/dg-LLVM14-O2-g/high_precision_20260325_125828/log/dda_inv.lines.stderr.log
dda_inv,DDA,ssa+inv,lines,"ShuffleVector instruction is not supported, loosing precision",/home/jimi/PaperExperiment/CompilerOptimization/Result/tengine/dg/dg-LLVM14-O2-g/high_precision_20260325_125828/log/dda_inv.lines.stderr.log
dda_inv,DDA,ssa+inv,lines,"ShuffleVector instruction is not supported, loosing precision",/home/jimi/PaperExperiment/CompilerOptimization/Result/tengine/dg/dg-LLVM14-O2-g/high_precision_20260325_125828/log/dda_inv.lines.stderr.log
dda_inv,DDA,ssa+inv,lines,"ShuffleVector instruction is not supported, loosing precision",/home/jimi/PaperExperiment/CompilerOptimization/Result/tengine/dg/dg-LLVM14-O2-g/high_precision_20260325_125828/log/dda_inv.lines.stderr.log
dda_inv,DDA,ssa+inv,lines,"ShuffleVector instruction is not supported, loosing precision",/home/jimi/PaperExperiment/CompilerOptimization/Result/tengine/dg/dg-LLVM14-O2-g/high_precision_20260325_125828/log/dda_inv.lines.stderr.log
dda_inv,DDA,ssa+inv,lines,"ShuffleVector instruction is not supported, loosing precision",/home/jimi/PaperExperiment/CompilerOptimization/Result/tengine/dg/dg-LLVM14-O2-g/high_precision_20260325_125828/log/dda_inv.lines.stderr.log
dda_inv,DDA,ssa+inv,lines,"ShuffleVector instruction is not supported, loosing precision",/home/jimi/PaperExperiment/CompilerOptimization/Result/tengine/dg/dg-LLVM14-O2-g/high_precision_20260325_125828/log/dda_inv.lines.stderr.log
dda_inv,DDA,ssa+inv,lines,"ShuffleVector instruction is not supported, loosing precision",/home/jimi/PaperExperiment/CompilerOptimization/Result/tengine/dg/dg-LLVM14-O2-g/high_precision_20260325_125828/log/dda_inv.lines.stderr.log
dda_inv,DDA,ssa+inv,lines,"ShuffleVector instruction is not supported, loosing precision",/home/jimi/PaperExperiment/CompilerOptimization/Result/tengine/dg/dg-LLVM14-O2-g/high_precision_20260325_125828/log/dda_inv.lines.stderr.log
dda_inv,DDA,ssa+inv,lines,"ShuffleVector instruction is not supported, loosing precision",/home/jimi/PaperExperiment/CompilerOptimization/Result/tengine/dg/dg-LLVM14-O2-g/high_precision_20260325_125828/log/dda_inv.lines.stderr.log
dda_inv,DDA,ssa+inv,lines,"ShuffleVector instruction is not supported, loosing precision",/home/jimi/PaperExperiment/CompilerOptimization/Result/tengine/dg/dg-LLVM14-O2-g/high_precision_20260325_125828/log/dda_inv.lines.stderr.log
dda_inv,DDA,ssa+inv,lines,"ShuffleVector instruction is not supported, loosing precision",/home/jimi/PaperExperiment/CompilerOptimization/Result/tengine/dg/dg-LLVM14-O2-g/high_precision_20260325_125828/log/dda_inv.lines.stderr.log
dda_inv,DDA,ssa+inv,lines,"ShuffleVector instruction is not supported, loosing precision",/home/jimi/PaperExperiment/CompilerOptimization/Result/tengine/dg/dg-LLVM14-O2-g/high_precision_20260325_125828/log/dda_inv.lines.stderr.log
dda_inv,DDA,ssa+inv,lines,"ShuffleVector instruction is not supported, loosing precision",/home/jimi/PaperExperiment/CompilerOptimization/Result/tengine/dg/dg-LLVM14-O2-g/high_precision_20260325_125828/log/dda_inv.lines.stderr.log
dda_inv,DDA,ssa+inv,lines,"ShuffleVector instruction is not supported, loosing precision",/home/jimi/PaperExperiment/CompilerOptimization/Result/tengine/dg/dg-LLVM14-O2-g/high_precision_20260325_125828/log/dda_inv.lines.stderr.log
dda_inv,DDA,ssa+inv,lines,"ShuffleVector instruction is not supported, loosing precision",/home/jimi/PaperExperiment/CompilerOptimization/Result/tengine/dg/dg-LLVM14-O2-g/high_precision_20260325_125828/log/dda_inv.lines.stderr.log
dda_inv,DDA,ssa+inv,lines,"ShuffleVector instruction is not supported, loosing precision",/home/jimi/PaperExperiment/CompilerOptimization/Result/tengine/dg/dg-LLVM14-O2-g/high_precision_20260325_125828/log/dda_inv.lines.stderr.log
dda_inv,DDA,ssa+inv,lines,"ShuffleVector instruction is not supported, loosing precision",/home/jimi/PaperExperiment/CompilerOptimization/Result/tengine/dg/dg-LLVM14-O2-g/high_precision_20260325_125828/log/dda_inv.lines.stderr.log
dda_inv,DDA,ssa+inv,lines,"ShuffleVector instruction is not supported, loosing precision",/home/jimi/PaperExperiment/CompilerOptimization/Result/tengine/dg/dg-LLVM14-O2-g/high_precision_20260325_125828/log/dda_inv.lines.stderr.log
dda_inv,DDA,ssa+inv,lines,"ShuffleVector instruction is not supported, loosing precision",/home/jimi/PaperExperiment/CompilerOptimization/Result/tengine/dg/dg-LLVM14-O2-g/high_precision_20260325_125828/log/dda_inv.lines.stderr.log
dda_inv,DDA,ssa+inv,lines,"ShuffleVector instruction is not supported, loosing precision",/home/jimi/PaperExperiment/CompilerOptimization/Result/tengine/dg/dg-LLVM14-O2-g/high_precision_20260325_125828/log/dda_inv.lines.stderr.log
dda_inv,DDA,ssa+inv,lines,"ShuffleVector instruction is not supported, loosing precision",/home/jimi/PaperExperiment/CompilerOptimization/Result/tengine/dg/dg-LLVM14-O2-g/high_precision_20260325_125828/log/dda_inv.lines.stderr.log
dda_inv,DDA,ssa+inv,lines,"ShuffleVector instruction is not supported, loosing precision",/home/jimi/PaperExperiment/CompilerOptimization/Result/tengine/dg/dg-LLVM14-O2-g/high_precision_20260325_125828/log/dda_inv.lines.stderr.log
dda_inv,DDA,ssa+inv,lines,"ShuffleVector instruction is not supported, loosing precision",/home/jimi/PaperExperiment/CompilerOptimization/Result/tengine/dg/dg-LLVM14-O2-g/high_precision_20260325_125828/log/dda_inv.lines.stderr.log
dda_inv,DDA,ssa+inv,lines,"ShuffleVector instruction is not supported, loosing precision",/home/jimi/PaperExperiment/CompilerOptimization/Result/tengine/dg/dg-LLVM14-O2-g/high_precision_20260325_125828/log/dda_inv.lines.stderr.log
dda_inv,DDA,ssa+inv,lines,"ShuffleVector instruction is not supported, loosing precision",/home/jimi/PaperExperiment/CompilerOptimization/Result/tengine/dg/dg-LLVM14-O2-g/high_precision_20260325_125828/log/dda_inv.lines.stderr.log
dda_inv,DDA,ssa+inv,lines,"ShuffleVector instruction is not supported, loosing precision",/home/jimi/PaperExperiment/CompilerOptimization/Result/tengine/dg/dg-LLVM14-O2-g/high_precision_20260325_125828/log/dda_inv.lines.stderr.log
dda_inv,DDA,ssa+inv,lines,"ShuffleVector instruction is not supported, loosing precision",/home/jimi/PaperExperiment/CompilerOptimization/Result/tengine/dg/dg-LLVM14-O2-g/high_precision_20260325_125828/log/dda_inv.lines.stderr.log
dda_inv,DDA,ssa+inv,lines,"ShuffleVector instruction is not supported, loosing precision",/home/jimi/PaperExperiment/CompilerOptimization/Result/tengine/dg/dg-LLVM14-O2-g/high_precision_20260325_125828/log/dda_inv.lines.stderr.log
dda_inv,DDA,ssa+inv,lines,"ShuffleVector instruction is not supported, loosing precision",/home/jimi/PaperExperiment/CompilerOptimization/Result/tengine/dg/dg-LLVM14-O2-g/high_precision_20260325_125828/log/dda_inv.lines.stderr.log
dda_inv,DDA,ssa+inv,lines,"ShuffleVector instruction is not supported, loosing precision",/home/jimi/PaperExperiment/CompilerOptimization/Result/tengine/dg/dg-LLVM14-O2-g/high_precision_20260325_125828/log/dda_inv.lines.stderr.log
dda_inv,DDA,ssa+inv,lines,"ShuffleVector instruction is not supported, loosing precision",/home/jimi/PaperExperiment/CompilerOptimization/Result/tengine/dg/dg-LLVM14-O2-g/high_precision_20260325_125828/log/dda_inv.lines.stderr.log
dda_inv,DDA,ssa+inv,lines,"ShuffleVector instruction is not supported, loosing precision",/home/jimi/PaperExperiment/CompilerOptimization/Result/tengine/dg/dg-LLVM14-O2-g/high_precision_20260325_125828/log/dda_inv.lines.stderr.log
dda_inv,DDA,ssa+inv,lines,"ShuffleVector instruction is not supported, loosing precision",/home/jimi/PaperExperiment/CompilerOptimization/Result/tengine/dg/dg-LLVM14-O2-g/high_precision_20260325_125828/log/dda_inv.lines.stderr.log
dda_inv,DDA,ssa+inv,lines,"ShuffleVector instruction is not supported, loosing precision",/home/jimi/PaperExperiment/CompilerOptimization/Result/tengine/dg/dg-LLVM14-O2-g/high_precision_20260325_125828/log/dda_inv.lines.stderr.log
dda_inv,DDA,ssa+inv,lines,"ShuffleVector instruction is not supported, loosing precision",/home/jimi/PaperExperiment/CompilerOptimization/Result/tengine/dg/dg-LLVM14-O2-g/high_precision_20260325_125828/log/dda_inv.lines.stderr.log
dda_inv,DDA,ssa+inv,lines,"ShuffleVector instruction is not supported, loosing precision",/home/jimi/PaperExperiment/CompilerOptimization/Result/tengine/dg/dg-LLVM14-O2-g/high_precision_20260325_125828/log/dda_inv.lines.stderr.log
dda_inv,DDA,ssa+inv,lines,"ShuffleVector instruction is not supported, loosing precision",/home/jimi/PaperExperiment/CompilerOptimization/Result/tengine/dg/dg-LLVM14-O2-g/high_precision_20260325_125828/log/dda_inv.lines.stderr.log
dda_inv,DDA,ssa+inv,lines,"ShuffleVector instruction is not supported, loosing precision",/home/jimi/PaperExperiment/CompilerOptimization/Result/tengine/dg/dg-LLVM14-O2-g/high_precision_20260325_125828/log/dda_inv.lines.stderr.log
dda_inv,DDA,ssa+inv,lines,"ShuffleVector instruction is not supported, loosing precision",/home/jimi/PaperExperiment/CompilerOptimization/Result/tengine/dg/dg-LLVM14-O2-g/high_precision_20260325_125828/log/dda_inv.lines.stderr.log
dda_inv,DDA,ssa+inv,lines,"ShuffleVector instruction is not supported, loosing precision",/home/jimi/PaperExperiment/CompilerOptimization/Result/tengine/dg/dg-LLVM14-O2-g/high_precision_20260325_125828/log/dda_inv.lines.stderr.log
dda_inv,DDA,ssa+inv,lines,"ShuffleVector instruction is not supported, loosing precision",/home/jimi/PaperExperiment/CompilerOptimization/Result/tengine/dg/dg-LLVM14-O2-g/high_precision_20260325_125828/log/dda_inv.lines.stderr.log
dda_inv,DDA,ssa+inv,lines,"ShuffleVector instruction is not supported, loosing precision",/home/jimi/PaperExperiment/CompilerOptimization/Result/tengine/dg/dg-LLVM14-O2-g/high_precision_20260325_125828/log/dda_inv.lines.stderr.log
dda_inv,DDA,ssa+inv,lines,"ShuffleVector instruction is not supported, loosing precision",/home/jimi/PaperExperiment/CompilerOptimization/Result/tengine/dg/dg-LLVM14-O2-g/high_precision_20260325_125828/log/dda_inv.lines.stderr.log
dda_inv,DDA,ssa+inv,lines,"ShuffleVector instruction is not supported, loosing precision",/home/jimi/PaperExperiment/CompilerOptimization/Result/tengine/dg/dg-LLVM14-O2-g/high_precision_20260325_125828/log/dda_inv.lines.stderr.log
dda_inv,DDA,ssa+inv,lines,"ShuffleVector instruction is not supported, loosing precision",/home/jimi/PaperExperiment/CompilerOptimization/Result/tengine/dg/dg-LLVM14-O2-g/high_precision_20260325_125828/log/dda_inv.lines.stderr.log
dda_inv,DDA,ssa+inv,lines,"ShuffleVector instruction is not supported, loosing precision",/home/jimi/PaperExperiment/CompilerOptimization/Result/tengine/dg/dg-LLVM14-O2-g/high_precision_20260325_125828/log/dda_inv.lines.stderr.log
dda_inv,DDA,ssa+inv,lines,"ShuffleVector instruction is not supported, loosing precision",/home/jimi/PaperExperiment/CompilerOptimization/Result/tengine/dg/dg-LLVM14-O2-g/high_precision_20260325_125828/log/dda_inv.lines.stderr.log
dda_inv,DDA,ssa+inv,lines,"ShuffleVector instruction is not supported, loosing precision",/home/jimi/PaperExperiment/CompilerOptimization/Result/tengine/dg/dg-LLVM14-O2-g/high_precision_20260325_125828/log/dda_inv.lines.stderr.log
dda_inv,DDA,ssa+inv,lines,"ShuffleVector instruction is not supported, loosing precision",/home/jimi/PaperExperiment/CompilerOptimization/Result/tengine/dg/dg-LLVM14-O2-g/high_precision_20260325_125828/log/dda_inv.lines.stderr.log
dda_inv,DDA,ssa+inv,lines,"ShuffleVector instruction is not supported, loosing precision",/home/jimi/PaperExperiment/CompilerOptimization/Result/tengine/dg/dg-LLVM14-O2-g/high_precision_20260325_125828/log/dda_inv.lines.stderr.log
dda_inv,DDA,ssa+inv,lines,"ShuffleVector instruction is not supported, loosing precision",/home/jimi/PaperExperiment/CompilerOptimization/Result/tengine/dg/dg-LLVM14-O2-g/high_precision_20260325_125828/log/dda_inv.lines.stderr.log
dda_inv,DDA,ssa+inv,lines,"ShuffleVector instruction is not supported, loosing precision",/home/jimi/PaperExperiment/CompilerOptimization/Result/tengine/dg/dg-LLVM14-O2-g/high_precision_20260325_125828/log/dda_inv.lines.stderr.log
dda_inv,DDA,ssa+inv,lines,"ShuffleVector instruction is not supported, loosing precision",/home/jimi/PaperExperiment/CompilerOptimization/Result/tengine/dg/dg-LLVM14-O2-g/high_precision_20260325_125828/log/dda_inv.lines.stderr.log
dda_inv,DDA,ssa+inv,lines,"ShuffleVector instruction is not supported, loosing precision",/home/jimi/PaperExperiment/CompilerOptimization/Result/tengine/dg/dg-LLVM14-O2-g/high_precision_20260325_125828/log/dda_inv.lines.stderr.log
dda_inv,DDA,ssa+inv,lines,"ShuffleVector instruction is not supported, loosing precision",/home/jimi/PaperExperiment/CompilerOptimization/Result/tengine/dg/dg-LLVM14-O2-g/high_precision_20260325_125828/log/dda_inv.lines.stderr.log
dda_inv,DDA,ssa+inv,lines,"ShuffleVector instruction is not supported, loosing precision",/home/jimi/PaperExperiment/CompilerOptimization/Result/tengine/dg/dg-LLVM14-O2-g/high_precision_20260325_125828/log/dda_inv.lines.stderr.log
dda_inv,DDA,ssa+inv,lines,"ShuffleVector instruction is not supported, loosing precision",/home/jimi/PaperExperiment/CompilerOptimization/Result/tengine/dg/dg-LLVM14-O2-g/high_precision_20260325_125828/log/dda_inv.lines.stderr.log
dda_inv,DDA,ssa+inv,lines,"ShuffleVector instruction is not supported, loosing precision",/home/jimi/PaperExperiment/CompilerOptimization/Result/tengine/dg/dg-LLVM14-O2-g/high_precision_20260325_125828/log/dda_inv.lines.stderr.log
dda_inv,DDA,ssa+inv,lines,"ShuffleVector instruction is not supported, loosing precision",/home/jimi/PaperExperiment/CompilerOptimization/Result/tengine/dg/dg-LLVM14-O2-g/high_precision_20260325_125828/log/dda_inv.lines.stderr.log
dda_inv,DDA,ssa+inv,lines,"ShuffleVector instruction is not supported, loosing precision",/home/jimi/PaperExperiment/CompilerOptimization/Result/tengine/dg/dg-LLVM14-O2-g/high_precision_20260325_125828/log/dda_inv.lines.stderr.log
dda_inv,DDA,ssa+inv,lines,"ShuffleVector instruction is not supported, loosing precision",/home/jimi/PaperExperiment/CompilerOptimization/Result/tengine/dg/dg-LLVM14-O2-g/high_precision_20260325_125828/log/dda_inv.lines.stderr.log
dda_inv,DDA,ssa+inv,lines,"ShuffleVector instruction is not supported, loosing precision",/home/jimi/PaperExperiment/CompilerOptimization/Result/tengine/dg/dg-LLVM14-O2-g/high_precision_20260325_125828/log/dda_inv.lines.stderr.log
dda_inv,DDA,ssa+inv,lines,"ShuffleVector instruction is not supported, loosing precision",/home/jimi/PaperExperiment/CompilerOptimization/Result/tengine/dg/dg-LLVM14-O2-g/high_precision_20260325_125828/log/dda_inv.lines.stderr.log
dda_inv,DDA,ssa+inv,lines,"ShuffleVector instruction is not supported, loosing precision",/home/jimi/PaperExperiment/CompilerOptimization/Result/tengine/dg/dg-LLVM14-O2-g/high_precision_20260325_125828/log/dda_inv.lines.stderr.log
dda_inv,DDA,ssa+inv,lines,"ShuffleVector instruction is not supported, loosing precision",/home/jimi/PaperExperiment/CompilerOptimization/Result/tengine/dg/dg-LLVM14-O2-g/high_precision_20260325_125828/log/dda_inv.lines.stderr.log
dda_inv,DDA,ssa+inv,lines,"ShuffleVector instruction is not supported, loosing precision",/home/jimi/PaperExperiment/CompilerOptimization/Result/tengine/dg/dg-LLVM14-O2-g/high_precision_20260325_125828/log/dda_inv.lines.stderr.log
dda_inv,DDA,ssa+inv,lines,"ShuffleVector instruction is not supported, loosing precision",/home/jimi/PaperExperiment/CompilerOptimization/Result/tengine/dg/dg-LLVM14-O2-g/high_precision_20260325_125828/log/dda_inv.lines.stderr.log
dda_inv,DDA,ssa+inv,lines,"ShuffleVector instruction is not supported, loosing precision",/home/jimi/PaperExperiment/CompilerOptimization/Result/tengine/dg/dg-LLVM14-O2-g/high_precision_20260325_125828/log/dda_inv.lines.stderr.log
dda_inv,DDA,ssa+inv,lines,"ShuffleVector instruction is not supported, loosing precision",/home/jimi/PaperExperiment/CompilerOptimization/Result/tengine/dg/dg-LLVM14-O2-g/high_precision_20260325_125828/log/dda_inv.lines.stderr.log
dda_inv,DDA,ssa+inv,lines,"ShuffleVector instruction is not supported, loosing precision",/home/jimi/PaperExperiment/CompilerOptimization/Result/tengine/dg/dg-LLVM14-O2-g/high_precision_20260325_125828/log/dda_inv.lines.stderr.log
dda_inv,DDA,ssa+inv,lines,"ShuffleVector instruction is not supported, loosing precision",/home/jimi/PaperExperiment/CompilerOptimization/Result/tengine/dg/dg-LLVM14-O2-g/high_precision_20260325_125828/log/dda_inv.lines.stderr.log
dda_inv,DDA,ssa+inv,lines,"ShuffleVector instruction is not supported, loosing precision",/home/jimi/PaperExperiment/CompilerOptimization/Result/tengine/dg/dg-LLVM14-O2-g/high_precision_20260325_125828/log/dda_inv.lines.stderr.log
dda_inv,DDA,ssa+inv,lines,"ShuffleVector instruction is not supported, loosing precision",/home/jimi/PaperExperiment/CompilerOptimization/Result/tengine/dg/dg-LLVM14-O2-g/high_precision_20260325_125828/log/dda_inv.lines.stderr.log
dda_inv,DDA,ssa+inv,lines,"ShuffleVector instruction is not supported, loosing precision",/home/jimi/PaperExperiment/CompilerOptimization/Result/tengine/dg/dg-LLVM14-O2-g/high_precision_20260325_125828/log/dda_inv.lines.stderr.log
dda_inv,DDA,ssa+inv,lines,"ShuffleVector instruction is not supported, loosing precision",/home/jimi/PaperExperiment/CompilerOptimization/Result/tengine/dg/dg-LLVM14-O2-g/high_precision_20260325_125828/log/dda_inv.lines.stderr.log
dda_inv,DDA,ssa+inv,lines,"ShuffleVector instruction is not supported, loosing precision",/home/jimi/PaperExperiment/CompilerOptimization/Result/tengine/dg/dg-LLVM14-O2-g/high_precision_20260325_125828/log/dda_inv.lines.stderr.log
dda_inv,DDA,ssa+inv,lines,"ShuffleVector instruction is not supported, loosing precision",/home/jimi/PaperExperiment/CompilerOptimization/Result/tengine/dg/dg-LLVM14-O2-g/high_precision_20260325_125828/log/dda_inv.lines.stderr.log
dda_inv,DDA,ssa+inv,lines,"ShuffleVector instruction is not supported, loosing precision",/home/jimi/PaperExperiment/CompilerOptimization/Result/tengine/dg/dg-LLVM14-O2-g/high_precision_20260325_125828/log/dda_inv.lines.stderr.log
dda_inv,DDA,ssa+inv,lines,"ShuffleVector instruction is not supported, loosing precision",/home/jimi/PaperExperiment/CompilerOptimization/Result/tengine/dg/dg-LLVM14-O2-g/high_precision_20260325_125828/log/dda_inv.lines.stderr.log
dda_inv,DDA,ssa+inv,lines,"ShuffleVector instruction is not supported, loosing precision",/home/jimi/PaperExperiment/CompilerOptimization/Result/tengine/dg/dg-LLVM14-O2-g/high_precision_20260325_125828/log/dda_inv.lines.stderr.log
dda_inv,DDA,ssa+inv,lines,"ShuffleVector instruction is not supported, loosing precision",/home/jimi/PaperExperiment/CompilerOptimization/Result/tengine/dg/dg-LLVM14-O2-g/high_precision_20260325_125828/log/dda_inv.lines.stderr.log
dda_inv,DDA,ssa+inv,lines,"ShuffleVector instruction is not supported, loosing precision",/home/jimi/PaperExperiment/CompilerOptimization/Result/tengine/dg/dg-LLVM14-O2-g/high_precision_20260325_125828/log/dda_inv.lines.stderr.log
dda_inv,DDA,ssa+inv,lines,"ShuffleVector instruction is not supported, loosing precision",/home/jimi/PaperExperiment/CompilerOptimization/Result/tengine/dg/dg-LLVM14-O2-g/high_precision_20260325_125828/log/dda_inv.lines.stderr.log
dda_inv,DDA,ssa+inv,lines,"ShuffleVector instruction is not supported, loosing precision",/home/jimi/PaperExperiment/CompilerOptimization/Result/tengine/dg/dg-LLVM14-O2-g/high_precision_20260325_125828/log/dda_inv.lines.stderr.log
dda_inv,DDA,ssa+inv,lines,"ShuffleVector instruction is not supported, loosing precision",/home/jimi/PaperExperiment/CompilerOptimization/Result/tengine/dg/dg-LLVM14-O2-g/high_precision_20260325_125828/log/dda_inv.lines.stderr.log
dda_inv,DDA,ssa+inv,lines,"ShuffleVector instruction is not supported, loosing precision",/home/jimi/PaperExperiment/CompilerOptimization/Result/tengine/dg/dg-LLVM14-O2-g/high_precision_20260325_125828/log/dda_inv.lines.stderr.log
dda_inv,DDA,ssa+inv,lines,"ShuffleVector instruction is not supported, loosing precision",/home/jimi/PaperExperiment/CompilerOptimization/Result/tengine/dg/dg-LLVM14-O2-g/high_precision_20260325_125828/log/dda_inv.lines.stderr.log
dda_inv,DDA,ssa+inv,lines,"ShuffleVector instruction is not supported, loosing precision",/home/jimi/PaperExperiment/CompilerOptimization/Result/tengine/dg/dg-LLVM14-O2-g/high_precision_20260325_125828/log/dda_inv.lines.stderr.log
dda_inv,DDA,ssa+inv,lines,"ShuffleVector instruction is not supported, loosing precision",/home/jimi/PaperExperiment/CompilerOptimization/Result/tengine/dg/dg-LLVM14-O2-g/high_precision_20260325_125828/log/dda_inv.lines.stderr.log
dda_inv,DDA,ssa+inv,lines,"ShuffleVector instruction is not supported, loosing precision",/home/jimi/PaperExperiment/CompilerOptimization/Result/tengine/dg/dg-LLVM14-O2-g/high_precision_20260325_125828/log/dda_inv.lines.stderr.log
dda_inv,DDA,ssa+inv,lines,"ShuffleVector instruction is not supported, loosing precision",/home/jimi/PaperExperiment/CompilerOptimization/Result/tengine/dg/dg-LLVM14-O2-g/high_precision_20260325_125828/log/dda_inv.lines.stderr.log
dda_inv,DDA,ssa+inv,lines,"ShuffleVector instruction is not supported, loosing precision",/home/jimi/PaperExperiment/CompilerOptimization/Result/tengine/dg/dg-LLVM14-O2-g/high_precision_20260325_125828/log/dda_inv.lines.stderr.log
dda_inv,DDA,ssa+inv,lines,"ShuffleVector instruction is not supported, loosing precision",/home/jimi/PaperExperiment/CompilerOptimization/Result/tengine/dg/dg-LLVM14-O2-g/high_precision_20260325_125828/log/dda_inv.lines.stderr.log
dda_inv,DDA,ssa+inv,lines,"ShuffleVector instruction is not supported, loosing precision",/home/jimi/PaperExperiment/CompilerOptimization/Result/tengine/dg/dg-LLVM14-O2-g/high_precision_20260325_125828/log/dda_inv.lines.stderr.log
dda_inv,DDA,ssa+inv,lines,"ShuffleVector instruction is not supported, loosing precision",/home/jimi/PaperExperiment/CompilerOptimization/Result/tengine/dg/dg-LLVM14-O2-g/high_precision_20260325_125828/log/dda_inv.lines.stderr.log
dda_inv,DDA,ssa+inv,lines,"ShuffleVector instruction is not supported, loosing precision",/home/jimi/PaperExperiment/CompilerOptimization/Result/tengine/dg/dg-LLVM14-O2-g/high_precision_20260325_125828/log/dda_inv.lines.stderr.log
dda_inv,DDA,ssa+inv,lines,"ShuffleVector instruction is not supported, loosing precision",/home/jimi/PaperExperiment/CompilerOptimization/Result/tengine/dg/dg-LLVM14-O2-g/high_precision_20260325_125828/log/dda_inv.lines.stderr.log
dda_inv,DDA,ssa+inv,lines,"ShuffleVector instruction is not supported, loosing precision",/home/jimi/PaperExperiment/CompilerOptimization/Result/tengine/dg/dg-LLVM14-O2-g/high_precision_20260325_125828/log/dda_inv.lines.stderr.log
dda_inv,DDA,ssa+inv,lines,"ShuffleVector instruction is not supported, loosing precision",/home/jimi/PaperExperiment/CompilerOptimization/Result/tengine/dg/dg-LLVM14-O2-g/high_precision_20260325_125828/log/dda_inv.lines.stderr.log
dda_inv,DDA,ssa+inv,lines,"ShuffleVector instruction is not supported, loosing precision",/home/jimi/PaperExperiment/CompilerOptimization/Result/tengine/dg/dg-LLVM14-O2-g/high_precision_20260325_125828/log/dda_inv.lines.stderr.log
dda_inv,DDA,ssa+inv,lines,"ShuffleVector instruction is not supported, loosing precision",/home/jimi/PaperExperiment/CompilerOptimization/Result/tengine/dg/dg-LLVM14-O2-g/high_precision_20260325_125828/log/dda_inv.lines.stderr.log
dda_inv,DDA,ssa+inv,lines,"ShuffleVector instruction is not supported, loosing precision",/home/jimi/PaperExperiment/CompilerOptimization/Result/tengine/dg/dg-LLVM14-O2-g/high_precision_20260325_125828/log/dda_inv.lines.stderr.log
dda_inv,DDA,ssa+inv,lines,"ShuffleVector instruction is not supported, loosing precision",/home/jimi/PaperExperiment/CompilerOptimization/Result/tengine/dg/dg-LLVM14-O2-g/high_precision_20260325_125828/log/dda_inv.lines.stderr.log
dda_inv,DDA,ssa+inv,lines,"ShuffleVector instruction is not supported, loosing precision",/home/jimi/PaperExperiment/CompilerOptimization/Result/tengine/dg/dg-LLVM14-O2-g/high_precision_20260325_125828/log/dda_inv.lines.stderr.log
dda_inv,DDA,ssa+inv,lines,"ShuffleVector instruction is not supported, loosing precision",/home/jimi/PaperExperiment/CompilerOptimization/Result/tengine/dg/dg-LLVM14-O2-g/high_precision_20260325_125828/log/dda_inv.lines.stderr.log
dda_inv,DDA,ssa+inv,lines,"ShuffleVector instruction is not supported, loosing precision",/home/jimi/PaperExperiment/CompilerOptimization/Result/tengine/dg/dg-LLVM14-O2-g/high_precision_20260325_125828/log/dda_inv.lines.stderr.log
dda_inv,DDA,ssa+inv,dot,"WARNING: Non-0 memset:   tail call void @llvm.memset.p0i8.i64(i8* noundef nonnull align 4 dereferenceable(512) %70, i8 -1, i64 512, i1 false), !dbg !950",/home/jimi/PaperExperiment/CompilerOptimization/Result/tengine/dg/dg-LLVM14-O2-g/high_precision_20260325_125828/log/dda_inv.dot.stderr.log
dda_inv,DDA,ssa+inv,dot,"WARNING: Non-0 memset:   call void @llvm.memset.p0i8.i64(i8* noundef nonnull align 1 dereferenceable(1) %134, i8 %132, i64 %135, i1 false), !dbg !964, !tbaa !889",/home/jimi/PaperExperiment/CompilerOptimization/Result/tengine/dg/dg-LLVM14-O2-g/high_precision_20260325_125828/log/dda_inv.dot.stderr.log
dda_inv,DDA,ssa+inv,dot,"WARNING: Non-0 memset:   call void @llvm.memset.p0i8.i64(i8* noundef nonnull align 1 dereferenceable(1) %94, i8 %92, i64 %95, i1 false), !dbg !964, !tbaa !889",/home/jimi/PaperExperiment/CompilerOptimization/Result/tengine/dg/dg-LLVM14-O2-g/high_precision_20260325_125828/log/dda_inv.dot.stderr.log
dda_inv,DDA,ssa+inv,dot,"WARNING: Non-0 memset:   call void @llvm.memset.p0i8.i64(i8* noundef nonnull align 1 dereferenceable(1) %111, i8 %109, i64 %112, i1 false), !dbg !964, !tbaa !889",/home/jimi/PaperExperiment/CompilerOptimization/Result/tengine/dg/dg-LLVM14-O2-g/high_precision_20260325_125828/log/dda_inv.dot.stderr.log
dda_inv,DDA,ssa+inv,dot,"WARNING: Non-0 memset:   tail call void @llvm.memset.p0i8.i64(i8* align 1 %696, i8 %703, i64 %704, i1 false) #30, !dbg !1675, !tbaa !921",/home/jimi/PaperExperiment/CompilerOptimization/Result/tengine/dg/dg-LLVM14-O2-g/high_precision_20260325_125828/log/dda_inv.dot.stderr.log
dda_inv,DDA,ssa+inv,dot,"WARNING: Non-0 memset:   call void @llvm.memset.p0i8.i64(i8* nonnull align 1 %506, i8 %501, i64 %507, i1 false) #30, !dbg !1430",/home/jimi/PaperExperiment/CompilerOptimization/Result/tengine/dg/dg-LLVM14-O2-g/high_precision_20260325_125828/log/dda_inv.dot.stderr.log
dda_inv,DDA,ssa+inv,dot,"ShuffleVector instruction is not supported, loosing precision",/home/jimi/PaperExperiment/CompilerOptimization/Result/tengine/dg/dg-LLVM14-O2-g/high_precision_20260325_125828/log/dda_inv.dot.stderr.log
dda_inv,DDA,ssa+inv,dot,"ShuffleVector instruction is not supported, loosing precision",/home/jimi/PaperExperiment/CompilerOptimization/Result/tengine/dg/dg-LLVM14-O2-g/high_precision_20260325_125828/log/dda_inv.dot.stderr.log
dda_inv,DDA,ssa+inv,dot,"ShuffleVector instruction is not supported, loosing precision",/home/jimi/PaperExperiment/CompilerOptimization/Result/tengine/dg/dg-LLVM14-O2-g/high_precision_20260325_125828/log/dda_inv.dot.stderr.log
dda_inv,DDA,ssa+inv,dot,"ShuffleVector instruction is not supported, loosing precision",/home/jimi/PaperExperiment/CompilerOptimization/Result/tengine/dg/dg-LLVM14-O2-g/high_precision_20260325_125828/log/dda_inv.dot.stderr.log
dda_inv,DDA,ssa+inv,dot,"ShuffleVector instruction is not supported, loosing precision",/home/jimi/PaperExperiment/CompilerOptimization/Result/tengine/dg/dg-LLVM14-O2-g/high_precision_20260325_125828/log/dda_inv.dot.stderr.log
dda_inv,DDA,ssa+inv,dot,"ShuffleVector instruction is not supported, loosing precision",/home/jimi/PaperExperiment/CompilerOptimization/Result/tengine/dg/dg-LLVM14-O2-g/high_precision_20260325_125828/log/dda_inv.dot.stderr.log
dda_inv,DDA,ssa+inv,dot,"ShuffleVector instruction is not supported, loosing precision",/home/jimi/PaperExperiment/CompilerOptimization/Result/tengine/dg/dg-LLVM14-O2-g/high_precision_20260325_125828/log/dda_inv.dot.stderr.log
dda_inv,DDA,ssa+inv,dot,"ShuffleVector instruction is not supported, loosing precision",/home/jimi/PaperExperiment/CompilerOptimization/Result/tengine/dg/dg-LLVM14-O2-g/high_precision_20260325_125828/log/dda_inv.dot.stderr.log
dda_inv,DDA,ssa+inv,dot,"ShuffleVector instruction is not supported, loosing precision",/home/jimi/PaperExperiment/CompilerOptimization/Result/tengine/dg/dg-LLVM14-O2-g/high_precision_20260325_125828/log/dda_inv.dot.stderr.log
dda_inv,DDA,ssa+inv,dot,"ShuffleVector instruction is not supported, loosing precision",/home/jimi/PaperExperiment/CompilerOptimization/Result/tengine/dg/dg-LLVM14-O2-g/high_precision_20260325_125828/log/dda_inv.dot.stderr.log
dda_inv,DDA,ssa+inv,dot,"ShuffleVector instruction is not supported, loosing precision",/home/jimi/PaperExperiment/CompilerOptimization/Result/tengine/dg/dg-LLVM14-O2-g/high_precision_20260325_125828/log/dda_inv.dot.stderr.log
dda_inv,DDA,ssa+inv,dot,"ShuffleVector instruction is not supported, loosing precision",/home/jimi/PaperExperiment/CompilerOptimization/Result/tengine/dg/dg-LLVM14-O2-g/high_precision_20260325_125828/log/dda_inv.dot.stderr.log
dda_inv,DDA,ssa+inv,dot,"ShuffleVector instruction is not supported, loosing precision",/home/jimi/PaperExperiment/CompilerOptimization/Result/tengine/dg/dg-LLVM14-O2-g/high_precision_20260325_125828/log/dda_inv.dot.stderr.log
dda_inv,DDA,ssa+inv,dot,"ShuffleVector instruction is not supported, loosing precision",/home/jimi/PaperExperiment/CompilerOptimization/Result/tengine/dg/dg-LLVM14-O2-g/high_precision_20260325_125828/log/dda_inv.dot.stderr.log
dda_inv,DDA,ssa+inv,dot,"ShuffleVector instruction is not supported, loosing precision",/home/jimi/PaperExperiment/CompilerOptimization/Result/tengine/dg/dg-LLVM14-O2-g/high_precision_20260325_125828/log/dda_inv.dot.stderr.log
dda_inv,DDA,ssa+inv,dot,"ShuffleVector instruction is not supported, loosing precision",/home/jimi/PaperExperiment/CompilerOptimization/Result/tengine/dg/dg-LLVM14-O2-g/high_precision_20260325_125828/log/dda_inv.dot.stderr.log
dda_inv,DDA,ssa+inv,dot,"ShuffleVector instruction is not supported, loosing precision",/home/jimi/PaperExperiment/CompilerOptimization/Result/tengine/dg/dg-LLVM14-O2-g/high_precision_20260325_125828/log/dda_inv.dot.stderr.log
dda_inv,DDA,ssa+inv,dot,"ShuffleVector instruction is not supported, loosing precision",/home/jimi/PaperExperiment/CompilerOptimization/Result/tengine/dg/dg-LLVM14-O2-g/high_precision_20260325_125828/log/dda_inv.dot.stderr.log
dda_inv,DDA,ssa+inv,dot,"ShuffleVector instruction is not supported, loosing precision",/home/jimi/PaperExperiment/CompilerOptimization/Result/tengine/dg/dg-LLVM14-O2-g/high_precision_20260325_125828/log/dda_inv.dot.stderr.log
dda_inv,DDA,ssa+inv,dot,"ShuffleVector instruction is not supported, loosing precision",/home/jimi/PaperExperiment/CompilerOptimization/Result/tengine/dg/dg-LLVM14-O2-g/high_precision_20260325_125828/log/dda_inv.dot.stderr.log
dda_inv,DDA,ssa+inv,dot,"ShuffleVector instruction is not supported, loosing precision",/home/jimi/PaperExperiment/CompilerOptimization/Result/tengine/dg/dg-LLVM14-O2-g/high_precision_20260325_125828/log/dda_inv.dot.stderr.log
dda_inv,DDA,ssa+inv,dot,"ShuffleVector instruction is not supported, loosing precision",/home/jimi/PaperExperiment/CompilerOptimization/Result/tengine/dg/dg-LLVM14-O2-g/high_precision_20260325_125828/log/dda_inv.dot.stderr.log
dda_inv,DDA,ssa+inv,dot,"ShuffleVector instruction is not supported, loosing precision",/home/jimi/PaperExperiment/CompilerOptimization/Result/tengine/dg/dg-LLVM14-O2-g/high_precision_20260325_125828/log/dda_inv.dot.stderr.log
dda_inv,DDA,ssa+inv,dot,"ShuffleVector instruction is not supported, loosing precision",/home/jimi/PaperExperiment/CompilerOptimization/Result/tengine/dg/dg-LLVM14-O2-g/high_precision_20260325_125828/log/dda_inv.dot.stderr.log
dda_inv,DDA,ssa+inv,dot,"ShuffleVector instruction is not supported, loosing precision",/home/jimi/PaperExperiment/CompilerOptimization/Result/tengine/dg/dg-LLVM14-O2-g/high_precision_20260325_125828/log/dda_inv.dot.stderr.log
dda_inv,DDA,ssa+inv,dot,"ShuffleVector instruction is not supported, loosing precision",/home/jimi/PaperExperiment/CompilerOptimization/Result/tengine/dg/dg-LLVM14-O2-g/high_precision_20260325_125828/log/dda_inv.dot.stderr.log
dda_inv,DDA,ssa+inv,dot,"ShuffleVector instruction is not supported, loosing precision",/home/jimi/PaperExperiment/CompilerOptimization/Result/tengine/dg/dg-LLVM14-O2-g/high_precision_20260325_125828/log/dda_inv.dot.stderr.log
dda_inv,DDA,ssa+inv,dot,"ShuffleVector instruction is not supported, loosing precision",/home/jimi/PaperExperiment/CompilerOptimization/Result/tengine/dg/dg-LLVM14-O2-g/high_precision_20260325_125828/log/dda_inv.dot.stderr.log
dda_inv,DDA,ssa+inv,dot,"ShuffleVector instruction is not supported, loosing precision",/home/jimi/PaperExperiment/CompilerOptimization/Result/tengine/dg/dg-LLVM14-O2-g/high_precision_20260325_125828/log/dda_inv.dot.stderr.log
dda_inv,DDA,ssa+inv,dot,"ShuffleVector instruction is not supported, loosing precision",/home/jimi/PaperExperiment/CompilerOptimization/Result/tengine/dg/dg-LLVM14-O2-g/high_precision_20260325_125828/log/dda_inv.dot.stderr.log
dda_inv,DDA,ssa+inv,dot,"ShuffleVector instruction is not supported, loosing precision",/home/jimi/PaperExperiment/CompilerOptimization/Result/tengine/dg/dg-LLVM14-O2-g/high_precision_20260325_125828/log/dda_inv.dot.stderr.log
dda_inv,DDA,ssa+inv,dot,"ShuffleVector instruction is not supported, loosing precision",/home/jimi/PaperExperiment/CompilerOptimization/Result/tengine/dg/dg-LLVM14-O2-g/high_precision_20260325_125828/log/dda_inv.dot.stderr.log
dda_inv,DDA,ssa+inv,dot,"ShuffleVector instruction is not supported, loosing precision",/home/jimi/PaperExperiment/CompilerOptimization/Result/tengine/dg/dg-LLVM14-O2-g/high_precision_20260325_125828/log/dda_inv.dot.stderr.log
dda_inv,DDA,ssa+inv,dot,"ShuffleVector instruction is not supported, loosing precision",/home/jimi/PaperExperiment/CompilerOptimization/Result/tengine/dg/dg-LLVM14-O2-g/high_precision_20260325_125828/log/dda_inv.dot.stderr.log
dda_inv,DDA,ssa+inv,dot,"ShuffleVector instruction is not supported, loosing precision",/home/jimi/PaperExperiment/CompilerOptimization/Result/tengine/dg/dg-LLVM14-O2-g/high_precision_20260325_125828/log/dda_inv.dot.stderr.log
dda_inv,DDA,ssa+inv,dot,"ShuffleVector instruction is not supported, loosing precision",/home/jimi/PaperExperiment/CompilerOptimization/Result/tengine/dg/dg-LLVM14-O2-g/high_precision_20260325_125828/log/dda_inv.dot.stderr.log
dda_inv,DDA,ssa+inv,dot,"WARNING: Non-0 memset:   tail call void @llvm.memset.p0i8.i64(i8* align 1 %301, i8 -1, i64 %304, i1 false), !dbg !1286",/home/jimi/PaperExperiment/CompilerOptimization/Result/tengine/dg/dg-LLVM14-O2-g/high_precision_20260325_125828/log/dda_inv.dot.stderr.log
dda_inv,DDA,ssa+inv,dot,IntToPtr with constant:   <badref> = inttoptr i64 1 to i8*,/home/jimi/PaperExperiment/CompilerOptimization/Result/tengine/dg/dg-LLVM14-O2-g/high_precision_20260325_125828/log/dda_inv.dot.stderr.log
dda_inv,DDA,ssa+inv,dot,"ShuffleVector instruction is not supported, loosing precision",/home/jimi/PaperExperiment/CompilerOptimization/Result/tengine/dg/dg-LLVM14-O2-g/high_precision_20260325_125828/log/dda_inv.dot.stderr.log
dda_inv,DDA,ssa+inv,dot,"ShuffleVector instruction is not supported, loosing precision",/home/jimi/PaperExperiment/CompilerOptimization/Result/tengine/dg/dg-LLVM14-O2-g/high_precision_20260325_125828/log/dda_inv.dot.stderr.log
dda_inv,DDA,ssa+inv,dot,"ShuffleVector instruction is not supported, loosing precision",/home/jimi/PaperExperiment/CompilerOptimization/Result/tengine/dg/dg-LLVM14-O2-g/high_precision_20260325_125828/log/dda_inv.dot.stderr.log
dda_inv,DDA,ssa+inv,dot,"ShuffleVector instruction is not supported, loosing precision",/home/jimi/PaperExperiment/CompilerOptimization/Result/tengine/dg/dg-LLVM14-O2-g/high_precision_20260325_125828/log/dda_inv.dot.stderr.log
dda_inv,DDA,ssa+inv,dot,"ShuffleVector instruction is not supported, loosing precision",/home/jimi/PaperExperiment/CompilerOptimization/Result/tengine/dg/dg-LLVM14-O2-g/high_precision_20260325_125828/log/dda_inv.dot.stderr.log
dda_inv,DDA,ssa+inv,dot,"ShuffleVector instruction is not supported, loosing precision",/home/jimi/PaperExperiment/CompilerOptimization/Result/tengine/dg/dg-LLVM14-O2-g/high_precision_20260325_125828/log/dda_inv.dot.stderr.log
dda_inv,DDA,ssa+inv,dot,"ShuffleVector instruction is not supported, loosing precision",/home/jimi/PaperExperiment/CompilerOptimization/Result/tengine/dg/dg-LLVM14-O2-g/high_precision_20260325_125828/log/dda_inv.dot.stderr.log
dda_inv,DDA,ssa+inv,dot,"ShuffleVector instruction is not supported, loosing precision",/home/jimi/PaperExperiment/CompilerOptimization/Result/tengine/dg/dg-LLVM14-O2-g/high_precision_20260325_125828/log/dda_inv.dot.stderr.log
dda_inv,DDA,ssa+inv,dot,"ShuffleVector instruction is not supported, loosing precision",/home/jimi/PaperExperiment/CompilerOptimization/Result/tengine/dg/dg-LLVM14-O2-g/high_precision_20260325_125828/log/dda_inv.dot.stderr.log
dda_inv,DDA,ssa+inv,dot,"ShuffleVector instruction is not supported, loosing precision",/home/jimi/PaperExperiment/CompilerOptimization/Result/tengine/dg/dg-LLVM14-O2-g/high_precision_20260325_125828/log/dda_inv.dot.stderr.log
dda_inv,DDA,ssa+inv,dot,"ShuffleVector instruction is not supported, loosing precision",/home/jimi/PaperExperiment/CompilerOptimization/Result/tengine/dg/dg-LLVM14-O2-g/high_precision_20260325_125828/log/dda_inv.dot.stderr.log
dda_inv,DDA,ssa+inv,dot,"ShuffleVector instruction is not supported, loosing precision",/home/jimi/PaperExperiment/CompilerOptimization/Result/tengine/dg/dg-LLVM14-O2-g/high_precision_20260325_125828/log/dda_inv.dot.stderr.log
dda_inv,DDA,ssa+inv,dot,"ShuffleVector instruction is not supported, loosing precision",/home/jimi/PaperExperiment/CompilerOptimization/Result/tengine/dg/dg-LLVM14-O2-g/high_precision_20260325_125828/log/dda_inv.dot.stderr.log
dda_inv,DDA,ssa+inv,dot,"ShuffleVector instruction is not supported, loosing precision",/home/jimi/PaperExperiment/CompilerOptimization/Result/tengine/dg/dg-LLVM14-O2-g/high_precision_20260325_125828/log/dda_inv.dot.stderr.log
dda_inv,DDA,ssa+inv,dot,"ShuffleVector instruction is not supported, loosing precision",/home/jimi/PaperExperiment/CompilerOptimization/Result/tengine/dg/dg-LLVM14-O2-g/high_precision_20260325_125828/log/dda_inv.dot.stderr.log
dda_inv,DDA,ssa+inv,dot,"ShuffleVector instruction is not supported, loosing precision",/home/jimi/PaperExperiment/CompilerOptimization/Result/tengine/dg/dg-LLVM14-O2-g/high_precision_20260325_125828/log/dda_inv.dot.stderr.log
dda_inv,DDA,ssa+inv,dot,"ShuffleVector instruction is not supported, loosing precision",/home/jimi/PaperExperiment/CompilerOptimization/Result/tengine/dg/dg-LLVM14-O2-g/high_precision_20260325_125828/log/dda_inv.dot.stderr.log
dda_inv,DDA,ssa+inv,dot,"ShuffleVector instruction is not supported, loosing precision",/home/jimi/PaperExperiment/CompilerOptimization/Result/tengine/dg/dg-LLVM14-O2-g/high_precision_20260325_125828/log/dda_inv.dot.stderr.log
dda_inv,DDA,ssa+inv,dot,"ShuffleVector instruction is not supported, loosing precision",/home/jimi/PaperExperiment/CompilerOptimization/Result/tengine/dg/dg-LLVM14-O2-g/high_precision_20260325_125828/log/dda_inv.dot.stderr.log
dda_inv,DDA,ssa+inv,dot,"ShuffleVector instruction is not supported, loosing precision",/home/jimi/PaperExperiment/CompilerOptimization/Result/tengine/dg/dg-LLVM14-O2-g/high_precision_20260325_125828/log/dda_inv.dot.stderr.log
dda_inv,DDA,ssa+inv,dot,"ShuffleVector instruction is not supported, loosing precision",/home/jimi/PaperExperiment/CompilerOptimization/Result/tengine/dg/dg-LLVM14-O2-g/high_precision_20260325_125828/log/dda_inv.dot.stderr.log
dda_inv,DDA,ssa+inv,dot,"ShuffleVector instruction is not supported, loosing precision",/home/jimi/PaperExperiment/CompilerOptimization/Result/tengine/dg/dg-LLVM14-O2-g/high_precision_20260325_125828/log/dda_inv.dot.stderr.log
dda_inv,DDA,ssa+inv,dot,"ShuffleVector instruction is not supported, loosing precision",/home/jimi/PaperExperiment/CompilerOptimization/Result/tengine/dg/dg-LLVM14-O2-g/high_precision_20260325_125828/log/dda_inv.dot.stderr.log
dda_inv,DDA,ssa+inv,dot,"ShuffleVector instruction is not supported, loosing precision",/home/jimi/PaperExperiment/CompilerOptimization/Result/tengine/dg/dg-LLVM14-O2-g/high_precision_20260325_125828/log/dda_inv.dot.stderr.log
dda_inv,DDA,ssa+inv,dot,"ShuffleVector instruction is not supported, loosing precision",/home/jimi/PaperExperiment/CompilerOptimization/Result/tengine/dg/dg-LLVM14-O2-g/high_precision_20260325_125828/log/dda_inv.dot.stderr.log
dda_inv,DDA,ssa+inv,dot,"ShuffleVector instruction is not supported, loosing precision",/home/jimi/PaperExperiment/CompilerOptimization/Result/tengine/dg/dg-LLVM14-O2-g/high_precision_20260325_125828/log/dda_inv.dot.stderr.log
dda_inv,DDA,ssa+inv,dot,"ShuffleVector instruction is not supported, loosing precision",/home/jimi/PaperExperiment/CompilerOptimization/Result/tengine/dg/dg-LLVM14-O2-g/high_precision_20260325_125828/log/dda_inv.dot.stderr.log
dda_inv,DDA,ssa+inv,dot,"ShuffleVector instruction is not supported, loosing precision",/home/jimi/PaperExperiment/CompilerOptimization/Result/tengine/dg/dg-LLVM14-O2-g/high_precision_20260325_125828/log/dda_inv.dot.stderr.log
dda_inv,DDA,ssa+inv,dot,"ShuffleVector instruction is not supported, loosing precision",/home/jimi/PaperExperiment/CompilerOptimization/Result/tengine/dg/dg-LLVM14-O2-g/high_precision_20260325_125828/log/dda_inv.dot.stderr.log
dda_inv,DDA,ssa+inv,dot,"ShuffleVector instruction is not supported, loosing precision",/home/jimi/PaperExperiment/CompilerOptimization/Result/tengine/dg/dg-LLVM14-O2-g/high_precision_20260325_125828/log/dda_inv.dot.stderr.log
dda_inv,DDA,ssa+inv,dot,"ShuffleVector instruction is not supported, loosing precision",/home/jimi/PaperExperiment/CompilerOptimization/Result/tengine/dg/dg-LLVM14-O2-g/high_precision_20260325_125828/log/dda_inv.dot.stderr.log
dda_inv,DDA,ssa+inv,dot,"ShuffleVector instruction is not supported, loosing precision",/home/jimi/PaperExperiment/CompilerOptimization/Result/tengine/dg/dg-LLVM14-O2-g/high_precision_20260325_125828/log/dda_inv.dot.stderr.log
dda_inv,DDA,ssa+inv,dot,"ShuffleVector instruction is not supported, loosing precision",/home/jimi/PaperExperiment/CompilerOptimization/Result/tengine/dg/dg-LLVM14-O2-g/high_precision_20260325_125828/log/dda_inv.dot.stderr.log
dda_inv,DDA,ssa+inv,dot,"ShuffleVector instruction is not supported, loosing precision",/home/jimi/PaperExperiment/CompilerOptimization/Result/tengine/dg/dg-LLVM14-O2-g/high_precision_20260325_125828/log/dda_inv.dot.stderr.log
dda_inv,DDA,ssa+inv,dot,"ShuffleVector instruction is not supported, loosing precision",/home/jimi/PaperExperiment/CompilerOptimization/Result/tengine/dg/dg-LLVM14-O2-g/high_precision_20260325_125828/log/dda_inv.dot.stderr.log
dda_inv,DDA,ssa+inv,dot,"ShuffleVector instruction is not supported, loosing precision",/home/jimi/PaperExperiment/CompilerOptimization/Result/tengine/dg/dg-LLVM14-O2-g/high_precision_20260325_125828/log/dda_inv.dot.stderr.log
dda_inv,DDA,ssa+inv,dot,"ShuffleVector instruction is not supported, loosing precision",/home/jimi/PaperExperiment/CompilerOptimization/Result/tengine/dg/dg-LLVM14-O2-g/high_precision_20260325_125828/log/dda_inv.dot.stderr.log
dda_inv,DDA,ssa+inv,dot,"ShuffleVector instruction is not supported, loosing precision",/home/jimi/PaperExperiment/CompilerOptimization/Result/tengine/dg/dg-LLVM14-O2-g/high_precision_20260325_125828/log/dda_inv.dot.stderr.log
dda_inv,DDA,ssa+inv,dot,"ShuffleVector instruction is not supported, loosing precision",/home/jimi/PaperExperiment/CompilerOptimization/Result/tengine/dg/dg-LLVM14-O2-g/high_precision_20260325_125828/log/dda_inv.dot.stderr.log
dda_inv,DDA,ssa+inv,dot,"ShuffleVector instruction is not supported, loosing precision",/home/jimi/PaperExperiment/CompilerOptimization/Result/tengine/dg/dg-LLVM14-O2-g/high_precision_20260325_125828/log/dda_inv.dot.stderr.log
dda_inv,DDA,ssa+inv,dot,"ShuffleVector instruction is not supported, loosing precision",/home/jimi/PaperExperiment/CompilerOptimization/Result/tengine/dg/dg-LLVM14-O2-g/high_precision_20260325_125828/log/dda_inv.dot.stderr.log
dda_inv,DDA,ssa+inv,dot,"ShuffleVector instruction is not supported, loosing precision",/home/jimi/PaperExperiment/CompilerOptimization/Result/tengine/dg/dg-LLVM14-O2-g/high_precision_20260325_125828/log/dda_inv.dot.stderr.log
dda_inv,DDA,ssa+inv,dot,"ShuffleVector instruction is not supported, loosing precision",/home/jimi/PaperExperiment/CompilerOptimization/Result/tengine/dg/dg-LLVM14-O2-g/high_precision_20260325_125828/log/dda_inv.dot.stderr.log
dda_inv,DDA,ssa+inv,dot,"ShuffleVector instruction is not supported, loosing precision",/home/jimi/PaperExperiment/CompilerOptimization/Result/tengine/dg/dg-LLVM14-O2-g/high_precision_20260325_125828/log/dda_inv.dot.stderr.log
dda_inv,DDA,ssa+inv,dot,"ShuffleVector instruction is not supported, loosing precision",/home/jimi/PaperExperiment/CompilerOptimization/Result/tengine/dg/dg-LLVM14-O2-g/high_precision_20260325_125828/log/dda_inv.dot.stderr.log
dda_inv,DDA,ssa+inv,dot,"ShuffleVector instruction is not supported, loosing precision",/home/jimi/PaperExperiment/CompilerOptimization/Result/tengine/dg/dg-LLVM14-O2-g/high_precision_20260325_125828/log/dda_inv.dot.stderr.log
dda_inv,DDA,ssa+inv,dot,"ShuffleVector instruction is not supported, loosing precision",/home/jimi/PaperExperiment/CompilerOptimization/Result/tengine/dg/dg-LLVM14-O2-g/high_precision_20260325_125828/log/dda_inv.dot.stderr.log
dda_inv,DDA,ssa+inv,dot,"ShuffleVector instruction is not supported, loosing precision",/home/jimi/PaperExperiment/CompilerOptimization/Result/tengine/dg/dg-LLVM14-O2-g/high_precision_20260325_125828/log/dda_inv.dot.stderr.log
dda_inv,DDA,ssa+inv,dot,"ShuffleVector instruction is not supported, loosing precision",/home/jimi/PaperExperiment/CompilerOptimization/Result/tengine/dg/dg-LLVM14-O2-g/high_precision_20260325_125828/log/dda_inv.dot.stderr.log
dda_inv,DDA,ssa+inv,dot,"ShuffleVector instruction is not supported, loosing precision",/home/jimi/PaperExperiment/CompilerOptimization/Result/tengine/dg/dg-LLVM14-O2-g/high_precision_20260325_125828/log/dda_inv.dot.stderr.log
dda_inv,DDA,ssa+inv,dot,"ShuffleVector instruction is not supported, loosing precision",/home/jimi/PaperExperiment/CompilerOptimization/Result/tengine/dg/dg-LLVM14-O2-g/high_precision_20260325_125828/log/dda_inv.dot.stderr.log
dda_inv,DDA,ssa+inv,dot,"ShuffleVector instruction is not supported, loosing precision",/home/jimi/PaperExperiment/CompilerOptimization/Result/tengine/dg/dg-LLVM14-O2-g/high_precision_20260325_125828/log/dda_inv.dot.stderr.log
dda_inv,DDA,ssa+inv,dot,"ShuffleVector instruction is not supported, loosing precision",/home/jimi/PaperExperiment/CompilerOptimization/Result/tengine/dg/dg-LLVM14-O2-g/high_precision_20260325_125828/log/dda_inv.dot.stderr.log
dda_inv,DDA,ssa+inv,dot,"ShuffleVector instruction is not supported, loosing precision",/home/jimi/PaperExperiment/CompilerOptimization/Result/tengine/dg/dg-LLVM14-O2-g/high_precision_20260325_125828/log/dda_inv.dot.stderr.log
dda_inv,DDA,ssa+inv,dot,"ShuffleVector instruction is not supported, loosing precision",/home/jimi/PaperExperiment/CompilerOptimization/Result/tengine/dg/dg-LLVM14-O2-g/high_precision_20260325_125828/log/dda_inv.dot.stderr.log
dda_inv,DDA,ssa+inv,dot,"ShuffleVector instruction is not supported, loosing precision",/home/jimi/PaperExperiment/CompilerOptimization/Result/tengine/dg/dg-LLVM14-O2-g/high_precision_20260325_125828/log/dda_inv.dot.stderr.log
dda_inv,DDA,ssa+inv,dot,"ShuffleVector instruction is not supported, loosing precision",/home/jimi/PaperExperiment/CompilerOptimization/Result/tengine/dg/dg-LLVM14-O2-g/high_precision_20260325_125828/log/dda_inv.dot.stderr.log
dda_inv,DDA,ssa+inv,dot,"ShuffleVector instruction is not supported, loosing precision",/home/jimi/PaperExperiment/CompilerOptimization/Result/tengine/dg/dg-LLVM14-O2-g/high_precision_20260325_125828/log/dda_inv.dot.stderr.log
dda_inv,DDA,ssa+inv,dot,"ShuffleVector instruction is not supported, loosing precision",/home/jimi/PaperExperiment/CompilerOptimization/Result/tengine/dg/dg-LLVM14-O2-g/high_precision_20260325_125828/log/dda_inv.dot.stderr.log
dda_inv,DDA,ssa+inv,dot,"ShuffleVector instruction is not supported, loosing precision",/home/jimi/PaperExperiment/CompilerOptimization/Result/tengine/dg/dg-LLVM14-O2-g/high_precision_20260325_125828/log/dda_inv.dot.stderr.log
dda_inv,DDA,ssa+inv,dot,"ShuffleVector instruction is not supported, loosing precision",/home/jimi/PaperExperiment/CompilerOptimization/Result/tengine/dg/dg-LLVM14-O2-g/high_precision_20260325_125828/log/dda_inv.dot.stderr.log
dda_inv,DDA,ssa+inv,dot,"ShuffleVector instruction is not supported, loosing precision",/home/jimi/PaperExperiment/CompilerOptimization/Result/tengine/dg/dg-LLVM14-O2-g/high_precision_20260325_125828/log/dda_inv.dot.stderr.log
dda_inv,DDA,ssa+inv,dot,"ShuffleVector instruction is not supported, loosing precision",/home/jimi/PaperExperiment/CompilerOptimization/Result/tengine/dg/dg-LLVM14-O2-g/high_precision_20260325_125828/log/dda_inv.dot.stderr.log
dda_inv,DDA,ssa+inv,dot,"ShuffleVector instruction is not supported, loosing precision",/home/jimi/PaperExperiment/CompilerOptimization/Result/tengine/dg/dg-LLVM14-O2-g/high_precision_20260325_125828/log/dda_inv.dot.stderr.log
dda_inv,DDA,ssa+inv,dot,"ShuffleVector instruction is not supported, loosing precision",/home/jimi/PaperExperiment/CompilerOptimization/Result/tengine/dg/dg-LLVM14-O2-g/high_precision_20260325_125828/log/dda_inv.dot.stderr.log
dda_inv,DDA,ssa+inv,dot,"ShuffleVector instruction is not supported, loosing precision",/home/jimi/PaperExperiment/CompilerOptimization/Result/tengine/dg/dg-LLVM14-O2-g/high_precision_20260325_125828/log/dda_inv.dot.stderr.log
dda_inv,DDA,ssa+inv,dot,"ShuffleVector instruction is not supported, loosing precision",/home/jimi/PaperExperiment/CompilerOptimization/Result/tengine/dg/dg-LLVM14-O2-g/high_precision_20260325_125828/log/dda_inv.dot.stderr.log
dda_inv,DDA,ssa+inv,dot,"ShuffleVector instruction is not supported, loosing precision",/home/jimi/PaperExperiment/CompilerOptimization/Result/tengine/dg/dg-LLVM14-O2-g/high_precision_20260325_125828/log/dda_inv.dot.stderr.log
dda_inv,DDA,ssa+inv,dot,"ShuffleVector instruction is not supported, loosing precision",/home/jimi/PaperExperiment/CompilerOptimization/Result/tengine/dg/dg-LLVM14-O2-g/high_precision_20260325_125828/log/dda_inv.dot.stderr.log
dda_inv,DDA,ssa+inv,dot,"ShuffleVector instruction is not supported, loosing precision",/home/jimi/PaperExperiment/CompilerOptimization/Result/tengine/dg/dg-LLVM14-O2-g/high_precision_20260325_125828/log/dda_inv.dot.stderr.log
dda_inv,DDA,ssa+inv,dot,"ShuffleVector instruction is not supported, loosing precision",/home/jimi/PaperExperiment/CompilerOptimization/Result/tengine/dg/dg-LLVM14-O2-g/high_precision_20260325_125828/log/dda_inv.dot.stderr.log
dda_inv,DDA,ssa+inv,dot,"ShuffleVector instruction is not supported, loosing precision",/home/jimi/PaperExperiment/CompilerOptimization/Result/tengine/dg/dg-LLVM14-O2-g/high_precision_20260325_125828/log/dda_inv.dot.stderr.log
dda_inv,DDA,ssa+inv,dot,"ShuffleVector instruction is not supported, loosing precision",/home/jimi/PaperExperiment/CompilerOptimization/Result/tengine/dg/dg-LLVM14-O2-g/high_precision_20260325_125828/log/dda_inv.dot.stderr.log
dda_inv,DDA,ssa+inv,dot,"ShuffleVector instruction is not supported, loosing precision",/home/jimi/PaperExperiment/CompilerOptimization/Result/tengine/dg/dg-LLVM14-O2-g/high_precision_20260325_125828/log/dda_inv.dot.stderr.log
dda_inv,DDA,ssa+inv,dot,"ShuffleVector instruction is not supported, loosing precision",/home/jimi/PaperExperiment/CompilerOptimization/Result/tengine/dg/dg-LLVM14-O2-g/high_precision_20260325_125828/log/dda_inv.dot.stderr.log
dda_inv,DDA,ssa+inv,dot,"ShuffleVector instruction is not supported, loosing precision",/home/jimi/PaperExperiment/CompilerOptimization/Result/tengine/dg/dg-LLVM14-O2-g/high_precision_20260325_125828/log/dda_inv.dot.stderr.log
dda_inv,DDA,ssa+inv,dot,"ShuffleVector instruction is not supported, loosing precision",/home/jimi/PaperExperiment/CompilerOptimization/Result/tengine/dg/dg-LLVM14-O2-g/high_precision_20260325_125828/log/dda_inv.dot.stderr.log
dda_inv,DDA,ssa+inv,dot,"ShuffleVector instruction is not supported, loosing precision",/home/jimi/PaperExperiment/CompilerOptimization/Result/tengine/dg/dg-LLVM14-O2-g/high_precision_20260325_125828/log/dda_inv.dot.stderr.log
dda_inv,DDA,ssa+inv,dot,"ShuffleVector instruction is not supported, loosing precision",/home/jimi/PaperExperiment/CompilerOptimization/Result/tengine/dg/dg-LLVM14-O2-g/high_precision_20260325_125828/log/dda_inv.dot.stderr.log
dda_inv,DDA,ssa+inv,dot,"ShuffleVector instruction is not supported, loosing precision",/home/jimi/PaperExperiment/CompilerOptimization/Result/tengine/dg/dg-LLVM14-O2-g/high_precision_20260325_125828/log/dda_inv.dot.stderr.log
dda_inv,DDA,ssa+inv,dot,"ShuffleVector instruction is not supported, loosing precision",/home/jimi/PaperExperiment/CompilerOptimization/Result/tengine/dg/dg-LLVM14-O2-g/high_precision_20260325_125828/log/dda_inv.dot.stderr.log
dda_inv,DDA,ssa+inv,dot,"ShuffleVector instruction is not supported, loosing precision",/home/jimi/PaperExperiment/CompilerOptimization/Result/tengine/dg/dg-LLVM14-O2-g/high_precision_20260325_125828/log/dda_inv.dot.stderr.log
dda_inv,DDA,ssa+inv,dot,"ShuffleVector instruction is not supported, loosing precision",/home/jimi/PaperExperiment/CompilerOptimization/Result/tengine/dg/dg-LLVM14-O2-g/high_precision_20260325_125828/log/dda_inv.dot.stderr.log
dda_inv,DDA,ssa+inv,dot,"ShuffleVector instruction is not supported, loosing precision",/home/jimi/PaperExperiment/CompilerOptimization/Result/tengine/dg/dg-LLVM14-O2-g/high_precision_20260325_125828/log/dda_inv.dot.stderr.log
dda_inv,DDA,ssa+inv,dot,"ShuffleVector instruction is not supported, loosing precision",/home/jimi/PaperExperiment/CompilerOptimization/Result/tengine/dg/dg-LLVM14-O2-g/high_precision_20260325_125828/log/dda_inv.dot.stderr.log
dda_inv,DDA,ssa+inv,dot,"ShuffleVector instruction is not supported, loosing precision",/home/jimi/PaperExperiment/CompilerOptimization/Result/tengine/dg/dg-LLVM14-O2-g/high_precision_20260325_125828/log/dda_inv.dot.stderr.log
dda_inv,DDA,ssa+inv,dot,"ShuffleVector instruction is not supported, loosing precision",/home/jimi/PaperExperiment/CompilerOptimization/Result/tengine/dg/dg-LLVM14-O2-g/high_precision_20260325_125828/log/dda_inv.dot.stderr.log
dda_inv,DDA,ssa+inv,dot,"ShuffleVector instruction is not supported, loosing precision",/home/jimi/PaperExperiment/CompilerOptimization/Result/tengine/dg/dg-LLVM14-O2-g/high_precision_20260325_125828/log/dda_inv.dot.stderr.log
dda_inv,DDA,ssa+inv,dot,"ShuffleVector instruction is not supported, loosing precision",/home/jimi/PaperExperiment/CompilerOptimization/Result/tengine/dg/dg-LLVM14-O2-g/high_precision_20260325_125828/log/dda_inv.dot.stderr.log
dda_inv,DDA,ssa+inv,dot,"ShuffleVector instruction is not supported, loosing precision",/home/jimi/PaperExperiment/CompilerOptimization/Result/tengine/dg/dg-LLVM14-O2-g/high_precision_20260325_125828/log/dda_inv.dot.stderr.log
dda_inv,DDA,ssa+inv,dot,"ShuffleVector instruction is not supported, loosing precision",/home/jimi/PaperExperiment/CompilerOptimization/Result/tengine/dg/dg-LLVM14-O2-g/high_precision_20260325_125828/log/dda_inv.dot.stderr.log
dda_inv,DDA,ssa+inv,dot,"ShuffleVector instruction is not supported, loosing precision",/home/jimi/PaperExperiment/CompilerOptimization/Result/tengine/dg/dg-LLVM14-O2-g/high_precision_20260325_125828/log/dda_inv.dot.stderr.log
dda_inv,DDA,ssa+inv,dot,"ShuffleVector instruction is not supported, loosing precision",/home/jimi/PaperExperiment/CompilerOptimization/Result/tengine/dg/dg-LLVM14-O2-g/high_precision_20260325_125828/log/dda_inv.dot.stderr.log
dda_inv,DDA,ssa+inv,dot,"ShuffleVector instruction is not supported, loosing precision",/home/jimi/PaperExperiment/CompilerOptimization/Result/tengine/dg/dg-LLVM14-O2-g/high_precision_20260325_125828/log/dda_inv.dot.stderr.log
dda_inv,DDA,ssa+inv,dot,"ShuffleVector instruction is not supported, loosing precision",/home/jimi/PaperExperiment/CompilerOptimization/Result/tengine/dg/dg-LLVM14-O2-g/high_precision_20260325_125828/log/dda_inv.dot.stderr.log
dda_inv,DDA,ssa+inv,dot,"ShuffleVector instruction is not supported, loosing precision",/home/jimi/PaperExperiment/CompilerOptimization/Result/tengine/dg/dg-LLVM14-O2-g/high_precision_20260325_125828/log/dda_inv.dot.stderr.log
dda_inv,DDA,ssa+inv,dot,"ShuffleVector instruction is not supported, loosing precision",/home/jimi/PaperExperiment/CompilerOptimization/Result/tengine/dg/dg-LLVM14-O2-g/high_precision_20260325_125828/log/dda_inv.dot.stderr.log
dda_inv,DDA,ssa+inv,dot,"ShuffleVector instruction is not supported, loosing precision",/home/jimi/PaperExperiment/CompilerOptimization/Result/tengine/dg/dg-LLVM14-O2-g/high_precision_20260325_125828/log/dda_inv.dot.stderr.log
dda_inv,DDA,ssa+inv,dot,"ShuffleVector instruction is not supported, loosing precision",/home/jimi/PaperExperiment/CompilerOptimization/Result/tengine/dg/dg-LLVM14-O2-g/high_precision_20260325_125828/log/dda_inv.dot.stderr.log
dda_inv,DDA,ssa+inv,dot,"ShuffleVector instruction is not supported, loosing precision",/home/jimi/PaperExperiment/CompilerOptimization/Result/tengine/dg/dg-LLVM14-O2-g/high_precision_20260325_125828/log/dda_inv.dot.stderr.log
dda_inv,DDA,ssa+inv,dot,"ShuffleVector instruction is not supported, loosing precision",/home/jimi/PaperExperiment/CompilerOptimization/Result/tengine/dg/dg-LLVM14-O2-g/high_precision_20260325_125828/log/dda_inv.dot.stderr.log
dda_inv,DDA,ssa+inv,dot,"ShuffleVector instruction is not supported, loosing precision",/home/jimi/PaperExperiment/CompilerOptimization/Result/tengine/dg/dg-LLVM14-O2-g/high_precision_20260325_125828/log/dda_inv.dot.stderr.log
dda_inv,DDA,ssa+inv,dot,"ShuffleVector instruction is not supported, loosing precision",/home/jimi/PaperExperiment/CompilerOptimization/Result/tengine/dg/dg-LLVM14-O2-g/high_precision_20260325_125828/log/dda_inv.dot.stderr.log
dda_inv,DDA,ssa+inv,dot,"ShuffleVector instruction is not supported, loosing precision",/home/jimi/PaperExperiment/CompilerOptimization/Result/tengine/dg/dg-LLVM14-O2-g/high_precision_20260325_125828/log/dda_inv.dot.stderr.log
dda_inv,DDA,ssa+inv,dot,"ShuffleVector instruction is not supported, loosing precision",/home/jimi/PaperExperiment/CompilerOptimization/Result/tengine/dg/dg-LLVM14-O2-g/high_precision_20260325_125828/log/dda_inv.dot.stderr.log
dda_inv,DDA,ssa+inv,dot,"ShuffleVector instruction is not supported, loosing precision",/home/jimi/PaperExperiment/CompilerOptimization/Result/tengine/dg/dg-LLVM14-O2-g/high_precision_20260325_125828/log/dda_inv.dot.stderr.log
dda_inv,DDA,ssa+inv,dot,"ShuffleVector instruction is not supported, loosing precision",/home/jimi/PaperExperiment/CompilerOptimization/Result/tengine/dg/dg-LLVM14-O2-g/high_precision_20260325_125828/log/dda_inv.dot.stderr.log
dda_inv,DDA,ssa+inv,dot,"ShuffleVector instruction is not supported, loosing precision",/home/jimi/PaperExperiment/CompilerOptimization/Result/tengine/dg/dg-LLVM14-O2-g/high_precision_20260325_125828/log/dda_inv.dot.stderr.log
cda_standard_icfg,CDA,standard+icfg+pta,lines,"WARNING: Non-0 memset:   tail call void @llvm.memset.p0i8.i64(i8* noundef nonnull align 4 dereferenceable(512) %70, i8 -1, i64 512, i1 false), !dbg !950",/home/jimi/PaperExperiment/CompilerOptimization/Result/tengine/dg/dg-LLVM14-O2-g/high_precision_20260325_125828/log/cda_standard_icfg.lines.stderr.log
cda_standard_icfg,CDA,standard+icfg+pta,lines,"WARNING: Non-0 memset:   call void @llvm.memset.p0i8.i64(i8* noundef nonnull align 1 dereferenceable(1) %134, i8 %132, i64 %135, i1 false), !dbg !964, !tbaa !889",/home/jimi/PaperExperiment/CompilerOptimization/Result/tengine/dg/dg-LLVM14-O2-g/high_precision_20260325_125828/log/cda_standard_icfg.lines.stderr.log
cda_standard_icfg,CDA,standard+icfg+pta,lines,"WARNING: Non-0 memset:   call void @llvm.memset.p0i8.i64(i8* noundef nonnull align 1 dereferenceable(1) %94, i8 %92, i64 %95, i1 false), !dbg !964, !tbaa !889",/home/jimi/PaperExperiment/CompilerOptimization/Result/tengine/dg/dg-LLVM14-O2-g/high_precision_20260325_125828/log/cda_standard_icfg.lines.stderr.log
cda_standard_icfg,CDA,standard+icfg+pta,lines,"WARNING: Non-0 memset:   call void @llvm.memset.p0i8.i64(i8* noundef nonnull align 1 dereferenceable(1) %111, i8 %109, i64 %112, i1 false), !dbg !964, !tbaa !889",/home/jimi/PaperExperiment/CompilerOptimization/Result/tengine/dg/dg-LLVM14-O2-g/high_precision_20260325_125828/log/cda_standard_icfg.lines.stderr.log
cda_standard_icfg,CDA,standard+icfg+pta,lines,"WARNING: Non-0 memset:   tail call void @llvm.memset.p0i8.i64(i8* align 1 %696, i8 %703, i64 %704, i1 false) #30, !dbg !1675, !tbaa !921",/home/jimi/PaperExperiment/CompilerOptimization/Result/tengine/dg/dg-LLVM14-O2-g/high_precision_20260325_125828/log/cda_standard_icfg.lines.stderr.log
cda_standard_icfg,CDA,standard+icfg+pta,lines,"WARNING: Non-0 memset:   call void @llvm.memset.p0i8.i64(i8* nonnull align 1 %506, i8 %501, i64 %507, i1 false) #30, !dbg !1430",/home/jimi/PaperExperiment/CompilerOptimization/Result/tengine/dg/dg-LLVM14-O2-g/high_precision_20260325_125828/log/cda_standard_icfg.lines.stderr.log
cda_standard_icfg,CDA,standard+icfg+pta,lines,"ShuffleVector instruction is not supported, loosing precision",/home/jimi/PaperExperiment/CompilerOptimization/Result/tengine/dg/dg-LLVM14-O2-g/high_precision_20260325_125828/log/cda_standard_icfg.lines.stderr.log
cda_standard_icfg,CDA,standard+icfg+pta,lines,"ShuffleVector instruction is not supported, loosing precision",/home/jimi/PaperExperiment/CompilerOptimization/Result/tengine/dg/dg-LLVM14-O2-g/high_precision_20260325_125828/log/cda_standard_icfg.lines.stderr.log
cda_standard_icfg,CDA,standard+icfg+pta,lines,"ShuffleVector instruction is not supported, loosing precision",/home/jimi/PaperExperiment/CompilerOptimization/Result/tengine/dg/dg-LLVM14-O2-g/high_precision_20260325_125828/log/cda_standard_icfg.lines.stderr.log
cda_standard_icfg,CDA,standard+icfg+pta,lines,"ShuffleVector instruction is not supported, loosing precision",/home/jimi/PaperExperiment/CompilerOptimization/Result/tengine/dg/dg-LLVM14-O2-g/high_precision_20260325_125828/log/cda_standard_icfg.lines.stderr.log
cda_standard_icfg,CDA,standard+icfg+pta,lines,"ShuffleVector instruction is not supported, loosing precision",/home/jimi/PaperExperiment/CompilerOptimization/Result/tengine/dg/dg-LLVM14-O2-g/high_precision_20260325_125828/log/cda_standard_icfg.lines.stderr.log
cda_standard_icfg,CDA,standard+icfg+pta,lines,"ShuffleVector instruction is not supported, loosing precision",/home/jimi/PaperExperiment/CompilerOptimization/Result/tengine/dg/dg-LLVM14-O2-g/high_precision_20260325_125828/log/cda_standard_icfg.lines.stderr.log
cda_standard_icfg,CDA,standard+icfg+pta,lines,"ShuffleVector instruction is not supported, loosing precision",/home/jimi/PaperExperiment/CompilerOptimization/Result/tengine/dg/dg-LLVM14-O2-g/high_precision_20260325_125828/log/cda_standard_icfg.lines.stderr.log
cda_standard_icfg,CDA,standard+icfg+pta,lines,"ShuffleVector instruction is not supported, loosing precision",/home/jimi/PaperExperiment/CompilerOptimization/Result/tengine/dg/dg-LLVM14-O2-g/high_precision_20260325_125828/log/cda_standard_icfg.lines.stderr.log
cda_standard_icfg,CDA,standard+icfg+pta,lines,"ShuffleVector instruction is not supported, loosing precision",/home/jimi/PaperExperiment/CompilerOptimization/Result/tengine/dg/dg-LLVM14-O2-g/high_precision_20260325_125828/log/cda_standard_icfg.lines.stderr.log
cda_standard_icfg,CDA,standard+icfg+pta,lines,"ShuffleVector instruction is not supported, loosing precision",/home/jimi/PaperExperiment/CompilerOptimization/Result/tengine/dg/dg-LLVM14-O2-g/high_precision_20260325_125828/log/cda_standard_icfg.lines.stderr.log
cda_standard_icfg,CDA,standard+icfg+pta,lines,"ShuffleVector instruction is not supported, loosing precision",/home/jimi/PaperExperiment/CompilerOptimization/Result/tengine/dg/dg-LLVM14-O2-g/high_precision_20260325_125828/log/cda_standard_icfg.lines.stderr.log
cda_standard_icfg,CDA,standard+icfg+pta,lines,"ShuffleVector instruction is not supported, loosing precision",/home/jimi/PaperExperiment/CompilerOptimization/Result/tengine/dg/dg-LLVM14-O2-g/high_precision_20260325_125828/log/cda_standard_icfg.lines.stderr.log
cda_standard_icfg,CDA,standard+icfg+pta,lines,"ShuffleVector instruction is not supported, loosing precision",/home/jimi/PaperExperiment/CompilerOptimization/Result/tengine/dg/dg-LLVM14-O2-g/high_precision_20260325_125828/log/cda_standard_icfg.lines.stderr.log
cda_standard_icfg,CDA,standard+icfg+pta,lines,"ShuffleVector instruction is not supported, loosing precision",/home/jimi/PaperExperiment/CompilerOptimization/Result/tengine/dg/dg-LLVM14-O2-g/high_precision_20260325_125828/log/cda_standard_icfg.lines.stderr.log
cda_standard_icfg,CDA,standard+icfg+pta,lines,"ShuffleVector instruction is not supported, loosing precision",/home/jimi/PaperExperiment/CompilerOptimization/Result/tengine/dg/dg-LLVM14-O2-g/high_precision_20260325_125828/log/cda_standard_icfg.lines.stderr.log
cda_standard_icfg,CDA,standard+icfg+pta,lines,"ShuffleVector instruction is not supported, loosing precision",/home/jimi/PaperExperiment/CompilerOptimization/Result/tengine/dg/dg-LLVM14-O2-g/high_precision_20260325_125828/log/cda_standard_icfg.lines.stderr.log
cda_standard_icfg,CDA,standard+icfg+pta,lines,"ShuffleVector instruction is not supported, loosing precision",/home/jimi/PaperExperiment/CompilerOptimization/Result/tengine/dg/dg-LLVM14-O2-g/high_precision_20260325_125828/log/cda_standard_icfg.lines.stderr.log
cda_standard_icfg,CDA,standard+icfg+pta,lines,"ShuffleVector instruction is not supported, loosing precision",/home/jimi/PaperExperiment/CompilerOptimization/Result/tengine/dg/dg-LLVM14-O2-g/high_precision_20260325_125828/log/cda_standard_icfg.lines.stderr.log
cda_standard_icfg,CDA,standard+icfg+pta,lines,"ShuffleVector instruction is not supported, loosing precision",/home/jimi/PaperExperiment/CompilerOptimization/Result/tengine/dg/dg-LLVM14-O2-g/high_precision_20260325_125828/log/cda_standard_icfg.lines.stderr.log
cda_standard_icfg,CDA,standard+icfg+pta,lines,"ShuffleVector instruction is not supported, loosing precision",/home/jimi/PaperExperiment/CompilerOptimization/Result/tengine/dg/dg-LLVM14-O2-g/high_precision_20260325_125828/log/cda_standard_icfg.lines.stderr.log
cda_standard_icfg,CDA,standard+icfg+pta,lines,"ShuffleVector instruction is not supported, loosing precision",/home/jimi/PaperExperiment/CompilerOptimization/Result/tengine/dg/dg-LLVM14-O2-g/high_precision_20260325_125828/log/cda_standard_icfg.lines.stderr.log
cda_standard_icfg,CDA,standard+icfg+pta,lines,"ShuffleVector instruction is not supported, loosing precision",/home/jimi/PaperExperiment/CompilerOptimization/Result/tengine/dg/dg-LLVM14-O2-g/high_precision_20260325_125828/log/cda_standard_icfg.lines.stderr.log
cda_standard_icfg,CDA,standard+icfg+pta,lines,"ShuffleVector instruction is not supported, loosing precision",/home/jimi/PaperExperiment/CompilerOptimization/Result/tengine/dg/dg-LLVM14-O2-g/high_precision_20260325_125828/log/cda_standard_icfg.lines.stderr.log
cda_standard_icfg,CDA,standard+icfg+pta,lines,"ShuffleVector instruction is not supported, loosing precision",/home/jimi/PaperExperiment/CompilerOptimization/Result/tengine/dg/dg-LLVM14-O2-g/high_precision_20260325_125828/log/cda_standard_icfg.lines.stderr.log
cda_standard_icfg,CDA,standard+icfg+pta,lines,"ShuffleVector instruction is not supported, loosing precision",/home/jimi/PaperExperiment/CompilerOptimization/Result/tengine/dg/dg-LLVM14-O2-g/high_precision_20260325_125828/log/cda_standard_icfg.lines.stderr.log
cda_standard_icfg,CDA,standard+icfg+pta,lines,"ShuffleVector instruction is not supported, loosing precision",/home/jimi/PaperExperiment/CompilerOptimization/Result/tengine/dg/dg-LLVM14-O2-g/high_precision_20260325_125828/log/cda_standard_icfg.lines.stderr.log
cda_standard_icfg,CDA,standard+icfg+pta,lines,"ShuffleVector instruction is not supported, loosing precision",/home/jimi/PaperExperiment/CompilerOptimization/Result/tengine/dg/dg-LLVM14-O2-g/high_precision_20260325_125828/log/cda_standard_icfg.lines.stderr.log
cda_standard_icfg,CDA,standard+icfg+pta,lines,"ShuffleVector instruction is not supported, loosing precision",/home/jimi/PaperExperiment/CompilerOptimization/Result/tengine/dg/dg-LLVM14-O2-g/high_precision_20260325_125828/log/cda_standard_icfg.lines.stderr.log
cda_standard_icfg,CDA,standard+icfg+pta,lines,"ShuffleVector instruction is not supported, loosing precision",/home/jimi/PaperExperiment/CompilerOptimization/Result/tengine/dg/dg-LLVM14-O2-g/high_precision_20260325_125828/log/cda_standard_icfg.lines.stderr.log
cda_standard_icfg,CDA,standard+icfg+pta,lines,"ShuffleVector instruction is not supported, loosing precision",/home/jimi/PaperExperiment/CompilerOptimization/Result/tengine/dg/dg-LLVM14-O2-g/high_precision_20260325_125828/log/cda_standard_icfg.lines.stderr.log
cda_standard_icfg,CDA,standard+icfg+pta,lines,"ShuffleVector instruction is not supported, loosing precision",/home/jimi/PaperExperiment/CompilerOptimization/Result/tengine/dg/dg-LLVM14-O2-g/high_precision_20260325_125828/log/cda_standard_icfg.lines.stderr.log
cda_standard_icfg,CDA,standard+icfg+pta,lines,"ShuffleVector instruction is not supported, loosing precision",/home/jimi/PaperExperiment/CompilerOptimization/Result/tengine/dg/dg-LLVM14-O2-g/high_precision_20260325_125828/log/cda_standard_icfg.lines.stderr.log
cda_standard_icfg,CDA,standard+icfg+pta,lines,"ShuffleVector instruction is not supported, loosing precision",/home/jimi/PaperExperiment/CompilerOptimization/Result/tengine/dg/dg-LLVM14-O2-g/high_precision_20260325_125828/log/cda_standard_icfg.lines.stderr.log
cda_standard_icfg,CDA,standard+icfg+pta,lines,"ShuffleVector instruction is not supported, loosing precision",/home/jimi/PaperExperiment/CompilerOptimization/Result/tengine/dg/dg-LLVM14-O2-g/high_precision_20260325_125828/log/cda_standard_icfg.lines.stderr.log
cda_standard_icfg,CDA,standard+icfg+pta,lines,"ShuffleVector instruction is not supported, loosing precision",/home/jimi/PaperExperiment/CompilerOptimization/Result/tengine/dg/dg-LLVM14-O2-g/high_precision_20260325_125828/log/cda_standard_icfg.lines.stderr.log
cda_standard_icfg,CDA,standard+icfg+pta,lines,"ShuffleVector instruction is not supported, loosing precision",/home/jimi/PaperExperiment/CompilerOptimization/Result/tengine/dg/dg-LLVM14-O2-g/high_precision_20260325_125828/log/cda_standard_icfg.lines.stderr.log
cda_standard_icfg,CDA,standard+icfg+pta,lines,"WARNING: Non-0 memset:   tail call void @llvm.memset.p0i8.i64(i8* align 1 %301, i8 -1, i64 %304, i1 false), !dbg !1286",/home/jimi/PaperExperiment/CompilerOptimization/Result/tengine/dg/dg-LLVM14-O2-g/high_precision_20260325_125828/log/cda_standard_icfg.lines.stderr.log
cda_standard_icfg,CDA,standard+icfg+pta,lines,IntToPtr with constant:   <badref> = inttoptr i64 1 to i8*,/home/jimi/PaperExperiment/CompilerOptimization/Result/tengine/dg/dg-LLVM14-O2-g/high_precision_20260325_125828/log/cda_standard_icfg.lines.stderr.log
cda_standard_icfg,CDA,standard+icfg+pta,lines,"ShuffleVector instruction is not supported, loosing precision",/home/jimi/PaperExperiment/CompilerOptimization/Result/tengine/dg/dg-LLVM14-O2-g/high_precision_20260325_125828/log/cda_standard_icfg.lines.stderr.log
cda_standard_icfg,CDA,standard+icfg+pta,lines,"ShuffleVector instruction is not supported, loosing precision",/home/jimi/PaperExperiment/CompilerOptimization/Result/tengine/dg/dg-LLVM14-O2-g/high_precision_20260325_125828/log/cda_standard_icfg.lines.stderr.log
cda_standard_icfg,CDA,standard+icfg+pta,lines,"ShuffleVector instruction is not supported, loosing precision",/home/jimi/PaperExperiment/CompilerOptimization/Result/tengine/dg/dg-LLVM14-O2-g/high_precision_20260325_125828/log/cda_standard_icfg.lines.stderr.log
cda_standard_icfg,CDA,standard+icfg+pta,lines,"ShuffleVector instruction is not supported, loosing precision",/home/jimi/PaperExperiment/CompilerOptimization/Result/tengine/dg/dg-LLVM14-O2-g/high_precision_20260325_125828/log/cda_standard_icfg.lines.stderr.log
cda_standard_icfg,CDA,standard+icfg+pta,lines,"ShuffleVector instruction is not supported, loosing precision",/home/jimi/PaperExperiment/CompilerOptimization/Result/tengine/dg/dg-LLVM14-O2-g/high_precision_20260325_125828/log/cda_standard_icfg.lines.stderr.log
cda_standard_icfg,CDA,standard+icfg+pta,lines,"ShuffleVector instruction is not supported, loosing precision",/home/jimi/PaperExperiment/CompilerOptimization/Result/tengine/dg/dg-LLVM14-O2-g/high_precision_20260325_125828/log/cda_standard_icfg.lines.stderr.log
cda_standard_icfg,CDA,standard+icfg+pta,lines,"ShuffleVector instruction is not supported, loosing precision",/home/jimi/PaperExperiment/CompilerOptimization/Result/tengine/dg/dg-LLVM14-O2-g/high_precision_20260325_125828/log/cda_standard_icfg.lines.stderr.log
cda_standard_icfg,CDA,standard+icfg+pta,lines,"ShuffleVector instruction is not supported, loosing precision",/home/jimi/PaperExperiment/CompilerOptimization/Result/tengine/dg/dg-LLVM14-O2-g/high_precision_20260325_125828/log/cda_standard_icfg.lines.stderr.log
cda_standard_icfg,CDA,standard+icfg+pta,lines,"ShuffleVector instruction is not supported, loosing precision",/home/jimi/PaperExperiment/CompilerOptimization/Result/tengine/dg/dg-LLVM14-O2-g/high_precision_20260325_125828/log/cda_standard_icfg.lines.stderr.log
cda_standard_icfg,CDA,standard+icfg+pta,lines,"ShuffleVector instruction is not supported, loosing precision",/home/jimi/PaperExperiment/CompilerOptimization/Result/tengine/dg/dg-LLVM14-O2-g/high_precision_20260325_125828/log/cda_standard_icfg.lines.stderr.log
cda_standard_icfg,CDA,standard+icfg+pta,lines,"ShuffleVector instruction is not supported, loosing precision",/home/jimi/PaperExperiment/CompilerOptimization/Result/tengine/dg/dg-LLVM14-O2-g/high_precision_20260325_125828/log/cda_standard_icfg.lines.stderr.log
cda_standard_icfg,CDA,standard+icfg+pta,lines,"ShuffleVector instruction is not supported, loosing precision",/home/jimi/PaperExperiment/CompilerOptimization/Result/tengine/dg/dg-LLVM14-O2-g/high_precision_20260325_125828/log/cda_standard_icfg.lines.stderr.log
cda_standard_icfg,CDA,standard+icfg+pta,lines,"ShuffleVector instruction is not supported, loosing precision",/home/jimi/PaperExperiment/CompilerOptimization/Result/tengine/dg/dg-LLVM14-O2-g/high_precision_20260325_125828/log/cda_standard_icfg.lines.stderr.log
cda_standard_icfg,CDA,standard+icfg+pta,lines,"ShuffleVector instruction is not supported, loosing precision",/home/jimi/PaperExperiment/CompilerOptimization/Result/tengine/dg/dg-LLVM14-O2-g/high_precision_20260325_125828/log/cda_standard_icfg.lines.stderr.log
cda_standard_icfg,CDA,standard+icfg+pta,lines,"ShuffleVector instruction is not supported, loosing precision",/home/jimi/PaperExperiment/CompilerOptimization/Result/tengine/dg/dg-LLVM14-O2-g/high_precision_20260325_125828/log/cda_standard_icfg.lines.stderr.log
cda_standard_icfg,CDA,standard+icfg+pta,lines,"ShuffleVector instruction is not supported, loosing precision",/home/jimi/PaperExperiment/CompilerOptimization/Result/tengine/dg/dg-LLVM14-O2-g/high_precision_20260325_125828/log/cda_standard_icfg.lines.stderr.log
cda_standard_icfg,CDA,standard+icfg+pta,lines,"ShuffleVector instruction is not supported, loosing precision",/home/jimi/PaperExperiment/CompilerOptimization/Result/tengine/dg/dg-LLVM14-O2-g/high_precision_20260325_125828/log/cda_standard_icfg.lines.stderr.log
cda_standard_icfg,CDA,standard+icfg+pta,lines,"ShuffleVector instruction is not supported, loosing precision",/home/jimi/PaperExperiment/CompilerOptimization/Result/tengine/dg/dg-LLVM14-O2-g/high_precision_20260325_125828/log/cda_standard_icfg.lines.stderr.log
cda_standard_icfg,CDA,standard+icfg+pta,lines,"ShuffleVector instruction is not supported, loosing precision",/home/jimi/PaperExperiment/CompilerOptimization/Result/tengine/dg/dg-LLVM14-O2-g/high_precision_20260325_125828/log/cda_standard_icfg.lines.stderr.log
cda_standard_icfg,CDA,standard+icfg+pta,lines,"ShuffleVector instruction is not supported, loosing precision",/home/jimi/PaperExperiment/CompilerOptimization/Result/tengine/dg/dg-LLVM14-O2-g/high_precision_20260325_125828/log/cda_standard_icfg.lines.stderr.log
cda_standard_icfg,CDA,standard+icfg+pta,lines,"ShuffleVector instruction is not supported, loosing precision",/home/jimi/PaperExperiment/CompilerOptimization/Result/tengine/dg/dg-LLVM14-O2-g/high_precision_20260325_125828/log/cda_standard_icfg.lines.stderr.log
cda_standard_icfg,CDA,standard+icfg+pta,lines,"ShuffleVector instruction is not supported, loosing precision",/home/jimi/PaperExperiment/CompilerOptimization/Result/tengine/dg/dg-LLVM14-O2-g/high_precision_20260325_125828/log/cda_standard_icfg.lines.stderr.log
cda_standard_icfg,CDA,standard+icfg+pta,lines,"ShuffleVector instruction is not supported, loosing precision",/home/jimi/PaperExperiment/CompilerOptimization/Result/tengine/dg/dg-LLVM14-O2-g/high_precision_20260325_125828/log/cda_standard_icfg.lines.stderr.log
cda_standard_icfg,CDA,standard+icfg+pta,lines,"ShuffleVector instruction is not supported, loosing precision",/home/jimi/PaperExperiment/CompilerOptimization/Result/tengine/dg/dg-LLVM14-O2-g/high_precision_20260325_125828/log/cda_standard_icfg.lines.stderr.log
cda_standard_icfg,CDA,standard+icfg+pta,lines,"ShuffleVector instruction is not supported, loosing precision",/home/jimi/PaperExperiment/CompilerOptimization/Result/tengine/dg/dg-LLVM14-O2-g/high_precision_20260325_125828/log/cda_standard_icfg.lines.stderr.log
cda_standard_icfg,CDA,standard+icfg+pta,lines,"ShuffleVector instruction is not supported, loosing precision",/home/jimi/PaperExperiment/CompilerOptimization/Result/tengine/dg/dg-LLVM14-O2-g/high_precision_20260325_125828/log/cda_standard_icfg.lines.stderr.log
cda_standard_icfg,CDA,standard+icfg+pta,lines,"ShuffleVector instruction is not supported, loosing precision",/home/jimi/PaperExperiment/CompilerOptimization/Result/tengine/dg/dg-LLVM14-O2-g/high_precision_20260325_125828/log/cda_standard_icfg.lines.stderr.log
cda_standard_icfg,CDA,standard+icfg+pta,lines,"ShuffleVector instruction is not supported, loosing precision",/home/jimi/PaperExperiment/CompilerOptimization/Result/tengine/dg/dg-LLVM14-O2-g/high_precision_20260325_125828/log/cda_standard_icfg.lines.stderr.log
cda_standard_icfg,CDA,standard+icfg+pta,lines,"ShuffleVector instruction is not supported, loosing precision",/home/jimi/PaperExperiment/CompilerOptimization/Result/tengine/dg/dg-LLVM14-O2-g/high_precision_20260325_125828/log/cda_standard_icfg.lines.stderr.log
cda_standard_icfg,CDA,standard+icfg+pta,lines,"ShuffleVector instruction is not supported, loosing precision",/home/jimi/PaperExperiment/CompilerOptimization/Result/tengine/dg/dg-LLVM14-O2-g/high_precision_20260325_125828/log/cda_standard_icfg.lines.stderr.log
cda_standard_icfg,CDA,standard+icfg+pta,lines,"ShuffleVector instruction is not supported, loosing precision",/home/jimi/PaperExperiment/CompilerOptimization/Result/tengine/dg/dg-LLVM14-O2-g/high_precision_20260325_125828/log/cda_standard_icfg.lines.stderr.log
cda_standard_icfg,CDA,standard+icfg+pta,lines,"ShuffleVector instruction is not supported, loosing precision",/home/jimi/PaperExperiment/CompilerOptimization/Result/tengine/dg/dg-LLVM14-O2-g/high_precision_20260325_125828/log/cda_standard_icfg.lines.stderr.log
cda_standard_icfg,CDA,standard+icfg+pta,lines,"ShuffleVector instruction is not supported, loosing precision",/home/jimi/PaperExperiment/CompilerOptimization/Result/tengine/dg/dg-LLVM14-O2-g/high_precision_20260325_125828/log/cda_standard_icfg.lines.stderr.log
cda_standard_icfg,CDA,standard+icfg+pta,lines,"ShuffleVector instruction is not supported, loosing precision",/home/jimi/PaperExperiment/CompilerOptimization/Result/tengine/dg/dg-LLVM14-O2-g/high_precision_20260325_125828/log/cda_standard_icfg.lines.stderr.log
cda_standard_icfg,CDA,standard+icfg+pta,lines,"ShuffleVector instruction is not supported, loosing precision",/home/jimi/PaperExperiment/CompilerOptimization/Result/tengine/dg/dg-LLVM14-O2-g/high_precision_20260325_125828/log/cda_standard_icfg.lines.stderr.log
cda_standard_icfg,CDA,standard+icfg+pta,lines,"ShuffleVector instruction is not supported, loosing precision",/home/jimi/PaperExperiment/CompilerOptimization/Result/tengine/dg/dg-LLVM14-O2-g/high_precision_20260325_125828/log/cda_standard_icfg.lines.stderr.log
cda_standard_icfg,CDA,standard+icfg+pta,lines,"ShuffleVector instruction is not supported, loosing precision",/home/jimi/PaperExperiment/CompilerOptimization/Result/tengine/dg/dg-LLVM14-O2-g/high_precision_20260325_125828/log/cda_standard_icfg.lines.stderr.log
cda_standard_icfg,CDA,standard+icfg+pta,lines,"ShuffleVector instruction is not supported, loosing precision",/home/jimi/PaperExperiment/CompilerOptimization/Result/tengine/dg/dg-LLVM14-O2-g/high_precision_20260325_125828/log/cda_standard_icfg.lines.stderr.log
cda_standard_icfg,CDA,standard+icfg+pta,lines,"ShuffleVector instruction is not supported, loosing precision",/home/jimi/PaperExperiment/CompilerOptimization/Result/tengine/dg/dg-LLVM14-O2-g/high_precision_20260325_125828/log/cda_standard_icfg.lines.stderr.log
cda_standard_icfg,CDA,standard+icfg+pta,lines,"ShuffleVector instruction is not supported, loosing precision",/home/jimi/PaperExperiment/CompilerOptimization/Result/tengine/dg/dg-LLVM14-O2-g/high_precision_20260325_125828/log/cda_standard_icfg.lines.stderr.log
cda_standard_icfg,CDA,standard+icfg+pta,lines,"ShuffleVector instruction is not supported, loosing precision",/home/jimi/PaperExperiment/CompilerOptimization/Result/tengine/dg/dg-LLVM14-O2-g/high_precision_20260325_125828/log/cda_standard_icfg.lines.stderr.log
cda_standard_icfg,CDA,standard+icfg+pta,lines,"ShuffleVector instruction is not supported, loosing precision",/home/jimi/PaperExperiment/CompilerOptimization/Result/tengine/dg/dg-LLVM14-O2-g/high_precision_20260325_125828/log/cda_standard_icfg.lines.stderr.log
cda_standard_icfg,CDA,standard+icfg+pta,lines,"ShuffleVector instruction is not supported, loosing precision",/home/jimi/PaperExperiment/CompilerOptimization/Result/tengine/dg/dg-LLVM14-O2-g/high_precision_20260325_125828/log/cda_standard_icfg.lines.stderr.log
cda_standard_icfg,CDA,standard+icfg+pta,lines,"ShuffleVector instruction is not supported, loosing precision",/home/jimi/PaperExperiment/CompilerOptimization/Result/tengine/dg/dg-LLVM14-O2-g/high_precision_20260325_125828/log/cda_standard_icfg.lines.stderr.log
cda_standard_icfg,CDA,standard+icfg+pta,lines,"ShuffleVector instruction is not supported, loosing precision",/home/jimi/PaperExperiment/CompilerOptimization/Result/tengine/dg/dg-LLVM14-O2-g/high_precision_20260325_125828/log/cda_standard_icfg.lines.stderr.log
cda_standard_icfg,CDA,standard+icfg+pta,lines,"ShuffleVector instruction is not supported, loosing precision",/home/jimi/PaperExperiment/CompilerOptimization/Result/tengine/dg/dg-LLVM14-O2-g/high_precision_20260325_125828/log/cda_standard_icfg.lines.stderr.log
cda_standard_icfg,CDA,standard+icfg+pta,lines,"ShuffleVector instruction is not supported, loosing precision",/home/jimi/PaperExperiment/CompilerOptimization/Result/tengine/dg/dg-LLVM14-O2-g/high_precision_20260325_125828/log/cda_standard_icfg.lines.stderr.log
cda_standard_icfg,CDA,standard+icfg+pta,lines,"ShuffleVector instruction is not supported, loosing precision",/home/jimi/PaperExperiment/CompilerOptimization/Result/tengine/dg/dg-LLVM14-O2-g/high_precision_20260325_125828/log/cda_standard_icfg.lines.stderr.log
cda_standard_icfg,CDA,standard+icfg+pta,lines,"ShuffleVector instruction is not supported, loosing precision",/home/jimi/PaperExperiment/CompilerOptimization/Result/tengine/dg/dg-LLVM14-O2-g/high_precision_20260325_125828/log/cda_standard_icfg.lines.stderr.log
cda_standard_icfg,CDA,standard+icfg+pta,lines,"ShuffleVector instruction is not supported, loosing precision",/home/jimi/PaperExperiment/CompilerOptimization/Result/tengine/dg/dg-LLVM14-O2-g/high_precision_20260325_125828/log/cda_standard_icfg.lines.stderr.log
cda_standard_icfg,CDA,standard+icfg+pta,lines,"ShuffleVector instruction is not supported, loosing precision",/home/jimi/PaperExperiment/CompilerOptimization/Result/tengine/dg/dg-LLVM14-O2-g/high_precision_20260325_125828/log/cda_standard_icfg.lines.stderr.log
cda_standard_icfg,CDA,standard+icfg+pta,lines,"ShuffleVector instruction is not supported, loosing precision",/home/jimi/PaperExperiment/CompilerOptimization/Result/tengine/dg/dg-LLVM14-O2-g/high_precision_20260325_125828/log/cda_standard_icfg.lines.stderr.log
cda_standard_icfg,CDA,standard+icfg+pta,lines,"ShuffleVector instruction is not supported, loosing precision",/home/jimi/PaperExperiment/CompilerOptimization/Result/tengine/dg/dg-LLVM14-O2-g/high_precision_20260325_125828/log/cda_standard_icfg.lines.stderr.log
cda_standard_icfg,CDA,standard+icfg+pta,lines,"ShuffleVector instruction is not supported, loosing precision",/home/jimi/PaperExperiment/CompilerOptimization/Result/tengine/dg/dg-LLVM14-O2-g/high_precision_20260325_125828/log/cda_standard_icfg.lines.stderr.log
cda_standard_icfg,CDA,standard+icfg+pta,lines,"ShuffleVector instruction is not supported, loosing precision",/home/jimi/PaperExperiment/CompilerOptimization/Result/tengine/dg/dg-LLVM14-O2-g/high_precision_20260325_125828/log/cda_standard_icfg.lines.stderr.log
cda_standard_icfg,CDA,standard+icfg+pta,lines,"ShuffleVector instruction is not supported, loosing precision",/home/jimi/PaperExperiment/CompilerOptimization/Result/tengine/dg/dg-LLVM14-O2-g/high_precision_20260325_125828/log/cda_standard_icfg.lines.stderr.log
cda_standard_icfg,CDA,standard+icfg+pta,lines,"ShuffleVector instruction is not supported, loosing precision",/home/jimi/PaperExperiment/CompilerOptimization/Result/tengine/dg/dg-LLVM14-O2-g/high_precision_20260325_125828/log/cda_standard_icfg.lines.stderr.log
cda_standard_icfg,CDA,standard+icfg+pta,lines,"ShuffleVector instruction is not supported, loosing precision",/home/jimi/PaperExperiment/CompilerOptimization/Result/tengine/dg/dg-LLVM14-O2-g/high_precision_20260325_125828/log/cda_standard_icfg.lines.stderr.log
cda_standard_icfg,CDA,standard+icfg+pta,lines,"ShuffleVector instruction is not supported, loosing precision",/home/jimi/PaperExperiment/CompilerOptimization/Result/tengine/dg/dg-LLVM14-O2-g/high_precision_20260325_125828/log/cda_standard_icfg.lines.stderr.log
cda_standard_icfg,CDA,standard+icfg+pta,lines,"ShuffleVector instruction is not supported, loosing precision",/home/jimi/PaperExperiment/CompilerOptimization/Result/tengine/dg/dg-LLVM14-O2-g/high_precision_20260325_125828/log/cda_standard_icfg.lines.stderr.log
cda_standard_icfg,CDA,standard+icfg+pta,lines,"ShuffleVector instruction is not supported, loosing precision",/home/jimi/PaperExperiment/CompilerOptimization/Result/tengine/dg/dg-LLVM14-O2-g/high_precision_20260325_125828/log/cda_standard_icfg.lines.stderr.log
cda_standard_icfg,CDA,standard+icfg+pta,lines,"ShuffleVector instruction is not supported, loosing precision",/home/jimi/PaperExperiment/CompilerOptimization/Result/tengine/dg/dg-LLVM14-O2-g/high_precision_20260325_125828/log/cda_standard_icfg.lines.stderr.log
cda_standard_icfg,CDA,standard+icfg+pta,lines,"ShuffleVector instruction is not supported, loosing precision",/home/jimi/PaperExperiment/CompilerOptimization/Result/tengine/dg/dg-LLVM14-O2-g/high_precision_20260325_125828/log/cda_standard_icfg.lines.stderr.log
cda_standard_icfg,CDA,standard+icfg+pta,lines,"ShuffleVector instruction is not supported, loosing precision",/home/jimi/PaperExperiment/CompilerOptimization/Result/tengine/dg/dg-LLVM14-O2-g/high_precision_20260325_125828/log/cda_standard_icfg.lines.stderr.log
cda_standard_icfg,CDA,standard+icfg+pta,lines,"ShuffleVector instruction is not supported, loosing precision",/home/jimi/PaperExperiment/CompilerOptimization/Result/tengine/dg/dg-LLVM14-O2-g/high_precision_20260325_125828/log/cda_standard_icfg.lines.stderr.log
cda_standard_icfg,CDA,standard+icfg+pta,lines,"ShuffleVector instruction is not supported, loosing precision",/home/jimi/PaperExperiment/CompilerOptimization/Result/tengine/dg/dg-LLVM14-O2-g/high_precision_20260325_125828/log/cda_standard_icfg.lines.stderr.log
cda_standard_icfg,CDA,standard+icfg+pta,lines,"ShuffleVector instruction is not supported, loosing precision",/home/jimi/PaperExperiment/CompilerOptimization/Result/tengine/dg/dg-LLVM14-O2-g/high_precision_20260325_125828/log/cda_standard_icfg.lines.stderr.log
cda_standard_icfg,CDA,standard+icfg+pta,lines,"ShuffleVector instruction is not supported, loosing precision",/home/jimi/PaperExperiment/CompilerOptimization/Result/tengine/dg/dg-LLVM14-O2-g/high_precision_20260325_125828/log/cda_standard_icfg.lines.stderr.log
cda_standard_icfg,CDA,standard+icfg+pta,lines,"ShuffleVector instruction is not supported, loosing precision",/home/jimi/PaperExperiment/CompilerOptimization/Result/tengine/dg/dg-LLVM14-O2-g/high_precision_20260325_125828/log/cda_standard_icfg.lines.stderr.log
cda_standard_icfg,CDA,standard+icfg+pta,lines,"ShuffleVector instruction is not supported, loosing precision",/home/jimi/PaperExperiment/CompilerOptimization/Result/tengine/dg/dg-LLVM14-O2-g/high_precision_20260325_125828/log/cda_standard_icfg.lines.stderr.log
cda_standard_icfg,CDA,standard+icfg+pta,lines,"ShuffleVector instruction is not supported, loosing precision",/home/jimi/PaperExperiment/CompilerOptimization/Result/tengine/dg/dg-LLVM14-O2-g/high_precision_20260325_125828/log/cda_standard_icfg.lines.stderr.log
cda_standard_icfg,CDA,standard+icfg+pta,lines,"ShuffleVector instruction is not supported, loosing precision",/home/jimi/PaperExperiment/CompilerOptimization/Result/tengine/dg/dg-LLVM14-O2-g/high_precision_20260325_125828/log/cda_standard_icfg.lines.stderr.log
cda_standard_icfg,CDA,standard+icfg+pta,lines,"ShuffleVector instruction is not supported, loosing precision",/home/jimi/PaperExperiment/CompilerOptimization/Result/tengine/dg/dg-LLVM14-O2-g/high_precision_20260325_125828/log/cda_standard_icfg.lines.stderr.log
cda_standard_icfg,CDA,standard+icfg+pta,lines,"ShuffleVector instruction is not supported, loosing precision",/home/jimi/PaperExperiment/CompilerOptimization/Result/tengine/dg/dg-LLVM14-O2-g/high_precision_20260325_125828/log/cda_standard_icfg.lines.stderr.log
cda_standard_icfg,CDA,standard+icfg+pta,lines,"ShuffleVector instruction is not supported, loosing precision",/home/jimi/PaperExperiment/CompilerOptimization/Result/tengine/dg/dg-LLVM14-O2-g/high_precision_20260325_125828/log/cda_standard_icfg.lines.stderr.log
cda_standard_icfg,CDA,standard+icfg+pta,lines,"ShuffleVector instruction is not supported, loosing precision",/home/jimi/PaperExperiment/CompilerOptimization/Result/tengine/dg/dg-LLVM14-O2-g/high_precision_20260325_125828/log/cda_standard_icfg.lines.stderr.log
cda_standard_icfg,CDA,standard+icfg+pta,lines,"ShuffleVector instruction is not supported, loosing precision",/home/jimi/PaperExperiment/CompilerOptimization/Result/tengine/dg/dg-LLVM14-O2-g/high_precision_20260325_125828/log/cda_standard_icfg.lines.stderr.log
cda_standard_icfg,CDA,standard+icfg+pta,lines,"ShuffleVector instruction is not supported, loosing precision",/home/jimi/PaperExperiment/CompilerOptimization/Result/tengine/dg/dg-LLVM14-O2-g/high_precision_20260325_125828/log/cda_standard_icfg.lines.stderr.log
cda_standard_icfg,CDA,standard+icfg+pta,lines,"ShuffleVector instruction is not supported, loosing precision",/home/jimi/PaperExperiment/CompilerOptimization/Result/tengine/dg/dg-LLVM14-O2-g/high_precision_20260325_125828/log/cda_standard_icfg.lines.stderr.log
cda_standard_icfg,CDA,standard+icfg+pta,lines,"ShuffleVector instruction is not supported, loosing precision",/home/jimi/PaperExperiment/CompilerOptimization/Result/tengine/dg/dg-LLVM14-O2-g/high_precision_20260325_125828/log/cda_standard_icfg.lines.stderr.log
cda_standard_icfg,CDA,standard+icfg+pta,lines,"ShuffleVector instruction is not supported, loosing precision",/home/jimi/PaperExperiment/CompilerOptimization/Result/tengine/dg/dg-LLVM14-O2-g/high_precision_20260325_125828/log/cda_standard_icfg.lines.stderr.log
cda_standard_icfg,CDA,standard+icfg+pta,lines,"ShuffleVector instruction is not supported, loosing precision",/home/jimi/PaperExperiment/CompilerOptimization/Result/tengine/dg/dg-LLVM14-O2-g/high_precision_20260325_125828/log/cda_standard_icfg.lines.stderr.log
cda_standard_icfg,CDA,standard+icfg+pta,lines,"ShuffleVector instruction is not supported, loosing precision",/home/jimi/PaperExperiment/CompilerOptimization/Result/tengine/dg/dg-LLVM14-O2-g/high_precision_20260325_125828/log/cda_standard_icfg.lines.stderr.log
cda_standard_icfg,CDA,standard+icfg+pta,lines,"ShuffleVector instruction is not supported, loosing precision",/home/jimi/PaperExperiment/CompilerOptimization/Result/tengine/dg/dg-LLVM14-O2-g/high_precision_20260325_125828/log/cda_standard_icfg.lines.stderr.log
cda_standard_icfg,CDA,standard+icfg+pta,lines,"ShuffleVector instruction is not supported, loosing precision",/home/jimi/PaperExperiment/CompilerOptimization/Result/tengine/dg/dg-LLVM14-O2-g/high_precision_20260325_125828/log/cda_standard_icfg.lines.stderr.log
cda_standard_icfg,CDA,standard+icfg+pta,lines,"ShuffleVector instruction is not supported, loosing precision",/home/jimi/PaperExperiment/CompilerOptimization/Result/tengine/dg/dg-LLVM14-O2-g/high_precision_20260325_125828/log/cda_standard_icfg.lines.stderr.log
cda_standard_icfg,CDA,standard+icfg+pta,lines,"ShuffleVector instruction is not supported, loosing precision",/home/jimi/PaperExperiment/CompilerOptimization/Result/tengine/dg/dg-LLVM14-O2-g/high_precision_20260325_125828/log/cda_standard_icfg.lines.stderr.log
cda_standard_icfg,CDA,standard+icfg+pta,lines,"ShuffleVector instruction is not supported, loosing precision",/home/jimi/PaperExperiment/CompilerOptimization/Result/tengine/dg/dg-LLVM14-O2-g/high_precision_20260325_125828/log/cda_standard_icfg.lines.stderr.log
cda_standard_icfg,CDA,standard+icfg+pta,lines,"ShuffleVector instruction is not supported, loosing precision",/home/jimi/PaperExperiment/CompilerOptimization/Result/tengine/dg/dg-LLVM14-O2-g/high_precision_20260325_125828/log/cda_standard_icfg.lines.stderr.log
cda_standard_icfg,CDA,standard+icfg+pta,lines,"ShuffleVector instruction is not supported, loosing precision",/home/jimi/PaperExperiment/CompilerOptimization/Result/tengine/dg/dg-LLVM14-O2-g/high_precision_20260325_125828/log/cda_standard_icfg.lines.stderr.log
cda_standard_icfg,CDA,standard+icfg+pta,lines,"ShuffleVector instruction is not supported, loosing precision",/home/jimi/PaperExperiment/CompilerOptimization/Result/tengine/dg/dg-LLVM14-O2-g/high_precision_20260325_125828/log/cda_standard_icfg.lines.stderr.log
cda_standard_icfg,CDA,standard+icfg+pta,lines,"ShuffleVector instruction is not supported, loosing precision",/home/jimi/PaperExperiment/CompilerOptimization/Result/tengine/dg/dg-LLVM14-O2-g/high_precision_20260325_125828/log/cda_standard_icfg.lines.stderr.log
cda_standard_icfg,CDA,standard+icfg+pta,lines,"ShuffleVector instruction is not supported, loosing precision",/home/jimi/PaperExperiment/CompilerOptimization/Result/tengine/dg/dg-LLVM14-O2-g/high_precision_20260325_125828/log/cda_standard_icfg.lines.stderr.log
cda_standard_icfg,CDA,standard+icfg+pta,lines,"ShuffleVector instruction is not supported, loosing precision",/home/jimi/PaperExperiment/CompilerOptimization/Result/tengine/dg/dg-LLVM14-O2-g/high_precision_20260325_125828/log/cda_standard_icfg.lines.stderr.log
cda_standard_icfg,CDA,standard+icfg+pta,lines,"ShuffleVector instruction is not supported, loosing precision",/home/jimi/PaperExperiment/CompilerOptimization/Result/tengine/dg/dg-LLVM14-O2-g/high_precision_20260325_125828/log/cda_standard_icfg.lines.stderr.log
cda_standard_icfg,CDA,standard+icfg+pta,lines,"ShuffleVector instruction is not supported, loosing precision",/home/jimi/PaperExperiment/CompilerOptimization/Result/tengine/dg/dg-LLVM14-O2-g/high_precision_20260325_125828/log/cda_standard_icfg.lines.stderr.log
cda_standard_icfg,CDA,standard+icfg+pta,lines,"ShuffleVector instruction is not supported, loosing precision",/home/jimi/PaperExperiment/CompilerOptimization/Result/tengine/dg/dg-LLVM14-O2-g/high_precision_20260325_125828/log/cda_standard_icfg.lines.stderr.log
cda_standard_icfg,CDA,standard+icfg+pta,lines,"ShuffleVector instruction is not supported, loosing precision",/home/jimi/PaperExperiment/CompilerOptimization/Result/tengine/dg/dg-LLVM14-O2-g/high_precision_20260325_125828/log/cda_standard_icfg.lines.stderr.log
cda_standard_icfg,CDA,standard+icfg+pta,lines,"ShuffleVector instruction is not supported, loosing precision",/home/jimi/PaperExperiment/CompilerOptimization/Result/tengine/dg/dg-LLVM14-O2-g/high_precision_20260325_125828/log/cda_standard_icfg.lines.stderr.log
cda_standard_icfg,CDA,standard+icfg+pta,lines,"ShuffleVector instruction is not supported, loosing precision",/home/jimi/PaperExperiment/CompilerOptimization/Result/tengine/dg/dg-LLVM14-O2-g/high_precision_20260325_125828/log/cda_standard_icfg.lines.stderr.log
cda_standard_icfg,CDA,standard+icfg+pta,lines,"ShuffleVector instruction is not supported, loosing precision",/home/jimi/PaperExperiment/CompilerOptimization/Result/tengine/dg/dg-LLVM14-O2-g/high_precision_20260325_125828/log/cda_standard_icfg.lines.stderr.log
cda_standard_icfg,CDA,standard+icfg+pta,lines,"ShuffleVector instruction is not supported, loosing precision",/home/jimi/PaperExperiment/CompilerOptimization/Result/tengine/dg/dg-LLVM14-O2-g/high_precision_20260325_125828/log/cda_standard_icfg.lines.stderr.log
cda_standard_icfg,CDA,standard+icfg+pta,lines,"ShuffleVector instruction is not supported, loosing precision",/home/jimi/PaperExperiment/CompilerOptimization/Result/tengine/dg/dg-LLVM14-O2-g/high_precision_20260325_125828/log/cda_standard_icfg.lines.stderr.log
cda_standard_icfg,CDA,standard+icfg+pta,lines,"ShuffleVector instruction is not supported, loosing precision",/home/jimi/PaperExperiment/CompilerOptimization/Result/tengine/dg/dg-LLVM14-O2-g/high_precision_20260325_125828/log/cda_standard_icfg.lines.stderr.log
cda_standard_icfg,CDA,standard+icfg+pta,lines,"ShuffleVector instruction is not supported, loosing precision",/home/jimi/PaperExperiment/CompilerOptimization/Result/tengine/dg/dg-LLVM14-O2-g/high_precision_20260325_125828/log/cda_standard_icfg.lines.stderr.log
cda_standard_icfg,CDA,standard+icfg+pta,lines,"ShuffleVector instruction is not supported, loosing precision",/home/jimi/PaperExperiment/CompilerOptimization/Result/tengine/dg/dg-LLVM14-O2-g/high_precision_20260325_125828/log/cda_standard_icfg.lines.stderr.log
cda_standard_icfg,CDA,standard+icfg+pta,lines,"ShuffleVector instruction is not supported, loosing precision",/home/jimi/PaperExperiment/CompilerOptimization/Result/tengine/dg/dg-LLVM14-O2-g/high_precision_20260325_125828/log/cda_standard_icfg.lines.stderr.log
cda_standard_icfg,CDA,standard+icfg+pta,lines,"ShuffleVector instruction is not supported, loosing precision",/home/jimi/PaperExperiment/CompilerOptimization/Result/tengine/dg/dg-LLVM14-O2-g/high_precision_20260325_125828/log/cda_standard_icfg.lines.stderr.log
cda_standard_icfg,CDA,standard+icfg+pta,dot,"WARNING: Non-0 memset:   tail call void @llvm.memset.p0i8.i64(i8* noundef nonnull align 4 dereferenceable(512) %70, i8 -1, i64 512, i1 false), !dbg !950",/home/jimi/PaperExperiment/CompilerOptimization/Result/tengine/dg/dg-LLVM14-O2-g/high_precision_20260325_125828/log/cda_standard_icfg.dot.stderr.log
cda_standard_icfg,CDA,standard+icfg+pta,dot,"WARNING: Non-0 memset:   call void @llvm.memset.p0i8.i64(i8* noundef nonnull align 1 dereferenceable(1) %134, i8 %132, i64 %135, i1 false), !dbg !964, !tbaa !889",/home/jimi/PaperExperiment/CompilerOptimization/Result/tengine/dg/dg-LLVM14-O2-g/high_precision_20260325_125828/log/cda_standard_icfg.dot.stderr.log
cda_standard_icfg,CDA,standard+icfg+pta,dot,"WARNING: Non-0 memset:   call void @llvm.memset.p0i8.i64(i8* noundef nonnull align 1 dereferenceable(1) %94, i8 %92, i64 %95, i1 false), !dbg !964, !tbaa !889",/home/jimi/PaperExperiment/CompilerOptimization/Result/tengine/dg/dg-LLVM14-O2-g/high_precision_20260325_125828/log/cda_standard_icfg.dot.stderr.log
cda_standard_icfg,CDA,standard+icfg+pta,dot,"WARNING: Non-0 memset:   call void @llvm.memset.p0i8.i64(i8* noundef nonnull align 1 dereferenceable(1) %111, i8 %109, i64 %112, i1 false), !dbg !964, !tbaa !889",/home/jimi/PaperExperiment/CompilerOptimization/Result/tengine/dg/dg-LLVM14-O2-g/high_precision_20260325_125828/log/cda_standard_icfg.dot.stderr.log
cda_standard_icfg,CDA,standard+icfg+pta,dot,"WARNING: Non-0 memset:   tail call void @llvm.memset.p0i8.i64(i8* align 1 %696, i8 %703, i64 %704, i1 false) #30, !dbg !1675, !tbaa !921",/home/jimi/PaperExperiment/CompilerOptimization/Result/tengine/dg/dg-LLVM14-O2-g/high_precision_20260325_125828/log/cda_standard_icfg.dot.stderr.log
cda_standard_icfg,CDA,standard+icfg+pta,dot,"WARNING: Non-0 memset:   call void @llvm.memset.p0i8.i64(i8* nonnull align 1 %506, i8 %501, i64 %507, i1 false) #30, !dbg !1430",/home/jimi/PaperExperiment/CompilerOptimization/Result/tengine/dg/dg-LLVM14-O2-g/high_precision_20260325_125828/log/cda_standard_icfg.dot.stderr.log
cda_standard_icfg,CDA,standard+icfg+pta,dot,"ShuffleVector instruction is not supported, loosing precision",/home/jimi/PaperExperiment/CompilerOptimization/Result/tengine/dg/dg-LLVM14-O2-g/high_precision_20260325_125828/log/cda_standard_icfg.dot.stderr.log
cda_standard_icfg,CDA,standard+icfg+pta,dot,"ShuffleVector instruction is not supported, loosing precision",/home/jimi/PaperExperiment/CompilerOptimization/Result/tengine/dg/dg-LLVM14-O2-g/high_precision_20260325_125828/log/cda_standard_icfg.dot.stderr.log
cda_standard_icfg,CDA,standard+icfg+pta,dot,"ShuffleVector instruction is not supported, loosing precision",/home/jimi/PaperExperiment/CompilerOptimization/Result/tengine/dg/dg-LLVM14-O2-g/high_precision_20260325_125828/log/cda_standard_icfg.dot.stderr.log
cda_standard_icfg,CDA,standard+icfg+pta,dot,"ShuffleVector instruction is not supported, loosing precision",/home/jimi/PaperExperiment/CompilerOptimization/Result/tengine/dg/dg-LLVM14-O2-g/high_precision_20260325_125828/log/cda_standard_icfg.dot.stderr.log
cda_standard_icfg,CDA,standard+icfg+pta,dot,"ShuffleVector instruction is not supported, loosing precision",/home/jimi/PaperExperiment/CompilerOptimization/Result/tengine/dg/dg-LLVM14-O2-g/high_precision_20260325_125828/log/cda_standard_icfg.dot.stderr.log
cda_standard_icfg,CDA,standard+icfg+pta,dot,"ShuffleVector instruction is not supported, loosing precision",/home/jimi/PaperExperiment/CompilerOptimization/Result/tengine/dg/dg-LLVM14-O2-g/high_precision_20260325_125828/log/cda_standard_icfg.dot.stderr.log
cda_standard_icfg,CDA,standard+icfg+pta,dot,"ShuffleVector instruction is not supported, loosing precision",/home/jimi/PaperExperiment/CompilerOptimization/Result/tengine/dg/dg-LLVM14-O2-g/high_precision_20260325_125828/log/cda_standard_icfg.dot.stderr.log
cda_standard_icfg,CDA,standard+icfg+pta,dot,"ShuffleVector instruction is not supported, loosing precision",/home/jimi/PaperExperiment/CompilerOptimization/Result/tengine/dg/dg-LLVM14-O2-g/high_precision_20260325_125828/log/cda_standard_icfg.dot.stderr.log
cda_standard_icfg,CDA,standard+icfg+pta,dot,"ShuffleVector instruction is not supported, loosing precision",/home/jimi/PaperExperiment/CompilerOptimization/Result/tengine/dg/dg-LLVM14-O2-g/high_precision_20260325_125828/log/cda_standard_icfg.dot.stderr.log
cda_standard_icfg,CDA,standard+icfg+pta,dot,"ShuffleVector instruction is not supported, loosing precision",/home/jimi/PaperExperiment/CompilerOptimization/Result/tengine/dg/dg-LLVM14-O2-g/high_precision_20260325_125828/log/cda_standard_icfg.dot.stderr.log
cda_standard_icfg,CDA,standard+icfg+pta,dot,"ShuffleVector instruction is not supported, loosing precision",/home/jimi/PaperExperiment/CompilerOptimization/Result/tengine/dg/dg-LLVM14-O2-g/high_precision_20260325_125828/log/cda_standard_icfg.dot.stderr.log
cda_standard_icfg,CDA,standard+icfg+pta,dot,"ShuffleVector instruction is not supported, loosing precision",/home/jimi/PaperExperiment/CompilerOptimization/Result/tengine/dg/dg-LLVM14-O2-g/high_precision_20260325_125828/log/cda_standard_icfg.dot.stderr.log
cda_standard_icfg,CDA,standard+icfg+pta,dot,"ShuffleVector instruction is not supported, loosing precision",/home/jimi/PaperExperiment/CompilerOptimization/Result/tengine/dg/dg-LLVM14-O2-g/high_precision_20260325_125828/log/cda_standard_icfg.dot.stderr.log
cda_standard_icfg,CDA,standard+icfg+pta,dot,"ShuffleVector instruction is not supported, loosing precision",/home/jimi/PaperExperiment/CompilerOptimization/Result/tengine/dg/dg-LLVM14-O2-g/high_precision_20260325_125828/log/cda_standard_icfg.dot.stderr.log
cda_standard_icfg,CDA,standard+icfg+pta,dot,"ShuffleVector instruction is not supported, loosing precision",/home/jimi/PaperExperiment/CompilerOptimization/Result/tengine/dg/dg-LLVM14-O2-g/high_precision_20260325_125828/log/cda_standard_icfg.dot.stderr.log
cda_standard_icfg,CDA,standard+icfg+pta,dot,"ShuffleVector instruction is not supported, loosing precision",/home/jimi/PaperExperiment/CompilerOptimization/Result/tengine/dg/dg-LLVM14-O2-g/high_precision_20260325_125828/log/cda_standard_icfg.dot.stderr.log
cda_standard_icfg,CDA,standard+icfg+pta,dot,"ShuffleVector instruction is not supported, loosing precision",/home/jimi/PaperExperiment/CompilerOptimization/Result/tengine/dg/dg-LLVM14-O2-g/high_precision_20260325_125828/log/cda_standard_icfg.dot.stderr.log
cda_standard_icfg,CDA,standard+icfg+pta,dot,"ShuffleVector instruction is not supported, loosing precision",/home/jimi/PaperExperiment/CompilerOptimization/Result/tengine/dg/dg-LLVM14-O2-g/high_precision_20260325_125828/log/cda_standard_icfg.dot.stderr.log
cda_standard_icfg,CDA,standard+icfg+pta,dot,"ShuffleVector instruction is not supported, loosing precision",/home/jimi/PaperExperiment/CompilerOptimization/Result/tengine/dg/dg-LLVM14-O2-g/high_precision_20260325_125828/log/cda_standard_icfg.dot.stderr.log
cda_standard_icfg,CDA,standard+icfg+pta,dot,"ShuffleVector instruction is not supported, loosing precision",/home/jimi/PaperExperiment/CompilerOptimization/Result/tengine/dg/dg-LLVM14-O2-g/high_precision_20260325_125828/log/cda_standard_icfg.dot.stderr.log
cda_standard_icfg,CDA,standard+icfg+pta,dot,"ShuffleVector instruction is not supported, loosing precision",/home/jimi/PaperExperiment/CompilerOptimization/Result/tengine/dg/dg-LLVM14-O2-g/high_precision_20260325_125828/log/cda_standard_icfg.dot.stderr.log
cda_standard_icfg,CDA,standard+icfg+pta,dot,"ShuffleVector instruction is not supported, loosing precision",/home/jimi/PaperExperiment/CompilerOptimization/Result/tengine/dg/dg-LLVM14-O2-g/high_precision_20260325_125828/log/cda_standard_icfg.dot.stderr.log
cda_standard_icfg,CDA,standard+icfg+pta,dot,"ShuffleVector instruction is not supported, loosing precision",/home/jimi/PaperExperiment/CompilerOptimization/Result/tengine/dg/dg-LLVM14-O2-g/high_precision_20260325_125828/log/cda_standard_icfg.dot.stderr.log
cda_standard_icfg,CDA,standard+icfg+pta,dot,"ShuffleVector instruction is not supported, loosing precision",/home/jimi/PaperExperiment/CompilerOptimization/Result/tengine/dg/dg-LLVM14-O2-g/high_precision_20260325_125828/log/cda_standard_icfg.dot.stderr.log
cda_standard_icfg,CDA,standard+icfg+pta,dot,"ShuffleVector instruction is not supported, loosing precision",/home/jimi/PaperExperiment/CompilerOptimization/Result/tengine/dg/dg-LLVM14-O2-g/high_precision_20260325_125828/log/cda_standard_icfg.dot.stderr.log
cda_standard_icfg,CDA,standard+icfg+pta,dot,"ShuffleVector instruction is not supported, loosing precision",/home/jimi/PaperExperiment/CompilerOptimization/Result/tengine/dg/dg-LLVM14-O2-g/high_precision_20260325_125828/log/cda_standard_icfg.dot.stderr.log
cda_standard_icfg,CDA,standard+icfg+pta,dot,"ShuffleVector instruction is not supported, loosing precision",/home/jimi/PaperExperiment/CompilerOptimization/Result/tengine/dg/dg-LLVM14-O2-g/high_precision_20260325_125828/log/cda_standard_icfg.dot.stderr.log
cda_standard_icfg,CDA,standard+icfg+pta,dot,"ShuffleVector instruction is not supported, loosing precision",/home/jimi/PaperExperiment/CompilerOptimization/Result/tengine/dg/dg-LLVM14-O2-g/high_precision_20260325_125828/log/cda_standard_icfg.dot.stderr.log
cda_standard_icfg,CDA,standard+icfg+pta,dot,"ShuffleVector instruction is not supported, loosing precision",/home/jimi/PaperExperiment/CompilerOptimization/Result/tengine/dg/dg-LLVM14-O2-g/high_precision_20260325_125828/log/cda_standard_icfg.dot.stderr.log
cda_standard_icfg,CDA,standard+icfg+pta,dot,"ShuffleVector instruction is not supported, loosing precision",/home/jimi/PaperExperiment/CompilerOptimization/Result/tengine/dg/dg-LLVM14-O2-g/high_precision_20260325_125828/log/cda_standard_icfg.dot.stderr.log
cda_standard_icfg,CDA,standard+icfg+pta,dot,"ShuffleVector instruction is not supported, loosing precision",/home/jimi/PaperExperiment/CompilerOptimization/Result/tengine/dg/dg-LLVM14-O2-g/high_precision_20260325_125828/log/cda_standard_icfg.dot.stderr.log
cda_standard_icfg,CDA,standard+icfg+pta,dot,"ShuffleVector instruction is not supported, loosing precision",/home/jimi/PaperExperiment/CompilerOptimization/Result/tengine/dg/dg-LLVM14-O2-g/high_precision_20260325_125828/log/cda_standard_icfg.dot.stderr.log
cda_standard_icfg,CDA,standard+icfg+pta,dot,"ShuffleVector instruction is not supported, loosing precision",/home/jimi/PaperExperiment/CompilerOptimization/Result/tengine/dg/dg-LLVM14-O2-g/high_precision_20260325_125828/log/cda_standard_icfg.dot.stderr.log
cda_standard_icfg,CDA,standard+icfg+pta,dot,"ShuffleVector instruction is not supported, loosing precision",/home/jimi/PaperExperiment/CompilerOptimization/Result/tengine/dg/dg-LLVM14-O2-g/high_precision_20260325_125828/log/cda_standard_icfg.dot.stderr.log
cda_standard_icfg,CDA,standard+icfg+pta,dot,"ShuffleVector instruction is not supported, loosing precision",/home/jimi/PaperExperiment/CompilerOptimization/Result/tengine/dg/dg-LLVM14-O2-g/high_precision_20260325_125828/log/cda_standard_icfg.dot.stderr.log
cda_standard_icfg,CDA,standard+icfg+pta,dot,"ShuffleVector instruction is not supported, loosing precision",/home/jimi/PaperExperiment/CompilerOptimization/Result/tengine/dg/dg-LLVM14-O2-g/high_precision_20260325_125828/log/cda_standard_icfg.dot.stderr.log
cda_standard_icfg,CDA,standard+icfg+pta,dot,"WARNING: Non-0 memset:   tail call void @llvm.memset.p0i8.i64(i8* align 1 %301, i8 -1, i64 %304, i1 false), !dbg !1286",/home/jimi/PaperExperiment/CompilerOptimization/Result/tengine/dg/dg-LLVM14-O2-g/high_precision_20260325_125828/log/cda_standard_icfg.dot.stderr.log
cda_standard_icfg,CDA,standard+icfg+pta,dot,IntToPtr with constant:   <badref> = inttoptr i64 1 to i8*,/home/jimi/PaperExperiment/CompilerOptimization/Result/tengine/dg/dg-LLVM14-O2-g/high_precision_20260325_125828/log/cda_standard_icfg.dot.stderr.log
cda_standard_icfg,CDA,standard+icfg+pta,dot,"ShuffleVector instruction is not supported, loosing precision",/home/jimi/PaperExperiment/CompilerOptimization/Result/tengine/dg/dg-LLVM14-O2-g/high_precision_20260325_125828/log/cda_standard_icfg.dot.stderr.log
cda_standard_icfg,CDA,standard+icfg+pta,dot,"ShuffleVector instruction is not supported, loosing precision",/home/jimi/PaperExperiment/CompilerOptimization/Result/tengine/dg/dg-LLVM14-O2-g/high_precision_20260325_125828/log/cda_standard_icfg.dot.stderr.log
cda_standard_icfg,CDA,standard+icfg+pta,dot,"ShuffleVector instruction is not supported, loosing precision",/home/jimi/PaperExperiment/CompilerOptimization/Result/tengine/dg/dg-LLVM14-O2-g/high_precision_20260325_125828/log/cda_standard_icfg.dot.stderr.log
cda_standard_icfg,CDA,standard+icfg+pta,dot,"ShuffleVector instruction is not supported, loosing precision",/home/jimi/PaperExperiment/CompilerOptimization/Result/tengine/dg/dg-LLVM14-O2-g/high_precision_20260325_125828/log/cda_standard_icfg.dot.stderr.log
cda_standard_icfg,CDA,standard+icfg+pta,dot,"ShuffleVector instruction is not supported, loosing precision",/home/jimi/PaperExperiment/CompilerOptimization/Result/tengine/dg/dg-LLVM14-O2-g/high_precision_20260325_125828/log/cda_standard_icfg.dot.stderr.log
cda_standard_icfg,CDA,standard+icfg+pta,dot,"ShuffleVector instruction is not supported, loosing precision",/home/jimi/PaperExperiment/CompilerOptimization/Result/tengine/dg/dg-LLVM14-O2-g/high_precision_20260325_125828/log/cda_standard_icfg.dot.stderr.log
cda_standard_icfg,CDA,standard+icfg+pta,dot,"ShuffleVector instruction is not supported, loosing precision",/home/jimi/PaperExperiment/CompilerOptimization/Result/tengine/dg/dg-LLVM14-O2-g/high_precision_20260325_125828/log/cda_standard_icfg.dot.stderr.log
cda_standard_icfg,CDA,standard+icfg+pta,dot,"ShuffleVector instruction is not supported, loosing precision",/home/jimi/PaperExperiment/CompilerOptimization/Result/tengine/dg/dg-LLVM14-O2-g/high_precision_20260325_125828/log/cda_standard_icfg.dot.stderr.log
cda_standard_icfg,CDA,standard+icfg+pta,dot,"ShuffleVector instruction is not supported, loosing precision",/home/jimi/PaperExperiment/CompilerOptimization/Result/tengine/dg/dg-LLVM14-O2-g/high_precision_20260325_125828/log/cda_standard_icfg.dot.stderr.log
cda_standard_icfg,CDA,standard+icfg+pta,dot,"ShuffleVector instruction is not supported, loosing precision",/home/jimi/PaperExperiment/CompilerOptimization/Result/tengine/dg/dg-LLVM14-O2-g/high_precision_20260325_125828/log/cda_standard_icfg.dot.stderr.log
cda_standard_icfg,CDA,standard+icfg+pta,dot,"ShuffleVector instruction is not supported, loosing precision",/home/jimi/PaperExperiment/CompilerOptimization/Result/tengine/dg/dg-LLVM14-O2-g/high_precision_20260325_125828/log/cda_standard_icfg.dot.stderr.log
cda_standard_icfg,CDA,standard+icfg+pta,dot,"ShuffleVector instruction is not supported, loosing precision",/home/jimi/PaperExperiment/CompilerOptimization/Result/tengine/dg/dg-LLVM14-O2-g/high_precision_20260325_125828/log/cda_standard_icfg.dot.stderr.log
cda_standard_icfg,CDA,standard+icfg+pta,dot,"ShuffleVector instruction is not supported, loosing precision",/home/jimi/PaperExperiment/CompilerOptimization/Result/tengine/dg/dg-LLVM14-O2-g/high_precision_20260325_125828/log/cda_standard_icfg.dot.stderr.log
cda_standard_icfg,CDA,standard+icfg+pta,dot,"ShuffleVector instruction is not supported, loosing precision",/home/jimi/PaperExperiment/CompilerOptimization/Result/tengine/dg/dg-LLVM14-O2-g/high_precision_20260325_125828/log/cda_standard_icfg.dot.stderr.log
cda_standard_icfg,CDA,standard+icfg+pta,dot,"ShuffleVector instruction is not supported, loosing precision",/home/jimi/PaperExperiment/CompilerOptimization/Result/tengine/dg/dg-LLVM14-O2-g/high_precision_20260325_125828/log/cda_standard_icfg.dot.stderr.log
cda_standard_icfg,CDA,standard+icfg+pta,dot,"ShuffleVector instruction is not supported, loosing precision",/home/jimi/PaperExperiment/CompilerOptimization/Result/tengine/dg/dg-LLVM14-O2-g/high_precision_20260325_125828/log/cda_standard_icfg.dot.stderr.log
cda_standard_icfg,CDA,standard+icfg+pta,dot,"ShuffleVector instruction is not supported, loosing precision",/home/jimi/PaperExperiment/CompilerOptimization/Result/tengine/dg/dg-LLVM14-O2-g/high_precision_20260325_125828/log/cda_standard_icfg.dot.stderr.log
cda_standard_icfg,CDA,standard+icfg+pta,dot,"ShuffleVector instruction is not supported, loosing precision",/home/jimi/PaperExperiment/CompilerOptimization/Result/tengine/dg/dg-LLVM14-O2-g/high_precision_20260325_125828/log/cda_standard_icfg.dot.stderr.log
cda_standard_icfg,CDA,standard+icfg+pta,dot,"ShuffleVector instruction is not supported, loosing precision",/home/jimi/PaperExperiment/CompilerOptimization/Result/tengine/dg/dg-LLVM14-O2-g/high_precision_20260325_125828/log/cda_standard_icfg.dot.stderr.log
cda_standard_icfg,CDA,standard+icfg+pta,dot,"ShuffleVector instruction is not supported, loosing precision",/home/jimi/PaperExperiment/CompilerOptimization/Result/tengine/dg/dg-LLVM14-O2-g/high_precision_20260325_125828/log/cda_standard_icfg.dot.stderr.log
cda_standard_icfg,CDA,standard+icfg+pta,dot,"ShuffleVector instruction is not supported, loosing precision",/home/jimi/PaperExperiment/CompilerOptimization/Result/tengine/dg/dg-LLVM14-O2-g/high_precision_20260325_125828/log/cda_standard_icfg.dot.stderr.log
cda_standard_icfg,CDA,standard+icfg+pta,dot,"ShuffleVector instruction is not supported, loosing precision",/home/jimi/PaperExperiment/CompilerOptimization/Result/tengine/dg/dg-LLVM14-O2-g/high_precision_20260325_125828/log/cda_standard_icfg.dot.stderr.log
cda_standard_icfg,CDA,standard+icfg+pta,dot,"ShuffleVector instruction is not supported, loosing precision",/home/jimi/PaperExperiment/CompilerOptimization/Result/tengine/dg/dg-LLVM14-O2-g/high_precision_20260325_125828/log/cda_standard_icfg.dot.stderr.log
cda_standard_icfg,CDA,standard+icfg+pta,dot,"ShuffleVector instruction is not supported, loosing precision",/home/jimi/PaperExperiment/CompilerOptimization/Result/tengine/dg/dg-LLVM14-O2-g/high_precision_20260325_125828/log/cda_standard_icfg.dot.stderr.log
cda_standard_icfg,CDA,standard+icfg+pta,dot,"ShuffleVector instruction is not supported, loosing precision",/home/jimi/PaperExperiment/CompilerOptimization/Result/tengine/dg/dg-LLVM14-O2-g/high_precision_20260325_125828/log/cda_standard_icfg.dot.stderr.log
cda_standard_icfg,CDA,standard+icfg+pta,dot,"ShuffleVector instruction is not supported, loosing precision",/home/jimi/PaperExperiment/CompilerOptimization/Result/tengine/dg/dg-LLVM14-O2-g/high_precision_20260325_125828/log/cda_standard_icfg.dot.stderr.log
cda_standard_icfg,CDA,standard+icfg+pta,dot,"ShuffleVector instruction is not supported, loosing precision",/home/jimi/PaperExperiment/CompilerOptimization/Result/tengine/dg/dg-LLVM14-O2-g/high_precision_20260325_125828/log/cda_standard_icfg.dot.stderr.log
cda_standard_icfg,CDA,standard+icfg+pta,dot,"ShuffleVector instruction is not supported, loosing precision",/home/jimi/PaperExperiment/CompilerOptimization/Result/tengine/dg/dg-LLVM14-O2-g/high_precision_20260325_125828/log/cda_standard_icfg.dot.stderr.log
cda_standard_icfg,CDA,standard+icfg+pta,dot,"ShuffleVector instruction is not supported, loosing precision",/home/jimi/PaperExperiment/CompilerOptimization/Result/tengine/dg/dg-LLVM14-O2-g/high_precision_20260325_125828/log/cda_standard_icfg.dot.stderr.log
cda_standard_icfg,CDA,standard+icfg+pta,dot,"ShuffleVector instruction is not supported, loosing precision",/home/jimi/PaperExperiment/CompilerOptimization/Result/tengine/dg/dg-LLVM14-O2-g/high_precision_20260325_125828/log/cda_standard_icfg.dot.stderr.log
cda_standard_icfg,CDA,standard+icfg+pta,dot,"ShuffleVector instruction is not supported, loosing precision",/home/jimi/PaperExperiment/CompilerOptimization/Result/tengine/dg/dg-LLVM14-O2-g/high_precision_20260325_125828/log/cda_standard_icfg.dot.stderr.log
cda_standard_icfg,CDA,standard+icfg+pta,dot,"ShuffleVector instruction is not supported, loosing precision",/home/jimi/PaperExperiment/CompilerOptimization/Result/tengine/dg/dg-LLVM14-O2-g/high_precision_20260325_125828/log/cda_standard_icfg.dot.stderr.log
cda_standard_icfg,CDA,standard+icfg+pta,dot,"ShuffleVector instruction is not supported, loosing precision",/home/jimi/PaperExperiment/CompilerOptimization/Result/tengine/dg/dg-LLVM14-O2-g/high_precision_20260325_125828/log/cda_standard_icfg.dot.stderr.log
cda_standard_icfg,CDA,standard+icfg+pta,dot,"ShuffleVector instruction is not supported, loosing precision",/home/jimi/PaperExperiment/CompilerOptimization/Result/tengine/dg/dg-LLVM14-O2-g/high_precision_20260325_125828/log/cda_standard_icfg.dot.stderr.log
cda_standard_icfg,CDA,standard+icfg+pta,dot,"ShuffleVector instruction is not supported, loosing precision",/home/jimi/PaperExperiment/CompilerOptimization/Result/tengine/dg/dg-LLVM14-O2-g/high_precision_20260325_125828/log/cda_standard_icfg.dot.stderr.log
cda_standard_icfg,CDA,standard+icfg+pta,dot,"ShuffleVector instruction is not supported, loosing precision",/home/jimi/PaperExperiment/CompilerOptimization/Result/tengine/dg/dg-LLVM14-O2-g/high_precision_20260325_125828/log/cda_standard_icfg.dot.stderr.log
cda_standard_icfg,CDA,standard+icfg+pta,dot,"ShuffleVector instruction is not supported, loosing precision",/home/jimi/PaperExperiment/CompilerOptimization/Result/tengine/dg/dg-LLVM14-O2-g/high_precision_20260325_125828/log/cda_standard_icfg.dot.stderr.log
cda_standard_icfg,CDA,standard+icfg+pta,dot,"ShuffleVector instruction is not supported, loosing precision",/home/jimi/PaperExperiment/CompilerOptimization/Result/tengine/dg/dg-LLVM14-O2-g/high_precision_20260325_125828/log/cda_standard_icfg.dot.stderr.log
cda_standard_icfg,CDA,standard+icfg+pta,dot,"ShuffleVector instruction is not supported, loosing precision",/home/jimi/PaperExperiment/CompilerOptimization/Result/tengine/dg/dg-LLVM14-O2-g/high_precision_20260325_125828/log/cda_standard_icfg.dot.stderr.log
cda_standard_icfg,CDA,standard+icfg+pta,dot,"ShuffleVector instruction is not supported, loosing precision",/home/jimi/PaperExperiment/CompilerOptimization/Result/tengine/dg/dg-LLVM14-O2-g/high_precision_20260325_125828/log/cda_standard_icfg.dot.stderr.log
cda_standard_icfg,CDA,standard+icfg+pta,dot,"ShuffleVector instruction is not supported, loosing precision",/home/jimi/PaperExperiment/CompilerOptimization/Result/tengine/dg/dg-LLVM14-O2-g/high_precision_20260325_125828/log/cda_standard_icfg.dot.stderr.log
cda_standard_icfg,CDA,standard+icfg+pta,dot,"ShuffleVector instruction is not supported, loosing precision",/home/jimi/PaperExperiment/CompilerOptimization/Result/tengine/dg/dg-LLVM14-O2-g/high_precision_20260325_125828/log/cda_standard_icfg.dot.stderr.log
cda_standard_icfg,CDA,standard+icfg+pta,dot,"ShuffleVector instruction is not supported, loosing precision",/home/jimi/PaperExperiment/CompilerOptimization/Result/tengine/dg/dg-LLVM14-O2-g/high_precision_20260325_125828/log/cda_standard_icfg.dot.stderr.log
cda_standard_icfg,CDA,standard+icfg+pta,dot,"ShuffleVector instruction is not supported, loosing precision",/home/jimi/PaperExperiment/CompilerOptimization/Result/tengine/dg/dg-LLVM14-O2-g/high_precision_20260325_125828/log/cda_standard_icfg.dot.stderr.log
cda_standard_icfg,CDA,standard+icfg+pta,dot,"ShuffleVector instruction is not supported, loosing precision",/home/jimi/PaperExperiment/CompilerOptimization/Result/tengine/dg/dg-LLVM14-O2-g/high_precision_20260325_125828/log/cda_standard_icfg.dot.stderr.log
cda_standard_icfg,CDA,standard+icfg+pta,dot,"ShuffleVector instruction is not supported, loosing precision",/home/jimi/PaperExperiment/CompilerOptimization/Result/tengine/dg/dg-LLVM14-O2-g/high_precision_20260325_125828/log/cda_standard_icfg.dot.stderr.log
cda_standard_icfg,CDA,standard+icfg+pta,dot,"ShuffleVector instruction is not supported, loosing precision",/home/jimi/PaperExperiment/CompilerOptimization/Result/tengine/dg/dg-LLVM14-O2-g/high_precision_20260325_125828/log/cda_standard_icfg.dot.stderr.log
cda_standard_icfg,CDA,standard+icfg+pta,dot,"ShuffleVector instruction is not supported, loosing precision",/home/jimi/PaperExperiment/CompilerOptimization/Result/tengine/dg/dg-LLVM14-O2-g/high_precision_20260325_125828/log/cda_standard_icfg.dot.stderr.log
cda_standard_icfg,CDA,standard+icfg+pta,dot,"ShuffleVector instruction is not supported, loosing precision",/home/jimi/PaperExperiment/CompilerOptimization/Result/tengine/dg/dg-LLVM14-O2-g/high_precision_20260325_125828/log/cda_standard_icfg.dot.stderr.log
cda_standard_icfg,CDA,standard+icfg+pta,dot,"ShuffleVector instruction is not supported, loosing precision",/home/jimi/PaperExperiment/CompilerOptimization/Result/tengine/dg/dg-LLVM14-O2-g/high_precision_20260325_125828/log/cda_standard_icfg.dot.stderr.log
cda_standard_icfg,CDA,standard+icfg+pta,dot,"ShuffleVector instruction is not supported, loosing precision",/home/jimi/PaperExperiment/CompilerOptimization/Result/tengine/dg/dg-LLVM14-O2-g/high_precision_20260325_125828/log/cda_standard_icfg.dot.stderr.log
cda_standard_icfg,CDA,standard+icfg+pta,dot,"ShuffleVector instruction is not supported, loosing precision",/home/jimi/PaperExperiment/CompilerOptimization/Result/tengine/dg/dg-LLVM14-O2-g/high_precision_20260325_125828/log/cda_standard_icfg.dot.stderr.log
cda_standard_icfg,CDA,standard+icfg+pta,dot,"ShuffleVector instruction is not supported, loosing precision",/home/jimi/PaperExperiment/CompilerOptimization/Result/tengine/dg/dg-LLVM14-O2-g/high_precision_20260325_125828/log/cda_standard_icfg.dot.stderr.log
cda_standard_icfg,CDA,standard+icfg+pta,dot,"ShuffleVector instruction is not supported, loosing precision",/home/jimi/PaperExperiment/CompilerOptimization/Result/tengine/dg/dg-LLVM14-O2-g/high_precision_20260325_125828/log/cda_standard_icfg.dot.stderr.log
cda_standard_icfg,CDA,standard+icfg+pta,dot,"ShuffleVector instruction is not supported, loosing precision",/home/jimi/PaperExperiment/CompilerOptimization/Result/tengine/dg/dg-LLVM14-O2-g/high_precision_20260325_125828/log/cda_standard_icfg.dot.stderr.log
cda_standard_icfg,CDA,standard+icfg+pta,dot,"ShuffleVector instruction is not supported, loosing precision",/home/jimi/PaperExperiment/CompilerOptimization/Result/tengine/dg/dg-LLVM14-O2-g/high_precision_20260325_125828/log/cda_standard_icfg.dot.stderr.log
cda_standard_icfg,CDA,standard+icfg+pta,dot,"ShuffleVector instruction is not supported, loosing precision",/home/jimi/PaperExperiment/CompilerOptimization/Result/tengine/dg/dg-LLVM14-O2-g/high_precision_20260325_125828/log/cda_standard_icfg.dot.stderr.log
cda_standard_icfg,CDA,standard+icfg+pta,dot,"ShuffleVector instruction is not supported, loosing precision",/home/jimi/PaperExperiment/CompilerOptimization/Result/tengine/dg/dg-LLVM14-O2-g/high_precision_20260325_125828/log/cda_standard_icfg.dot.stderr.log
cda_standard_icfg,CDA,standard+icfg+pta,dot,"ShuffleVector instruction is not supported, loosing precision",/home/jimi/PaperExperiment/CompilerOptimization/Result/tengine/dg/dg-LLVM14-O2-g/high_precision_20260325_125828/log/cda_standard_icfg.dot.stderr.log
cda_standard_icfg,CDA,standard+icfg+pta,dot,"ShuffleVector instruction is not supported, loosing precision",/home/jimi/PaperExperiment/CompilerOptimization/Result/tengine/dg/dg-LLVM14-O2-g/high_precision_20260325_125828/log/cda_standard_icfg.dot.stderr.log
cda_standard_icfg,CDA,standard+icfg+pta,dot,"ShuffleVector instruction is not supported, loosing precision",/home/jimi/PaperExperiment/CompilerOptimization/Result/tengine/dg/dg-LLVM14-O2-g/high_precision_20260325_125828/log/cda_standard_icfg.dot.stderr.log
cda_standard_icfg,CDA,standard+icfg+pta,dot,"ShuffleVector instruction is not supported, loosing precision",/home/jimi/PaperExperiment/CompilerOptimization/Result/tengine/dg/dg-LLVM14-O2-g/high_precision_20260325_125828/log/cda_standard_icfg.dot.stderr.log
cda_standard_icfg,CDA,standard+icfg+pta,dot,"ShuffleVector instruction is not supported, loosing precision",/home/jimi/PaperExperiment/CompilerOptimization/Result/tengine/dg/dg-LLVM14-O2-g/high_precision_20260325_125828/log/cda_standard_icfg.dot.stderr.log
cda_standard_icfg,CDA,standard+icfg+pta,dot,"ShuffleVector instruction is not supported, loosing precision",/home/jimi/PaperExperiment/CompilerOptimization/Result/tengine/dg/dg-LLVM14-O2-g/high_precision_20260325_125828/log/cda_standard_icfg.dot.stderr.log
cda_standard_icfg,CDA,standard+icfg+pta,dot,"ShuffleVector instruction is not supported, loosing precision",/home/jimi/PaperExperiment/CompilerOptimization/Result/tengine/dg/dg-LLVM14-O2-g/high_precision_20260325_125828/log/cda_standard_icfg.dot.stderr.log
cda_standard_icfg,CDA,standard+icfg+pta,dot,"ShuffleVector instruction is not supported, loosing precision",/home/jimi/PaperExperiment/CompilerOptimization/Result/tengine/dg/dg-LLVM14-O2-g/high_precision_20260325_125828/log/cda_standard_icfg.dot.stderr.log
cda_standard_icfg,CDA,standard+icfg+pta,dot,"ShuffleVector instruction is not supported, loosing precision",/home/jimi/PaperExperiment/CompilerOptimization/Result/tengine/dg/dg-LLVM14-O2-g/high_precision_20260325_125828/log/cda_standard_icfg.dot.stderr.log
cda_standard_icfg,CDA,standard+icfg+pta,dot,"ShuffleVector instruction is not supported, loosing precision",/home/jimi/PaperExperiment/CompilerOptimization/Result/tengine/dg/dg-LLVM14-O2-g/high_precision_20260325_125828/log/cda_standard_icfg.dot.stderr.log
cda_standard_icfg,CDA,standard+icfg+pta,dot,"ShuffleVector instruction is not supported, loosing precision",/home/jimi/PaperExperiment/CompilerOptimization/Result/tengine/dg/dg-LLVM14-O2-g/high_precision_20260325_125828/log/cda_standard_icfg.dot.stderr.log
cda_standard_icfg,CDA,standard+icfg+pta,dot,"ShuffleVector instruction is not supported, loosing precision",/home/jimi/PaperExperiment/CompilerOptimization/Result/tengine/dg/dg-LLVM14-O2-g/high_precision_20260325_125828/log/cda_standard_icfg.dot.stderr.log
cda_standard_icfg,CDA,standard+icfg+pta,dot,"ShuffleVector instruction is not supported, loosing precision",/home/jimi/PaperExperiment/CompilerOptimization/Result/tengine/dg/dg-LLVM14-O2-g/high_precision_20260325_125828/log/cda_standard_icfg.dot.stderr.log
cda_standard_icfg,CDA,standard+icfg+pta,dot,"ShuffleVector instruction is not supported, loosing precision",/home/jimi/PaperExperiment/CompilerOptimization/Result/tengine/dg/dg-LLVM14-O2-g/high_precision_20260325_125828/log/cda_standard_icfg.dot.stderr.log
cda_standard_icfg,CDA,standard+icfg+pta,dot,"ShuffleVector instruction is not supported, loosing precision",/home/jimi/PaperExperiment/CompilerOptimization/Result/tengine/dg/dg-LLVM14-O2-g/high_precision_20260325_125828/log/cda_standard_icfg.dot.stderr.log
cda_standard_icfg,CDA,standard+icfg+pta,dot,"ShuffleVector instruction is not supported, loosing precision",/home/jimi/PaperExperiment/CompilerOptimization/Result/tengine/dg/dg-LLVM14-O2-g/high_precision_20260325_125828/log/cda_standard_icfg.dot.stderr.log
cda_standard_icfg,CDA,standard+icfg+pta,dot,"ShuffleVector instruction is not supported, loosing precision",/home/jimi/PaperExperiment/CompilerOptimization/Result/tengine/dg/dg-LLVM14-O2-g/high_precision_20260325_125828/log/cda_standard_icfg.dot.stderr.log
cda_standard_icfg,CDA,standard+icfg+pta,dot,"ShuffleVector instruction is not supported, loosing precision",/home/jimi/PaperExperiment/CompilerOptimization/Result/tengine/dg/dg-LLVM14-O2-g/high_precision_20260325_125828/log/cda_standard_icfg.dot.stderr.log
cda_standard_icfg,CDA,standard+icfg+pta,dot,"ShuffleVector instruction is not supported, loosing precision",/home/jimi/PaperExperiment/CompilerOptimization/Result/tengine/dg/dg-LLVM14-O2-g/high_precision_20260325_125828/log/cda_standard_icfg.dot.stderr.log
cda_standard_icfg,CDA,standard+icfg+pta,dot,"ShuffleVector instruction is not supported, loosing precision",/home/jimi/PaperExperiment/CompilerOptimization/Result/tengine/dg/dg-LLVM14-O2-g/high_precision_20260325_125828/log/cda_standard_icfg.dot.stderr.log
cda_standard_icfg,CDA,standard+icfg+pta,dot,"ShuffleVector instruction is not supported, loosing precision",/home/jimi/PaperExperiment/CompilerOptimization/Result/tengine/dg/dg-LLVM14-O2-g/high_precision_20260325_125828/log/cda_standard_icfg.dot.stderr.log
cda_standard_icfg,CDA,standard+icfg+pta,dot,"ShuffleVector instruction is not supported, loosing precision",/home/jimi/PaperExperiment/CompilerOptimization/Result/tengine/dg/dg-LLVM14-O2-g/high_precision_20260325_125828/log/cda_standard_icfg.dot.stderr.log
cda_standard_icfg,CDA,standard+icfg+pta,dot,"ShuffleVector instruction is not supported, loosing precision",/home/jimi/PaperExperiment/CompilerOptimization/Result/tengine/dg/dg-LLVM14-O2-g/high_precision_20260325_125828/log/cda_standard_icfg.dot.stderr.log
cda_standard_icfg,CDA,standard+icfg+pta,dot,"ShuffleVector instruction is not supported, loosing precision",/home/jimi/PaperExperiment/CompilerOptimization/Result/tengine/dg/dg-LLVM14-O2-g/high_precision_20260325_125828/log/cda_standard_icfg.dot.stderr.log
cda_standard_icfg,CDA,standard+icfg+pta,dot,"ShuffleVector instruction is not supported, loosing precision",/home/jimi/PaperExperiment/CompilerOptimization/Result/tengine/dg/dg-LLVM14-O2-g/high_precision_20260325_125828/log/cda_standard_icfg.dot.stderr.log
cda_standard_icfg,CDA,standard+icfg+pta,dot,"ShuffleVector instruction is not supported, loosing precision",/home/jimi/PaperExperiment/CompilerOptimization/Result/tengine/dg/dg-LLVM14-O2-g/high_precision_20260325_125828/log/cda_standard_icfg.dot.stderr.log
cda_standard_icfg,CDA,standard+icfg+pta,dot,"ShuffleVector instruction is not supported, loosing precision",/home/jimi/PaperExperiment/CompilerOptimization/Result/tengine/dg/dg-LLVM14-O2-g/high_precision_20260325_125828/log/cda_standard_icfg.dot.stderr.log
cda_standard_icfg,CDA,standard+icfg+pta,dot,"ShuffleVector instruction is not supported, loosing precision",/home/jimi/PaperExperiment/CompilerOptimization/Result/tengine/dg/dg-LLVM14-O2-g/high_precision_20260325_125828/log/cda_standard_icfg.dot.stderr.log
cda_standard_icfg,CDA,standard+icfg+pta,dot,"ShuffleVector instruction is not supported, loosing precision",/home/jimi/PaperExperiment/CompilerOptimization/Result/tengine/dg/dg-LLVM14-O2-g/high_precision_20260325_125828/log/cda_standard_icfg.dot.stderr.log
cda_standard_icfg,CDA,standard+icfg+pta,dot,"ShuffleVector instruction is not supported, loosing precision",/home/jimi/PaperExperiment/CompilerOptimization/Result/tengine/dg/dg-LLVM14-O2-g/high_precision_20260325_125828/log/cda_standard_icfg.dot.stderr.log
cda_standard_icfg,CDA,standard+icfg+pta,dot,"ShuffleVector instruction is not supported, loosing precision",/home/jimi/PaperExperiment/CompilerOptimization/Result/tengine/dg/dg-LLVM14-O2-g/high_precision_20260325_125828/log/cda_standard_icfg.dot.stderr.log
cda_standard_icfg,CDA,standard+icfg+pta,dot,"ShuffleVector instruction is not supported, loosing precision",/home/jimi/PaperExperiment/CompilerOptimization/Result/tengine/dg/dg-LLVM14-O2-g/high_precision_20260325_125828/log/cda_standard_icfg.dot.stderr.log
cda_standard_icfg,CDA,standard+icfg+pta,dot,"ShuffleVector instruction is not supported, loosing precision",/home/jimi/PaperExperiment/CompilerOptimization/Result/tengine/dg/dg-LLVM14-O2-g/high_precision_20260325_125828/log/cda_standard_icfg.dot.stderr.log
cda_standard_icfg,CDA,standard+icfg+pta,dot,"ShuffleVector instruction is not supported, loosing precision",/home/jimi/PaperExperiment/CompilerOptimization/Result/tengine/dg/dg-LLVM14-O2-g/high_precision_20260325_125828/log/cda_standard_icfg.dot.stderr.log
cda_standard_icfg,CDA,standard+icfg+pta,dot,"ShuffleVector instruction is not supported, loosing precision",/home/jimi/PaperExperiment/CompilerOptimization/Result/tengine/dg/dg-LLVM14-O2-g/high_precision_20260325_125828/log/cda_standard_icfg.dot.stderr.log
cda_standard_icfg,CDA,standard+icfg+pta,dot,"ShuffleVector instruction is not supported, loosing precision",/home/jimi/PaperExperiment/CompilerOptimization/Result/tengine/dg/dg-LLVM14-O2-g/high_precision_20260325_125828/log/cda_standard_icfg.dot.stderr.log
cda_standard_icfg,CDA,standard+icfg+pta,dot,"ShuffleVector instruction is not supported, loosing precision",/home/jimi/PaperExperiment/CompilerOptimization/Result/tengine/dg/dg-LLVM14-O2-g/high_precision_20260325_125828/log/cda_standard_icfg.dot.stderr.log
cda_standard_icfg,CDA,standard+icfg+pta,dot,"ShuffleVector instruction is not supported, loosing precision",/home/jimi/PaperExperiment/CompilerOptimization/Result/tengine/dg/dg-LLVM14-O2-g/high_precision_20260325_125828/log/cda_standard_icfg.dot.stderr.log
cda_standard_icfg,CDA,standard+icfg+pta,dot,"ShuffleVector instruction is not supported, loosing precision",/home/jimi/PaperExperiment/CompilerOptimization/Result/tengine/dg/dg-LLVM14-O2-g/high_precision_20260325_125828/log/cda_standard_icfg.dot.stderr.log
cda_standard_icfg,CDA,standard+icfg+pta,dot,"ShuffleVector instruction is not supported, loosing precision",/home/jimi/PaperExperiment/CompilerOptimization/Result/tengine/dg/dg-LLVM14-O2-g/high_precision_20260325_125828/log/cda_standard_icfg.dot.stderr.log
cda_standard_icfg,CDA,standard+icfg+pta,dot,"ShuffleVector instruction is not supported, loosing precision",/home/jimi/PaperExperiment/CompilerOptimization/Result/tengine/dg/dg-LLVM14-O2-g/high_precision_20260325_125828/log/cda_standard_icfg.dot.stderr.log
cda_standard_icfg,CDA,standard+icfg+pta,dot,"ShuffleVector instruction is not supported, loosing precision",/home/jimi/PaperExperiment/CompilerOptimization/Result/tengine/dg/dg-LLVM14-O2-g/high_precision_20260325_125828/log/cda_standard_icfg.dot.stderr.log
cda_standard_icfg,CDA,standard+icfg+pta,dot,"ShuffleVector instruction is not supported, loosing precision",/home/jimi/PaperExperiment/CompilerOptimization/Result/tengine/dg/dg-LLVM14-O2-g/high_precision_20260325_125828/log/cda_standard_icfg.dot.stderr.log
cda_standard_icfg,CDA,standard+icfg+pta,dot,"ShuffleVector instruction is not supported, loosing precision",/home/jimi/PaperExperiment/CompilerOptimization/Result/tengine/dg/dg-LLVM14-O2-g/high_precision_20260325_125828/log/cda_standard_icfg.dot.stderr.log
cda_standard_icfg,CDA,standard+icfg+pta,dot,"ShuffleVector instruction is not supported, loosing precision",/home/jimi/PaperExperiment/CompilerOptimization/Result/tengine/dg/dg-LLVM14-O2-g/high_precision_20260325_125828/log/cda_standard_icfg.dot.stderr.log
cda_standard_icfg,CDA,standard+icfg+pta,dot,"ShuffleVector instruction is not supported, loosing precision",/home/jimi/PaperExperiment/CompilerOptimization/Result/tengine/dg/dg-LLVM14-O2-g/high_precision_20260325_125828/log/cda_standard_icfg.dot.stderr.log
cda_standard_icfg,CDA,standard+icfg+pta,dot,"ShuffleVector instruction is not supported, loosing precision",/home/jimi/PaperExperiment/CompilerOptimization/Result/tengine/dg/dg-LLVM14-O2-g/high_precision_20260325_125828/log/cda_standard_icfg.dot.stderr.log
cda_standard_icfg,CDA,standard+icfg+pta,dot,"ShuffleVector instruction is not supported, loosing precision",/home/jimi/PaperExperiment/CompilerOptimization/Result/tengine/dg/dg-LLVM14-O2-g/high_precision_20260325_125828/log/cda_standard_icfg.dot.stderr.log
cda_standard_icfg,CDA,standard+icfg+pta,dot,"ShuffleVector instruction is not supported, loosing precision",/home/jimi/PaperExperiment/CompilerOptimization/Result/tengine/dg/dg-LLVM14-O2-g/high_precision_20260325_125828/log/cda_standard_icfg.dot.stderr.log
cda_standard_icfg,CDA,standard+icfg+pta,dot,"ShuffleVector instruction is not supported, loosing precision",/home/jimi/PaperExperiment/CompilerOptimization/Result/tengine/dg/dg-LLVM14-O2-g/high_precision_20260325_125828/log/cda_standard_icfg.dot.stderr.log
cda_ntscd_icfg,CDA,ntscd+icfg+pta,lines,"WARNING: Non-0 memset:   tail call void @llvm.memset.p0i8.i64(i8* noundef nonnull align 4 dereferenceable(512) %70, i8 -1, i64 512, i1 false), !dbg !950",/home/jimi/PaperExperiment/CompilerOptimization/Result/tengine/dg/dg-LLVM14-O2-g/high_precision_20260325_125828/log/cda_ntscd_icfg.lines.stderr.log
cda_ntscd_icfg,CDA,ntscd+icfg+pta,lines,"WARNING: Non-0 memset:   call void @llvm.memset.p0i8.i64(i8* noundef nonnull align 1 dereferenceable(1) %134, i8 %132, i64 %135, i1 false), !dbg !964, !tbaa !889",/home/jimi/PaperExperiment/CompilerOptimization/Result/tengine/dg/dg-LLVM14-O2-g/high_precision_20260325_125828/log/cda_ntscd_icfg.lines.stderr.log
cda_ntscd_icfg,CDA,ntscd+icfg+pta,lines,"WARNING: Non-0 memset:   call void @llvm.memset.p0i8.i64(i8* noundef nonnull align 1 dereferenceable(1) %94, i8 %92, i64 %95, i1 false), !dbg !964, !tbaa !889",/home/jimi/PaperExperiment/CompilerOptimization/Result/tengine/dg/dg-LLVM14-O2-g/high_precision_20260325_125828/log/cda_ntscd_icfg.lines.stderr.log
cda_ntscd_icfg,CDA,ntscd+icfg+pta,lines,"WARNING: Non-0 memset:   call void @llvm.memset.p0i8.i64(i8* noundef nonnull align 1 dereferenceable(1) %111, i8 %109, i64 %112, i1 false), !dbg !964, !tbaa !889",/home/jimi/PaperExperiment/CompilerOptimization/Result/tengine/dg/dg-LLVM14-O2-g/high_precision_20260325_125828/log/cda_ntscd_icfg.lines.stderr.log
cda_ntscd_icfg,CDA,ntscd+icfg+pta,lines,"WARNING: Non-0 memset:   tail call void @llvm.memset.p0i8.i64(i8* align 1 %696, i8 %703, i64 %704, i1 false) #30, !dbg !1675, !tbaa !921",/home/jimi/PaperExperiment/CompilerOptimization/Result/tengine/dg/dg-LLVM14-O2-g/high_precision_20260325_125828/log/cda_ntscd_icfg.lines.stderr.log
cda_ntscd_icfg,CDA,ntscd+icfg+pta,lines,"WARNING: Non-0 memset:   call void @llvm.memset.p0i8.i64(i8* nonnull align 1 %506, i8 %501, i64 %507, i1 false) #30, !dbg !1430",/home/jimi/PaperExperiment/CompilerOptimization/Result/tengine/dg/dg-LLVM14-O2-g/high_precision_20260325_125828/log/cda_ntscd_icfg.lines.stderr.log
cda_ntscd_icfg,CDA,ntscd+icfg+pta,lines,"ShuffleVector instruction is not supported, loosing precision",/home/jimi/PaperExperiment/CompilerOptimization/Result/tengine/dg/dg-LLVM14-O2-g/high_precision_20260325_125828/log/cda_ntscd_icfg.lines.stderr.log
cda_ntscd_icfg,CDA,ntscd+icfg+pta,lines,"ShuffleVector instruction is not supported, loosing precision",/home/jimi/PaperExperiment/CompilerOptimization/Result/tengine/dg/dg-LLVM14-O2-g/high_precision_20260325_125828/log/cda_ntscd_icfg.lines.stderr.log
cda_ntscd_icfg,CDA,ntscd+icfg+pta,lines,"ShuffleVector instruction is not supported, loosing precision",/home/jimi/PaperExperiment/CompilerOptimization/Result/tengine/dg/dg-LLVM14-O2-g/high_precision_20260325_125828/log/cda_ntscd_icfg.lines.stderr.log
cda_ntscd_icfg,CDA,ntscd+icfg+pta,lines,"ShuffleVector instruction is not supported, loosing precision",/home/jimi/PaperExperiment/CompilerOptimization/Result/tengine/dg/dg-LLVM14-O2-g/high_precision_20260325_125828/log/cda_ntscd_icfg.lines.stderr.log
cda_ntscd_icfg,CDA,ntscd+icfg+pta,lines,"ShuffleVector instruction is not supported, loosing precision",/home/jimi/PaperExperiment/CompilerOptimization/Result/tengine/dg/dg-LLVM14-O2-g/high_precision_20260325_125828/log/cda_ntscd_icfg.lines.stderr.log
cda_ntscd_icfg,CDA,ntscd+icfg+pta,lines,"ShuffleVector instruction is not supported, loosing precision",/home/jimi/PaperExperiment/CompilerOptimization/Result/tengine/dg/dg-LLVM14-O2-g/high_precision_20260325_125828/log/cda_ntscd_icfg.lines.stderr.log
cda_ntscd_icfg,CDA,ntscd+icfg+pta,lines,"ShuffleVector instruction is not supported, loosing precision",/home/jimi/PaperExperiment/CompilerOptimization/Result/tengine/dg/dg-LLVM14-O2-g/high_precision_20260325_125828/log/cda_ntscd_icfg.lines.stderr.log
cda_ntscd_icfg,CDA,ntscd+icfg+pta,lines,"ShuffleVector instruction is not supported, loosing precision",/home/jimi/PaperExperiment/CompilerOptimization/Result/tengine/dg/dg-LLVM14-O2-g/high_precision_20260325_125828/log/cda_ntscd_icfg.lines.stderr.log
cda_ntscd_icfg,CDA,ntscd+icfg+pta,lines,"ShuffleVector instruction is not supported, loosing precision",/home/jimi/PaperExperiment/CompilerOptimization/Result/tengine/dg/dg-LLVM14-O2-g/high_precision_20260325_125828/log/cda_ntscd_icfg.lines.stderr.log
cda_ntscd_icfg,CDA,ntscd+icfg+pta,lines,"ShuffleVector instruction is not supported, loosing precision",/home/jimi/PaperExperiment/CompilerOptimization/Result/tengine/dg/dg-LLVM14-O2-g/high_precision_20260325_125828/log/cda_ntscd_icfg.lines.stderr.log
cda_ntscd_icfg,CDA,ntscd+icfg+pta,lines,"ShuffleVector instruction is not supported, loosing precision",/home/jimi/PaperExperiment/CompilerOptimization/Result/tengine/dg/dg-LLVM14-O2-g/high_precision_20260325_125828/log/cda_ntscd_icfg.lines.stderr.log
cda_ntscd_icfg,CDA,ntscd+icfg+pta,lines,"ShuffleVector instruction is not supported, loosing precision",/home/jimi/PaperExperiment/CompilerOptimization/Result/tengine/dg/dg-LLVM14-O2-g/high_precision_20260325_125828/log/cda_ntscd_icfg.lines.stderr.log
cda_ntscd_icfg,CDA,ntscd+icfg+pta,lines,"ShuffleVector instruction is not supported, loosing precision",/home/jimi/PaperExperiment/CompilerOptimization/Result/tengine/dg/dg-LLVM14-O2-g/high_precision_20260325_125828/log/cda_ntscd_icfg.lines.stderr.log
cda_ntscd_icfg,CDA,ntscd+icfg+pta,lines,"ShuffleVector instruction is not supported, loosing precision",/home/jimi/PaperExperiment/CompilerOptimization/Result/tengine/dg/dg-LLVM14-O2-g/high_precision_20260325_125828/log/cda_ntscd_icfg.lines.stderr.log
cda_ntscd_icfg,CDA,ntscd+icfg+pta,lines,"ShuffleVector instruction is not supported, loosing precision",/home/jimi/PaperExperiment/CompilerOptimization/Result/tengine/dg/dg-LLVM14-O2-g/high_precision_20260325_125828/log/cda_ntscd_icfg.lines.stderr.log
cda_ntscd_icfg,CDA,ntscd+icfg+pta,lines,"ShuffleVector instruction is not supported, loosing precision",/home/jimi/PaperExperiment/CompilerOptimization/Result/tengine/dg/dg-LLVM14-O2-g/high_precision_20260325_125828/log/cda_ntscd_icfg.lines.stderr.log
cda_ntscd_icfg,CDA,ntscd+icfg+pta,lines,"ShuffleVector instruction is not supported, loosing precision",/home/jimi/PaperExperiment/CompilerOptimization/Result/tengine/dg/dg-LLVM14-O2-g/high_precision_20260325_125828/log/cda_ntscd_icfg.lines.stderr.log
cda_ntscd_icfg,CDA,ntscd+icfg+pta,lines,"ShuffleVector instruction is not supported, loosing precision",/home/jimi/PaperExperiment/CompilerOptimization/Result/tengine/dg/dg-LLVM14-O2-g/high_precision_20260325_125828/log/cda_ntscd_icfg.lines.stderr.log
cda_ntscd_icfg,CDA,ntscd+icfg+pta,lines,"ShuffleVector instruction is not supported, loosing precision",/home/jimi/PaperExperiment/CompilerOptimization/Result/tengine/dg/dg-LLVM14-O2-g/high_precision_20260325_125828/log/cda_ntscd_icfg.lines.stderr.log
cda_ntscd_icfg,CDA,ntscd+icfg+pta,lines,"ShuffleVector instruction is not supported, loosing precision",/home/jimi/PaperExperiment/CompilerOptimization/Result/tengine/dg/dg-LLVM14-O2-g/high_precision_20260325_125828/log/cda_ntscd_icfg.lines.stderr.log
cda_ntscd_icfg,CDA,ntscd+icfg+pta,lines,"ShuffleVector instruction is not supported, loosing precision",/home/jimi/PaperExperiment/CompilerOptimization/Result/tengine/dg/dg-LLVM14-O2-g/high_precision_20260325_125828/log/cda_ntscd_icfg.lines.stderr.log
cda_ntscd_icfg,CDA,ntscd+icfg+pta,lines,"ShuffleVector instruction is not supported, loosing precision",/home/jimi/PaperExperiment/CompilerOptimization/Result/tengine/dg/dg-LLVM14-O2-g/high_precision_20260325_125828/log/cda_ntscd_icfg.lines.stderr.log
cda_ntscd_icfg,CDA,ntscd+icfg+pta,lines,"ShuffleVector instruction is not supported, loosing precision",/home/jimi/PaperExperiment/CompilerOptimization/Result/tengine/dg/dg-LLVM14-O2-g/high_precision_20260325_125828/log/cda_ntscd_icfg.lines.stderr.log
cda_ntscd_icfg,CDA,ntscd+icfg+pta,lines,"ShuffleVector instruction is not supported, loosing precision",/home/jimi/PaperExperiment/CompilerOptimization/Result/tengine/dg/dg-LLVM14-O2-g/high_precision_20260325_125828/log/cda_ntscd_icfg.lines.stderr.log
cda_ntscd_icfg,CDA,ntscd+icfg+pta,lines,"ShuffleVector instruction is not supported, loosing precision",/home/jimi/PaperExperiment/CompilerOptimization/Result/tengine/dg/dg-LLVM14-O2-g/high_precision_20260325_125828/log/cda_ntscd_icfg.lines.stderr.log
cda_ntscd_icfg,CDA,ntscd+icfg+pta,lines,"ShuffleVector instruction is not supported, loosing precision",/home/jimi/PaperExperiment/CompilerOptimization/Result/tengine/dg/dg-LLVM14-O2-g/high_precision_20260325_125828/log/cda_ntscd_icfg.lines.stderr.log
cda_ntscd_icfg,CDA,ntscd+icfg+pta,lines,"ShuffleVector instruction is not supported, loosing precision",/home/jimi/PaperExperiment/CompilerOptimization/Result/tengine/dg/dg-LLVM14-O2-g/high_precision_20260325_125828/log/cda_ntscd_icfg.lines.stderr.log
cda_ntscd_icfg,CDA,ntscd+icfg+pta,lines,"ShuffleVector instruction is not supported, loosing precision",/home/jimi/PaperExperiment/CompilerOptimization/Result/tengine/dg/dg-LLVM14-O2-g/high_precision_20260325_125828/log/cda_ntscd_icfg.lines.stderr.log
cda_ntscd_icfg,CDA,ntscd+icfg+pta,lines,"ShuffleVector instruction is not supported, loosing precision",/home/jimi/PaperExperiment/CompilerOptimization/Result/tengine/dg/dg-LLVM14-O2-g/high_precision_20260325_125828/log/cda_ntscd_icfg.lines.stderr.log
cda_ntscd_icfg,CDA,ntscd+icfg+pta,lines,"ShuffleVector instruction is not supported, loosing precision",/home/jimi/PaperExperiment/CompilerOptimization/Result/tengine/dg/dg-LLVM14-O2-g/high_precision_20260325_125828/log/cda_ntscd_icfg.lines.stderr.log
cda_ntscd_icfg,CDA,ntscd+icfg+pta,lines,"ShuffleVector instruction is not supported, loosing precision",/home/jimi/PaperExperiment/CompilerOptimization/Result/tengine/dg/dg-LLVM14-O2-g/high_precision_20260325_125828/log/cda_ntscd_icfg.lines.stderr.log
cda_ntscd_icfg,CDA,ntscd+icfg+pta,lines,"ShuffleVector instruction is not supported, loosing precision",/home/jimi/PaperExperiment/CompilerOptimization/Result/tengine/dg/dg-LLVM14-O2-g/high_precision_20260325_125828/log/cda_ntscd_icfg.lines.stderr.log
cda_ntscd_icfg,CDA,ntscd+icfg+pta,lines,"ShuffleVector instruction is not supported, loosing precision",/home/jimi/PaperExperiment/CompilerOptimization/Result/tengine/dg/dg-LLVM14-O2-g/high_precision_20260325_125828/log/cda_ntscd_icfg.lines.stderr.log
cda_ntscd_icfg,CDA,ntscd+icfg+pta,lines,"ShuffleVector instruction is not supported, loosing precision",/home/jimi/PaperExperiment/CompilerOptimization/Result/tengine/dg/dg-LLVM14-O2-g/high_precision_20260325_125828/log/cda_ntscd_icfg.lines.stderr.log
cda_ntscd_icfg,CDA,ntscd+icfg+pta,lines,"ShuffleVector instruction is not supported, loosing precision",/home/jimi/PaperExperiment/CompilerOptimization/Result/tengine/dg/dg-LLVM14-O2-g/high_precision_20260325_125828/log/cda_ntscd_icfg.lines.stderr.log
cda_ntscd_icfg,CDA,ntscd+icfg+pta,lines,"ShuffleVector instruction is not supported, loosing precision",/home/jimi/PaperExperiment/CompilerOptimization/Result/tengine/dg/dg-LLVM14-O2-g/high_precision_20260325_125828/log/cda_ntscd_icfg.lines.stderr.log
cda_ntscd_icfg,CDA,ntscd+icfg+pta,lines,"WARNING: Non-0 memset:   tail call void @llvm.memset.p0i8.i64(i8* align 1 %301, i8 -1, i64 %304, i1 false), !dbg !1286",/home/jimi/PaperExperiment/CompilerOptimization/Result/tengine/dg/dg-LLVM14-O2-g/high_precision_20260325_125828/log/cda_ntscd_icfg.lines.stderr.log
cda_ntscd_icfg,CDA,ntscd+icfg+pta,lines,IntToPtr with constant:   <badref> = inttoptr i64 1 to i8*,/home/jimi/PaperExperiment/CompilerOptimization/Result/tengine/dg/dg-LLVM14-O2-g/high_precision_20260325_125828/log/cda_ntscd_icfg.lines.stderr.log
cda_ntscd_icfg,CDA,ntscd+icfg+pta,lines,"ShuffleVector instruction is not supported, loosing precision",/home/jimi/PaperExperiment/CompilerOptimization/Result/tengine/dg/dg-LLVM14-O2-g/high_precision_20260325_125828/log/cda_ntscd_icfg.lines.stderr.log
cda_ntscd_icfg,CDA,ntscd+icfg+pta,lines,"ShuffleVector instruction is not supported, loosing precision",/home/jimi/PaperExperiment/CompilerOptimization/Result/tengine/dg/dg-LLVM14-O2-g/high_precision_20260325_125828/log/cda_ntscd_icfg.lines.stderr.log
cda_ntscd_icfg,CDA,ntscd+icfg+pta,lines,"ShuffleVector instruction is not supported, loosing precision",/home/jimi/PaperExperiment/CompilerOptimization/Result/tengine/dg/dg-LLVM14-O2-g/high_precision_20260325_125828/log/cda_ntscd_icfg.lines.stderr.log
cda_ntscd_icfg,CDA,ntscd+icfg+pta,lines,"ShuffleVector instruction is not supported, loosing precision",/home/jimi/PaperExperiment/CompilerOptimization/Result/tengine/dg/dg-LLVM14-O2-g/high_precision_20260325_125828/log/cda_ntscd_icfg.lines.stderr.log
cda_ntscd_icfg,CDA,ntscd+icfg+pta,lines,"ShuffleVector instruction is not supported, loosing precision",/home/jimi/PaperExperiment/CompilerOptimization/Result/tengine/dg/dg-LLVM14-O2-g/high_precision_20260325_125828/log/cda_ntscd_icfg.lines.stderr.log
cda_ntscd_icfg,CDA,ntscd+icfg+pta,lines,"ShuffleVector instruction is not supported, loosing precision",/home/jimi/PaperExperiment/CompilerOptimization/Result/tengine/dg/dg-LLVM14-O2-g/high_precision_20260325_125828/log/cda_ntscd_icfg.lines.stderr.log
cda_ntscd_icfg,CDA,ntscd+icfg+pta,lines,"ShuffleVector instruction is not supported, loosing precision",/home/jimi/PaperExperiment/CompilerOptimization/Result/tengine/dg/dg-LLVM14-O2-g/high_precision_20260325_125828/log/cda_ntscd_icfg.lines.stderr.log
cda_ntscd_icfg,CDA,ntscd+icfg+pta,lines,"ShuffleVector instruction is not supported, loosing precision",/home/jimi/PaperExperiment/CompilerOptimization/Result/tengine/dg/dg-LLVM14-O2-g/high_precision_20260325_125828/log/cda_ntscd_icfg.lines.stderr.log
cda_ntscd_icfg,CDA,ntscd+icfg+pta,lines,"ShuffleVector instruction is not supported, loosing precision",/home/jimi/PaperExperiment/CompilerOptimization/Result/tengine/dg/dg-LLVM14-O2-g/high_precision_20260325_125828/log/cda_ntscd_icfg.lines.stderr.log
cda_ntscd_icfg,CDA,ntscd+icfg+pta,lines,"ShuffleVector instruction is not supported, loosing precision",/home/jimi/PaperExperiment/CompilerOptimization/Result/tengine/dg/dg-LLVM14-O2-g/high_precision_20260325_125828/log/cda_ntscd_icfg.lines.stderr.log
cda_ntscd_icfg,CDA,ntscd+icfg+pta,lines,"ShuffleVector instruction is not supported, loosing precision",/home/jimi/PaperExperiment/CompilerOptimization/Result/tengine/dg/dg-LLVM14-O2-g/high_precision_20260325_125828/log/cda_ntscd_icfg.lines.stderr.log
cda_ntscd_icfg,CDA,ntscd+icfg+pta,lines,"ShuffleVector instruction is not supported, loosing precision",/home/jimi/PaperExperiment/CompilerOptimization/Result/tengine/dg/dg-LLVM14-O2-g/high_precision_20260325_125828/log/cda_ntscd_icfg.lines.stderr.log
cda_ntscd_icfg,CDA,ntscd+icfg+pta,lines,"ShuffleVector instruction is not supported, loosing precision",/home/jimi/PaperExperiment/CompilerOptimization/Result/tengine/dg/dg-LLVM14-O2-g/high_precision_20260325_125828/log/cda_ntscd_icfg.lines.stderr.log
cda_ntscd_icfg,CDA,ntscd+icfg+pta,lines,"ShuffleVector instruction is not supported, loosing precision",/home/jimi/PaperExperiment/CompilerOptimization/Result/tengine/dg/dg-LLVM14-O2-g/high_precision_20260325_125828/log/cda_ntscd_icfg.lines.stderr.log
cda_ntscd_icfg,CDA,ntscd+icfg+pta,lines,"ShuffleVector instruction is not supported, loosing precision",/home/jimi/PaperExperiment/CompilerOptimization/Result/tengine/dg/dg-LLVM14-O2-g/high_precision_20260325_125828/log/cda_ntscd_icfg.lines.stderr.log
cda_ntscd_icfg,CDA,ntscd+icfg+pta,lines,"ShuffleVector instruction is not supported, loosing precision",/home/jimi/PaperExperiment/CompilerOptimization/Result/tengine/dg/dg-LLVM14-O2-g/high_precision_20260325_125828/log/cda_ntscd_icfg.lines.stderr.log
cda_ntscd_icfg,CDA,ntscd+icfg+pta,lines,"ShuffleVector instruction is not supported, loosing precision",/home/jimi/PaperExperiment/CompilerOptimization/Result/tengine/dg/dg-LLVM14-O2-g/high_precision_20260325_125828/log/cda_ntscd_icfg.lines.stderr.log
cda_ntscd_icfg,CDA,ntscd+icfg+pta,lines,"ShuffleVector instruction is not supported, loosing precision",/home/jimi/PaperExperiment/CompilerOptimization/Result/tengine/dg/dg-LLVM14-O2-g/high_precision_20260325_125828/log/cda_ntscd_icfg.lines.stderr.log
cda_ntscd_icfg,CDA,ntscd+icfg+pta,lines,"ShuffleVector instruction is not supported, loosing precision",/home/jimi/PaperExperiment/CompilerOptimization/Result/tengine/dg/dg-LLVM14-O2-g/high_precision_20260325_125828/log/cda_ntscd_icfg.lines.stderr.log
cda_ntscd_icfg,CDA,ntscd+icfg+pta,lines,"ShuffleVector instruction is not supported, loosing precision",/home/jimi/PaperExperiment/CompilerOptimization/Result/tengine/dg/dg-LLVM14-O2-g/high_precision_20260325_125828/log/cda_ntscd_icfg.lines.stderr.log
cda_ntscd_icfg,CDA,ntscd+icfg+pta,lines,"ShuffleVector instruction is not supported, loosing precision",/home/jimi/PaperExperiment/CompilerOptimization/Result/tengine/dg/dg-LLVM14-O2-g/high_precision_20260325_125828/log/cda_ntscd_icfg.lines.stderr.log
cda_ntscd_icfg,CDA,ntscd+icfg+pta,lines,"ShuffleVector instruction is not supported, loosing precision",/home/jimi/PaperExperiment/CompilerOptimization/Result/tengine/dg/dg-LLVM14-O2-g/high_precision_20260325_125828/log/cda_ntscd_icfg.lines.stderr.log
cda_ntscd_icfg,CDA,ntscd+icfg+pta,lines,"ShuffleVector instruction is not supported, loosing precision",/home/jimi/PaperExperiment/CompilerOptimization/Result/tengine/dg/dg-LLVM14-O2-g/high_precision_20260325_125828/log/cda_ntscd_icfg.lines.stderr.log
cda_ntscd_icfg,CDA,ntscd+icfg+pta,lines,"ShuffleVector instruction is not supported, loosing precision",/home/jimi/PaperExperiment/CompilerOptimization/Result/tengine/dg/dg-LLVM14-O2-g/high_precision_20260325_125828/log/cda_ntscd_icfg.lines.stderr.log
cda_ntscd_icfg,CDA,ntscd+icfg+pta,lines,"ShuffleVector instruction is not supported, loosing precision",/home/jimi/PaperExperiment/CompilerOptimization/Result/tengine/dg/dg-LLVM14-O2-g/high_precision_20260325_125828/log/cda_ntscd_icfg.lines.stderr.log
cda_ntscd_icfg,CDA,ntscd+icfg+pta,lines,"ShuffleVector instruction is not supported, loosing precision",/home/jimi/PaperExperiment/CompilerOptimization/Result/tengine/dg/dg-LLVM14-O2-g/high_precision_20260325_125828/log/cda_ntscd_icfg.lines.stderr.log
cda_ntscd_icfg,CDA,ntscd+icfg+pta,lines,"ShuffleVector instruction is not supported, loosing precision",/home/jimi/PaperExperiment/CompilerOptimization/Result/tengine/dg/dg-LLVM14-O2-g/high_precision_20260325_125828/log/cda_ntscd_icfg.lines.stderr.log
cda_ntscd_icfg,CDA,ntscd+icfg+pta,lines,"ShuffleVector instruction is not supported, loosing precision",/home/jimi/PaperExperiment/CompilerOptimization/Result/tengine/dg/dg-LLVM14-O2-g/high_precision_20260325_125828/log/cda_ntscd_icfg.lines.stderr.log
cda_ntscd_icfg,CDA,ntscd+icfg+pta,lines,"ShuffleVector instruction is not supported, loosing precision",/home/jimi/PaperExperiment/CompilerOptimization/Result/tengine/dg/dg-LLVM14-O2-g/high_precision_20260325_125828/log/cda_ntscd_icfg.lines.stderr.log
cda_ntscd_icfg,CDA,ntscd+icfg+pta,lines,"ShuffleVector instruction is not supported, loosing precision",/home/jimi/PaperExperiment/CompilerOptimization/Result/tengine/dg/dg-LLVM14-O2-g/high_precision_20260325_125828/log/cda_ntscd_icfg.lines.stderr.log
cda_ntscd_icfg,CDA,ntscd+icfg+pta,lines,"ShuffleVector instruction is not supported, loosing precision",/home/jimi/PaperExperiment/CompilerOptimization/Result/tengine/dg/dg-LLVM14-O2-g/high_precision_20260325_125828/log/cda_ntscd_icfg.lines.stderr.log
cda_ntscd_icfg,CDA,ntscd+icfg+pta,lines,"ShuffleVector instruction is not supported, loosing precision",/home/jimi/PaperExperiment/CompilerOptimization/Result/tengine/dg/dg-LLVM14-O2-g/high_precision_20260325_125828/log/cda_ntscd_icfg.lines.stderr.log
cda_ntscd_icfg,CDA,ntscd+icfg+pta,lines,"ShuffleVector instruction is not supported, loosing precision",/home/jimi/PaperExperiment/CompilerOptimization/Result/tengine/dg/dg-LLVM14-O2-g/high_precision_20260325_125828/log/cda_ntscd_icfg.lines.stderr.log
cda_ntscd_icfg,CDA,ntscd+icfg+pta,lines,"ShuffleVector instruction is not supported, loosing precision",/home/jimi/PaperExperiment/CompilerOptimization/Result/tengine/dg/dg-LLVM14-O2-g/high_precision_20260325_125828/log/cda_ntscd_icfg.lines.stderr.log
cda_ntscd_icfg,CDA,ntscd+icfg+pta,lines,"ShuffleVector instruction is not supported, loosing precision",/home/jimi/PaperExperiment/CompilerOptimization/Result/tengine/dg/dg-LLVM14-O2-g/high_precision_20260325_125828/log/cda_ntscd_icfg.lines.stderr.log
cda_ntscd_icfg,CDA,ntscd+icfg+pta,lines,"ShuffleVector instruction is not supported, loosing precision",/home/jimi/PaperExperiment/CompilerOptimization/Result/tengine/dg/dg-LLVM14-O2-g/high_precision_20260325_125828/log/cda_ntscd_icfg.lines.stderr.log
cda_ntscd_icfg,CDA,ntscd+icfg+pta,lines,"ShuffleVector instruction is not supported, loosing precision",/home/jimi/PaperExperiment/CompilerOptimization/Result/tengine/dg/dg-LLVM14-O2-g/high_precision_20260325_125828/log/cda_ntscd_icfg.lines.stderr.log
cda_ntscd_icfg,CDA,ntscd+icfg+pta,lines,"ShuffleVector instruction is not supported, loosing precision",/home/jimi/PaperExperiment/CompilerOptimization/Result/tengine/dg/dg-LLVM14-O2-g/high_precision_20260325_125828/log/cda_ntscd_icfg.lines.stderr.log
cda_ntscd_icfg,CDA,ntscd+icfg+pta,lines,"ShuffleVector instruction is not supported, loosing precision",/home/jimi/PaperExperiment/CompilerOptimization/Result/tengine/dg/dg-LLVM14-O2-g/high_precision_20260325_125828/log/cda_ntscd_icfg.lines.stderr.log
cda_ntscd_icfg,CDA,ntscd+icfg+pta,lines,"ShuffleVector instruction is not supported, loosing precision",/home/jimi/PaperExperiment/CompilerOptimization/Result/tengine/dg/dg-LLVM14-O2-g/high_precision_20260325_125828/log/cda_ntscd_icfg.lines.stderr.log
cda_ntscd_icfg,CDA,ntscd+icfg+pta,lines,"ShuffleVector instruction is not supported, loosing precision",/home/jimi/PaperExperiment/CompilerOptimization/Result/tengine/dg/dg-LLVM14-O2-g/high_precision_20260325_125828/log/cda_ntscd_icfg.lines.stderr.log
cda_ntscd_icfg,CDA,ntscd+icfg+pta,lines,"ShuffleVector instruction is not supported, loosing precision",/home/jimi/PaperExperiment/CompilerOptimization/Result/tengine/dg/dg-LLVM14-O2-g/high_precision_20260325_125828/log/cda_ntscd_icfg.lines.stderr.log
cda_ntscd_icfg,CDA,ntscd+icfg+pta,lines,"ShuffleVector instruction is not supported, loosing precision",/home/jimi/PaperExperiment/CompilerOptimization/Result/tengine/dg/dg-LLVM14-O2-g/high_precision_20260325_125828/log/cda_ntscd_icfg.lines.stderr.log
cda_ntscd_icfg,CDA,ntscd+icfg+pta,lines,"ShuffleVector instruction is not supported, loosing precision",/home/jimi/PaperExperiment/CompilerOptimization/Result/tengine/dg/dg-LLVM14-O2-g/high_precision_20260325_125828/log/cda_ntscd_icfg.lines.stderr.log
cda_ntscd_icfg,CDA,ntscd+icfg+pta,lines,"ShuffleVector instruction is not supported, loosing precision",/home/jimi/PaperExperiment/CompilerOptimization/Result/tengine/dg/dg-LLVM14-O2-g/high_precision_20260325_125828/log/cda_ntscd_icfg.lines.stderr.log
cda_ntscd_icfg,CDA,ntscd+icfg+pta,lines,"ShuffleVector instruction is not supported, loosing precision",/home/jimi/PaperExperiment/CompilerOptimization/Result/tengine/dg/dg-LLVM14-O2-g/high_precision_20260325_125828/log/cda_ntscd_icfg.lines.stderr.log
cda_ntscd_icfg,CDA,ntscd+icfg+pta,lines,"ShuffleVector instruction is not supported, loosing precision",/home/jimi/PaperExperiment/CompilerOptimization/Result/tengine/dg/dg-LLVM14-O2-g/high_precision_20260325_125828/log/cda_ntscd_icfg.lines.stderr.log
cda_ntscd_icfg,CDA,ntscd+icfg+pta,lines,"ShuffleVector instruction is not supported, loosing precision",/home/jimi/PaperExperiment/CompilerOptimization/Result/tengine/dg/dg-LLVM14-O2-g/high_precision_20260325_125828/log/cda_ntscd_icfg.lines.stderr.log
cda_ntscd_icfg,CDA,ntscd+icfg+pta,lines,"ShuffleVector instruction is not supported, loosing precision",/home/jimi/PaperExperiment/CompilerOptimization/Result/tengine/dg/dg-LLVM14-O2-g/high_precision_20260325_125828/log/cda_ntscd_icfg.lines.stderr.log
cda_ntscd_icfg,CDA,ntscd+icfg+pta,lines,"ShuffleVector instruction is not supported, loosing precision",/home/jimi/PaperExperiment/CompilerOptimization/Result/tengine/dg/dg-LLVM14-O2-g/high_precision_20260325_125828/log/cda_ntscd_icfg.lines.stderr.log
cda_ntscd_icfg,CDA,ntscd+icfg+pta,lines,"ShuffleVector instruction is not supported, loosing precision",/home/jimi/PaperExperiment/CompilerOptimization/Result/tengine/dg/dg-LLVM14-O2-g/high_precision_20260325_125828/log/cda_ntscd_icfg.lines.stderr.log
cda_ntscd_icfg,CDA,ntscd+icfg+pta,lines,"ShuffleVector instruction is not supported, loosing precision",/home/jimi/PaperExperiment/CompilerOptimization/Result/tengine/dg/dg-LLVM14-O2-g/high_precision_20260325_125828/log/cda_ntscd_icfg.lines.stderr.log
cda_ntscd_icfg,CDA,ntscd+icfg+pta,lines,"ShuffleVector instruction is not supported, loosing precision",/home/jimi/PaperExperiment/CompilerOptimization/Result/tengine/dg/dg-LLVM14-O2-g/high_precision_20260325_125828/log/cda_ntscd_icfg.lines.stderr.log
cda_ntscd_icfg,CDA,ntscd+icfg+pta,lines,"ShuffleVector instruction is not supported, loosing precision",/home/jimi/PaperExperiment/CompilerOptimization/Result/tengine/dg/dg-LLVM14-O2-g/high_precision_20260325_125828/log/cda_ntscd_icfg.lines.stderr.log
cda_ntscd_icfg,CDA,ntscd+icfg+pta,lines,"ShuffleVector instruction is not supported, loosing precision",/home/jimi/PaperExperiment/CompilerOptimization/Result/tengine/dg/dg-LLVM14-O2-g/high_precision_20260325_125828/log/cda_ntscd_icfg.lines.stderr.log
cda_ntscd_icfg,CDA,ntscd+icfg+pta,lines,"ShuffleVector instruction is not supported, loosing precision",/home/jimi/PaperExperiment/CompilerOptimization/Result/tengine/dg/dg-LLVM14-O2-g/high_precision_20260325_125828/log/cda_ntscd_icfg.lines.stderr.log
cda_ntscd_icfg,CDA,ntscd+icfg+pta,lines,"ShuffleVector instruction is not supported, loosing precision",/home/jimi/PaperExperiment/CompilerOptimization/Result/tengine/dg/dg-LLVM14-O2-g/high_precision_20260325_125828/log/cda_ntscd_icfg.lines.stderr.log
cda_ntscd_icfg,CDA,ntscd+icfg+pta,lines,"ShuffleVector instruction is not supported, loosing precision",/home/jimi/PaperExperiment/CompilerOptimization/Result/tengine/dg/dg-LLVM14-O2-g/high_precision_20260325_125828/log/cda_ntscd_icfg.lines.stderr.log
cda_ntscd_icfg,CDA,ntscd+icfg+pta,lines,"ShuffleVector instruction is not supported, loosing precision",/home/jimi/PaperExperiment/CompilerOptimization/Result/tengine/dg/dg-LLVM14-O2-g/high_precision_20260325_125828/log/cda_ntscd_icfg.lines.stderr.log
cda_ntscd_icfg,CDA,ntscd+icfg+pta,lines,"ShuffleVector instruction is not supported, loosing precision",/home/jimi/PaperExperiment/CompilerOptimization/Result/tengine/dg/dg-LLVM14-O2-g/high_precision_20260325_125828/log/cda_ntscd_icfg.lines.stderr.log
cda_ntscd_icfg,CDA,ntscd+icfg+pta,lines,"ShuffleVector instruction is not supported, loosing precision",/home/jimi/PaperExperiment/CompilerOptimization/Result/tengine/dg/dg-LLVM14-O2-g/high_precision_20260325_125828/log/cda_ntscd_icfg.lines.stderr.log
cda_ntscd_icfg,CDA,ntscd+icfg+pta,lines,"ShuffleVector instruction is not supported, loosing precision",/home/jimi/PaperExperiment/CompilerOptimization/Result/tengine/dg/dg-LLVM14-O2-g/high_precision_20260325_125828/log/cda_ntscd_icfg.lines.stderr.log
cda_ntscd_icfg,CDA,ntscd+icfg+pta,lines,"ShuffleVector instruction is not supported, loosing precision",/home/jimi/PaperExperiment/CompilerOptimization/Result/tengine/dg/dg-LLVM14-O2-g/high_precision_20260325_125828/log/cda_ntscd_icfg.lines.stderr.log
cda_ntscd_icfg,CDA,ntscd+icfg+pta,lines,"ShuffleVector instruction is not supported, loosing precision",/home/jimi/PaperExperiment/CompilerOptimization/Result/tengine/dg/dg-LLVM14-O2-g/high_precision_20260325_125828/log/cda_ntscd_icfg.lines.stderr.log
cda_ntscd_icfg,CDA,ntscd+icfg+pta,lines,"ShuffleVector instruction is not supported, loosing precision",/home/jimi/PaperExperiment/CompilerOptimization/Result/tengine/dg/dg-LLVM14-O2-g/high_precision_20260325_125828/log/cda_ntscd_icfg.lines.stderr.log
cda_ntscd_icfg,CDA,ntscd+icfg+pta,lines,"ShuffleVector instruction is not supported, loosing precision",/home/jimi/PaperExperiment/CompilerOptimization/Result/tengine/dg/dg-LLVM14-O2-g/high_precision_20260325_125828/log/cda_ntscd_icfg.lines.stderr.log
cda_ntscd_icfg,CDA,ntscd+icfg+pta,lines,"ShuffleVector instruction is not supported, loosing precision",/home/jimi/PaperExperiment/CompilerOptimization/Result/tengine/dg/dg-LLVM14-O2-g/high_precision_20260325_125828/log/cda_ntscd_icfg.lines.stderr.log
cda_ntscd_icfg,CDA,ntscd+icfg+pta,lines,"ShuffleVector instruction is not supported, loosing precision",/home/jimi/PaperExperiment/CompilerOptimization/Result/tengine/dg/dg-LLVM14-O2-g/high_precision_20260325_125828/log/cda_ntscd_icfg.lines.stderr.log
cda_ntscd_icfg,CDA,ntscd+icfg+pta,lines,"ShuffleVector instruction is not supported, loosing precision",/home/jimi/PaperExperiment/CompilerOptimization/Result/tengine/dg/dg-LLVM14-O2-g/high_precision_20260325_125828/log/cda_ntscd_icfg.lines.stderr.log
cda_ntscd_icfg,CDA,ntscd+icfg+pta,lines,"ShuffleVector instruction is not supported, loosing precision",/home/jimi/PaperExperiment/CompilerOptimization/Result/tengine/dg/dg-LLVM14-O2-g/high_precision_20260325_125828/log/cda_ntscd_icfg.lines.stderr.log
cda_ntscd_icfg,CDA,ntscd+icfg+pta,lines,"ShuffleVector instruction is not supported, loosing precision",/home/jimi/PaperExperiment/CompilerOptimization/Result/tengine/dg/dg-LLVM14-O2-g/high_precision_20260325_125828/log/cda_ntscd_icfg.lines.stderr.log
cda_ntscd_icfg,CDA,ntscd+icfg+pta,lines,"ShuffleVector instruction is not supported, loosing precision",/home/jimi/PaperExperiment/CompilerOptimization/Result/tengine/dg/dg-LLVM14-O2-g/high_precision_20260325_125828/log/cda_ntscd_icfg.lines.stderr.log
cda_ntscd_icfg,CDA,ntscd+icfg+pta,lines,"ShuffleVector instruction is not supported, loosing precision",/home/jimi/PaperExperiment/CompilerOptimization/Result/tengine/dg/dg-LLVM14-O2-g/high_precision_20260325_125828/log/cda_ntscd_icfg.lines.stderr.log
cda_ntscd_icfg,CDA,ntscd+icfg+pta,lines,"ShuffleVector instruction is not supported, loosing precision",/home/jimi/PaperExperiment/CompilerOptimization/Result/tengine/dg/dg-LLVM14-O2-g/high_precision_20260325_125828/log/cda_ntscd_icfg.lines.stderr.log
cda_ntscd_icfg,CDA,ntscd+icfg+pta,lines,"ShuffleVector instruction is not supported, loosing precision",/home/jimi/PaperExperiment/CompilerOptimization/Result/tengine/dg/dg-LLVM14-O2-g/high_precision_20260325_125828/log/cda_ntscd_icfg.lines.stderr.log
cda_ntscd_icfg,CDA,ntscd+icfg+pta,lines,"ShuffleVector instruction is not supported, loosing precision",/home/jimi/PaperExperiment/CompilerOptimization/Result/tengine/dg/dg-LLVM14-O2-g/high_precision_20260325_125828/log/cda_ntscd_icfg.lines.stderr.log
cda_ntscd_icfg,CDA,ntscd+icfg+pta,lines,"ShuffleVector instruction is not supported, loosing precision",/home/jimi/PaperExperiment/CompilerOptimization/Result/tengine/dg/dg-LLVM14-O2-g/high_precision_20260325_125828/log/cda_ntscd_icfg.lines.stderr.log
cda_ntscd_icfg,CDA,ntscd+icfg+pta,lines,"ShuffleVector instruction is not supported, loosing precision",/home/jimi/PaperExperiment/CompilerOptimization/Result/tengine/dg/dg-LLVM14-O2-g/high_precision_20260325_125828/log/cda_ntscd_icfg.lines.stderr.log
cda_ntscd_icfg,CDA,ntscd+icfg+pta,lines,"ShuffleVector instruction is not supported, loosing precision",/home/jimi/PaperExperiment/CompilerOptimization/Result/tengine/dg/dg-LLVM14-O2-g/high_precision_20260325_125828/log/cda_ntscd_icfg.lines.stderr.log
cda_ntscd_icfg,CDA,ntscd+icfg+pta,lines,"ShuffleVector instruction is not supported, loosing precision",/home/jimi/PaperExperiment/CompilerOptimization/Result/tengine/dg/dg-LLVM14-O2-g/high_precision_20260325_125828/log/cda_ntscd_icfg.lines.stderr.log
cda_ntscd_icfg,CDA,ntscd+icfg+pta,lines,"ShuffleVector instruction is not supported, loosing precision",/home/jimi/PaperExperiment/CompilerOptimization/Result/tengine/dg/dg-LLVM14-O2-g/high_precision_20260325_125828/log/cda_ntscd_icfg.lines.stderr.log
cda_ntscd_icfg,CDA,ntscd+icfg+pta,lines,"ShuffleVector instruction is not supported, loosing precision",/home/jimi/PaperExperiment/CompilerOptimization/Result/tengine/dg/dg-LLVM14-O2-g/high_precision_20260325_125828/log/cda_ntscd_icfg.lines.stderr.log
cda_ntscd_icfg,CDA,ntscd+icfg+pta,lines,"ShuffleVector instruction is not supported, loosing precision",/home/jimi/PaperExperiment/CompilerOptimization/Result/tengine/dg/dg-LLVM14-O2-g/high_precision_20260325_125828/log/cda_ntscd_icfg.lines.stderr.log
cda_ntscd_icfg,CDA,ntscd+icfg+pta,lines,"ShuffleVector instruction is not supported, loosing precision",/home/jimi/PaperExperiment/CompilerOptimization/Result/tengine/dg/dg-LLVM14-O2-g/high_precision_20260325_125828/log/cda_ntscd_icfg.lines.stderr.log
cda_ntscd_icfg,CDA,ntscd+icfg+pta,lines,"ShuffleVector instruction is not supported, loosing precision",/home/jimi/PaperExperiment/CompilerOptimization/Result/tengine/dg/dg-LLVM14-O2-g/high_precision_20260325_125828/log/cda_ntscd_icfg.lines.stderr.log
cda_ntscd_icfg,CDA,ntscd+icfg+pta,lines,"ShuffleVector instruction is not supported, loosing precision",/home/jimi/PaperExperiment/CompilerOptimization/Result/tengine/dg/dg-LLVM14-O2-g/high_precision_20260325_125828/log/cda_ntscd_icfg.lines.stderr.log
cda_ntscd_icfg,CDA,ntscd+icfg+pta,lines,"ShuffleVector instruction is not supported, loosing precision",/home/jimi/PaperExperiment/CompilerOptimization/Result/tengine/dg/dg-LLVM14-O2-g/high_precision_20260325_125828/log/cda_ntscd_icfg.lines.stderr.log
cda_ntscd_icfg,CDA,ntscd+icfg+pta,lines,"ShuffleVector instruction is not supported, loosing precision",/home/jimi/PaperExperiment/CompilerOptimization/Result/tengine/dg/dg-LLVM14-O2-g/high_precision_20260325_125828/log/cda_ntscd_icfg.lines.stderr.log
cda_ntscd_icfg,CDA,ntscd+icfg+pta,lines,"ShuffleVector instruction is not supported, loosing precision",/home/jimi/PaperExperiment/CompilerOptimization/Result/tengine/dg/dg-LLVM14-O2-g/high_precision_20260325_125828/log/cda_ntscd_icfg.lines.stderr.log
cda_ntscd_icfg,CDA,ntscd+icfg+pta,lines,"ShuffleVector instruction is not supported, loosing precision",/home/jimi/PaperExperiment/CompilerOptimization/Result/tengine/dg/dg-LLVM14-O2-g/high_precision_20260325_125828/log/cda_ntscd_icfg.lines.stderr.log
cda_ntscd_icfg,CDA,ntscd+icfg+pta,lines,"ShuffleVector instruction is not supported, loosing precision",/home/jimi/PaperExperiment/CompilerOptimization/Result/tengine/dg/dg-LLVM14-O2-g/high_precision_20260325_125828/log/cda_ntscd_icfg.lines.stderr.log
cda_ntscd_icfg,CDA,ntscd+icfg+pta,lines,"ShuffleVector instruction is not supported, loosing precision",/home/jimi/PaperExperiment/CompilerOptimization/Result/tengine/dg/dg-LLVM14-O2-g/high_precision_20260325_125828/log/cda_ntscd_icfg.lines.stderr.log
cda_ntscd_icfg,CDA,ntscd+icfg+pta,lines,"ShuffleVector instruction is not supported, loosing precision",/home/jimi/PaperExperiment/CompilerOptimization/Result/tengine/dg/dg-LLVM14-O2-g/high_precision_20260325_125828/log/cda_ntscd_icfg.lines.stderr.log
cda_ntscd_icfg,CDA,ntscd+icfg+pta,lines,"ShuffleVector instruction is not supported, loosing precision",/home/jimi/PaperExperiment/CompilerOptimization/Result/tengine/dg/dg-LLVM14-O2-g/high_precision_20260325_125828/log/cda_ntscd_icfg.lines.stderr.log
cda_ntscd_icfg,CDA,ntscd+icfg+pta,lines,"ShuffleVector instruction is not supported, loosing precision",/home/jimi/PaperExperiment/CompilerOptimization/Result/tengine/dg/dg-LLVM14-O2-g/high_precision_20260325_125828/log/cda_ntscd_icfg.lines.stderr.log
cda_ntscd_icfg,CDA,ntscd+icfg+pta,lines,"ShuffleVector instruction is not supported, loosing precision",/home/jimi/PaperExperiment/CompilerOptimization/Result/tengine/dg/dg-LLVM14-O2-g/high_precision_20260325_125828/log/cda_ntscd_icfg.lines.stderr.log
cda_ntscd_icfg,CDA,ntscd+icfg+pta,lines,"ShuffleVector instruction is not supported, loosing precision",/home/jimi/PaperExperiment/CompilerOptimization/Result/tengine/dg/dg-LLVM14-O2-g/high_precision_20260325_125828/log/cda_ntscd_icfg.lines.stderr.log
cda_ntscd_icfg,CDA,ntscd+icfg+pta,lines,"ShuffleVector instruction is not supported, loosing precision",/home/jimi/PaperExperiment/CompilerOptimization/Result/tengine/dg/dg-LLVM14-O2-g/high_precision_20260325_125828/log/cda_ntscd_icfg.lines.stderr.log
cda_ntscd_icfg,CDA,ntscd+icfg+pta,lines,"ShuffleVector instruction is not supported, loosing precision",/home/jimi/PaperExperiment/CompilerOptimization/Result/tengine/dg/dg-LLVM14-O2-g/high_precision_20260325_125828/log/cda_ntscd_icfg.lines.stderr.log
cda_ntscd_icfg,CDA,ntscd+icfg+pta,lines,"ShuffleVector instruction is not supported, loosing precision",/home/jimi/PaperExperiment/CompilerOptimization/Result/tengine/dg/dg-LLVM14-O2-g/high_precision_20260325_125828/log/cda_ntscd_icfg.lines.stderr.log
cda_ntscd_icfg,CDA,ntscd+icfg+pta,lines,"ShuffleVector instruction is not supported, loosing precision",/home/jimi/PaperExperiment/CompilerOptimization/Result/tengine/dg/dg-LLVM14-O2-g/high_precision_20260325_125828/log/cda_ntscd_icfg.lines.stderr.log
cda_ntscd_icfg,CDA,ntscd+icfg+pta,lines,"ShuffleVector instruction is not supported, loosing precision",/home/jimi/PaperExperiment/CompilerOptimization/Result/tengine/dg/dg-LLVM14-O2-g/high_precision_20260325_125828/log/cda_ntscd_icfg.lines.stderr.log
cda_ntscd_icfg,CDA,ntscd+icfg+pta,lines,"ShuffleVector instruction is not supported, loosing precision",/home/jimi/PaperExperiment/CompilerOptimization/Result/tengine/dg/dg-LLVM14-O2-g/high_precision_20260325_125828/log/cda_ntscd_icfg.lines.stderr.log
cda_ntscd_icfg,CDA,ntscd+icfg+pta,lines,"ShuffleVector instruction is not supported, loosing precision",/home/jimi/PaperExperiment/CompilerOptimization/Result/tengine/dg/dg-LLVM14-O2-g/high_precision_20260325_125828/log/cda_ntscd_icfg.lines.stderr.log
cda_ntscd_icfg,CDA,ntscd+icfg+pta,lines,"ShuffleVector instruction is not supported, loosing precision",/home/jimi/PaperExperiment/CompilerOptimization/Result/tengine/dg/dg-LLVM14-O2-g/high_precision_20260325_125828/log/cda_ntscd_icfg.lines.stderr.log
cda_ntscd_icfg,CDA,ntscd+icfg+pta,lines,"ShuffleVector instruction is not supported, loosing precision",/home/jimi/PaperExperiment/CompilerOptimization/Result/tengine/dg/dg-LLVM14-O2-g/high_precision_20260325_125828/log/cda_ntscd_icfg.lines.stderr.log
cda_ntscd_icfg,CDA,ntscd+icfg+pta,lines,"ShuffleVector instruction is not supported, loosing precision",/home/jimi/PaperExperiment/CompilerOptimization/Result/tengine/dg/dg-LLVM14-O2-g/high_precision_20260325_125828/log/cda_ntscd_icfg.lines.stderr.log
cda_ntscd_icfg,CDA,ntscd+icfg+pta,lines,"ShuffleVector instruction is not supported, loosing precision",/home/jimi/PaperExperiment/CompilerOptimization/Result/tengine/dg/dg-LLVM14-O2-g/high_precision_20260325_125828/log/cda_ntscd_icfg.lines.stderr.log
cda_ntscd_icfg,CDA,ntscd+icfg+pta,dot,"WARNING: Non-0 memset:   tail call void @llvm.memset.p0i8.i64(i8* noundef nonnull align 4 dereferenceable(512) %70, i8 -1, i64 512, i1 false), !dbg !950",/home/jimi/PaperExperiment/CompilerOptimization/Result/tengine/dg/dg-LLVM14-O2-g/high_precision_20260325_125828/log/cda_ntscd_icfg.dot.stderr.log
cda_ntscd_icfg,CDA,ntscd+icfg+pta,dot,"WARNING: Non-0 memset:   call void @llvm.memset.p0i8.i64(i8* noundef nonnull align 1 dereferenceable(1) %134, i8 %132, i64 %135, i1 false), !dbg !964, !tbaa !889",/home/jimi/PaperExperiment/CompilerOptimization/Result/tengine/dg/dg-LLVM14-O2-g/high_precision_20260325_125828/log/cda_ntscd_icfg.dot.stderr.log
cda_ntscd_icfg,CDA,ntscd+icfg+pta,dot,"WARNING: Non-0 memset:   call void @llvm.memset.p0i8.i64(i8* noundef nonnull align 1 dereferenceable(1) %94, i8 %92, i64 %95, i1 false), !dbg !964, !tbaa !889",/home/jimi/PaperExperiment/CompilerOptimization/Result/tengine/dg/dg-LLVM14-O2-g/high_precision_20260325_125828/log/cda_ntscd_icfg.dot.stderr.log
cda_ntscd_icfg,CDA,ntscd+icfg+pta,dot,"WARNING: Non-0 memset:   call void @llvm.memset.p0i8.i64(i8* noundef nonnull align 1 dereferenceable(1) %111, i8 %109, i64 %112, i1 false), !dbg !964, !tbaa !889",/home/jimi/PaperExperiment/CompilerOptimization/Result/tengine/dg/dg-LLVM14-O2-g/high_precision_20260325_125828/log/cda_ntscd_icfg.dot.stderr.log
cda_ntscd_icfg,CDA,ntscd+icfg+pta,dot,"WARNING: Non-0 memset:   tail call void @llvm.memset.p0i8.i64(i8* align 1 %696, i8 %703, i64 %704, i1 false) #30, !dbg !1675, !tbaa !921",/home/jimi/PaperExperiment/CompilerOptimization/Result/tengine/dg/dg-LLVM14-O2-g/high_precision_20260325_125828/log/cda_ntscd_icfg.dot.stderr.log
cda_ntscd_icfg,CDA,ntscd+icfg+pta,dot,"WARNING: Non-0 memset:   call void @llvm.memset.p0i8.i64(i8* nonnull align 1 %506, i8 %501, i64 %507, i1 false) #30, !dbg !1430",/home/jimi/PaperExperiment/CompilerOptimization/Result/tengine/dg/dg-LLVM14-O2-g/high_precision_20260325_125828/log/cda_ntscd_icfg.dot.stderr.log
cda_ntscd_icfg,CDA,ntscd+icfg+pta,dot,"ShuffleVector instruction is not supported, loosing precision",/home/jimi/PaperExperiment/CompilerOptimization/Result/tengine/dg/dg-LLVM14-O2-g/high_precision_20260325_125828/log/cda_ntscd_icfg.dot.stderr.log
cda_ntscd_icfg,CDA,ntscd+icfg+pta,dot,"ShuffleVector instruction is not supported, loosing precision",/home/jimi/PaperExperiment/CompilerOptimization/Result/tengine/dg/dg-LLVM14-O2-g/high_precision_20260325_125828/log/cda_ntscd_icfg.dot.stderr.log
cda_ntscd_icfg,CDA,ntscd+icfg+pta,dot,"ShuffleVector instruction is not supported, loosing precision",/home/jimi/PaperExperiment/CompilerOptimization/Result/tengine/dg/dg-LLVM14-O2-g/high_precision_20260325_125828/log/cda_ntscd_icfg.dot.stderr.log
cda_ntscd_icfg,CDA,ntscd+icfg+pta,dot,"ShuffleVector instruction is not supported, loosing precision",/home/jimi/PaperExperiment/CompilerOptimization/Result/tengine/dg/dg-LLVM14-O2-g/high_precision_20260325_125828/log/cda_ntscd_icfg.dot.stderr.log
cda_ntscd_icfg,CDA,ntscd+icfg+pta,dot,"ShuffleVector instruction is not supported, loosing precision",/home/jimi/PaperExperiment/CompilerOptimization/Result/tengine/dg/dg-LLVM14-O2-g/high_precision_20260325_125828/log/cda_ntscd_icfg.dot.stderr.log
cda_ntscd_icfg,CDA,ntscd+icfg+pta,dot,"ShuffleVector instruction is not supported, loosing precision",/home/jimi/PaperExperiment/CompilerOptimization/Result/tengine/dg/dg-LLVM14-O2-g/high_precision_20260325_125828/log/cda_ntscd_icfg.dot.stderr.log
cda_ntscd_icfg,CDA,ntscd+icfg+pta,dot,"ShuffleVector instruction is not supported, loosing precision",/home/jimi/PaperExperiment/CompilerOptimization/Result/tengine/dg/dg-LLVM14-O2-g/high_precision_20260325_125828/log/cda_ntscd_icfg.dot.stderr.log
cda_ntscd_icfg,CDA,ntscd+icfg+pta,dot,"ShuffleVector instruction is not supported, loosing precision",/home/jimi/PaperExperiment/CompilerOptimization/Result/tengine/dg/dg-LLVM14-O2-g/high_precision_20260325_125828/log/cda_ntscd_icfg.dot.stderr.log
cda_ntscd_icfg,CDA,ntscd+icfg+pta,dot,"ShuffleVector instruction is not supported, loosing precision",/home/jimi/PaperExperiment/CompilerOptimization/Result/tengine/dg/dg-LLVM14-O2-g/high_precision_20260325_125828/log/cda_ntscd_icfg.dot.stderr.log
cda_ntscd_icfg,CDA,ntscd+icfg+pta,dot,"ShuffleVector instruction is not supported, loosing precision",/home/jimi/PaperExperiment/CompilerOptimization/Result/tengine/dg/dg-LLVM14-O2-g/high_precision_20260325_125828/log/cda_ntscd_icfg.dot.stderr.log
cda_ntscd_icfg,CDA,ntscd+icfg+pta,dot,"ShuffleVector instruction is not supported, loosing precision",/home/jimi/PaperExperiment/CompilerOptimization/Result/tengine/dg/dg-LLVM14-O2-g/high_precision_20260325_125828/log/cda_ntscd_icfg.dot.stderr.log
cda_ntscd_icfg,CDA,ntscd+icfg+pta,dot,"ShuffleVector instruction is not supported, loosing precision",/home/jimi/PaperExperiment/CompilerOptimization/Result/tengine/dg/dg-LLVM14-O2-g/high_precision_20260325_125828/log/cda_ntscd_icfg.dot.stderr.log
cda_ntscd_icfg,CDA,ntscd+icfg+pta,dot,"ShuffleVector instruction is not supported, loosing precision",/home/jimi/PaperExperiment/CompilerOptimization/Result/tengine/dg/dg-LLVM14-O2-g/high_precision_20260325_125828/log/cda_ntscd_icfg.dot.stderr.log
cda_ntscd_icfg,CDA,ntscd+icfg+pta,dot,"ShuffleVector instruction is not supported, loosing precision",/home/jimi/PaperExperiment/CompilerOptimization/Result/tengine/dg/dg-LLVM14-O2-g/high_precision_20260325_125828/log/cda_ntscd_icfg.dot.stderr.log
cda_ntscd_icfg,CDA,ntscd+icfg+pta,dot,"ShuffleVector instruction is not supported, loosing precision",/home/jimi/PaperExperiment/CompilerOptimization/Result/tengine/dg/dg-LLVM14-O2-g/high_precision_20260325_125828/log/cda_ntscd_icfg.dot.stderr.log
cda_ntscd_icfg,CDA,ntscd+icfg+pta,dot,"ShuffleVector instruction is not supported, loosing precision",/home/jimi/PaperExperiment/CompilerOptimization/Result/tengine/dg/dg-LLVM14-O2-g/high_precision_20260325_125828/log/cda_ntscd_icfg.dot.stderr.log
cda_ntscd_icfg,CDA,ntscd+icfg+pta,dot,"ShuffleVector instruction is not supported, loosing precision",/home/jimi/PaperExperiment/CompilerOptimization/Result/tengine/dg/dg-LLVM14-O2-g/high_precision_20260325_125828/log/cda_ntscd_icfg.dot.stderr.log
cda_ntscd_icfg,CDA,ntscd+icfg+pta,dot,"ShuffleVector instruction is not supported, loosing precision",/home/jimi/PaperExperiment/CompilerOptimization/Result/tengine/dg/dg-LLVM14-O2-g/high_precision_20260325_125828/log/cda_ntscd_icfg.dot.stderr.log
cda_ntscd_icfg,CDA,ntscd+icfg+pta,dot,"ShuffleVector instruction is not supported, loosing precision",/home/jimi/PaperExperiment/CompilerOptimization/Result/tengine/dg/dg-LLVM14-O2-g/high_precision_20260325_125828/log/cda_ntscd_icfg.dot.stderr.log
cda_ntscd_icfg,CDA,ntscd+icfg+pta,dot,"ShuffleVector instruction is not supported, loosing precision",/home/jimi/PaperExperiment/CompilerOptimization/Result/tengine/dg/dg-LLVM14-O2-g/high_precision_20260325_125828/log/cda_ntscd_icfg.dot.stderr.log
cda_ntscd_icfg,CDA,ntscd+icfg+pta,dot,"ShuffleVector instruction is not supported, loosing precision",/home/jimi/PaperExperiment/CompilerOptimization/Result/tengine/dg/dg-LLVM14-O2-g/high_precision_20260325_125828/log/cda_ntscd_icfg.dot.stderr.log
cda_ntscd_icfg,CDA,ntscd+icfg+pta,dot,"ShuffleVector instruction is not supported, loosing precision",/home/jimi/PaperExperiment/CompilerOptimization/Result/tengine/dg/dg-LLVM14-O2-g/high_precision_20260325_125828/log/cda_ntscd_icfg.dot.stderr.log
cda_ntscd_icfg,CDA,ntscd+icfg+pta,dot,"ShuffleVector instruction is not supported, loosing precision",/home/jimi/PaperExperiment/CompilerOptimization/Result/tengine/dg/dg-LLVM14-O2-g/high_precision_20260325_125828/log/cda_ntscd_icfg.dot.stderr.log
cda_ntscd_icfg,CDA,ntscd+icfg+pta,dot,"ShuffleVector instruction is not supported, loosing precision",/home/jimi/PaperExperiment/CompilerOptimization/Result/tengine/dg/dg-LLVM14-O2-g/high_precision_20260325_125828/log/cda_ntscd_icfg.dot.stderr.log
cda_ntscd_icfg,CDA,ntscd+icfg+pta,dot,"ShuffleVector instruction is not supported, loosing precision",/home/jimi/PaperExperiment/CompilerOptimization/Result/tengine/dg/dg-LLVM14-O2-g/high_precision_20260325_125828/log/cda_ntscd_icfg.dot.stderr.log
cda_ntscd_icfg,CDA,ntscd+icfg+pta,dot,"ShuffleVector instruction is not supported, loosing precision",/home/jimi/PaperExperiment/CompilerOptimization/Result/tengine/dg/dg-LLVM14-O2-g/high_precision_20260325_125828/log/cda_ntscd_icfg.dot.stderr.log
cda_ntscd_icfg,CDA,ntscd+icfg+pta,dot,"ShuffleVector instruction is not supported, loosing precision",/home/jimi/PaperExperiment/CompilerOptimization/Result/tengine/dg/dg-LLVM14-O2-g/high_precision_20260325_125828/log/cda_ntscd_icfg.dot.stderr.log
cda_ntscd_icfg,CDA,ntscd+icfg+pta,dot,"ShuffleVector instruction is not supported, loosing precision",/home/jimi/PaperExperiment/CompilerOptimization/Result/tengine/dg/dg-LLVM14-O2-g/high_precision_20260325_125828/log/cda_ntscd_icfg.dot.stderr.log
cda_ntscd_icfg,CDA,ntscd+icfg+pta,dot,"ShuffleVector instruction is not supported, loosing precision",/home/jimi/PaperExperiment/CompilerOptimization/Result/tengine/dg/dg-LLVM14-O2-g/high_precision_20260325_125828/log/cda_ntscd_icfg.dot.stderr.log
cda_ntscd_icfg,CDA,ntscd+icfg+pta,dot,"ShuffleVector instruction is not supported, loosing precision",/home/jimi/PaperExperiment/CompilerOptimization/Result/tengine/dg/dg-LLVM14-O2-g/high_precision_20260325_125828/log/cda_ntscd_icfg.dot.stderr.log
cda_ntscd_icfg,CDA,ntscd+icfg+pta,dot,"ShuffleVector instruction is not supported, loosing precision",/home/jimi/PaperExperiment/CompilerOptimization/Result/tengine/dg/dg-LLVM14-O2-g/high_precision_20260325_125828/log/cda_ntscd_icfg.dot.stderr.log
cda_ntscd_icfg,CDA,ntscd+icfg+pta,dot,"ShuffleVector instruction is not supported, loosing precision",/home/jimi/PaperExperiment/CompilerOptimization/Result/tengine/dg/dg-LLVM14-O2-g/high_precision_20260325_125828/log/cda_ntscd_icfg.dot.stderr.log
cda_ntscd_icfg,CDA,ntscd+icfg+pta,dot,"ShuffleVector instruction is not supported, loosing precision",/home/jimi/PaperExperiment/CompilerOptimization/Result/tengine/dg/dg-LLVM14-O2-g/high_precision_20260325_125828/log/cda_ntscd_icfg.dot.stderr.log
cda_ntscd_icfg,CDA,ntscd+icfg+pta,dot,"ShuffleVector instruction is not supported, loosing precision",/home/jimi/PaperExperiment/CompilerOptimization/Result/tengine/dg/dg-LLVM14-O2-g/high_precision_20260325_125828/log/cda_ntscd_icfg.dot.stderr.log
cda_ntscd_icfg,CDA,ntscd+icfg+pta,dot,"ShuffleVector instruction is not supported, loosing precision",/home/jimi/PaperExperiment/CompilerOptimization/Result/tengine/dg/dg-LLVM14-O2-g/high_precision_20260325_125828/log/cda_ntscd_icfg.dot.stderr.log
cda_ntscd_icfg,CDA,ntscd+icfg+pta,dot,"ShuffleVector instruction is not supported, loosing precision",/home/jimi/PaperExperiment/CompilerOptimization/Result/tengine/dg/dg-LLVM14-O2-g/high_precision_20260325_125828/log/cda_ntscd_icfg.dot.stderr.log
cda_ntscd_icfg,CDA,ntscd+icfg+pta,dot,"WARNING: Non-0 memset:   tail call void @llvm.memset.p0i8.i64(i8* align 1 %301, i8 -1, i64 %304, i1 false), !dbg !1286",/home/jimi/PaperExperiment/CompilerOptimization/Result/tengine/dg/dg-LLVM14-O2-g/high_precision_20260325_125828/log/cda_ntscd_icfg.dot.stderr.log
cda_ntscd_icfg,CDA,ntscd+icfg+pta,dot,IntToPtr with constant:   <badref> = inttoptr i64 1 to i8*,/home/jimi/PaperExperiment/CompilerOptimization/Result/tengine/dg/dg-LLVM14-O2-g/high_precision_20260325_125828/log/cda_ntscd_icfg.dot.stderr.log
cda_ntscd_icfg,CDA,ntscd+icfg+pta,dot,"ShuffleVector instruction is not supported, loosing precision",/home/jimi/PaperExperiment/CompilerOptimization/Result/tengine/dg/dg-LLVM14-O2-g/high_precision_20260325_125828/log/cda_ntscd_icfg.dot.stderr.log
cda_ntscd_icfg,CDA,ntscd+icfg+pta,dot,"ShuffleVector instruction is not supported, loosing precision",/home/jimi/PaperExperiment/CompilerOptimization/Result/tengine/dg/dg-LLVM14-O2-g/high_precision_20260325_125828/log/cda_ntscd_icfg.dot.stderr.log
cda_ntscd_icfg,CDA,ntscd+icfg+pta,dot,"ShuffleVector instruction is not supported, loosing precision",/home/jimi/PaperExperiment/CompilerOptimization/Result/tengine/dg/dg-LLVM14-O2-g/high_precision_20260325_125828/log/cda_ntscd_icfg.dot.stderr.log
cda_ntscd_icfg,CDA,ntscd+icfg+pta,dot,"ShuffleVector instruction is not supported, loosing precision",/home/jimi/PaperExperiment/CompilerOptimization/Result/tengine/dg/dg-LLVM14-O2-g/high_precision_20260325_125828/log/cda_ntscd_icfg.dot.stderr.log
cda_ntscd_icfg,CDA,ntscd+icfg+pta,dot,"ShuffleVector instruction is not supported, loosing precision",/home/jimi/PaperExperiment/CompilerOptimization/Result/tengine/dg/dg-LLVM14-O2-g/high_precision_20260325_125828/log/cda_ntscd_icfg.dot.stderr.log
cda_ntscd_icfg,CDA,ntscd+icfg+pta,dot,"ShuffleVector instruction is not supported, loosing precision",/home/jimi/PaperExperiment/CompilerOptimization/Result/tengine/dg/dg-LLVM14-O2-g/high_precision_20260325_125828/log/cda_ntscd_icfg.dot.stderr.log
cda_ntscd_icfg,CDA,ntscd+icfg+pta,dot,"ShuffleVector instruction is not supported, loosing precision",/home/jimi/PaperExperiment/CompilerOptimization/Result/tengine/dg/dg-LLVM14-O2-g/high_precision_20260325_125828/log/cda_ntscd_icfg.dot.stderr.log
cda_ntscd_icfg,CDA,ntscd+icfg+pta,dot,"ShuffleVector instruction is not supported, loosing precision",/home/jimi/PaperExperiment/CompilerOptimization/Result/tengine/dg/dg-LLVM14-O2-g/high_precision_20260325_125828/log/cda_ntscd_icfg.dot.stderr.log
cda_ntscd_icfg,CDA,ntscd+icfg+pta,dot,"ShuffleVector instruction is not supported, loosing precision",/home/jimi/PaperExperiment/CompilerOptimization/Result/tengine/dg/dg-LLVM14-O2-g/high_precision_20260325_125828/log/cda_ntscd_icfg.dot.stderr.log
cda_ntscd_icfg,CDA,ntscd+icfg+pta,dot,"ShuffleVector instruction is not supported, loosing precision",/home/jimi/PaperExperiment/CompilerOptimization/Result/tengine/dg/dg-LLVM14-O2-g/high_precision_20260325_125828/log/cda_ntscd_icfg.dot.stderr.log
cda_ntscd_icfg,CDA,ntscd+icfg+pta,dot,"ShuffleVector instruction is not supported, loosing precision",/home/jimi/PaperExperiment/CompilerOptimization/Result/tengine/dg/dg-LLVM14-O2-g/high_precision_20260325_125828/log/cda_ntscd_icfg.dot.stderr.log
cda_ntscd_icfg,CDA,ntscd+icfg+pta,dot,"ShuffleVector instruction is not supported, loosing precision",/home/jimi/PaperExperiment/CompilerOptimization/Result/tengine/dg/dg-LLVM14-O2-g/high_precision_20260325_125828/log/cda_ntscd_icfg.dot.stderr.log
cda_ntscd_icfg,CDA,ntscd+icfg+pta,dot,"ShuffleVector instruction is not supported, loosing precision",/home/jimi/PaperExperiment/CompilerOptimization/Result/tengine/dg/dg-LLVM14-O2-g/high_precision_20260325_125828/log/cda_ntscd_icfg.dot.stderr.log
cda_ntscd_icfg,CDA,ntscd+icfg+pta,dot,"ShuffleVector instruction is not supported, loosing precision",/home/jimi/PaperExperiment/CompilerOptimization/Result/tengine/dg/dg-LLVM14-O2-g/high_precision_20260325_125828/log/cda_ntscd_icfg.dot.stderr.log
cda_ntscd_icfg,CDA,ntscd+icfg+pta,dot,"ShuffleVector instruction is not supported, loosing precision",/home/jimi/PaperExperiment/CompilerOptimization/Result/tengine/dg/dg-LLVM14-O2-g/high_precision_20260325_125828/log/cda_ntscd_icfg.dot.stderr.log
cda_ntscd_icfg,CDA,ntscd+icfg+pta,dot,"ShuffleVector instruction is not supported, loosing precision",/home/jimi/PaperExperiment/CompilerOptimization/Result/tengine/dg/dg-LLVM14-O2-g/high_precision_20260325_125828/log/cda_ntscd_icfg.dot.stderr.log
cda_ntscd_icfg,CDA,ntscd+icfg+pta,dot,"ShuffleVector instruction is not supported, loosing precision",/home/jimi/PaperExperiment/CompilerOptimization/Result/tengine/dg/dg-LLVM14-O2-g/high_precision_20260325_125828/log/cda_ntscd_icfg.dot.stderr.log
cda_ntscd_icfg,CDA,ntscd+icfg+pta,dot,"ShuffleVector instruction is not supported, loosing precision",/home/jimi/PaperExperiment/CompilerOptimization/Result/tengine/dg/dg-LLVM14-O2-g/high_precision_20260325_125828/log/cda_ntscd_icfg.dot.stderr.log
cda_ntscd_icfg,CDA,ntscd+icfg+pta,dot,"ShuffleVector instruction is not supported, loosing precision",/home/jimi/PaperExperiment/CompilerOptimization/Result/tengine/dg/dg-LLVM14-O2-g/high_precision_20260325_125828/log/cda_ntscd_icfg.dot.stderr.log
cda_ntscd_icfg,CDA,ntscd+icfg+pta,dot,"ShuffleVector instruction is not supported, loosing precision",/home/jimi/PaperExperiment/CompilerOptimization/Result/tengine/dg/dg-LLVM14-O2-g/high_precision_20260325_125828/log/cda_ntscd_icfg.dot.stderr.log
cda_ntscd_icfg,CDA,ntscd+icfg+pta,dot,"ShuffleVector instruction is not supported, loosing precision",/home/jimi/PaperExperiment/CompilerOptimization/Result/tengine/dg/dg-LLVM14-O2-g/high_precision_20260325_125828/log/cda_ntscd_icfg.dot.stderr.log
cda_ntscd_icfg,CDA,ntscd+icfg+pta,dot,"ShuffleVector instruction is not supported, loosing precision",/home/jimi/PaperExperiment/CompilerOptimization/Result/tengine/dg/dg-LLVM14-O2-g/high_precision_20260325_125828/log/cda_ntscd_icfg.dot.stderr.log
cda_ntscd_icfg,CDA,ntscd+icfg+pta,dot,"ShuffleVector instruction is not supported, loosing precision",/home/jimi/PaperExperiment/CompilerOptimization/Result/tengine/dg/dg-LLVM14-O2-g/high_precision_20260325_125828/log/cda_ntscd_icfg.dot.stderr.log
cda_ntscd_icfg,CDA,ntscd+icfg+pta,dot,"ShuffleVector instruction is not supported, loosing precision",/home/jimi/PaperExperiment/CompilerOptimization/Result/tengine/dg/dg-LLVM14-O2-g/high_precision_20260325_125828/log/cda_ntscd_icfg.dot.stderr.log
cda_ntscd_icfg,CDA,ntscd+icfg+pta,dot,"ShuffleVector instruction is not supported, loosing precision",/home/jimi/PaperExperiment/CompilerOptimization/Result/tengine/dg/dg-LLVM14-O2-g/high_precision_20260325_125828/log/cda_ntscd_icfg.dot.stderr.log
cda_ntscd_icfg,CDA,ntscd+icfg+pta,dot,"ShuffleVector instruction is not supported, loosing precision",/home/jimi/PaperExperiment/CompilerOptimization/Result/tengine/dg/dg-LLVM14-O2-g/high_precision_20260325_125828/log/cda_ntscd_icfg.dot.stderr.log
cda_ntscd_icfg,CDA,ntscd+icfg+pta,dot,"ShuffleVector instruction is not supported, loosing precision",/home/jimi/PaperExperiment/CompilerOptimization/Result/tengine/dg/dg-LLVM14-O2-g/high_precision_20260325_125828/log/cda_ntscd_icfg.dot.stderr.log
cda_ntscd_icfg,CDA,ntscd+icfg+pta,dot,"ShuffleVector instruction is not supported, loosing precision",/home/jimi/PaperExperiment/CompilerOptimization/Result/tengine/dg/dg-LLVM14-O2-g/high_precision_20260325_125828/log/cda_ntscd_icfg.dot.stderr.log
cda_ntscd_icfg,CDA,ntscd+icfg+pta,dot,"ShuffleVector instruction is not supported, loosing precision",/home/jimi/PaperExperiment/CompilerOptimization/Result/tengine/dg/dg-LLVM14-O2-g/high_precision_20260325_125828/log/cda_ntscd_icfg.dot.stderr.log
cda_ntscd_icfg,CDA,ntscd+icfg+pta,dot,"ShuffleVector instruction is not supported, loosing precision",/home/jimi/PaperExperiment/CompilerOptimization/Result/tengine/dg/dg-LLVM14-O2-g/high_precision_20260325_125828/log/cda_ntscd_icfg.dot.stderr.log
cda_ntscd_icfg,CDA,ntscd+icfg+pta,dot,"ShuffleVector instruction is not supported, loosing precision",/home/jimi/PaperExperiment/CompilerOptimization/Result/tengine/dg/dg-LLVM14-O2-g/high_precision_20260325_125828/log/cda_ntscd_icfg.dot.stderr.log
cda_ntscd_icfg,CDA,ntscd+icfg+pta,dot,"ShuffleVector instruction is not supported, loosing precision",/home/jimi/PaperExperiment/CompilerOptimization/Result/tengine/dg/dg-LLVM14-O2-g/high_precision_20260325_125828/log/cda_ntscd_icfg.dot.stderr.log
cda_ntscd_icfg,CDA,ntscd+icfg+pta,dot,"ShuffleVector instruction is not supported, loosing precision",/home/jimi/PaperExperiment/CompilerOptimization/Result/tengine/dg/dg-LLVM14-O2-g/high_precision_20260325_125828/log/cda_ntscd_icfg.dot.stderr.log
cda_ntscd_icfg,CDA,ntscd+icfg+pta,dot,"ShuffleVector instruction is not supported, loosing precision",/home/jimi/PaperExperiment/CompilerOptimization/Result/tengine/dg/dg-LLVM14-O2-g/high_precision_20260325_125828/log/cda_ntscd_icfg.dot.stderr.log
cda_ntscd_icfg,CDA,ntscd+icfg+pta,dot,"ShuffleVector instruction is not supported, loosing precision",/home/jimi/PaperExperiment/CompilerOptimization/Result/tengine/dg/dg-LLVM14-O2-g/high_precision_20260325_125828/log/cda_ntscd_icfg.dot.stderr.log
cda_ntscd_icfg,CDA,ntscd+icfg+pta,dot,"ShuffleVector instruction is not supported, loosing precision",/home/jimi/PaperExperiment/CompilerOptimization/Result/tengine/dg/dg-LLVM14-O2-g/high_precision_20260325_125828/log/cda_ntscd_icfg.dot.stderr.log
cda_ntscd_icfg,CDA,ntscd+icfg+pta,dot,"ShuffleVector instruction is not supported, loosing precision",/home/jimi/PaperExperiment/CompilerOptimization/Result/tengine/dg/dg-LLVM14-O2-g/high_precision_20260325_125828/log/cda_ntscd_icfg.dot.stderr.log
cda_ntscd_icfg,CDA,ntscd+icfg+pta,dot,"ShuffleVector instruction is not supported, loosing precision",/home/jimi/PaperExperiment/CompilerOptimization/Result/tengine/dg/dg-LLVM14-O2-g/high_precision_20260325_125828/log/cda_ntscd_icfg.dot.stderr.log
cda_ntscd_icfg,CDA,ntscd+icfg+pta,dot,"ShuffleVector instruction is not supported, loosing precision",/home/jimi/PaperExperiment/CompilerOptimization/Result/tengine/dg/dg-LLVM14-O2-g/high_precision_20260325_125828/log/cda_ntscd_icfg.dot.stderr.log
cda_ntscd_icfg,CDA,ntscd+icfg+pta,dot,"ShuffleVector instruction is not supported, loosing precision",/home/jimi/PaperExperiment/CompilerOptimization/Result/tengine/dg/dg-LLVM14-O2-g/high_precision_20260325_125828/log/cda_ntscd_icfg.dot.stderr.log
cda_ntscd_icfg,CDA,ntscd+icfg+pta,dot,"ShuffleVector instruction is not supported, loosing precision",/home/jimi/PaperExperiment/CompilerOptimization/Result/tengine/dg/dg-LLVM14-O2-g/high_precision_20260325_125828/log/cda_ntscd_icfg.dot.stderr.log
cda_ntscd_icfg,CDA,ntscd+icfg+pta,dot,"ShuffleVector instruction is not supported, loosing precision",/home/jimi/PaperExperiment/CompilerOptimization/Result/tengine/dg/dg-LLVM14-O2-g/high_precision_20260325_125828/log/cda_ntscd_icfg.dot.stderr.log
cda_ntscd_icfg,CDA,ntscd+icfg+pta,dot,"ShuffleVector instruction is not supported, loosing precision",/home/jimi/PaperExperiment/CompilerOptimization/Result/tengine/dg/dg-LLVM14-O2-g/high_precision_20260325_125828/log/cda_ntscd_icfg.dot.stderr.log
cda_ntscd_icfg,CDA,ntscd+icfg+pta,dot,"ShuffleVector instruction is not supported, loosing precision",/home/jimi/PaperExperiment/CompilerOptimization/Result/tengine/dg/dg-LLVM14-O2-g/high_precision_20260325_125828/log/cda_ntscd_icfg.dot.stderr.log
cda_ntscd_icfg,CDA,ntscd+icfg+pta,dot,"ShuffleVector instruction is not supported, loosing precision",/home/jimi/PaperExperiment/CompilerOptimization/Result/tengine/dg/dg-LLVM14-O2-g/high_precision_20260325_125828/log/cda_ntscd_icfg.dot.stderr.log
cda_ntscd_icfg,CDA,ntscd+icfg+pta,dot,"ShuffleVector instruction is not supported, loosing precision",/home/jimi/PaperExperiment/CompilerOptimization/Result/tengine/dg/dg-LLVM14-O2-g/high_precision_20260325_125828/log/cda_ntscd_icfg.dot.stderr.log
cda_ntscd_icfg,CDA,ntscd+icfg+pta,dot,"ShuffleVector instruction is not supported, loosing precision",/home/jimi/PaperExperiment/CompilerOptimization/Result/tengine/dg/dg-LLVM14-O2-g/high_precision_20260325_125828/log/cda_ntscd_icfg.dot.stderr.log
cda_ntscd_icfg,CDA,ntscd+icfg+pta,dot,"ShuffleVector instruction is not supported, loosing precision",/home/jimi/PaperExperiment/CompilerOptimization/Result/tengine/dg/dg-LLVM14-O2-g/high_precision_20260325_125828/log/cda_ntscd_icfg.dot.stderr.log
cda_ntscd_icfg,CDA,ntscd+icfg+pta,dot,"ShuffleVector instruction is not supported, loosing precision",/home/jimi/PaperExperiment/CompilerOptimization/Result/tengine/dg/dg-LLVM14-O2-g/high_precision_20260325_125828/log/cda_ntscd_icfg.dot.stderr.log
cda_ntscd_icfg,CDA,ntscd+icfg+pta,dot,"ShuffleVector instruction is not supported, loosing precision",/home/jimi/PaperExperiment/CompilerOptimization/Result/tengine/dg/dg-LLVM14-O2-g/high_precision_20260325_125828/log/cda_ntscd_icfg.dot.stderr.log
cda_ntscd_icfg,CDA,ntscd+icfg+pta,dot,"ShuffleVector instruction is not supported, loosing precision",/home/jimi/PaperExperiment/CompilerOptimization/Result/tengine/dg/dg-LLVM14-O2-g/high_precision_20260325_125828/log/cda_ntscd_icfg.dot.stderr.log
cda_ntscd_icfg,CDA,ntscd+icfg+pta,dot,"ShuffleVector instruction is not supported, loosing precision",/home/jimi/PaperExperiment/CompilerOptimization/Result/tengine/dg/dg-LLVM14-O2-g/high_precision_20260325_125828/log/cda_ntscd_icfg.dot.stderr.log
cda_ntscd_icfg,CDA,ntscd+icfg+pta,dot,"ShuffleVector instruction is not supported, loosing precision",/home/jimi/PaperExperiment/CompilerOptimization/Result/tengine/dg/dg-LLVM14-O2-g/high_precision_20260325_125828/log/cda_ntscd_icfg.dot.stderr.log
cda_ntscd_icfg,CDA,ntscd+icfg+pta,dot,"ShuffleVector instruction is not supported, loosing precision",/home/jimi/PaperExperiment/CompilerOptimization/Result/tengine/dg/dg-LLVM14-O2-g/high_precision_20260325_125828/log/cda_ntscd_icfg.dot.stderr.log
cda_ntscd_icfg,CDA,ntscd+icfg+pta,dot,"ShuffleVector instruction is not supported, loosing precision",/home/jimi/PaperExperiment/CompilerOptimization/Result/tengine/dg/dg-LLVM14-O2-g/high_precision_20260325_125828/log/cda_ntscd_icfg.dot.stderr.log
cda_ntscd_icfg,CDA,ntscd+icfg+pta,dot,"ShuffleVector instruction is not supported, loosing precision",/home/jimi/PaperExperiment/CompilerOptimization/Result/tengine/dg/dg-LLVM14-O2-g/high_precision_20260325_125828/log/cda_ntscd_icfg.dot.stderr.log
cda_ntscd_icfg,CDA,ntscd+icfg+pta,dot,"ShuffleVector instruction is not supported, loosing precision",/home/jimi/PaperExperiment/CompilerOptimization/Result/tengine/dg/dg-LLVM14-O2-g/high_precision_20260325_125828/log/cda_ntscd_icfg.dot.stderr.log
cda_ntscd_icfg,CDA,ntscd+icfg+pta,dot,"ShuffleVector instruction is not supported, loosing precision",/home/jimi/PaperExperiment/CompilerOptimization/Result/tengine/dg/dg-LLVM14-O2-g/high_precision_20260325_125828/log/cda_ntscd_icfg.dot.stderr.log
cda_ntscd_icfg,CDA,ntscd+icfg+pta,dot,"ShuffleVector instruction is not supported, loosing precision",/home/jimi/PaperExperiment/CompilerOptimization/Result/tengine/dg/dg-LLVM14-O2-g/high_precision_20260325_125828/log/cda_ntscd_icfg.dot.stderr.log
cda_ntscd_icfg,CDA,ntscd+icfg+pta,dot,"ShuffleVector instruction is not supported, loosing precision",/home/jimi/PaperExperiment/CompilerOptimization/Result/tengine/dg/dg-LLVM14-O2-g/high_precision_20260325_125828/log/cda_ntscd_icfg.dot.stderr.log
cda_ntscd_icfg,CDA,ntscd+icfg+pta,dot,"ShuffleVector instruction is not supported, loosing precision",/home/jimi/PaperExperiment/CompilerOptimization/Result/tengine/dg/dg-LLVM14-O2-g/high_precision_20260325_125828/log/cda_ntscd_icfg.dot.stderr.log
cda_ntscd_icfg,CDA,ntscd+icfg+pta,dot,"ShuffleVector instruction is not supported, loosing precision",/home/jimi/PaperExperiment/CompilerOptimization/Result/tengine/dg/dg-LLVM14-O2-g/high_precision_20260325_125828/log/cda_ntscd_icfg.dot.stderr.log
cda_ntscd_icfg,CDA,ntscd+icfg+pta,dot,"ShuffleVector instruction is not supported, loosing precision",/home/jimi/PaperExperiment/CompilerOptimization/Result/tengine/dg/dg-LLVM14-O2-g/high_precision_20260325_125828/log/cda_ntscd_icfg.dot.stderr.log
cda_ntscd_icfg,CDA,ntscd+icfg+pta,dot,"ShuffleVector instruction is not supported, loosing precision",/home/jimi/PaperExperiment/CompilerOptimization/Result/tengine/dg/dg-LLVM14-O2-g/high_precision_20260325_125828/log/cda_ntscd_icfg.dot.stderr.log
cda_ntscd_icfg,CDA,ntscd+icfg+pta,dot,"ShuffleVector instruction is not supported, loosing precision",/home/jimi/PaperExperiment/CompilerOptimization/Result/tengine/dg/dg-LLVM14-O2-g/high_precision_20260325_125828/log/cda_ntscd_icfg.dot.stderr.log
cda_ntscd_icfg,CDA,ntscd+icfg+pta,dot,"ShuffleVector instruction is not supported, loosing precision",/home/jimi/PaperExperiment/CompilerOptimization/Result/tengine/dg/dg-LLVM14-O2-g/high_precision_20260325_125828/log/cda_ntscd_icfg.dot.stderr.log
cda_ntscd_icfg,CDA,ntscd+icfg+pta,dot,"ShuffleVector instruction is not supported, loosing precision",/home/jimi/PaperExperiment/CompilerOptimization/Result/tengine/dg/dg-LLVM14-O2-g/high_precision_20260325_125828/log/cda_ntscd_icfg.dot.stderr.log
cda_ntscd_icfg,CDA,ntscd+icfg+pta,dot,"ShuffleVector instruction is not supported, loosing precision",/home/jimi/PaperExperiment/CompilerOptimization/Result/tengine/dg/dg-LLVM14-O2-g/high_precision_20260325_125828/log/cda_ntscd_icfg.dot.stderr.log
cda_ntscd_icfg,CDA,ntscd+icfg+pta,dot,"ShuffleVector instruction is not supported, loosing precision",/home/jimi/PaperExperiment/CompilerOptimization/Result/tengine/dg/dg-LLVM14-O2-g/high_precision_20260325_125828/log/cda_ntscd_icfg.dot.stderr.log
cda_ntscd_icfg,CDA,ntscd+icfg+pta,dot,"ShuffleVector instruction is not supported, loosing precision",/home/jimi/PaperExperiment/CompilerOptimization/Result/tengine/dg/dg-LLVM14-O2-g/high_precision_20260325_125828/log/cda_ntscd_icfg.dot.stderr.log
cda_ntscd_icfg,CDA,ntscd+icfg+pta,dot,"ShuffleVector instruction is not supported, loosing precision",/home/jimi/PaperExperiment/CompilerOptimization/Result/tengine/dg/dg-LLVM14-O2-g/high_precision_20260325_125828/log/cda_ntscd_icfg.dot.stderr.log
cda_ntscd_icfg,CDA,ntscd+icfg+pta,dot,"ShuffleVector instruction is not supported, loosing precision",/home/jimi/PaperExperiment/CompilerOptimization/Result/tengine/dg/dg-LLVM14-O2-g/high_precision_20260325_125828/log/cda_ntscd_icfg.dot.stderr.log
cda_ntscd_icfg,CDA,ntscd+icfg+pta,dot,"ShuffleVector instruction is not supported, loosing precision",/home/jimi/PaperExperiment/CompilerOptimization/Result/tengine/dg/dg-LLVM14-O2-g/high_precision_20260325_125828/log/cda_ntscd_icfg.dot.stderr.log
cda_ntscd_icfg,CDA,ntscd+icfg+pta,dot,"ShuffleVector instruction is not supported, loosing precision",/home/jimi/PaperExperiment/CompilerOptimization/Result/tengine/dg/dg-LLVM14-O2-g/high_precision_20260325_125828/log/cda_ntscd_icfg.dot.stderr.log
cda_ntscd_icfg,CDA,ntscd+icfg+pta,dot,"ShuffleVector instruction is not supported, loosing precision",/home/jimi/PaperExperiment/CompilerOptimization/Result/tengine/dg/dg-LLVM14-O2-g/high_precision_20260325_125828/log/cda_ntscd_icfg.dot.stderr.log
cda_ntscd_icfg,CDA,ntscd+icfg+pta,dot,"ShuffleVector instruction is not supported, loosing precision",/home/jimi/PaperExperiment/CompilerOptimization/Result/tengine/dg/dg-LLVM14-O2-g/high_precision_20260325_125828/log/cda_ntscd_icfg.dot.stderr.log
cda_ntscd_icfg,CDA,ntscd+icfg+pta,dot,"ShuffleVector instruction is not supported, loosing precision",/home/jimi/PaperExperiment/CompilerOptimization/Result/tengine/dg/dg-LLVM14-O2-g/high_precision_20260325_125828/log/cda_ntscd_icfg.dot.stderr.log
cda_ntscd_icfg,CDA,ntscd+icfg+pta,dot,"ShuffleVector instruction is not supported, loosing precision",/home/jimi/PaperExperiment/CompilerOptimization/Result/tengine/dg/dg-LLVM14-O2-g/high_precision_20260325_125828/log/cda_ntscd_icfg.dot.stderr.log
cda_ntscd_icfg,CDA,ntscd+icfg+pta,dot,"ShuffleVector instruction is not supported, loosing precision",/home/jimi/PaperExperiment/CompilerOptimization/Result/tengine/dg/dg-LLVM14-O2-g/high_precision_20260325_125828/log/cda_ntscd_icfg.dot.stderr.log
cda_ntscd_icfg,CDA,ntscd+icfg+pta,dot,"ShuffleVector instruction is not supported, loosing precision",/home/jimi/PaperExperiment/CompilerOptimization/Result/tengine/dg/dg-LLVM14-O2-g/high_precision_20260325_125828/log/cda_ntscd_icfg.dot.stderr.log
cda_ntscd_icfg,CDA,ntscd+icfg+pta,dot,"ShuffleVector instruction is not supported, loosing precision",/home/jimi/PaperExperiment/CompilerOptimization/Result/tengine/dg/dg-LLVM14-O2-g/high_precision_20260325_125828/log/cda_ntscd_icfg.dot.stderr.log
cda_ntscd_icfg,CDA,ntscd+icfg+pta,dot,"ShuffleVector instruction is not supported, loosing precision",/home/jimi/PaperExperiment/CompilerOptimization/Result/tengine/dg/dg-LLVM14-O2-g/high_precision_20260325_125828/log/cda_ntscd_icfg.dot.stderr.log
cda_ntscd_icfg,CDA,ntscd+icfg+pta,dot,"ShuffleVector instruction is not supported, loosing precision",/home/jimi/PaperExperiment/CompilerOptimization/Result/tengine/dg/dg-LLVM14-O2-g/high_precision_20260325_125828/log/cda_ntscd_icfg.dot.stderr.log
cda_ntscd_icfg,CDA,ntscd+icfg+pta,dot,"ShuffleVector instruction is not supported, loosing precision",/home/jimi/PaperExperiment/CompilerOptimization/Result/tengine/dg/dg-LLVM14-O2-g/high_precision_20260325_125828/log/cda_ntscd_icfg.dot.stderr.log
cda_ntscd_icfg,CDA,ntscd+icfg+pta,dot,"ShuffleVector instruction is not supported, loosing precision",/home/jimi/PaperExperiment/CompilerOptimization/Result/tengine/dg/dg-LLVM14-O2-g/high_precision_20260325_125828/log/cda_ntscd_icfg.dot.stderr.log
cda_ntscd_icfg,CDA,ntscd+icfg+pta,dot,"ShuffleVector instruction is not supported, loosing precision",/home/jimi/PaperExperiment/CompilerOptimization/Result/tengine/dg/dg-LLVM14-O2-g/high_precision_20260325_125828/log/cda_ntscd_icfg.dot.stderr.log
cda_ntscd_icfg,CDA,ntscd+icfg+pta,dot,"ShuffleVector instruction is not supported, loosing precision",/home/jimi/PaperExperiment/CompilerOptimization/Result/tengine/dg/dg-LLVM14-O2-g/high_precision_20260325_125828/log/cda_ntscd_icfg.dot.stderr.log
cda_ntscd_icfg,CDA,ntscd+icfg+pta,dot,"ShuffleVector instruction is not supported, loosing precision",/home/jimi/PaperExperiment/CompilerOptimization/Result/tengine/dg/dg-LLVM14-O2-g/high_precision_20260325_125828/log/cda_ntscd_icfg.dot.stderr.log
cda_ntscd_icfg,CDA,ntscd+icfg+pta,dot,"ShuffleVector instruction is not supported, loosing precision",/home/jimi/PaperExperiment/CompilerOptimization/Result/tengine/dg/dg-LLVM14-O2-g/high_precision_20260325_125828/log/cda_ntscd_icfg.dot.stderr.log
cda_ntscd_icfg,CDA,ntscd+icfg+pta,dot,"ShuffleVector instruction is not supported, loosing precision",/home/jimi/PaperExperiment/CompilerOptimization/Result/tengine/dg/dg-LLVM14-O2-g/high_precision_20260325_125828/log/cda_ntscd_icfg.dot.stderr.log
cda_ntscd_icfg,CDA,ntscd+icfg+pta,dot,"ShuffleVector instruction is not supported, loosing precision",/home/jimi/PaperExperiment/CompilerOptimization/Result/tengine/dg/dg-LLVM14-O2-g/high_precision_20260325_125828/log/cda_ntscd_icfg.dot.stderr.log
cda_ntscd_icfg,CDA,ntscd+icfg+pta,dot,"ShuffleVector instruction is not supported, loosing precision",/home/jimi/PaperExperiment/CompilerOptimization/Result/tengine/dg/dg-LLVM14-O2-g/high_precision_20260325_125828/log/cda_ntscd_icfg.dot.stderr.log
cda_ntscd_icfg,CDA,ntscd+icfg+pta,dot,"ShuffleVector instruction is not supported, loosing precision",/home/jimi/PaperExperiment/CompilerOptimization/Result/tengine/dg/dg-LLVM14-O2-g/high_precision_20260325_125828/log/cda_ntscd_icfg.dot.stderr.log
cda_ntscd_icfg,CDA,ntscd+icfg+pta,dot,"ShuffleVector instruction is not supported, loosing precision",/home/jimi/PaperExperiment/CompilerOptimization/Result/tengine/dg/dg-LLVM14-O2-g/high_precision_20260325_125828/log/cda_ntscd_icfg.dot.stderr.log
cda_ntscd_icfg,CDA,ntscd+icfg+pta,dot,"ShuffleVector instruction is not supported, loosing precision",/home/jimi/PaperExperiment/CompilerOptimization/Result/tengine/dg/dg-LLVM14-O2-g/high_precision_20260325_125828/log/cda_ntscd_icfg.dot.stderr.log
cda_ntscd_icfg,CDA,ntscd+icfg+pta,dot,"ShuffleVector instruction is not supported, loosing precision",/home/jimi/PaperExperiment/CompilerOptimization/Result/tengine/dg/dg-LLVM14-O2-g/high_precision_20260325_125828/log/cda_ntscd_icfg.dot.stderr.log
cda_ntscd_icfg,CDA,ntscd+icfg+pta,dot,"ShuffleVector instruction is not supported, loosing precision",/home/jimi/PaperExperiment/CompilerOptimization/Result/tengine/dg/dg-LLVM14-O2-g/high_precision_20260325_125828/log/cda_ntscd_icfg.dot.stderr.log
cda_ntscd_icfg,CDA,ntscd+icfg+pta,dot,"ShuffleVector instruction is not supported, loosing precision",/home/jimi/PaperExperiment/CompilerOptimization/Result/tengine/dg/dg-LLVM14-O2-g/high_precision_20260325_125828/log/cda_ntscd_icfg.dot.stderr.log
cda_ntscd_icfg,CDA,ntscd+icfg+pta,dot,"ShuffleVector instruction is not supported, loosing precision",/home/jimi/PaperExperiment/CompilerOptimization/Result/tengine/dg/dg-LLVM14-O2-g/high_precision_20260325_125828/log/cda_ntscd_icfg.dot.stderr.log
cda_ntscd_icfg,CDA,ntscd+icfg+pta,dot,"ShuffleVector instruction is not supported, loosing precision",/home/jimi/PaperExperiment/CompilerOptimization/Result/tengine/dg/dg-LLVM14-O2-g/high_precision_20260325_125828/log/cda_ntscd_icfg.dot.stderr.log
cda_ntscd_icfg,CDA,ntscd+icfg+pta,dot,"ShuffleVector instruction is not supported, loosing precision",/home/jimi/PaperExperiment/CompilerOptimization/Result/tengine/dg/dg-LLVM14-O2-g/high_precision_20260325_125828/log/cda_ntscd_icfg.dot.stderr.log
cda_ntscd_icfg,CDA,ntscd+icfg+pta,dot,"ShuffleVector instruction is not supported, loosing precision",/home/jimi/PaperExperiment/CompilerOptimization/Result/tengine/dg/dg-LLVM14-O2-g/high_precision_20260325_125828/log/cda_ntscd_icfg.dot.stderr.log
cda_ntscd_icfg,CDA,ntscd+icfg+pta,dot,"ShuffleVector instruction is not supported, loosing precision",/home/jimi/PaperExperiment/CompilerOptimization/Result/tengine/dg/dg-LLVM14-O2-g/high_precision_20260325_125828/log/cda_ntscd_icfg.dot.stderr.log
cda_ntscd_icfg,CDA,ntscd+icfg+pta,dot,"ShuffleVector instruction is not supported, loosing precision",/home/jimi/PaperExperiment/CompilerOptimization/Result/tengine/dg/dg-LLVM14-O2-g/high_precision_20260325_125828/log/cda_ntscd_icfg.dot.stderr.log
cda_ntscd_icfg,CDA,ntscd+icfg+pta,dot,"ShuffleVector instruction is not supported, loosing precision",/home/jimi/PaperExperiment/CompilerOptimization/Result/tengine/dg/dg-LLVM14-O2-g/high_precision_20260325_125828/log/cda_ntscd_icfg.dot.stderr.log
cda_ntscd_icfg,CDA,ntscd+icfg+pta,dot,"ShuffleVector instruction is not supported, loosing precision",/home/jimi/PaperExperiment/CompilerOptimization/Result/tengine/dg/dg-LLVM14-O2-g/high_precision_20260325_125828/log/cda_ntscd_icfg.dot.stderr.log
cda_ntscd_icfg,CDA,ntscd+icfg+pta,dot,"ShuffleVector instruction is not supported, loosing precision",/home/jimi/PaperExperiment/CompilerOptimization/Result/tengine/dg/dg-LLVM14-O2-g/high_precision_20260325_125828/log/cda_ntscd_icfg.dot.stderr.log
cda_ntscd_icfg,CDA,ntscd+icfg+pta,dot,"ShuffleVector instruction is not supported, loosing precision",/home/jimi/PaperExperiment/CompilerOptimization/Result/tengine/dg/dg-LLVM14-O2-g/high_precision_20260325_125828/log/cda_ntscd_icfg.dot.stderr.log
