case_id,source_mode,file,line,column,message,bitcode_snippet,log_file
1,smc_typeoff,Target/zfp/include/zfp/bitstream.inl,0,0,Possible read of undefined value at,"%31 = phi i64 [ %22, %25 ], [ %22, %24 ], [ poison, %28 ], !dbg !401",/home/jimi/PaperExperiment/CompilerOptimization/Result/zfp/seahorn/seahorn-O2-g/result/run_20260320_121720_fixed_fullscan/log/sea.smc.stats.typeoff.stderr.log
2,smc_typeoff,Target/zfp/src/template/encodef.c,57,25,Possible read of undefined value at,"%46 = insertelement <2 x float> poison, float %43, i64 0, !dbg !478",/home/jimi/PaperExperiment/CompilerOptimization/Result/zfp/seahorn/seahorn-O2-g/result/run_20260320_121720_fixed_fullscan/log/sea.smc.stats.typeoff.stderr.log
3,smc_typeoff,Target/zfp/src/template/encodef.c,57,25,Possible read of undefined value at,"%47 = shufflevector <2 x float> %46, <2 x float> poison, <2 x i32> zeroinitializer, !dbg !478",/home/jimi/PaperExperiment/CompilerOptimization/Result/zfp/seahorn/seahorn-O2-g/result/run_20260320_121720_fixed_fullscan/log/sea.smc.stats.typeoff.stderr.log
4,smc_typeoff,Target/zfp/src/template/codecf.c,30,28,Possible read of undefined value at,"%59 = insertelement <4 x float> poison, float %56, i64 0, !dbg !528",/home/jimi/PaperExperiment/CompilerOptimization/Result/zfp/seahorn/seahorn-O2-g/result/run_20260320_121720_fixed_fullscan/log/sea.smc.stats.typeoff.stderr.log
5,smc_typeoff,Target/zfp/src/template/codecf.c,30,28,Possible read of undefined value at,"%60 = shufflevector <4 x float> %59, <4 x float> poison, <4 x i32> zeroinitializer, !dbg !528",/home/jimi/PaperExperiment/CompilerOptimization/Result/zfp/seahorn/seahorn-O2-g/result/run_20260320_121720_fixed_fullscan/log/sea.smc.stats.typeoff.stderr.log
6,smc_typeoff,Target/zfp/src/template/encode.c,50,5,Possible read of undefined value at,"%208 = insertelement <2 x i32> poison, i32 %207, i64 0, !dbg !619",/home/jimi/PaperExperiment/CompilerOptimization/Result/zfp/seahorn/seahorn-O2-g/result/run_20260320_121720_fixed_fullscan/log/sea.smc.stats.typeoff.stderr.log
7,smc_typeoff,Target/zfp/src/template/encode.c,50,5,Possible read of undefined value at,"%210 = insertelement <2 x i32> poison, i32 %205, i64 0, !dbg !619",/home/jimi/PaperExperiment/CompilerOptimization/Result/zfp/seahorn/seahorn-O2-g/result/run_20260320_121720_fixed_fullscan/log/sea.smc.stats.typeoff.stderr.log
8,smc_typeoff,Target/zfp/src/template/encode.c,50,18,Possible read of undefined value at,"%215 = insertelement <2 x i32> poison, i32 %206, i64 0, !dbg !621",/home/jimi/PaperExperiment/CompilerOptimization/Result/zfp/seahorn/seahorn-O2-g/result/run_20260320_121720_fixed_fullscan/log/sea.smc.stats.typeoff.stderr.log
9,smc_typeoff,Target/zfp/src/template/encode.c,78,19,Possible read of undefined value at,"%219 = shufflevector <2 x i32> %214, <2 x i32> undef, <4 x i32> <i32 1, i32 undef, i32 undef, i32 undef>, !dbg !627",/home/jimi/PaperExperiment/CompilerOptimization/Result/zfp/seahorn/seahorn-O2-g/result/run_20260320_121720_fixed_fullscan/log/sea.smc.stats.typeoff.stderr.log
10,smc_typeoff,Target/zfp/src/template/encode.c,78,19,Possible read of undefined value at,"%220 = shufflevector <2 x i32> %217, <2 x i32> poison, <4 x i32> <i32 0, i32 1, i32 undef, i32 undef>, !dbg !627",/home/jimi/PaperExperiment/CompilerOptimization/Result/zfp/seahorn/seahorn-O2-g/result/run_20260320_121720_fixed_fullscan/log/sea.smc.stats.typeoff.stderr.log
11,smc_typeoff,Target/zfp/src/template/codecf.c,30,28,Possible read of undefined value at,"%122 = insertelement <4 x float> poison, float %119, i64 0, !dbg !573",/home/jimi/PaperExperiment/CompilerOptimization/Result/zfp/seahorn/seahorn-O2-g/result/run_20260320_121720_fixed_fullscan/log/sea.smc.stats.typeoff.stderr.log
12,smc_typeoff,Target/zfp/src/template/codecf.c,30,28,Possible read of undefined value at,"%123 = shufflevector <4 x float> %122, <4 x float> poison, <4 x i32> zeroinitializer, !dbg !573",/home/jimi/PaperExperiment/CompilerOptimization/Result/zfp/seahorn/seahorn-O2-g/result/run_20260320_121720_fixed_fullscan/log/sea.smc.stats.typeoff.stderr.log
13,smc_typeoff,Target/zfp/src/template/decode.c,74,43,Possible read of undefined value at,"%254 = shufflevector <4 x i32> %253, <4 x i32> poison, <2 x i32> <i32 2, i32 undef>, !dbg !778",/home/jimi/PaperExperiment/CompilerOptimization/Result/zfp/seahorn/seahorn-O2-g/result/run_20260320_121720_fixed_fullscan/log/sea.smc.stats.typeoff.stderr.log
14,smc_typeoff,Target/zfp/src/template/decode.c,37,13,Possible read of undefined value at,"%269 = insertelement <4 x i32> poison, i32 %249, i64 0, !dbg !811",/home/jimi/PaperExperiment/CompilerOptimization/Result/zfp/seahorn/seahorn-O2-g/result/run_20260320_121720_fixed_fullscan/log/sea.smc.stats.typeoff.stderr.log
15,smc_typeoff,Target/zfp/src/template/decode.c,37,13,Possible read of undefined value at,"%274 = shufflevector <2 x i32> %264, <2 x i32> poison, <4 x i32> <i32 0, i32 1, i32 undef, i32 undef>, !dbg !811",/home/jimi/PaperExperiment/CompilerOptimization/Result/zfp/seahorn/seahorn-O2-g/result/run_20260320_121720_fixed_fullscan/log/sea.smc.stats.typeoff.stderr.log
16,smc_typeoff,Target/zfp/src/template/codecf.c,30,28,Possible read of undefined value at,"%288 = insertelement <4 x float> poison, float %286, i64 0, !dbg !821",/home/jimi/PaperExperiment/CompilerOptimization/Result/zfp/seahorn/seahorn-O2-g/result/run_20260320_121720_fixed_fullscan/log/sea.smc.stats.typeoff.stderr.log
17,smc_typeoff,Target/zfp/src/template/codecf.c,30,28,Possible read of undefined value at,"%289 = shufflevector <4 x float> %288, <4 x float> poison, <4 x i32> zeroinitializer, !dbg !821",/home/jimi/PaperExperiment/CompilerOptimization/Result/zfp/seahorn/seahorn-O2-g/result/run_20260320_121720_fixed_fullscan/log/sea.smc.stats.typeoff.stderr.log
18,smc_typeoff,Target/zfp/src/template/codecf.c,30,28,Possible read of undefined value at,"%124 = insertelement <2 x double> poison, double %119, i64 0, !dbg !573",/home/jimi/PaperExperiment/CompilerOptimization/Result/zfp/seahorn/seahorn-O2-g/result/run_20260320_121720_fixed_fullscan/log/sea.smc.stats.typeoff.stderr.log
19,smc_typeoff,Target/zfp/src/template/codecf.c,30,28,Possible read of undefined value at,"%125 = shufflevector <2 x double> %124, <2 x double> poison, <2 x i32> zeroinitializer, !dbg !573",/home/jimi/PaperExperiment/CompilerOptimization/Result/zfp/seahorn/seahorn-O2-g/result/run_20260320_121720_fixed_fullscan/log/sea.smc.stats.typeoff.stderr.log
20,smc_typeoff,Target/zfp/src/template/encodef.c,57,25,Possible read of undefined value at,"%22 = insertelement <2 x float> poison, float %16, i64 0, !dbg !463",/home/jimi/PaperExperiment/CompilerOptimization/Result/zfp/seahorn/seahorn-O2-g/result/run_20260320_121720_fixed_fullscan/log/sea.smc.stats.typeoff.stderr.log
21,smc_typeoff,Target/zfp/src/template/encodef.c,57,25,Possible read of undefined value at,"%23 = shufflevector <2 x float> %22, <2 x float> poison, <2 x i32> zeroinitializer, !dbg !463",/home/jimi/PaperExperiment/CompilerOptimization/Result/zfp/seahorn/seahorn-O2-g/result/run_20260320_121720_fixed_fullscan/log/sea.smc.stats.typeoff.stderr.log
22,smc_typeoff,Target/zfp/src/template/encodef.c,57,25,Possible read of undefined value at,"%51 = insertelement <8 x float> poison, float %16, i64 0, !dbg !463",/home/jimi/PaperExperiment/CompilerOptimization/Result/zfp/seahorn/seahorn-O2-g/result/run_20260320_121720_fixed_fullscan/log/sea.smc.stats.typeoff.stderr.log
23,smc_typeoff,Target/zfp/src/template/encodef.c,57,25,Possible read of undefined value at,"%52 = shufflevector <8 x float> %51, <8 x float> poison, <8 x i32> zeroinitializer, !dbg !463",/home/jimi/PaperExperiment/CompilerOptimization/Result/zfp/seahorn/seahorn-O2-g/result/run_20260320_121720_fixed_fullscan/log/sea.smc.stats.typeoff.stderr.log
24,smc_typeoff,Target/zfp/src/template/encodef.c,57,25,Possible read of undefined value at,"%53 = insertelement <8 x float> poison, float %18, i64 0, !dbg !463",/home/jimi/PaperExperiment/CompilerOptimization/Result/zfp/seahorn/seahorn-O2-g/result/run_20260320_121720_fixed_fullscan/log/sea.smc.stats.typeoff.stderr.log
25,smc_typeoff,Target/zfp/src/template/encodef.c,57,25,Possible read of undefined value at,"%54 = shufflevector <2 x float> %28, <2 x float> poison, <8 x i32> <i32 0, i32 1, i32 undef, i32 undef, i32 undef, i32 undef, i32 undef, i32 undef>, !dbg !463",/home/jimi/PaperExperiment/CompilerOptimization/Result/zfp/seahorn/seahorn-O2-g/result/run_20260320_121720_fixed_fullscan/log/sea.smc.stats.typeoff.stderr.log
26,smc_typeoff,Target/zfp/src/template/encodef.c,57,25,Possible read of undefined value at,"%56 = shufflevector <2 x float> %36, <2 x float> poison, <8 x i32> <i32 0, i32 1, i32 undef, i32 undef, i32 undef, i32 undef, i32 undef, i32 undef>, !dbg !463",/home/jimi/PaperExperiment/CompilerOptimization/Result/zfp/seahorn/seahorn-O2-g/result/run_20260320_121720_fixed_fullscan/log/sea.smc.stats.typeoff.stderr.log
27,smc_typeoff,Target/zfp/src/template/encodef.c,57,25,Possible read of undefined value at,"%58 = shufflevector <2 x float> %44, <2 x float> poison, <8 x i32> <i32 0, i32 1, i32 undef, i32 undef, i32 undef, i32 undef, i32 undef, i32 undef>, !dbg !463",/home/jimi/PaperExperiment/CompilerOptimization/Result/zfp/seahorn/seahorn-O2-g/result/run_20260320_121720_fixed_fullscan/log/sea.smc.stats.typeoff.stderr.log
28,smc_typeoff,Target/zfp/src/template/codecf.c,30,30,Possible read of undefined value at,"%67 = shufflevector <8 x i32> %62, <8 x i32> undef, <4 x i32> <i32 0, i32 undef, i32 undef, i32 undef>, !dbg !484",/home/jimi/PaperExperiment/CompilerOptimization/Result/zfp/seahorn/seahorn-O2-g/result/run_20260320_121720_fixed_fullscan/log/sea.smc.stats.typeoff.stderr.log
29,smc_typeoff,Target/zfp/src/template/codecf.c,30,30,Possible read of undefined value at,"%68 = shufflevector <2 x i32> %25, <2 x i32> poison, <4 x i32> <i32 0, i32 1, i32 undef, i32 undef>, !dbg !484",/home/jimi/PaperExperiment/CompilerOptimization/Result/zfp/seahorn/seahorn-O2-g/result/run_20260320_121720_fixed_fullscan/log/sea.smc.stats.typeoff.stderr.log
30,smc_typeoff,Target/zfp/src/template/codecf.c,30,28,Possible read of undefined value at,"%72 = insertelement <4 x float> poison, float %65, i64 0, !dbg !485",/home/jimi/PaperExperiment/CompilerOptimization/Result/zfp/seahorn/seahorn-O2-g/result/run_20260320_121720_fixed_fullscan/log/sea.smc.stats.typeoff.stderr.log
31,smc_typeoff,Target/zfp/src/template/codecf.c,30,28,Possible read of undefined value at,"%73 = shufflevector <4 x float> %72, <4 x float> poison, <4 x i32> zeroinitializer, !dbg !485",/home/jimi/PaperExperiment/CompilerOptimization/Result/zfp/seahorn/seahorn-O2-g/result/run_20260320_121720_fixed_fullscan/log/sea.smc.stats.typeoff.stderr.log
32,smc_typeoff,Target/zfp/src/template/codecf.c,30,30,Possible read of undefined value at,"%78 = shufflevector <8 x i32> %62, <8 x i32> undef, <4 x i32> <i32 2, i32 undef, i32 undef, i32 undef>, !dbg !484",/home/jimi/PaperExperiment/CompilerOptimization/Result/zfp/seahorn/seahorn-O2-g/result/run_20260320_121720_fixed_fullscan/log/sea.smc.stats.typeoff.stderr.log
33,smc_typeoff,Target/zfp/src/template/codecf.c,30,30,Possible read of undefined value at,"%79 = shufflevector <2 x i32> %33, <2 x i32> poison, <4 x i32> <i32 0, i32 1, i32 undef, i32 undef>, !dbg !484",/home/jimi/PaperExperiment/CompilerOptimization/Result/zfp/seahorn/seahorn-O2-g/result/run_20260320_121720_fixed_fullscan/log/sea.smc.stats.typeoff.stderr.log
34,smc_typeoff,Target/zfp/src/template/codecf.c,30,30,Possible read of undefined value at,"%87 = shufflevector <8 x i32> %62, <8 x i32> undef, <4 x i32> <i32 4, i32 undef, i32 undef, i32 undef>, !dbg !484",/home/jimi/PaperExperiment/CompilerOptimization/Result/zfp/seahorn/seahorn-O2-g/result/run_20260320_121720_fixed_fullscan/log/sea.smc.stats.typeoff.stderr.log
35,smc_typeoff,Target/zfp/src/template/codecf.c,30,30,Possible read of undefined value at,"%88 = shufflevector <2 x i32> %41, <2 x i32> poison, <4 x i32> <i32 0, i32 1, i32 undef, i32 undef>, !dbg !484",/home/jimi/PaperExperiment/CompilerOptimization/Result/zfp/seahorn/seahorn-O2-g/result/run_20260320_121720_fixed_fullscan/log/sea.smc.stats.typeoff.stderr.log
36,smc_typeoff,Target/zfp/src/template/codecf.c,30,30,Possible read of undefined value at,"%96 = shufflevector <8 x i32> %62, <8 x i32> undef, <4 x i32> <i32 6, i32 undef, i32 undef, i32 undef>, !dbg !484",/home/jimi/PaperExperiment/CompilerOptimization/Result/zfp/seahorn/seahorn-O2-g/result/run_20260320_121720_fixed_fullscan/log/sea.smc.stats.typeoff.stderr.log
37,smc_typeoff,Target/zfp/src/template/codecf.c,30,30,Possible read of undefined value at,"%97 = shufflevector <2 x i32> %49, <2 x i32> poison, <4 x i32> <i32 0, i32 1, i32 undef, i32 undef>, !dbg !484",/home/jimi/PaperExperiment/CompilerOptimization/Result/zfp/seahorn/seahorn-O2-g/result/run_20260320_121720_fixed_fullscan/log/sea.smc.stats.typeoff.stderr.log
38,smc_typeoff,Target/zfp/src/template/revencodef.c,37,11,Possible read of undefined value at,"%202 = insertelement <8 x i32> poison, i32 %165, i64 0, !dbg !599",/home/jimi/PaperExperiment/CompilerOptimization/Result/zfp/seahorn/seahorn-O2-g/result/run_20260320_121720_fixed_fullscan/log/sea.smc.stats.typeoff.stderr.log
39,smc_typeoff,Target/zfp/src/template/revencodef.c,37,11,Possible read of undefined value at,"%203 = shufflevector <2 x i32> %171, <2 x i32> poison, <8 x i32> <i32 0, i32 1, i32 undef, i32 undef, i32 undef, i32 undef, i32 undef, i32 undef>, !dbg !599",/home/jimi/PaperExperiment/CompilerOptimization/Result/zfp/seahorn/seahorn-O2-g/result/run_20260320_121720_fixed_fullscan/log/sea.smc.stats.typeoff.stderr.log
40,smc_typeoff,Target/zfp/src/template/revencodef.c,37,11,Possible read of undefined value at,"%205 = shufflevector <2 x i32> %177, <2 x i32> poison, <8 x i32> <i32 0, i32 1, i32 undef, i32 undef, i32 undef, i32 undef, i32 undef, i32 undef>, !dbg !599",/home/jimi/PaperExperiment/CompilerOptimization/Result/zfp/seahorn/seahorn-O2-g/result/run_20260320_121720_fixed_fullscan/log/sea.smc.stats.typeoff.stderr.log
41,smc_typeoff,Target/zfp/src/template/revencodef.c,37,11,Possible read of undefined value at,"%207 = shufflevector <2 x i32> %183, <2 x i32> poison, <8 x i32> <i32 0, i32 1, i32 undef, i32 undef, i32 undef, i32 undef, i32 undef, i32 undef>, !dbg !599",/home/jimi/PaperExperiment/CompilerOptimization/Result/zfp/seahorn/seahorn-O2-g/result/run_20260320_121720_fixed_fullscan/log/sea.smc.stats.typeoff.stderr.log
42,smc_typeoff,Target/zfp/src/template/revencode.c,25,21,Possible read of undefined value at,"%267 = shufflevector <8 x i32> %241, <8 x i32> undef, <2 x i32> <i32 4, i32 2>, !dbg !673",/home/jimi/PaperExperiment/CompilerOptimization/Result/zfp/seahorn/seahorn-O2-g/result/run_20260320_121720_fixed_fullscan/log/sea.smc.stats.typeoff.stderr.log
43,smc_typeoff,Target/zfp/src/template/revencode.c,27,5,Possible read of undefined value at,"%272 = shufflevector <8 x i32> %241, <8 x i32> undef, <2 x i32> <i32 5, i32 3>, !dbg !676",/home/jimi/PaperExperiment/CompilerOptimization/Result/zfp/seahorn/seahorn-O2-g/result/run_20260320_121720_fixed_fullscan/log/sea.smc.stats.typeoff.stderr.log
44,smc_typeoff,Target/zfp/src/template/revencode.c,25,13,Possible read of undefined value at,"%280 = shufflevector <8 x i32> %241, <8 x i32> undef, <2 x i32> <i32 2, i32 0>, !dbg !681",/home/jimi/PaperExperiment/CompilerOptimization/Result/zfp/seahorn/seahorn-O2-g/result/run_20260320_121720_fixed_fullscan/log/sea.smc.stats.typeoff.stderr.log
45,smc_typeoff,Target/zfp/src/template/revencode.c,25,13,Possible read of undefined value at,"%296 = insertelement <2 x i32> poison, i32 %295, i64 0, !dbg !681",/home/jimi/PaperExperiment/CompilerOptimization/Result/zfp/seahorn/seahorn-O2-g/result/run_20260320_121720_fixed_fullscan/log/sea.smc.stats.typeoff.stderr.log
46,smc_typeoff,Target/zfp/src/template/encode.c,78,19,Possible read of undefined value at,"%459 = insertelement <4 x i32> poison, i32 %423, i64 0, !dbg !667",/home/jimi/PaperExperiment/CompilerOptimization/Result/zfp/seahorn/seahorn-O2-g/result/run_20260320_121720_fixed_fullscan/log/sea.smc.stats.typeoff.stderr.log
47,smc_typeoff,Target/zfp/src/template/codecf.c,30,28,Possible read of undefined value at,"%196 = insertelement <4 x float> poison, float %191, i64 0, !dbg !574",/home/jimi/PaperExperiment/CompilerOptimization/Result/zfp/seahorn/seahorn-O2-g/result/run_20260320_121720_fixed_fullscan/log/sea.smc.stats.typeoff.stderr.log
48,smc_typeoff,Target/zfp/src/template/codecf.c,30,28,Possible read of undefined value at,"%197 = shufflevector <4 x float> %196, <4 x float> poison, <4 x i32> zeroinitializer, !dbg !574",/home/jimi/PaperExperiment/CompilerOptimization/Result/zfp/seahorn/seahorn-O2-g/result/run_20260320_121720_fixed_fullscan/log/sea.smc.stats.typeoff.stderr.log
49,smc_typeoff,Target/zfp/src/template/decode.c,37,13,Possible read of undefined value at,"%455 = insertelement <4 x i32> poison, i32 %414, i64 0, !dbg !834",/home/jimi/PaperExperiment/CompilerOptimization/Result/zfp/seahorn/seahorn-O2-g/result/run_20260320_121720_fixed_fullscan/log/sea.smc.stats.typeoff.stderr.log
50,smc_typeoff,Target/zfp/src/template/decode.c,37,13,Possible read of undefined value at,"%459 = insertelement <4 x i32> poison, i32 %438, i64 0, !dbg !834",/home/jimi/PaperExperiment/CompilerOptimization/Result/zfp/seahorn/seahorn-O2-g/result/run_20260320_121720_fixed_fullscan/log/sea.smc.stats.typeoff.stderr.log
51,smc_typeoff,Target/zfp/src/template/decode.c,37,13,Possible read of undefined value at,"%474 = insertelement <4 x i32> poison, i32 %411, i64 0, !dbg !834",/home/jimi/PaperExperiment/CompilerOptimization/Result/zfp/seahorn/seahorn-O2-g/result/run_20260320_121720_fixed_fullscan/log/sea.smc.stats.typeoff.stderr.log
52,smc_typeoff,Target/zfp/src/template/decode.c,37,13,Possible read of undefined value at,"%478 = insertelement <4 x i32> poison, i32 %435, i64 0, !dbg !834",/home/jimi/PaperExperiment/CompilerOptimization/Result/zfp/seahorn/seahorn-O2-g/result/run_20260320_121720_fixed_fullscan/log/sea.smc.stats.typeoff.stderr.log
53,smc_typeoff,Target/zfp/src/template/decode.c,37,13,Possible read of undefined value at,"%493 = insertelement <4 x i32> poison, i32 %412, i64 0, !dbg !834",/home/jimi/PaperExperiment/CompilerOptimization/Result/zfp/seahorn/seahorn-O2-g/result/run_20260320_121720_fixed_fullscan/log/sea.smc.stats.typeoff.stderr.log
54,smc_typeoff,Target/zfp/src/template/decode.c,37,13,Possible read of undefined value at,"%497 = insertelement <4 x i32> poison, i32 %436, i64 0, !dbg !834",/home/jimi/PaperExperiment/CompilerOptimization/Result/zfp/seahorn/seahorn-O2-g/result/run_20260320_121720_fixed_fullscan/log/sea.smc.stats.typeoff.stderr.log
55,smc_typeoff,Target/zfp/src/template/decode.c,37,13,Possible read of undefined value at,"%512 = insertelement <4 x i32> poison, i32 %413, i64 0, !dbg !834",/home/jimi/PaperExperiment/CompilerOptimization/Result/zfp/seahorn/seahorn-O2-g/result/run_20260320_121720_fixed_fullscan/log/sea.smc.stats.typeoff.stderr.log
56,smc_typeoff,Target/zfp/src/template/decode.c,37,13,Possible read of undefined value at,"%516 = insertelement <4 x i32> poison, i32 %437, i64 0, !dbg !834",/home/jimi/PaperExperiment/CompilerOptimization/Result/zfp/seahorn/seahorn-O2-g/result/run_20260320_121720_fixed_fullscan/log/sea.smc.stats.typeoff.stderr.log
57,smc_typeoff,Target/zfp/src/template/codecf.c,30,28,Possible read of undefined value at,"%531 = insertelement <4 x float> poison, float %529, i64 0, !dbg !844",/home/jimi/PaperExperiment/CompilerOptimization/Result/zfp/seahorn/seahorn-O2-g/result/run_20260320_121720_fixed_fullscan/log/sea.smc.stats.typeoff.stderr.log
58,smc_typeoff,Target/zfp/src/template/codecf.c,30,28,Possible read of undefined value at,"%532 = shufflevector <4 x float> %531, <4 x float> poison, <4 x i32> zeroinitializer, !dbg !844",/home/jimi/PaperExperiment/CompilerOptimization/Result/zfp/seahorn/seahorn-O2-g/result/run_20260320_121720_fixed_fullscan/log/sea.smc.stats.typeoff.stderr.log
59,smc_typeoff,Target/zfp/src/template/codecf.c,30,28,Possible read of undefined value at,"%196 = insertelement <2 x double> poison, double %191, i64 0, !dbg !573",/home/jimi/PaperExperiment/CompilerOptimization/Result/zfp/seahorn/seahorn-O2-g/result/run_20260320_121720_fixed_fullscan/log/sea.smc.stats.typeoff.stderr.log
60,smc_typeoff,Target/zfp/src/template/codecf.c,30,28,Possible read of undefined value at,"%197 = shufflevector <2 x double> %196, <2 x double> poison, <2 x i32> zeroinitializer, !dbg !573",/home/jimi/PaperExperiment/CompilerOptimization/Result/zfp/seahorn/seahorn-O2-g/result/run_20260320_121720_fixed_fullscan/log/sea.smc.stats.typeoff.stderr.log
61,smc_typeoff,Target/zfp/src/template/encodef.c,56,3,Possible read of undefined value at,"%51 = insertelement <4 x float> poison, float %50, i64 0, !dbg !470",/home/jimi/PaperExperiment/CompilerOptimization/Result/zfp/seahorn/seahorn-O2-g/result/run_20260320_121720_fixed_fullscan/log/sea.smc.stats.typeoff.stderr.log
62,smc_typeoff,Target/zfp/src/template/encodef.c,56,3,Possible read of undefined value at,"%52 = shufflevector <4 x float> %51, <4 x float> poison, <4 x i32> zeroinitializer, !dbg !470",/home/jimi/PaperExperiment/CompilerOptimization/Result/zfp/seahorn/seahorn-O2-g/result/run_20260320_121720_fixed_fullscan/log/sea.smc.stats.typeoff.stderr.log
63,smc_typeoff,Target/zfp/src/template/codecf.c,29,3,Possible read of undefined value at,"%166 = insertelement <4 x float> poison, float %165, i64 0, !dbg !522",/home/jimi/PaperExperiment/CompilerOptimization/Result/zfp/seahorn/seahorn-O2-g/result/run_20260320_121720_fixed_fullscan/log/sea.smc.stats.typeoff.stderr.log
64,smc_typeoff,Target/zfp/src/template/codecf.c,29,3,Possible read of undefined value at,"%167 = shufflevector <4 x float> %166, <4 x float> poison, <4 x i32> zeroinitializer, !dbg !522",/home/jimi/PaperExperiment/CompilerOptimization/Result/zfp/seahorn/seahorn-O2-g/result/run_20260320_121720_fixed_fullscan/log/sea.smc.stats.typeoff.stderr.log
65,smc_typeoff,Target/zfp/src/template/encodef.c,56,3,Possible read of undefined value at,"%991 = insertelement <4 x float> poison, float %990, i64 0, !dbg !1039",/home/jimi/PaperExperiment/CompilerOptimization/Result/zfp/seahorn/seahorn-O2-g/result/run_20260320_121720_fixed_fullscan/log/sea.smc.stats.typeoff.stderr.log
66,smc_typeoff,Target/zfp/src/template/encodef.c,56,3,Possible read of undefined value at,"%992 = shufflevector <4 x float> %991, <4 x float> poison, <4 x i32> zeroinitializer, !dbg !1039",/home/jimi/PaperExperiment/CompilerOptimization/Result/zfp/seahorn/seahorn-O2-g/result/run_20260320_121720_fixed_fullscan/log/sea.smc.stats.typeoff.stderr.log
67,smc_typeoff,Target/zfp/src/template/encode.c,106,5,Possible read of undefined value at,"%31 = insertelement <2 x i32> poison, i32 %28, i64 0, !dbg !424",/home/jimi/PaperExperiment/CompilerOptimization/Result/zfp/seahorn/seahorn-O2-g/result/run_20260320_121720_fixed_fullscan/log/sea.smc.stats.typeoff.stderr.log
68,smc_typeoff,Target/zfp/src/template/encode.c,106,5,Possible read of undefined value at,"%32 = shufflevector <2 x i32> %31, <2 x i32> poison, <2 x i32> zeroinitializer, !dbg !424",/home/jimi/PaperExperiment/CompilerOptimization/Result/zfp/seahorn/seahorn-O2-g/result/run_20260320_121720_fixed_fullscan/log/sea.smc.stats.typeoff.stderr.log
69,smc_typeoff,Target/zfp/src/template/encode.c,193,5,Possible read of undefined value at,"%181 = insertelement <2 x i32> poison, i32 %176, i64 0, !dbg !599",/home/jimi/PaperExperiment/CompilerOptimization/Result/zfp/seahorn/seahorn-O2-g/result/run_20260320_121720_fixed_fullscan/log/sea.smc.stats.typeoff.stderr.log
70,smc_typeoff,Target/zfp/src/template/encode.c,193,5,Possible read of undefined value at,"%182 = shufflevector <2 x i32> %181, <2 x i32> poison, <2 x i32> zeroinitializer, !dbg !599",/home/jimi/PaperExperiment/CompilerOptimization/Result/zfp/seahorn/seahorn-O2-g/result/run_20260320_121720_fixed_fullscan/log/sea.smc.stats.typeoff.stderr.log
71,smc_typeoff,Target/zfp/src/template/codecf.c,29,3,Possible read of undefined value at,"%84 = insertelement <2 x double> poison, double %83, i64 0, !dbg !534",/home/jimi/PaperExperiment/CompilerOptimization/Result/zfp/seahorn/seahorn-O2-g/result/run_20260320_121720_fixed_fullscan/log/sea.smc.stats.typeoff.stderr.log
72,smc_typeoff,Target/zfp/src/template/codecf.c,29,3,Possible read of undefined value at,"%85 = shufflevector <2 x double> %84, <2 x double> poison, <2 x i32> zeroinitializer, !dbg !534",/home/jimi/PaperExperiment/CompilerOptimization/Result/zfp/seahorn/seahorn-O2-g/result/run_20260320_121720_fixed_fullscan/log/sea.smc.stats.typeoff.stderr.log
73,smc_typeoff,Target/zfp/src/template/encode.c,106,5,Possible read of undefined value at,"%34 = insertelement <2 x i64> poison, i64 %33, i64 0, !dbg !424",/home/jimi/PaperExperiment/CompilerOptimization/Result/zfp/seahorn/seahorn-O2-g/result/run_20260320_121720_fixed_fullscan/log/sea.smc.stats.typeoff.stderr.log
74,smc_typeoff,Target/zfp/src/template/encode.c,106,5,Possible read of undefined value at,"%35 = shufflevector <2 x i64> %34, <2 x i64> poison, <2 x i32> zeroinitializer, !dbg !424",/home/jimi/PaperExperiment/CompilerOptimization/Result/zfp/seahorn/seahorn-O2-g/result/run_20260320_121720_fixed_fullscan/log/sea.smc.stats.typeoff.stderr.log
75,smc_typeoff,Target/zfp/src/template/encode.c,193,5,Possible read of undefined value at,"%184 = insertelement <2 x i64> poison, i64 %179, i64 0, !dbg !596",/home/jimi/PaperExperiment/CompilerOptimization/Result/zfp/seahorn/seahorn-O2-g/result/run_20260320_121720_fixed_fullscan/log/sea.smc.stats.typeoff.stderr.log
76,smc_typeoff,Target/zfp/src/template/encode.c,193,5,Possible read of undefined value at,"%185 = shufflevector <2 x i64> %184, <2 x i64> poison, <2 x i32> zeroinitializer, !dbg !596",/home/jimi/PaperExperiment/CompilerOptimization/Result/zfp/seahorn/seahorn-O2-g/result/run_20260320_121720_fixed_fullscan/log/sea.smc.stats.typeoff.stderr.log
77,smc_typeoff,Target/zfp/src/template/encode.c,106,5,Possible read of undefined value at,"%31 = insertelement <2 x i32> poison, i32 %28, i64 0, !dbg !424",/home/jimi/PaperExperiment/CompilerOptimization/Result/zfp/seahorn/seahorn-O2-g/result/run_20260320_121720_fixed_fullscan/log/sea.smc.stats.typeoff.stderr.log
78,smc_typeoff,Target/zfp/src/template/encode.c,106,5,Possible read of undefined value at,"%32 = shufflevector <2 x i32> %31, <2 x i32> poison, <2 x i32> zeroinitializer, !dbg !424",/home/jimi/PaperExperiment/CompilerOptimization/Result/zfp/seahorn/seahorn-O2-g/result/run_20260320_121720_fixed_fullscan/log/sea.smc.stats.typeoff.stderr.log
79,smc_typeoff,Target/zfp/src/template/encode.c,193,5,Possible read of undefined value at,"%181 = insertelement <2 x i32> poison, i32 %176, i64 0, !dbg !599",/home/jimi/PaperExperiment/CompilerOptimization/Result/zfp/seahorn/seahorn-O2-g/result/run_20260320_121720_fixed_fullscan/log/sea.smc.stats.typeoff.stderr.log
80,smc_typeoff,Target/zfp/src/template/encode.c,193,5,Possible read of undefined value at,"%182 = shufflevector <2 x i32> %181, <2 x i32> poison, <2 x i32> zeroinitializer, !dbg !599",/home/jimi/PaperExperiment/CompilerOptimization/Result/zfp/seahorn/seahorn-O2-g/result/run_20260320_121720_fixed_fullscan/log/sea.smc.stats.typeoff.stderr.log
81,smc_typeoff,Target/zfp/src/template/encode.c,106,5,Possible read of undefined value at,"%34 = insertelement <2 x i64> poison, i64 %33, i64 0, !dbg !424",/home/jimi/PaperExperiment/CompilerOptimization/Result/zfp/seahorn/seahorn-O2-g/result/run_20260320_121720_fixed_fullscan/log/sea.smc.stats.typeoff.stderr.log
82,smc_typeoff,Target/zfp/src/template/encode.c,106,5,Possible read of undefined value at,"%35 = shufflevector <2 x i64> %34, <2 x i64> poison, <2 x i32> zeroinitializer, !dbg !424",/home/jimi/PaperExperiment/CompilerOptimization/Result/zfp/seahorn/seahorn-O2-g/result/run_20260320_121720_fixed_fullscan/log/sea.smc.stats.typeoff.stderr.log
83,smc_typeoff,Target/zfp/src/template/encode.c,193,5,Possible read of undefined value at,"%184 = insertelement <2 x i64> poison, i64 %179, i64 0, !dbg !596",/home/jimi/PaperExperiment/CompilerOptimization/Result/zfp/seahorn/seahorn-O2-g/result/run_20260320_121720_fixed_fullscan/log/sea.smc.stats.typeoff.stderr.log
84,smc_typeoff,Target/zfp/src/template/encode.c,193,5,Possible read of undefined value at,"%185 = shufflevector <2 x i64> %184, <2 x i64> poison, <2 x i32> zeroinitializer, !dbg !596",/home/jimi/PaperExperiment/CompilerOptimization/Result/zfp/seahorn/seahorn-O2-g/result/run_20260320_121720_fixed_fullscan/log/sea.smc.stats.typeoff.stderr.log
85,smc_typeoff,Target/zfp/src/template/codecf.c,29,3,Possible read of undefined value at,"%134 = insertelement <4 x float> poison, float %133, i64 0, !dbg !572",/home/jimi/PaperExperiment/CompilerOptimization/Result/zfp/seahorn/seahorn-O2-g/result/run_20260320_121720_fixed_fullscan/log/sea.smc.stats.typeoff.stderr.log
86,smc_typeoff,Target/zfp/src/template/codecf.c,29,3,Possible read of undefined value at,"%135 = shufflevector <4 x float> %134, <4 x float> poison, <4 x i32> zeroinitializer, !dbg !572",/home/jimi/PaperExperiment/CompilerOptimization/Result/zfp/seahorn/seahorn-O2-g/result/run_20260320_121720_fixed_fullscan/log/sea.smc.stats.typeoff.stderr.log
87,smc_typeoff,Target/zfp/src/template/codecf.c,29,3,Possible read of undefined value at,"%703 = insertelement <4 x float> poison, float %702, i64 0, !dbg !945",/home/jimi/PaperExperiment/CompilerOptimization/Result/zfp/seahorn/seahorn-O2-g/result/run_20260320_121720_fixed_fullscan/log/sea.smc.stats.typeoff.stderr.log
88,smc_typeoff,Target/zfp/src/template/codecf.c,29,3,Possible read of undefined value at,"%704 = shufflevector <4 x float> %703, <4 x float> poison, <4 x i32> zeroinitializer, !dbg !945",/home/jimi/PaperExperiment/CompilerOptimization/Result/zfp/seahorn/seahorn-O2-g/result/run_20260320_121720_fixed_fullscan/log/sea.smc.stats.typeoff.stderr.log
89,smc_typeoff,Target/zfp/src/template/codecf.c,29,3,Possible read of undefined value at,"%116 = insertelement <2 x double> poison, double %115, i64 0, !dbg !576",/home/jimi/PaperExperiment/CompilerOptimization/Result/zfp/seahorn/seahorn-O2-g/result/run_20260320_121720_fixed_fullscan/log/sea.smc.stats.typeoff.stderr.log
90,smc_typeoff,Target/zfp/src/template/codecf.c,29,3,Possible read of undefined value at,"%117 = shufflevector <2 x double> %116, <2 x double> poison, <2 x i32> zeroinitializer, !dbg !576",/home/jimi/PaperExperiment/CompilerOptimization/Result/zfp/seahorn/seahorn-O2-g/result/run_20260320_121720_fixed_fullscan/log/sea.smc.stats.typeoff.stderr.log
91,smc_typeoff,Target/zfp/src/template/codecf.c,29,3,Possible read of undefined value at,"%610 = insertelement <2 x double> poison, double %609, i64 0, !dbg !952",/home/jimi/PaperExperiment/CompilerOptimization/Result/zfp/seahorn/seahorn-O2-g/result/run_20260320_121720_fixed_fullscan/log/sea.smc.stats.typeoff.stderr.log
92,smc_typeoff,Target/zfp/src/template/codecf.c,29,3,Possible read of undefined value at,"%611 = shufflevector <2 x double> %610, <2 x double> poison, <2 x i32> zeroinitializer, !dbg !952",/home/jimi/PaperExperiment/CompilerOptimization/Result/zfp/seahorn/seahorn-O2-g/result/run_20260320_121720_fixed_fullscan/log/sea.smc.stats.typeoff.stderr.log
93,smc_typeoff,Target/zfp/src/template/encodef.c,56,3,Possible read of undefined value at,"%51 = insertelement <4 x float> poison, float %50, i64 0, !dbg !470",/home/jimi/PaperExperiment/CompilerOptimization/Result/zfp/seahorn/seahorn-O2-g/result/run_20260320_121720_fixed_fullscan/log/sea.smc.stats.typeoff.stderr.log
94,smc_typeoff,Target/zfp/src/template/encodef.c,56,3,Possible read of undefined value at,"%52 = shufflevector <4 x float> %51, <4 x float> poison, <4 x i32> zeroinitializer, !dbg !470",/home/jimi/PaperExperiment/CompilerOptimization/Result/zfp/seahorn/seahorn-O2-g/result/run_20260320_121720_fixed_fullscan/log/sea.smc.stats.typeoff.stderr.log
95,smc_typeoff,Target/zfp/src/template/encodef.c,56,3,Possible read of undefined value at,"%53 = insertelement <4 x float> poison, float %50, i64 0, !dbg !470",/home/jimi/PaperExperiment/CompilerOptimization/Result/zfp/seahorn/seahorn-O2-g/result/run_20260320_121720_fixed_fullscan/log/sea.smc.stats.typeoff.stderr.log
96,smc_typeoff,Target/zfp/src/template/encodef.c,56,3,Possible read of undefined value at,"%54 = shufflevector <4 x float> %53, <4 x float> poison, <4 x i32> zeroinitializer, !dbg !470",/home/jimi/PaperExperiment/CompilerOptimization/Result/zfp/seahorn/seahorn-O2-g/result/run_20260320_121720_fixed_fullscan/log/sea.smc.stats.typeoff.stderr.log
97,smc_typeoff,Target/zfp/src/template/codecf.c,29,3,Possible read of undefined value at,"%94 = insertelement <4 x float> poison, float %93, i64 0, !dbg !528",/home/jimi/PaperExperiment/CompilerOptimization/Result/zfp/seahorn/seahorn-O2-g/result/run_20260320_121720_fixed_fullscan/log/sea.smc.stats.typeoff.stderr.log
98,smc_typeoff,Target/zfp/src/template/codecf.c,29,3,Possible read of undefined value at,"%95 = shufflevector <4 x float> %94, <4 x float> poison, <4 x i32> zeroinitializer, !dbg !528",/home/jimi/PaperExperiment/CompilerOptimization/Result/zfp/seahorn/seahorn-O2-g/result/run_20260320_121720_fixed_fullscan/log/sea.smc.stats.typeoff.stderr.log
99,smc_typeoff,Target/zfp/src/template/codecf.c,29,3,Possible read of undefined value at,"%96 = insertelement <4 x float> poison, float %93, i64 0, !dbg !528",/home/jimi/PaperExperiment/CompilerOptimization/Result/zfp/seahorn/seahorn-O2-g/result/run_20260320_121720_fixed_fullscan/log/sea.smc.stats.typeoff.stderr.log
100,smc_typeoff,Target/zfp/src/template/codecf.c,29,3,Possible read of undefined value at,"%97 = shufflevector <4 x float> %96, <4 x float> poison, <4 x i32> zeroinitializer, !dbg !528",/home/jimi/PaperExperiment/CompilerOptimization/Result/zfp/seahorn/seahorn-O2-g/result/run_20260320_121720_fixed_fullscan/log/sea.smc.stats.typeoff.stderr.log
101,smc_typeoff,Target/zfp/src/template/encodef.c,56,3,Possible read of undefined value at,"%993 = insertelement <4 x float> poison, float %992, i64 0, !dbg !1107",/home/jimi/PaperExperiment/CompilerOptimization/Result/zfp/seahorn/seahorn-O2-g/result/run_20260320_121720_fixed_fullscan/log/sea.smc.stats.typeoff.stderr.log
102,smc_typeoff,Target/zfp/src/template/encodef.c,56,3,Possible read of undefined value at,"%994 = shufflevector <4 x float> %993, <4 x float> poison, <4 x i32> zeroinitializer, !dbg !1107",/home/jimi/PaperExperiment/CompilerOptimization/Result/zfp/seahorn/seahorn-O2-g/result/run_20260320_121720_fixed_fullscan/log/sea.smc.stats.typeoff.stderr.log
103,smc_typeoff,Target/zfp/src/template/encodef.c,56,3,Possible read of undefined value at,"%995 = insertelement <4 x float> poison, float %992, i64 0, !dbg !1107",/home/jimi/PaperExperiment/CompilerOptimization/Result/zfp/seahorn/seahorn-O2-g/result/run_20260320_121720_fixed_fullscan/log/sea.smc.stats.typeoff.stderr.log
104,smc_typeoff,Target/zfp/src/template/encodef.c,56,3,Possible read of undefined value at,"%996 = shufflevector <4 x float> %995, <4 x float> poison, <4 x i32> zeroinitializer, !dbg !1107",/home/jimi/PaperExperiment/CompilerOptimization/Result/zfp/seahorn/seahorn-O2-g/result/run_20260320_121720_fixed_fullscan/log/sea.smc.stats.typeoff.stderr.log
105,smc_typeoff,Target/zfp/src/template/encode.c,154,5,Possible read of undefined value at,"%79 = insertelement <4 x i32> poison, i32 %28, i64 0, !dbg !468",/home/jimi/PaperExperiment/CompilerOptimization/Result/zfp/seahorn/seahorn-O2-g/result/run_20260320_121720_fixed_fullscan/log/sea.smc.stats.typeoff.stderr.log
106,smc_typeoff,Target/zfp/src/template/encode.c,154,5,Possible read of undefined value at,"%80 = shufflevector <4 x i32> %79, <4 x i32> poison, <4 x i32> zeroinitializer, !dbg !468",/home/jimi/PaperExperiment/CompilerOptimization/Result/zfp/seahorn/seahorn-O2-g/result/run_20260320_121720_fixed_fullscan/log/sea.smc.stats.typeoff.stderr.log
107,smc_typeoff,Target/zfp/src/template/encode.c,154,5,Possible read of undefined value at,"%81 = insertelement <4 x i32> poison, i32 %28, i64 0, !dbg !468",/home/jimi/PaperExperiment/CompilerOptimization/Result/zfp/seahorn/seahorn-O2-g/result/run_20260320_121720_fixed_fullscan/log/sea.smc.stats.typeoff.stderr.log
108,smc_typeoff,Target/zfp/src/template/encode.c,154,5,Possible read of undefined value at,"%82 = shufflevector <4 x i32> %81, <4 x i32> poison, <4 x i32> zeroinitializer, !dbg !468",/home/jimi/PaperExperiment/CompilerOptimization/Result/zfp/seahorn/seahorn-O2-g/result/run_20260320_121720_fixed_fullscan/log/sea.smc.stats.typeoff.stderr.log
109,smc_typeoff,Target/zfp/src/template/encode.c,225,5,Possible read of undefined value at,"%351 = insertelement <4 x i32> poison, i32 %301, i64 0, !dbg !618",/home/jimi/PaperExperiment/CompilerOptimization/Result/zfp/seahorn/seahorn-O2-g/result/run_20260320_121720_fixed_fullscan/log/sea.smc.stats.typeoff.stderr.log
110,smc_typeoff,Target/zfp/src/template/encode.c,225,5,Possible read of undefined value at,"%352 = shufflevector <4 x i32> %351, <4 x i32> poison, <4 x i32> zeroinitializer, !dbg !618",/home/jimi/PaperExperiment/CompilerOptimization/Result/zfp/seahorn/seahorn-O2-g/result/run_20260320_121720_fixed_fullscan/log/sea.smc.stats.typeoff.stderr.log
111,smc_typeoff,Target/zfp/src/template/encode.c,225,5,Possible read of undefined value at,"%353 = insertelement <4 x i32> poison, i32 %301, i64 0, !dbg !618",/home/jimi/PaperExperiment/CompilerOptimization/Result/zfp/seahorn/seahorn-O2-g/result/run_20260320_121720_fixed_fullscan/log/sea.smc.stats.typeoff.stderr.log
112,smc_typeoff,Target/zfp/src/template/encode.c,225,5,Possible read of undefined value at,"%354 = shufflevector <4 x i32> %353, <4 x i32> poison, <4 x i32> zeroinitializer, !dbg !618",/home/jimi/PaperExperiment/CompilerOptimization/Result/zfp/seahorn/seahorn-O2-g/result/run_20260320_121720_fixed_fullscan/log/sea.smc.stats.typeoff.stderr.log
113,smc_typeoff,Target/zfp/src/template/codecf.c,29,3,Possible read of undefined value at,"%84 = insertelement <2 x double> poison, double %83, i64 0, !dbg !534",/home/jimi/PaperExperiment/CompilerOptimization/Result/zfp/seahorn/seahorn-O2-g/result/run_20260320_121720_fixed_fullscan/log/sea.smc.stats.typeoff.stderr.log
114,smc_typeoff,Target/zfp/src/template/codecf.c,29,3,Possible read of undefined value at,"%85 = shufflevector <2 x double> %84, <2 x double> poison, <2 x i32> zeroinitializer, !dbg !534",/home/jimi/PaperExperiment/CompilerOptimization/Result/zfp/seahorn/seahorn-O2-g/result/run_20260320_121720_fixed_fullscan/log/sea.smc.stats.typeoff.stderr.log
115,smc_typeoff,Target/zfp/src/template/codecf.c,29,3,Possible read of undefined value at,"%86 = insertelement <2 x double> poison, double %83, i64 0, !dbg !534",/home/jimi/PaperExperiment/CompilerOptimization/Result/zfp/seahorn/seahorn-O2-g/result/run_20260320_121720_fixed_fullscan/log/sea.smc.stats.typeoff.stderr.log
116,smc_typeoff,Target/zfp/src/template/codecf.c,29,3,Possible read of undefined value at,"%87 = shufflevector <2 x double> %86, <2 x double> poison, <2 x i32> zeroinitializer, !dbg !534",/home/jimi/PaperExperiment/CompilerOptimization/Result/zfp/seahorn/seahorn-O2-g/result/run_20260320_121720_fixed_fullscan/log/sea.smc.stats.typeoff.stderr.log
117,smc_typeoff,Target/zfp/src/template/encode.c,154,5,Possible read of undefined value at,"%81 = insertelement <2 x i64> poison, i64 %37, i64 0, !dbg !465",/home/jimi/PaperExperiment/CompilerOptimization/Result/zfp/seahorn/seahorn-O2-g/result/run_20260320_121720_fixed_fullscan/log/sea.smc.stats.typeoff.stderr.log
118,smc_typeoff,Target/zfp/src/template/encode.c,154,5,Possible read of undefined value at,"%82 = shufflevector <2 x i64> %81, <2 x i64> poison, <2 x i32> zeroinitializer, !dbg !465",/home/jimi/PaperExperiment/CompilerOptimization/Result/zfp/seahorn/seahorn-O2-g/result/run_20260320_121720_fixed_fullscan/log/sea.smc.stats.typeoff.stderr.log
119,smc_typeoff,Target/zfp/src/template/encode.c,154,5,Possible read of undefined value at,"%83 = insertelement <2 x i64> poison, i64 %37, i64 0, !dbg !465",/home/jimi/PaperExperiment/CompilerOptimization/Result/zfp/seahorn/seahorn-O2-g/result/run_20260320_121720_fixed_fullscan/log/sea.smc.stats.typeoff.stderr.log
120,smc_typeoff,Target/zfp/src/template/encode.c,154,5,Possible read of undefined value at,"%84 = shufflevector <2 x i64> %83, <2 x i64> poison, <2 x i32> zeroinitializer, !dbg !465",/home/jimi/PaperExperiment/CompilerOptimization/Result/zfp/seahorn/seahorn-O2-g/result/run_20260320_121720_fixed_fullscan/log/sea.smc.stats.typeoff.stderr.log
121,smc_typeoff,Target/zfp/src/template/encode.c,225,5,Possible read of undefined value at,"%362 = insertelement <2 x i64> poison, i64 %313, i64 0, !dbg !613",/home/jimi/PaperExperiment/CompilerOptimization/Result/zfp/seahorn/seahorn-O2-g/result/run_20260320_121720_fixed_fullscan/log/sea.smc.stats.typeoff.stderr.log
122,smc_typeoff,Target/zfp/src/template/encode.c,225,5,Possible read of undefined value at,"%363 = shufflevector <2 x i64> %362, <2 x i64> poison, <2 x i32> zeroinitializer, !dbg !613",/home/jimi/PaperExperiment/CompilerOptimization/Result/zfp/seahorn/seahorn-O2-g/result/run_20260320_121720_fixed_fullscan/log/sea.smc.stats.typeoff.stderr.log
123,smc_typeoff,Target/zfp/src/template/encode.c,225,5,Possible read of undefined value at,"%364 = insertelement <2 x i64> poison, i64 %313, i64 0, !dbg !613",/home/jimi/PaperExperiment/CompilerOptimization/Result/zfp/seahorn/seahorn-O2-g/result/run_20260320_121720_fixed_fullscan/log/sea.smc.stats.typeoff.stderr.log
124,smc_typeoff,Target/zfp/src/template/encode.c,225,5,Possible read of undefined value at,"%365 = shufflevector <2 x i64> %364, <2 x i64> poison, <2 x i32> zeroinitializer, !dbg !613",/home/jimi/PaperExperiment/CompilerOptimization/Result/zfp/seahorn/seahorn-O2-g/result/run_20260320_121720_fixed_fullscan/log/sea.smc.stats.typeoff.stderr.log
125,smc_typeoff,Target/zfp/src/template/encode.c,154,5,Possible read of undefined value at,"%79 = insertelement <4 x i32> poison, i32 %28, i64 0, !dbg !468",/home/jimi/PaperExperiment/CompilerOptimization/Result/zfp/seahorn/seahorn-O2-g/result/run_20260320_121720_fixed_fullscan/log/sea.smc.stats.typeoff.stderr.log
126,smc_typeoff,Target/zfp/src/template/encode.c,154,5,Possible read of undefined value at,"%80 = shufflevector <4 x i32> %79, <4 x i32> poison, <4 x i32> zeroinitializer, !dbg !468",/home/jimi/PaperExperiment/CompilerOptimization/Result/zfp/seahorn/seahorn-O2-g/result/run_20260320_121720_fixed_fullscan/log/sea.smc.stats.typeoff.stderr.log
127,smc_typeoff,Target/zfp/src/template/encode.c,154,5,Possible read of undefined value at,"%81 = insertelement <4 x i32> poison, i32 %28, i64 0, !dbg !468",/home/jimi/PaperExperiment/CompilerOptimization/Result/zfp/seahorn/seahorn-O2-g/result/run_20260320_121720_fixed_fullscan/log/sea.smc.stats.typeoff.stderr.log
128,smc_typeoff,Target/zfp/src/template/encode.c,154,5,Possible read of undefined value at,"%82 = shufflevector <4 x i32> %81, <4 x i32> poison, <4 x i32> zeroinitializer, !dbg !468",/home/jimi/PaperExperiment/CompilerOptimization/Result/zfp/seahorn/seahorn-O2-g/result/run_20260320_121720_fixed_fullscan/log/sea.smc.stats.typeoff.stderr.log
129,smc_typeoff,Target/zfp/src/template/encode.c,225,5,Possible read of undefined value at,"%351 = insertelement <4 x i32> poison, i32 %301, i64 0, !dbg !618",/home/jimi/PaperExperiment/CompilerOptimization/Result/zfp/seahorn/seahorn-O2-g/result/run_20260320_121720_fixed_fullscan/log/sea.smc.stats.typeoff.stderr.log
130,smc_typeoff,Target/zfp/src/template/encode.c,225,5,Possible read of undefined value at,"%352 = shufflevector <4 x i32> %351, <4 x i32> poison, <4 x i32> zeroinitializer, !dbg !618",/home/jimi/PaperExperiment/CompilerOptimization/Result/zfp/seahorn/seahorn-O2-g/result/run_20260320_121720_fixed_fullscan/log/sea.smc.stats.typeoff.stderr.log
131,smc_typeoff,Target/zfp/src/template/encode.c,225,5,Possible read of undefined value at,"%353 = insertelement <4 x i32> poison, i32 %301, i64 0, !dbg !618",/home/jimi/PaperExperiment/CompilerOptimization/Result/zfp/seahorn/seahorn-O2-g/result/run_20260320_121720_fixed_fullscan/log/sea.smc.stats.typeoff.stderr.log
132,smc_typeoff,Target/zfp/src/template/encode.c,225,5,Possible read of undefined value at,"%354 = shufflevector <4 x i32> %353, <4 x i32> poison, <4 x i32> zeroinitializer, !dbg !618",/home/jimi/PaperExperiment/CompilerOptimization/Result/zfp/seahorn/seahorn-O2-g/result/run_20260320_121720_fixed_fullscan/log/sea.smc.stats.typeoff.stderr.log
133,smc_typeoff,Target/zfp/src/template/encode.c,154,5,Possible read of undefined value at,"%81 = insertelement <2 x i64> poison, i64 %37, i64 0, !dbg !465",/home/jimi/PaperExperiment/CompilerOptimization/Result/zfp/seahorn/seahorn-O2-g/result/run_20260320_121720_fixed_fullscan/log/sea.smc.stats.typeoff.stderr.log
134,smc_typeoff,Target/zfp/src/template/encode.c,154,5,Possible read of undefined value at,"%82 = shufflevector <2 x i64> %81, <2 x i64> poison, <2 x i32> zeroinitializer, !dbg !465",/home/jimi/PaperExperiment/CompilerOptimization/Result/zfp/seahorn/seahorn-O2-g/result/run_20260320_121720_fixed_fullscan/log/sea.smc.stats.typeoff.stderr.log
135,smc_typeoff,Target/zfp/src/template/encode.c,154,5,Possible read of undefined value at,"%83 = insertelement <2 x i64> poison, i64 %37, i64 0, !dbg !465",/home/jimi/PaperExperiment/CompilerOptimization/Result/zfp/seahorn/seahorn-O2-g/result/run_20260320_121720_fixed_fullscan/log/sea.smc.stats.typeoff.stderr.log
136,smc_typeoff,Target/zfp/src/template/encode.c,154,5,Possible read of undefined value at,"%84 = shufflevector <2 x i64> %83, <2 x i64> poison, <2 x i32> zeroinitializer, !dbg !465",/home/jimi/PaperExperiment/CompilerOptimization/Result/zfp/seahorn/seahorn-O2-g/result/run_20260320_121720_fixed_fullscan/log/sea.smc.stats.typeoff.stderr.log
137,smc_typeoff,Target/zfp/src/template/encode.c,225,5,Possible read of undefined value at,"%362 = insertelement <2 x i64> poison, i64 %313, i64 0, !dbg !613",/home/jimi/PaperExperiment/CompilerOptimization/Result/zfp/seahorn/seahorn-O2-g/result/run_20260320_121720_fixed_fullscan/log/sea.smc.stats.typeoff.stderr.log
138,smc_typeoff,Target/zfp/src/template/encode.c,225,5,Possible read of undefined value at,"%363 = shufflevector <2 x i64> %362, <2 x i64> poison, <2 x i32> zeroinitializer, !dbg !613",/home/jimi/PaperExperiment/CompilerOptimization/Result/zfp/seahorn/seahorn-O2-g/result/run_20260320_121720_fixed_fullscan/log/sea.smc.stats.typeoff.stderr.log
139,smc_typeoff,Target/zfp/src/template/encode.c,225,5,Possible read of undefined value at,"%364 = insertelement <2 x i64> poison, i64 %313, i64 0, !dbg !613",/home/jimi/PaperExperiment/CompilerOptimization/Result/zfp/seahorn/seahorn-O2-g/result/run_20260320_121720_fixed_fullscan/log/sea.smc.stats.typeoff.stderr.log
140,smc_typeoff,Target/zfp/src/template/encode.c,225,5,Possible read of undefined value at,"%365 = shufflevector <2 x i64> %364, <2 x i64> poison, <2 x i32> zeroinitializer, !dbg !613",/home/jimi/PaperExperiment/CompilerOptimization/Result/zfp/seahorn/seahorn-O2-g/result/run_20260320_121720_fixed_fullscan/log/sea.smc.stats.typeoff.stderr.log
141,smc_typeoff,Target/zfp/src/template/codecf.c,29,3,Possible read of undefined value at,"%166 = insertelement <4 x float> poison, float %165, i64 0, !dbg !572",/home/jimi/PaperExperiment/CompilerOptimization/Result/zfp/seahorn/seahorn-O2-g/result/run_20260320_121720_fixed_fullscan/log/sea.smc.stats.typeoff.stderr.log
142,smc_typeoff,Target/zfp/src/template/codecf.c,29,3,Possible read of undefined value at,"%167 = shufflevector <4 x float> %166, <4 x float> poison, <4 x i32> zeroinitializer, !dbg !572",/home/jimi/PaperExperiment/CompilerOptimization/Result/zfp/seahorn/seahorn-O2-g/result/run_20260320_121720_fixed_fullscan/log/sea.smc.stats.typeoff.stderr.log
143,smc_typeoff,Target/zfp/src/template/codecf.c,29,3,Possible read of undefined value at,"%168 = insertelement <4 x float> poison, float %165, i64 0, !dbg !572",/home/jimi/PaperExperiment/CompilerOptimization/Result/zfp/seahorn/seahorn-O2-g/result/run_20260320_121720_fixed_fullscan/log/sea.smc.stats.typeoff.stderr.log
144,smc_typeoff,Target/zfp/src/template/codecf.c,29,3,Possible read of undefined value at,"%169 = shufflevector <4 x float> %168, <4 x float> poison, <4 x i32> zeroinitializer, !dbg !572",/home/jimi/PaperExperiment/CompilerOptimization/Result/zfp/seahorn/seahorn-O2-g/result/run_20260320_121720_fixed_fullscan/log/sea.smc.stats.typeoff.stderr.log
145,smc_typeoff,Target/zfp/src/template/codecf.c,29,3,Possible read of undefined value at,"%823 = insertelement <4 x float> poison, float %822, i64 0, !dbg !1016",/home/jimi/PaperExperiment/CompilerOptimization/Result/zfp/seahorn/seahorn-O2-g/result/run_20260320_121720_fixed_fullscan/log/sea.smc.stats.typeoff.stderr.log
146,smc_typeoff,Target/zfp/src/template/codecf.c,29,3,Possible read of undefined value at,"%824 = shufflevector <4 x float> %823, <4 x float> poison, <4 x i32> zeroinitializer, !dbg !1016",/home/jimi/PaperExperiment/CompilerOptimization/Result/zfp/seahorn/seahorn-O2-g/result/run_20260320_121720_fixed_fullscan/log/sea.smc.stats.typeoff.stderr.log
147,smc_typeoff,Target/zfp/src/template/codecf.c,29,3,Possible read of undefined value at,"%825 = insertelement <4 x float> poison, float %822, i64 0, !dbg !1016",/home/jimi/PaperExperiment/CompilerOptimization/Result/zfp/seahorn/seahorn-O2-g/result/run_20260320_121720_fixed_fullscan/log/sea.smc.stats.typeoff.stderr.log
148,smc_typeoff,Target/zfp/src/template/codecf.c,29,3,Possible read of undefined value at,"%826 = shufflevector <4 x float> %825, <4 x float> poison, <4 x i32> zeroinitializer, !dbg !1016",/home/jimi/PaperExperiment/CompilerOptimization/Result/zfp/seahorn/seahorn-O2-g/result/run_20260320_121720_fixed_fullscan/log/sea.smc.stats.typeoff.stderr.log
149,smc_typeoff,Target/zfp/src/template/codecf.c,29,3,Possible read of undefined value at,"%116 = insertelement <2 x double> poison, double %115, i64 0, !dbg !576",/home/jimi/PaperExperiment/CompilerOptimization/Result/zfp/seahorn/seahorn-O2-g/result/run_20260320_121720_fixed_fullscan/log/sea.smc.stats.typeoff.stderr.log
150,smc_typeoff,Target/zfp/src/template/codecf.c,29,3,Possible read of undefined value at,"%117 = shufflevector <2 x double> %116, <2 x double> poison, <2 x i32> zeroinitializer, !dbg !576",/home/jimi/PaperExperiment/CompilerOptimization/Result/zfp/seahorn/seahorn-O2-g/result/run_20260320_121720_fixed_fullscan/log/sea.smc.stats.typeoff.stderr.log
151,smc_typeoff,Target/zfp/src/template/codecf.c,29,3,Possible read of undefined value at,"%118 = insertelement <2 x double> poison, double %115, i64 0, !dbg !576",/home/jimi/PaperExperiment/CompilerOptimization/Result/zfp/seahorn/seahorn-O2-g/result/run_20260320_121720_fixed_fullscan/log/sea.smc.stats.typeoff.stderr.log
152,smc_typeoff,Target/zfp/src/template/codecf.c,29,3,Possible read of undefined value at,"%119 = shufflevector <2 x double> %118, <2 x double> poison, <2 x i32> zeroinitializer, !dbg !576",/home/jimi/PaperExperiment/CompilerOptimization/Result/zfp/seahorn/seahorn-O2-g/result/run_20260320_121720_fixed_fullscan/log/sea.smc.stats.typeoff.stderr.log
153,smc_typeoff,Target/zfp/src/template/codecf.c,29,3,Possible read of undefined value at,"%773 = insertelement <2 x double> poison, double %772, i64 0, !dbg !1021",/home/jimi/PaperExperiment/CompilerOptimization/Result/zfp/seahorn/seahorn-O2-g/result/run_20260320_121720_fixed_fullscan/log/sea.smc.stats.typeoff.stderr.log
154,smc_typeoff,Target/zfp/src/template/codecf.c,29,3,Possible read of undefined value at,"%774 = shufflevector <2 x double> %773, <2 x double> poison, <2 x i32> zeroinitializer, !dbg !1021",/home/jimi/PaperExperiment/CompilerOptimization/Result/zfp/seahorn/seahorn-O2-g/result/run_20260320_121720_fixed_fullscan/log/sea.smc.stats.typeoff.stderr.log
155,smc_typeoff,Target/zfp/src/template/codecf.c,29,3,Possible read of undefined value at,"%775 = insertelement <2 x double> poison, double %772, i64 0, !dbg !1021",/home/jimi/PaperExperiment/CompilerOptimization/Result/zfp/seahorn/seahorn-O2-g/result/run_20260320_121720_fixed_fullscan/log/sea.smc.stats.typeoff.stderr.log
156,smc_typeoff,Target/zfp/src/template/codecf.c,29,3,Possible read of undefined value at,"%776 = shufflevector <2 x double> %775, <2 x double> poison, <2 x i32> zeroinitializer, !dbg !1021",/home/jimi/PaperExperiment/CompilerOptimization/Result/zfp/seahorn/seahorn-O2-g/result/run_20260320_121720_fixed_fullscan/log/sea.smc.stats.typeoff.stderr.log
157,smc_typeon,Target/zfp/include/zfp/bitstream.inl,0,0,Possible read of undefined value at,"%31 = phi i64 [ %22, %25 ], [ %22, %24 ], [ poison, %28 ], !dbg !401",/home/jimi/PaperExperiment/CompilerOptimization/Result/zfp/seahorn/seahorn-O2-g/result/run_20260320_121720_fixed_fullscan/log/sea.smc.stats.typeon.stderr.log
158,smc_typeon,Target/zfp/src/template/encodef.c,57,25,Possible read of undefined value at,"%46 = insertelement <2 x float> poison, float %43, i64 0, !dbg !478",/home/jimi/PaperExperiment/CompilerOptimization/Result/zfp/seahorn/seahorn-O2-g/result/run_20260320_121720_fixed_fullscan/log/sea.smc.stats.typeon.stderr.log
159,smc_typeon,Target/zfp/src/template/encodef.c,57,25,Possible read of undefined value at,"%47 = shufflevector <2 x float> %46, <2 x float> poison, <2 x i32> zeroinitializer, !dbg !478",/home/jimi/PaperExperiment/CompilerOptimization/Result/zfp/seahorn/seahorn-O2-g/result/run_20260320_121720_fixed_fullscan/log/sea.smc.stats.typeon.stderr.log
160,smc_typeon,Target/zfp/src/template/codecf.c,30,28,Possible read of undefined value at,"%59 = insertelement <4 x float> poison, float %56, i64 0, !dbg !528",/home/jimi/PaperExperiment/CompilerOptimization/Result/zfp/seahorn/seahorn-O2-g/result/run_20260320_121720_fixed_fullscan/log/sea.smc.stats.typeon.stderr.log
161,smc_typeon,Target/zfp/src/template/codecf.c,30,28,Possible read of undefined value at,"%60 = shufflevector <4 x float> %59, <4 x float> poison, <4 x i32> zeroinitializer, !dbg !528",/home/jimi/PaperExperiment/CompilerOptimization/Result/zfp/seahorn/seahorn-O2-g/result/run_20260320_121720_fixed_fullscan/log/sea.smc.stats.typeon.stderr.log
162,smc_typeon,Target/zfp/src/template/encode.c,50,5,Possible read of undefined value at,"%208 = insertelement <2 x i32> poison, i32 %207, i64 0, !dbg !619",/home/jimi/PaperExperiment/CompilerOptimization/Result/zfp/seahorn/seahorn-O2-g/result/run_20260320_121720_fixed_fullscan/log/sea.smc.stats.typeon.stderr.log
163,smc_typeon,Target/zfp/src/template/encode.c,50,5,Possible read of undefined value at,"%210 = insertelement <2 x i32> poison, i32 %205, i64 0, !dbg !619",/home/jimi/PaperExperiment/CompilerOptimization/Result/zfp/seahorn/seahorn-O2-g/result/run_20260320_121720_fixed_fullscan/log/sea.smc.stats.typeon.stderr.log
164,smc_typeon,Target/zfp/src/template/encode.c,50,18,Possible read of undefined value at,"%215 = insertelement <2 x i32> poison, i32 %206, i64 0, !dbg !621",/home/jimi/PaperExperiment/CompilerOptimization/Result/zfp/seahorn/seahorn-O2-g/result/run_20260320_121720_fixed_fullscan/log/sea.smc.stats.typeon.stderr.log
165,smc_typeon,Target/zfp/src/template/encode.c,78,19,Possible read of undefined value at,"%219 = shufflevector <2 x i32> %214, <2 x i32> undef, <4 x i32> <i32 1, i32 undef, i32 undef, i32 undef>, !dbg !627",/home/jimi/PaperExperiment/CompilerOptimization/Result/zfp/seahorn/seahorn-O2-g/result/run_20260320_121720_fixed_fullscan/log/sea.smc.stats.typeon.stderr.log
166,smc_typeon,Target/zfp/src/template/encode.c,78,19,Possible read of undefined value at,"%220 = shufflevector <2 x i32> %217, <2 x i32> poison, <4 x i32> <i32 0, i32 1, i32 undef, i32 undef>, !dbg !627",/home/jimi/PaperExperiment/CompilerOptimization/Result/zfp/seahorn/seahorn-O2-g/result/run_20260320_121720_fixed_fullscan/log/sea.smc.stats.typeon.stderr.log
167,smc_typeon,Target/zfp/src/template/codecf.c,30,28,Possible read of undefined value at,"%122 = insertelement <4 x float> poison, float %119, i64 0, !dbg !573",/home/jimi/PaperExperiment/CompilerOptimization/Result/zfp/seahorn/seahorn-O2-g/result/run_20260320_121720_fixed_fullscan/log/sea.smc.stats.typeon.stderr.log
168,smc_typeon,Target/zfp/src/template/codecf.c,30,28,Possible read of undefined value at,"%123 = shufflevector <4 x float> %122, <4 x float> poison, <4 x i32> zeroinitializer, !dbg !573",/home/jimi/PaperExperiment/CompilerOptimization/Result/zfp/seahorn/seahorn-O2-g/result/run_20260320_121720_fixed_fullscan/log/sea.smc.stats.typeon.stderr.log
169,smc_typeon,Target/zfp/src/template/decode.c,74,43,Possible read of undefined value at,"%254 = shufflevector <4 x i32> %253, <4 x i32> poison, <2 x i32> <i32 2, i32 undef>, !dbg !778",/home/jimi/PaperExperiment/CompilerOptimization/Result/zfp/seahorn/seahorn-O2-g/result/run_20260320_121720_fixed_fullscan/log/sea.smc.stats.typeon.stderr.log
170,smc_typeon,Target/zfp/src/template/decode.c,37,13,Possible read of undefined value at,"%269 = insertelement <4 x i32> poison, i32 %249, i64 0, !dbg !811",/home/jimi/PaperExperiment/CompilerOptimization/Result/zfp/seahorn/seahorn-O2-g/result/run_20260320_121720_fixed_fullscan/log/sea.smc.stats.typeon.stderr.log
171,smc_typeon,Target/zfp/src/template/decode.c,37,13,Possible read of undefined value at,"%274 = shufflevector <2 x i32> %264, <2 x i32> poison, <4 x i32> <i32 0, i32 1, i32 undef, i32 undef>, !dbg !811",/home/jimi/PaperExperiment/CompilerOptimization/Result/zfp/seahorn/seahorn-O2-g/result/run_20260320_121720_fixed_fullscan/log/sea.smc.stats.typeon.stderr.log
172,smc_typeon,Target/zfp/src/template/codecf.c,30,28,Possible read of undefined value at,"%288 = insertelement <4 x float> poison, float %286, i64 0, !dbg !821",/home/jimi/PaperExperiment/CompilerOptimization/Result/zfp/seahorn/seahorn-O2-g/result/run_20260320_121720_fixed_fullscan/log/sea.smc.stats.typeon.stderr.log
173,smc_typeon,Target/zfp/src/template/codecf.c,30,28,Possible read of undefined value at,"%289 = shufflevector <4 x float> %288, <4 x float> poison, <4 x i32> zeroinitializer, !dbg !821",/home/jimi/PaperExperiment/CompilerOptimization/Result/zfp/seahorn/seahorn-O2-g/result/run_20260320_121720_fixed_fullscan/log/sea.smc.stats.typeon.stderr.log
174,smc_typeon,Target/zfp/src/template/codecf.c,30,28,Possible read of undefined value at,"%124 = insertelement <2 x double> poison, double %119, i64 0, !dbg !573",/home/jimi/PaperExperiment/CompilerOptimization/Result/zfp/seahorn/seahorn-O2-g/result/run_20260320_121720_fixed_fullscan/log/sea.smc.stats.typeon.stderr.log
175,smc_typeon,Target/zfp/src/template/codecf.c,30,28,Possible read of undefined value at,"%125 = shufflevector <2 x double> %124, <2 x double> poison, <2 x i32> zeroinitializer, !dbg !573",/home/jimi/PaperExperiment/CompilerOptimization/Result/zfp/seahorn/seahorn-O2-g/result/run_20260320_121720_fixed_fullscan/log/sea.smc.stats.typeon.stderr.log
176,smc_typeon,Target/zfp/src/template/encodef.c,57,25,Possible read of undefined value at,"%22 = insertelement <2 x float> poison, float %16, i64 0, !dbg !463",/home/jimi/PaperExperiment/CompilerOptimization/Result/zfp/seahorn/seahorn-O2-g/result/run_20260320_121720_fixed_fullscan/log/sea.smc.stats.typeon.stderr.log
177,smc_typeon,Target/zfp/src/template/encodef.c,57,25,Possible read of undefined value at,"%23 = shufflevector <2 x float> %22, <2 x float> poison, <2 x i32> zeroinitializer, !dbg !463",/home/jimi/PaperExperiment/CompilerOptimization/Result/zfp/seahorn/seahorn-O2-g/result/run_20260320_121720_fixed_fullscan/log/sea.smc.stats.typeon.stderr.log
178,smc_typeon,Target/zfp/src/template/encodef.c,57,25,Possible read of undefined value at,"%51 = insertelement <8 x float> poison, float %16, i64 0, !dbg !463",/home/jimi/PaperExperiment/CompilerOptimization/Result/zfp/seahorn/seahorn-O2-g/result/run_20260320_121720_fixed_fullscan/log/sea.smc.stats.typeon.stderr.log
179,smc_typeon,Target/zfp/src/template/encodef.c,57,25,Possible read of undefined value at,"%52 = shufflevector <8 x float> %51, <8 x float> poison, <8 x i32> zeroinitializer, !dbg !463",/home/jimi/PaperExperiment/CompilerOptimization/Result/zfp/seahorn/seahorn-O2-g/result/run_20260320_121720_fixed_fullscan/log/sea.smc.stats.typeon.stderr.log
180,smc_typeon,Target/zfp/src/template/encodef.c,57,25,Possible read of undefined value at,"%53 = insertelement <8 x float> poison, float %18, i64 0, !dbg !463",/home/jimi/PaperExperiment/CompilerOptimization/Result/zfp/seahorn/seahorn-O2-g/result/run_20260320_121720_fixed_fullscan/log/sea.smc.stats.typeon.stderr.log
181,smc_typeon,Target/zfp/src/template/encodef.c,57,25,Possible read of undefined value at,"%54 = shufflevector <2 x float> %28, <2 x float> poison, <8 x i32> <i32 0, i32 1, i32 undef, i32 undef, i32 undef, i32 undef, i32 undef, i32 undef>, !dbg !463",/home/jimi/PaperExperiment/CompilerOptimization/Result/zfp/seahorn/seahorn-O2-g/result/run_20260320_121720_fixed_fullscan/log/sea.smc.stats.typeon.stderr.log
182,smc_typeon,Target/zfp/src/template/encodef.c,57,25,Possible read of undefined value at,"%56 = shufflevector <2 x float> %36, <2 x float> poison, <8 x i32> <i32 0, i32 1, i32 undef, i32 undef, i32 undef, i32 undef, i32 undef, i32 undef>, !dbg !463",/home/jimi/PaperExperiment/CompilerOptimization/Result/zfp/seahorn/seahorn-O2-g/result/run_20260320_121720_fixed_fullscan/log/sea.smc.stats.typeon.stderr.log
183,smc_typeon,Target/zfp/src/template/encodef.c,57,25,Possible read of undefined value at,"%58 = shufflevector <2 x float> %44, <2 x float> poison, <8 x i32> <i32 0, i32 1, i32 undef, i32 undef, i32 undef, i32 undef, i32 undef, i32 undef>, !dbg !463",/home/jimi/PaperExperiment/CompilerOptimization/Result/zfp/seahorn/seahorn-O2-g/result/run_20260320_121720_fixed_fullscan/log/sea.smc.stats.typeon.stderr.log
184,smc_typeon,Target/zfp/src/template/codecf.c,30,30,Possible read of undefined value at,"%67 = shufflevector <8 x i32> %62, <8 x i32> undef, <4 x i32> <i32 0, i32 undef, i32 undef, i32 undef>, !dbg !484",/home/jimi/PaperExperiment/CompilerOptimization/Result/zfp/seahorn/seahorn-O2-g/result/run_20260320_121720_fixed_fullscan/log/sea.smc.stats.typeon.stderr.log
185,smc_typeon,Target/zfp/src/template/codecf.c,30,30,Possible read of undefined value at,"%68 = shufflevector <2 x i32> %25, <2 x i32> poison, <4 x i32> <i32 0, i32 1, i32 undef, i32 undef>, !dbg !484",/home/jimi/PaperExperiment/CompilerOptimization/Result/zfp/seahorn/seahorn-O2-g/result/run_20260320_121720_fixed_fullscan/log/sea.smc.stats.typeon.stderr.log
186,smc_typeon,Target/zfp/src/template/codecf.c,30,28,Possible read of undefined value at,"%72 = insertelement <4 x float> poison, float %65, i64 0, !dbg !485",/home/jimi/PaperExperiment/CompilerOptimization/Result/zfp/seahorn/seahorn-O2-g/result/run_20260320_121720_fixed_fullscan/log/sea.smc.stats.typeon.stderr.log
187,smc_typeon,Target/zfp/src/template/codecf.c,30,28,Possible read of undefined value at,"%73 = shufflevector <4 x float> %72, <4 x float> poison, <4 x i32> zeroinitializer, !dbg !485",/home/jimi/PaperExperiment/CompilerOptimization/Result/zfp/seahorn/seahorn-O2-g/result/run_20260320_121720_fixed_fullscan/log/sea.smc.stats.typeon.stderr.log
188,smc_typeon,Target/zfp/src/template/codecf.c,30,30,Possible read of undefined value at,"%78 = shufflevector <8 x i32> %62, <8 x i32> undef, <4 x i32> <i32 2, i32 undef, i32 undef, i32 undef>, !dbg !484",/home/jimi/PaperExperiment/CompilerOptimization/Result/zfp/seahorn/seahorn-O2-g/result/run_20260320_121720_fixed_fullscan/log/sea.smc.stats.typeon.stderr.log
189,smc_typeon,Target/zfp/src/template/codecf.c,30,30,Possible read of undefined value at,"%79 = shufflevector <2 x i32> %33, <2 x i32> poison, <4 x i32> <i32 0, i32 1, i32 undef, i32 undef>, !dbg !484",/home/jimi/PaperExperiment/CompilerOptimization/Result/zfp/seahorn/seahorn-O2-g/result/run_20260320_121720_fixed_fullscan/log/sea.smc.stats.typeon.stderr.log
190,smc_typeon,Target/zfp/src/template/codecf.c,30,30,Possible read of undefined value at,"%87 = shufflevector <8 x i32> %62, <8 x i32> undef, <4 x i32> <i32 4, i32 undef, i32 undef, i32 undef>, !dbg !484",/home/jimi/PaperExperiment/CompilerOptimization/Result/zfp/seahorn/seahorn-O2-g/result/run_20260320_121720_fixed_fullscan/log/sea.smc.stats.typeon.stderr.log
191,smc_typeon,Target/zfp/src/template/codecf.c,30,30,Possible read of undefined value at,"%88 = shufflevector <2 x i32> %41, <2 x i32> poison, <4 x i32> <i32 0, i32 1, i32 undef, i32 undef>, !dbg !484",/home/jimi/PaperExperiment/CompilerOptimization/Result/zfp/seahorn/seahorn-O2-g/result/run_20260320_121720_fixed_fullscan/log/sea.smc.stats.typeon.stderr.log
192,smc_typeon,Target/zfp/src/template/codecf.c,30,30,Possible read of undefined value at,"%96 = shufflevector <8 x i32> %62, <8 x i32> undef, <4 x i32> <i32 6, i32 undef, i32 undef, i32 undef>, !dbg !484",/home/jimi/PaperExperiment/CompilerOptimization/Result/zfp/seahorn/seahorn-O2-g/result/run_20260320_121720_fixed_fullscan/log/sea.smc.stats.typeon.stderr.log
193,smc_typeon,Target/zfp/src/template/codecf.c,30,30,Possible read of undefined value at,"%97 = shufflevector <2 x i32> %49, <2 x i32> poison, <4 x i32> <i32 0, i32 1, i32 undef, i32 undef>, !dbg !484",/home/jimi/PaperExperiment/CompilerOptimization/Result/zfp/seahorn/seahorn-O2-g/result/run_20260320_121720_fixed_fullscan/log/sea.smc.stats.typeon.stderr.log
194,smc_typeon,Target/zfp/src/template/revencodef.c,37,11,Possible read of undefined value at,"%202 = insertelement <8 x i32> poison, i32 %165, i64 0, !dbg !599",/home/jimi/PaperExperiment/CompilerOptimization/Result/zfp/seahorn/seahorn-O2-g/result/run_20260320_121720_fixed_fullscan/log/sea.smc.stats.typeon.stderr.log
195,smc_typeon,Target/zfp/src/template/revencodef.c,37,11,Possible read of undefined value at,"%203 = shufflevector <2 x i32> %171, <2 x i32> poison, <8 x i32> <i32 0, i32 1, i32 undef, i32 undef, i32 undef, i32 undef, i32 undef, i32 undef>, !dbg !599",/home/jimi/PaperExperiment/CompilerOptimization/Result/zfp/seahorn/seahorn-O2-g/result/run_20260320_121720_fixed_fullscan/log/sea.smc.stats.typeon.stderr.log
196,smc_typeon,Target/zfp/src/template/revencodef.c,37,11,Possible read of undefined value at,"%205 = shufflevector <2 x i32> %177, <2 x i32> poison, <8 x i32> <i32 0, i32 1, i32 undef, i32 undef, i32 undef, i32 undef, i32 undef, i32 undef>, !dbg !599",/home/jimi/PaperExperiment/CompilerOptimization/Result/zfp/seahorn/seahorn-O2-g/result/run_20260320_121720_fixed_fullscan/log/sea.smc.stats.typeon.stderr.log
197,smc_typeon,Target/zfp/src/template/revencodef.c,37,11,Possible read of undefined value at,"%207 = shufflevector <2 x i32> %183, <2 x i32> poison, <8 x i32> <i32 0, i32 1, i32 undef, i32 undef, i32 undef, i32 undef, i32 undef, i32 undef>, !dbg !599",/home/jimi/PaperExperiment/CompilerOptimization/Result/zfp/seahorn/seahorn-O2-g/result/run_20260320_121720_fixed_fullscan/log/sea.smc.stats.typeon.stderr.log
198,smc_typeon,Target/zfp/src/template/revencode.c,25,21,Possible read of undefined value at,"%267 = shufflevector <8 x i32> %241, <8 x i32> undef, <2 x i32> <i32 4, i32 2>, !dbg !673",/home/jimi/PaperExperiment/CompilerOptimization/Result/zfp/seahorn/seahorn-O2-g/result/run_20260320_121720_fixed_fullscan/log/sea.smc.stats.typeon.stderr.log
199,smc_typeon,Target/zfp/src/template/revencode.c,27,5,Possible read of undefined value at,"%272 = shufflevector <8 x i32> %241, <8 x i32> undef, <2 x i32> <i32 5, i32 3>, !dbg !676",/home/jimi/PaperExperiment/CompilerOptimization/Result/zfp/seahorn/seahorn-O2-g/result/run_20260320_121720_fixed_fullscan/log/sea.smc.stats.typeon.stderr.log
200,smc_typeon,Target/zfp/src/template/revencode.c,25,13,Possible read of undefined value at,"%280 = shufflevector <8 x i32> %241, <8 x i32> undef, <2 x i32> <i32 2, i32 0>, !dbg !681",/home/jimi/PaperExperiment/CompilerOptimization/Result/zfp/seahorn/seahorn-O2-g/result/run_20260320_121720_fixed_fullscan/log/sea.smc.stats.typeon.stderr.log
201,smc_typeon,Target/zfp/src/template/revencode.c,25,13,Possible read of undefined value at,"%296 = insertelement <2 x i32> poison, i32 %295, i64 0, !dbg !681",/home/jimi/PaperExperiment/CompilerOptimization/Result/zfp/seahorn/seahorn-O2-g/result/run_20260320_121720_fixed_fullscan/log/sea.smc.stats.typeon.stderr.log
202,smc_typeon,Target/zfp/src/template/encode.c,78,19,Possible read of undefined value at,"%459 = insertelement <4 x i32> poison, i32 %423, i64 0, !dbg !667",/home/jimi/PaperExperiment/CompilerOptimization/Result/zfp/seahorn/seahorn-O2-g/result/run_20260320_121720_fixed_fullscan/log/sea.smc.stats.typeon.stderr.log
203,smc_typeon,Target/zfp/src/template/codecf.c,30,28,Possible read of undefined value at,"%196 = insertelement <4 x float> poison, float %191, i64 0, !dbg !574",/home/jimi/PaperExperiment/CompilerOptimization/Result/zfp/seahorn/seahorn-O2-g/result/run_20260320_121720_fixed_fullscan/log/sea.smc.stats.typeon.stderr.log
204,smc_typeon,Target/zfp/src/template/codecf.c,30,28,Possible read of undefined value at,"%197 = shufflevector <4 x float> %196, <4 x float> poison, <4 x i32> zeroinitializer, !dbg !574",/home/jimi/PaperExperiment/CompilerOptimization/Result/zfp/seahorn/seahorn-O2-g/result/run_20260320_121720_fixed_fullscan/log/sea.smc.stats.typeon.stderr.log
205,smc_typeon,Target/zfp/src/template/decode.c,37,13,Possible read of undefined value at,"%455 = insertelement <4 x i32> poison, i32 %414, i64 0, !dbg !834",/home/jimi/PaperExperiment/CompilerOptimization/Result/zfp/seahorn/seahorn-O2-g/result/run_20260320_121720_fixed_fullscan/log/sea.smc.stats.typeon.stderr.log
206,smc_typeon,Target/zfp/src/template/decode.c,37,13,Possible read of undefined value at,"%459 = insertelement <4 x i32> poison, i32 %438, i64 0, !dbg !834",/home/jimi/PaperExperiment/CompilerOptimization/Result/zfp/seahorn/seahorn-O2-g/result/run_20260320_121720_fixed_fullscan/log/sea.smc.stats.typeon.stderr.log
207,smc_typeon,Target/zfp/src/template/decode.c,37,13,Possible read of undefined value at,"%474 = insertelement <4 x i32> poison, i32 %411, i64 0, !dbg !834",/home/jimi/PaperExperiment/CompilerOptimization/Result/zfp/seahorn/seahorn-O2-g/result/run_20260320_121720_fixed_fullscan/log/sea.smc.stats.typeon.stderr.log
208,smc_typeon,Target/zfp/src/template/decode.c,37,13,Possible read of undefined value at,"%478 = insertelement <4 x i32> poison, i32 %435, i64 0, !dbg !834",/home/jimi/PaperExperiment/CompilerOptimization/Result/zfp/seahorn/seahorn-O2-g/result/run_20260320_121720_fixed_fullscan/log/sea.smc.stats.typeon.stderr.log
209,smc_typeon,Target/zfp/src/template/decode.c,37,13,Possible read of undefined value at,"%493 = insertelement <4 x i32> poison, i32 %412, i64 0, !dbg !834",/home/jimi/PaperExperiment/CompilerOptimization/Result/zfp/seahorn/seahorn-O2-g/result/run_20260320_121720_fixed_fullscan/log/sea.smc.stats.typeon.stderr.log
210,smc_typeon,Target/zfp/src/template/decode.c,37,13,Possible read of undefined value at,"%497 = insertelement <4 x i32> poison, i32 %436, i64 0, !dbg !834",/home/jimi/PaperExperiment/CompilerOptimization/Result/zfp/seahorn/seahorn-O2-g/result/run_20260320_121720_fixed_fullscan/log/sea.smc.stats.typeon.stderr.log
211,smc_typeon,Target/zfp/src/template/decode.c,37,13,Possible read of undefined value at,"%512 = insertelement <4 x i32> poison, i32 %413, i64 0, !dbg !834",/home/jimi/PaperExperiment/CompilerOptimization/Result/zfp/seahorn/seahorn-O2-g/result/run_20260320_121720_fixed_fullscan/log/sea.smc.stats.typeon.stderr.log
212,smc_typeon,Target/zfp/src/template/decode.c,37,13,Possible read of undefined value at,"%516 = insertelement <4 x i32> poison, i32 %437, i64 0, !dbg !834",/home/jimi/PaperExperiment/CompilerOptimization/Result/zfp/seahorn/seahorn-O2-g/result/run_20260320_121720_fixed_fullscan/log/sea.smc.stats.typeon.stderr.log
213,smc_typeon,Target/zfp/src/template/codecf.c,30,28,Possible read of undefined value at,"%531 = insertelement <4 x float> poison, float %529, i64 0, !dbg !844",/home/jimi/PaperExperiment/CompilerOptimization/Result/zfp/seahorn/seahorn-O2-g/result/run_20260320_121720_fixed_fullscan/log/sea.smc.stats.typeon.stderr.log
214,smc_typeon,Target/zfp/src/template/codecf.c,30,28,Possible read of undefined value at,"%532 = shufflevector <4 x float> %531, <4 x float> poison, <4 x i32> zeroinitializer, !dbg !844",/home/jimi/PaperExperiment/CompilerOptimization/Result/zfp/seahorn/seahorn-O2-g/result/run_20260320_121720_fixed_fullscan/log/sea.smc.stats.typeon.stderr.log
215,smc_typeon,Target/zfp/src/template/codecf.c,30,28,Possible read of undefined value at,"%196 = insertelement <2 x double> poison, double %191, i64 0, !dbg !573",/home/jimi/PaperExperiment/CompilerOptimization/Result/zfp/seahorn/seahorn-O2-g/result/run_20260320_121720_fixed_fullscan/log/sea.smc.stats.typeon.stderr.log
216,smc_typeon,Target/zfp/src/template/codecf.c,30,28,Possible read of undefined value at,"%197 = shufflevector <2 x double> %196, <2 x double> poison, <2 x i32> zeroinitializer, !dbg !573",/home/jimi/PaperExperiment/CompilerOptimization/Result/zfp/seahorn/seahorn-O2-g/result/run_20260320_121720_fixed_fullscan/log/sea.smc.stats.typeon.stderr.log
217,smc_typeon,Target/zfp/src/template/encodef.c,56,3,Possible read of undefined value at,"%51 = insertelement <4 x float> poison, float %50, i64 0, !dbg !470",/home/jimi/PaperExperiment/CompilerOptimization/Result/zfp/seahorn/seahorn-O2-g/result/run_20260320_121720_fixed_fullscan/log/sea.smc.stats.typeon.stderr.log
218,smc_typeon,Target/zfp/src/template/encodef.c,56,3,Possible read of undefined value at,"%52 = shufflevector <4 x float> %51, <4 x float> poison, <4 x i32> zeroinitializer, !dbg !470",/home/jimi/PaperExperiment/CompilerOptimization/Result/zfp/seahorn/seahorn-O2-g/result/run_20260320_121720_fixed_fullscan/log/sea.smc.stats.typeon.stderr.log
219,smc_typeon,Target/zfp/src/template/codecf.c,29,3,Possible read of undefined value at,"%166 = insertelement <4 x float> poison, float %165, i64 0, !dbg !522",/home/jimi/PaperExperiment/CompilerOptimization/Result/zfp/seahorn/seahorn-O2-g/result/run_20260320_121720_fixed_fullscan/log/sea.smc.stats.typeon.stderr.log
220,smc_typeon,Target/zfp/src/template/codecf.c,29,3,Possible read of undefined value at,"%167 = shufflevector <4 x float> %166, <4 x float> poison, <4 x i32> zeroinitializer, !dbg !522",/home/jimi/PaperExperiment/CompilerOptimization/Result/zfp/seahorn/seahorn-O2-g/result/run_20260320_121720_fixed_fullscan/log/sea.smc.stats.typeon.stderr.log
221,smc_typeon,Target/zfp/src/template/encodef.c,56,3,Possible read of undefined value at,"%991 = insertelement <4 x float> poison, float %990, i64 0, !dbg !1039",/home/jimi/PaperExperiment/CompilerOptimization/Result/zfp/seahorn/seahorn-O2-g/result/run_20260320_121720_fixed_fullscan/log/sea.smc.stats.typeon.stderr.log
222,smc_typeon,Target/zfp/src/template/encodef.c,56,3,Possible read of undefined value at,"%992 = shufflevector <4 x float> %991, <4 x float> poison, <4 x i32> zeroinitializer, !dbg !1039",/home/jimi/PaperExperiment/CompilerOptimization/Result/zfp/seahorn/seahorn-O2-g/result/run_20260320_121720_fixed_fullscan/log/sea.smc.stats.typeon.stderr.log
223,smc_typeon,Target/zfp/src/template/encode.c,106,5,Possible read of undefined value at,"%31 = insertelement <2 x i32> poison, i32 %28, i64 0, !dbg !424",/home/jimi/PaperExperiment/CompilerOptimization/Result/zfp/seahorn/seahorn-O2-g/result/run_20260320_121720_fixed_fullscan/log/sea.smc.stats.typeon.stderr.log
224,smc_typeon,Target/zfp/src/template/encode.c,106,5,Possible read of undefined value at,"%32 = shufflevector <2 x i32> %31, <2 x i32> poison, <2 x i32> zeroinitializer, !dbg !424",/home/jimi/PaperExperiment/CompilerOptimization/Result/zfp/seahorn/seahorn-O2-g/result/run_20260320_121720_fixed_fullscan/log/sea.smc.stats.typeon.stderr.log
225,smc_typeon,Target/zfp/src/template/encode.c,193,5,Possible read of undefined value at,"%181 = insertelement <2 x i32> poison, i32 %176, i64 0, !dbg !599",/home/jimi/PaperExperiment/CompilerOptimization/Result/zfp/seahorn/seahorn-O2-g/result/run_20260320_121720_fixed_fullscan/log/sea.smc.stats.typeon.stderr.log
226,smc_typeon,Target/zfp/src/template/encode.c,193,5,Possible read of undefined value at,"%182 = shufflevector <2 x i32> %181, <2 x i32> poison, <2 x i32> zeroinitializer, !dbg !599",/home/jimi/PaperExperiment/CompilerOptimization/Result/zfp/seahorn/seahorn-O2-g/result/run_20260320_121720_fixed_fullscan/log/sea.smc.stats.typeon.stderr.log
227,smc_typeon,Target/zfp/src/template/codecf.c,29,3,Possible read of undefined value at,"%84 = insertelement <2 x double> poison, double %83, i64 0, !dbg !534",/home/jimi/PaperExperiment/CompilerOptimization/Result/zfp/seahorn/seahorn-O2-g/result/run_20260320_121720_fixed_fullscan/log/sea.smc.stats.typeon.stderr.log
228,smc_typeon,Target/zfp/src/template/codecf.c,29,3,Possible read of undefined value at,"%85 = shufflevector <2 x double> %84, <2 x double> poison, <2 x i32> zeroinitializer, !dbg !534",/home/jimi/PaperExperiment/CompilerOptimization/Result/zfp/seahorn/seahorn-O2-g/result/run_20260320_121720_fixed_fullscan/log/sea.smc.stats.typeon.stderr.log
229,smc_typeon,Target/zfp/src/template/encode.c,106,5,Possible read of undefined value at,"%34 = insertelement <2 x i64> poison, i64 %33, i64 0, !dbg !424",/home/jimi/PaperExperiment/CompilerOptimization/Result/zfp/seahorn/seahorn-O2-g/result/run_20260320_121720_fixed_fullscan/log/sea.smc.stats.typeon.stderr.log
230,smc_typeon,Target/zfp/src/template/encode.c,106,5,Possible read of undefined value at,"%35 = shufflevector <2 x i64> %34, <2 x i64> poison, <2 x i32> zeroinitializer, !dbg !424",/home/jimi/PaperExperiment/CompilerOptimization/Result/zfp/seahorn/seahorn-O2-g/result/run_20260320_121720_fixed_fullscan/log/sea.smc.stats.typeon.stderr.log
231,smc_typeon,Target/zfp/src/template/encode.c,193,5,Possible read of undefined value at,"%184 = insertelement <2 x i64> poison, i64 %179, i64 0, !dbg !596",/home/jimi/PaperExperiment/CompilerOptimization/Result/zfp/seahorn/seahorn-O2-g/result/run_20260320_121720_fixed_fullscan/log/sea.smc.stats.typeon.stderr.log
232,smc_typeon,Target/zfp/src/template/encode.c,193,5,Possible read of undefined value at,"%185 = shufflevector <2 x i64> %184, <2 x i64> poison, <2 x i32> zeroinitializer, !dbg !596",/home/jimi/PaperExperiment/CompilerOptimization/Result/zfp/seahorn/seahorn-O2-g/result/run_20260320_121720_fixed_fullscan/log/sea.smc.stats.typeon.stderr.log
233,smc_typeon,Target/zfp/src/template/encode.c,106,5,Possible read of undefined value at,"%31 = insertelement <2 x i32> poison, i32 %28, i64 0, !dbg !424",/home/jimi/PaperExperiment/CompilerOptimization/Result/zfp/seahorn/seahorn-O2-g/result/run_20260320_121720_fixed_fullscan/log/sea.smc.stats.typeon.stderr.log
234,smc_typeon,Target/zfp/src/template/encode.c,106,5,Possible read of undefined value at,"%32 = shufflevector <2 x i32> %31, <2 x i32> poison, <2 x i32> zeroinitializer, !dbg !424",/home/jimi/PaperExperiment/CompilerOptimization/Result/zfp/seahorn/seahorn-O2-g/result/run_20260320_121720_fixed_fullscan/log/sea.smc.stats.typeon.stderr.log
235,smc_typeon,Target/zfp/src/template/encode.c,193,5,Possible read of undefined value at,"%181 = insertelement <2 x i32> poison, i32 %176, i64 0, !dbg !599",/home/jimi/PaperExperiment/CompilerOptimization/Result/zfp/seahorn/seahorn-O2-g/result/run_20260320_121720_fixed_fullscan/log/sea.smc.stats.typeon.stderr.log
236,smc_typeon,Target/zfp/src/template/encode.c,193,5,Possible read of undefined value at,"%182 = shufflevector <2 x i32> %181, <2 x i32> poison, <2 x i32> zeroinitializer, !dbg !599",/home/jimi/PaperExperiment/CompilerOptimization/Result/zfp/seahorn/seahorn-O2-g/result/run_20260320_121720_fixed_fullscan/log/sea.smc.stats.typeon.stderr.log
237,smc_typeon,Target/zfp/src/template/encode.c,106,5,Possible read of undefined value at,"%34 = insertelement <2 x i64> poison, i64 %33, i64 0, !dbg !424",/home/jimi/PaperExperiment/CompilerOptimization/Result/zfp/seahorn/seahorn-O2-g/result/run_20260320_121720_fixed_fullscan/log/sea.smc.stats.typeon.stderr.log
238,smc_typeon,Target/zfp/src/template/encode.c,106,5,Possible read of undefined value at,"%35 = shufflevector <2 x i64> %34, <2 x i64> poison, <2 x i32> zeroinitializer, !dbg !424",/home/jimi/PaperExperiment/CompilerOptimization/Result/zfp/seahorn/seahorn-O2-g/result/run_20260320_121720_fixed_fullscan/log/sea.smc.stats.typeon.stderr.log
239,smc_typeon,Target/zfp/src/template/encode.c,193,5,Possible read of undefined value at,"%184 = insertelement <2 x i64> poison, i64 %179, i64 0, !dbg !596",/home/jimi/PaperExperiment/CompilerOptimization/Result/zfp/seahorn/seahorn-O2-g/result/run_20260320_121720_fixed_fullscan/log/sea.smc.stats.typeon.stderr.log
240,smc_typeon,Target/zfp/src/template/encode.c,193,5,Possible read of undefined value at,"%185 = shufflevector <2 x i64> %184, <2 x i64> poison, <2 x i32> zeroinitializer, !dbg !596",/home/jimi/PaperExperiment/CompilerOptimization/Result/zfp/seahorn/seahorn-O2-g/result/run_20260320_121720_fixed_fullscan/log/sea.smc.stats.typeon.stderr.log
241,smc_typeon,Target/zfp/src/template/codecf.c,29,3,Possible read of undefined value at,"%134 = insertelement <4 x float> poison, float %133, i64 0, !dbg !572",/home/jimi/PaperExperiment/CompilerOptimization/Result/zfp/seahorn/seahorn-O2-g/result/run_20260320_121720_fixed_fullscan/log/sea.smc.stats.typeon.stderr.log
242,smc_typeon,Target/zfp/src/template/codecf.c,29,3,Possible read of undefined value at,"%135 = shufflevector <4 x float> %134, <4 x float> poison, <4 x i32> zeroinitializer, !dbg !572",/home/jimi/PaperExperiment/CompilerOptimization/Result/zfp/seahorn/seahorn-O2-g/result/run_20260320_121720_fixed_fullscan/log/sea.smc.stats.typeon.stderr.log
243,smc_typeon,Target/zfp/src/template/codecf.c,29,3,Possible read of undefined value at,"%703 = insertelement <4 x float> poison, float %702, i64 0, !dbg !945",/home/jimi/PaperExperiment/CompilerOptimization/Result/zfp/seahorn/seahorn-O2-g/result/run_20260320_121720_fixed_fullscan/log/sea.smc.stats.typeon.stderr.log
244,smc_typeon,Target/zfp/src/template/codecf.c,29,3,Possible read of undefined value at,"%704 = shufflevector <4 x float> %703, <4 x float> poison, <4 x i32> zeroinitializer, !dbg !945",/home/jimi/PaperExperiment/CompilerOptimization/Result/zfp/seahorn/seahorn-O2-g/result/run_20260320_121720_fixed_fullscan/log/sea.smc.stats.typeon.stderr.log
245,smc_typeon,Target/zfp/src/template/codecf.c,29,3,Possible read of undefined value at,"%116 = insertelement <2 x double> poison, double %115, i64 0, !dbg !576",/home/jimi/PaperExperiment/CompilerOptimization/Result/zfp/seahorn/seahorn-O2-g/result/run_20260320_121720_fixed_fullscan/log/sea.smc.stats.typeon.stderr.log
246,smc_typeon,Target/zfp/src/template/codecf.c,29,3,Possible read of undefined value at,"%117 = shufflevector <2 x double> %116, <2 x double> poison, <2 x i32> zeroinitializer, !dbg !576",/home/jimi/PaperExperiment/CompilerOptimization/Result/zfp/seahorn/seahorn-O2-g/result/run_20260320_121720_fixed_fullscan/log/sea.smc.stats.typeon.stderr.log
247,smc_typeon,Target/zfp/src/template/codecf.c,29,3,Possible read of undefined value at,"%610 = insertelement <2 x double> poison, double %609, i64 0, !dbg !952",/home/jimi/PaperExperiment/CompilerOptimization/Result/zfp/seahorn/seahorn-O2-g/result/run_20260320_121720_fixed_fullscan/log/sea.smc.stats.typeon.stderr.log
248,smc_typeon,Target/zfp/src/template/codecf.c,29,3,Possible read of undefined value at,"%611 = shufflevector <2 x double> %610, <2 x double> poison, <2 x i32> zeroinitializer, !dbg !952",/home/jimi/PaperExperiment/CompilerOptimization/Result/zfp/seahorn/seahorn-O2-g/result/run_20260320_121720_fixed_fullscan/log/sea.smc.stats.typeon.stderr.log
249,smc_typeon,Target/zfp/src/template/encodef.c,56,3,Possible read of undefined value at,"%51 = insertelement <4 x float> poison, float %50, i64 0, !dbg !470",/home/jimi/PaperExperiment/CompilerOptimization/Result/zfp/seahorn/seahorn-O2-g/result/run_20260320_121720_fixed_fullscan/log/sea.smc.stats.typeon.stderr.log
250,smc_typeon,Target/zfp/src/template/encodef.c,56,3,Possible read of undefined value at,"%52 = shufflevector <4 x float> %51, <4 x float> poison, <4 x i32> zeroinitializer, !dbg !470",/home/jimi/PaperExperiment/CompilerOptimization/Result/zfp/seahorn/seahorn-O2-g/result/run_20260320_121720_fixed_fullscan/log/sea.smc.stats.typeon.stderr.log
251,smc_typeon,Target/zfp/src/template/encodef.c,56,3,Possible read of undefined value at,"%53 = insertelement <4 x float> poison, float %50, i64 0, !dbg !470",/home/jimi/PaperExperiment/CompilerOptimization/Result/zfp/seahorn/seahorn-O2-g/result/run_20260320_121720_fixed_fullscan/log/sea.smc.stats.typeon.stderr.log
252,smc_typeon,Target/zfp/src/template/encodef.c,56,3,Possible read of undefined value at,"%54 = shufflevector <4 x float> %53, <4 x float> poison, <4 x i32> zeroinitializer, !dbg !470",/home/jimi/PaperExperiment/CompilerOptimization/Result/zfp/seahorn/seahorn-O2-g/result/run_20260320_121720_fixed_fullscan/log/sea.smc.stats.typeon.stderr.log
253,smc_typeon,Target/zfp/src/template/codecf.c,29,3,Possible read of undefined value at,"%94 = insertelement <4 x float> poison, float %93, i64 0, !dbg !528",/home/jimi/PaperExperiment/CompilerOptimization/Result/zfp/seahorn/seahorn-O2-g/result/run_20260320_121720_fixed_fullscan/log/sea.smc.stats.typeon.stderr.log
254,smc_typeon,Target/zfp/src/template/codecf.c,29,3,Possible read of undefined value at,"%95 = shufflevector <4 x float> %94, <4 x float> poison, <4 x i32> zeroinitializer, !dbg !528",/home/jimi/PaperExperiment/CompilerOptimization/Result/zfp/seahorn/seahorn-O2-g/result/run_20260320_121720_fixed_fullscan/log/sea.smc.stats.typeon.stderr.log
255,smc_typeon,Target/zfp/src/template/codecf.c,29,3,Possible read of undefined value at,"%96 = insertelement <4 x float> poison, float %93, i64 0, !dbg !528",/home/jimi/PaperExperiment/CompilerOptimization/Result/zfp/seahorn/seahorn-O2-g/result/run_20260320_121720_fixed_fullscan/log/sea.smc.stats.typeon.stderr.log
256,smc_typeon,Target/zfp/src/template/codecf.c,29,3,Possible read of undefined value at,"%97 = shufflevector <4 x float> %96, <4 x float> poison, <4 x i32> zeroinitializer, !dbg !528",/home/jimi/PaperExperiment/CompilerOptimization/Result/zfp/seahorn/seahorn-O2-g/result/run_20260320_121720_fixed_fullscan/log/sea.smc.stats.typeon.stderr.log
257,smc_typeon,Target/zfp/src/template/encodef.c,56,3,Possible read of undefined value at,"%993 = insertelement <4 x float> poison, float %992, i64 0, !dbg !1107",/home/jimi/PaperExperiment/CompilerOptimization/Result/zfp/seahorn/seahorn-O2-g/result/run_20260320_121720_fixed_fullscan/log/sea.smc.stats.typeon.stderr.log
258,smc_typeon,Target/zfp/src/template/encodef.c,56,3,Possible read of undefined value at,"%994 = shufflevector <4 x float> %993, <4 x float> poison, <4 x i32> zeroinitializer, !dbg !1107",/home/jimi/PaperExperiment/CompilerOptimization/Result/zfp/seahorn/seahorn-O2-g/result/run_20260320_121720_fixed_fullscan/log/sea.smc.stats.typeon.stderr.log
259,smc_typeon,Target/zfp/src/template/encodef.c,56,3,Possible read of undefined value at,"%995 = insertelement <4 x float> poison, float %992, i64 0, !dbg !1107",/home/jimi/PaperExperiment/CompilerOptimization/Result/zfp/seahorn/seahorn-O2-g/result/run_20260320_121720_fixed_fullscan/log/sea.smc.stats.typeon.stderr.log
260,smc_typeon,Target/zfp/src/template/encodef.c,56,3,Possible read of undefined value at,"%996 = shufflevector <4 x float> %995, <4 x float> poison, <4 x i32> zeroinitializer, !dbg !1107",/home/jimi/PaperExperiment/CompilerOptimization/Result/zfp/seahorn/seahorn-O2-g/result/run_20260320_121720_fixed_fullscan/log/sea.smc.stats.typeon.stderr.log
261,smc_typeon,Target/zfp/src/template/encode.c,154,5,Possible read of undefined value at,"%79 = insertelement <4 x i32> poison, i32 %28, i64 0, !dbg !468",/home/jimi/PaperExperiment/CompilerOptimization/Result/zfp/seahorn/seahorn-O2-g/result/run_20260320_121720_fixed_fullscan/log/sea.smc.stats.typeon.stderr.log
262,smc_typeon,Target/zfp/src/template/encode.c,154,5,Possible read of undefined value at,"%80 = shufflevector <4 x i32> %79, <4 x i32> poison, <4 x i32> zeroinitializer, !dbg !468",/home/jimi/PaperExperiment/CompilerOptimization/Result/zfp/seahorn/seahorn-O2-g/result/run_20260320_121720_fixed_fullscan/log/sea.smc.stats.typeon.stderr.log
263,smc_typeon,Target/zfp/src/template/encode.c,154,5,Possible read of undefined value at,"%81 = insertelement <4 x i32> poison, i32 %28, i64 0, !dbg !468",/home/jimi/PaperExperiment/CompilerOptimization/Result/zfp/seahorn/seahorn-O2-g/result/run_20260320_121720_fixed_fullscan/log/sea.smc.stats.typeon.stderr.log
264,smc_typeon,Target/zfp/src/template/encode.c,154,5,Possible read of undefined value at,"%82 = shufflevector <4 x i32> %81, <4 x i32> poison, <4 x i32> zeroinitializer, !dbg !468",/home/jimi/PaperExperiment/CompilerOptimization/Result/zfp/seahorn/seahorn-O2-g/result/run_20260320_121720_fixed_fullscan/log/sea.smc.stats.typeon.stderr.log
265,smc_typeon,Target/zfp/src/template/encode.c,225,5,Possible read of undefined value at,"%351 = insertelement <4 x i32> poison, i32 %301, i64 0, !dbg !618",/home/jimi/PaperExperiment/CompilerOptimization/Result/zfp/seahorn/seahorn-O2-g/result/run_20260320_121720_fixed_fullscan/log/sea.smc.stats.typeon.stderr.log
266,smc_typeon,Target/zfp/src/template/encode.c,225,5,Possible read of undefined value at,"%352 = shufflevector <4 x i32> %351, <4 x i32> poison, <4 x i32> zeroinitializer, !dbg !618",/home/jimi/PaperExperiment/CompilerOptimization/Result/zfp/seahorn/seahorn-O2-g/result/run_20260320_121720_fixed_fullscan/log/sea.smc.stats.typeon.stderr.log
267,smc_typeon,Target/zfp/src/template/encode.c,225,5,Possible read of undefined value at,"%353 = insertelement <4 x i32> poison, i32 %301, i64 0, !dbg !618",/home/jimi/PaperExperiment/CompilerOptimization/Result/zfp/seahorn/seahorn-O2-g/result/run_20260320_121720_fixed_fullscan/log/sea.smc.stats.typeon.stderr.log
268,smc_typeon,Target/zfp/src/template/encode.c,225,5,Possible read of undefined value at,"%354 = shufflevector <4 x i32> %353, <4 x i32> poison, <4 x i32> zeroinitializer, !dbg !618",/home/jimi/PaperExperiment/CompilerOptimization/Result/zfp/seahorn/seahorn-O2-g/result/run_20260320_121720_fixed_fullscan/log/sea.smc.stats.typeon.stderr.log
269,smc_typeon,Target/zfp/src/template/codecf.c,29,3,Possible read of undefined value at,"%84 = insertelement <2 x double> poison, double %83, i64 0, !dbg !534",/home/jimi/PaperExperiment/CompilerOptimization/Result/zfp/seahorn/seahorn-O2-g/result/run_20260320_121720_fixed_fullscan/log/sea.smc.stats.typeon.stderr.log
270,smc_typeon,Target/zfp/src/template/codecf.c,29,3,Possible read of undefined value at,"%85 = shufflevector <2 x double> %84, <2 x double> poison, <2 x i32> zeroinitializer, !dbg !534",/home/jimi/PaperExperiment/CompilerOptimization/Result/zfp/seahorn/seahorn-O2-g/result/run_20260320_121720_fixed_fullscan/log/sea.smc.stats.typeon.stderr.log
271,smc_typeon,Target/zfp/src/template/codecf.c,29,3,Possible read of undefined value at,"%86 = insertelement <2 x double> poison, double %83, i64 0, !dbg !534",/home/jimi/PaperExperiment/CompilerOptimization/Result/zfp/seahorn/seahorn-O2-g/result/run_20260320_121720_fixed_fullscan/log/sea.smc.stats.typeon.stderr.log
272,smc_typeon,Target/zfp/src/template/codecf.c,29,3,Possible read of undefined value at,"%87 = shufflevector <2 x double> %86, <2 x double> poison, <2 x i32> zeroinitializer, !dbg !534",/home/jimi/PaperExperiment/CompilerOptimization/Result/zfp/seahorn/seahorn-O2-g/result/run_20260320_121720_fixed_fullscan/log/sea.smc.stats.typeon.stderr.log
273,smc_typeon,Target/zfp/src/template/encode.c,154,5,Possible read of undefined value at,"%81 = insertelement <2 x i64> poison, i64 %37, i64 0, !dbg !465",/home/jimi/PaperExperiment/CompilerOptimization/Result/zfp/seahorn/seahorn-O2-g/result/run_20260320_121720_fixed_fullscan/log/sea.smc.stats.typeon.stderr.log
274,smc_typeon,Target/zfp/src/template/encode.c,154,5,Possible read of undefined value at,"%82 = shufflevector <2 x i64> %81, <2 x i64> poison, <2 x i32> zeroinitializer, !dbg !465",/home/jimi/PaperExperiment/CompilerOptimization/Result/zfp/seahorn/seahorn-O2-g/result/run_20260320_121720_fixed_fullscan/log/sea.smc.stats.typeon.stderr.log
275,smc_typeon,Target/zfp/src/template/encode.c,154,5,Possible read of undefined value at,"%83 = insertelement <2 x i64> poison, i64 %37, i64 0, !dbg !465",/home/jimi/PaperExperiment/CompilerOptimization/Result/zfp/seahorn/seahorn-O2-g/result/run_20260320_121720_fixed_fullscan/log/sea.smc.stats.typeon.stderr.log
276,smc_typeon,Target/zfp/src/template/encode.c,154,5,Possible read of undefined value at,"%84 = shufflevector <2 x i64> %83, <2 x i64> poison, <2 x i32> zeroinitializer, !dbg !465",/home/jimi/PaperExperiment/CompilerOptimization/Result/zfp/seahorn/seahorn-O2-g/result/run_20260320_121720_fixed_fullscan/log/sea.smc.stats.typeon.stderr.log
277,smc_typeon,Target/zfp/src/template/encode.c,225,5,Possible read of undefined value at,"%362 = insertelement <2 x i64> poison, i64 %313, i64 0, !dbg !613",/home/jimi/PaperExperiment/CompilerOptimization/Result/zfp/seahorn/seahorn-O2-g/result/run_20260320_121720_fixed_fullscan/log/sea.smc.stats.typeon.stderr.log
278,smc_typeon,Target/zfp/src/template/encode.c,225,5,Possible read of undefined value at,"%363 = shufflevector <2 x i64> %362, <2 x i64> poison, <2 x i32> zeroinitializer, !dbg !613",/home/jimi/PaperExperiment/CompilerOptimization/Result/zfp/seahorn/seahorn-O2-g/result/run_20260320_121720_fixed_fullscan/log/sea.smc.stats.typeon.stderr.log
279,smc_typeon,Target/zfp/src/template/encode.c,225,5,Possible read of undefined value at,"%364 = insertelement <2 x i64> poison, i64 %313, i64 0, !dbg !613",/home/jimi/PaperExperiment/CompilerOptimization/Result/zfp/seahorn/seahorn-O2-g/result/run_20260320_121720_fixed_fullscan/log/sea.smc.stats.typeon.stderr.log
280,smc_typeon,Target/zfp/src/template/encode.c,225,5,Possible read of undefined value at,"%365 = shufflevector <2 x i64> %364, <2 x i64> poison, <2 x i32> zeroinitializer, !dbg !613",/home/jimi/PaperExperiment/CompilerOptimization/Result/zfp/seahorn/seahorn-O2-g/result/run_20260320_121720_fixed_fullscan/log/sea.smc.stats.typeon.stderr.log
281,smc_typeon,Target/zfp/src/template/encode.c,154,5,Possible read of undefined value at,"%79 = insertelement <4 x i32> poison, i32 %28, i64 0, !dbg !468",/home/jimi/PaperExperiment/CompilerOptimization/Result/zfp/seahorn/seahorn-O2-g/result/run_20260320_121720_fixed_fullscan/log/sea.smc.stats.typeon.stderr.log
282,smc_typeon,Target/zfp/src/template/encode.c,154,5,Possible read of undefined value at,"%80 = shufflevector <4 x i32> %79, <4 x i32> poison, <4 x i32> zeroinitializer, !dbg !468",/home/jimi/PaperExperiment/CompilerOptimization/Result/zfp/seahorn/seahorn-O2-g/result/run_20260320_121720_fixed_fullscan/log/sea.smc.stats.typeon.stderr.log
283,smc_typeon,Target/zfp/src/template/encode.c,154,5,Possible read of undefined value at,"%81 = insertelement <4 x i32> poison, i32 %28, i64 0, !dbg !468",/home/jimi/PaperExperiment/CompilerOptimization/Result/zfp/seahorn/seahorn-O2-g/result/run_20260320_121720_fixed_fullscan/log/sea.smc.stats.typeon.stderr.log
284,smc_typeon,Target/zfp/src/template/encode.c,154,5,Possible read of undefined value at,"%82 = shufflevector <4 x i32> %81, <4 x i32> poison, <4 x i32> zeroinitializer, !dbg !468",/home/jimi/PaperExperiment/CompilerOptimization/Result/zfp/seahorn/seahorn-O2-g/result/run_20260320_121720_fixed_fullscan/log/sea.smc.stats.typeon.stderr.log
285,smc_typeon,Target/zfp/src/template/encode.c,225,5,Possible read of undefined value at,"%351 = insertelement <4 x i32> poison, i32 %301, i64 0, !dbg !618",/home/jimi/PaperExperiment/CompilerOptimization/Result/zfp/seahorn/seahorn-O2-g/result/run_20260320_121720_fixed_fullscan/log/sea.smc.stats.typeon.stderr.log
286,smc_typeon,Target/zfp/src/template/encode.c,225,5,Possible read of undefined value at,"%352 = shufflevector <4 x i32> %351, <4 x i32> poison, <4 x i32> zeroinitializer, !dbg !618",/home/jimi/PaperExperiment/CompilerOptimization/Result/zfp/seahorn/seahorn-O2-g/result/run_20260320_121720_fixed_fullscan/log/sea.smc.stats.typeon.stderr.log
287,smc_typeon,Target/zfp/src/template/encode.c,225,5,Possible read of undefined value at,"%353 = insertelement <4 x i32> poison, i32 %301, i64 0, !dbg !618",/home/jimi/PaperExperiment/CompilerOptimization/Result/zfp/seahorn/seahorn-O2-g/result/run_20260320_121720_fixed_fullscan/log/sea.smc.stats.typeon.stderr.log
288,smc_typeon,Target/zfp/src/template/encode.c,225,5,Possible read of undefined value at,"%354 = shufflevector <4 x i32> %353, <4 x i32> poison, <4 x i32> zeroinitializer, !dbg !618",/home/jimi/PaperExperiment/CompilerOptimization/Result/zfp/seahorn/seahorn-O2-g/result/run_20260320_121720_fixed_fullscan/log/sea.smc.stats.typeon.stderr.log
289,smc_typeon,Target/zfp/src/template/encode.c,154,5,Possible read of undefined value at,"%81 = insertelement <2 x i64> poison, i64 %37, i64 0, !dbg !465",/home/jimi/PaperExperiment/CompilerOptimization/Result/zfp/seahorn/seahorn-O2-g/result/run_20260320_121720_fixed_fullscan/log/sea.smc.stats.typeon.stderr.log
290,smc_typeon,Target/zfp/src/template/encode.c,154,5,Possible read of undefined value at,"%82 = shufflevector <2 x i64> %81, <2 x i64> poison, <2 x i32> zeroinitializer, !dbg !465",/home/jimi/PaperExperiment/CompilerOptimization/Result/zfp/seahorn/seahorn-O2-g/result/run_20260320_121720_fixed_fullscan/log/sea.smc.stats.typeon.stderr.log
291,smc_typeon,Target/zfp/src/template/encode.c,154,5,Possible read of undefined value at,"%83 = insertelement <2 x i64> poison, i64 %37, i64 0, !dbg !465",/home/jimi/PaperExperiment/CompilerOptimization/Result/zfp/seahorn/seahorn-O2-g/result/run_20260320_121720_fixed_fullscan/log/sea.smc.stats.typeon.stderr.log
292,smc_typeon,Target/zfp/src/template/encode.c,154,5,Possible read of undefined value at,"%84 = shufflevector <2 x i64> %83, <2 x i64> poison, <2 x i32> zeroinitializer, !dbg !465",/home/jimi/PaperExperiment/CompilerOptimization/Result/zfp/seahorn/seahorn-O2-g/result/run_20260320_121720_fixed_fullscan/log/sea.smc.stats.typeon.stderr.log
293,smc_typeon,Target/zfp/src/template/encode.c,225,5,Possible read of undefined value at,"%362 = insertelement <2 x i64> poison, i64 %313, i64 0, !dbg !613",/home/jimi/PaperExperiment/CompilerOptimization/Result/zfp/seahorn/seahorn-O2-g/result/run_20260320_121720_fixed_fullscan/log/sea.smc.stats.typeon.stderr.log
294,smc_typeon,Target/zfp/src/template/encode.c,225,5,Possible read of undefined value at,"%363 = shufflevector <2 x i64> %362, <2 x i64> poison, <2 x i32> zeroinitializer, !dbg !613",/home/jimi/PaperExperiment/CompilerOptimization/Result/zfp/seahorn/seahorn-O2-g/result/run_20260320_121720_fixed_fullscan/log/sea.smc.stats.typeon.stderr.log
295,smc_typeon,Target/zfp/src/template/encode.c,225,5,Possible read of undefined value at,"%364 = insertelement <2 x i64> poison, i64 %313, i64 0, !dbg !613",/home/jimi/PaperExperiment/CompilerOptimization/Result/zfp/seahorn/seahorn-O2-g/result/run_20260320_121720_fixed_fullscan/log/sea.smc.stats.typeon.stderr.log
296,smc_typeon,Target/zfp/src/template/encode.c,225,5,Possible read of undefined value at,"%365 = shufflevector <2 x i64> %364, <2 x i64> poison, <2 x i32> zeroinitializer, !dbg !613",/home/jimi/PaperExperiment/CompilerOptimization/Result/zfp/seahorn/seahorn-O2-g/result/run_20260320_121720_fixed_fullscan/log/sea.smc.stats.typeon.stderr.log
297,smc_typeon,Target/zfp/src/template/codecf.c,29,3,Possible read of undefined value at,"%166 = insertelement <4 x float> poison, float %165, i64 0, !dbg !572",/home/jimi/PaperExperiment/CompilerOptimization/Result/zfp/seahorn/seahorn-O2-g/result/run_20260320_121720_fixed_fullscan/log/sea.smc.stats.typeon.stderr.log
298,smc_typeon,Target/zfp/src/template/codecf.c,29,3,Possible read of undefined value at,"%167 = shufflevector <4 x float> %166, <4 x float> poison, <4 x i32> zeroinitializer, !dbg !572",/home/jimi/PaperExperiment/CompilerOptimization/Result/zfp/seahorn/seahorn-O2-g/result/run_20260320_121720_fixed_fullscan/log/sea.smc.stats.typeon.stderr.log
299,smc_typeon,Target/zfp/src/template/codecf.c,29,3,Possible read of undefined value at,"%168 = insertelement <4 x float> poison, float %165, i64 0, !dbg !572",/home/jimi/PaperExperiment/CompilerOptimization/Result/zfp/seahorn/seahorn-O2-g/result/run_20260320_121720_fixed_fullscan/log/sea.smc.stats.typeon.stderr.log
300,smc_typeon,Target/zfp/src/template/codecf.c,29,3,Possible read of undefined value at,"%169 = shufflevector <4 x float> %168, <4 x float> poison, <4 x i32> zeroinitializer, !dbg !572",/home/jimi/PaperExperiment/CompilerOptimization/Result/zfp/seahorn/seahorn-O2-g/result/run_20260320_121720_fixed_fullscan/log/sea.smc.stats.typeon.stderr.log
301,smc_typeon,Target/zfp/src/template/codecf.c,29,3,Possible read of undefined value at,"%823 = insertelement <4 x float> poison, float %822, i64 0, !dbg !1016",/home/jimi/PaperExperiment/CompilerOptimization/Result/zfp/seahorn/seahorn-O2-g/result/run_20260320_121720_fixed_fullscan/log/sea.smc.stats.typeon.stderr.log
302,smc_typeon,Target/zfp/src/template/codecf.c,29,3,Possible read of undefined value at,"%824 = shufflevector <4 x float> %823, <4 x float> poison, <4 x i32> zeroinitializer, !dbg !1016",/home/jimi/PaperExperiment/CompilerOptimization/Result/zfp/seahorn/seahorn-O2-g/result/run_20260320_121720_fixed_fullscan/log/sea.smc.stats.typeon.stderr.log
303,smc_typeon,Target/zfp/src/template/codecf.c,29,3,Possible read of undefined value at,"%825 = insertelement <4 x float> poison, float %822, i64 0, !dbg !1016",/home/jimi/PaperExperiment/CompilerOptimization/Result/zfp/seahorn/seahorn-O2-g/result/run_20260320_121720_fixed_fullscan/log/sea.smc.stats.typeon.stderr.log
304,smc_typeon,Target/zfp/src/template/codecf.c,29,3,Possible read of undefined value at,"%826 = shufflevector <4 x float> %825, <4 x float> poison, <4 x i32> zeroinitializer, !dbg !1016",/home/jimi/PaperExperiment/CompilerOptimization/Result/zfp/seahorn/seahorn-O2-g/result/run_20260320_121720_fixed_fullscan/log/sea.smc.stats.typeon.stderr.log
305,smc_typeon,Target/zfp/src/template/codecf.c,29,3,Possible read of undefined value at,"%116 = insertelement <2 x double> poison, double %115, i64 0, !dbg !576",/home/jimi/PaperExperiment/CompilerOptimization/Result/zfp/seahorn/seahorn-O2-g/result/run_20260320_121720_fixed_fullscan/log/sea.smc.stats.typeon.stderr.log
306,smc_typeon,Target/zfp/src/template/codecf.c,29,3,Possible read of undefined value at,"%117 = shufflevector <2 x double> %116, <2 x double> poison, <2 x i32> zeroinitializer, !dbg !576",/home/jimi/PaperExperiment/CompilerOptimization/Result/zfp/seahorn/seahorn-O2-g/result/run_20260320_121720_fixed_fullscan/log/sea.smc.stats.typeon.stderr.log
307,smc_typeon,Target/zfp/src/template/codecf.c,29,3,Possible read of undefined value at,"%118 = insertelement <2 x double> poison, double %115, i64 0, !dbg !576",/home/jimi/PaperExperiment/CompilerOptimization/Result/zfp/seahorn/seahorn-O2-g/result/run_20260320_121720_fixed_fullscan/log/sea.smc.stats.typeon.stderr.log
308,smc_typeon,Target/zfp/src/template/codecf.c,29,3,Possible read of undefined value at,"%119 = shufflevector <2 x double> %118, <2 x double> poison, <2 x i32> zeroinitializer, !dbg !576",/home/jimi/PaperExperiment/CompilerOptimization/Result/zfp/seahorn/seahorn-O2-g/result/run_20260320_121720_fixed_fullscan/log/sea.smc.stats.typeon.stderr.log
309,smc_typeon,Target/zfp/src/template/codecf.c,29,3,Possible read of undefined value at,"%773 = insertelement <2 x double> poison, double %772, i64 0, !dbg !1021",/home/jimi/PaperExperiment/CompilerOptimization/Result/zfp/seahorn/seahorn-O2-g/result/run_20260320_121720_fixed_fullscan/log/sea.smc.stats.typeon.stderr.log
310,smc_typeon,Target/zfp/src/template/codecf.c,29,3,Possible read of undefined value at,"%774 = shufflevector <2 x double> %773, <2 x double> poison, <2 x i32> zeroinitializer, !dbg !1021",/home/jimi/PaperExperiment/CompilerOptimization/Result/zfp/seahorn/seahorn-O2-g/result/run_20260320_121720_fixed_fullscan/log/sea.smc.stats.typeon.stderr.log
311,smc_typeon,Target/zfp/src/template/codecf.c,29,3,Possible read of undefined value at,"%775 = insertelement <2 x double> poison, double %772, i64 0, !dbg !1021",/home/jimi/PaperExperiment/CompilerOptimization/Result/zfp/seahorn/seahorn-O2-g/result/run_20260320_121720_fixed_fullscan/log/sea.smc.stats.typeon.stderr.log
312,smc_typeon,Target/zfp/src/template/codecf.c,29,3,Possible read of undefined value at,"%776 = shufflevector <2 x double> %775, <2 x double> poison, <2 x i32> zeroinitializer, !dbg !1021",/home/jimi/PaperExperiment/CompilerOptimization/Result/zfp/seahorn/seahorn-O2-g/result/run_20260320_121720_fixed_fullscan/log/sea.smc.stats.typeon.stderr.log
