---------------- t _GLOBAL__sub_I_bfbs_gen_nim.cpp
---------------- t _GLOBAL__sub_I_binary_annotator.cpp
---------------- t _GLOBAL__sub_I_file_name_manager.cpp
---------------- t _GLOBAL__sub_I_flatc.cpp
---------------- t _GLOBAL__sub_I_idl_gen_csharp.cpp
---------------- t _GLOBAL__sub_I_idl_gen_dart.cpp
---------------- t _GLOBAL__sub_I_idl_gen_grpc.cpp
---------------- t _GLOBAL__sub_I_idl_gen_java.cpp
---------------- t _GLOBAL__sub_I_idl_gen_json_schema.cpp
---------------- t _GLOBAL__sub_I_idl_gen_kotlin.cpp
---------------- t _GLOBAL__sub_I_idl_gen_kotlin_kmp.cpp
---------------- t _GLOBAL__sub_I_idl_gen_php.cpp
---------------- t _GLOBAL__sub_I_idl_gen_python.cpp
---------------- t _GLOBAL__sub_I_idl_gen_ts.cpp
---------------- t _GLOBAL__sub_I_idl_parser.cpp
---------------- t _GLOBAL__sub_I_java_generator.cc
---------------- t _GLOBAL__sub_I_python.cc
---------------- t _GLOBAL__sub_I_python_generator.cc
---------------- t _GLOBAL__sub_I_util.cpp
---------------- W _Z9as_stringIiENSt7__cxx1112basic_stringIcSt11char_traitsIcESaIcEEET_
---------------- d _ZGVZN11flatbuffers12_GLOBAL__N_114HasFieldWithIdERKSt6vectorIPNS_8FieldDefESaIS3_EEE2IDB5cxx11
---------------- d _ZGVZN11flatbuffers12_GLOBAL__N_118ExtractProtobufIdsERKSt6vectorIPNS_8FieldDefESaIS3_EEE2IDB5cxx11
---------------- d _ZGVZN11flatbuffers12_GLOBAL__N_121HasNonPositiveFieldIdERKSt6vectorIPNS_8FieldDefESaIS3_EEE2IDB5cxx11
---------------- d _ZGVZN11flatbuffers12_GLOBAL__N_125HasFieldIdFromReservedIdsERKSt6vectorIPNS_8FieldDefESaIS3_EERKS1_ItSaItEEE2IDB5cxx11
---------------- W _ZGVZNK11flatbuffers3cpp12CppGenerator4NameB5cxx11ERKNS_8FieldDefEE16union_suffix_len
---------------- d _ZL14g_program_name
---------------- t _ZL4WarnPKN11flatbuffers12FlatCompilerERKNSt7__cxx1112basic_stringIcSt11char_traitsIcESaIcEEEb
---------------- t _ZL5ErrorPKN11flatbuffers12FlatCompilerERKNSt7__cxx1112basic_stringIcSt11char_traitsIcESaIcEEEbb
---------------- W _ZN10reflection10CreateEnumERN11flatbuffers21FlatBufferBuilderImplILb0EEENS0_6OffsetINS0_6StringEEENS4_INS0_6VectorINS4_INS_7EnumValEEEjEEEEbNS4_INS_4TypeEEENS4_INS7_INS4_INS_8KeyValueEEEjEEEENS4_INS7_IS6_jEEEES6_
---------------- W _ZN10reflection10CreateTypeERN11flatbuffers21FlatBufferBuilderImplILb0EEENS_8BaseTypeES4_itjj
---------------- W _ZN10reflection11CreateFieldERN11flatbuffers21FlatBufferBuilderImplILb0EEENS0_6OffsetINS0_6StringEEENS4_INS_4TypeEEEttldbbbNS4_INS0_6VectorINS4_INS_8KeyValueEEEjEEEENS4_INS9_IS6_jEEEEbtb
---------------- W _ZN10reflection11EnumBuilder6FinishEv
---------------- W _ZN10reflection12CreateObjectERN11flatbuffers21FlatBufferBuilderImplILb0EEENS0_6OffsetINS0_6StringEEENS4_INS0_6VectorINS4_INS_5FieldEEEjEEEEbiiNS4_INS7_INS4_INS_8KeyValueEEEjEEEENS4_INS7_IS6_jEEEES6_
---------------- W _ZN10reflection12CreateSchemaERN11flatbuffers21FlatBufferBuilderImplILb0EEENS0_6OffsetINS0_6VectorINS4_INS_6ObjectEEEjEEEENS4_INS5_INS4_INS_4EnumEEEjEEEENS4_INS0_6StringEEESF_S7_NS4_INS5_INS4_INS_7ServiceEEEjEEEENS_16AdvancedFeaturesENS4_INS5_INS4_INS_10SchemaFileEEEjEEEE
---------------- W _ZN10reflection13CreateEnumValERN11flatbuffers21FlatBufferBuilderImplILb0EEENS0_6OffsetINS0_6StringEEElNS4_INS_4TypeEEENS4_INS0_6VectorIS6_jEEEENS4_INS9_INS4_INS_8KeyValueEEEjEEEE
---------------- W _ZN10reflection13CreateRPCCallERN11flatbuffers21FlatBufferBuilderImplILb0EEENS0_6OffsetINS0_6StringEEENS4_INS_6ObjectEEES8_NS4_INS0_6VectorINS4_INS_8KeyValueEEEjEEEENS4_INS9_IS6_jEEEE
---------------- W _ZN10reflection13CreateServiceERN11flatbuffers21FlatBufferBuilderImplILb0EEENS0_6OffsetINS0_6StringEEENS4_INS0_6VectorINS4_INS_7RPCCallEEEjEEEENS4_INS7_INS4_INS_8KeyValueEEEjEEEENS4_INS7_IS6_jEEEES6_
---------------- W _ZN10reflection14CreateKeyValueERN11flatbuffers21FlatBufferBuilderImplILb0EEENS0_6OffsetINS0_6StringEEES6_
---------------- W _ZN10reflection14RPCCallBuilder6FinishEv
---------------- W _ZN10reflection16CreateSchemaFileERN11flatbuffers21FlatBufferBuilderImplILb0EEENS0_6OffsetINS0_6StringEEENS4_INS0_6VectorIS6_jEEEE
---------------- T _ZN11flatbuffers10CodeWriter11AppendIdentERNSt7__cxx1118basic_stringstreamIcSt11char_traitsIcESaIcEEE
---------------- W _ZN11flatbuffers10CodeWriter5ClearEv
---------------- W _ZN11flatbuffers10CodeWriterC2ENSt7__cxx1112basic_stringIcSt11char_traitsIcESaIcEEE
---------------- W _ZN11flatbuffers10CodeWriterD2Ev
---------------- T _ZN11flatbuffers10CodeWriterpLENSt7__cxx1112basic_stringIcSt11char_traitsIcESaIcEEE
---------------- T _ZN11flatbuffers10Definition21DeserializeAttributesERNS_6ParserEPKNS_6VectorINS_6OffsetIN10reflection8KeyValueEEEjEE
---------------- W _ZN11flatbuffers10DefinitionC2Ev
---------------- T _ZN11flatbuffers10FileExistsEPKc
---------------- T _ZN11flatbuffers10GenCommentERKSt6vectorINSt7__cxx1112basic_stringIcSt11char_traitsIcESaIcEEESaIS6_EEPS6_PKNS_13CommentConfigEPKc
---------------- W _ZN11flatbuffers10IDLOptionsC2ERKS0_
---------------- W _ZN11flatbuffers10IDLOptionsC2Ev
---------------- W _ZN11flatbuffers10IDLOptionsD2Ev
---------------- W _ZN11flatbuffers10IDLOptionsaSERKS0_
---------------- W _ZN11flatbuffers10InlineSizeERKNS_4TypeE
---------------- T _ZN11flatbuffers10ServiceDef11DeserializeERNS_6ParserEPKN10reflection7ServiceE
---------------- W _ZN11flatbuffers11CharToLowerEc
---------------- W _ZN11flatbuffers11CharToUpperEc
---------------- T _ZN11flatbuffers11ConvertCaseERKNSt7__cxx1112basic_stringIcSt11char_traitsIcESaIcEEENS_4CaseES8_
---------------- W _ZN11flatbuffers11FlatBufFileD0Ev
---------------- W _ZN11flatbuffers11FlatCOptionC2ERKS0_
---------------- W _ZN11flatbuffers11FlatCOptionD2Ev
---------------- T _ZN11flatbuffers11GenTextFileERKNS_6ParserERKNSt7__cxx1112basic_stringIcSt11char_traitsIcESaIcEEESA_
---------------- W _ZN11flatbuffers11JsonPrinter11PrintOffsetEPKvRKNS_4TypeEiPKhi
---------------- W _ZN11flatbuffers11JsonPrinter11PrintScalarIaEEvT_RKNS_4TypeEi
---------------- W _ZN11flatbuffers11JsonPrinter11PrintScalarIdEEvT_RKNS_4TypeEi
---------------- W _ZN11flatbuffers11JsonPrinter11PrintScalarIfEEvT_RKNS_4TypeEi
---------------- W _ZN11flatbuffers11JsonPrinter11PrintScalarIhEEvT_RKNS_4TypeEi
---------------- W _ZN11flatbuffers11JsonPrinter11PrintScalarIiEEvT_RKNS_4TypeEi
---------------- W _ZN11flatbuffers11JsonPrinter11PrintScalarIjEEvT_RKNS_4TypeEi
---------------- W _ZN11flatbuffers11JsonPrinter11PrintScalarIlEEvT_RKNS_4TypeEi
---------------- W _ZN11flatbuffers11JsonPrinter11PrintScalarImEEvT_RKNS_4TypeEi
---------------- W _ZN11flatbuffers11JsonPrinter11PrintScalarIsEEvT_RKNS_4TypeEi
---------------- W _ZN11flatbuffers11JsonPrinter11PrintScalarItEEvT_RKNS_4TypeEi
---------------- W _ZN11flatbuffers11JsonPrinter14GenFieldOffsetERKNS_8FieldDefEPKNS_5TableEbiPKh
---------------- W _ZN11flatbuffers11JsonPrinter14PrintContainerINS_5ArrayINS_6OffsetIvEELt65535EEEtEEPKcNS_15PrintPointerTagERKT_T0_RKNS_4TypeEiPKh
---------------- W _ZN11flatbuffers11JsonPrinter14PrintContainerINS_5ArrayINS_8Offset64IvEELt65535EEEtEEPKcNS_15PrintPointerTagERKT_T0_RKNS_4TypeEiPKh
---------------- W _ZN11flatbuffers11JsonPrinter14PrintContainerINS_5ArrayIaLt65535EEEtEEPKcNS_14PrintScalarTagERKT_T0_RKNS_4TypeEiPKh
---------------- W _ZN11flatbuffers11JsonPrinter14PrintContainerINS_5ArrayIdLt65535EEEtEEPKcNS_14PrintScalarTagERKT_T0_RKNS_4TypeEiPKh
---------------- W _ZN11flatbuffers11JsonPrinter14PrintContainerINS_5ArrayIfLt65535EEEtEEPKcNS_14PrintScalarTagERKT_T0_RKNS_4TypeEiPKh
---------------- W _ZN11flatbuffers11JsonPrinter14PrintContainerINS_5ArrayIhLt65535EEEtEEPKcNS_14PrintScalarTagERKT_T0_RKNS_4TypeEiPKh
---------------- W _ZN11flatbuffers11JsonPrinter14PrintContainerINS_5ArrayIiLt65535EEEtEEPKcNS_14PrintScalarTagERKT_T0_RKNS_4TypeEiPKh
---------------- W _ZN11flatbuffers11JsonPrinter14PrintContainerINS_5ArrayIjLt65535EEEtEEPKcNS_14PrintScalarTagERKT_T0_RKNS_4TypeEiPKh
---------------- W _ZN11flatbuffers11JsonPrinter14PrintContainerINS_5ArrayIlLt65535EEEtEEPKcNS_14PrintScalarTagERKT_T0_RKNS_4TypeEiPKh
---------------- W _ZN11flatbuffers11JsonPrinter14PrintContainerINS_5ArrayImLt65535EEEtEEPKcNS_14PrintScalarTagERKT_T0_RKNS_4TypeEiPKh
---------------- W _ZN11flatbuffers11JsonPrinter14PrintContainerINS_5ArrayIsLt65535EEEtEEPKcNS_14PrintScalarTagERKT_T0_RKNS_4TypeEiPKh
---------------- W _ZN11flatbuffers11JsonPrinter14PrintContainerINS_5ArrayItLt65535EEEtEEPKcNS_14PrintScalarTagERKT_T0_RKNS_4TypeEiPKh
---------------- W _ZN11flatbuffers11JsonPrinter14PrintContainerINS_6VectorINS_6OffsetIvEEjEEjEEPKcNS_15PrintPointerTagERKT_T0_RKNS_4TypeEiPKh
---------------- W _ZN11flatbuffers11JsonPrinter14PrintContainerINS_6VectorINS_8Offset64IvEEjEEjEEPKcNS_15PrintPointerTagERKT_T0_RKNS_4TypeEiPKh
---------------- W _ZN11flatbuffers11JsonPrinter14PrintContainerINS_6VectorIajEEjEEPKcNS_14PrintScalarTagERKT_T0_RKNS_4TypeEiPKh
---------------- W _ZN11flatbuffers11JsonPrinter14PrintContainerINS_6VectorIdjEEjEEPKcNS_14PrintScalarTagERKT_T0_RKNS_4TypeEiPKh
---------------- W _ZN11flatbuffers11JsonPrinter14PrintContainerINS_6VectorIfjEEjEEPKcNS_14PrintScalarTagERKT_T0_RKNS_4TypeEiPKh
---------------- W _ZN11flatbuffers11JsonPrinter14PrintContainerINS_6VectorIhjEEjEEPKcNS_14PrintScalarTagERKT_T0_RKNS_4TypeEiPKh
---------------- W _ZN11flatbuffers11JsonPrinter14PrintContainerINS_6VectorIijEEjEEPKcNS_14PrintScalarTagERKT_T0_RKNS_4TypeEiPKh
---------------- W _ZN11flatbuffers11JsonPrinter14PrintContainerINS_6VectorIjjEEjEEPKcNS_14PrintScalarTagERKT_T0_RKNS_4TypeEiPKh
---------------- W _ZN11flatbuffers11JsonPrinter14PrintContainerINS_6VectorIljEEjEEPKcNS_14PrintScalarTagERKT_T0_RKNS_4TypeEiPKh
---------------- W _ZN11flatbuffers11JsonPrinter14PrintContainerINS_6VectorImjEEjEEPKcNS_14PrintScalarTagERKT_T0_RKNS_4TypeEiPKh
---------------- W _ZN11flatbuffers11JsonPrinter14PrintContainerINS_6VectorIsjEEjEEPKcNS_14PrintScalarTagERKT_T0_RKNS_4TypeEiPKh
---------------- W _ZN11flatbuffers11JsonPrinter14PrintContainerINS_6VectorItjEEjEEPKcNS_14PrintScalarTagERKT_T0_RKNS_4TypeEiPKh
---------------- W _ZN11flatbuffers11JsonPrinter16OutputIdentifierERKNSt7__cxx1112basic_stringIcSt11char_traitsIcESaIcEEE
---------------- W _ZN11flatbuffers11JsonPrinter8GenFieldIaEEvRKNS_8FieldDefEPKNS_5TableEbi
---------------- W _ZN11flatbuffers11JsonPrinter8GenFieldIdEEvRKNS_8FieldDefEPKNS_5TableEbi
---------------- W _ZN11flatbuffers11JsonPrinter8GenFieldIfEEvRKNS_8FieldDefEPKNS_5TableEbi
---------------- W _ZN11flatbuffers11JsonPrinter8GenFieldIhEEvRKNS_8FieldDefEPKNS_5TableEbi
---------------- W _ZN11flatbuffers11JsonPrinter8GenFieldIiEEvRKNS_8FieldDefEPKNS_5TableEbi
---------------- W _ZN11flatbuffers11JsonPrinter8GenFieldIjEEvRKNS_8FieldDefEPKNS_5TableEbi
---------------- W _ZN11flatbuffers11JsonPrinter8GenFieldIlEEvRKNS_8FieldDefEPKNS_5TableEbi
---------------- W _ZN11flatbuffers11JsonPrinter8GenFieldImEEvRKNS_8FieldDefEPKNS_5TableEbi
---------------- W _ZN11flatbuffers11JsonPrinter8GenFieldIsEEvRKNS_8FieldDefEPKNS_5TableEbi
---------------- W _ZN11flatbuffers11JsonPrinter8GenFieldItEEvRKNS_8FieldDefEPKNS_5TableEbi
---------------- W _ZN11flatbuffers11JsonPrinter9GenStructERKNS_9StructDefEPKNS_5TableEi
---------------- W _ZN11flatbuffers11NumToStringINSt7__cxx1112basic_stringIcSt11char_traitsIcESaIcEEEEES6_T_
---------------- W _ZN11flatbuffers11NumToStringIbEENSt7__cxx1112basic_stringIcSt11char_traitsIcESaIcEEET_
---------------- W _ZN11flatbuffers11NumToStringIiEENSt7__cxx1112basic_stringIcSt11char_traitsIcESaIcEEET_
---------------- W _ZN11flatbuffers11NumToStringIjEENSt7__cxx1112basic_stringIcSt11char_traitsIcESaIcEEET_
---------------- W _ZN11flatbuffers11NumToStringIlEENSt7__cxx1112basic_stringIcSt11char_traitsIcESaIcEEET_
---------------- W _ZN11flatbuffers11NumToStringImEENSt7__cxx1112basic_stringIcSt11char_traitsIcESaIcEEET_
---------------- W _ZN11flatbuffers11NumToStringIsEENSt7__cxx1112basic_stringIcSt11char_traitsIcESaIcEEET_
---------------- W _ZN11flatbuffers11NumToStringItEENSt7__cxx1112basic_stringIcSt11char_traitsIcESaIcEEET_
---------------- W _ZN11flatbuffers11ParserStateD2Ev
---------------- W _ZN11flatbuffers11ParserStateaSERKS0_
---------------- T _ZN11flatbuffers11StripPrefixERKNSt7__cxx1112basic_stringIcSt11char_traitsIcESaIcEEES7_
---------------- W _ZN11flatbuffers11SymbolTableINS_10ServiceDefEE3AddERKNSt7__cxx1112basic_stringIcSt11char_traitsIcESaIcEEEPS1_
---------------- W _ZN11flatbuffers11SymbolTableINS_10ServiceDefEED2Ev
---------------- W _ZN11flatbuffers11SymbolTableINS_4TypeEE3AddERKNSt7__cxx1112basic_stringIcSt11char_traitsIcESaIcEEEPS1_
---------------- W _ZN11flatbuffers11SymbolTableINS_4TypeEED2Ev
---------------- W _ZN11flatbuffers11SymbolTableINS_5ValueEE3AddERKNSt7__cxx1112basic_stringIcSt11char_traitsIcESaIcEEEPS1_
---------------- W _ZN11flatbuffers11SymbolTableINS_5ValueEEC2ERKS2_
---------------- W _ZN11flatbuffers11SymbolTableINS_5ValueEED2Ev
---------------- W _ZN11flatbuffers11SymbolTableINS_7EnumDefEE3AddERKNSt7__cxx1112basic_stringIcSt11char_traitsIcESaIcEEEPS1_
---------------- W _ZN11flatbuffers11SymbolTableINS_7EnumDefEED2Ev
---------------- W _ZN11flatbuffers11SymbolTableINS_7EnumValEE3AddERKNSt7__cxx1112basic_stringIcSt11char_traitsIcESaIcEEEPS1_
---------------- W _ZN11flatbuffers11SymbolTableINS_7EnumValEED2Ev
---------------- W _ZN11flatbuffers11SymbolTableINS_7RPCCallEE3AddERKNSt7__cxx1112basic_stringIcSt11char_traitsIcESaIcEEEPS1_
---------------- W _ZN11flatbuffers11SymbolTableINS_7RPCCallEED2Ev
---------------- W _ZN11flatbuffers11SymbolTableINS_8FieldDefEE3AddERKNSt7__cxx1112basic_stringIcSt11char_traitsIcESaIcEEEPS1_
---------------- W _ZN11flatbuffers11SymbolTableINS_8FieldDefEED2Ev
---------------- W _ZN11flatbuffers11SymbolTableINS_9StructDefEE3AddERKNSt7__cxx1112basic_stringIcSt11char_traitsIcESaIcEEEPS1_
---------------- W _ZN11flatbuffers11SymbolTableINS_9StructDefEE4MoveERKNSt7__cxx1112basic_stringIcSt11char_traitsIcESaIcEEESA_
---------------- W _ZN11flatbuffers11SymbolTableINS_9StructDefEED2Ev
---------------- T _ZN11flatbuffers12AbsolutePathERKNSt7__cxx1112basic_stringIcSt11char_traitsIcESaIcEEE
---------------- W _ZN11flatbuffers12BinaryRegionD2Ev
---------------- W _ZN11flatbuffers12EscapeStringEPKcmPNSt7__cxx1112basic_stringIcSt11char_traitsIcESaIcEEEbb
---------------- W _ZN11flatbuffers12FlatCOptionsD2Ev
---------------- T _ZN11flatbuffers12FlatCompiler12GenerateCodeERKNS_12FlatCOptionsERNS_6ParserE
---------------- T _ZN11flatbuffers12FlatCompiler15ValidateOptionsERKNS_12FlatCOptionsE
---------------- T _ZN11flatbuffers12FlatCompiler16AnnotateBinariesEPKhmRKNS_12FlatCOptionsE
---------------- T _ZN11flatbuffers12FlatCompiler16GetConformParserERKNS_12FlatCOptionsE
---------------- T _ZN11flatbuffers12FlatCompiler16LoadBinarySchemaERNS_6ParserERKNSt7__cxx1112basic_stringIcSt11char_traitsIcESaIcEEESA_
---------------- T _ZN11flatbuffers12FlatCompiler21RegisterCodeGeneratorERKNS_11FlatCOptionESt10shared_ptrINS_13CodeGeneratorEE
---------------- T _ZN11flatbuffers12FlatCompiler29ParseFromCommandLineArgumentsEiPPKc
---------------- T _ZN11flatbuffers12FlatCompiler7CompileERKNS_12FlatCOptionsE
---------------- T _ZN11flatbuffers12ForAllFieldsEPKN10reflection6ObjectEbSt8functionIFvPKNS0_5FieldEEE
---------------- T _ZN11flatbuffers12GenerateTextERKNS_6ParserEPKvPNSt7__cxx1112basic_stringIcSt11char_traitsIcESaIcEEE
---------------- W _ZN11flatbuffers12GetAnyFieldSB5cxx11ERKNS_5TableERKN10reflection5FieldEPKNS3_6SchemaE
---------------- T _ZN11flatbuffers12GetAnyValueFEN10reflection8BaseTypeEPKh
---------------- T _ZN11flatbuffers12GetAnyValueIEN10reflection8BaseTypeEPKh
---------------- T _ZN11flatbuffers12GetAnyValueSB5cxx11EN10reflection8BaseTypeEPKhPKNS0_6SchemaEi
---------------- T _ZN11flatbuffers12GetExtensionERKNSt7__cxx1112basic_stringIcSt11char_traitsIcESaIcEEE
---------------- W _ZN11flatbuffers12GetUnionTypeERKN10reflection6SchemaERKNS0_6ObjectERKNS0_5FieldERKNS_5TableE
---------------- W _ZN11flatbuffers12IncludedFileC2ERKS0_
---------------- W _ZN11flatbuffers12IncludedFileD2Ev
---------------- T _ZN11flatbuffers12SetAnyValueFEN10reflection8BaseTypeEPhd
---------------- T _ZN11flatbuffers12SetAnyValueIEN10reflection8BaseTypeEPhl
---------------- T _ZN11flatbuffers12SetAnyValueSEN10reflection8BaseTypeEPhPKc
---------------- t _ZN11flatbuffers12_GLOBAL__N_110CopyInlineERNS_21FlatBufferBuilderImplILb0EEERKN10reflection5FieldERKNS_5TableEmm
---------------- t _ZN11flatbuffers12_GLOBAL__N_111GenerateFBSERKNS_6ParserERKNSt7__cxx1112basic_stringIcSt11char_traitsIcESaIcEEEb
---------------- t _ZN11flatbuffers12_GLOBAL__N_111GetFullTypeERKNS_4TypeE
---------------- t _ZN11flatbuffers12_GLOBAL__N_111LoadFileRawEPKcbPNSt7__cxx1112basic_stringIcSt11char_traitsIcESaIcEEE
---------------- t _ZN11flatbuffers12_GLOBAL__N_111SimpleQsortINS_6OffsetINS_5TableEEEZNS_6Parser11ParseVectorERKNS_4TypeEPjPNS_8FieldDefEmE3$_6PFvPS4_SD_EEEvPT_SH_mT0_T1_
---------------- t _ZN11flatbuffers12_GLOBAL__N_111SimpleQsortINS_6OffsetINS_5TableEEEZNS_6Parser11ParseVectorERKNS_4TypeEPjPNS_8FieldDefEmE3$_7PFvPS4_SD_EEEvPT_SH_mT0_T1_
---------------- t _ZN11flatbuffers12_GLOBAL__N_111SimpleQsortIhZNS_6Parser11ParseVectorERKNS_4TypeEPjPNS_8FieldDefEmE3$_4ZNS2_11ParseVectorES5_S6_S8_mE3$_5EEvPT_SC_mT0_T1_
---------------- t _ZN11flatbuffers12_GLOBAL__N_111ToCamelCaseERKNSt7__cxx1112basic_stringIcSt11char_traitsIcESaIcEEEb
---------------- t _ZN11flatbuffers12_GLOBAL__N_111VerifyUnionERNS_16VerifierTemplateILb0EEERKN10reflection6SchemaEhPKhRKNS4_5FieldE
---------------- t _ZN11flatbuffers12_GLOBAL__N_111compareNameINS_7EnumDefEEEbPKT_S5_
---------------- t _ZN11flatbuffers12_GLOBAL__N_111compareNameINS_9StructDefEEEbPKT_S5_
---------------- t _ZN11flatbuffers12_GLOBAL__N_112GenNameSpaceERKNS_9NamespaceEPNSt7__cxx1112basic_stringIcSt11char_traitsIcESaIcEEEPPS2_
---------------- t _ZN11flatbuffers12_GLOBAL__N_112GetNamespaceERKNSt7__cxx1112basic_stringIcSt11char_traitsIcESaIcEEERSt6vectorIPNS_9NamespaceESaISB_EERSt3mapIS6_SB_St4lessIS6_ESaISt4pairIS7_SB_EEE
---------------- t _ZN11flatbuffers12_GLOBAL__N_112NsDefinitionD2Ev
---------------- t _ZN11flatbuffers12_GLOBAL__N_112RustKeywordsB5cxx11Ev
---------------- t _ZN11flatbuffers12_GLOBAL__N_112VerifyObjectERNS_16VerifierTemplateILb0EEERKN10reflection6SchemaERKNS4_6ObjectEPKNS_5TableEb
---------------- t _ZN11flatbuffers12_GLOBAL__N_113FileExistsRawEPKc
---------------- t _ZN11flatbuffers12_GLOBAL__N_113ToValueStringB5cxx11ERKNS_12BinaryRegionEPKhRKNS0_12OutputConfigE
---------------- t _ZN11flatbuffers12_GLOBAL__N_113ToValueStringIhEENSt7__cxx1112basic_stringIcSt11char_traitsIcESaIcEEERKNS_12BinaryRegionEPKh
---------------- t _ZN11flatbuffers12_GLOBAL__N_113ToValueStringIiEENSt7__cxx1112basic_stringIcSt11char_traitsIcESaIcEEERKNS_12BinaryRegionEPKh
---------------- t _ZN11flatbuffers12_GLOBAL__N_113ToValueStringIjEENSt7__cxx1112basic_stringIcSt11char_traitsIcESaIcEEERKNS_12BinaryRegionEPKh
---------------- t _ZN11flatbuffers12_GLOBAL__N_113ToValueStringImEENSt7__cxx1112basic_stringIcSt11char_traitsIcESaIcEEERKNS_12BinaryRegionEPKh
---------------- t _ZN11flatbuffers12_GLOBAL__N_113ToValueStringItEENSt7__cxx1112basic_stringIcSt11char_traitsIcESaIcEEERKNS_12BinaryRegionEPKh
---------------- t _ZN11flatbuffers12_GLOBAL__N_113TokenToStringB5cxx11Ei
---------------- d _ZN11flatbuffers12_GLOBAL__N_113builtin_typesB5cxx11E
---------------- t _ZN11flatbuffers12_GLOBAL__N_114BinaryFileNameERKNS_6ParserERKNSt7__cxx1112basic_stringIcSt11char_traitsIcESaIcEEESB_
---------------- t _ZN11flatbuffers12_GLOBAL__N_114DeserializeDocERSt6vectorINSt7__cxx1112basic_stringIcSt11char_traitsIcESaIcEEESaIS7_EEPKNS_6VectorINS_6OffsetINS_6StringEEEjEE
---------------- t _ZN11flatbuffers12_GLOBAL__N_114GenerateRegionERSoRKNS_12BinaryRegionERKNS_13BinarySectionEPKhRKNS0_12OutputConfigE
---------------- t _ZN11flatbuffers12_GLOBAL__N_115GenerateCommentB5cxx11ERKNS_19BinaryRegionCommentERKNS_13BinarySectionE
---------------- t _ZN11flatbuffers12_GLOBAL__N_115GoCodeGenerator12GenerateCodeEPKhlRKNS_14CodeGenOptionsE
---------------- t _ZN11flatbuffers12_GLOBAL__N_115GoCodeGenerator12GenerateCodeERKNS_6ParserERKNSt7__cxx1112basic_stringIcSt11char_traitsIcESaIcEEESC_
---------------- t _ZN11flatbuffers12_GLOBAL__N_115GoCodeGenerator16GenerateGrpcCodeERKNS_6ParserERKNSt7__cxx1112basic_stringIcSt11char_traitsIcESaIcEEESC_
---------------- t _ZN11flatbuffers12_GLOBAL__N_115GoCodeGenerator16GenerateMakeRuleERKNS_6ParserERKNSt7__cxx1112basic_stringIcSt11char_traitsIcESaIcEEESC_RSA_
---------------- t _ZN11flatbuffers12_GLOBAL__N_115GoCodeGenerator16GenerateRootFileERKNS_6ParserERKNSt7__cxx1112basic_stringIcSt11char_traitsIcESaIcEEE
---------------- t _ZN11flatbuffers12_GLOBAL__N_115GoCodeGeneratorD0Ev
---------------- t _ZN11flatbuffers12_GLOBAL__N_115TsCodeGenerator12GenerateCodeEPKhlRKNS_14CodeGenOptionsE
---------------- t _ZN11flatbuffers12_GLOBAL__N_115TsCodeGenerator12GenerateCodeERKNS_6ParserERKNSt7__cxx1112basic_stringIcSt11char_traitsIcESaIcEEESC_
---------------- t _ZN11flatbuffers12_GLOBAL__N_115TsCodeGenerator16GenerateGrpcCodeERKNS_6ParserERKNSt7__cxx1112basic_stringIcSt11char_traitsIcESaIcEEESC_
---------------- t _ZN11flatbuffers12_GLOBAL__N_115TsCodeGenerator16GenerateMakeRuleERKNS_6ParserERKNSt7__cxx1112basic_stringIcSt11char_traitsIcESaIcEEESC_RSA_
---------------- t _ZN11flatbuffers12_GLOBAL__N_115TsCodeGenerator16GenerateRootFileERKNS_6ParserERKNSt7__cxx1112basic_stringIcSt11char_traitsIcESaIcEEE
---------------- t _ZN11flatbuffers12_GLOBAL__N_115TsCodeGeneratorD0Ev
---------------- t _ZN11flatbuffers12_GLOBAL__N_116BinaryRegionSortERKNS_12BinaryRegionES3_
---------------- t _ZN11flatbuffers12_GLOBAL__N_116CppCodeGenerator12GenerateCodeEPKhlRKNS_14CodeGenOptionsE
---------------- t _ZN11flatbuffers12_GLOBAL__N_116CppCodeGenerator12GenerateCodeERKNS_6ParserERKNSt7__cxx1112basic_stringIcSt11char_traitsIcESaIcEEESC_
---------------- t _ZN11flatbuffers12_GLOBAL__N_116CppCodeGenerator16GenerateGrpcCodeERKNS_6ParserERKNSt7__cxx1112basic_stringIcSt11char_traitsIcESaIcEEESC_
---------------- t _ZN11flatbuffers12_GLOBAL__N_116CppCodeGenerator16GenerateMakeRuleERKNS_6ParserERKNSt7__cxx1112basic_stringIcSt11char_traitsIcESaIcEEESC_RSA_
---------------- t _ZN11flatbuffers12_GLOBAL__N_116CppCodeGenerator16GenerateRootFileERKNS_6ParserERKNSt7__cxx1112basic_stringIcSt11char_traitsIcESaIcEEE
---------------- t _ZN11flatbuffers12_GLOBAL__N_116CppCodeGeneratorD0Ev
---------------- t _ZN11flatbuffers12_GLOBAL__N_116FBSCodeGenerator12GenerateCodeEPKhlRKNS_14CodeGenOptionsE
---------------- t _ZN11flatbuffers12_GLOBAL__N_116FBSCodeGenerator12GenerateCodeERKNS_6ParserERKNSt7__cxx1112basic_stringIcSt11char_traitsIcESaIcEEESC_
---------------- t _ZN11flatbuffers12_GLOBAL__N_116FBSCodeGenerator16GenerateGrpcCodeERKNS_6ParserERKNSt7__cxx1112basic_stringIcSt11char_traitsIcESaIcEEESC_
---------------- t _ZN11flatbuffers12_GLOBAL__N_116FBSCodeGenerator16GenerateMakeRuleERKNS_6ParserERKNSt7__cxx1112basic_stringIcSt11char_traitsIcESaIcEEESC_RSA_
---------------- t _ZN11flatbuffers12_GLOBAL__N_116FBSCodeGenerator16GenerateRootFileERKNS_6ParserERKNSt7__cxx1112basic_stringIcSt11char_traitsIcESaIcEEE
---------------- t _ZN11flatbuffers12_GLOBAL__N_116FBSCodeGenerator18GenerateCodeStringERKNS_6ParserERKNSt7__cxx1112basic_stringIcSt11char_traitsIcESaIcEEERSA_
---------------- t _ZN11flatbuffers12_GLOBAL__N_116FBSCodeGeneratorD0Ev
---------------- t _ZN11flatbuffers12_GLOBAL__N_116ImportDefinitionC2ERKS1_
---------------- t _ZN11flatbuffers12_GLOBAL__N_116ImportDefinitionD2Ev
---------------- t _ZN11flatbuffers12_GLOBAL__N_116LuaBfbsGenerator12GenerateCodeERKNS_6ParserERKNSt7__cxx1112basic_stringIcSt11char_traitsIcESaIcEEESC_
---------------- t _ZN11flatbuffers12_GLOBAL__N_116LuaBfbsGenerator16GenerateGrpcCodeERKNS_6ParserERKNSt7__cxx1112basic_stringIcSt11char_traitsIcESaIcEEESC_
---------------- t _ZN11flatbuffers12_GLOBAL__N_116LuaBfbsGenerator16GenerateMakeRuleERKNS_6ParserERKNSt7__cxx1112basic_stringIcSt11char_traitsIcESaIcEEESC_RSA_
---------------- t _ZN11flatbuffers12_GLOBAL__N_116LuaBfbsGenerator16GenerateRootFileERKNS_6ParserERKNSt7__cxx1112basic_stringIcSt11char_traitsIcESaIcEEE
---------------- t _ZN11flatbuffers12_GLOBAL__N_116LuaBfbsGenerator16RegisterRequiresB5cxx11EPKN10reflection5FieldEb
---------------- t _ZN11flatbuffers12_GLOBAL__N_116LuaBfbsGenerator18GenerateFromSchemaEPKN10reflection6SchemaERKNS_14CodeGenOptionsE
---------------- t _ZN11flatbuffers12_GLOBAL__N_116LuaBfbsGeneratorD0Ev
---------------- t _ZN11flatbuffers12_GLOBAL__N_116LuaBfbsGeneratorD2Ev
---------------- t _ZN11flatbuffers12_GLOBAL__N_116MakeBinaryRegionEmmNS_16BinaryRegionTypeEmmNS_19BinaryRegionCommentE
---------------- t _ZN11flatbuffers12_GLOBAL__N_116NimBfbsGenerator11StringSplitENSt7__cxx1112basic_stringIcSt11char_traitsIcESaIcEEES7_
---------------- t _ZN11flatbuffers12_GLOBAL__N_116NimBfbsGenerator12GenerateCodeERKNS_6ParserERKNSt7__cxx1112basic_stringIcSt11char_traitsIcESaIcEEESC_
---------------- t _ZN11flatbuffers12_GLOBAL__N_116NimBfbsGenerator13EmitCodeBlockERKNSt7__cxx1112basic_stringIcSt11char_traitsIcESaIcEEES9_S9_S9_
---------------- t _ZN11flatbuffers12_GLOBAL__N_116NimBfbsGenerator15RegisterImportsEPKN10reflection6ObjectEPKNS2_5FieldEb
---------------- t _ZN11flatbuffers12_GLOBAL__N_116NimBfbsGenerator16GenerateGrpcCodeERKNS_6ParserERKNSt7__cxx1112basic_stringIcSt11char_traitsIcESaIcEEESC_
---------------- t _ZN11flatbuffers12_GLOBAL__N_116NimBfbsGenerator16GenerateMakeRuleERKNS_6ParserERKNSt7__cxx1112basic_stringIcSt11char_traitsIcESaIcEEESC_RSA_
---------------- t _ZN11flatbuffers12_GLOBAL__N_116NimBfbsGenerator16GenerateRootFileERKNS_6ParserERKNSt7__cxx1112basic_stringIcSt11char_traitsIcESaIcEEE
---------------- t _ZN11flatbuffers12_GLOBAL__N_116NimBfbsGenerator18GenerateFromSchemaEPKN10reflection6SchemaERKNS_14CodeGenOptionsE
---------------- t _ZN11flatbuffers12_GLOBAL__N_116NimBfbsGeneratorD0Ev
---------------- t _ZN11flatbuffers12_GLOBAL__N_116NimBfbsGeneratorD2Ev
---------------- t _ZN11flatbuffers12_GLOBAL__N_116PhpCodeGenerator12GenerateCodeEPKhlRKNS_14CodeGenOptionsE
---------------- t _ZN11flatbuffers12_GLOBAL__N_116PhpCodeGenerator12GenerateCodeERKNS_6ParserERKNSt7__cxx1112basic_stringIcSt11char_traitsIcESaIcEEESC_
---------------- t _ZN11flatbuffers12_GLOBAL__N_116PhpCodeGenerator16GenerateGrpcCodeERKNS_6ParserERKNSt7__cxx1112basic_stringIcSt11char_traitsIcESaIcEEESC_
---------------- t _ZN11flatbuffers12_GLOBAL__N_116PhpCodeGenerator16GenerateMakeRuleERKNS_6ParserERKNSt7__cxx1112basic_stringIcSt11char_traitsIcESaIcEEESC_RSA_
---------------- t _ZN11flatbuffers12_GLOBAL__N_116PhpCodeGenerator16GenerateRootFileERKNS_6ParserERKNSt7__cxx1112basic_stringIcSt11char_traitsIcESaIcEEE
---------------- t _ZN11flatbuffers12_GLOBAL__N_116PhpCodeGeneratorD0Ev
---------------- t _ZN11flatbuffers12_GLOBAL__N_116compareFieldDefsEPKNS_8FieldDefES3_
---------------- t _ZN11flatbuffers12_GLOBAL__N_117DartCodeGenerator12GenerateCodeEPKhlRKNS_14CodeGenOptionsE
---------------- t _ZN11flatbuffers12_GLOBAL__N_117DartCodeGenerator12GenerateCodeERKNS_6ParserERKNSt7__cxx1112basic_stringIcSt11char_traitsIcESaIcEEESC_
---------------- t _ZN11flatbuffers12_GLOBAL__N_117DartCodeGenerator16GenerateGrpcCodeERKNS_6ParserERKNSt7__cxx1112basic_stringIcSt11char_traitsIcESaIcEEESC_
---------------- t _ZN11flatbuffers12_GLOBAL__N_117DartCodeGenerator16GenerateMakeRuleERKNS_6ParserERKNSt7__cxx1112basic_stringIcSt11char_traitsIcESaIcEEESC_RSA_
---------------- t _ZN11flatbuffers12_GLOBAL__N_117DartCodeGenerator16GenerateRootFileERKNS_6ParserERKNSt7__cxx1112basic_stringIcSt11char_traitsIcESaIcEEE
---------------- t _ZN11flatbuffers12_GLOBAL__N_117DartCodeGeneratorD0Ev
---------------- t _ZN11flatbuffers12_GLOBAL__N_117JavaCodeGenerator12GenerateCodeEPKhlRKNS_14CodeGenOptionsE
---------------- t _ZN11flatbuffers12_GLOBAL__N_117JavaCodeGenerator12GenerateCodeERKNS_6ParserERKNSt7__cxx1112basic_stringIcSt11char_traitsIcESaIcEEESC_
---------------- t _ZN11flatbuffers12_GLOBAL__N_117JavaCodeGenerator16GenerateGrpcCodeERKNS_6ParserERKNSt7__cxx1112basic_stringIcSt11char_traitsIcESaIcEEESC_
---------------- t _ZN11flatbuffers12_GLOBAL__N_117JavaCodeGenerator16GenerateMakeRuleERKNS_6ParserERKNSt7__cxx1112basic_stringIcSt11char_traitsIcESaIcEEESC_RSA_
---------------- t _ZN11flatbuffers12_GLOBAL__N_117JavaCodeGenerator16GenerateRootFileERKNS_6ParserERKNSt7__cxx1112basic_stringIcSt11char_traitsIcESaIcEEE
---------------- t _ZN11flatbuffers12_GLOBAL__N_117JavaCodeGeneratorD0Ev
---------------- t _ZN11flatbuffers12_GLOBAL__N_117MakeBinarySectionERKNSt7__cxx1112basic_stringIcSt11char_traitsIcESaIcEEENS_17BinarySectionTypeESt6vectorINS_12BinaryRegionESaISB_EE
---------------- t _ZN11flatbuffers12_GLOBAL__N_117RustCodeGenerator12GenerateCodeEPKhlRKNS_14CodeGenOptionsE
---------------- t _ZN11flatbuffers12_GLOBAL__N_117RustCodeGenerator12GenerateCodeERKNS_6ParserERKNSt7__cxx1112basic_stringIcSt11char_traitsIcESaIcEEESC_
---------------- t _ZN11flatbuffers12_GLOBAL__N_117RustCodeGenerator16GenerateGrpcCodeERKNS_6ParserERKNSt7__cxx1112basic_stringIcSt11char_traitsIcESaIcEEESC_
---------------- t _ZN11flatbuffers12_GLOBAL__N_117RustCodeGenerator16GenerateMakeRuleERKNS_6ParserERKNSt7__cxx1112basic_stringIcSt11char_traitsIcESaIcEEESC_RSA_
---------------- t _ZN11flatbuffers12_GLOBAL__N_117RustCodeGenerator16GenerateRootFileERKNS_6ParserERKNSt7__cxx1112basic_stringIcSt11char_traitsIcESaIcEEE
---------------- t _ZN11flatbuffers12_GLOBAL__N_117RustCodeGeneratorD0Ev
---------------- t _ZN11flatbuffers12_GLOBAL__N_117SingleValueRepackIaEEvRNS_5ValueET_
---------------- t _ZN11flatbuffers12_GLOBAL__N_117SingleValueRepackIhEEvRNS_5ValueET_
---------------- t _ZN11flatbuffers12_GLOBAL__N_117SingleValueRepackIiEEvRNS_5ValueET_
---------------- t _ZN11flatbuffers12_GLOBAL__N_117SingleValueRepackIjEEvRNS_5ValueET_
---------------- t _ZN11flatbuffers12_GLOBAL__N_117SingleValueRepackIlEEvRNS_5ValueET_
---------------- t _ZN11flatbuffers12_GLOBAL__N_117SingleValueRepackImEEvRNS_5ValueET_
---------------- t _ZN11flatbuffers12_GLOBAL__N_117SingleValueRepackIsEEvRNS_5ValueET_
---------------- t _ZN11flatbuffers12_GLOBAL__N_117SingleValueRepackItEEvRNS_5ValueET_
---------------- t _ZN11flatbuffers12_GLOBAL__N_117TextCodeGenerator12GenerateCodeEPKhlRKNS_14CodeGenOptionsE
---------------- t _ZN11flatbuffers12_GLOBAL__N_117TextCodeGenerator12GenerateCodeERKNS_6ParserERKNSt7__cxx1112basic_stringIcSt11char_traitsIcESaIcEEESC_
---------------- t _ZN11flatbuffers12_GLOBAL__N_117TextCodeGenerator16GenerateGrpcCodeERKNS_6ParserERKNSt7__cxx1112basic_stringIcSt11char_traitsIcESaIcEEESC_
---------------- t _ZN11flatbuffers12_GLOBAL__N_117TextCodeGenerator16GenerateMakeRuleERKNS_6ParserERKNSt7__cxx1112basic_stringIcSt11char_traitsIcESaIcEEESC_RSA_
---------------- t _ZN11flatbuffers12_GLOBAL__N_117TextCodeGenerator16GenerateRootFileERKNS_6ParserERKNSt7__cxx1112basic_stringIcSt11char_traitsIcESaIcEEE
---------------- t _ZN11flatbuffers12_GLOBAL__N_117TextCodeGeneratorD0Ev
---------------- t _ZN11flatbuffers12_GLOBAL__N_118ExtractProtobufIdsERKSt6vectorIPNS_8FieldDefESaIS3_EE
---------------- t _ZN11flatbuffers12_GLOBAL__N_118GenerateTypeStringB5cxx11ERKNS_12BinaryRegionE
---------------- t _ZN11flatbuffers12_GLOBAL__N_118SwiftCodeGenerator12GenerateCodeEPKhlRKNS_14CodeGenOptionsE
---------------- t _ZN11flatbuffers12_GLOBAL__N_118SwiftCodeGenerator12GenerateCodeERKNS_6ParserERKNSt7__cxx1112basic_stringIcSt11char_traitsIcESaIcEEESC_
---------------- t _ZN11flatbuffers12_GLOBAL__N_118SwiftCodeGenerator16GenerateGrpcCodeERKNS_6ParserERKNSt7__cxx1112basic_stringIcSt11char_traitsIcESaIcEEESC_
---------------- t _ZN11flatbuffers12_GLOBAL__N_118SwiftCodeGenerator16GenerateMakeRuleERKNS_6ParserERKNSt7__cxx1112basic_stringIcSt11char_traitsIcESaIcEEESC_RSA_
---------------- t _ZN11flatbuffers12_GLOBAL__N_118SwiftCodeGenerator16GenerateRootFileERKNS_6ParserERKNSt7__cxx1112basic_stringIcSt11char_traitsIcESaIcEEE
---------------- t _ZN11flatbuffers12_GLOBAL__N_118SwiftCodeGeneratorD0Ev
---------------- t _ZN11flatbuffers12_GLOBAL__N_119BinaryCodeGenerator12GenerateCodeEPKhlRKNS_14CodeGenOptionsE
---------------- t _ZN11flatbuffers12_GLOBAL__N_119BinaryCodeGenerator12GenerateCodeERKNS_6ParserERKNSt7__cxx1112basic_stringIcSt11char_traitsIcESaIcEEESC_
---------------- t _ZN11flatbuffers12_GLOBAL__N_119BinaryCodeGenerator16GenerateGrpcCodeERKNS_6ParserERKNSt7__cxx1112basic_stringIcSt11char_traitsIcESaIcEEESC_
---------------- t _ZN11flatbuffers12_GLOBAL__N_119BinaryCodeGenerator16GenerateMakeRuleERKNS_6ParserERKNSt7__cxx1112basic_stringIcSt11char_traitsIcESaIcEEESC_RSA_
---------------- t _ZN11flatbuffers12_GLOBAL__N_119BinaryCodeGenerator16GenerateRootFileERKNS_6ParserERKNSt7__cxx1112basic_stringIcSt11char_traitsIcESaIcEEE
---------------- t _ZN11flatbuffers12_GLOBAL__N_119BinaryCodeGeneratorD0Ev
---------------- t _ZN11flatbuffers12_GLOBAL__N_119CSharpCodeGenerator12GenerateCodeEPKhlRKNS_14CodeGenOptionsE
---------------- t _ZN11flatbuffers12_GLOBAL__N_119CSharpCodeGenerator12GenerateCodeERKNS_6ParserERKNSt7__cxx1112basic_stringIcSt11char_traitsIcESaIcEEESC_
---------------- t _ZN11flatbuffers12_GLOBAL__N_119CSharpCodeGenerator16GenerateGrpcCodeERKNS_6ParserERKNSt7__cxx1112basic_stringIcSt11char_traitsIcESaIcEEESC_
---------------- t _ZN11flatbuffers12_GLOBAL__N_119CSharpCodeGenerator16GenerateMakeRuleERKNS_6ParserERKNSt7__cxx1112basic_stringIcSt11char_traitsIcESaIcEEESC_RSA_
---------------- t _ZN11flatbuffers12_GLOBAL__N_119CSharpCodeGenerator16GenerateRootFileERKNS_6ParserERKNSt7__cxx1112basic_stringIcSt11char_traitsIcESaIcEEE
---------------- t _ZN11flatbuffers12_GLOBAL__N_119CSharpCodeGeneratorD0Ev
---------------- t _ZN11flatbuffers12_GLOBAL__N_119KotlinCodeGenerator12GenerateCodeEPKhlRKNS_14CodeGenOptionsE
---------------- t _ZN11flatbuffers12_GLOBAL__N_119KotlinCodeGenerator12GenerateCodeERKNS_6ParserERKNSt7__cxx1112basic_stringIcSt11char_traitsIcESaIcEEESC_
---------------- t _ZN11flatbuffers12_GLOBAL__N_119KotlinCodeGenerator16GenerateGrpcCodeERKNS_6ParserERKNSt7__cxx1112basic_stringIcSt11char_traitsIcESaIcEEESC_
---------------- t _ZN11flatbuffers12_GLOBAL__N_119KotlinCodeGenerator16GenerateMakeRuleERKNS_6ParserERKNSt7__cxx1112basic_stringIcSt11char_traitsIcESaIcEEESC_RSA_
---------------- t _ZN11flatbuffers12_GLOBAL__N_119KotlinCodeGenerator16GenerateRootFileERKNS_6ParserERKNSt7__cxx1112basic_stringIcSt11char_traitsIcESaIcEEE
---------------- t _ZN11flatbuffers12_GLOBAL__N_119KotlinCodeGeneratorD0Ev
---------------- t _ZN11flatbuffers12_GLOBAL__N_119PythonCodeGenerator12GenerateCodeEPKhlRKNS_14CodeGenOptionsE
---------------- t _ZN11flatbuffers12_GLOBAL__N_119PythonCodeGenerator12GenerateCodeERKNS_6ParserERKNSt7__cxx1112basic_stringIcSt11char_traitsIcESaIcEEESC_
---------------- t _ZN11flatbuffers12_GLOBAL__N_119PythonCodeGenerator16GenerateGrpcCodeERKNS_6ParserERKNSt7__cxx1112basic_stringIcSt11char_traitsIcESaIcEEESC_
---------------- t _ZN11flatbuffers12_GLOBAL__N_119PythonCodeGenerator16GenerateMakeRuleERKNS_6ParserERKNSt7__cxx1112basic_stringIcSt11char_traitsIcESaIcEEESC_RSA_
---------------- t _ZN11flatbuffers12_GLOBAL__N_119PythonCodeGenerator16GenerateRootFileERKNS_6ParserERKNSt7__cxx1112basic_stringIcSt11char_traitsIcESaIcEEE
---------------- t _ZN11flatbuffers12_GLOBAL__N_119PythonCodeGeneratorD0Ev
---------------- t _ZN11flatbuffers12_GLOBAL__N_120LobsterCodeGenerator12GenerateCodeEPKhlRKNS_14CodeGenOptionsE
---------------- t _ZN11flatbuffers12_GLOBAL__N_120LobsterCodeGenerator12GenerateCodeERKNS_6ParserERKNSt7__cxx1112basic_stringIcSt11char_traitsIcESaIcEEESC_
---------------- t _ZN11flatbuffers12_GLOBAL__N_120LobsterCodeGenerator16GenerateGrpcCodeERKNS_6ParserERKNSt7__cxx1112basic_stringIcSt11char_traitsIcESaIcEEESC_
---------------- t _ZN11flatbuffers12_GLOBAL__N_120LobsterCodeGenerator16GenerateMakeRuleERKNS_6ParserERKNSt7__cxx1112basic_stringIcSt11char_traitsIcESaIcEEESC_RSA_
---------------- t _ZN11flatbuffers12_GLOBAL__N_120LobsterCodeGenerator16GenerateRootFileERKNS_6ParserERKNSt7__cxx1112basic_stringIcSt11char_traitsIcESaIcEEE
---------------- t _ZN11flatbuffers12_GLOBAL__N_120LobsterCodeGeneratorD0Ev
---------------- t _ZN11flatbuffers12_GLOBAL__N_120TypeToIntervalStringIaEENSt7__cxx1112basic_stringIcSt11char_traitsIcESaIcEEEv
---------------- t _ZN11flatbuffers12_GLOBAL__N_120TypeToIntervalStringIhEENSt7__cxx1112basic_stringIcSt11char_traitsIcESaIcEEEv
---------------- t _ZN11flatbuffers12_GLOBAL__N_120TypeToIntervalStringIiEENSt7__cxx1112basic_stringIcSt11char_traitsIcESaIcEEEv
---------------- t _ZN11flatbuffers12_GLOBAL__N_120TypeToIntervalStringIjEENSt7__cxx1112basic_stringIcSt11char_traitsIcESaIcEEEv
---------------- t _ZN11flatbuffers12_GLOBAL__N_120TypeToIntervalStringIlEENSt7__cxx1112basic_stringIcSt11char_traitsIcESaIcEEEv
---------------- t _ZN11flatbuffers12_GLOBAL__N_120TypeToIntervalStringImEENSt7__cxx1112basic_stringIcSt11char_traitsIcESaIcEEEv
---------------- t _ZN11flatbuffers12_GLOBAL__N_120TypeToIntervalStringIsEENSt7__cxx1112basic_stringIcSt11char_traitsIcESaIcEEEv
---------------- t _ZN11flatbuffers12_GLOBAL__N_120TypeToIntervalStringItEENSt7__cxx1112basic_stringIcSt11char_traitsIcESaIcEEEv
---------------- d _ZN11flatbuffers12_GLOBAL__N_120g_load_file_functionB5cxx11E
---------------- t _ZN11flatbuffers12_GLOBAL__N_121VerifyVectorOfStructsERNS_16VerifierTemplateILb0EEERKNS_5TableEtRKN10reflection6ObjectEb
---------------- t _ZN11flatbuffers12_GLOBAL__N_122GenerateMissingSectionEmmPKh
---------------- t _ZN11flatbuffers12_GLOBAL__N_122KotlinKMPCodeGenerator12GenerateCodeEPKhlRKNS_14CodeGenOptionsE
---------------- t _ZN11flatbuffers12_GLOBAL__N_122KotlinKMPCodeGenerator12GenerateCodeERKNS_6ParserERKNSt7__cxx1112basic_stringIcSt11char_traitsIcESaIcEEESC_
---------------- t _ZN11flatbuffers12_GLOBAL__N_122KotlinKMPCodeGenerator16GenerateGrpcCodeERKNS_6ParserERKNSt7__cxx1112basic_stringIcSt11char_traitsIcESaIcEEESC_
---------------- t _ZN11flatbuffers12_GLOBAL__N_122KotlinKMPCodeGenerator16GenerateMakeRuleERKNS_6ParserERKNSt7__cxx1112basic_stringIcSt11char_traitsIcESaIcEEESC_RSA_
---------------- t _ZN11flatbuffers12_GLOBAL__N_122KotlinKMPCodeGenerator16GenerateRootFileERKNS_6ParserERKNSt7__cxx1112basic_stringIcSt11char_traitsIcESaIcEEE
---------------- t _ZN11flatbuffers12_GLOBAL__N_122KotlinKMPCodeGeneratorD0Ev
---------------- d _ZN11flatbuffers12_GLOBAL__N_122g_file_exists_functionE
---------------- t _ZN11flatbuffers12_GLOBAL__N_123JsonSchemaCodeGenerator12GenerateCodeEPKhlRKNS_14CodeGenOptionsE
---------------- t _ZN11flatbuffers12_GLOBAL__N_123JsonSchemaCodeGenerator12GenerateCodeERKNS_6ParserERKNSt7__cxx1112basic_stringIcSt11char_traitsIcESaIcEEESC_
---------------- t _ZN11flatbuffers12_GLOBAL__N_123JsonSchemaCodeGenerator16GenerateGrpcCodeERKNS_6ParserERKNSt7__cxx1112basic_stringIcSt11char_traitsIcESaIcEEESC_
---------------- t _ZN11flatbuffers12_GLOBAL__N_123JsonSchemaCodeGenerator16GenerateMakeRuleERKNS_6ParserERKNSt7__cxx1112basic_stringIcSt11char_traitsIcESaIcEEESC_RSA_
---------------- t _ZN11flatbuffers12_GLOBAL__N_123JsonSchemaCodeGenerator16GenerateRootFileERKNS_6ParserERKNSt7__cxx1112basic_stringIcSt11char_traitsIcESaIcEEE
---------------- t _ZN11flatbuffers12_GLOBAL__N_123JsonSchemaCodeGeneratorD0Ev
---------------- t _ZN11flatbuffers12_GLOBAL__N_124CompareSerializedScalarsEPKhS2_RKNS_8FieldDefE
---------------- t _ZN11flatbuffers12_GLOBAL__N_129MakeSingleRegionBinarySectionERKNSt7__cxx1112basic_stringIcSt11char_traitsIcESaIcEEENS_17BinarySectionTypeERKNS_12BinaryRegionE
---------------- t _ZN11flatbuffers12_GLOBAL__N_14atotIaEENS_12CheckedErrorEPKcRNS_6ParserEPT_
---------------- t _ZN11flatbuffers12_GLOBAL__N_14atotIdEENS_12CheckedErrorEPKcRNS_6ParserEPT_
---------------- t _ZN11flatbuffers12_GLOBAL__N_14atotIfEENS_12CheckedErrorEPKcRNS_6ParserEPT_
---------------- t _ZN11flatbuffers12_GLOBAL__N_14atotIhEENS_12CheckedErrorEPKcRNS_6ParserEPT_
---------------- t _ZN11flatbuffers12_GLOBAL__N_14atotIiEENS_12CheckedErrorEPKcRNS_6ParserEPT_
---------------- t _ZN11flatbuffers12_GLOBAL__N_14atotIjEENS_12CheckedErrorEPKcRNS_6ParserEPT_
---------------- t _ZN11flatbuffers12_GLOBAL__N_14atotIlEENS_12CheckedErrorEPKcRNS_6ParserEPT_
---------------- t _ZN11flatbuffers12_GLOBAL__N_14atotImEENS_12CheckedErrorEPKcRNS_6ParserEPT_
---------------- t _ZN11flatbuffers12_GLOBAL__N_14atotIsEENS_12CheckedErrorEPKcRNS_6ParserEPT_
---------------- t _ZN11flatbuffers12_GLOBAL__N_14atotItEENS_12CheckedErrorEPKcRNS_6ParserEPT_
---------------- d _ZN11flatbuffers12_GLOBAL__N_16ExportB5cxx11E
---------------- t _ZN11flatbuffers12_GLOBAL__N_17GenTypeB5cxx11ERKNS_4TypeEb
---------------- t _ZN11flatbuffers12_GLOBAL__N_18HashFileEPKcS2_
---------------- T _ZN11flatbuffers13AddFlatBufferERSt6vectorIhSaIhEEPKhm
---------------- T _ZN11flatbuffers13BaseGenerator12NamespaceDirERKNS_6ParserERKNSt7__cxx1112basic_stringIcSt11char_traitsIcESaIcEEERKNS_9NamespaceEb
---------------- T _ZN11flatbuffers13BaseGenerator13FullNamespaceB5cxx11EPKcRKNS_9NamespaceE
---------------- T _ZN11flatbuffers13BaseGenerator17LastNamespacePartB5cxx11ERKNS_9NamespaceE
---------------- T _ZN11flatbuffers13BaseGenerator27FlatBuffersGeneratedWarningEv
---------------- W _ZN11flatbuffers13BaseGeneratorC2ERKNS_6ParserERKNSt7__cxx1112basic_stringIcSt11char_traitsIcESaIcEEESB_S9_S9_S9_
---------------- W _ZN11flatbuffers13BaseGeneratorD0Ev
---------------- W _ZN11flatbuffers13BaseGeneratorD2Ev
---------------- W _ZN11flatbuffers13BinarySectionC2ERKS0_
---------------- W _ZN11flatbuffers13BinarySectionD2Ev
---------------- W _ZN11flatbuffers13BinarySectionaSEOS0_
---------------- D _ZN11flatbuffers13ClassicLocale9instance_E
---------------- T _ZN11flatbuffers13ClassicLocaleC1Ev
---------------- T _ZN11flatbuffers13ClassicLocaleC2Ev
---------------- T _ZN11flatbuffers13ClassicLocaleD1Ev
---------------- T _ZN11flatbuffers13ClassicLocaleD2Ev
---------------- W _ZN11flatbuffers13CodeGenerator18GenerateCodeStringERKNS_6ParserERKNSt7__cxx1112basic_stringIcSt11char_traitsIcESaIcEEERS9_
---------------- W _ZN11flatbuffers13CodeGeneratorD0Ev
---------------- W _ZN11flatbuffers13CodeGeneratorD2Ev
---------------- T _ZN11flatbuffers13FileNameSaver6FinishEv
---------------- T _ZN11flatbuffers13FileNameSaver8SaveFileEPKcS2_mb
---------------- W _ZN11flatbuffers13FileNameSaverD0Ev
---------------- W _ZN11flatbuffers13FileNameSaverD2Ev
---------------- W _ZN11flatbuffers13FlatBufMethodC2EPKNS_7RPCCallE
---------------- W _ZN11flatbuffers13FlatBufMethodD0Ev
---------------- W _ZN11flatbuffers13FloatToStringIdEENSt7__cxx1112basic_stringIcSt11char_traitsIcESaIcEEET_i
---------------- W _ZN11flatbuffers13FloatToStringIfEENSt7__cxx1112basic_stringIcSt11char_traitsIcESaIcEEET_i
---------------- T _ZN11flatbuffers13RealFileSaver8SaveFileEPKcS2_mb
---------------- W _ZN11flatbuffers13RealFileSaverD0Ev
---------------- W _ZN11flatbuffers13ResizeContext11ResizeTableERKN10reflection6ObjectEPNS_5TableE
---------------- W _ZN11flatbuffers13ResizeContextC2ERKN10reflection6SchemaEjiPSt6vectorIhSaIhEEPKNS1_6ObjectE
---------------- T _ZN11flatbuffers13StripFileNameERKNSt7__cxx1112basic_stringIcSt11char_traitsIcESaIcEEE
---------------- W _ZN11flatbuffers14EnumValBuilder12ValidateImplILNS_8BaseTypeE10EmEENS_12CheckedErrorEPli
---------------- W _ZN11flatbuffers14EnumValBuilder12ValidateImplILNS_8BaseTypeE1EhEENS_12CheckedErrorEPli
---------------- W _ZN11flatbuffers14EnumValBuilder12ValidateImplILNS_8BaseTypeE2EhEENS_12CheckedErrorEPli
---------------- W _ZN11flatbuffers14EnumValBuilder12ValidateImplILNS_8BaseTypeE3EaEENS_12CheckedErrorEPli
---------------- W _ZN11flatbuffers14EnumValBuilder12ValidateImplILNS_8BaseTypeE4EhEENS_12CheckedErrorEPli
---------------- W _ZN11flatbuffers14EnumValBuilder12ValidateImplILNS_8BaseTypeE5EsEENS_12CheckedErrorEPli
---------------- W _ZN11flatbuffers14EnumValBuilder12ValidateImplILNS_8BaseTypeE6EtEENS_12CheckedErrorEPli
---------------- W _ZN11flatbuffers14EnumValBuilder12ValidateImplILNS_8BaseTypeE7EiEENS_12CheckedErrorEPli
---------------- W _ZN11flatbuffers14EnumValBuilder12ValidateImplILNS_8BaseTypeE8EjEENS_12CheckedErrorEPli
---------------- W _ZN11flatbuffers14EnumValBuilder12ValidateImplILNS_8BaseTypeE9ElEENS_12CheckedErrorEPli
---------------- W _ZN11flatbuffers14EnumValBuilder13ValidateValueEPlb
---------------- W _ZN11flatbuffers14EnumValBuilder16AcceptEnumeratorERKNSt7__cxx1112basic_stringIcSt11char_traitsIcESaIcEEE
---------------- W _ZN11flatbuffers14EnumValBuilder16CreateEnumeratorERKNSt7__cxx1112basic_stringIcSt11char_traitsIcESaIcEEE
---------------- W _ZN11flatbuffers14EnumValBuilder21AssignEnumeratorValueERKNSt7__cxx1112basic_stringIcSt11char_traitsIcESaIcEEE
---------------- W _ZN11flatbuffers14EnumValBuilderD2Ev
---------------- W _ZN11flatbuffers14FlatBufPrinter18SetIndentationSizeEm
---------------- W _ZN11flatbuffers14FlatBufPrinter5PrintEPKc
---------------- W _ZN11flatbuffers14FlatBufPrinter5PrintERKSt3mapINSt7__cxx1112basic_stringIcSt11char_traitsIcESaIcEEES7_St4lessIS7_ESaISt4pairIKS7_S7_EEEPKc
---------------- W _ZN11flatbuffers14FlatBufPrinter6IndentEv
---------------- W _ZN11flatbuffers14FlatBufPrinter7OutdentEv
---------------- W _ZN11flatbuffers14FlatBufPrinterD0Ev
---------------- W _ZN11flatbuffers14FlatBufServiceD0Ev
---------------- T _ZN11flatbuffers14GenerateGoGRPCERKNS_6ParserERKNSt7__cxx1112basic_stringIcSt11char_traitsIcESaIcEEESA_
---------------- T _ZN11flatbuffers14GenerateTSGRPCERKNS_6ParserERKNSt7__cxx1112basic_stringIcSt11char_traitsIcESaIcEEESA_
---------------- W _ZN11flatbuffers14IntToStringHexB5cxx11Eii
---------------- W _ZN11flatbuffers14StringToNumberIaEEbPKcPT_
---------------- W _ZN11flatbuffers14StringToNumberIiEEbPKcPT_
---------------- W _ZN11flatbuffers14StringToNumberIsEEbPKcPT_
---------------- W _ZN11flatbuffers14StringToNumberItEEbPKcPT_
---------------- T _ZN11flatbuffers14StripExtensionERKNSt7__cxx1112basic_stringIcSt11char_traitsIcESaIcEEE
---------------- W _ZN11flatbuffers15BinaryAnnotator10AddSectionEmRKNS_13BinarySectionE
---------------- T _ZN11flatbuffers15BinaryAnnotator10BuildTableEmNS_17BinarySectionTypeEPKN10reflection6ObjectE
---------------- T _ZN11flatbuffers15BinaryAnnotator10BuildUnionB5cxx11EmhPKN10reflection5FieldE
---------------- T _ZN11flatbuffers15BinaryAnnotator11BuildHeaderEm
---------------- T _ZN11flatbuffers15BinaryAnnotator11BuildStringEmPKN10reflection6ObjectEPKNS1_5FieldE
---------------- T _ZN11flatbuffers15BinaryAnnotator11BuildStructEmRSt6vectorINS_12BinaryRegionESaIS2_EENSt7__cxx1112basic_stringIcSt11char_traitsIcESaIcEEEPKN10reflection6ObjectE
---------------- T _ZN11flatbuffers15BinaryAnnotator11BuildVectorEmPKN10reflection6ObjectEPKNS1_5FieldEmSt3mapItNS0_6VTable5EntryESt4lessItESaISt4pairIKtSA_EEE
---------------- W _ZN11flatbuffers15BinaryAnnotator11IsUnionTypeEPKN10reflection5FieldE
---------------- W _ZN11flatbuffers15BinaryAnnotator13IsInlineFieldEPKN10reflection5FieldE
---------------- W _ZN11flatbuffers15BinaryAnnotator14GetElementSizeEPKN10reflection5FieldE
---------------- T _ZN11flatbuffers15BinaryAnnotator15ContainsSectionEm
---------------- T _ZN11flatbuffers15BinaryAnnotator16GetOrBuildVTableEmPKN10reflection6ObjectEm
---------------- T _ZN11flatbuffers15BinaryAnnotator17FixMissingRegionsEv
---------------- W _ZN11flatbuffers15BinaryAnnotator17IsValidUnionValueEPKN10reflection5FieldEh
---------------- T _ZN11flatbuffers15BinaryAnnotator18FixMissingSectionsEv
---------------- T _ZN11flatbuffers15BinaryAnnotator8AnnotateEv
---------------- W _ZN11flatbuffers15BinaryAnnotatorD2Ev
---------------- W _ZN11flatbuffers15BufferToHexTextEPKvmmRKNSt7__cxx1112basic_stringIcSt11char_traitsIcESaIcEEES9_
---------------- T _ZN11flatbuffers15EnsureDirExistsERKNSt7__cxx1112basic_stringIcSt11char_traitsIcESaIcEEE
---------------- T _ZN11flatbuffers15GenerateCppGRPCERKNS_6ParserERKNSt7__cxx1112basic_stringIcSt11char_traitsIcESaIcEEESA_
---------------- W _ZN11flatbuffers15GoGRPCGenerator8generateEv
---------------- W _ZN11flatbuffers15GoGRPCGeneratorC2ERKNS_6ParserERKNSt7__cxx1112basic_stringIcSt11char_traitsIcESaIcEEESB_
---------------- W _ZN11flatbuffers15GoGRPCGeneratorD0Ev
---------------- W _ZN11flatbuffers15InlineAlignmentERKNS_4TypeE
---------------- T _ZN11flatbuffers15LogCompilerWarnERKNSt7__cxx1112basic_stringIcSt11char_traitsIcESaIcEEE
---------------- T _ZN11flatbuffers15ResizeAnyVectorERKN10reflection6SchemaEjPKNS_11VectorOfAnyEjjPSt6vectorIhSaIhEEPKNS0_6ObjectE
---------------- W _ZN11flatbuffers15TSGRPCGenerator17GeneratedFileNameERKNSt7__cxx1112basic_stringIcSt11char_traitsIcESaIcEEES8_b
---------------- W _ZN11flatbuffers15TSGRPCGenerator8generateEv
---------------- W _ZN11flatbuffers15TSGRPCGeneratorC2ERKNS_6ParserERKNSt7__cxx1112basic_stringIcSt11char_traitsIcESaIcEEESB_
---------------- W _ZN11flatbuffers15TSGRPCGeneratorD0Ev
---------------- W _ZN11flatbuffers15TSGRPCGeneratorD2Ev
---------------- W _ZN11flatbuffers15vector_downwardIjE10reallocateEm
---------------- W _ZN11flatbuffers15vector_downwardIjE4fillEm
---------------- T _ZN11flatbuffers16GenTextFromTableERKNS_6ParserEPKvRKNSt7__cxx1112basic_stringIcSt11char_traitsIcESaIcEEEPSA_
---------------- T _ZN11flatbuffers16GenerateJavaGRPCERKNS_6ParserERKNSt7__cxx1112basic_stringIcSt11char_traitsIcESaIcEEESA_
---------------- T _ZN11flatbuffers16GenerateTextFileERKNS_6ParserERKNSt7__cxx1112basic_stringIcSt11char_traitsIcESaIcEEESA_
---------------- T _ZN11flatbuffers16LogCompilerErrorERKNSt7__cxx1112basic_stringIcSt11char_traitsIcESaIcEEE
---------------- W _ZN11flatbuffers16VerifierTemplateILb0EE20VerifyVectorOfTablesIN10reflection10SchemaFileEEEbPKNS_6VectorINS_6OffsetIT_EEjEE
---------------- W _ZN11flatbuffers16VerifierTemplateILb0EE20VerifyVectorOfTablesIN10reflection4EnumEEEbPKNS_6VectorINS_6OffsetIT_EEjEE
---------------- W _ZN11flatbuffers16VerifierTemplateILb0EE20VerifyVectorOfTablesIN10reflection7ServiceEEEbPKNS_6VectorINS_6OffsetIT_EEjEE
---------------- W _ZN11flatbuffers16VerifierTemplateILb0EE20VerifyVectorOfTablesIN10reflection8KeyValueEEEbPKNS_6VectorINS_6OffsetIT_EEjEE
---------------- W _ZN11flatbuffers17BaseBfbsGenerator12GenerateCodeEPKhlRKNS_14CodeGenOptionsE
---------------- T _ZN11flatbuffers17GenerateSwiftGRPCERKNS_6ParserERKNSt7__cxx1112basic_stringIcSt11char_traitsIcESaIcEEESA_
---------------- W _ZN11flatbuffers17JavaGRPCGenerator8generateEv
---------------- W _ZN11flatbuffers17JavaGRPCGeneratorC2ERKNS_6ParserERKNSt7__cxx1112basic_stringIcSt11char_traitsIcESaIcEEESB_
---------------- W _ZN11flatbuffers17JavaGRPCGeneratorD0Ev
---------------- T _ZN11flatbuffers18ConCatPathFileNameERKNSt7__cxx1112basic_stringIcSt11char_traitsIcESaIcEEES7_
---------------- W _ZN11flatbuffers18FindHashFunction16EPKc
---------------- W _ZN11flatbuffers18FindHashFunction32EPKc
---------------- W _ZN11flatbuffers18FindHashFunction64EPKc
---------------- T _ZN11flatbuffers18GeneratePythonGRPCERKNS_6ParserERKNSt7__cxx1112basic_stringIcSt11char_traitsIcESaIcEEESA_
---------------- T _ZN11flatbuffers18JavaCSharpMakeRuleEbRKNS_6ParserERKNSt7__cxx1112basic_stringIcSt11char_traitsIcESaIcEEESA_
---------------- T _ZN11flatbuffers18NewGoCodeGeneratorEv
---------------- T _ZN11flatbuffers18NewTsCodeGeneratorEv
---------------- T _ZN11flatbuffers18RelativeToRootPathERKNSt7__cxx1112basic_stringIcSt11char_traitsIcESaIcEEES7_
---------------- T _ZN11flatbuffers18RemoveStringQuotesERKNSt7__cxx1112basic_stringIcSt11char_traitsIcESaIcEEE
---------------- W _ZN11flatbuffers18SwiftGRPCGenerator8generateEv
---------------- W _ZN11flatbuffers18SwiftGRPCGeneratorC2ERKNS_6ParserERKNSt7__cxx1112basic_stringIcSt11char_traitsIcESaIcEEESB_
---------------- W _ZN11flatbuffers18SwiftGRPCGeneratorD0Ev
---------------- W _ZN11flatbuffers18SwiftGRPCGeneratorD2Ev
---------------- T _ZN11flatbuffers18VerifySizePrefixedERKN10reflection6SchemaERKNS0_6ObjectEPKhmjj
---------------- W _ZN11flatbuffers19BinaryRegionCommentC2ERKS0_
---------------- W _ZN11flatbuffers19BinaryRegionCommentD2Ev
---------------- W _ZN11flatbuffers19BinaryRegionCommentaSEOS0_
---------------- T _ZN11flatbuffers19FLATBUFFERS_VERSIONEv
---------------- T _ZN11flatbuffers19NewCppCodeGeneratorEv
---------------- T _ZN11flatbuffers19NewFBSCodeGeneratorEb
---------------- T _ZN11flatbuffers19NewLuaBfbsGeneratorERKNSt7__cxx1112basic_stringIcSt11char_traitsIcESaIcEEE
---------------- T _ZN11flatbuffers19NewNimBfbsGeneratorERKNSt7__cxx1112basic_stringIcSt11char_traitsIcESaIcEEE
---------------- T _ZN11flatbuffers19NewPhpCodeGeneratorEv
---------------- T _ZN11flatbuffers19SetGlobalTestLocaleEPKcPNSt7__cxx1112basic_stringIcSt11char_traitsIcESaIcEEE
---------------- T _ZN11flatbuffers19SetLoadFileFunctionEPFbPKcbPNSt7__cxx1112basic_stringIcSt11char_traitsIcESaIcEEEE
---------------- W _ZN11flatbuffers19StringToIntegerImplIlEEbPT_PKcib
---------------- W _ZN11flatbuffers19StringToIntegerImplImEEbPT_PKcib
---------------- T _ZN11flatbuffers20NewDartCodeGeneratorEv
---------------- T _ZN11flatbuffers20NewJavaCodeGeneratorEv
---------------- T _ZN11flatbuffers20NewRustCodeGeneratorEv
---------------- T _ZN11flatbuffers20NewTextCodeGeneratorEv
---------------- W _ZN11flatbuffers21FlatBufferBuilderImplILb0EE10TrackFieldEtj
---------------- W _ZN11flatbuffers21FlatBufferBuilderImplILb0EE11PushElementIajEET0_T_
---------------- W _ZN11flatbuffers21FlatBufferBuilderImplILb0EE11PushElementIdjEET0_T_
---------------- W _ZN11flatbuffers21FlatBufferBuilderImplILb0EE11PushElementIfjEET0_T_
---------------- W _ZN11flatbuffers21FlatBufferBuilderImplILb0EE11PushElementIhjEET0_T_
---------------- W _ZN11flatbuffers21FlatBufferBuilderImplILb0EE11PushElementIijEET0_T_
---------------- W _ZN11flatbuffers21FlatBufferBuilderImplILb0EE11PushElementIjjEET0_T_
---------------- W _ZN11flatbuffers21FlatBufferBuilderImplILb0EE11PushElementIljEET0_T_
---------------- W _ZN11flatbuffers21FlatBufferBuilderImplILb0EE11PushElementImjEET0_T_
---------------- W _ZN11flatbuffers21FlatBufferBuilderImplILb0EE11PushElementIsjEET0_T_
---------------- W _ZN11flatbuffers21FlatBufferBuilderImplILb0EE11PushElementItjEET0_T_
---------------- W _ZN11flatbuffers21FlatBufferBuilderImplILb0EE11StartVectorINS_6OffsetEjEEvmmm
---------------- W _ZN11flatbuffers21FlatBufferBuilderImplILb0EE12CreateVectorIN10reflection10SchemaFileEEENS_6OffsetINS_6VectorINS5_IT_EEjEEEEPKS8_m
---------------- W _ZN11flatbuffers21FlatBufferBuilderImplILb0EE12CreateVectorIN10reflection4EnumEEENS_6OffsetINS_6VectorINS5_IT_EEjEEEEPKS8_m
---------------- W _ZN11flatbuffers21FlatBufferBuilderImplILb0EE12CreateVectorIN10reflection5FieldEEENS_6OffsetINS_6VectorINS5_IT_EEjEEEEPKS8_m
---------------- W _ZN11flatbuffers21FlatBufferBuilderImplILb0EE12CreateVectorIN10reflection6ObjectEEENS_6OffsetINS_6VectorINS5_IT_EEjEEEEPKS8_m
---------------- W _ZN11flatbuffers21FlatBufferBuilderImplILb0EE12CreateVectorIN10reflection7EnumValEEENS_6OffsetINS_6VectorINS5_IT_EEjEEEEPKS8_m
---------------- W _ZN11flatbuffers21FlatBufferBuilderImplILb0EE12CreateVectorIN10reflection7RPCCallEEENS_6OffsetINS_6VectorINS5_IT_EEjEEEEPKS8_m
---------------- W _ZN11flatbuffers21FlatBufferBuilderImplILb0EE12CreateVectorIN10reflection7ServiceEEENS_6OffsetINS_6VectorINS5_IT_EEjEEEEPKS8_m
---------------- W _ZN11flatbuffers21FlatBufferBuilderImplILb0EE12CreateVectorIN10reflection8KeyValueEEENS_6OffsetINS_6VectorINS5_IT_EEjEEEEPKS8_m
---------------- W _ZN11flatbuffers21FlatBufferBuilderImplILb0EE12CreateVectorINS_6StringEEENS_6OffsetINS_6VectorINS4_IT_EEjEEEEPKS7_m
---------------- W _ZN11flatbuffers21FlatBufferBuilderImplILb0EE12CreateVectorIPKNS_5TableEEENS_6OffsetINS_6VectorINS6_IT_EEjEEEEPKS9_m
---------------- W _ZN11flatbuffers21FlatBufferBuilderImplILb0EE12CreateVectorIPKNS_6StringEEENS_6OffsetINS_6VectorINS6_IT_EEjEEEEPKS9_m
---------------- W _ZN11flatbuffers21FlatBufferBuilderImplILb0EE12CreateVectorIhNS_6OffsetENS_6VectorEEET0_IJT1_IJT_EEEEPKS7_m
---------------- W _ZN11flatbuffers21FlatBufferBuilderImplILb0EE16CreateStringImplEPKcm
---------------- W _ZN11flatbuffers21FlatBufferBuilderImplILb0EE18CreateSharedStringEPKcm
---------------- W _ZN11flatbuffers21FlatBufferBuilderImplILb0EE21CreateVectorOfStringsIN9__gnu_cxx17__normal_iteratorIPKNSt7__cxx1112basic_stringIcSt11char_traitsIcESaIcEEESt6vectorISA_SaISA_EEEEEENS_6OffsetINS_6VectorINSH_INS_6StringEEEjEEEET_SN_
---------------- W _ZN11flatbuffers21FlatBufferBuilderImplILb0EE6FinishEjPKcb
---------------- W _ZN11flatbuffers21FlatBufferBuilderImplILb0EE8EndTableEj
---------------- W _ZN11flatbuffers21FlatBufferBuilderImplILb0EE9AddOffsetIN10reflection4TypeEEEvtNS_6OffsetIT_EE
---------------- W _ZN11flatbuffers21FlatBufferBuilderImplILb0EE9AddOffsetIN10reflection6ObjectEEEvtNS_6OffsetIT_EE
---------------- W _ZN11flatbuffers21FlatBufferBuilderImplILb0EE9AddOffsetINS_6StringEEEvtNS_6OffsetIT_EE
---------------- W _ZN11flatbuffers21FlatBufferBuilderImplILb0EE9AddOffsetINS_6VectorINS_6OffsetIN10reflection10SchemaFileEEEjEEEEvtNS4_IT_EE
---------------- W _ZN11flatbuffers21FlatBufferBuilderImplILb0EE9AddOffsetINS_6VectorINS_6OffsetIN10reflection4EnumEEEjEEEEvtNS4_IT_EE
---------------- W _ZN11flatbuffers21FlatBufferBuilderImplILb0EE9AddOffsetINS_6VectorINS_6OffsetIN10reflection5FieldEEEjEEEEvtNS4_IT_EE
---------------- W _ZN11flatbuffers21FlatBufferBuilderImplILb0EE9AddOffsetINS_6VectorINS_6OffsetIN10reflection6ObjectEEEjEEEEvtNS4_IT_EE
---------------- W _ZN11flatbuffers21FlatBufferBuilderImplILb0EE9AddOffsetINS_6VectorINS_6OffsetIN10reflection7EnumValEEEjEEEEvtNS4_IT_EE
---------------- W _ZN11flatbuffers21FlatBufferBuilderImplILb0EE9AddOffsetINS_6VectorINS_6OffsetIN10reflection7RPCCallEEEjEEEEvtNS4_IT_EE
---------------- W _ZN11flatbuffers21FlatBufferBuilderImplILb0EE9AddOffsetINS_6VectorINS_6OffsetIN10reflection7ServiceEEEjEEEEvtNS4_IT_EE
---------------- W _ZN11flatbuffers21FlatBufferBuilderImplILb0EE9AddOffsetINS_6VectorINS_6OffsetIN10reflection8KeyValueEEEjEEEEvtNS4_IT_EE
---------------- W _ZN11flatbuffers21FlatBufferBuilderImplILb0EE9AddOffsetINS_6VectorINS_6OffsetINS_6StringEEEjEEEEvtNS4_IT_EE
---------------- W _ZN11flatbuffers21FlatBufferBuilderImplILb0EE9AddOffsetIvEEvtNS_6OffsetIT_EE
---------------- W _ZN11flatbuffers21FlatBufferBuilderImplILb0EE9AddOffsetIvEEvtNS_8Offset64IT_EE
---------------- W _ZN11flatbuffers21FlatBufferBuilderImplILb0EED2Ev
---------------- T _ZN11flatbuffers21GenerateTextFromTableERKNS_6ParserEPKvRKNSt7__cxx1112basic_stringIcSt11char_traitsIcESaIcEEEPSA_
---------------- T _ZN11flatbuffers21NewSwiftCodeGeneratorEv
---------------- T _ZN11flatbuffers21SetFileExistsFunctionEPFbPKcE
---------------- T _ZN11flatbuffers22NewBinaryCodeGeneratorEv
---------------- T _ZN11flatbuffers22NewCSharpCodeGeneratorEv
---------------- T _ZN11flatbuffers22NewKotlinCodeGeneratorEv
---------------- T _ZN11flatbuffers22NewPythonCodeGeneratorEv
---------------- T _ZN11flatbuffers23NewLobsterCodeGeneratorEv
---------------- T _ZN11flatbuffers23ReadEnvironmentVariableEPKcPNSt7__cxx1112basic_stringIcSt11char_traitsIcESaIcEEE
---------------- T _ZN11flatbuffers25NewKotlinKMPCodeGeneratorEv
---------------- T _ZN11flatbuffers26NewJsonSchemaCodeGeneratorEv
---------------- T _ZN11flatbuffers27TypedFloatConstantGeneratorC1EPKcS2_S2_S2_S2_
---------------- T _ZN11flatbuffers27TypedFloatConstantGeneratorC2EPKcS2_S2_S2_S2_
---------------- W _ZN11flatbuffers27TypedFloatConstantGeneratorD0Ev
---------------- W _ZN11flatbuffers27TypedFloatConstantGeneratorD2Ev
---------------- W _ZN11flatbuffers28AnnotatedBinaryTextGenerator7OptionsD2Ev
---------------- T _ZN11flatbuffers28AnnotatedBinaryTextGenerator8GenerateERKNSt7__cxx1112basic_stringIcSt11char_traitsIcESaIcEEES8_S8_
---------------- T _ZN11flatbuffers28SimpleFloatConstantGeneratorC1EPKcS2_S2_
---------------- T _ZN11flatbuffers28SimpleFloatConstantGeneratorC2EPKcS2_S2_
---------------- W _ZN11flatbuffers28SimpleFloatConstantGeneratorD0Ev
---------------- W _ZN11flatbuffers28SimpleFloatConstantGeneratorD2Ev
---------------- W _ZN11flatbuffers2go11GoGenerator10BeginClassERKNS_9StructDefEPNSt7__cxx1112basic_stringIcSt11char_traitsIcESaIcEEE
---------------- W _ZN11flatbuffers2go11GoGenerator10CastToEnumERKNS_4TypeENSt7__cxx1112basic_stringIcSt11char_traitsIcESaIcEEE
---------------- W _ZN11flatbuffers2go11GoGenerator10EnumMemberERKNS_7EnumDefERKNS_7EnumValEmPNSt7__cxx1112basic_stringIcSt11char_traitsIcESaIcEEE
---------------- W _ZN11flatbuffers2go11GoGenerator10GenTypeGetB5cxx11ERKNS_4TypeE
---------------- W _ZN11flatbuffers2go11GoGenerator10NativeTypeB5cxx11ERKNS_4TypeE
---------------- W _ZN11flatbuffers2go11GoGenerator11GenConstantB5cxx11ERKNS_8FieldDefE
---------------- W _ZN11flatbuffers2go11GoGenerator11GenEnumTypeERKNS_7EnumDefEPNSt7__cxx1112basic_stringIcSt11char_traitsIcESaIcEEE
---------------- W _ZN11flatbuffers2go11GoGenerator11GenReceiverERKNS_9StructDefEPNSt7__cxx1112basic_stringIcSt11char_traitsIcESaIcEEE
---------------- W _ZN11flatbuffers2go11GoGenerator12EnumStringerERKNS_7EnumDefEPNSt7__cxx1112basic_stringIcSt11char_traitsIcESaIcEEE
---------------- W _ZN11flatbuffers2go11GoGenerator12GetVectorLenERKNS_9StructDefERKNS_8FieldDefEPNSt7__cxx1112basic_stringIcSt11char_traitsIcESaIcEEE
---------------- W _ZN11flatbuffers2go11GoGenerator12OffsetPrefixB5cxx11ERKNS_8FieldDefE
---------------- W _ZN11flatbuffers2go11GoGenerator13GenKeyCompareERKNS_9StructDefERKNS_8FieldDefEPNSt7__cxx1112basic_stringIcSt11char_traitsIcESaIcEEE
---------------- W _ZN11flatbuffers2go11GoGenerator13GetUByteSliceERKNS_9StructDefERKNS_8FieldDefEPNSt7__cxx1112basic_stringIcSt11char_traitsIcESaIcEEE
---------------- W _ZN11flatbuffers2go11GoGenerator13GetUnionFieldERKNS_9StructDefERKNS_8FieldDefEPNSt7__cxx1112basic_stringIcSt11char_traitsIcESaIcEEE
---------------- W _ZN11flatbuffers2go11GoGenerator13generateEnumsEPNSt7__cxx1112basic_stringIcSt11char_traitsIcESaIcEEE
---------------- W _ZN11flatbuffers2go11GoGenerator14BeginEnumNamesERKNS_7EnumDefEPNSt7__cxx1112basic_stringIcSt11char_traitsIcESaIcEEE
---------------- W _ZN11flatbuffers2go11GoGenerator14CastToBaseTypeERKNS_4TypeENSt7__cxx1112basic_stringIcSt11char_traitsIcESaIcEEE
---------------- W _ZN11flatbuffers2go11GoGenerator14EnumNameMemberERKNS_7EnumDefERKNS_7EnumValEmPNSt7__cxx1112basic_stringIcSt11char_traitsIcESaIcEEE
---------------- W _ZN11flatbuffers2go11GoGenerator14GenLookupByKeyERKNS_9StructDefERKNS_8FieldDefEPNSt7__cxx1112basic_stringIcSt11char_traitsIcESaIcEEE
---------------- W _ZN11flatbuffers2go11GoGenerator14GenNativeUnionERKNS_7EnumDefEPNSt7__cxx1112basic_stringIcSt11char_traitsIcESaIcEEE
---------------- W _ZN11flatbuffers2go11GoGenerator14GenTypePointerB5cxx11ERKNS_4TypeE
---------------- W _ZN11flatbuffers2go11GoGenerator14GetStringFieldERKNS_9StructDefERKNS_8FieldDefEPNSt7__cxx1112basic_stringIcSt11char_traitsIcESaIcEEE
---------------- W _ZN11flatbuffers2go11GoGenerator14StructPackArgsERKNS_9StructDefEPKcPNSt7__cxx1112basic_stringIcSt11char_traitsIcESaIcEEE
---------------- W _ZN11flatbuffers2go11GoGenerator15BeginEnumValuesERKNS_7EnumDefEPNSt7__cxx1112basic_stringIcSt11char_traitsIcESaIcEEE
---------------- W _ZN11flatbuffers2go11GoGenerator15EnumValueMemberERKNS_7EnumDefERKNS_7EnumValEmPNSt7__cxx1112basic_stringIcSt11char_traitsIcESaIcEEE
---------------- W _ZN11flatbuffers2go11GoGenerator15GenNativeStructERKNS_9StructDefEPNSt7__cxx1112basic_stringIcSt11char_traitsIcESaIcEEE
---------------- W _ZN11flatbuffers2go11GoGenerator15GetStartOfTableERKNS_9StructDefEPNSt7__cxx1112basic_stringIcSt11char_traitsIcESaIcEEE
---------------- W _ZN11flatbuffers2go11GoGenerator15generateStructsEPNSt7__cxx1112basic_stringIcSt11char_traitsIcESaIcEEE
---------------- W _ZN11flatbuffers2go11GoGenerator16BeginBuilderArgsERKNS_9StructDefEPNSt7__cxx1112basic_stringIcSt11char_traitsIcESaIcEEE
---------------- W _ZN11flatbuffers2go11GoGenerator16GenStructBuilderERKNS_9StructDefEPNSt7__cxx1112basic_stringIcSt11char_traitsIcESaIcEEE
---------------- W _ZN11flatbuffers2go11GoGenerator16GenStructMutatorERKNS_9StructDefERKNS_8FieldDefEPNSt7__cxx1112basic_stringIcSt11char_traitsIcESaIcEEE
---------------- W _ZN11flatbuffers2go11GoGenerator16GenTableAccessorERKNS_9StructDefEPNSt7__cxx1112basic_stringIcSt11char_traitsIcESaIcEEE
---------------- W _ZN11flatbuffers2go11GoGenerator16GenTableBuildersERKNS_9StructDefEPNSt7__cxx1112basic_stringIcSt11char_traitsIcESaIcEEE
---------------- W _ZN11flatbuffers2go11GoGenerator17BuildFieldOfTableERKNS_9StructDefERKNS_8FieldDefEmPNSt7__cxx1112basic_stringIcSt11char_traitsIcESaIcEEE
---------------- W _ZN11flatbuffers2go11GoGenerator17GenStructAccessorERKNS_9StructDefERKNS_8FieldDefEPNSt7__cxx1112basic_stringIcSt11char_traitsIcESaIcEEE
---------------- W _ZN11flatbuffers2go11GoGenerator17StructBuilderArgsERKNS_9StructDefEPKcPNSt7__cxx1112basic_stringIcSt11char_traitsIcESaIcEEE
---------------- W _ZN11flatbuffers2go11GoGenerator17StructBuilderBodyERKNS_9StructDefEPKcPNSt7__cxx1112basic_stringIcSt11char_traitsIcESaIcEEE
---------------- W _ZN11flatbuffers2go11GoGenerator18BuildVectorOfTableERKNS_9StructDefERKNS_8FieldDefEPNSt7__cxx1112basic_stringIcSt11char_traitsIcESaIcEEE
---------------- W _ZN11flatbuffers2go11GoGenerator18GenNativeTablePackERKNS_9StructDefEPNSt7__cxx1112basic_stringIcSt11char_traitsIcESaIcEEE
---------------- W _ZN11flatbuffers2go11GoGenerator18GenNativeUnionPackERKNS_7EnumDefEPNSt7__cxx1112basic_stringIcSt11char_traitsIcESaIcEEE
---------------- W _ZN11flatbuffers2go11GoGenerator18InitializeExistingERKNS_9StructDefEPNSt7__cxx1112basic_stringIcSt11char_traitsIcESaIcEEE
---------------- W _ZN11flatbuffers2go11GoGenerator19GenNativeStructPackERKNS_9StructDefEPNSt7__cxx1112basic_stringIcSt11char_traitsIcESaIcEEE
---------------- W _ZN11flatbuffers2go11GoGenerator19GetEndOffsetOnTableERKNS_9StructDefEPNSt7__cxx1112basic_stringIcSt11char_traitsIcESaIcEEE
---------------- W _ZN11flatbuffers2go11GoGenerator20GenNativeTableUnPackERKNS_9StructDefEPNSt7__cxx1112basic_stringIcSt11char_traitsIcESaIcEEE
---------------- W _ZN11flatbuffers2go11GoGenerator20GenNativeUnionUnPackERKNS_7EnumDefEPNSt7__cxx1112basic_stringIcSt11char_traitsIcESaIcEEE
---------------- W _ZN11flatbuffers2go11GoGenerator21GenNativeStructUnPackERKNS_9StructDefEPNSt7__cxx1112basic_stringIcSt11char_traitsIcESaIcEEE
---------------- W _ZN11flatbuffers2go11GoGenerator21GetScalarFieldOfTableERKNS_9StructDefERKNS_8FieldDefEPNSt7__cxx1112basic_stringIcSt11char_traitsIcESaIcEEE
---------------- W _ZN11flatbuffers2go11GoGenerator21GetStructFieldOfTableERKNS_9StructDefERKNS_8FieldDefEPNSt7__cxx1112basic_stringIcSt11char_traitsIcESaIcEEE
---------------- W _ZN11flatbuffers2go11GoGenerator21NewRootTypeFromBufferERKNS_9StructDefEPNSt7__cxx1112basic_stringIcSt11char_traitsIcESaIcEEE
---------------- W _ZN11flatbuffers2go11GoGenerator22GetScalarFieldOfStructERKNS_9StructDefERKNS_8FieldDefEPNSt7__cxx1112basic_stringIcSt11char_traitsIcESaIcEEE
---------------- W _ZN11flatbuffers2go11GoGenerator22GetStructFieldOfStructERKNS_9StructDefERKNS_8FieldDefEPNSt7__cxx1112basic_stringIcSt11char_traitsIcESaIcEEE
---------------- W _ZN11flatbuffers2go11GoGenerator23WrapInNameSpaceAndTrackEPKNS_10DefinitionERKNSt7__cxx1112basic_stringIcSt11char_traitsIcESaIcEEE
---------------- W _ZN11flatbuffers2go11GoGenerator24MutateScalarFieldOfTableERKNS_9StructDefERKNS_8FieldDefEPNSt7__cxx1112basic_stringIcSt11char_traitsIcESaIcEEE
---------------- W _ZN11flatbuffers2go11GoGenerator25GetMemberOfVectorOfStructERKNS_9StructDefERKNS_8FieldDefEPNSt7__cxx1112basic_stringIcSt11char_traitsIcESaIcEEE
---------------- W _ZN11flatbuffers2go11GoGenerator25MutateScalarFieldOfStructERKNS_9StructDefERKNS_8FieldDefEPNSt7__cxx1112basic_stringIcSt11char_traitsIcESaIcEEE
---------------- W _ZN11flatbuffers2go11GoGenerator28GetMemberOfVectorOfNonStructERKNS_9StructDefERKNS_8FieldDefEPNSt7__cxx1112basic_stringIcSt11char_traitsIcESaIcEEE
---------------- W _ZN11flatbuffers2go11GoGenerator30GetMemberOfVectorOfStructByKeyERKNS_9StructDefERKNS_8FieldDefEPNSt7__cxx1112basic_stringIcSt11char_traitsIcESaIcEEE
---------------- W _ZN11flatbuffers2go11GoGenerator32MutateElementOfVectorOfNonStructERKNS_9StructDefERKNS_8FieldDefEPNSt7__cxx1112basic_stringIcSt11char_traitsIcESaIcEEE
---------------- W _ZN11flatbuffers2go11GoGenerator7GenEnumERKNS_7EnumDefEPNSt7__cxx1112basic_stringIcSt11char_traitsIcESaIcEEE
---------------- W _ZN11flatbuffers2go11GoGenerator8SaveTypeERKNS_10DefinitionERKNSt7__cxx1112basic_stringIcSt11char_traitsIcESaIcEEEbb
---------------- W _ZN11flatbuffers2go11GoGenerator8TypeNameB5cxx11ERKNS_8FieldDefE
---------------- W _ZN11flatbuffers2go11GoGenerator8generateEv
---------------- W _ZN11flatbuffers2go11GoGenerator9BeginFileERKNSt7__cxx1112basic_stringIcSt11char_traitsIcESaIcEEEbbPS7_
---------------- W _ZN11flatbuffers2go11GoGenerator9GenGetterB5cxx11ERKNS_4TypeE
---------------- W _ZN11flatbuffers2go11GoGenerator9GenMethodB5cxx11ERKNS_8FieldDefE
---------------- W _ZN11flatbuffers2go11GoGenerator9GenStructERKNS_9StructDefEPNSt7__cxx1112basic_stringIcSt11char_traitsIcESaIcEEE
---------------- W _ZN11flatbuffers2go11GoGeneratorC2ERKNS_6ParserERKNSt7__cxx1112basic_stringIcSt11char_traitsIcESaIcEEESC_SC_
---------------- W _ZN11flatbuffers2go11GoGeneratorD0Ev
---------------- W _ZN11flatbuffers2go11GoGeneratorD2Ev
---------------- W _ZN11flatbuffers2ts11TsGenerator10MaybeScaleImEENSt7__cxx1112basic_stringIcSt11char_traitsIcESaIcEEET_
---------------- W _ZN11flatbuffers2ts11TsGenerator10TrackNsDefERKNS_10DefinitionENSt7__cxx1112basic_stringIcSt11char_traitsIcESaIcEEE
---------------- t _ZN11flatbuffers2ts11TsGenerator11GenTypeNameERSt3mapINSt7__cxx1112basic_stringIcSt11char_traitsIcESaIcEEENS_12_GLOBAL__N_116ImportDefinitionESt4lessIS8_ESaISt4pairIKS8_SA_EEERKNS_10DefinitionERKNS_4TypeEbb
---------------- W _ZN11flatbuffers2ts11TsGenerator11GetTypeNameB5cxx11ERKNS_9StructDefEbb
---------------- W _ZN11flatbuffers2ts11TsGenerator13GenDocCommentERKSt6vectorINSt7__cxx1112basic_stringIcSt11char_traitsIcESaIcEEESaIS8_EEPS8_PKc
---------------- t _ZN11flatbuffers2ts11TsGenerator13GenStructArgsERSt3mapINSt7__cxx1112basic_stringIcSt11char_traitsIcESaIcEEENS_12_GLOBAL__N_116ImportDefinitionESt4lessIS8_ESaISt4pairIKS8_SA_EEERKNS_9StructDefERKNS_10DefinitionEPS8_RSE_
---------------- W _ZN11flatbuffers2ts11TsGenerator13GenStructBodyERKNS_9StructDefEPNSt7__cxx1112basic_stringIcSt11char_traitsIcESaIcEEERKSA_
---------------- t _ZN11flatbuffers2ts11TsGenerator13GenUnionValTSERSt3mapINSt7__cxx1112basic_stringIcSt11char_traitsIcESaIcEEENS_12_GLOBAL__N_116ImportDefinitionESt4lessIS8_ESaISt4pairIKS8_SA_EEERKNS_9StructDefERSE_RKNS_4TypeEb
---------------- W _ZN11flatbuffers2ts11TsGenerator13generateEntryEv
---------------- W _ZN11flatbuffers2ts11TsGenerator13generateEnumsEv
---------------- W _ZN11flatbuffers2ts11TsGenerator14GenWriteMethodB5cxx11ERKNS_4TypeE
---------------- t _ZN11flatbuffers2ts11TsGenerator15GenDefaultValueERKNS_8FieldDefERSt3mapINSt7__cxx1112basic_stringIcSt11char_traitsIcESaIcEEENS_12_GLOBAL__N_116ImportDefinitionESt4lessISB_ESaISt4pairIKSB_SD_EEE
---------------- W _ZN11flatbuffers2ts11TsGenerator15generateStructsEv
---------------- W _ZN11flatbuffers2ts11TsGenerator16GenerateFinisherERNS_9StructDefEPNSt7__cxx1112basic_stringIcSt11char_traitsIcESaIcEEERS9_b
---------------- W _ZN11flatbuffers2ts11TsGenerator19GenSymbolExpressionERKNS_7EnumDefEbRKNSt7__cxx1112basic_stringIcSt11char_traitsIcESaIcEEESC_SC_
---------------- W _ZN11flatbuffers2ts11TsGenerator19GenSymbolExpressionERKNS_9StructDefEbRKNSt7__cxx1112basic_stringIcSt11char_traitsIcESaIcEEESC_SC_
---------------- t _ZN11flatbuffers2ts11TsGenerator20GenObjApiUnionTypeTSERSt3mapINSt7__cxx1112basic_stringIcSt11char_traitsIcESaIcEEENS_12_GLOBAL__N_116ImportDefinitionESt4lessIS8_ESaISt4pairIKS8_SA_EEERKNS_9StructDefERKNS_10IDLOptionsERKNS_7EnumDefE
---------------- W _ZN11flatbuffers2ts11TsGenerator20GenUnionConvFuncNameB5cxx11ERKNS_7EnumDefE
---------------- W _ZN11flatbuffers2ts11TsGenerator20GenerateRootAccessorERNS_9StructDefEPNSt7__cxx1112basic_stringIcSt11char_traitsIcESaIcEEERS9_RKS9_b
---------------- W _ZN11flatbuffers2ts11TsGenerator21GenUnionGenericTypeTSB5cxx11ERKNS_7EnumDefE
---------------- W _ZN11flatbuffers2ts11TsGenerator21GenerateNewExpressionERKNSt7__cxx1112basic_stringIcSt11char_traitsIcESaIcEEE
---------------- W _ZN11flatbuffers2ts11TsGenerator22GenStructMemberValueTSERKNS_9StructDefERKNSt7__cxx1112basic_stringIcSt11char_traitsIcESaIcEEESC_b
---------------- W _ZN11flatbuffers2ts11TsGenerator23GenNullCheckConditionalERKNSt7__cxx1112basic_stringIcSt11char_traitsIcESaIcEEES9_S9_
---------------- W _ZN11flatbuffers2ts11TsGenerator24GenUnionListConvFuncNameB5cxx11ERKNS_7EnumDefE
---------------- t _ZN11flatbuffers2ts11TsGenerator7GenEnumERNS_7EnumDefEPNSt7__cxx1112basic_stringIcSt11char_traitsIcESaIcEEERSt3mapIS9_NS_12_GLOBAL__N_116ImportDefinitionESt4lessIS9_ESaISt4pairIKS9_SD_EEEb
---------------- W _ZN11flatbuffers2ts11TsGenerator7GenTypeB5cxx11ERKNS_4TypeE
---------------- W _ZN11flatbuffers2ts11TsGenerator8MaybeAddItEENSt7__cxx1112basic_stringIcSt11char_traitsIcESaIcEEET_
---------------- t _ZN11flatbuffers2ts11TsGenerator8SaveTypeERKNS_10DefinitionERKNSt7__cxx1112basic_stringIcSt11char_traitsIcESaIcEEERSt3mapISA_NS_12_GLOBAL__N_116ImportDefinitionESt4lessISA_ESaISt4pairISB_SF_EEESM_
---------------- W _ZN11flatbuffers2ts11TsGenerator8generateEv
---------------- t _ZN11flatbuffers2ts11TsGenerator9AddImportINS_7EnumDefEEENS_12_GLOBAL__N_116ImportDefinitionERSt3mapINSt7__cxx1112basic_stringIcSt11char_traitsIcESaIcEEES5_St4lessISC_ESaISt4pairIKSC_S5_EEERKNS_10DefinitionERKT_
---------------- t _ZN11flatbuffers2ts11TsGenerator9AddImportINS_9StructDefEEENS_12_GLOBAL__N_116ImportDefinitionERSt3mapINSt7__cxx1112basic_stringIcSt11char_traitsIcESaIcEEES5_St4lessISC_ESaISt4pairIKSC_S5_EEERKNS_10DefinitionERKT_
---------------- W _ZN11flatbuffers2ts11TsGenerator9GenGetterERKNS_4TypeERKNSt7__cxx1112basic_stringIcSt11char_traitsIcESaIcEEE
---------------- t _ZN11flatbuffers2ts11TsGenerator9GenObjApiERKNS_6ParserERNS_9StructDefERNSt7__cxx1112basic_stringIcSt11char_traitsIcESaIcEEESD_RSt3mapISC_NS_12_GLOBAL__N_116ImportDefinitionESt4lessISC_ESaISt4pairIKSC_SG_EEE
---------------- t _ZN11flatbuffers2ts11TsGenerator9GenStructERKNS_6ParserERNS_9StructDefEPNSt7__cxx1112basic_stringIcSt11char_traitsIcESaIcEEERSt3mapISC_NS_12_GLOBAL__N_116ImportDefinitionESt4lessISC_ESaISt4pairIKSC_SG_EEE
---------------- W _ZN11flatbuffers2ts11TsGeneratorC2ERKNS_6ParserERKNSt7__cxx1112basic_stringIcSt11char_traitsIcESaIcEEESC_
---------------- W _ZN11flatbuffers2ts11TsGeneratorD0Ev
---------------- W _ZN11flatbuffers2ts11TsGeneratorD2Ev
---------------- W _ZN11flatbuffers34StringIsFlatbufferNegativeInfinityERKNSt7__cxx1112basic_stringIcSt11char_traitsIcESaIcEEE
---------------- W _ZN11flatbuffers34StringIsFlatbufferPositiveInfinityERKNSt7__cxx1112basic_stringIcSt11char_traitsIcESaIcEEE
---------------- W _ZN11flatbuffers3cpp12CppGenerator10GenCommentERKSt6vectorINSt7__cxx1112basic_stringIcSt11char_traitsIcESaIcEEESaIS8_EEPKc
---------------- W _ZN11flatbuffers3cpp12CppGenerator10GenPaddingERKNS_8FieldDefEPNSt7__cxx1112basic_stringIcSt11char_traitsIcESaIcEEEPiRKSt8functionIFviSB_SC_EE
---------------- W _ZN11flatbuffers3cpp12CppGenerator10GenTypeGetB5cxx11ERKNS_4TypeEPKcS6_S6_b
---------------- W _ZN11flatbuffers3cpp12CppGenerator10GetBuilderB5cxx11Ev
---------------- W _ZN11flatbuffers3cpp12CppGenerator10NativeNameERKNSt7__cxx1112basic_stringIcSt11char_traitsIcESaIcEEEPKNS_9StructDefERKNS_10IDLOptionsE
---------------- W _ZN11flatbuffers3cpp12CppGenerator11GenBuildersERKNS_9StructDefE
---------------- W _ZN11flatbuffers3cpp12CppGenerator11GenTypeSpanB5cxx11ERKNS_4TypeEbm
---------------- W _ZN11flatbuffers3cpp12CppGenerator11PaddingNoopEiPNSt7__cxx1112basic_stringIcSt11char_traitsIcESaIcEEEPi
---------------- W _ZN11flatbuffers3cpp12CppGenerator12GenEnumArrayERKNS_7EnumDefE
---------------- W _ZN11flatbuffers3cpp12CppGenerator12GenTablePostERKNS_9StructDefE
---------------- W _ZN11flatbuffers3cpp12CppGenerator12GenUnionPostERKNS_7EnumDefE
---------------- W _ZN11flatbuffers3cpp12CppGenerator12GenUnpackValERKNS_4TypeERKNSt7__cxx1112basic_stringIcSt11char_traitsIcESaIcEEEbRKNS_8FieldDefE
---------------- W _ZN11flatbuffers3cpp12CppGenerator12NativeStringB5cxx11EPKNS_8FieldDefE
---------------- W _ZN11flatbuffers3cpp12CppGenerator12SetNameSpaceEPKNS_9NamespaceE
---------------- W _ZN11flatbuffers3cpp12CppGenerator13GenEnumEqualsERKNS_7EnumDefE
---------------- W _ZN11flatbuffers3cpp12CppGenerator13GenFieldNamesERKNS_9StructDefE
---------------- W _ZN11flatbuffers3cpp12CppGenerator13GenTypeNativeB5cxx11ERKNS_4TypeEbRKNS_8FieldDefEb
---------------- W _ZN11flatbuffers3cpp12CppGenerator13GenVerifyCallERKNS_8FieldDefEPKc
---------------- W _ZN11flatbuffers3cpp12CppGenerator14GenCreateParamB5cxx11ERKNS_8FieldDefE
---------------- W _ZN11flatbuffers3cpp12CppGenerator14GenMiniReflectEPKNS_9StructDefEPKNS_7EnumDefE
---------------- W _ZN11flatbuffers3cpp12CppGenerator14GenNativeTableERKNS_9StructDefE
---------------- W _ZN11flatbuffers3cpp12CppGenerator15GenFieldsNumberERKNS_9StructDefE
---------------- W _ZN11flatbuffers3cpp12CppGenerator15GenOptionalDeclB5cxx11ERKNS_4TypeE
---------------- W _ZN11flatbuffers3cpp12CppGenerator15GenTraitsStructERKNS_9StructDefE
---------------- W _ZN11flatbuffers3cpp12CppGenerator15GetUnionElementB5cxx11ERKNS_7EnumValEbRKNS_10IDLOptionsE
---------------- W _ZN11flatbuffers3cpp12CppGenerator16GenAbslHashValueERKNS_9StructDefE
---------------- W _ZN11flatbuffers3cpp12CppGenerator16GenArrayAccessorERKNS_4TypeEb
---------------- W _ZN11flatbuffers3cpp12CppGenerator16GenExtraIncludesEv
---------------- W _ZN11flatbuffers3cpp12CppGenerator16GenTypeNativePtrERKNSt7__cxx1112basic_stringIcSt11char_traitsIcESaIcEEEPKNS_8FieldDefEb
---------------- W _ZN11flatbuffers3cpp12CppGenerator17GenMiniReflectPreEPKNS_9StructDefE
---------------- W _ZN11flatbuffers3cpp12CppGenerator17GenUnderlyingCastERKNS_8FieldDefEbRKNSt7__cxx1112basic_stringIcSt11char_traitsIcESaIcEEE
---------------- W _ZN11flatbuffers3cpp12CppGenerator17GenUnionUnpackValB5cxx11ERKNS_8FieldDefEPKcS6_
---------------- W _ZN11flatbuffers3cpp12CppGenerator17PaddingDefinitionEiPNSt7__cxx1112basic_stringIcSt11char_traitsIcESaIcEEEPi
---------------- W _ZN11flatbuffers3cpp12CppGenerator18GenCompareOperatorERKNS_9StructDefERKNSt7__cxx1112basic_stringIcSt11char_traitsIcESaIcEEE
---------------- W _ZN11flatbuffers3cpp12CppGenerator18GenDefaultConstantB5cxx11ERKNS_8FieldDefE
---------------- W _ZN11flatbuffers3cpp12CppGenerator18GenEnumStringTableERKNS_7EnumDefE
---------------- W _ZN11flatbuffers3cpp12CppGenerator18GenFieldOffsetNameB5cxx11ERKNS_8FieldDefE
---------------- W _ZN11flatbuffers3cpp12CppGenerator18GenFieldTypeHelperERKNS_9StructDefE
---------------- W _ZN11flatbuffers3cpp12CppGenerator18GenKeyFieldMethodsERKNS_8FieldDefE
---------------- W _ZN11flatbuffers3cpp12CppGenerator18GenNativeTablePostERKNS_9StructDefE
---------------- W _ZN11flatbuffers3cpp12CppGenerator18PaddingInitializerEiPNSt7__cxx1112basic_stringIcSt11char_traitsIcESaIcEEEPi
---------------- W _ZN11flatbuffers3cpp12CppGenerator18TablePackSignatureB5cxx11ERKNS_9StructDefEbRKNS_10IDLOptionsE
---------------- W _ZN11flatbuffers3cpp12CppGenerator18TranslateNameSpaceERKNSt7__cxx1112basic_stringIcSt11char_traitsIcESaIcEEE
---------------- W _ZN11flatbuffers3cpp12CppGenerator18UnionPackSignatureB5cxx11ERKNS_7EnumDefEb
---------------- W _ZN11flatbuffers3cpp12CppGenerator19GenEmbeddedIncludesEv
---------------- W _ZN11flatbuffers3cpp12CppGenerator19GenTableFieldGetterERKNS_8FieldDefE
---------------- W _ZN11flatbuffers3cpp12CppGenerator19GenTableFieldSetterERKNS_8FieldDefE
---------------- W _ZN11flatbuffers3cpp12CppGenerator19GenVectorForceAlignERKNS_8FieldDefERKNSt7__cxx1112basic_stringIcSt11char_traitsIcESaIcEEE
---------------- W _ZN11flatbuffers3cpp12CppGenerator19generate_bfbs_embedEv
---------------- W _ZN11flatbuffers3cpp12CppGenerator20GenOperatorNewDeleteERKNS_9StructDefE
---------------- W _ZN11flatbuffers3cpp12CppGenerator20GenStructConstructorERKNS_9StructDefENS0_15GenArrayArgModeE
---------------- W _ZN11flatbuffers3cpp12CppGenerator20TableCreateSignatureB5cxx11ERKNS_9StructDefEbRKNS_10IDLOptionsE
---------------- W _ZN11flatbuffers3cpp12CppGenerator20TableUnPackSignatureB5cxx11ERKNS_9StructDefEbRKNS_10IDLOptionsE
---------------- W _ZN11flatbuffers3cpp12CppGenerator20UnionUnPackSignatureB5cxx11ERKNS_7EnumDefEb
---------------- W _ZN11flatbuffers3cpp12CppGenerator20UnionVerifySignatureB5cxx11ERKNS_7EnumDefE
---------------- W _ZN11flatbuffers3cpp12CppGenerator21GenDefaultConstructorERKNS_9StructDefE
---------------- W _ZN11flatbuffers3cpp12CppGenerator21GenEnumObjectBasedAPIERKNS_7EnumDefE
---------------- W _ZN11flatbuffers3cpp12CppGenerator21GetDefaultScalarValueB5cxx11ERKNS_8FieldDefEb
---------------- W _ZN11flatbuffers3cpp12CppGenerator21NeedsCopyCtorAssignOpERKNS_9StructDefE
---------------- W _ZN11flatbuffers3cpp12CppGenerator22GenBinarySchemaTypeDefEPKNS_9StructDefE
---------------- W _ZN11flatbuffers3cpp12CppGenerator22GenComparatorForStructERKNS_9StructDefEmNSt7__cxx1112basic_stringIcSt11char_traitsIcESaIcEEESA_
---------------- W _ZN11flatbuffers3cpp12CppGenerator22GenIncludeDependenciesEv
---------------- W _ZN11flatbuffers3cpp12CppGenerator22GenTableUnionAsGettersERKNS_8FieldDefEb
---------------- W _ZN11flatbuffers3cpp12CppGenerator22TableUnPackToSignatureB5cxx11ERKNS_9StructDefEbRKNS_10IDLOptionsE
---------------- W _ZN11flatbuffers3cpp12CppGenerator23GenCopyCtorAssignOpDefsERKNS_9StructDefE
---------------- W _ZN11flatbuffers3cpp12CppGenerator23GenUnpackFieldStatementB5cxx11ERKNS_8FieldDefEPS3_
---------------- W _ZN11flatbuffers3cpp12CppGenerator23GetNestedFlatBufferNameB5cxx11ERKNS_8FieldDefE
---------------- W _ZN11flatbuffers3cpp12CppGenerator24GenIndexBasedFieldGetterERKNS_9StructDefE
---------------- W _ZN11flatbuffers3cpp12CppGenerator25FlexibleStringConstructorEPKNS_8FieldDefE
---------------- W _ZN11flatbuffers3cpp12CppGenerator25WrapNativeNameInNameSpaceB5cxx11ERKNS_9StructDefERKNS_10IDLOptionsE
---------------- W _ZN11flatbuffers3cpp12CppGenerator26GenFlatbuffersVersionCheckEv
---------------- W _ZN11flatbuffers3cpp12CppGenerator26UnionVectorVerifySignatureB5cxx11ERKNS_7EnumDefE
---------------- W _ZN11flatbuffers3cpp12CppGenerator27GenFullyQualifiedNameGetterERKNS_9StructDefERKNSt7__cxx1112basic_stringIcSt11char_traitsIcESaIcEEE
---------------- W _ZN11flatbuffers3cpp12CppGenerator27GenStructDefaultConstructorERKNS_9StructDefE
---------------- W _ZN11flatbuffers3cpp12CppGenerator30GenCopyMoveCtorAndAssigOpDeclsERKNS_9StructDefE
---------------- W _ZN11flatbuffers3cpp12CppGenerator7GenEnumERKNS_7EnumDefE
---------------- W _ZN11flatbuffers3cpp12CppGenerator8GenParamERKNS_8FieldDefEbPKc
---------------- W _ZN11flatbuffers3cpp12CppGenerator8GenTableERKNS_9StructDefE
---------------- W _ZN11flatbuffers3cpp12CppGenerator8generateEv
---------------- W _ZN11flatbuffers3cpp12CppGenerator9GenMemberERKNS_8FieldDefE
---------------- W _ZN11flatbuffers3cpp12CppGenerator9GenPtrGetB5cxx11ERKNS_8FieldDefE
---------------- W _ZN11flatbuffers3cpp12CppGenerator9GenStructERKNS_9StructDefE
---------------- W _ZN11flatbuffers3cpp12CppGeneratorC2ERKNS_6ParserERKNSt7__cxx1112basic_stringIcSt11char_traitsIcESaIcEEESC_NS0_13IDLOptionsCppE
---------------- W _ZN11flatbuffers3cpp12CppGeneratorD0Ev
---------------- W _ZN11flatbuffers3cpp12CppGeneratorD2Ev
---------------- W _ZN11flatbuffers3php12PhpGenerator10BeginClassERKNS_9StructDefEPNSt7__cxx1112basic_stringIcSt11char_traitsIcESaIcEEE
---------------- W _ZN11flatbuffers3php12PhpGenerator10EnumMemberERKNS_7EnumDefERKNS_7EnumValEPNSt7__cxx1112basic_stringIcSt11char_traitsIcESaIcEEE
---------------- W _ZN11flatbuffers3php12PhpGenerator10GenTypeGetB5cxx11ERKNS_4TypeE
---------------- W _ZN11flatbuffers3php12PhpGenerator12GetVectorLenERKNS_8FieldDefEPNSt7__cxx1112basic_stringIcSt11char_traitsIcESaIcEEE
---------------- W _ZN11flatbuffers3php12PhpGenerator13GenerateEnumsEv
---------------- W _ZN11flatbuffers3php12PhpGenerator13GetUnionFieldERKNS_8FieldDefEPNSt7__cxx1112basic_stringIcSt11char_traitsIcESaIcEEE
---------------- W _ZN11flatbuffers3php12PhpGenerator14GenTypePointerB5cxx11ERKNS_4TypeE
---------------- W _ZN11flatbuffers3php12PhpGenerator14GetStringFieldERKNS_8FieldDefEPNSt7__cxx1112basic_stringIcSt11char_traitsIcESaIcEEE
---------------- W _ZN11flatbuffers3php12PhpGenerator15GenDefaultValueB5cxx11ERKNS_5ValueE
---------------- W _ZN11flatbuffers3php12PhpGenerator15GenerateStructsEv
---------------- W _ZN11flatbuffers3php12PhpGenerator15GetStartOfTableERKNS_9StructDefEPNSt7__cxx1112basic_stringIcSt11char_traitsIcESaIcEEE
---------------- W _ZN11flatbuffers3php12PhpGenerator16GenStructBuilderERKNS_9StructDefEPNSt7__cxx1112basic_stringIcSt11char_traitsIcESaIcEEE
---------------- W _ZN11flatbuffers3php12PhpGenerator16GenTableBuildersERKNS_9StructDefEPNSt7__cxx1112basic_stringIcSt11char_traitsIcESaIcEEE
---------------- W _ZN11flatbuffers3php12PhpGenerator17BuildFieldOfTableERKNS_8FieldDefEmPNSt7__cxx1112basic_stringIcSt11char_traitsIcESaIcEEE
---------------- W _ZN11flatbuffers3php12PhpGenerator17GenStructAccessorERKNS_9StructDefERKNS_8FieldDefEPNSt7__cxx1112basic_stringIcSt11char_traitsIcESaIcEEE
---------------- W _ZN11flatbuffers3php12PhpGenerator17StructBuilderArgsERKNS_9StructDefEPKcPNSt7__cxx1112basic_stringIcSt11char_traitsIcESaIcEEE
---------------- W _ZN11flatbuffers3php12PhpGenerator17StructBuilderBodyERKNS_9StructDefEPKcPNSt7__cxx1112basic_stringIcSt11char_traitsIcESaIcEEE
---------------- W _ZN11flatbuffers3php12PhpGenerator18BuildVectorOfTableERKNS_8FieldDefEPNSt7__cxx1112basic_stringIcSt11char_traitsIcESaIcEEE
---------------- W _ZN11flatbuffers3php12PhpGenerator18InitializeExistingERKNS_9StructDefEPNSt7__cxx1112basic_stringIcSt11char_traitsIcESaIcEEE
---------------- W _ZN11flatbuffers3php12PhpGenerator19GetEndOffsetOnTableERKNS_9StructDefEPNSt7__cxx1112basic_stringIcSt11char_traitsIcESaIcEEE
---------------- W _ZN11flatbuffers3php12PhpGenerator21GetScalarFieldOfTableERKNS_8FieldDefEPNSt7__cxx1112basic_stringIcSt11char_traitsIcESaIcEEE
---------------- W _ZN11flatbuffers3php12PhpGenerator21GetStructFieldOfTableERKNS_8FieldDefEPNSt7__cxx1112basic_stringIcSt11char_traitsIcESaIcEEE
---------------- W _ZN11flatbuffers3php12PhpGenerator21NewRootTypeFromBufferERKNS_9StructDefEPNSt7__cxx1112basic_stringIcSt11char_traitsIcESaIcEEE
---------------- W _ZN11flatbuffers3php12PhpGenerator22GetScalarFieldOfStructERKNS_8FieldDefEPNSt7__cxx1112basic_stringIcSt11char_traitsIcESaIcEEE
---------------- W _ZN11flatbuffers3php12PhpGenerator22GetStructFieldOfStructERKNS_8FieldDefEPNSt7__cxx1112basic_stringIcSt11char_traitsIcESaIcEEE
---------------- W _ZN11flatbuffers3php12PhpGenerator24GetMemberOfVectorOfUnionERKNS_8FieldDefEPNSt7__cxx1112basic_stringIcSt11char_traitsIcESaIcEEE
---------------- W _ZN11flatbuffers3php12PhpGenerator25GetMemberOfVectorOfStructERKNS_9StructDefERKNS_8FieldDefEPNSt7__cxx1112basic_stringIcSt11char_traitsIcESaIcEEE
---------------- W _ZN11flatbuffers3php12PhpGenerator28GetMemberOfVectorOfNonStructERKNS_8FieldDefEPNSt7__cxx1112basic_stringIcSt11char_traitsIcESaIcEEE
---------------- W _ZN11flatbuffers3php12PhpGenerator7GenEnumERKNS_7EnumDefEPNSt7__cxx1112basic_stringIcSt11char_traitsIcESaIcEEE
---------------- W _ZN11flatbuffers3php12PhpGenerator8GetUByteERKNS_8FieldDefEPNSt7__cxx1112basic_stringIcSt11char_traitsIcESaIcEEE
---------------- W _ZN11flatbuffers3php12PhpGenerator8SaveTypeERKNS_10DefinitionERKNSt7__cxx1112basic_stringIcSt11char_traitsIcESaIcEEEb
---------------- W _ZN11flatbuffers3php12PhpGenerator8generateEv
---------------- W _ZN11flatbuffers3php12PhpGenerator9BeginEnumERKNSt7__cxx1112basic_stringIcSt11char_traitsIcESaIcEEEPS7_
---------------- W _ZN11flatbuffers3php12PhpGenerator9BeginFileERKNSt7__cxx1112basic_stringIcSt11char_traitsIcESaIcEEEbPS7_
---------------- W _ZN11flatbuffers3php12PhpGenerator9GenGetterB5cxx11ERKNS_4TypeE
---------------- W _ZN11flatbuffers3php12PhpGenerator9GenMethodB5cxx11ERKNS_8FieldDefE
---------------- W _ZN11flatbuffers3php12PhpGenerator9GenStructERKNS_9StructDefEPNSt7__cxx1112basic_stringIcSt11char_traitsIcESaIcEEE
---------------- W _ZN11flatbuffers3php12PhpGeneratorC2ERKNS_6ParserERKNSt7__cxx1112basic_stringIcSt11char_traitsIcESaIcEEESC_
---------------- W _ZN11flatbuffers3php12PhpGeneratorD0Ev
---------------- d _ZN11flatbuffers3phpL6IndentB5cxx11E
---------------- T _ZN11flatbuffers4Type11DeserializeERKNS_6ParserEPKN10reflection4TypeE
---------------- W _ZN11flatbuffers4dart13DartGenerator10GenBuilderERKNS_9StructDefERKSt6vectorISt4pairIiPNS_8FieldDefEESaIS9_EERKNSt7__cxx1112basic_stringIcSt11char_traitsIcESaIcEEERSJ_
---------------- W _ZN11flatbuffers4dart13DartGenerator11GenToStringERKNSt7__cxx1112basic_stringIcSt11char_traitsIcESaIcEEERKSt6vectorISt4pairIiPNS_8FieldDefEESaISE_EE
---------------- W _ZN11flatbuffers4dart13DartGenerator13GenDocCommentERKSt6vectorINSt7__cxx1112basic_stringIcSt11char_traitsIcESaIcEEESaIS8_EEPKcRS8_
---------------- W _ZN11flatbuffers4dart13DartGenerator13GenEnumReaderERNS_7EnumDefERKNSt7__cxx1112basic_stringIcSt11char_traitsIcESaIcEEERS9_
---------------- W _ZN11flatbuffers4dart13DartGenerator15GenDartTypeNameERKNS_4TypeEPNS_9NamespaceERKNS_8FieldDefENSt7__cxx1112basic_stringIcSt11char_traitsIcESaIcEEE
---------------- W _ZN11flatbuffers4dart13DartGenerator15GenDartTypeNameERKNS_4TypeEPNS_9NamespaceERKNS_8FieldDefEbNSt7__cxx1112basic_stringIcSt11char_traitsIcESaIcEEE
---------------- W _ZN11flatbuffers4dart13DartGenerator15ImportAliasNameERKNSt7__cxx1112basic_stringIcSt11char_traitsIcESaIcEEE
---------------- W _ZN11flatbuffers4dart13DartGenerator16GenObjectBuilderERKNS_9StructDefERKSt6vectorISt4pairIiPNS_8FieldDefEESaIS9_EERKNSt7__cxx1112basic_stringIcSt11char_traitsIcESaIcEEERSJ_
---------------- W _ZN11flatbuffers4dart13DartGenerator16TableBuilderBodyERKNS_9StructDefERKSt6vectorISt4pairIiPNS_8FieldDefEESaIS9_EERNSt7__cxx1112basic_stringIcSt11char_traitsIcESaIcEEE
---------------- W _ZN11flatbuffers4dart13DartGenerator16import_generatorINS_7EnumDefEEEvRKNSt7__cxx1112basic_stringIcSt11char_traitsIcESaIcEEERKSt6vectorIPT_SaISE_EESB_RSt3setIS9_St4lessIS9_ESaIS9_EE
---------------- W _ZN11flatbuffers4dart13DartGenerator16import_generatorINS_9StructDefEEEvRKNSt7__cxx1112basic_stringIcSt11char_traitsIcESaIcEEERKSt6vectorIPT_SaISE_EESB_RSt3setIS9_St4lessIS9_ESaIS9_EE
---------------- W _ZN11flatbuffers4dart13DartGenerator17GenReaderTypeNameB5cxx11ERKNS_4TypeEPNS_9NamespaceERKNS_8FieldDefEbbb
---------------- W _ZN11flatbuffers4dart13DartGenerator17StructBuilderBodyERKNS_9StructDefERKSt6vectorISt4pairIiPNS_8FieldDefEESaIS9_EERNSt7__cxx1112basic_stringIcSt11char_traitsIcESaIcEEE
---------------- W _ZN11flatbuffers4dart13DartGenerator18GenStructObjectAPIB5cxx11ERKNS_9StructDefERKSt6vectorISt4pairIiPNS_8FieldDefEESaIS9_EE
---------------- W _ZN11flatbuffers4dart13DartGenerator22GenStructObjectAPIPackB5cxx11ERKNS_9StructDefERKSt6vectorISt4pairIiPNS_8FieldDefEESaIS9_EE
---------------- W _ZN11flatbuffers4dart13DartGenerator22TableObjectBuilderBodyB5cxx11ERKNS_9StructDefERKSt6vectorISt4pairIiPNS_8FieldDefEESaIS9_EEbb
---------------- W _ZN11flatbuffers4dart13DartGenerator23StructObjectBuilderBodyB5cxx11ERKSt6vectorISt4pairIiPNS_8FieldDefEESaIS6_EEbb
---------------- W _ZN11flatbuffers4dart13DartGenerator24GenImplementationGettersERKNS_9StructDefERKSt6vectorISt4pairIiPNS_8FieldDefEESaIS9_EERNSt7__cxx1112basic_stringIcSt11char_traitsIcESaIcEEE
---------------- W _ZN11flatbuffers4dart13DartGenerator24GenStructObjectAPIUnpackB5cxx11ERKNS_9StructDefERKSt6vectorISt4pairIiPNS_8FieldDefEESaIS9_EE
---------------- W _ZN11flatbuffers4dart13DartGenerator27NamespaceAliasFromUnionTypeB5cxx11EPNS_9NamespaceERKNS_4TypeE
---------------- W _ZN11flatbuffers4dart13DartGenerator30GenObjectBuilderImplementationB5cxx11ERKNS_9StructDefERKSt6vectorISt4pairIiPNS_8FieldDefEESaIS9_EEbb
---------------- W _ZN11flatbuffers4dart13DartGenerator7GenEnumERNS_7EnumDefERSt3mapINSt7__cxx1112basic_stringIcSt11char_traitsIcESaIcEEESA_St4lessISA_ESaISt4pairIKSA_SA_EEE
---------------- W _ZN11flatbuffers4dart13DartGenerator7GenTypeB5cxx11ERKNS_4TypeE
---------------- W _ZN11flatbuffers4dart13DartGenerator8generateEv
---------------- W _ZN11flatbuffers4dart13DartGenerator9GenReaderERKNS_9StructDefERKNSt7__cxx1112basic_stringIcSt11char_traitsIcESaIcEEERSA_
---------------- W _ZN11flatbuffers4dart13DartGenerator9GenStructERKNS_9StructDefERSt3mapINSt7__cxx1112basic_stringIcSt11char_traitsIcESaIcEEESB_St4lessISB_ESaISt4pairIKSB_SB_EEE
---------------- W _ZN11flatbuffers4dart13DartGeneratorC2ERKNS_6ParserERKNSt7__cxx1112basic_stringIcSt11char_traitsIcESaIcEEESC_
---------------- W _ZN11flatbuffers4dart13DartGeneratorD0Ev
---------------- W _ZN11flatbuffers4dart13DartGeneratorD2Ev
---------------- d _ZN11flatbuffers4dartL4_kFbB5cxx11E
---------------- d _ZN11flatbuffers4java12_GLOBAL__N_112JavaFloatGenE
---------------- d _ZN11flatbuffers4java12_GLOBAL__N_114comment_configE
---------------- W _ZN11flatbuffers4java13JavaGenerator8generateEv
---------------- W _ZN11flatbuffers4java13JavaGeneratorC2ERKNS_6ParserERKNSt7__cxx1112basic_stringIcSt11char_traitsIcESaIcEEESC_SC_
---------------- W _ZN11flatbuffers4java13JavaGeneratorD0Ev
---------------- W _ZN11flatbuffers4java13JavaGeneratorD2Ev
---------------- W _ZN11flatbuffers4rust13RustGenerator10FollowTypeERKNS_4TypeERKNSt7__cxx1112basic_stringIcSt11char_traitsIcESaIcEEE
---------------- W _ZN11flatbuffers4rust13RustGenerator10GenCommentERKSt6vectorINSt7__cxx1112basic_stringIcSt11char_traitsIcESaIcEEESaIS8_EEPKc
---------------- W _ZN11flatbuffers4rust13RustGenerator12SetNameSpaceEPKNS_9NamespaceE
---------------- W _ZN11flatbuffers4rust13RustGenerator14GenTableObjectERKNS_9StructDefE
---------------- W _ZN11flatbuffers4rust13RustGenerator14GenUnionObjectERKNS_7EnumDefE
---------------- W _ZN11flatbuffers4rust13RustGenerator15GenerateOneFileEv
---------------- W _ZN11flatbuffers4rust13RustGenerator15GenerateSymbolsINS_7EnumDefEEEbRKNS_11SymbolTableIT_EESt8functionIFvRKS5_EE
---------------- W _ZN11flatbuffers4rust13RustGenerator15GenerateSymbolsINS_9StructDefEEEbRKNS_11SymbolTableIT_EESt8functionIFvRKS5_EE
---------------- W _ZN11flatbuffers4rust13RustGenerator15GetDefaultValueB5cxx11ERKNS_8FieldDefENS1_14DefaultContextE
---------------- W _ZN11flatbuffers4rust13RustGenerator15ObjectFieldTypeB5cxx11ERKNS_8FieldDefEb
---------------- W _ZN11flatbuffers4rust13RustGenerator17ForAllEnumValues1ERKNS_7EnumDefESt8functionIFvRKNS_7EnumValEEE
---------------- W _ZN11flatbuffers4rust13RustGenerator17GenRootTableFuncsERKNS_9StructDefE
---------------- W _ZN11flatbuffers4rust13RustGenerator18ForAllStructFieldsERKNS_9StructDefESt8functionIFvRKNS_8FieldDefEEE
---------------- W _ZN11flatbuffers4rust13RustGenerator18GenKeyFieldMethodsERKNS_8FieldDefE
---------------- W _ZN11flatbuffers4rust13RustGenerator18GetEnumTypeForDeclB5cxx11ERKNS_4TypeE
---------------- W _ZN11flatbuffers4rust13RustGenerator19GenNamespaceImportsEv
---------------- W _ZN11flatbuffers4rust13RustGenerator19MapNativeTableFieldERKNS_8FieldDefERKNSt7__cxx1112basic_stringIcSt11char_traitsIcESaIcEEE
---------------- W _ZN11flatbuffers4rust13RustGenerator23ForAllObjectTableFieldsERKNS_9StructDefESt8functionIFvRKNS_8FieldDefEEE
---------------- W _ZN11flatbuffers4rust13RustGenerator23GenerateIndividualFilesEv
---------------- W _ZN11flatbuffers4rust13RustGenerator24GenTableAccessorFuncBodyERKNS_8FieldDefERKNSt7__cxx1112basic_stringIcSt11char_traitsIcESaIcEEE
---------------- W _ZN11flatbuffers4rust13RustGenerator24TableBuilderArgsDefnTypeERKNS_8FieldDefERKNSt7__cxx1112basic_stringIcSt11char_traitsIcESaIcEEE
---------------- W _ZN11flatbuffers4rust13RustGenerator27GenFullyQualifiedNameGetterERKNS_9StructDefERKNSt7__cxx1112basic_stringIcSt11char_traitsIcESaIcEEE
---------------- W _ZN11flatbuffers4rust13RustGenerator27TableBuilderArgsAddFuncBodyB5cxx11ERKNS_8FieldDefE
---------------- W _ZN11flatbuffers4rust13RustGenerator27TableBuilderArgsAddFuncTypeERKNS_8FieldDefERKNSt7__cxx1112basic_stringIcSt11char_traitsIcESaIcEEE
---------------- W _ZN11flatbuffers4rust13RustGenerator30ForAllUnionVariantsBesidesNoneERKNS_7EnumDefESt8functionIFvRKNS_7EnumValEEE
---------------- W _ZN11flatbuffers4rust13RustGenerator30GenTableAccessorFuncReturnTypeERKNS_8FieldDefERKNSt7__cxx1112basic_stringIcSt11char_traitsIcESaIcEEE
---------------- W _ZN11flatbuffers4rust13RustGenerator36ForAllUnionObjectVariantsBesidesNoneERKNS_7EnumDefESt8functionIFvvEE
---------------- W _ZN11flatbuffers4rust13RustGenerator7GenEnumERKNS_7EnumDefE
---------------- W _ZN11flatbuffers4rust13RustGenerator8GenTableERKNS_9StructDefE
---------------- W _ZN11flatbuffers4rust13RustGenerator8generateEv
---------------- W _ZN11flatbuffers4rust13RustGenerator9GenStructERKNS_9StructDefE
---------------- W _ZN11flatbuffers4rust13RustGeneratorC2ERKNS_6ParserERKNSt7__cxx1112basic_stringIcSt11char_traitsIcESaIcEEESC_
---------------- W _ZN11flatbuffers4rust13RustGeneratorD0Ev
---------------- W _ZN11flatbuffers4rust13RustGeneratorD2Ev
---------------- W _ZN11flatbuffers5Namer6ConfigC2ERKS1_
---------------- W _ZN11flatbuffers5Namer6ConfigD2Ev
---------------- W _ZN11flatbuffers5NamerD0Ev
---------------- W _ZN11flatbuffers5NamerD2Ev
---------------- t _ZN11flatbuffers5jsons12_GLOBAL__N_110GenTypeRefINS_7EnumDefEEENSt7__cxx1112basic_stringIcSt11char_traitsIcESaIcEEEPKT_
---------------- t _ZN11flatbuffers5jsons12_GLOBAL__N_110GenTypeRefINS_9StructDefEEENSt7__cxx1112basic_stringIcSt11char_traitsIcESaIcEEEPKT_
---------------- t _ZN11flatbuffers5jsons12_GLOBAL__N_111GenFullNameINS_7EnumDefEEENSt7__cxx1112basic_stringIcSt11char_traitsIcESaIcEEEPKT_
---------------- t _ZN11flatbuffers5jsons12_GLOBAL__N_111GenFullNameINS_9StructDefEEENSt7__cxx1112basic_stringIcSt11char_traitsIcESaIcEEEPKT_
---------------- t _ZN11flatbuffers5jsons12_GLOBAL__N_17GenTypeB5cxx11ENS_8BaseTypeE
---------------- W _ZN11flatbuffers5jsons19JsonSchemaGenerator18PrepareDescriptionERKSt6vectorINSt7__cxx1112basic_stringIcSt11char_traitsIcESaIcEEESaIS8_EE
---------------- W _ZN11flatbuffers5jsons19JsonSchemaGenerator8generateEv
---------------- W _ZN11flatbuffers5jsons19JsonSchemaGeneratorC2ERKNS_6ParserERKNSt7__cxx1112basic_stringIcSt11char_traitsIcESaIcEEESC_
---------------- W _ZN11flatbuffers5jsons19JsonSchemaGeneratorD0Ev
---------------- W _ZN11flatbuffers5jsons19JsonSchemaGeneratorD2Ev
---------------- W _ZN11flatbuffers5swift14SwiftGenerator10GenPaddingERKNS_8FieldDefEPi
---------------- W _ZN11flatbuffers5swift14SwiftGenerator11EnumEncoderERKNS_7EnumDefE
---------------- W _ZN11flatbuffers5swift14SwiftGenerator12GenObjectAPIERKNS_9StructDefE
---------------- W _ZN11flatbuffers5swift14SwiftGenerator12GenerateCodeEv
---------------- W _ZN11flatbuffers5swift14SwiftGenerator13SwiftConstantB5cxx11ERKNS_8FieldDefE
---------------- W _ZN11flatbuffers5swift14SwiftGenerator14GenConstructorERKNSt7__cxx1112basic_stringIcSt11char_traitsIcESaIcEEE
---------------- W _ZN11flatbuffers5swift14SwiftGenerator14GenMutateArrayB5cxx11Ev
---------------- W _ZN11flatbuffers5swift14SwiftGenerator14GenTableWriterERKNS_9StructDefE
---------------- W _ZN11flatbuffers5swift14SwiftGenerator15GenObjectHeaderERKNS_9StructDefE
---------------- W _ZN11flatbuffers5swift14SwiftGenerator15GenStructReaderERKNS_9StructDefE
---------------- W _ZN11flatbuffers5swift14SwiftGenerator16GenerateVerifierERKNS_9StructDefE
---------------- W _ZN11flatbuffers5swift14SwiftGenerator17GenByKeyFunctionsERKNS_8FieldDefE
---------------- W _ZN11flatbuffers5swift14SwiftGenerator17GenReaderMainBodyERKNSt7__cxx1112basic_stringIcSt11char_traitsIcESaIcEEE
---------------- W _ZN11flatbuffers5swift14SwiftGenerator17GenTableAccessorsERKNS_9StructDefE
---------------- W _ZN11flatbuffers5swift14SwiftGenerator18GenEnumConstructorERKNSt7__cxx1112basic_stringIcSt11char_traitsIcESaIcEEE
---------------- W _ZN11flatbuffers5swift14SwiftGenerator18GenOSVersionChecksEv
---------------- W _ZN11flatbuffers5swift14SwiftGenerator18GenerateCodingKeysB5cxx11ERKNS_9StructDefE
---------------- W _ZN11flatbuffers5swift14SwiftGenerator18GenerateStructArgsERKNS_9StructDefEPNSt7__cxx1112basic_stringIcSt11char_traitsIcESaIcEEERKSA_SD_SD_b
---------------- W _ZN11flatbuffers5swift14SwiftGenerator19GenEnumDefaultValueB5cxx11ERKNS_8FieldDefE
---------------- W _ZN11flatbuffers5swift14SwiftGenerator19GenerateEncoderBodyERKNS_9StructDefE
---------------- W _ZN11flatbuffers5swift14SwiftGenerator20AddMinOrMaxEnumValueERKNSt7__cxx1112basic_stringIcSt11char_traitsIcESaIcEEES9_
---------------- W _ZN11flatbuffers5swift14SwiftGenerator20GenTableReaderFieldsERKNS_8FieldDefE
---------------- W _ZN11flatbuffers5swift14SwiftGenerator20GenTableWriterFieldsERKNS_8FieldDefEPSt6vectorINSt7__cxx1112basic_stringIcSt11char_traitsIcESaIcEEESaISB_EESE_
---------------- W _ZN11flatbuffers5swift14SwiftGenerator20GenerateVerifierTypeB5cxx11ERKNS_8FieldDefE
---------------- W _ZN11flatbuffers5swift14SwiftGenerator22BuildObjectConstructorERKSt6vectorINSt7__cxx1112basic_stringIcSt11char_traitsIcESaIcEEESaIS8_EERKS8_
---------------- W _ZN11flatbuffers5swift14SwiftGenerator22GenMutableStructReaderERKNS_9StructDefE
---------------- W _ZN11flatbuffers5swift14SwiftGenerator22GenUnsafeBufferPointerERKNS_8FieldDefE
---------------- W _ZN11flatbuffers5swift14SwiftGenerator23BuildingOptionalObjectsERKNSt7__cxx1112basic_stringIcSt11char_traitsIcESaIcEEES9_
---------------- W _ZN11flatbuffers5swift14SwiftGenerator24BuildUnionEnumSwitchCaseERKNS_7EnumDefERKNSt7__cxx1112basic_stringIcSt11char_traitsIcESaIcEEERSt6vectorISA_SaISA_EESC_b
---------------- W _ZN11flatbuffers5swift14SwiftGenerator24GenerateEncoderUnionBodyERKNS_8FieldDefE
---------------- W _ZN11flatbuffers5swift14SwiftGenerator24GenerateJSONEncodingAPIsERKNS_9StructDefE
---------------- W _ZN11flatbuffers5swift14SwiftGenerator25GenerateUnionTypeVerifierERKNS_8FieldDefE
---------------- W _ZN11flatbuffers5swift14SwiftGenerator26GenTableReaderVectorFieldsERKNS_8FieldDefE
---------------- W _ZN11flatbuffers5swift14SwiftGenerator27GenerateNestedVerifierTypesB5cxx11ERKNS_4TypeE
---------------- W _ZN11flatbuffers5swift14SwiftGenerator29BuildObjectAPIConstructorBodyERKNS_8FieldDefEbRSt6vectorINSt7__cxx1112basic_stringIcSt11char_traitsIcESaIcEEESaISB_EESE_
---------------- W _ZN11flatbuffers5swift14SwiftGenerator31BuildUnionEnumSwitchCaseWritterERKNS_7EnumDefE
---------------- W _ZN11flatbuffers5swift14SwiftGenerator31GenerateObjectAPITableExtensionERKNS_9StructDefE
---------------- W _ZN11flatbuffers5swift14SwiftGenerator32GenerateObjectAPIExtensionHeaderENSt7__cxx1112basic_stringIcSt11char_traitsIcESaIcEEEb
---------------- W _ZN11flatbuffers5swift14SwiftGenerator34GenerateObjectAPIStructConstructorERKNS_9StructDefE
---------------- W _ZN11flatbuffers5swift14SwiftGenerator36BuildObjectAPIConstructorBodyVectorsERKNS_8FieldDefERSt6vectorINSt7__cxx1112basic_stringIcSt11char_traitsIcESaIcEEESaISB_EESE_RKSB_
---------------- W _ZN11flatbuffers5swift14SwiftGenerator37GenerateVectorObjectAPITableExtensionERKNS_8FieldDefE
---------------- W _ZN11flatbuffers5swift14SwiftGenerator7GenEnumERKNS_7EnumDefE
---------------- W _ZN11flatbuffers5swift14SwiftGenerator8GenTableERKNS_9StructDefE
---------------- W _ZN11flatbuffers5swift14SwiftGenerator8generateEv
---------------- W _ZN11flatbuffers5swift14SwiftGenerator9GenLookupERKNS_8FieldDefERKNSt7__cxx1112basic_stringIcSt11char_traitsIcESaIcEEE
---------------- W _ZN11flatbuffers5swift14SwiftGenerator9GenMutateERKNSt7__cxx1112basic_stringIcSt11char_traitsIcESaIcEEES9_b
---------------- W _ZN11flatbuffers5swift14SwiftGenerator9GenReaderERKNSt7__cxx1112basic_stringIcSt11char_traitsIcESaIcEEES9_
---------------- W _ZN11flatbuffers5swift14SwiftGeneratorC2ERKNS_6ParserERKNSt7__cxx1112basic_stringIcSt11char_traitsIcESaIcEEESC_
---------------- W _ZN11flatbuffers5swift14SwiftGeneratorD0Ev
---------------- W _ZN11flatbuffers5swift14SwiftGeneratorD2Ev
---------------- T _ZN11flatbuffers6Parser10CheckClashERSt6vectorIPNS_8FieldDefESaIS3_EEPNS_9StructDefEPKcNS_8BaseTypeE
---------------- T _ZN11flatbuffers6Parser10LookupEnumERKNSt7__cxx1112basic_stringIcSt11char_traitsIcESaIcEEE
---------------- T _ZN11flatbuffers6Parser10ParseArrayERNS_5ValueE
---------------- T _ZN11flatbuffers6Parser10ParseCommaEv
---------------- T _ZN11flatbuffers6Parser10ParseFieldERNS_9StructDefE
---------------- T _ZN11flatbuffers6Parser10ParseTableERKNS_9StructDefEPNSt7__cxx1112basic_stringIcSt11char_traitsIcESaIcEEEPj
---------------- T _ZN11flatbuffers6Parser10TokenErrorEv
---------------- T _ZN11flatbuffers6Parser11DeserializeEPKN10reflection6SchemaE
---------------- T _ZN11flatbuffers6Parser11DeserializeEPKhm
---------------- T _ZN11flatbuffers6Parser11DoParseJsonEv
---------------- T _ZN11flatbuffers6Parser11ParseHexNumEiPm
---------------- T _ZN11flatbuffers6Parser11ParseStringERNS_5ValueEb
---------------- T _ZN11flatbuffers6Parser11ParseVectorERKNS_4TypeEPjPNS_8FieldDefEm
---------------- T _ZN11flatbuffers6Parser11SetRootTypeEPKc
---------------- T _ZN11flatbuffers6Parser11StartStructERKNSt7__cxx1112basic_stringIcSt11char_traitsIcESaIcEEEPPNS_9StructDefE
---------------- T _ZN11flatbuffers6Parser12ParseServiceEPKc
---------------- T _ZN11flatbuffers6Parser12RecurseErrorEv
---------------- T _ZN11flatbuffers6Parser13MarkGeneratedEv
---------------- T _ZN11flatbuffers6Parser13ParseAnyValueERNS_5ValueEPNS_8FieldDefEmPKNS_9StructDefEmb
---------------- T _ZN11flatbuffers6Parser13ParseFunctionEPKNSt7__cxx1112basic_stringIcSt11char_traitsIcESaIcEEERNS_5ValueE
---------------- T _ZN11flatbuffers6Parser13ParseMetaDataEPNS_11SymbolTableINS_5ValueEEE
---------------- T _ZN11flatbuffers6Parser13ParseProtoKeyEv
---------------- T _ZN11flatbuffers6Parser13TryTypedValueEPKNSt7__cxx1112basic_stringIcSt11char_traitsIcESaIcEEEibRNS_5ValueENS_8BaseTypeEPb
---------------- T _ZN11flatbuffers6Parser14ParseNamespaceEv
---------------- T _ZN11flatbuffers6Parser14ParseProtoDeclEv
---------------- T _ZN11flatbuffers6Parser14ParseTypeIdentERNS_4TypeE
---------------- T _ZN11flatbuffers6Parser14StartParseFileEPKcS2_
---------------- T _ZN11flatbuffers6Parser15ParseFlexBufferEPKcS2_PN11flexbuffers7BuilderE
---------------- T _ZN11flatbuffers6Parser15SerializeStructERKNS_9StructDefERKNS_5ValueE
---------------- T _ZN11flatbuffers6Parser15SerializeStructERNS_21FlatBufferBuilderImplILb0EEERKNS_9StructDefERKNS_5ValueE
---------------- T _ZN11flatbuffers6Parser15UniqueNamespaceEPNS_9NamespaceE
---------------- T _ZN11flatbuffers6Parser15UnqualifiedNameERKNSt7__cxx1112basic_stringIcSt11char_traitsIcESaIcEEE
---------------- T _ZN11flatbuffers6Parser16CheckPrivateLeakEv
---------------- T _ZN11flatbuffers6Parser16ParseNamespacingEPNSt7__cxx1112basic_stringIcSt11char_traitsIcESaIcEEES7_
---------------- T _ZN11flatbuffers6Parser16ParseProtoFieldsEPNS_9StructDefEbb
---------------- T _ZN11flatbuffers6Parser16ParseProtoOptionEv
---------------- T _ZN11flatbuffers6Parser16ParseSingleValueEPKNSt7__cxx1112basic_stringIcSt11char_traitsIcESaIcEEERNS_5ValueEb
---------------- T _ZN11flatbuffers6Parser16SkipAnyJsonValueEv
---------------- T _ZN11flatbuffers6Parser17SkipByteOrderMarkEv
---------------- T _ZN11flatbuffers6Parser18LookupCreateStructERKNSt7__cxx1112basic_stringIcSt11char_traitsIcESaIcEEEbb
---------------- T _ZN11flatbuffers6Parser18ParseProtoMapFieldEPNS_9StructDefE
---------------- T _ZN11flatbuffers6Parser19ParseAlignAttributeERKNSt7__cxx1112basic_stringIcSt11char_traitsIcESaIcEEEmPm
---------------- T _ZN11flatbuffers6Parser19ParseEnumFromStringERKNS_4TypeEPNSt7__cxx1112basic_stringIcSt11char_traitsIcESaIcEEE
---------------- T _ZN11flatbuffers6Parser20ParseFlexBufferValueEPN11flexbuffers7BuilderE
---------------- T _ZN11flatbuffers6Parser21ParseNestedFlatbufferERNS_5ValueEPNS_8FieldDefEmPKNS_9StructDefE
---------------- T _ZN11flatbuffers6Parser22ParseTypeFromProtoTypeEPNS_4TypeE
---------------- T _ZN11flatbuffers6Parser23SupportsOptionalScalarsERKNS_10IDLOptionsE
---------------- T _ZN11flatbuffers6Parser24ParseProtoCurliesOrIdentEv
---------------- T _ZN11flatbuffers6Parser26CheckPrivatelyLeakedFieldsERKNS_10DefinitionES3_
---------------- T _ZN11flatbuffers6Parser27HasCircularStructDependencyEv
---------------- T _ZN11flatbuffers6Parser30ParseFlexBufferNumericConstantEPN11flexbuffers7BuilderE
---------------- T _ZN11flatbuffers6Parser4NextEv
---------------- T _ZN11flatbuffers6Parser5ErrorERKNSt7__cxx1112basic_stringIcSt11char_traitsIcESaIcEEE
---------------- T _ZN11flatbuffers6Parser5ParseEPKcPS2_S2_
---------------- T _ZN11flatbuffers6Parser6ExpectEi
---------------- T _ZN11flatbuffers6Parser7DoParseEPKcPS2_S2_S2_
---------------- T _ZN11flatbuffers6Parser7MessageERKNSt7__cxx1112basic_stringIcSt11char_traitsIcESaIcEEE
---------------- T _ZN11flatbuffers6Parser7WarningERKNSt7__cxx1112basic_stringIcSt11char_traitsIcESaIcEEE
---------------- T _ZN11flatbuffers6Parser8AddFieldERNS_9StructDefERKNSt7__cxx1112basic_stringIcSt11char_traitsIcESaIcEEERKNS_4TypeEPPNS_8FieldDefE
---------------- T _ZN11flatbuffers6Parser9ConformToB5cxx11ERKS0_
---------------- T _ZN11flatbuffers6Parser9ParseDeclEPKc
---------------- T _ZN11flatbuffers6Parser9ParseEnumEbPPNS_7EnumDefEPKc
---------------- T _ZN11flatbuffers6Parser9ParseHashERNS_5ValueEPNS_8FieldDefE
---------------- T _ZN11flatbuffers6Parser9ParseJsonEPKcS2_
---------------- T _ZN11flatbuffers6Parser9ParseRootEPKcPS2_S2_
---------------- T _ZN11flatbuffers6Parser9ParseTypeERNS_4TypeE
---------------- T _ZN11flatbuffers6Parser9SerializeEv
---------------- T _ZN11flatbuffers6Parser9StartEnumERKNSt7__cxx1112basic_stringIcSt11char_traitsIcESaIcEEEbPPNS_7EnumDefE
---------------- W _ZN11flatbuffers6ParserC2ERKNS_10IDLOptionsE
---------------- W _ZN11flatbuffers6ParserD2Ev
---------------- W _ZN11flatbuffers6SizeOfENS_8BaseTypeE
---------------- W _ZN11flatbuffers6ToUTF8EjPNSt7__cxx1112basic_stringIcSt11char_traitsIcESaIcEEE
---------------- T _ZN11flatbuffers6VerifyERKN10reflection6SchemaERKNS0_6ObjectEPKhmjj
---------------- W _ZN11flatbuffers6csharp15CSharpGenerator13GenVerifyCallERNS_10CodeWriterERKNS_8FieldDefEPKc
---------------- W _ZN11flatbuffers6csharp15CSharpGenerator16GenTableVerifierERKNS_9StructDefEPNSt7__cxx1112basic_stringIcSt11char_traitsIcESaIcEEE
---------------- W _ZN11flatbuffers6csharp15CSharpGenerator21GetEndOfTableVerifierEPNSt7__cxx1112basic_stringIcSt11char_traitsIcESaIcEEE
---------------- W _ZN11flatbuffers6csharp15CSharpGenerator23GetNestedFlatBufferNameB5cxx11ERKNS_8FieldDefE
---------------- W _ZN11flatbuffers6csharp15CSharpGenerator23GetStartOfTableVerifierERKNS_9StructDefEPNSt7__cxx1112basic_stringIcSt11char_traitsIcESaIcEEE
---------------- W _ZN11flatbuffers6csharp15CSharpGenerator8generateEv
---------------- W _ZN11flatbuffers6csharp15CSharpGeneratorC2ERKNS_6ParserERKNSt7__cxx1112basic_stringIcSt11char_traitsIcESaIcEEESC_
---------------- W _ZN11flatbuffers6csharp15CSharpGeneratorD0Ev
---------------- W _ZN11flatbuffers6csharp15CSharpGeneratorD2Ev
---------------- d _ZN11flatbuffers6kotlin12_GLOBAL__N_114KotlinFloatGenE
---------------- d _ZN11flatbuffers6kotlin12_GLOBAL__N_114KotlinFloatGenE.2164
---------------- d _ZN11flatbuffers6kotlin12_GLOBAL__N_114comment_configE
---------------- d _ZN11flatbuffers6kotlin12_GLOBAL__N_114comment_configE.2182
---------------- d _ZN11flatbuffers6kotlin12_GLOBAL__N_19ident_padB5cxx11E
---------------- d _ZN11flatbuffers6kotlin12_GLOBAL__N_19ident_padB5cxx11E.2170
---------------- W _ZN11flatbuffers6kotlin15KotlinGenerator11GenerateFunERNS_10CodeWriterERKNSt7__cxx1112basic_stringIcSt11char_traitsIcESaIcEEESB_SB_RKSt8functionIFvvEEb
---------------- W _ZN11flatbuffers6kotlin15KotlinGenerator12ToSignedTypeB5cxx11ERKNS_4TypeE
---------------- W _ZN11flatbuffers6kotlin15KotlinGenerator13OffsetWrapperERNS_10CodeWriterERKNSt7__cxx1112basic_stringIcSt11char_traitsIcESaIcEEERKSt8functionIFvvEESG_
---------------- W _ZN11flatbuffers6kotlin15KotlinGenerator14GenerateGetterERNS_10CodeWriterERKNSt7__cxx1112basic_stringIcSt11char_traitsIcESaIcEEESB_RKSt8functionIFvvEE
---------------- W _ZN11flatbuffers6kotlin15KotlinGenerator18GenerateFunOneLineERNS_10CodeWriterERKNSt7__cxx1112basic_stringIcSt11char_traitsIcESaIcEEESB_SB_RKSt8functionIFvvEEb
---------------- W _ZN11flatbuffers6kotlin15KotlinGenerator20OffsetWrapperOneLineERKNSt7__cxx1112basic_stringIcSt11char_traitsIcESaIcEEES9_S9_
---------------- W _ZN11flatbuffers6kotlin15KotlinGenerator21GenerateGetterOneLineERNS_10CodeWriterERKNSt7__cxx1112basic_stringIcSt11char_traitsIcESaIcEEESB_RKSt8functionIFvvEE
---------------- W _ZN11flatbuffers6kotlin15KotlinGenerator23GeneratePropertyOneLineERNS_10CodeWriterERKNSt7__cxx1112basic_stringIcSt11char_traitsIcESaIcEEESB_RKSt8functionIFvvEE
---------------- W _ZN11flatbuffers6kotlin15KotlinGenerator8IndirectERKNSt7__cxx1112basic_stringIcSt11char_traitsIcESaIcEEEb
---------------- W _ZN11flatbuffers6kotlin15KotlinGenerator8generateEv
---------------- W _ZN11flatbuffers6kotlin15KotlinGeneratorC2ERKNS_6ParserERKNSt7__cxx1112basic_stringIcSt11char_traitsIcESaIcEEESC_
---------------- W _ZN11flatbuffers6kotlin15KotlinGeneratorD0Ev
---------------- W _ZN11flatbuffers6kotlin15KotlinGeneratorD2Ev
---------------- W _ZN11flatbuffers6kotlin18KotlinKMPGenerator11GenerateFunERNS_10CodeWriterERKNSt7__cxx1112basic_stringIcSt11char_traitsIcESaIcEEESB_SB_RKSt8functionIFvvEEb
---------------- W _ZN11flatbuffers6kotlin18KotlinKMPGenerator18GenerateFunOneLineERNS_10CodeWriterERKNSt7__cxx1112basic_stringIcSt11char_traitsIcESaIcEEESB_SB_RKSt8functionIFvvEEb
---------------- W _ZN11flatbuffers6kotlin18KotlinKMPGenerator18LookupFieldOneLineERKNSt7__cxx1112basic_stringIcSt11char_traitsIcESaIcEEES9_S9_
---------------- W _ZN11flatbuffers6kotlin18KotlinKMPGenerator21GenerateGetterOneLineERNS_10CodeWriterERKNSt7__cxx1112basic_stringIcSt11char_traitsIcESaIcEEESB_RKSt8functionIFvvEE
---------------- W _ZN11flatbuffers6kotlin18KotlinKMPGenerator23GeneratePropertyOneLineERNS_10CodeWriterERKNSt7__cxx1112basic_stringIcSt11char_traitsIcESaIcEEESB_RKSt8functionIFvvEE
---------------- W _ZN11flatbuffers6kotlin18KotlinKMPGenerator8IndirectERKNSt7__cxx1112basic_stringIcSt11char_traitsIcESaIcEEEb
---------------- W _ZN11flatbuffers6kotlin18KotlinKMPGenerator8generateEv
---------------- W _ZN11flatbuffers6kotlin18KotlinKMPGeneratorC2ERKNS_6ParserERKNSt7__cxx1112basic_stringIcSt11char_traitsIcESaIcEEESC_
---------------- W _ZN11flatbuffers6kotlin18KotlinKMPGeneratorD0Ev
---------------- W _ZN11flatbuffers6kotlin18KotlinKMPGeneratorD2Ev
---------------- d _ZN11flatbuffers6python12_GLOBAL__N_111def_commentE
---------------- t _ZN11flatbuffers6python12_GLOBAL__N_119PythonStubGenerator14DeclareUOffsetERNSt7__cxx1118basic_stringstreamIcSt11char_traitsIcESaIcEEEPNS0_7ImportsE
---------------- t _ZN11flatbuffers6python12_GLOBAL__N_119PythonStubGenerator8SaveFileERKNSt7__cxx1112basic_stringIcSt11char_traitsIcESaIcEEERKNS0_7ImportsERKNS3_18basic_stringstreamIcS6_S7_EE
---------------- d _ZN11flatbuffers6python12_GLOBAL__N_16IndentB5cxx11E
---------------- W _ZN11flatbuffers6python15PythonGenerator8generateEv
---------------- W _ZN11flatbuffers6python15PythonGeneratorC2ERKNS_6ParserERKNSt7__cxx1112basic_stringIcSt11char_traitsIcESaIcEEESC_RKNS0_7VersionE
---------------- W _ZN11flatbuffers6python15PythonGeneratorD0Ev
---------------- W _ZN11flatbuffers6python15PythonGeneratorD2Ev
---------------- T _ZN11flatbuffers6python4grpc12GenerateStubERKNS_6ParserERKNSt7__cxx1112basic_stringIcSt11char_traitsIcESaIcEEERKNS0_7VersionE
---------------- t _ZN11flatbuffers6python4grpc12_GLOBAL__N_113BaseGenerator12NamespaceDirB5cxx11ERKNS_9NamespaceEb
---------------- t _ZN11flatbuffers6python4grpc12_GLOBAL__N_113BaseGeneratorC2ERKNS_6ParserERKNS_5Namer6ConfigERKNSt7__cxx1112basic_stringIcSt11char_traitsIcESaIcEEERKNS0_7VersionE
---------------- t _ZN11flatbuffers6python4grpc12_GLOBAL__N_113BaseGeneratorD2Ev
---------------- t _ZN11flatbuffers6python4grpc12_GLOBAL__N_113FormatImportsERNSt7__cxx1118basic_stringstreamIcSt11char_traitsIcESaIcEEERKNS0_7ImportsE
---------------- t _ZN11flatbuffers6python4grpc12_GLOBAL__N_115ClientStreamingEPKNS_7RPCCallE
---------------- t _ZN11flatbuffers6python4grpc12_GLOBAL__N_115ServerStreamingEPKNS_7RPCCallE
---------------- T _ZN11flatbuffers6python4grpc8GenerateERKNS_6ParserERKNSt7__cxx1112basic_stringIcSt11char_traitsIcESaIcEEERKNS0_7VersionE
---------------- W _ZN11flatbuffers6python6ImportC2ERKS1_
---------------- W _ZN11flatbuffers6python6ImportD2Ev
---------------- T _ZN11flatbuffers6python7Imports6ExportERKNSt7__cxx1112basic_stringIcSt11char_traitsIcESaIcEEE
---------------- T _ZN11flatbuffers6python7Imports6ExportERKNSt7__cxx1112basic_stringIcSt11char_traitsIcESaIcEEES9_
---------------- T _ZN11flatbuffers6python7Imports6ImportERKNSt7__cxx1112basic_stringIcSt11char_traitsIcESaIcEEE
---------------- T _ZN11flatbuffers6python7Imports6ImportERKNSt7__cxx1112basic_stringIcSt11char_traitsIcESaIcEEES9_
---------------- W _ZN11flatbuffers6python7ImportsD2Ev
---------------- T _ZN11flatbuffers6python7VersionC1ERKNSt7__cxx1112basic_stringIcSt11char_traitsIcESaIcEEE
---------------- T _ZN11flatbuffers6python7VersionC2ERKNSt7__cxx1112basic_stringIcSt11char_traitsIcESaIcEEE
---------------- T _ZN11flatbuffers6python8KeywordsB5cxx11ERKNS0_7VersionE
---------------- d _ZN11flatbuffers6pythonL11kStubConfigE
---------------- d _ZN11flatbuffers6pythonL11kStubConfigE.5184
---------------- d _ZN11flatbuffers6pythonL11kStubConfigE.6170
---------------- d _ZN11flatbuffers6pythonL11kStubConfigE.7359
---------------- d _ZN11flatbuffers6pythonL7kConfigE
---------------- d _ZN11flatbuffers6pythonL7kConfigE.5181
---------------- d _ZN11flatbuffers6pythonL7kConfigE.6168
---------------- d _ZN11flatbuffers6pythonL7kConfigE.7354
---------------- T _ZN11flatbuffers7EnumDef11DeserializeERNS_6ParserEPKN10reflection4EnumE
---------------- T _ZN11flatbuffers7EnumDef11SortByValueEv
---------------- T _ZN11flatbuffers7EnumDef16RemoveDuplicatesEv
---------------- T _ZN11flatbuffers7EnumVal11DeserializeERNS_6ParserEPKN10reflection7EnumValE
---------------- T _ZN11flatbuffers7EnumVal21DeserializeAttributesERNS_6ParserEPKNS_6VectorINS_6OffsetIN10reflection8KeyValueEEEjEE
---------------- W _ZN11flatbuffers7EnumValC2ERKS0_
---------------- W _ZN11flatbuffers7EnumValD2Ev
---------------- T _ZN11flatbuffers7GenTextERKNS_6ParserEPKvPNSt7__cxx1112basic_stringIcSt11char_traitsIcESaIcEEE
---------------- T _ZN11flatbuffers7RPCCall11DeserializeERNS_6ParserEPKN10reflection7RPCCallE
---------------- W _ZN11flatbuffers7lobster16LobsterGenerator11GenTypeNameB5cxx11ERKNS_4TypeE
---------------- W _ZN11flatbuffers7lobster16LobsterGenerator14CheckNameSpaceERKNS_10DefinitionEPNSt7__cxx1112basic_stringIcSt11char_traitsIcESaIcEEE
---------------- W _ZN11flatbuffers7lobster16LobsterGenerator16GenStructBuilderERKNS_9StructDefEPNSt7__cxx1112basic_stringIcSt11char_traitsIcESaIcEEE
---------------- W _ZN11flatbuffers7lobster16LobsterGenerator16GenStructPreDeclERKNS_9StructDefEPNSt7__cxx1112basic_stringIcSt11char_traitsIcESaIcEEE
---------------- W _ZN11flatbuffers7lobster16LobsterGenerator16GenTableBuildersERKNS_9StructDefEPNSt7__cxx1112basic_stringIcSt11char_traitsIcESaIcEEE
---------------- W _ZN11flatbuffers7lobster16LobsterGenerator17GenStructAccessorERKNS_9StructDefERKNS_8FieldDefEPNSt7__cxx1112basic_stringIcSt11char_traitsIcESaIcEEE
---------------- W _ZN11flatbuffers7lobster16LobsterGenerator17StructBuilderArgsERKNS_9StructDefEPKcPNSt7__cxx1112basic_stringIcSt11char_traitsIcESaIcEEE
---------------- W _ZN11flatbuffers7lobster16LobsterGenerator17StructBuilderBodyERKNS_9StructDefEPKcPNSt7__cxx1112basic_stringIcSt11char_traitsIcESaIcEEE
---------------- W _ZN11flatbuffers7lobster16LobsterGenerator7GenEnumERKNS_7EnumDefEPNSt7__cxx1112basic_stringIcSt11char_traitsIcESaIcEEE
---------------- W _ZN11flatbuffers7lobster16LobsterGenerator8generateEv
---------------- W _ZN11flatbuffers7lobster16LobsterGenerator9GenMethodB5cxx11ERKNS_4TypeE
---------------- W _ZN11flatbuffers7lobster16LobsterGenerator9GenStructERKNS_9StructDefEPNSt7__cxx1112basic_stringIcSt11char_traitsIcESaIcEEE
---------------- W _ZN11flatbuffers7lobster16LobsterGeneratorC2ERKNS_6ParserERKNSt7__cxx1112basic_stringIcSt11char_traitsIcESaIcEEESC_
---------------- W _ZN11flatbuffers7lobster16LobsterGeneratorD0Ev
---------------- W _ZN11flatbuffers7lobster16LobsterGeneratorD2Ev
---------------- T _ZN11flatbuffers8FieldDef11DeserializeERNS_6ParserEPKN10reflection5FieldE
---------------- T _ZN11flatbuffers8FilePathERKNSt7__cxx1112basic_stringIcSt11char_traitsIcESaIcEEES7_b
---------------- W _ZN11flatbuffers8HashFnv1IjEET_PKc
---------------- W _ZN11flatbuffers8HashFnv1ImEET_PKc
---------------- W _ZN11flatbuffers8HashFnv1ItEET_PKc
---------------- W _ZN11flatbuffers8IdlNamer25LegacyRustUnionTypeMethodB5cxx11ERKNS_8FieldDefE
---------------- W _ZN11flatbuffers8IdlNamerC2ENS_5Namer6ConfigESt3setINSt7__cxx1112basic_stringIcSt11char_traitsIcESaIcEEESt4lessIS9_ESaIS9_EE
---------------- W _ZN11flatbuffers8IdlNamerD0Ev
---------------- T _ZN11flatbuffers8LoadFileEPKcbPNSt7__cxx1112basic_stringIcSt11char_traitsIcESaIcEEE
---------------- T _ZN11flatbuffers8SaveFileEPKcS1_mb
---------------- W _ZN11flatbuffers8TypeNameENS_8BaseTypeE
---------------- W _ZN11flatbuffers8WordWrapENSt7__cxx1112basic_stringIcSt11char_traitsIcESaIcEEEmS5_S5_
---------------- W _ZN11flatbuffers9BfbsNamerC2ENS_5Namer6ConfigESt3setINSt7__cxx1112basic_stringIcSt11char_traitsIcESaIcEEESt4lessIS9_ESaIS9_EE
---------------- W _ZN11flatbuffers9BfbsNamerD0Ev
---------------- T _ZN11flatbuffers9CopyTableERNS_21FlatBufferBuilderImplILb0EEERKN10reflection6SchemaERKNS3_6ObjectERKNS_5TableEb
---------------- T _ZN11flatbuffers9DirExistsEPKc
---------------- W _ZN11flatbuffers9FileSaver6FinishEv
---------------- W _ZN11flatbuffers9FileSaverD2Ev
---------------- W _ZN11flatbuffers9GetFieldIIhEET_RKNS_5TableERKN10reflection5FieldE
---------------- W _ZN11flatbuffers9GetFieldVINS_6OffsetINS_5TableEEEEEPNS_6VectorIT_jEERKS2_RKN10reflection5FieldE
---------------- W _ZN11flatbuffers9GetFieldVINS_6OffsetINS_6StringEEEEEPNS_6VectorIT_jEERKNS_5TableERKN10reflection5FieldE
---------------- W _ZN11flatbuffers9GetFieldVINS_6OffsetIhEEEEPNS_6VectorIT_jEERKNS_5TableERKN10reflection5FieldE
---------------- W _ZN11flatbuffers9GetFieldVIaEEPNS_6VectorIT_jEERKNS_5TableERKN10reflection5FieldE
---------------- W _ZN11flatbuffers9GetFieldVIdEEPNS_6VectorIT_jEERKNS_5TableERKN10reflection5FieldE
---------------- W _ZN11flatbuffers9GetFieldVIfEEPNS_6VectorIT_jEERKNS_5TableERKN10reflection5FieldE
---------------- W _ZN11flatbuffers9GetFieldVIhEEPNS_6VectorIT_jEERKNS_5TableERKN10reflection5FieldE
---------------- W _ZN11flatbuffers9GetFieldVIiEEPNS_6VectorIT_jEERKNS_5TableERKN10reflection5FieldE
---------------- W _ZN11flatbuffers9GetFieldVIlEEPNS_6VectorIT_jEERKNS_5TableERKN10reflection5FieldE
---------------- W _ZN11flatbuffers9GetFieldVIsEEPNS_6VectorIT_jEERKNS_5TableERKN10reflection5FieldE
---------------- W _ZN11flatbuffers9HashFnv1aIjEET_PKc
---------------- W _ZN11flatbuffers9HashFnv1aImEET_PKc
---------------- W _ZN11flatbuffers9HashFnv1aItEET_PKc
---------------- W _ZN11flatbuffers9NamespaceD2Ev
---------------- T _ZN11flatbuffers9PosixPathB5cxx11EPKc
---------------- T _ZN11flatbuffers9PosixPathERKNSt7__cxx1112basic_stringIcSt11char_traitsIcESaIcEEE
---------------- T _ZN11flatbuffers9SetStringERKN10reflection6SchemaERKNSt7__cxx1112basic_stringIcSt11char_traitsIcESaIcEEEPKNS_6StringEPSt6vectorIhSaIhEEPKNS0_6ObjectE
---------------- T _ZN11flatbuffers9StripPathERKNSt7__cxx1112basic_stringIcSt11char_traitsIcESaIcEEE
---------------- T _ZN11flatbuffers9StructDef11DeserializeERNS_6ParserEPKN10reflection6ObjectE
---------------- W _ZN11flatbuffers9StructDefD2Ev
---------------- t _ZN11flatbuffersL12AppendOptionERNSt7__cxx1118basic_stringstreamIcSt11char_traitsIcESaIcEEERKNS_11FlatCOptionEmm
---------------- t _ZN11flatbuffersL13FLATC_VERSIONEv
---------------- t _ZN11flatbuffersL13GetRegionTypeEN10reflection8BaseTypeE
---------------- d _ZN11flatbuffersL13flatc_optionsE
---------------- d _ZN11flatbuffersL14CSharpFloatGenE
---------------- t _ZN11flatbuffersL14NumToStringCppENSt7__cxx1112basic_stringIcSt11char_traitsIcESaIcEEENS_8BaseTypeE
---------------- d _ZN11flatbuffersL14comment_configE
---------------- t _ZN11flatbuffersL15GenIncludeGuardERKNSt7__cxx1112basic_stringIcSt11char_traitsIcESaIcEEERKNS_9NamespaceES7_
---------------- d _ZN11flatbuffersL16kHashFunctions16E
---------------- d _ZN11flatbuffersL16kHashFunctions32E
---------------- d _ZN11flatbuffersL16kHashFunctions64E
---------------- d _ZN11flatbuffersL16language_optionsE
---------------- t _ZN11flatbuffersL17AppendShortOptionERNSt7__cxx1118basic_stringstreamIcSt11char_traitsIcESaIcEEERKNS_11FlatCOptionE
---------------- t _ZN11flatbuffersL23AppendTextWrappedStringERNSt7__cxx1118basic_stringstreamIcSt11char_traitsIcESaIcEEERNS0_12basic_stringIcS3_S4_EEmm
---------------- t _ZN11flatbuffersL25SerializeAttributesCommonERKNS_11SymbolTableINS_5ValueEEEPNS_21FlatBufferBuilderImplILb0EEERKNS_6ParserE
---------------- t _ZN11flatbuffersL27DeserializeAttributesCommonERNS_11SymbolTableINS_5ValueEEERNS_6ParserEPKNS_6VectorINS_6OffsetIN10reflection8KeyValueEEEjEE
---------------- t _ZN11flatbuffersL5ToHexB5cxx11Eh
---------------- t _ZN11flatbuffersL5ToHexImEENSt7__cxx1112basic_stringIcSt11char_traitsIcESaIcEEET_m
---------------- W _ZN11flexbuffers14AppendToStringINS_11TypedVectorEEEvRNSt7__cxx1112basic_stringIcSt11char_traitsIcESaIcEEEOT_bbiPKcb
---------------- W _ZN11flexbuffers14AppendToStringINS_16FixedTypedVectorEEEvRNSt7__cxx1112basic_stringIcSt11char_traitsIcESaIcEEEOT_bbiPKcb
---------------- W _ZN11flexbuffers14AppendToStringINS_6VectorEEEvRNSt7__cxx1112basic_stringIcSt11char_traitsIcESaIcEEEOT_bbiPKcb
---------------- W _ZN11flexbuffers29ToFixedTypedVectorElementTypeENS_4TypeEPh
---------------- W _ZN11flexbuffers7Builder10CreateBlobEPKvmmNS_4TypeE
---------------- W _ZN11flexbuffers7Builder12CreateVectorEmmmbbPKNS0_5ValueE
---------------- W _ZN11flexbuffers7Builder3KeyEPKcm
---------------- W _ZN11flexbuffers7Builder5ClearEv
---------------- W _ZN11flexbuffers7Builder6EndMapEm
---------------- W _ZN11flexbuffers7Builder6FinishEv
---------------- W _ZN11flexbuffers7Builder6StringEPKcm
---------------- W _ZN11flexbuffers7Builder8WriteAnyERKNS0_5ValueEh
---------------- W _ZN11flexbuffers7Builder9EndVectorEmbb
---------------- W _ZN11flexbuffers7BuilderD2Ev
---------------- W _ZN11flexbuffers8Verifier10VerifyKeysEPKhh
---------------- W _ZN11flexbuffers8Verifier12VerifyVectorENS_9ReferenceEPKhNS_4TypeE
---------------- W _ZN11flexbuffers8Verifier9VerifyKeyEPKh
---------------- W _ZN11flexbuffers8Verifier9VerifyRefENS_9ReferenceE
---------------- W _ZN14grpc_generator13CommentHolderD2Ev
---------------- W _ZN14grpc_generator7PrinterD2Ev
---------------- W _ZN17grpc_go_generator10ParametersD2Ev
---------------- t _ZN17grpc_go_generator12_GLOBAL__N_113GenerateErrorEPN14grpc_generator7PrinterESt3mapINSt7__cxx1112basic_stringIcSt11char_traitsIcESaIcEEESA_St4lessISA_ESaISt4pairIKSA_SA_EEEb
---------------- t _ZN17grpc_go_generator12_GLOBAL__N_115GenerateServiceEPKN14grpc_generator7ServiceEPNS1_7PrinterESt3mapINSt7__cxx1112basic_stringIcSt11char_traitsIcESaIcEEESD_St4lessISD_ESaISt4pairIKSD_SD_EEE
---------------- t _ZN17grpc_go_generator12_GLOBAL__N_129GenerateClientMethodSignatureEPKN14grpc_generator6MethodEPNS1_7PrinterESt3mapINSt7__cxx1112basic_stringIcSt11char_traitsIcESaIcEEESD_St4lessISD_ESaISt4pairIKSD_SD_EEE
---------------- t _ZN17grpc_go_generator12_GLOBAL__N_129GenerateServerMethodSignatureEPKN14grpc_generator6MethodEPNS1_7PrinterESt3mapINSt7__cxx1112basic_stringIcSt11char_traitsIcESaIcEEESD_St4lessISD_ESaISt4pairIKSD_SD_EEE
---------------- T _ZN17grpc_go_generator21GenerateServiceSourceB5cxx11EPN14grpc_generator4FileEPKNS0_7ServiceEPNS_10ParametersE
---------------- t _ZN17grpc_ts_generator12_GLOBAL__N_115GenerateImportsEPKN14grpc_generator7ServiceEPNS1_7PrinterEPSt3mapINSt7__cxx1112basic_stringIcSt11char_traitsIcESaIcEEESD_St4lessISD_ESaISt4pairIKSD_SD_EEEb
---------------- t _ZN17grpc_ts_generator12_GLOBAL__N_117GenerateNamespaceESt6vectorINSt7__cxx1112basic_stringIcSt11char_traitsIcESaIcEEESaIS7_EES7_b
---------------- t _ZN17grpc_ts_generator12_GLOBAL__N_123GenerateSerializeMethodEPN14grpc_generator7PrinterEPSt3mapINSt7__cxx1112basic_stringIcSt11char_traitsIcESaIcEEESA_St4lessISA_ESaISt4pairIKSA_SA_EEE
---------------- t _ZN17grpc_ts_generator12_GLOBAL__N_128GenerateUnaryClientInterfaceEPN14grpc_generator7PrinterEPSt3mapINSt7__cxx1112basic_stringIcSt11char_traitsIcESaIcEEESA_St4lessISA_ESaISt4pairIKSA_SA_EEE
---------------- t _ZN17grpc_ts_generator12_GLOBAL__N_129GenerateDepluxStreamInterfaceEPN14grpc_generator7PrinterEPSt3mapINSt7__cxx1112basic_stringIcSt11char_traitsIcESaIcEEESA_St4lessISA_ESaISt4pairIKSA_SA_EEE
---------------- t _ZN17grpc_ts_generator12_GLOBAL__N_134GenerateClientWriteStreamInterfaceEPN14grpc_generator7PrinterEPSt3mapINSt7__cxx1112basic_stringIcSt11char_traitsIcESaIcEEESA_St4lessISA_ESaISt4pairIKSA_SA_EEE
---------------- t _ZN17grpc_ts_generator12_GLOBAL__N_137GenerateClientReadableStreamInterfaceEPN14grpc_generator7PrinterEPSt3mapINSt7__cxx1112basic_stringIcSt11char_traitsIcESaIcEEESA_St4lessISA_ESaISt4pairIKSA_SA_EEE
---------------- T _ZN17grpc_ts_generator17GenerateInterfaceEPN14grpc_generator4FileEPKNS0_7ServiceERKNSt7__cxx1112basic_stringIcSt11char_traitsIcESaIcEEE
---------------- T _ZN17grpc_ts_generator8GenerateEPN14grpc_generator4FileEPKNS0_7ServiceERKNSt7__cxx1112basic_stringIcSt11char_traitsIcESaIcEEE
---------------- W _ZN18grpc_cpp_generator10ParametersD2Ev
---------------- t _ZN18grpc_cpp_generator12_GLOBAL__N_113PrintIncludesEPN14grpc_generator7PrinterERKSt6vectorINSt7__cxx1112basic_stringIcSt11char_traitsIcESaIcEEESaISA_EERKNS_10ParametersE
---------------- t _ZN18grpc_cpp_generator12_GLOBAL__N_118FilenameIdentifierERKNSt7__cxx1112basic_stringIcSt11char_traitsIcESaIcEEE
---------------- t _ZN18grpc_cpp_generator12_GLOBAL__N_118PrintHeaderServiceEPN14grpc_generator7PrinterEPKNS1_7ServiceEPSt3mapINSt7__cxx1112basic_stringIcSt11char_traitsIcESaIcEEESD_St4lessISD_ESaISt4pairIKSD_SD_EEE
---------------- t _ZN18grpc_cpp_generator12_GLOBAL__N_118PrintSourceServiceEPN14grpc_generator7PrinterEPKNS1_7ServiceEPSt3mapINSt7__cxx1112basic_stringIcSt11char_traitsIcESaIcEEESD_St4lessISD_ESaISt4pairIKSD_SD_EEE
---------------- t _ZN18grpc_cpp_generator12_GLOBAL__N_123PrintHeaderClientMethodEPN14grpc_generator7PrinterEPKNS1_6MethodEPSt3mapINSt7__cxx1112basic_stringIcSt11char_traitsIcESaIcEEESD_St4lessISD_ESaISt4pairIKSD_SD_EEEb
---------------- t _ZN18grpc_cpp_generator12_GLOBAL__N_133PrintHeaderClientMethodInterfacesEPN14grpc_generator7PrinterEPKNS1_6MethodEPSt3mapINSt7__cxx1112basic_stringIcSt11char_traitsIcESaIcEEESD_St4lessISD_ESaISt4pairIKSD_SD_EEEb
---------------- T _ZN18grpc_cpp_generator15GetMockEpilogueB5cxx11EPN14grpc_generator4FileERKNS_10ParametersE
---------------- T _ZN18grpc_cpp_generator15GetMockIncludesB5cxx11EPN14grpc_generator4FileERKNS_10ParametersE
---------------- T _ZN18grpc_cpp_generator15GetMockPrologueB5cxx11EPN14grpc_generator4FileERKNS_10ParametersE
---------------- T _ZN18grpc_cpp_generator15GetMockServicesB5cxx11EPN14grpc_generator4FileERKNS_10ParametersE
---------------- T _ZN18grpc_cpp_generator17GetHeaderEpilogueB5cxx11EPN14grpc_generator4FileERKNS_10ParametersE
---------------- T _ZN18grpc_cpp_generator17GetHeaderIncludesB5cxx11EPN14grpc_generator4FileERKNS_10ParametersE
---------------- T _ZN18grpc_cpp_generator17GetHeaderPrologueB5cxx11EPN14grpc_generator4FileERKNS_10ParametersE
---------------- T _ZN18grpc_cpp_generator17GetHeaderServicesB5cxx11EPN14grpc_generator4FileERKNS_10ParametersE
---------------- T _ZN18grpc_cpp_generator17GetSourceEpilogueB5cxx11EPN14grpc_generator4FileERKNS_10ParametersE
---------------- T _ZN18grpc_cpp_generator17GetSourceIncludesB5cxx11EPN14grpc_generator4FileERKNS_10ParametersE
---------------- T _ZN18grpc_cpp_generator17GetSourcePrologueB5cxx11EPN14grpc_generator4FileERKNS_10ParametersE
---------------- T _ZN18grpc_cpp_generator17GetSourceServicesB5cxx11EPN14grpc_generator4FileERKNS_10ParametersE
---------------- t _ZN19grpc_java_generator12_GLOBAL__N_110MixedLowerERKNSt7__cxx1112basic_stringIcSt11char_traitsIcESaIcEEE
---------------- t _ZN19grpc_java_generator12_GLOBAL__N_112PrintServiceEPN14grpc_generator7PrinterERSt3mapINSt7__cxx1112basic_stringIcSt11char_traitsIcESaIcEEESA_St4lessISA_ESaISt4pairIKSA_SA_EEEPKNS1_7ServiceEb
---------------- t _ZN19grpc_java_generator12_GLOBAL__N_114ToAllUpperCaseERKNSt7__cxx1112basic_stringIcSt11char_traitsIcESaIcEEE
---------------- t _ZN19grpc_java_generator12_GLOBAL__N_119GrpcWriteDocCommentEPN14grpc_generator7PrinterERSt3mapINSt7__cxx1112basic_stringIcSt11char_traitsIcESaIcEEESA_St4lessISA_ESaISt4pairIKSA_SA_EEERSE_
---------------- t _ZN19grpc_java_generator12_GLOBAL__N_123GrpcWriteDocCommentBodyEPN14grpc_generator7PrinterERSt3mapINSt7__cxx1112basic_stringIcSt11char_traitsIcESaIcEEESA_St4lessISA_ESaISt4pairIKSA_SA_EEERKSt6vectorISA_SaISA_EEb
---------------- t _ZN19grpc_java_generator12_GLOBAL__N_126MethodPropertiesGetterNameB5cxx11EPKN14grpc_generator6MethodE
---------------- t _ZN19grpc_java_generator12_GLOBAL__N_128CompareMethodClientStreamingERKSt10unique_ptrIKN14grpc_generator6MethodESt14default_deleteIS4_EES9_
---------------- t _ZN19grpc_java_generator12_GLOBAL__N_19PrintStubEPN14grpc_generator7PrinterERSt3mapINSt7__cxx1112basic_stringIcSt11char_traitsIcESaIcEEESA_St4lessISA_ESaISt4pairIKSA_SA_EEEPKNS1_7ServiceENS0_8StubTypeE
---------------- T _ZN19grpc_java_generator21GenerateServiceSourceB5cxx11EPN14grpc_generator4FileEPKNS0_7ServiceEPNS_10ParametersE
---------------- t _ZN20grpc_swift_generator12_GLOBAL__N_115GenerateMessageERKSt6vectorINSt7__cxx1112basic_stringIcSt11char_traitsIcESaIcEEESaIS7_EERKS7_
---------------- t _ZN20grpc_swift_generator12_GLOBAL__N_115WrapInNameSpaceERKSt6vectorINSt7__cxx1112basic_stringIcSt11char_traitsIcESaIcEEESaIS7_EERKS7_
---------------- t _ZN20grpc_swift_generator12_GLOBAL__N_122GenerateClientFuncNameEPKN14grpc_generator6MethodEPNS1_7PrinterEPSt3mapINSt7__cxx1112basic_stringIcSt11char_traitsIcESaIcEEESD_St4lessISD_ESaISt4pairIKSD_SD_EEE
---------------- T _ZN20grpc_swift_generator14GenerateHeaderB5cxx11Ev
---------------- T _ZN20grpc_swift_generator8GenerateB5cxx11EPN14grpc_generator4FileEPKNS0_7ServiceE
---------------- W _ZN9LogHelperD2Ev
---------------- W _ZN9__gnu_cxx12__to_xstringINSt7__cxx1112basic_stringIcSt11char_traitsIcESaIcEEEcEET_PFiPT0_mPKS8_P13__va_list_tagEmSB_z
---------------- W _ZN9__gnu_cxx13new_allocatorIN11flatbuffers13BinarySectionEE7destroyIS2_EEvPT_
---------------- W _ZN9__gnu_cxx13new_allocatorISt13_Rb_tree_nodeISt4pairIKmN11flatbuffers13BinarySectionEEEE7destroyIS6_EEvPT_
---------------- W _ZNK10reflection10SchemaFile6VerifyILb0EEEbRN11flatbuffers16VerifierTemplateIXT_EEE
---------------- W _ZNK10reflection4Enum6VerifyILb0EEEbRN11flatbuffers16VerifierTemplateIXT_EEE
---------------- W _ZNK10reflection4Type6VerifyILb0EEEbRN11flatbuffers16VerifierTemplateIXT_EEE
---------------- W _ZNK10reflection5Field6VerifyILb0EEEbRN11flatbuffers16VerifierTemplateIXT_EEE
---------------- W _ZNK10reflection6Object6VerifyILb0EEEbRN11flatbuffers16VerifierTemplateIXT_EEE
---------------- W _ZNK10reflection6Schema6VerifyILb0EEEbRN11flatbuffers16VerifierTemplateIXT_EEE
---------------- W _ZNK10reflection7EnumVal6VerifyILb0EEEbRN11flatbuffers16VerifierTemplateIXT_EEE
---------------- W _ZNK10reflection7RPCCall6VerifyILb0EEEbRN11flatbuffers16VerifierTemplateIXT_EEE
---------------- W _ZNK10reflection7Service6VerifyILb0EEEbRN11flatbuffers16VerifierTemplateIXT_EEE
---------------- W _ZNK10reflection8KeyValue6VerifyILb0EEEbRN11flatbuffers16VerifierTemplateIXT_EEE
---------------- T _ZNK11flatbuffers10Definition19SerializeAttributesEPNS_21FlatBufferBuilderImplILb0EEERKNS_6ParserE
---------------- T _ZNK11flatbuffers10ServiceDef9SerializeEPNS_21FlatBufferBuilderImplILb0EEERKNS_6ParserE
---------------- W _ZNK11flatbuffers11FlatBufFile13CreatePrinterEPNSt7__cxx1112basic_stringIcSt11char_traitsIcESaIcEEEc
---------------- W _ZNK11flatbuffers11FlatBufFile13package_partsB5cxx11Ev
---------------- W _ZNK11flatbuffers11FlatBufFile13service_countEv
---------------- W _ZNK11flatbuffers11FlatBufFile14GetAllCommentsB5cxx11Ev
---------------- W _ZNK11flatbuffers11FlatBufFile18GetLeadingCommentsENSt7__cxx1112basic_stringIcSt11char_traitsIcESaIcEEE
---------------- W _ZNK11flatbuffers11FlatBufFile18additional_headersB5cxx11Ev
---------------- W _ZNK11flatbuffers11FlatBufFile19GetTrailingCommentsENSt7__cxx1112basic_stringIcSt11char_traitsIcESaIcEEE
---------------- W _ZNK11flatbuffers11FlatBufFile20filename_without_extB5cxx11Ev
---------------- W _ZNK11flatbuffers11FlatBufFile7packageB5cxx11Ev
---------------- W _ZNK11flatbuffers11FlatBufFile7serviceEi
---------------- W _ZNK11flatbuffers11FlatBufFile8filenameB5cxx11Ev
---------------- T _ZNK11flatbuffers12FlatCompiler14GetUsageStringERKNSt7__cxx1112basic_stringIcSt11char_traitsIcESaIcEEE
---------------- T _ZNK11flatbuffers12FlatCompiler19GetShortUsageStringERKNSt7__cxx1112basic_stringIcSt11char_traitsIcESaIcEEE
---------------- T _ZNK11flatbuffers12FlatCompiler4WarnERKNSt7__cxx1112basic_stringIcSt11char_traitsIcESaIcEEEb
---------------- T _ZNK11flatbuffers12FlatCompiler5ErrorERKNSt7__cxx1112basic_stringIcSt11char_traitsIcESaIcEEEbb
---------------- T _ZNK11flatbuffers12FlatCompiler9ParseFileERNS_6ParserERKNSt7__cxx1112basic_stringIcSt11char_traitsIcESaIcEEESA_RKSt6vectorIPKcSaISD_EE
---------------- t _ZNK11flatbuffers12_GLOBAL__N_115GoCodeGenerator12IsSchemaOnlyEv
---------------- t _ZNK11flatbuffers12_GLOBAL__N_115GoCodeGenerator12LanguageNameB5cxx11Ev
---------------- t _ZNK11flatbuffers12_GLOBAL__N_115GoCodeGenerator22SupportsBfbsGenerationEv
---------------- t _ZNK11flatbuffers12_GLOBAL__N_115GoCodeGenerator26SupportsRootFileGenerationEv
---------------- t _ZNK11flatbuffers12_GLOBAL__N_115GoCodeGenerator8LanguageEv
---------------- t _ZNK11flatbuffers12_GLOBAL__N_115TsCodeGenerator12IsSchemaOnlyEv
---------------- t _ZNK11flatbuffers12_GLOBAL__N_115TsCodeGenerator12LanguageNameB5cxx11Ev
---------------- t _ZNK11flatbuffers12_GLOBAL__N_115TsCodeGenerator22SupportsBfbsGenerationEv
---------------- t _ZNK11flatbuffers12_GLOBAL__N_115TsCodeGenerator26SupportsRootFileGenerationEv
---------------- t _ZNK11flatbuffers12_GLOBAL__N_115TsCodeGenerator8LanguageEv
---------------- t _ZNK11flatbuffers12_GLOBAL__N_116CppCodeGenerator12IsSchemaOnlyEv
---------------- t _ZNK11flatbuffers12_GLOBAL__N_116CppCodeGenerator12LanguageNameB5cxx11Ev
---------------- t _ZNK11flatbuffers12_GLOBAL__N_116CppCodeGenerator22SupportsBfbsGenerationEv
---------------- t _ZNK11flatbuffers12_GLOBAL__N_116CppCodeGenerator26SupportsRootFileGenerationEv
---------------- t _ZNK11flatbuffers12_GLOBAL__N_116CppCodeGenerator8LanguageEv
---------------- t _ZNK11flatbuffers12_GLOBAL__N_116FBSCodeGenerator12IsSchemaOnlyEv
---------------- t _ZNK11flatbuffers12_GLOBAL__N_116FBSCodeGenerator12LanguageNameB5cxx11Ev
---------------- t _ZNK11flatbuffers12_GLOBAL__N_116FBSCodeGenerator22SupportsBfbsGenerationEv
---------------- t _ZNK11flatbuffers12_GLOBAL__N_116FBSCodeGenerator26SupportsRootFileGenerationEv
---------------- t _ZNK11flatbuffers12_GLOBAL__N_116FBSCodeGenerator8LanguageEv
---------------- t _ZNK11flatbuffers12_GLOBAL__N_116LuaBfbsGenerator12DefaultValueB5cxx11EPKN10reflection5FieldE
---------------- t _ZNK11flatbuffers12_GLOBAL__N_116LuaBfbsGenerator12GenerateTypeB5cxx11EN10reflection8BaseTypeE
---------------- t _ZNK11flatbuffers12_GLOBAL__N_116LuaBfbsGenerator12IsSchemaOnlyEv
---------------- t _ZNK11flatbuffers12_GLOBAL__N_116LuaBfbsGenerator12LanguageNameB5cxx11Ev
---------------- t _ZNK11flatbuffers12_GLOBAL__N_116LuaBfbsGenerator13EmitCodeBlockERKNSt7__cxx1112basic_stringIcSt11char_traitsIcESaIcEEES9_S9_S9_
---------------- t _ZNK11flatbuffers12_GLOBAL__N_116LuaBfbsGenerator14GenerateGetterB5cxx11EPKN10reflection4TypeEb
---------------- t _ZNK11flatbuffers12_GLOBAL__N_116LuaBfbsGenerator14GenerateMethodB5cxx11EPKN10reflection5FieldE
---------------- t _ZNK11flatbuffers12_GLOBAL__N_116LuaBfbsGenerator22SupportsBfbsGenerationEv
---------------- t _ZNK11flatbuffers12_GLOBAL__N_116LuaBfbsGenerator23AppendStructBuilderBodyEPKN10reflection6ObjectENSt7__cxx1112basic_stringIcSt11char_traitsIcESaIcEEE
---------------- t _ZNK11flatbuffers12_GLOBAL__N_116LuaBfbsGenerator25SupportedAdvancedFeaturesEv
---------------- t _ZNK11flatbuffers12_GLOBAL__N_116LuaBfbsGenerator26SupportsRootFileGenerationEv
---------------- t _ZNK11flatbuffers12_GLOBAL__N_116LuaBfbsGenerator8LanguageEv
---------------- t _ZNK11flatbuffers12_GLOBAL__N_116NimBfbsGenerator11DenamespaceERKNSt7__cxx1112basic_stringIcSt11char_traitsIcESaIcEEERS7_SA_
---------------- t _ZNK11flatbuffers12_GLOBAL__N_116NimBfbsGenerator12GenerateTypeB5cxx11EN10reflection8BaseTypeE
---------------- t _ZNK11flatbuffers12_GLOBAL__N_116NimBfbsGenerator12GenerateTypeB5cxx11EPKN10reflection4TypeEbb
---------------- t _ZNK11flatbuffers12_GLOBAL__N_116NimBfbsGenerator12IsSchemaOnlyEv
---------------- t _ZNK11flatbuffers12_GLOBAL__N_116NimBfbsGenerator12LanguageNameB5cxx11Ev
---------------- t _ZNK11flatbuffers12_GLOBAL__N_116NimBfbsGenerator14GenerateGetterEPKN10reflection4TypeERKNSt7__cxx1112basic_stringIcSt11char_traitsIcESaIcEEEb
---------------- t _ZNK11flatbuffers12_GLOBAL__N_116NimBfbsGenerator22SupportsBfbsGenerationEv
---------------- t _ZNK11flatbuffers12_GLOBAL__N_116NimBfbsGenerator23AppendStructBuilderBodyEPKN10reflection6ObjectENSt7__cxx1112basic_stringIcSt11char_traitsIcESaIcEEE
---------------- t _ZNK11flatbuffers12_GLOBAL__N_116NimBfbsGenerator25SupportedAdvancedFeaturesEv
---------------- t _ZNK11flatbuffers12_GLOBAL__N_116NimBfbsGenerator26SupportsRootFileGenerationEv
---------------- t _ZNK11flatbuffers12_GLOBAL__N_116NimBfbsGenerator8LanguageEv
---------------- t _ZNK11flatbuffers12_GLOBAL__N_116PhpCodeGenerator12IsSchemaOnlyEv
---------------- t _ZNK11flatbuffers12_GLOBAL__N_116PhpCodeGenerator12LanguageNameB5cxx11Ev
---------------- t _ZNK11flatbuffers12_GLOBAL__N_116PhpCodeGenerator22SupportsBfbsGenerationEv
---------------- t _ZNK11flatbuffers12_GLOBAL__N_116PhpCodeGenerator26SupportsRootFileGenerationEv
---------------- t _ZNK11flatbuffers12_GLOBAL__N_116PhpCodeGenerator8LanguageEv
---------------- t _ZNK11flatbuffers12_GLOBAL__N_117DartCodeGenerator12IsSchemaOnlyEv
---------------- t _ZNK11flatbuffers12_GLOBAL__N_117DartCodeGenerator12LanguageNameB5cxx11Ev
---------------- t _ZNK11flatbuffers12_GLOBAL__N_117DartCodeGenerator22SupportsBfbsGenerationEv
---------------- t _ZNK11flatbuffers12_GLOBAL__N_117DartCodeGenerator26SupportsRootFileGenerationEv
---------------- t _ZNK11flatbuffers12_GLOBAL__N_117DartCodeGenerator8LanguageEv
---------------- t _ZNK11flatbuffers12_GLOBAL__N_117JavaCodeGenerator12IsSchemaOnlyEv
---------------- t _ZNK11flatbuffers12_GLOBAL__N_117JavaCodeGenerator12LanguageNameB5cxx11Ev
---------------- t _ZNK11flatbuffers12_GLOBAL__N_117JavaCodeGenerator22SupportsBfbsGenerationEv
---------------- t _ZNK11flatbuffers12_GLOBAL__N_117JavaCodeGenerator26SupportsRootFileGenerationEv
---------------- t _ZNK11flatbuffers12_GLOBAL__N_117JavaCodeGenerator8LanguageEv
---------------- t _ZNK11flatbuffers12_GLOBAL__N_117RustCodeGenerator12IsSchemaOnlyEv
---------------- t _ZNK11flatbuffers12_GLOBAL__N_117RustCodeGenerator12LanguageNameB5cxx11Ev
---------------- t _ZNK11flatbuffers12_GLOBAL__N_117RustCodeGenerator22SupportsBfbsGenerationEv
---------------- t _ZNK11flatbuffers12_GLOBAL__N_117RustCodeGenerator26SupportsRootFileGenerationEv
---------------- t _ZNK11flatbuffers12_GLOBAL__N_117RustCodeGenerator8LanguageEv
---------------- t _ZNK11flatbuffers12_GLOBAL__N_117TextCodeGenerator12IsSchemaOnlyEv
---------------- t _ZNK11flatbuffers12_GLOBAL__N_117TextCodeGenerator12LanguageNameB5cxx11Ev
---------------- t _ZNK11flatbuffers12_GLOBAL__N_117TextCodeGenerator22SupportsBfbsGenerationEv
---------------- t _ZNK11flatbuffers12_GLOBAL__N_117TextCodeGenerator26SupportsRootFileGenerationEv
---------------- t _ZNK11flatbuffers12_GLOBAL__N_117TextCodeGenerator8LanguageEv
---------------- t _ZNK11flatbuffers12_GLOBAL__N_118SwiftCodeGenerator12IsSchemaOnlyEv
---------------- t _ZNK11flatbuffers12_GLOBAL__N_118SwiftCodeGenerator12LanguageNameB5cxx11Ev
---------------- t _ZNK11flatbuffers12_GLOBAL__N_118SwiftCodeGenerator22SupportsBfbsGenerationEv
---------------- t _ZNK11flatbuffers12_GLOBAL__N_118SwiftCodeGenerator26SupportsRootFileGenerationEv
---------------- t _ZNK11flatbuffers12_GLOBAL__N_118SwiftCodeGenerator8LanguageEv
---------------- t _ZNK11flatbuffers12_GLOBAL__N_119BinaryCodeGenerator12IsSchemaOnlyEv
---------------- t _ZNK11flatbuffers12_GLOBAL__N_119BinaryCodeGenerator12LanguageNameB5cxx11Ev
---------------- t _ZNK11flatbuffers12_GLOBAL__N_119BinaryCodeGenerator22SupportsBfbsGenerationEv
---------------- t _ZNK11flatbuffers12_GLOBAL__N_119BinaryCodeGenerator26SupportsRootFileGenerationEv
---------------- t _ZNK11flatbuffers12_GLOBAL__N_119BinaryCodeGenerator8LanguageEv
---------------- t _ZNK11flatbuffers12_GLOBAL__N_119CSharpCodeGenerator12IsSchemaOnlyEv
---------------- t _ZNK11flatbuffers12_GLOBAL__N_119CSharpCodeGenerator12LanguageNameB5cxx11Ev
---------------- t _ZNK11flatbuffers12_GLOBAL__N_119CSharpCodeGenerator22SupportsBfbsGenerationEv
---------------- t _ZNK11flatbuffers12_GLOBAL__N_119CSharpCodeGenerator26SupportsRootFileGenerationEv
---------------- t _ZNK11flatbuffers12_GLOBAL__N_119CSharpCodeGenerator8LanguageEv
---------------- t _ZNK11flatbuffers12_GLOBAL__N_119KotlinCodeGenerator12IsSchemaOnlyEv
---------------- t _ZNK11flatbuffers12_GLOBAL__N_119KotlinCodeGenerator12LanguageNameB5cxx11Ev
---------------- t _ZNK11flatbuffers12_GLOBAL__N_119KotlinCodeGenerator22SupportsBfbsGenerationEv
---------------- t _ZNK11flatbuffers12_GLOBAL__N_119KotlinCodeGenerator26SupportsRootFileGenerationEv
---------------- t _ZNK11flatbuffers12_GLOBAL__N_119KotlinCodeGenerator8LanguageEv
---------------- t _ZNK11flatbuffers12_GLOBAL__N_119PythonCodeGenerator12IsSchemaOnlyEv
---------------- t _ZNK11flatbuffers12_GLOBAL__N_119PythonCodeGenerator12LanguageNameB5cxx11Ev
---------------- t _ZNK11flatbuffers12_GLOBAL__N_119PythonCodeGenerator22SupportsBfbsGenerationEv
---------------- t _ZNK11flatbuffers12_GLOBAL__N_119PythonCodeGenerator26SupportsRootFileGenerationEv
---------------- t _ZNK11flatbuffers12_GLOBAL__N_119PythonCodeGenerator8LanguageEv
---------------- t _ZNK11flatbuffers12_GLOBAL__N_120LobsterCodeGenerator12IsSchemaOnlyEv
---------------- t _ZNK11flatbuffers12_GLOBAL__N_120LobsterCodeGenerator12LanguageNameB5cxx11Ev
---------------- t _ZNK11flatbuffers12_GLOBAL__N_120LobsterCodeGenerator22SupportsBfbsGenerationEv
---------------- t _ZNK11flatbuffers12_GLOBAL__N_120LobsterCodeGenerator26SupportsRootFileGenerationEv
---------------- t _ZNK11flatbuffers12_GLOBAL__N_120LobsterCodeGenerator8LanguageEv
---------------- t _ZNK11flatbuffers12_GLOBAL__N_122KotlinKMPCodeGenerator12IsSchemaOnlyEv
---------------- t _ZNK11flatbuffers12_GLOBAL__N_122KotlinKMPCodeGenerator12LanguageNameB5cxx11Ev
---------------- t _ZNK11flatbuffers12_GLOBAL__N_122KotlinKMPCodeGenerator22SupportsBfbsGenerationEv
---------------- t _ZNK11flatbuffers12_GLOBAL__N_122KotlinKMPCodeGenerator26SupportsRootFileGenerationEv
---------------- t _ZNK11flatbuffers12_GLOBAL__N_122KotlinKMPCodeGenerator8LanguageEv
---------------- t _ZNK11flatbuffers12_GLOBAL__N_123JsonSchemaCodeGenerator12IsSchemaOnlyEv
---------------- t _ZNK11flatbuffers12_GLOBAL__N_123JsonSchemaCodeGenerator12LanguageNameB5cxx11Ev
---------------- t _ZNK11flatbuffers12_GLOBAL__N_123JsonSchemaCodeGenerator22SupportsBfbsGenerationEv
---------------- t _ZNK11flatbuffers12_GLOBAL__N_123JsonSchemaCodeGenerator26SupportsRootFileGenerationEv
---------------- t _ZNK11flatbuffers12_GLOBAL__N_123JsonSchemaCodeGenerator8LanguageEv
---------------- T _ZNK11flatbuffers13BaseGenerator12GetNameSpaceB5cxx11ERKNS_10DefinitionE
---------------- T _ZNK11flatbuffers13BaseGenerator12NamespaceDirB5cxx11ERKNS_9NamespaceEb
---------------- T _ZNK11flatbuffers13BaseGenerator15WrapInNameSpaceEPKNS_9NamespaceERKNSt7__cxx1112basic_stringIcSt11char_traitsIcESaIcEEE
---------------- T _ZNK11flatbuffers13BaseGenerator15WrapInNameSpaceERKNS_10DefinitionERKNSt7__cxx1112basic_stringIcSt11char_traitsIcESaIcEEE
---------------- W _ZNK11flatbuffers13BaseGenerator16CurrentNameSpaceEv
---------------- T _ZNK11flatbuffers13BaseGenerator17GeneratedFileNameERKNSt7__cxx1112basic_stringIcSt11char_traitsIcESaIcEEES8_RKNS_10IDLOptionsE
---------------- W _ZNK11flatbuffers13FlatBufMethod11NoStreamingEv
---------------- W _ZNK11flatbuffers13FlatBufMethod13BidiStreamingEv
---------------- W _ZNK11flatbuffers13FlatBufMethod14GetAllCommentsB5cxx11Ev
---------------- W _ZNK11flatbuffers13FlatBufMethod14get_fb_builderB5cxx11Ev
---------------- W _ZNK11flatbuffers13FlatBufMethod15ClientStreamingEv
---------------- W _ZNK11flatbuffers13FlatBufMethod15ServerStreamingEv
---------------- W _ZNK11flatbuffers13FlatBufMethod15input_type_nameB5cxx11Ev
---------------- W _ZNK11flatbuffers13FlatBufMethod16output_type_nameB5cxx11Ev
---------------- W _ZNK11flatbuffers13FlatBufMethod18GetLeadingCommentsENSt7__cxx1112basic_stringIcSt11char_traitsIcESaIcEEE
---------------- W _ZNK11flatbuffers13FlatBufMethod19GetTrailingCommentsENSt7__cxx1112basic_stringIcSt11char_traitsIcESaIcEEE
---------------- W _ZNK11flatbuffers13FlatBufMethod19get_input_type_nameB5cxx11Ev
---------------- W _ZNK11flatbuffers13FlatBufMethod20get_output_type_nameB5cxx11Ev
---------------- W _ZNK11flatbuffers13FlatBufMethod25get_input_namespace_partsB5cxx11Ev
---------------- W _ZNK11flatbuffers13FlatBufMethod26get_output_namespace_partsB5cxx11Ev
---------------- W _ZNK11flatbuffers13FlatBufMethod33get_module_and_message_path_inputEPNSt7__cxx1112basic_stringIcSt11char_traitsIcESaIcEEES6_bS6_
---------------- W _ZNK11flatbuffers13FlatBufMethod34get_module_and_message_path_outputEPNSt7__cxx1112basic_stringIcSt11char_traitsIcESaIcEEES6_bS6_
---------------- W _ZNK11flatbuffers13FlatBufMethod4nameB5cxx11Ev
---------------- W _ZNK11flatbuffers13FlatBufMethod8GRPCTypeB5cxx11ERKNS_9StructDefE
---------------- W _ZNK11flatbuffers14FlatBufService11is_internalEv
---------------- W _ZNK11flatbuffers14FlatBufService12method_countEv
---------------- W _ZNK11flatbuffers14FlatBufService14GetAllCommentsB5cxx11Ev
---------------- W _ZNK11flatbuffers14FlatBufService15namespace_partsB5cxx11Ev
---------------- W _ZNK11flatbuffers14FlatBufService18GetLeadingCommentsENSt7__cxx1112basic_stringIcSt11char_traitsIcESaIcEEE
---------------- W _ZNK11flatbuffers14FlatBufService19GetTrailingCommentsENSt7__cxx1112basic_stringIcSt11char_traitsIcESaIcEEE
---------------- W _ZNK11flatbuffers14FlatBufService4nameB5cxx11Ev
---------------- W _ZNK11flatbuffers14FlatBufService6methodEi
---------------- T _ZNK11flatbuffers15BinaryAnnotator9RootTableEv
---------------- W _ZNK11flatbuffers16VerifierTemplateILb0EE12VerifyStringEPKNS_6StringE
---------------- W _ZNK11flatbuffers16VerifierTemplateILb0EE12VerifyVectorIJENS_6OffsetIN10reflection8KeyValueEEEjEEbPKNS_6VectorIT0_T1_EE
---------------- W _ZNK11flatbuffers16VerifierTemplateILb0EE12VerifyVectorIJENS_6OffsetINS_6StringEEEjEEbPKNS_6VectorIT0_T1_EE
---------------- W _ZNK11flatbuffers16VerifierTemplateILb0EE12VerifyVectorIJENS_6OffsetIhEEjEEbPKNS_6VectorIT0_T1_EE
---------------- W _ZNK11flatbuffers16VerifierTemplateILb0EE12VerifyVectorIJEdjEEbPKNS_6VectorIT0_T1_EE
---------------- W _ZNK11flatbuffers16VerifierTemplateILb0EE12VerifyVectorIJEfjEEbPKNS_6VectorIT0_T1_EE
---------------- W _ZNK11flatbuffers16VerifierTemplateILb0EE20VerifyVectorOrStringIjEEbPKhmPm
---------------- W _ZNK11flatbuffers16VerifierTemplateILb0EE21VerifyVectorOfStringsEPKNS_6VectorINS_6OffsetINS_6StringEEEjEE
---------------- W _ZNK11flatbuffers17BaseBfbsGenerator12ForAllFieldsEPKN10reflection6ObjectEbSt8functionIFvPKNS1_5FieldEEE
---------------- W _ZNK11flatbuffers17BaseBfbsGenerator7GetEnumEPKN10reflection4TypeEb
---------------- W _ZNK11flatbuffers17BaseBfbsGenerator8IsStructEPKN10reflection4TypeEb
---------------- W _ZNK11flatbuffers17BaseBfbsGenerator9GetObjectEPKN10reflection4TypeEb
---------------- T _ZNK11flatbuffers22FloatConstantGenerator16GenFloatConstantB5cxx11ERKNS_8FieldDefE
---------------- W _ZNK11flatbuffers22FloatConstantGenerator20GenFloatConstantImplIdEENSt7__cxx1112basic_stringIcSt11char_traitsIcESaIcEEERKNS_8FieldDefE
---------------- W _ZNK11flatbuffers22FloatConstantGenerator20GenFloatConstantImplIfEENSt7__cxx1112basic_stringIcSt11char_traitsIcESaIcEEERKNS_8FieldDefE
---------------- T _ZNK11flatbuffers27TypedFloatConstantGenerator3InfB5cxx11Ed
---------------- T _ZNK11flatbuffers27TypedFloatConstantGenerator3InfB5cxx11Ef
---------------- T _ZNK11flatbuffers27TypedFloatConstantGenerator3NaNB5cxx11Ed
---------------- T _ZNK11flatbuffers27TypedFloatConstantGenerator3NaNB5cxx11Ef
---------------- T _ZNK11flatbuffers27TypedFloatConstantGenerator5ValueEdRKNSt7__cxx1112basic_stringIcSt11char_traitsIcESaIcEEE
---------------- T _ZNK11flatbuffers27TypedFloatConstantGenerator5ValueEfRKNSt7__cxx1112basic_stringIcSt11char_traitsIcESaIcEEE
---------------- T _ZNK11flatbuffers27TypedFloatConstantGenerator7MakeInfEbRKNSt7__cxx1112basic_stringIcSt11char_traitsIcESaIcEEE
---------------- T _ZNK11flatbuffers27TypedFloatConstantGenerator7MakeNaNERKNSt7__cxx1112basic_stringIcSt11char_traitsIcESaIcEEE
---------------- T _ZNK11flatbuffers28SimpleFloatConstantGenerator3InfB5cxx11Ed
---------------- T _ZNK11flatbuffers28SimpleFloatConstantGenerator3InfB5cxx11Ef
---------------- T _ZNK11flatbuffers28SimpleFloatConstantGenerator3NaNB5cxx11Ed
---------------- T _ZNK11flatbuffers28SimpleFloatConstantGenerator3NaNB5cxx11Ef
---------------- T _ZNK11flatbuffers28SimpleFloatConstantGenerator5ValueEdRKNSt7__cxx1112basic_stringIcSt11char_traitsIcESaIcEEE
---------------- T _ZNK11flatbuffers28SimpleFloatConstantGenerator5ValueEfRKNSt7__cxx1112basic_stringIcSt11char_traitsIcESaIcEEE
---------------- W _ZNK11flatbuffers2go11GoGenerator16CurrentNameSpaceEv
---------------- W _ZNK11flatbuffers2go11GoGenerator16NamespacePtrLessclEPKNS_10DefinitionES5_
---------------- W _ZNK11flatbuffers2go11GoGenerator19NamespaceImportPathB5cxx11EPKNS_9NamespaceE
---------------- W _ZNK11flatbuffers2ts11TsGenerator14PathComponentsERKNSt7__cxx1112basic_stringIcSt11char_traitsIcESaIcEEE
---------------- W _ZNK11flatbuffers2ts11TsGenerator17RelativeDirectoryERKSt6vectorINSt7__cxx1112basic_stringIcSt11char_traitsIcESaIcEEESaIS8_EESC_
---------------- W _ZNK11flatbuffers3cpp12CppGenerator11GenTypeWireB5cxx11ERKNS_4TypeEPKcbb
---------------- W _ZNK11flatbuffers3cpp12CppGenerator12GenTypeBasicB5cxx11ERKNS_4TypeEb
---------------- W _ZNK11flatbuffers3cpp12CppGenerator13EscapeKeywordERKNSt7__cxx1112basic_stringIcSt11char_traitsIcESaIcEEE
---------------- W _ZNK11flatbuffers3cpp12CppGenerator13GetEnumValUseB5cxx11ERKNS_7EnumDefERKNS_7EnumValE
---------------- W _ZNK11flatbuffers3cpp12CppGenerator14GenEnumValDeclERKNS_7EnumDefERKNSt7__cxx1112basic_stringIcSt11char_traitsIcESaIcEEE
---------------- W _ZNK11flatbuffers3cpp12CppGenerator14GenTypePointerB5cxx11ERKNS_4TypeE
---------------- W _ZNK11flatbuffers3cpp12CppGenerator16CurrentNameSpaceEv
---------------- W _ZNK11flatbuffers3cpp12CppGenerator4NameB5cxx11ERKNS_8FieldDefE
---------------- T _ZNK11flatbuffers4Type9SerializeEPNS_21FlatBufferBuilderImplILb0EEE
---------------- W _ZNK11flatbuffers4dart13DartGenerator15getDefaultValueB5cxx11ERKNS_5ValueE
---------------- W _ZNK11flatbuffers4dart13DartGenerator18MaybeWrapNamespaceERKNSt7__cxx1112basic_stringIcSt11char_traitsIcESaIcEEEPNS_9NamespaceERKNS_8FieldDefE
---------------- W _ZNK11flatbuffers4dart13DartGenerator8FilenameERKNSt7__cxx1112basic_stringIcSt11char_traitsIcESaIcEEEb
---------------- W _ZNK11flatbuffers4java13JavaGenerator10GenTypeGetB5cxx11ERKNS_4TypeE
---------------- W _ZNK11flatbuffers4java13JavaGenerator10SourceCastB5cxx11ERKNS_4TypeEb
---------------- W _ZNK11flatbuffers4java13JavaGenerator12GenKeyGetterB5cxx11EPNS_8FieldDefE
---------------- W _ZNK11flatbuffers4java13JavaGenerator13GenStructArgsERKNS_9StructDefERNSt7__cxx1112basic_stringIcSt11char_traitsIcESaIcEEEPKcm
---------------- W _ZNK11flatbuffers4java13JavaGenerator13GenStructBodyERKNS_9StructDefERNSt7__cxx1112basic_stringIcSt11char_traitsIcESaIcEEEPKcmb
---------------- W _ZNK11flatbuffers4java13JavaGenerator14GenTypePointerB5cxx11ERKNS_4TypeE
---------------- W _ZNK11flatbuffers4java13JavaGenerator15DestinationCastB5cxx11ERKNS_4TypeE
---------------- W _ZNK11flatbuffers4java13JavaGenerator15DestinationMaskB5cxx11ERKNS_4TypeEb
---------------- W _ZNK11flatbuffers4java13JavaGenerator15DestinationTypeERKNS_4TypeEb
---------------- W _ZNK11flatbuffers4java13JavaGenerator15GenDefaultValueB5cxx11ERKNS_8FieldDefE
---------------- W _ZNK11flatbuffers4java13JavaGenerator15GenOffsetGetterB5cxx11EPNS_8FieldDefEPKc
---------------- W _ZNK11flatbuffers4java13JavaGenerator16CurrentNameSpaceEv
---------------- W _ZNK11flatbuffers4java13JavaGenerator17GenEnum_ObjectAPIERNS_7EnumDefERNSt7__cxx1112basic_stringIcSt11char_traitsIcESaIcEEE
---------------- W _ZNK11flatbuffers4java13JavaGenerator17GenPureAnnotationB5cxx11ERKNS_4TypeE
---------------- W _ZNK11flatbuffers4java13JavaGenerator18GenLookupKeyGetterB5cxx11EPNS_8FieldDefE
---------------- W _ZNK11flatbuffers4java13JavaGenerator19GenStruct_ObjectAPIERKNS_9StructDefERNSt7__cxx1112basic_stringIcSt11char_traitsIcESaIcEEE
---------------- W _ZNK11flatbuffers4java13JavaGenerator20GenTypeGet_ObjectAPIB5cxx11ERKNS_4TypeEbb
---------------- W _ZNK11flatbuffers4java13JavaGenerator21GenNullableAnnotationB5cxx11ERKNS_4TypeE
---------------- W _ZNK11flatbuffers4java13JavaGenerator21GenVectorAccessObjectERNS_9StructDefERNSt7__cxx1112basic_stringIcSt11char_traitsIcESaIcEEE
---------------- W _ZNK11flatbuffers4java13JavaGenerator22GenOptionalScalarCheckB5cxx11ERNS_8FieldDefE
---------------- W _ZNK11flatbuffers4java13JavaGenerator23GenGetterForLookupByKeyEPNS_8FieldDefERKNSt7__cxx1112basic_stringIcSt11char_traitsIcESaIcEEEPKc
---------------- W _ZNK11flatbuffers4java13JavaGenerator23GenPackUnPack_ObjectAPIERNS_9StructDefERNSt7__cxx1112basic_stringIcSt11char_traitsIcESaIcEEERKNS_10IDLOptionsEbRKSt3setIPNS_8FieldDefESt4lessISG_ESaISG_EE
---------------- W _ZNK11flatbuffers4java13JavaGenerator24GenUnionUnPack_ObjectAPIERKNS_7EnumDefERNSt7__cxx1112basic_stringIcSt11char_traitsIcESaIcEEERKSA_SD_b
---------------- W _ZNK11flatbuffers4java13JavaGenerator27GenStructPackCall_ObjectAPIERKNS_9StructDefERNSt7__cxx1112basic_stringIcSt11char_traitsIcESaIcEEESA_
---------------- W _ZNK11flatbuffers4java13JavaGenerator27GenStructPackDecl_ObjectAPIERKNS_9StructDefERSt6vectorINS1_16FieldArrayLengthESaIS6_EERNSt7__cxx1112basic_stringIcSt11char_traitsIcESaIcEEE
---------------- W _ZNK11flatbuffers4java13JavaGenerator28GenConcreteTypeGet_ObjectAPIB5cxx11ERKNS_4TypeE
---------------- W _ZNK11flatbuffers4java13JavaGenerator45ConvertPrimitiveTypeToObjectWrapper_ObjectAPIERKNSt7__cxx1112basic_stringIcSt11char_traitsIcESaIcEEE
---------------- W _ZNK11flatbuffers4java13JavaGenerator7GenEnumERNS_7EnumDefERNSt7__cxx1112basic_stringIcSt11char_traitsIcESaIcEEE
---------------- W _ZNK11flatbuffers4java13JavaGenerator8SaveTypeERKNSt7__cxx1112basic_stringIcSt11char_traitsIcESaIcEEERKNS_9NamespaceES9_b
---------------- W _ZNK11flatbuffers4java13JavaGenerator9GenGetterB5cxx11ERKNS_4TypeE
---------------- W _ZNK11flatbuffers4java13JavaGenerator9GenMethodB5cxx11ERKNS_4TypeE
---------------- W _ZNK11flatbuffers4java13JavaGenerator9GenSetterB5cxx11ERKNS_4TypeE
---------------- W _ZNK11flatbuffers4java13JavaGenerator9GenStructERNS_9StructDefERNSt7__cxx1112basic_stringIcSt11char_traitsIcESaIcEEERKNS_10IDLOptionsE
---------------- W _ZNK11flatbuffers4rust13RustGenerator10GetTypeGetB5cxx11ERKNS_4TypeE
---------------- W _ZNK11flatbuffers4rust13RustGenerator12GetTypeBasicB5cxx11ERKNS_4TypeE
---------------- W _ZNK11flatbuffers4rust13RustGenerator15WrapInNameSpaceEPKNS_9NamespaceERKNSt7__cxx1112basic_stringIcSt11char_traitsIcESaIcEEE
---------------- W _ZNK11flatbuffers4rust13RustGenerator16CurrentNameSpaceEv
---------------- W _ZNK11flatbuffers4rust13RustGenerator29GetRelativeNamespaceTraversalB5cxx11EPKNS_9NamespaceES4_
---------------- W _ZNK11flatbuffers5Namer10ObjectTypeERKNSt7__cxx1112basic_stringIcSt11char_traitsIcESaIcEEE
---------------- W _ZNK11flatbuffers5Namer11DenamespaceERKNSt7__cxx1112basic_stringIcSt11char_traitsIcESaIcEEERS6_c
---------------- W _ZNK11flatbuffers5Namer11DenamespaceERKNSt7__cxx1112basic_stringIcSt11char_traitsIcESaIcEEEc
---------------- W _ZNK11flatbuffers5Namer11DirectoriesERKSt6vectorINSt7__cxx1112basic_stringIcSt11char_traitsIcESaIcEEESaIS7_EENS_7SkipDirENS_4CaseE
---------------- W _ZNK11flatbuffers5Namer13EscapeKeywordERKNSt7__cxx1112basic_stringIcSt11char_traitsIcESaIcEEE
---------------- W _ZNK11flatbuffers5Namer14NamespacedTypeERKSt6vectorINSt7__cxx1112basic_stringIcSt11char_traitsIcESaIcEEESaIS7_EERKS7_
---------------- W _ZNK11flatbuffers5Namer20NormalizeKeywordCaseERKNSt7__cxx1112basic_stringIcSt11char_traitsIcESaIcEEE
---------------- W _ZNK11flatbuffers5Namer4FileERKNSt7__cxx1112basic_stringIcSt11char_traitsIcESaIcEEENS_8SkipFileE
---------------- W _ZNK11flatbuffers5Namer4TypeERKNSt7__cxx1112basic_stringIcSt11char_traitsIcESaIcEEE
---------------- W _ZNK11flatbuffers5Namer4TypeERKNSt7__cxx1112basic_stringIcSt11char_traitsIcESaIcEEES8_
---------------- W _ZNK11flatbuffers5Namer5FieldERKNSt7__cxx1112basic_stringIcSt11char_traitsIcESaIcEEE
---------------- W _ZNK11flatbuffers5Namer6FormatERKNSt7__cxx1112basic_stringIcSt11char_traitsIcESaIcEEENS_4CaseE
---------------- W _ZNK11flatbuffers5Namer6MethodERKNSt7__cxx1112basic_stringIcSt11char_traitsIcESaIcEEE
---------------- W _ZNK11flatbuffers5Namer6MethodERKNSt7__cxx1112basic_stringIcSt11char_traitsIcESaIcEEES8_
---------------- W _ZNK11flatbuffers5Namer6MethodERKNSt7__cxx1112basic_stringIcSt11char_traitsIcESaIcEEES8_S8_
---------------- W _ZNK11flatbuffers5Namer7VariantERKNSt7__cxx1112basic_stringIcSt11char_traitsIcESaIcEEE
---------------- W _ZNK11flatbuffers5Namer8ConstantERKNSt7__cxx1112basic_stringIcSt11char_traitsIcESaIcEEE
---------------- W _ZNK11flatbuffers5Namer8FunctionERKNSt7__cxx1112basic_stringIcSt11char_traitsIcESaIcEEE
---------------- W _ZNK11flatbuffers5Namer8VariableERKNSt7__cxx1112basic_stringIcSt11char_traitsIcESaIcEEE
---------------- W _ZNK11flatbuffers5Namer8VariableERKNSt7__cxx1112basic_stringIcSt11char_traitsIcESaIcEEES8_
---------------- W _ZNK11flatbuffers5Namer8VariableINS_8FieldDefEEENSt7__cxx1112basic_stringIcSt11char_traitsIcESaIcEEERKS8_RKT_
---------------- W _ZNK11flatbuffers5Namer9NamespaceERKNSt7__cxx1112basic_stringIcSt11char_traitsIcESaIcEEE
---------------- W _ZNK11flatbuffers5Namer9NamespaceERKSt6vectorINSt7__cxx1112basic_stringIcSt11char_traitsIcESaIcEEESaIS7_EE
---------------- W _ZNK11flatbuffers5Table11VerifyFieldIdLb0EEEbRKNS_16VerifierTemplateIXT0_EEEtm
---------------- W _ZNK11flatbuffers5Table11VerifyFieldIiLb0EEEbRKNS_16VerifierTemplateIXT0_EEEtm
---------------- W _ZNK11flatbuffers5Table11VerifyFieldIjLb0EEEbRKNS_16VerifierTemplateIXT0_EEEtm
---------------- W _ZNK11flatbuffers5Table11VerifyFieldIlLb0EEEbRKNS_16VerifierTemplateIXT0_EEEtm
---------------- W _ZNK11flatbuffers5Table11VerifyFieldImLb0EEEbRKNS_16VerifierTemplateIXT0_EEEtm
---------------- W _ZNK11flatbuffers5Table11VerifyFieldItLb0EEEbRKNS_16VerifierTemplateIXT0_EEEtm
---------------- W _ZNK11flatbuffers5Table12VerifyOffsetIjLb0EEEbRKNS_16VerifierTemplateIXT0_EEEt
---------------- W _ZNK11flatbuffers5Table20VerifyOffsetRequiredIjLb0EEEbRKNS_16VerifierTemplateIXT0_EEEt
---------------- W _ZNK11flatbuffers5jsons19JsonSchemaGenerator4saveEv
---------------- W _ZNK11flatbuffers5swift14SwiftGenerator12GenTypeBasicB5cxx11ERKNS_4TypeEb
---------------- W _ZNK11flatbuffers5swift14SwiftGenerator14GenTypePointerB5cxx11ERKNS_4TypeEb
---------------- W _ZNK11flatbuffers5swift14SwiftGenerator7GenTypeB5cxx11ERKNS_4TypeEb
---------------- T _ZNK11flatbuffers6Parser12LookupStructERKNSt7__cxx1112basic_stringIcSt11char_traitsIcESaIcEEE
---------------- T _ZNK11flatbuffers6Parser13BytesConsumedEv
---------------- T _ZNK11flatbuffers6Parser15GetPooledStringERKNSt7__cxx1112basic_stringIcSt11char_traitsIcESaIcEEE
---------------- T _ZNK11flatbuffers6Parser15TokenToStringIdB5cxx11Ei
---------------- T _ZNK11flatbuffers6Parser16GetIncludedFilesEv
---------------- T _ZNK11flatbuffers6Parser20Supports64BitOffsetsEv
---------------- T _ZNK11flatbuffers6Parser23SupportsOptionalScalarsEv
---------------- T _ZNK11flatbuffers6Parser25GetIncludedFilesRecursiveERKNSt7__cxx1112basic_stringIcSt11char_traitsIcESaIcEEE
---------------- T _ZNK11flatbuffers6Parser27SupportsUnionUnderlyingTypeEv
---------------- T _ZNK11flatbuffers6Parser29SupportsAdvancedArrayFeaturesEv
---------------- T _ZNK11flatbuffers6Parser29SupportsAdvancedUnionFeaturesEv
---------------- T _ZNK11flatbuffers6Parser2IsEi
---------------- T _ZNK11flatbuffers6Parser32LookupStructThruParentNamespacesERKNSt7__cxx1112basic_stringIcSt11char_traitsIcESaIcEEE
---------------- T _ZNK11flatbuffers6Parser32SupportsDefaultVectorsAndStringsEv
---------------- T _ZNK11flatbuffers6Parser7IsIdentEPKc
---------------- W _ZNK11flatbuffers6String3strB5cxx11Ev
---------------- W _ZNK11flatbuffers6VectorINS_6OffsetINS_6StringEEEjE3GetEj
---------------- W _ZNK11flatbuffers6csharp15CSharpGenerator10GenTypeGetB5cxx11ERKNS_4TypeE
---------------- W _ZNK11flatbuffers6csharp15CSharpGenerator10SourceCastB5cxx11ERKNS_4TypeEb
---------------- W _ZNK11flatbuffers6csharp15CSharpGenerator12GenKeyGetterB5cxx11ERNS_9StructDefEPNS_8FieldDefE
---------------- W _ZNK11flatbuffers6csharp15CSharpGenerator12GenTypeBasicB5cxx11ERKNS_4TypeEb
---------------- W _ZNK11flatbuffers6csharp15CSharpGenerator13GenOffsetTypeB5cxx11ERKNS_9StructDefE
---------------- W _ZNK11flatbuffers6csharp15CSharpGenerator13GenStructArgsERKNS_9StructDefEPNSt7__cxx1112basic_stringIcSt11char_traitsIcESaIcEEEPKcm
---------------- W _ZNK11flatbuffers6csharp15CSharpGenerator13GenStructBodyERKNS_9StructDefEPNSt7__cxx1112basic_stringIcSt11char_traitsIcESaIcEEEPKcmb
---------------- W _ZNK11flatbuffers6csharp15CSharpGenerator14GenTypePointerB5cxx11ERKNS_4TypeE
---------------- W _ZNK11flatbuffers6csharp15CSharpGenerator14GenUnionVerifyB5cxx11ERKNS_4TypeE
---------------- W _ZNK11flatbuffers6csharp15CSharpGenerator14NamespacedNameB5cxx11ERKNS_10DefinitionE
---------------- W _ZNK11flatbuffers6csharp15CSharpGenerator15DestinationCastB5cxx11ERKNS_4TypeE
---------------- W _ZNK11flatbuffers6csharp15CSharpGenerator15GenDefaultValueB5cxx11ERKNS_8FieldDefEb
---------------- W _ZNK11flatbuffers6csharp15CSharpGenerator16CurrentNameSpaceEv
---------------- W _ZNK11flatbuffers6csharp15CSharpGenerator17GenEnum_ObjectAPIERNS_7EnumDefEPNSt7__cxx1112basic_stringIcSt11char_traitsIcESaIcEEERKNS_10IDLOptionsE
---------------- W _ZNK11flatbuffers6csharp15CSharpGenerator18GenOffsetConstructERKNS_9StructDefERKNSt7__cxx1112basic_stringIcSt11char_traitsIcESaIcEEE
---------------- W _ZNK11flatbuffers6csharp15CSharpGenerator19GenEnumDefaultValueB5cxx11ERKNS_8FieldDefE
---------------- W _ZNK11flatbuffers6csharp15CSharpGenerator19GenStruct_ObjectAPIERNS_9StructDefEPNSt7__cxx1112basic_stringIcSt11char_traitsIcESaIcEEERKNS_10IDLOptionsE
---------------- W _ZNK11flatbuffers6csharp15CSharpGenerator20GenDefaultValueBasicB5cxx11ERKNS_8FieldDefEb
---------------- W _ZNK11flatbuffers6csharp15CSharpGenerator20GenTypeGet_ObjectAPIB5cxx11ENS_4TypeERKNS_10IDLOptionsE
---------------- W _ZNK11flatbuffers6csharp15CSharpGenerator20GetObjectConstructorERNS_9StructDefERKNSt7__cxx1112basic_stringIcSt11char_traitsIcESaIcEEESB_
---------------- W _ZNK11flatbuffers6csharp15CSharpGenerator23GenGetterForLookupByKeyERNS_9StructDefEPNS_8FieldDefERKNSt7__cxx1112basic_stringIcSt11char_traitsIcESaIcEEESD_
---------------- W _ZNK11flatbuffers6csharp15CSharpGenerator23GenPackUnPack_ObjectAPIERNS_9StructDefEPNSt7__cxx1112basic_stringIcSt11char_traitsIcESaIcEEERKNS_10IDLOptionsEbRKSt3setIPNS_8FieldDefESt4lessISG_ESaISG_EE
---------------- W _ZNK11flatbuffers6csharp15CSharpGenerator24GenUnionUnPack_ObjectAPIERKNS_7EnumDefEPNSt7__cxx1112basic_stringIcSt11char_traitsIcESaIcEEERKSA_SD_b
---------------- W _ZNK11flatbuffers6csharp15CSharpGenerator27GenStructPackCall_ObjectAPIERKNS_9StructDefEPNSt7__cxx1112basic_stringIcSt11char_traitsIcESaIcEEESA_
---------------- W _ZNK11flatbuffers6csharp15CSharpGenerator27GenStructPackDecl_ObjectAPIERKNS_9StructDefEPNSt7__cxx1112basic_stringIcSt11char_traitsIcESaIcEEERSt6vectorINS1_16FieldArrayLengthESaISD_EE
---------------- W _ZNK11flatbuffers6csharp15CSharpGenerator4NameB5cxx11ERKNS_8FieldDefE
---------------- W _ZNK11flatbuffers6csharp15CSharpGenerator7GenEnumERNS_7EnumDefEPNSt7__cxx1112basic_stringIcSt11char_traitsIcESaIcEEERKNS_10IDLOptionsE
---------------- W _ZNK11flatbuffers6csharp15CSharpGenerator8SaveTypeERKNSt7__cxx1112basic_stringIcSt11char_traitsIcESaIcEEERKNS_9NamespaceES9_bRKNS_10IDLOptionsE
---------------- W _ZNK11flatbuffers6csharp15CSharpGenerator9GenGetterB5cxx11ERKNS_4TypeE
---------------- W _ZNK11flatbuffers6csharp15CSharpGenerator9GenMethodB5cxx11ERKNS_4TypeE
---------------- W _ZNK11flatbuffers6csharp15CSharpGenerator9GenSetterB5cxx11ERKNS_4TypeE
---------------- W _ZNK11flatbuffers6csharp15CSharpGenerator9GenStructERNS_9StructDefEPNSt7__cxx1112basic_stringIcSt11char_traitsIcESaIcEEERKNS_10IDLOptionsE
---------------- W _ZNK11flatbuffers6kotlin15KotlinGenerator13GenStructBodyERKNS_9StructDefERNS_10CodeWriterEPKc
---------------- W _ZNK11flatbuffers6kotlin15KotlinGenerator14GenLookupByKeyEPNS_8FieldDefERKNSt7__cxx1112basic_stringIcSt11char_traitsIcESaIcEEEPKc
---------------- W _ZNK11flatbuffers6kotlin15KotlinGenerator14GenTypePointerB5cxx11ERKNS_4TypeE
---------------- W _ZNK11flatbuffers6kotlin15KotlinGenerator15GenDefaultValueB5cxx11ERKNS_8FieldDefEb
---------------- W _ZNK11flatbuffers6kotlin15KotlinGenerator15GenOffsetGetterB5cxx11EPNS_8FieldDefEPKc
---------------- W _ZNK11flatbuffers6kotlin15KotlinGenerator15GenerateCommentERKSt6vectorINSt7__cxx1112basic_stringIcSt11char_traitsIcESaIcEEESaIS8_EERNS_10CodeWriterEPKNS_13CommentConfigE
---------------- W _ZNK11flatbuffers6kotlin15KotlinGenerator16ByteBufferGetterERKNS_4TypeENSt7__cxx1112basic_stringIcSt11char_traitsIcESaIcEEE
---------------- W _ZNK11flatbuffers6kotlin15KotlinGenerator16ByteBufferSetterB5cxx11ERKNS_4TypeE
---------------- W _ZNK11flatbuffers6kotlin15KotlinGenerator16GenerateAddFieldENSt7__cxx1112basic_stringIcSt11char_traitsIcESaIcEEERNS_8FieldDefERNS_10CodeWriterENS_10IDLOptionsE
---------------- W _ZNK11flatbuffers6kotlin15KotlinGenerator16GetterReturnTypeB5cxx11ERKNS_8FieldDefE
---------------- W _ZNK11flatbuffers6kotlin15KotlinGenerator18GenFBBDefaultValueB5cxx11ERKNS_8FieldDefE
---------------- W _ZNK11flatbuffers6kotlin15KotlinGenerator19GenerateLookupByKeyEPNS_8FieldDefERNS_9StructDefERNS_10CodeWriterENS_10IDLOptionsE
---------------- W _ZNK11flatbuffers6kotlin15KotlinGenerator20GenerateTableCreatorERNS_9StructDefERNS_10CodeWriterENS_10IDLOptionsE
---------------- W _ZNK11flatbuffers6kotlin15KotlinGenerator21GenerateStructGettersERNS_9StructDefERNS_10CodeWriterE
---------------- W _ZNK11flatbuffers6kotlin15KotlinGenerator23GenerateCompanionObjectERNS_10CodeWriterERKSt8functionIFvvEE
---------------- W _ZNK11flatbuffers6kotlin15KotlinGenerator23GenerateEndStructMethodERNS_9StructDefERNS_10CodeWriterENS_10IDLOptionsE
---------------- W _ZNK11flatbuffers6kotlin15KotlinGenerator23StructConstructorParamsERKNS_9StructDefERKNSt7__cxx1112basic_stringIcSt11char_traitsIcESaIcEEE
---------------- W _ZNK11flatbuffers6kotlin15KotlinGenerator24GenerateStartVectorFieldERNS_8FieldDefERNS_10CodeWriterENS_10IDLOptionsE
---------------- W _ZNK11flatbuffers6kotlin15KotlinGenerator25GenerateCreateVectorFieldERNS_8FieldDefERNS_10CodeWriterENS_10IDLOptionsE
---------------- W _ZNK11flatbuffers6kotlin15KotlinGenerator25GenerateStartStructMethodERNS_9StructDefERNS_10CodeWriterENS_10IDLOptionsE
---------------- W _ZNK11flatbuffers6kotlin15KotlinGenerator25GenerateStaticConstructorERKNS_9StructDefERNS_10CodeWriterENS_10IDLOptionsE
---------------- W _ZNK11flatbuffers6kotlin15KotlinGenerator26GenerateFinishSizePrefixedERNS_9StructDefERKNSt7__cxx1112basic_stringIcSt11char_traitsIcESaIcEEERNS_10CodeWriterENS_10IDLOptionsE
---------------- W _ZNK11flatbuffers6kotlin15KotlinGenerator26GenerateFinishStructBufferERNS_9StructDefERKNSt7__cxx1112basic_stringIcSt11char_traitsIcESaIcEEERNS_10CodeWriterENS_10IDLOptionsE
---------------- W _ZNK11flatbuffers6kotlin15KotlinGenerator26GenerateGetRootAsAccessorsERKNSt7__cxx1112basic_stringIcSt11char_traitsIcESaIcEEERNS_10CodeWriterENS_10IDLOptionsE
---------------- W _ZNK11flatbuffers6kotlin15KotlinGenerator27GenerateBufferHasIdentifierERNS_9StructDefERNS_10CodeWriterENS_10IDLOptionsE
---------------- W _ZNK11flatbuffers6kotlin15KotlinGenerator7GenEnumERNS_7EnumDefERNS_10CodeWriterE
---------------- W _ZNK11flatbuffers6kotlin15KotlinGenerator8SaveTypeERKNSt7__cxx1112basic_stringIcSt11char_traitsIcESaIcEEERKNS_9NamespaceES9_b
---------------- W _ZNK11flatbuffers6kotlin15KotlinGenerator9GenStructERNS_9StructDefERNS_10CodeWriterENS_10IDLOptionsE
---------------- W _ZNK11flatbuffers6kotlin18KotlinKMPGenerator13GenStructBodyERKNS_9StructDefERNS_10CodeWriterEPKc
---------------- W _ZNK11flatbuffers6kotlin18KotlinKMPGenerator13WrapEnumValueERKNS_4TypeENSt7__cxx1112basic_stringIcSt11char_traitsIcESaIcEEE
---------------- W _ZNK11flatbuffers6kotlin18KotlinKMPGenerator14GenLookupByKeyEPNS_8FieldDefERKNSt7__cxx1112basic_stringIcSt11char_traitsIcESaIcEEEPKc
---------------- W _ZNK11flatbuffers6kotlin18KotlinKMPGenerator14GenTypePointerB5cxx11ERKNS_4TypeE
---------------- W _ZNK11flatbuffers6kotlin18KotlinKMPGenerator15GenDefaultValueB5cxx11ERKNS_8FieldDefE
---------------- W _ZNK11flatbuffers6kotlin18KotlinKMPGenerator15GenOffsetGetterB5cxx11EPNS_8FieldDefEPKc
---------------- W _ZNK11flatbuffers6kotlin18KotlinKMPGenerator15GenerateCommentERKSt6vectorINSt7__cxx1112basic_stringIcSt11char_traitsIcESaIcEEESaIS8_EERNS_10CodeWriterEPKNS_13CommentConfigE
---------------- W _ZNK11flatbuffers6kotlin18KotlinKMPGenerator15TypeInNameSpaceEPKNS_9NamespaceERKNSt7__cxx1112basic_stringIcSt11char_traitsIcESaIcEEE
---------------- W _ZNK11flatbuffers6kotlin18KotlinKMPGenerator16ByteBufferGetterERKNS_4TypeENSt7__cxx1112basic_stringIcSt11char_traitsIcESaIcEEE
---------------- W _ZNK11flatbuffers6kotlin18KotlinKMPGenerator16GenerateAddFieldENSt7__cxx1112basic_stringIcSt11char_traitsIcESaIcEEERNS_8FieldDefERNS_10CodeWriterENS_10IDLOptionsE
---------------- W _ZNK11flatbuffers6kotlin18KotlinKMPGenerator16GetterReturnTypeB5cxx11ERKNS_8FieldDefE
---------------- W _ZNK11flatbuffers6kotlin18KotlinKMPGenerator18GenEnumOffsetAliasERNS_7EnumDefERNS_10CodeWriterE
---------------- W _ZNK11flatbuffers6kotlin18KotlinKMPGenerator19GenerateLookupByKeyEPNS_8FieldDefERNS_9StructDefERNS_10CodeWriterENS_10IDLOptionsE
---------------- W _ZNK11flatbuffers6kotlin18KotlinKMPGenerator20GenStructOffsetAliasERNS_9StructDefERNS_10CodeWriterE
---------------- W _ZNK11flatbuffers6kotlin18KotlinKMPGenerator20GenerateTableCreatorERNS_9StructDefERNS_10CodeWriterENS_10IDLOptionsE
---------------- W _ZNK11flatbuffers6kotlin18KotlinKMPGenerator21GenDefaultBufferValueB5cxx11ERKNS_8FieldDefE
---------------- W _ZNK11flatbuffers6kotlin18KotlinKMPGenerator21GenerateStructGettersERNS_9StructDefERNS_10CodeWriterE
---------------- W _ZNK11flatbuffers6kotlin18KotlinKMPGenerator23GenerateCompanionObjectERNS_10CodeWriterERKSt8functionIFvvEE
---------------- W _ZNK11flatbuffers6kotlin18KotlinKMPGenerator23GenerateEndStructMethodERNS_9StructDefERNS_10CodeWriterENS_10IDLOptionsE
---------------- W _ZNK11flatbuffers6kotlin18KotlinKMPGenerator23StructConstructorParamsERKNS_9StructDefERKNSt7__cxx1112basic_stringIcSt11char_traitsIcESaIcEEE
---------------- W _ZNK11flatbuffers6kotlin18KotlinKMPGenerator24GenerateStartVectorFieldERNS_8FieldDefERNS_10CodeWriterENS_10IDLOptionsE
---------------- W _ZNK11flatbuffers6kotlin18KotlinKMPGenerator25GenerateCreateVectorFieldERNS_8FieldDefERNS_10CodeWriterENS_10IDLOptionsE
---------------- W _ZNK11flatbuffers6kotlin18KotlinKMPGenerator25GenerateKotlinOffsetArrayB5cxx11ERKNS_4TypeE
---------------- W _ZNK11flatbuffers6kotlin18KotlinKMPGenerator25GenerateStartStructMethodERNS_9StructDefERNS_10CodeWriterENS_10IDLOptionsE
---------------- W _ZNK11flatbuffers6kotlin18KotlinKMPGenerator25GenerateStaticConstructorERKNS_9StructDefERNS_10CodeWriterENS_10IDLOptionsE
---------------- W _ZNK11flatbuffers6kotlin18KotlinKMPGenerator26GenerateFinishSizePrefixedERNS_9StructDefERKNSt7__cxx1112basic_stringIcSt11char_traitsIcESaIcEEERNS_10CodeWriterENS_10IDLOptionsE
---------------- W _ZNK11flatbuffers6kotlin18KotlinKMPGenerator26GenerateFinishStructBufferERNS_9StructDefERKNSt7__cxx1112basic_stringIcSt11char_traitsIcESaIcEEERNS_10CodeWriterENS_10IDLOptionsE
---------------- W _ZNK11flatbuffers6kotlin18KotlinKMPGenerator26GenerateGetRootAsAccessorsERKNSt7__cxx1112basic_stringIcSt11char_traitsIcESaIcEEERNS_10CodeWriterENS_10IDLOptionsE
---------------- W _ZNK11flatbuffers6kotlin18KotlinKMPGenerator27GenerateBufferHasIdentifierERNS_9StructDefERNS_10CodeWriterENS_10IDLOptionsE
---------------- W _ZNK11flatbuffers6kotlin18KotlinKMPGenerator7GenEnumERNS_7EnumDefERNS_10CodeWriterE
---------------- W _ZNK11flatbuffers6kotlin18KotlinKMPGenerator7GenTypeB5cxx11ERKNS_4TypeE
---------------- W _ZNK11flatbuffers6kotlin18KotlinKMPGenerator8SaveTypeERKNSt7__cxx1112basic_stringIcSt11char_traitsIcESaIcEEERKNS_9NamespaceES9_b
---------------- W _ZNK11flatbuffers6kotlin18KotlinKMPGenerator9GenStructERNS_9StructDefERNS_10CodeWriterENS_10IDLOptionsE
---------------- t _ZNK11flatbuffers6python12_GLOBAL__N_119PythonStubGenerator13ModuleForFileERKNSt7__cxx1112basic_stringIcSt11char_traitsIcESaIcEEE
---------------- t _ZNK11flatbuffers6python12_GLOBAL__N_119PythonStubGenerator15GetNestedStructEPKNS_8FieldDefE
---------------- t _ZNK11flatbuffers6python12_GLOBAL__N_119PythonStubGenerator15UnionObjectTypeB5cxx11ERKNS_7EnumDefEPNS0_7ImportsE
---------------- t _ZNK11flatbuffers6python12_GLOBAL__N_119PythonStubGenerator16GenerateEnumStubERNSt7__cxx1118basic_stringstreamIcSt11char_traitsIcESaIcEEEPKNS_7EnumDefEPNS0_7ImportsE
---------------- t _ZNK11flatbuffers6python12_GLOBAL__N_119PythonStubGenerator17StructBuilderArgsERKNS_9StructDefENSt7__cxx1112basic_stringIcSt11char_traitsIcESaIcEEEPNS0_7ImportsEPSt6vectorISB_SaISB_EE
---------------- t _ZNK11flatbuffers6python12_GLOBAL__N_119PythonStubGenerator18GenerateObjectStubERNSt7__cxx1118basic_stringstreamIcSt11char_traitsIcESaIcEEEPKNS_9StructDefEPNS0_7ImportsE
---------------- t _ZNK11flatbuffers6python12_GLOBAL__N_119PythonStubGenerator18GenerateStructStubERNSt7__cxx1118basic_stringstreamIcSt11char_traitsIcESaIcEEEPKNS_9StructDefEPNS0_7ImportsE
---------------- t _ZNK11flatbuffers6python12_GLOBAL__N_119PythonStubGenerator6TypeOfB5cxx11ERKNS_4TypeEPNS0_7ImportsE
---------------- t _ZNK11flatbuffers6python12_GLOBAL__N_119PythonStubGenerator8EnumTypeB5cxx11ERKNS_7EnumDefEPNS0_7ImportsE
---------------- t _ZNK11flatbuffers6python12_GLOBAL__N_119PythonStubGenerator9UnionTypeB5cxx11ERKNS_7EnumDefEPNS0_7ImportsE
---------------- W _ZNK11flatbuffers6python15PythonGenerator10BeginClassERKNS_9StructDefEPNSt7__cxx1112basic_stringIcSt11char_traitsIcESaIcEEE
---------------- W _ZNK11flatbuffers6python15PythonGenerator10EnumMemberERKNS_7EnumDefERKNS_7EnumValEPNSt7__cxx1112basic_stringIcSt11char_traitsIcESaIcEEE
---------------- W _ZNK11flatbuffers6python15PythonGenerator10GenFieldTyB5cxx11ERKNS_8FieldDefE
---------------- W _ZNK11flatbuffers6python15PythonGenerator10GenIndentsB5cxx11Ei
---------------- W _ZNK11flatbuffers6python15PythonGenerator10GenTypeGetB5cxx11ERKNS_4TypeE
---------------- W _ZNK11flatbuffers6python15PythonGenerator10ReturnTypeB5cxx11ERKNS_9StructDefERKNS_8FieldDefE
---------------- W _ZNK11flatbuffers6python15PythonGenerator11GenReceiverERKNS_9StructDefEPNSt7__cxx1112basic_stringIcSt11char_traitsIcESaIcEEE
---------------- W _ZNK11flatbuffers6python15PythonGenerator12GenUnionInitERKNS_8FieldDefEPNSt7__cxx1112basic_stringIcSt11char_traitsIcESaIcEEEPSt3setISA_St4lessISA_ESaISA_EESH_
---------------- W _ZNK11flatbuffers6python15PythonGenerator12GetVectorLenERKNS_9StructDefERKNS_8FieldDefEPNSt7__cxx1112basic_stringIcSt11char_traitsIcESaIcEEE
---------------- W _ZNK11flatbuffers6python15PythonGenerator12OffsetPrefixB5cxx11ERKNS_8FieldDefEb
---------------- W _ZNK11flatbuffers6python15PythonGenerator13GenInitializeERKNS_9StructDefEPNSt7__cxx1112basic_stringIcSt11char_traitsIcESaIcEEEPSt3setISA_St4lessISA_ESaISA_EE
---------------- W _ZNK11flatbuffers6python15PythonGenerator13GenStructInitERKNS_8FieldDefEPNSt7__cxx1112basic_stringIcSt11char_traitsIcESaIcEEEPSt3setISA_St4lessISA_ESaISA_EESH_
---------------- W _ZNK11flatbuffers6python15PythonGenerator13GenVectorInitERKNS_8FieldDefEPNSt7__cxx1112basic_stringIcSt11char_traitsIcESaIcEEEPSt3setISA_St4lessISA_ESaISA_EESH_
---------------- W _ZNK11flatbuffers6python15PythonGenerator13GetUnionFieldERKNS_9StructDefERKNS_8FieldDefEPNSt7__cxx1112basic_stringIcSt11char_traitsIcESaIcEEERSt3setISt4pairISD_SD_ESt4lessISH_ESaISH_EE
---------------- W _ZNK11flatbuffers6python15PythonGenerator13generateEnumsEPNSt7__cxx1112basic_stringIcSt11char_traitsIcESaIcEEE
---------------- W _ZNK11flatbuffers6python15PythonGenerator14GenTypePointerB5cxx11ERKNS_4TypeE
---------------- W _ZNK11flatbuffers6python15PythonGenerator14GetStringFieldERKNS_9StructDefERKNS_8FieldDefEPNSt7__cxx1112basic_stringIcSt11char_traitsIcESaIcEEERSt3setISt4pairISD_SD_ESt4lessISH_ESaISH_EE
---------------- W _ZNK11flatbuffers6python15PythonGenerator15GenPackForTableERKNS_9StructDefEPNSt7__cxx1112basic_stringIcSt11char_traitsIcESaIcEEE
---------------- W _ZNK11flatbuffers6python15PythonGenerator15GenStructSizeOfERKNS_9StructDefEPNSt7__cxx1112basic_stringIcSt11char_traitsIcESaIcEEE
---------------- W _ZNK11flatbuffers6python15PythonGenerator15GenUnionCreatorERKNS_7EnumDefEPNSt7__cxx1112basic_stringIcSt11char_traitsIcESaIcEEE
---------------- W _ZNK11flatbuffers6python15PythonGenerator15GetDefaultValueB5cxx11ERKNS_8FieldDefE
---------------- W _ZNK11flatbuffers6python15PythonGenerator15GetStartOfTableERKNS_9StructDefEPNSt7__cxx1112basic_stringIcSt11char_traitsIcESaIcEEE
---------------- W _ZNK11flatbuffers6python15PythonGenerator15GetVectorIsNoneERKNS_9StructDefERKNS_8FieldDefEPNSt7__cxx1112basic_stringIcSt11char_traitsIcESaIcEEE
---------------- W _ZNK11flatbuffers6python15PythonGenerator15generateStructsEPNSt7__cxx1112basic_stringIcSt11char_traitsIcESaIcEEERSt3setISt4pairIS7_S7_ESt4lessISB_ESaISB_EE
---------------- W _ZNK11flatbuffers6python15PythonGenerator16BeginBuilderArgsERKNS_9StructDefEPNSt7__cxx1112basic_stringIcSt11char_traitsIcESaIcEEE
---------------- W _ZNK11flatbuffers6python15PythonGenerator16GenPackForStructERKNS_9StructDefEPNSt7__cxx1112basic_stringIcSt11char_traitsIcESaIcEEE
---------------- W _ZNK11flatbuffers6python15PythonGenerator16GenStructBuilderERKNS_9StructDefEPNSt7__cxx1112basic_stringIcSt11char_traitsIcESaIcEEE
---------------- W _ZNK11flatbuffers6python15PythonGenerator16GenTableBuildersERKNS_9StructDefEPNSt7__cxx1112basic_stringIcSt11char_traitsIcESaIcEEERSt3setISt4pairISA_SA_ESt4lessISE_ESaISE_EE
---------------- W _ZNK11flatbuffers6python15PythonGenerator16GetArrayOfStructERKNS_9StructDefERKNS_8FieldDefEPNSt7__cxx1112basic_stringIcSt11char_traitsIcESaIcEEERSt3setISt4pairISD_SD_ESt4lessISH_ESaISH_EE
---------------- W _ZNK11flatbuffers6python15PythonGenerator17BuildFieldOfTableERKNS_9StructDefERKNS_8FieldDefEmPNSt7__cxx1112basic_stringIcSt11char_traitsIcESaIcEEE
---------------- W _ZNK11flatbuffers6python15PythonGenerator17GenStructAccessorERKNS_9StructDefERKNS_8FieldDefEPNSt7__cxx1112basic_stringIcSt11char_traitsIcESaIcEEERSt3setISt4pairISD_SD_ESt4lessISH_ESaISH_EE
---------------- W _ZNK11flatbuffers6python15PythonGenerator17GenUnPackForUnionERKNS_9StructDefERKNS_8FieldDefEPNSt7__cxx1112basic_stringIcSt11char_traitsIcESaIcEEE
---------------- W _ZNK11flatbuffers6python15PythonGenerator17InitializeFromBufERKNS_9StructDefEPNSt7__cxx1112basic_stringIcSt11char_traitsIcESaIcEEE
---------------- W _ZNK11flatbuffers6python15PythonGenerator17StructBuilderArgsERKNS_9StructDefENSt7__cxx1112basic_stringIcSt11char_traitsIcESaIcEEESA_bSA_PSA_
---------------- W _ZNK11flatbuffers6python15PythonGenerator17StructBuilderBodyERKNS_9StructDefEPKcPNSt7__cxx1112basic_stringIcSt11char_traitsIcESaIcEEEmb
---------------- W _ZNK11flatbuffers6python15PythonGenerator18BuildVectorOfTableERKNS_9StructDefERKNS_8FieldDefEPNSt7__cxx1112basic_stringIcSt11char_traitsIcESaIcEEE
---------------- W _ZNK11flatbuffers6python15PythonGenerator18GenCompareOperatorERKNS_9StructDefEPNSt7__cxx1112basic_stringIcSt11char_traitsIcESaIcEEE
---------------- W _ZNK11flatbuffers6python15PythonGenerator18GenUnPackForScalarERKNS_9StructDefERKNS_8FieldDefEPNSt7__cxx1112basic_stringIcSt11char_traitsIcESaIcEEE
---------------- W _ZNK11flatbuffers6python15PythonGenerator18GenUnPackForStringERKNS_9StructDefERKNS_8FieldDefEPNSt7__cxx1112basic_stringIcSt11char_traitsIcESaIcEEE
---------------- W _ZNK11flatbuffers6python15PythonGenerator18GenUnPackForStructERKNS_9StructDefERKNS_8FieldDefEPNSt7__cxx1112basic_stringIcSt11char_traitsIcESaIcEEE
---------------- W _ZNK11flatbuffers6python15PythonGenerator18InitializeExistingERKNS_9StructDefEPNSt7__cxx1112basic_stringIcSt11char_traitsIcESaIcEEE
---------------- W _ZNK11flatbuffers6python15PythonGenerator19GenPackageReferenceB5cxx11ERKNS_4TypeE
---------------- W _ZNK11flatbuffers6python15PythonGenerator19GetArrayOfNonStructERKNS_9StructDefERKNS_8FieldDefEPNSt7__cxx1112basic_stringIcSt11char_traitsIcESaIcEEE
---------------- W _ZNK11flatbuffers6python15PythonGenerator19GetEndOffsetOnTableERKNS_9StructDefEPNSt7__cxx1112basic_stringIcSt11char_traitsIcESaIcEEE
---------------- W _ZNK11flatbuffers6python15PythonGenerator20GenHasFileIdentifierERKNS_9StructDefEPNSt7__cxx1112basic_stringIcSt11char_traitsIcESaIcEEE
---------------- W _ZNK11flatbuffers6python15PythonGenerator20GenPackForUnionFieldERKNS_9StructDefERKNS_8FieldDefEPNSt7__cxx1112basic_stringIcSt11char_traitsIcESaIcEEESE_
---------------- W _ZNK11flatbuffers6python15PythonGenerator20NestedFlatbufferTypeENSt7__cxx1112basic_stringIcSt11char_traitsIcESaIcEEE
---------------- W _ZNK11flatbuffers6python15PythonGenerator21GenPackForStructFieldERKNS_9StructDefERKNS_8FieldDefEPNSt7__cxx1112basic_stringIcSt11char_traitsIcESaIcEEESE_
---------------- W _ZNK11flatbuffers6python15PythonGenerator21GenStructForObjectAPIERKNS_9StructDefEPNSt7__cxx1112basic_stringIcSt11char_traitsIcESaIcEEE
---------------- W _ZNK11flatbuffers6python15PythonGenerator21GetScalarFieldOfTableERKNS_9StructDefERKNS_8FieldDefEPNSt7__cxx1112basic_stringIcSt11char_traitsIcESaIcEEE
---------------- W _ZNK11flatbuffers6python15PythonGenerator21GetStructFieldOfTableERKNS_9StructDefERKNS_8FieldDefEPNSt7__cxx1112basic_stringIcSt11char_traitsIcESaIcEEERSt3setISt4pairISD_SD_ESt4lessISH_ESaISH_EE
---------------- W _ZNK11flatbuffers6python15PythonGenerator21NewRootTypeFromBufferERKNS_9StructDefEPNSt7__cxx1112basic_stringIcSt11char_traitsIcESaIcEEE
---------------- W _ZNK11flatbuffers6python15PythonGenerator22BeginClassForObjectAPIERKNS_9StructDefEPNSt7__cxx1112basic_stringIcSt11char_traitsIcESaIcEEE
---------------- W _ZNK11flatbuffers6python15PythonGenerator22GetScalarFieldOfStructERKNS_9StructDefERKNS_8FieldDefEPNSt7__cxx1112basic_stringIcSt11char_traitsIcESaIcEEE
---------------- W _ZNK11flatbuffers6python15PythonGenerator22GetStructFieldOfStructERKNS_9StructDefERKNS_8FieldDefEPNSt7__cxx1112basic_stringIcSt11char_traitsIcESaIcEEE
---------------- W _ZNK11flatbuffers6python15PythonGenerator23GenReceiverForObjectAPIERKNS_9StructDefEPNSt7__cxx1112basic_stringIcSt11char_traitsIcESaIcEEE
---------------- W _ZNK11flatbuffers6python15PythonGenerator23InitializeFromPackedBufERKNS_9StructDefEPNSt7__cxx1112basic_stringIcSt11char_traitsIcESaIcEEE
---------------- W _ZNK11flatbuffers6python15PythonGenerator24GenUnPackForScalarVectorERKNS_9StructDefERKNS_8FieldDefEPNSt7__cxx1112basic_stringIcSt11char_traitsIcESaIcEEE
---------------- W _ZNK11flatbuffers6python15PythonGenerator24GenUnPackForStructVectorERKNS_9StructDefERKNS_8FieldDefEPNSt7__cxx1112basic_stringIcSt11char_traitsIcESaIcEEE
---------------- W _ZNK11flatbuffers6python15PythonGenerator24GenUnionCreatorForStringERKNS_7EnumDefERKNS_7EnumValEPNSt7__cxx1112basic_stringIcSt11char_traitsIcESaIcEEE
---------------- W _ZNK11flatbuffers6python15PythonGenerator24GenUnionCreatorForStructERKNS_7EnumDefERKNS_7EnumValEPNSt7__cxx1112basic_stringIcSt11char_traitsIcESaIcEEE
---------------- W _ZNK11flatbuffers6python15PythonGenerator25BuildVectorCreationHelperERKNS_9StructDefERKNS_8FieldDefEPNSt7__cxx1112basic_stringIcSt11char_traitsIcESaIcEEERSt3setISt4pairISD_SD_ESt4lessISH_ESaISH_EE
---------------- W _ZNK11flatbuffers6python15PythonGenerator25GetMemberOfVectorOfStructERKNS_9StructDefERKNS_8FieldDefEPNSt7__cxx1112basic_stringIcSt11char_traitsIcESaIcEEERSt3setISt4pairISD_SD_ESt4lessISH_ESaISH_EE
---------------- W _ZNK11flatbuffers6python15PythonGenerator26InitializeFromObjForObjectERKNS_9StructDefEPNSt7__cxx1112basic_stringIcSt11char_traitsIcESaIcEEE
---------------- W _ZNK11flatbuffers6python15PythonGenerator27BuildVectorOfTableFromBytesERKNS_9StructDefERKNS_8FieldDefEPNSt7__cxx1112basic_stringIcSt11char_traitsIcESaIcEEE
---------------- W _ZNK11flatbuffers6python15PythonGenerator27GenPackForScalarVectorFieldERKNS_9StructDefERKNS_8FieldDefEPNSt7__cxx1112basic_stringIcSt11char_traitsIcESaIcEEESE_
---------------- W _ZNK11flatbuffers6python15PythonGenerator27GenPackForStructVectorFieldERKNS_9StructDefERKNS_8FieldDefEPNSt7__cxx1112basic_stringIcSt11char_traitsIcESaIcEEESE_
---------------- W _ZNK11flatbuffers6python15PythonGenerator27GetVectorAsNestedFlatbufferERKNS_9StructDefERKNS_8FieldDefEPNSt7__cxx1112basic_stringIcSt11char_traitsIcESaIcEEERSt3setISt4pairISD_SD_ESt4lessISH_ESaISH_EE
---------------- W _ZNK11flatbuffers6python15PythonGenerator27GetVectorOfNonStructAsNumpyERKNS_9StructDefERKNS_8FieldDefEPNSt7__cxx1112basic_stringIcSt11char_traitsIcESaIcEEE
---------------- W _ZNK11flatbuffers6python15PythonGenerator28GetMemberOfVectorOfNonStructERKNS_9StructDefERKNS_8FieldDefEPNSt7__cxx1112basic_stringIcSt11char_traitsIcESaIcEEE
---------------- W _ZNK11flatbuffers6python15PythonGenerator30GenUnpackforScalarVectorHelperERKNS_9StructDefERKNS_8FieldDefEPNSt7__cxx1112basic_stringIcSt11char_traitsIcESaIcEEEi
---------------- W _ZNK11flatbuffers6python15PythonGenerator33GenPackForScalarVectorFieldHelperERKNS_9StructDefERKNS_8FieldDefEPNSt7__cxx1112basic_stringIcSt11char_traitsIcESaIcEEEi
---------------- W _ZNK11flatbuffers6python15PythonGenerator8SaveTypeERKNSt7__cxx1112basic_stringIcSt11char_traitsIcESaIcEEERKNS_9NamespaceES9_RKSt3setISt4pairIS7_S7_ESt4lessISF_ESaISF_EES9_b
---------------- W _ZNK11flatbuffers6python15PythonGenerator9BeginEnumERKNS_7EnumDefEPNSt7__cxx1112basic_stringIcSt11char_traitsIcESaIcEEE
---------------- W _ZNK11flatbuffers6python15PythonGenerator9BeginFileERKNSt7__cxx1112basic_stringIcSt11char_traitsIcESaIcEEEbPS7_S9_RKSt3setISt4pairIS7_S7_ESt4lessISD_ESaISD_EE
---------------- W _ZNK11flatbuffers6python15PythonGenerator9GenGetterB5cxx11ERKNS_4TypeE
---------------- W _ZNK11flatbuffers6python15PythonGenerator9GenMethodB5cxx11ERKNS_8FieldDefE
---------------- W _ZNK11flatbuffers6python15PythonGenerator9GenStructERKNS_9StructDefEPNSt7__cxx1112basic_stringIcSt11char_traitsIcESaIcEEERSt3setISt4pairISA_SA_ESt4lessISE_ESaISE_EE
---------------- W _ZNK11flatbuffers6python15PythonGenerator9GenUnPackERKNS_9StructDefEPNSt7__cxx1112basic_stringIcSt11char_traitsIcESaIcEEE
---------------- W _ZNK11flatbuffers6python15PythonGenerator9ModuleForINS_7EnumDefEEENSt7__cxx1112basic_stringIcSt11char_traitsIcESaIcEEEPKT_
---------------- W _ZNK11flatbuffers6python15PythonGenerator9ModuleForINS_9StructDefEEENSt7__cxx1112basic_stringIcSt11char_traitsIcESaIcEEEPKT_
---------------- t _ZNK11flatbuffers6python4grpc12_GLOBAL__N_113BaseGenerator9ModuleForINS_9StructDefEEENSt7__cxx1112basic_stringIcSt11char_traitsIcESaIcEEEPKT_
---------------- T _ZNK11flatbuffers6python7Version7IsValidEv
---------------- T _ZNK11flatbuffers7EnumDef11FindByValueERKNSt7__cxx1112basic_stringIcSt11char_traitsIcESaIcEEE
---------------- T _ZNK11flatbuffers7EnumDef13ReverseLookupElb
---------------- T _ZNK11flatbuffers7EnumDef8AllFlagsB5cxx11Ev
---------------- T _ZNK11flatbuffers7EnumDef8DistanceEPKNS_7EnumValES3_
---------------- T _ZNK11flatbuffers7EnumDef8MaxValueEv
---------------- T _ZNK11flatbuffers7EnumDef8MinValueEv
---------------- T _ZNK11flatbuffers7EnumDef9SerializeEPNS_21FlatBufferBuilderImplILb0EEERKNS_6ParserE
---------------- T _ZNK11flatbuffers7EnumVal19SerializeAttributesEPNS_21FlatBufferBuilderImplILb0EEERKNS_6ParserE
---------------- T _ZNK11flatbuffers7EnumVal9SerializeEPNS_21FlatBufferBuilderImplILb0EEERKNS_6ParserE
---------------- T _ZNK11flatbuffers7RPCCall9SerializeEPNS_21FlatBufferBuilderImplILb0EEERKNS_6ParserE
---------------- W _ZNK11flatbuffers7lobster16LobsterGenerator13EscapeKeywordERKNSt7__cxx1112basic_stringIcSt11char_traitsIcESaIcEEE
---------------- T _ZNK11flatbuffers8FieldDef9SerializeEPNS_21FlatBufferBuilderImplILb0EEEtRKNS_6ParserE
---------------- W _ZNK11flatbuffers8IdlNamer11EnumVariantB5cxx11ERKNS_7EnumDefERKNS_7EnumValE
---------------- W _ZNK11flatbuffers8IdlNamer16NamespacedStringEPKNS_9NamespaceERKNSt7__cxx1112basic_stringIcSt11char_traitsIcESaIcEEE
---------------- W _ZNK11flatbuffers8IdlNamer18LegacyKotlinMethodERKNSt7__cxx1112basic_stringIcSt11char_traitsIcESaIcEEERKNS_8FieldDefES8_
---------------- W _ZNK11flatbuffers8IdlNamer18LegacyKotlinMethodERKNSt7__cxx1112basic_stringIcSt11char_traitsIcESaIcEEERKNS_9StructDefES8_
---------------- W _ZNK11flatbuffers8IdlNamer18LegacySwiftVariantB5cxx11ERKNS_7EnumValE
---------------- W _ZNK11flatbuffers8IdlNamer25LegacyRustFieldOffsetNameB5cxx11ERKNS_8FieldDefE
---------------- W _ZNK11flatbuffers8IdlNamer29LegacyRustUnionTypeOffsetNameB5cxx11ERKNS_8FieldDefE
---------------- W _ZNK11flatbuffers8IdlNamer5FieldERKNS_8FieldDefERKNSt7__cxx1112basic_stringIcSt11char_traitsIcESaIcEEE
---------------- W _ZNK11flatbuffers9BfbsNamer11DenamespaceIPKN10reflection4EnumEEENSt7__cxx1112basic_stringIcSt11char_traitsIcESaIcEEET_RSB_c
---------------- W _ZNK11flatbuffers9BfbsNamer11DenamespaceIPKN10reflection4EnumEEENSt7__cxx1112basic_stringIcSt11char_traitsIcESaIcEEET_c
---------------- W _ZNK11flatbuffers9BfbsNamer11DenamespaceIPKN10reflection6ObjectEEENSt7__cxx1112basic_stringIcSt11char_traitsIcESaIcEEET_RSB_c
---------------- W _ZNK11flatbuffers9BfbsNamer11DenamespaceIPKN10reflection6ObjectEEENSt7__cxx1112basic_stringIcSt11char_traitsIcESaIcEEET_c
---------------- W _ZNK11flatbuffers9BfbsNamer5FieldB5cxx11ERKN10reflection5FieldE
---------------- W _ZNK11flatbuffers9BfbsNamer8VariableB5cxx11ERKN10reflection5FieldE
---------------- T _ZNK11flatbuffers9Namespace21GetFullyQualifiedNameERKNSt7__cxx1112basic_stringIcSt11char_traitsIcESaIcEEEm
---------------- T _ZNK11flatbuffers9StructDef9SerializeEPNS_21FlatBufferBuilderImplILb0EEERKNS_6ParserE
---------------- W _ZNK11flexbuffers9Reference18AsFixedTypedVectorEv
---------------- W _ZNK11flexbuffers9Reference6AsBlobEv
---------------- W _ZNK11flexbuffers9Reference7AsInt64Ev
---------------- W _ZNK11flexbuffers9Reference8AsDoubleEv
---------------- W _ZNK11flexbuffers9Reference8AsStringEv
---------------- W _ZNK11flexbuffers9Reference8AsUInt64Ev
---------------- W _ZNK11flexbuffers9Reference8ToStringEbbRNSt7__cxx1112basic_stringIcSt11char_traitsIcESaIcEEEbiPKcb
---------------- W _ZNKSt10_HashtableINSt7__cxx1112basic_stringIcSt11char_traitsIcESaIcEEES5_SaIS5_ENSt8__detail9_IdentityESt8equal_toIS5_ESt4hashIS5_ENS7_18_Mod_range_hashingENS7_20_Default_ranged_hashENS7_20_Prime_rehash_policyENS7_17_Hashtable_traitsILb1ELb1ELb1EEEE4findERKS5_
---------------- W _ZNKSt10_HashtableINSt7__cxx1112basic_stringIcSt11char_traitsIcESaIcEEESt4pairIKS5_tESaIS8_ENSt8__detail10_Select1stESt8equal_toIS5_ESt4hashIS5_ENSA_18_Mod_range_hashingENSA_20_Default_ranged_hashENSA_20_Prime_rehash_policyENSA_17_Hashtable_traitsILb1ELb0ELb1EEEE4findERS7_
                 U _ZNKSt12__basic_fileIcE7is_openEv
---------------- t _ZNKSt3mapINSt7__cxx1112basic_stringIcSt11char_traitsIcESaIcEEEN11flatbuffers12_GLOBAL__N_112NsDefinitionESt4lessIS5_ESaISt4pairIKS5_S8_EEE5countERSC_
                 U _ZNKSt5ctypeIcE13_M_widen_initEv
                 U _ZNKSt7__cxx1112basic_stringIcSt11char_traitsIcESaIcEE12find_last_ofEPKcmm
                 U _ZNKSt7__cxx1112basic_stringIcSt11char_traitsIcESaIcEE13find_first_ofEPKcmm
                 U _ZNKSt7__cxx1112basic_stringIcSt11char_traitsIcESaIcEE16find_last_not_ofEcm
                 U _ZNKSt7__cxx1112basic_stringIcSt11char_traitsIcESaIcEE4findEPKcmm
                 U _ZNKSt7__cxx1112basic_stringIcSt11char_traitsIcESaIcEE4findEcm
                 U _ZNKSt7__cxx1112basic_stringIcSt11char_traitsIcESaIcEE5rfindEPKcmm
                 U _ZNKSt7__cxx1112basic_stringIcSt11char_traitsIcESaIcEE5rfindEcm
                 U _ZNKSt7__cxx1112basic_stringIcSt11char_traitsIcESaIcEE6substrEmm
                 U _ZNKSt7__cxx1112basic_stringIcSt11char_traitsIcESaIcEE7compareEPKc
                 U _ZNKSt7__cxx1112basic_stringIcSt11char_traitsIcESaIcEE7compareEmmPKc
                 U _ZNKSt7__cxx1118basic_stringstreamIcSt11char_traitsIcESaIcEE3strEv
---------------- W _ZNKSt8_Rb_treeINSt7__cxx1112basic_stringIcSt11char_traitsIcESaIcEEES5_St9_IdentityIS5_ESt4lessIS5_ESaIS5_EE4findERKS5_
---------------- W _ZNKSt8_Rb_treeINSt7__cxx1112basic_stringIcSt11char_traitsIcESaIcEEESt4pairIKS5_PN11flatbuffers5ValueEESt10_Select1stISB_ESt4lessIS5_ESaISB_EE4findERS7_
---------------- W _ZNKSt8_Rb_treeINSt7__cxx1112basic_stringIcSt11char_traitsIcESaIcEEESt4pairIKS5_PN11flatbuffers7EnumDefEESt10_Select1stISB_ESt4lessIS5_ESaISB_EE4findERS7_
---------------- W _ZNKSt8_Rb_treeINSt7__cxx1112basic_stringIcSt11char_traitsIcESaIcEEESt4pairIKS5_PN11flatbuffers7EnumValEESt10_Select1stISB_ESt4lessIS5_ESaISB_EE4findERS7_
---------------- W _ZNKSt8_Rb_treeINSt7__cxx1112basic_stringIcSt11char_traitsIcESaIcEEESt4pairIKS5_PN11flatbuffers8FieldDefEESt10_Select1stISB_ESt4lessIS5_ESaISB_EE4findERS7_
---------------- W _ZNKSt8_Rb_treeINSt7__cxx1112basic_stringIcSt11char_traitsIcESaIcEEESt4pairIKS5_PN11flatbuffers9StructDefEESt10_Select1stISB_ESt4lessIS5_ESaISB_EE4findERS7_
---------------- W _ZNKSt8_Rb_treeINSt7__cxx1112basic_stringIcSt11char_traitsIcESaIcEEESt4pairIKS5_S5_ESt10_Select1stIS8_ESt4lessIS5_ESaIS8_EE4findERS7_
---------------- W _ZNKSt8_Rb_treeINSt7__cxx1112basic_stringIcSt11char_traitsIcESaIcEEESt4pairIKS5_St3setIN11flatbuffers12IncludedFileESt4lessISA_ESaISA_EEESt10_Select1stISF_ESB_IS5_ESaISF_EE4findERS7_
---------------- W _ZNKSt8_Rb_treeINSt7__cxx1112basic_stringIcSt11char_traitsIcESaIcEEESt4pairIKS5_bESt10_Select1stIS8_ESt4lessIS5_ESaIS8_EE4findERS7_
                 U _ZNKSt8__detail20_Prime_rehash_policy14_M_need_rehashEmmm
                 U _ZNSi4readEPcl
                 U _ZNSi5seekgElSt12_Ios_Seekdir
                 U _ZNSi5tellgEv
                 U _ZNSirsERs
                 U _ZNSo3putEc
                 U _ZNSo5flushEv
                 U _ZNSo5seekpElSt12_Ios_Seekdir
                 U _ZNSo5writeEPKcl
                 U _ZNSo9_M_insertIbEERSoT_
                 U _ZNSo9_M_insertIdEERSoT_
                 U _ZNSo9_M_insertIlEERSoT_
                 U _ZNSo9_M_insertImEERSoT_
                 U _ZNSolsEPSt15basic_streambufIcSt11char_traitsIcEE
                 U _ZNSolsEi
                 U _ZNSolsEs
---------------- W _ZNSt10_HashtableINSt7__cxx1112basic_stringIcSt11char_traitsIcESaIcEEES5_SaIS5_ENSt8__detail9_IdentityESt8equal_toIS5_ESt4hashIS5_ENS7_18_Mod_range_hashingENS7_20_Default_ranged_hashENS7_20_Prime_rehash_policyENS7_17_Hashtable_traitsILb1ELb1ELb1EEEE12_Scoped_nodeD2Ev
---------------- W _ZNSt10_HashtableINSt7__cxx1112basic_stringIcSt11char_traitsIcESaIcEEES5_SaIS5_ENSt8__detail9_IdentityESt8equal_toIS5_ESt4hashIS5_ENS7_18_Mod_range_hashingENS7_20_Default_ranged_hashENS7_20_Prime_rehash_policyENS7_17_Hashtable_traitsILb1ELb1ELb1EEEE13_M_rehash_auxEmSt17integral_constantIbLb1EE
---------------- W _ZNSt10_HashtableINSt7__cxx1112basic_stringIcSt11char_traitsIcESaIcEEES5_SaIS5_ENSt8__detail9_IdentityESt8equal_toIS5_ESt4hashIS5_ENS7_18_Mod_range_hashingENS7_20_Default_ranged_hashENS7_20_Prime_rehash_policyENS7_17_Hashtable_traitsILb1ELb1ELb1EEEE21_M_insert_unique_nodeEmmPNS7_10_Hash_nodeIS5_Lb1EEEm
---------------- W _ZNSt10_HashtableINSt7__cxx1112basic_stringIcSt11char_traitsIcESaIcEEES5_SaIS5_ENSt8__detail9_IdentityESt8equal_toIS5_ESt4hashIS5_ENS7_18_Mod_range_hashingENS7_20_Default_ranged_hashENS7_20_Prime_rehash_policyENS7_17_Hashtable_traitsILb1ELb1ELb1EEEE9_M_insertIRKPKcNS7_10_AllocNodeISaINS7_10_Hash_nodeIS5_Lb1EEEEEEEESt4pairINS7_14_Node_iteratorIS5_Lb1ELb1EEEbEOT_RKT0_St17integral_constantIbLb1EE
---------------- W _ZNSt10_HashtableINSt7__cxx1112basic_stringIcSt11char_traitsIcESaIcEEES5_SaIS5_ENSt8__detail9_IdentityESt8equal_toIS5_ESt4hashIS5_ENS7_18_Mod_range_hashingENS7_20_Default_ranged_hashENS7_20_Prime_rehash_policyENS7_17_Hashtable_traitsILb1ELb1ELb1EEEE9_M_insertIS5_NS7_10_AllocNodeISaINS7_10_Hash_nodeIS5_Lb1EEEEEEEESt4pairINS7_14_Node_iteratorIS5_Lb1ELb1EEEbEOT_RKT0_St17integral_constantIbLb1EE
---------------- W _ZNSt10_HashtableINSt7__cxx1112basic_stringIcSt11char_traitsIcESaIcEEES5_SaIS5_ENSt8__detail9_IdentityESt8equal_toIS5_ESt4hashIS5_ENS7_18_Mod_range_hashingENS7_20_Default_ranged_hashENS7_20_Prime_rehash_policyENS7_17_Hashtable_traitsILb1ELb1ELb1EEEED2Ev
---------------- W _ZNSt10_HashtableINSt7__cxx1112basic_stringIcSt11char_traitsIcESaIcEEESt4pairIKS5_tESaIS8_ENSt8__detail10_Select1stESt8equal_toIS5_ESt4hashIS5_ENSA_18_Mod_range_hashingENSA_20_Default_ranged_hashENSA_20_Prime_rehash_policyENSA_17_Hashtable_traitsILb1ELb0ELb1EEEE10_M_emplaceIJRS7_tEEES6_INSA_14_Node_iteratorIS8_Lb0ELb1EEEbESt17integral_constantIbLb1EEDpOT_
---------------- W _ZNSt10_HashtableINSt7__cxx1112basic_stringIcSt11char_traitsIcESaIcEEESt4pairIKS5_tESaIS8_ENSt8__detail10_Select1stESt8equal_toIS5_ESt4hashIS5_ENSA_18_Mod_range_hashingENSA_20_Default_ranged_hashENSA_20_Prime_rehash_policyENSA_17_Hashtable_traitsILb1ELb0ELb1EEEE12_Scoped_nodeD2Ev
---------------- W _ZNSt10_HashtableINSt7__cxx1112basic_stringIcSt11char_traitsIcESaIcEEESt4pairIKS5_tESaIS8_ENSt8__detail10_Select1stESt8equal_toIS5_ESt4hashIS5_ENSA_18_Mod_range_hashingENSA_20_Default_ranged_hashENSA_20_Prime_rehash_policyENSA_17_Hashtable_traitsILb1ELb0ELb1EEEE13_M_rehash_auxEmSt17integral_constantIbLb1EE
---------------- W _ZNSt10_HashtableINSt7__cxx1112basic_stringIcSt11char_traitsIcESaIcEEESt4pairIKS5_tESaIS8_ENSt8__detail10_Select1stESt8equal_toIS5_ESt4hashIS5_ENSA_18_Mod_range_hashingENSA_20_Default_ranged_hashENSA_20_Prime_rehash_policyENSA_17_Hashtable_traitsILb1ELb0ELb1EEEE21_M_insert_unique_nodeEmmPNSA_10_Hash_nodeIS8_Lb1EEEm
---------------- W _ZNSt10unique_ptrIN11flatbuffers6ParserESt14default_deleteIS1_EED2Ev
---------------- W _ZNSt12_Destroy_auxILb0EE9__destroyIPN11flatbuffers12IncludedFileEEEvT_S5_
---------------- W _ZNSt12_Vector_baseIN11flatbuffers13BinarySectionESaIS1_EED2Ev
---------------- W _ZNSt12__shared_ptrIN11flatbuffers13CodeGeneratorELN9__gnu_cxx12_Lock_policyE2EEC2IS1_St14default_deleteIS1_EvEEOSt10unique_ptrIT_T0_E
---------------- W _ZNSt12__shared_ptrIN11flatbuffers13CodeGeneratorELN9__gnu_cxx12_Lock_policyE2EED2Ev
                 U _ZNSt13basic_filebufIcSt11char_traitsIcEE5closeEv
                 U _ZNSt13basic_filebufIcSt11char_traitsIcEED2Ev
---------------- W _ZNSt13unordered_mapINSt7__cxx1112basic_stringIcSt11char_traitsIcESaIcEEEtSt4hashIS5_ESt8equal_toIS5_ESaISt4pairIKS5_tEEED2Ev
                 U _ZNSt14basic_ifstreamIcSt11char_traitsIcEEC1EPKcSt13_Ios_Openmode
                 U _ZNSt14basic_ifstreamIcSt11char_traitsIcEED1Ev
                 U _ZNSt14basic_ofstreamIcSt11char_traitsIcEEC1EPKcSt13_Ios_Openmode
                 U _ZNSt14basic_ofstreamIcSt11char_traitsIcEED1Ev
---------------- W _ZNSt16_Sp_counted_baseILN9__gnu_cxx12_Lock_policyE2EE10_M_releaseEv
---------------- W _ZNSt16_Sp_counted_baseILN9__gnu_cxx12_Lock_policyE2EED2Ev
---------------- t _ZNSt17_Function_handlerIFbPN11flatbuffers9StructDefEEZNS0_6Parser27HasCircularStructDependencyEvE3$_0E10_M_managerERSt9_Any_dataRKS7_St18_Manager_operation
---------------- t _ZNSt17_Function_handlerIFbPN11flatbuffers9StructDefEEZNS0_6Parser27HasCircularStructDependencyEvE3$_0E9_M_invokeERKSt9_Any_dataOS2_
---------------- W _ZNSt17_Function_handlerIFccEPS0_E10_M_managerERSt9_Any_dataRKS3_St18_Manager_operation
---------------- W _ZNSt17_Function_handlerIFccEPS0_E9_M_invokeERKSt9_Any_dataOc
---------------- t _ZNSt17_Function_handlerIFvPKN10reflection4EnumEEZN11flatbuffers12_GLOBAL__N_116LuaBfbsGenerator13GenerateEnumsEPKNS5_6VectorINS5_6OffsetIS1_EEjEEEUlS3_E_E10_M_managerERSt9_Any_dataRKSG_St18_Manager_operation
---------------- t _ZNSt17_Function_handlerIFvPKN10reflection4EnumEEZN11flatbuffers12_GLOBAL__N_116LuaBfbsGenerator13GenerateEnumsEPKNS5_6VectorINS5_6OffsetIS1_EEjEEEUlS3_E_E9_M_invokeERKSt9_Any_dataOS3_
---------------- t _ZNSt17_Function_handlerIFvPKN10reflection4EnumEEZN11flatbuffers12_GLOBAL__N_116NimBfbsGenerator18GenerateFromSchemaEPKNS0_6SchemaERKNS5_14CodeGenOptionsEEUlS3_E_E10_M_managerERSt9_Any_dataRKSG_St18_Manager_operation
---------------- t _ZNSt17_Function_handlerIFvPKN10reflection4EnumEEZN11flatbuffers12_GLOBAL__N_116NimBfbsGenerator18GenerateFromSchemaEPKNS0_6SchemaERKNS5_14CodeGenOptionsEEUlS3_E_E9_M_invokeERKSt9_Any_dataOS3_
---------------- t _ZNSt17_Function_handlerIFvPKN10reflection5FieldEEZN11flatbuffers12_GLOBAL__N_116NimBfbsGenerator14GenerateObjectEPKNS0_6ObjectEEUlS3_E0_E10_M_managerERSt9_Any_dataRKSD_St18_Manager_operation
---------------- t _ZNSt17_Function_handlerIFvPKN10reflection5FieldEEZN11flatbuffers12_GLOBAL__N_116NimBfbsGenerator14GenerateObjectEPKNS0_6ObjectEEUlS3_E0_E9_M_invokeERKSt9_Any_dataOS3_
---------------- t _ZNSt17_Function_handlerIFvPKN10reflection5FieldEEZN11flatbuffers12_GLOBAL__N_116NimBfbsGenerator14GenerateObjectEPKNS0_6ObjectEEUlS3_E_E10_M_managerERSt9_Any_dataRKSD_St18_Manager_operation
---------------- t _ZNSt17_Function_handlerIFvPKN10reflection5FieldEEZN11flatbuffers12_GLOBAL__N_116NimBfbsGenerator14GenerateObjectEPKNS0_6ObjectEEUlS3_E_E9_M_invokeERKSt9_Any_dataOS3_
---------------- t _ZNSt17_Function_handlerIFvPKN10reflection5FieldEEZN11flatbuffers15BinaryAnnotator11BuildStructEmRSt6vectorINS5_12BinaryRegionESaIS8_EENSt7__cxx1112basic_stringIcSt11char_traitsIcESaIcEEEPKNS0_6ObjectEE3$_1E10_M_managerERSt9_Any_dataRKSN_St18_Manager_operation
---------------- t _ZNSt17_Function_handlerIFvPKN10reflection5FieldEEZN11flatbuffers15BinaryAnnotator11BuildStructEmRSt6vectorINS5_12BinaryRegionESaIS8_EENSt7__cxx1112basic_stringIcSt11char_traitsIcESaIcEEEPKNS0_6ObjectEE3$_1E9_M_invokeERKSt9_Any_dataOS3_
---------------- t _ZNSt17_Function_handlerIFvPKN10reflection5FieldEEZN11flatbuffers15BinaryAnnotator16GetOrBuildVTableEmPKNS0_6ObjectEmE3$_0E10_M_managerERSt9_Any_dataRKSC_St18_Manager_operation
---------------- t _ZNSt17_Function_handlerIFvPKN10reflection5FieldEEZN11flatbuffers15BinaryAnnotator16GetOrBuildVTableEmPKNS0_6ObjectEmE3$_0E9_M_invokeERKSt9_Any_dataOS3_
---------------- t _ZNSt17_Function_handlerIFvPKN10reflection5FieldEEZNK11flatbuffers12_GLOBAL__N_116LuaBfbsGenerator23AppendStructBuilderBodyEPKNS0_6ObjectENSt7__cxx1112basic_stringIcSt11char_traitsIcESaIcEEEEUlS3_E_E10_M_managerERSt9_Any_dataRKSJ_St18_Manager_operation
---------------- t _ZNSt17_Function_handlerIFvPKN10reflection5FieldEEZNK11flatbuffers12_GLOBAL__N_116LuaBfbsGenerator23AppendStructBuilderBodyEPKNS0_6ObjectENSt7__cxx1112basic_stringIcSt11char_traitsIcESaIcEEEEUlS3_E_E9_M_invokeERKSt9_Any_dataOS3_
---------------- t _ZNSt17_Function_handlerIFvPKN10reflection5FieldEEZNK11flatbuffers12_GLOBAL__N_116LuaBfbsGenerator25GenerateStructBuilderArgsEPKNS0_6ObjectENSt7__cxx1112basic_stringIcSt11char_traitsIcESaIcEEEEUlS3_E_E10_M_managerERSt9_Any_dataRKSJ_St18_Manager_operation
---------------- t _ZNSt17_Function_handlerIFvPKN10reflection5FieldEEZNK11flatbuffers12_GLOBAL__N_116LuaBfbsGenerator25GenerateStructBuilderArgsEPKNS0_6ObjectENSt7__cxx1112basic_stringIcSt11char_traitsIcESaIcEEEEUlS3_E_E9_M_invokeERKSt9_Any_dataOS3_
---------------- t _ZNSt17_Function_handlerIFvPKN10reflection5FieldEEZNK11flatbuffers12_GLOBAL__N_116NimBfbsGenerator23AppendStructBuilderBodyEPKNS0_6ObjectENSt7__cxx1112basic_stringIcSt11char_traitsIcESaIcEEEEUlS3_E_E10_M_managerERSt9_Any_dataRKSJ_St18_Manager_operation
---------------- t _ZNSt17_Function_handlerIFvPKN10reflection5FieldEEZNK11flatbuffers12_GLOBAL__N_116NimBfbsGenerator23AppendStructBuilderBodyEPKNS0_6ObjectENSt7__cxx1112basic_stringIcSt11char_traitsIcESaIcEEEEUlS3_E_E9_M_invokeERKSt9_Any_dataOS3_
---------------- t _ZNSt17_Function_handlerIFvPKN10reflection5FieldEEZNK11flatbuffers12_GLOBAL__N_116NimBfbsGenerator25GenerateStructBuilderArgsEPKNS0_6ObjectENSt7__cxx1112basic_stringIcSt11char_traitsIcESaIcEEEEUlS3_E_E10_M_managerERSt9_Any_dataRKSJ_St18_Manager_operation
---------------- t _ZNSt17_Function_handlerIFvPKN10reflection5FieldEEZNK11flatbuffers12_GLOBAL__N_116NimBfbsGenerator25GenerateStructBuilderArgsEPKNS0_6ObjectENSt7__cxx1112basic_stringIcSt11char_traitsIcESaIcEEEEUlS3_E_E9_M_invokeERKSt9_Any_dataOS3_
---------------- t _ZNSt17_Function_handlerIFvPKN10reflection5FieldEEZZN11flatbuffers12_GLOBAL__N_116LuaBfbsGenerator15GenerateObjectsEPKNS5_6VectorINS5_6OffsetINS0_6ObjectEEEjEEPKSA_ENKUlSG_E_clESG_EUlS3_E0_E10_M_managerERSt9_Any_dataRKSK_St18_Manager_operation
---------------- t _ZNSt17_Function_handlerIFvPKN10reflection5FieldEEZZN11flatbuffers12_GLOBAL__N_116LuaBfbsGenerator15GenerateObjectsEPKNS5_6VectorINS5_6OffsetINS0_6ObjectEEEjEEPKSA_ENKUlSG_E_clESG_EUlS3_E0_E9_M_invokeERKSt9_Any_dataOS3_
---------------- t _ZNSt17_Function_handlerIFvPKN10reflection5FieldEEZZN11flatbuffers12_GLOBAL__N_116LuaBfbsGenerator15GenerateObjectsEPKNS5_6VectorINS5_6OffsetINS0_6ObjectEEEjEEPKSA_ENKUlSG_E_clESG_EUlS3_E_E10_M_managerERSt9_Any_dataRKSK_St18_Manager_operation
---------------- t _ZNSt17_Function_handlerIFvPKN10reflection5FieldEEZZN11flatbuffers12_GLOBAL__N_116LuaBfbsGenerator15GenerateObjectsEPKNS5_6VectorINS5_6OffsetINS0_6ObjectEEEjEEPKSA_ENKUlSG_E_clESG_EUlS3_E_E9_M_invokeERKSt9_Any_dataOS3_
---------------- t _ZNSt17_Function_handlerIFvPKN10reflection6ObjectEEZN11flatbuffers12_GLOBAL__N_116LuaBfbsGenerator15GenerateObjectsEPKNS5_6VectorINS5_6OffsetIS1_EEjEES3_EUlS3_E_E10_M_managerERSt9_Any_dataRKSG_St18_Manager_operation
---------------- t _ZNSt17_Function_handlerIFvPKN10reflection6ObjectEEZN11flatbuffers12_GLOBAL__N_116LuaBfbsGenerator15GenerateObjectsEPKNS5_6VectorINS5_6OffsetIS1_EEjEES3_EUlS3_E_E9_M_invokeERKSt9_Any_dataOS3_
---------------- t _ZNSt17_Function_handlerIFvPKN10reflection6ObjectEEZN11flatbuffers12_GLOBAL__N_116NimBfbsGenerator18GenerateFromSchemaEPKNS0_6SchemaERKNS5_14CodeGenOptionsEEUlS3_E_E10_M_managerERSt9_Any_dataRKSG_St18_Manager_operation
---------------- t _ZNSt17_Function_handlerIFvPKN10reflection6ObjectEEZN11flatbuffers12_GLOBAL__N_116NimBfbsGenerator18GenerateFromSchemaEPKNS0_6SchemaERKNS5_14CodeGenOptionsEEUlS3_E_E9_M_invokeERKSt9_Any_dataOS3_
---------------- t _ZNSt17_Function_handlerIFvPKN10reflection7EnumValEEZN11flatbuffers12_GLOBAL__N_116NimBfbsGenerator12GenerateEnumEPKNS0_4EnumEEUlS3_E_E10_M_managerERSt9_Any_dataRKSD_St18_Manager_operation
---------------- t _ZNSt17_Function_handlerIFvPKN10reflection7EnumValEEZN11flatbuffers12_GLOBAL__N_116NimBfbsGenerator12GenerateEnumEPKNS0_4EnumEEUlS3_E_E9_M_invokeERKSt9_Any_dataOS3_
---------------- t _ZNSt17_Function_handlerIFvPKN10reflection7EnumValEEZZN11flatbuffers12_GLOBAL__N_116LuaBfbsGenerator13GenerateEnumsEPKNS5_6VectorINS5_6OffsetINS0_4EnumEEEjEEENKUlPKSA_E_clESG_EUlS3_E_E10_M_managerERSt9_Any_dataRKSK_St18_Manager_operation
---------------- t _ZNSt17_Function_handlerIFvPKN10reflection7EnumValEEZZN11flatbuffers12_GLOBAL__N_116LuaBfbsGenerator13GenerateEnumsEPKNS5_6VectorINS5_6OffsetINS0_4EnumEEEjEEENKUlPKSA_E_clESG_EUlS3_E_E9_M_invokeERKSt9_Any_dataOS3_
---------------- t _ZNSt17_Function_handlerIFvPKN11flatbuffers6StringEEZNKS0_12_GLOBAL__N_116LuaBfbsGenerator21GenerateDocumentationEPKNS0_6VectorINS0_6OffsetIS1_EEjEENSt7__cxx1112basic_stringIcSt11char_traitsIcESaIcEEERSI_EUlS3_E_E10_M_managerERSt9_Any_dataRKSM_St18_Manager_operation
---------------- t _ZNSt17_Function_handlerIFvPKN11flatbuffers6StringEEZNKS0_12_GLOBAL__N_116LuaBfbsGenerator21GenerateDocumentationEPKNS0_6VectorINS0_6OffsetIS1_EEjEENSt7__cxx1112basic_stringIcSt11char_traitsIcESaIcEEERSI_EUlS3_E_E9_M_invokeERKSt9_Any_dataOS3_
---------------- t _ZNSt17_Function_handlerIFvPKN11flatbuffers6StringEEZNKS0_12_GLOBAL__N_116NimBfbsGenerator21GenerateDocumentationEPKNS0_6VectorINS0_6OffsetIS1_EEjEENSt7__cxx1112basic_stringIcSt11char_traitsIcESaIcEEERSI_EUlS3_E_E10_M_managerERSt9_Any_dataRKSM_St18_Manager_operation
---------------- t _ZNSt17_Function_handlerIFvPKN11flatbuffers6StringEEZNKS0_12_GLOBAL__N_116NimBfbsGenerator21GenerateDocumentationEPKNS0_6VectorINS0_6OffsetIS1_EEjEENSt7__cxx1112basic_stringIcSt11char_traitsIcESaIcEEERSI_EUlS3_E_E9_M_invokeERKSt9_Any_dataOS3_
---------------- W _ZNSt17_Function_handlerIFvPKN11flatbuffers8FieldDefEEZNS0_3cpp12CppGenerator11GenBuildersERKNS0_9StructDefEEUlS3_E_E10_M_managerERSt9_Any_dataRKSC_St18_Manager_operation
---------------- W _ZNSt17_Function_handlerIFvPKN11flatbuffers8FieldDefEEZNS0_3cpp12CppGenerator11GenBuildersERKNS0_9StructDefEEUlS3_E_E9_M_invokeERKSt9_Any_dataOS3_
---------------- W _ZNSt17_Function_handlerIFvRKN11flatbuffers7EnumDefEEZNS0_4rust13RustGenerator23GenerateIndividualFilesEvEUlS3_E_E10_M_managerERSt9_Any_dataRKS9_St18_Manager_operation
---------------- W _ZNSt17_Function_handlerIFvRKN11flatbuffers7EnumDefEEZNS0_4rust13RustGenerator23GenerateIndividualFilesEvEUlS3_E_E9_M_invokeERKSt9_Any_dataS3_
---------------- W _ZNSt17_Function_handlerIFvRKN11flatbuffers7EnumValEEZNS0_4rust13RustGenerator16ForAllEnumValuesERKNS0_7EnumDefESt8functionIFvvEEEUlS3_E_E10_M_managerERSt9_Any_dataRKSF_St18_Manager_operation
---------------- W _ZNSt17_Function_handlerIFvRKN11flatbuffers7EnumValEEZNS0_4rust13RustGenerator16ForAllEnumValuesERKNS0_7EnumDefESt8functionIFvvEEEUlS3_E_E9_M_invokeERKSt9_Any_dataS3_
---------------- W _ZNSt17_Function_handlerIFvRKN11flatbuffers7EnumValEEZNS0_4rust13RustGenerator7GenEnumERKNS0_7EnumDefEEUlS3_E0_E10_M_managerERSt9_Any_dataRKSC_St18_Manager_operation
---------------- W _ZNSt17_Function_handlerIFvRKN11flatbuffers7EnumValEEZNS0_4rust13RustGenerator7GenEnumERKNS0_7EnumDefEEUlS3_E0_E9_M_invokeERKSt9_Any_dataS3_
---------------- W _ZNSt17_Function_handlerIFvRKN11flatbuffers7EnumValEEZNS0_4rust13RustGenerator7GenEnumERKNS0_7EnumDefEEUlS3_E1_E10_M_managerERSt9_Any_dataRKSC_St18_Manager_operation
---------------- W _ZNSt17_Function_handlerIFvRKN11flatbuffers7EnumValEEZNS0_4rust13RustGenerator7GenEnumERKNS0_7EnumDefEEUlS3_E1_E9_M_invokeERKSt9_Any_dataS3_
---------------- W _ZNSt17_Function_handlerIFvRKN11flatbuffers7EnumValEEZNS0_4rust13RustGenerator7GenEnumERKNS0_7EnumDefEEUlS3_E_E10_M_managerERSt9_Any_dataRKSC_St18_Manager_operation
---------------- W _ZNSt17_Function_handlerIFvRKN11flatbuffers7EnumValEEZNS0_4rust13RustGenerator7GenEnumERKNS0_7EnumDefEEUlS3_E_E9_M_invokeERKSt9_Any_dataS3_
---------------- W _ZNSt17_Function_handlerIFvRKN11flatbuffers7EnumValEEZZNS0_4rust13RustGenerator8GenTableERKNS0_9StructDefEENKUlRKNS0_8FieldDefEE11_clESC_EUlS3_E_E10_M_managerERSt9_Any_dataRKSG_St18_Manager_operation
---------------- W _ZNSt17_Function_handlerIFvRKN11flatbuffers7EnumValEEZZNS0_4rust13RustGenerator8GenTableERKNS0_9StructDefEENKUlRKNS0_8FieldDefEE11_clESC_EUlS3_E_E9_M_invokeERKSt9_Any_dataS3_
---------------- W _ZNSt17_Function_handlerIFvRKN11flatbuffers7EnumValEEZZNS0_4rust13RustGenerator8GenTableERKNS0_9StructDefEENKUlRKNS0_8FieldDefEE4_clESC_EUlS3_E_E10_M_managerERSt9_Any_dataRKSG_St18_Manager_operation
---------------- W _ZNSt17_Function_handlerIFvRKN11flatbuffers7EnumValEEZZNS0_4rust13RustGenerator8GenTableERKNS0_9StructDefEENKUlRKNS0_8FieldDefEE4_clESC_EUlS3_E_E9_M_invokeERKSt9_Any_dataS3_
---------------- W _ZNSt17_Function_handlerIFvRKN11flatbuffers7EnumValEEZZNS0_4rust13RustGenerator8GenTableERKNS0_9StructDefEENKUlRKNS0_8FieldDefEE5_clESC_EUlS3_E_E10_M_managerERSt9_Any_dataRKSG_St18_Manager_operation
---------------- W _ZNSt17_Function_handlerIFvRKN11flatbuffers7EnumValEEZZNS0_4rust13RustGenerator8GenTableERKNS0_9StructDefEENKUlRKNS0_8FieldDefEE5_clESC_EUlS3_E_E9_M_invokeERKSt9_Any_dataS3_
---------------- W _ZNSt17_Function_handlerIFvRKN11flatbuffers8FieldDefEEZNS0_4rust13RustGenerator14GenTableObjectERKNS0_9StructDefEEUlS3_E0_E10_M_managerERSt9_Any_dataRKSC_St18_Manager_operation
---------------- W _ZNSt17_Function_handlerIFvRKN11flatbuffers8FieldDefEEZNS0_4rust13RustGenerator14GenTableObjectERKNS0_9StructDefEEUlS3_E0_E9_M_invokeERKSt9_Any_dataS3_
---------------- W _ZNSt17_Function_handlerIFvRKN11flatbuffers8FieldDefEEZNS0_4rust13RustGenerator14GenTableObjectERKNS0_9StructDefEEUlS3_E1_E10_M_managerERSt9_Any_dataRKSC_St18_Manager_operation
---------------- W _ZNSt17_Function_handlerIFvRKN11flatbuffers8FieldDefEEZNS0_4rust13RustGenerator14GenTableObjectERKNS0_9StructDefEEUlS3_E1_E9_M_invokeERKSt9_Any_dataS3_
---------------- W _ZNSt17_Function_handlerIFvRKN11flatbuffers8FieldDefEEZNS0_4rust13RustGenerator14GenTableObjectERKNS0_9StructDefEEUlS3_E2_E10_M_managerERSt9_Any_dataRKSC_St18_Manager_operation
---------------- W _ZNSt17_Function_handlerIFvRKN11flatbuffers8FieldDefEEZNS0_4rust13RustGenerator14GenTableObjectERKNS0_9StructDefEEUlS3_E2_E9_M_invokeERKSt9_Any_dataS3_
---------------- W _ZNSt17_Function_handlerIFvRKN11flatbuffers8FieldDefEEZNS0_4rust13RustGenerator14GenTableObjectERKNS0_9StructDefEEUlS3_E_E10_M_managerERSt9_Any_dataRKSC_St18_Manager_operation
---------------- W _ZNSt17_Function_handlerIFvRKN11flatbuffers8FieldDefEEZNS0_4rust13RustGenerator14GenTableObjectERKNS0_9StructDefEEUlS3_E_E9_M_invokeERKSt9_Any_dataS3_
---------------- W _ZNSt17_Function_handlerIFvRKN11flatbuffers8FieldDefEEZNS0_4rust13RustGenerator8GenTableERKNS0_9StructDefEEUlS3_E0_E10_M_managerERSt9_Any_dataRKSC_St18_Manager_operation
---------------- W _ZNSt17_Function_handlerIFvRKN11flatbuffers8FieldDefEEZNS0_4rust13RustGenerator8GenTableERKNS0_9StructDefEEUlS3_E0_E9_M_invokeERKSt9_Any_dataS3_
---------------- W _ZNSt17_Function_handlerIFvRKN11flatbuffers8FieldDefEEZNS0_4rust13RustGenerator8GenTableERKNS0_9StructDefEEUlS3_E10_E10_M_managerERSt9_Any_dataRKSC_St18_Manager_operation
---------------- W _ZNSt17_Function_handlerIFvRKN11flatbuffers8FieldDefEEZNS0_4rust13RustGenerator8GenTableERKNS0_9StructDefEEUlS3_E10_E9_M_invokeERKSt9_Any_dataS3_
---------------- W _ZNSt17_Function_handlerIFvRKN11flatbuffers8FieldDefEEZNS0_4rust13RustGenerator8GenTableERKNS0_9StructDefEEUlS3_E11_E10_M_managerERSt9_Any_dataRKSC_St18_Manager_operation
---------------- W _ZNSt17_Function_handlerIFvRKN11flatbuffers8FieldDefEEZNS0_4rust13RustGenerator8GenTableERKNS0_9StructDefEEUlS3_E11_E9_M_invokeERKSt9_Any_dataS3_
---------------- W _ZNSt17_Function_handlerIFvRKN11flatbuffers8FieldDefEEZNS0_4rust13RustGenerator8GenTableERKNS0_9StructDefEEUlS3_E1_E10_M_managerERSt9_Any_dataRKSC_St18_Manager_operation
---------------- W _ZNSt17_Function_handlerIFvRKN11flatbuffers8FieldDefEEZNS0_4rust13RustGenerator8GenTableERKNS0_9StructDefEEUlS3_E1_E9_M_invokeERKSt9_Any_dataS3_
---------------- W _ZNSt17_Function_handlerIFvRKN11flatbuffers8FieldDefEEZNS0_4rust13RustGenerator8GenTableERKNS0_9StructDefEEUlS3_E2_E10_M_managerERSt9_Any_dataRKSC_St18_Manager_operation
---------------- W _ZNSt17_Function_handlerIFvRKN11flatbuffers8FieldDefEEZNS0_4rust13RustGenerator8GenTableERKNS0_9StructDefEEUlS3_E2_E9_M_invokeERKSt9_Any_dataS3_
---------------- W _ZNSt17_Function_handlerIFvRKN11flatbuffers8FieldDefEEZNS0_4rust13RustGenerator8GenTableERKNS0_9StructDefEEUlS3_E3_E10_M_managerERSt9_Any_dataRKSC_St18_Manager_operation
---------------- W _ZNSt17_Function_handlerIFvRKN11flatbuffers8FieldDefEEZNS0_4rust13RustGenerator8GenTableERKNS0_9StructDefEEUlS3_E3_E9_M_invokeERKSt9_Any_dataS3_
---------------- W _ZNSt17_Function_handlerIFvRKN11flatbuffers8FieldDefEEZNS0_4rust13RustGenerator8GenTableERKNS0_9StructDefEEUlS3_E4_E10_M_managerERSt9_Any_dataRKSC_St18_Manager_operation
---------------- W _ZNSt17_Function_handlerIFvRKN11flatbuffers8FieldDefEEZNS0_4rust13RustGenerator8GenTableERKNS0_9StructDefEEUlS3_E4_E9_M_invokeERKSt9_Any_dataS3_
---------------- W _ZNSt17_Function_handlerIFvRKN11flatbuffers8FieldDefEEZNS0_4rust13RustGenerator8GenTableERKNS0_9StructDefEEUlS3_E5_E10_M_managerERSt9_Any_dataRKSC_St18_Manager_operation
---------------- W _ZNSt17_Function_handlerIFvRKN11flatbuffers8FieldDefEEZNS0_4rust13RustGenerator8GenTableERKNS0_9StructDefEEUlS3_E5_E9_M_invokeERKSt9_Any_dataS3_
---------------- W _ZNSt17_Function_handlerIFvRKN11flatbuffers8FieldDefEEZNS0_4rust13RustGenerator8GenTableERKNS0_9StructDefEEUlS3_E6_E10_M_managerERSt9_Any_dataRKSC_St18_Manager_operation
---------------- W _ZNSt17_Function_handlerIFvRKN11flatbuffers8FieldDefEEZNS0_4rust13RustGenerator8GenTableERKNS0_9StructDefEEUlS3_E6_E9_M_invokeERKSt9_Any_dataS3_
---------------- W _ZNSt17_Function_handlerIFvRKN11flatbuffers8FieldDefEEZNS0_4rust13RustGenerator8GenTableERKNS0_9StructDefEEUlS3_E7_E10_M_managerERSt9_Any_dataRKSC_St18_Manager_operation
---------------- W _ZNSt17_Function_handlerIFvRKN11flatbuffers8FieldDefEEZNS0_4rust13RustGenerator8GenTableERKNS0_9StructDefEEUlS3_E7_E9_M_invokeERKSt9_Any_dataS3_
---------------- W _ZNSt17_Function_handlerIFvRKN11flatbuffers8FieldDefEEZNS0_4rust13RustGenerator8GenTableERKNS0_9StructDefEEUlS3_E8_E10_M_managerERSt9_Any_dataRKSC_St18_Manager_operation
---------------- W _ZNSt17_Function_handlerIFvRKN11flatbuffers8FieldDefEEZNS0_4rust13RustGenerator8GenTableERKNS0_9StructDefEEUlS3_E8_E9_M_invokeERKSt9_Any_dataS3_
---------------- W _ZNSt17_Function_handlerIFvRKN11flatbuffers8FieldDefEEZNS0_4rust13RustGenerator8GenTableERKNS0_9StructDefEEUlS3_E9_E10_M_managerERSt9_Any_dataRKSC_St18_Manager_operation
---------------- W _ZNSt17_Function_handlerIFvRKN11flatbuffers8FieldDefEEZNS0_4rust13RustGenerator8GenTableERKNS0_9StructDefEEUlS3_E9_E9_M_invokeERKSt9_Any_dataS3_
---------------- W _ZNSt17_Function_handlerIFvRKN11flatbuffers8FieldDefEEZNS0_4rust13RustGenerator8GenTableERKNS0_9StructDefEEUlS3_E_E10_M_managerERSt9_Any_dataRKSC_St18_Manager_operation
---------------- W _ZNSt17_Function_handlerIFvRKN11flatbuffers8FieldDefEEZNS0_4rust13RustGenerator8GenTableERKNS0_9StructDefEEUlS3_E_E9_M_invokeERKSt9_Any_dataS3_
---------------- W _ZNSt17_Function_handlerIFvRKN11flatbuffers8FieldDefEEZNS0_4rust13RustGenerator9GenStructERKNS0_9StructDefEEUlS3_E0_E10_M_managerERSt9_Any_dataRKSC_St18_Manager_operation
---------------- W _ZNSt17_Function_handlerIFvRKN11flatbuffers8FieldDefEEZNS0_4rust13RustGenerator9GenStructERKNS0_9StructDefEEUlS3_E0_E9_M_invokeERKSt9_Any_dataS3_
---------------- W _ZNSt17_Function_handlerIFvRKN11flatbuffers8FieldDefEEZNS0_4rust13RustGenerator9GenStructERKNS0_9StructDefEEUlS3_E1_E10_M_managerERSt9_Any_dataRKSC_St18_Manager_operation
---------------- W _ZNSt17_Function_handlerIFvRKN11flatbuffers8FieldDefEEZNS0_4rust13RustGenerator9GenStructERKNS0_9StructDefEEUlS3_E1_E9_M_invokeERKSt9_Any_dataS3_
---------------- W _ZNSt17_Function_handlerIFvRKN11flatbuffers8FieldDefEEZNS0_4rust13RustGenerator9GenStructERKNS0_9StructDefEEUlS3_E2_E10_M_managerERSt9_Any_dataRKSC_St18_Manager_operation
---------------- W _ZNSt17_Function_handlerIFvRKN11flatbuffers8FieldDefEEZNS0_4rust13RustGenerator9GenStructERKNS0_9StructDefEEUlS3_E2_E9_M_invokeERKSt9_Any_dataS3_
---------------- W _ZNSt17_Function_handlerIFvRKN11flatbuffers8FieldDefEEZNS0_4rust13RustGenerator9GenStructERKNS0_9StructDefEEUlS3_E3_E10_M_managerERSt9_Any_dataRKSC_St18_Manager_operation
---------------- W _ZNSt17_Function_handlerIFvRKN11flatbuffers8FieldDefEEZNS0_4rust13RustGenerator9GenStructERKNS0_9StructDefEEUlS3_E3_E9_M_invokeERKSt9_Any_dataS3_
---------------- W _ZNSt17_Function_handlerIFvRKN11flatbuffers8FieldDefEEZNS0_4rust13RustGenerator9GenStructERKNS0_9StructDefEEUlS3_E4_E10_M_managerERSt9_Any_dataRKSC_St18_Manager_operation
---------------- W _ZNSt17_Function_handlerIFvRKN11flatbuffers8FieldDefEEZNS0_4rust13RustGenerator9GenStructERKNS0_9StructDefEEUlS3_E4_E9_M_invokeERKSt9_Any_dataS3_
---------------- W _ZNSt17_Function_handlerIFvRKN11flatbuffers8FieldDefEEZNS0_4rust13RustGenerator9GenStructERKNS0_9StructDefEEUlS3_E5_E10_M_managerERSt9_Any_dataRKSC_St18_Manager_operation
---------------- W _ZNSt17_Function_handlerIFvRKN11flatbuffers8FieldDefEEZNS0_4rust13RustGenerator9GenStructERKNS0_9StructDefEEUlS3_E5_E9_M_invokeERKSt9_Any_dataS3_
---------------- W _ZNSt17_Function_handlerIFvRKN11flatbuffers8FieldDefEEZNS0_4rust13RustGenerator9GenStructERKNS0_9StructDefEEUlS3_E6_E10_M_managerERSt9_Any_dataRKSC_St18_Manager_operation
---------------- W _ZNSt17_Function_handlerIFvRKN11flatbuffers8FieldDefEEZNS0_4rust13RustGenerator9GenStructERKNS0_9StructDefEEUlS3_E6_E9_M_invokeERKSt9_Any_dataS3_
---------------- W _ZNSt17_Function_handlerIFvRKN11flatbuffers8FieldDefEEZNS0_4rust13RustGenerator9GenStructERKNS0_9StructDefEEUlS3_E7_E10_M_managerERSt9_Any_dataRKSC_St18_Manager_operation
---------------- W _ZNSt17_Function_handlerIFvRKN11flatbuffers8FieldDefEEZNS0_4rust13RustGenerator9GenStructERKNS0_9StructDefEEUlS3_E7_E9_M_invokeERKSt9_Any_dataS3_
---------------- W _ZNSt17_Function_handlerIFvRKN11flatbuffers8FieldDefEEZNS0_4rust13RustGenerator9GenStructERKNS0_9StructDefEEUlS3_E_E10_M_managerERSt9_Any_dataRKSC_St18_Manager_operation
---------------- W _ZNSt17_Function_handlerIFvRKN11flatbuffers8FieldDefEEZNS0_4rust13RustGenerator9GenStructERKNS0_9StructDefEEUlS3_E_E9_M_invokeERKSt9_Any_dataS3_
---------------- W _ZNSt17_Function_handlerIFvRKN11flatbuffers9StructDefEEZNS0_4rust13RustGenerator23GenerateIndividualFilesEvEUlS3_E_E10_M_managerERSt9_Any_dataRKS9_St18_Manager_operation
---------------- W _ZNSt17_Function_handlerIFvRKN11flatbuffers9StructDefEEZNS0_4rust13RustGenerator23GenerateIndividualFilesEvEUlS3_E_E9_M_invokeERKSt9_Any_dataS3_
---------------- W _ZNSt17_Function_handlerIFviPNSt7__cxx1112basic_stringIcSt11char_traitsIcESaIcEEEPiEPS8_E10_M_managerERSt9_Any_dataRKSB_St18_Manager_operation
---------------- W _ZNSt17_Function_handlerIFviPNSt7__cxx1112basic_stringIcSt11char_traitsIcESaIcEEEPiEPS8_E9_M_invokeERKSt9_Any_dataOiOS6_OS7_
---------------- W _ZNSt17_Function_handlerIFvvEZN11flatbuffers4rust13RustGenerator14GenUnionObjectERKNS1_7EnumDefEEUlvE0_E10_M_managerERSt9_Any_dataRKS9_St18_Manager_operation
---------------- W _ZNSt17_Function_handlerIFvvEZN11flatbuffers4rust13RustGenerator14GenUnionObjectERKNS1_7EnumDefEEUlvE0_E9_M_invokeERKSt9_Any_data
---------------- W _ZNSt17_Function_handlerIFvvEZN11flatbuffers4rust13RustGenerator14GenUnionObjectERKNS1_7EnumDefEEUlvE1_E10_M_managerERSt9_Any_dataRKS9_St18_Manager_operation
---------------- W _ZNSt17_Function_handlerIFvvEZN11flatbuffers4rust13RustGenerator14GenUnionObjectERKNS1_7EnumDefEEUlvE1_E9_M_invokeERKSt9_Any_data
---------------- W _ZNSt17_Function_handlerIFvvEZN11flatbuffers4rust13RustGenerator14GenUnionObjectERKNS1_7EnumDefEEUlvE2_E10_M_managerERSt9_Any_dataRKS9_St18_Manager_operation
---------------- W _ZNSt17_Function_handlerIFvvEZN11flatbuffers4rust13RustGenerator14GenUnionObjectERKNS1_7EnumDefEEUlvE2_E9_M_invokeERKSt9_Any_data
---------------- W _ZNSt17_Function_handlerIFvvEZN11flatbuffers4rust13RustGenerator14GenUnionObjectERKNS1_7EnumDefEEUlvE_E10_M_managerERSt9_Any_dataRKS9_St18_Manager_operation
---------------- W _ZNSt17_Function_handlerIFvvEZN11flatbuffers4rust13RustGenerator14GenUnionObjectERKNS1_7EnumDefEEUlvE_E9_M_invokeERKSt9_Any_data
---------------- W _ZNSt17_Function_handlerIFvvEZN11flatbuffers4rust13RustGenerator7GenEnumERKNS1_7EnumDefEEUlvE0_E10_M_managerERSt9_Any_dataRKS9_St18_Manager_operation
---------------- W _ZNSt17_Function_handlerIFvvEZN11flatbuffers4rust13RustGenerator7GenEnumERKNS1_7EnumDefEEUlvE0_E9_M_invokeERKSt9_Any_data
---------------- W _ZNSt17_Function_handlerIFvvEZN11flatbuffers4rust13RustGenerator7GenEnumERKNS1_7EnumDefEEUlvE_E10_M_managerERSt9_Any_dataRKS9_St18_Manager_operation
---------------- W _ZNSt17_Function_handlerIFvvEZN11flatbuffers4rust13RustGenerator7GenEnumERKNS1_7EnumDefEEUlvE_E9_M_invokeERKSt9_Any_data
---------------- W _ZNSt17_Function_handlerIFvvEZNK11flatbuffers6kotlin15KotlinGenerator16GenerateAddFieldENSt7__cxx1112basic_stringIcSt11char_traitsIcESaIcEEERNS1_8FieldDefERNS1_10CodeWriterENS1_10IDLOptionsEEUlvE_E10_M_managerERSt9_Any_dataRKSH_St18_Manager_operation
---------------- W _ZNSt17_Function_handlerIFvvEZNK11flatbuffers6kotlin15KotlinGenerator16GenerateAddFieldENSt7__cxx1112basic_stringIcSt11char_traitsIcESaIcEEERNS1_8FieldDefERNS1_10CodeWriterENS1_10IDLOptionsEEUlvE_E9_M_invokeERKSt9_Any_data
---------------- W _ZNSt17_Function_handlerIFvvEZNK11flatbuffers6kotlin15KotlinGenerator19GenerateLookupByKeyEPNS1_8FieldDefERNS1_9StructDefERNS1_10CodeWriterENS1_10IDLOptionsEEUlvE_E10_M_managerERSt9_Any_dataRKSD_St18_Manager_operation
---------------- W _ZNSt17_Function_handlerIFvvEZNK11flatbuffers6kotlin15KotlinGenerator19GenerateLookupByKeyEPNS1_8FieldDefERNS1_9StructDefERNS1_10CodeWriterENS1_10IDLOptionsEEUlvE_E9_M_invokeERKSt9_Any_data
---------------- W _ZNSt17_Function_handlerIFvvEZNK11flatbuffers6kotlin15KotlinGenerator20GenerateTableCreatorERNS1_9StructDefERNS1_10CodeWriterENS1_10IDLOptionsEEUlvE_E10_M_managerERSt9_Any_dataRKSB_St18_Manager_operation
---------------- W _ZNSt17_Function_handlerIFvvEZNK11flatbuffers6kotlin15KotlinGenerator20GenerateTableCreatorERNS1_9StructDefERNS1_10CodeWriterENS1_10IDLOptionsEEUlvE_E9_M_invokeERKSt9_Any_data
---------------- W _ZNSt17_Function_handlerIFvvEZNK11flatbuffers6kotlin15KotlinGenerator21GenerateStructGettersERNS1_9StructDefERNS1_10CodeWriterEEUlvE0_E10_M_managerERSt9_Any_dataRKSA_St18_Manager_operation
---------------- W _ZNSt17_Function_handlerIFvvEZNK11flatbuffers6kotlin15KotlinGenerator21GenerateStructGettersERNS1_9StructDefERNS1_10CodeWriterEEUlvE0_E9_M_invokeERKSt9_Any_data
---------------- W _ZNSt17_Function_handlerIFvvEZNK11flatbuffers6kotlin15KotlinGenerator21GenerateStructGettersERNS1_9StructDefERNS1_10CodeWriterEEUlvE10_E10_M_managerERSt9_Any_dataRKSA_St18_Manager_operation
---------------- W _ZNSt17_Function_handlerIFvvEZNK11flatbuffers6kotlin15KotlinGenerator21GenerateStructGettersERNS1_9StructDefERNS1_10CodeWriterEEUlvE10_E9_M_invokeERKSt9_Any_data
---------------- W _ZNSt17_Function_handlerIFvvEZNK11flatbuffers6kotlin15KotlinGenerator21GenerateStructGettersERNS1_9StructDefERNS1_10CodeWriterEEUlvE11_E10_M_managerERSt9_Any_dataRKSA_St18_Manager_operation
---------------- W _ZNSt17_Function_handlerIFvvEZNK11flatbuffers6kotlin15KotlinGenerator21GenerateStructGettersERNS1_9StructDefERNS1_10CodeWriterEEUlvE11_E9_M_invokeERKSt9_Any_data
---------------- W _ZNSt17_Function_handlerIFvvEZNK11flatbuffers6kotlin15KotlinGenerator21GenerateStructGettersERNS1_9StructDefERNS1_10CodeWriterEEUlvE12_E10_M_managerERSt9_Any_dataRKSA_St18_Manager_operation
---------------- W _ZNSt17_Function_handlerIFvvEZNK11flatbuffers6kotlin15KotlinGenerator21GenerateStructGettersERNS1_9StructDefERNS1_10CodeWriterEEUlvE12_E9_M_invokeERKSt9_Any_data
---------------- W _ZNSt17_Function_handlerIFvvEZNK11flatbuffers6kotlin15KotlinGenerator21GenerateStructGettersERNS1_9StructDefERNS1_10CodeWriterEEUlvE13_E10_M_managerERSt9_Any_dataRKSA_St18_Manager_operation
---------------- W _ZNSt17_Function_handlerIFvvEZNK11flatbuffers6kotlin15KotlinGenerator21GenerateStructGettersERNS1_9StructDefERNS1_10CodeWriterEEUlvE13_E9_M_invokeERKSt9_Any_data
---------------- W _ZNSt17_Function_handlerIFvvEZNK11flatbuffers6kotlin15KotlinGenerator21GenerateStructGettersERNS1_9StructDefERNS1_10CodeWriterEEUlvE14_E10_M_managerERSt9_Any_dataRKSA_St18_Manager_operation
---------------- W _ZNSt17_Function_handlerIFvvEZNK11flatbuffers6kotlin15KotlinGenerator21GenerateStructGettersERNS1_9StructDefERNS1_10CodeWriterEEUlvE14_E9_M_invokeERKSt9_Any_data
---------------- W _ZNSt17_Function_handlerIFvvEZNK11flatbuffers6kotlin15KotlinGenerator21GenerateStructGettersERNS1_9StructDefERNS1_10CodeWriterEEUlvE15_E10_M_managerERSt9_Any_dataRKSA_St18_Manager_operation
---------------- W _ZNSt17_Function_handlerIFvvEZNK11flatbuffers6kotlin15KotlinGenerator21GenerateStructGettersERNS1_9StructDefERNS1_10CodeWriterEEUlvE15_E9_M_invokeERKSt9_Any_data
---------------- W _ZNSt17_Function_handlerIFvvEZNK11flatbuffers6kotlin15KotlinGenerator21GenerateStructGettersERNS1_9StructDefERNS1_10CodeWriterEEUlvE16_E10_M_managerERSt9_Any_dataRKSA_St18_Manager_operation
---------------- W _ZNSt17_Function_handlerIFvvEZNK11flatbuffers6kotlin15KotlinGenerator21GenerateStructGettersERNS1_9StructDefERNS1_10CodeWriterEEUlvE16_E9_M_invokeERKSt9_Any_data
---------------- W _ZNSt17_Function_handlerIFvvEZNK11flatbuffers6kotlin15KotlinGenerator21GenerateStructGettersERNS1_9StructDefERNS1_10CodeWriterEEUlvE1_E10_M_managerERSt9_Any_dataRKSA_St18_Manager_operation
---------------- W _ZNSt17_Function_handlerIFvvEZNK11flatbuffers6kotlin15KotlinGenerator21GenerateStructGettersERNS1_9StructDefERNS1_10CodeWriterEEUlvE1_E9_M_invokeERKSt9_Any_data
---------------- W _ZNSt17_Function_handlerIFvvEZNK11flatbuffers6kotlin15KotlinGenerator21GenerateStructGettersERNS1_9StructDefERNS1_10CodeWriterEEUlvE2_E10_M_managerERSt9_Any_dataRKSA_St18_Manager_operation
---------------- W _ZNSt17_Function_handlerIFvvEZNK11flatbuffers6kotlin15KotlinGenerator21GenerateStructGettersERNS1_9StructDefERNS1_10CodeWriterEEUlvE2_E9_M_invokeERKSt9_Any_data
---------------- W _ZNSt17_Function_handlerIFvvEZNK11flatbuffers6kotlin15KotlinGenerator21GenerateStructGettersERNS1_9StructDefERNS1_10CodeWriterEEUlvE3_E10_M_managerERSt9_Any_dataRKSA_St18_Manager_operation
---------------- W _ZNSt17_Function_handlerIFvvEZNK11flatbuffers6kotlin15KotlinGenerator21GenerateStructGettersERNS1_9StructDefERNS1_10CodeWriterEEUlvE3_E9_M_invokeERKSt9_Any_data
---------------- W _ZNSt17_Function_handlerIFvvEZNK11flatbuffers6kotlin15KotlinGenerator21GenerateStructGettersERNS1_9StructDefERNS1_10CodeWriterEEUlvE4_E10_M_managerERSt9_Any_dataRKSA_St18_Manager_operation
---------------- W _ZNSt17_Function_handlerIFvvEZNK11flatbuffers6kotlin15KotlinGenerator21GenerateStructGettersERNS1_9StructDefERNS1_10CodeWriterEEUlvE4_E9_M_invokeERKSt9_Any_data
---------------- W _ZNSt17_Function_handlerIFvvEZNK11flatbuffers6kotlin15KotlinGenerator21GenerateStructGettersERNS1_9StructDefERNS1_10CodeWriterEEUlvE5_E10_M_managerERSt9_Any_dataRKSA_St18_Manager_operation
---------------- W _ZNSt17_Function_handlerIFvvEZNK11flatbuffers6kotlin15KotlinGenerator21GenerateStructGettersERNS1_9StructDefERNS1_10CodeWriterEEUlvE5_E9_M_invokeERKSt9_Any_data
---------------- W _ZNSt17_Function_handlerIFvvEZNK11flatbuffers6kotlin15KotlinGenerator21GenerateStructGettersERNS1_9StructDefERNS1_10CodeWriterEEUlvE6_E10_M_managerERSt9_Any_dataRKSA_St18_Manager_operation
---------------- W _ZNSt17_Function_handlerIFvvEZNK11flatbuffers6kotlin15KotlinGenerator21GenerateStructGettersERNS1_9StructDefERNS1_10CodeWriterEEUlvE6_E9_M_invokeERKSt9_Any_data
---------------- W _ZNSt17_Function_handlerIFvvEZNK11flatbuffers6kotlin15KotlinGenerator21GenerateStructGettersERNS1_9StructDefERNS1_10CodeWriterEEUlvE7_E10_M_managerERSt9_Any_dataRKSA_St18_Manager_operation
---------------- W _ZNSt17_Function_handlerIFvvEZNK11flatbuffers6kotlin15KotlinGenerator21GenerateStructGettersERNS1_9StructDefERNS1_10CodeWriterEEUlvE7_E9_M_invokeERKSt9_Any_data
---------------- W _ZNSt17_Function_handlerIFvvEZNK11flatbuffers6kotlin15KotlinGenerator21GenerateStructGettersERNS1_9StructDefERNS1_10CodeWriterEEUlvE8_E10_M_managerERSt9_Any_dataRKSA_St18_Manager_operation
---------------- W _ZNSt17_Function_handlerIFvvEZNK11flatbuffers6kotlin15KotlinGenerator21GenerateStructGettersERNS1_9StructDefERNS1_10CodeWriterEEUlvE8_E9_M_invokeERKSt9_Any_data
---------------- W _ZNSt17_Function_handlerIFvvEZNK11flatbuffers6kotlin15KotlinGenerator21GenerateStructGettersERNS1_9StructDefERNS1_10CodeWriterEEUlvE9_E10_M_managerERSt9_Any_dataRKSA_St18_Manager_operation
---------------- W _ZNSt17_Function_handlerIFvvEZNK11flatbuffers6kotlin15KotlinGenerator21GenerateStructGettersERNS1_9StructDefERNS1_10CodeWriterEEUlvE9_E9_M_invokeERKSt9_Any_data
---------------- W _ZNSt17_Function_handlerIFvvEZNK11flatbuffers6kotlin15KotlinGenerator21GenerateStructGettersERNS1_9StructDefERNS1_10CodeWriterEEUlvE_E10_M_managerERSt9_Any_dataRKSA_St18_Manager_operation
---------------- W _ZNSt17_Function_handlerIFvvEZNK11flatbuffers6kotlin15KotlinGenerator21GenerateStructGettersERNS1_9StructDefERNS1_10CodeWriterEEUlvE_E9_M_invokeERKSt9_Any_data
---------------- W _ZNSt17_Function_handlerIFvvEZNK11flatbuffers6kotlin15KotlinGenerator23GenerateEndStructMethodERNS1_9StructDefERNS1_10CodeWriterENS1_10IDLOptionsEEUlvE_E10_M_managerERSt9_Any_dataRKSB_St18_Manager_operation
---------------- W _ZNSt17_Function_handlerIFvvEZNK11flatbuffers6kotlin15KotlinGenerator23GenerateEndStructMethodERNS1_9StructDefERNS1_10CodeWriterENS1_10IDLOptionsEEUlvE_E9_M_invokeERKSt9_Any_data
---------------- W _ZNSt17_Function_handlerIFvvEZNK11flatbuffers6kotlin15KotlinGenerator24GenerateStartVectorFieldERNS1_8FieldDefERNS1_10CodeWriterENS1_10IDLOptionsEEUlvE_E10_M_managerERSt9_Any_dataRKSB_St18_Manager_operation
---------------- W _ZNSt17_Function_handlerIFvvEZNK11flatbuffers6kotlin15KotlinGenerator24GenerateStartVectorFieldERNS1_8FieldDefERNS1_10CodeWriterENS1_10IDLOptionsEEUlvE_E9_M_invokeERKSt9_Any_data
---------------- W _ZNSt17_Function_handlerIFvvEZNK11flatbuffers6kotlin15KotlinGenerator25GenerateCreateVectorFieldERNS1_8FieldDefERNS1_10CodeWriterENS1_10IDLOptionsEEUlvE_E10_M_managerERSt9_Any_dataRKSB_St18_Manager_operation
---------------- W _ZNSt17_Function_handlerIFvvEZNK11flatbuffers6kotlin15KotlinGenerator25GenerateCreateVectorFieldERNS1_8FieldDefERNS1_10CodeWriterENS1_10IDLOptionsEEUlvE_E9_M_invokeERKSt9_Any_data
---------------- W _ZNSt17_Function_handlerIFvvEZNK11flatbuffers6kotlin15KotlinGenerator25GenerateStartStructMethodERNS1_9StructDefERNS1_10CodeWriterENS1_10IDLOptionsEEUlvE_E10_M_managerERSt9_Any_dataRKSB_St18_Manager_operation
---------------- W _ZNSt17_Function_handlerIFvvEZNK11flatbuffers6kotlin15KotlinGenerator25GenerateStartStructMethodERNS1_9StructDefERNS1_10CodeWriterENS1_10IDLOptionsEEUlvE_E9_M_invokeERKSt9_Any_data
---------------- W _ZNSt17_Function_handlerIFvvEZNK11flatbuffers6kotlin15KotlinGenerator25GenerateStaticConstructorERKNS1_9StructDefERNS1_10CodeWriterENS1_10IDLOptionsEEUlvE_E10_M_managerERSt9_Any_dataRKSC_St18_Manager_operation
---------------- W _ZNSt17_Function_handlerIFvvEZNK11flatbuffers6kotlin15KotlinGenerator25GenerateStaticConstructorERKNS1_9StructDefERNS1_10CodeWriterENS1_10IDLOptionsEEUlvE_E9_M_invokeERKSt9_Any_data
---------------- W _ZNSt17_Function_handlerIFvvEZNK11flatbuffers6kotlin15KotlinGenerator26GenerateFinishSizePrefixedERNS1_9StructDefERKNSt7__cxx1112basic_stringIcSt11char_traitsIcESaIcEEERNS1_10CodeWriterENS1_10IDLOptionsEEUlvE_E10_M_managerERSt9_Any_dataRKSJ_St18_Manager_operation
---------------- W _ZNSt17_Function_handlerIFvvEZNK11flatbuffers6kotlin15KotlinGenerator26GenerateFinishSizePrefixedERNS1_9StructDefERKNSt7__cxx1112basic_stringIcSt11char_traitsIcESaIcEEERNS1_10CodeWriterENS1_10IDLOptionsEEUlvE_E9_M_invokeERKSt9_Any_data
---------------- W _ZNSt17_Function_handlerIFvvEZNK11flatbuffers6kotlin15KotlinGenerator26GenerateFinishStructBufferERNS1_9StructDefERKNSt7__cxx1112basic_stringIcSt11char_traitsIcESaIcEEERNS1_10CodeWriterENS1_10IDLOptionsEEUlvE_E10_M_managerERSt9_Any_dataRKSJ_St18_Manager_operation
---------------- W _ZNSt17_Function_handlerIFvvEZNK11flatbuffers6kotlin15KotlinGenerator26GenerateFinishStructBufferERNS1_9StructDefERKNSt7__cxx1112basic_stringIcSt11char_traitsIcESaIcEEERNS1_10CodeWriterENS1_10IDLOptionsEEUlvE_E9_M_invokeERKSt9_Any_data
---------------- W _ZNSt17_Function_handlerIFvvEZNK11flatbuffers6kotlin15KotlinGenerator27GenerateBufferHasIdentifierERNS1_9StructDefERNS1_10CodeWriterENS1_10IDLOptionsEEUlvE_E10_M_managerERSt9_Any_dataRKSB_St18_Manager_operation
---------------- W _ZNSt17_Function_handlerIFvvEZNK11flatbuffers6kotlin15KotlinGenerator27GenerateBufferHasIdentifierERNS1_9StructDefERNS1_10CodeWriterENS1_10IDLOptionsEEUlvE_E9_M_invokeERKSt9_Any_data
---------------- W _ZNSt17_Function_handlerIFvvEZNK11flatbuffers6kotlin15KotlinGenerator7GenEnumERNS1_7EnumDefERNS1_10CodeWriterEEUlvE_E10_M_managerERSt9_Any_dataRKSA_St18_Manager_operation
---------------- W _ZNSt17_Function_handlerIFvvEZNK11flatbuffers6kotlin15KotlinGenerator7GenEnumERNS1_7EnumDefERNS1_10CodeWriterEEUlvE_E9_M_invokeERKSt9_Any_data
---------------- W _ZNSt17_Function_handlerIFvvEZNK11flatbuffers6kotlin15KotlinGenerator9GenStructERNS1_9StructDefERNS1_10CodeWriterENS1_10IDLOptionsEEUlvE0_E10_M_managerERSt9_Any_dataRKSB_St18_Manager_operation
---------------- W _ZNSt17_Function_handlerIFvvEZNK11flatbuffers6kotlin15KotlinGenerator9GenStructERNS1_9StructDefERNS1_10CodeWriterENS1_10IDLOptionsEEUlvE0_E9_M_invokeERKSt9_Any_data
---------------- W _ZNSt17_Function_handlerIFvvEZNK11flatbuffers6kotlin15KotlinGenerator9GenStructERNS1_9StructDefERNS1_10CodeWriterENS1_10IDLOptionsEEUlvE1_E10_M_managerERSt9_Any_dataRKSB_St18_Manager_operation
---------------- W _ZNSt17_Function_handlerIFvvEZNK11flatbuffers6kotlin15KotlinGenerator9GenStructERNS1_9StructDefERNS1_10CodeWriterENS1_10IDLOptionsEEUlvE1_E9_M_invokeERKSt9_Any_data
---------------- W _ZNSt17_Function_handlerIFvvEZNK11flatbuffers6kotlin15KotlinGenerator9GenStructERNS1_9StructDefERNS1_10CodeWriterENS1_10IDLOptionsEEUlvE_E10_M_managerERSt9_Any_dataRKSB_St18_Manager_operation
---------------- W _ZNSt17_Function_handlerIFvvEZNK11flatbuffers6kotlin15KotlinGenerator9GenStructERNS1_9StructDefERNS1_10CodeWriterENS1_10IDLOptionsEEUlvE_E9_M_invokeERKSt9_Any_data
---------------- W _ZNSt17_Function_handlerIFvvEZNK11flatbuffers6kotlin18KotlinKMPGenerator16GenerateAddFieldENSt7__cxx1112basic_stringIcSt11char_traitsIcESaIcEEERNS1_8FieldDefERNS1_10CodeWriterENS1_10IDLOptionsEEUlvE_E10_M_managerERSt9_Any_dataRKSH_St18_Manager_operation
---------------- W _ZNSt17_Function_handlerIFvvEZNK11flatbuffers6kotlin18KotlinKMPGenerator16GenerateAddFieldENSt7__cxx1112basic_stringIcSt11char_traitsIcESaIcEEERNS1_8FieldDefERNS1_10CodeWriterENS1_10IDLOptionsEEUlvE_E9_M_invokeERKSt9_Any_data
---------------- W _ZNSt17_Function_handlerIFvvEZNK11flatbuffers6kotlin18KotlinKMPGenerator19GenerateLookupByKeyEPNS1_8FieldDefERNS1_9StructDefERNS1_10CodeWriterENS1_10IDLOptionsEEUlvE_E10_M_managerERSt9_Any_dataRKSD_St18_Manager_operation
---------------- W _ZNSt17_Function_handlerIFvvEZNK11flatbuffers6kotlin18KotlinKMPGenerator19GenerateLookupByKeyEPNS1_8FieldDefERNS1_9StructDefERNS1_10CodeWriterENS1_10IDLOptionsEEUlvE_E9_M_invokeERKSt9_Any_data
---------------- W _ZNSt17_Function_handlerIFvvEZNK11flatbuffers6kotlin18KotlinKMPGenerator20GenerateTableCreatorERNS1_9StructDefERNS1_10CodeWriterENS1_10IDLOptionsEEUlvE_E10_M_managerERSt9_Any_dataRKSB_St18_Manager_operation
---------------- W _ZNSt17_Function_handlerIFvvEZNK11flatbuffers6kotlin18KotlinKMPGenerator20GenerateTableCreatorERNS1_9StructDefERNS1_10CodeWriterENS1_10IDLOptionsEEUlvE_E9_M_invokeERKSt9_Any_data
---------------- W _ZNSt17_Function_handlerIFvvEZNK11flatbuffers6kotlin18KotlinKMPGenerator21GenerateStructGettersERNS1_9StructDefERNS1_10CodeWriterEEUlvE0_E10_M_managerERSt9_Any_dataRKSA_St18_Manager_operation
---------------- W _ZNSt17_Function_handlerIFvvEZNK11flatbuffers6kotlin18KotlinKMPGenerator21GenerateStructGettersERNS1_9StructDefERNS1_10CodeWriterEEUlvE0_E9_M_invokeERKSt9_Any_data
---------------- W _ZNSt17_Function_handlerIFvvEZNK11flatbuffers6kotlin18KotlinKMPGenerator21GenerateStructGettersERNS1_9StructDefERNS1_10CodeWriterEEUlvE10_E10_M_managerERSt9_Any_dataRKSA_St18_Manager_operation
---------------- W _ZNSt17_Function_handlerIFvvEZNK11flatbuffers6kotlin18KotlinKMPGenerator21GenerateStructGettersERNS1_9StructDefERNS1_10CodeWriterEEUlvE10_E9_M_invokeERKSt9_Any_data
---------------- W _ZNSt17_Function_handlerIFvvEZNK11flatbuffers6kotlin18KotlinKMPGenerator21GenerateStructGettersERNS1_9StructDefERNS1_10CodeWriterEEUlvE11_E10_M_managerERSt9_Any_dataRKSA_St18_Manager_operation
---------------- W _ZNSt17_Function_handlerIFvvEZNK11flatbuffers6kotlin18KotlinKMPGenerator21GenerateStructGettersERNS1_9StructDefERNS1_10CodeWriterEEUlvE11_E9_M_invokeERKSt9_Any_data
---------------- W _ZNSt17_Function_handlerIFvvEZNK11flatbuffers6kotlin18KotlinKMPGenerator21GenerateStructGettersERNS1_9StructDefERNS1_10CodeWriterEEUlvE12_E10_M_managerERSt9_Any_dataRKSA_St18_Manager_operation
---------------- W _ZNSt17_Function_handlerIFvvEZNK11flatbuffers6kotlin18KotlinKMPGenerator21GenerateStructGettersERNS1_9StructDefERNS1_10CodeWriterEEUlvE12_E9_M_invokeERKSt9_Any_data
---------------- W _ZNSt17_Function_handlerIFvvEZNK11flatbuffers6kotlin18KotlinKMPGenerator21GenerateStructGettersERNS1_9StructDefERNS1_10CodeWriterEEUlvE13_E10_M_managerERSt9_Any_dataRKSA_St18_Manager_operation
---------------- W _ZNSt17_Function_handlerIFvvEZNK11flatbuffers6kotlin18KotlinKMPGenerator21GenerateStructGettersERNS1_9StructDefERNS1_10CodeWriterEEUlvE13_E9_M_invokeERKSt9_Any_data
---------------- W _ZNSt17_Function_handlerIFvvEZNK11flatbuffers6kotlin18KotlinKMPGenerator21GenerateStructGettersERNS1_9StructDefERNS1_10CodeWriterEEUlvE14_E10_M_managerERSt9_Any_dataRKSA_St18_Manager_operation
---------------- W _ZNSt17_Function_handlerIFvvEZNK11flatbuffers6kotlin18KotlinKMPGenerator21GenerateStructGettersERNS1_9StructDefERNS1_10CodeWriterEEUlvE14_E9_M_invokeERKSt9_Any_data
---------------- W _ZNSt17_Function_handlerIFvvEZNK11flatbuffers6kotlin18KotlinKMPGenerator21GenerateStructGettersERNS1_9StructDefERNS1_10CodeWriterEEUlvE1_E10_M_managerERSt9_Any_dataRKSA_St18_Manager_operation
---------------- W _ZNSt17_Function_handlerIFvvEZNK11flatbuffers6kotlin18KotlinKMPGenerator21GenerateStructGettersERNS1_9StructDefERNS1_10CodeWriterEEUlvE1_E9_M_invokeERKSt9_Any_data
---------------- W _ZNSt17_Function_handlerIFvvEZNK11flatbuffers6kotlin18KotlinKMPGenerator21GenerateStructGettersERNS1_9StructDefERNS1_10CodeWriterEEUlvE2_E10_M_managerERSt9_Any_dataRKSA_St18_Manager_operation
---------------- W _ZNSt17_Function_handlerIFvvEZNK11flatbuffers6kotlin18KotlinKMPGenerator21GenerateStructGettersERNS1_9StructDefERNS1_10CodeWriterEEUlvE2_E9_M_invokeERKSt9_Any_data
---------------- W _ZNSt17_Function_handlerIFvvEZNK11flatbuffers6kotlin18KotlinKMPGenerator21GenerateStructGettersERNS1_9StructDefERNS1_10CodeWriterEEUlvE3_E10_M_managerERSt9_Any_dataRKSA_St18_Manager_operation
---------------- W _ZNSt17_Function_handlerIFvvEZNK11flatbuffers6kotlin18KotlinKMPGenerator21GenerateStructGettersERNS1_9StructDefERNS1_10CodeWriterEEUlvE3_E9_M_invokeERKSt9_Any_data
---------------- W _ZNSt17_Function_handlerIFvvEZNK11flatbuffers6kotlin18KotlinKMPGenerator21GenerateStructGettersERNS1_9StructDefERNS1_10CodeWriterEEUlvE4_E10_M_managerERSt9_Any_dataRKSA_St18_Manager_operation
---------------- W _ZNSt17_Function_handlerIFvvEZNK11flatbuffers6kotlin18KotlinKMPGenerator21GenerateStructGettersERNS1_9StructDefERNS1_10CodeWriterEEUlvE4_E9_M_invokeERKSt9_Any_data
---------------- W _ZNSt17_Function_handlerIFvvEZNK11flatbuffers6kotlin18KotlinKMPGenerator21GenerateStructGettersERNS1_9StructDefERNS1_10CodeWriterEEUlvE5_E10_M_managerERSt9_Any_dataRKSA_St18_Manager_operation
---------------- W _ZNSt17_Function_handlerIFvvEZNK11flatbuffers6kotlin18KotlinKMPGenerator21GenerateStructGettersERNS1_9StructDefERNS1_10CodeWriterEEUlvE5_E9_M_invokeERKSt9_Any_data
---------------- W _ZNSt17_Function_handlerIFvvEZNK11flatbuffers6kotlin18KotlinKMPGenerator21GenerateStructGettersERNS1_9StructDefERNS1_10CodeWriterEEUlvE6_E10_M_managerERSt9_Any_dataRKSA_St18_Manager_operation
---------------- W _ZNSt17_Function_handlerIFvvEZNK11flatbuffers6kotlin18KotlinKMPGenerator21GenerateStructGettersERNS1_9StructDefERNS1_10CodeWriterEEUlvE6_E9_M_invokeERKSt9_Any_data
---------------- W _ZNSt17_Function_handlerIFvvEZNK11flatbuffers6kotlin18KotlinKMPGenerator21GenerateStructGettersERNS1_9StructDefERNS1_10CodeWriterEEUlvE7_E10_M_managerERSt9_Any_dataRKSA_St18_Manager_operation
---------------- W _ZNSt17_Function_handlerIFvvEZNK11flatbuffers6kotlin18KotlinKMPGenerator21GenerateStructGettersERNS1_9StructDefERNS1_10CodeWriterEEUlvE7_E9_M_invokeERKSt9_Any_data
---------------- W _ZNSt17_Function_handlerIFvvEZNK11flatbuffers6kotlin18KotlinKMPGenerator21GenerateStructGettersERNS1_9StructDefERNS1_10CodeWriterEEUlvE8_E10_M_managerERSt9_Any_dataRKSA_St18_Manager_operation
---------------- W _ZNSt17_Function_handlerIFvvEZNK11flatbuffers6kotlin18KotlinKMPGenerator21GenerateStructGettersERNS1_9StructDefERNS1_10CodeWriterEEUlvE8_E9_M_invokeERKSt9_Any_data
---------------- W _ZNSt17_Function_handlerIFvvEZNK11flatbuffers6kotlin18KotlinKMPGenerator21GenerateStructGettersERNS1_9StructDefERNS1_10CodeWriterEEUlvE9_E10_M_managerERSt9_Any_dataRKSA_St18_Manager_operation
---------------- W _ZNSt17_Function_handlerIFvvEZNK11flatbuffers6kotlin18KotlinKMPGenerator21GenerateStructGettersERNS1_9StructDefERNS1_10CodeWriterEEUlvE9_E9_M_invokeERKSt9_Any_data
---------------- W _ZNSt17_Function_handlerIFvvEZNK11flatbuffers6kotlin18KotlinKMPGenerator21GenerateStructGettersERNS1_9StructDefERNS1_10CodeWriterEEUlvE_E10_M_managerERSt9_Any_dataRKSA_St18_Manager_operation
---------------- W _ZNSt17_Function_handlerIFvvEZNK11flatbuffers6kotlin18KotlinKMPGenerator21GenerateStructGettersERNS1_9StructDefERNS1_10CodeWriterEEUlvE_E9_M_invokeERKSt9_Any_data
---------------- W _ZNSt17_Function_handlerIFvvEZNK11flatbuffers6kotlin18KotlinKMPGenerator23GenerateEndStructMethodERNS1_9StructDefERNS1_10CodeWriterENS1_10IDLOptionsEEUlvE_E10_M_managerERSt9_Any_dataRKSB_St18_Manager_operation
---------------- W _ZNSt17_Function_handlerIFvvEZNK11flatbuffers6kotlin18KotlinKMPGenerator23GenerateEndStructMethodERNS1_9StructDefERNS1_10CodeWriterENS1_10IDLOptionsEEUlvE_E9_M_invokeERKSt9_Any_data
---------------- W _ZNSt17_Function_handlerIFvvEZNK11flatbuffers6kotlin18KotlinKMPGenerator24GenerateStartVectorFieldERNS1_8FieldDefERNS1_10CodeWriterENS1_10IDLOptionsEEUlvE_E10_M_managerERSt9_Any_dataRKSB_St18_Manager_operation
---------------- W _ZNSt17_Function_handlerIFvvEZNK11flatbuffers6kotlin18KotlinKMPGenerator24GenerateStartVectorFieldERNS1_8FieldDefERNS1_10CodeWriterENS1_10IDLOptionsEEUlvE_E9_M_invokeERKSt9_Any_data
---------------- W _ZNSt17_Function_handlerIFvvEZNK11flatbuffers6kotlin18KotlinKMPGenerator25GenerateCreateVectorFieldERNS1_8FieldDefERNS1_10CodeWriterENS1_10IDLOptionsEEUlvE_E10_M_managerERSt9_Any_dataRKSB_St18_Manager_operation
---------------- W _ZNSt17_Function_handlerIFvvEZNK11flatbuffers6kotlin18KotlinKMPGenerator25GenerateCreateVectorFieldERNS1_8FieldDefERNS1_10CodeWriterENS1_10IDLOptionsEEUlvE_E9_M_invokeERKSt9_Any_data
---------------- W _ZNSt17_Function_handlerIFvvEZNK11flatbuffers6kotlin18KotlinKMPGenerator25GenerateStartStructMethodERNS1_9StructDefERNS1_10CodeWriterENS1_10IDLOptionsEEUlvE_E10_M_managerERSt9_Any_dataRKSB_St18_Manager_operation
---------------- W _ZNSt17_Function_handlerIFvvEZNK11flatbuffers6kotlin18KotlinKMPGenerator25GenerateStartStructMethodERNS1_9StructDefERNS1_10CodeWriterENS1_10IDLOptionsEEUlvE_E9_M_invokeERKSt9_Any_data
---------------- W _ZNSt17_Function_handlerIFvvEZNK11flatbuffers6kotlin18KotlinKMPGenerator25GenerateStaticConstructorERKNS1_9StructDefERNS1_10CodeWriterENS1_10IDLOptionsEEUlvE_E10_M_managerERSt9_Any_dataRKSC_St18_Manager_operation
---------------- W _ZNSt17_Function_handlerIFvvEZNK11flatbuffers6kotlin18KotlinKMPGenerator25GenerateStaticConstructorERKNS1_9StructDefERNS1_10CodeWriterENS1_10IDLOptionsEEUlvE_E9_M_invokeERKSt9_Any_data
---------------- W _ZNSt17_Function_handlerIFvvEZNK11flatbuffers6kotlin18KotlinKMPGenerator26GenerateFinishSizePrefixedERNS1_9StructDefERKNSt7__cxx1112basic_stringIcSt11char_traitsIcESaIcEEERNS1_10CodeWriterENS1_10IDLOptionsEEUlvE_E10_M_managerERSt9_Any_dataRKSJ_St18_Manager_operation
---------------- W _ZNSt17_Function_handlerIFvvEZNK11flatbuffers6kotlin18KotlinKMPGenerator26GenerateFinishSizePrefixedERNS1_9StructDefERKNSt7__cxx1112basic_stringIcSt11char_traitsIcESaIcEEERNS1_10CodeWriterENS1_10IDLOptionsEEUlvE_E9_M_invokeERKSt9_Any_data
---------------- W _ZNSt17_Function_handlerIFvvEZNK11flatbuffers6kotlin18KotlinKMPGenerator26GenerateFinishStructBufferERNS1_9StructDefERKNSt7__cxx1112basic_stringIcSt11char_traitsIcESaIcEEERNS1_10CodeWriterENS1_10IDLOptionsEEUlvE_E10_M_managerERSt9_Any_dataRKSJ_St18_Manager_operation
---------------- W _ZNSt17_Function_handlerIFvvEZNK11flatbuffers6kotlin18KotlinKMPGenerator26GenerateFinishStructBufferERNS1_9StructDefERKNSt7__cxx1112basic_stringIcSt11char_traitsIcESaIcEEERNS1_10CodeWriterENS1_10IDLOptionsEEUlvE_E9_M_invokeERKSt9_Any_data
---------------- W _ZNSt17_Function_handlerIFvvEZNK11flatbuffers6kotlin18KotlinKMPGenerator26GenerateGetRootAsAccessorsERKNSt7__cxx1112basic_stringIcSt11char_traitsIcESaIcEEERNS1_10CodeWriterENS1_10IDLOptionsEEUlvE0_E10_M_managerERSt9_Any_dataRKSH_St18_Manager_operation
---------------- W _ZNSt17_Function_handlerIFvvEZNK11flatbuffers6kotlin18KotlinKMPGenerator26GenerateGetRootAsAccessorsERKNSt7__cxx1112basic_stringIcSt11char_traitsIcESaIcEEERNS1_10CodeWriterENS1_10IDLOptionsEEUlvE0_E9_M_invokeERKSt9_Any_data
---------------- W _ZNSt17_Function_handlerIFvvEZNK11flatbuffers6kotlin18KotlinKMPGenerator26GenerateGetRootAsAccessorsERKNSt7__cxx1112basic_stringIcSt11char_traitsIcESaIcEEERNS1_10CodeWriterENS1_10IDLOptionsEEUlvE_E10_M_managerERSt9_Any_dataRKSH_St18_Manager_operation
---------------- W _ZNSt17_Function_handlerIFvvEZNK11flatbuffers6kotlin18KotlinKMPGenerator26GenerateGetRootAsAccessorsERKNSt7__cxx1112basic_stringIcSt11char_traitsIcESaIcEEERNS1_10CodeWriterENS1_10IDLOptionsEEUlvE_E9_M_invokeERKSt9_Any_data
---------------- W _ZNSt17_Function_handlerIFvvEZNK11flatbuffers6kotlin18KotlinKMPGenerator27GenerateBufferHasIdentifierERNS1_9StructDefERNS1_10CodeWriterENS1_10IDLOptionsEEUlvE_E10_M_managerERSt9_Any_dataRKSB_St18_Manager_operation
---------------- W _ZNSt17_Function_handlerIFvvEZNK11flatbuffers6kotlin18KotlinKMPGenerator27GenerateBufferHasIdentifierERNS1_9StructDefERNS1_10CodeWriterENS1_10IDLOptionsEEUlvE_E9_M_invokeERKSt9_Any_data
---------------- W _ZNSt17_Function_handlerIFvvEZNK11flatbuffers6kotlin18KotlinKMPGenerator7GenEnumERNS1_7EnumDefERNS1_10CodeWriterEEUlvE_E10_M_managerERSt9_Any_dataRKSA_St18_Manager_operation
---------------- W _ZNSt17_Function_handlerIFvvEZNK11flatbuffers6kotlin18KotlinKMPGenerator7GenEnumERNS1_7EnumDefERNS1_10CodeWriterEEUlvE_E9_M_invokeERKSt9_Any_data
---------------- W _ZNSt17_Function_handlerIFvvEZNK11flatbuffers6kotlin18KotlinKMPGenerator9GenStructERNS1_9StructDefERNS1_10CodeWriterENS1_10IDLOptionsEEUlvE0_E10_M_managerERSt9_Any_dataRKSB_St18_Manager_operation
---------------- W _ZNSt17_Function_handlerIFvvEZNK11flatbuffers6kotlin18KotlinKMPGenerator9GenStructERNS1_9StructDefERNS1_10CodeWriterENS1_10IDLOptionsEEUlvE0_E9_M_invokeERKSt9_Any_data
---------------- W _ZNSt17_Function_handlerIFvvEZNK11flatbuffers6kotlin18KotlinKMPGenerator9GenStructERNS1_9StructDefERNS1_10CodeWriterENS1_10IDLOptionsEEUlvE_E10_M_managerERSt9_Any_dataRKSB_St18_Manager_operation
---------------- W _ZNSt17_Function_handlerIFvvEZNK11flatbuffers6kotlin18KotlinKMPGenerator9GenStructERNS1_9StructDefERNS1_10CodeWriterENS1_10IDLOptionsEEUlvE_E9_M_invokeERKSt9_Any_data
---------------- W _ZNSt17_Function_handlerIFvvEZZN11flatbuffers4rust13RustGenerator8GenTableERKNS1_9StructDefEENKUlRKNS1_8FieldDefEE1_clES9_EUlvE_E10_M_managerERSt9_Any_dataRKSD_St18_Manager_operation
---------------- W _ZNSt17_Function_handlerIFvvEZZN11flatbuffers4rust13RustGenerator8GenTableERKNS1_9StructDefEENKUlRKNS1_8FieldDefEE1_clES9_EUlvE_E9_M_invokeERKSt9_Any_data
---------------- W _ZNSt17_Function_handlerIFvvEZZN11flatbuffers4rust13RustGenerator8GenTableERKNS1_9StructDefEENKUlRKNS1_8FieldDefEE8_clES9_EUlvE_E10_M_managerERSt9_Any_dataRKSD_St18_Manager_operation
---------------- W _ZNSt17_Function_handlerIFvvEZZN11flatbuffers4rust13RustGenerator8GenTableERKNS1_9StructDefEENKUlRKNS1_8FieldDefEE8_clES9_EUlvE_E9_M_invokeERKSt9_Any_data
---------------- W _ZNSt17_Function_handlerIFvvEZZNK11flatbuffers6kotlin15KotlinGenerator21GenerateStructGettersERNS1_9StructDefERNS1_10CodeWriterEENKUlvE10_clEvEUlvE0_E10_M_managerERSt9_Any_dataRKSB_St18_Manager_operation
---------------- W _ZNSt17_Function_handlerIFvvEZZNK11flatbuffers6kotlin15KotlinGenerator21GenerateStructGettersERNS1_9StructDefERNS1_10CodeWriterEENKUlvE10_clEvEUlvE0_E9_M_invokeERKSt9_Any_data
---------------- W _ZNSt17_Function_handlerIFvvEZZNK11flatbuffers6kotlin15KotlinGenerator21GenerateStructGettersERNS1_9StructDefERNS1_10CodeWriterEENKUlvE10_clEvEUlvE_E10_M_managerERSt9_Any_dataRKSB_St18_Manager_operation
---------------- W _ZNSt17_Function_handlerIFvvEZZNK11flatbuffers6kotlin15KotlinGenerator21GenerateStructGettersERNS1_9StructDefERNS1_10CodeWriterEENKUlvE10_clEvEUlvE_E9_M_invokeERKSt9_Any_data
---------------- W _ZNSt17_Function_handlerIFvvEZZNK11flatbuffers6kotlin15KotlinGenerator21GenerateStructGettersERNS1_9StructDefERNS1_10CodeWriterEENKUlvE14_clEvEUlvE0_E10_M_managerERSt9_Any_dataRKSB_St18_Manager_operation
---------------- W _ZNSt17_Function_handlerIFvvEZZNK11flatbuffers6kotlin15KotlinGenerator21GenerateStructGettersERNS1_9StructDefERNS1_10CodeWriterEENKUlvE14_clEvEUlvE0_E9_M_invokeERKSt9_Any_data
---------------- W _ZNSt17_Function_handlerIFvvEZZNK11flatbuffers6kotlin15KotlinGenerator21GenerateStructGettersERNS1_9StructDefERNS1_10CodeWriterEENKUlvE14_clEvEUlvE_E10_M_managerERSt9_Any_dataRKSB_St18_Manager_operation
---------------- W _ZNSt17_Function_handlerIFvvEZZNK11flatbuffers6kotlin15KotlinGenerator21GenerateStructGettersERNS1_9StructDefERNS1_10CodeWriterEENKUlvE14_clEvEUlvE_E9_M_invokeERKSt9_Any_data
---------------- W _ZNSt17_Function_handlerIFvvEZZNK11flatbuffers6kotlin15KotlinGenerator21GenerateStructGettersERNS1_9StructDefERNS1_10CodeWriterEENKUlvE15_clEvEUlvE0_E10_M_managerERSt9_Any_dataRKSB_St18_Manager_operation
---------------- W _ZNSt17_Function_handlerIFvvEZZNK11flatbuffers6kotlin15KotlinGenerator21GenerateStructGettersERNS1_9StructDefERNS1_10CodeWriterEENKUlvE15_clEvEUlvE0_E9_M_invokeERKSt9_Any_data
---------------- W _ZNSt17_Function_handlerIFvvEZZNK11flatbuffers6kotlin15KotlinGenerator21GenerateStructGettersERNS1_9StructDefERNS1_10CodeWriterEENKUlvE15_clEvEUlvE_E10_M_managerERSt9_Any_dataRKSB_St18_Manager_operation
---------------- W _ZNSt17_Function_handlerIFvvEZZNK11flatbuffers6kotlin15KotlinGenerator21GenerateStructGettersERNS1_9StructDefERNS1_10CodeWriterEENKUlvE15_clEvEUlvE_E9_M_invokeERKSt9_Any_data
---------------- W _ZNSt17_Function_handlerIFvvEZZNK11flatbuffers6kotlin15KotlinGenerator21GenerateStructGettersERNS1_9StructDefERNS1_10CodeWriterEENKUlvE4_clEvEUlvE0_E10_M_managerERSt9_Any_dataRKSB_St18_Manager_operation
---------------- W _ZNSt17_Function_handlerIFvvEZZNK11flatbuffers6kotlin15KotlinGenerator21GenerateStructGettersERNS1_9StructDefERNS1_10CodeWriterEENKUlvE4_clEvEUlvE0_E9_M_invokeERKSt9_Any_data
---------------- W _ZNSt17_Function_handlerIFvvEZZNK11flatbuffers6kotlin15KotlinGenerator21GenerateStructGettersERNS1_9StructDefERNS1_10CodeWriterEENKUlvE4_clEvEUlvE_E10_M_managerERSt9_Any_dataRKSB_St18_Manager_operation
---------------- W _ZNSt17_Function_handlerIFvvEZZNK11flatbuffers6kotlin15KotlinGenerator21GenerateStructGettersERNS1_9StructDefERNS1_10CodeWriterEENKUlvE4_clEvEUlvE_E9_M_invokeERKSt9_Any_data
---------------- W _ZNSt17_Function_handlerIFvvEZZNK11flatbuffers6kotlin15KotlinGenerator21GenerateStructGettersERNS1_9StructDefERNS1_10CodeWriterEENKUlvE6_clEvEUlvE0_E10_M_managerERSt9_Any_dataRKSB_St18_Manager_operation
---------------- W _ZNSt17_Function_handlerIFvvEZZNK11flatbuffers6kotlin15KotlinGenerator21GenerateStructGettersERNS1_9StructDefERNS1_10CodeWriterEENKUlvE6_clEvEUlvE0_E9_M_invokeERKSt9_Any_data
---------------- W _ZNSt17_Function_handlerIFvvEZZNK11flatbuffers6kotlin15KotlinGenerator21GenerateStructGettersERNS1_9StructDefERNS1_10CodeWriterEENKUlvE6_clEvEUlvE_E10_M_managerERSt9_Any_dataRKSB_St18_Manager_operation
---------------- W _ZNSt17_Function_handlerIFvvEZZNK11flatbuffers6kotlin15KotlinGenerator21GenerateStructGettersERNS1_9StructDefERNS1_10CodeWriterEENKUlvE6_clEvEUlvE_E9_M_invokeERKSt9_Any_data
---------------- W _ZNSt17_Function_handlerIFvvEZZNK11flatbuffers6kotlin15KotlinGenerator21GenerateStructGettersERNS1_9StructDefERNS1_10CodeWriterEENKUlvE9_clEvEUlvE0_E10_M_managerERSt9_Any_dataRKSB_St18_Manager_operation
---------------- W _ZNSt17_Function_handlerIFvvEZZNK11flatbuffers6kotlin15KotlinGenerator21GenerateStructGettersERNS1_9StructDefERNS1_10CodeWriterEENKUlvE9_clEvEUlvE0_E9_M_invokeERKSt9_Any_data
---------------- W _ZNSt17_Function_handlerIFvvEZZNK11flatbuffers6kotlin15KotlinGenerator21GenerateStructGettersERNS1_9StructDefERNS1_10CodeWriterEENKUlvE9_clEvEUlvE_E10_M_managerERSt9_Any_dataRKSB_St18_Manager_operation
---------------- W _ZNSt17_Function_handlerIFvvEZZNK11flatbuffers6kotlin15KotlinGenerator21GenerateStructGettersERNS1_9StructDefERNS1_10CodeWriterEENKUlvE9_clEvEUlvE_E9_M_invokeERKSt9_Any_data
---------------- W _ZNSt17_Function_handlerIFvvEZZNK11flatbuffers6kotlin15KotlinGenerator7GenEnumERNS1_7EnumDefERNS1_10CodeWriterEENKUlvE_clEvEUlvE0_E10_M_managerERSt9_Any_dataRKSB_St18_Manager_operation
---------------- W _ZNSt17_Function_handlerIFvvEZZNK11flatbuffers6kotlin15KotlinGenerator7GenEnumERNS1_7EnumDefERNS1_10CodeWriterEENKUlvE_clEvEUlvE0_E9_M_invokeERKSt9_Any_data
---------------- W _ZNSt17_Function_handlerIFvvEZZNK11flatbuffers6kotlin15KotlinGenerator7GenEnumERNS1_7EnumDefERNS1_10CodeWriterEENKUlvE_clEvEUlvE_E10_M_managerERSt9_Any_dataRKSB_St18_Manager_operation
---------------- W _ZNSt17_Function_handlerIFvvEZZNK11flatbuffers6kotlin15KotlinGenerator7GenEnumERNS1_7EnumDefERNS1_10CodeWriterEENKUlvE_clEvEUlvE_E9_M_invokeERKSt9_Any_data
---------------- W _ZNSt17_Function_handlerIFvvEZZNK11flatbuffers6kotlin15KotlinGenerator9GenStructERNS1_9StructDefERNS1_10CodeWriterENS1_10IDLOptionsEENKUlvE1_clEvEUlvE_E10_M_managerERSt9_Any_dataRKSC_St18_Manager_operation
---------------- W _ZNSt17_Function_handlerIFvvEZZNK11flatbuffers6kotlin15KotlinGenerator9GenStructERNS1_9StructDefERNS1_10CodeWriterENS1_10IDLOptionsEENKUlvE1_clEvEUlvE_E9_M_invokeERKSt9_Any_data
---------------- W _ZNSt17_Function_handlerIFvvEZZNK11flatbuffers6kotlin18KotlinKMPGenerator7GenEnumERNS1_7EnumDefERNS1_10CodeWriterEENKUlvE_clEvEUlvE0_E10_M_managerERSt9_Any_dataRKSB_St18_Manager_operation
---------------- W _ZNSt17_Function_handlerIFvvEZZNK11flatbuffers6kotlin18KotlinKMPGenerator7GenEnumERNS1_7EnumDefERNS1_10CodeWriterEENKUlvE_clEvEUlvE0_E9_M_invokeERKSt9_Any_data
---------------- W _ZNSt17_Function_handlerIFvvEZZNK11flatbuffers6kotlin18KotlinKMPGenerator7GenEnumERNS1_7EnumDefERNS1_10CodeWriterEENKUlvE_clEvEUlvE_E10_M_managerERSt9_Any_dataRKSB_St18_Manager_operation
---------------- W _ZNSt17_Function_handlerIFvvEZZNK11flatbuffers6kotlin18KotlinKMPGenerator7GenEnumERNS1_7EnumDefERNS1_10CodeWriterEENKUlvE_clEvEUlvE_E9_M_invokeERKSt9_Any_data
---------------- W _ZNSt17_Function_handlerIFvvEZZNK11flatbuffers6kotlin18KotlinKMPGenerator9GenStructERNS1_9StructDefERNS1_10CodeWriterENS1_10IDLOptionsEENKUlvE0_clEvEUlvE_E10_M_managerERSt9_Any_dataRKSC_St18_Manager_operation
---------------- W _ZNSt17_Function_handlerIFvvEZZNK11flatbuffers6kotlin18KotlinKMPGenerator9GenStructERNS1_9StructDefERNS1_10CodeWriterENS1_10IDLOptionsEENKUlvE0_clEvEUlvE_E9_M_invokeERKSt9_Any_data
---------------- W _ZNSt17_Temporary_bufferIN9__gnu_cxx17__normal_iteratorIPN11flatbuffers12BinaryRegionESt6vectorIS3_SaIS3_EEEES3_ED2Ev
---------------- W _ZNSt17_Temporary_bufferIN9__gnu_cxx17__normal_iteratorIPN11flatbuffers12IncludedFileESt6vectorIS3_SaIS3_EEEES3_EC2ES8_l
---------------- W _ZNSt17_Temporary_bufferIN9__gnu_cxx17__normal_iteratorIPN11flatbuffers12IncludedFileESt6vectorIS3_SaIS3_EEEES3_ED2Ev
---------------- W _ZNSt17_Temporary_bufferIN9__gnu_cxx17__normal_iteratorIPSt10unique_ptrIKN14grpc_generator6MethodESt14default_deleteIS5_EESt6vectorIS8_SaIS8_EEEES8_ED2Ev
---------------- W _ZNSt19_Sp_counted_deleterIPN11flatbuffers13CodeGeneratorESt14default_deleteIS1_ESaIvELN9__gnu_cxx12_Lock_policyE2EE10_M_destroyEv
---------------- W _ZNSt19_Sp_counted_deleterIPN11flatbuffers13CodeGeneratorESt14default_deleteIS1_ESaIvELN9__gnu_cxx12_Lock_policyE2EE10_M_disposeEv
---------------- W _ZNSt19_Sp_counted_deleterIPN11flatbuffers13CodeGeneratorESt14default_deleteIS1_ESaIvELN9__gnu_cxx12_Lock_policyE2EE14_M_get_deleterERKSt9type_info
---------------- W _ZNSt19_Sp_counted_deleterIPN11flatbuffers13CodeGeneratorESt14default_deleteIS1_ESaIvELN9__gnu_cxx12_Lock_policyE2EED0Ev
---------------- W _ZNSt20__uninitialized_copyILb0EE13__uninit_copyIN9__gnu_cxx17__normal_iteratorIPKNSt7__cxx1112basic_stringIcSt11char_traitsIcESaIcEEESt6vectorIS9_SaIS9_EEEEPS9_EET0_T_SI_SH_
---------------- W _ZNSt20__uninitialized_copyILb0EE13__uninit_copyIPNSt7__cxx1112basic_stringIcSt11char_traitsIcESaIcEEES8_EET0_T_SA_S9_
---------------- W _ZNSt20__uninitialized_copyILb0EE13__uninit_copyIPPKcPNSt7__cxx1112basic_stringIcSt11char_traitsIcESaIcEEEEET0_T_SD_SC_
---------------- W _ZNSt20__uninitialized_copyILb0EE13__uninit_copyISt23_Rb_tree_const_iteratorIN11flatbuffers12IncludedFileEEPS4_EET0_T_S8_S7_
---------------- W _ZNSt38__uninitialized_construct_buf_dispatchILb0EE5__ucrIPN11flatbuffers12BinaryRegionEN9__gnu_cxx17__normal_iteratorIS4_St6vectorIS3_SaIS3_EEEEEEvT_SB_T0_
---------------- W _ZNSt38__uninitialized_construct_buf_dispatchILb0EE5__ucrIPN11flatbuffers12IncludedFileEN9__gnu_cxx17__normal_iteratorIS4_St6vectorIS3_SaIS3_EEEEEEvT_SB_T0_
---------------- W _ZNSt3_V28__rotateIN9__gnu_cxx17__normal_iteratorIPN11flatbuffers12BinaryRegionESt6vectorIS4_SaIS4_EEEEEET_SA_SA_SA_St26random_access_iterator_tag
---------------- W _ZNSt3_V28__rotateIN9__gnu_cxx17__normal_iteratorIPN11flatbuffers12IncludedFileESt6vectorIS4_SaIS4_EEEEEET_SA_SA_SA_St26random_access_iterator_tag
---------------- t _ZNSt3mapINSt7__cxx1112basic_stringIcSt11char_traitsIcESaIcEEEN11flatbuffers12_GLOBAL__N_112NsDefinitionESt4lessIS5_ESaISt4pairIKS5_S8_EEEixERSC_
---------------- t _ZNSt3mapINSt7__cxx1112basic_stringIcSt11char_traitsIcESaIcEEEN11flatbuffers12_GLOBAL__N_116ImportDefinitionESt4lessIS5_ESaISt4pairIKS5_S8_EEE4findERSC_
---------------- t _ZNSt3mapINSt7__cxx1112basic_stringIcSt11char_traitsIcESaIcEEEN11flatbuffers12_GLOBAL__N_116ImportDefinitionESt4lessIS5_ESaISt4pairIKS5_S8_EEE6insertISB_IS5_S8_EEENSt9enable_ifIXsr16is_constructibleISD_T_EE5valueESB_ISt17_Rb_tree_iteratorISD_EbEE4typeEOSJ_
---------------- W _ZNSt3mapINSt7__cxx1112basic_stringIcSt11char_traitsIcESaIcEEEPN11flatbuffers10ServiceDefESt4lessIS5_ESaISt4pairIKS5_S8_EEEixERSC_
---------------- W _ZNSt3mapINSt7__cxx1112basic_stringIcSt11char_traitsIcESaIcEEEPN11flatbuffers4TypeESt4lessIS5_ESaISt4pairIKS5_S8_EEEixERSC_
---------------- W _ZNSt3mapINSt7__cxx1112basic_stringIcSt11char_traitsIcESaIcEEEPN11flatbuffers5ValueESt4lessIS5_ESaISt4pairIKS5_S8_EEEixERSC_
---------------- W _ZNSt3mapINSt7__cxx1112basic_stringIcSt11char_traitsIcESaIcEEEPN11flatbuffers7EnumDefESt4lessIS5_ESaISt4pairIKS5_S8_EEEixERSC_
---------------- W _ZNSt3mapINSt7__cxx1112basic_stringIcSt11char_traitsIcESaIcEEEPN11flatbuffers7EnumValESt4lessIS5_ESaISt4pairIKS5_S8_EEEixERSC_
---------------- W _ZNSt3mapINSt7__cxx1112basic_stringIcSt11char_traitsIcESaIcEEEPN11flatbuffers7RPCCallESt4lessIS5_ESaISt4pairIKS5_S8_EEEixERSC_
---------------- W _ZNSt3mapINSt7__cxx1112basic_stringIcSt11char_traitsIcESaIcEEEPN11flatbuffers8FieldDefESt4lessIS5_ESaISt4pairIKS5_S8_EEEixERSC_
---------------- W _ZNSt3mapINSt7__cxx1112basic_stringIcSt11char_traitsIcESaIcEEEPN11flatbuffers9NamespaceESt4lessIS5_ESaISt4pairIKS5_S8_EEEixERSC_
---------------- W _ZNSt3mapINSt7__cxx1112basic_stringIcSt11char_traitsIcESaIcEEEPN11flatbuffers9StructDefESt4lessIS5_ESaISt4pairIKS5_S8_EEEixERSC_
---------------- W _ZNSt3mapINSt7__cxx1112basic_stringIcSt11char_traitsIcESaIcEEES5_St4lessIS5_ESaISt4pairIKS5_S5_EEED2Ev
---------------- W _ZNSt3mapINSt7__cxx1112basic_stringIcSt11char_traitsIcESaIcEEES5_St4lessIS5_ESaISt4pairIKS5_S5_EEEixEOS5_
---------------- W _ZNSt3mapINSt7__cxx1112basic_stringIcSt11char_traitsIcESaIcEEES5_St4lessIS5_ESaISt4pairIKS5_S5_EEEixERS9_
---------------- W _ZNSt3mapINSt7__cxx1112basic_stringIcSt11char_traitsIcESaIcEEESt10shared_ptrIN11flatbuffers13CodeGeneratorEESt4lessIS5_ESaISt4pairIKS5_S9_EEED2Ev
---------------- W _ZNSt3mapINSt7__cxx1112basic_stringIcSt11char_traitsIcESaIcEEESt10shared_ptrIN11flatbuffers13CodeGeneratorEESt4lessIS5_ESaISt4pairIKS5_S9_EEEixEOS5_
---------------- W _ZNSt3mapINSt7__cxx1112basic_stringIcSt11char_traitsIcESaIcEEESt3setIN11flatbuffers12IncludedFileESt4lessIS8_ESaIS8_EES9_IS5_ESaISt4pairIKS5_SC_EEEixEOS5_
---------------- W _ZNSt3mapINSt7__cxx1112basic_stringIcSt11char_traitsIcESaIcEEESt3setIN11flatbuffers12IncludedFileESt4lessIS8_ESaIS8_EES9_IS5_ESaISt4pairIKS5_SC_EEEixERSF_
---------------- W _ZNSt3mapINSt7__cxx1112basic_stringIcSt11char_traitsIcESaIcEEESt3setIS5_St4lessIS5_ESaIS5_EES8_SaISt4pairIKS5_SA_EEEixERSC_
---------------- W _ZNSt3mapINSt7__cxx1112basic_stringIcSt11char_traitsIcESaIcEEEbSt4lessIS5_ESaISt4pairIKS5_bEEEixEOS5_
---------------- W _ZNSt3mapINSt7__cxx1112basic_stringIcSt11char_traitsIcESaIcEEEbSt4lessIS5_ESaISt4pairIKS5_bEEEixERS9_
---------------- W _ZNSt3mapImN11flatbuffers13BinarySectionESt4lessImESaISt4pairIKmS1_EEED2Ev
---------------- W _ZNSt3mapImN11flatbuffers13BinarySectionESt4lessImESaISt4pairIKmS1_EEEixERS5_
---------------- W _ZNSt3mapItN11flatbuffers15BinaryAnnotator6VTable5EntryESt4lessItESaISt4pairIKtS3_EEED2Ev
---------------- t _ZNSt3setIN11flatbuffers11FlatCOptionENS0_3$_0ESaIS1_EED2Ev
---------------- W _ZNSt3setINSt7__cxx1112basic_stringIcSt11char_traitsIcESaIcEEESt4lessIS5_ESaIS5_EEC2ESt16initializer_listIS5_ERKS7_RKS8_
---------------- W _ZNSt3setINSt7__cxx1112basic_stringIcSt11char_traitsIcESaIcEEESt4lessIS5_ESaIS5_EED2Ev
---------------- W _ZNSt3setISt4pairIN11flatbuffers8BaseTypeEPNS1_9StructDefEESt4lessIS5_ESaIS5_EED2Ev
---------------- W _ZNSt3setISt4pairINSt7__cxx1112basic_stringIcSt11char_traitsIcESaIcEEES6_ESt4lessIS7_ESaIS7_EED2Ev
---------------- W _ZNSt4pairIKNSt7__cxx1112basic_stringIcSt11char_traitsIcESaIcEEES5_EC2ERKS7_
---------------- W _ZNSt4pairINSt7__cxx1112basic_stringIcSt11char_traitsIcESaIcEEES5_EC2ERKS6_
---------------- W _ZNSt4pairINSt7__cxx1112basic_stringIcSt11char_traitsIcESaIcEEES5_EC2IRA18_KcRA6_S8_Lb1EEEOT_OT0_
---------------- W _ZNSt4pairINSt7__cxx1112basic_stringIcSt11char_traitsIcESaIcEEES5_EC2IRA7_KcRA6_S8_Lb1EEEOT_OT0_
---------------- W _ZNSt4pairINSt7__cxx1112basic_stringIcSt11char_traitsIcESaIcEEES5_EC2IRA7_KcRA9_S8_Lb1EEEOT_OT0_
---------------- W _ZNSt4pairINSt7__cxx1112basic_stringIcSt11char_traitsIcESaIcEEES5_EC2IRS5_S8_Lb1EEEOT_OT0_
---------------- W _ZNSt4pairINSt7__cxx1112basic_stringIcSt11char_traitsIcESaIcEEES5_ED2Ev
---------------- W _ZNSt4pairINSt7__cxx1112basic_stringIcSt11char_traitsIcESaIcEEES5_EaSEOS6_
                 U _ZNSt6localeD1Ev
---------------- W _ZNSt6vectorIN11flatbuffers12BinaryRegionESaIS1_EE15_M_range_insertIN9__gnu_cxx17__normal_iteratorIPS1_S3_EEEEvS8_T_S9_St20forward_iterator_tag
---------------- W _ZNSt6vectorIN11flatbuffers12BinaryRegionESaIS1_EE17_M_realloc_insertIJRKS1_EEEvN9__gnu_cxx17__normal_iteratorIPS1_S3_EEDpOT_
---------------- W _ZNSt6vectorIN11flatbuffers12BinaryRegionESaIS1_EE17_M_realloc_insertIJS1_EEEvN9__gnu_cxx17__normal_iteratorIPS1_S3_EEDpOT_
---------------- W _ZNSt6vectorIN11flatbuffers12BinaryRegionESaIS1_EE9push_backEOS1_
---------------- W _ZNSt6vectorIN11flatbuffers12BinaryRegionESaIS1_EED2Ev
---------------- W _ZNSt6vectorIN11flatbuffers12IncludedFileESaIS1_EEC2ISt23_Rb_tree_const_iteratorIS1_EvEET_S7_RKS2_
---------------- W _ZNSt6vectorIN11flatbuffers12IncludedFileESaIS1_EED2Ev
---------------- W _ZNSt6vectorIN11flatbuffers13BinarySectionESaIS1_EE17_M_realloc_insertIJS1_EEEvN9__gnu_cxx17__normal_iteratorIPS1_S3_EEDpOT_
---------------- W _ZNSt6vectorIN11flatbuffers13BinarySectionESaIS1_EED2Ev
---------------- W _ZNSt6vectorIN11flatbuffers4java13JavaGenerator16FieldArrayLengthESaIS3_EE17_M_realloc_insertIJRKS3_EEEvN9__gnu_cxx17__normal_iteratorIPS3_S5_EEDpOT_
---------------- W _ZNSt6vectorIN11flatbuffers4java13JavaGenerator16FieldArrayLengthESaIS3_EED2Ev
---------------- W _ZNSt6vectorIN11flatbuffers5ValueESaIS1_EE17_M_realloc_insertIJS1_EEEvN9__gnu_cxx17__normal_iteratorIPS1_S3_EEDpOT_
---------------- W _ZNSt6vectorIN11flatbuffers5ValueESaIS1_EED2Ev
---------------- W _ZNSt6vectorIN11flatbuffers6csharp15CSharpGenerator16FieldArrayLengthESaIS3_EE17_M_realloc_insertIJRKS3_EEEvN9__gnu_cxx17__normal_iteratorIPS3_S5_EEDpOT_
---------------- W _ZNSt6vectorIN11flatbuffers6csharp15CSharpGenerator16FieldArrayLengthESaIS3_EED2Ev
---------------- W _ZNSt6vectorIN11flatbuffers6python6ImportESaIS2_EE17_M_realloc_insertIJS2_EEEvN9__gnu_cxx17__normal_iteratorIPS2_S4_EEDpOT_
---------------- W _ZNSt6vectorIN11flexbuffers7Builder5ValueESaIS2_EE17_M_default_appendEm
---------------- W _ZNSt6vectorIN11flexbuffers7Builder5ValueESaIS2_EE17_M_realloc_insertIJRKS2_EEEvN9__gnu_cxx17__normal_iteratorIPS2_S4_EEDpOT_
---------------- W _ZNSt6vectorIN11flexbuffers7Builder5ValueESaIS2_EE17_M_realloc_insertIJS2_EEEvN9__gnu_cxx17__normal_iteratorIPS2_S4_EEDpOT_
---------------- W _ZNSt6vectorINSt7__cxx1112basic_stringIcSt11char_traitsIcESaIcEEESaIS5_EE13_M_insert_auxIS5_EEvN9__gnu_cxx17__normal_iteratorIPS5_S7_EEOT_
---------------- W _ZNSt6vectorINSt7__cxx1112basic_stringIcSt11char_traitsIcESaIcEEESaIS5_EE17_M_realloc_insertIJRKS5_EEEvN9__gnu_cxx17__normal_iteratorIPS5_S7_EEDpOT_
---------------- W _ZNSt6vectorINSt7__cxx1112basic_stringIcSt11char_traitsIcESaIcEEESaIS5_EE17_M_realloc_insertIJRS5_EEEvN9__gnu_cxx17__normal_iteratorIPS5_S7_EEDpOT_
---------------- W _ZNSt6vectorINSt7__cxx1112basic_stringIcSt11char_traitsIcESaIcEEESaIS5_EE17_M_realloc_insertIJS5_EEEvN9__gnu_cxx17__normal_iteratorIPS5_S7_EEDpOT_
---------------- W _ZNSt6vectorINSt7__cxx1112basic_stringIcSt11char_traitsIcESaIcEEESaIS5_EE20_M_allocate_and_copyIN9__gnu_cxx17__normal_iteratorIPKS5_S7_EEEEPS5_mT_SF_
---------------- W _ZNSt6vectorINSt7__cxx1112basic_stringIcSt11char_traitsIcESaIcEEESaIS5_EE5eraseEN9__gnu_cxx17__normal_iteratorIPKS5_S7_EE
---------------- W _ZNSt6vectorINSt7__cxx1112basic_stringIcSt11char_traitsIcESaIcEEESaIS5_EE6insertEN9__gnu_cxx17__normal_iteratorIPKS5_S7_EERSA_
---------------- W _ZNSt6vectorINSt7__cxx1112basic_stringIcSt11char_traitsIcESaIcEEESaIS5_EE9push_backEOS5_
---------------- W _ZNSt6vectorINSt7__cxx1112basic_stringIcSt11char_traitsIcESaIcEEESaIS5_EE9push_backERKS5_
---------------- W _ZNSt6vectorINSt7__cxx1112basic_stringIcSt11char_traitsIcESaIcEEESaIS5_EED2Ev
---------------- W _ZNSt6vectorINSt7__cxx1112basic_stringIcSt11char_traitsIcESaIcEEESaIS5_EEaSERKS7_
---------------- W _ZNSt6vectorIPKcSaIS1_EE15_M_range_insertIN9__gnu_cxx17__normal_iteratorIPKS1_S3_EEEEvNS6_IPS1_S3_EET_SC_St20forward_iterator_tag
---------------- W _ZNSt6vectorIPN11flatbuffers7EnumDefESaIS2_EEaSERKS4_
---------------- W _ZNSt6vectorIPN11flatbuffers7RPCCallESaIS2_EE17_M_realloc_insertIJRS2_EEEvN9__gnu_cxx17__normal_iteratorIPS2_S4_EEDpOT_
---------------- W _ZNSt6vectorIPN11flatbuffers9NamespaceESaIS2_EE17_M_realloc_insertIJRKS2_EEEvN9__gnu_cxx17__normal_iteratorIPS2_S4_EEDpOT_
---------------- W _ZNSt6vectorISt10shared_ptrIN11flatbuffers13CodeGeneratorEESaIS3_EE12emplace_backIJS3_EEEvDpOT_
---------------- W _ZNSt6vectorISt10shared_ptrIN11flatbuffers13CodeGeneratorEESaIS3_EE17_M_realloc_insertIJS3_EEEvN9__gnu_cxx17__normal_iteratorIPS3_S5_EEDpOT_
---------------- W _ZNSt6vectorISt10unique_ptrIKN14grpc_generator6MethodESt14default_deleteIS3_EESaIS6_EED2Ev
---------------- W _ZNSt6vectorISt4pairIN11flatbuffers5ValueEPNS1_8FieldDefEESaIS5_EE13_M_insert_auxIS5_EEvN9__gnu_cxx17__normal_iteratorIPS5_S7_EEOT_
---------------- W _ZNSt6vectorISt4pairIN11flatbuffers5ValueEPNS1_8FieldDefEESaIS5_EE17_M_realloc_insertIJS5_EEEvN9__gnu_cxx17__normal_iteratorIPS5_S7_EEDpOT_
---------------- W _ZNSt6vectorISt4pairIN11flatbuffers5ValueEPNS1_8FieldDefEESaIS5_EED2Ev
---------------- W _ZNSt6vectorISt4pairIiNSt7__cxx1112basic_stringIcSt11char_traitsIcESaIcEEEESaIS7_EE17_M_realloc_insertIJRKiRKS6_EEEvN9__gnu_cxx17__normal_iteratorIPS7_S9_EEDpOT_
---------------- W _ZNSt6vectorISt4pairIiNSt7__cxx1112basic_stringIcSt11char_traitsIcESaIcEEEESaIS7_EE17_M_realloc_insertIJRtRKS6_EEEvN9__gnu_cxx17__normal_iteratorIPS7_S9_EEDpOT_
---------------- W _ZNSt6vectorISt4pairIiNSt7__cxx1112basic_stringIcSt11char_traitsIcESaIcEEEESaIS7_EED2Ev
---------------- W _ZNSt6vectorIhSaIhEE14_M_fill_insertEN9__gnu_cxx17__normal_iteratorIPhS1_EEmRKh
---------------- W _ZNSt6vectorIhSaIhEE15_M_range_insertIPKhEEvN9__gnu_cxx17__normal_iteratorIPhS1_EET_S9_St20forward_iterator_tag
---------------- W _ZNSt6vectorIhSaIhEE17_M_default_appendEm
---------------- W _ZNSt6vectorIjSaIjEE17_M_default_appendEm
---------------- W _ZNSt7__cxx1110_List_baseINS_12basic_stringIcSt11char_traitsIcESaIcEEESaIS5_EE8_M_clearEv
                 U _ZNSt7__cxx1112basic_stringIcSt11char_traitsIcESaIcEE10_M_replaceEmmPKcm
                 U _ZNSt7__cxx1112basic_stringIcSt11char_traitsIcESaIcEE12_M_constructEmc
                 U _ZNSt7__cxx1112basic_stringIcSt11char_traitsIcESaIcEE14_M_replace_auxEmmmc
                 U _ZNSt7__cxx1112basic_stringIcSt11char_traitsIcESaIcEE4swapERS4_
                 U _ZNSt7__cxx1112basic_stringIcSt11char_traitsIcESaIcEE6resizeEmc
                 U _ZNSt7__cxx1112basic_stringIcSt11char_traitsIcESaIcEE7reserveEm
                 U _ZNSt7__cxx1112basic_stringIcSt11char_traitsIcESaIcEE8_M_eraseEmm
                 U _ZNSt7__cxx1112basic_stringIcSt11char_traitsIcESaIcEE9_M_appendEPKcm
                 U _ZNSt7__cxx1112basic_stringIcSt11char_traitsIcESaIcEE9_M_assignERKS4_
                 U _ZNSt7__cxx1112basic_stringIcSt11char_traitsIcESaIcEE9_M_createERmm
                 U _ZNSt7__cxx1112basic_stringIcSt11char_traitsIcESaIcEE9_M_mutateEmmPKcm
                 U _ZNSt7__cxx1112basic_stringIcSt11char_traitsIcESaIcEEC2EPKcRKS3_
                 U _ZNSt7__cxx1112basic_stringIcSt11char_traitsIcESaIcEEC2ERKS4_
                 U _ZNSt7__cxx1112basic_stringIcSt11char_traitsIcESaIcEED2Ev
                 U _ZNSt7__cxx1112basic_stringIcSt11char_traitsIcESaIcEEaSEOS4_
                 U _ZNSt7__cxx1112basic_stringIcSt11char_traitsIcESaIcEEaSEPKc
                 U _ZNSt7__cxx1112basic_stringIcSt11char_traitsIcESaIcEEpLEPKc
                 U _ZNSt7__cxx1115basic_stringbufIcSt11char_traitsIcESaIcEE7_M_syncEPcmm
                 U _ZNSt7__cxx1118basic_stringstreamIcSt11char_traitsIcESaIcEEC1ERKNS_12basic_stringIcS2_S3_EESt13_Ios_Openmode
                 U _ZNSt7__cxx1118basic_stringstreamIcSt11char_traitsIcESaIcEEC1Ev
                 U _ZNSt7__cxx1118basic_stringstreamIcSt11char_traitsIcESaIcEED1Ev
                 U _ZNSt7__cxx1119basic_istringstreamIcSt11char_traitsIcESaIcEEC1ERKNS_12basic_stringIcS2_S3_EESt13_Ios_Openmode
                 U _ZNSt7__cxx1119basic_istringstreamIcSt11char_traitsIcESaIcEED1Ev
                 U _ZNSt7__cxx1119basic_ostringstreamIcSt11char_traitsIcESaIcEEC1Ev
                 U _ZNSt7__cxx1119basic_ostringstreamIcSt11char_traitsIcESaIcEED1Ev
---------------- W _ZNSt7__cxx114listINS_12basic_stringIcSt11char_traitsIcESaIcEEESaIS5_EE9_M_insertIJRKS5_EEEvSt14_List_iteratorIS5_EDpOT_
---------------- t _ZNSt8_Rb_treeIN11flatbuffers11FlatCOptionES1_St9_IdentityIS1_ENS0_3$_0ESaIS1_EE8_M_eraseEPSt13_Rb_tree_nodeIS1_E
---------------- W _ZNSt8_Rb_treeIN11flatbuffers12IncludedFileES1_St9_IdentityIS1_ESt4lessIS1_ESaIS1_EE10_M_insert_IRKS1_NS7_11_Alloc_nodeEEESt17_Rb_tree_iteratorIS1_EPSt18_Rb_tree_node_baseSF_OT_RT0_
---------------- W _ZNSt8_Rb_treeIN11flatbuffers12IncludedFileES1_St9_IdentityIS1_ESt4lessIS1_ESaIS1_EE24_M_get_insert_unique_posERKS1_
---------------- W _ZNSt8_Rb_treeIN11flatbuffers12IncludedFileES1_St9_IdentityIS1_ESt4lessIS1_ESaIS1_EE8_M_eraseEPSt13_Rb_tree_nodeIS1_E
---------------- W _ZNSt8_Rb_treeIN11flatbuffers12IncludedFileES1_St9_IdentityIS1_ESt4lessIS1_ESaIS1_EED2Ev
---------------- W _ZNSt8_Rb_treeIN11flatbuffers6OffsetINS0_6StringEEES3_St9_IdentityIS3_ENS0_21FlatBufferBuilderImplILb0EE19StringOffsetCompareESaIS3_EE16_M_insert_uniqueIRKS3_EESt4pairISt17_Rb_tree_iteratorIS3_EbEOT_
---------------- W _ZNSt8_Rb_treeIN11flatbuffers6OffsetINS0_6StringEEES3_St9_IdentityIS3_ENS0_21FlatBufferBuilderImplILb0EE19StringOffsetCompareESaIS3_EE24_M_get_insert_unique_posERKS3_
---------------- W _ZNSt8_Rb_treeIN11flatbuffers6OffsetINS0_6StringEEES3_St9_IdentityIS3_ENS0_21FlatBufferBuilderImplILb0EE19StringOffsetCompareESaIS3_EE8_M_eraseEPSt13_Rb_tree_nodeIS3_E
---------------- W _ZNSt8_Rb_treeINSt7__cxx1112basic_stringIcSt11char_traitsIcESaIcEEES5_St9_IdentityIS5_ESt4lessIS5_ESaIS5_EE10_M_insert_IRKS5_NSB_11_Alloc_nodeEEESt17_Rb_tree_iteratorIS5_EPSt18_Rb_tree_node_baseSJ_OT_RT0_
---------------- W _ZNSt8_Rb_treeINSt7__cxx1112basic_stringIcSt11char_traitsIcESaIcEEES5_St9_IdentityIS5_ESt4lessIS5_ESaIS5_EE11equal_rangeERKS5_
---------------- W _ZNSt8_Rb_treeINSt7__cxx1112basic_stringIcSt11char_traitsIcESaIcEEES5_St9_IdentityIS5_ESt4lessIS5_ESaIS5_EE12_M_drop_nodeEPSt13_Rb_tree_nodeIS5_E
---------------- W _ZNSt8_Rb_treeINSt7__cxx1112basic_stringIcSt11char_traitsIcESaIcEEES5_St9_IdentityIS5_ESt4lessIS5_ESaIS5_EE12_M_erase_auxESt23_Rb_tree_const_iteratorIS5_ESD_
---------------- W _ZNSt8_Rb_treeINSt7__cxx1112basic_stringIcSt11char_traitsIcESaIcEEES5_St9_IdentityIS5_ESt4lessIS5_ESaIS5_EE17_M_construct_nodeIJRKS5_EEEvPSt13_Rb_tree_nodeIS5_EDpOT_
---------------- W _ZNSt8_Rb_treeINSt7__cxx1112basic_stringIcSt11char_traitsIcESaIcEEES5_St9_IdentityIS5_ESt4lessIS5_ESaIS5_EE17_M_emplace_uniqueIJS5_EEESt4pairISt17_Rb_tree_iteratorIS5_EbEDpOT_
---------------- W _ZNSt8_Rb_treeINSt7__cxx1112basic_stringIcSt11char_traitsIcESaIcEEES5_St9_IdentityIS5_ESt4lessIS5_ESaIS5_EE24_M_get_insert_unique_posERKS5_
---------------- W _ZNSt8_Rb_treeINSt7__cxx1112basic_stringIcSt11char_traitsIcESaIcEEES5_St9_IdentityIS5_ESt4lessIS5_ESaIS5_EE4findERKS5_
---------------- W _ZNSt8_Rb_treeINSt7__cxx1112basic_stringIcSt11char_traitsIcESaIcEEES5_St9_IdentityIS5_ESt4lessIS5_ESaIS5_EE8_M_eraseEPSt13_Rb_tree_nodeIS5_E
---------------- W _ZNSt8_Rb_treeINSt7__cxx1112basic_stringIcSt11char_traitsIcESaIcEEES5_St9_IdentityIS5_ESt4lessIS5_ESaIS5_EED2Ev
---------------- t _ZNSt8_Rb_treeINSt7__cxx1112basic_stringIcSt11char_traitsIcESaIcEEESt4pairIKS5_N11flatbuffers12_GLOBAL__N_112NsDefinitionEESt10_Select1stISB_ESt4lessIS5_ESaISB_EE12_M_drop_nodeEPSt13_Rb_tree_nodeISB_E
---------------- t _ZNSt8_Rb_treeINSt7__cxx1112basic_stringIcSt11char_traitsIcESaIcEEESt4pairIKS5_N11flatbuffers12_GLOBAL__N_112NsDefinitionEESt10_Select1stISB_ESt4lessIS5_ESaISB_EE8_M_eraseEPSt13_Rb_tree_nodeISB_E
---------------- t _ZNSt8_Rb_treeINSt7__cxx1112basic_stringIcSt11char_traitsIcESaIcEEESt4pairIKS5_N11flatbuffers12_GLOBAL__N_116ImportDefinitionEESt10_Select1stISB_ESt4lessIS5_ESaISB_EE12_M_drop_nodeEPSt13_Rb_tree_nodeISB_E
---------------- t _ZNSt8_Rb_treeINSt7__cxx1112basic_stringIcSt11char_traitsIcESaIcEEESt4pairIKS5_N11flatbuffers12_GLOBAL__N_116ImportDefinitionEESt10_Select1stISB_ESt4lessIS5_ESaISB_EE8_M_eraseEPSt13_Rb_tree_nodeISB_E
---------------- W _ZNSt8_Rb_treeINSt7__cxx1112basic_stringIcSt11char_traitsIcESaIcEEESt4pairIKS5_PKN11flatbuffers10DefinitionEESt10_Select1stISC_ESt4lessIS5_ESaISC_EE12_M_drop_nodeEPSt13_Rb_tree_nodeISC_E
---------------- W _ZNSt8_Rb_treeINSt7__cxx1112basic_stringIcSt11char_traitsIcESaIcEEESt4pairIKS5_PKN11flatbuffers10DefinitionEESt10_Select1stISC_ESt4lessIS5_ESaISC_EE17_M_construct_nodeIJRKSC_EEEvPSt13_Rb_tree_nodeISC_EDpOT_
---------------- W _ZNSt8_Rb_treeINSt7__cxx1112basic_stringIcSt11char_traitsIcESaIcEEESt4pairIKS5_PKN11flatbuffers10DefinitionEESt10_Select1stISC_ESt4lessIS5_ESaISC_EE17_M_emplace_uniqueIJS6_IS5_SB_EEEES6_ISt17_Rb_tree_iteratorISC_EbEDpOT_
---------------- W _ZNSt8_Rb_treeINSt7__cxx1112basic_stringIcSt11char_traitsIcESaIcEEESt4pairIKS5_PKN11flatbuffers10DefinitionEESt10_Select1stISC_ESt4lessIS5_ESaISC_EE20_Reuse_or_alloc_nodeD2Ev
---------------- W _ZNSt8_Rb_treeINSt7__cxx1112basic_stringIcSt11char_traitsIcESaIcEEESt4pairIKS5_PKN11flatbuffers10DefinitionEESt10_Select1stISC_ESt4lessIS5_ESaISC_EE20_Reuse_or_alloc_nodeclIRKSC_EEPSt13_Rb_tree_nodeISC_EOT_
---------------- W _ZNSt8_Rb_treeINSt7__cxx1112basic_stringIcSt11char_traitsIcESaIcEEESt4pairIKS5_PKN11flatbuffers10DefinitionEESt10_Select1stISC_ESt4lessIS5_ESaISC_EE24_M_get_insert_unique_posERS7_
---------------- W _ZNSt8_Rb_treeINSt7__cxx1112basic_stringIcSt11char_traitsIcESaIcEEESt4pairIKS5_PKN11flatbuffers10DefinitionEESt10_Select1stISC_ESt4lessIS5_ESaISC_EE7_M_copyILb0ENSI_20_Reuse_or_alloc_nodeEEEPSt13_Rb_tree_nodeISC_ESN_PSt18_Rb_tree_node_baseRT0_
---------------- W _ZNSt8_Rb_treeINSt7__cxx1112basic_stringIcSt11char_traitsIcESaIcEEESt4pairIKS5_PKN11flatbuffers10DefinitionEESt10_Select1stISC_ESt4lessIS5_ESaISC_EE8_M_eraseEPSt13_Rb_tree_nodeISC_E
---------------- W _ZNSt8_Rb_treeINSt7__cxx1112basic_stringIcSt11char_traitsIcESaIcEEESt4pairIKS5_PKN11flatbuffers10DefinitionEESt10_Select1stISC_ESt4lessIS5_ESaISC_EEaSERKSI_
---------------- W _ZNSt8_Rb_treeINSt7__cxx1112basic_stringIcSt11char_traitsIcESaIcEEESt4pairIKS5_PN11flatbuffers10ServiceDefEESt10_Select1stISB_ESt4lessIS5_ESaISB_EE12_M_drop_nodeEPSt13_Rb_tree_nodeISB_E
---------------- W _ZNSt8_Rb_treeINSt7__cxx1112basic_stringIcSt11char_traitsIcESaIcEEESt4pairIKS5_PN11flatbuffers10ServiceDefEESt10_Select1stISB_ESt4lessIS5_ESaISB_EE17_M_construct_nodeIJRKSt21piecewise_construct_tSt5tupleIJRS7_EESM_IJEEEEEvPSt13_Rb_tree_nodeISB_EDpOT_
---------------- W _ZNSt8_Rb_treeINSt7__cxx1112basic_stringIcSt11char_traitsIcESaIcEEESt4pairIKS5_PN11flatbuffers10ServiceDefEESt10_Select1stISB_ESt4lessIS5_ESaISB_EE22_M_emplace_hint_uniqueIJRKSt21piecewise_construct_tSt5tupleIJRS7_EESM_IJEEEEESt17_Rb_tree_iteratorISB_ESt23_Rb_tree_const_iteratorISB_EDpOT_
---------------- W _ZNSt8_Rb_treeINSt7__cxx1112basic_stringIcSt11char_traitsIcESaIcEEESt4pairIKS5_PN11flatbuffers10ServiceDefEESt10_Select1stISB_ESt4lessIS5_ESaISB_EE24_M_get_insert_unique_posERS7_
---------------- W _ZNSt8_Rb_treeINSt7__cxx1112basic_stringIcSt11char_traitsIcESaIcEEESt4pairIKS5_PN11flatbuffers10ServiceDefEESt10_Select1stISB_ESt4lessIS5_ESaISB_EE29_M_get_insert_hint_unique_posESt23_Rb_tree_const_iteratorISB_ERS7_
---------------- W _ZNSt8_Rb_treeINSt7__cxx1112basic_stringIcSt11char_traitsIcESaIcEEESt4pairIKS5_PN11flatbuffers10ServiceDefEESt10_Select1stISB_ESt4lessIS5_ESaISB_EE4findERS7_
---------------- W _ZNSt8_Rb_treeINSt7__cxx1112basic_stringIcSt11char_traitsIcESaIcEEESt4pairIKS5_PN11flatbuffers10ServiceDefEESt10_Select1stISB_ESt4lessIS5_ESaISB_EE8_M_eraseEPSt13_Rb_tree_nodeISB_E
---------------- W _ZNSt8_Rb_treeINSt7__cxx1112basic_stringIcSt11char_traitsIcESaIcEEESt4pairIKS5_PN11flatbuffers4TypeEESt10_Select1stISB_ESt4lessIS5_ESaISB_EE12_M_drop_nodeEPSt13_Rb_tree_nodeISB_E
---------------- W _ZNSt8_Rb_treeINSt7__cxx1112basic_stringIcSt11char_traitsIcESaIcEEESt4pairIKS5_PN11flatbuffers4TypeEESt10_Select1stISB_ESt4lessIS5_ESaISB_EE17_M_construct_nodeIJRKSt21piecewise_construct_tSt5tupleIJRS7_EESM_IJEEEEEvPSt13_Rb_tree_nodeISB_EDpOT_
---------------- W _ZNSt8_Rb_treeINSt7__cxx1112basic_stringIcSt11char_traitsIcESaIcEEESt4pairIKS5_PN11flatbuffers4TypeEESt10_Select1stISB_ESt4lessIS5_ESaISB_EE22_M_emplace_hint_uniqueIJRKSt21piecewise_construct_tSt5tupleIJRS7_EESM_IJEEEEESt17_Rb_tree_iteratorISB_ESt23_Rb_tree_const_iteratorISB_EDpOT_
---------------- W _ZNSt8_Rb_treeINSt7__cxx1112basic_stringIcSt11char_traitsIcESaIcEEESt4pairIKS5_PN11flatbuffers4TypeEESt10_Select1stISB_ESt4lessIS5_ESaISB_EE24_M_get_insert_unique_posERS7_
---------------- W _ZNSt8_Rb_treeINSt7__cxx1112basic_stringIcSt11char_traitsIcESaIcEEESt4pairIKS5_PN11flatbuffers4TypeEESt10_Select1stISB_ESt4lessIS5_ESaISB_EE29_M_get_insert_hint_unique_posESt23_Rb_tree_const_iteratorISB_ERS7_
---------------- W _ZNSt8_Rb_treeINSt7__cxx1112basic_stringIcSt11char_traitsIcESaIcEEESt4pairIKS5_PN11flatbuffers4TypeEESt10_Select1stISB_ESt4lessIS5_ESaISB_EE4findERS7_
---------------- W _ZNSt8_Rb_treeINSt7__cxx1112basic_stringIcSt11char_traitsIcESaIcEEESt4pairIKS5_PN11flatbuffers4TypeEESt10_Select1stISB_ESt4lessIS5_ESaISB_EE8_M_eraseEPSt13_Rb_tree_nodeISB_E
---------------- W _ZNSt8_Rb_treeINSt7__cxx1112basic_stringIcSt11char_traitsIcESaIcEEESt4pairIKS5_PN11flatbuffers5ValueEESt10_Select1stISB_ESt4lessIS5_ESaISB_EE12_M_drop_nodeEPSt13_Rb_tree_nodeISB_E
---------------- W _ZNSt8_Rb_treeINSt7__cxx1112basic_stringIcSt11char_traitsIcESaIcEEESt4pairIKS5_PN11flatbuffers5ValueEESt10_Select1stISB_ESt4lessIS5_ESaISB_EE17_M_construct_nodeIJRKSB_EEEvPSt13_Rb_tree_nodeISB_EDpOT_
---------------- W _ZNSt8_Rb_treeINSt7__cxx1112basic_stringIcSt11char_traitsIcESaIcEEESt4pairIKS5_PN11flatbuffers5ValueEESt10_Select1stISB_ESt4lessIS5_ESaISB_EE17_M_construct_nodeIJRKSt21piecewise_construct_tSt5tupleIJRS7_EESM_IJEEEEEvPSt13_Rb_tree_nodeISB_EDpOT_
---------------- W _ZNSt8_Rb_treeINSt7__cxx1112basic_stringIcSt11char_traitsIcESaIcEEESt4pairIKS5_PN11flatbuffers5ValueEESt10_Select1stISB_ESt4lessIS5_ESaISB_EE22_M_emplace_hint_uniqueIJRKSt21piecewise_construct_tSt5tupleIJRS7_EESM_IJEEEEESt17_Rb_tree_iteratorISB_ESt23_Rb_tree_const_iteratorISB_EDpOT_
---------------- W _ZNSt8_Rb_treeINSt7__cxx1112basic_stringIcSt11char_traitsIcESaIcEEESt4pairIKS5_PN11flatbuffers5ValueEESt10_Select1stISB_ESt4lessIS5_ESaISB_EE24_M_get_insert_unique_posERS7_
---------------- W _ZNSt8_Rb_treeINSt7__cxx1112basic_stringIcSt11char_traitsIcESaIcEEESt4pairIKS5_PN11flatbuffers5ValueEESt10_Select1stISB_ESt4lessIS5_ESaISB_EE29_M_get_insert_hint_unique_posESt23_Rb_tree_const_iteratorISB_ERS7_
---------------- W _ZNSt8_Rb_treeINSt7__cxx1112basic_stringIcSt11char_traitsIcESaIcEEESt4pairIKS5_PN11flatbuffers5ValueEESt10_Select1stISB_ESt4lessIS5_ESaISB_EE4findERS7_
---------------- W _ZNSt8_Rb_treeINSt7__cxx1112basic_stringIcSt11char_traitsIcESaIcEEESt4pairIKS5_PN11flatbuffers5ValueEESt10_Select1stISB_ESt4lessIS5_ESaISB_EE7_M_copyILb0ENSH_11_Alloc_nodeEEEPSt13_Rb_tree_nodeISB_ESM_PSt18_Rb_tree_node_baseRT0_
---------------- W _ZNSt8_Rb_treeINSt7__cxx1112basic_stringIcSt11char_traitsIcESaIcEEESt4pairIKS5_PN11flatbuffers5ValueEESt10_Select1stISB_ESt4lessIS5_ESaISB_EE8_M_eraseEPSt13_Rb_tree_nodeISB_E
---------------- W _ZNSt8_Rb_treeINSt7__cxx1112basic_stringIcSt11char_traitsIcESaIcEEESt4pairIKS5_PN11flatbuffers5ValueEESt10_Select1stISB_ESt4lessIS5_ESaISB_EED2Ev
---------------- W _ZNSt8_Rb_treeINSt7__cxx1112basic_stringIcSt11char_traitsIcESaIcEEESt4pairIKS5_PN11flatbuffers7EnumDefEESt10_Select1stISB_ESt4lessIS5_ESaISB_EE12_M_drop_nodeEPSt13_Rb_tree_nodeISB_E
---------------- W _ZNSt8_Rb_treeINSt7__cxx1112basic_stringIcSt11char_traitsIcESaIcEEESt4pairIKS5_PN11flatbuffers7EnumDefEESt10_Select1stISB_ESt4lessIS5_ESaISB_EE17_M_construct_nodeIJRKSB_EEEvPSt13_Rb_tree_nodeISB_EDpOT_
---------------- W _ZNSt8_Rb_treeINSt7__cxx1112basic_stringIcSt11char_traitsIcESaIcEEESt4pairIKS5_PN11flatbuffers7EnumDefEESt10_Select1stISB_ESt4lessIS5_ESaISB_EE17_M_construct_nodeIJRKSt21piecewise_construct_tSt5tupleIJRS7_EESM_IJEEEEEvPSt13_Rb_tree_nodeISB_EDpOT_
---------------- W _ZNSt8_Rb_treeINSt7__cxx1112basic_stringIcSt11char_traitsIcESaIcEEESt4pairIKS5_PN11flatbuffers7EnumDefEESt10_Select1stISB_ESt4lessIS5_ESaISB_EE20_Reuse_or_alloc_nodeD2Ev
---------------- W _ZNSt8_Rb_treeINSt7__cxx1112basic_stringIcSt11char_traitsIcESaIcEEESt4pairIKS5_PN11flatbuffers7EnumDefEESt10_Select1stISB_ESt4lessIS5_ESaISB_EE20_Reuse_or_alloc_nodeclIRKSB_EEPSt13_Rb_tree_nodeISB_EOT_
---------------- W _ZNSt8_Rb_treeINSt7__cxx1112basic_stringIcSt11char_traitsIcESaIcEEESt4pairIKS5_PN11flatbuffers7EnumDefEESt10_Select1stISB_ESt4lessIS5_ESaISB_EE22_M_emplace_hint_uniqueIJRKSt21piecewise_construct_tSt5tupleIJRS7_EESM_IJEEEEESt17_Rb_tree_iteratorISB_ESt23_Rb_tree_const_iteratorISB_EDpOT_
---------------- W _ZNSt8_Rb_treeINSt7__cxx1112basic_stringIcSt11char_traitsIcESaIcEEESt4pairIKS5_PN11flatbuffers7EnumDefEESt10_Select1stISB_ESt4lessIS5_ESaISB_EE24_M_get_insert_unique_posERS7_
---------------- W _ZNSt8_Rb_treeINSt7__cxx1112basic_stringIcSt11char_traitsIcESaIcEEESt4pairIKS5_PN11flatbuffers7EnumDefEESt10_Select1stISB_ESt4lessIS5_ESaISB_EE29_M_get_insert_hint_unique_posESt23_Rb_tree_const_iteratorISB_ERS7_
---------------- W _ZNSt8_Rb_treeINSt7__cxx1112basic_stringIcSt11char_traitsIcESaIcEEESt4pairIKS5_PN11flatbuffers7EnumDefEESt10_Select1stISB_ESt4lessIS5_ESaISB_EE4findERS7_
---------------- W _ZNSt8_Rb_treeINSt7__cxx1112basic_stringIcSt11char_traitsIcESaIcEEESt4pairIKS5_PN11flatbuffers7EnumDefEESt10_Select1stISB_ESt4lessIS5_ESaISB_EE7_M_copyILb0ENSH_20_Reuse_or_alloc_nodeEEEPSt13_Rb_tree_nodeISB_ESM_PSt18_Rb_tree_node_baseRT0_
---------------- W _ZNSt8_Rb_treeINSt7__cxx1112basic_stringIcSt11char_traitsIcESaIcEEESt4pairIKS5_PN11flatbuffers7EnumDefEESt10_Select1stISB_ESt4lessIS5_ESaISB_EE8_M_eraseEPSt13_Rb_tree_nodeISB_E
---------------- W _ZNSt8_Rb_treeINSt7__cxx1112basic_stringIcSt11char_traitsIcESaIcEEESt4pairIKS5_PN11flatbuffers7EnumDefEESt10_Select1stISB_ESt4lessIS5_ESaISB_EEaSERKSH_
---------------- W _ZNSt8_Rb_treeINSt7__cxx1112basic_stringIcSt11char_traitsIcESaIcEEESt4pairIKS5_PN11flatbuffers7EnumValEESt10_Select1stISB_ESt4lessIS5_ESaISB_EE12_M_drop_nodeEPSt13_Rb_tree_nodeISB_E
---------------- W _ZNSt8_Rb_treeINSt7__cxx1112basic_stringIcSt11char_traitsIcESaIcEEESt4pairIKS5_PN11flatbuffers7EnumValEESt10_Select1stISB_ESt4lessIS5_ESaISB_EE17_M_construct_nodeIJRKSt21piecewise_construct_tSt5tupleIJRS7_EESM_IJEEEEEvPSt13_Rb_tree_nodeISB_EDpOT_
---------------- W _ZNSt8_Rb_treeINSt7__cxx1112basic_stringIcSt11char_traitsIcESaIcEEESt4pairIKS5_PN11flatbuffers7EnumValEESt10_Select1stISB_ESt4lessIS5_ESaISB_EE22_M_emplace_hint_uniqueIJRKSt21piecewise_construct_tSt5tupleIJRS7_EESM_IJEEEEESt17_Rb_tree_iteratorISB_ESt23_Rb_tree_const_iteratorISB_EDpOT_
---------------- W _ZNSt8_Rb_treeINSt7__cxx1112basic_stringIcSt11char_traitsIcESaIcEEESt4pairIKS5_PN11flatbuffers7EnumValEESt10_Select1stISB_ESt4lessIS5_ESaISB_EE24_M_get_insert_unique_posERS7_
---------------- W _ZNSt8_Rb_treeINSt7__cxx1112basic_stringIcSt11char_traitsIcESaIcEEESt4pairIKS5_PN11flatbuffers7EnumValEESt10_Select1stISB_ESt4lessIS5_ESaISB_EE29_M_get_insert_hint_unique_posESt23_Rb_tree_const_iteratorISB_ERS7_
---------------- W _ZNSt8_Rb_treeINSt7__cxx1112basic_stringIcSt11char_traitsIcESaIcEEESt4pairIKS5_PN11flatbuffers7EnumValEESt10_Select1stISB_ESt4lessIS5_ESaISB_EE4findERS7_
---------------- W _ZNSt8_Rb_treeINSt7__cxx1112basic_stringIcSt11char_traitsIcESaIcEEESt4pairIKS5_PN11flatbuffers7EnumValEESt10_Select1stISB_ESt4lessIS5_ESaISB_EE8_M_eraseEPSt13_Rb_tree_nodeISB_E
---------------- W _ZNSt8_Rb_treeINSt7__cxx1112basic_stringIcSt11char_traitsIcESaIcEEESt4pairIKS5_PN11flatbuffers7RPCCallEESt10_Select1stISB_ESt4lessIS5_ESaISB_EE12_M_drop_nodeEPSt13_Rb_tree_nodeISB_E
---------------- W _ZNSt8_Rb_treeINSt7__cxx1112basic_stringIcSt11char_traitsIcESaIcEEESt4pairIKS5_PN11flatbuffers7RPCCallEESt10_Select1stISB_ESt4lessIS5_ESaISB_EE17_M_construct_nodeIJRKSt21piecewise_construct_tSt5tupleIJRS7_EESM_IJEEEEEvPSt13_Rb_tree_nodeISB_EDpOT_
---------------- W _ZNSt8_Rb_treeINSt7__cxx1112basic_stringIcSt11char_traitsIcESaIcEEESt4pairIKS5_PN11flatbuffers7RPCCallEESt10_Select1stISB_ESt4lessIS5_ESaISB_EE22_M_emplace_hint_uniqueIJRKSt21piecewise_construct_tSt5tupleIJRS7_EESM_IJEEEEESt17_Rb_tree_iteratorISB_ESt23_Rb_tree_const_iteratorISB_EDpOT_
---------------- W _ZNSt8_Rb_treeINSt7__cxx1112basic_stringIcSt11char_traitsIcESaIcEEESt4pairIKS5_PN11flatbuffers7RPCCallEESt10_Select1stISB_ESt4lessIS5_ESaISB_EE24_M_get_insert_unique_posERS7_
---------------- W _ZNSt8_Rb_treeINSt7__cxx1112basic_stringIcSt11char_traitsIcESaIcEEESt4pairIKS5_PN11flatbuffers7RPCCallEESt10_Select1stISB_ESt4lessIS5_ESaISB_EE29_M_get_insert_hint_unique_posESt23_Rb_tree_const_iteratorISB_ERS7_
---------------- W _ZNSt8_Rb_treeINSt7__cxx1112basic_stringIcSt11char_traitsIcESaIcEEESt4pairIKS5_PN11flatbuffers7RPCCallEESt10_Select1stISB_ESt4lessIS5_ESaISB_EE4findERS7_
---------------- W _ZNSt8_Rb_treeINSt7__cxx1112basic_stringIcSt11char_traitsIcESaIcEEESt4pairIKS5_PN11flatbuffers7RPCCallEESt10_Select1stISB_ESt4lessIS5_ESaISB_EE8_M_eraseEPSt13_Rb_tree_nodeISB_E
---------------- W _ZNSt8_Rb_treeINSt7__cxx1112basic_stringIcSt11char_traitsIcESaIcEEESt4pairIKS5_PN11flatbuffers8FieldDefEESt10_Select1stISB_ESt4lessIS5_ESaISB_EE12_M_drop_nodeEPSt13_Rb_tree_nodeISB_E
---------------- W _ZNSt8_Rb_treeINSt7__cxx1112basic_stringIcSt11char_traitsIcESaIcEEESt4pairIKS5_PN11flatbuffers8FieldDefEESt10_Select1stISB_ESt4lessIS5_ESaISB_EE17_M_construct_nodeIJRKSt21piecewise_construct_tSt5tupleIJRS7_EESM_IJEEEEEvPSt13_Rb_tree_nodeISB_EDpOT_
---------------- W _ZNSt8_Rb_treeINSt7__cxx1112basic_stringIcSt11char_traitsIcESaIcEEESt4pairIKS5_PN11flatbuffers8FieldDefEESt10_Select1stISB_ESt4lessIS5_ESaISB_EE22_M_emplace_hint_uniqueIJRKSt21piecewise_construct_tSt5tupleIJRS7_EESM_IJEEEEESt17_Rb_tree_iteratorISB_ESt23_Rb_tree_const_iteratorISB_EDpOT_
---------------- W _ZNSt8_Rb_treeINSt7__cxx1112basic_stringIcSt11char_traitsIcESaIcEEESt4pairIKS5_PN11flatbuffers8FieldDefEESt10_Select1stISB_ESt4lessIS5_ESaISB_EE24_M_get_insert_unique_posERS7_
---------------- W _ZNSt8_Rb_treeINSt7__cxx1112basic_stringIcSt11char_traitsIcESaIcEEESt4pairIKS5_PN11flatbuffers8FieldDefEESt10_Select1stISB_ESt4lessIS5_ESaISB_EE29_M_get_insert_hint_unique_posESt23_Rb_tree_const_iteratorISB_ERS7_
---------------- W _ZNSt8_Rb_treeINSt7__cxx1112basic_stringIcSt11char_traitsIcESaIcEEESt4pairIKS5_PN11flatbuffers8FieldDefEESt10_Select1stISB_ESt4lessIS5_ESaISB_EE4findERS7_
---------------- W _ZNSt8_Rb_treeINSt7__cxx1112basic_stringIcSt11char_traitsIcESaIcEEESt4pairIKS5_PN11flatbuffers8FieldDefEESt10_Select1stISB_ESt4lessIS5_ESaISB_EE8_M_eraseEPSt13_Rb_tree_nodeISB_E
---------------- W _ZNSt8_Rb_treeINSt7__cxx1112basic_stringIcSt11char_traitsIcESaIcEEESt4pairIKS5_PN11flatbuffers9NamespaceEESt10_Select1stISB_ESt4lessIS5_ESaISB_EE12_M_drop_nodeEPSt13_Rb_tree_nodeISB_E
---------------- W _ZNSt8_Rb_treeINSt7__cxx1112basic_stringIcSt11char_traitsIcESaIcEEESt4pairIKS5_PN11flatbuffers9NamespaceEESt10_Select1stISB_ESt4lessIS5_ESaISB_EE17_M_construct_nodeIJRKSt21piecewise_construct_tSt5tupleIJRS7_EESM_IJEEEEEvPSt13_Rb_tree_nodeISB_EDpOT_
---------------- W _ZNSt8_Rb_treeINSt7__cxx1112basic_stringIcSt11char_traitsIcESaIcEEESt4pairIKS5_PN11flatbuffers9NamespaceEESt10_Select1stISB_ESt4lessIS5_ESaISB_EE22_M_emplace_hint_uniqueIJRKSt21piecewise_construct_tSt5tupleIJRS7_EESM_IJEEEEESt17_Rb_tree_iteratorISB_ESt23_Rb_tree_const_iteratorISB_EDpOT_
---------------- W _ZNSt8_Rb_treeINSt7__cxx1112basic_stringIcSt11char_traitsIcESaIcEEESt4pairIKS5_PN11flatbuffers9NamespaceEESt10_Select1stISB_ESt4lessIS5_ESaISB_EE24_M_get_insert_unique_posERS7_
---------------- W _ZNSt8_Rb_treeINSt7__cxx1112basic_stringIcSt11char_traitsIcESaIcEEESt4pairIKS5_PN11flatbuffers9NamespaceEESt10_Select1stISB_ESt4lessIS5_ESaISB_EE29_M_get_insert_hint_unique_posESt23_Rb_tree_const_iteratorISB_ERS7_
---------------- W _ZNSt8_Rb_treeINSt7__cxx1112basic_stringIcSt11char_traitsIcESaIcEEESt4pairIKS5_PN11flatbuffers9NamespaceEESt10_Select1stISB_ESt4lessIS5_ESaISB_EE8_M_eraseEPSt13_Rb_tree_nodeISB_E
---------------- W _ZNSt8_Rb_treeINSt7__cxx1112basic_stringIcSt11char_traitsIcESaIcEEESt4pairIKS5_PN11flatbuffers9NamespaceEESt10_Select1stISB_ESt4lessIS5_ESaISB_EED2Ev
---------------- W _ZNSt8_Rb_treeINSt7__cxx1112basic_stringIcSt11char_traitsIcESaIcEEESt4pairIKS5_PN11flatbuffers9StructDefEESt10_Select1stISB_ESt4lessIS5_ESaISB_EE12_M_drop_nodeEPSt13_Rb_tree_nodeISB_E
---------------- W _ZNSt8_Rb_treeINSt7__cxx1112basic_stringIcSt11char_traitsIcESaIcEEESt4pairIKS5_PN11flatbuffers9StructDefEESt10_Select1stISB_ESt4lessIS5_ESaISB_EE17_M_construct_nodeIJRKSt21piecewise_construct_tSt5tupleIJRS7_EESM_IJEEEEEvPSt13_Rb_tree_nodeISB_EDpOT_
---------------- W _ZNSt8_Rb_treeINSt7__cxx1112basic_stringIcSt11char_traitsIcESaIcEEESt4pairIKS5_PN11flatbuffers9StructDefEESt10_Select1stISB_ESt4lessIS5_ESaISB_EE22_M_emplace_hint_uniqueIJRKSt21piecewise_construct_tSt5tupleIJRS7_EESM_IJEEEEESt17_Rb_tree_iteratorISB_ESt23_Rb_tree_const_iteratorISB_EDpOT_
---------------- W _ZNSt8_Rb_treeINSt7__cxx1112basic_stringIcSt11char_traitsIcESaIcEEESt4pairIKS5_PN11flatbuffers9StructDefEESt10_Select1stISB_ESt4lessIS5_ESaISB_EE24_M_get_insert_unique_posERS7_
---------------- W _ZNSt8_Rb_treeINSt7__cxx1112basic_stringIcSt11char_traitsIcESaIcEEESt4pairIKS5_PN11flatbuffers9StructDefEESt10_Select1stISB_ESt4lessIS5_ESaISB_EE29_M_get_insert_hint_unique_posESt23_Rb_tree_const_iteratorISB_ERS7_
---------------- W _ZNSt8_Rb_treeINSt7__cxx1112basic_stringIcSt11char_traitsIcESaIcEEESt4pairIKS5_PN11flatbuffers9StructDefEESt10_Select1stISB_ESt4lessIS5_ESaISB_EE4findERS7_
---------------- W _ZNSt8_Rb_treeINSt7__cxx1112basic_stringIcSt11char_traitsIcESaIcEEESt4pairIKS5_PN11flatbuffers9StructDefEESt10_Select1stISB_ESt4lessIS5_ESaISB_EE8_M_eraseEPSt13_Rb_tree_nodeISB_E
---------------- W _ZNSt8_Rb_treeINSt7__cxx1112basic_stringIcSt11char_traitsIcESaIcEEESt4pairIKS5_S5_ESt10_Select1stIS8_ESt4lessIS5_ESaIS8_EE13_M_clone_nodeILb0ENSE_11_Alloc_nodeEEEPSt13_Rb_tree_nodeIS8_ESJ_RT0_
---------------- W _ZNSt8_Rb_treeINSt7__cxx1112basic_stringIcSt11char_traitsIcESaIcEEESt4pairIKS5_S5_ESt10_Select1stIS8_ESt4lessIS5_ESaIS8_EE15_M_destroy_nodeEPSt13_Rb_tree_nodeIS8_E
---------------- W _ZNSt8_Rb_treeINSt7__cxx1112basic_stringIcSt11char_traitsIcESaIcEEESt4pairIKS5_S5_ESt10_Select1stIS8_ESt4lessIS5_ESaIS8_EE17_M_construct_nodeIJRKSt21piecewise_construct_tSt5tupleIJRS7_EESJ_IJEEEEEvPSt13_Rb_tree_nodeIS8_EDpOT_
---------------- W _ZNSt8_Rb_treeINSt7__cxx1112basic_stringIcSt11char_traitsIcESaIcEEESt4pairIKS5_S5_ESt10_Select1stIS8_ESt4lessIS5_ESaIS8_EE22_M_emplace_hint_uniqueIJRKSt21piecewise_construct_tSt5tupleIJOS5_EESJ_IJEEEEESt17_Rb_tree_iteratorIS8_ESt23_Rb_tree_const_iteratorIS8_EDpOT_
---------------- W _ZNSt8_Rb_treeINSt7__cxx1112basic_stringIcSt11char_traitsIcESaIcEEESt4pairIKS5_S5_ESt10_Select1stIS8_ESt4lessIS5_ESaIS8_EE22_M_emplace_hint_uniqueIJRKSt21piecewise_construct_tSt5tupleIJRS7_EESJ_IJEEEEESt17_Rb_tree_iteratorIS8_ESt23_Rb_tree_const_iteratorIS8_EDpOT_
---------------- W _ZNSt8_Rb_treeINSt7__cxx1112basic_stringIcSt11char_traitsIcESaIcEEESt4pairIKS5_S5_ESt10_Select1stIS8_ESt4lessIS5_ESaIS8_EE24_M_get_insert_unique_posERS7_
---------------- W _ZNSt8_Rb_treeINSt7__cxx1112basic_stringIcSt11char_traitsIcESaIcEEESt4pairIKS5_S5_ESt10_Select1stIS8_ESt4lessIS5_ESaIS8_EE29_M_get_insert_hint_unique_posESt23_Rb_tree_const_iteratorIS8_ERS7_
---------------- W _ZNSt8_Rb_treeINSt7__cxx1112basic_stringIcSt11char_traitsIcESaIcEEESt4pairIKS5_S5_ESt10_Select1stIS8_ESt4lessIS5_ESaIS8_EE4findERS7_
---------------- W _ZNSt8_Rb_treeINSt7__cxx1112basic_stringIcSt11char_traitsIcESaIcEEESt4pairIKS5_S5_ESt10_Select1stIS8_ESt4lessIS5_ESaIS8_EE7_M_copyILb0ENSE_11_Alloc_nodeEEEPSt13_Rb_tree_nodeIS8_ESJ_PSt18_Rb_tree_node_baseRT0_
---------------- W _ZNSt8_Rb_treeINSt7__cxx1112basic_stringIcSt11char_traitsIcESaIcEEESt4pairIKS5_S5_ESt10_Select1stIS8_ESt4lessIS5_ESaIS8_EE8_M_eraseEPSt13_Rb_tree_nodeIS8_E
---------------- W _ZNSt8_Rb_treeINSt7__cxx1112basic_stringIcSt11char_traitsIcESaIcEEESt4pairIKS5_S5_ESt10_Select1stIS8_ESt4lessIS5_ESaIS8_EED2Ev
---------------- W _ZNSt8_Rb_treeINSt7__cxx1112basic_stringIcSt11char_traitsIcESaIcEEESt4pairIKS5_St10shared_ptrIN11flatbuffers13CodeGeneratorEEESt10_Select1stISC_ESt4lessIS5_ESaISC_EE15_M_destroy_nodeEPSt13_Rb_tree_nodeISC_E
---------------- W _ZNSt8_Rb_treeINSt7__cxx1112basic_stringIcSt11char_traitsIcESaIcEEESt4pairIKS5_St10shared_ptrIN11flatbuffers13CodeGeneratorEEESt10_Select1stISC_ESt4lessIS5_ESaISC_EE22_M_emplace_hint_uniqueIJRKSt21piecewise_construct_tSt5tupleIJOS5_EESN_IJEEEEESt17_Rb_tree_iteratorISC_ESt23_Rb_tree_const_iteratorISC_EDpOT_
---------------- W _ZNSt8_Rb_treeINSt7__cxx1112basic_stringIcSt11char_traitsIcESaIcEEESt4pairIKS5_St10shared_ptrIN11flatbuffers13CodeGeneratorEEESt10_Select1stISC_ESt4lessIS5_ESaISC_EE24_M_get_insert_unique_posERS7_
---------------- W _ZNSt8_Rb_treeINSt7__cxx1112basic_stringIcSt11char_traitsIcESaIcEEESt4pairIKS5_St10shared_ptrIN11flatbuffers13CodeGeneratorEEESt10_Select1stISC_ESt4lessIS5_ESaISC_EE29_M_get_insert_hint_unique_posESt23_Rb_tree_const_iteratorISC_ERS7_
---------------- W _ZNSt8_Rb_treeINSt7__cxx1112basic_stringIcSt11char_traitsIcESaIcEEESt4pairIKS5_St10shared_ptrIN11flatbuffers13CodeGeneratorEEESt10_Select1stISC_ESt4lessIS5_ESaISC_EE4findERS7_
---------------- W _ZNSt8_Rb_treeINSt7__cxx1112basic_stringIcSt11char_traitsIcESaIcEEESt4pairIKS5_St10shared_ptrIN11flatbuffers13CodeGeneratorEEESt10_Select1stISC_ESt4lessIS5_ESaISC_EE8_M_eraseEPSt13_Rb_tree_nodeISC_E
---------------- W _ZNSt8_Rb_treeINSt7__cxx1112basic_stringIcSt11char_traitsIcESaIcEEESt4pairIKS5_St3setIN11flatbuffers12IncludedFileESt4lessISA_ESaISA_EEESt10_Select1stISF_ESB_IS5_ESaISF_EE12_M_drop_nodeEPSt13_Rb_tree_nodeISF_E
---------------- W _ZNSt8_Rb_treeINSt7__cxx1112basic_stringIcSt11char_traitsIcESaIcEEESt4pairIKS5_St3setIN11flatbuffers12IncludedFileESt4lessISA_ESaISA_EEESt10_Select1stISF_ESB_IS5_ESaISF_EE17_M_construct_nodeIJRKSt21piecewise_construct_tSt5tupleIJRS7_EESP_IJEEEEEvPSt13_Rb_tree_nodeISF_EDpOT_
---------------- W _ZNSt8_Rb_treeINSt7__cxx1112basic_stringIcSt11char_traitsIcESaIcEEESt4pairIKS5_St3setIN11flatbuffers12IncludedFileESt4lessISA_ESaISA_EEESt10_Select1stISF_ESB_IS5_ESaISF_EE22_M_emplace_hint_uniqueIJRKSt21piecewise_construct_tSt5tupleIJOS5_EESP_IJEEEEESt17_Rb_tree_iteratorISF_ESt23_Rb_tree_const_iteratorISF_EDpOT_
---------------- W _ZNSt8_Rb_treeINSt7__cxx1112basic_stringIcSt11char_traitsIcESaIcEEESt4pairIKS5_St3setIN11flatbuffers12IncludedFileESt4lessISA_ESaISA_EEESt10_Select1stISF_ESB_IS5_ESaISF_EE22_M_emplace_hint_uniqueIJRKSt21piecewise_construct_tSt5tupleIJRS7_EESP_IJEEEEESt17_Rb_tree_iteratorISF_ESt23_Rb_tree_const_iteratorISF_EDpOT_
---------------- W _ZNSt8_Rb_treeINSt7__cxx1112basic_stringIcSt11char_traitsIcESaIcEEESt4pairIKS5_St3setIN11flatbuffers12IncludedFileESt4lessISA_ESaISA_EEESt10_Select1stISF_ESB_IS5_ESaISF_EE24_M_get_insert_unique_posERS7_
---------------- W _ZNSt8_Rb_treeINSt7__cxx1112basic_stringIcSt11char_traitsIcESaIcEEESt4pairIKS5_St3setIN11flatbuffers12IncludedFileESt4lessISA_ESaISA_EEESt10_Select1stISF_ESB_IS5_ESaISF_EE29_M_get_insert_hint_unique_posESt23_Rb_tree_const_iteratorISF_ERS7_
---------------- W _ZNSt8_Rb_treeINSt7__cxx1112basic_stringIcSt11char_traitsIcESaIcEEESt4pairIKS5_St3setIN11flatbuffers12IncludedFileESt4lessISA_ESaISA_EEESt10_Select1stISF_ESB_IS5_ESaISF_EE8_M_eraseEPSt13_Rb_tree_nodeISF_E
---------------- W _ZNSt8_Rb_treeINSt7__cxx1112basic_stringIcSt11char_traitsIcESaIcEEESt4pairIKS5_St3setIN11flatbuffers12IncludedFileESt4lessISA_ESaISA_EEESt10_Select1stISF_ESB_IS5_ESaISF_EED2Ev
---------------- W _ZNSt8_Rb_treeINSt7__cxx1112basic_stringIcSt11char_traitsIcESaIcEEESt4pairIKS5_St3setIS5_St4lessIS5_ESaIS5_EEESt10_Select1stISD_ESA_SaISD_EE15_M_destroy_nodeEPSt13_Rb_tree_nodeISD_E
---------------- W _ZNSt8_Rb_treeINSt7__cxx1112basic_stringIcSt11char_traitsIcESaIcEEESt4pairIKS5_St3setIS5_St4lessIS5_ESaIS5_EEESt10_Select1stISD_ESA_SaISD_EE17_M_construct_nodeIJRKSt21piecewise_construct_tSt5tupleIJRS7_EESM_IJEEEEEvPSt13_Rb_tree_nodeISD_EDpOT_
---------------- W _ZNSt8_Rb_treeINSt7__cxx1112basic_stringIcSt11char_traitsIcESaIcEEESt4pairIKS5_St3setIS5_St4lessIS5_ESaIS5_EEESt10_Select1stISD_ESA_SaISD_EE22_M_emplace_hint_uniqueIJRKSt21piecewise_construct_tSt5tupleIJRS7_EESM_IJEEEEESt17_Rb_tree_iteratorISD_ESt23_Rb_tree_const_iteratorISD_EDpOT_
---------------- W _ZNSt8_Rb_treeINSt7__cxx1112basic_stringIcSt11char_traitsIcESaIcEEESt4pairIKS5_St3setIS5_St4lessIS5_ESaIS5_EEESt10_Select1stISD_ESA_SaISD_EE24_M_get_insert_unique_posERS7_
---------------- W _ZNSt8_Rb_treeINSt7__cxx1112basic_stringIcSt11char_traitsIcESaIcEEESt4pairIKS5_St3setIS5_St4lessIS5_ESaIS5_EEESt10_Select1stISD_ESA_SaISD_EE29_M_get_insert_hint_unique_posESt23_Rb_tree_const_iteratorISD_ERS7_
---------------- W _ZNSt8_Rb_treeINSt7__cxx1112basic_stringIcSt11char_traitsIcESaIcEEESt4pairIKS5_St3setIS5_St4lessIS5_ESaIS5_EEESt10_Select1stISD_ESA_SaISD_EE4findERS7_
---------------- W _ZNSt8_Rb_treeINSt7__cxx1112basic_stringIcSt11char_traitsIcESaIcEEESt4pairIKS5_St3setIS5_St4lessIS5_ESaIS5_EEESt10_Select1stISD_ESA_SaISD_EE8_M_eraseEPSt13_Rb_tree_nodeISD_E
---------------- W _ZNSt8_Rb_treeINSt7__cxx1112basic_stringIcSt11char_traitsIcESaIcEEESt4pairIKS5_St3setIS5_St4lessIS5_ESaIS5_EEESt10_Select1stISD_ESA_SaISD_EED2Ev
---------------- t _ZNSt8_Rb_treeINSt7__cxx1112basic_stringIcSt11char_traitsIcESaIcEEESt4pairIKS5_ZN11flatbuffersL26GenerateRustModuleRootFileERKNS8_6ParserERS7_E6ModuleESt10_Select1stISE_ESt4lessIS5_ESaISE_EE8_M_eraseEPSt13_Rb_tree_nodeISE_E
---------------- W _ZNSt8_Rb_treeINSt7__cxx1112basic_stringIcSt11char_traitsIcESaIcEEESt4pairIKS5_bESt10_Select1stIS8_ESt4lessIS5_ESaIS8_EE12_M_drop_nodeEPSt13_Rb_tree_nodeIS8_E
---------------- W _ZNSt8_Rb_treeINSt7__cxx1112basic_stringIcSt11char_traitsIcESaIcEEESt4pairIKS5_bESt10_Select1stIS8_ESt4lessIS5_ESaIS8_EE17_M_construct_nodeIJRKSt21piecewise_construct_tSt5tupleIJRS7_EESJ_IJEEEEEvPSt13_Rb_tree_nodeIS8_EDpOT_
---------------- W _ZNSt8_Rb_treeINSt7__cxx1112basic_stringIcSt11char_traitsIcESaIcEEESt4pairIKS5_bESt10_Select1stIS8_ESt4lessIS5_ESaIS8_EE22_M_emplace_hint_uniqueIJRKSt21piecewise_construct_tSt5tupleIJOS5_EESJ_IJEEEEESt17_Rb_tree_iteratorIS8_ESt23_Rb_tree_const_iteratorIS8_EDpOT_
---------------- W _ZNSt8_Rb_treeINSt7__cxx1112basic_stringIcSt11char_traitsIcESaIcEEESt4pairIKS5_bESt10_Select1stIS8_ESt4lessIS5_ESaIS8_EE22_M_emplace_hint_uniqueIJRKSt21piecewise_construct_tSt5tupleIJRS7_EESJ_IJEEEEESt17_Rb_tree_iteratorIS8_ESt23_Rb_tree_const_iteratorIS8_EDpOT_
---------------- W _ZNSt8_Rb_treeINSt7__cxx1112basic_stringIcSt11char_traitsIcESaIcEEESt4pairIKS5_bESt10_Select1stIS8_ESt4lessIS5_ESaIS8_EE24_M_get_insert_unique_posERS7_
---------------- W _ZNSt8_Rb_treeINSt7__cxx1112basic_stringIcSt11char_traitsIcESaIcEEESt4pairIKS5_bESt10_Select1stIS8_ESt4lessIS5_ESaIS8_EE29_M_get_insert_hint_unique_posESt23_Rb_tree_const_iteratorIS8_ERS7_
---------------- W _ZNSt8_Rb_treeINSt7__cxx1112basic_stringIcSt11char_traitsIcESaIcEEESt4pairIKS5_bESt10_Select1stIS8_ESt4lessIS5_ESaIS8_EE4findERS7_
---------------- W _ZNSt8_Rb_treeINSt7__cxx1112basic_stringIcSt11char_traitsIcESaIcEEESt4pairIKS5_bESt10_Select1stIS8_ESt4lessIS5_ESaIS8_EE8_M_eraseEPSt13_Rb_tree_nodeIS8_E
---------------- W _ZNSt8_Rb_treeINSt7__cxx1112basic_stringIcSt11char_traitsIcESaIcEEESt4pairIKS5_bESt10_Select1stIS8_ESt4lessIS5_ESaIS8_EED2Ev
---------------- W _ZNSt8_Rb_treeIPKN11flatbuffers10DefinitionES3_St9_IdentityIS3_ENS0_2go11GoGenerator16NamespacePtrLessESaIS3_EE16_M_insert_uniqueIRKS3_EESt4pairISt17_Rb_tree_iteratorIS3_EbEOT_
---------------- W _ZNSt8_Rb_treeIPKN11flatbuffers10DefinitionES3_St9_IdentityIS3_ENS0_2go11GoGenerator16NamespacePtrLessESaIS3_EE8_M_eraseEPSt13_Rb_tree_nodeIS3_E
---------------- W _ZNSt8_Rb_treeIPKN11flatbuffers10DefinitionES3_St9_IdentityIS3_ENS0_2go11GoGenerator16NamespacePtrLessESaIS3_EED2Ev
---------------- W _ZNSt8_Rb_treeIPN11flatbuffers8FieldDefES2_St9_IdentityIS2_ESt4lessIS2_ESaIS2_EE16_M_insert_uniqueIRKS2_EESt4pairISt17_Rb_tree_iteratorIS2_EbEOT_
---------------- W _ZNSt8_Rb_treeIPN11flatbuffers8FieldDefES2_St9_IdentityIS2_ESt4lessIS2_ESaIS2_EE16_M_insert_uniqueIS2_EESt4pairISt17_Rb_tree_iteratorIS2_EbEOT_
---------------- W _ZNSt8_Rb_treeIPN11flatbuffers8FieldDefES2_St9_IdentityIS2_ESt4lessIS2_ESaIS2_EE8_M_eraseEPSt13_Rb_tree_nodeIS2_E
---------------- W _ZNSt8_Rb_treeIPN11flatbuffers8FieldDefES2_St9_IdentityIS2_ESt4lessIS2_ESaIS2_EED2Ev
---------------- W _ZNSt8_Rb_treeISt4pairIN11flatbuffers8BaseTypeEPNS1_9StructDefEES5_St9_IdentityIS5_ESt4lessIS5_ESaIS5_EE16_M_insert_uniqueIS5_EES0_ISt17_Rb_tree_iteratorIS5_EbEOT_
---------------- W _ZNSt8_Rb_treeISt4pairIN11flatbuffers8BaseTypeEPNS1_9StructDefEES5_St9_IdentityIS5_ESt4lessIS5_ESaIS5_EE8_M_eraseEPSt13_Rb_tree_nodeIS5_E
---------------- W _ZNSt8_Rb_treeISt4pairINSt7__cxx1112basic_stringIcSt11char_traitsIcESaIcEEES6_ES7_St9_IdentityIS7_ESt4lessIS7_ESaIS7_EE10_M_insert_IS7_NSD_11_Alloc_nodeEEESt17_Rb_tree_iteratorIS7_EPSt18_Rb_tree_node_baseSJ_OT_RT0_
---------------- W _ZNSt8_Rb_treeISt4pairINSt7__cxx1112basic_stringIcSt11char_traitsIcESaIcEEES6_ES7_St9_IdentityIS7_ESt4lessIS7_ESaIS7_EE16_M_insert_uniqueIRKS7_EES0_ISt17_Rb_tree_iteratorIS7_EbEOT_
---------------- W _ZNSt8_Rb_treeISt4pairINSt7__cxx1112basic_stringIcSt11char_traitsIcESaIcEEES6_ES7_St9_IdentityIS7_ESt4lessIS7_ESaIS7_EE8_M_eraseEPSt13_Rb_tree_nodeIS7_E
---------------- W _ZNSt8_Rb_treeISt4pairImmES1_St9_IdentityIS1_EN11flexbuffers7Builder19StringOffsetCompareESaIS1_EE16_M_insert_uniqueIRKS1_EES0_ISt17_Rb_tree_iteratorIS1_EbEOT_
---------------- W _ZNSt8_Rb_treeISt4pairImmES1_St9_IdentityIS1_EN11flexbuffers7Builder19StringOffsetCompareESaIS1_EE24_M_get_insert_unique_posERKS1_
---------------- W _ZNSt8_Rb_treeISt4pairImmES1_St9_IdentityIS1_EN11flexbuffers7Builder19StringOffsetCompareESaIS1_EE8_M_eraseEPSt13_Rb_tree_nodeIS1_E
---------------- W _ZNSt8_Rb_treeImSt4pairIKmN11flatbuffers13BinarySectionEESt10_Select1stIS4_ESt4lessImESaIS4_EE14_M_create_nodeIJRKS4_EEEPSt13_Rb_tree_nodeIS4_EDpOT_
---------------- W _ZNSt8_Rb_treeImSt4pairIKmN11flatbuffers13BinarySectionEESt10_Select1stIS4_ESt4lessImESaIS4_EE17_M_emplace_uniqueIJS0_ImS3_EEEES0_ISt17_Rb_tree_iteratorIS4_EbEDpOT_
---------------- W _ZNSt8_Rb_treeImSt4pairIKmN11flatbuffers13BinarySectionEESt10_Select1stIS4_ESt4lessImESaIS4_EE22_M_emplace_hint_uniqueIJRKSt21piecewise_construct_tSt5tupleIJRS1_EESF_IJEEEEESt17_Rb_tree_iteratorIS4_ESt23_Rb_tree_const_iteratorIS4_EDpOT_
---------------- W _ZNSt8_Rb_treeImSt4pairIKmN11flatbuffers13BinarySectionEESt10_Select1stIS4_ESt4lessImESaIS4_EE29_M_get_insert_hint_unique_posESt23_Rb_tree_const_iteratorIS4_ERS1_
---------------- W _ZNSt8_Rb_treeImSt4pairIKmN11flatbuffers13BinarySectionEESt10_Select1stIS4_ESt4lessImESaIS4_EE7_M_copyILb0ENSA_11_Alloc_nodeEEEPSt13_Rb_tree_nodeIS4_ESF_PSt18_Rb_tree_node_baseRT0_
---------------- W _ZNSt8_Rb_treeImSt4pairIKmN11flatbuffers13BinarySectionEESt10_Select1stIS4_ESt4lessImESaIS4_EE8_M_eraseEPSt13_Rb_tree_nodeIS4_E
---------------- W _ZNSt8_Rb_treeImSt4pairIKmNSt7__cxx1112basic_stringIcSt11char_traitsIcESaIcEEEESt10_Select1stIS8_ESt4lessImESaIS8_EE12_M_drop_nodeEPSt13_Rb_tree_nodeIS8_E
---------------- W _ZNSt8_Rb_treeImSt4pairIKmNSt7__cxx1112basic_stringIcSt11char_traitsIcESaIcEEEESt10_Select1stIS8_ESt4lessImESaIS8_EE12_M_erase_auxESt23_Rb_tree_const_iteratorIS8_ESG_
---------------- W _ZNSt8_Rb_treeImSt4pairIKmNSt7__cxx1112basic_stringIcSt11char_traitsIcESaIcEEEESt10_Select1stIS8_ESt4lessImESaIS8_EE22_M_emplace_hint_uniqueIJRKSt21piecewise_construct_tSt5tupleIJRS1_EESJ_IJEEEEESt17_Rb_tree_iteratorIS8_ESt23_Rb_tree_const_iteratorIS8_EDpOT_
---------------- W _ZNSt8_Rb_treeImSt4pairIKmNSt7__cxx1112basic_stringIcSt11char_traitsIcESaIcEEEESt10_Select1stIS8_ESt4lessImESaIS8_EE29_M_get_insert_hint_unique_posESt23_Rb_tree_const_iteratorIS8_ERS1_
---------------- W _ZNSt8_Rb_treeImSt4pairIKmNSt7__cxx1112basic_stringIcSt11char_traitsIcESaIcEEEESt10_Select1stIS8_ESt4lessImESaIS8_EE8_M_eraseEPSt13_Rb_tree_nodeIS8_E
---------------- W _ZNSt8_Rb_treeImSt4pairIKmNSt7__cxx1112basic_stringIcSt11char_traitsIcESaIcEEEESt10_Select1stIS8_ESt4lessImESaIS8_EED2Ev
---------------- W _ZNSt8_Rb_treeImSt4pairIKmNSt7__cxx114listIN11flatbuffers15BinaryAnnotator6VTableESaIS6_EEEESt10_Select1stIS9_ESt4lessImESaIS9_EE15_M_destroy_nodeEPSt13_Rb_tree_nodeIS9_E
---------------- W _ZNSt8_Rb_treeImSt4pairIKmNSt7__cxx114listIN11flatbuffers15BinaryAnnotator6VTableESaIS6_EEEESt10_Select1stIS9_ESt4lessImESaIS9_EE22_M_emplace_hint_uniqueIJRKSt21piecewise_construct_tSt5tupleIJRS1_EESK_IJEEEEESt17_Rb_tree_iteratorIS9_ESt23_Rb_tree_const_iteratorIS9_EDpOT_
---------------- W _ZNSt8_Rb_treeImSt4pairIKmNSt7__cxx114listIN11flatbuffers15BinaryAnnotator6VTableESaIS6_EEEESt10_Select1stIS9_ESt4lessImESaIS9_EE29_M_get_insert_hint_unique_posESt23_Rb_tree_const_iteratorIS9_ERS1_
---------------- W _ZNSt8_Rb_treeImSt4pairIKmNSt7__cxx114listIN11flatbuffers15BinaryAnnotator6VTableESaIS6_EEEESt10_Select1stIS9_ESt4lessImESaIS9_EE8_M_eraseEPSt13_Rb_tree_nodeIS9_E
---------------- W _ZNSt8_Rb_treeImmSt9_IdentityImEN11flexbuffers7Builder16KeyOffsetCompareESaImEE16_M_insert_uniqueIRKmEESt4pairISt17_Rb_tree_iteratorImEbEOT_
---------------- W _ZNSt8_Rb_treeImmSt9_IdentityImEN11flexbuffers7Builder16KeyOffsetCompareESaImEE8_M_eraseEPSt13_Rb_tree_nodeImE
---------------- W _ZNSt8_Rb_treeItSt4pairIKtN11flatbuffers15BinaryAnnotator6VTable5EntryEESt10_Select1stIS6_ESt4lessItESaIS6_EE17_M_emplace_uniqueIJS0_ItS5_EEEES0_ISt17_Rb_tree_iteratorIS6_EbEDpOT_
---------------- W _ZNSt8_Rb_treeItSt4pairIKtN11flatbuffers15BinaryAnnotator6VTable5EntryEESt10_Select1stIS6_ESt4lessItESaIS6_EE7_M_copyILb0ENSC_11_Alloc_nodeEEEPSt13_Rb_tree_nodeIS6_ESH_PSt18_Rb_tree_node_baseRT0_
---------------- W _ZNSt8_Rb_treeItSt4pairIKtN11flatbuffers15BinaryAnnotator6VTable5EntryEESt10_Select1stIS6_ESt4lessItESaIS6_EE8_M_eraseEPSt13_Rb_tree_nodeIS6_E
                 U _ZNSt8__detail15_List_node_base7_M_hookEPS0_
                 U _ZNSt8__detail15_List_node_base9_M_unhookEv
---------------- W _ZNSt8__detail16_Hashtable_allocISaINS_10_Hash_nodeINSt7__cxx1112basic_stringIcSt11char_traitsIcESaIcEEELb1EEEEE16_M_allocate_nodeIJRKPKcEEEPS8_DpOT_
---------------- W _ZNSt8__detail16_Hashtable_allocISaINS_10_Hash_nodeISt4pairIKNSt7__cxx1112basic_stringIcSt11char_traitsIcESaIcEEEtELb1EEEEE16_M_allocate_nodeIJRS9_tEEEPSB_DpOT_
                 U _ZNSt8ios_base4InitC1Ev
                 U _ZNSt8ios_base4InitD1Ev
                 U _ZNSt8ios_baseD2Ev
                 U _ZNSt9basic_iosIcSt11char_traitsIcEE5clearESt12_Ios_Iostate
                 U _ZSt11_Hash_bytesPKvmm
---------------- W _ZSt12__move_mergeIN9__gnu_cxx17__normal_iteratorIPN11flatbuffers12BinaryRegionESt6vectorIS3_SaIS3_EEEES4_NS0_5__ops15_Iter_comp_iterIPFbRKS3_SC_EEEET0_T_SH_SH_SH_SG_T1_
---------------- W _ZSt12__move_mergeIN9__gnu_cxx17__normal_iteratorIPN11flatbuffers12IncludedFileESt6vectorIS3_SaIS3_EEEES4_NS0_5__ops15_Iter_less_iterEET0_T_SC_SC_SC_SB_T1_
---------------- W _ZSt12__move_mergeIN9__gnu_cxx17__normal_iteratorIPSt10unique_ptrIKN14grpc_generator6MethodESt14default_deleteIS5_EESt6vectorIS8_SaIS8_EEEES9_NS0_5__ops15_Iter_comp_iterIPFbRKS8_SH_EEEET0_T_SM_SM_SM_SL_T1_
---------------- W _ZSt12__move_mergeIPN11flatbuffers12BinaryRegionEN9__gnu_cxx17__normal_iteratorIS2_St6vectorIS1_SaIS1_EEEENS3_5__ops15_Iter_comp_iterIPFbRKS1_SC_EEEET0_T_SH_SH_SH_SG_T1_
---------------- W _ZSt12__move_mergeIPN11flatbuffers12IncludedFileEN9__gnu_cxx17__normal_iteratorIS2_St6vectorIS1_SaIS1_EEEENS3_5__ops15_Iter_less_iterEET0_T_SC_SC_SC_SB_T1_
---------------- W _ZSt12__move_mergeIPSt10unique_ptrIKN14grpc_generator6MethodESt14default_deleteIS3_EEN9__gnu_cxx17__normal_iteratorIS7_St6vectorIS6_SaIS6_EEEENS8_5__ops15_Iter_comp_iterIPFbRKS6_SH_EEEET0_T_SM_SM_SM_SL_T1_
---------------- t _ZSt13__adjust_heapIN9__gnu_cxx17__normal_iteratorIPPN11flatbuffers7EnumValESt6vectorIS4_SaIS4_EEEElS4_NS0_5__ops15_Iter_comp_iterIZNS2_7EnumDef11SortByValueEvE3$_9EEEvT_T0_SG_T1_T2_
---------------- t _ZSt13__adjust_heapIN9__gnu_cxx17__normal_iteratorIPPN11flatbuffers7EnumValESt6vectorIS4_SaIS4_EEEElS4_NS0_5__ops15_Iter_comp_iterIZNS2_7EnumDef11SortByValueEvE4$_10EEEvT_T0_SG_T1_T2_
---------------- t _ZSt13__adjust_heapIN9__gnu_cxx17__normal_iteratorIPSt4pairIiNSt7__cxx1112basic_stringIcSt11char_traitsIcESaIcEEEESt6vectorIS9_SaIS9_EEEElS9_NS0_5__ops15_Iter_comp_iterIZN11flatbuffers12_GLOBAL__N_121MapProtoIdsToFieldsIdERKNSH_9StructDefENSH_10IDLOptions16ProtoIdGapActionEbE3$_0EEEvT_T0_SR_T1_T2_
---------------- W _ZSt13__adjust_heapIPZN11flexbuffers7Builder6EndMapEmE8TwoValuelS2_N9__gnu_cxx5__ops15_Iter_comp_iterIZNS1_6EndMapEmEUlRKS2_S8_E_EEEvT_T0_SC_T1_T2_
---------------- W _ZSt13__heap_selectIN9__gnu_cxx17__normal_iteratorIPPN11flatbuffers7EnumDefESt6vectorIS4_SaIS4_EEEENS0_5__ops15_Iter_comp_iterIPFbPKS3_SD_EEEEvT_SH_SH_T0_
---------------- W _ZSt13__heap_selectIN9__gnu_cxx17__normal_iteratorIPPN11flatbuffers8FieldDefESt6vectorIS4_SaIS4_EEEENS0_5__ops15_Iter_comp_iterIPFbPKS3_SD_EEEEvT_SH_SH_T0_
---------------- W _ZSt13__heap_selectIN9__gnu_cxx17__normal_iteratorIPPN11flatbuffers9StructDefESt6vectorIS4_SaIS4_EEEENS0_5__ops15_Iter_comp_iterIPFbPKS3_SD_EEEEvT_SH_SH_T0_
---------------- t _ZSt13__invoke_implIvRZN11flatbuffers15BinaryAnnotator11BuildStructEmRSt6vectorINS0_12BinaryRegionESaIS3_EENSt7__cxx1112basic_stringIcSt11char_traitsIcESaIcEEEPKN10reflection6ObjectEE3$_1JPKNSD_5FieldEEET_St14__invoke_otherOT0_DpOT1_
---------------- W _ZSt13__invoke_implIvRZN11flatbuffers4rust13RustGenerator14GenTableObjectERKNS0_9StructDefEEUlRKNS0_8FieldDefEE_JS8_EET_St14__invoke_otherOT0_DpOT1_
---------------- W _ZSt13__invoke_implIvRZN11flatbuffers4rust13RustGenerator7GenEnumERKNS0_7EnumDefEEUlRKNS0_7EnumValEE1_JS8_EET_St14__invoke_otherOT0_DpOT1_
---------------- W _ZSt13__invoke_implIvRZN11flatbuffers4rust13RustGenerator7GenEnumERKNS0_7EnumDefEEUlRKNS0_7EnumValEE_JS8_EET_St14__invoke_otherOT0_DpOT1_
---------------- W _ZSt13__invoke_implIvRZN11flatbuffers4rust13RustGenerator8GenTableERKNS0_9StructDefEEUlRKNS0_8FieldDefEE10_JS8_EET_St14__invoke_otherOT0_DpOT1_
---------------- W _ZSt13__invoke_implIvRZN11flatbuffers4rust13RustGenerator8GenTableERKNS0_9StructDefEEUlRKNS0_8FieldDefEE2_JS8_EET_St14__invoke_otherOT0_DpOT1_
---------------- W _ZSt13__invoke_implIvRZNK11flatbuffers6kotlin15KotlinGenerator25GenerateStaticConstructorERKNS0_9StructDefERNS0_10CodeWriterENS0_10IDLOptionsEEUlvE_JEET_St14__invoke_otherOT0_DpOT1_
---------------- W _ZSt13__invoke_implIvRZNK11flatbuffers6kotlin15KotlinGenerator9GenStructERNS0_9StructDefERNS0_10CodeWriterENS0_10IDLOptionsEEUlvE0_JEET_St14__invoke_otherOT0_DpOT1_
---------------- W _ZSt13__invoke_implIvRZNK11flatbuffers6kotlin18KotlinKMPGenerator25GenerateStaticConstructorERKNS0_9StructDefERNS0_10CodeWriterENS0_10IDLOptionsEEUlvE_JEET_St14__invoke_otherOT0_DpOT1_
---------------- W _ZSt13__invoke_implIvRZZNK11flatbuffers6kotlin15KotlinGenerator21GenerateStructGettersERNS0_9StructDefERNS0_10CodeWriterEENKUlvE6_clEvEUlvE0_JEET_St14__invoke_otherOT0_DpOT1_
---------------- W _ZSt13__stable_sortIN9__gnu_cxx17__normal_iteratorIPN11flatbuffers12BinaryRegionESt6vectorIS3_SaIS3_EEEENS0_5__ops15_Iter_comp_iterIPFbRKS3_SC_EEEEvT_SG_T0_
---------------- W _ZSt13__stable_sortIN9__gnu_cxx17__normal_iteratorIPN11flatbuffers12IncludedFileESt6vectorIS3_SaIS3_EEEENS0_5__ops15_Iter_less_iterEEvT_SB_T0_
---------------- W _ZSt13__stable_sortIN9__gnu_cxx17__normal_iteratorIPSt10unique_ptrIKN14grpc_generator6MethodESt14default_deleteIS5_EESt6vectorIS8_SaIS8_EEEENS0_5__ops15_Iter_comp_iterIPFbRKS8_SH_EEEEvT_SL_T0_
---------------- W _ZSt13__stable_sortIPN11flatbuffers6OffsetIN10reflection10SchemaFileEEEN9__gnu_cxx5__ops15_Iter_comp_iterINS0_21FlatBufferBuilderImplILb0EE18TableKeyComparatorIS3_EEEEEvT_SE_T0_
---------------- W _ZSt13__stable_sortIPN11flatbuffers6OffsetIN10reflection4EnumEEEN9__gnu_cxx5__ops15_Iter_comp_iterINS0_21FlatBufferBuilderImplILb0EE18TableKeyComparatorIS3_EEEEEvT_SE_T0_
---------------- W _ZSt13__stable_sortIPN11flatbuffers6OffsetIN10reflection5FieldEEEN9__gnu_cxx5__ops15_Iter_comp_iterINS0_21FlatBufferBuilderImplILb0EE18TableKeyComparatorIS3_EEEEEvT_SE_T0_
---------------- W _ZSt13__stable_sortIPN11flatbuffers6OffsetIN10reflection6ObjectEEEN9__gnu_cxx5__ops15_Iter_comp_iterINS0_21FlatBufferBuilderImplILb0EE18TableKeyComparatorIS3_EEEEEvT_SE_T0_
---------------- W _ZSt13__stable_sortIPN11flatbuffers6OffsetIN10reflection7ServiceEEEN9__gnu_cxx5__ops15_Iter_comp_iterINS0_21FlatBufferBuilderImplILb0EE18TableKeyComparatorIS3_EEEEEvT_SE_T0_
---------------- W _ZSt13__stable_sortIPN11flatbuffers6OffsetIN10reflection8KeyValueEEEN9__gnu_cxx5__ops15_Iter_comp_iterINS0_21FlatBufferBuilderImplILb0EE18TableKeyComparatorIS3_EEEEEvT_SE_T0_
---------------- W _ZSt14__copy_move_a1ILb1EPN11flatbuffers12IncludedFileES2_ET1_T0_S4_S3_
---------------- W _ZSt16__insertion_sortIN9__gnu_cxx17__normal_iteratorIPN11flatbuffers12BinaryRegionESt6vectorIS3_SaIS3_EEEENS0_5__ops15_Iter_comp_iterIPFbRKS3_SC_EEEEvT_SG_T0_
---------------- W _ZSt16__insertion_sortIN9__gnu_cxx17__normal_iteratorIPN11flatbuffers12IncludedFileESt6vectorIS3_SaIS3_EEEENS0_5__ops15_Iter_less_iterEEvT_SB_T0_
---------------- t _ZSt16__insertion_sortIN9__gnu_cxx17__normal_iteratorIPPN11flatbuffers7EnumValESt6vectorIS4_SaIS4_EEEENS0_5__ops15_Iter_comp_iterIZNS2_7EnumDef11SortByValueEvE3$_9EEEvT_SF_T0_
---------------- t _ZSt16__insertion_sortIN9__gnu_cxx17__normal_iteratorIPPN11flatbuffers7EnumValESt6vectorIS4_SaIS4_EEEENS0_5__ops15_Iter_comp_iterIZNS2_7EnumDef11SortByValueEvE4$_10EEEvT_SF_T0_
---------------- W _ZSt16__insertion_sortIN9__gnu_cxx17__normal_iteratorIPSt10unique_ptrIKN14grpc_generator6MethodESt14default_deleteIS5_EESt6vectorIS8_SaIS8_EEEENS0_5__ops15_Iter_comp_iterIPFbRKS8_SH_EEEEvT_SL_T0_
---------------- t _ZSt16__insertion_sortIN9__gnu_cxx17__normal_iteratorIPSt4pairIiNSt7__cxx1112basic_stringIcSt11char_traitsIcESaIcEEEESt6vectorIS9_SaIS9_EEEENS0_5__ops15_Iter_comp_iterIZN11flatbuffers12_GLOBAL__N_121MapProtoIdsToFieldsIdERKNSH_9StructDefENSH_10IDLOptions16ProtoIdGapActionEbE3$_0EEEvT_SQ_T0_
---------------- W _ZSt16__insertion_sortIPN11flatbuffers6OffsetIN10reflection10SchemaFileEEEN9__gnu_cxx5__ops15_Iter_comp_iterINS0_21FlatBufferBuilderImplILb0EE18TableKeyComparatorIS3_EEEEEvT_SE_T0_
---------------- W _ZSt16__insertion_sortIPN11flatbuffers6OffsetIN10reflection4EnumEEEN9__gnu_cxx5__ops15_Iter_comp_iterINS0_21FlatBufferBuilderImplILb0EE18TableKeyComparatorIS3_EEEEEvT_SE_T0_
---------------- W _ZSt16__insertion_sortIPN11flatbuffers6OffsetIN10reflection5FieldEEEN9__gnu_cxx5__ops15_Iter_comp_iterINS0_21FlatBufferBuilderImplILb0EE18TableKeyComparatorIS3_EEEEEvT_SE_T0_
---------------- W _ZSt16__insertion_sortIPN11flatbuffers6OffsetIN10reflection6ObjectEEEN9__gnu_cxx5__ops15_Iter_comp_iterINS0_21FlatBufferBuilderImplILb0EE18TableKeyComparatorIS3_EEEEEvT_SE_T0_
---------------- W _ZSt16__insertion_sortIPN11flatbuffers6OffsetIN10reflection7ServiceEEEN9__gnu_cxx5__ops15_Iter_comp_iterINS0_21FlatBufferBuilderImplILb0EE18TableKeyComparatorIS3_EEEEEvT_SE_T0_
---------------- W _ZSt16__insertion_sortIPN11flatbuffers6OffsetIN10reflection8KeyValueEEEN9__gnu_cxx5__ops15_Iter_comp_iterINS0_21FlatBufferBuilderImplILb0EE18TableKeyComparatorIS3_EEEEEvT_SE_T0_
---------------- W _ZSt16__insertion_sortIPZN11flexbuffers7Builder6EndMapEmE8TwoValueN9__gnu_cxx5__ops15_Iter_comp_iterIZNS1_6EndMapEmEUlRKS2_S8_E_EEEvT_SB_T0_
---------------- W _ZSt16__introsort_loopIN9__gnu_cxx17__normal_iteratorIPPN11flatbuffers7EnumDefESt6vectorIS4_SaIS4_EEEElNS0_5__ops15_Iter_comp_iterIPFbPKS3_SD_EEEEvT_SH_T0_T1_
---------------- t _ZSt16__introsort_loopIN9__gnu_cxx17__normal_iteratorIPPN11flatbuffers7EnumValESt6vectorIS4_SaIS4_EEEElNS0_5__ops15_Iter_comp_iterIZNS2_7EnumDef11SortByValueEvE3$_9EEEvT_SF_T0_T1_
---------------- t _ZSt16__introsort_loopIN9__gnu_cxx17__normal_iteratorIPPN11flatbuffers7EnumValESt6vectorIS4_SaIS4_EEEElNS0_5__ops15_Iter_comp_iterIZNS2_7EnumDef11SortByValueEvE4$_10EEEvT_SF_T0_T1_
---------------- W _ZSt16__introsort_loopIN9__gnu_cxx17__normal_iteratorIPPN11flatbuffers8FieldDefESt6vectorIS4_SaIS4_EEEElNS0_5__ops15_Iter_comp_iterIPFbPKS3_SD_EEEEvT_SH_T0_T1_
---------------- W _ZSt16__introsort_loopIN9__gnu_cxx17__normal_iteratorIPPN11flatbuffers9StructDefESt6vectorIS4_SaIS4_EEEElNS0_5__ops15_Iter_comp_iterIPFbPKS3_SD_EEEEvT_SH_T0_T1_
---------------- t _ZSt16__introsort_loopIN9__gnu_cxx17__normal_iteratorIPSt4pairIiNSt7__cxx1112basic_stringIcSt11char_traitsIcESaIcEEEESt6vectorIS9_SaIS9_EEEElNS0_5__ops15_Iter_comp_iterIZN11flatbuffers12_GLOBAL__N_121MapProtoIdsToFieldsIdERKNSH_9StructDefENSH_10IDLOptions16ProtoIdGapActionEbE3$_0EEEvT_SQ_T0_T1_
---------------- W _ZSt16__introsort_loopIN9__gnu_cxx17__normal_iteratorIPtSt6vectorItSaItEEEElNS0_5__ops15_Iter_less_iterEEvT_S9_T0_T1_
---------------- W _ZSt16__introsort_loopIPZN11flexbuffers7Builder6EndMapEmE8TwoValuelN9__gnu_cxx5__ops15_Iter_comp_iterIZNS1_6EndMapEmEUlRKS2_S8_E_EEEvT_SB_T0_T1_
---------------- W _ZSt16__merge_adaptiveIN9__gnu_cxx17__normal_iteratorIPN11flatbuffers12BinaryRegionESt6vectorIS3_SaIS3_EEEElS4_NS0_5__ops15_Iter_comp_iterIPFbRKS3_SC_EEEEvT_SG_SG_T0_SH_T1_SH_T2_
---------------- W _ZSt16__merge_adaptiveIN9__gnu_cxx17__normal_iteratorIPN11flatbuffers12IncludedFileESt6vectorIS3_SaIS3_EEEElS4_NS0_5__ops15_Iter_less_iterEEvT_SB_SB_T0_SC_T1_SC_T2_
---------------- t _ZSt16__merge_adaptiveIN9__gnu_cxx17__normal_iteratorIPN11flatbuffers15BinaryAnnotator6VTable5EntryESt6vectorIS5_SaIS5_EEEElS6_NS0_5__ops15_Iter_comp_iterIZNS3_10BuildTableEmNS2_17BinarySectionTypeEPKN10reflection6ObjectEE3$_2EEEvT_SK_SK_T0_SL_T1_SL_T2_
---------------- W _ZSt16__merge_adaptiveIN9__gnu_cxx17__normal_iteratorIPSt10unique_ptrIKN14grpc_generator6MethodESt14default_deleteIS5_EESt6vectorIS8_SaIS8_EEEElS9_NS0_5__ops15_Iter_comp_iterIPFbRKS8_SH_EEEEvT_SL_SL_T0_SM_T1_SM_T2_
---------------- W _ZSt16__merge_adaptiveIPN11flatbuffers6OffsetIN10reflection10SchemaFileEEElS5_N9__gnu_cxx5__ops15_Iter_comp_iterINS0_21FlatBufferBuilderImplILb0EE18TableKeyComparatorIS3_EEEEEvT_SE_SE_T0_SF_T1_SF_T2_
---------------- W _ZSt16__merge_adaptiveIPN11flatbuffers6OffsetIN10reflection4EnumEEElS5_N9__gnu_cxx5__ops15_Iter_comp_iterINS0_21FlatBufferBuilderImplILb0EE18TableKeyComparatorIS3_EEEEEvT_SE_SE_T0_SF_T1_SF_T2_
---------------- W _ZSt16__merge_adaptiveIPN11flatbuffers6OffsetIN10reflection5FieldEEElS5_N9__gnu_cxx5__ops15_Iter_comp_iterINS0_21FlatBufferBuilderImplILb0EE18TableKeyComparatorIS3_EEEEEvT_SE_SE_T0_SF_T1_SF_T2_
---------------- W _ZSt16__merge_adaptiveIPN11flatbuffers6OffsetIN10reflection6ObjectEEElS5_N9__gnu_cxx5__ops15_Iter_comp_iterINS0_21FlatBufferBuilderImplILb0EE18TableKeyComparatorIS3_EEEEEvT_SE_SE_T0_SF_T1_SF_T2_
---------------- W _ZSt16__merge_adaptiveIPN11flatbuffers6OffsetIN10reflection7ServiceEEElS5_N9__gnu_cxx5__ops15_Iter_comp_iterINS0_21FlatBufferBuilderImplILb0EE18TableKeyComparatorIS3_EEEEEvT_SE_SE_T0_SF_T1_SF_T2_
---------------- W _ZSt16__merge_adaptiveIPN11flatbuffers6OffsetIN10reflection8KeyValueEEElS5_N9__gnu_cxx5__ops15_Iter_comp_iterINS0_21FlatBufferBuilderImplILb0EE18TableKeyComparatorIS3_EEEEEvT_SE_SE_T0_SF_T1_SF_T2_
                 U _ZSt16__ostream_insertIcSt11char_traitsIcEERSt13basic_ostreamIT_T0_ES6_PKS3_l
                 U _ZSt16__throw_bad_castv
---------------- W _ZSt17__merge_sort_loopIPN11flatbuffers6OffsetIN10reflection10SchemaFileEEES5_lN9__gnu_cxx5__ops15_Iter_comp_iterINS0_21FlatBufferBuilderImplILb0EE18TableKeyComparatorIS3_EEEEEvT_SE_T0_T1_T2_
---------------- W _ZSt17__merge_sort_loopIPN11flatbuffers6OffsetIN10reflection4EnumEEES5_lN9__gnu_cxx5__ops15_Iter_comp_iterINS0_21FlatBufferBuilderImplILb0EE18TableKeyComparatorIS3_EEEEEvT_SE_T0_T1_T2_
---------------- W _ZSt17__merge_sort_loopIPN11flatbuffers6OffsetIN10reflection5FieldEEES5_lN9__gnu_cxx5__ops15_Iter_comp_iterINS0_21FlatBufferBuilderImplILb0EE18TableKeyComparatorIS3_EEEEEvT_SE_T0_T1_T2_
---------------- W _ZSt17__merge_sort_loopIPN11flatbuffers6OffsetIN10reflection6ObjectEEES5_lN9__gnu_cxx5__ops15_Iter_comp_iterINS0_21FlatBufferBuilderImplILb0EE18TableKeyComparatorIS3_EEEEEvT_SE_T0_T1_T2_
---------------- W _ZSt17__merge_sort_loopIPN11flatbuffers6OffsetIN10reflection7ServiceEEES5_lN9__gnu_cxx5__ops15_Iter_comp_iterINS0_21FlatBufferBuilderImplILb0EE18TableKeyComparatorIS3_EEEEEvT_SE_T0_T1_T2_
---------------- W _ZSt17__merge_sort_loopIPN11flatbuffers6OffsetIN10reflection8KeyValueEEES5_lN9__gnu_cxx5__ops15_Iter_comp_iterINS0_21FlatBufferBuilderImplILb0EE18TableKeyComparatorIS3_EEEEEvT_SE_T0_T1_T2_
---------------- W _ZSt17__rotate_adaptiveIN9__gnu_cxx17__normal_iteratorIPN11flatbuffers12BinaryRegionESt6vectorIS3_SaIS3_EEEES4_lET_S9_S9_S9_T1_SA_T0_SA_
---------------- W _ZSt17__rotate_adaptiveIN9__gnu_cxx17__normal_iteratorIPN11flatbuffers12IncludedFileESt6vectorIS3_SaIS3_EEEES4_lET_S9_S9_S9_T1_SA_T0_SA_
---------------- W _ZSt17__rotate_adaptiveIN9__gnu_cxx17__normal_iteratorIPN11flatbuffers15BinaryAnnotator6VTable5EntryESt6vectorIS5_SaIS5_EEEES6_lET_SB_SB_SB_T1_SC_T0_SC_
---------------- W _ZSt17__rotate_adaptiveIN9__gnu_cxx17__normal_iteratorIPSt10unique_ptrIKN14grpc_generator6MethodESt14default_deleteIS5_EESt6vectorIS8_SaIS8_EEEES9_lET_SE_SE_SE_T1_SF_T0_SF_
                 U _ZSt17__throw_bad_allocv
                 U _ZSt18_Rb_tree_decrementPSt18_Rb_tree_node_base
                 U _ZSt18_Rb_tree_incrementPKSt18_Rb_tree_node_base
                 U _ZSt18_Rb_tree_incrementPSt18_Rb_tree_node_base
---------------- W _ZSt18uninitialized_copyIN9__gnu_cxx17__normal_iteratorIPKN11flatbuffers12BinaryRegionESt6vectorIS3_SaIS3_EEEEPS3_ET0_T_SC_SB_
---------------- W _ZSt18uninitialized_copyIN9__gnu_cxx17__normal_iteratorIPN11flatbuffers12BinaryRegionESt6vectorIS3_SaIS3_EEEES4_ET0_T_SA_S9_
                 U _ZSt19__throw_logic_errorPKc
                 U _ZSt20__throw_length_errorPKc
---------------- W _ZSt21__inplace_stable_sortIN9__gnu_cxx17__normal_iteratorIPN11flatbuffers12BinaryRegionESt6vectorIS3_SaIS3_EEEENS0_5__ops15_Iter_comp_iterIPFbRKS3_SC_EEEEvT_SG_T0_
---------------- W _ZSt21__inplace_stable_sortIN9__gnu_cxx17__normal_iteratorIPN11flatbuffers12IncludedFileESt6vectorIS3_SaIS3_EEEENS0_5__ops15_Iter_less_iterEEvT_SB_T0_
---------------- t _ZSt21__inplace_stable_sortIN9__gnu_cxx17__normal_iteratorIPN11flatbuffers15BinaryAnnotator6VTable5EntryESt6vectorIS5_SaIS5_EEEENS0_5__ops15_Iter_comp_iterIZNS3_10BuildTableEmNS2_17BinarySectionTypeEPKN10reflection6ObjectEE3$_2EEEvT_SK_T0_
---------------- W _ZSt21__inplace_stable_sortIN9__gnu_cxx17__normal_iteratorIPSt10unique_ptrIKN14grpc_generator6MethodESt14default_deleteIS5_EESt6vectorIS8_SaIS8_EEEENS0_5__ops15_Iter_comp_iterIPFbRKS8_SH_EEEEvT_SL_T0_
---------------- W _ZSt21__inplace_stable_sortIPN11flatbuffers6OffsetIN10reflection10SchemaFileEEEN9__gnu_cxx5__ops15_Iter_comp_iterINS0_21FlatBufferBuilderImplILb0EE18TableKeyComparatorIS3_EEEEEvT_SE_T0_
---------------- W _ZSt21__inplace_stable_sortIPN11flatbuffers6OffsetIN10reflection4EnumEEEN9__gnu_cxx5__ops15_Iter_comp_iterINS0_21FlatBufferBuilderImplILb0EE18TableKeyComparatorIS3_EEEEEvT_SE_T0_
---------------- W _ZSt21__inplace_stable_sortIPN11flatbuffers6OffsetIN10reflection5FieldEEEN9__gnu_cxx5__ops15_Iter_comp_iterINS0_21FlatBufferBuilderImplILb0EE18TableKeyComparatorIS3_EEEEEvT_SE_T0_
---------------- W _ZSt21__inplace_stable_sortIPN11flatbuffers6OffsetIN10reflection6ObjectEEEN9__gnu_cxx5__ops15_Iter_comp_iterINS0_21FlatBufferBuilderImplILb0EE18TableKeyComparatorIS3_EEEEEvT_SE_T0_
---------------- W _ZSt21__inplace_stable_sortIPN11flatbuffers6OffsetIN10reflection7ServiceEEEN9__gnu_cxx5__ops15_Iter_comp_iterINS0_21FlatBufferBuilderImplILb0EE18TableKeyComparatorIS3_EEEEEvT_SE_T0_
---------------- W _ZSt21__inplace_stable_sortIPN11flatbuffers6OffsetIN10reflection8KeyValueEEEN9__gnu_cxx5__ops15_Iter_comp_iterINS0_21FlatBufferBuilderImplILb0EE18TableKeyComparatorIS3_EEEEEvT_SE_T0_
---------------- W _ZSt21__move_merge_adaptiveIPN11flatbuffers12IncludedFileEN9__gnu_cxx17__normal_iteratorIS2_St6vectorIS1_SaIS1_EEEES8_NS3_5__ops15_Iter_less_iterEEvT_SB_T0_SC_T1_T2_
---------------- W _ZSt22__final_insertion_sortIN9__gnu_cxx17__normal_iteratorIPPN11flatbuffers7EnumDefESt6vectorIS4_SaIS4_EEEENS0_5__ops15_Iter_comp_iterIPFbPKS3_SD_EEEEvT_SH_T0_
---------------- W _ZSt22__final_insertion_sortIN9__gnu_cxx17__normal_iteratorIPPN11flatbuffers8FieldDefESt6vectorIS4_SaIS4_EEEENS0_5__ops15_Iter_comp_iterIPFbPKS3_SD_EEEEvT_SH_T0_
---------------- W _ZSt22__final_insertion_sortIN9__gnu_cxx17__normal_iteratorIPPN11flatbuffers9StructDefESt6vectorIS4_SaIS4_EEEENS0_5__ops15_Iter_comp_iterIPFbPKS3_SD_EEEEvT_SH_T0_
---------------- W _ZSt22__final_insertion_sortIN9__gnu_cxx17__normal_iteratorIPtSt6vectorItSaItEEEENS0_5__ops15_Iter_less_iterEEvT_S9_T0_
---------------- W _ZSt22__merge_without_bufferIN9__gnu_cxx17__normal_iteratorIPN11flatbuffers12BinaryRegionESt6vectorIS3_SaIS3_EEEElNS0_5__ops15_Iter_comp_iterIPFbRKS3_SC_EEEEvT_SG_SG_T0_SH_T1_
---------------- W _ZSt22__merge_without_bufferIN9__gnu_cxx17__normal_iteratorIPN11flatbuffers12IncludedFileESt6vectorIS3_SaIS3_EEEElNS0_5__ops15_Iter_less_iterEEvT_SB_SB_T0_SC_T1_
---------------- t _ZSt22__merge_without_bufferIN9__gnu_cxx17__normal_iteratorIPN11flatbuffers15BinaryAnnotator6VTable5EntryESt6vectorIS5_SaIS5_EEEElNS0_5__ops15_Iter_comp_iterIZNS3_10BuildTableEmNS2_17BinarySectionTypeEPKN10reflection6ObjectEE3$_2EEEvT_SK_SK_T0_SL_T1_
---------------- W _ZSt22__merge_without_bufferIN9__gnu_cxx17__normal_iteratorIPSt10unique_ptrIKN14grpc_generator6MethodESt14default_deleteIS5_EESt6vectorIS8_SaIS8_EEEElNS0_5__ops15_Iter_comp_iterIPFbRKS8_SH_EEEEvT_SL_SL_T0_SM_T1_
---------------- W _ZSt22__merge_without_bufferIPN11flatbuffers6OffsetIN10reflection10SchemaFileEEElN9__gnu_cxx5__ops15_Iter_comp_iterINS0_21FlatBufferBuilderImplILb0EE18TableKeyComparatorIS3_EEEEEvT_SE_SE_T0_SF_T1_
---------------- W _ZSt22__merge_without_bufferIPN11flatbuffers6OffsetIN10reflection4EnumEEElN9__gnu_cxx5__ops15_Iter_comp_iterINS0_21FlatBufferBuilderImplILb0EE18TableKeyComparatorIS3_EEEEEvT_SE_SE_T0_SF_T1_
---------------- W _ZSt22__merge_without_bufferIPN11flatbuffers6OffsetIN10reflection5FieldEEElN9__gnu_cxx5__ops15_Iter_comp_iterINS0_21FlatBufferBuilderImplILb0EE18TableKeyComparatorIS3_EEEEEvT_SE_SE_T0_SF_T1_
---------------- W _ZSt22__merge_without_bufferIPN11flatbuffers6OffsetIN10reflection6ObjectEEElN9__gnu_cxx5__ops15_Iter_comp_iterINS0_21FlatBufferBuilderImplILb0EE18TableKeyComparatorIS3_EEEEEvT_SE_SE_T0_SF_T1_
---------------- W _ZSt22__merge_without_bufferIPN11flatbuffers6OffsetIN10reflection7ServiceEEElN9__gnu_cxx5__ops15_Iter_comp_iterINS0_21FlatBufferBuilderImplILb0EE18TableKeyComparatorIS3_EEEEEvT_SE_SE_T0_SF_T1_
---------------- W _ZSt22__merge_without_bufferIPN11flatbuffers6OffsetIN10reflection8KeyValueEEElN9__gnu_cxx5__ops15_Iter_comp_iterINS0_21FlatBufferBuilderImplILb0EE18TableKeyComparatorIS3_EEEEEvT_SE_SE_T0_SF_T1_
---------------- W _ZSt22__move_median_to_firstIPZN11flexbuffers7Builder6EndMapEmE8TwoValueN9__gnu_cxx5__ops15_Iter_comp_iterIZNS1_6EndMapEmEUlRKS2_S8_E_EEEvT_SB_SB_SB_T0_
---------------- W _ZSt22__stable_sort_adaptiveIN9__gnu_cxx17__normal_iteratorIPN11flatbuffers12BinaryRegionESt6vectorIS3_SaIS3_EEEES4_lNS0_5__ops15_Iter_comp_iterIPFbRKS3_SC_EEEEvT_SG_T0_T1_T2_
---------------- W _ZSt22__stable_sort_adaptiveIN9__gnu_cxx17__normal_iteratorIPN11flatbuffers12IncludedFileESt6vectorIS3_SaIS3_EEEES4_lNS0_5__ops15_Iter_less_iterEEvT_SB_T0_T1_T2_
---------------- t _ZSt22__stable_sort_adaptiveIN9__gnu_cxx17__normal_iteratorIPN11flatbuffers15BinaryAnnotator6VTable5EntryESt6vectorIS5_SaIS5_EEEES6_lNS0_5__ops15_Iter_comp_iterIZNS3_10BuildTableEmNS2_17BinarySectionTypeEPKN10reflection6ObjectEE3$_2EEEvT_SK_T0_T1_T2_
---------------- W _ZSt22__stable_sort_adaptiveIN9__gnu_cxx17__normal_iteratorIPSt10unique_ptrIKN14grpc_generator6MethodESt14default_deleteIS5_EESt6vectorIS8_SaIS8_EEEES9_lNS0_5__ops15_Iter_comp_iterIPFbRKS8_SH_EEEEvT_SL_T0_T1_T2_
---------------- W _ZSt22__stable_sort_adaptiveIPN11flatbuffers6OffsetIN10reflection10SchemaFileEEES5_lN9__gnu_cxx5__ops15_Iter_comp_iterINS0_21FlatBufferBuilderImplILb0EE18TableKeyComparatorIS3_EEEEEvT_SE_T0_T1_T2_
---------------- W _ZSt22__stable_sort_adaptiveIPN11flatbuffers6OffsetIN10reflection4EnumEEES5_lN9__gnu_cxx5__ops15_Iter_comp_iterINS0_21FlatBufferBuilderImplILb0EE18TableKeyComparatorIS3_EEEEEvT_SE_T0_T1_T2_
---------------- W _ZSt22__stable_sort_adaptiveIPN11flatbuffers6OffsetIN10reflection5FieldEEES5_lN9__gnu_cxx5__ops15_Iter_comp_iterINS0_21FlatBufferBuilderImplILb0EE18TableKeyComparatorIS3_EEEEEvT_SE_T0_T1_T2_
---------------- W _ZSt22__stable_sort_adaptiveIPN11flatbuffers6OffsetIN10reflection6ObjectEEES5_lN9__gnu_cxx5__ops15_Iter_comp_iterINS0_21FlatBufferBuilderImplILb0EE18TableKeyComparatorIS3_EEEEEvT_SE_T0_T1_T2_
---------------- W _ZSt22__stable_sort_adaptiveIPN11flatbuffers6OffsetIN10reflection7ServiceEEES5_lN9__gnu_cxx5__ops15_Iter_comp_iterINS0_21FlatBufferBuilderImplILb0EE18TableKeyComparatorIS3_EEEEEvT_SE_T0_T1_T2_
---------------- W _ZSt22__stable_sort_adaptiveIPN11flatbuffers6OffsetIN10reflection8KeyValueEEES5_lN9__gnu_cxx5__ops15_Iter_comp_iterINS0_21FlatBufferBuilderImplILb0EE18TableKeyComparatorIS3_EEEEEvT_SE_T0_T1_T2_
---------------- W _ZSt23__copy_move_backward_a1ILb1EPN11flatbuffers12IncludedFileES2_ET1_T0_S4_S3_
---------------- W _ZSt24__merge_sort_with_bufferIN9__gnu_cxx17__normal_iteratorIPN11flatbuffers12BinaryRegionESt6vectorIS3_SaIS3_EEEES4_NS0_5__ops15_Iter_comp_iterIPFbRKS3_SC_EEEEvT_SG_T0_T1_
---------------- W _ZSt24__merge_sort_with_bufferIN9__gnu_cxx17__normal_iteratorIPN11flatbuffers12IncludedFileESt6vectorIS3_SaIS3_EEEES4_NS0_5__ops15_Iter_less_iterEEvT_SB_T0_T1_
---------------- t _ZSt24__merge_sort_with_bufferIN9__gnu_cxx17__normal_iteratorIPN11flatbuffers15BinaryAnnotator6VTable5EntryESt6vectorIS5_SaIS5_EEEES6_NS0_5__ops15_Iter_comp_iterIZNS3_10BuildTableEmNS2_17BinarySectionTypeEPKN10reflection6ObjectEE3$_2EEEvT_SK_T0_T1_
---------------- W _ZSt24__merge_sort_with_bufferIN9__gnu_cxx17__normal_iteratorIPSt10unique_ptrIKN14grpc_generator6MethodESt14default_deleteIS5_EESt6vectorIS8_SaIS8_EEEES9_NS0_5__ops15_Iter_comp_iterIPFbRKS8_SH_EEEEvT_SL_T0_T1_
---------------- W _ZSt24__merge_sort_with_bufferIPN11flatbuffers6OffsetIN10reflection10SchemaFileEEES5_N9__gnu_cxx5__ops15_Iter_comp_iterINS0_21FlatBufferBuilderImplILb0EE18TableKeyComparatorIS3_EEEEEvT_SE_T0_T1_
---------------- W _ZSt24__merge_sort_with_bufferIPN11flatbuffers6OffsetIN10reflection4EnumEEES5_N9__gnu_cxx5__ops15_Iter_comp_iterINS0_21FlatBufferBuilderImplILb0EE18TableKeyComparatorIS3_EEEEEvT_SE_T0_T1_
---------------- W _ZSt24__merge_sort_with_bufferIPN11flatbuffers6OffsetIN10reflection5FieldEEES5_N9__gnu_cxx5__ops15_Iter_comp_iterINS0_21FlatBufferBuilderImplILb0EE18TableKeyComparatorIS3_EEEEEvT_SE_T0_T1_
---------------- W _ZSt24__merge_sort_with_bufferIPN11flatbuffers6OffsetIN10reflection6ObjectEEES5_N9__gnu_cxx5__ops15_Iter_comp_iterINS0_21FlatBufferBuilderImplILb0EE18TableKeyComparatorIS3_EEEEEvT_SE_T0_T1_
---------------- W _ZSt24__merge_sort_with_bufferIPN11flatbuffers6OffsetIN10reflection7ServiceEEES5_N9__gnu_cxx5__ops15_Iter_comp_iterINS0_21FlatBufferBuilderImplILb0EE18TableKeyComparatorIS3_EEEEEvT_SE_T0_T1_
---------------- W _ZSt24__merge_sort_with_bufferIPN11flatbuffers6OffsetIN10reflection8KeyValueEEES5_N9__gnu_cxx5__ops15_Iter_comp_iterINS0_21FlatBufferBuilderImplILb0EE18TableKeyComparatorIS3_EEEEEvT_SE_T0_T1_
                 U _ZSt24__throw_out_of_range_fmtPKcz
                 U _ZSt25__throw_bad_function_callv
---------------- W _ZSt25__unguarded_linear_insertIN9__gnu_cxx17__normal_iteratorIPN11flatbuffers12BinaryRegionESt6vectorIS3_SaIS3_EEEENS0_5__ops14_Val_comp_iterIPFbRKS3_SC_EEEEvT_T0_
---------------- W _ZSt25__unguarded_linear_insertIN9__gnu_cxx17__normal_iteratorIPN11flatbuffers12IncludedFileESt6vectorIS3_SaIS3_EEEENS0_5__ops14_Val_less_iterEEvT_T0_
---------------- t _ZSt25__unguarded_linear_insertIN9__gnu_cxx17__normal_iteratorIPSt4pairIiNSt7__cxx1112basic_stringIcSt11char_traitsIcESaIcEEEESt6vectorIS9_SaIS9_EEEENS0_5__ops14_Val_comp_iterIZN11flatbuffers12_GLOBAL__N_121MapProtoIdsToFieldsIdERKNSH_9StructDefENSH_10IDLOptions16ProtoIdGapActionEbE3$_0EEEvT_T0_
                 U _ZSt28_Rb_tree_rebalance_for_erasePSt18_Rb_tree_node_baseRS_
                 U _ZSt28__throw_bad_array_new_lengthv
                 U _ZSt29_Rb_tree_insert_and_rebalancebPSt18_Rb_tree_node_baseS0_RS_
---------------- W _ZSt30__move_merge_adaptive_backwardIN9__gnu_cxx17__normal_iteratorIPN11flatbuffers12BinaryRegionESt6vectorIS3_SaIS3_EEEES4_S8_NS0_5__ops15_Iter_comp_iterIPFbRKS3_SC_EEEEvT_SG_T0_SH_T1_T2_
---------------- W _ZSt30__move_merge_adaptive_backwardIN9__gnu_cxx17__normal_iteratorIPN11flatbuffers12IncludedFileESt6vectorIS3_SaIS3_EEEES4_S8_NS0_5__ops15_Iter_less_iterEEvT_SB_T0_SC_T1_T2_
---------------- W _ZSt30__move_merge_adaptive_backwardIN9__gnu_cxx17__normal_iteratorIPSt10unique_ptrIKN14grpc_generator6MethodESt14default_deleteIS5_EESt6vectorIS8_SaIS8_EEEES9_SD_NS0_5__ops15_Iter_comp_iterIPFbRKS8_SH_EEEEvT_SL_T0_SM_T1_T2_
                 U _ZSt4cerr
                 U _ZSt4cout
---------------- W _ZSt4swapIN11flatbuffers12BinaryRegionEENSt9enable_ifIXsr6__and_ISt6__not_ISt15__is_tuple_likeIT_EESt21is_move_constructibleIS5_ESt18is_move_assignableIS5_EEE5valueEvE4typeERS5_SE_
---------------- W _ZSt6__sortIN9__gnu_cxx17__normal_iteratorIPPN11flatbuffers8FieldDefESt6vectorIS4_SaIS4_EEEENS0_5__ops15_Iter_comp_iterIPFbPKS3_SD_EEEEvT_SH_T0_
---------------- W _ZSt6__sortIPZN11flexbuffers7Builder6EndMapEmE8TwoValueN9__gnu_cxx5__ops15_Iter_comp_iterIZNS1_6EndMapEmEUlRKS2_S8_E_EEEvT_SB_T0_
                 U _ZSt7getlineIcSt11char_traitsIcESaIcEERSt13basic_istreamIT_T0_ES7_RNSt7__cxx1112basic_stringIS4_S5_T1_EES4_
                 U _ZSt7nothrow
---------------- W _ZSt8_DestroyIPN11flatbuffers12BinaryRegionEEvT_S3_
---------------- W _ZSt8_DestroyIPN11flatbuffers13BinarySectionES1_EvT_S3_RSaIT0_E
---------------- W _ZSt9__find_ifIN9__gnu_cxx17__normal_iteratorIPKPN11flatbuffers7EnumValESt6vectorIS4_SaIS4_EEEENS0_5__ops10_Iter_predIZNS2_2ts11TsGenerator18UnionHasStringTypeERKNS2_7EnumDefEEUlPKS3_E_EEET_SM_SM_T0_St26random_access_iterator_tag
---------------- W _ZSt9__find_ifIN9__gnu_cxx17__normal_iteratorIPKPN11flatbuffers8FieldDefESt6vectorIS4_SaIS4_EEEENS0_5__ops12_Iter_negateIZNS2_2ts11TsGenerator22CanCreateFactoryMethodERKNS2_9StructDefEEUlPKS3_E_EEET_SM_SM_T0_St26random_access_iterator_tag
---------------- W _ZSt9__find_ifIN9__gnu_cxx17__normal_iteratorIPKcNSt7__cxx1112basic_stringIcSt11char_traitsIcESaIcEEEEENS0_5__ops10_Iter_predIZN11flatbuffers5jsons19JsonSchemaGenerator18PrepareDescriptionERKSt6vectorIS9_SaIS9_EEEUlcE_EEET_SN_SN_T0_St26random_access_iterator_tag
---------------- W _ZSt9__find_ifISt16reverse_iteratorIN9__gnu_cxx17__normal_iteratorIPKcNSt7__cxx1112basic_stringIcSt11char_traitsIcESaIcEEEEEENS1_5__ops10_Iter_predIZN11flatbuffers5jsons19JsonSchemaGenerator18PrepareDescriptionERKSt6vectorISA_SaISA_EEEUlcE0_EEET_SP_SP_T0_St26random_access_iterator_tag
---------------- W _ZSt9iter_swapIN9__gnu_cxx17__normal_iteratorIPN11flatbuffers12IncludedFileESt6vectorIS3_SaIS3_EEEES8_EvT_T0_
                 U _ZSt9terminatev
---------------- d _ZStL19piecewise_construct
---------------- d _ZStL19piecewise_construct.1818
---------------- d _ZStL19piecewise_construct.3955
---------------- d _ZStL19piecewise_construct.4504
---------------- d _ZStL19piecewise_construct.557
---------------- d _ZStL19piecewise_construct.6127
---------------- d _ZStL19piecewise_construct.6268
---------------- d _ZStL8__ioinit
---------------- d _ZStL8__ioinit.2
---------------- d _ZStL8__ioinit.3341
---------------- d _ZStL8__ioinit.5180
---------------- d _ZStL8__ioinit.5230
---------------- d _ZStL8__ioinit.6207
---------------- d _ZStL8__ioinit.7153
---------------- W _ZStltINSt7__cxx1112basic_stringIcSt11char_traitsIcESaIcEEES5_EbRKSt4pairIT_T0_ESB_
---------------- W _ZStplIcSt11char_traitsIcESaIcEENSt7__cxx1112basic_stringIT_T0_T1_EEOS8_PKS5_
---------------- W _ZStplIcSt11char_traitsIcESaIcEENSt7__cxx1112basic_stringIT_T0_T1_EEOS8_RKS8_
---------------- W _ZStplIcSt11char_traitsIcESaIcEENSt7__cxx1112basic_stringIT_T0_T1_EEOS8_S9_
---------------- W _ZStplIcSt11char_traitsIcESaIcEENSt7__cxx1112basic_stringIT_T0_T1_EEPKS5_OS8_
---------------- W _ZStplIcSt11char_traitsIcESaIcEENSt7__cxx1112basic_stringIT_T0_T1_EEPKS5_RKS8_
---------------- W _ZStplIcSt11char_traitsIcESaIcEENSt7__cxx1112basic_stringIT_T0_T1_EERKS8_PKS5_
---------------- W _ZStplIcSt11char_traitsIcESaIcEENSt7__cxx1112basic_stringIT_T0_T1_EERKS8_SA_
                 U _ZStrsIcSt11char_traitsIcEERSt13basic_istreamIT_T0_ES6_RS3_
                 U _ZStrsIcSt11char_traitsIcESaIcEERSt13basic_istreamIT_T0_ES7_RNSt7__cxx1112basic_stringIS4_S5_T1_EE
---------------- W _ZTIFccE
---------------- W _ZTIFviPNSt7__cxx1112basic_stringIcSt11char_traitsIcESaIcEEEPiE
---------------- W _ZTIN11flatbuffers11FlatBufFileE
---------------- d _ZTIN11flatbuffers12_GLOBAL__N_115GoCodeGeneratorE
---------------- d _ZTIN11flatbuffers12_GLOBAL__N_115TsCodeGeneratorE
---------------- d _ZTIN11flatbuffers12_GLOBAL__N_116CppCodeGeneratorE
---------------- d _ZTIN11flatbuffers12_GLOBAL__N_116FBSCodeGeneratorE
---------------- d _ZTIN11flatbuffers12_GLOBAL__N_116LuaBfbsGeneratorE
---------------- d _ZTIN11flatbuffers12_GLOBAL__N_116NimBfbsGeneratorE
---------------- d _ZTIN11flatbuffers12_GLOBAL__N_116PhpCodeGeneratorE
---------------- d _ZTIN11flatbuffers12_GLOBAL__N_117DartCodeGeneratorE
---------------- d _ZTIN11flatbuffers12_GLOBAL__N_117JavaCodeGeneratorE
---------------- d _ZTIN11flatbuffers12_GLOBAL__N_117RustCodeGeneratorE
---------------- d _ZTIN11flatbuffers12_GLOBAL__N_117TextCodeGeneratorE
---------------- d _ZTIN11flatbuffers12_GLOBAL__N_118SwiftCodeGeneratorE
---------------- d _ZTIN11flatbuffers12_GLOBAL__N_119BinaryCodeGeneratorE
---------------- d _ZTIN11flatbuffers12_GLOBAL__N_119CSharpCodeGeneratorE
---------------- d _ZTIN11flatbuffers12_GLOBAL__N_119KotlinCodeGeneratorE
---------------- d _ZTIN11flatbuffers12_GLOBAL__N_119PythonCodeGeneratorE
---------------- d _ZTIN11flatbuffers12_GLOBAL__N_120LobsterCodeGeneratorE
---------------- d _ZTIN11flatbuffers12_GLOBAL__N_122KotlinKMPCodeGeneratorE
---------------- d _ZTIN11flatbuffers12_GLOBAL__N_123JsonSchemaCodeGeneratorE
---------------- W _ZTIN11flatbuffers13BaseGeneratorE
---------------- W _ZTIN11flatbuffers13CodeGeneratorE
---------------- D _ZTIN11flatbuffers13FileNameSaverE
---------------- W _ZTIN11flatbuffers13FlatBufMethodE
---------------- D _ZTIN11flatbuffers13RealFileSaverE
---------------- W _ZTIN11flatbuffers14FlatBufPrinterE
---------------- W _ZTIN11flatbuffers14FlatBufServiceE
---------------- W _ZTIN11flatbuffers15GoGRPCGeneratorE
---------------- W _ZTIN11flatbuffers15TSGRPCGeneratorE
---------------- W _ZTIN11flatbuffers17BaseBfbsGeneratorE
---------------- W _ZTIN11flatbuffers17JavaGRPCGeneratorE
---------------- W _ZTIN11flatbuffers18SwiftGRPCGeneratorE
---------------- W _ZTIN11flatbuffers22FloatConstantGeneratorE
---------------- D _ZTIN11flatbuffers27TypedFloatConstantGeneratorE
---------------- D _ZTIN11flatbuffers28SimpleFloatConstantGeneratorE
---------------- W _ZTIN11flatbuffers2go11GoGeneratorE
---------------- W _ZTIN11flatbuffers2ts11TsGeneratorE
---------------- W _ZTIN11flatbuffers3cpp12CppGeneratorE
---------------- W _ZTIN11flatbuffers3php12PhpGeneratorE
---------------- W _ZTIN11flatbuffers4dart13DartGeneratorE
---------------- W _ZTIN11flatbuffers4java13JavaGeneratorE
---------------- W _ZTIN11flatbuffers4rust13RustGeneratorE
---------------- W _ZTIN11flatbuffers5NamerE
---------------- W _ZTIN11flatbuffers5jsons19JsonSchemaGeneratorE
---------------- W _ZTIN11flatbuffers5swift14SwiftGeneratorE
---------------- W _ZTIN11flatbuffers6csharp15CSharpGeneratorE
---------------- W _ZTIN11flatbuffers6kotlin15KotlinGeneratorE
---------------- W _ZTIN11flatbuffers6kotlin18KotlinKMPGeneratorE
---------------- W _ZTIN11flatbuffers6python15PythonGeneratorE
---------------- W _ZTIN11flatbuffers7lobster16LobsterGeneratorE
---------------- W _ZTIN11flatbuffers8IdlNamerE
---------------- W _ZTIN11flatbuffers9BfbsNamerE
---------------- W _ZTIN11flatbuffers9FileSaverE
---------------- W _ZTIN14grpc_generator13CommentHolderE
---------------- W _ZTIN14grpc_generator4FileE
---------------- W _ZTIN14grpc_generator6MethodE
---------------- W _ZTIN14grpc_generator7PrinterE
---------------- W _ZTIN14grpc_generator7ServiceE
---------------- W _ZTIPFccE
---------------- W _ZTIPFviPNSt7__cxx1112basic_stringIcSt11char_traitsIcESaIcEEEPiE
---------------- W _ZTISt11_Mutex_baseILN9__gnu_cxx12_Lock_policyE2EE
---------------- W _ZTISt16_Sp_counted_baseILN9__gnu_cxx12_Lock_policyE2EE
---------------- W _ZTISt19_Sp_counted_deleterIPN11flatbuffers13CodeGeneratorESt14default_deleteIS1_ESaIvELN9__gnu_cxx12_Lock_policyE2EE
---------------- d _ZTIZN11flatbuffers12_GLOBAL__N_116LuaBfbsGenerator13GenerateEnumsEPKNS_6VectorINS_6OffsetIN10reflection4EnumEEEjEEEUlPKS5_E_
---------------- d _ZTIZN11flatbuffers12_GLOBAL__N_116LuaBfbsGenerator15GenerateObjectsEPKNS_6VectorINS_6OffsetIN10reflection6ObjectEEEjEEPKS5_EUlSB_E_
---------------- d _ZTIZN11flatbuffers12_GLOBAL__N_116NimBfbsGenerator12GenerateEnumEPKN10reflection4EnumEEUlPKNS2_7EnumValEE_
---------------- d _ZTIZN11flatbuffers12_GLOBAL__N_116NimBfbsGenerator14GenerateObjectEPKN10reflection6ObjectEEUlPKNS2_5FieldEE0_
---------------- d _ZTIZN11flatbuffers12_GLOBAL__N_116NimBfbsGenerator14GenerateObjectEPKN10reflection6ObjectEEUlPKNS2_5FieldEE_
---------------- d _ZTIZN11flatbuffers12_GLOBAL__N_116NimBfbsGenerator18GenerateFromSchemaEPKN10reflection6SchemaERKNS_14CodeGenOptionsEEUlPKNS2_4EnumEE_
---------------- d _ZTIZN11flatbuffers12_GLOBAL__N_116NimBfbsGenerator18GenerateFromSchemaEPKN10reflection6SchemaERKNS_14CodeGenOptionsEEUlPKNS2_6ObjectEE_
---------------- d _ZTIZN11flatbuffers15BinaryAnnotator11BuildStructEmRSt6vectorINS_12BinaryRegionESaIS2_EENSt7__cxx1112basic_stringIcSt11char_traitsIcESaIcEEEPKN10reflection6ObjectEE3$_1
---------------- d _ZTIZN11flatbuffers15BinaryAnnotator16GetOrBuildVTableEmPKN10reflection6ObjectEmE3$_0
---------------- W _ZTIZN11flatbuffers3cpp12CppGenerator11GenBuildersERKNS_9StructDefEEUlPKNS_8FieldDefEE_
---------------- W _ZTIZN11flatbuffers4rust13RustGenerator14GenTableObjectERKNS_9StructDefEEUlRKNS_8FieldDefEE0_
---------------- W _ZTIZN11flatbuffers4rust13RustGenerator14GenTableObjectERKNS_9StructDefEEUlRKNS_8FieldDefEE1_
---------------- W _ZTIZN11flatbuffers4rust13RustGenerator14GenTableObjectERKNS_9StructDefEEUlRKNS_8FieldDefEE2_
---------------- W _ZTIZN11flatbuffers4rust13RustGenerator14GenTableObjectERKNS_9StructDefEEUlRKNS_8FieldDefEE_
---------------- W _ZTIZN11flatbuffers4rust13RustGenerator14GenUnionObjectERKNS_7EnumDefEEUlvE0_
---------------- W _ZTIZN11flatbuffers4rust13RustGenerator14GenUnionObjectERKNS_7EnumDefEEUlvE1_
---------------- W _ZTIZN11flatbuffers4rust13RustGenerator14GenUnionObjectERKNS_7EnumDefEEUlvE2_
---------------- W _ZTIZN11flatbuffers4rust13RustGenerator14GenUnionObjectERKNS_7EnumDefEEUlvE_
---------------- W _ZTIZN11flatbuffers4rust13RustGenerator16ForAllEnumValuesERKNS_7EnumDefESt8functionIFvvEEEUlRKNS_7EnumValEE_
---------------- W _ZTIZN11flatbuffers4rust13RustGenerator23GenerateIndividualFilesEvEUlRKNS_7EnumDefEE_
---------------- W _ZTIZN11flatbuffers4rust13RustGenerator23GenerateIndividualFilesEvEUlRKNS_9StructDefEE_
---------------- W _ZTIZN11flatbuffers4rust13RustGenerator7GenEnumERKNS_7EnumDefEEUlRKNS_7EnumValEE0_
---------------- W _ZTIZN11flatbuffers4rust13RustGenerator7GenEnumERKNS_7EnumDefEEUlRKNS_7EnumValEE1_
---------------- W _ZTIZN11flatbuffers4rust13RustGenerator7GenEnumERKNS_7EnumDefEEUlRKNS_7EnumValEE_
---------------- W _ZTIZN11flatbuffers4rust13RustGenerator7GenEnumERKNS_7EnumDefEEUlvE0_
---------------- W _ZTIZN11flatbuffers4rust13RustGenerator7GenEnumERKNS_7EnumDefEEUlvE_
---------------- W _ZTIZN11flatbuffers4rust13RustGenerator8GenTableERKNS_9StructDefEEUlRKNS_8FieldDefEE0_
---------------- W _ZTIZN11flatbuffers4rust13RustGenerator8GenTableERKNS_9StructDefEEUlRKNS_8FieldDefEE10_
---------------- W _ZTIZN11flatbuffers4rust13RustGenerator8GenTableERKNS_9StructDefEEUlRKNS_8FieldDefEE11_
---------------- W _ZTIZN11flatbuffers4rust13RustGenerator8GenTableERKNS_9StructDefEEUlRKNS_8FieldDefEE1_
---------------- W _ZTIZN11flatbuffers4rust13RustGenerator8GenTableERKNS_9StructDefEEUlRKNS_8FieldDefEE2_
---------------- W _ZTIZN11flatbuffers4rust13RustGenerator8GenTableERKNS_9StructDefEEUlRKNS_8FieldDefEE3_
---------------- W _ZTIZN11flatbuffers4rust13RustGenerator8GenTableERKNS_9StructDefEEUlRKNS_8FieldDefEE4_
---------------- W _ZTIZN11flatbuffers4rust13RustGenerator8GenTableERKNS_9StructDefEEUlRKNS_8FieldDefEE5_
---------------- W _ZTIZN11flatbuffers4rust13RustGenerator8GenTableERKNS_9StructDefEEUlRKNS_8FieldDefEE6_
---------------- W _ZTIZN11flatbuffers4rust13RustGenerator8GenTableERKNS_9StructDefEEUlRKNS_8FieldDefEE7_
---------------- W _ZTIZN11flatbuffers4rust13RustGenerator8GenTableERKNS_9StructDefEEUlRKNS_8FieldDefEE8_
---------------- W _ZTIZN11flatbuffers4rust13RustGenerator8GenTableERKNS_9StructDefEEUlRKNS_8FieldDefEE9_
---------------- W _ZTIZN11flatbuffers4rust13RustGenerator8GenTableERKNS_9StructDefEEUlRKNS_8FieldDefEE_
---------------- W _ZTIZN11flatbuffers4rust13RustGenerator9GenStructERKNS_9StructDefEEUlRKNS_8FieldDefEE0_
---------------- W _ZTIZN11flatbuffers4rust13RustGenerator9GenStructERKNS_9StructDefEEUlRKNS_8FieldDefEE1_
---------------- W _ZTIZN11flatbuffers4rust13RustGenerator9GenStructERKNS_9StructDefEEUlRKNS_8FieldDefEE2_
---------------- W _ZTIZN11flatbuffers4rust13RustGenerator9GenStructERKNS_9StructDefEEUlRKNS_8FieldDefEE3_
---------------- W _ZTIZN11flatbuffers4rust13RustGenerator9GenStructERKNS_9StructDefEEUlRKNS_8FieldDefEE4_
---------------- W _ZTIZN11flatbuffers4rust13RustGenerator9GenStructERKNS_9StructDefEEUlRKNS_8FieldDefEE5_
---------------- W _ZTIZN11flatbuffers4rust13RustGenerator9GenStructERKNS_9StructDefEEUlRKNS_8FieldDefEE6_
---------------- W _ZTIZN11flatbuffers4rust13RustGenerator9GenStructERKNS_9StructDefEEUlRKNS_8FieldDefEE7_
---------------- W _ZTIZN11flatbuffers4rust13RustGenerator9GenStructERKNS_9StructDefEEUlRKNS_8FieldDefEE_
---------------- d _ZTIZN11flatbuffers6Parser27HasCircularStructDependencyEvE3$_0
---------------- d _ZTIZNK11flatbuffers12_GLOBAL__N_116LuaBfbsGenerator21GenerateDocumentationEPKNS_6VectorINS_6OffsetINS_6StringEEEjEENSt7__cxx1112basic_stringIcSt11char_traitsIcESaIcEEERSE_EUlPKS4_E_
---------------- d _ZTIZNK11flatbuffers12_GLOBAL__N_116LuaBfbsGenerator23AppendStructBuilderBodyEPKN10reflection6ObjectENSt7__cxx1112basic_stringIcSt11char_traitsIcESaIcEEEEUlPKNS2_5FieldEE_
---------------- d _ZTIZNK11flatbuffers12_GLOBAL__N_116LuaBfbsGenerator25GenerateStructBuilderArgsEPKN10reflection6ObjectENSt7__cxx1112basic_stringIcSt11char_traitsIcESaIcEEEEUlPKNS2_5FieldEE_
---------------- d _ZTIZNK11flatbuffers12_GLOBAL__N_116NimBfbsGenerator21GenerateDocumentationEPKNS_6VectorINS_6OffsetINS_6StringEEEjEENSt7__cxx1112basic_stringIcSt11char_traitsIcESaIcEEERSE_EUlPKS4_E_
---------------- d _ZTIZNK11flatbuffers12_GLOBAL__N_116NimBfbsGenerator23AppendStructBuilderBodyEPKN10reflection6ObjectENSt7__cxx1112basic_stringIcSt11char_traitsIcESaIcEEEEUlPKNS2_5FieldEE_
---------------- d _ZTIZNK11flatbuffers12_GLOBAL__N_116NimBfbsGenerator25GenerateStructBuilderArgsEPKN10reflection6ObjectENSt7__cxx1112basic_stringIcSt11char_traitsIcESaIcEEEEUlPKNS2_5FieldEE_
---------------- W _ZTIZNK11flatbuffers6kotlin15KotlinGenerator16GenerateAddFieldENSt7__cxx1112basic_stringIcSt11char_traitsIcESaIcEEERNS_8FieldDefERNS_10CodeWriterENS_10IDLOptionsEEUlvE_
---------------- W _ZTIZNK11flatbuffers6kotlin15KotlinGenerator19GenerateLookupByKeyEPNS_8FieldDefERNS_9StructDefERNS_10CodeWriterENS_10IDLOptionsEEUlvE_
---------------- W _ZTIZNK11flatbuffers6kotlin15KotlinGenerator20GenerateTableCreatorERNS_9StructDefERNS_10CodeWriterENS_10IDLOptionsEEUlvE_
---------------- W _ZTIZNK11flatbuffers6kotlin15KotlinGenerator21GenerateStructGettersERNS_9StructDefERNS_10CodeWriterEEUlvE0_
---------------- W _ZTIZNK11flatbuffers6kotlin15KotlinGenerator21GenerateStructGettersERNS_9StructDefERNS_10CodeWriterEEUlvE10_
---------------- W _ZTIZNK11flatbuffers6kotlin15KotlinGenerator21GenerateStructGettersERNS_9StructDefERNS_10CodeWriterEEUlvE11_
---------------- W _ZTIZNK11flatbuffers6kotlin15KotlinGenerator21GenerateStructGettersERNS_9StructDefERNS_10CodeWriterEEUlvE12_
---------------- W _ZTIZNK11flatbuffers6kotlin15KotlinGenerator21GenerateStructGettersERNS_9StructDefERNS_10CodeWriterEEUlvE13_
---------------- W _ZTIZNK11flatbuffers6kotlin15KotlinGenerator21GenerateStructGettersERNS_9StructDefERNS_10CodeWriterEEUlvE14_
---------------- W _ZTIZNK11flatbuffers6kotlin15KotlinGenerator21GenerateStructGettersERNS_9StructDefERNS_10CodeWriterEEUlvE15_
---------------- W _ZTIZNK11flatbuffers6kotlin15KotlinGenerator21GenerateStructGettersERNS_9StructDefERNS_10CodeWriterEEUlvE16_
---------------- W _ZTIZNK11flatbuffers6kotlin15KotlinGenerator21GenerateStructGettersERNS_9StructDefERNS_10CodeWriterEEUlvE1_
---------------- W _ZTIZNK11flatbuffers6kotlin15KotlinGenerator21GenerateStructGettersERNS_9StructDefERNS_10CodeWriterEEUlvE2_
---------------- W _ZTIZNK11flatbuffers6kotlin15KotlinGenerator21GenerateStructGettersERNS_9StructDefERNS_10CodeWriterEEUlvE3_
---------------- W _ZTIZNK11flatbuffers6kotlin15KotlinGenerator21GenerateStructGettersERNS_9StructDefERNS_10CodeWriterEEUlvE4_
---------------- W _ZTIZNK11flatbuffers6kotlin15KotlinGenerator21GenerateStructGettersERNS_9StructDefERNS_10CodeWriterEEUlvE5_
---------------- W _ZTIZNK11flatbuffers6kotlin15KotlinGenerator21GenerateStructGettersERNS_9StructDefERNS_10CodeWriterEEUlvE6_
---------------- W _ZTIZNK11flatbuffers6kotlin15KotlinGenerator21GenerateStructGettersERNS_9StructDefERNS_10CodeWriterEEUlvE7_
---------------- W _ZTIZNK11flatbuffers6kotlin15KotlinGenerator21GenerateStructGettersERNS_9StructDefERNS_10CodeWriterEEUlvE8_
---------------- W _ZTIZNK11flatbuffers6kotlin15KotlinGenerator21GenerateStructGettersERNS_9StructDefERNS_10CodeWriterEEUlvE9_
---------------- W _ZTIZNK11flatbuffers6kotlin15KotlinGenerator21GenerateStructGettersERNS_9StructDefERNS_10CodeWriterEEUlvE_
---------------- W _ZTIZNK11flatbuffers6kotlin15KotlinGenerator23GenerateEndStructMethodERNS_9StructDefERNS_10CodeWriterENS_10IDLOptionsEEUlvE_
---------------- W _ZTIZNK11flatbuffers6kotlin15KotlinGenerator24GenerateStartVectorFieldERNS_8FieldDefERNS_10CodeWriterENS_10IDLOptionsEEUlvE_
---------------- W _ZTIZNK11flatbuffers6kotlin15KotlinGenerator25GenerateCreateVectorFieldERNS_8FieldDefERNS_10CodeWriterENS_10IDLOptionsEEUlvE_
---------------- W _ZTIZNK11flatbuffers6kotlin15KotlinGenerator25GenerateStartStructMethodERNS_9StructDefERNS_10CodeWriterENS_10IDLOptionsEEUlvE_
---------------- W _ZTIZNK11flatbuffers6kotlin15KotlinGenerator25GenerateStaticConstructorERKNS_9StructDefERNS_10CodeWriterENS_10IDLOptionsEEUlvE_
---------------- W _ZTIZNK11flatbuffers6kotlin15KotlinGenerator26GenerateFinishSizePrefixedERNS_9StructDefERKNSt7__cxx1112basic_stringIcSt11char_traitsIcESaIcEEERNS_10CodeWriterENS_10IDLOptionsEEUlvE_
---------------- W _ZTIZNK11flatbuffers6kotlin15KotlinGenerator26GenerateFinishStructBufferERNS_9StructDefERKNSt7__cxx1112basic_stringIcSt11char_traitsIcESaIcEEERNS_10CodeWriterENS_10IDLOptionsEEUlvE_
---------------- W _ZTIZNK11flatbuffers6kotlin15KotlinGenerator27GenerateBufferHasIdentifierERNS_9StructDefERNS_10CodeWriterENS_10IDLOptionsEEUlvE_
---------------- W _ZTIZNK11flatbuffers6kotlin15KotlinGenerator7GenEnumERNS_7EnumDefERNS_10CodeWriterEEUlvE_
---------------- W _ZTIZNK11flatbuffers6kotlin15KotlinGenerator9GenStructERNS_9StructDefERNS_10CodeWriterENS_10IDLOptionsEEUlvE0_
---------------- W _ZTIZNK11flatbuffers6kotlin15KotlinGenerator9GenStructERNS_9StructDefERNS_10CodeWriterENS_10IDLOptionsEEUlvE1_
---------------- W _ZTIZNK11flatbuffers6kotlin15KotlinGenerator9GenStructERNS_9StructDefERNS_10CodeWriterENS_10IDLOptionsEEUlvE_
---------------- W _ZTIZNK11flatbuffers6kotlin18KotlinKMPGenerator16GenerateAddFieldENSt7__cxx1112basic_stringIcSt11char_traitsIcESaIcEEERNS_8FieldDefERNS_10CodeWriterENS_10IDLOptionsEEUlvE_
---------------- W _ZTIZNK11flatbuffers6kotlin18KotlinKMPGenerator19GenerateLookupByKeyEPNS_8FieldDefERNS_9StructDefERNS_10CodeWriterENS_10IDLOptionsEEUlvE_
---------------- W _ZTIZNK11flatbuffers6kotlin18KotlinKMPGenerator20GenerateTableCreatorERNS_9StructDefERNS_10CodeWriterENS_10IDLOptionsEEUlvE_
---------------- W _ZTIZNK11flatbuffers6kotlin18KotlinKMPGenerator21GenerateStructGettersERNS_9StructDefERNS_10CodeWriterEEUlvE0_
---------------- W _ZTIZNK11flatbuffers6kotlin18KotlinKMPGenerator21GenerateStructGettersERNS_9StructDefERNS_10CodeWriterEEUlvE10_
---------------- W _ZTIZNK11flatbuffers6kotlin18KotlinKMPGenerator21GenerateStructGettersERNS_9StructDefERNS_10CodeWriterEEUlvE11_
---------------- W _ZTIZNK11flatbuffers6kotlin18KotlinKMPGenerator21GenerateStructGettersERNS_9StructDefERNS_10CodeWriterEEUlvE12_
---------------- W _ZTIZNK11flatbuffers6kotlin18KotlinKMPGenerator21GenerateStructGettersERNS_9StructDefERNS_10CodeWriterEEUlvE13_
---------------- W _ZTIZNK11flatbuffers6kotlin18KotlinKMPGenerator21GenerateStructGettersERNS_9StructDefERNS_10CodeWriterEEUlvE14_
---------------- W _ZTIZNK11flatbuffers6kotlin18KotlinKMPGenerator21GenerateStructGettersERNS_9StructDefERNS_10CodeWriterEEUlvE1_
---------------- W _ZTIZNK11flatbuffers6kotlin18KotlinKMPGenerator21GenerateStructGettersERNS_9StructDefERNS_10CodeWriterEEUlvE2_
---------------- W _ZTIZNK11flatbuffers6kotlin18KotlinKMPGenerator21GenerateStructGettersERNS_9StructDefERNS_10CodeWriterEEUlvE3_
---------------- W _ZTIZNK11flatbuffers6kotlin18KotlinKMPGenerator21GenerateStructGettersERNS_9StructDefERNS_10CodeWriterEEUlvE4_
---------------- W _ZTIZNK11flatbuffers6kotlin18KotlinKMPGenerator21GenerateStructGettersERNS_9StructDefERNS_10CodeWriterEEUlvE5_
---------------- W _ZTIZNK11flatbuffers6kotlin18KotlinKMPGenerator21GenerateStructGettersERNS_9StructDefERNS_10CodeWriterEEUlvE6_
---------------- W _ZTIZNK11flatbuffers6kotlin18KotlinKMPGenerator21GenerateStructGettersERNS_9StructDefERNS_10CodeWriterEEUlvE7_
---------------- W _ZTIZNK11flatbuffers6kotlin18KotlinKMPGenerator21GenerateStructGettersERNS_9StructDefERNS_10CodeWriterEEUlvE8_
---------------- W _ZTIZNK11flatbuffers6kotlin18KotlinKMPGenerator21GenerateStructGettersERNS_9StructDefERNS_10CodeWriterEEUlvE9_
---------------- W _ZTIZNK11flatbuffers6kotlin18KotlinKMPGenerator21GenerateStructGettersERNS_9StructDefERNS_10CodeWriterEEUlvE_
---------------- W _ZTIZNK11flatbuffers6kotlin18KotlinKMPGenerator23GenerateEndStructMethodERNS_9StructDefERNS_10CodeWriterENS_10IDLOptionsEEUlvE_
---------------- W _ZTIZNK11flatbuffers6kotlin18KotlinKMPGenerator24GenerateStartVectorFieldERNS_8FieldDefERNS_10CodeWriterENS_10IDLOptionsEEUlvE_
---------------- W _ZTIZNK11flatbuffers6kotlin18KotlinKMPGenerator25GenerateCreateVectorFieldERNS_8FieldDefERNS_10CodeWriterENS_10IDLOptionsEEUlvE_
---------------- W _ZTIZNK11flatbuffers6kotlin18KotlinKMPGenerator25GenerateStartStructMethodERNS_9StructDefERNS_10CodeWriterENS_10IDLOptionsEEUlvE_
---------------- W _ZTIZNK11flatbuffers6kotlin18KotlinKMPGenerator25GenerateStaticConstructorERKNS_9StructDefERNS_10CodeWriterENS_10IDLOptionsEEUlvE_
---------------- W _ZTIZNK11flatbuffers6kotlin18KotlinKMPGenerator26GenerateFinishSizePrefixedERNS_9StructDefERKNSt7__cxx1112basic_stringIcSt11char_traitsIcESaIcEEERNS_10CodeWriterENS_10IDLOptionsEEUlvE_
---------------- W _ZTIZNK11flatbuffers6kotlin18KotlinKMPGenerator26GenerateFinishStructBufferERNS_9StructDefERKNSt7__cxx1112basic_stringIcSt11char_traitsIcESaIcEEERNS_10CodeWriterENS_10IDLOptionsEEUlvE_
---------------- W _ZTIZNK11flatbuffers6kotlin18KotlinKMPGenerator26GenerateGetRootAsAccessorsERKNSt7__cxx1112basic_stringIcSt11char_traitsIcESaIcEEERNS_10CodeWriterENS_10IDLOptionsEEUlvE0_
---------------- W _ZTIZNK11flatbuffers6kotlin18KotlinKMPGenerator26GenerateGetRootAsAccessorsERKNSt7__cxx1112basic_stringIcSt11char_traitsIcESaIcEEERNS_10CodeWriterENS_10IDLOptionsEEUlvE_
---------------- W _ZTIZNK11flatbuffers6kotlin18KotlinKMPGenerator27GenerateBufferHasIdentifierERNS_9StructDefERNS_10CodeWriterENS_10IDLOptionsEEUlvE_
---------------- W _ZTIZNK11flatbuffers6kotlin18KotlinKMPGenerator7GenEnumERNS_7EnumDefERNS_10CodeWriterEEUlvE_
---------------- W _ZTIZNK11flatbuffers6kotlin18KotlinKMPGenerator9GenStructERNS_9StructDefERNS_10CodeWriterENS_10IDLOptionsEEUlvE0_
---------------- W _ZTIZNK11flatbuffers6kotlin18KotlinKMPGenerator9GenStructERNS_9StructDefERNS_10CodeWriterENS_10IDLOptionsEEUlvE_
---------------- d _ZTIZZN11flatbuffers12_GLOBAL__N_116LuaBfbsGenerator13GenerateEnumsEPKNS_6VectorINS_6OffsetIN10reflection4EnumEEEjEEENKUlPKS5_E_clESB_EUlPKNS4_7EnumValEE_
---------------- d _ZTIZZN11flatbuffers12_GLOBAL__N_116LuaBfbsGenerator15GenerateObjectsEPKNS_6VectorINS_6OffsetIN10reflection6ObjectEEEjEEPKS5_ENKUlSB_E_clESB_EUlPKNS4_5FieldEE0_
---------------- d _ZTIZZN11flatbuffers12_GLOBAL__N_116LuaBfbsGenerator15GenerateObjectsEPKNS_6VectorINS_6OffsetIN10reflection6ObjectEEEjEEPKS5_ENKUlSB_E_clESB_EUlPKNS4_5FieldEE_
---------------- W _ZTIZZN11flatbuffers4rust13RustGenerator8GenTableERKNS_9StructDefEENKUlRKNS_8FieldDefEE11_clES7_EUlRKNS_7EnumValEE_
---------------- W _ZTIZZN11flatbuffers4rust13RustGenerator8GenTableERKNS_9StructDefEENKUlRKNS_8FieldDefEE1_clES7_EUlvE_
---------------- W _ZTIZZN11flatbuffers4rust13RustGenerator8GenTableERKNS_9StructDefEENKUlRKNS_8FieldDefEE4_clES7_EUlRKNS_7EnumValEE_
---------------- W _ZTIZZN11flatbuffers4rust13RustGenerator8GenTableERKNS_9StructDefEENKUlRKNS_8FieldDefEE5_clES7_EUlRKNS_7EnumValEE_
---------------- W _ZTIZZN11flatbuffers4rust13RustGenerator8GenTableERKNS_9StructDefEENKUlRKNS_8FieldDefEE8_clES7_EUlvE_
---------------- W _ZTIZZNK11flatbuffers6kotlin15KotlinGenerator21GenerateStructGettersERNS_9StructDefERNS_10CodeWriterEENKUlvE10_clEvEUlvE0_
---------------- W _ZTIZZNK11flatbuffers6kotlin15KotlinGenerator21GenerateStructGettersERNS_9StructDefERNS_10CodeWriterEENKUlvE10_clEvEUlvE_
---------------- W _ZTIZZNK11flatbuffers6kotlin15KotlinGenerator21GenerateStructGettersERNS_9StructDefERNS_10CodeWriterEENKUlvE14_clEvEUlvE0_
---------------- W _ZTIZZNK11flatbuffers6kotlin15KotlinGenerator21GenerateStructGettersERNS_9StructDefERNS_10CodeWriterEENKUlvE14_clEvEUlvE_
---------------- W _ZTIZZNK11flatbuffers6kotlin15KotlinGenerator21GenerateStructGettersERNS_9StructDefERNS_10CodeWriterEENKUlvE15_clEvEUlvE0_
---------------- W _ZTIZZNK11flatbuffers6kotlin15KotlinGenerator21GenerateStructGettersERNS_9StructDefERNS_10CodeWriterEENKUlvE15_clEvEUlvE_
---------------- W _ZTIZZNK11flatbuffers6kotlin15KotlinGenerator21GenerateStructGettersERNS_9StructDefERNS_10CodeWriterEENKUlvE4_clEvEUlvE0_
---------------- W _ZTIZZNK11flatbuffers6kotlin15KotlinGenerator21GenerateStructGettersERNS_9StructDefERNS_10CodeWriterEENKUlvE4_clEvEUlvE_
---------------- W _ZTIZZNK11flatbuffers6kotlin15KotlinGenerator21GenerateStructGettersERNS_9StructDefERNS_10CodeWriterEENKUlvE6_clEvEUlvE0_
---------------- W _ZTIZZNK11flatbuffers6kotlin15KotlinGenerator21GenerateStructGettersERNS_9StructDefERNS_10CodeWriterEENKUlvE6_clEvEUlvE_
---------------- W _ZTIZZNK11flatbuffers6kotlin15KotlinGenerator21GenerateStructGettersERNS_9StructDefERNS_10CodeWriterEENKUlvE9_clEvEUlvE0_
---------------- W _ZTIZZNK11flatbuffers6kotlin15KotlinGenerator21GenerateStructGettersERNS_9StructDefERNS_10CodeWriterEENKUlvE9_clEvEUlvE_
---------------- W _ZTIZZNK11flatbuffers6kotlin15KotlinGenerator7GenEnumERNS_7EnumDefERNS_10CodeWriterEENKUlvE_clEvEUlvE0_
---------------- W _ZTIZZNK11flatbuffers6kotlin15KotlinGenerator7GenEnumERNS_7EnumDefERNS_10CodeWriterEENKUlvE_clEvEUlvE_
---------------- W _ZTIZZNK11flatbuffers6kotlin15KotlinGenerator9GenStructERNS_9StructDefERNS_10CodeWriterENS_10IDLOptionsEENKUlvE1_clEvEUlvE_
---------------- W _ZTIZZNK11flatbuffers6kotlin18KotlinKMPGenerator7GenEnumERNS_7EnumDefERNS_10CodeWriterEENKUlvE_clEvEUlvE0_
---------------- W _ZTIZZNK11flatbuffers6kotlin18KotlinKMPGenerator7GenEnumERNS_7EnumDefERNS_10CodeWriterEENKUlvE_clEvEUlvE_
---------------- W _ZTIZZNK11flatbuffers6kotlin18KotlinKMPGenerator9GenStructERNS_9StructDefERNS_10CodeWriterENS_10IDLOptionsEENKUlvE0_clEvEUlvE_
---------------- W _ZTSFccE
---------------- W _ZTSFviPNSt7__cxx1112basic_stringIcSt11char_traitsIcESaIcEEEPiE
---------------- W _ZTSN11flatbuffers11FlatBufFileE
---------------- d _ZTSN11flatbuffers12_GLOBAL__N_115GoCodeGeneratorE
---------------- d _ZTSN11flatbuffers12_GLOBAL__N_115TsCodeGeneratorE
---------------- d _ZTSN11flatbuffers12_GLOBAL__N_116CppCodeGeneratorE
---------------- d _ZTSN11flatbuffers12_GLOBAL__N_116FBSCodeGeneratorE
---------------- d _ZTSN11flatbuffers12_GLOBAL__N_116LuaBfbsGeneratorE
---------------- d _ZTSN11flatbuffers12_GLOBAL__N_116NimBfbsGeneratorE
---------------- d _ZTSN11flatbuffers12_GLOBAL__N_116PhpCodeGeneratorE
---------------- d _ZTSN11flatbuffers12_GLOBAL__N_117DartCodeGeneratorE
---------------- d _ZTSN11flatbuffers12_GLOBAL__N_117JavaCodeGeneratorE
---------------- d _ZTSN11flatbuffers12_GLOBAL__N_117RustCodeGeneratorE
---------------- d _ZTSN11flatbuffers12_GLOBAL__N_117TextCodeGeneratorE
---------------- d _ZTSN11flatbuffers12_GLOBAL__N_118SwiftCodeGeneratorE
---------------- d _ZTSN11flatbuffers12_GLOBAL__N_119BinaryCodeGeneratorE
---------------- d _ZTSN11flatbuffers12_GLOBAL__N_119CSharpCodeGeneratorE
---------------- d _ZTSN11flatbuffers12_GLOBAL__N_119KotlinCodeGeneratorE
---------------- d _ZTSN11flatbuffers12_GLOBAL__N_119PythonCodeGeneratorE
---------------- d _ZTSN11flatbuffers12_GLOBAL__N_120LobsterCodeGeneratorE
---------------- d _ZTSN11flatbuffers12_GLOBAL__N_122KotlinKMPCodeGeneratorE
---------------- d _ZTSN11flatbuffers12_GLOBAL__N_123JsonSchemaCodeGeneratorE
---------------- W _ZTSN11flatbuffers13BaseGeneratorE
---------------- W _ZTSN11flatbuffers13CodeGeneratorE
---------------- D _ZTSN11flatbuffers13FileNameSaverE
---------------- W _ZTSN11flatbuffers13FlatBufMethodE
---------------- D _ZTSN11flatbuffers13RealFileSaverE
---------------- W _ZTSN11flatbuffers14FlatBufPrinterE
---------------- W _ZTSN11flatbuffers14FlatBufServiceE
---------------- W _ZTSN11flatbuffers15GoGRPCGeneratorE
---------------- W _ZTSN11flatbuffers15TSGRPCGeneratorE
---------------- W _ZTSN11flatbuffers17BaseBfbsGeneratorE
---------------- W _ZTSN11flatbuffers17JavaGRPCGeneratorE
---------------- W _ZTSN11flatbuffers18SwiftGRPCGeneratorE
---------------- W _ZTSN11flatbuffers22FloatConstantGeneratorE
---------------- D _ZTSN11flatbuffers27TypedFloatConstantGeneratorE
---------------- D _ZTSN11flatbuffers28SimpleFloatConstantGeneratorE
---------------- W _ZTSN11flatbuffers2go11GoGeneratorE
---------------- W _ZTSN11flatbuffers2ts11TsGeneratorE
---------------- W _ZTSN11flatbuffers3cpp12CppGeneratorE
---------------- W _ZTSN11flatbuffers3php12PhpGeneratorE
---------------- W _ZTSN11flatbuffers4dart13DartGeneratorE
---------------- W _ZTSN11flatbuffers4java13JavaGeneratorE
---------------- W _ZTSN11flatbuffers4rust13RustGeneratorE
---------------- W _ZTSN11flatbuffers5NamerE
---------------- W _ZTSN11flatbuffers5jsons19JsonSchemaGeneratorE
---------------- W _ZTSN11flatbuffers5swift14SwiftGeneratorE
---------------- W _ZTSN11flatbuffers6csharp15CSharpGeneratorE
---------------- W _ZTSN11flatbuffers6kotlin15KotlinGeneratorE
---------------- W _ZTSN11flatbuffers6kotlin18KotlinKMPGeneratorE
---------------- W _ZTSN11flatbuffers6python15PythonGeneratorE
---------------- W _ZTSN11flatbuffers7lobster16LobsterGeneratorE
---------------- W _ZTSN11flatbuffers8IdlNamerE
---------------- W _ZTSN11flatbuffers9BfbsNamerE
---------------- W _ZTSN11flatbuffers9FileSaverE
---------------- W _ZTSN14grpc_generator13CommentHolderE
---------------- W _ZTSN14grpc_generator4FileE
---------------- W _ZTSN14grpc_generator6MethodE
---------------- W _ZTSN14grpc_generator7PrinterE
---------------- W _ZTSN14grpc_generator7ServiceE
---------------- W _ZTSPFccE
---------------- W _ZTSPFviPNSt7__cxx1112basic_stringIcSt11char_traitsIcESaIcEEEPiE
---------------- W _ZTSSt11_Mutex_baseILN9__gnu_cxx12_Lock_policyE2EE
---------------- W _ZTSSt14default_deleteIN11flatbuffers13CodeGeneratorEE
---------------- W _ZTSSt16_Sp_counted_baseILN9__gnu_cxx12_Lock_policyE2EE
---------------- W _ZTSSt19_Sp_counted_deleterIPN11flatbuffers13CodeGeneratorESt14default_deleteIS1_ESaIvELN9__gnu_cxx12_Lock_policyE2EE
---------------- d _ZTSZN11flatbuffers12_GLOBAL__N_116LuaBfbsGenerator13GenerateEnumsEPKNS_6VectorINS_6OffsetIN10reflection4EnumEEEjEEEUlPKS5_E_
---------------- d _ZTSZN11flatbuffers12_GLOBAL__N_116LuaBfbsGenerator15GenerateObjectsEPKNS_6VectorINS_6OffsetIN10reflection6ObjectEEEjEEPKS5_EUlSB_E_
---------------- d _ZTSZN11flatbuffers12_GLOBAL__N_116NimBfbsGenerator12GenerateEnumEPKN10reflection4EnumEEUlPKNS2_7EnumValEE_
---------------- d _ZTSZN11flatbuffers12_GLOBAL__N_116NimBfbsGenerator14GenerateObjectEPKN10reflection6ObjectEEUlPKNS2_5FieldEE0_
---------------- d _ZTSZN11flatbuffers12_GLOBAL__N_116NimBfbsGenerator14GenerateObjectEPKN10reflection6ObjectEEUlPKNS2_5FieldEE_
---------------- d _ZTSZN11flatbuffers12_GLOBAL__N_116NimBfbsGenerator18GenerateFromSchemaEPKN10reflection6SchemaERKNS_14CodeGenOptionsEEUlPKNS2_4EnumEE_
---------------- d _ZTSZN11flatbuffers12_GLOBAL__N_116NimBfbsGenerator18GenerateFromSchemaEPKN10reflection6SchemaERKNS_14CodeGenOptionsEEUlPKNS2_6ObjectEE_
---------------- d _ZTSZN11flatbuffers15BinaryAnnotator11BuildStructEmRSt6vectorINS_12BinaryRegionESaIS2_EENSt7__cxx1112basic_stringIcSt11char_traitsIcESaIcEEEPKN10reflection6ObjectEE3$_1
---------------- d _ZTSZN11flatbuffers15BinaryAnnotator16GetOrBuildVTableEmPKN10reflection6ObjectEmE3$_0
---------------- W _ZTSZN11flatbuffers3cpp12CppGenerator11GenBuildersERKNS_9StructDefEEUlPKNS_8FieldDefEE_
---------------- W _ZTSZN11flatbuffers4rust13RustGenerator14GenTableObjectERKNS_9StructDefEEUlRKNS_8FieldDefEE0_
---------------- W _ZTSZN11flatbuffers4rust13RustGenerator14GenTableObjectERKNS_9StructDefEEUlRKNS_8FieldDefEE1_
---------------- W _ZTSZN11flatbuffers4rust13RustGenerator14GenTableObjectERKNS_9StructDefEEUlRKNS_8FieldDefEE2_
---------------- W _ZTSZN11flatbuffers4rust13RustGenerator14GenTableObjectERKNS_9StructDefEEUlRKNS_8FieldDefEE_
---------------- W _ZTSZN11flatbuffers4rust13RustGenerator14GenUnionObjectERKNS_7EnumDefEEUlvE0_
---------------- W _ZTSZN11flatbuffers4rust13RustGenerator14GenUnionObjectERKNS_7EnumDefEEUlvE1_
---------------- W _ZTSZN11flatbuffers4rust13RustGenerator14GenUnionObjectERKNS_7EnumDefEEUlvE2_
---------------- W _ZTSZN11flatbuffers4rust13RustGenerator14GenUnionObjectERKNS_7EnumDefEEUlvE_
---------------- W _ZTSZN11flatbuffers4rust13RustGenerator16ForAllEnumValuesERKNS_7EnumDefESt8functionIFvvEEEUlRKNS_7EnumValEE_
---------------- W _ZTSZN11flatbuffers4rust13RustGenerator23GenerateIndividualFilesEvEUlRKNS_7EnumDefEE_
---------------- W _ZTSZN11flatbuffers4rust13RustGenerator23GenerateIndividualFilesEvEUlRKNS_9StructDefEE_
---------------- W _ZTSZN11flatbuffers4rust13RustGenerator7GenEnumERKNS_7EnumDefEEUlRKNS_7EnumValEE0_
---------------- W _ZTSZN11flatbuffers4rust13RustGenerator7GenEnumERKNS_7EnumDefEEUlRKNS_7EnumValEE1_
---------------- W _ZTSZN11flatbuffers4rust13RustGenerator7GenEnumERKNS_7EnumDefEEUlRKNS_7EnumValEE_
---------------- W _ZTSZN11flatbuffers4rust13RustGenerator7GenEnumERKNS_7EnumDefEEUlvE0_
---------------- W _ZTSZN11flatbuffers4rust13RustGenerator7GenEnumERKNS_7EnumDefEEUlvE_
---------------- W _ZTSZN11flatbuffers4rust13RustGenerator8GenTableERKNS_9StructDefEEUlRKNS_8FieldDefEE0_
---------------- W _ZTSZN11flatbuffers4rust13RustGenerator8GenTableERKNS_9StructDefEEUlRKNS_8FieldDefEE10_
---------------- W _ZTSZN11flatbuffers4rust13RustGenerator8GenTableERKNS_9StructDefEEUlRKNS_8FieldDefEE11_
---------------- W _ZTSZN11flatbuffers4rust13RustGenerator8GenTableERKNS_9StructDefEEUlRKNS_8FieldDefEE1_
---------------- W _ZTSZN11flatbuffers4rust13RustGenerator8GenTableERKNS_9StructDefEEUlRKNS_8FieldDefEE2_
---------------- W _ZTSZN11flatbuffers4rust13RustGenerator8GenTableERKNS_9StructDefEEUlRKNS_8FieldDefEE3_
---------------- W _ZTSZN11flatbuffers4rust13RustGenerator8GenTableERKNS_9StructDefEEUlRKNS_8FieldDefEE4_
---------------- W _ZTSZN11flatbuffers4rust13RustGenerator8GenTableERKNS_9StructDefEEUlRKNS_8FieldDefEE5_
---------------- W _ZTSZN11flatbuffers4rust13RustGenerator8GenTableERKNS_9StructDefEEUlRKNS_8FieldDefEE6_
---------------- W _ZTSZN11flatbuffers4rust13RustGenerator8GenTableERKNS_9StructDefEEUlRKNS_8FieldDefEE7_
---------------- W _ZTSZN11flatbuffers4rust13RustGenerator8GenTableERKNS_9StructDefEEUlRKNS_8FieldDefEE8_
---------------- W _ZTSZN11flatbuffers4rust13RustGenerator8GenTableERKNS_9StructDefEEUlRKNS_8FieldDefEE9_
---------------- W _ZTSZN11flatbuffers4rust13RustGenerator8GenTableERKNS_9StructDefEEUlRKNS_8FieldDefEE_
---------------- W _ZTSZN11flatbuffers4rust13RustGenerator9GenStructERKNS_9StructDefEEUlRKNS_8FieldDefEE0_
---------------- W _ZTSZN11flatbuffers4rust13RustGenerator9GenStructERKNS_9StructDefEEUlRKNS_8FieldDefEE1_
---------------- W _ZTSZN11flatbuffers4rust13RustGenerator9GenStructERKNS_9StructDefEEUlRKNS_8FieldDefEE2_
---------------- W _ZTSZN11flatbuffers4rust13RustGenerator9GenStructERKNS_9StructDefEEUlRKNS_8FieldDefEE3_
---------------- W _ZTSZN11flatbuffers4rust13RustGenerator9GenStructERKNS_9StructDefEEUlRKNS_8FieldDefEE4_
---------------- W _ZTSZN11flatbuffers4rust13RustGenerator9GenStructERKNS_9StructDefEEUlRKNS_8FieldDefEE5_
---------------- W _ZTSZN11flatbuffers4rust13RustGenerator9GenStructERKNS_9StructDefEEUlRKNS_8FieldDefEE6_
---------------- W _ZTSZN11flatbuffers4rust13RustGenerator9GenStructERKNS_9StructDefEEUlRKNS_8FieldDefEE7_
---------------- W _ZTSZN11flatbuffers4rust13RustGenerator9GenStructERKNS_9StructDefEEUlRKNS_8FieldDefEE_
---------------- d _ZTSZN11flatbuffers6Parser27HasCircularStructDependencyEvE3$_0
---------------- d _ZTSZNK11flatbuffers12_GLOBAL__N_116LuaBfbsGenerator21GenerateDocumentationEPKNS_6VectorINS_6OffsetINS_6StringEEEjEENSt7__cxx1112basic_stringIcSt11char_traitsIcESaIcEEERSE_EUlPKS4_E_
---------------- d _ZTSZNK11flatbuffers12_GLOBAL__N_116LuaBfbsGenerator23AppendStructBuilderBodyEPKN10reflection6ObjectENSt7__cxx1112basic_stringIcSt11char_traitsIcESaIcEEEEUlPKNS2_5FieldEE_
---------------- d _ZTSZNK11flatbuffers12_GLOBAL__N_116LuaBfbsGenerator25GenerateStructBuilderArgsEPKN10reflection6ObjectENSt7__cxx1112basic_stringIcSt11char_traitsIcESaIcEEEEUlPKNS2_5FieldEE_
---------------- d _ZTSZNK11flatbuffers12_GLOBAL__N_116NimBfbsGenerator21GenerateDocumentationEPKNS_6VectorINS_6OffsetINS_6StringEEEjEENSt7__cxx1112basic_stringIcSt11char_traitsIcESaIcEEERSE_EUlPKS4_E_
---------------- d _ZTSZNK11flatbuffers12_GLOBAL__N_116NimBfbsGenerator23AppendStructBuilderBodyEPKN10reflection6ObjectENSt7__cxx1112basic_stringIcSt11char_traitsIcESaIcEEEEUlPKNS2_5FieldEE_
---------------- d _ZTSZNK11flatbuffers12_GLOBAL__N_116NimBfbsGenerator25GenerateStructBuilderArgsEPKN10reflection6ObjectENSt7__cxx1112basic_stringIcSt11char_traitsIcESaIcEEEEUlPKNS2_5FieldEE_
---------------- W _ZTSZNK11flatbuffers6kotlin15KotlinGenerator16GenerateAddFieldENSt7__cxx1112basic_stringIcSt11char_traitsIcESaIcEEERNS_8FieldDefERNS_10CodeWriterENS_10IDLOptionsEEUlvE_
---------------- W _ZTSZNK11flatbuffers6kotlin15KotlinGenerator19GenerateLookupByKeyEPNS_8FieldDefERNS_9StructDefERNS_10CodeWriterENS_10IDLOptionsEEUlvE_
---------------- W _ZTSZNK11flatbuffers6kotlin15KotlinGenerator20GenerateTableCreatorERNS_9StructDefERNS_10CodeWriterENS_10IDLOptionsEEUlvE_
---------------- W _ZTSZNK11flatbuffers6kotlin15KotlinGenerator21GenerateStructGettersERNS_9StructDefERNS_10CodeWriterEEUlvE0_
---------------- W _ZTSZNK11flatbuffers6kotlin15KotlinGenerator21GenerateStructGettersERNS_9StructDefERNS_10CodeWriterEEUlvE10_
---------------- W _ZTSZNK11flatbuffers6kotlin15KotlinGenerator21GenerateStructGettersERNS_9StructDefERNS_10CodeWriterEEUlvE11_
---------------- W _ZTSZNK11flatbuffers6kotlin15KotlinGenerator21GenerateStructGettersERNS_9StructDefERNS_10CodeWriterEEUlvE12_
---------------- W _ZTSZNK11flatbuffers6kotlin15KotlinGenerator21GenerateStructGettersERNS_9StructDefERNS_10CodeWriterEEUlvE13_
---------------- W _ZTSZNK11flatbuffers6kotlin15KotlinGenerator21GenerateStructGettersERNS_9StructDefERNS_10CodeWriterEEUlvE14_
---------------- W _ZTSZNK11flatbuffers6kotlin15KotlinGenerator21GenerateStructGettersERNS_9StructDefERNS_10CodeWriterEEUlvE15_
---------------- W _ZTSZNK11flatbuffers6kotlin15KotlinGenerator21GenerateStructGettersERNS_9StructDefERNS_10CodeWriterEEUlvE16_
---------------- W _ZTSZNK11flatbuffers6kotlin15KotlinGenerator21GenerateStructGettersERNS_9StructDefERNS_10CodeWriterEEUlvE1_
---------------- W _ZTSZNK11flatbuffers6kotlin15KotlinGenerator21GenerateStructGettersERNS_9StructDefERNS_10CodeWriterEEUlvE2_
---------------- W _ZTSZNK11flatbuffers6kotlin15KotlinGenerator21GenerateStructGettersERNS_9StructDefERNS_10CodeWriterEEUlvE3_
---------------- W _ZTSZNK11flatbuffers6kotlin15KotlinGenerator21GenerateStructGettersERNS_9StructDefERNS_10CodeWriterEEUlvE4_
---------------- W _ZTSZNK11flatbuffers6kotlin15KotlinGenerator21GenerateStructGettersERNS_9StructDefERNS_10CodeWriterEEUlvE5_
---------------- W _ZTSZNK11flatbuffers6kotlin15KotlinGenerator21GenerateStructGettersERNS_9StructDefERNS_10CodeWriterEEUlvE6_
---------------- W _ZTSZNK11flatbuffers6kotlin15KotlinGenerator21GenerateStructGettersERNS_9StructDefERNS_10CodeWriterEEUlvE7_
---------------- W _ZTSZNK11flatbuffers6kotlin15KotlinGenerator21GenerateStructGettersERNS_9StructDefERNS_10CodeWriterEEUlvE8_
---------------- W _ZTSZNK11flatbuffers6kotlin15KotlinGenerator21GenerateStructGettersERNS_9StructDefERNS_10CodeWriterEEUlvE9_
---------------- W _ZTSZNK11flatbuffers6kotlin15KotlinGenerator21GenerateStructGettersERNS_9StructDefERNS_10CodeWriterEEUlvE_
---------------- W _ZTSZNK11flatbuffers6kotlin15KotlinGenerator23GenerateEndStructMethodERNS_9StructDefERNS_10CodeWriterENS_10IDLOptionsEEUlvE_
---------------- W _ZTSZNK11flatbuffers6kotlin15KotlinGenerator24GenerateStartVectorFieldERNS_8FieldDefERNS_10CodeWriterENS_10IDLOptionsEEUlvE_
---------------- W _ZTSZNK11flatbuffers6kotlin15KotlinGenerator25GenerateCreateVectorFieldERNS_8FieldDefERNS_10CodeWriterENS_10IDLOptionsEEUlvE_
---------------- W _ZTSZNK11flatbuffers6kotlin15KotlinGenerator25GenerateStartStructMethodERNS_9StructDefERNS_10CodeWriterENS_10IDLOptionsEEUlvE_
---------------- W _ZTSZNK11flatbuffers6kotlin15KotlinGenerator25GenerateStaticConstructorERKNS_9StructDefERNS_10CodeWriterENS_10IDLOptionsEEUlvE_
---------------- W _ZTSZNK11flatbuffers6kotlin15KotlinGenerator26GenerateFinishSizePrefixedERNS_9StructDefERKNSt7__cxx1112basic_stringIcSt11char_traitsIcESaIcEEERNS_10CodeWriterENS_10IDLOptionsEEUlvE_
---------------- W _ZTSZNK11flatbuffers6kotlin15KotlinGenerator26GenerateFinishStructBufferERNS_9StructDefERKNSt7__cxx1112basic_stringIcSt11char_traitsIcESaIcEEERNS_10CodeWriterENS_10IDLOptionsEEUlvE_
---------------- W _ZTSZNK11flatbuffers6kotlin15KotlinGenerator27GenerateBufferHasIdentifierERNS_9StructDefERNS_10CodeWriterENS_10IDLOptionsEEUlvE_
---------------- W _ZTSZNK11flatbuffers6kotlin15KotlinGenerator7GenEnumERNS_7EnumDefERNS_10CodeWriterEEUlvE_
---------------- W _ZTSZNK11flatbuffers6kotlin15KotlinGenerator9GenStructERNS_9StructDefERNS_10CodeWriterENS_10IDLOptionsEEUlvE0_
---------------- W _ZTSZNK11flatbuffers6kotlin15KotlinGenerator9GenStructERNS_9StructDefERNS_10CodeWriterENS_10IDLOptionsEEUlvE1_
---------------- W _ZTSZNK11flatbuffers6kotlin15KotlinGenerator9GenStructERNS_9StructDefERNS_10CodeWriterENS_10IDLOptionsEEUlvE_
---------------- W _ZTSZNK11flatbuffers6kotlin18KotlinKMPGenerator16GenerateAddFieldENSt7__cxx1112basic_stringIcSt11char_traitsIcESaIcEEERNS_8FieldDefERNS_10CodeWriterENS_10IDLOptionsEEUlvE_
---------------- W _ZTSZNK11flatbuffers6kotlin18KotlinKMPGenerator19GenerateLookupByKeyEPNS_8FieldDefERNS_9StructDefERNS_10CodeWriterENS_10IDLOptionsEEUlvE_
---------------- W _ZTSZNK11flatbuffers6kotlin18KotlinKMPGenerator20GenerateTableCreatorERNS_9StructDefERNS_10CodeWriterENS_10IDLOptionsEEUlvE_
---------------- W _ZTSZNK11flatbuffers6kotlin18KotlinKMPGenerator21GenerateStructGettersERNS_9StructDefERNS_10CodeWriterEEUlvE0_
---------------- W _ZTSZNK11flatbuffers6kotlin18KotlinKMPGenerator21GenerateStructGettersERNS_9StructDefERNS_10CodeWriterEEUlvE10_
---------------- W _ZTSZNK11flatbuffers6kotlin18KotlinKMPGenerator21GenerateStructGettersERNS_9StructDefERNS_10CodeWriterEEUlvE11_
---------------- W _ZTSZNK11flatbuffers6kotlin18KotlinKMPGenerator21GenerateStructGettersERNS_9StructDefERNS_10CodeWriterEEUlvE12_
---------------- W _ZTSZNK11flatbuffers6kotlin18KotlinKMPGenerator21GenerateStructGettersERNS_9StructDefERNS_10CodeWriterEEUlvE13_
---------------- W _ZTSZNK11flatbuffers6kotlin18KotlinKMPGenerator21GenerateStructGettersERNS_9StructDefERNS_10CodeWriterEEUlvE14_
---------------- W _ZTSZNK11flatbuffers6kotlin18KotlinKMPGenerator21GenerateStructGettersERNS_9StructDefERNS_10CodeWriterEEUlvE1_
---------------- W _ZTSZNK11flatbuffers6kotlin18KotlinKMPGenerator21GenerateStructGettersERNS_9StructDefERNS_10CodeWriterEEUlvE2_
---------------- W _ZTSZNK11flatbuffers6kotlin18KotlinKMPGenerator21GenerateStructGettersERNS_9StructDefERNS_10CodeWriterEEUlvE3_
---------------- W _ZTSZNK11flatbuffers6kotlin18KotlinKMPGenerator21GenerateStructGettersERNS_9StructDefERNS_10CodeWriterEEUlvE4_
---------------- W _ZTSZNK11flatbuffers6kotlin18KotlinKMPGenerator21GenerateStructGettersERNS_9StructDefERNS_10CodeWriterEEUlvE5_
---------------- W _ZTSZNK11flatbuffers6kotlin18KotlinKMPGenerator21GenerateStructGettersERNS_9StructDefERNS_10CodeWriterEEUlvE6_
---------------- W _ZTSZNK11flatbuffers6kotlin18KotlinKMPGenerator21GenerateStructGettersERNS_9StructDefERNS_10CodeWriterEEUlvE7_
---------------- W _ZTSZNK11flatbuffers6kotlin18KotlinKMPGenerator21GenerateStructGettersERNS_9StructDefERNS_10CodeWriterEEUlvE8_
---------------- W _ZTSZNK11flatbuffers6kotlin18KotlinKMPGenerator21GenerateStructGettersERNS_9StructDefERNS_10CodeWriterEEUlvE9_
---------------- W _ZTSZNK11flatbuffers6kotlin18KotlinKMPGenerator21GenerateStructGettersERNS_9StructDefERNS_10CodeWriterEEUlvE_
---------------- W _ZTSZNK11flatbuffers6kotlin18KotlinKMPGenerator23GenerateEndStructMethodERNS_9StructDefERNS_10CodeWriterENS_10IDLOptionsEEUlvE_
---------------- W _ZTSZNK11flatbuffers6kotlin18KotlinKMPGenerator24GenerateStartVectorFieldERNS_8FieldDefERNS_10CodeWriterENS_10IDLOptionsEEUlvE_
---------------- W _ZTSZNK11flatbuffers6kotlin18KotlinKMPGenerator25GenerateCreateVectorFieldERNS_8FieldDefERNS_10CodeWriterENS_10IDLOptionsEEUlvE_
---------------- W _ZTSZNK11flatbuffers6kotlin18KotlinKMPGenerator25GenerateStartStructMethodERNS_9StructDefERNS_10CodeWriterENS_10IDLOptionsEEUlvE_
---------------- W _ZTSZNK11flatbuffers6kotlin18KotlinKMPGenerator25GenerateStaticConstructorERKNS_9StructDefERNS_10CodeWriterENS_10IDLOptionsEEUlvE_
---------------- W _ZTSZNK11flatbuffers6kotlin18KotlinKMPGenerator26GenerateFinishSizePrefixedERNS_9StructDefERKNSt7__cxx1112basic_stringIcSt11char_traitsIcESaIcEEERNS_10CodeWriterENS_10IDLOptionsEEUlvE_
---------------- W _ZTSZNK11flatbuffers6kotlin18KotlinKMPGenerator26GenerateFinishStructBufferERNS_9StructDefERKNSt7__cxx1112basic_stringIcSt11char_traitsIcESaIcEEERNS_10CodeWriterENS_10IDLOptionsEEUlvE_
---------------- W _ZTSZNK11flatbuffers6kotlin18KotlinKMPGenerator26GenerateGetRootAsAccessorsERKNSt7__cxx1112basic_stringIcSt11char_traitsIcESaIcEEERNS_10CodeWriterENS_10IDLOptionsEEUlvE0_
---------------- W _ZTSZNK11flatbuffers6kotlin18KotlinKMPGenerator26GenerateGetRootAsAccessorsERKNSt7__cxx1112basic_stringIcSt11char_traitsIcESaIcEEERNS_10CodeWriterENS_10IDLOptionsEEUlvE_
---------------- W _ZTSZNK11flatbuffers6kotlin18KotlinKMPGenerator27GenerateBufferHasIdentifierERNS_9StructDefERNS_10CodeWriterENS_10IDLOptionsEEUlvE_
---------------- W _ZTSZNK11flatbuffers6kotlin18KotlinKMPGenerator7GenEnumERNS_7EnumDefERNS_10CodeWriterEEUlvE_
---------------- W _ZTSZNK11flatbuffers6kotlin18KotlinKMPGenerator9GenStructERNS_9StructDefERNS_10CodeWriterENS_10IDLOptionsEEUlvE0_
---------------- W _ZTSZNK11flatbuffers6kotlin18KotlinKMPGenerator9GenStructERNS_9StructDefERNS_10CodeWriterENS_10IDLOptionsEEUlvE_
---------------- d _ZTSZZN11flatbuffers12_GLOBAL__N_116LuaBfbsGenerator13GenerateEnumsEPKNS_6VectorINS_6OffsetIN10reflection4EnumEEEjEEENKUlPKS5_E_clESB_EUlPKNS4_7EnumValEE_
---------------- d _ZTSZZN11flatbuffers12_GLOBAL__N_116LuaBfbsGenerator15GenerateObjectsEPKNS_6VectorINS_6OffsetIN10reflection6ObjectEEEjEEPKS5_ENKUlSB_E_clESB_EUlPKNS4_5FieldEE0_
---------------- d _ZTSZZN11flatbuffers12_GLOBAL__N_116LuaBfbsGenerator15GenerateObjectsEPKNS_6VectorINS_6OffsetIN10reflection6ObjectEEEjEEPKS5_ENKUlSB_E_clESB_EUlPKNS4_5FieldEE_
---------------- W _ZTSZZN11flatbuffers4rust13RustGenerator8GenTableERKNS_9StructDefEENKUlRKNS_8FieldDefEE11_clES7_EUlRKNS_7EnumValEE_
---------------- W _ZTSZZN11flatbuffers4rust13RustGenerator8GenTableERKNS_9StructDefEENKUlRKNS_8FieldDefEE1_clES7_EUlvE_
---------------- W _ZTSZZN11flatbuffers4rust13RustGenerator8GenTableERKNS_9StructDefEENKUlRKNS_8FieldDefEE4_clES7_EUlRKNS_7EnumValEE_
---------------- W _ZTSZZN11flatbuffers4rust13RustGenerator8GenTableERKNS_9StructDefEENKUlRKNS_8FieldDefEE5_clES7_EUlRKNS_7EnumValEE_
---------------- W _ZTSZZN11flatbuffers4rust13RustGenerator8GenTableERKNS_9StructDefEENKUlRKNS_8FieldDefEE8_clES7_EUlvE_
---------------- W _ZTSZZNK11flatbuffers6kotlin15KotlinGenerator21GenerateStructGettersERNS_9StructDefERNS_10CodeWriterEENKUlvE10_clEvEUlvE0_
---------------- W _ZTSZZNK11flatbuffers6kotlin15KotlinGenerator21GenerateStructGettersERNS_9StructDefERNS_10CodeWriterEENKUlvE10_clEvEUlvE_
---------------- W _ZTSZZNK11flatbuffers6kotlin15KotlinGenerator21GenerateStructGettersERNS_9StructDefERNS_10CodeWriterEENKUlvE14_clEvEUlvE0_
---------------- W _ZTSZZNK11flatbuffers6kotlin15KotlinGenerator21GenerateStructGettersERNS_9StructDefERNS_10CodeWriterEENKUlvE14_clEvEUlvE_
---------------- W _ZTSZZNK11flatbuffers6kotlin15KotlinGenerator21GenerateStructGettersERNS_9StructDefERNS_10CodeWriterEENKUlvE15_clEvEUlvE0_
---------------- W _ZTSZZNK11flatbuffers6kotlin15KotlinGenerator21GenerateStructGettersERNS_9StructDefERNS_10CodeWriterEENKUlvE15_clEvEUlvE_
---------------- W _ZTSZZNK11flatbuffers6kotlin15KotlinGenerator21GenerateStructGettersERNS_9StructDefERNS_10CodeWriterEENKUlvE4_clEvEUlvE0_
---------------- W _ZTSZZNK11flatbuffers6kotlin15KotlinGenerator21GenerateStructGettersERNS_9StructDefERNS_10CodeWriterEENKUlvE4_clEvEUlvE_
---------------- W _ZTSZZNK11flatbuffers6kotlin15KotlinGenerator21GenerateStructGettersERNS_9StructDefERNS_10CodeWriterEENKUlvE6_clEvEUlvE0_
---------------- W _ZTSZZNK11flatbuffers6kotlin15KotlinGenerator21GenerateStructGettersERNS_9StructDefERNS_10CodeWriterEENKUlvE6_clEvEUlvE_
---------------- W _ZTSZZNK11flatbuffers6kotlin15KotlinGenerator21GenerateStructGettersERNS_9StructDefERNS_10CodeWriterEENKUlvE9_clEvEUlvE0_
---------------- W _ZTSZZNK11flatbuffers6kotlin15KotlinGenerator21GenerateStructGettersERNS_9StructDefERNS_10CodeWriterEENKUlvE9_clEvEUlvE_
---------------- W _ZTSZZNK11flatbuffers6kotlin15KotlinGenerator7GenEnumERNS_7EnumDefERNS_10CodeWriterEENKUlvE_clEvEUlvE0_
---------------- W _ZTSZZNK11flatbuffers6kotlin15KotlinGenerator7GenEnumERNS_7EnumDefERNS_10CodeWriterEENKUlvE_clEvEUlvE_
---------------- W _ZTSZZNK11flatbuffers6kotlin15KotlinGenerator9GenStructERNS_9StructDefERNS_10CodeWriterENS_10IDLOptionsEENKUlvE1_clEvEUlvE_
---------------- W _ZTSZZNK11flatbuffers6kotlin18KotlinKMPGenerator7GenEnumERNS_7EnumDefERNS_10CodeWriterEENKUlvE_clEvEUlvE0_
---------------- W _ZTSZZNK11flatbuffers6kotlin18KotlinKMPGenerator7GenEnumERNS_7EnumDefERNS_10CodeWriterEENKUlvE_clEvEUlvE_
---------------- W _ZTSZZNK11flatbuffers6kotlin18KotlinKMPGenerator9GenStructERNS_9StructDefERNS_10CodeWriterENS_10IDLOptionsEENKUlvE0_clEvEUlvE_
                 U _ZTTNSt7__cxx1118basic_stringstreamIcSt11char_traitsIcESaIcEEE
                 U _ZTTNSt7__cxx1119basic_istringstreamIcSt11char_traitsIcESaIcEEE
                 U _ZTTNSt7__cxx1119basic_ostringstreamIcSt11char_traitsIcESaIcEEE
                 U _ZTTSt14basic_ifstreamIcSt11char_traitsIcEE
                 U _ZTTSt14basic_ofstreamIcSt11char_traitsIcEE
                 U _ZTVN10__cxxabiv117__class_type_infoE
                 U _ZTVN10__cxxabiv119__pointer_type_infoE
                 U _ZTVN10__cxxabiv120__function_type_infoE
                 U _ZTVN10__cxxabiv120__si_class_type_infoE
---------------- W _ZTVN11flatbuffers11FlatBufFileE
---------------- d _ZTVN11flatbuffers12_GLOBAL__N_115GoCodeGeneratorE
---------------- d _ZTVN11flatbuffers12_GLOBAL__N_115TsCodeGeneratorE
---------------- d _ZTVN11flatbuffers12_GLOBAL__N_116CppCodeGeneratorE
---------------- d _ZTVN11flatbuffers12_GLOBAL__N_116FBSCodeGeneratorE
---------------- d _ZTVN11flatbuffers12_GLOBAL__N_116LuaBfbsGeneratorE
---------------- d _ZTVN11flatbuffers12_GLOBAL__N_116NimBfbsGeneratorE
---------------- d _ZTVN11flatbuffers12_GLOBAL__N_116PhpCodeGeneratorE
---------------- d _ZTVN11flatbuffers12_GLOBAL__N_117DartCodeGeneratorE
---------------- d _ZTVN11flatbuffers12_GLOBAL__N_117JavaCodeGeneratorE
---------------- d _ZTVN11flatbuffers12_GLOBAL__N_117RustCodeGeneratorE
---------------- d _ZTVN11flatbuffers12_GLOBAL__N_117TextCodeGeneratorE
---------------- d _ZTVN11flatbuffers12_GLOBAL__N_118SwiftCodeGeneratorE
---------------- d _ZTVN11flatbuffers12_GLOBAL__N_119BinaryCodeGeneratorE
---------------- d _ZTVN11flatbuffers12_GLOBAL__N_119CSharpCodeGeneratorE
---------------- d _ZTVN11flatbuffers12_GLOBAL__N_119KotlinCodeGeneratorE
---------------- d _ZTVN11flatbuffers12_GLOBAL__N_119PythonCodeGeneratorE
---------------- d _ZTVN11flatbuffers12_GLOBAL__N_120LobsterCodeGeneratorE
---------------- d _ZTVN11flatbuffers12_GLOBAL__N_122KotlinKMPCodeGeneratorE
---------------- d _ZTVN11flatbuffers12_GLOBAL__N_123JsonSchemaCodeGeneratorE
---------------- W _ZTVN11flatbuffers13BaseGeneratorE
---------------- W _ZTVN11flatbuffers13CodeGeneratorE
---------------- D _ZTVN11flatbuffers13FileNameSaverE
---------------- W _ZTVN11flatbuffers13FlatBufMethodE
---------------- D _ZTVN11flatbuffers13RealFileSaverE
---------------- W _ZTVN11flatbuffers14FlatBufPrinterE
---------------- W _ZTVN11flatbuffers14FlatBufServiceE
---------------- W _ZTVN11flatbuffers15GoGRPCGeneratorE
---------------- W _ZTVN11flatbuffers15TSGRPCGeneratorE
---------------- W _ZTVN11flatbuffers17JavaGRPCGeneratorE
---------------- W _ZTVN11flatbuffers18SwiftGRPCGeneratorE
---------------- D _ZTVN11flatbuffers27TypedFloatConstantGeneratorE
---------------- D _ZTVN11flatbuffers28SimpleFloatConstantGeneratorE
---------------- W _ZTVN11flatbuffers2go11GoGeneratorE
---------------- W _ZTVN11flatbuffers2ts11TsGeneratorE
---------------- W _ZTVN11flatbuffers3cpp12CppGeneratorE
---------------- W _ZTVN11flatbuffers3php12PhpGeneratorE
---------------- W _ZTVN11flatbuffers4dart13DartGeneratorE
---------------- W _ZTVN11flatbuffers4java13JavaGeneratorE
---------------- W _ZTVN11flatbuffers4rust13RustGeneratorE
---------------- W _ZTVN11flatbuffers5NamerE
---------------- W _ZTVN11flatbuffers5jsons19JsonSchemaGeneratorE
---------------- W _ZTVN11flatbuffers5swift14SwiftGeneratorE
---------------- W _ZTVN11flatbuffers6csharp15CSharpGeneratorE
---------------- W _ZTVN11flatbuffers6kotlin15KotlinGeneratorE
---------------- W _ZTVN11flatbuffers6kotlin18KotlinKMPGeneratorE
---------------- W _ZTVN11flatbuffers6python15PythonGeneratorE
---------------- W _ZTVN11flatbuffers7lobster16LobsterGeneratorE
---------------- W _ZTVN11flatbuffers8IdlNamerE
---------------- W _ZTVN11flatbuffers9BfbsNamerE
                 U _ZTVNSt7__cxx1115basic_stringbufIcSt11char_traitsIcESaIcEEE
                 U _ZTVSt15basic_streambufIcSt11char_traitsIcEE
---------------- W _ZTVSt19_Sp_counted_deleterIPN11flatbuffers13CodeGeneratorESt14default_deleteIS1_ESaIvELN9__gnu_cxx12_Lock_policyE2EE
---------------- W _ZZN10reflection17EnumNamesBaseTypeEvE5names
---------------- W _ZZN11flatbuffers11GetTypeSizeEN10reflection8BaseTypeEE5sizes
---------------- d _ZZN11flatbuffers12_GLOBAL__N_113TokenToStringB5cxx11EiE6tokens
---------------- d _ZZN11flatbuffers12_GLOBAL__N_114HasFieldWithIdERKSt6vectorIPNS_8FieldDefESaIS3_EEE2IDB5cxx11
---------------- t _ZZN11flatbuffers12_GLOBAL__N_116LuaBfbsGenerator15GenerateObjectsEPKNS_6VectorINS_6OffsetIN10reflection6ObjectEEEjEEPKS5_ENKUlSB_E_clESB_
---------------- t _ZZN11flatbuffers12_GLOBAL__N_116NimBfbsGenerator14GenerateObjectEPKN10reflection6ObjectEENKUlPKNS2_5FieldEE_clES8_
---------------- d _ZZN11flatbuffers12_GLOBAL__N_118ExtractProtobufIdsERKSt6vectorIPNS_8FieldDefESaIS3_EEE2IDB5cxx11
---------------- d _ZZN11flatbuffers12_GLOBAL__N_121HasNonPositiveFieldIdERKSt6vectorIPNS_8FieldDefESaIS3_EEE2IDB5cxx11
---------------- d _ZZN11flatbuffers12_GLOBAL__N_121MapProtoIdsToFieldsIdERKNS_9StructDefENS_10IDLOptions16ProtoIdGapActionEbE8UNION_ID
---------------- d _ZZN11flatbuffers12_GLOBAL__N_125HasFieldIdFromReservedIdsERKSt6vectorIPNS_8FieldDefESaIS3_EERKS1_ItSaItEEE2IDB5cxx11
---------------- W _ZZN11flatbuffers19ElementaryTypeNamesEvE5names
---------------- W _ZZN11flatbuffers2go11GoGenerator12GenTypeBasicB5cxx11ERKNS_4TypeEE9ctypename
---------------- t _ZZN11flatbuffers2ts11TsGenerator16GenUnionConvFuncERKNS_4TypeERSt3mapINSt7__cxx1112basic_stringIcSt11char_traitsIcESaIcEEENS_12_GLOBAL__N_116ImportDefinitionESt4lessISB_ESaISt4pairIKSB_SD_EEEENKUlRSH_E_clESM_
---------------- W _ZZN11flatbuffers3cpp12CppGenerator11GenBuildersERKNS_9StructDefEENKUlPKNS_8FieldDefEE_clES7_
---------------- W _ZZN11flatbuffers3cpp12CppGeneratorC1ERKNS_6ParserERKNSt7__cxx1112basic_stringIcSt11char_traitsIcESaIcEEESC_NS0_13IDLOptionsCppEE8keywords
---------------- W _ZZN11flatbuffers3php12PhpGenerator12GenTypeBasicB5cxx11ERKNS_4TypeEE9ctypename
---------------- W _ZZN11flatbuffers4dataINS_6OffsetIN10reflection10SchemaFileEEESaIS4_EEEPT_RSt6vectorIS6_T0_EE1t
---------------- W _ZZN11flatbuffers4dataINS_6OffsetIN10reflection4EnumEEESaIS4_EEEPT_RSt6vectorIS6_T0_EE1t
---------------- W _ZZN11flatbuffers4dataINS_6OffsetIN10reflection5FieldEEESaIS4_EEEPT_RSt6vectorIS6_T0_EE1t
---------------- W _ZZN11flatbuffers4dataINS_6OffsetIN10reflection6ObjectEEESaIS4_EEEPT_RSt6vectorIS6_T0_EE1t
---------------- W _ZZN11flatbuffers4dataINS_6OffsetIN10reflection7EnumValEEESaIS4_EEEPKT_RKSt6vectorIS6_T0_EE1t
---------------- W _ZZN11flatbuffers4dataINS_6OffsetIN10reflection7RPCCallEEESaIS4_EEEPKT_RKSt6vectorIS6_T0_EE1t
---------------- W _ZZN11flatbuffers4dataINS_6OffsetIN10reflection7ServiceEEESaIS4_EEEPT_RSt6vectorIS6_T0_EE1t
---------------- W _ZZN11flatbuffers4dataINS_6OffsetIN10reflection8KeyValueEEESaIS4_EEEPT_RSt6vectorIS6_T0_EE1t
---------------- W _ZZN11flatbuffers4dataINS_6OffsetINS_6StringEEESaIS3_EEEPKT_RKSt6vectorIS5_T0_EE1t
---------------- W _ZZN11flatbuffers4dataINS_6OffsetIPKNS_5TableEEESaIS5_EEEPKT_RKSt6vectorIS7_T0_EE1t
---------------- W _ZZN11flatbuffers4dataINS_6OffsetIPKNS_6StringEEESaIS5_EEEPKT_RKSt6vectorIS7_T0_EE1t
---------------- W _ZZN11flatbuffers4dataIhSaIhEEEPKT_RKSt6vectorIS2_T0_EE1t
---------------- W _ZZN11flatbuffers4dataIhSaIhEEEPT_RSt6vectorIS2_T0_EE1t
---------------- W _ZZN11flatbuffers4rust13RustGenerator10FollowTypeERKNS_4TypeERKNSt7__cxx1112basic_stringIcSt11char_traitsIcESaIcEEEENKUlSA_E0_clB5cxx11ESA_
---------------- W _ZZN11flatbuffers4rust13RustGenerator10FollowTypeERKNS_4TypeERKNSt7__cxx1112basic_stringIcSt11char_traitsIcESaIcEEEENKUlSA_tE_clB5cxx11ESA_t
---------------- W _ZZN11flatbuffers4rust13RustGenerator14GenTableObjectERKNS_9StructDefEENKUlRKNS_8FieldDefEE0_clES7_
---------------- W _ZZN11flatbuffers4rust13RustGenerator14GenTableObjectERKNS_9StructDefEENKUlRKNS_8FieldDefEE1_clES7_
---------------- W _ZZN11flatbuffers4rust13RustGenerator14GenUnionObjectERKNS_7EnumDefEENKUlvE1_clEv
---------------- W _ZZN11flatbuffers4rust13RustGenerator14GenUnionObjectERKNS_7EnumDefEENKUlvE2_clEv
---------------- W _ZZN11flatbuffers4rust13RustGenerator17ForAllTableFieldsERKNS_9StructDefESt8functionIFvRKNS_8FieldDefEEEbENKUlS8_E_clES8_
---------------- W _ZZN11flatbuffers4rust13RustGenerator18GetEnumTypeForDeclB5cxx11ERKNS_4TypeEE9ctypename
---------------- W _ZZN11flatbuffers4rust13RustGenerator24TableBuilderArgsDefnTypeERKNS_8FieldDefERKNSt7__cxx1112basic_stringIcSt11char_traitsIcESaIcEEEENKUlSA_E0_clB5cxx11ESA_
---------------- W _ZZN11flatbuffers4rust13RustGenerator24TableBuilderArgsDefnTypeERKNS_8FieldDefERKNSt7__cxx1112basic_stringIcSt11char_traitsIcESaIcEEEENKUlSA_E1_clB5cxx11ESA_
---------------- W _ZZN11flatbuffers4rust13RustGenerator24TableBuilderArgsDefnTypeERKNS_8FieldDefERKNSt7__cxx1112basic_stringIcSt11char_traitsIcESaIcEEEENKUlSA_E_clB5cxx11ESA_
---------------- W _ZZN11flatbuffers4rust13RustGenerator30GenTableAccessorFuncReturnTypeERKNS_8FieldDefERKNSt7__cxx1112basic_stringIcSt11char_traitsIcESaIcEEEENKUlSA_E_clB5cxx11ESA_
---------------- W _ZZN11flatbuffers4rust13RustGenerator7GenEnumERKNS_7EnumDefEENKUlRKNS_7EnumValEE0_clES7_
---------------- W _ZZN11flatbuffers4rust13RustGenerator8GenTableERKNS_9StructDefEENKUlRKNS_8FieldDefEE0_clES7_
---------------- W _ZZN11flatbuffers4rust13RustGenerator8GenTableERKNS_9StructDefEENKUlRKNS_8FieldDefEE11_clES7_
---------------- W _ZZN11flatbuffers4rust13RustGenerator8GenTableERKNS_9StructDefEENKUlRKNS_8FieldDefEE1_clES7_
---------------- W _ZZN11flatbuffers4rust13RustGenerator8GenTableERKNS_9StructDefEENKUlRKNS_8FieldDefEE3_clES7_
---------------- W _ZZN11flatbuffers4rust13RustGenerator8GenTableERKNS_9StructDefEENKUlRKNS_8FieldDefEE5_clES7_
---------------- W _ZZN11flatbuffers4rust13RustGenerator8GenTableERKNS_9StructDefEENKUlRKNS_8FieldDefEE6_clES7_
---------------- W _ZZN11flatbuffers4rust13RustGenerator8GenTableERKNS_9StructDefEENKUlRKNS_8FieldDefEE7_clES7_
---------------- W _ZZN11flatbuffers4rust13RustGenerator8GenTableERKNS_9StructDefEENKUlRKNS_8FieldDefEE8_clES7_
---------------- W _ZZN11flatbuffers4rust13RustGenerator8GenTableERKNS_9StructDefEENKUlRKNS_8FieldDefEE9_clES7_
---------------- W _ZZN11flatbuffers4rust13RustGenerator9GenStructERKNS_9StructDefEENKUlRKNS_8FieldDefEE3_clES7_
---------------- W _ZZN11flatbuffers4rust13RustGenerator9GenStructERKNS_9StructDefEENKUlRKNS_8FieldDefEE4_clES7_
---------------- W _ZZN11flatbuffers4rust13RustGenerator9GenStructERKNS_9StructDefEENKUlRKNS_8FieldDefEE6_clES7_
---------------- W _ZZN11flatbuffers4rust13RustGenerator9GenStructERKNS_9StructDefEENKUlRKNS_8FieldDefEE7_clES7_
---------------- t _ZZN11flatbuffers6Parser10ParseFieldERNS_9StructDefEENK3$_1clEPKNS_8FieldDefERKNS_4TypeERKNSt7__cxx1112basic_stringIcSt11char_traitsIcESaIcEEESH_
---------------- d _ZZN11flatbuffers6Parser22ParseTypeFromProtoTypeEPNS_4TypeEE6lookup
---------------- d _ZZN11flatbuffers6Parser7DoParseEPKcPS2_S2_S2_E17current_directory
---------------- W _ZZN11flatbuffers6csharp15CSharpGeneratorC1ERKNS_6ParserERKNSt7__cxx1112basic_stringIcSt11char_traitsIcESaIcEEESC_E8keywords
---------------- W _ZZN11flatbuffers6kotlin15KotlinGenerator12GenTypeBasicB5cxx11ERKNS_8BaseTypeEE15kotlin_typename
---------------- W _ZZN11flatbuffers7lobster16LobsterGenerator12GenTypeBasicB5cxx11ERKNS_4TypeEE9ctypename
---------------- W _ZZN11flatbuffers7lobster16LobsterGeneratorC1ERKNS_6ParserERKNSt7__cxx1112basic_stringIcSt11char_traitsIcESaIcEEESC_E8keywords
---------------- t _ZZN11flatbuffersL26GenerateRustModuleRootFileERKNS_6ParserERKNSt7__cxx1112basic_stringIcSt11char_traitsIcESaIcEEEEN6Module15GenerateImportsERNS_10CodeWriterE
---------------- t _ZZN11flatbuffersL26GenerateRustModuleRootFileERKNS_6ParserERKNSt7__cxx1112basic_stringIcSt11char_traitsIcESaIcEEEEN6Module6InsertERKNS_5NamerEPKNS_10DefinitionE
---------------- W _ZZN11flexbuffers11TypedVector16EmptyTypedVectorEvE18empty_typed_vector
---------------- W _ZZN11flexbuffers16FixedTypedVector21EmptyFixedTypedVectorEvE18fixed_empty_vector
---------------- W _ZZN11flexbuffers3Map8EmptyMapEvE9empty_map
---------------- W _ZZN11flexbuffers4Blob9EmptyBlobEvE10empty_blob
---------------- W _ZZN11flexbuffers6String11EmptyStringEvE12empty_string
---------------- d _ZZN18grpc_cpp_generator12_GLOBAL__N_118FilenameIdentifierERKNSt7__cxx1112basic_stringIcSt11char_traitsIcESaIcEEEE3hex
---------------- t _ZZN18grpc_cpp_generator12_GLOBAL__N_123PrintHeaderClientMethodEPN14grpc_generator7PrinterEPKNS1_6MethodEPSt3mapINSt7__cxx1112basic_stringIcSt11char_traitsIcESaIcEEESD_St4lessISD_ESaISt4pairIKSD_SD_EEEbEN3$_1D2Ev
---------------- t _ZZN18grpc_cpp_generator12_GLOBAL__N_133PrintHeaderClientMethodInterfacesEPN14grpc_generator7PrinterEPKNS1_6MethodEPSt3mapINSt7__cxx1112basic_stringIcSt11char_traitsIcESaIcEEESD_St4lessISD_ESaISt4pairIKSD_SD_EEEbEN3$_0D2Ev
---------------- d _ZZN18grpc_cpp_generator15GetMockIncludesB5cxx11EPN14grpc_generator4FileERKNS_10ParametersEE12headers_strs
---------------- d _ZZN18grpc_cpp_generator17GetHeaderIncludesB5cxx11EPN14grpc_generator4FileERKNS_10ParametersEE12headers_strs
---------------- d _ZZN18grpc_cpp_generator17GetSourceIncludesB5cxx11EPN14grpc_generator4FileERKNS_10ParametersEE12headers_strs
---------------- W _ZZNK11flatbuffers3cpp12CppGenerator4NameB5cxx11ERKNS_8FieldDefEE16union_suffix_len
---------------- W _ZZNK11flatbuffers4java13JavaGenerator12GenTypeBasicB5cxx11ERKNS_4TypeEE13java_typename
---------------- W _ZZNK11flatbuffers4rust13RustGenerator12GetTypeBasicB5cxx11ERKNS_4TypeEE9ctypename
---------------- W _ZZNK11flatbuffers5swift14SwiftGenerator12GenTypeBasicB5cxx11ERKNS_4TypeEbE10swift_type
---------------- W _ZZNK11flatbuffers6csharp15CSharpGenerator12GenTypeBasicB5cxx11ERKNS_4TypeEbE15csharp_typename
---------------- W _ZZNK11flatbuffers6csharp15CSharpGenerator14GenUnionVerifyB5cxx11ERKNS_4TypeEENKUlvE_clEv
---------------- W _ZZNK11flatbuffers6kotlin15KotlinGenerator16GenerateAddFieldENSt7__cxx1112basic_stringIcSt11char_traitsIcESaIcEEERNS_8FieldDefERNS_10CodeWriterENS_10IDLOptionsEENKUlvE_clEv
---------------- W _ZZNK11flatbuffers6kotlin15KotlinGenerator19GenerateLookupByKeyEPNS_8FieldDefERNS_9StructDefERNS_10CodeWriterENS_10IDLOptionsEENKUlvE_clEv
---------------- W _ZZNK11flatbuffers6kotlin15KotlinGenerator20GenerateTableCreatorERNS_9StructDefERNS_10CodeWriterENS_10IDLOptionsEENKUlvE_clEv
---------------- W _ZZNK11flatbuffers6kotlin15KotlinGenerator21GenerateStructGettersERNS_9StructDefERNS_10CodeWriterEENKUlvE10_clEv
---------------- W _ZZNK11flatbuffers6kotlin15KotlinGenerator21GenerateStructGettersERNS_9StructDefERNS_10CodeWriterEENKUlvE11_clEv
---------------- W _ZZNK11flatbuffers6kotlin15KotlinGenerator21GenerateStructGettersERNS_9StructDefERNS_10CodeWriterEENKUlvE12_clEv
---------------- W _ZZNK11flatbuffers6kotlin15KotlinGenerator21GenerateStructGettersERNS_9StructDefERNS_10CodeWriterEENKUlvE13_clEv
---------------- W _ZZNK11flatbuffers6kotlin15KotlinGenerator21GenerateStructGettersERNS_9StructDefERNS_10CodeWriterEENKUlvE14_clEv
---------------- W _ZZNK11flatbuffers6kotlin15KotlinGenerator21GenerateStructGettersERNS_9StructDefERNS_10CodeWriterEENKUlvE15_clEv
---------------- W _ZZNK11flatbuffers6kotlin15KotlinGenerator21GenerateStructGettersERNS_9StructDefERNS_10CodeWriterEENKUlvE16_clEv
---------------- W _ZZNK11flatbuffers6kotlin15KotlinGenerator21GenerateStructGettersERNS_9StructDefERNS_10CodeWriterEENKUlvE2_clEv
---------------- W _ZZNK11flatbuffers6kotlin15KotlinGenerator21GenerateStructGettersERNS_9StructDefERNS_10CodeWriterEENKUlvE4_clEv
---------------- W _ZZNK11flatbuffers6kotlin15KotlinGenerator21GenerateStructGettersERNS_9StructDefERNS_10CodeWriterEENKUlvE5_clEv
---------------- W _ZZNK11flatbuffers6kotlin15KotlinGenerator21GenerateStructGettersERNS_9StructDefERNS_10CodeWriterEENKUlvE6_clEv
---------------- W _ZZNK11flatbuffers6kotlin15KotlinGenerator21GenerateStructGettersERNS_9StructDefERNS_10CodeWriterEENKUlvE7_clEv
---------------- W _ZZNK11flatbuffers6kotlin15KotlinGenerator21GenerateStructGettersERNS_9StructDefERNS_10CodeWriterEENKUlvE8_clEv
---------------- W _ZZNK11flatbuffers6kotlin15KotlinGenerator21GenerateStructGettersERNS_9StructDefERNS_10CodeWriterEENKUlvE9_clEv
---------------- W _ZZNK11flatbuffers6kotlin15KotlinGenerator23GenerateEndStructMethodERNS_9StructDefERNS_10CodeWriterENS_10IDLOptionsEENKUlvE_clEv
---------------- W _ZZNK11flatbuffers6kotlin15KotlinGenerator25GenerateCreateVectorFieldERNS_8FieldDefERNS_10CodeWriterENS_10IDLOptionsEENKUlvE_clEv
---------------- W _ZZNK11flatbuffers6kotlin15KotlinGenerator25GenerateStartStructMethodERNS_9StructDefERNS_10CodeWriterENS_10IDLOptionsEENKUlvE_clEv
---------------- W _ZZNK11flatbuffers6kotlin15KotlinGenerator26GenerateFinishSizePrefixedERNS_9StructDefERKNSt7__cxx1112basic_stringIcSt11char_traitsIcESaIcEEERNS_10CodeWriterENS_10IDLOptionsEENKUlvE_clEv
---------------- W _ZZNK11flatbuffers6kotlin15KotlinGenerator26GenerateFinishStructBufferERNS_9StructDefERKNSt7__cxx1112basic_stringIcSt11char_traitsIcESaIcEEERNS_10CodeWriterENS_10IDLOptionsEENKUlvE_clEv
---------------- W _ZZNK11flatbuffers6kotlin15KotlinGenerator27GenerateBufferHasIdentifierERNS_9StructDefERNS_10CodeWriterENS_10IDLOptionsEENKUlvE_clEv
---------------- W _ZZNK11flatbuffers6kotlin15KotlinGenerator7GenEnumERNS_7EnumDefERNS_10CodeWriterEENKUlvE_clEv
---------------- W _ZZNK11flatbuffers6kotlin15KotlinGenerator9GenStructERNS_9StructDefERNS_10CodeWriterENS_10IDLOptionsEENKUlvE1_clEv
---------------- W _ZZNK11flatbuffers6kotlin18KotlinKMPGenerator16GenerateAddFieldENSt7__cxx1112basic_stringIcSt11char_traitsIcESaIcEEERNS_8FieldDefERNS_10CodeWriterENS_10IDLOptionsEENKUlvE_clEv
---------------- W _ZZNK11flatbuffers6kotlin18KotlinKMPGenerator19GenerateLookupByKeyEPNS_8FieldDefERNS_9StructDefERNS_10CodeWriterENS_10IDLOptionsEENKUlvE_clEv
---------------- W _ZZNK11flatbuffers6kotlin18KotlinKMPGenerator20GenerateTableCreatorERNS_9StructDefERNS_10CodeWriterENS_10IDLOptionsEENKUlvE_clEv
---------------- W _ZZNK11flatbuffers6kotlin18KotlinKMPGenerator21GenerateStructGettersERNS_9StructDefERNS_10CodeWriterEENKUlvE10_clEv
---------------- W _ZZNK11flatbuffers6kotlin18KotlinKMPGenerator21GenerateStructGettersERNS_9StructDefERNS_10CodeWriterEENKUlvE11_clEv
---------------- W _ZZNK11flatbuffers6kotlin18KotlinKMPGenerator21GenerateStructGettersERNS_9StructDefERNS_10CodeWriterEENKUlvE12_clEv
---------------- W _ZZNK11flatbuffers6kotlin18KotlinKMPGenerator21GenerateStructGettersERNS_9StructDefERNS_10CodeWriterEENKUlvE13_clEv
---------------- W _ZZNK11flatbuffers6kotlin18KotlinKMPGenerator21GenerateStructGettersERNS_9StructDefERNS_10CodeWriterEENKUlvE14_clEv
---------------- W _ZZNK11flatbuffers6kotlin18KotlinKMPGenerator21GenerateStructGettersERNS_9StructDefERNS_10CodeWriterEENKUlvE1_clEv
---------------- W _ZZNK11flatbuffers6kotlin18KotlinKMPGenerator21GenerateStructGettersERNS_9StructDefERNS_10CodeWriterEENKUlvE2_clEv
---------------- W _ZZNK11flatbuffers6kotlin18KotlinKMPGenerator21GenerateStructGettersERNS_9StructDefERNS_10CodeWriterEENKUlvE4_clEv
---------------- W _ZZNK11flatbuffers6kotlin18KotlinKMPGenerator21GenerateStructGettersERNS_9StructDefERNS_10CodeWriterEENKUlvE5_clEv
---------------- W _ZZNK11flatbuffers6kotlin18KotlinKMPGenerator21GenerateStructGettersERNS_9StructDefERNS_10CodeWriterEENKUlvE6_clEv
---------------- W _ZZNK11flatbuffers6kotlin18KotlinKMPGenerator21GenerateStructGettersERNS_9StructDefERNS_10CodeWriterEENKUlvE7_clEv
---------------- W _ZZNK11flatbuffers6kotlin18KotlinKMPGenerator21GenerateStructGettersERNS_9StructDefERNS_10CodeWriterEENKUlvE8_clEv
---------------- W _ZZNK11flatbuffers6kotlin18KotlinKMPGenerator21GenerateStructGettersERNS_9StructDefERNS_10CodeWriterEENKUlvE9_clEv
---------------- W _ZZNK11flatbuffers6kotlin18KotlinKMPGenerator23GenerateEndStructMethodERNS_9StructDefERNS_10CodeWriterENS_10IDLOptionsEENKUlvE_clEv
---------------- W _ZZNK11flatbuffers6kotlin18KotlinKMPGenerator25GenerateCreateVectorFieldERNS_8FieldDefERNS_10CodeWriterENS_10IDLOptionsEENKUlvE_clEv
---------------- W _ZZNK11flatbuffers6kotlin18KotlinKMPGenerator25GenerateStartStructMethodERNS_9StructDefERNS_10CodeWriterENS_10IDLOptionsEENKUlvE_clEv
---------------- W _ZZNK11flatbuffers6kotlin18KotlinKMPGenerator26GenerateFinishSizePrefixedERNS_9StructDefERKNSt7__cxx1112basic_stringIcSt11char_traitsIcESaIcEEERNS_10CodeWriterENS_10IDLOptionsEENKUlvE_clEv
---------------- W _ZZNK11flatbuffers6kotlin18KotlinKMPGenerator26GenerateFinishStructBufferERNS_9StructDefERKNSt7__cxx1112basic_stringIcSt11char_traitsIcESaIcEEERNS_10CodeWriterENS_10IDLOptionsEENKUlvE_clEv
---------------- W _ZZNK11flatbuffers6kotlin18KotlinKMPGenerator27GenerateBufferHasIdentifierERNS_9StructDefERNS_10CodeWriterENS_10IDLOptionsEENKUlvE_clEv
---------------- W _ZZNK11flatbuffers6kotlin18KotlinKMPGenerator7GenEnumERNS_7EnumDefERNS_10CodeWriterEENKUlvE_clEv
---------------- W _ZZNK11flatbuffers6kotlin18KotlinKMPGenerator9GenStructERNS_9StructDefERNS_10CodeWriterENS_10IDLOptionsEENKUlvE0_clEv
---------------- W _ZZNK11flatbuffers6python15PythonGenerator12GenTypeBasicB5cxx11ERKNS_4TypeEE9ctypename
---------------- W _ZZNSt8__detail18__to_chars_10_implIjEEvPcjT_E8__digits
---------------- W _ZZNSt8__detail18__to_chars_10_implImEEvPcjT_E8__digits
---------------- W _ZZNSt8__detail18__to_chars_10_implIyEEvPcjT_E8__digits
---------------- t _ZZZN11flatbuffers12_GLOBAL__N_116LuaBfbsGenerator15GenerateObjectsEPKNS_6VectorINS_6OffsetIN10reflection6ObjectEEEjEEPKS5_ENKUlSB_E_clESB_ENKUlPKNS4_5FieldEE_clESF_
---------------- W _ZZZN11flatbuffers4rust13RustGenerator8GenTableERKNS_9StructDefEENKUlRKNS_8FieldDefEE11_clES7_ENKUlRKNS_7EnumValEE_clESB_
---------------- W _ZZZN11flatbuffers4rust13RustGenerator8GenTableERKNS_9StructDefEENKUlRKNS_8FieldDefEE1_clES7_ENKUlvE_clEv
---------------- W _ZZZN11flatbuffers4rust13RustGenerator8GenTableERKNS_9StructDefEENKUlRKNS_8FieldDefEE4_clES7_ENKUlRKNS_7EnumValEE_clESB_
---------------- W _ZZZN11flatbuffers4rust13RustGenerator8GenTableERKNS_9StructDefEENKUlRKNS_8FieldDefEE8_clES7_ENKUlvE_clEv
---------------- W _ZZZNK11flatbuffers6kotlin15KotlinGenerator21GenerateStructGettersERNS_9StructDefERNS_10CodeWriterEENKUlvE15_clEvENKUlvE_clEv
---------------- W _ZZZNK11flatbuffers6kotlin15KotlinGenerator21GenerateStructGettersERNS_9StructDefERNS_10CodeWriterEENKUlvE4_clEvENKUlvE0_clEv
---------------- W _ZZZNK11flatbuffers6kotlin15KotlinGenerator21GenerateStructGettersERNS_9StructDefERNS_10CodeWriterEENKUlvE6_clEvENKUlvE_clEv
---------------- W _ZZZNK11flatbuffers6kotlin15KotlinGenerator7GenEnumERNS_7EnumDefERNS_10CodeWriterEENKUlvE_clEvENKUlvE0_clEv
---------------- W _ZZZNK11flatbuffers6kotlin15KotlinGenerator7GenEnumERNS_7EnumDefERNS_10CodeWriterEENKUlvE_clEvENKUlvE_clEv
---------------- W _ZZZNK11flatbuffers6kotlin18KotlinKMPGenerator7GenEnumERNS_7EnumDefERNS_10CodeWriterEENKUlvE_clEvENKUlvE0_clEv
---------------- W _ZZZNK11flatbuffers6kotlin18KotlinKMPGenerator7GenEnumERNS_7EnumDefERNS_10CodeWriterEENKUlvE_clEvENKUlvE_clEv
                 U _ZdaPv
                 U _ZdlPv
                 U _Znam
                 U _Znwm
                 U _ZnwmRKSt9nothrow_t
                 U __assert_fail
---------------- W __clang_call_terminate
                 U __cxa_atexit
                 U __cxa_begin_catch
                 U __cxa_end_catch
                 U __cxa_guard_abort
                 U __cxa_guard_acquire
                 U __cxa_guard_release
                 U __cxa_pure_virtual
                 U __cxa_rethrow
---------------- t __cxx_global_array_dtor
---------------- t __cxx_global_var_init
                 U __dso_handle
                 U __errno_location
                 U __gxx_personality_v0
                 U __libc_single_threaded
                 U abort
                 U acos
                 U asin
                 U atan
                 U bcmp
                 U cos
                 U exit
                 U fprintf
                 U free
                 U freelocale
                 U fwrite
                 U getenv
                 U isalnum
                 U isalpha
                 U islower
                 U isprint
                 U isspace
                 U isupper
---------------- T main
                 U memcmp
                 U mkdir
                 U newlocale
                 U printf
                 U puts
                 U realpath
                 U setlocale
                 U sin
                 U stat
                 U stderr
                 U strchr
                 U strcmp
                 U strlen
                 U strncmp
                 U strpbrk
                 U strtod_l
                 U strtof_l
                 U strtol
                 U strtoll_l
                 U strtoull_l
                 U tan
                 U tolower
                 U toupper
                 U vsnprintf
